site,tree_id,scientific_name,family_name,utm_easting,utm_northing,type,dbh_2013,dead_2013,hcom_2013,htot_2013,date_2013,dbh_2018,htot_2018,dead_2018,date_2018,plot_id,htot_feldpausch,htot_estimated,htot_estimation_method,dbh_incr_cm_yr,dbh_incr_source,gap_anos,dbh_lidar,htot_estimated_gap,dbh_used,dead_used,type_used,htot_used,htot_source,dbh_used_gap,htot_used_gap,rho_w_m3,iagc_m1_kgC,iagc_m2_kgC,iagc_m3_kgC,iagc_m1_kgC_gap,iagc_m2_kgC_gap,iagc_m3_kgC_gap,quadra_id
AND_A01,1,,,296471.6252,9718217.154,O,13.0,True,,7.9,20130822.0,,,True,20180321,1,,7.9,measured,0.36,site_median,0.0,,7.9,13.0,True,O,7.9,measured,13.0,7.9,0.633,22.9595,18.4589,18.4589,22.9595,18.4589,18.4589,
AND_A01,2,,,296474.207,9718214.32,O,21.0,True,,6.0,20130822.0,,,True,20180321,1,,6.0,measured,0.36,site_median,0.0,,6.0,21.0,True,O,6.0,measured,21.0,6.0,0.633,44.7619,38.4615,38.4615,44.7619,38.4615,38.4615,
AND_A01,3,Guatteria schomburgkiana,Annonaceae,296475.731,9718211.616,O,11.6,False,3.17,5.45,20130822.0,,,True,20180321,1,,5.45,measured,0.36,site_median,0.0,,5.45,11.6,False,O,5.45,measured,11.6,5.45,0.6,12.794,12.794,12.794,12.794,12.794,12.794,
AND_A01,4,Eperua bijuga,Fabaceae,296473.7785,9718209.724,O,142.0,False,6.21,10.56,20130822.0,,,True,20180321,1,,10.56,measured,0.36,site_median,0.0,,10.56,142.0,False,O,10.56,measured,142.0,10.56,0.729,3242.0785,3242.0785,3920.7574,3242.0785,3242.0785,3920.7574,
AND_A01,5,,,296478.0885,9718208.032,O,15.3,True,,7.16,20130822.0,,,True,20180321,1,,7.16,measured,0.36,site_median,0.0,,7.16,15.3,True,O,7.16,measured,15.3,7.16,0.633,28.6664,23.5918,23.5918,28.6664,23.5918,23.5918,
AND_A01,6,Lecythis idatimon,Lecythidaceae,296481.0013,9718202.683,O,41.5,False,16.49,26.11,20130822.0,,,True,20180321,1,,26.11,measured,0.36,site_median,0.0,,26.11,41.5,False,O,26.11,measured,41.5,26.11,0.7986,710.7127,710.7127,939.4565,710.7127,710.7127,939.4565,
AND_A01,7,Euterpe oleracea,Arecaceae,296481.084,9718202.495,P,11.6,False,,5.22,20130822.0,,,True,20180321,1,,5.22,measured,0.36,site_median,0.0,,5.22,11.6,False,P,5.22,measured,11.6,5.22,0.3877,12.2667,15.9231,15.9231,12.2667,15.9231,15.9231,
AND_A01,8,Vismia guianensis,Clusiaceae,296477.6213,9718200.98,O,10.6,False,3.71,7.5,20130822.0,,,True,20180321,1,,7.5,measured,0.36,site_median,0.0,,7.5,10.6,False,O,7.5,measured,10.6,7.5,0.475,14.6527,14.6527,11.6653,14.6527,14.6527,11.6653,
AND_A01,9,,,296481.5953,9718192.956,O,18.1,True,,2.46,20130822.0,,,True,20180321,1,,2.46,measured,0.36,site_median,0.0,,2.46,18.1,True,O,2.46,measured,18.1,2.46,0.633,14.0282,13.7785,13.7785,14.0282,13.7785,13.7785,
AND_A01,11,Croton matourensis,Euphorbiaceae,296488.3847,9718177.767,O,10.8,False,7.69,10.57,20130822.0,,,True,20180321,1,,10.57,measured,0.36,site_median,0.0,,10.57,10.8,False,O,10.57,measured,10.8,10.57,0.3883,21.2423,21.2423,13.8928,21.2423,21.2423,13.8928,
AND_A01,12,,,296491.8467,9718178.307,O,11.5,True,,3.59,20130822.0,,,True,20180321,1,,3.59,measured,0.36,site_median,0.0,,3.59,11.5,True,O,3.59,measured,11.5,3.59,0.633,8.3698,7.5774,7.5774,8.3698,7.5774,7.5774,
AND_A01,13,Cecropia distachya,Urticaceae,296492.5496,9718176.71,O,11.0,False,9.04,11.49,20130822.0,,,True,20180321,1,,11.49,measured,0.36,site_median,0.0,,11.49,11.0,False,O,11.49,measured,11.0,11.49,0.3404,23.8853,23.8853,13.7357,23.8853,23.8853,13.7357,
AND_A01,14,Tetragastris panamensis,Burseraceae,296464.4028,9718177.587,O,44.8,False,9.99,14.56,20130822.0,,,True,20180321,1,,14.56,measured,0.36,site_median,0.0,,14.56,44.8,False,O,14.56,measured,44.8,14.56,0.7173,466.6603,466.6603,555.5318,466.6603,466.6603,555.5318,
AND_A01,15,Carapa guianensis,Meliaceae,296448.7425,9718175.084,O,44.4,False,14.9,21.16,20130822.0,,,True,20180321,1,,21.16,measured,0.36,site_median,0.0,,21.16,44.4,False,O,21.16,measured,44.4,21.16,0.53,660.4737,660.4737,585.158,660.4737,660.4737,585.158,
AND_A01,16,Eschweilera coriacea,Lecythidaceae,296457.3621,9718188.646,O,41.6,False,12.08,15.79,20130822.0,,,,20180321,1,,15.79,measured,0.36,site_median,0.0,,15.79,41.6,False,O,15.79,measured,41.6,15.79,0.8521,437.0708,437.0708,615.4981,437.0708,437.0708,615.4981,
AND_A01,17,Inga alba,Fabaceae,296461.6868,9718191.516,O,37.8,False,10.5,20.5,20130822.0,,,True,20180321,1,,20.5,measured,0.36,site_median,0.0,,20.5,37.8,False,O,20.5,measured,37.8,20.5,0.5861,467.7313,467.7313,457.1611,467.7313,467.7313,457.1611,
AND_A01,18,Apeiba petoumo,Malvaceae,296447.2845,9718165.528,O,50.5,False,20.35,29.47,20130822.0,,,True,20180321,1,,29.47,measured,0.36,site_median,0.0,,29.47,50.5,False,O,29.47,measured,50.5,29.47,0.2822,1173.2768,1173.2768,562.0094,1173.2768,1173.2768,562.0094,
AND_A01,19,Anacardium spruceanum,Anacardiaceae,296430.2458,9718192.187,O,101.6,False,25.95,39.92,20130822.0,,,,20180321,1,,39.92,measured,0.36,site_median,0.0,,39.92,101.6,False,O,39.92,measured,101.6,39.92,0.4792,6175.6001,6175.6001,4958.593,6175.6001,6175.6001,4958.593,
AND_A01,20,Capirona huberiana,Rubiaceae,296438.3163,9718204.362,O,48.3,False,20.76,29.49,20130822.0,,,True,20180321,1,,29.49,measured,0.36,site_median,0.0,,29.49,48.3,False,O,29.49,measured,48.3,29.49,0.593,1076.2869,1076.2869,1064.0299,1076.2869,1076.2869,1064.0299,
AND_A01,21,Eschweilera coriacea,Lecythidaceae,296460.3604,9718209.867,O,54.0,False,12.74,22.01,20130822.0,,,True,20180321,1,,22.01,measured,0.36,site_median,0.0,,22.01,54.0,False,O,22.01,measured,54.0,22.01,0.8521,1005.751,1005.751,1416.3329,1005.751,1005.751,1416.3329,
AND_A01,97,Oenocarpus bacaba,Arecaceae,296470.0788,9718205.463,P,,,,,,18.2,16.16,,20180321,1,16.13,16.16,measured,0.36,site_median,0.0,18.2,16.16,,False,P,16.13,feldpausch,,16.13,0.65,,,,,,,
AND_A01,98,,,296451.4748,9718209.856,O,,,,,,11.2,11.97,True,20180321,1,11.53,11.97,measured,0.36,site_median,0.0,11.2,11.97,,False,O,11.53,feldpausch,,11.53,0.633,,,,,,,
AND_A01,99,,,296451.516,9718209.761,O,,,,,,11.4,12.11,True,20180321,1,11.67,12.11,measured,0.36,site_median,0.0,11.4,12.11,,False,O,11.67,feldpausch,,11.67,0.633,,,,,,,
AND_A01,100,,,296479.0612,9718173.477,O,,,,,,37.0,24.61,True,20180321,1,24.98,24.61,measured,0.36,site_median,0.0,37.0,24.61,,False,O,24.98,feldpausch,,24.98,0.633,,,,,,,
AND_A01,101,,,296477.8608,9718174.429,O,,,,,,11.2,11.97,True,20180321,1,11.53,11.97,measured,0.36,site_median,0.0,11.2,11.97,,False,O,11.53,feldpausch,,11.53,0.633,,,,,,,
AND_A01,102,Pouteria gongrijpii,Sapotaceae,296476.5656,9718175.342,O,,,,,,16.5,15.22,,20180321,1,15.1,15.22,measured,0.36,site_median,0.0,16.5,15.22,,False,O,15.1,feldpausch,,15.1,0.7994,,,,,,,
AND_A01,103,,,296476.4708,9718175.303,O,,,,,,13.2,13.26,True,20180321,1,12.95,13.26,measured,0.36,site_median,0.0,13.2,13.26,,False,O,12.95,feldpausch,,12.95,0.633,,,,,,,
AND_A01,104,,,296479.7572,9718180.326,O,,,,,,15.4,14.59,True,20180321,1,14.41,14.59,measured,0.36,site_median,0.0,15.4,14.59,,False,O,14.41,feldpausch,,14.41,0.633,,,,,,,
AND_A01,105,,,296476.5172,9718193.326,O,,,,,,14.4,14.0,True,20180321,1,13.76,14.0,measured,0.36,site_median,0.0,14.4,14.0,,False,O,13.76,feldpausch,,13.76,0.633,,,,,,,
AND_A01,106,,,296473.6531,9718193.492,O,,,,,,17.0,15.5,True,20180321,1,15.41,15.5,measured,0.36,site_median,0.0,17.0,15.5,,False,O,15.41,feldpausch,,15.41,0.633,,,,,,,
AND_A01,107,Jacaratia spinosa,Caricaceae,296466.9188,9718203.523,O,,,,,,25.6,19.84,,20180321,1,20.09,19.84,measured,0.36,site_median,0.0,25.6,19.84,,False,O,20.09,feldpausch,,20.09,0.265,,,,,,,
AND_A01,108,Tapirira guianensis,Anacardiaceae,296467.0256,9718203.788,O,,,,,,19.4,16.8,,20180321,1,16.83,16.8,measured,0.36,site_median,0.0,19.4,16.8,,False,O,16.83,feldpausch,,16.83,0.457,,,,,,,
AND_A01,109,Tapirira guianensis,Anacardiaceae,296464.5645,9718202.794,O,,,,,,19.1,16.64,,20180321,1,16.65,16.64,measured,0.36,site_median,0.0,19.1,16.64,,False,O,16.65,feldpausch,,16.65,0.457,,,,,,,
AND_A01,110,,,296467.3832,9718211.357,O,,,,,,13.6,13.51,True,20180321,1,13.22,13.51,measured,0.36,site_median,0.0,13.6,13.51,,False,O,13.22,feldpausch,,13.22,0.633,,,,,,,
AND_A01,111,,,296467.3007,9718211.546,O,,,,,,13.4,13.39,True,20180321,1,13.08,13.39,measured,0.36,site_median,0.0,13.4,13.39,,False,O,13.08,feldpausch,,13.08,0.633,,,,,,,
AND_A01,112,,,296463.4396,9718215.535,O,,,,,,28.4,21.1,True,20180321,1,21.41,21.1,measured,0.36,site_median,0.0,28.4,21.1,,False,O,21.41,feldpausch,,21.41,0.633,,,,,,,
AND_A01,113,,,296462.2015,9718218.361,O,,,,,,12.8,13.01,True,20180321,1,12.67,13.01,measured,0.36,site_median,0.0,12.8,13.01,,False,O,12.67,feldpausch,,12.67,0.633,,,,,,,
AND_A01,22,Pouteria guianensis,Sapotaceae,296534.2042,9718081.61,O,21.5,False,8.45,12.48,20130822.0,,,,20180321,2,,12.48,measured,0.36,site_median,0.0,,12.48,21.5,False,O,12.48,measured,21.5,12.48,0.9295,95.7825,95.7825,146.8324,95.7825,95.7825,146.8324,
AND_A01,23,Sagotia racemosa,Euphorbiaceae,296538.6349,9718077.055,O,13.1,False,4.18,6.64,20130822.0,,,,20180321,2,,6.64,measured,0.36,site_median,0.0,,6.64,13.1,False,O,6.64,measured,13.1,6.64,0.58,19.6703,19.6703,19.0301,19.6703,19.6703,19.0301,
AND_A01,24,Gustavia poeppigiana,Lecythidaceae,296538.0784,9718074.92,O,12.4,False,5.53,9.16,20130822.0,,,,20180321,2,,9.16,measured,0.36,site_median,0.0,,9.16,12.4,False,O,9.16,measured,12.4,9.16,0.6414,24.1897,24.1897,25.818,24.1897,24.1897,25.818,
AND_A01,25,Lecythis idatimon,Lecythidaceae,296537.3961,9718074.273,O,10.8,False,6.39,9.85,20130822.0,,,,20180321,2,,9.85,measured,0.36,site_median,0.0,,9.85,10.8,False,O,9.85,measured,10.8,9.85,0.7986,19.8289,19.8289,26.2108,19.8289,19.8289,26.2108,
AND_A01,26,Simaba cedron,Simaroubaceae,296540.5412,9718074.628,O,10.3,False,5.13,7.3,20130822.0,,,True,20180321,2,,7.3,measured,0.36,site_median,0.0,,7.3,10.3,False,O,7.3,measured,10.3,7.3,0.4743,13.4934,13.4934,10.7276,13.4934,13.4934,10.7276,
AND_A01,27,Inga heterophylla,Fabaceae,296536.8626,9718072.925,O,45.4,False,15.32,22.86,20130822.0,,,,20180321,2,,22.86,measured,0.36,site_median,0.0,,22.86,45.4,False,O,22.86,measured,45.4,22.86,0.56,743.8615,743.8615,695.4213,743.8615,743.8615,695.4213,
AND_A01,28,Lecythis idatimon,Lecythidaceae,296539.1619,9718071.236,O,16.2,False,10.28,14.02,20130822.0,,,True,20180321,2,,14.02,measured,0.36,site_median,0.0,,14.02,16.2,False,O,14.02,measured,16.2,14.02,0.7986,61.7533,61.7533,81.6287,61.7533,61.7533,81.6287,
AND_A01,29,Protium paniculatum,Burseraceae,296541.1062,9718068.94,O,26.9,False,14.75,20.36,20130822.0,,,,20180321,2,,20.36,measured,0.36,site_median,0.0,,20.36,26.9,False,O,20.36,measured,26.9,20.36,0.49,239.1686,239.1686,196.2727,239.1686,239.1686,196.2727,
AND_A01,30,Protium hebetatum,Burseraceae,296542.1376,9718068.752,O,10.2,False,10.24,12.8,20130822.0,,,,20180321,2,,12.8,measured,0.36,site_median,0.0,,12.8,10.2,False,O,12.8,measured,10.2,12.8,0.5773,22.9026,22.9026,22.0569,22.9026,22.9026,22.0569,
AND_A01,31,Pouteria guianensis,Sapotaceae,296537.8607,9718066.797,O,50.0,False,27.05,34.92,20130822.0,,,True,20180321,2,,34.92,measured,0.36,site_median,0.0,,34.92,50.0,False,O,34.92,measured,50.0,34.92,0.9295,1357.9713,1357.9713,2081.7395,1357.9713,1357.9713,2081.7395,
AND_A01,32,Pouteria gongrijpii,Sapotaceae,296544.8944,9718066.27,O,17.3,False,9.86,14.03,20130822.0,,,True,20180321,2,,14.03,measured,0.36,site_median,0.0,,14.03,17.3,False,O,14.03,measured,17.3,14.03,0.7994,70.2514,70.2514,92.9559,70.2514,70.2514,92.9559,
AND_A01,33,Protium paniculatum,Burseraceae,296544.4259,9718061.122,O,18.5,False,11.82,18.1,20130822.0,,,,20180321,2,,18.1,measured,0.36,site_median,0.0,,18.1,18.5,False,O,18.1,measured,18.5,18.1,0.49,102.6772,102.6772,84.2616,102.6772,102.6772,84.2616,
AND_A01,34,Cecropia palmata,Urticaceae,296550.3997,9718055.582,O,13.7,False,10.74,14.45,20130822.0,16.6,,False,20180321,2,15.16,14.45,measured,0.58,observed,0.0,16.6,14.45,13.7,False,O,14.45,measured,13.7,14.45,0.3404,45.8533,45.8533,26.3688,45.8533,45.8533,26.3688,
AND_A01,35,,,296550.976,9718055.181,O,12.7,True,,4.77,20130822.0,,,True,20180321,2,,4.77,measured,0.36,site_median,0.0,,4.77,12.7,True,O,4.77,measured,12.7,4.77,0.633,13.4066,11.6599,11.6599,13.4066,11.6599,11.6599,
AND_A01,36,Cecropia palmata,Urticaceae,296552.2294,9718053.548,O,11.9,False,11.1,12.28,20130822.0,,,,20180321,2,,12.28,measured,0.36,site_median,0.0,,12.28,11.9,False,O,12.28,measured,11.9,12.28,0.3404,29.7157,29.7157,17.0886,29.7157,29.7157,17.0886,
AND_A01,37,Jacaratia spinosa,Caricaceae,296550.0213,9718052.575,O,15.9,False,5.19,6.23,20130822.0,,,,20180321,2,,6.23,measured,0.36,site_median,0.0,,6.23,15.9,False,O,6.23,measured,15.9,6.23,0.265,26.9779,26.9779,12.1512,26.9779,26.9779,12.1512,
AND_A01,38,Jacaratia spinosa,Caricaceae,296549.8293,9718052.491,O,11.3,False,5.24,6.28,20130822.0,,,,20180321,2,,6.28,measured,0.36,site_median,0.0,,6.28,11.3,False,O,6.28,measured,11.3,6.28,0.265,13.9598,13.9598,6.2877,13.9598,13.9598,6.2877,
AND_A01,39,Trema micrantha,Cannabaceae,296549.7333,9718052.448,O,10.1,False,4.0,8.69,20130822.0,,,,20180321,2,,8.69,measured,0.36,site_median,0.0,,8.69,10.1,False,O,8.69,measured,10.1,8.69,0.319,15.395,15.395,8.31,15.395,15.395,8.31,
AND_A01,40,Pouteria guianensis,Sapotaceae,296556.0948,9718046.507,O,30.9,False,10.76,19.69,20130822.0,32.4,,False,20180321,2,23.15,19.69,measured,0.3,observed,0.0,32.4,19.69,30.9,False,O,19.69,measured,30.9,19.69,0.9295,303.4195,303.4195,465.1352,303.4195,303.4195,465.1352,
AND_A01,41,Eschweilera coriacea,Lecythidaceae,296532.524,9718038.427,O,53.8,False,15.29,24.75,20130822.0,57.2,,False,20180321,2,31.24,24.75,measured,0.68,observed,0.0,57.2,24.75,53.8,False,O,24.75,measured,53.8,24.75,0.8521,1119.6366,1119.6366,1576.7105,1119.6366,1119.6366,1576.7105,
AND_A01,42,Tetragastris panamensis,Burseraceae,296510.4537,9718028.189,O,46.6,False,12.58,24.04,20130822.0,47.9,,False,20180321,2,28.66,24.04,measured,0.26,observed,0.0,47.9,24.04,46.6,False,O,24.04,measured,46.6,24.04,0.7173,822.1329,822.1329,978.7012,822.1329,822.1329,978.7012,
AND_A01,43,Brosimum rubescens ,Moraceae,296506.2609,9718032.243,O,36.0,False,18.89,25.83,20130822.0,,,True,20180321,2,,25.83,measured,0.36,site_median,0.0,,25.83,36.0,False,O,25.83,measured,36.0,25.83,0.8251,532.8397,532.8397,727.1992,532.8397,532.8397,727.1992,
AND_A01,44,Jacaratia spinosa,Caricaceae,296510.632,9718042.631,O,45.8,False,13.9,16.08,20130822.0,55.7,,False,20180321,2,30.85,16.08,measured,1.98,observed,0.0,55.7,16.08,45.8,False,O,16.08,measured,45.8,16.08,0.265,536.7911,536.7911,241.7785,536.7911,536.7911,241.7785,
AND_A01,45,Anacardium spruceanum,Anacardiaceae,296505.0768,9718042.262,O,41.1,False,17.74,28.26,20130822.0,48.5,,False,20180321,2,28.84,28.26,measured,1.48,observed,0.0,48.5,28.26,41.1,False,O,28.26,measured,41.1,28.26,0.4792,753.3971,753.3971,604.9274,753.3971,753.3971,604.9274,
AND_A01,46,Eschweilera coriacea,Lecythidaceae,296492.7852,9718066.336,O,48.0,False,19.4,32.31,20130822.0,50.5,,False,20180321,2,29.43,32.31,measured,0.5,observed,0.0,50.5,32.31,48.0,False,O,32.31,measured,48.0,32.31,0.8521,1162.4023,1162.4023,1636.9346,1162.4023,1162.4023,1636.9346,
AND_A01,47,Capirona huberiana,Rubiaceae,296498.6525,9718070.201,O,38.0,False,17.79,27.54,20130822.0,43.1,,False,20180321,2,27.14,27.54,measured,1.02,observed,0.0,43.1,27.54,38.0,False,O,27.54,measured,38.0,27.54,0.593,630.3809,630.3809,623.202,630.3809,630.3809,623.202,
AND_A01,48,Laetia procera,Salicaceae,296518.8274,9718076.539,O,43.9,False,19.85,23.75,20130822.0,46.5,,False,20180321,2,28.23,23.75,measured,0.52,observed,0.0,46.5,23.75,43.9,False,O,23.75,measured,43.9,23.75,0.6481,723.1013,723.1013,779.6256,723.1013,723.1013,779.6256,
AND_A01,49,Pouteria guianensis,Sapotaceae,296521.4251,9718060.365,O,60.0,False,23.95,27.28,20130822.0,,,True,20180321,2,,27.28,measured,0.36,site_median,0.0,,27.28,60.0,False,O,27.28,measured,60.0,27.28,0.9295,1523.3371,1523.3371,2335.2416,1523.3371,1523.3371,2335.2416,
AND_A01,50,Eschweilera coriacea,Lecythidaceae,296523.2009,9718056.855,O,42.4,False,13.79,24.08,20130822.0,,,True,20180321,2,,24.08,measured,0.36,site_median,0.0,,24.08,42.4,False,O,24.08,measured,42.4,24.08,0.8521,684.8186,684.8186,964.385,684.8186,684.8186,964.385,
AND_A01,51,Eschweilera coriacea,Lecythidaceae,296523.1506,9718054.675,O,37.5,False,13.49,17.8,20130822.0,,,True,20180321,2,,17.8,measured,0.36,site_median,0.0,,17.8,37.5,False,O,17.8,measured,37.5,17.8,0.8521,401.2173,401.2173,565.0079,401.2173,401.2173,565.0079,
AND_A01,52,,,296525.1607,9718064.246,O,50.0,True,,5.56,20130822.0,,,True,20180321,2,,5.56,measured,0.36,site_median,0.0,,5.56,50.0,True,O,5.56,measured,50.0,5.56,0.633,225.966,204.8664,204.8664,225.966,204.8664,204.8664,
AND_A01,114,Lecythis idatimon,Lecythidaceae,296527.0312,9718080.205,O,,,,,,28.1,20.97,,20180321,2,21.28,20.97,measured,0.36,site_median,0.0,28.1,20.97,,False,O,21.28,feldpausch,,21.28,0.7986,,,,,,,
AND_A01,115,,,296527.8566,9718079.715,O,,,,,,13.2,13.26,True,20180321,2,12.95,13.26,measured,0.36,site_median,0.0,13.2,13.26,,False,O,12.95,feldpausch,,12.95,0.633,,,,,,,
AND_A01,116,,,296526.5955,9718078.899,O,,,,,,13.5,13.45,True,20180321,2,13.15,13.45,measured,0.36,site_median,0.0,13.5,13.45,,False,O,13.15,feldpausch,,13.15,0.633,,,,,,,
AND_A01,117,Oenocarpus bacaba,Arecaceae,296525.7388,9718078.385,P,,,,,,18.1,16.1,,20180321,2,16.07,16.1,measured,0.36,site_median,0.0,18.1,16.1,,False,P,16.07,feldpausch,,16.07,0.65,,,,,,,
AND_A01,118,Tetragastris panamensis,Burseraceae,296532.2124,9718071.54,O,,,,,,19.7,16.95,,20180321,2,17.0,16.95,measured,0.36,site_median,0.0,19.7,16.95,,False,O,17.0,feldpausch,,17.0,0.7173,,,,,,,
AND_A01,119,,,296529.3234,9718067.252,O,,,,,,18.6,16.37,True,20180321,2,16.36,16.37,measured,0.36,site_median,0.0,18.6,16.37,,False,O,16.36,feldpausch,,16.36,0.633,,,,,,,
AND_A01,120,Eschweilera ovata,Lecythidaceae,296538.4309,9718065.305,O,,,,,,15.5,14.65,,20180321,2,14.47,14.65,measured,0.36,site_median,0.0,15.5,14.65,,False,O,14.47,feldpausch,,14.47,0.9,,,,,,,
AND_A01,121,Lecythis lurida,Lecythidaceae,296536.5219,9718062.797,O,,,,,,18.2,16.16,,20180321,2,16.13,16.16,measured,0.36,site_median,0.0,18.2,16.16,,False,O,16.13,feldpausch,,16.13,0.8633,,,,,,,
AND_A01,122,Pouteria gongrijpii,Sapotaceae,296542.446,9718060.013,O,,,,,,25.3,19.7,,20180321,2,19.95,19.7,measured,0.36,site_median,0.0,25.3,19.7,,False,O,19.95,feldpausch,,19.95,0.7994,,,,,,,
AND_A01,123,,,296539.8413,9718056.119,O,,,,,,15.3,14.53,True,20180321,2,14.34,14.53,measured,0.36,site_median,0.0,15.3,14.53,,False,O,14.34,feldpausch,,14.34,0.633,,,,,,,
AND_A01,124,Pouteria sp.,Sapotaceae,296550.1654,9718041.228,O,,,,,,14.5,14.06,,20180321,2,13.82,14.06,measured,0.36,site_median,0.0,14.5,14.06,,False,O,13.82,feldpausch,,13.82,0.7187,,,,,,,
AND_A01,53,Jacaratia spinosa,Caricaceae,296597.1594,9717946.521,O,11.3,False,11.3,15.36,20130822.0,,,True,20180321,3,,15.36,measured,0.36,site_median,0.0,,15.36,11.3,False,O,15.36,measured,11.3,15.36,0.265,33.4186,33.4186,15.0522,33.4186,33.4186,15.0522,
AND_A01,54,Galipea trifoliata,,296601.7308,9717943.526,O,12.3,False,10.06,15.17,20130822.0,,,True,20180321,3,,15.17,measured,0.36,site_median,0.0,,15.17,12.3,False,O,15.17,measured,12.3,15.17,0.997,38.9581,38.9581,63.9511,38.9581,38.9581,63.9511,
AND_A01,55,Protium paniculatum,Burseraceae,296599.3906,9717942.77,O,18.0,False,12.32,18.06,20130822.0,,,True,20180321,3,,18.06,measured,0.36,site_median,0.0,,18.06,18.0,False,O,18.06,measured,18.0,18.06,0.49,97.1201,97.1201,79.7012,97.1201,97.1201,79.7012,
AND_A01,56,Eperua bijuga,Fabaceae,296600.1216,9717938.539,O,26.0,False,8.27,11.4,20130822.0,,,True,20180321,3,,11.4,measured,0.36,site_median,0.0,,11.4,26.0,False,O,11.4,measured,26.0,11.4,0.729,127.0655,127.0655,153.6647,127.0655,127.0655,153.6647,
AND_A01,57,Astronium gracile,Anacardiaceae,296599.84,9717938.45,O,23.6,False,19.16,25.79,20130822.0,,,True,20180321,3,,25.79,measured,0.36,site_median,0.0,,25.79,23.6,False,O,25.79,measured,23.6,25.79,0.73,233.3251,233.3251,282.5458,233.3251,233.3251,282.5458,
AND_A01,58,Tachigali myrmecophila,Fabaceae,296602.7221,9717935.994,O,30.9,False,13.6,23.74,20130822.0,,,True,20180321,3,,23.74,measured,0.36,site_median,0.0,,23.74,30.9,False,O,23.74,measured,30.9,23.74,0.476,364.1907,364.1907,290.5344,364.1907,364.1907,290.5344,
AND_A01,59,Cordia scabrifolia,Boraginaceae,296603.2274,9717934.569,O,17.7,False,6.33,7.91,20130822.0,,,True,20180321,3,,7.91,measured,0.36,site_median,0.0,,7.91,17.7,False,O,7.91,measured,17.7,7.91,0.474,41.988,41.988,33.3587,41.988,41.988,33.3587,
AND_A01,60,Inga alba,Fabaceae,296607.1693,9717932.824,O,19.1,False,10.78,17.51,20130822.0,,,True,20180321,3,,17.51,measured,0.36,site_median,0.0,,17.51,19.1,False,O,17.51,measured,19.1,17.51,0.5861,105.7999,105.7999,103.4089,105.7999,105.7999,103.4089,
AND_A01,61,Euterpe oleracea,Arecaceae,296610.0248,9717919.888,P,11.0,False,4.8,6.42,20130822.0,,,True,20180321,3,,6.42,measured,0.36,site_median,0.0,,6.42,11.0,False,P,6.42,measured,11.0,6.42,0.3877,13.5336,13.7606,13.7606,13.5336,13.7606,13.7606,
AND_A01,62,Inga alba,Fabaceae,296610.0943,9717919.32,O,24.1,False,14.43,19.31,20130822.0,,,True,20180321,3,,19.31,measured,0.36,site_median,0.0,,19.31,24.1,False,O,19.31,measured,24.1,19.31,0.5861,183.2658,183.2658,179.1242,183.2658,183.2658,179.1242,
AND_A01,63,Euterpe oleracea,Arecaceae,296612.3624,9717919.591,P,11.1,False,9.09,11.2,20130822.0,,,True,20180321,3,,11.2,measured,0.36,site_median,0.0,,11.2,11.1,False,P,11.2,measured,11.1,11.2,0.3877,23.712,14.1071,14.1071,23.712,14.1071,14.1071,
AND_A01,64,Jacaratia spinosa,Caricaceae,296613.8029,9717918.048,O,12.6,False,5.29,7.49,20130822.0,,,True,20180321,3,,7.49,measured,0.36,site_median,0.0,,7.49,12.6,False,O,7.49,measured,12.6,7.49,0.265,20.5059,20.5059,9.2361,20.5059,20.5059,9.2361,
AND_A01,65,Carapa guianensis,Meliaceae,296616.8452,9717912.059,O,47.6,False,18.26,27.64,20130822.0,,,True,20180321,3,,27.64,measured,0.36,site_median,0.0,,27.64,47.6,False,O,27.64,measured,47.6,27.64,0.53,981.9527,981.9527,869.9779,981.9527,981.9527,869.9779,
AND_A01,66,Hevea brasiliensis,Euphorbiaceae,296601.1927,9717901.881,O,37.3,False,18.54,27.49,20130822.0,,,True,20180321,3,,27.49,measured,0.36,site_median,0.0,,27.49,37.3,False,O,27.49,measured,37.3,27.49,0.4666,606.8354,606.8354,474.7971,606.8354,606.8354,474.7971,
AND_A01,67,Pourouma minor,Urticaceae,296595.7796,9717906.103,O,45.8,False,16.29,18.96,20130822.0,,,True,20180321,3,,18.96,measured,0.36,site_median,0.0,,18.96,45.8,False,O,18.96,measured,45.8,18.96,0.436,630.435,630.435,461.6401,630.435,630.435,461.6401,
AND_A01,68,Carapa guianensis,Meliaceae,296594.5866,9717901.955,O,59.0,False,18.17,27.89,20130822.0,,,True,20180321,3,,27.89,measured,0.36,site_median,0.0,,27.89,59.0,False,O,27.89,measured,59.0,27.89,0.53,1506.335,1506.335,1334.5633,1506.335,1506.335,1334.5633,
AND_A01,69,Pouteria oppositifolia,Sapotaceae,296575.389,9717896.609,O,50.0,False,23.95,37.87,20130822.0,,,True,20180321,3,,37.87,measured,0.36,site_median,0.0,,37.87,50.0,False,O,37.87,measured,50.0,37.87,0.65,1469.8275,1469.8275,1589.2571,1469.8275,1469.8275,1589.2571,
AND_A01,70,Eschweilera coriacea,Lecythidaceae,296573.0712,9717909.978,O,51.7,False,13.51,18.23,20130822.0,,,True,20180321,3,,18.23,measured,0.36,site_median,0.0,,18.23,51.7,False,O,18.23,measured,51.7,18.23,0.8521,768.6383,768.6383,1082.4227,768.6383,768.6383,1082.4227,
AND_A01,71,,,296584.9014,9717912.511,O,43.7,True,,24.83,20130822.0,,,True,20180321,3,,24.83,measured,0.36,site_median,0.0,,24.83,43.7,True,O,24.83,measured,43.7,24.83,0.633,748.4757,532.2471,532.2471,748.4757,532.2471,532.2471,
AND_A01,72,,,296605.8376,9717918.658,O,38.7,True,,16.83,20130822.0,,,True,20180321,3,,16.83,measured,0.36,site_median,0.0,,16.83,38.7,True,O,16.83,measured,38.7,16.83,0.633,403.9528,303.6814,303.6814,403.9528,303.6814,303.6814,
AND_A01,73,,,296607.2203,9717918.087,O,38.32,True,,18.09,20130822.0,,,True,20180321,3,,18.09,measured,0.36,site_median,0.0,,18.09,38.32,True,O,18.09,measured,38.32,18.09,0.633,425.1746,315.8604,315.8604,425.1746,315.8604,315.8604,
AND_A01,125,Tachigali myrmecophila,Fabaceae,296595.0765,9717946.335,O,,,,,,18.4,16.27,,20180321,3,16.25,16.27,measured,0.36,site_median,0.0,18.4,16.27,,False,O,16.25,feldpausch,,16.25,0.476,,,,,,,
AND_A01,126,Cordia scabrifolia,Boraginaceae,296595.2061,9717946.079,O,,,,,,16.2,15.05,,20180321,3,14.91,15.05,measured,0.36,site_median,0.0,16.2,15.05,,False,O,14.91,feldpausch,,14.91,0.474,,,,,,,
AND_A01,127,,,296591.1654,9717941.592,O,,,,,,10.0,11.15,True,20180321,3,10.62,11.15,measured,0.36,site_median,0.0,10.0,11.15,,False,O,10.62,feldpausch,,10.62,0.633,,,,,,,
AND_A01,128,,,296597.324,9717940.616,O,,,,,,13.9,13.69,True,20180321,3,13.42,13.69,measured,0.36,site_median,0.0,13.9,13.69,,False,O,13.42,feldpausch,,13.42,0.633,,,,,,,
AND_A01,129,Oenocarpus bacaba,Arecaceae,296595.8826,9717932.275,P,,,,,,11.9,12.43,,20180321,3,12.03,12.43,measured,0.36,site_median,0.0,11.9,12.43,,False,P,12.03,feldpausch,,12.03,0.65,,,,,,,
AND_A01,74,Cecropia palmata,Urticaceae,296656.7197,9717811.819,O,11.9,False,8.18,17.53,20130822.0,,,,20180321,4,,17.53,measured,0.36,site_median,0.0,,17.53,11.9,False,O,17.53,measured,11.9,17.53,0.3404,42.0591,42.0591,24.1869,42.0591,42.0591,24.1869,
AND_A01,75,Jacaratia spinosa,Caricaceae,296657.3396,9717803.499,O,15.0,False,6.15,9.27,20130822.0,,,,20180321,4,,9.27,measured,0.36,site_median,0.0,,9.27,15.0,False,O,9.27,measured,15.0,9.27,0.265,35.4863,35.4863,15.9835,35.4863,35.4863,15.9835,
AND_A01,76,Jacaratia spinosa,Caricaceae,296657.922,9717800.539,O,14.5,False,6.29,8.02,20130822.0,18.1,,False,20180321,4,16.07,8.02,measured,0.72,observed,0.0,18.1,8.02,14.5,False,O,8.02,measured,14.5,8.02,0.265,28.8353,28.8353,12.9879,28.8353,28.8353,12.9879,
AND_A01,77,Lecythis idatimon,Lecythidaceae,296662.1364,9717801.277,O,10.9,False,8.36,10.24,20130822.0,,,,20180321,4,,10.24,measured,0.36,site_median,0.0,,10.24,10.9,False,O,10.24,measured,10.9,10.24,0.7986,20.9686,20.9686,27.7174,20.9686,20.9686,27.7174,
AND_A01,78,,,296658.1403,9717797.424,O,36.0,True,,21.77,20130822.0,,,True,20180321,4,,21.77,measured,0.36,site_median,0.0,,21.77,36.0,True,O,21.77,measured,36.0,21.77,0.633,450.934,324.364,324.364,450.934,324.364,324.364,
AND_A01,79,Parkia sp.,Fabaceae,296655.0089,9717788.694,O,55.4,False,27.93,32.43,20130822.0,,,,20180321,4,,32.43,measured,0.36,site_median,0.0,,32.43,55.4,False,O,32.43,measured,55.4,32.43,0.4553,1543.391,1543.391,1179.0177,1543.391,1543.391,1179.0177,
AND_A01,80,Pouteria guianensis,Sapotaceae,296655.9948,9717774.926,O,47.4,False,18.93,31.68,20130822.0,51.6,,False,20180321,4,29.74,31.68,measured,0.84,observed,0.0,51.6,31.68,47.4,False,O,31.68,measured,47.4,31.68,0.9295,1112.6187,1112.6187,1705.6194,1112.6187,1112.6187,1705.6194,
AND_A01,81,Cordia scabrifolia,Boraginaceae,296665.6701,9717770.561,O,12.1,False,5.95,7.16,20130822.0,13.2,,False,20180321,4,12.95,7.16,measured,0.22,observed,0.0,13.2,7.16,12.1,False,O,7.16,measured,12.1,7.16,0.474,18.1323,18.1323,14.4058,18.1323,18.1323,14.4058,
AND_A01,82,Anacardium spruceanum,Anacardiaceae,296664.1791,9717766.87,O,39.4,False,20.47,25.76,20130822.0,44.4,,False,20180321,4,27.56,25.76,measured,1.0,observed,0.0,44.4,25.76,39.4,False,O,25.76,measured,39.4,25.76,0.4792,633.8003,633.8003,508.8992,633.8003,633.8003,508.8992,
AND_A01,83,Eschweilera coriacea,Lecythidaceae,296651.0528,9717767.434,O,84.0,False,25.76,34.75,20130822.0,85.2,,False,20180321,4,36.88,34.75,measured,0.24,observed,0.0,85.2,34.75,84.0,False,O,34.75,measured,84.0,34.75,0.8521,3720.7094,3720.7094,5239.6301,3720.7094,3720.7094,5239.6301,
AND_A01,84,Poeppigia sp.,Fabaceae,296648.2532,9717763.385,O,39.7,False,18.03,23.93,20130822.0,42.0,,False,20180321,4,26.77,23.93,measured,0.46,observed,0.0,42.0,23.93,39.7,False,O,23.93,measured,39.7,23.93,0.735,598.6153,598.6153,729.7408,598.6153,598.6153,729.7408,
AND_A01,85,Pouteria gongrijpii,Sapotaceae,296650.1823,9717771.216,O,42.0,False,17.49,27.36,20130822.0,,,True,20180321,4,,27.36,measured,0.36,site_median,0.0,,27.36,42.0,False,O,27.36,measured,42.0,27.36,0.7994,761.4977,761.4977,1007.6061,761.4977,761.4977,1007.6061,
AND_A01,86,Licania canescens,Chrysobalanaceae,296644.9351,9717769.277,O,43.4,False,17.87,31.2,20130822.0,,,True,20180321,4,,31.2,measured,0.36,site_median,0.0,,31.2,43.4,False,O,31.2,measured,43.4,31.2,0.88,922.8594,922.8594,1341.1427,922.8594,922.8594,1341.1427,
AND_A01,87,Pouteria gongrijpii,Sapotaceae,296634.5605,9717761.511,O,41.5,False,19.72,26.47,20130822.0,43.7,,False,20180321,4,27.33,26.47,measured,0.44,observed,0.0,43.7,26.47,41.5,False,O,26.47,measured,41.5,26.47,0.7994,720.2751,720.2751,953.0608,720.2751,720.2751,953.0608,
AND_A01,88,,,296631.5651,9717765.314,O,42.4,True,,24.56,20130822.0,,,True,20180321,4,,24.56,measured,0.36,site_median,0.0,,24.56,42.4,True,O,24.56,measured,42.4,24.56,0.633,698.1387,496.59,496.59,698.1387,496.59,496.59,
AND_A01,89,Inga thibaudiana,Fabaceae,296629.0473,9717767.301,O,40.2,False,17.43,23.52,20130822.0,,,,20180321,4,,23.52,measured,0.36,site_median,0.0,,23.52,40.2,False,O,23.52,measured,40.2,23.52,0.5786,603.1603,603.1603,582.1155,603.1603,603.1603,582.1155,
AND_A01,90,Poeppigia sp.,Fabaceae,296638.2066,9717776.8,O,35.3,False,15.82,21.45,20130822.0,37.2,,False,20180321,4,25.05,21.45,measured,0.38,observed,0.0,37.2,21.45,35.3,False,O,21.45,measured,35.3,21.45,0.735,427.7499,427.7499,521.4477,427.7499,427.7499,521.4477,
AND_A01,91,Eschweilera coriacea,Lecythidaceae,296632.5337,9717779.54,O,40.3,False,13.32,21.89,20130822.0,,,True,20180321,4,,21.89,measured,0.36,site_median,0.0,,21.89,40.3,False,O,21.89,measured,40.3,21.89,0.8521,565.0619,565.0619,795.7394,565.0619,565.0619,795.7394,
AND_A01,92,Micrandra minor,Euphorbiaceae,296613.8167,9717794.183,O,56.6,False,37.68,53.84,20130822.0,,,True,20180321,4,,53.84,measured,0.36,site_median,0.0,,53.84,56.6,False,O,53.84,measured,56.6,53.84,0.41,2639.471,2639.471,1820.1967,2639.471,2639.471,1820.1967,
AND_A01,93,Micrandra minor,Euphorbiaceae,296615.2831,9717792.89,O,45.9,False,36.85,46.27,20130822.0,47.7,,False,20180321,4,28.6,46.27,measured,0.36,observed,0.0,47.7,46.27,45.9,False,O,46.27,measured,45.9,46.27,0.41,1512.3467,1512.3467,1042.9243,1512.3467,1512.3467,1042.9243,
AND_A01,94,Pouteria guianensis,Sapotaceae,296618.4993,9717796.343,O,42.3,False,31.05,43.96,20130822.0,43.3,,False,20180321,4,27.2,43.96,measured,0.2,observed,0.0,43.3,43.96,42.3,False,O,43.96,measured,42.3,43.96,0.9295,1226.5956,1226.5956,1880.3434,1226.5956,1226.5956,1880.3434,
AND_A01,95,Sterculia pruriens,Malvaceae,296622.3209,9717797.806,O,49.0,False,28.98,35.35,20130822.0,50.1,,False,20180321,4,29.31,35.35,measured,0.22,observed,0.0,50.1,35.35,49.0,False,O,35.35,measured,49.0,35.35,0.4862,1321.1481,1321.1481,1075.9876,1321.1481,1321.1481,1075.9876,
AND_A01,96,Carapa guianensis,Meliaceae,296651.3557,9717806.177,O,49.4,False,16.1,27.34,20130822.0,,,,20180321,4,,27.34,measured,0.36,site_median,0.0,,27.34,49.4,False,O,27.34,measured,49.4,27.34,0.53,1044.5543,1044.5543,925.4409,1044.5543,1044.5543,925.4409,
AND_A01,130,,,296652.2139,9717811.898,O,,,,,,15.4,14.59,True,20180321,4,14.41,14.59,measured,0.36,site_median,0.0,15.4,14.59,,False,O,14.41,feldpausch,,14.41,0.633,,,,,,,
AND_A01,131,,,296649.048,9717809.375,O,,,,,,11.1,11.91,True,20180321,4,11.45,11.91,measured,0.36,site_median,0.0,11.1,11.91,,False,O,11.45,feldpausch,,11.45,0.633,,,,,,,
AND_A01,132,Oenocarpus bacaba,Arecaceae,296650.1409,9717807.115,P,,,,,,18.7,16.43,,20180321,4,16.42,16.43,measured,0.36,site_median,0.0,18.7,16.43,,False,P,16.42,feldpausch,,16.42,0.65,,,,,,,
AND_A01,133,,,296649.2927,9717806.307,O,,,,,,32.9,22.99,True,20180321,4,23.36,22.99,measured,0.36,site_median,0.0,32.9,22.99,,False,O,23.36,feldpausch,,23.36,0.633,,,,,,,
AND_A01,134,,,296645.5728,9717804.625,O,,,,,,16.0,14.93,True,20180321,4,14.79,14.93,measured,0.36,site_median,0.0,16.0,14.93,,False,O,14.79,feldpausch,,14.79,0.633,,,,,,,
AND_A01,135,Eschweilera coriacea,Lecythidaceae,296650.3238,9717801.479,O,,,,,,22.4,18.32,,20180321,4,18.47,18.32,measured,0.36,site_median,0.0,22.4,18.32,,False,O,18.47,feldpausch,,18.47,0.8521,,,,,,,
AND_A01,136,Eschweilera coriacea,Lecythidaceae,296651.122,9717794.026,O,,,,,,40.1,25.77,,20180321,4,26.11,25.77,measured,0.36,site_median,0.0,40.1,25.77,,False,O,26.11,feldpausch,,26.11,0.8521,,,,,,,
AND_A01,137,,,296654.4282,9717792.887,O,,,,,,10.6,11.57,True,20180321,4,11.08,11.57,measured,0.36,site_median,0.0,10.6,11.57,,False,O,11.08,feldpausch,,11.08,0.633,,,,,,,
AND_A01,138,,,296653.4797,9717780.849,O,,,,,,14.8,14.23,True,20180321,4,14.02,14.23,measured,0.36,site_median,0.0,14.8,14.23,,False,O,14.02,feldpausch,,14.02,0.633,,,,,,,
AND_A01,139,Cecropia palmata,Urticaceae,296656.4295,9717781.895,O,,,,,,10.4,11.43,,20180321,4,10.93,11.43,measured,0.36,site_median,0.0,10.4,11.43,,False,O,10.93,feldpausch,,10.93,0.3404,,,,,,,
AND_A01,140,Cecropia palmata,Urticaceae,296657.7198,9717780.293,O,,,,,,13.0,13.14,,20180321,4,12.81,13.14,measured,0.36,site_median,0.0,13.0,13.14,,False,O,12.81,feldpausch,,12.81,0.3404,,,,,,,
AND_A01,141,Cecropia palmata,Urticaceae,296660.8748,9717774.114,O,,,,,,13.4,13.39,,20180321,4,13.08,13.39,measured,0.36,site_median,0.0,13.4,13.39,,False,O,13.08,feldpausch,,13.08,0.3404,,,,,,,
AND_A01,142,Cecropia palmata,Urticaceae,296666.1123,9717776.036,O,,,,,,11.1,11.91,,20180321,4,11.45,11.91,measured,0.36,site_median,0.0,11.1,11.91,,False,O,11.45,feldpausch,,11.45,0.3404,,,,,,,
AND_A01,143,Cecropia palmata,Urticaceae,296660.4612,9717771.547,O,,,,,,11.2,11.97,,20180321,4,11.53,11.97,measured,0.36,site_median,0.0,11.2,11.97,,False,O,11.53,feldpausch,,11.53,0.3404,,,,,,,
AND_A01,144,Cecropia palmata,Urticaceae,296659.7997,9717770.68,O,,,,,,16.6,15.27,,20180321,4,15.16,15.27,measured,0.36,site_median,0.0,16.6,15.27,,False,O,15.16,feldpausch,,15.16,0.3404,,,,,,,
AND_A01,145,Cecropia palmata,Urticaceae,296659.3907,9717772.207,O,,,,,,10.3,11.36,,20180321,4,10.85,11.36,measured,0.36,site_median,0.0,10.3,11.36,,False,O,10.85,feldpausch,,10.85,0.3404,,,,,,,
AND_A01,146,Simarouba amara,Simaroubaceae,296658.0982,9717765.078,O,,,,,,11.5,12.17,,20180321,4,11.75,12.17,measured,0.36,site_median,0.0,11.5,12.17,,False,O,11.75,feldpausch,,11.75,0.3833,,,,,,,
AND_A01,147,,,296660.5676,9717765.621,O,,,,,,10.2,11.29,True,20180321,4,10.78,11.29,measured,0.36,site_median,0.0,10.2,11.29,,False,O,10.78,feldpausch,,10.78,0.633,,,,,,,
AND_A01,148,Inga alba,Fabaceae,296667.4842,9717767.801,O,,,,,,14.1,13.82,,20180321,4,13.56,13.82,measured,0.36,site_median,0.0,14.1,13.82,,False,O,13.56,feldpausch,,13.56,0.5861,,,,,,,
AND_A01,149,Lecythis idatimon,Lecythidaceae,296667.7209,9717767.033,O,,,,,,10.0,11.15,,20180321,4,10.62,11.15,measured,0.36,site_median,0.0,10.0,11.15,,False,O,10.62,feldpausch,,10.62,0.7986,,,,,,,
AND_A01,150,Inga thibaudiana,Fabaceae,296665.0217,9717766.318,O,,,,,,11.6,12.24,,20180321,4,11.82,12.24,measured,0.36,site_median,0.0,11.6,12.24,,False,O,11.82,feldpausch,,11.82,0.5786,,,,,,,
AND_A01,151,Eperua bijuga,Fabaceae,296664.8694,9717766.16,O,,,,,,12.9,13.07,,20180321,4,12.74,13.07,measured,0.36,site_median,0.0,12.9,13.07,,False,O,12.74,feldpausch,,12.74,0.729,,,,,,,
AND_A01,153,Vantanea parviflora,Humiriaceae,296657.9538,9717765.754,O,,,,,,13.5,13.45,,20180321,4,13.15,13.45,measured,0.36,site_median,0.0,13.5,13.45,,False,O,13.15,feldpausch,,13.15,0.8335,,,,,,,
AND_A01,154,,,296652.7633,9717764.047,O,,,,,,18.1,16.1,True,20180321,4,16.07,16.1,measured,0.36,site_median,0.0,18.1,16.1,,False,O,16.07,feldpausch,,16.07,0.633,,,,,,,
AND_A01,155,Inga alba,Fabaceae,296634.3317,9717780.272,O,,,,,,36.3,24.34,,20180321,4,24.71,24.34,measured,0.36,site_median,0.0,36.3,24.34,,False,O,24.71,feldpausch,,24.71,0.5861,,,,,,,
AND_A01,1,Croton matourensis,Euphorbiaceae,296294.6458,9718129.517,O,17.5,False,9.1,14.53,20130824.0,,,True,20180322,5,,14.53,measured,0.36,site_median,0.0,,14.53,17.5,False,O,14.53,measured,17.5,14.53,0.3883,74.3434,74.3434,48.6217,74.3434,74.3434,48.6217,
AND_A01,2,Jacaratia spinosa,Caricaceae,296296.6226,9718124.891,O,24.7,False,7.56,15.03,20130824.0,29.8,,False,20180322,5,22.04,15.03,measured,1.02,observed,0.0,29.8,15.03,24.7,False,O,15.03,measured,24.7,15.03,0.265,150.5626,150.5626,67.8156,150.5626,150.5626,67.8156,
AND_A01,3,Bellucia grossularioides,Melastomataceae,296293.9406,9718122.179,O,18.3,False,11.48,19.44,20130824.0,,,True,20180322,5,,19.44,measured,0.36,site_median,0.0,,19.44,18.3,False,O,19.44,measured,18.3,19.44,0.5975,107.7787,107.7787,107.3403,107.7787,107.7787,107.3403,
AND_A01,4,Lecythis idatimon,Lecythidaceae,296295.6925,9718118.076,O,18.3,False,10.53,16.88,20130824.0,20.4,,False,20180322,5,17.39,16.88,measured,0.42,observed,0.0,20.4,16.88,18.3,False,O,16.88,measured,18.3,16.88,0.7986,93.9033,93.9033,124.1262,93.9033,93.9033,124.1262,
AND_A01,5,Eschweilera coriacea,Lecythidaceae,296298.7863,9718110.83,O,43.2,False,14.76,24.23,20130824.0,46.3,,False,20180322,5,28.17,24.23,measured,0.62,observed,0.0,46.3,24.23,43.2,False,O,24.23,measured,43.2,24.23,0.8521,714.585,714.585,1006.303,714.585,714.585,1006.303,
AND_A01,6,Galipea trifoliata,,296299.5918,9718108.693,O,10.4,False,6.01,9.96,20130824.0,,,True,20180322,5,,9.96,measured,0.36,site_median,0.0,,9.96,10.4,False,O,9.96,measured,10.4,9.96,0.997,18.6213,18.6213,30.5676,18.6213,18.6213,30.5676,
AND_A01,7,Carapa guianensis,Meliaceae,296300.7765,9718106.419,O,41.2,False,18.54,28.66,20130824.0,,,True,20180322,5,,28.66,measured,0.36,site_median,0.0,,28.66,41.2,False,O,28.66,measured,41.2,28.66,0.53,767.435,767.435,679.9222,767.435,767.435,679.9222,
AND_A01,8,Inga alba,Fabaceae,296305.7586,9718104.762,O,14.2,False,8.93,19.68,20130824.0,,,True,20180322,5,,19.68,measured,0.36,site_median,0.0,,19.68,14.2,False,O,19.68,measured,14.2,19.68,0.5861,66.4808,66.4808,64.9784,66.4808,66.4808,64.9784,
AND_A01,9,Pouteria sp.,Sapotaceae,296304.0893,9718102.415,O,12.3,False,11.16,16.54,20130824.0,,,True,20180322,5,,16.54,measured,0.36,site_median,0.0,,16.54,12.3,False,O,16.54,measured,12.3,16.54,0.7187,42.3883,42.3883,50.5566,42.3883,42.3883,50.5566,
AND_A01,10,Simarouba amara,Simaroubaceae,296277.9372,9718111.175,O,46.4,False,25.51,30.78,20130824.0,39.1,,False,20180322,5,25.75,30.78,measured,0.0,observed,0.0,39.1,30.78,46.4,False,O,30.78,measured,46.4,30.78,0.3833,1037.6573,1037.6573,670.1146,1037.6573,1037.6573,670.1146,
AND_A01,11,Carapa guianensis,Meliaceae,296276.1567,9718110.347,O,60.0,False,10.46,27.52,20130824.0,,,True,20180322,5,,27.52,measured,0.36,site_median,0.0,,27.52,60.0,False,O,27.52,measured,60.0,27.52,0.53,1536.4159,1536.4159,1361.2141,1536.4159,1536.4159,1361.2141,
AND_A01,12,Anacardium spruceanum,Anacardiaceae,296259.9883,9718113.294,O,57.2,False,14.9,25.03,20130824.0,,,True,20180322,5,,25.03,measured,0.36,site_median,0.0,,25.03,57.2,False,O,25.03,measured,57.2,25.03,0.4792,1275.838,1275.838,1024.4124,1275.838,1275.838,1024.4124,
AND_A01,13,Eschweilera coriacea,Lecythidaceae,296281.0473,9718118.902,O,41.0,False,12.28,22.2,20130824.0,57.7,,False,20180322,5,31.37,22.2,measured,3.34,observed,0.0,57.7,22.2,41.0,False,O,22.2,measured,41.0,22.2,0.8521,592.4549,592.4549,834.3152,592.4549,592.4549,834.3152,
AND_A01,14,Parkia sp.,Fabaceae,296276.5026,9718134.579,O,54.0,False,12.07,25.85,20130824.0,,,True,20180322,5,,25.85,measured,0.36,site_median,0.0,,25.85,54.0,False,O,25.85,measured,54.0,25.85,0.4553,1176.6703,1176.6703,898.8747,1176.6703,1176.6703,898.8747,
AND_A01,82,Croton matourensis,Euphorbiaceae,296281.8354,9718137.058,O,,,,,,20.7,17.47,,20180322,5,17.56,17.47,measured,0.36,site_median,0.0,20.7,17.47,,False,O,17.56,feldpausch,,17.56,0.3883,,,,,,,
AND_A01,83,Croton matourensis,Euphorbiaceae,296283.2083,9718136.336,O,,,,,,26.7,20.34,,20180322,5,20.62,20.34,measured,0.36,site_median,0.0,26.7,20.34,,False,O,20.62,feldpausch,,20.62,0.3883,,,,,,,
AND_A01,84,,,296280.2811,9718135.708,O,,,,,,14.0,13.75,True,20180322,5,13.49,13.75,measured,0.36,site_median,0.0,14.0,13.75,,False,O,13.49,feldpausch,,13.49,0.633,,,,,,,
AND_A01,85,Diospyros guianensis,,296278.5757,9718135.961,O,,,,,,16.2,15.05,,20180322,5,14.91,15.05,measured,0.36,site_median,0.0,16.2,15.05,,False,O,14.91,feldpausch,,14.91,0.73,,,,,,,
AND_A01,86,Parkia sp.,Fabaceae,296282.0702,9718130.261,O,,,,,,50.1,29.21,,20180322,5,29.31,29.21,measured,0.36,site_median,0.0,50.1,29.21,,False,O,29.31,feldpausch,,29.31,0.4553,,,,,,,
AND_A01,87,Sterculia pruriens,Malvaceae,296290.1629,9718126.281,O,,,,,,15.5,14.65,,20180322,5,14.47,14.65,measured,0.36,site_median,0.0,15.5,14.65,,False,O,14.47,feldpausch,,14.47,0.4862,,,,,,,
AND_A01,88,Eriotheca globosa,Malvaceae,296290.3925,9718117.493,O,,,,,,14.3,13.94,,20180322,5,13.69,13.94,measured,0.36,site_median,0.0,14.3,13.94,,False,O,13.69,feldpausch,,13.69,0.41,,,,,,,
AND_A01,89,Tetragastris panamensis,Burseraceae,296289.0618,9718118.863,O,,,,,,15.7,14.76,,20180322,5,14.6,14.76,measured,0.36,site_median,0.0,15.7,14.76,,False,O,14.6,feldpausch,,14.6,0.7173,,,,,,,
AND_A01,90,Pouteria guianensis,Sapotaceae,296284.7184,9718120.296,O,,,,,,27.5,20.7,,20180322,5,21.0,20.7,measured,0.36,site_median,0.0,27.5,20.7,,False,O,21.0,feldpausch,,21.0,0.9295,,,,,,,
AND_A01,91,Eriotheca globosa,Malvaceae,296287.2198,9718113.924,O,,,,,,11.9,12.43,,20180322,5,12.03,12.43,measured,0.36,site_median,0.0,11.9,12.43,,False,O,12.03,feldpausch,,12.03,0.41,,,,,,,
AND_A01,92,Tetragastris panamensis,Burseraceae,296289.2077,9718115.268,O,,,,,,11.4,12.11,,20180322,5,11.67,12.11,measured,0.36,site_median,0.0,11.4,12.11,,False,O,11.67,feldpausch,,11.67,0.7173,,,,,,,
AND_A01,93,Tachigali myrmecophila,Fabaceae,296291.7297,9718116.86,O,,,,,,11.9,12.43,,20180322,5,12.03,12.43,measured,0.36,site_median,0.0,11.9,12.43,,False,O,12.03,feldpausch,,12.03,0.476,,,,,,,
AND_A01,94,Tetragastris panamensis,Burseraceae,296292.8116,9718113.072,O,,,,,,30.7,22.08,,20180322,5,22.43,22.08,measured,0.36,site_median,0.0,30.7,22.08,,False,O,22.43,feldpausch,,22.43,0.7173,,,,,,,
AND_A01,95,,,296298.1774,9718105.0,O,,,,,,14.0,13.75,True,20180322,5,13.49,13.75,measured,0.36,site_median,0.0,14.0,13.75,,False,O,13.49,feldpausch,,13.49,0.633,,,,,,,
AND_A01,96,,,296301.3745,9718103.767,O,,,,,,10.3,11.36,True,20180322,5,10.85,11.36,measured,0.36,site_median,0.0,10.3,11.36,,False,O,10.85,feldpausch,,10.85,0.633,,,,,,,
AND_A01,97,,,296296.9922,9718101.518,O,,,,,,19.1,16.64,True,20180322,5,16.65,16.64,measured,0.36,site_median,0.0,19.1,16.64,,False,O,16.65,feldpausch,,16.65,0.633,,,,,,,
AND_A01,98,,,296297.4366,9718102.981,O,,,,,,10.4,11.43,True,20180322,5,10.93,11.43,measured,0.36,site_median,0.0,10.4,11.43,,False,O,10.93,feldpausch,,10.93,0.633,,,,,,,
AND_A01,99,Copaifera reticulata,Fabaceae,296293.1247,9718105.578,O,,,,,,15.1,14.41,,20180322,5,14.21,14.41,measured,0.36,site_median,0.0,15.1,14.41,,False,O,14.21,feldpausch,,14.21,0.6075,,,,,,,
AND_A01,100,Tetragastris panamensis,Burseraceae,296289.6351,9718103.745,O,,,,,,13.7,13.57,,20180322,5,13.29,13.57,measured,0.36,site_median,0.0,13.7,13.57,,False,O,13.29,feldpausch,,13.29,0.7173,,,,,,,
AND_A01,101,Simaba cedron,Simaroubaceae,296289.3747,9718104.356,O,,,,,,10.4,11.43,,20180322,5,10.93,11.43,measured,0.36,site_median,0.0,10.4,11.43,,False,O,10.93,feldpausch,,10.93,0.4743,,,,,,,
AND_A01,102,Lecythis idatimon,Lecythidaceae,296289.8201,9718104.564,O,,,,,,18.2,16.16,,20180322,5,16.13,16.16,measured,0.36,site_median,0.0,18.2,16.16,,False,O,16.13,feldpausch,,16.13,0.7986,,,,,,,
AND_A01,103,Jacaranda copaia,Bignoniaceae,296289.5996,9718101.321,O,,,,,,14.9,14.29,,20180322,5,14.08,14.29,measured,0.36,site_median,0.0,14.9,14.29,,False,O,14.08,feldpausch,,14.08,0.3507,,,,,,,
AND_A01,104,,,296294.9093,9718103.897,O,,,,,,25.0,19.56,True,20180322,5,19.8,19.56,measured,0.36,site_median,0.0,25.0,19.56,,False,O,19.8,feldpausch,,19.8,0.633,,,,,,,
AND_A01,15,,,296346.2354,9718004.301,O,10.6,False,7.36,9.34,20130824.0,12.5,,False,20180322,6,12.46,9.34,measured,0.38,observed,0.0,12.5,9.34,10.6,False,O,9.34,measured,10.6,9.34,0.633,18.1517,18.1517,19.1269,18.1517,18.1517,19.1269,
AND_A01,16,Parkia sp.,Fabaceae,296342.4495,9718002.664,O,15.7,False,15.34,16.45,20130824.0,18.9,,False,20180322,6,16.54,16.45,measured,0.64,observed,0.0,18.9,16.45,15.7,False,O,16.45,measured,15.7,16.45,0.4553,67.8945,67.8945,51.8656,67.8945,67.8945,51.8656,
AND_A01,17,Cecropia palmata,Urticaceae,296346.7776,9718003.258,O,11.5,False,10.77,14.74,20130824.0,,,True,20180322,6,,14.74,measured,0.36,site_median,0.0,,14.74,11.5,False,O,14.74,measured,11.5,14.74,0.3404,33.2198,33.2198,19.1037,33.2198,33.2198,19.1037,
AND_A01,18,Cecropia palmata,Urticaceae,296346.8904,9718002.988,O,14.7,False,9.02,13.01,20130824.0,,,True,20180322,6,,13.01,measured,0.36,site_median,0.0,,13.01,14.7,False,O,13.01,measured,14.7,13.01,0.3404,47.4896,47.4896,27.3098,47.4896,47.4896,27.3098,
AND_A01,19,Tetragastris panamensis,Burseraceae,296344.2187,9718000.748,O,40.0,False,19.41,23.89,20130824.0,41.0,,False,20180322,6,26.42,23.89,measured,0.2,observed,0.0,41.0,23.89,40.0,False,O,23.89,measured,40.0,23.89,0.7173,606.486,606.486,721.9861,606.486,606.486,721.9861,
AND_A01,20,Eschweilera coriacea,Lecythidaceae,296348.5449,9717999.028,O,37.0,False,16.85,20.04,20130824.0,38.9,,False,20180322,6,25.68,20.04,measured,0.38,observed,0.0,38.9,20.04,37.0,False,O,20.04,measured,37.0,20.04,0.8521,438.7758,438.7758,617.899,438.7758,438.7758,617.899,
AND_A01,21,Ormosia grossa,Fabaceae,296348.5088,9717996.592,O,10.3,False,14.32,18.81,20130824.0,10.6,,False,20180322,6,11.08,18.81,measured,0.06,observed,0.0,10.6,18.81,10.3,False,O,18.81,measured,10.3,18.81,0.5906,33.9878,33.9878,33.4671,33.9878,33.9878,33.4671,
AND_A01,22,Simarouba amara,Simaroubaceae,296347.1065,9717993.917,O,22.5,False,8.11,10.31,20130824.0,23.6,,False,20180322,6,19.1,10.31,measured,0.22,observed,0.0,23.6,10.31,22.5,False,O,10.31,measured,22.5,10.31,0.3833,86.8683,86.8683,56.0992,86.8683,86.8683,56.0992,
AND_A01,23,Cecropia palmata,Urticaceae,296347.7324,9717989.958,O,27.0,False,15.53,23.49,20130824.0,,,True,20180322,6,,23.49,measured,0.36,site_median,0.0,,23.49,27.0,False,O,23.49,measured,27.0,23.49,0.3404,276.9903,276.9903,159.2887,276.9903,276.9903,159.2887,
AND_A01,24,Jacaranda copaia,Bignoniaceae,296352.7048,9717988.82,O,16.1,False,13.38,22.54,20130824.0,,,True,20180322,6,,22.54,measured,0.36,site_median,0.0,,22.54,16.1,False,O,22.54,measured,16.1,22.54,0.3507,96.9768,96.9768,57.4129,96.9768,96.9768,57.4129,
AND_A01,25,,,296352.046,9717982.231,O,12.1,False,15.83,19.26,20130824.0,,,True,20180322,6,,19.26,measured,0.36,site_median,0.0,,19.26,12.1,False,O,19.26,measured,12.1,19.26,0.633,47.6302,47.6302,50.1892,47.6302,47.6302,50.1892,
AND_A01,26,Cecropia palmata,Urticaceae,296357.7356,9717975.07,O,14.7,False,16.96,19.69,20130824.0,,,True,20180322,6,,19.69,measured,0.36,site_median,0.0,,19.69,14.7,False,O,19.69,measured,14.7,19.69,0.3404,71.162,71.162,40.9231,71.162,71.162,40.9231,
AND_A01,27,Cecropia palmata,Urticaceae,296357.967,9717973.056,O,22.9,False,16.04,20.67,20130824.0,,,True,20180322,6,,20.67,measured,0.36,site_median,0.0,,20.67,22.9,False,O,20.67,measured,22.9,20.67,0.3404,177.2686,177.2686,101.9418,177.2686,177.2686,101.9418,
AND_A01,28,Cecropia palmata,Urticaceae,296356.2257,9717972.343,O,10.4,False,14.51,19.52,20130824.0,,,True,20180322,6,,19.52,measured,0.36,site_median,0.0,,19.52,10.4,False,O,19.52,measured,10.4,19.52,0.3404,35.9102,35.9102,20.6509,35.9102,35.9102,20.6509,
AND_A01,29,Cecropia engleriana,Urticaceae,296356.3397,9717972.074,O,10.5,False,12.53,22.57,20130824.0,,,True,20180322,6,,22.57,measured,0.36,site_median,0.0,,22.57,10.5,False,O,22.57,measured,10.5,22.57,0.49,42.1569,42.1569,34.5959,42.1569,42.1569,34.5959,
AND_A01,30,,,296360.69,9717969.955,O,30.0,True,,10.58,20130824.0,,,True,20180322,6,,10.58,measured,0.36,site_median,0.0,,10.58,30.0,True,O,10.58,measured,30.0,10.58,0.633,156.2066,124.8335,124.8335,156.2066,124.8335,124.8335,
AND_A01,31,Inga thibaudiana,Fabaceae,296361.3029,9717968.73,O,14.0,False,10.19,16.11,20130824.0,19.2,,False,20180322,6,16.71,16.11,measured,1.04,observed,0.0,19.2,16.11,14.0,False,O,16.11,measured,14.0,16.11,0.5786,53.1897,53.1897,51.3339,53.1897,53.1897,51.3339,
AND_A01,32,Cecropia palmata,Urticaceae,296363.8109,9717962.484,O,22.9,False,6.22,7.56,20130824.0,,,,20180322,6,,7.56,measured,0.36,site_median,0.0,,7.56,22.9,False,O,7.56,measured,22.9,7.56,0.3404,66.4197,66.4197,38.1959,66.4197,66.4197,38.1959,
AND_A01,33,Carapa guianensis,Meliaceae,296335.7899,9717975.601,O,53.2,False,17.84,31.32,20130824.0,,,,20180322,6,,31.32,measured,0.36,site_median,0.0,,31.32,53.2,False,O,31.32,measured,53.2,31.32,0.53,1378.3586,1378.3586,1221.1805,1378.3586,1378.3586,1221.1805,
AND_A01,34,Carapa guianensis,Meliaceae,296338.9318,9717966.321,O,43.4,False,14.89,21.6,20130824.0,,,,20180322,6,,21.6,measured,0.36,site_median,0.0,,21.6,43.4,False,O,21.6,measured,43.4,21.6,0.53,644.5662,644.5662,571.0645,644.5662,644.5662,571.0645,
AND_A01,35,Tetragastris panamensis,Burseraceae,296335.6901,9717968.905,O,38.7,False,19.67,28.43,20130824.0,39.5,,False,20180322,6,25.89,28.43,measured,0.16,observed,0.0,39.5,28.43,38.7,False,O,28.43,measured,38.7,28.43,0.7173,673.843,673.843,802.1707,673.843,673.843,802.1707,
AND_A01,36,Tetragastris panamensis,Burseraceae,296327.0276,9717945.56,O,45.5,False,13.15,21.26,20130824.0,46.4,,False,20180322,6,28.2,21.26,measured,0.18,observed,0.0,46.4,21.26,45.5,False,O,21.26,measured,45.5,21.26,0.7173,695.9863,695.9863,828.531,695.9863,695.9863,828.531,
AND_A01,37,Carapa guianensis,Meliaceae,296318.4277,9717952.631,O,52.0,False,30.44,37.44,20130824.0,55.7,,False,20180322,6,30.85,37.44,measured,0.74,observed,0.0,55.7,37.44,52.0,False,O,37.44,measured,52.0,37.44,0.53,1569.1881,1569.1881,1390.2491,1569.1881,1569.1881,1390.2491,
AND_A01,38,Tetragastris panamensis,Burseraceae,296335.9607,9717979.894,O,37.6,False,24.93,25.79,20130824.0,37.7,,False,20180322,6,25.24,25.79,measured,0.02,observed,0.0,37.7,25.79,37.6,False,O,25.79,measured,37.6,25.79,0.7173,579.1671,579.1671,689.4646,579.1671,579.1671,689.4646,
AND_A01,39,Sterculia pruriens,Malvaceae,296335.3885,9717976.494,O,45.1,False,25.16,30.73,20130824.0,46.1,,False,20180322,6,28.1,30.73,measured,0.2,observed,0.0,46.1,30.73,45.1,False,O,30.73,measured,45.1,30.73,0.4862,980.109,980.109,798.2338,980.109,980.109,798.2338,
AND_A01,40,Eschweilera coriacea,Lecythidaceae,296336.9435,9717982.405,O,43.3,False,20.18,27.88,20130824.0,44.3,,False,20180322,6,27.53,27.88,measured,0.2,observed,0.0,44.3,27.88,43.3,False,O,27.88,measured,43.3,27.88,0.8521,823.1724,823.1724,1159.2195,823.1724,823.1724,1159.2195,
AND_A01,41,Jacaratia spinosa,Caricaceae,296336.8992,9717952.797,O,36.7,False,15.59,16.49,20130824.0,39.7,,False,20180322,6,25.97,16.49,measured,0.6,observed,0.0,39.7,16.49,36.7,False,O,16.49,measured,36.7,16.49,0.265,357.023,357.023,160.8083,357.023,357.023,160.8083,
AND_A01,105,Inga alba,Fabaceae,296343.181,9717989.793,O,,,,,,24.5,19.33,,20180322,6,19.55,19.33,measured,0.36,site_median,0.0,24.5,19.33,,False,O,19.55,feldpausch,,19.55,0.5861,,,,,,,
AND_A01,106,Brosimum guianense,Moraceae,296339.4443,9717996.496,O,,,,,,19.5,16.85,,20180322,6,16.88,16.85,measured,0.36,site_median,0.0,19.5,16.85,,False,O,16.88,feldpausch,,16.88,0.8435,,,,,,,
AND_A01,107,Zollernia paraensis,Fabaceae,296336.0505,9717998.915,O,,,,,,10.1,11.22,,20180322,6,10.7,11.22,measured,0.36,site_median,0.0,10.1,11.22,,False,O,10.7,feldpausch,,10.7,0.99,,,,,,,
AND_A01,108,Protium hebetatum,Burseraceae,296336.1045,9717996.829,O,,,,,,18.5,16.32,,20180322,6,16.31,16.32,measured,0.36,site_median,0.0,18.5,16.32,,False,O,16.31,feldpausch,,16.31,0.5773,,,,,,,
AND_A01,109,Cordia scabrifolia,Boraginaceae,296336.4811,9717996.454,O,,,,,,13.1,13.2,,20180322,6,12.88,13.2,measured,0.36,site_median,0.0,13.1,13.2,,False,O,12.88,feldpausch,,12.88,0.474,,,,,,,
AND_A01,110,Simaba cedron,Simaroubaceae,296334.406,9717996.562,O,,,,,,10.3,11.36,,20180322,6,10.85,11.36,measured,0.36,site_median,0.0,10.3,11.36,,False,O,10.85,feldpausch,,10.85,0.4743,,,,,,,
AND_A01,111,Cordia scabrifolia,Boraginaceae,296333.479,9717995.027,O,,,,,,10.2,11.29,,20180322,6,10.78,11.29,measured,0.36,site_median,0.0,10.2,11.29,,False,O,10.78,feldpausch,,10.78,0.474,,,,,,,
AND_A01,112,Cordia scabrifolia,Boraginaceae,296332.631,9717995.738,O,,,,,,10.1,11.22,,20180322,6,10.7,11.22,measured,0.36,site_median,0.0,10.1,11.22,,False,O,10.7,feldpausch,,10.7,0.474,,,,,,,
AND_A01,113,Tetragastris panamensis,Burseraceae,296329.935,9717993.38,O,,,,,,17.0,15.5,,20180322,6,15.41,15.5,measured,0.36,site_median,0.0,17.0,15.5,,False,O,15.41,feldpausch,,15.41,0.7173,,,,,,,
AND_A01,114,Cordia scabrifolia,Boraginaceae,296337.1741,9717993.89,O,,,,,,13.7,13.57,,20180322,6,13.29,13.57,measured,0.36,site_median,0.0,13.7,13.57,,False,O,13.29,feldpausch,,13.29,0.474,,,,,,,
AND_A01,115,Tachigali paniculata,Fabaceae,296341.9148,9717989.068,O,,,,,,13.1,13.2,,20180322,6,12.88,13.2,measured,0.36,site_median,0.0,13.1,13.2,,False,O,12.88,feldpausch,,12.88,0.5545,,,,,,,
AND_A01,116,Cordia scabrifolia,Boraginaceae,296345.945,9717990.706,O,,,,,,12.0,12.5,,20180322,6,12.11,12.5,measured,0.36,site_median,0.0,12.0,12.5,,False,O,12.11,feldpausch,,12.11,0.474,,,,,,,
AND_A01,117,Lecythis idatimon,Lecythidaceae,296347.2978,9717987.041,O,,,,,,14.6,14.12,,20180322,6,13.89,14.12,measured,0.36,site_median,0.0,14.6,14.12,,False,O,13.89,feldpausch,,13.89,0.7986,,,,,,,
AND_A01,118,Simarouba amara,Simaroubaceae,296348.3544,9717987.998,O,,,,,,25.6,19.84,,20180322,6,20.09,19.84,measured,0.36,site_median,0.0,25.6,19.84,,False,O,20.09,feldpausch,,20.09,0.3833,,,,,,,
AND_A01,119,,,296360.0726,9717969.491,O,,,,,,11.1,11.91,,20180322,6,11.45,11.91,measured,0.36,site_median,0.0,11.1,11.91,,False,O,11.45,feldpausch,,11.45,0.633,,,,,,,
AND_A01,120,,,296360.8485,9717968.122,O,,,,,,10.9,11.77,,20180322,6,11.3,11.77,measured,0.36,site_median,0.0,10.9,11.77,,False,O,11.3,feldpausch,,11.3,0.633,,,,,,,
AND_A01,121,Cecropia palmata,Urticaceae,296353.7007,9717971.31,O,,,,,,22.7,18.47,,20180322,6,18.63,18.47,measured,0.36,site_median,0.0,22.7,18.47,,False,O,18.63,feldpausch,,18.63,0.3404,,,,,,,
AND_A01,122,Tetragastris panamensis,Burseraceae,296352.979,9717972.28,O,,,,,,12.9,13.07,,20180322,6,12.74,13.07,measured,0.36,site_median,0.0,12.9,13.07,,False,O,12.74,feldpausch,,12.74,0.7173,,,,,,,
AND_A01,123,Inga alba,Fabaceae,296348.8141,9717974.796,O,,,,,,11.9,12.43,,20180322,6,12.03,12.43,measured,0.36,site_median,0.0,11.9,12.43,,False,O,12.03,feldpausch,,12.03,0.5861,,,,,,,
AND_A01,124,Tachigali myrmecophila,Fabaceae,296346.1828,9717979.207,O,,,,,,11.7,12.3,,20180322,6,11.89,12.3,measured,0.36,site_median,0.0,11.7,12.3,,False,O,11.89,feldpausch,,11.89,0.476,,,,,,,
AND_A01,125,Jacaratia spinosa,Caricaceae,296346.5627,9717980.733,O,,,,,,27.4,20.66,,20180322,6,20.95,20.66,measured,0.36,site_median,0.0,27.4,20.66,,False,O,20.95,feldpausch,,20.95,0.265,,,,,,,
AND_A01,126,Pouteria guianensis,Sapotaceae,296347.7282,9717980.681,O,,,,,,12.0,12.5,,20180322,6,12.11,12.5,measured,0.36,site_median,0.0,12.0,12.5,,False,O,12.11,feldpausch,,12.11,0.9295,,,,,,,
AND_A01,127,,,296352.0711,9717984.876,O,,,,,,10.7,11.64,,20180322,6,11.15,11.64,measured,0.36,site_median,0.0,10.7,11.64,,False,O,11.15,feldpausch,,11.15,0.633,,,,,,,
AND_A01,128,,,296346.8109,9717983.786,O,,,,,,15.6,14.7,True,20180322,6,14.54,14.7,measured,0.36,site_median,0.0,15.6,14.7,,False,O,14.54,feldpausch,,14.54,0.633,,,,,,,
AND_A01,129,Simarouba amara,Simaroubaceae,296343.5403,9717986.039,O,,,,,,26.1,20.07,,20180322,6,20.34,20.07,measured,0.36,site_median,0.0,26.1,20.07,,False,O,20.34,feldpausch,,20.34,0.3833,,,,,,,
AND_A01,130,Gustavia augusta,Lecythidaceae,296343.2156,9717984.853,O,,,,,,11.5,12.17,,20180322,6,11.75,12.17,measured,0.36,site_median,0.0,11.5,12.17,,False,O,11.75,feldpausch,,11.75,0.65,,,,,,,
AND_A01,131,Tetragastris panamensis,Burseraceae,296336.9284,9717980.077,O,,,,,,31.2,22.29,,20180322,6,22.65,22.29,measured,0.36,site_median,0.0,31.2,22.29,,False,O,22.65,feldpausch,,22.65,0.7173,,,,,,,
AND_A01,132,Inga thibaudiana,Fabaceae,296341.9743,9717978.124,O,,,,,,10.7,11.64,,20180322,6,11.15,11.64,measured,0.36,site_median,0.0,10.7,11.64,,False,O,11.15,feldpausch,,11.15,0.5786,,,,,,,
AND_A01,133,,,296344.034,9717975.798,O,,,,,,24.1,19.14,True,20180322,6,19.35,19.14,measured,0.36,site_median,0.0,24.1,19.14,,False,O,19.35,feldpausch,,19.35,0.633,,,,,,,
AND_A01,134,Cordia scabrifolia,Boraginaceae,296350.8256,9717978.044,O,,,,,,15.5,14.65,,20180322,6,14.47,14.65,measured,0.36,site_median,0.0,15.5,14.65,,False,O,14.47,feldpausch,,14.47,0.474,,,,,,,
AND_A01,135,Pouteria sp.,Sapotaceae,296349.3479,9717974.276,O,,,,,,25.8,19.93,,20180322,6,20.19,19.93,measured,0.36,site_median,0.0,25.8,19.93,,False,O,20.19,feldpausch,,20.19,0.7187,,,,,,,
AND_A01,136,Cordia scabrifolia,Boraginaceae,296345.4292,9717967.924,O,,,,,,38.6,25.21,,20180322,6,25.57,25.21,measured,0.36,site_median,0.0,38.6,25.21,,False,O,25.57,feldpausch,,25.57,0.474,,,,,,,
AND_A01,137,,,296349.344,9717967.415,O,,,,,,21.5,17.87,True,20180322,6,17.99,17.87,measured,0.36,site_median,0.0,21.5,17.87,,False,O,17.99,feldpausch,,17.99,0.633,,,,,,,
AND_A01,138,Eriotheca globosa,Malvaceae,296352.1141,9717964.328,O,,,,,,11.0,11.84,,20180322,6,11.38,11.84,measured,0.36,site_median,0.0,11.0,11.84,,False,O,11.38,feldpausch,,11.38,0.41,,,,,,,
AND_A01,139,Tetragastris panamensis,Burseraceae,296358.7753,9717961.786,O,,,,,,21.4,17.82,,20180322,6,17.94,17.82,measured,0.36,site_median,0.0,21.4,17.82,,False,O,17.94,feldpausch,,17.94,0.7173,,,,,,,
AND_A01,140,Tetragastris panamensis,Burseraceae,296356.8874,9717958.899,O,,,,,,27.4,20.66,,20180322,6,20.95,20.66,measured,0.36,site_median,0.0,27.4,20.66,,False,O,20.95,feldpausch,,20.95,0.7173,,,,,,,
AND_A01,141,Gustavia augusta,Lecythidaceae,296358.2773,9717958.942,O,,,,,,11.0,11.84,,20180322,6,11.38,11.84,measured,0.36,site_median,0.0,11.0,11.84,,False,O,11.38,feldpausch,,11.38,0.65,,,,,,,
AND_A01,142,Pouteria sp.,Sapotaceae,296353.5139,9717956.455,O,,,,,,10.5,11.5,,20180322,6,11.0,11.5,measured,0.36,site_median,0.0,10.5,11.5,,False,O,11.0,feldpausch,,11.0,0.7187,,,,,,,
AND_A01,143,Inga alba,Fabaceae,296330.27,9717990.245,O,,,,,,45.1,27.54,,20180322,6,27.79,27.54,measured,0.36,site_median,0.0,45.1,27.54,,False,O,27.79,feldpausch,,27.79,0.5861,,,,,,,
AND_A01,42,Himatanthus sucuuba,Euphorbiaceae,296411.0481,9717851.286,O,14.0,False,7.94,12.43,20130824.0,14.3,,False,20180322,7,13.69,12.43,measured,0.06,observed,0.0,14.3,12.43,14.0,False,O,12.43,measured,14.0,12.43,0.462,41.2959,41.2959,31.9979,41.2959,41.2959,31.9979,
AND_A01,43,Gustavia poeppigiana,Lecythidaceae,296396.4672,9717864.643,O,11.0,False,4.85,7.55,20130824.0,11.2,,False,20180322,7,11.53,7.55,measured,0.04,observed,0.0,11.2,7.55,11.0,False,O,7.55,measured,11.0,7.55,0.6414,15.8539,15.8539,16.9211,15.8539,15.8539,16.9211,
AND_A01,44,Eschweilera coriacea,Lecythidaceae,296411.0459,9717852.934,O,11.0,False,7.85,11.91,20130824.0,,,True,20180322,7,,11.91,measured,0.36,site_median,0.0,,11.91,11.0,False,O,11.91,measured,11.0,11.91,0.8521,24.7371,24.7371,34.8357,24.7371,24.7371,34.8357,
AND_A01,45,Pouteria sp.,Sapotaceae,296410.4806,9717846.201,O,17.3,False,8.29,12.06,20130824.0,17.8,,False,20180322,7,15.89,12.06,measured,0.1,observed,0.0,17.8,12.06,17.3,False,O,12.06,measured,17.3,12.06,0.7187,60.6068,60.6068,72.2858,60.6068,60.6068,72.2858,
AND_A01,46,Licania guianensis,Chrysobalanaceae,296413.9544,9717846.579,O,12.6,False,9.14,12.03,20130824.0,,,True,20180322,7,,12.03,measured,0.36,site_median,0.0,,12.03,12.6,False,O,12.03,measured,12.6,12.03,0.8165,32.5629,32.5629,43.986,32.5629,32.5629,43.986,
AND_A01,47,Euterpe oleracea,Arecaceae,296413.8624,9717842.644,P,12.2,False,14.31,17.95,20130824.0,,,True,20180322,7,,17.95,measured,0.36,site_median,0.0,,17.95,12.2,False,P,17.95,measured,12.2,17.95,0.3877,45.1858,18.2902,18.2902,45.1858,18.2902,18.2902,
AND_A01,48,Euterpe oleracea,Arecaceae,296413.0352,9717841.341,P,12.8,False,13.37,15.93,20130824.0,12.8,,False,20180322,7,12.67,15.93,measured,0.0,observed,0.0,12.8,15.93,12.8,False,P,15.93,measured,12.8,15.93,0.3877,44.1669,20.87,20.87,44.1669,20.87,20.87,
AND_A01,49,Sterculia pruriens,Malvaceae,296415.0032,9717842.118,O,11.4,False,8.92,10.21,20130824.0,,,,20180322,7,,10.21,measured,0.36,site_median,0.0,,10.21,11.4,False,O,10.21,measured,11.4,10.21,0.4862,22.8217,22.8217,18.5868,22.8217,22.8217,18.5868,
AND_A01,50,Licania canescens,Chrysobalanaceae,296417.2235,9717834.195,O,12.7,False,13.37,16.77,20130824.0,,,True,20180322,7,,16.77,measured,0.36,site_median,0.0,,16.77,12.7,False,O,16.77,measured,12.7,16.77,0.88,45.733,45.733,66.4614,45.733,45.733,66.4614,
AND_A01,51,Pouteria gongrijpii,Sapotaceae,296419.9323,9717832.741,O,22.1,False,20.88,25.17,20130824.0,23.6,,False,20180322,7,19.1,25.17,measured,0.3,observed,0.0,23.6,25.17,22.1,False,O,25.17,measured,22.1,25.17,0.7994,200.4363,200.4363,265.2153,200.4363,200.4363,265.2153,
AND_A01,52,,,296419.0343,9717831.983,O,53.0,True,,21.54,20130824.0,,,True,20180322,7,,21.54,measured,0.36,site_median,0.0,,21.54,53.0,True,O,21.54,measured,53.0,21.54,0.633,949.5,696.9573,696.9573,949.5,696.9573,696.9573,
AND_A01,53,Sagotia racemosa,Euphorbiaceae,296419.8155,9717831.319,O,11.6,False,9.02,11.65,20130824.0,,,True,20180322,7,,11.65,measured,0.36,site_median,0.0,,11.65,11.6,False,O,11.65,measured,11.6,11.65,0.58,26.8545,26.8545,25.9805,26.8545,26.8545,25.9805,
AND_A01,54,Pseudopiptadenia suaveolens,Fabaceae,296405.4849,9717824.876,O,49.4,False,12.25,18.07,20130824.0,,,True,20180322,7,,18.07,measured,0.36,site_median,0.0,,18.07,49.4,False,O,18.07,measured,49.4,18.07,0.6797,697.2794,697.2794,787.5566,697.2794,697.2794,787.5566,
AND_A01,144,,,296398.0778,9717867.743,O,,,,,,16.6,15.27,True,20180322,7,15.16,15.27,measured,0.36,site_median,0.0,16.6,15.27,,False,O,15.16,feldpausch,,15.16,0.633,,,,,,,
AND_A01,145,Eriotheca globosa,Malvaceae,296399.0383,9717861.806,O,,,,,,13.0,13.14,,20180322,7,12.81,13.14,measured,0.36,site_median,0.0,13.0,13.14,,False,O,12.81,feldpausch,,12.81,0.41,,,,,,,
AND_A01,146,Brosimum acutifolium,Moraceae,296395.0878,9717863.363,O,,,,,,11.3,12.04,,20180322,7,11.6,12.04,measured,0.36,site_median,0.0,11.3,12.04,,False,O,11.6,feldpausch,,11.6,0.6403,,,,,,,
AND_A01,147,Cordia scabrifolia,Boraginaceae,296403.0211,9717858.338,O,,,,,,18.5,16.32,,20180322,7,16.31,16.32,measured,0.36,site_median,0.0,18.5,16.32,,False,O,16.31,feldpausch,,16.31,0.474,,,,,,,
AND_A01,148,Eriotheca globosa,Malvaceae,296397.5561,9717858.05,O,,,,,,12.3,12.69,,20180322,7,12.32,12.69,measured,0.36,site_median,0.0,12.3,12.69,,False,O,12.32,feldpausch,,12.32,0.41,,,,,,,
AND_A01,149,Vatairea sericea,Fabaceae,296396.6998,9717859.68,O,,,,,,11.4,12.11,,20180322,7,11.67,12.11,measured,0.36,site_median,0.0,11.4,12.11,,False,O,11.67,feldpausch,,11.67,0.665,,,,,,,
AND_A01,150,Cecropia palmata,Urticaceae,296393.6371,9717857.082,O,,,,,,27.6,20.74,,20180322,7,21.05,20.74,measured,0.36,site_median,0.0,27.6,20.74,,False,O,21.05,feldpausch,,21.05,0.3404,,,,,,,
AND_A01,151,Pouteria sp.,Sapotaceae,296390.4225,9717859.705,O,,,,,,11.5,12.17,,20180322,7,11.75,12.17,measured,0.36,site_median,0.0,11.5,12.17,,False,O,11.75,feldpausch,,11.75,0.7187,,,,,,,
AND_A01,152,,,296397.709,9717853.033,O,,,,,,14.5,14.06,,20180322,7,13.82,14.06,measured,0.36,site_median,0.0,14.5,14.06,,False,O,13.82,feldpausch,,13.82,0.633,,,,,,,
AND_A01,153,Protium paniculatum,Burseraceae,296405.8222,9717856.091,O,,,,,,13.4,13.39,,20180322,7,13.08,13.39,measured,0.36,site_median,0.0,13.4,13.39,,False,O,13.08,feldpausch,,13.08,0.49,,,,,,,
AND_A01,154,Simaba cedron,Simaroubaceae,296407.0175,9717850.324,O,,,,,,14.9,14.29,,20180322,7,14.08,14.29,measured,0.36,site_median,0.0,14.9,14.29,,False,O,14.08,feldpausch,,14.08,0.4743,,,,,,,
AND_A01,155,,,296409.4874,9717851.173,O,,,,,,15.4,14.59,True,20180322,7,14.41,14.59,measured,0.36,site_median,0.0,15.4,14.59,,False,O,14.41,feldpausch,,14.41,0.633,,,,,,,
AND_A01,156,Tetragastris panamensis,Burseraceae,296405.442,9717849.622,O,,,,,,15.9,14.88,,20180322,7,14.73,14.88,measured,0.36,site_median,0.0,15.9,14.88,,False,O,14.73,feldpausch,,14.73,0.7173,,,,,,,
AND_A01,157,Pouteria guianensis,Sapotaceae,296409.5013,9717848.064,O,,,,,,22.2,18.22,,20180322,7,18.37,18.22,measured,0.36,site_median,0.0,22.2,18.22,,False,O,18.37,feldpausch,,18.37,0.9295,,,,,,,
AND_A01,158,Euterpe oleracea,Arecaceae,296412.0006,9717848.447,P,,,,,,11.0,11.84,,20180322,7,11.38,11.84,measured,0.36,site_median,0.0,11.0,11.84,,False,P,11.38,feldpausch,,11.38,0.3877,,,,,,,
AND_A01,159,Licania guianensis,Chrysobalanaceae,296405.9107,9717844.62,O,,,,,,21.8,18.02,,20180322,7,18.15,18.02,measured,0.36,site_median,0.0,21.8,18.02,,False,O,18.15,feldpausch,,18.15,0.8165,,,,,,,
AND_A01,160,,,296403.2599,9717845.554,O,,,,,,23.5,18.85,True,20180322,7,19.05,18.85,measured,0.36,site_median,0.0,23.5,18.85,,False,O,19.05,feldpausch,,19.05,0.633,,,,,,,
AND_A01,161,Tetragastris panamensis,Burseraceae,296405.2933,9717842.712,O,,,,,,16.0,14.93,,20180322,7,14.79,14.93,measured,0.36,site_median,0.0,16.0,14.93,,False,O,14.79,feldpausch,,14.79,0.7173,,,,,,,
AND_A01,162,Inga thibaudiana,Fabaceae,296408.4093,9717842.949,O,,,,,,11.7,12.3,,20180322,7,11.89,12.3,measured,0.36,site_median,0.0,11.7,12.3,,False,O,11.89,feldpausch,,11.89,0.5786,,,,,,,
AND_A01,163,Simaba cedron,Simaroubaceae,296412.7502,9717842.5,O,,,,,,11.1,11.91,,20180322,7,11.45,11.91,measured,0.36,site_median,0.0,11.1,11.91,,False,O,11.45,feldpausch,,11.45,0.4743,,,,,,,
AND_A01,164,Pouteria guianensis,Sapotaceae,296411.6725,9717839.823,O,,,,,,13.5,13.45,,20180322,7,13.15,13.45,measured,0.36,site_median,0.0,13.5,13.45,,False,O,13.15,feldpausch,,13.15,0.9295,,,,,,,
AND_A01,165,Euterpe oleracea,Arecaceae,296416.3543,9717839.137,P,,,,,,10.8,11.7,,20180322,7,11.23,11.7,measured,0.36,site_median,0.0,10.8,11.7,,False,P,11.23,feldpausch,,11.23,0.3877,,,,,,,
AND_A01,166,Euterpe oleracea,Arecaceae,296416.6093,9717838.652,P,,,,,,10.9,11.77,,20180322,7,11.3,11.77,measured,0.36,site_median,0.0,10.9,11.77,,False,P,11.3,feldpausch,,11.3,0.3877,,,,,,,
AND_A01,167,Tetragastris panamensis,Burseraceae,296413.5919,9717836.171,O,,,,,,22.7,18.47,,20180322,7,18.63,18.47,measured,0.36,site_median,0.0,22.7,18.47,,False,O,18.63,feldpausch,,18.63,0.7173,,,,,,,
AND_A01,168,Sterculia pruriens,Malvaceae,296412.6188,9717833.912,O,,,,,,22.1,18.17,,20180322,7,18.31,18.17,measured,0.36,site_median,0.0,22.1,18.17,,False,O,18.31,feldpausch,,18.31,0.4862,,,,,,,
AND_A01,169,,,296411.3316,9717831.223,O,,,,,,23.6,18.9,True,20180322,7,19.1,18.9,measured,0.36,site_median,0.0,23.6,18.9,,False,O,19.1,feldpausch,,19.1,0.633,,,,,,,
AND_A01,170,,,296410.1004,9717834.182,O,,,,,,16.1,14.99,True,20180322,7,14.85,14.99,measured,0.36,site_median,0.0,16.1,14.99,,False,O,14.85,feldpausch,,14.85,0.633,,,,,,,
AND_A01,171,,,296409.1419,9717837.445,O,,,,,,20.5,17.37,True,20180322,7,17.45,17.37,measured,0.36,site_median,0.0,20.5,17.37,,False,O,17.45,feldpausch,,17.45,0.633,,,,,,,
AND_A01,55,Virola mollissima,Myristicaceae,296459.3875,9717733.699,O,26.2,False,19.09,25.7,20130824.0,29.0,,False,20180322,8,21.68,25.7,measured,0.56,observed,0.0,29.0,25.7,26.2,False,O,25.7,measured,26.2,25.7,0.4734,285.154,285.154,226.2776,285.154,285.154,226.2776,
AND_A01,56,Sagotia racemosa,Euphorbiaceae,296463.8562,9717727.014,O,14.0,False,11.13,16.25,20130824.0,14.4,,False,20180322,8,13.76,16.25,measured,0.08,observed,0.0,14.4,16.25,14.0,False,O,16.25,measured,14.0,16.25,0.58,53.6408,53.6408,51.895,53.6408,53.6408,51.895,
AND_A01,57,Pourouma minor,Urticaceae,296460.4137,9717726.899,O,36.0,False,23.86,31.03,20130824.0,,,True,20180322,8,,31.03,measured,0.36,site_median,0.0,,31.03,36.0,False,O,31.03,measured,36.0,31.03,0.436,637.2975,637.2975,466.6652,637.2975,637.2975,466.6652,
AND_A01,58,Minquartia guianensis,Olacaceae,296459.0427,9717725.172,O,50.2,False,18.22,25.59,20130824.0,,,True,20180322,8,,25.59,measured,0.36,site_median,0.0,,25.59,50.2,False,O,25.59,measured,50.2,25.59,0.7867,1010.441,1010.441,1316.2935,1010.441,1010.441,1316.2935,
AND_A01,59,Parkia sp.,Fabaceae,296463.0298,9717724.598,O,71.5,False,26.72,41.03,20130824.0,76.2,,False,20180322,8,35.35,41.03,measured,0.94,observed,0.0,76.2,41.03,71.5,False,O,41.03,measured,71.5,41.03,0.4553,3194.8698,3194.8698,2440.6052,3194.8698,3194.8698,2440.6052,
AND_A01,60,Protium paniculatum,Burseraceae,296465.3638,9717722.898,O,24.9,False,19.89,26.76,20130824.0,,,True,20180322,8,,26.76,measured,0.36,site_median,0.0,,26.76,24.9,False,O,26.76,measured,24.9,26.76,0.49,268.5767,268.5767,220.4063,268.5767,268.5767,220.4063,
AND_A01,61,Pourouma minor,Urticaceae,296469.9539,9717717.591,O,33.6,False,22.52,29.39,20130824.0,37.5,,False,20180322,8,25.16,29.39,measured,0.78,observed,0.0,37.5,29.39,33.6,False,O,29.39,measured,33.6,29.39,0.436,528.2479,528.2479,386.8129,528.2479,528.2479,386.8129,
AND_A01,62,Pouteria gongrijpii,Sapotaceae,296469.9867,9717715.899,O,17.4,False,7.76,10.2,20130824.0,18.4,,False,20180322,8,16.25,10.2,measured,0.2,observed,0.0,18.4,10.2,17.4,False,O,10.2,measured,17.4,10.2,0.7994,52.0483,52.0483,68.8698,52.0483,52.0483,68.8698,
AND_A01,63,Eschweilera coriacea,Lecythidaceae,296462.1721,9717706.884,O,70.6,False,24.52,31.3,20130824.0,61.5,,False,20180322,8,32.29,31.3,measured,0.0,observed,0.0,61.5,31.3,70.6,False,O,31.3,measured,70.6,31.3,0.8521,2393.1986,2393.1986,3370.1841,2393.1986,2393.1986,3370.1841,
AND_A01,64,Protium paniculatum,Burseraceae,296462.1011,9717702.36,O,41.7,False,24.08,32.47,20130824.0,,,True,20180322,8,,32.47,measured,0.36,site_median,0.0,,32.47,41.7,False,O,32.47,measured,41.7,32.47,0.49,887.5094,887.5094,728.3309,887.5094,887.5094,728.3309,
AND_A01,65,Neea oppositifolia,Nyctaginaceae,296471.8608,9717709.613,O,35.0,False,27.31,31.19,20130824.0,36.1,,False,20180322,8,24.63,31.19,measured,0.22,observed,0.0,36.1,31.19,35.0,False,O,31.19,measured,35.0,31.19,0.893,606.2343,606.2343,893.7086,606.2343,606.2343,893.7086,
AND_A01,66,Parkia sp.,Fabaceae,296473.8595,9717700.726,O,82.1,False,26.33,44.72,20130824.0,,,True,20180322,8,,44.72,measured,0.36,site_median,0.0,,44.72,82.1,False,O,44.72,measured,82.1,44.72,0.4553,4551.4344,4551.4344,3476.9036,4551.4344,4551.4344,3476.9036,
AND_A01,67,,,296475.6572,9717699.25,O,74.0,True,,27.17,20130824.0,,,True,20180322,8,,27.17,measured,0.36,site_median,0.0,,27.17,74.0,True,O,27.17,measured,74.0,27.17,0.633,2284.9279,1642.889,1642.889,2284.9279,1642.889,1642.889,
AND_A01,68,Carapa guianensis,Meliaceae,296478.2912,9717698.337,O,38.3,False,22.55,31.3,20130824.0,,,True,20180322,8,,31.3,measured,0.36,site_median,0.0,,31.3,38.3,False,O,31.3,measured,38.3,31.3,0.53,725.2971,725.2971,642.5895,725.2971,725.2971,642.5895,
AND_A01,69,Eschweilera coriacea,Lecythidaceae,296481.2303,9717696.551,O,30.3,False,22.95,41.79,20130824.0,33.2,,False,20180322,8,23.48,41.79,measured,0.58,observed,0.0,33.2,41.79,30.3,False,O,41.79,measured,30.3,41.79,0.8521,608.7,608.7,857.1922,608.7,608.7,857.1922,
AND_A01,70,Micrandra minor,Euphorbiaceae,296461.7809,9717691.315,O,48.2,False,29.07,42.2,20130824.0,50.0,,False,20180322,8,29.28,42.2,measured,0.36,observed,0.0,50.0,42.2,48.2,False,O,42.2,measured,48.2,42.2,0.41,1520.8047,1520.8047,1048.757,1520.8047,1520.8047,1048.757,
AND_A01,71,Inga thibaudiana,Fabaceae,296456.1711,9717686.844,O,40.2,False,29.64,39.41,20130824.0,43.5,,False,20180322,8,27.27,39.41,measured,0.66,observed,0.0,43.5,39.41,40.2,False,O,39.41,measured,40.2,39.41,0.5786,998.2098,998.2098,963.3814,998.2098,998.2098,963.3814,
AND_A01,72,,,296452.8204,9717691.681,O,38.3,True,,6.47,20130824.0,,,True,20180322,8,,6.47,measured,0.36,site_median,0.0,,6.47,38.3,True,O,6.47,measured,38.3,6.47,0.633,155.7067,136.0745,136.0745,155.7067,136.0745,136.0745,
AND_A01,73,Eschweilera coriacea,Lecythidaceae,296445.4793,9717679.093,O,38.7,False,21.1,32.46,20130824.0,45.0,,False,20180322,8,27.76,32.46,measured,1.26,observed,0.0,45.0,32.46,38.7,False,O,32.46,measured,38.7,32.46,0.8521,766.9175,766.9175,1079.9994,766.9175,766.9175,1079.9994,
AND_A01,74,Eschweilera coriacea,Lecythidaceae,296440.5864,9717680.176,O,66.0,False,24.74,35.46,20130824.0,,,True,20180322,8,,35.46,measured,0.36,site_median,0.0,,35.46,66.0,False,O,35.46,measured,66.0,35.46,0.8521,2370.0388,2370.0388,3337.5696,2370.0388,2370.0388,3337.5696,
AND_A01,75,Trichilia micrantha,Meliaceae,296433.1269,9717684.47,O,36.2,False,28.66,35.96,20130824.0,39.2,,False,20180322,8,25.79,35.96,measured,0.6,observed,0.0,39.2,35.96,36.2,False,O,35.96,measured,36.2,35.96,0.6125,743.9433,743.9433,759.0664,743.9433,743.9433,759.0664,
AND_A01,76,,,296472.1569,9717692.658,O,38.3,True,,28.1,20130824.0,,,True,20180322,8,,28.1,measured,0.36,site_median,0.0,,28.1,38.3,True,O,28.1,measured,38.3,28.1,0.633,652.8329,452.3752,452.3752,652.8329,452.3752,452.3752,
AND_A01,77,,,296418.4429,9717718.767,O,65.0,True,,24.89,20130824.0,,,True,20180322,8,,24.89,measured,0.36,site_median,0.0,,24.89,65.0,True,O,24.89,measured,65.0,24.89,0.633,1628.5004,1179.871,1179.871,1628.5004,1179.871,1179.871,
AND_A01,78,,,296455.7144,9717732.931,O,36.8,True,,16.36,20130824.0,,,True,20180322,8,,16.36,measured,0.36,site_median,0.0,,16.36,36.8,True,O,16.36,measured,36.8,16.36,0.633,356.1625,268.3057,268.3057,356.1625,268.3057,268.3057,
AND_A01,79,Tetragastris panamensis,Burseraceae,296426.6829,9717719.76,O,60.7,False,17.11,29.69,20130824.0,,,True,20180322,8,,29.69,measured,0.36,site_median,0.0,,29.69,60.7,False,O,29.69,measured,60.7,29.69,0.7173,1692.4372,1692.4372,2014.7476,1692.4372,1692.4372,2014.7476,
AND_A01,80,Lecythis idatimon,Lecythidaceae,296426.1644,9717718.527,O,49.3,False,22.06,31.01,20130824.0,,,True,20180322,8,,31.01,measured,0.36,site_median,0.0,,31.01,49.3,False,O,31.01,measured,49.3,31.01,0.7986,1176.5316,1176.5316,1555.1999,1176.5316,1176.5316,1555.1999,
AND_A01,81,Eschweilera coriacea,Lecythidaceae,296428.6176,9717713.217,O,53.5,False,21.1,29.53,20130824.0,,,True,20180322,8,,29.53,measured,0.36,site_median,0.0,,29.53,53.5,False,O,29.53,measured,53.5,29.53,0.8521,1315.7834,1315.7834,1852.9311,1315.7834,1315.7834,1852.9311,
AND_A01,172,,,296455.7067,9717727.619,O,,,,,,14.4,14.0,True,20180322,8,13.76,14.0,measured,0.36,site_median,0.0,14.4,14.0,,False,O,13.76,feldpausch,,13.76,0.633,,,,,,,
AND_A01,173,Eschweilera coriacea,Lecythidaceae,296462.5606,9717731.604,O,,,,,,30.1,21.83,,20180322,8,22.17,21.83,measured,0.36,site_median,0.0,30.1,21.83,,False,O,22.17,feldpausch,,22.17,0.8521,,,,,,,
AND_A01,174,,,296461.1665,9717720.664,O,,,,,,33.2,23.12,True,20180322,8,23.48,23.12,measured,0.36,site_median,0.0,33.2,23.12,,False,O,23.48,feldpausch,,23.48,0.633,,,,,,,
AND_A01,175,Aspidosperma parvifolium,Apocynaceae,296463.4715,9717716.934,O,,,,,,15.5,14.65,,20180322,8,14.47,14.65,measured,0.36,site_median,0.0,15.5,14.65,,False,O,14.47,feldpausch,,14.47,0.781,,,,,,,
AND_A01,176,,,296458.875,9717716.233,O,,,,,,14.8,14.23,True,20180322,8,14.02,14.23,measured,0.36,site_median,0.0,14.8,14.23,,False,O,14.02,feldpausch,,14.02,0.633,,,,,,,
AND_A01,177,,,296462.0544,9717712.731,O,,,,,,31.3,22.34,True,20180322,8,22.69,22.34,measured,0.36,site_median,0.0,31.3,22.34,,False,O,22.69,feldpausch,,22.69,0.633,,,,,,,
AND_A01,178,,,296466.1766,9717707.7,O,,,,,,14.8,14.23,,20180322,8,14.02,14.23,measured,0.36,site_median,0.0,14.8,14.23,,False,O,14.02,feldpausch,,14.02,0.633,,,,,,,
AND_A01,179,Protium hebetatum,Burseraceae,296464.0522,9717709.883,O,,,,,,15.0,14.35,,20180322,8,14.15,14.35,measured,0.36,site_median,0.0,15.0,14.35,,False,O,14.15,feldpausch,,14.15,0.5773,,,,,,,
AND_A01,180,Pouteria gongrijpii,Sapotaceae,296461.2914,9717706.423,O,,,,,,15.7,14.76,,20180322,8,14.6,14.76,measured,0.36,site_median,0.0,15.7,14.76,,False,O,14.6,feldpausch,,14.6,0.7994,,,,,,,
AND_A01,181,Neea oppositifolia,Nyctaginaceae,296461.745,9717700.778,O,,,,,,18.2,16.16,,20180322,8,16.13,16.16,measured,0.36,site_median,0.0,18.2,16.16,,False,O,16.13,feldpausch,,16.13,0.893,,,,,,,
AND_A01,182,,,296468.9641,9717698.976,O,,,,,,20.5,17.37,,20180322,8,17.45,17.37,measured,0.36,site_median,0.0,20.5,17.37,,False,O,17.45,feldpausch,,17.45,0.633,,,,,,,
AND_A01,183,,,296464.49,9717694.219,O,,,,,,19.7,16.95,True,20180322,8,17.0,16.95,measured,0.36,site_median,0.0,19.7,16.95,,False,O,17.0,feldpausch,,17.0,0.633,,,,,,,
AND_A01,1,Eschweilera coriacea,Lecythidaceae,296104.3633,9718059.254,O,38.5,False,19.48,30.78,20130826.0,41.7,,False,20180323,9,26.66,30.78,measured,0.64,observed,0.0,41.7,30.78,38.5,False,O,30.78,measured,38.5,30.78,0.8521,720.8256,720.8256,1015.0912,720.8256,720.8256,1015.0912,
AND_A01,2,Couepia sp.,Chrysobalanaceae,296104.0191,9718059.094,O,11.9,False,13.08,20.0,20130826.0,13.8,,False,20180323,9,13.36,20.0,measured,0.38,observed,0.0,13.8,20.0,11.9,False,O,20.0,measured,11.9,20.0,0.7861,47.8337,47.8337,62.2676,47.8337,47.8337,62.2676,
AND_A01,3,Eschweilera coriacea,Lecythidaceae,296108.1202,9718055.229,O,13.0,False,11.11,17.8,20130826.0,,,True,20180323,9,,17.8,measured,0.36,site_median,0.0,,17.8,13.0,False,O,17.8,measured,13.0,17.8,0.8521,50.7327,50.7327,71.4435,50.7327,50.7327,71.4435,
AND_A01,4,Lecythis idatimon,Lecythidaceae,296105.7779,9718051.556,O,19.3,False,14.67,25.14,20130826.0,20.4,,False,20180323,9,17.39,25.14,measured,0.22,observed,0.0,20.4,25.14,19.3,False,O,25.14,measured,19.3,25.14,0.7986,153.6827,153.6827,203.1457,153.6827,153.6827,203.1457,
AND_A01,5,Parkia sp.,Fabaceae,296109.4217,9718051.473,O,67.0,False,21.63,36.68,20130826.0,70.0,,False,20180323,9,34.15,36.68,measured,0.6,observed,0.0,70.0,36.68,67.0,False,O,36.68,measured,67.0,36.68,0.4553,2522.5613,2522.5613,1927.0194,2522.5613,2522.5613,1927.0194,
AND_A01,6,Poeppigia sp.,Fabaceae,296109.7616,9718048.159,O,26.1,False,16.82,27.31,20130826.0,29.7,,False,20180323,9,22.0,27.31,measured,0.72,observed,0.0,29.7,27.31,26.1,False,O,27.31,measured,26.1,27.31,0.735,300.326,300.326,366.1118,300.326,300.326,366.1118,
AND_A01,7,Eschweilera coriacea,Lecythidaceae,296108.2386,9718046.485,O,39.0,False,17.69,24.59,20130826.0,41.5,,False,20180323,9,26.59,24.59,measured,0.5,observed,0.0,41.5,24.59,39.0,False,O,24.59,measured,39.0,24.59,0.8521,593.7439,593.7439,836.1304,593.7439,593.7439,836.1304,
AND_A01,8,Lecythis idatimon,Lecythidaceae,296111.6957,9718045.933,O,44.3,False,23.95,31.83,20130826.0,46.5,,False,20180323,9,28.23,31.83,measured,0.44,observed,0.0,46.5,31.83,44.3,False,O,31.83,measured,44.3,31.83,0.7986,979.511,979.511,1294.7679,979.511,979.511,1294.7679,
AND_A01,9,Inga thibaudiana,Fabaceae,296113.3467,9718042.543,O,14.2,False,11.19,16.7,20130826.0,,,True,20180323,9,,16.7,measured,0.36,site_median,0.0,,16.7,14.2,False,O,16.7,measured,14.2,16.7,0.5786,56.6368,56.6368,54.6607,56.6368,56.6368,54.6607,
AND_A01,10,Pouteria sp.,Sapotaceae,296117.9351,9718034.881,O,10.9,False,6.54,10.4,20130826.0,,,True,20180323,9,,10.4,measured,0.36,site_median,0.0,,10.4,10.9,False,O,10.4,measured,10.9,10.4,0.7187,21.2883,21.2883,25.3906,21.2883,21.2883,25.3906,
AND_A01,11,Inga thibaudiana,Fabaceae,296116.8765,9718030.892,O,40.2,False,14.44,27.05,20130826.0,,,True,20180323,9,,27.05,measured,0.36,site_median,0.0,,27.05,40.2,False,O,27.05,measured,40.2,27.05,0.5786,691.3615,691.3615,667.2393,691.3615,691.3615,667.2393,
AND_A01,12,Laetia procera,Salicaceae,296116.0242,9718030.441,O,16.8,False,15.56,22.45,20130826.0,17.0,,False,20180323,9,15.41,22.45,measured,0.04,observed,0.0,17.0,22.45,16.8,False,O,22.45,measured,16.8,22.45,0.6481,104.9667,104.9667,113.1719,104.9667,104.9667,113.1719,
AND_A01,13,,,296120.3143,9718030.221,O,12.2,False,4.47,6.94,20130826.0,,,True,20180323,9,,6.94,measured,0.36,site_median,0.0,,6.94,12.2,False,O,6.94,measured,12.2,6.94,0.633,17.8732,17.8732,18.8334,17.8732,17.8732,18.8334,
AND_A01,14,Pouteria sp.,Sapotaceae,296119.2197,9718028.279,O,15.2,False,16.68,21.07,20130826.0,15.4,,False,20180323,9,14.41,21.07,measured,0.04,observed,0.0,15.4,21.07,15.2,False,O,21.07,measured,15.2,21.07,0.7187,81.1551,81.1551,96.7938,81.1551,81.1551,96.7938,
AND_A01,15,Protium paniculatum,Burseraceae,296122.3266,9718026.094,O,14.0,False,17.23,16.6,20130826.0,,,True,20180323,9,,16.6,measured,0.36,site_median,0.0,,16.6,14.0,False,O,16.6,measured,14.0,16.6,0.49,54.7682,54.7682,44.9453,54.7682,54.7682,44.9453,
AND_A01,16,Protium paniculatum,Burseraceae,296118.7042,9718025.803,O,12.8,False,14.39,21.98,20130826.0,,,True,20180323,9,,21.98,measured,0.36,site_median,0.0,,21.98,12.8,False,O,21.98,measured,12.8,21.98,0.49,60.4719,60.4719,49.626,60.4719,60.4719,49.626,
AND_A01,17,Protium paniculatum,Burseraceae,296118.8076,9718024.704,O,25.3,False,19.08,25.78,20130826.0,,,True,20180323,9,,25.78,measured,0.36,site_median,0.0,,25.78,25.3,False,O,25.78,measured,25.3,25.78,0.49,267.1555,267.1555,219.24,267.1555,267.1555,219.24,
AND_A01,18,Couratari stellata,Lecythidaceae,296115.9702,9718019.457,O,43.2,False,19.09,27.92,20130826.0,43.2,,False,20180323,9,27.17,27.92,measured,0.0,observed,0.0,43.2,27.92,43.2,False,O,27.92,measured,43.2,27.92,0.6331,820.613,820.613,864.8254,820.613,820.613,864.8254,
AND_A01,19,Carapa guianensis,Meliaceae,296100.33,9718016.292,O,49.0,False,18.43,34.17,20130826.0,51.5,,False,20180323,9,29.71,34.17,measured,0.5,observed,0.0,51.5,34.17,49.0,False,O,34.17,measured,49.0,34.17,0.53,1278.0885,1278.0885,1132.3445,1278.0885,1278.0885,1132.3445,
AND_A01,20,Terminalia amazonia,Combretaceae,296097.4009,9718017.972,O,73.0,False,34.8,48.11,20130826.0,75.8,,False,20180323,9,35.28,48.11,measured,0.56,observed,0.0,75.8,48.11,73.0,False,O,48.11,measured,73.0,48.11,0.6735,3886.2311,3886.2311,4350.2128,3886.2311,3886.2311,4350.2128,
AND_A01,21,Caryocar glabrum,Caryocaraceae,296099.1045,9718018.883,O,70.6,False,20.2,36.39,20130826.0,70.6,,False,20180323,9,34.27,36.39,measured,0.0,observed,0.0,70.6,36.39,70.6,False,O,36.39,measured,70.6,36.39,0.6536,2772.3366,2772.3366,3013.6746,2772.3366,2772.3366,3013.6746,
AND_A01,22,Lecythis idatimon,Lecythidaceae,296096.0746,9718013.992,O,40.9,False,19.5,28.9,20130826.0,42.1,,False,20180323,9,26.8,28.9,measured,0.24,observed,0.0,42.1,28.9,40.9,False,O,28.9,measured,40.9,28.9,0.7986,762.7477,762.7477,1008.239,762.7477,762.7477,1008.239,
AND_A01,23,Inga thibaudiana,Fabaceae,296085.0633,9718012.485,O,50.8,False,25.34,33.09,20130826.0,,,True,20180323,9,,33.09,measured,0.36,site_median,0.0,,33.09,50.8,False,O,33.09,measured,50.8,33.09,0.5786,1329.0175,1329.0175,1282.6469,1329.0175,1329.0175,1282.6469,
AND_A01,24,Eschweilera coriacea,Lecythidaceae,296085.5032,9718013.825,O,42.2,False,20.2,31.32,20130826.0,45.3,,False,20180323,9,27.85,31.32,measured,0.62,observed,0.0,45.3,31.32,42.2,False,O,31.32,measured,42.2,31.32,0.8521,876.9859,876.9859,1235.0016,876.9859,876.9859,1235.0016,
AND_A01,25,Manilkara huberi,Sapotaceae,296088.7748,9718004.493,O,48.5,False,23.34,32.59,20130826.0,50.2,,False,20180323,9,29.34,32.59,measured,0.34,observed,0.0,50.2,32.59,48.5,False,O,32.59,measured,48.5,32.59,0.9214,1196.1865,1196.1865,1818.0591,1196.1865,1196.1865,1818.0591,
AND_A01,27,Eschweilera coriacea,Lecythidaceae,296075.9586,9718029.823,O,57.1,False,17.92,33.85,20130826.0,66.7,,False,20180323,9,33.46,33.85,measured,1.92,observed,0.0,66.7,33.85,57.1,False,O,33.85,measured,57.1,33.85,0.8521,1707.1184,1707.1184,2404.0224,1707.1184,1707.1184,2404.0224,
AND_A01,28,Licania canescens,Chrysobalanaceae,296070.1136,9718037.903,O,43.0,False,28.52,35.81,20130826.0,,,True,20180323,9,,35.81,measured,0.36,site_median,0.0,,35.81,43.0,False,O,35.81,measured,43.0,35.81,0.88,1036.8104,1036.8104,1506.7417,1036.8104,1036.8104,1506.7417,
AND_A01,29,Lecythis idatimon,Lecythidaceae,296068.9801,9718047.119,O,41.2,False,15.67,23.8,20130826.0,42.3,,False,20180323,9,26.87,23.8,measured,0.22,observed,0.0,42.3,23.8,41.2,False,O,23.8,measured,41.2,23.8,0.7986,640.1462,640.1462,846.1781,640.1462,640.1462,846.1781,
AND_A01,30,Jacaranda copaia,Bignoniaceae,296084.4425,9718052.094,O,55.3,False,19.69,30.3,20130826.0,,,True,20180323,9,,30.3,measured,0.36,site_median,0.0,,30.3,55.3,False,O,30.3,measured,55.3,30.3,0.3507,1439.2895,1439.2895,852.098,1439.2895,1439.2895,852.098,
AND_A01,31,Pouteria oppositifolia,Sapotaceae,296088.7737,9718034.011,O,51.8,False,17.76,27.63,20130826.0,,,True,20180323,9,,27.63,measured,0.36,site_median,0.0,,27.63,51.8,False,O,27.63,measured,51.8,27.63,0.65,1157.7642,1157.7642,1251.8374,1157.7642,1157.7642,1251.8374,
AND_A01,83,,,296097.0344,9718058.722,O,,,,,,35.9,24.19,,20180323,9,24.56,24.19,measured,0.36,site_median,0.0,35.9,24.19,,False,O,24.56,feldpausch,,24.56,0.633,,,,,,,
AND_A01,84,Pouteria sp.,Sapotaceae,296097.4789,9718056.052,O,,,,,,14.2,13.88,,20180323,9,13.62,13.88,measured,0.36,site_median,0.0,14.2,13.88,,False,O,13.62,feldpausch,,13.62,0.7187,,,,,,,
AND_A01,85,Eschweilera coriacea,Lecythidaceae,296096.305,9718058.489,O,,,,,,10.5,11.5,,20180323,9,11.0,11.5,measured,0.36,site_median,0.0,10.5,11.5,,False,O,11.0,feldpausch,,11.0,0.8521,,,,,,,
AND_A01,86,Lecythis idatimon,Lecythidaceae,296102.6668,9718050.988,O,,,,,,27.5,20.7,,20180323,9,21.0,20.7,measured,0.36,site_median,0.0,27.5,20.7,,False,O,21.0,feldpausch,,21.0,0.7986,,,,,,,
AND_A01,87,,,296105.983,9718042.368,O,,,,,,28.0,20.92,True,20180323,9,21.23,20.92,measured,0.36,site_median,0.0,28.0,20.92,,False,O,21.23,feldpausch,,21.23,0.633,,,,,,,
AND_A01,88,,,296104.5583,9718041.138,O,,,,,,46.5,28.02,True,20180323,9,28.23,28.02,measured,0.36,site_median,0.0,46.5,28.02,,False,O,28.23,feldpausch,,28.23,0.633,,,,,,,
AND_A01,89,,,296104.6798,9718040.886,O,,,,,,45.3,27.61,,20180323,9,27.85,27.61,measured,0.36,site_median,0.0,45.3,27.61,,False,O,27.85,feldpausch,,27.85,0.633,,,,,,,
AND_A01,90,Pouteria sp.,Sapotaceae,296097.8864,9718049.944,O,,,,,,11.8,12.37,,20180323,9,11.96,12.37,measured,0.36,site_median,0.0,11.8,12.37,,False,O,11.96,feldpausch,,11.96,0.7187,,,,,,,
AND_A01,91,Inga alba,Fabaceae,296095.9512,9718048.918,O,,,,,,29.7,21.66,,20180323,9,22.0,21.66,measured,0.36,site_median,0.0,29.7,21.66,,False,O,22.0,feldpausch,,22.0,0.5861,,,,,,,
AND_A01,92,Pouteria caimito,Sapotaceae,296095.1307,9718053.927,O,,,,,,11.1,11.91,,20180323,9,11.45,11.91,measured,0.36,site_median,0.0,11.1,11.91,,False,O,11.45,feldpausch,,11.45,0.805,,,,,,,
AND_A01,93,Pouteria guianensis,Sapotaceae,296092.2082,9718054.535,O,,,,,,11.5,12.17,,20180323,9,11.75,12.17,measured,0.36,site_median,0.0,11.5,12.17,,False,O,11.75,feldpausch,,11.75,0.9295,,,,,,,
AND_A01,94,Pouteria caimito,Sapotaceae,296100.6981,9718057.243,O,,,,,,17.8,15.94,,20180323,9,15.89,15.94,measured,0.36,site_median,0.0,17.8,15.94,,False,O,15.89,feldpausch,,15.89,0.805,,,,,,,
AND_A01,95,Pouteria caimito,Sapotaceae,296101.5858,9718053.662,O,,,,,,14.2,13.88,,20180323,9,13.62,13.88,measured,0.36,site_median,0.0,14.2,13.88,,False,O,13.62,feldpausch,,13.62,0.805,,,,,,,
AND_A01,96,Manilkara bidentata,Sapotaceae,296101.5504,9718044.962,O,,,,,,23.6,18.9,,20180323,9,19.1,18.9,measured,0.36,site_median,0.0,23.6,18.9,,False,O,19.1,feldpausch,,19.1,0.8729,,,,,,,
AND_A01,97,,,296101.8435,9718044.794,O,,,,,,11.6,12.24,True,20180323,9,11.82,12.24,measured,0.36,site_median,0.0,11.6,12.24,,False,O,11.82,feldpausch,,11.82,0.633,,,,,,,
AND_A01,98,,,296101.6315,9718044.794,L,,,,,,14.2,13.88,,20180323,9,13.62,13.88,measured,0.36,site_median,0.0,14.2,13.88,,False,L,13.62,feldpausch,,13.62,0.633,,,,,,,
AND_A01,99,,,296096.6464,9718039.723,O,,,,,,10.5,11.5,,20180323,9,11.0,11.5,measured,0.36,site_median,0.0,10.5,11.5,,False,O,11.0,feldpausch,,11.0,0.633,,,,,,,
AND_A01,100,Pouteria guianensis,Sapotaceae,296097.5845,9718039.977,O,,,,,,13.0,13.14,,20180323,9,12.81,13.14,measured,0.36,site_median,0.0,13.0,13.14,,False,O,12.81,feldpausch,,12.81,0.9295,,,,,,,
AND_A01,101,Carapa guianensis,Meliaceae,296098.9071,9718038.317,O,,,,,,18.4,16.27,,20180323,9,16.25,16.27,measured,0.36,site_median,0.0,18.4,16.27,,False,O,16.25,feldpausch,,16.25,0.53,,,,,,,
AND_A01,102,Lecythis idatimon,Lecythidaceae,296104.8545,9718039.199,O,,,,,,20.8,17.52,,20180323,9,17.61,17.52,measured,0.36,site_median,0.0,20.8,17.52,,False,O,17.61,feldpausch,,17.61,0.7986,,,,,,,
AND_A01,103,Poeppigia procera,Fabaceae,296110.921,9718034.352,O,,,,,,20.9,17.57,,20180323,9,17.67,17.57,measured,0.36,site_median,0.0,20.9,17.57,,False,O,17.67,feldpausch,,17.67,0.735,,,,,,,
AND_A01,104,Licania guianensis,Chrysobalanaceae,296116.7693,9718035.516,O,,,,,,10.0,11.15,,20180323,9,10.62,11.15,measured,0.36,site_median,0.0,10.0,11.15,,False,O,10.62,feldpausch,,10.62,0.8165,,,,,,,
AND_A01,105,Pouteria sp.,Sapotaceae,296117.7596,9718034.582,O,,,,,,12.7,12.95,,20180323,9,12.6,12.95,measured,0.36,site_median,0.0,12.7,12.95,,False,O,12.6,feldpausch,,12.6,0.7187,,,,,,,
AND_A01,106,,,296117.2507,9718022.593,O,,,,,,10.5,11.5,True,20180323,9,11.0,11.5,measured,0.36,site_median,0.0,10.5,11.5,,False,O,11.0,feldpausch,,11.0,0.633,,,,,,,
AND_A01,107,Tetragastris panamensis,Burseraceae,296112.4298,9718016.76,O,,,,,,12.9,13.07,,20180323,9,12.74,13.07,measured,0.36,site_median,0.0,12.9,13.07,,False,O,12.74,feldpausch,,12.74,0.7173,,,,,,,
AND_A01,108,,,296109.8993,9718016.438,O,,,,,,17.0,15.5,,20180323,9,15.41,15.5,measured,0.36,site_median,0.0,17.0,15.5,,False,O,15.41,feldpausch,,15.41,0.633,,,,,,,
AND_A01,109,Carapa guianensis,Meliaceae,296106.9977,9718019.145,O,,,,,,33.5,23.24,,20180323,9,23.61,23.24,measured,0.36,site_median,0.0,33.5,23.24,,False,O,23.61,feldpausch,,23.61,0.53,,,,,,,
AND_A01,110,Euterpe oleracea,Arecaceae,296108.6366,9718023.553,P,,,,,,10.1,11.22,,20180323,9,10.7,11.22,measured,0.36,site_median,0.0,10.1,11.22,,False,P,10.7,feldpausch,,10.7,0.3877,,,,,,,
AND_A01,111,Pouteria caimito,Sapotaceae,296108.0888,9718025.811,O,,,,,,13.7,13.57,,20180323,9,13.29,13.57,measured,0.36,site_median,0.0,13.7,13.57,,False,O,13.29,feldpausch,,13.29,0.805,,,,,,,
AND_A01,112,Lecythis idatimon,Lecythidaceae,296112.372,9718029.136,O,,,,,,29.1,21.4,,20180323,9,21.73,21.4,measured,0.36,site_median,0.0,29.1,21.4,,False,O,21.73,feldpausch,,21.73,0.7986,,,,,,,
AND_A01,113,Protium hebetatum,Burseraceae,296113.4406,9718023.59,O,,,,,,15.4,14.59,,20180323,9,14.41,14.59,measured,0.36,site_median,0.0,15.4,14.59,,False,O,14.41,feldpausch,,14.41,0.5773,,,,,,,
AND_A01,32,,,296167.3354,9717916.291,O,23.7,True,,8.5,20130826.0,,,True,20180323,10,,8.5,measured,0.36,site_median,0.0,,8.5,23.7,True,O,8.5,measured,23.7,8.5,0.633,79.631,65.136,65.136,79.631,65.136,65.136,
AND_A01,34,Eschweilera coriacea,Lecythidaceae,296163.0488,9717909.179,O,55.0,False,28.92,32.74,20130826.0,,,,20180323,10,,32.74,measured,0.36,site_median,0.0,,32.74,55.0,False,O,32.74,measured,55.0,32.74,0.8521,1535.9089,1535.9089,2162.9194,1535.9089,1535.9089,2162.9194,
AND_A01,35,Tetragastris panamensis,Burseraceae,296174.5827,9717906.558,O,38.8,False,17.51,23.28,20130826.0,,,True,20180323,10,,23.28,measured,0.36,site_median,0.0,,23.28,38.8,False,O,23.28,measured,38.8,23.28,0.7173,557.2314,557.2314,663.3515,557.2314,557.2314,663.3515,
AND_A01,36,Sagotia racemosa,Euphorbiaceae,296174.4883,9717906.524,O,11.7,False,7.33,12.41,20130826.0,,,True,20180323,10,,12.41,measured,0.36,site_median,0.0,,12.41,11.7,False,O,12.41,measured,11.7,12.41,0.58,29.0456,29.0456,28.1003,29.0456,29.0456,28.1003,
AND_A01,37,Protium heptaphyllum,Burseraceae,296172.2233,9717905.699,O,16.8,False,9.03,13.83,20130826.0,,,True,20180323,10,,13.83,measured,0.36,site_median,0.0,,13.83,16.8,False,O,13.83,measured,16.8,13.83,0.6293,65.4194,65.4194,68.5356,65.4194,65.4194,68.5356,
AND_A01,39,Couratari stellata,Lecythidaceae,296175.347,9717898.799,O,12.6,False,11.9,13.55,20130826.0,,,True,20180323,10,,13.55,measured,0.36,site_median,0.0,,13.55,12.6,False,O,13.55,measured,12.6,13.55,0.6331,36.5727,36.5727,38.5431,36.5727,36.5727,38.5431,
AND_A01,40,Protium paniculatum,Burseraceae,296177.0552,9717898.189,O,16.1,False,12.78,16.31,20130826.0,,,True,20180323,10,,16.31,measured,0.36,site_median,0.0,,16.31,16.1,False,O,16.31,measured,16.1,16.31,0.49,70.7196,70.7196,58.0358,70.7196,70.7196,58.0358,
AND_A01,41,,,296173.1535,9717896.033,O,43.0,True,,2.37,20130826.0,,,True,20180323,10,,2.37,measured,0.36,site_median,0.0,,2.37,43.0,True,O,2.37,measured,43.0,2.37,0.633,73.2395,75.4294,75.4294,73.2395,75.4294,75.4294,
AND_A01,42,Eschweilera coriacea,Lecythidaceae,296177.6616,9717895.319,O,17.4,False,13.63,18.35,20130826.0,,,True,20180323,10,,18.35,measured,0.36,site_median,0.0,,18.35,17.4,False,O,18.35,measured,17.4,18.35,0.8521,92.3255,92.3255,130.0159,92.3255,92.3255,130.0159,
AND_A01,43,Eperua bijuga,Fabaceae,296177.1656,9717890.8,O,15.3,False,14.64,15.55,20130826.0,17.1,,False,20180323,10,15.47,15.55,measured,0.36,observed,0.0,17.1,15.55,15.3,False,O,15.55,measured,15.3,15.55,0.729,61.1093,61.1093,73.9016,61.1093,61.1093,73.9016,
AND_A01,44,Carapa guianensis,Meliaceae,296166.2743,9717885.729,O,53.2,False,14.42,23.13,20130826.0,53.8,,False,20180323,10,30.35,23.13,measured,0.12,observed,0.0,53.8,23.13,53.2,False,O,23.13,measured,53.2,23.13,0.53,1025.3582,1025.3582,908.4337,1025.3582,1025.3582,908.4337,
AND_A01,45,Dimorphandra macrostachya,Fabaceae,296176.2169,9717887.555,O,18.1,False,13.96,18.36,20130826.0,22.5,,False,20180323,10,18.53,18.36,measured,0.88,observed,0.0,22.5,18.36,18.1,False,O,18.36,measured,18.1,18.36,0.695,99.7675,99.7675,115.1571,99.7675,99.7675,115.1571,
AND_A01,46,Lecythis idatimon,Lecythidaceae,296179.438,9717885.962,O,11.2,False,7.33,9.65,20130826.0,11.3,,False,20180323,10,11.6,9.65,measured,0.02,observed,0.0,11.3,9.65,11.2,False,O,9.65,measured,11.2,9.65,0.7986,20.8657,20.8657,27.5814,20.8657,20.8657,27.5814,
AND_A01,47,Banara guianensis,Salicaceae,296182.6375,9717881.474,O,14.4,False,13.08,16.05,20130826.0,,,True,20180323,10,,16.05,measured,0.36,site_median,0.0,,16.05,14.4,False,O,16.05,measured,14.4,16.05,0.61,55.9922,55.9922,56.9029,55.9922,55.9922,56.9029,
AND_A01,48,Inga grandis,Fabaceae,296183.0631,9717880.29,O,12.2,False,10.91,15.75,20130826.0,15.8,,False,20180323,10,14.66,15.75,measured,0.72,observed,0.0,15.8,15.75,12.2,False,O,15.75,measured,12.2,15.75,0.5786,39.7723,39.7723,38.3846,39.7723,39.7723,38.3846,
AND_A01,49,Simarouba amara,Simaroubaceae,296182.8879,9717877.846,O,11.1,False,12.11,15.22,20130826.0,,,True,20180323,10,,15.22,measured,0.36,site_median,0.0,,15.22,11.1,False,O,15.22,measured,11.1,15.22,0.3833,31.9866,31.9866,20.6568,31.9866,31.9866,20.6568,
AND_A01,50,,,296158.8941,9717876.955,O,57.0,True,,6.12,20130826.0,,,True,20180323,10,,6.12,measured,0.36,site_median,0.0,,6.12,57.0,True,O,6.12,measured,57.0,6.12,0.633,320.4777,287.9863,287.9863,320.4777,287.9863,287.9863,
AND_A01,51,Eschweilera coriacea,Lecythidaceae,296143.2814,9717864.838,O,41.2,False,19.06,28.49,20130826.0,43.7,,False,20180323,10,27.33,28.49,measured,0.5,observed,0.0,43.7,28.49,41.2,False,O,28.49,measured,41.2,28.49,0.8521,762.9918,762.9918,1074.4712,762.9918,762.9918,1074.4712,
AND_A01,52,Lecythis idatimon,Lecythidaceae,296136.1889,9717886.309,O,37.6,False,20.39,32.53,20130826.0,38.0,,False,20180323,10,25.35,32.53,measured,0.08,observed,0.0,38.0,32.53,37.6,False,O,32.53,measured,37.6,32.53,0.7986,726.4682,726.4682,960.283,726.4682,726.4682,960.283,
AND_A01,53,Pouteria gongrijpii,Sapotaceae,296138.6637,9717888.26,O,40.8,False,22.73,32.73,20130826.0,40.8,,False,20180323,10,26.35,32.73,measured,0.0,observed,0.0,40.8,32.73,40.8,False,O,32.73,measured,40.8,32.73,0.7994,857.1496,857.1496,1134.1717,857.1496,857.1496,1134.1717,
AND_A01,54,Eschweilera coriacea,Lecythidaceae,296138.218,9717892.275,O,48.0,False,20.61,26.98,20130826.0,,,True,20180323,10,,26.98,measured,0.36,site_median,0.0,,26.98,48.0,False,O,26.98,measured,48.0,26.98,0.8521,974.8561,974.8561,1372.8257,974.8561,974.8561,1372.8257,
AND_A01,114,Eperua bijuga,Fabaceae,296168.8349,9717921.972,O,,,,,,10.7,11.64,,20180323,10,11.15,11.64,measured,0.36,site_median,0.0,10.7,11.64,,False,O,11.15,feldpausch,,11.15,0.729,,,,,,,
AND_A01,115,Pouteria sp.,Sapotaceae,296159.223,9717920.288,O,,,,,,23.5,18.85,,20180323,10,19.05,18.85,measured,0.36,site_median,0.0,23.5,18.85,,False,O,19.05,feldpausch,,19.05,0.7187,,,,,,,
AND_A01,116,,,296154.6674,9717917.422,O,,,,,,11.2,11.97,True,20180323,10,11.53,11.97,measured,0.36,site_median,0.0,11.2,11.97,,False,O,11.53,feldpausch,,11.53,0.633,,,,,,,
AND_A01,117,Eperua bijuga,Fabaceae,296154.5459,9717913.349,O,,,,,,10.7,11.64,,20180323,10,11.15,11.64,measured,0.36,site_median,0.0,10.7,11.64,,False,O,11.15,feldpausch,,11.15,0.729,,,,,,,
AND_A01,118,Pouteria sp.,Sapotaceae,296155.1217,9717913.245,O,,,,,,16.6,15.27,,20180323,10,15.16,15.27,measured,0.36,site_median,0.0,16.6,15.27,,False,O,15.16,feldpausch,,15.16,0.7187,,,,,,,
AND_A01,119,Eschweilera coriacea,Lecythidaceae,296155.2557,9717912.88,O,,,,,,12.7,12.95,,20180323,10,12.6,12.95,measured,0.36,site_median,0.0,12.7,12.95,,False,O,12.6,feldpausch,,12.6,0.8521,,,,,,,
AND_A01,120,Cordia scabrifolia,Boraginaceae,296158.9817,9717912.979,O,,,,,,27.6,20.74,,20180323,10,21.05,20.74,measured,0.36,site_median,0.0,27.6,20.74,,False,O,21.05,feldpausch,,21.05,0.474,,,,,,,
AND_A01,121,Sacoglottis guianensis,Humiriaceae,296161.6096,9717916.09,O,,,,,,13.2,13.26,,20180323,10,12.95,13.26,measured,0.36,site_median,0.0,13.2,13.26,,False,O,12.95,feldpausch,,12.95,0.8359,,,,,,,
AND_A01,122,Lecythis idatimon,Lecythidaceae,296160.7631,9717911.038,O,,,,,,16.4,15.16,,20180323,10,15.04,15.16,measured,0.36,site_median,0.0,16.4,15.16,,False,O,15.04,feldpausch,,15.04,0.7986,,,,,,,
AND_A01,123,Eperua bijuga,Fabaceae,296163.7186,9717913.238,O,,,,,,11.9,12.43,,20180323,10,12.03,12.43,measured,0.36,site_median,0.0,11.9,12.43,,False,O,12.03,feldpausch,,12.03,0.729,,,,,,,
AND_A01,124,Eriotheca globosa,Malvaceae,296162.9917,9717910.81,O,,,,,,11.5,12.17,,20180323,10,11.75,12.17,measured,0.36,site_median,0.0,11.5,12.17,,False,O,11.75,feldpausch,,11.75,0.41,,,,,,,
AND_A01,125,Pouteria gongrijpii,Sapotaceae,296162.6268,9717911.813,O,,,,,,15.4,14.59,,20180323,10,14.41,14.59,measured,0.36,site_median,0.0,15.4,14.59,,False,O,14.41,feldpausch,,14.41,0.7994,,,,,,,
AND_A01,126,,,296164.3937,9717908.427,O,,,,,,23.0,18.61,True,20180323,10,18.79,18.61,measured,0.36,site_median,0.0,23.0,18.61,,False,O,18.79,feldpausch,,18.79,0.633,,,,,,,
AND_A01,127,Pouteria sp.,Sapotaceae,296167.2331,9717909.454,O,,,,,,12.5,12.82,,20180323,10,12.46,12.82,measured,0.36,site_median,0.0,12.5,12.82,,False,O,12.46,feldpausch,,12.46,0.7187,,,,,,,
AND_A01,128,Poeppigia procera,Fabaceae,296168.1135,9717905.545,O,,,,,,19.0,16.59,,20180323,10,16.6,16.59,measured,0.36,site_median,0.0,19.0,16.59,,False,O,16.6,feldpausch,,16.6,0.735,,,,,,,
AND_A01,129,Inga thibaudiana,Fabaceae,296165.6531,9717904.96,O,,,,,,14.7,14.18,,20180323,10,13.95,14.18,measured,0.36,site_median,0.0,14.7,14.18,,False,O,13.95,feldpausch,,13.95,0.5786,,,,,,,
AND_A01,130,Eperua bijuga,Fabaceae,296166.0921,9717901.401,O,,,,,,10.7,11.64,,20180323,10,11.15,11.64,measured,0.36,site_median,0.0,10.7,11.64,,False,O,11.15,feldpausch,,11.15,0.729,,,,,,,
AND_A01,131,Sagotia racemosa,Euphorbiaceae,296166.2196,9717901.344,O,,,,,,13.2,13.26,,20180323,10,12.95,13.26,measured,0.36,site_median,0.0,13.2,13.26,,False,O,12.95,feldpausch,,12.95,0.58,,,,,,,
AND_A01,132,Inga thibaudiana,Fabaceae,296167.9315,9717901.039,O,,,,,,14.7,14.18,,20180323,10,13.95,14.18,measured,0.36,site_median,0.0,14.7,14.18,,False,O,13.95,feldpausch,,13.95,0.5786,,,,,,,
AND_A01,133,,,296163.2755,9717899.752,O,,,,,,15.5,14.65,True,20180323,10,14.47,14.65,measured,0.36,site_median,0.0,15.5,14.65,,False,O,14.47,feldpausch,,14.47,0.633,,,,,,,
AND_A01,134,,,296164.3667,9717895.597,O,,,,,,13.2,13.26,True,20180323,10,12.95,13.26,measured,0.36,site_median,0.0,13.2,13.26,,False,O,12.95,feldpausch,,12.95,0.633,,,,,,,
AND_A01,135,Eriotheca globosa,Malvaceae,296168.3714,9717893.963,O,,,,,,13.4,13.39,,20180323,10,13.08,13.39,measured,0.36,site_median,0.0,13.4,13.39,,False,O,13.08,feldpausch,,13.08,0.41,,,,,,,
AND_A01,136,,,296167.6807,9717890.603,O,,,,,,20.3,17.26,,20180323,10,17.33,17.26,measured,0.36,site_median,0.0,20.3,17.26,,False,O,17.33,feldpausch,,17.33,0.633,,,,,,,
AND_A01,137,Pouteria sp.,Sapotaceae,296168.6511,9717890.858,O,,,,,,26.7,20.34,,20180323,10,20.62,20.34,measured,0.36,site_median,0.0,26.7,20.34,,False,O,20.62,feldpausch,,20.62,0.7187,,,,,,,
AND_A01,138,Lecythis idatimon,Lecythidaceae,296164.903,9717888.022,O,,,,,,12.4,12.76,,20180323,10,12.39,12.76,measured,0.36,site_median,0.0,12.4,12.76,,False,O,12.39,feldpausch,,12.39,0.7986,,,,,,,
AND_A01,139,Inga thibaudiana,Fabaceae,296168.6796,9717887.865,O,,,,,,16.0,14.93,,20180323,10,14.79,14.93,measured,0.36,site_median,0.0,16.0,14.93,,False,O,14.79,feldpausch,,14.79,0.5786,,,,,,,
AND_A01,140,Oenocarpus bacaba,Arecaceae,296169.6152,9717888.211,P,,,,,,16.1,14.99,,20180323,10,14.85,14.99,measured,0.36,site_median,0.0,16.1,14.99,,False,P,14.85,feldpausch,,14.85,0.65,,,,,,,
AND_A01,141,Eriotheca globosa,Malvaceae,296171.5947,9717891.531,O,,,,,,17.7,15.89,,20180323,10,15.83,15.89,measured,0.36,site_median,0.0,17.7,15.89,,False,O,15.83,feldpausch,,15.83,0.41,,,,,,,
AND_A01,142,Tetragastris panamensis,Burseraceae,296178.1835,9717887.976,O,,,,,,10.5,11.5,,20180323,10,11.0,11.5,measured,0.36,site_median,0.0,10.5,11.5,,False,O,11.0,feldpausch,,11.0,0.7173,,,,,,,
AND_A01,143,Inga alba,Fabaceae,296178.4134,9717887.338,O,,,,,,12.1,12.56,,20180323,10,12.18,12.56,measured,0.36,site_median,0.0,12.1,12.56,,False,O,12.18,feldpausch,,12.18,0.5861,,,,,,,
AND_A01,144,Protium hebetatum,Burseraceae,296172.9362,9717883.748,O,,,,,,18.2,16.16,,20180323,10,16.13,16.16,measured,0.36,site_median,0.0,18.2,16.16,,False,O,16.13,feldpausch,,16.13,0.5773,,,,,,,
AND_A01,145,,,296174.1761,9717879.755,O,,,,,,29.9,21.74,True,20180323,10,22.09,21.74,measured,0.36,site_median,0.0,29.9,21.74,,False,O,22.09,feldpausch,,22.09,0.633,,,,,,,
AND_A01,146,,,296174.2158,9717879.355,O,,,,,,28.4,21.1,,20180323,10,21.41,21.1,measured,0.36,site_median,0.0,28.4,21.1,,False,O,21.41,feldpausch,,21.41,0.633,,,,,,,
AND_A01,147,Eriotheca globosa,Malvaceae,296175.9755,9717878.874,O,,,,,,17.5,15.78,,20180323,10,15.71,15.78,measured,0.36,site_median,0.0,17.5,15.78,,False,O,15.71,feldpausch,,15.71,0.41,,,,,,,
AND_A01,148,Hymenaea parvifolia,Fabaceae,296168.2584,9717872.239,O,,,,,,11.6,12.24,,20180323,10,11.82,12.24,measured,0.36,site_median,0.0,11.6,12.24,,False,O,11.82,feldpausch,,11.82,0.8774,,,,,,,
AND_A01,149,Eriotheca globosa,Malvaceae,296167.9188,9717878.349,O,,,,,,17.7,15.89,,20180323,10,15.83,15.89,measured,0.36,site_median,0.0,17.7,15.89,,False,O,15.83,feldpausch,,15.83,0.41,,,,,,,
AND_A01,150,Eriotheca globosa,Malvaceae,296172.0754,9717881.458,O,,,,,,10.5,11.5,,20180323,10,11.0,11.5,measured,0.36,site_median,0.0,10.5,11.5,,False,O,11.0,feldpausch,,11.0,0.41,,,,,,,
AND_A01,151,Eriotheca globosa,Malvaceae,296166.0148,9717880.65,O,,,,,,10.1,11.22,,20180323,10,10.7,11.22,measured,0.36,site_median,0.0,10.1,11.22,,False,O,10.7,feldpausch,,10.7,0.41,,,,,,,
AND_A01,152,Lecythis idatimon,Lecythidaceae,296164.8395,9717881.251,O,,,,,,25.7,19.89,,20180323,10,20.14,19.89,measured,0.36,site_median,0.0,25.7,19.89,,False,O,20.14,feldpausch,,20.14,0.7986,,,,,,,
AND_A01,153,Protium paniculatum,Burseraceae,296166.6721,9717882.037,O,,,,,,17.4,15.72,,20180323,10,15.65,15.72,measured,0.36,site_median,0.0,17.4,15.72,,False,O,15.65,feldpausch,,15.65,0.49,,,,,,,
AND_A01,154,Lecythis idatimon,Lecythidaceae,296166.9449,9717882.45,O,,,,,,11.5,12.17,,20180323,10,11.75,12.17,measured,0.36,site_median,0.0,11.5,12.17,,False,O,11.75,feldpausch,,11.75,0.7986,,,,,,,
AND_A01,155,Eperua bijuga,Fabaceae,296160.5921,9717872.379,O,,,,,,37.7,24.88,,20180323,10,25.24,24.88,measured,0.36,site_median,0.0,37.7,24.88,,False,O,25.24,feldpausch,,25.24,0.729,,,,,,,
AND_A01,55,Lecythis idatimon,Lecythidaceae,296223.1956,9717776.357,O,13.8,False,12.14,16.99,20130826.0,,,True,20180323,11,,16.99,measured,0.36,site_median,0.0,,16.99,13.8,False,O,16.99,measured,13.8,16.99,0.7986,54.472,54.472,72.0039,54.472,54.472,72.0039,
AND_A01,56,Diospyros guianensis,Ebenaceae,296225.6201,9717771.725,O,26.2,False,14.83,22.12,20130826.0,27.6,,False,20180323,11,21.05,22.12,measured,0.28,observed,0.0,27.6,22.12,26.2,False,O,22.12,measured,26.2,22.12,0.73,246.3174,246.3174,298.2789,246.3174,246.3174,298.2789,
AND_A01,57,Pouteria gongrijpii,Sapotaceae,296229.7272,9717766.516,O,65.1,False,17.51,24.53,20130826.0,,,True,20180323,11,,24.53,measured,0.36,site_median,0.0,,24.53,65.1,False,O,24.53,measured,65.1,24.53,0.7994,1610.3326,1610.3326,2130.7759,1610.3326,1610.3326,2130.7759,
AND_A01,58,Cecropia palmata,Urticaceae,296229.9605,9717762.698,O,13.0,False,14.68,16.93,20130826.0,,,True,20180323,11,,16.93,measured,0.36,site_median,0.0,,16.93,13.0,False,O,16.93,measured,13.0,16.93,0.3404,48.3111,48.3111,27.7823,48.3111,48.3111,27.7823,
AND_A01,59,Eschweilera coriacea,Lecythidaceae,296214.0494,9717753.252,O,56.8,False,17.11,27.65,20130826.0,57.8,,False,20180323,11,31.39,27.65,measured,0.2,observed,0.0,57.8,27.65,56.8,False,O,27.65,measured,56.8,27.65,0.8521,1386.8934,1386.8934,1953.0707,1386.8934,1386.8934,1953.0707,
AND_A01,60,Inga alba,Fabaceae,296234.8492,9717750.652,O,15.1,False,10.88,16.23,20130826.0,,,True,20180323,11,,16.23,measured,0.36,site_median,0.0,,16.23,15.1,False,O,16.23,measured,15.1,16.23,0.5861,62.1004,62.1004,60.697,62.1004,62.1004,60.697,
AND_A01,61,Inga alba,Fabaceae,296234.8492,9717750.652,O,16.4,False,9.46,17.01,20130826.0,,,True,20180323,11,,17.01,measured,0.36,site_median,0.0,,17.01,16.4,False,O,17.01,measured,16.4,17.01,0.5861,76.3842,76.3842,74.658,76.3842,76.3842,74.658,
AND_A01,62,Stryphnodendron paniculatum,Fabaceae,296199.4513,9717750.612,O,55.4,False,34.23,45.25,20130826.0,69.2,,False,20180323,11,33.99,45.25,measured,2.76,observed,0.0,69.2,45.25,55.4,False,O,45.25,measured,55.4,45.25,0.6535,2136.3652,2136.3652,2322.0928,2136.3652,2136.3652,2322.0928,
AND_A01,63,Cordia scabrifolia,Boraginaceae,296193.6237,9717754.885,O,49.2,False,30.27,40.23,20130826.0,53.3,,False,20180323,11,30.21,40.23,measured,0.82,observed,0.0,53.3,40.23,49.2,False,O,40.23,measured,49.2,40.23,0.474,1510.8363,1510.8363,1200.3322,1510.8363,1510.8363,1200.3322,
AND_A01,64,Couratari stellata,Lecythidaceae,296201.6713,9717758.3,O,68.0,False,25.97,38.55,20130826.0,69.5,,False,20180323,11,34.05,38.55,measured,0.3,observed,0.0,69.5,38.55,68.0,False,O,38.55,measured,68.0,38.55,0.6331,2725.6989,2725.6989,2872.5522,2725.6989,2725.6989,2872.5522,
AND_A01,156,Lecythis idatimon,Lecythidaceae,296219.2986,9717784.51,O,,,,,,13.5,13.45,,20180323,11,13.15,13.45,measured,0.36,site_median,0.0,13.5,13.45,,False,O,13.15,feldpausch,,13.15,0.7986,,,,,,,
AND_A01,157,Rinorea guianensis,Violaceae,296218.2769,9717782.581,O,,,,,,32.8,22.95,,20180323,11,23.32,22.95,measured,0.36,site_median,0.0,32.8,22.95,,False,O,23.32,feldpausch,,23.32,0.78,,,,,,,
AND_A01,158,Licania guianensis,Chrysobalanaceae,296219.38,9717777.062,O,,,,,,16.9,15.44,,20180323,11,15.35,15.44,measured,0.36,site_median,0.0,16.9,15.44,,False,O,15.35,feldpausch,,15.35,0.8165,,,,,,,
AND_A01,159,Micrandra minor,Euphorbiaceae,296218.667,9717775.679,O,,,,,,33.2,23.12,,20180323,11,23.48,23.12,measured,0.36,site_median,0.0,33.2,23.12,,False,O,23.48,feldpausch,,23.48,0.41,,,,,,,
AND_A01,160,Pouteria sp.,Sapotaceae,296217.5503,9717775.873,O,,,,,,13.5,13.45,,20180323,11,13.15,13.45,measured,0.36,site_median,0.0,13.5,13.45,,False,O,13.15,feldpausch,,13.15,0.7187,,,,,,,
AND_A01,161,Tetragastris panamensis,Burseraceae,296214.9996,9717774.931,O,,,,,,27.5,20.7,,20180323,11,21.0,20.7,measured,0.36,site_median,0.0,27.5,20.7,,False,O,21.0,feldpausch,,21.0,0.7173,,,,,,,
AND_A01,162,Oenocarpus bacaba,Arecaceae,296214.6404,9717774.783,P,,,,,,15.3,14.53,,20180323,11,14.34,14.53,measured,0.36,site_median,0.0,15.3,14.53,,False,P,14.34,feldpausch,,14.34,0.65,,,,,,,
AND_A01,163,Lecythis idatimon,Lecythidaceae,296208.3019,9717778.763,O,,,,,,32.5,22.83,,20180323,11,23.2,22.83,measured,0.36,site_median,0.0,32.5,22.83,,False,O,23.2,feldpausch,,23.2,0.7986,,,,,,,
AND_A01,164,Oenocarpus bacaba,Arecaceae,296209.3037,9717777.525,P,,,,,,16.8,15.39,,20180323,11,15.29,15.39,measured,0.36,site_median,0.0,16.8,15.39,,False,P,15.29,feldpausch,,15.29,0.65,,,,,,,
AND_A01,165,Pouteria cladantha,Sapotaceae,296216.1016,9717771.559,O,,,,,,21.5,17.87,,20180323,11,17.99,17.87,measured,0.36,site_median,0.0,21.5,17.87,,False,O,17.99,feldpausch,,17.99,0.9423,,,,,,,
AND_A01,166,,,296209.5989,9717770.064,O,,,,,,24.2,19.19,True,20180323,11,19.4,19.19,measured,0.36,site_median,0.0,24.2,19.19,,False,O,19.4,feldpausch,,19.4,0.633,,,,,,,
AND_A01,167,Lecythis idatimon,Lecythidaceae,296211.6011,9717767.593,O,,,,,,20.9,17.57,,20180323,11,17.67,17.57,measured,0.36,site_median,0.0,20.9,17.57,,False,O,17.67,feldpausch,,17.67,0.7986,,,,,,,
AND_A01,168,Tetragastris panamensis,Burseraceae,296213.9076,9717767.019,O,,,,,,22.2,18.22,,20180323,11,18.37,18.22,measured,0.36,site_median,0.0,22.2,18.22,,False,O,18.37,feldpausch,,18.37,0.7173,,,,,,,
AND_A01,169,Tachigali myrmecophila,Fabaceae,296218.9696,9717767.395,O,,,,,,14.7,14.18,,20180323,11,13.95,14.18,measured,0.36,site_median,0.0,14.7,14.18,,False,O,13.95,feldpausch,,13.95,0.476,,,,,,,
AND_A01,170,Luehea speciosa,Malvaceae,296219.4059,9717769.221,O,,,,,,15.4,14.59,,20180323,11,14.41,14.59,measured,0.36,site_median,0.0,15.4,14.59,,False,O,14.41,feldpausch,,14.41,0.5766,,,,,,,
AND_A01,171,Simaba cedron,Simaroubaceae,296214.642,9717761.376,O,,,,,,11.5,12.17,,20180323,11,11.75,12.17,measured,0.36,site_median,0.0,11.5,12.17,,False,O,11.75,feldpausch,,11.75,0.4743,,,,,,,
AND_A01,172,Lecythis lurida,Lecythidaceae,296214.0323,9717761.337,O,,,,,,14.5,14.06,,20180323,11,13.82,14.06,measured,0.36,site_median,0.0,14.5,14.06,,False,O,13.82,feldpausch,,13.82,0.8633,,,,,,,
AND_A01,173,Euterpe oleracea,Arecaceae,296217.705,9717761.803,P,,,,,,13.6,13.51,,20180323,11,13.22,13.51,measured,0.36,site_median,0.0,13.6,13.51,,False,P,13.22,feldpausch,,13.22,0.3877,,,,,,,
AND_A01,174,,,296218.4598,9717759.593,O,,,,,,13.3,13.32,,20180323,11,13.02,13.32,measured,0.36,site_median,0.0,13.3,13.32,,False,O,13.02,feldpausch,,13.02,0.633,,,,,,,
AND_A01,175,,,296223.1751,9717769.171,O,,,,,,15.1,14.41,True,20180323,11,14.21,14.41,measured,0.36,site_median,0.0,15.1,14.41,,False,O,14.21,feldpausch,,14.21,0.633,,,,,,,
AND_A01,176,,,296221.4313,9717755.699,O,,,,,,13.6,13.51,True,20180323,11,13.22,13.51,measured,0.36,site_median,0.0,13.6,13.51,,False,O,13.22,feldpausch,,13.22,0.633,,,,,,,
AND_A01,177,,,296220.1646,9717753.598,O,,,,,,23.3,18.76,True,20180323,11,18.94,18.76,measured,0.36,site_median,0.0,23.3,18.76,,False,O,18.94,feldpausch,,18.94,0.633,,,,,,,
AND_A01,178,Eperua bijuga,Fabaceae,296223.6527,9717757.219,O,,,,,,23.8,19.0,,20180323,11,19.2,19.0,measured,0.36,site_median,0.0,23.8,19.0,,False,O,19.2,feldpausch,,19.2,0.729,,,,,,,
AND_A01,179,Eriotheca globosa,Malvaceae,296223.3012,9717756.516,O,,,,,,,,,20180323,11,,,feldpausch_regional,0.36,site_median,0.0,,,,False,O,,feldpausch,,,0.41,,,,,,,
AND_A01,180,Eschweilera coriacea,Lecythidaceae,296222.2856,9717742.779,O,,,,,,32.0,22.63,,20180323,11,22.99,22.63,measured,0.36,site_median,0.0,32.0,22.63,,False,O,22.99,feldpausch,,22.99,0.8521,,,,,,,
AND_A01,181,,,296229.5886,9717742.211,O,,,,,,12.2,12.63,True,20180323,11,12.25,12.63,measured,0.36,site_median,0.0,12.2,12.63,,False,O,12.25,feldpausch,,12.25,0.633,,,,,,,
AND_A01,182,,,296230.7033,9717737.734,O,,,,,,10.8,11.7,True,20180323,11,11.23,11.7,measured,0.36,site_median,0.0,10.8,11.7,,False,O,11.23,feldpausch,,11.23,0.633,,,,,,,
AND_A01,183,Cordia scabrifolia,Boraginaceae,296226.7092,9717745.333,O,,,,,,13.2,13.26,,20180323,11,12.95,13.26,measured,0.36,site_median,0.0,13.2,13.26,,False,O,12.95,feldpausch,,12.95,0.474,,,,,,,
AND_A01,184,Cordia scabrifolia,Boraginaceae,296237.0595,9717744.963,O,,,,,,11.8,12.37,,20180323,11,11.96,12.37,measured,0.36,site_median,0.0,11.8,12.37,,False,O,11.96,feldpausch,,11.96,0.474,,,,,,,
AND_A01,185,Cordia scabrifolia,Boraginaceae,296238.5187,9717744.424,O,,,,,,13.6,13.51,,20180323,11,13.22,13.51,measured,0.36,site_median,0.0,13.6,13.51,,False,O,13.22,feldpausch,,13.22,0.474,,,,,,,
AND_A01,187,,,296229.4573,9717735.045,O,,,,,,15.0,14.35,True,20180323,11,14.15,14.35,measured,0.36,site_median,0.0,15.0,14.35,,False,O,14.15,feldpausch,,14.15,0.633,,,,,,,
AND_A01,188,Eriotheca globosa,Malvaceae,296225.5399,9717738.693,O,,,,,,12.8,13.01,,20180323,11,12.67,13.01,measured,0.36,site_median,0.0,12.8,13.01,,False,O,12.67,feldpausch,,12.67,0.41,,,,,,,
AND_A01,189,,,296224.5308,9717734.322,O,,,,,,23.2,18.71,True,20180323,11,18.89,18.71,measured,0.36,site_median,0.0,23.2,18.71,,False,O,18.89,feldpausch,,18.89,0.633,,,,,,,
AND_A01,65,Sagotia racemosa,Euphorbiaceae,296278.1762,9717644.475,O,10.1,False,5.7,9.6,20130826.0,10.7,,False,20180323,12,11.15,9.6,measured,0.12,observed,0.0,10.7,9.6,10.1,False,O,9.6,measured,10.1,9.6,0.58,16.9665,16.9665,16.4143,16.9665,16.9665,16.4143,
AND_A01,66,Lacunaria jenmanii,Quiinaceae,296279.3924,9717638.334,O,11.0,False,9.87,12.07,20130826.0,11.1,,False,20180323,12,11.45,12.07,measured,0.02,observed,0.0,11.1,12.07,11.0,False,O,12.07,measured,11.0,12.07,0.8043,25.0614,25.0614,33.3607,25.0614,25.0614,33.3607,
AND_A01,67,Lacunaria jenmanii,Quiinaceae,296282.3636,9717636.246,O,10.1,False,,6.58,20130826.0,10.6,,False,20180323,12,11.08,6.58,measured,0.1,observed,0.0,10.6,6.58,10.1,False,O,6.58,measured,10.1,6.58,0.8043,11.735,11.735,15.6212,11.735,11.735,15.6212,
AND_A01,68,Carapa guianensis,Meliaceae,296284.6538,9717622.86,O,12.4,False,12.77,20.85,20130826.0,15.4,,False,20180323,12,14.41,20.85,measured,0.6,observed,0.0,15.4,20.85,12.4,False,O,20.85,measured,12.4,20.85,0.53,53.9843,53.9843,47.8283,53.9843,53.9843,47.8283,
AND_A01,69,,,296275.3239,9717641.046,O,70.0,True,,21.47,20130826.0,,,True,20180323,12,,21.47,measured,0.36,site_median,0.0,,21.47,70.0,True,O,21.47,measured,70.0,21.47,0.633,1629.1465,1212.5347,1212.5347,1629.1465,1212.5347,1212.5347,
AND_A01,70,,,296277.3739,9717646.802,L,11.0,False,,,20130826.0,,,True,20180323,12,,,feldpausch_regional,0.36,site_median,0.0,,,11.0,False,L,,feldpausch,11.0,,0.633,,,,,,,
AND_A01,71,Lecythis idatimon,Lecythidaceae,296290.5781,9717619.682,O,19.1,False,18.01,23.92,20130826.0,,,True,20180323,12,,23.92,measured,0.36,site_median,0.0,,23.92,19.1,False,O,23.92,measured,19.1,23.92,0.7986,143.4527,143.4527,189.6231,143.4527,143.4527,189.6231,
AND_A01,72,Couepia robusta,Chrysobalanaceae,296288.8955,9717616.413,O,95.0,False,40.89,48.5,20130826.0,,,True,20180323,12,,48.5,measured,0.36,site_median,0.0,,48.5,95.0,False,O,48.5,measured,95.0,48.5,0.83,6550.2987,6550.2987,8990.9525,6550.2987,6550.2987,8990.9525,
AND_A01,73,,,296294.678,9717605.935,O,10.1,False,4.22,7.93,20130826.0,,,True,20180323,12,,7.93,measured,0.36,site_median,0.0,,7.93,10.1,False,O,7.93,measured,10.1,7.93,0.633,14.0795,14.0795,14.8359,14.0795,14.0795,14.8359,
AND_A01,74,Lecythis idatimon,Lecythidaceae,296295.9783,9717605.319,O,28.4,False,18.66,23.91,20130826.0,29.5,,False,20180323,12,21.91,23.91,measured,0.22,observed,0.0,29.5,23.91,28.4,False,O,23.91,measured,28.4,23.91,0.7986,311.0511,311.0511,411.1633,311.0511,311.0511,411.1633,
AND_A01,75,Eschweilera coriacea,Lecythidaceae,296294.3606,9717606.906,O,20.0,False,19.47,26.31,20130826.0,,,,20180323,12,,26.31,measured,0.36,site_median,0.0,,26.31,20.0,False,O,26.31,measured,20.0,26.31,0.8521,172.2302,172.2302,242.5404,172.2302,172.2302,242.5404,
AND_A01,76,Symphonia globulifera,Clusiaceae,296279.7972,9717597.353,O,41.3,False,18.94,29.35,20130826.0,45.1,,False,20180323,12,27.79,29.35,measured,0.76,observed,0.0,45.1,29.35,41.3,False,O,29.35,measured,41.3,29.35,0.6004,789.1884,789.1884,789.7019,789.1884,789.1884,789.7019,
AND_A01,77,Laetia procera,Salicaceae,296270.0675,9717595.96,O,58.3,False,23.55,35.64,20130826.0,59.4,,False,20180323,12,31.79,35.64,measured,0.22,observed,0.0,59.4,35.64,58.3,False,O,35.64,measured,58.3,35.64,0.6481,1869.5492,1869.5492,2015.6907,1869.5492,1869.5492,2015.6907,
AND_A01,78,Lecythis idatimon,Lecythidaceae,296270.961,9717596.282,O,36.5,False,17.72,24.38,20130826.0,37.8,,False,20180323,12,25.28,24.38,measured,0.26,observed,0.0,37.8,24.38,36.5,False,O,24.38,measured,36.5,24.38,0.7986,517.37,517.37,683.8862,517.37,517.37,683.8862,
AND_A01,79,,,296259.8143,9717600.545,O,46.3,False,20.16,24.25,20130826.0,53.1,,False,20180323,12,30.16,24.25,measured,1.36,observed,0.0,53.1,24.25,46.3,False,O,24.25,measured,46.3,24.25,0.633,818.754,818.754,862.7422,818.754,818.754,862.7422,
AND_A01,80,Eschweilera coriacea,Lecythidaceae,296259.197,9717597.2,O,47.5,False,24.44,32.26,20130826.0,48.0,,False,20180323,12,28.69,32.26,measured,0.1,observed,0.0,48.0,32.26,47.5,False,O,32.26,measured,47.5,32.26,0.8521,1137.1638,1137.1638,1601.393,1137.1638,1137.1638,1601.393,
AND_A01,81,,,296255.2484,9717596.775,O,74.5,True,,21.16,20130826.0,,,True,20180323,12,,21.16,measured,0.36,site_median,0.0,,21.16,74.5,True,O,21.16,measured,74.5,21.16,0.633,1813.8987,1357.1999,1357.1999,1813.8987,1357.1999,1357.1999,
AND_A01,190,,,296271.9951,9717645.15,O,,,,,,15.2,14.47,True,20180323,12,14.28,14.47,measured,0.36,site_median,0.0,15.2,14.47,,False,O,14.28,feldpausch,,14.28,0.633,,,,,,,
AND_A01,191,,,296271.6937,9717645.13,O,,,,,,15.9,14.88,True,20180323,12,14.73,14.88,measured,0.36,site_median,0.0,15.9,14.88,,False,O,14.73,feldpausch,,14.73,0.633,,,,,,,
AND_A01,192,Eschweilera coriacea,Lecythidaceae,296272.9727,9717641.703,O,,,,,,17.1,15.55,,20180323,12,15.47,15.55,measured,0.36,site_median,0.0,17.1,15.55,,False,O,15.47,feldpausch,,15.47,0.8521,,,,,,,
AND_A01,193,,,296275.9412,9717641.528,O,,,,,,31.8,22.54,True,20180323,12,22.9,22.54,measured,0.36,site_median,0.0,31.8,22.54,,False,O,22.9,feldpausch,,22.9,0.633,,,,,,,
AND_A01,194,Sacoglottis guianensis,Humiriaceae,296275.1995,9717636.805,O,,,,,,23.1,18.66,,20180323,12,18.84,18.66,measured,0.36,site_median,0.0,23.1,18.66,,False,O,18.84,feldpausch,,18.84,0.8359,,,,,,,
AND_A01,195,Tapirira guianensis,Anacardiaceae,296276.0672,9717630.036,O,,,,,,38.1,25.03,,20180323,12,25.39,25.03,measured,0.36,site_median,0.0,38.1,25.03,,False,O,25.39,feldpausch,,25.39,0.457,,,,,,,
AND_A01,196,Carapa guianensis,Meliaceae,296277.1873,9717629.836,O,,,,,,13.2,13.26,,20180323,12,12.95,13.26,measured,0.36,site_median,0.0,13.2,13.26,,False,O,12.95,feldpausch,,12.95,0.53,,,,,,,
AND_A01,197,,,296280.3257,9717627.601,O,,,,,,11.2,11.97,True,20180323,12,11.53,11.97,measured,0.36,site_median,0.0,11.2,11.97,,False,O,11.53,feldpausch,,11.53,0.633,,,,,,,
AND_A01,198,Sagotia racemosa,Euphorbiaceae,296283.1137,9717632.133,O,,,,,,10.9,11.77,,20180323,12,11.3,11.77,measured,0.36,site_median,0.0,10.9,11.77,,False,O,11.3,feldpausch,,11.3,0.58,,,,,,,
AND_A01,199,Tetragastris panamensis,Burseraceae,296280.5337,9717622.116,O,,,,,,38.7,25.25,,20180323,12,25.61,25.25,measured,0.36,site_median,0.0,38.7,25.25,,False,O,25.61,feldpausch,,25.61,0.7173,,,,,,,
AND_A01,200,Byrsonima crispa,Malpighiaceae,296278.1974,9717622.5,O,,,,,,18.2,16.16,,20180323,12,16.13,16.16,measured,0.36,site_median,0.0,18.2,16.16,,False,O,16.13,feldpausch,,16.13,0.58,,,,,,,
AND_A01,201,Xylopia nitida,Annonaceae,296277.6524,9717621.85,O,,,,,,24.7,19.42,,20180323,12,19.65,19.42,measured,0.36,site_median,0.0,24.7,19.42,,False,O,19.65,feldpausch,,19.65,0.5483,,,,,,,
AND_A01,202,Tapirira guianensis,Anacardiaceae,296272.8665,9717621.688,O,,,,,,39.7,25.62,,20180323,12,25.97,25.62,measured,0.36,site_median,0.0,39.7,25.62,,False,O,25.97,feldpausch,,25.97,0.457,,,,,,,
AND_A01,203,,,296271.3086,9717624.091,O,,,,,,13.3,13.32,True,20180323,12,13.02,13.32,measured,0.36,site_median,0.0,13.3,13.32,,False,O,13.02,feldpausch,,13.02,0.633,,,,,,,
AND_A01,204,,,296270.1578,9717624.601,O,,,,,,33.4,23.2,True,20180323,12,23.57,23.2,measured,0.36,site_median,0.0,33.4,23.2,,False,O,23.57,feldpausch,,23.57,0.633,,,,,,,
AND_A01,205,Pouteria sp.,Sapotaceae,296279.0583,9717618.607,O,,,,,,21.8,18.02,,20180323,12,18.15,18.02,measured,0.36,site_median,0.0,21.8,18.02,,False,O,18.15,feldpausch,,18.15,0.7187,,,,,,,
AND_A01,206,Eperua bijuga,Fabaceae,296280.5199,9717600.693,O,,,,,,21.7,17.97,,20180323,12,18.1,17.97,measured,0.36,site_median,0.0,21.7,17.97,,False,O,18.1,feldpausch,,18.1,0.729,,,,,,,
AND_A01,1,Tapirira guianensis,Anacardiaceae,295925.3044,9717977.854,O,17.4,False,7.98,10.77,20130826.0,,,True,20180323,13,,10.77,measured,0.36,site_median,0.0,,10.77,17.4,False,O,10.77,measured,17.4,10.77,0.457,54.8852,54.8852,42.0783,54.8852,54.8852,42.0783,
AND_A01,2,Goupia glabra,Goupiaceae,295926.0078,9717973.415,O,53.5,False,19.09,26.48,20130826.0,55.7,,False,20180323,13,30.85,26.48,measured,0.44,observed,0.0,55.7,26.48,53.5,False,O,26.48,measured,53.5,26.48,0.7272,1182.9741,1182.9741,1427.1397,1182.9741,1182.9741,1427.1397,
AND_A01,3,Caryocar villosum,Caryocaraceae,295929.5611,9717974.226,O,14.9,False,10.19,13.71,20130826.0,23.2,,False,20180323,13,18.89,13.71,measured,1.66,observed,0.0,23.2,13.71,14.9,False,O,13.71,measured,14.9,13.71,0.758,51.3179,51.3179,64.4689,51.3179,51.3179,64.4689,
AND_A01,4,Tapirira guianensis,Anacardiaceae,295927.9482,9717970.193,O,12.7,False,9.81,14.34,20130826.0,,,True,20180323,13,,14.34,measured,0.36,site_median,0.0,,14.34,12.7,False,O,14.34,measured,12.7,14.34,0.457,39.2534,39.2534,30.094,39.2534,39.2534,30.094,
AND_A01,5,Vataireopsis speciosa,Fabaceae,295929.6581,9717964.331,O,28.0,False,7.91,9.3,20130826.0,,,True,20180323,13,,9.3,measured,0.36,site_median,0.0,,9.3,28.0,False,O,9.3,measured,28.0,9.3,0.65,120.3795,120.3795,130.1608,120.3795,120.3795,130.1608,
AND_A01,6,Brosimum rubescens ,Moraceae,295936.8793,9717958.327,O,29.9,False,22.0,28.87,20130826.0,31.0,,False,20180323,13,22.56,28.87,measured,0.22,observed,0.0,31.0,28.87,29.9,False,O,28.87,measured,29.9,28.87,0.8251,413.3966,413.3966,564.1879,413.3966,413.3966,564.1879,
AND_A01,7,Pouteria guianensis,Sapotaceae,295936.5279,9717955.202,O,14.6,False,6.98,12.33,20130826.0,,,True,20180323,13,,12.33,measured,0.36,site_median,0.0,,12.33,14.6,False,O,12.33,measured,14.6,12.33,0.9295,44.469,44.469,68.17,44.469,44.469,68.17,
AND_A01,8,Lecythis idatimon,Lecythidaceae,295934.265,9717953.132,O,28.4,False,9.18,14.26,20130826.0,,,True,20180323,13,,14.26,measured,0.36,site_median,0.0,,14.26,28.4,False,O,14.26,measured,28.4,14.26,0.7986,187.8273,187.8273,248.2798,187.8273,187.8273,248.2798,
AND_A01,9,,,295940.7152,9717948.19,O,30.1,True,,5.96,20130826.0,,,True,20180323,13,,5.96,measured,0.36,site_median,0.0,,5.96,30.1,True,O,5.96,measured,30.1,5.96,0.633,89.7972,78.5858,78.5858,89.7972,78.5858,78.5858,
AND_A01,10,Cecropia palmata,Urticaceae,295941.9574,9717943.223,O,12.2,False,6.87,9.66,20130826.0,,,True,20180323,13,,9.66,measured,0.36,site_median,0.0,,9.66,12.2,False,O,9.66,measured,12.2,9.66,0.3404,24.6816,24.6816,14.1936,24.6816,24.6816,14.1936,
AND_A01,11,,,295919.7354,9717927.456,O,66.3,True,,24.18,20130826.0,,,True,20180323,13,,24.18,measured,0.36,site_median,0.0,,24.18,66.3,True,O,24.18,measured,66.3,24.18,0.633,1645.54,1198.8194,1198.8194,1645.54,1198.8194,1198.8194,
AND_A01,12,Lecythis lurida,Lecythidaceae,295908.334,9717921.672,O,39.7,False,16.43,22.15,20130826.0,44.1,,False,20180323,13,27.46,22.15,measured,0.88,observed,0.0,44.1,22.15,39.7,False,O,22.15,measured,39.7,22.15,0.8633,555.117,555.117,791.8066,555.117,555.117,791.8066,
AND_A01,13,Inga thibaudiana,Fabaceae,295904.2616,9717933.843,O,38.0,False,12.82,23.89,20130826.0,,,True,20180323,13,,23.89,measured,0.36,site_median,0.0,,23.89,38.0,False,O,23.89,measured,38.0,23.89,0.5786,548.7029,548.7029,529.5581,548.7029,548.7029,529.5581,
AND_A01,14,Lecythis pisonis,Lecythidaceae,295897.2367,9717927.677,O,110.0,False,16.33,29.56,20130826.0,,,True,20180323,13,,29.56,measured,0.36,site_median,0.0,,29.56,110.0,False,O,29.56,measured,110.0,29.56,0.857,5378.5689,5378.5689,7616.9376,5378.5689,5378.5689,7616.9376,
AND_A01,130,,,295936.9131,9717932.607,O,,,,,,30.7,22.08,True,20180323,13,22.43,22.08,measured,0.36,site_median,0.0,30.7,22.08,,False,O,22.43,feldpausch,,22.43,0.633,,,,,,,
AND_A01,131,,,295937.427,9717933.689,O,,,,,,17.2,15.61,True,20180323,13,15.53,15.61,measured,0.36,site_median,0.0,17.2,15.61,,False,O,15.53,feldpausch,,15.53,0.633,,,,,,,
AND_A01,133,,,295940.6061,9717934.457,O,,,,,,10.5,11.5,True,20180323,13,11.0,11.5,measured,0.36,site_median,0.0,10.5,11.5,,False,O,11.0,feldpausch,,11.0,0.633,,,,,,,
AND_A01,134,,,295925.7698,9717938.612,O,,,,,,15.2,14.47,True,20180323,13,14.28,14.47,measured,0.36,site_median,0.0,15.2,14.47,,False,O,14.28,feldpausch,,14.28,0.633,,,,,,,
AND_A01,135,,,295925.3152,9717939.723,O,,,,,,14.1,13.82,True,20180323,13,13.56,13.82,measured,0.36,site_median,0.0,14.1,13.82,,False,O,13.56,feldpausch,,13.56,0.633,,,,,,,
AND_A01,136,,,295931.6729,9717942.402,O,,,,,,16.4,15.16,True,20180323,13,15.04,15.16,measured,0.36,site_median,0.0,16.4,15.16,,False,O,15.04,feldpausch,,15.04,0.633,,,,,,,
AND_A01,137,Vatairea sericea,Fabaceae,295930.6514,9717942.298,O,,,,,,34.0,23.44,,20180323,13,23.81,23.44,measured,0.36,site_median,0.0,34.0,23.44,,False,O,23.81,feldpausch,,23.81,0.665,,,,,,,
AND_A01,138,,,295927.374,9717941.46,O,,,,,,14.7,14.18,True,20180323,13,13.95,14.18,measured,0.36,site_median,0.0,14.7,14.18,,False,O,13.95,feldpausch,,13.95,0.633,,,,,,,
AND_A01,139,,,295929.4916,9717953.056,O,,,,,,18.6,16.37,True,20180323,13,16.36,16.37,measured,0.36,site_median,0.0,18.6,16.37,,False,O,16.36,feldpausch,,16.36,0.633,,,,,,,
AND_A01,140,Eperua bijuga,Fabaceae,295929.5982,9717953.321,O,,,,,,14.7,14.18,,20180323,13,13.95,14.18,measured,0.36,site_median,0.0,14.7,14.18,,False,O,13.95,feldpausch,,13.95,0.729,,,,,,,
AND_A01,141,,,295927.2672,9717955.382,O,,,,,,12.4,12.76,True,20180323,13,12.39,12.76,measured,0.36,site_median,0.0,12.4,12.76,,False,O,12.39,feldpausch,,12.39,0.633,,,,,,,
AND_A01,142,,,295925.1745,9717955.79,O,,,,,,15.4,14.59,True,20180323,13,14.41,14.59,measured,0.36,site_median,0.0,15.4,14.59,,False,O,14.41,feldpausch,,14.41,0.633,,,,,,,
AND_A01,143,,,295922.254,9717956.381,O,,,,,,19.7,16.95,True,20180323,13,17.0,16.95,measured,0.36,site_median,0.0,19.7,16.95,,False,O,17.0,feldpausch,,17.0,0.633,,,,,,,
AND_A01,144,,,295920.4329,9717956.899,O,,,,,,10.8,11.7,True,20180323,13,11.23,11.7,measured,0.36,site_median,0.0,10.8,11.7,,False,O,11.23,feldpausch,,11.23,0.633,,,,,,,
AND_A01,145,,,295919.3686,9717975.956,O,,,,,,18.2,16.16,True,20180323,13,16.13,16.16,measured,0.36,site_median,0.0,18.2,16.16,,False,O,16.13,feldpausch,,16.13,0.633,,,,,,,
AND_A01,146,,,295925.1702,9717978.457,O,,,,,,11.2,11.97,True,20180323,13,11.53,11.97,measured,0.36,site_median,0.0,11.2,11.97,,False,O,11.53,feldpausch,,11.53,0.633,,,,,,,
AND_A01,147,,,295921.4406,9717978.324,O,,,,,,16.5,15.22,True,20180323,13,15.1,15.22,measured,0.36,site_median,0.0,16.5,15.22,,False,O,15.1,feldpausch,,15.1,0.633,,,,,,,
AND_A01,148,Pouteria sp.,Sapotaceae,295917.5214,9717976.776,O,,,,,,16.4,15.16,True,20180323,13,15.04,15.16,measured,0.36,site_median,0.0,16.4,15.16,,False,O,15.04,feldpausch,,15.04,0.7187,,,,,,,
AND_A01,149,,,295914.6942,9717976.269,O,,,,,,13.3,13.32,True,20180323,13,13.02,13.32,measured,0.36,site_median,0.0,13.3,13.32,,False,O,13.02,feldpausch,,13.02,0.633,,,,,,,
AND_A01,150,,,295913.8228,9717975.216,O,,,,,,22.7,18.47,True,20180323,13,18.63,18.47,measured,0.36,site_median,0.0,22.7,18.47,,False,O,18.63,feldpausch,,18.63,0.633,,,,,,,
AND_A01,151,,,295912.6677,9717973.268,O,,,,,,27.5,20.7,True,20180323,13,21.0,20.7,measured,0.36,site_median,0.0,27.5,20.7,,False,O,21.0,feldpausch,,21.0,0.633,,,,,,,
AND_A01,152,,,295915.4962,9717976.961,O,,,,,,12.5,12.82,True,20180323,13,12.46,12.82,measured,0.36,site_median,0.0,12.5,12.82,,False,O,12.46,feldpausch,,12.46,0.633,,,,,,,
AND_A01,15,Ocotea rubra,Lauraceae,295985.633,9717839.069,O,15.8,False,12.43,15.67,20130826.0,,,True,20180323,14,,15.67,measured,0.36,site_median,0.0,,15.67,15.8,False,O,15.67,measured,15.8,15.67,0.5245,65.5581,65.5581,57.4988,65.5581,65.5581,57.4988,
AND_A01,16,Simaba cedron,Simaroubaceae,295990.0244,9717837.198,O,13.1,False,9.15,13.59,20130826.0,13.6,,False,20180323,14,13.22,13.59,measured,0.1,observed,0.0,13.6,13.59,13.1,False,O,13.59,measured,13.1,13.59,0.4743,39.5728,39.5728,31.4614,39.5728,39.5728,31.4614,
AND_A01,17,Lacmellea aculeata,Apocynaceae,295986.9735,9717836.147,O,10.8,False,10.26,13.47,20130826.0,,,True,20180323,14,,13.47,measured,0.36,site_median,0.0,,13.47,10.8,False,O,13.47,measured,10.8,13.47,0.5048,26.9133,26.9133,22.7371,26.9133,26.9133,22.7371,
AND_A01,18,,,295983.5806,9717835.379,O,60.5,True,,37.28,20130826.0,,,True,20180323,14,,37.28,measured,0.36,site_median,0.0,,37.28,60.5,True,O,37.28,measured,60.5,37.28,0.633,2099.9438,1422.4516,1422.4516,2099.9438,1422.4516,1422.4516,
AND_A01,19,Protium paniculatum,Burseraceae,295991.3301,9717834.382,O,12.2,False,9.75,13.27,20130826.0,,,True,20180323,14,,13.27,measured,0.36,site_median,0.0,,13.27,12.2,False,O,13.27,measured,12.2,13.27,0.49,33.6478,33.6478,27.613,33.6478,33.6478,27.613,
AND_A01,20,Lecythis idatimon,Lecythidaceae,295993.0799,9717828.738,O,16.8,False,12.38,19.39,20130826.0,,,True,20180323,14,,19.39,measured,0.36,site_median,0.0,,19.39,16.8,False,O,19.39,measured,16.8,19.39,0.7986,90.9788,90.9788,120.2605,90.9788,90.9788,120.2605,
AND_A01,21,Eschweilera coriacea,Lecythidaceae,295992.1513,9717828.402,O,40.0,False,20.55,26.22,20130826.0,,,True,20180323,14,,26.22,measured,0.36,site_median,0.0,,26.22,40.0,False,O,26.22,measured,40.0,26.22,0.8521,664.1517,664.1517,935.2811,664.1517,664.1517,935.2811,
AND_A01,22,Eschweilera coriacea,Lecythidaceae,295995.2426,9717824.534,O,10.4,False,7.27,9.8,20130826.0,,,True,20180323,14,,9.8,measured,0.36,site_median,0.0,,9.8,10.4,False,O,9.8,measured,10.4,9.8,0.8521,18.3293,18.3293,25.812,18.3293,18.3293,25.812,
AND_A01,23,,,295993.7224,9717820.244,O,16.7,True,,12.42,20130826.0,,,True,20180323,14,,12.42,measured,0.36,site_median,0.0,,12.42,16.7,True,O,12.42,measured,16.7,12.42,0.633,58.2192,44.1046,44.1046,58.2192,44.1046,44.1046,
AND_A01,24,Pouteria guianensis,Sapotaceae,295996.4952,9717818.98,O,13.0,False,11.86,14.19,20130826.0,14.4,,False,20180323,14,13.76,14.19,measured,0.28,observed,0.0,14.4,14.19,13.0,False,O,14.19,measured,13.0,14.19,0.9295,40.6643,40.6643,62.3374,40.6643,40.6643,62.3374,
AND_A01,25,Simarouba amara,Simaroubaceae,296006.1255,9717800.535,O,39.1,False,9.94,24.06,20130826.0,49.1,,False,20180323,14,29.02,24.06,measured,2.0,observed,0.0,49.1,24.06,39.1,False,O,24.06,measured,39.1,24.06,0.3833,584.1633,584.1633,377.2501,584.1633,584.1633,377.2501,
AND_A01,26,Lacunaria jenmanii,Quiinaceae,296005.1829,9717800.136,O,13.2,False,8.38,13.3,20130826.0,,,True,20180323,14,,13.3,measured,0.36,site_median,0.0,,13.3,13.2,False,O,13.3,measured,13.2,13.3,0.8043,39.3278,39.3278,52.3516,39.3278,39.3278,52.3516,
AND_A01,27,,,295964.6383,9717793.872,O,53.9,True,,26.06,20130826.0,,,True,20180323,14,,26.06,measured,0.36,site_median,0.0,,26.06,53.9,True,O,26.06,measured,53.9,26.06,0.633,1181.7156,842.3723,842.3723,1181.7156,842.3723,842.3723,
AND_A01,111,Apeiba petoumo,Malvaceae,295980.8496,9717791.963,O,,,,,,38.0,24.99,,20180323,14,25.35,24.99,measured,0.36,site_median,0.0,38.0,24.99,,False,O,25.35,feldpausch,,25.35,0.2822,,,,,,,
AND_A01,112,,,296002.3469,9717803.857,O,,,,,,15.5,14.65,True,20180323,14,14.47,14.65,measured,0.36,site_median,0.0,15.5,14.65,,False,O,14.47,feldpausch,,14.47,0.633,,,,,,,
AND_A01,113,,,296000.424,9717804.392,O,,,,,,11.9,12.43,,20180323,14,12.03,12.43,measured,0.36,site_median,0.0,11.9,12.43,,False,O,12.03,feldpausch,,12.03,0.633,,,,,,,
AND_A01,114,Lecythis idatimon,Lecythidaceae,295996.8368,9717801.469,O,,,,,,22.0,18.12,,20180323,14,18.26,18.12,measured,0.36,site_median,0.0,22.0,18.12,,False,O,18.26,feldpausch,,18.26,0.7986,,,,,,,
AND_A01,115,,,295997.4019,9717807.353,O,,,,,,19.7,16.95,True,20180323,14,17.0,16.95,measured,0.36,site_median,0.0,19.7,16.95,,False,O,17.0,feldpausch,,17.0,0.633,,,,,,,
AND_A01,116,,,295991.9177,9717810.179,O,,,,,,12.4,12.76,True,20180323,14,12.39,12.76,measured,0.36,site_median,0.0,12.4,12.76,,False,O,12.39,feldpausch,,12.39,0.633,,,,,,,
AND_A01,117,Vismia latifolia,Hypericaceae,295992.4011,9717810.576,O,,,,,,15.0,14.35,,20180323,14,14.15,14.35,measured,0.36,site_median,0.0,15.0,14.35,,False,O,14.15,feldpausch,,14.15,0.43,,,,,,,
AND_A01,118,,,295989.9744,9717810.336,O,,,,,,15.5,14.65,True,20180323,14,14.47,14.65,measured,0.36,site_median,0.0,15.5,14.65,,False,O,14.47,feldpausch,,14.47,0.633,,,,,,,
AND_A01,119,,,295992.8574,9717812.495,O,,,,,,37.6,24.84,,20180323,14,25.2,24.84,measured,0.36,site_median,0.0,37.6,24.84,,False,O,25.2,feldpausch,,25.2,0.633,,,,,,,
AND_A01,120,,,295993.3126,9717816.34,O,,,,,,27.9,20.88,,20180323,14,21.18,20.88,measured,0.36,site_median,0.0,27.9,20.88,,False,O,21.18,feldpausch,,21.18,0.633,,,,,,,
AND_A01,121,,,295990.978,9717815.44,O,,,,,,26.2,20.11,,20180323,14,20.38,20.11,measured,0.36,site_median,0.0,26.2,20.11,,False,O,20.38,feldpausch,,20.38,0.633,,,,,,,
AND_A01,122,Pouteria sp.,Sapotaceae,295989.3702,9717819.002,O,,,,,,23.7,18.95,,20180323,14,19.15,18.95,measured,0.36,site_median,0.0,23.7,18.95,,False,O,19.15,feldpausch,,19.15,0.7187,,,,,,,
AND_A01,123,Cecropia palmata,Urticaceae,295983.7775,9717816.888,O,,,,,,13.5,13.45,,20180323,14,13.15,13.45,measured,0.36,site_median,0.0,13.5,13.45,,False,O,13.15,feldpausch,,13.15,0.3404,,,,,,,
AND_A01,124,Parkia pendula,Fabaceae,295984.5452,9717821.271,O,,,,,,15.2,14.47,,20180323,14,14.28,14.47,measured,0.36,site_median,0.0,15.2,14.47,,False,O,14.28,feldpausch,,14.28,0.5212,,,,,,,
AND_A01,125,Sterculia pruriens,Malvaceae,295983.6467,9717823.285,O,,,,,,18.5,16.32,,20180323,14,16.31,16.32,measured,0.36,site_median,0.0,18.5,16.32,,False,O,16.31,feldpausch,,16.31,0.4862,,,,,,,
AND_A01,126,,,295982.1123,9717829.129,O,,,,,,12.2,12.63,True,20180323,14,12.25,12.63,measured,0.36,site_median,0.0,12.2,12.63,,False,O,12.25,feldpausch,,12.25,0.633,,,,,,,
AND_A01,127,,,295982.217,9717831.288,O,,,,,,19.7,16.95,True,20180323,14,17.0,16.95,measured,0.36,site_median,0.0,19.7,16.95,,False,O,17.0,feldpausch,,17.0,0.633,,,,,,,
AND_A01,128,,,295982.0062,9717834.135,O,,,,,,23.8,19.0,True,20180323,14,19.2,19.0,measured,0.36,site_median,0.0,23.8,19.0,,False,O,19.2,feldpausch,,19.2,0.633,,,,,,,
AND_A01,129,Cecropia palmata,Urticaceae,295978.0603,9717835.805,O,,,,,,23.1,18.66,,20180323,14,18.84,18.66,measured,0.36,site_median,0.0,23.1,18.66,,False,O,18.84,feldpausch,,18.84,0.3404,,,,,,,
AND_A01,28,Ormosia grossa,Fabaceae,296045.4744,9717702.259,O,17.6,False,14.68,17.06,20130826.0,,,,20180323,15,,17.06,measured,0.36,site_median,0.0,,17.06,17.6,False,O,17.06,measured,17.6,17.06,0.5906,87.9251,87.9251,86.5783,87.9251,87.9251,86.5783,
AND_A01,29,Couepia sp.,Chrysobalanaceae,296045.3843,9717702.22,O,26.5,False,14.6,19.11,20130826.0,,,,20180323,15,,19.11,measured,0.36,site_median,0.0,,19.11,26.5,False,O,19.11,measured,26.5,19.11,0.7861,218.3469,218.3469,284.2338,218.3469,218.3469,284.2338,
AND_A01,31,,,296044.3793,9717703.936,O,45.0,True,,21.3,20130826.0,,,True,20180323,15,,21.3,measured,0.36,site_median,0.0,,21.3,45.0,True,O,21.3,measured,45.0,21.3,0.633,682.3858,497.8506,497.8506,682.3858,497.8506,497.8506,
AND_A01,32,Pouteria guianensis,Sapotaceae,296054.8479,9717677.835,O,13.7,False,7.91,11.35,20130826.0,,,True,20180323,15,,11.35,measured,0.36,site_median,0.0,,11.35,13.7,False,O,11.35,measured,13.7,11.35,0.9295,36.2256,36.2256,55.533,36.2256,36.2256,55.533,
AND_A01,33,,,296058.913,9717668.737,O,22.3,True,,7.12,20130826.0,,,True,20180323,15,,7.12,measured,0.36,site_median,0.0,,7.12,22.3,True,O,7.12,measured,22.3,7.12,0.633,59.4802,49.8882,49.8882,59.4802,49.8882,49.8882,
AND_A01,34,Protium paniculatum,Burseraceae,296059.0543,9717665.794,O,16.7,False,9.38,12.82,20130826.0,,,True,20180323,15,,12.82,measured,0.36,site_median,0.0,,12.82,16.7,False,O,12.82,measured,16.7,12.82,0.49,60.0485,60.0485,49.2785,60.0485,60.0485,49.2785,
AND_A01,35,,,296061.7941,9717663.101,O,14.3,True,,1.76,20130826.0,,,True,20180323,15,,1.76,measured,0.36,site_median,0.0,,1.76,14.3,True,O,1.76,measured,14.3,1.76,0.633,6.387,6.5397,6.5397,6.387,6.5397,6.5397,
AND_A01,36,,,296058.6209,9717660.676,O,46.0,True,,23.99,20130826.0,,,True,20180323,15,,23.99,measured,0.36,site_median,0.0,,23.99,46.0,True,O,23.99,measured,46.0,23.99,0.633,799.9696,573.3765,573.3765,799.9696,573.3765,573.3765,
AND_A01,37,Jacaratia spinosa,Caricaceae,296045.9057,9717663.828,O,49.4,False,13.83,18.66,20130826.0,56.5,,False,20180323,15,31.06,18.66,measured,1.42,observed,0.0,56.5,18.66,49.4,False,O,18.66,measured,49.4,18.66,0.265,719.4911,719.4911,324.0692,719.4911,719.4911,324.0692,
AND_A01,38,Jacaratia spinosa,Caricaceae,296032.0764,9717656.854,O,58.5,False,14.8,20.58,20130826.0,56.8,,False,20180323,15,31.14,20.58,measured,0.0,observed,0.0,56.8,20.58,58.5,False,O,20.58,measured,58.5,20.58,0.265,1101.2137,1101.2137,496.0026,1101.2137,1101.2137,496.0026,
AND_A01,39,Micropholis sp.,Sapotaceae,296029.159,9717651.325,O,45.9,False,22.39,34.44,20130826.0,49.0,,False,20180323,15,28.99,34.44,measured,0.62,observed,0.0,49.0,34.44,45.9,False,O,34.44,measured,45.9,34.44,0.6511,1133.6857,1133.6857,1227.8554,1133.6857,1133.6857,1227.8554,
AND_A01,40,Eschweilera coriacea,Lecythidaceae,296025.4922,9717647.62,O,45.7,False,22.89,31.45,20130826.0,46.8,,False,20180323,15,28.32,31.45,measured,0.22,observed,0.0,46.8,31.45,45.7,False,O,31.45,measured,45.7,31.45,0.8521,1028.7145,1028.7145,1448.6709,1028.7145,1028.7145,1448.6709,
AND_A01,41,Eschweilera coriacea,Lecythidaceae,296021.0423,9717653.215,O,35.0,False,16.64,26.62,20130826.0,,,True,20180323,15,,26.62,measured,0.36,site_median,0.0,,26.62,35.0,False,O,26.62,measured,35.0,26.62,0.8521,519.3792,519.3792,731.4076,519.3792,519.3792,731.4076,
AND_A01,42,Eschweilera coriacea,Lecythidaceae,296025.6091,9717657.306,O,45.0,False,14.63,27.25,20130826.0,53.2,,False,20180323,15,30.18,27.25,measured,1.64,observed,0.0,53.2,27.25,45.0,False,O,27.25,measured,45.0,27.25,0.8521,867.8591,867.8591,1222.1489,867.8591,867.8591,1222.1489,
AND_A01,43,Eperua bijuga,Fabaceae,296027.3865,9717658.065,O,37.5,False,12.64,17.34,20130826.0,39.3,,False,20180323,15,25.82,17.34,measured,0.36,observed,0.0,39.3,17.34,37.5,False,O,17.34,measured,37.5,17.34,0.729,391.0944,391.0944,472.964,391.0944,391.0944,472.964,
AND_A01,44,Lecythis idatimon,Lecythidaceae,296005.0207,9717683.623,O,37.5,False,16.42,23.08,20130826.0,38.5,,False,20180323,15,25.53,23.08,measured,0.2,observed,0.0,38.5,23.08,37.5,False,O,23.08,measured,37.5,23.08,0.7986,516.9968,516.9968,683.3929,516.9968,516.9968,683.3929,
AND_A01,45,Carapa guianensis,Meliaceae,296012.4316,9717691.301,O,76.5,False,19.2,29.0,20130826.0,78.1,,False,20180323,15,35.69,29.0,measured,0.32,observed,0.0,78.1,29.0,76.5,False,O,29.0,measured,76.5,29.0,0.53,2598.1741,2598.1741,2301.897,2598.1741,2598.1741,2301.897,
AND_A01,46,Sacoglottis guianensis,Humiriaceae,296016.7982,9717691.031,O,39.5,False,21.22,26.69,20130826.0,42.8,,False,20180323,15,27.04,26.69,measured,0.66,observed,0.0,42.8,26.69,39.5,False,O,26.69,measured,39.5,26.69,0.8359,659.378,659.378,911.2965,659.378,659.378,911.2965,
AND_A01,47,Eperua bijuga,Fabaceae,296025.8138,9717694.899,O,35.9,False,14.26,19.12,20130826.0,35.9,,False,20180323,15,24.56,19.12,measured,0.0,observed,0.0,35.9,19.12,35.9,False,O,19.12,measured,35.9,19.12,0.729,395.1275,395.1275,477.8413,395.1275,395.1275,477.8413,
AND_A01,84,Protium hebetatum,Burseraceae,296052.209,9717656.012,O,,,,,,27.3,20.61,,20180323,15,20.91,20.61,measured,0.36,site_median,0.0,27.3,20.61,,False,O,20.91,feldpausch,,20.91,0.5773,,,,,,,
AND_A01,85,Simarouba amara,Simaroubaceae,296048.36,9717659.087,O,,,,,,28.8,21.27,,20180323,15,21.59,21.27,measured,0.36,site_median,0.0,28.8,21.27,,False,O,21.59,feldpausch,,21.59,0.3833,,,,,,,
AND_A01,86,,,296048.7969,9717661.846,O,,,,,,11.8,12.37,True,20180323,15,11.96,12.37,measured,0.36,site_median,0.0,11.8,12.37,,False,O,11.96,feldpausch,,11.96,0.633,,,,,,,
AND_A01,87,Licania guianensis,Chrysobalanaceae,296051.9023,9717661.884,O,,,,,,23.7,18.95,,20180323,15,19.15,18.95,measured,0.36,site_median,0.0,23.7,18.95,,False,O,19.15,feldpausch,,19.15,0.8165,,,,,,,
AND_A01,88,Pouteria gongrijpii,Sapotaceae,296055.0437,9717659.258,O,,,,,,29.0,21.36,,20180323,15,21.68,21.36,measured,0.36,site_median,0.0,29.0,21.36,,False,O,21.68,feldpausch,,21.68,0.7994,,,,,,,
AND_A01,89,Licania guianensis,Chrysobalanaceae,296054.8722,9717665.082,O,,,,,,20.5,17.37,,20180323,15,17.45,17.37,measured,0.36,site_median,0.0,20.5,17.37,,False,O,17.45,feldpausch,,17.45,0.8165,,,,,,,
AND_A01,90,Pouteria guianensis,Sapotaceae,296054.4167,9717668.533,O,,,,,,13.2,13.26,,20180323,15,12.95,13.26,measured,0.36,site_median,0.0,13.2,13.26,,False,O,12.95,feldpausch,,12.95,0.9295,,,,,,,
AND_A01,91,Cordia scabrifolia,Boraginaceae,296048.3097,9717665.604,O,,,,,,17.1,15.55,,20180323,15,15.47,15.55,measured,0.36,site_median,0.0,17.1,15.55,,False,O,15.47,feldpausch,,15.47,0.474,,,,,,,
AND_A01,92,,,296045.9057,9717663.828,O,,,,,,11.2,11.97,True,20180323,15,11.53,11.97,measured,0.36,site_median,0.0,11.2,11.97,,False,O,11.53,feldpausch,,11.53,0.633,,,,,,,
AND_A01,93,Tapirira guianensis,Anacardiaceae,296044.6449,9717664.362,O,,,,,,21.2,17.72,,20180323,15,17.83,17.72,measured,0.36,site_median,0.0,21.2,17.72,,False,O,17.83,feldpausch,,17.83,0.457,,,,,,,
AND_A01,94,Cordia scabrifolia,Boraginaceae,296049.0121,9717671.587,O,,,,,,11.6,12.24,,20180323,15,11.82,12.24,measured,0.36,site_median,0.0,11.6,12.24,,False,O,11.82,feldpausch,,11.82,0.474,,,,,,,
AND_A01,95,Tapirira guianensis,Anacardiaceae,296046.3783,9717671.641,O,,,,,,15.2,14.47,,20180323,15,14.28,14.47,measured,0.36,site_median,0.0,15.2,14.47,,False,O,14.28,feldpausch,,14.28,0.457,,,,,,,
AND_A01,96,Cecropia palmata,Urticaceae,296044.3362,9717672.806,O,,,,,,16.0,14.93,,20180323,15,14.79,14.93,measured,0.36,site_median,0.0,16.0,14.93,,False,O,14.79,feldpausch,,14.79,0.3404,,,,,,,
AND_A01,97,Inga thibaudiana,Fabaceae,296043.8905,9717672.615,O,,,,,,13.5,13.45,,20180323,15,13.15,13.45,measured,0.36,site_median,0.0,13.5,13.45,,False,O,13.15,feldpausch,,13.15,0.5786,,,,,,,
AND_A01,98,Inga thibaudiana,Fabaceae,296050.2946,9717681.359,O,,,,,,13.8,13.63,,20180323,15,13.36,13.63,measured,0.36,site_median,0.0,13.8,13.63,,False,O,13.36,feldpausch,,13.36,0.5786,,,,,,,
AND_A01,99,Cecropia palmata,Urticaceae,296040.8773,9717677.439,O,,,,,,19.2,16.69,,20180323,15,16.71,16.69,measured,0.36,site_median,0.0,19.2,16.69,,False,O,16.71,feldpausch,,16.71,0.3404,,,,,,,
AND_A01,100,Simaba cedron,Simaroubaceae,296042.2194,9717680.587,O,,,,,,14.1,13.82,,20180323,15,13.56,13.82,measured,0.36,site_median,0.0,14.1,13.82,,False,O,13.56,feldpausch,,13.56,0.4743,,,,,,,
AND_A01,101,,,296044.7911,9717682.009,O,,,,,,18.0,16.05,True,20180323,15,16.01,16.05,measured,0.36,site_median,0.0,18.0,16.05,,False,O,16.01,feldpausch,,16.01,0.633,,,,,,,
AND_A01,102,Couratari stellata,Lecythidaceae,296052.6493,9717674.214,O,,,,,,18.2,16.16,,20180323,15,16.13,16.16,measured,0.36,site_median,0.0,18.2,16.16,,False,O,16.13,feldpausch,,16.13,0.6331,,,,,,,
AND_A01,103,Pouteria sp.,Sapotaceae,296040.581,9717695.01,O,,,,,,18.2,16.16,,20180323,15,16.13,16.16,measured,0.36,site_median,0.0,18.2,16.16,,False,O,16.13,feldpausch,,16.13,0.7187,,,,,,,
AND_A01,104,Tapirira guianensis,Anacardiaceae,296036.6043,9717691.803,O,,,,,,22.6,18.42,,20180323,15,18.58,18.42,measured,0.36,site_median,0.0,22.6,18.42,,False,O,18.58,feldpausch,,18.58,0.457,,,,,,,
AND_A01,105,,,296026.8376,9717697.054,O,,,,,,14.2,13.88,True,20180323,15,13.62,13.88,measured,0.36,site_median,0.0,14.2,13.88,,False,O,13.62,feldpausch,,13.62,0.633,,,,,,,
AND_A01,106,,,296036.0766,9717700.91,O,,,,,,13.0,13.14,True,20180323,15,12.81,13.14,measured,0.36,site_median,0.0,13.0,13.14,,False,O,12.81,feldpausch,,12.81,0.633,,,,,,,
AND_A01,107,,,296037.5341,9717699.926,O,,,,,,13.0,13.14,True,20180323,15,12.81,13.14,measured,0.36,site_median,0.0,13.0,13.14,,False,O,12.81,feldpausch,,12.81,0.633,,,,,,,
AND_A01,108,Licania guianensis,Chrysobalanaceae,296046.2677,9717705.82,O,,,,,,31.9,22.58,,20180323,15,22.95,22.58,measured,0.36,site_median,0.0,31.9,22.58,,False,O,22.95,feldpausch,,22.95,0.8165,,,,,,,
AND_A01,109,,,296046.7189,9717706.013,O,,,,,,11.5,12.17,True,20180323,15,11.75,12.17,measured,0.36,site_median,0.0,11.5,12.17,,False,O,11.75,feldpausch,,11.75,0.633,,,,,,,
AND_A01,110,Stryphnodendron paniculatum,Fabaceae,296038.1892,9717695.701,O,,,,,,44.3,27.26,,20180323,15,27.53,27.26,measured,0.36,site_median,0.0,44.3,27.26,,False,O,27.53,feldpausch,,27.53,0.6535,,,,,,,
AND_A01,48,Eschweilera coriacea,Lecythidaceae,296102.1731,9717568.061,O,39.5,False,21.15,31.53,20130826.0,,,True,20180323,16,,31.53,measured,0.36,site_median,0.0,,31.53,39.5,False,O,31.53,measured,39.5,31.53,0.8521,775.8412,775.8412,1092.566,775.8412,775.8412,1092.566,
AND_A01,49,Eschweilera coriacea,Lecythidaceae,296099.0959,9717567.82,O,47.2,False,16.18,21.98,20130826.0,,,True,20180323,16,,21.98,measured,0.36,site_median,0.0,,21.98,47.2,False,O,21.98,measured,47.2,21.98,0.8521,772.3506,772.3506,1087.6505,772.3506,772.3506,1087.6505,
AND_A01,51,Lecythis idatimon,Lecythidaceae,296090.7307,9717553.088,O,44.4,False,26.03,35.61,20130826.0,47.3,,False,20180323,16,28.48,35.61,measured,0.58,observed,0.0,47.3,35.61,44.4,False,O,35.61,measured,44.4,35.61,0.7986,1097.7071,1097.7071,1451.0057,1097.7071,1097.7071,1451.0057,
AND_A01,52,Cordia scabrifolia,Boraginaceae,296108.0239,9717557.238,O,12.8,False,8.87,10.4,20130826.0,17.0,,False,20180323,16,15.41,10.4,measured,0.84,observed,0.0,17.0,10.4,12.8,False,O,10.4,measured,12.8,10.4,0.474,29.1312,29.1312,23.1443,29.1312,29.1312,23.1443,
AND_A01,53,Eschweilera coriacea,Lecythidaceae,296105.1338,9717549.343,O,60.0,False,16.78,29.94,20130826.0,,,True,20180323,16,,29.94,measured,0.36,site_median,0.0,,29.94,60.0,False,O,29.94,measured,60.0,29.94,0.8521,1668.1446,1668.1446,2349.1382,1668.1446,1668.1446,2349.1382,
AND_A01,54,Lecythis pisonis,Lecythidaceae,296095.6936,9717544.223,O,105.0,False,30.54,42.23,20130826.0,,,,20180323,16,,42.23,measured,0.36,site_median,0.0,,42.23,105.0,False,O,42.23,measured,105.0,42.23,0.857,6957.1021,6957.1021,9852.4001,6957.1021,6957.1021,9852.4001,
AND_A01,55,Eschweilera coriacea,Lecythidaceae,296091.5345,9717539.174,O,52.0,False,23.71,37.33,20130826.0,,,,20180323,16,,37.33,measured,0.36,site_median,0.0,,37.33,52.0,False,O,37.33,measured,52.0,37.33,0.8521,1564.6882,1564.6882,2203.4474,1564.6882,1564.6882,2203.4474,
AND_A01,56,Diospyros guianensis,Ebenaceae,296116.5201,9717541.408,O,24.9,False,12.97,16.57,20130826.0,26.1,,False,20180323,16,20.34,16.57,measured,0.24,observed,0.0,26.1,16.57,24.9,False,O,16.57,measured,24.9,16.57,0.73,168.2289,168.2289,203.7174,168.2289,168.2289,203.7174,
AND_A01,57,Dialium guianense,Fabaceae,296118.3636,9717530.012,O,21.7,False,11.03,14.77,20130826.0,,,True,20180323,16,,14.77,measured,0.36,site_median,0.0,,14.77,21.7,False,O,14.77,measured,21.7,14.77,0.8964,114.9597,114.9597,170.1,114.9597,114.9597,170.1,
AND_A01,58,Couratari stellata,Lecythidaceae,296120.1971,9717530.209,O,15.3,False,10.28,13.07,20130826.0,,,True,20180323,16,,13.07,measured,0.36,site_median,0.0,,13.07,15.3,False,O,13.07,measured,15.3,13.07,0.6331,51.5779,51.5779,54.3567,51.5779,51.5779,54.3567,
AND_A01,59,Dialium guianense,Fabaceae,296121.5717,9717529.996,O,22.5,False,12.21,15.6,20130826.0,,,True,20180323,16,,15.6,measured,0.36,site_median,0.0,,15.6,22.5,False,O,15.6,measured,22.5,15.6,0.8964,130.1399,130.1399,192.5615,130.1399,130.1399,192.5615,
AND_A01,60,Sagotia racemosa,Euphorbiaceae,296121.8359,9717526.023,O,11.8,False,5.12,9.66,20130826.0,,,True,20180323,16,,9.66,measured,0.36,site_median,0.0,,9.66,11.8,False,O,9.66,measured,11.8,9.66,0.58,23.1266,23.1266,22.3739,23.1266,23.1266,22.3739,
AND_A01,61,Lecythis idatimon,Lecythidaceae,296094.8041,9717522.027,O,40.8,False,17.17,30.48,20130826.0,42.5,,False,20180323,16,26.93,30.48,measured,0.34,observed,0.0,42.5,30.48,40.8,False,O,30.48,measured,40.8,30.48,0.7986,799.5911,799.5911,1056.9405,799.5911,799.5911,1056.9405,
AND_A01,62,Eschweilera coriacea,Lecythidaceae,296098.0307,9717514.672,O,58.2,False,20.78,30.26,20130826.0,,,True,20180323,16,,30.26,measured,0.36,site_median,0.0,,30.26,58.2,False,O,30.26,measured,58.2,30.26,0.8521,1588.2484,1588.2484,2236.6257,1588.2484,1588.2484,2236.6257,
AND_A01,63,Pouteria sp.,Sapotaceae,296090.275,9717510.472,O,45.7,False,24.81,34.48,20130826.0,,,True,20180323,16,,34.48,measured,0.36,site_median,0.0,,34.48,45.7,False,O,34.48,measured,45.7,34.48,0.7187,1125.3374,1125.3374,1342.1911,1125.3374,1125.3374,1342.1911,
AND_A01,64,Eschweilera coriacea,Lecythidaceae,296077.5325,9717512.82,O,74.8,False,13.93,27.16,20130826.0,,,True,20180323,16,,27.16,measured,0.36,site_median,0.0,,27.16,74.8,False,O,27.16,measured,74.8,27.16,0.8521,2332.5559,2332.5559,3284.7849,2332.5559,2332.5559,3284.7849,
AND_A01,65,Tetragastris panamensis,Burseraceae,296079.0536,9717516.655,O,50.2,False,25.53,29.12,20130826.0,,,True,20180323,16,,29.12,measured,0.36,site_median,0.0,,29.12,50.2,False,O,29.12,measured,50.2,29.12,0.7173,1146.2652,1146.2652,1364.5618,1146.2652,1146.2652,1364.5618,
AND_A01,66,Simarouba amara,Simaroubaceae,296083.6719,9717520.702,O,54.3,False,24.93,34.85,20130826.0,59.3,,False,20180323,16,31.76,34.85,measured,1.0,observed,0.0,59.3,34.85,54.3,False,O,34.85,measured,54.3,34.85,0.3833,1592.1349,1592.1349,1028.1938,1592.1349,1592.1349,1028.1938,
AND_A01,67,Apeiba petoumo,Malvaceae,296072.1108,9717537.438,O,67.2,False,23.67,39.78,20130826.0,,,True,20180323,16,,39.78,measured,0.36,site_median,0.0,,39.78,67.2,False,O,39.78,measured,67.2,39.78,0.2822,2746.3655,2746.3655,1315.5321,2746.3655,2746.3655,1315.5321,
AND_A01,68,,,296096.5423,9717561.584,O,,,,,,14.5,14.06,True,20180323,16,13.82,14.06,measured,0.36,site_median,0.0,14.5,14.06,,False,O,13.82,feldpausch,,13.82,0.633,,,,,,,
AND_A01,69,,,296097.8315,9717556.496,O,,,,,,14.8,14.23,True,20180323,16,14.02,14.23,measured,0.36,site_median,0.0,14.8,14.23,,False,O,14.02,feldpausch,,14.02,0.633,,,,,,,
AND_A01,70,,,296101.2836,9717553.006,O,,,,,,15.0,14.35,True,20180323,16,14.15,14.35,measured,0.36,site_median,0.0,15.0,14.35,,False,O,14.15,feldpausch,,14.15,0.633,,,,,,,
AND_A01,71,,,296102.9649,9717551.846,O,,,,,,35.1,23.87,True,20180323,16,24.25,23.87,measured,0.36,site_median,0.0,35.1,23.87,,False,O,24.25,feldpausch,,24.25,0.633,,,,,,,
AND_A01,72,,,296099.2993,9717552.927,O,,,,,,14.2,13.88,True,20180323,16,13.62,13.88,measured,0.36,site_median,0.0,14.2,13.88,,False,O,13.62,feldpausch,,13.62,0.633,,,,,,,
AND_A01,73,,,296101.7994,9717549.91,O,,,,,,10.7,11.64,True,20180323,16,11.15,11.64,measured,0.36,site_median,0.0,10.7,11.64,,False,O,11.15,feldpausch,,11.15,0.633,,,,,,,
AND_A01,74,,,296104.7781,9717550.63,O,,,,,,15.3,14.53,True,20180323,16,14.34,14.53,measured,0.36,site_median,0.0,15.3,14.53,,False,O,14.34,feldpausch,,14.34,0.633,,,,,,,
AND_A01,75,Inga thibaudiana,Fabaceae,296107.1902,9717544.687,O,,,,,,12.2,12.63,,20180323,16,12.25,12.63,measured,0.36,site_median,0.0,12.2,12.63,,False,O,12.25,feldpausch,,12.25,0.5786,,,,,,,
AND_A01,76,,,296098.5208,9717540.7,O,,,,,,21.5,17.87,True,20180323,16,17.99,17.87,measured,0.36,site_median,0.0,21.5,17.87,,False,O,17.99,feldpausch,,17.99,0.633,,,,,,,
AND_A01,77,,,296103.7707,9717535.546,O,,,,,,22.3,18.27,True,20180323,16,18.42,18.27,measured,0.36,site_median,0.0,22.3,18.27,,False,O,18.42,feldpausch,,18.42,0.633,,,,,,,
AND_A01,78,,,296107.9037,9717534.627,O,,,,,,11.0,11.84,True,20180323,16,11.38,11.84,measured,0.36,site_median,0.0,11.0,11.84,,False,O,11.38,feldpausch,,11.38,0.633,,,,,,,
AND_A01,79,,,296112.4563,9717530.348,O,,,,,,19.5,16.85,True,20180323,16,16.88,16.85,measured,0.36,site_median,0.0,19.5,16.85,,False,O,16.88,feldpausch,,16.88,0.633,,,,,,,
AND_A01,80,Couepia sp.,Chrysobalanaceae,296109.7811,9717538.82,O,,,,,,27.6,20.74,,20180323,16,21.05,20.74,measured,0.36,site_median,0.0,27.6,20.74,,False,O,21.05,feldpausch,,21.05,0.7861,,,,,,,
AND_A01,81,Guatteria schomburgkiana,Annonaceae,296114.7262,9717536.791,O,,,,,,18.0,16.05,,20180323,16,16.01,16.05,measured,0.36,site_median,0.0,18.0,16.05,,False,O,16.01,feldpausch,,16.01,0.6,,,,,,,
AND_A01,82,,,296113.4419,9717525.7,O,,,,,,11.5,12.17,True,20180323,16,11.75,12.17,measured,0.36,site_median,0.0,11.5,12.17,,False,O,11.75,feldpausch,,11.75,0.633,,,,,,,
AND_A01,83,,,296113.8524,9717524.77,O,,,,,,13.6,13.51,True,20180323,16,13.22,13.51,measured,0.36,site_median,0.0,13.6,13.51,,False,O,13.22,feldpausch,,13.22,0.633,,,,,,,
AND_A01,1,,,295749.1852,9717890.843,O,47.5,True,,36.16,20130827.0,,,True,20180323,17,,36.16,measured,0.36,site_median,0.0,,36.16,47.5,True,O,36.16,measured,47.5,36.16,0.633,1271.1522,855.2194,855.2194,1271.1522,855.2194,855.2194,
AND_A01,2,Lecythis idatimon,Lecythidaceae,295750.186,9717890.482,O,20.3,False,9.46,14.44,20130827.0,,,True,20180323,17,,14.44,measured,0.36,site_median,0.0,,14.44,20.3,False,O,14.44,measured,20.3,14.44,0.7986,98.7258,98.7258,130.5008,98.7258,98.7258,130.5008,
AND_A01,3,Eschweilera coriacea,Lecythidaceae,295758.1035,9717861.259,O,31.7,False,12.26,17.99,20130827.0,,,True,20180323,17,,17.99,measured,0.36,site_median,0.0,,17.99,31.7,False,O,17.99,measured,31.7,17.99,0.8521,292.0376,292.0376,411.2573,292.0376,292.0376,411.2573,
AND_A01,4,Carapa guianensis,Meliaceae,295741.2166,9717864.159,O,41.6,False,9.99,13.61,20130827.0,44.4,,False,20180323,17,27.56,13.61,measured,0.56,observed,0.0,44.4,13.61,41.6,False,O,13.61,measured,41.6,13.61,0.53,378.0736,378.0736,334.9608,378.0736,378.0736,334.9608,
AND_A01,5,Eschweilera coriacea,Lecythidaceae,295738.0627,9717861.28,O,41.5,False,4.42,6.95,20130827.0,37.1,,False,20180323,17,25.01,6.95,measured,0.0,observed,0.0,37.1,6.95,41.5,False,O,6.95,measured,41.5,6.95,0.8521,195.2845,195.2845,275.0063,195.2845,195.2845,275.0063,
AND_A01,6,,,295762.5453,9717861.952,O,12.1,True,,3.74,20130827.0,,,True,20180323,17,,3.74,measured,0.36,site_median,0.0,,3.74,12.1,True,O,3.74,measured,12.1,3.74,0.633,9.6201,8.6744,8.6744,9.6201,8.6744,8.6744,
AND_A01,7,Eperua bijuga,Fabaceae,295760.0447,9717860.846,O,13.0,False,5.68,11.98,20130827.0,14.5,,False,20180323,17,13.82,11.98,measured,0.3,observed,0.0,14.5,11.98,13.0,False,O,11.98,measured,13.0,11.98,0.729,34.4708,34.4708,41.6868,34.4708,34.4708,41.6868,
AND_A01,8,Lecythis idatimon,Lecythidaceae,295759.6988,9717859.087,O,15.6,False,7.57,12.81,20130827.0,16.7,,False,20180323,17,15.22,12.81,measured,0.22,observed,0.0,16.7,12.81,15.6,False,O,12.81,measured,15.6,12.81,0.7986,52.5301,52.5301,69.4369,52.5301,52.5301,69.4369,
AND_A01,9,Eperua bijuga,Fabaceae,295763.1363,9717857.545,O,11.5,False,9.11,10.46,20130827.0,13.7,,False,20180323,17,13.29,10.46,measured,0.44,observed,0.0,13.7,10.46,11.5,False,O,10.46,measured,11.5,10.46,0.729,23.7687,23.7687,28.7443,23.7687,23.7687,28.7443,
AND_A01,10,Anacardium spruceanum,Anacardiaceae,295715.7483,9717869.805,O,63.9,False,22.12,30.4,20130827.0,,,True,20180323,17,,30.4,measured,0.36,site_median,0.0,,30.4,63.9,False,O,30.4,measured,63.9,30.4,0.4792,1914.6217,1914.6217,1537.3129,1914.6217,1914.6217,1537.3129,
AND_A01,11,Eperua bijuga,Fabaceae,295705.4335,9717875.53,O,37.2,False,15.3,22.58,20130827.0,,,True,20180323,17,,22.58,measured,0.36,site_median,0.0,,22.58,37.2,False,O,22.58,measured,37.2,22.58,0.729,498.1901,498.1901,602.4785,498.1901,498.1901,602.4785,
AND_A01,12,,,295703.4802,9717883.894,O,71.5,True,,31.19,20130827.0,,,True,20180323,17,,31.19,measured,0.36,site_median,0.0,,31.19,71.5,True,O,31.19,measured,71.5,31.19,0.633,2444.6973,1717.0231,1717.0231,2444.6973,1717.0231,1717.0231,
AND_A01,13,Caryocar glabrum,Caryocaraceae,295728.0723,9717894.128,O,44.5,False,18.09,29.29,20130827.0,48.2,,False,20180323,17,28.75,29.29,measured,0.74,observed,0.0,48.2,29.29,44.5,False,O,29.29,measured,44.5,29.29,0.6536,911.1241,911.1241,990.4395,911.1241,911.1241,990.4395,
AND_A01,121,Inga alba,Fabaceae,295754.2744,9717859.406,O,,,,,,31.2,22.29,,20180323,17,22.65,22.29,measured,0.36,site_median,0.0,31.2,22.29,,False,O,22.65,feldpausch,,22.65,0.5861,,,,,,,
AND_A01,122,Lecythis idatimon,Lecythidaceae,295757.7341,9717858.518,O,,,,,,10.7,11.64,,20180323,17,11.15,11.64,measured,0.36,site_median,0.0,10.7,11.64,,False,O,11.15,feldpausch,,11.15,0.7986,,,,,,,
AND_A01,123,Tachigali paniculata,Fabaceae,295752.4823,9717859.231,O,,,,,,35.3,23.95,,20180323,17,24.32,23.95,measured,0.36,site_median,0.0,35.3,23.95,,False,O,24.32,feldpausch,,24.32,0.5545,,,,,,,
AND_A01,124,,,295752.1352,9717861.363,O,,,,,,10.0,11.15,True,20180323,17,10.62,11.15,measured,0.36,site_median,0.0,10.0,11.15,,False,O,10.62,feldpausch,,10.62,0.633,,,,,,,
AND_A01,125,Eperua bijuga,Fabaceae,295750.1076,9717860.988,O,,,,,,20.2,17.21,,20180323,17,17.28,17.21,measured,0.36,site_median,0.0,20.2,17.21,,False,O,17.28,feldpausch,,17.28,0.729,,,,,,,
AND_A01,126,Eschweilera coriacea,Lecythidaceae,295751.8621,9717864.606,O,,,,,,29.1,21.4,,20180323,17,21.73,21.4,measured,0.36,site_median,0.0,29.1,21.4,,False,O,21.73,feldpausch,,21.73,0.8521,,,,,,,
AND_A01,127,Eschweilera coriacea,Lecythidaceae,295752.5486,9717868.12,O,,,,,,35.1,23.87,,20180323,17,24.25,23.87,measured,0.36,site_median,0.0,35.1,23.87,,False,O,24.25,feldpausch,,24.25,0.8521,,,,,,,
AND_A01,128,,,295743.3463,9717865.546,O,,,,,,15.0,14.35,True,20180323,17,14.15,14.35,measured,0.36,site_median,0.0,15.0,14.35,,False,O,14.15,feldpausch,,14.15,0.633,,,,,,,
AND_A01,129,Eschweilera coriacea,Lecythidaceae,295743.59,9717868.888,O,,,,,,11.5,12.17,,20180323,17,11.75,12.17,measured,0.36,site_median,0.0,11.5,12.17,,False,O,11.75,feldpausch,,11.75,0.8521,,,,,,,
AND_A01,130,Eschweilera coriacea,Lecythidaceae,295742.1368,9717872.421,O,,,,,,21.0,17.62,,20180323,17,17.72,17.62,measured,0.36,site_median,0.0,21.0,17.62,,False,O,17.72,feldpausch,,17.72,0.8521,,,,,,,
AND_A01,131,,,295742.3358,9717872.716,O,,,,,,14.0,13.75,,20180323,17,13.49,13.75,measured,0.36,site_median,0.0,14.0,13.75,,False,O,13.49,feldpausch,,13.49,0.633,,,,,,,
AND_A01,132,Sterigmapetalum obovatum,Rhizophoraceae,295738.9534,9717869.755,O,,,,,,17.7,15.89,,20180323,17,15.83,15.89,measured,0.36,site_median,0.0,17.7,15.89,,False,O,15.83,feldpausch,,15.83,0.77,,,,,,,
AND_A01,133,Goupia glabra,Goupiaceae,295742.2111,9717874.828,O,,,,,,30.8,22.13,,20180323,17,22.48,22.13,measured,0.36,site_median,0.0,30.8,22.13,,False,O,22.48,feldpausch,,22.48,0.7272,,,,,,,
AND_A01,134,,,295745.3454,9717874.987,O,,,,,,13.7,13.57,True,20180323,17,13.29,13.57,measured,0.36,site_median,0.0,13.7,13.57,,False,O,13.29,feldpausch,,13.29,0.633,,,,,,,
AND_A01,135,Vatairea sericea,Fabaceae,295744.9129,9717878.056,O,,,,,,35.8,24.15,,20180323,17,24.52,24.15,measured,0.36,site_median,0.0,35.8,24.15,,False,O,24.52,feldpausch,,24.52,0.665,,,,,,,
AND_A01,136,Sterigmapetalum obovatum,Rhizophoraceae,295741.7243,9717881.118,O,,,,,,14.8,14.23,,20180323,17,14.02,14.23,measured,0.36,site_median,0.0,14.8,14.23,,False,O,14.02,feldpausch,,14.02,0.77,,,,,,,
AND_A01,137,Tapirira guianensis,Anacardiaceae,295742.6586,9717883.429,O,,,,,,20.1,17.16,,20180323,17,17.22,17.16,measured,0.36,site_median,0.0,20.1,17.16,,False,O,17.22,feldpausch,,17.22,0.457,,,,,,,
AND_A01,138,,,295741.7753,9717886.535,O,,,,,,14.0,13.75,True,20180323,17,13.49,13.75,measured,0.36,site_median,0.0,14.0,13.75,,False,O,13.49,feldpausch,,13.49,0.633,,,,,,,
AND_A01,139,Croton matourensis,Euphorbiaceae,295739.1288,9717892.832,O,,,,,,20.8,17.52,,20180323,17,17.61,17.52,measured,0.36,site_median,0.0,20.8,17.52,,False,O,17.61,feldpausch,,17.61,0.3883,,,,,,,
AND_A01,140,Pouteria guianensis,Sapotaceae,295738.0968,9717892.321,O,,,,,,19.0,16.59,,20180323,17,16.6,16.59,measured,0.36,site_median,0.0,19.0,16.59,,False,O,16.6,feldpausch,,16.6,0.9295,,,,,,,
AND_A01,14,Lecythis idatimon,Lecythidaceae,295805.3607,9717754.572,O,13.7,False,11.74,15.93,20130827.0,,,True,20180323,18,,15.93,measured,0.36,site_median,0.0,,15.93,13.7,False,O,15.93,measured,13.7,15.93,0.7986,50.4315,50.4315,66.6629,50.4315,50.4315,66.6629,
AND_A01,15,Sloanea guianensis,Elaeocarpaceae,295810.9366,9717745.668,O,18.1,False,2.24,10.23,20130827.0,21.4,,False,20180323,18,17.94,10.23,measured,0.66,observed,0.0,21.4,10.23,18.1,False,O,10.23,measured,18.1,10.23,0.8212,56.3752,56.3752,76.5798,56.3752,56.3752,76.5798,
AND_A01,16,Manilkara huberi,Sapotaceae,295808.0161,9717737.614,O,49.7,False,23.69,33.32,20130827.0,,,True,20180323,18,,33.32,measured,0.36,site_median,0.0,,33.32,49.7,False,O,33.32,measured,49.7,33.32,0.9214,1282.0602,1282.0602,1948.5768,1282.0602,1282.0602,1948.5768,
AND_A01,17,Eschweilera coriacea,Lecythidaceae,295816.0487,9717735.527,O,26.5,False,13.29,19.67,20130827.0,,,True,20180323,18,,19.67,measured,0.36,site_median,0.0,,19.67,26.5,False,O,19.67,measured,26.5,19.67,0.8521,224.5896,224.5896,316.2748,224.5896,224.5896,316.2748,
AND_A01,19,Eschweilera parviflora,Lecythidaceae,295815.6297,9717726.876,O,52.8,False,25.75,34.74,20130827.0,,,True,20180323,18,,34.74,measured,0.36,site_median,0.0,,34.74,52.8,False,O,34.74,measured,52.8,34.74,0.918,1502.7682,1502.7682,2275.8878,1502.7682,1502.7682,2275.8878,
AND_A01,20,Vismia latifolia,Hypericaceae,295817.6668,9717724.512,O,17.2,False,13.2,19.96,20130827.0,,,True,20180323,18,,19.96,measured,0.36,site_median,0.0,,19.96,17.2,False,O,19.96,measured,17.2,19.96,0.43,97.9871,97.9871,70.7878,97.9871,97.9871,70.7878,
AND_A01,21,,,295822.0807,9717720.775,O,10.8,True,,6.69,20130827.0,,,True,20180323,18,,6.69,measured,0.36,site_median,0.0,,6.69,10.8,True,O,6.69,measured,10.8,6.69,0.633,13.5931,11.12,11.12,13.5931,11.12,11.12,
AND_A01,22,Carapa guianensis,Meliaceae,295822.4903,9717719.773,O,48.0,False,29.45,40.26,20130827.0,,,True,20180323,18,,40.26,measured,0.36,site_median,0.0,,40.26,48.0,False,O,40.26,measured,48.0,40.26,0.53,1440.789,1440.789,1276.4918,1440.789,1440.789,1276.4918,
AND_A01,23,Sterculia pruriens,Malvaceae,295803.3601,9717717.687,O,47.3,False,20.67,25.13,20130827.0,48.5,,False,20180323,18,28.84,25.13,measured,0.24,observed,0.0,48.5,25.13,47.3,False,O,25.13,measured,47.3,25.13,0.4862,883.8478,883.8478,719.8355,883.8478,883.8478,719.8355,
AND_A01,24,Lecythis idatimon,Lecythidaceae,295774.3058,9717710.259,O,37.2,False,24.26,32.99,20130827.0,45.0,,False,20180323,18,27.76,32.99,measured,1.56,observed,0.0,45.0,32.99,37.2,False,O,32.99,measured,37.2,32.99,0.7986,721.2763,721.2763,953.42,721.2763,721.2763,953.42,
AND_A01,25,Chimarrhis turbinata,Rubiaceae,295771.3324,9717725.093,O,51.0,False,30.58,44.46,20130827.0,,,True,20180323,18,,44.46,measured,0.36,site_median,0.0,,44.46,51.0,False,O,44.46,measured,51.0,44.46,0.72,1786.7174,1786.7174,2134.6996,1786.7174,1786.7174,2134.6996,
AND_A01,26,,,295774.9579,9717731.872,O,39.2,True,,5.15,20130827.0,,,True,20180323,18,,5.15,measured,0.36,site_median,0.0,,5.15,39.2,True,O,5.15,measured,39.2,5.15,0.633,130.4004,118.2742,118.2742,130.4004,118.2742,118.2742,
AND_A01,27,,,295769.1403,9717738.088,O,58.6,True,,34.31,20130827.0,,,True,20180323,18,,34.31,measured,0.36,site_median,0.0,,34.31,58.6,True,O,34.31,measured,58.6,34.31,0.633,1819.5645,1246.892,1246.892,1819.5645,1246.892,1246.892,
AND_A01,28,Lecythis idatimon,Lecythidaceae,295763.6947,9717743.394,O,42.5,False,17.84,26.68,20130827.0,,,True,20180323,18,,26.68,measured,0.36,site_median,0.0,,26.68,42.5,False,O,26.68,measured,42.5,26.68,0.7986,760.3845,760.3845,1005.1153,760.3845,760.3845,1005.1153,
AND_A01,101,Inga thibaudiana,Fabaceae,295812.104,9717719.829,O,,,,,,15.7,14.76,,20180323,18,14.6,14.76,measured,0.36,site_median,0.0,15.7,14.76,,False,O,14.6,feldpausch,,14.6,0.5786,,,,,,,
AND_A01,102,Zollernia paraensis,Fabaceae,295811.6738,9717718.274,O,,,,,,14.6,14.12,,20180323,18,13.89,14.12,measured,0.36,site_median,0.0,14.6,14.12,,False,O,13.89,feldpausch,,13.89,0.99,,,,,,,
AND_A01,103,,,295812.348,9717716.633,O,,,,,,14.3,13.94,,20180323,18,13.69,13.94,measured,0.36,site_median,0.0,14.3,13.94,,False,O,13.69,feldpausch,,13.69,0.633,,,,,,,
AND_A01,104,,,295806.8638,9717716.971,O,,,,,,18.0,16.05,,20180323,18,16.01,16.05,measured,0.36,site_median,0.0,18.0,16.05,,False,O,16.01,feldpausch,,16.01,0.633,,,,,,,
AND_A01,105,Pouteria sp.,Sapotaceae,295804.3528,9717717.874,O,,,,,,10.5,11.5,,20180323,18,11.0,11.5,measured,0.36,site_median,0.0,10.5,11.5,,False,O,11.0,feldpausch,,11.0,0.7187,,,,,,,
AND_A01,106,,,295805.5283,9717722.814,O,,,,,,11.5,12.17,True,20180323,18,11.75,12.17,measured,0.36,site_median,0.0,11.5,12.17,,False,O,11.75,feldpausch,,11.75,0.633,,,,,,,
AND_A01,107,,,295803.2835,9717727.226,O,,,,,,12.7,12.95,True,20180323,18,12.6,12.95,measured,0.36,site_median,0.0,12.7,12.95,,False,O,12.6,feldpausch,,12.6,0.633,,,,,,,
AND_A01,108,Tetragastris panamensis,Burseraceae,295802.7863,9717727.133,O,,,,,,30.2,21.87,,20180323,18,22.22,21.87,measured,0.36,site_median,0.0,30.2,21.87,,False,O,22.22,feldpausch,,22.22,0.7173,,,,,,,
AND_A01,109,Croton matourensis,Euphorbiaceae,295801.9924,9717727.24,O,,,,,,30.1,21.83,,20180323,18,22.17,21.83,measured,0.36,site_median,0.0,30.1,21.83,,False,O,22.17,feldpausch,,22.17,0.3883,,,,,,,
AND_A01,110,,,295798.2609,9717732.654,O,,,,,,16.5,15.22,True,20180323,18,15.1,15.22,measured,0.36,site_median,0.0,16.5,15.22,,False,O,15.1,feldpausch,,15.1,0.633,,,,,,,
AND_A01,111,Cecropia palmata,Urticaceae,295799.3513,9717735.215,O,,,,,,11.8,12.37,,20180323,18,11.96,12.37,measured,0.36,site_median,0.0,11.8,12.37,,False,O,11.96,feldpausch,,11.96,0.3404,,,,,,,
AND_A01,112,Cecropia palmata,Urticaceae,295798.2702,9717733.933,O,,,,,,10.4,11.43,,20180323,18,10.93,11.43,measured,0.36,site_median,0.0,10.4,11.43,,False,O,10.93,feldpausch,,10.93,0.3404,,,,,,,
AND_A01,113,,,295798.9055,9717732.912,O,,,,,,15.7,14.76,True,20180323,18,14.6,14.76,measured,0.36,site_median,0.0,15.7,14.76,,False,O,14.6,feldpausch,,14.6,0.633,,,,,,,
AND_A01,114,,,295799.5217,9717737.407,O,,,,,,17.5,15.78,True,20180323,18,15.71,15.78,measured,0.36,site_median,0.0,17.5,15.78,,False,O,15.71,feldpausch,,15.71,0.633,,,,,,,
AND_A01,115,,,295797.1146,9717738.04,O,,,,,,10.2,11.29,True,20180323,18,10.78,11.29,measured,0.36,site_median,0.0,10.2,11.29,,False,O,10.78,feldpausch,,10.78,0.633,,,,,,,
AND_A01,116,,,295807.8795,9717743.179,O,,,,,,12.6,12.89,True,20180323,18,12.53,12.89,measured,0.36,site_median,0.0,12.6,12.89,,False,O,12.53,feldpausch,,12.53,0.633,,,,,,,
AND_A01,117,,,295808.1562,9717743.289,O,,,,,,12.5,12.82,True,20180323,18,12.46,12.82,measured,0.36,site_median,0.0,12.5,12.82,,False,O,12.46,feldpausch,,12.46,0.633,,,,,,,
AND_A01,118,,,295808.7382,9717741.084,O,,,,,,19.9,17.06,True,20180323,18,17.11,17.06,measured,0.36,site_median,0.0,19.9,17.06,,False,O,17.11,feldpausch,,17.11,0.633,,,,,,,
AND_A01,119,,,295801.7914,9717744.678,O,,,,,,22.5,18.37,,20180323,18,18.53,18.37,measured,0.36,site_median,0.0,22.5,18.37,,False,O,18.53,feldpausch,,18.53,0.633,,,,,,,
AND_A01,120,,,295798.309,9717758.135,O,,,,,,12.7,12.95,True,20180323,18,12.6,12.95,measured,0.36,site_median,0.0,12.7,12.95,,False,O,12.6,feldpausch,,12.6,0.633,,,,,,,
AND_A01,29,Sterculia pruriens,Malvaceae,295860.8579,9717621.678,O,16.2,False,10.89,14.05,20130827.0,19.6,,False,20180323,19,16.94,14.05,measured,0.68,observed,0.0,19.6,14.05,16.2,False,O,14.05,measured,16.2,14.05,0.4862,61.8822,61.8822,50.399,61.8822,61.8822,50.399,
AND_A01,30,Eschweilera coriacea,Lecythidaceae,295862.3001,9717619.379,O,21.1,False,11.55,16.69,20130827.0,24.2,,False,20180323,19,19.4,16.69,measured,0.62,observed,0.0,24.2,16.69,21.1,False,O,16.69,measured,21.1,16.69,0.8521,122.6245,122.6245,172.6841,122.6245,122.6245,172.6841,
AND_A01,31,Lecythis lurida,Lecythidaceae,295857.6777,9717610.779,O,39.1,False,16.0,23.69,20130827.0,40.0,,False,20180323,19,26.07,23.69,measured,0.18,observed,0.0,40.0,23.69,39.1,False,O,23.69,measured,39.1,23.69,0.8633,575.3939,575.3939,820.7291,575.3939,575.3939,820.7291,
AND_A01,32,Neea oppositifolia,Nyctaginaceae,295865.4331,9717614.086,O,14.2,False,8.46,10.22,20130827.0,16.1,,False,20180323,19,14.85,10.22,measured,0.38,observed,0.0,16.1,10.22,14.2,False,O,10.22,measured,14.2,10.22,0.893,35.0713,35.0713,51.702,35.0713,35.0713,51.702,
AND_A01,33,Tetragastris panamensis,Burseraceae,295867.0468,9717610.821,O,10.8,False,9.18,15.49,20130827.0,,,True,20180323,19,,15.49,measured,0.36,site_median,0.0,,15.49,10.8,False,O,15.49,measured,10.8,15.49,0.7173,30.8457,30.8457,36.72,30.8457,30.8457,36.72,
AND_A01,34,Eschweilera coriacea,Lecythidaceae,295861.2929,9717591.904,O,40.8,False,16.27,22.78,20130827.0,,,True,20180323,19,,22.78,measured,0.36,site_median,0.0,,22.78,40.8,False,O,22.78,measured,40.8,22.78,0.8521,601.7856,601.7856,847.455,601.7856,601.7856,847.455,
AND_A01,35,Croton matourensis,Euphorbiaceae,295859.1194,9717598.848,O,42.5,False,30.2,39.99,20130827.0,,,True,20180323,19,,39.99,measured,0.36,site_median,0.0,,39.99,42.5,False,O,39.99,measured,42.5,39.99,0.3883,1128.705,1128.705,738.1907,1128.705,1128.705,738.1907,
AND_A01,36,Eschweilera coriacea,Lecythidaceae,295858.2298,9717589.298,O,42.6,False,22.15,28.85,20130827.0,50.2,,False,20180323,19,29.34,28.85,measured,1.52,observed,0.0,50.2,28.85,42.6,False,O,28.85,measured,42.6,28.85,0.8521,824.4618,824.4618,1161.0353,824.4618,824.4618,1161.0353,
AND_A01,37,,,295848.212,9717585.625,O,38.3,True,,30.53,20130827.0,,,True,20180323,19,,30.53,measured,0.36,site_median,0.0,,30.53,38.3,True,O,30.53,measured,38.3,30.53,0.633,707.8774,484.1317,484.1317,707.8774,484.1317,484.1317,
AND_A01,38,Tachigali myrmecophila,Fabaceae,295826.3156,9717606.256,O,59.3,False,35.2,39.39,20130827.0,71.0,,False,20180323,19,34.35,39.39,measured,2.34,observed,0.0,71.0,39.39,59.3,False,O,39.39,measured,59.3,39.39,0.476,2130.8858,2130.8858,1699.9218,2130.8858,2130.8858,1699.9218,
AND_A01,39,,,295848.3503,9717617.585,O,46.8,True,,50.25,20130827.0,,,True,20180323,19,,50.25,measured,0.36,site_median,0.0,,50.25,46.8,True,O,50.25,measured,46.8,50.25,0.633,1702.5089,1086.627,1086.627,1702.5089,1086.627,1086.627,
AND_A01,40,Tetragastris panamensis,Burseraceae,295847.1773,9717613.53,O,35.0,False,12.9,15.01,20130827.0,,,True,20180323,19,,15.01,measured,0.36,site_median,0.0,,15.01,35.0,False,O,15.01,measured,35.0,15.01,0.7173,296.9129,296.9129,353.4575,296.9129,296.9129,353.4575,
AND_A01,41,Pouteria sp.,Sapotaceae,295850.8987,9717614.276,O,48.6,False,33.48,43.63,20130827.0,42.2,,False,20180323,19,26.83,43.63,measured,0.0,observed,0.0,42.2,43.63,48.6,False,O,43.63,measured,48.6,43.63,0.7187,1596.6328,1596.6328,1904.3056,1596.6328,1596.6328,1904.3056,
AND_A01,42,Micropholis sp.,Sapotaceae,295851.6728,9717616.979,O,52.0,False,27.44,32.18,20130827.0,53.5,,False,20180323,19,30.27,32.18,measured,0.3,observed,0.0,53.5,32.18,52.0,False,O,32.18,measured,52.0,32.18,0.6511,1353.64,1353.64,1466.0802,1353.64,1353.64,1466.0802,
AND_A01,80,,,295874.4478,9717577.819,O,,,,,,11.9,12.43,True,20180323,19,12.03,12.43,measured,0.36,site_median,0.0,11.9,12.43,,False,O,12.03,feldpausch,,12.03,0.633,,,,,,,
AND_A01,81,,,295876.3567,9717583.034,O,,,,,,13.0,13.14,,20180323,19,12.81,13.14,measured,0.36,site_median,0.0,13.0,13.14,,False,O,12.81,feldpausch,,12.81,0.633,,,,,,,
AND_A01,82,Cecropia palmata,Urticaceae,295876.446,9717583.305,O,,,,,,14.0,13.75,,20180323,19,13.49,13.75,measured,0.36,site_median,0.0,14.0,13.75,,False,O,13.49,feldpausch,,13.49,0.3404,,,,,,,
AND_A01,83,Cecropia palmata,Urticaceae,295877.6345,9717590.512,O,,,,,,19.0,16.59,,20180323,19,16.6,16.59,measured,0.36,site_median,0.0,19.0,16.59,,False,O,16.6,feldpausch,,16.6,0.3404,,,,,,,
AND_A01,84,Cecropia palmata,Urticaceae,295875.2074,9717591.666,O,,,,,,10.9,11.77,,20180323,19,11.3,11.77,measured,0.36,site_median,0.0,10.9,11.77,,False,O,11.3,feldpausch,,11.3,0.3404,,,,,,,
AND_A01,85,Tapirira guianensis,Anacardiaceae,295869.9034,9717601.799,O,,,,,,15.5,14.65,,20180323,19,14.47,14.65,measured,0.36,site_median,0.0,15.5,14.65,,False,O,14.47,feldpausch,,14.47,0.457,,,,,,,
AND_A01,86,,,295870.2743,9717604.293,O,,,,,,10.7,11.64,True,20180323,19,11.15,11.64,measured,0.36,site_median,0.0,10.7,11.64,,False,O,11.15,feldpausch,,11.15,0.633,,,,,,,
AND_A01,87,Pouteria gongrijpii,Sapotaceae,295868.4651,9717606.881,O,,,,,,10.9,11.77,,20180323,19,11.3,11.77,measured,0.36,site_median,0.0,10.9,11.77,,False,O,11.3,feldpausch,,11.3,0.7994,,,,,,,
AND_A01,88,Cecropia palmata,Urticaceae,295865.8798,9717606.766,O,,,,,,15.1,14.41,,20180323,19,14.21,14.41,measured,0.36,site_median,0.0,15.1,14.41,,False,O,14.21,feldpausch,,14.21,0.3404,,,,,,,
AND_A01,89,Lecythis idatimon,Lecythidaceae,295864.3244,9717615.275,O,,,,,,11.6,12.24,,20180323,19,11.82,12.24,measured,0.36,site_median,0.0,11.6,12.24,,False,O,11.82,feldpausch,,11.82,0.7986,,,,,,,
AND_A01,90,Inga thibaudiana,Fabaceae,295862.2392,9717614.227,O,,,,,,11.2,11.97,,20180323,19,11.53,11.97,measured,0.36,site_median,0.0,11.2,11.97,,False,O,11.53,feldpausch,,11.53,0.5786,,,,,,,
AND_A01,91,Cecropia palmata,Urticaceae,295860.1199,9717614.321,O,,,,,,14.6,14.12,,20180323,19,13.89,14.12,measured,0.36,site_median,0.0,14.6,14.12,,False,O,13.89,feldpausch,,13.89,0.3404,,,,,,,
AND_A01,92,Cordia scabrifolia,Boraginaceae,295860.9493,9717604.336,O,,,,,,23.1,18.66,,20180323,19,18.84,18.66,measured,0.36,site_median,0.0,23.1,18.66,,False,O,18.84,feldpausch,,18.84,0.474,,,,,,,
AND_A01,93,,,295856.744,9717611.003,O,,,,,,23.8,19.0,,20180323,19,19.2,19.0,measured,0.36,site_median,0.0,23.8,19.0,,False,O,19.2,feldpausch,,19.2,0.633,,,,,,,
AND_A01,94,Sagotia racemosa,Euphorbiaceae,295855.8433,9717616.792,O,,,,,,15.3,14.53,,20180323,19,14.34,14.53,measured,0.36,site_median,0.0,15.3,14.53,,False,O,14.34,feldpausch,,14.34,0.58,,,,,,,
AND_A01,95,Pouteria sp.,Sapotaceae,295858.2335,9717620.335,O,,,,,,18.4,16.27,,20180323,19,16.25,16.27,measured,0.36,site_median,0.0,18.4,16.27,,False,O,16.25,feldpausch,,16.25,0.7187,,,,,,,
AND_A01,96,Euterpe oleracea,Arecaceae,295859.1515,9717627.819,P,,,,,,11.2,11.97,,20180323,19,11.53,11.97,measured,0.36,site_median,0.0,11.2,11.97,,False,P,11.53,feldpausch,,11.53,0.3877,,,,,,,
AND_A01,97,Cordia scabrifolia,Boraginaceae,295853.5036,9717624.653,O,,,,,,14.3,13.94,,20180323,19,13.69,13.94,measured,0.36,site_median,0.0,14.3,13.94,,False,O,13.69,feldpausch,,13.69,0.474,,,,,,,
AND_A01,98,Pouteria gongrijpii,Sapotaceae,295849.7059,9717621.174,O,,,,,,16.5,15.22,,20180323,19,15.1,15.22,measured,0.36,site_median,0.0,16.5,15.22,,False,O,15.1,feldpausch,,15.1,0.7994,,,,,,,
AND_A01,99,Eschweilera coriacea,Lecythidaceae,295852.1983,9717621.883,O,,,,,,11.8,12.37,,20180323,19,11.96,12.37,measured,0.36,site_median,0.0,11.8,12.37,,False,O,11.96,feldpausch,,11.96,0.8521,,,,,,,
AND_A01,100,Pouteria sp.,Sapotaceae,295829.4064,9717601.089,O,,,,,,35.2,23.91,,20180323,19,24.28,23.91,measured,0.36,site_median,0.0,35.2,23.91,,False,O,24.28,feldpausch,,24.28,0.7187,,,,,,,
AND_A01,43,Eperua bijuga,Fabaceae,295920.1632,9717487.097,O,18.1,False,12.92,17.08,20130827.0,19.5,,False,20180323,20,16.88,17.08,measured,0.28,observed,0.0,19.5,17.08,18.1,False,O,17.08,measured,18.1,17.08,0.729,92.9731,92.9731,112.4356,92.9731,92.9731,112.4356,
AND_A01,44,Lecythis idatimon,Lecythidaceae,295920.3876,9717486.577,O,21.1,False,16.83,22.24,20130827.0,22.1,,False,20180323,20,18.31,22.24,measured,0.2,observed,0.0,22.1,22.24,21.1,False,O,22.24,measured,21.1,22.24,0.7986,162.2795,162.2795,214.5093,162.2795,162.2795,214.5093,
AND_A01,45,Carapa guianensis,Meliaceae,295919.7095,9717486.66,O,55.0,False,18.56,26.0,20130827.0,56.0,,False,20180323,20,30.93,26.0,measured,0.2,observed,0.0,56.0,26.0,55.0,False,O,26.0,measured,55.0,26.0,0.53,1226.4861,1226.4861,1086.6265,1226.4861,1226.4861,1086.6265,
AND_A01,46,,,295925.5468,9717481.688,O,10.8,True,,10.43,20130827.0,,,True,20180323,20,,10.43,measured,0.36,site_median,0.0,,10.43,10.8,True,O,10.43,measured,10.8,10.43,0.633,20.9676,15.9906,15.9906,20.9676,15.9906,15.9906,
AND_A01,47,Apeiba petoumo,Malvaceae,295926.1302,9717480.611,O,18.1,False,9.8,13.12,20130827.0,17.8,,False,20180323,20,15.89,13.12,measured,0.0,observed,0.0,17.8,13.12,18.1,False,O,13.12,measured,18.1,13.12,0.2822,71.8708,71.8708,34.4267,71.8708,71.8708,34.4267,
AND_A01,48,Carapa guianensis,Meliaceae,295926.7368,9717466.681,O,38.5,False,15.18,24.67,20130827.0,,,True,20180323,20,,24.67,measured,0.36,site_median,0.0,,24.67,38.5,False,O,24.67,measured,38.5,24.67,0.53,580.8141,580.8141,514.5822,580.8141,580.8141,514.5822,
AND_A01,49,Annona ambotay,Annonaceae,295931.9188,9717465.146,O,18.4,False,9.29,15.99,20130827.0,,,True,20180323,20,,15.99,measured,0.36,site_median,0.0,,15.99,18.4,False,O,15.99,measured,18.4,15.99,0.5112,90.0205,90.0205,76.986,90.0205,90.0205,76.986,
AND_A01,50,,,295936.1618,9717448.174,O,13.8,False,11.37,14.86,20130827.0,14.8,,False,20180323,20,14.02,14.86,measured,0.2,observed,0.0,14.8,14.86,13.8,False,O,14.86,measured,13.8,14.86,0.633,47.7964,47.7964,50.3643,47.7964,47.7964,50.3643,
AND_A01,51,,,295939.2003,9717445.8,O,22.1,True,,9.52,20130827.0,,,True,20180323,20,,9.52,measured,0.36,site_median,0.0,,9.52,22.1,True,O,9.52,measured,22.1,9.52,0.633,77.6004,62.1397,62.1397,77.6004,62.1397,62.1397,
AND_A01,52,Tapirira guianensis,Anacardiaceae,295893.4027,9717422.633,O,36.3,False,15.13,19.6,20130827.0,,,True,20180323,20,,19.6,measured,0.36,site_median,0.0,,19.6,36.3,False,O,19.6,measured,36.3,19.6,0.457,413.657,413.657,317.1341,413.657,413.657,317.1341,
AND_A01,53,Goupia glabra,Goupiaceae,295890.5507,9717451.336,O,44.9,False,24.21,33.87,20130827.0,,,True,20180323,20,,33.87,measured,0.36,site_median,0.0,,33.87,44.9,False,O,33.87,measured,44.9,33.87,0.7272,1068.4278,1068.4278,1288.9511,1068.4278,1068.4278,1288.9511,
AND_A01,54,Chimarrhis turbinata,Rubiaceae,295889.1589,9717455.455,O,39.9,False,9.94,20.02,20130827.0,41.0,,False,20180323,20,26.42,20.02,measured,0.22,observed,0.0,41.0,20.02,39.9,False,O,20.02,measured,39.9,20.02,0.72,507.9123,507.9123,606.8336,507.9123,507.9123,606.8336,
AND_A01,55,Apeiba petoumo,Malvaceae,295888.3715,9717460.957,O,55.2,False,21.09,33.09,20130827.0,,,True,20180323,20,,33.09,measured,0.36,site_median,0.0,,33.09,55.2,False,O,33.09,measured,55.2,33.09,0.2822,1562.967,1562.967,748.6743,1562.967,1562.967,748.6743,
AND_A01,56,Eschweilera coriacea,Lecythidaceae,295880.0663,9717460.251,O,47.0,False,21.09,33.09,20130827.0,,,True,20180323,20,,33.09,measured,0.36,site_median,0.0,,33.09,47.0,False,O,33.09,measured,47.0,33.09,0.8521,1141.8781,1141.8781,1608.0318,1141.8781,1141.8781,1608.0318,
AND_A01,57,Brosimum rubescens ,Moraceae,295876.2891,9717471.896,O,50.0,False,27.4,36.81,20130827.0,50.9,,False,20180323,20,29.54,36.81,measured,0.18,observed,0.0,50.9,36.81,50.0,False,O,36.81,measured,50.0,36.81,0.8251,1429.66,1429.66,1951.1452,1429.66,1429.66,1951.1452,
AND_A01,58,Simarouba amara,Simaroubaceae,295879.4659,9717471.748,O,59.0,False,27.59,34.04,20130827.0,,,True,20180323,20,,34.04,measured,0.36,site_median,0.0,,34.04,59.0,False,O,34.04,measured,59.0,34.04,0.3833,1829.7241,1829.7241,1181.6279,1829.7241,1829.7241,1181.6279,
AND_A01,59,Tachigali myrmecophila,Fabaceae,295895.1699,9717469.078,O,61.7,False,11.91,16.73,20130827.0,,,True,20180323,20,,16.73,measured,0.36,site_median,0.0,,16.73,61.7,False,O,16.73,measured,61.7,16.73,0.476,998.2271,998.2271,796.3393,998.2271,998.2271,796.3393,
AND_A01,60,,,295904.2412,9717481.816,O,47.7,True,,22.72,20130827.0,,,True,20180323,20,,22.72,measured,0.36,site_median,0.0,,22.72,47.7,True,O,22.72,measured,47.7,22.72,0.633,814.2975,589.7097,589.7097,814.2975,589.7097,589.7097,
AND_A01,61,Eschweilera coriacea,Lecythidaceae,295916.3009,9717483.589,O,,,,,,32.3,22.75,,20180323,20,23.11,22.75,measured,0.36,site_median,0.0,32.3,22.75,,False,O,23.11,feldpausch,,23.11,0.8521,,,,,,,
AND_A01,62,Parkia sp.,Fabaceae,295918.9908,9717477.421,O,,,,,,39.7,25.62,,20180323,20,25.97,25.62,measured,0.36,site_median,0.0,39.7,25.62,,False,O,25.97,feldpausch,,25.97,0.4553,,,,,,,
AND_A01,63,Tapirira guianensis,Anacardiaceae,295916.6182,9717476.59,O,,,,,,23.5,18.85,,20180323,20,19.05,18.85,measured,0.36,site_median,0.0,23.5,18.85,,False,O,19.05,feldpausch,,19.05,0.457,,,,,,,
AND_A01,64,Couratari stellata,Lecythidaceae,295927.3866,9717438.726,O,,,,,,33.1,23.07,,20180323,20,23.44,23.07,measured,0.36,site_median,0.0,33.1,23.07,,False,O,23.44,feldpausch,,23.44,0.6331,,,,,,,
AND_A01,65,Gustavia augusta,Lecythidaceae,295919.9126,9717471.003,O,,,,,,11.6,12.24,,20180323,20,11.82,12.24,measured,0.36,site_median,0.0,11.6,12.24,,False,O,11.82,feldpausch,,11.82,0.65,,,,,,,
AND_A01,66,,,295918.8514,9717469.565,O,,,,,,11.4,12.11,True,20180323,20,11.67,12.11,measured,0.36,site_median,0.0,11.4,12.11,,False,O,11.67,feldpausch,,11.67,0.633,,,,,,,
AND_A01,67,,,295918.7947,9717468.086,O,,,,,,17.5,15.78,True,20180323,20,15.71,15.78,measured,0.36,site_median,0.0,17.5,15.78,,False,O,15.71,feldpausch,,15.71,0.633,,,,,,,
AND_A01,68,,,295918.7292,9717467.434,O,,,,,,12.8,13.01,True,20180323,20,12.67,13.01,measured,0.36,site_median,0.0,12.8,13.01,,False,O,12.67,feldpausch,,12.67,0.633,,,,,,,
AND_A01,69,,,295920.459,9717465.921,O,,,,,,18.6,16.37,True,20180323,20,16.36,16.37,measured,0.36,site_median,0.0,18.6,16.37,,False,O,16.36,feldpausch,,16.36,0.633,,,,,,,
AND_A01,70,Gustavia augusta,Lecythidaceae,295918.5602,9717464.85,O,,,,,,20.0,17.11,,20180323,20,17.17,17.11,measured,0.36,site_median,0.0,20.0,17.11,,False,O,17.17,feldpausch,,17.17,0.65,,,,,,,
AND_A01,71,Cordia scabrifolia,Boraginaceae,295922.2323,9717469.416,O,,,,,,22.4,18.32,,20180323,20,18.47,18.32,measured,0.36,site_median,0.0,22.4,18.32,,False,O,18.47,feldpausch,,18.47,0.474,,,,,,,
AND_A01,72,,,295930.3144,9717458.296,O,,,,,,14.1,13.82,True,20180323,20,13.56,13.82,measured,0.36,site_median,0.0,14.1,13.82,,False,O,13.56,feldpausch,,13.56,0.633,,,,,,,
AND_A01,73,,,295928.5256,9717462.489,O,,,,,,11.8,12.37,True,20180323,20,11.96,12.37,measured,0.36,site_median,0.0,11.8,12.37,,False,O,11.96,feldpausch,,11.96,0.633,,,,,,,
AND_A01,74,Pouteria oppositifolia,Sapotaceae,295934.4098,9717445.934,O,,,,,,10.9,11.77,,20180323,20,11.3,11.77,measured,0.36,site_median,0.0,10.9,11.77,,False,O,11.3,feldpausch,,11.3,0.65,,,,,,,
AND_A01,75,Licania octandra,Chrysobalanaceae,295933.0285,9717446.421,O,,,,,,14.9,14.29,,20180323,20,14.08,14.29,measured,0.36,site_median,0.0,14.9,14.29,,False,O,14.08,feldpausch,,14.08,0.825,,,,,,,
AND_A01,77,Inga thibaudiana,Fabaceae,295926.6323,9717450.614,O,,,,,,22.6,18.42,,20180323,20,18.58,18.42,measured,0.36,site_median,0.0,22.6,18.42,,False,O,18.58,feldpausch,,18.58,0.5786,,,,,,,
AND_A01,78,Sterculia pruriens,Malvaceae,295938.4655,9717448.576,O,,,,,,11.5,12.17,,20180323,20,11.75,12.17,measured,0.36,site_median,0.0,11.5,12.17,,False,O,11.75,feldpausch,,11.75,0.4862,,,,,,,
AND_A01,79,Pouteria sp.,Sapotaceae,295924.2192,9717439.329,O,,,,,,15.2,14.47,,20180323,20,14.28,14.47,measured,0.36,site_median,0.0,15.2,14.47,,False,O,14.28,feldpausch,,14.28,0.7187,,,,,,,
