site,tree_id,scientific_name,family_name,utm_easting,utm_northing,dbh_2009,type_2009,dead_2009,hcom_2009,htot_2009,dbh_2011,type_2011,dead_2011,hcom_2011,htot_2011,plot_id,htot_feldpausch,htot_estimated,htot_estimation_method,dbh_incr_cm_yr,dbh_incr_source,gap_anos,dbh_lidar,htot_estimated_gap,dbh_used,dead_used,type_used,htot_used,htot_source,dbh_used_gap,htot_used_gap,rho_w_m3,iagc_m1_kgC,iagc_m2_kgC,iagc_m3_kgC,iagc_m1_kgC_gap,iagc_m2_kgC_gap,iagc_m3_kgC_gap,quadra_id
DUC_A01,1001,Sloanea guianensis,Elaeocarpaceae,173084.5705,9674548.727,27.1,O,False,8.66,19.83,27.4,O,False,8.03,16.55,T01,20.95,19.83,measured,0.15,observed,-1.0,27.25,19.76,27.1,False,O,19.83,measured,26.950000000000003,19.76274187813734,0.8212,236.4851,236.4851,321.2405,233.1623,233.1623,316.7268,
DUC_A01,1002,Sterculia pruriens,Malvaceae,173086.79,9674526.441,9.9,O,False,9.6,14.36,10.7,O,False,9.25,14.94,T01,11.15,14.36,measured,0.4,observed,-1.0,10.3,13.97,9.9,False,O,14.36,measured,9.5,13.93593256834488,0.4862,24.1726,24.1726,19.687,21.6598,21.6598,17.6405,
DUC_A01,1003,Pouteria macrophylla,Sapotaceae,173086.91,9674525.236,12.0,O,False,14.16,19.53,12.3,O,False,17.23,19.65,T01,12.32,19.53,measured,0.15,observed,-1.0,12.15,19.36,12.0,False,O,19.53,measured,11.85,19.356376963480418,0.737,47.5059,47.5059,58.0658,45.9514,45.9514,56.1658,
DUC_A01,1004,Qualea paraensis,Vochysiaceae,173084.7413,9674523.804,42.7,O,False,17.27,25.65,43.5,O,False,19.87,32.02,T01,27.27,25.65,measured,0.4,observed,-1.0,43.1,25.53,42.7,False,O,25.65,measured,42.300000000000004,25.522124934571654,0.6893,738.4569,738.4569,845.5836,721.486,721.486,826.1507,
DUC_A01,1005,Zygia racemosa,Fabaceae,173087.0709,9674521.603,14.8,O,False,11.77,16.24,15.2,O,False,12.69,16.41,T01,14.28,16.24,measured,0.2,observed,-1.0,15.0,16.09,14.8,False,O,16.24,measured,14.600000000000001,16.08826023455164,0.748,59.7508,59.7508,74.0962,57.6541,57.6541,71.4962,
DUC_A01,1007,Protium heptaphyllum,Burseraceae,173087.8697,9674515.599,14.4,O,False,13.21,19.32,15.0,O,False,15.82,19.38,T01,14.15,19.32,measured,0.3,observed,-1.0,14.7,19.05,14.4,False,O,19.32,measured,14.1,19.04011452295663,0.6293,67.1007,67.1007,70.297,63.4883,63.4883,66.5125,
DUC_A01,1008,,,173087.8697,9674515.599,13.7,L,False,10.13,13.61,11.4,L,False,0.0,0.0,T01,11.67,13.61,measured,0.0,observed,-1.0,11.4,13.61,13.7,False,L,13.61,measured,13.7,13.61,0.6681,43.2499,43.2499,48.0338,43.2499,43.2499,48.0338,
DUC_A01,1009,Virola elongata,Myristicaceae,173087.6121,9674513.14,11.5,O,False,5.65,9.08,11.6,O,False,5.91,10.32,T01,11.82,9.08,measured,0.05,observed,-1.0,11.55,9.05,11.5,False,O,9.08,measured,11.45,9.051824307828403,0.5233,20.7031,20.7031,18.117,20.4656,20.4656,17.9092,
DUC_A01,1010,Protium heptaphyllum,Burseraceae,173088.7328,9674499.869,12.1,O,False,5.99,19.81,12.0,O,False,12.71,17.99,T01,12.11,19.81,measured,0.0,observed,-1.0,12.0,19.81,12.1,False,O,19.81,measured,12.1,19.81,0.6293,48.9572,48.9572,51.2893,48.9572,48.9572,51.2893,
DUC_A01,1011,Ocotea canaliculata,Lauraceae,173089.2917,9674496.275,17.8,O,False,10.71,24.08,17.9,O,False,11.22,15.34,T01,15.95,24.08,measured,0.05,observed,-1.0,17.85,24.03,17.8,False,O,24.08,measured,17.75,24.034722190870333,0.4793,125.828,125.828,101.0657,124.9093,124.9093,100.3279,
DUC_A01,1013,Licania guianensis,Chrysobalanaceae,173089.8725,9674488.425,25.3,O,False,16.37,24.63,25.9,O,False,17.45,25.59,T01,20.24,24.63,measured,0.3,observed,-1.0,25.6,24.45,25.3,False,O,24.63,measured,25.0,24.447625465946544,0.8165,255.5178,255.5178,345.1534,247.8327,247.8327,334.7723,
DUC_A01,1014,Simarouba amara,Simaroubaceae,173090.3919,9674484.219,27.0,O,False,22.5,29.61,28.4,O,False,25.03,33.13,T01,21.41,29.61,measured,0.7,observed,-1.0,27.7,29.17,27.0,False,O,29.61,measured,26.3,29.136043775847234,0.3833,347.2215,347.2215,224.2342,324.7122,324.7122,209.6977,
DUC_A01,1015,,,173090.4724,9674482.402,33.1,O,True,,5.94,33.1,O,True,1.36,4.89,T01,23.44,5.94,measured,0.0,observed,-1.0,33.1,5.94,33.1,True,O,5.94,measured,33.1,5.94,0.6681,107.7409,94.7704,94.7704,107.7409,94.7704,94.7704,
DUC_A01,1016,,,173091.2712,9674476.398,10.6,O,False,10.13,20.16,10.8,O,False,13.53,20.01,T01,11.23,20.16,measured,0.1,observed,-1.0,10.7,20.02,10.6,False,O,20.16,measured,10.5,20.02283632964413,0.6681,38.4628,38.4628,42.7172,37.5069,37.5069,41.6556,
DUC_A01,1017,Brosimum rubescens,Moraceae,173087.2514,9674475.39,82.3,O,False,16.93,37.3,83.1,O,False,28.28,38.58,T01,36.54,37.3,measured,0.4,observed,-1.0,82.7,37.24,82.3,False,O,37.3,measured,81.89999999999999,37.231953312539744,0.8251,3830.9721,3830.9721,5228.364,3787.9541,3787.9541,5169.6546,
DUC_A01,1018,Cordia scabrifolia,Boraginaceae,173091.9706,9674470.385,10.2,O,False,13.46,15.3,10.7,O,False,12.86,14.5,T01,11.15,15.3,measured,0.25,observed,-1.0,10.45,15.05,10.2,False,O,15.3,measured,9.95,15.02761080104686,0.474,27.2588,27.2588,21.6566,25.5185,25.5185,20.274,
DUC_A01,1019,Protium heptaphyllum,Burseraceae,173095.239,9674447.254,10.9,O,False,16.1,19.98,11.8,O,False,16.38,20.51,T01,11.96,19.98,measured,0.45,observed,-1.0,11.35,19.45,10.9,False,O,19.98,measured,10.450000000000001,19.383173819245563,0.6293,40.2623,40.2623,42.1801,36.0,36.0,37.7148,
DUC_A01,1020,Ocotea canaliculata,Lauraceae,173090.3059,9674445.005,62.0,O,False,25.6,40.01,62.0,O,False,27.18,37.52,T01,32.41,40.01,measured,0.0,observed,-1.0,62.0,40.01,62.0,False,O,40.01,measured,62.0,40.01,0.4793,2360.0748,2360.0748,1895.6252,2360.0748,2360.0748,1895.6252,
DUC_A01,1021,Oenocarpus bacaba,Arecaceae,173096.0448,9674444.509,14.2,P,False,11.74,20.64,14.2,P,False,16.23,23.85,T01,13.62,20.64,measured,0.0,observed,-1.0,14.2,20.64,14.2,False,P,20.64,measured,14.2,20.64,0.65,69.6441,27.7594,27.7594,69.6441,27.7594,27.7594,
DUC_A01,1022,,,173095.6785,9674441.508,50.4,O,True,,15.2,,O,False,,,T01,,15.2,measured,0.15,site_median,-1.0,,,50.4,True,O,15.2,measured,50.25,15.177586005462008,0.6681,612.4695,473.8802,473.8802,608.04,470.4954,470.4954,
DUC_A01,1023,Chrysophyllum sanguinolentum,Sapotaceae,173099.7323,9674427.208,19.1,O,False,10.53,16.32,19.8,O,False,15.04,20.77,T01,17.05,16.32,measured,0.35,observed,-1.0,19.45,16.14,19.1,False,O,16.32,measured,18.75,16.121539279187274,0.6714,98.7763,98.7763,110.2328,94.143,94.143,105.0621,
DUC_A01,1024,Brosimum parinarioides,Moraceae,173097.803,9674426.201,36.5,O,False,26.1,32.2,37.7,O,False,36.05,47.73,T01,25.24,32.2,measured,0.6,observed,-1.0,37.1,31.91,36.5,False,O,32.2,measured,35.9,31.901311610238874,0.6306,678.7716,678.7716,712.5654,651.2117,651.2117,683.6334,
DUC_A01,1025,Ocotea cernua,Lauraceae,173099.2682,9674424.186,18.4,O,False,16.42,22.41,18.6,O,False,19.53,26.96,T01,16.36,22.41,measured,0.1,observed,-1.0,18.5,22.34,18.4,False,O,22.41,measured,18.299999999999997,22.328897489454675,0.4535,125.1458,125.1458,95.227,123.3842,123.3842,93.8866,
DUC_A01,1026,Virola michelii,Myristicaceae,173100.9533,9674421.634,6.0,O,False,5.45,9.23,6.7,O,False,8.33,10.83,T01,7.9,9.23,measured,0.35,observed,-1.0,6.35,8.87,6.0,False,O,9.23,measured,5.65,8.818500626461063,0.4701,5.9081,5.9081,4.6564,5.0253,5.0253,3.9607,
DUC_A01,1027,,,173101.2463,9674419.361,6.9,O,False,6.11,9.6,6.9,O,False,7.0,10.44,T01,8.08,9.6,measured,0.0,observed,-1.0,6.9,9.6,6.9,False,O,9.6,measured,6.9,9.6,0.6681,8.0647,8.0647,8.9568,8.0647,8.0647,8.9568,
DUC_A01,1028,,,173102.7604,9674413.852,7.9,L,False,,,8.6,L,False,0.0,0.0,T01,9.52,13.18,local_fit,0.35,observed,-1.0,8.25,12.78,7.9,False,L,9.52,feldpausch,7.550000000000001,9.204955285695384,0.6681,10.4179,10.4179,11.5702,9.2278,9.2278,10.2485,
DUC_A01,1029,,,173102.8092,9674412.694,16.5,O,True,,1.35,16.5,O,True,0.0,0.0,T01,15.1,1.35,measured,0.0,observed,-1.0,16.5,1.35,16.5,True,O,1.35,measured,16.5,1.35,0.6681,6.5192,7.0087,7.0087,6.5192,7.0087,7.0087,
DUC_A01,1030,Protium heptaphyllum,Burseraceae,173103.029,9674412.158,9.9,O,False,5.03,15.93,10.5,O,False,8.97,17.35,T01,11.0,15.93,measured,0.3,observed,-1.0,10.2,15.61,9.9,False,O,15.93,measured,9.6,15.57786492721722,0.6293,26.7487,26.7487,28.0229,24.6457,24.6457,25.8197,
DUC_A01,1031,Poeppigia procera,Fabaceae,173101.466,9674409.479,58.9,O,False,23.15,36.94,58.9,O,False,23.01,33.28,T01,31.67,36.94,measured,0.0,observed,-1.0,58.9,36.94,58.9,False,O,36.94,measured,58.9,36.94,0.735,1975.1619,1975.1619,2407.8173,1975.1619,1975.1619,2407.8173,
DUC_A01,1032,Sloanea guianensis,Elaeocarpaceae,173105.007,9674400.324,30.9,O,False,22.55,26.78,30.9,O,False,24.17,27.56,T01,22.52,26.78,measured,0.0,observed,-1.0,30.9,26.78,30.9,False,O,26.78,measured,30.9,26.78,0.8212,409.6404,409.6404,556.454,409.6404,409.6404,556.454,
DUC_A01,1033,Pouteria gongrijpii,Sapotaceae,173105.8617,9674394.085,18.3,O,False,24.62,31.1,18.4,O,False,15.2,19.58,T01,16.25,31.1,measured,0.05,observed,-1.0,18.35,31.04,18.3,False,O,31.1,measured,18.25,31.043400479397885,0.7994,170.4902,170.4902,225.5909,169.2809,169.2809,223.9907,
DUC_A01,1034,Chimarrhis turbinata,Rubiaceae,173107.9374,9674389.282,12.8,O,False,8.97,14.99,13.0,O,False,11.68,16.09,T01,12.81,14.99,measured,0.1,observed,-1.0,12.9,14.91,12.8,False,O,14.99,measured,12.700000000000001,14.907475487219434,0.72,41.6214,41.6214,49.7276,40.7688,40.7688,48.709,
DUC_A01,1035,Sterculia pruriens,Malvaceae,173104.494,9674386.776,58.2,O,False,21.55,26.97,58.2,O,False,28.72,39.39,T01,31.49,26.97,measured,0.0,observed,-1.0,58.2,26.97,58.2,False,O,26.97,measured,58.2,26.97,0.4862,1419.4829,1419.4829,1156.0748,1419.4829,1419.4829,1156.0748,
DUC_A01,1036,Protium heptaphyllum,Burseraceae,173113.1145,9674362.377,10.7,O,False,17.91,22.16,11.1,O,False,18.8,22.4,T01,11.45,22.16,measured,0.2,observed,-1.0,10.9,21.87,10.7,False,O,22.16,measured,10.5,21.861041354138884,0.6293,42.9629,42.9629,45.0094,40.864,40.864,42.8105,
DUC_A01,1037,Brosimum rubescens,Moraceae,173110.8972,9674355.804,78.1,O,False,36.94,49.13,79.1,O,False,33.99,41.33,T01,35.87,49.13,measured,0.5,observed,-1.0,78.6,49.01,78.1,False,O,49.13,measured,77.6,49.00744931351019,0.8251,4525.5352,4525.5352,6176.2771,4458.2722,4458.2722,6084.4791,
DUC_A01,1038,Oenocarpus bacaba,Arecaceae,173114.4469,9674353.787,11.3,P,False,6.38,14.11,11.5,P,False,0.0,18.0,T01,11.75,14.11,measured,0.1,observed,-1.0,11.4,14.01,11.3,False,P,14.11,measured,11.200000000000001,14.020614098592194,0.65,30.7615,14.8167,14.8167,30.0455,14.4591,14.4591,
DUC_A01,1039,,,173115.2101,9674353.269,21.3,O,False,15.71,21.79,21.5,O,False,12.25,19.8,T01,17.99,21.79,measured,0.1,observed,-1.0,21.4,21.73,21.3,False,O,21.79,measured,21.2,21.72378270223822,0.6681,162.0305,162.0305,179.9529,160.0727,160.0727,177.7786,
DUC_A01,1040,,,173116.5191,9674346.16,11.1,O,False,16.12,20.7,11.3,O,False,14.48,19.07,T01,11.6,20.7,measured,0.1,observed,-1.0,11.2,20.58,11.1,False,O,20.7,measured,11.0,20.566220819572568,0.6681,43.1835,43.1835,47.9601,42.1597,42.1597,46.8231,
DUC_A01,1041,Casearia javitensis,Salicaceae,173115.6608,9674344.853,7.4,O,False,7.73,10.6,7.5,O,False,7.61,10.31,T01,8.6,10.6,measured,0.05,observed,-1.0,7.45,10.55,7.4,False,O,10.6,measured,7.3500000000000005,10.546557963468793,0.753,10.1836,10.1836,12.7109,10.0002,10.0002,12.4821,
DUC_A01,1042,Lecythis idatimon,Lecythidaceae,173115.1856,9674335.726,28.7,O,False,19.0,24.18,29.2,O,False,20.29,28.26,T01,21.77,24.18,measured,0.25,observed,-1.0,28.95,24.06,28.7,False,O,24.18,measured,28.45,24.052712176352742,0.7986,320.9959,320.9959,424.3089,313.9391,313.9391,414.9808,
DUC_A01,1043,Oenocarpus bacaba,Arecaceae,173118.273,9674319.141,15.8,P,False,10.92,17.85,15.9,P,False,12.47,20.29,T01,14.73,17.85,measured,0.05,observed,-1.0,15.85,17.8,15.8,False,P,17.85,measured,15.75,17.811426110213095,0.65,74.4455,37.226,37.226,73.8302,36.9031,36.9031,
DUC_A01,1044,,,173118.6388,9674318.578,6.6,O,False,9.71,11.62,6.6,O,True,0.0,0.0,T01,7.81,11.62,measured,0.0,observed,-1.0,6.6,11.62,6.6,False,O,11.62,measured,6.6,11.62,0.6681,8.9095,8.9095,9.895,8.9095,8.9095,9.895,
DUC_A01,1045,,,173116.3116,9674308.032,54.1,O,False,25.11,33.28,54.3,O,False,18.54,34.58,T01,30.48,33.28,measured,0.1,observed,-1.0,54.2,33.26,54.1,False,O,33.28,measured,54.0,33.250520110117186,0.6681,1511.1677,1511.1677,1678.3204,1504.4182,1504.4182,1670.8243,
DUC_A01,1046,Protium heptaphyllum,Burseraceae,173120.3265,9674305.463,11.7,O,False,8.5,14.69,11.9,O,False,8.49,15.12,T01,12.03,14.69,measured,0.1,observed,-1.0,11.8,14.6,11.7,False,O,14.69,measured,11.6,14.600500116178134,0.6293,34.2431,34.2431,35.8742,33.4738,33.4738,35.0683,
DUC_A01,1047,Capirona decorticans,Rubiaceae,173121.0522,9674292.844,30.5,O,False,23.85,36.17,30.9,O,False,25.37,40.19,T01,22.52,36.17,measured,0.2,observed,-1.0,30.7,36.03,30.5,False,O,36.17,measured,30.3,36.02913913585097,0.593,535.5033,535.5033,529.4048,526.6607,526.6607,520.6629,
DUC_A01,1048,Ocotea cernua,Lauraceae,173120.1579,9674292.743,60.2,O,False,24.83,35.07,60.8,O,False,27.12,37.0,T01,32.13,35.07,measured,0.3,observed,-1.0,60.5,34.99,60.2,False,O,35.07,measured,59.900000000000006,34.99049610174318,0.4535,1959.2522,1959.2522,1490.8507,1935.9456,1935.9456,1473.116,
DUC_A01,1049,Poeppigia procera,Fabaceae,173121.3042,9674284.405,25.1,O,False,14.97,22.77,25.1,O,False,15.65,20.33,T01,19.85,22.77,measured,0.0,observed,-1.0,25.1,22.77,25.1,False,O,22.77,measured,25.1,22.77,0.735,233.0291,233.0291,284.0736,233.0291,233.0291,284.0736,
DUC_A01,1050,Chrysophyllum sanguinolentum,Sapotaceae,173123.6745,9674276.811,27.2,O,False,13.91,20.44,27.3,O,False,19.09,31.68,T01,20.91,20.44,measured,0.05,observed,-1.0,27.25,20.41,27.2,False,O,20.44,measured,27.15,20.417024910634538,0.6714,245.3401,245.3401,273.7958,244.1923,244.1923,272.5149,
DUC_A01,1051,Ocotea canaliculata,Lauraceae,173123.9092,9674275.628,7.2,O,False,8.34,13.37,7.4,O,False,8.06,14.77,T01,8.51,13.37,measured,0.1,observed,-1.0,7.3,13.24,7.2,False,O,13.37,measured,7.1000000000000005,13.230964938220962,0.4793,12.1082,12.1082,9.7253,11.6625,11.6625,9.3674,
DUC_A01,1052,Theobroma glaucum,Malvaceae,173124.3067,9674275.673,8.4,O,False,12.15,15.49,8.7,O,False,12.54,14.92,T01,9.6,15.49,measured,0.15,observed,-1.0,8.55,15.28,8.4,False,O,15.49,measured,8.25,15.285457495564145,0.5297,18.8862,18.8862,16.7237,17.9984,17.9984,15.9376,
DUC_A01,1053,Poeppigia procera,Fabaceae,173123.9625,9674267.167,38.5,O,False,20.98,30.28,39.0,O,False,22.75,30.07,T01,25.71,30.28,measured,0.25,observed,-1.0,38.75,30.17,38.5,False,O,30.28,measured,38.25,30.171460020263,0.735,709.3951,709.3951,864.7867,697.9805,697.9805,850.8717,
DUC_A01,1054,Poeppigia procera,Fabaceae,173125.4299,9674263.099,7.4,O,False,7.57,14.63,7.7,O,False,10.0,26.48,T01,8.77,14.63,measured,0.15,observed,-1.0,7.55,14.41,7.4,False,O,14.63,measured,7.25,14.408211563576124,0.735,13.947,13.947,17.002,13.2021,13.2021,16.094,
DUC_A01,1055,Lecythis idatimon,Lecythidaceae,173122.5166,9674262.164,37.3,O,False,20.38,26.02,37.5,O,False,18.31,23.51,T01,25.16,26.02,measured,0.1,observed,-1.0,37.4,25.99,37.3,False,O,26.02,measured,37.199999999999996,25.9811292100035,0.7986,575.1435,575.1435,760.2543,571.3033,571.3033,755.178,
DUC_A01,1056,Chamaecrista xinguensis,Fabaceae,173124.9335,9674258.144,21.6,O,False,11.39,18.71,21.6,O,False,13.42,19.85,T01,18.05,18.71,measured,0.0,observed,-1.0,21.6,18.71,21.6,False,O,18.71,measured,21.6,18.71,0.9035,143.5022,143.5022,213.9778,143.5022,143.5022,213.9778,
DUC_A01,1057,Lecythis idatimon,Lecythidaceae,173126.8648,9674254.69,5.8,O,False,5.92,12.13,5.8,O,False,7.79,11.26,T01,7.09,12.13,measured,0.0,observed,-1.0,5.8,12.13,5.8,False,O,12.13,measured,5.8,12.13,0.7986,7.2197,7.2197,9.5434,7.2197,7.2197,9.5434,
DUC_A01,1058,Chamaecrista xinguensis,Fabaceae,173126.2803,9674254.555,18.7,O,False,14.69,19.98,18.8,O,False,5.99,21.2,T01,16.48,19.98,measured,0.05,observed,-1.0,18.75,19.94,18.7,False,O,19.98,measured,18.65,19.944555703354315,0.9035,115.472,115.472,172.1817,114.6712,114.6712,170.9876,
DUC_A01,1059,Helicostylis sp.,Moraceae,173128.0167,9674251.056,8.2,O,False,9.05,12.02,8.1,O,False,8.7,12.8,T01,9.1,12.02,measured,0.0,observed,-1.0,8.1,12.02,8.2,False,O,12.02,measured,8.2,12.02,0.643,14.0673,14.0673,15.0505,14.0673,14.0673,15.0505,
DUC_A01,1060,Copaifera reticulata,Fabaceae,173121.3972,9674247.289,82.0,O,False,18.74,39.26,82.0,O,False,20.31,54.09,T01,36.36,39.26,measured,0.0,observed,-1.0,82.0,39.26,82.0,False,O,39.26,measured,82.0,39.26,0.6075,3998.7184,3998.7184,4047.4954,3998.7184,3998.7184,4047.4954,
DUC_A01,1061,Poeppigia procera,Fabaceae,173129.3001,9674242.435,9.2,O,False,5.33,9.79,9.3,O,False,6.87,11.25,T01,10.08,9.79,measured,0.05,observed,-1.0,9.25,9.75,9.2,False,O,9.79,measured,9.149999999999999,9.751081477740826,0.735,14.4138,14.4138,17.5711,14.2059,14.2059,17.3177,
DUC_A01,1063,Pouteria gongrijpii,Sapotaceae,173131.0619,9674238.384,9.5,O,False,6.96,13.04,9.5,O,False,7.59,12.39,T01,10.23,13.04,measured,0.0,observed,-1.0,9.5,13.04,9.5,False,O,13.04,measured,9.5,13.04,0.7994,20.2996,20.2996,26.8603,20.2996,20.2996,26.8603,
DUC_A01,1064,Pouteria retinervis,Sapotaceae,173131.333,9674236.775,8.5,O,False,11.53,14.78,8.6,O,False,10.53,15.17,T01,9.52,14.78,measured,0.05,observed,-1.0,8.55,14.7,8.5,False,O,14.78,measured,8.45,14.715916782100013,0.7187,18.4624,18.4624,22.0201,18.1738,18.1738,21.6759,
DUC_A01,1065,Sterculia pruriens,Malvaceae,173132.0022,9674230.799,11.3,O,False,10.68,15.83,11.7,O,False,8.3,16.38,T01,11.89,15.83,measured,0.2,observed,-1.0,11.5,15.64,11.3,False,O,15.83,measured,11.100000000000001,15.629075053607657,0.4862,34.4162,34.4162,28.0297,32.8254,32.8254,26.7341,
DUC_A01,1066,Stryphnodendron pulcherrimum,Fabaceae,173131.9387,9674225.767,23.3,O,False,11.24,15.44,23.3,O,False,4.99,19.93,T01,18.94,15.44,measured,0.0,observed,-1.0,23.3,15.44,23.3,False,O,15.44,measured,23.3,15.44,0.475,137.9301,137.9301,109.8086,137.9301,137.9301,109.8086,
DUC_A01,1067,Lecythis lurida,Lecythidaceae,173134.0097,9674225.69,12.6,O,False,12.95,14.88,12.7,O,False,12.27,15.05,T01,12.6,14.88,measured,0.05,observed,-1.0,12.65,14.84,12.6,False,O,14.88,measured,12.549999999999999,14.838339016489487,0.8633,40.0723,40.0723,57.1583,39.6538,39.6538,56.5614,
DUC_A01,1068,Protium hebetatum,Burseraceae,173134.7043,9674219.162,10.8,O,False,10.13,16.99,10.9,O,False,9.07,16.0,T01,11.3,16.99,measured,0.05,observed,-1.0,10.85,16.94,10.8,False,O,16.99,measured,10.75,16.933445436436532,0.5773,33.7577,33.7577,32.5111,33.3446,33.3446,32.1133,
DUC_A01,1069,Pouteria gongrijpii,Sapotaceae,173136.1062,9674212.241,14.2,O,False,7.6,17.41,14.2,O,False,11.06,15.28,T01,13.62,17.41,measured,0.0,observed,-1.0,14.2,17.41,14.2,False,O,17.41,measured,14.2,17.41,0.7994,58.9858,58.9858,78.0494,58.9858,58.9858,78.0494,
DUC_A01,1070,Nectandra cuspidata,Lauraceae,173135.8182,9674209.945,20.0,O,False,15.17,20.0,20.5,O,False,14.25,21.7,T01,17.45,20.0,measured,0.25,observed,-1.0,20.25,19.84,20.0,False,O,20.0,measured,19.75,19.835786267588272,0.518,131.7882,131.7882,114.1791,127.5611,127.5611,110.5169,
DUC_A01,1071,Eschweilera coriacea,Lecythidaceae,173135.6616,9674202.662,40.0,O,False,20.58,36.62,50.0,O,False,25.74,35.13,T01,29.28,36.62,measured,5.0,observed,-1.0,45.0,34.72,40.0,False,O,36.62,measured,35.0,33.99985378414891,0.8521,920.176,920.176,1295.8233,659.4823,659.4823,928.7054,
DUC_A01,1072,,,173138.3848,9674205.524,5.6,O,False,5.92,10.97,5.7,O,False,5.73,10.64,T01,6.99,10.97,measured,0.05,observed,-1.0,5.65,10.91,5.6,False,O,10.97,measured,5.55,10.895383127243022,0.6681,6.1117,6.1117,6.7878,5.9658,5.9658,6.6257,
DUC_A01,1073,Pouteria gongrijpii,Sapotaceae,173139.6342,9674201.912,7.9,O,False,8.03,11.77,7.9,O,False,6.15,11.62,T01,8.94,11.77,measured,0.0,observed,-1.0,7.9,11.77,7.9,False,O,11.77,measured,7.9,11.77,0.7994,12.8146,12.8146,16.9562,12.8146,12.8146,16.9562,
DUC_A01,1074,Pouteria gongrijpii,Sapotaceae,173138.2239,9674200.469,19.5,O,False,8.71,19.88,19.7,O,False,7.36,18.01,T01,17.0,19.88,measured,0.1,observed,-1.0,19.6,19.81,19.5,False,O,19.88,measured,19.4,19.81284271773561,0.7994,124.6989,124.6989,165.0003,123.0466,123.0466,162.8141,
DUC_A01,1075,Aniba parviflora,Lauraceae,173138.6643,9674199.457,28.6,O,False,19.63,25.23,29.0,O,False,18.88,27.34,T01,21.68,25.23,measured,0.2,observed,-1.0,28.8,25.13,28.6,False,O,25.23,measured,28.400000000000002,25.123338293786354,0.54,332.3215,332.3215,299.8466,326.4477,326.4477,294.5468,
DUC_A01,1076,Guatteria schomburgkiana,Annonaceae,173141.1631,9674192.233,8.1,O,False,6.59,10.95,8.2,O,False,7.04,12.17,T01,9.19,10.95,measured,0.05,observed,-1.0,8.15,10.9,8.1,False,O,10.95,measured,8.049999999999999,10.89995753257797,0.6,12.5398,12.5398,12.5398,12.3339,12.3339,12.3339,
DUC_A01,1077,Pouteria guianensis,Sapotaceae,173145.0638,9674178.088,9.1,O,False,8.41,12.27,9.4,O,False,8.04,14.47,T01,10.16,12.27,measured,0.15,observed,-1.0,9.25,12.13,9.1,False,O,12.27,measured,8.95,12.12159828719006,0.9295,17.5882,17.5882,26.9623,16.8257,16.8257,25.7935,
DUC_A01,1078,Pouteria retinervis,Sapotaceae,173145.0638,9674178.088,5.7,O,False,4.66,8.97,5.8,O,False,4.11,8.88,T01,7.09,8.97,measured,0.05,observed,-1.0,5.75,8.91,5.7,False,O,8.97,measured,5.65,8.910128047913519,0.7187,5.1982,5.1982,6.1999,5.0763,5.0763,6.0545,
DUC_A01,1081,,,173145.989,9674168.773,26.2,O,True,,9.84,26.2,O,True,2.78,10.11,T01,20.38,9.84,measured,0.0,observed,-1.0,26.2,9.84,26.2,True,O,9.84,measured,26.2,9.84,0.6681,111.7244,89.7288,89.7288,111.7244,89.7288,89.7288,
DUC_A01,1082,Pouteria guianensis,Sapotaceae,173147.009,9674165.869,21.0,O,False,12.45,20.68,20.9,O,False,9.58,19.47,T01,17.67,20.68,measured,0.0,observed,-1.0,20.9,20.68,21.0,False,O,20.68,measured,21.0,20.68,0.9295,149.7649,149.7649,229.5862,149.7649,149.7649,229.5862,
DUC_A01,1083,Pouteria guianensis,Sapotaceae,173146.6451,9674158.689,10.9,O,False,12.08,13.22,10.9,O,False,7.47,13.44,T01,11.3,13.22,measured,0.0,observed,-1.0,10.9,13.22,10.9,False,O,13.22,measured,10.9,13.22,0.9295,26.9054,26.9054,41.2453,26.9054,26.9054,41.2453,
DUC_A01,1084,Virola michelii,Myristicaceae,173147.5102,9674155.177,60.0,O,False,25.47,38.16,60.0,O,False,29.42,40.24,T01,31.94,38.16,measured,0.0,observed,-1.0,60.0,38.16,60.0,False,O,38.16,measured,60.0,38.16,0.4701,2113.7893,2113.7893,1665.9666,2113.7893,2113.7893,1665.9666,
DUC_A01,1085,Pouteria gongrijpii,Sapotaceae,173145.2166,9674155.005,32.8,O,False,23.06,27.69,33.0,O,False,19.35,25.57,T01,23.4,27.69,measured,0.1,observed,-1.0,32.9,27.64,32.8,False,O,27.69,measured,32.699999999999996,27.640975929661497,0.7994,475.5034,475.5034,629.1813,471.8609,471.8609,624.3616,
DUC_A01,1086,Lecythis idatimon,Lecythidaceae,173145.7381,9674152.064,35.1,O,False,20.16,25.04,35.3,O,False,20.17,24.36,T01,24.32,25.04,measured,0.1,observed,-1.0,35.2,25.0,35.1,False,O,25.04,measured,35.0,24.999440453250536,0.7986,492.0025,492.0025,650.3541,488.4965,488.4965,645.7198,
DUC_A01,1089,Pouteria gongrijpii,Sapotaceae,173148.5989,9674143.337,8.8,O,False,8.09,13.42,8.6,O,False,8.07,12.77,T01,9.52,13.42,measured,0.0,observed,-1.0,8.6,13.42,8.8,False,O,13.42,measured,8.8,13.42,0.7994,17.9795,17.9795,23.7903,17.9795,17.9795,23.7903,
DUC_A01,1090,Pouteria gongrijpii,Sapotaceae,173143.6075,9674142.367,63.8,O,False,29.12,36.95,63.7,O,True,1.29,23.33,T01,32.8,36.95,measured,0.0,observed,-1.0,63.7,36.95,63.8,False,O,36.95,measured,63.8,36.95,0.7994,2309.2043,2309.2043,3055.5158,2309.2043,2309.2043,3055.5158,
DUC_A01,1091,Protium hebetatum,Burseraceae,173149.3655,9674134.453,9.8,O,False,11.07,14.07,10.0,O,False,7.8,13.22,T01,10.62,14.07,measured,0.1,observed,-1.0,9.9,13.98,9.8,False,O,14.07,measured,9.700000000000001,13.965561567621918,0.5773,23.2311,23.2311,22.3732,22.6056,22.6056,21.7708,
DUC_A01,1092,Pouteria gongrijpii,Sapotaceae,173148.8117,9674133.816,36.5,O,False,20.77,28.48,35.3,O,False,8.37,28.03,T01,24.32,28.48,measured,0.0,observed,-1.0,35.3,28.48,36.5,False,O,28.48,measured,36.5,28.48,0.7994,602.126,602.126,796.7271,602.126,602.126,796.7271,
DUC_A01,1094,Pouteria gongrijpii,Sapotaceae,173149.1902,9674126.095,12.9,O,False,12.24,15.79,13.0,O,False,8.6,16.3,T01,12.81,15.79,measured,0.05,observed,-1.0,12.95,15.75,12.9,False,O,15.79,measured,12.85,15.746953293261946,0.7994,44.4583,44.4583,58.8268,44.0051,44.0051,58.2272,
DUC_A01,1095,,,173149.5891,9674126.125,7.1,O,False,3.34,7.82,7.3,O,False,3.85,7.42,T01,8.43,7.82,measured,0.1,observed,-1.0,7.2,7.74,7.1,False,O,7.82,measured,7.0,7.737439876367208,0.6681,6.9805,6.9805,7.7526,6.7199,6.7199,7.4632,
DUC_A01,1096,Virola elongata,Myristicaceae,173150.3812,9674103.533,10.1,O,False,8.08,10.66,10.1,O,False,6.12,11.0,T01,10.7,10.66,measured,0.0,observed,-1.0,10.1,10.66,10.1,False,O,10.66,measured,10.1,10.66,0.5233,18.7926,18.7926,16.4452,18.7926,18.7926,16.4452,
DUC_A01,1098,Lecythis idatimon,Lecythidaceae,173152.6112,9674091.182,35.3,O,False,17.29,28.65,35.7,O,False,19.08,26.57,T01,24.48,28.65,measured,0.2,observed,-1.0,35.5,28.56,35.3,False,O,28.65,measured,35.099999999999994,28.55778212052019,0.7986,567.3755,567.3755,749.986,559.3547,559.3547,739.3837,
DUC_A01,1099,Clusia insignis,Clusiaceae,173152.6557,9674090.59,8.3,O,False,11.62,17.34,8.4,O,False,5.42,12.78,T01,9.35,17.34,measured,0.05,observed,-1.0,8.35,17.27,8.3,False,O,17.34,measured,8.25,17.262835357508873,0.56,20.5974,20.5974,19.2561,20.2675,20.2675,18.9477,
DUC_A01,1100,Eschweilera coriacea,Lecythidaceae,173148.9337,9674086.734,42.5,O,False,23.48,29.39,42.5,O,False,16.06,26.11,T01,26.93,29.39,measured,0.0,observed,-1.0,42.5,29.39,42.5,False,O,29.39,measured,42.5,29.39,0.8521,835.6774,835.6774,1176.8295,835.6774,835.6774,1176.8295,
DUC_A01,1101,Licania canescens,Chrysobalanaceae,173150.0198,9674085.623,32.1,O,False,22.47,29.38,32.5,O,False,21.43,37.68,T01,23.2,29.38,measured,0.2,observed,-1.0,32.3,29.27,32.1,False,O,29.38,measured,31.900000000000002,29.27288981439695,0.88,483.0333,483.0333,701.9667,475.4781,475.4781,690.9872,
DUC_A01,1102,Licania guianensis,Chrysobalanaceae,173151.6839,9674076.807,21.0,O,False,8.19,12.95,21.2,O,False,4.86,7.03,T01,17.83,12.95,measured,0.1,observed,-1.0,21.1,12.91,21.0,False,O,12.95,measured,20.9,12.909967924161,0.8165,94.8436,94.8436,128.1147,93.6805,93.6805,126.5436,
DUC_A01,1103,Manilkara bidentata,Sapotaceae,173152.1165,9674075.051,32.1,O,False,17.87,26.22,32.2,O,False,15.21,23.34,T01,23.07,26.22,measured,0.05,observed,-1.0,32.15,26.2,32.1,False,O,26.22,measured,32.050000000000004,26.196142370358164,0.8729,432.259,432.259,623.2552,430.563,430.563,620.8098,
DUC_A01,1105,Eschweilera coriacea,Lecythidaceae,173154.5542,9674074.638,13.9,O,False,11.15,16.9,14.0,O,False,11.6,16.9,T01,13.49,16.9,measured,0.05,observed,-1.0,13.95,16.86,13.9,False,O,16.9,measured,13.85,16.857679362765364,0.8521,54.9595,54.9595,77.3959,54.4409,54.4409,76.6655,
DUC_A01,1106,,,173154.5205,9674076.423,7.8,L,False,,21.38,8.0,L,False,0.0,0.0,T01,9.02,21.38,measured,0.1,observed,-1.0,7.9,21.19,7.8,False,L,21.38,measured,7.7,21.176162090281093,0.6681,22.3829,22.3829,24.8587,21.6231,21.6231,24.0148,
DUC_A01,1107,,,173154.4519,9674085.36,15.9,O,False,10.36,17.81,16.2,O,False,15.43,27.74,T01,14.91,17.81,measured,0.15,observed,-1.0,16.05,17.7,15.9,False,O,17.81,measured,15.75,17.69520633855347,0.6681,75.2031,75.2031,83.5215,73.36,73.36,81.4745,
DUC_A01,1108,Eschweilera coriacea,Lecythidaceae,173153.7418,9674089.479,14.2,O,False,14.33,17.74,14.3,O,False,16.54,21.9,T01,13.69,17.74,measured,0.05,observed,-1.0,14.25,17.7,14.2,False,O,17.74,measured,14.149999999999999,17.696647481599346,0.8521,60.0767,60.0767,84.6021,59.5222,59.5222,83.8212,
DUC_A01,1109,Pouteria gongrijpii,Sapotaceae,173155.0382,9674089.576,26.4,O,False,13.77,25.43,26.7,O,False,20.46,29.43,T01,20.62,25.43,measured,0.15,observed,-1.0,26.55,25.34,26.4,False,O,25.43,measured,26.25,25.34087385033663,0.7994,286.4505,286.4505,379.0284,282.3131,282.3131,373.5538,
DUC_A01,1110,Oenocarpus bataua,Arecaceae,173152.5725,9674114.427,21.4,P,False,18.26,25.86,21.4,P,False,16.67,24.88,T01,17.94,25.86,measured,0.0,observed,-1.0,21.4,25.86,21.4,False,P,25.86,measured,21.4,25.86,0.6815,193.2653,85.6945,85.6945,193.2653,85.6945,85.6945,
DUC_A01,1111,Ocotea cernua,Lauraceae,173152.117,9674119.161,14.7,O,False,12.3,14.99,14.8,O,False,10.11,15.5,T01,14.02,14.99,measured,0.05,observed,-1.0,14.75,14.96,14.7,False,O,14.99,measured,14.649999999999999,14.954793468254735,0.4535,54.5314,54.5314,41.4945,54.0457,54.0457,41.1249,
DUC_A01,1112,Tovomita sp.,Clusiaceae,173152.117,9674119.161,11.3,O,False,18.08,24.71,11.5,O,False,10.11,14.08,T01,11.75,24.71,measured,0.1,observed,-1.0,11.4,24.54,11.3,False,O,24.71,measured,11.200000000000001,24.553463811212836,0.6786,53.1513,53.1513,59.9343,51.914,51.914,58.5391,
DUC_A01,1113,Pouteria gongrijpii,Sapotaceae,173153.4108,9674129.988,70.0,O,False,26.91,35.78,69.1,O,False,23.4,36.97,T01,33.97,35.78,measured,0.0,observed,-1.0,69.1,35.78,70.0,False,O,35.78,measured,70.0,35.78,0.7994,2681.9151,2681.9151,3548.6831,2681.9151,2681.9151,3548.6831,
DUC_A01,1115,Ficus broadwayi,Moraceae,173151.0163,9674135.173,32.0,O,False,20.91,28.39,31.0,O,False,24.84,42.58,T01,22.56,28.39,measured,0.0,observed,-1.0,31.0,28.39,32.0,False,O,28.39,measured,32.0,28.39,0.41,464.3045,464.3045,320.1572,464.3045,464.3045,320.1572,
DUC_A01,1116,Pouteria gongrijpii,Sapotaceae,173151.0163,9674135.173,45.0,O,False,29.52,38.64,45.0,O,False,22.29,31.56,T01,27.76,38.64,measured,0.0,observed,-1.0,45.0,38.64,45.0,False,O,38.64,measured,45.0,38.64,0.7994,1220.3369,1220.3369,1614.7375,1220.3369,1220.3369,1614.7375,
DUC_A01,1117,Protium paniculatum,Burseraceae,173150.8924,9674143.509,32.6,O,False,15.31,23.24,33.0,O,False,17.04,33.67,T01,23.4,23.24,measured,0.2,observed,-1.0,32.8,23.16,32.6,False,O,23.24,measured,32.4,23.15695921809687,0.49,396.0116,396.0116,324.9853,389.9184,389.9184,319.9849,
DUC_A01,1118,Pouteria gongrijpii,Sapotaceae,173150.7146,9674145.88,50.1,O,False,13.26,24.08,50.3,O,False,16.09,25.45,T01,29.37,24.08,measured,0.1,observed,-1.0,50.2,24.06,50.1,False,O,24.08,measured,50.0,24.056133529342972,0.7994,948.5073,948.5073,1255.0552,943.9012,943.9012,1248.9606,
DUC_A01,1119,Simarouba amara,Simaroubaceae,173149.1851,9674147.554,8.6,O,False,12.01,15.13,8.9,O,False,11.88,15.87,T01,9.76,15.13,measured,0.15,observed,-1.0,8.75,14.94,8.6,False,O,15.13,measured,8.45,14.93529261972217,0.3833,19.3252,19.3252,12.4801,18.4382,18.4382,11.9073,
DUC_A01,1120,Virola crebrinervia,Myristicaceae,173148.4305,9674152.266,47.5,O,False,23.93,32.6,47.7,O,False,17.65,25.14,T01,28.6,32.6,measured,0.1,observed,-1.0,47.6,32.57,47.5,False,O,32.6,measured,47.4,32.56512058052615,0.4734,1148.8597,1148.8597,911.652,1142.9484,1142.9484,906.9612,
DUC_A01,1121,Ficus broadwayi,Moraceae,173148.9844,9674152.904,34.0,O,False,21.29,27.17,34.3,O,False,16.56,28.73,T01,23.93,27.17,measured,0.15,observed,-1.0,34.15,27.1,34.0,False,O,27.17,measured,33.85,27.10111988398221,0.41,500.7016,500.7016,345.2545,495.1705,495.1705,341.4406,
DUC_A01,1122,Helicostylis sp.,Moraceae,173148.5074,9674155.252,7.8,O,False,8.97,11.82,8.0,O,False,9.04,12.19,T01,9.02,11.82,measured,0.1,observed,-1.0,7.9,11.72,7.8,False,O,11.82,measured,7.7,11.707307572830802,0.643,12.5517,12.5517,13.429,12.1256,12.1256,12.9731,
DUC_A01,1123,Lecythis idatimon,Lecythidaceae,173149.3267,9674157.698,28.3,O,False,17.51,20.39,29.1,O,False,23.7,32.34,T01,21.73,20.39,measured,0.4,observed,-1.0,28.7,20.22,28.3,False,O,20.39,measured,27.900000000000002,20.214870853880456,0.7986,264.4472,264.4472,349.5599,255.0439,255.0439,337.1301,
DUC_A01,1125,,,173149.4023,9674166.049,37.7,O,True,,3.25,37.7,O,True,1.34,3.26,T01,25.24,3.25,measured,0.0,observed,-1.0,37.7,3.25,37.7,True,O,3.25,measured,37.7,3.25,0.6681,77.104,75.0694,75.0694,77.104,75.0694,75.0694,
DUC_A01,1127,Eschweilera coriacea,Lecythidaceae,173147.6505,9674170.686,46.9,O,False,21.17,28.18,45.6,O,False,22.26,31.12,T01,27.95,28.18,measured,0.0,observed,-1.0,45.6,28.18,46.9,False,O,28.18,measured,46.9,28.18,0.8521,972.1482,972.1482,1369.0123,972.1482,972.1482,1369.0123,
DUC_A01,1128,Pourouma villosa,Urticaceae,173147.2619,9674175.254,13.5,O,False,14.52,18.15,13.9,O,False,13.59,17.35,T01,13.42,18.15,measured,0.2,observed,-1.0,13.7,17.97,13.5,False,O,18.15,measured,13.3,17.96157882336159,0.34,55.6591,55.6591,31.973,53.513,53.513,30.7402,
DUC_A01,1129,Ocotea canaliculata,Lauraceae,173146.3598,9674175.602,17.7,O,False,15.87,22.19,18.1,O,False,19.68,22.62,T01,16.07,22.19,measured,0.2,observed,-1.0,17.9,22.02,17.7,False,O,22.19,measured,17.5,22.021633510177697,0.4793,114.909,114.909,92.2955,111.5558,111.5558,89.6022,
DUC_A01,1130,Apeiba petoumo,Malvaceae,173145.4958,9674181.533,13.1,O,False,8.32,13.1,13.5,O,False,9.27,14.21,T01,13.15,13.1,measured,0.2,observed,-1.0,13.3,12.97,13.1,False,O,13.1,measured,12.9,12.959268208685447,0.2822,38.1796,38.1796,18.2883,36.6615,36.6615,17.5612,
DUC_A01,1131,Sterculia pruriens,Malvaceae,173143.5306,9674189.996,12.2,O,False,9.31,16.82,13.2,O,False,11.75,18.33,T01,12.95,16.82,measured,0.5,observed,-1.0,12.7,16.37,12.2,False,O,16.82,measured,11.7,16.327782354415966,0.4862,42.4074,42.4074,34.538,37.9644,37.9644,30.9195,
DUC_A01,1132,,,173142.2346,9674192.482,15.2,O,True,,4.45,15.2,O,True,0.38,4.73,T01,14.28,4.45,measured,0.0,observed,-1.0,15.2,4.45,15.2,True,O,4.45,measured,15.2,4.45,0.6681,17.7918,15.7799,15.7799,17.7918,15.7799,15.7799,
DUC_A01,1133,Helicostylis sp.,Moraceae,173141.4468,9674196.758,12.1,O,False,10.14,14.61,12.2,O,False,11.43,19.79,T01,12.25,14.61,measured,0.05,observed,-1.0,12.15,14.56,12.1,False,O,14.61,measured,12.049999999999999,14.567182460554703,0.643,36.3711,36.3711,38.913,35.9751,35.9751,38.4893,
DUC_A01,1134,Inga heterophylla,Fabaceae,173141.7602,9674198.504,15.9,O,False,15.54,19.99,16.1,O,False,16.74,19.78,T01,14.85,19.99,measured,0.1,observed,-1.0,16.0,19.91,15.9,False,O,19.99,measured,15.8,19.904168185260502,0.56,84.1746,84.1746,78.6932,82.7959,82.7959,77.4042,
DUC_A01,1135,Bowdichia nitida,Fabaceae,173143.0265,9674198.798,38.1,O,False,21.71,28.94,38.0,O,False,22.19,29.44,T01,25.35,28.94,measured,0.0,observed,-1.0,38.0,28.94,38.1,False,O,28.94,measured,38.1,28.94,0.8033,665.0416,665.0416,884.202,665.0416,665.0416,884.202,
DUC_A01,1136,Poeppigia procera,Fabaceae,173140.9936,9674204.457,26.7,O,False,15.11,20.72,26.8,O,False,16.03,22.15,T01,20.67,20.72,measured,0.05,observed,-1.0,26.75,20.7,26.7,False,O,20.72,measured,26.65,20.69616203981111,0.735,239.7767,239.7767,292.2994,238.6328,238.6328,290.9048,
DUC_A01,1137,Pterocarpus sp.,Fabaceae,173136.9744,9674216.902,9.0,O,False,11.07,14.9,9.1,O,False,11.23,14.97,T01,9.92,14.9,measured,0.05,observed,-1.0,9.05,14.84,9.0,False,O,14.9,measured,8.95,14.839319145584607,0.5838,20.8052,20.8052,20.2571,20.4984,20.4984,19.9584,
DUC_A01,1138,Eschweilera coriacea,Lecythidaceae,173140.3328,9674218.797,45.0,O,False,20.67,25.23,45.3,O,False,18.57,25.19,T01,27.85,25.23,measured,0.15,observed,-1.0,45.15,25.18,45.0,False,O,25.23,measured,44.85,25.186269709732056,0.8521,805.0127,805.0127,1133.6465,798.4301,798.4301,1124.3766,
DUC_A01,1139,Lecythis lurida,Lecythidaceae,173136.627,9674220.166,11.9,O,False,9.84,15.48,12.1,O,False,11.45,13.51,T01,12.18,15.48,measured,0.1,observed,-1.0,12.0,15.39,11.9,False,O,15.48,measured,11.8,15.387466881436689,0.8633,37.2516,37.2516,53.1348,36.4292,36.4292,51.9618,
DUC_A01,1140,Protium paniculatum,Burseraceae,173135.6021,9674221.043,8.6,O,False,4.93,14.88,8.7,O,False,5.08,13.42,T01,9.6,14.88,measured,0.05,observed,-1.0,8.65,14.82,8.6,False,O,14.88,measured,8.549999999999999,14.816303529589923,0.49,19.0135,19.0135,15.6034,18.7198,18.7198,15.3623,
DUC_A01,1141,Protium paniculatum,Burseraceae,173134.916,9674223.114,7.6,O,False,7.86,12.27,7.7,O,False,7.21,13.59,T01,8.77,12.27,measured,0.05,observed,-1.0,7.65,12.21,7.6,False,O,12.27,measured,7.55,12.209901528193082,0.49,12.3743,12.3743,10.1549,12.1575,12.1575,9.977,
DUC_A01,1142,Protium paniculatum,Burseraceae,173133.6624,9674228.954,10.5,O,False,9.82,18.15,11.2,O,False,10.65,18.98,T01,11.53,18.15,measured,0.35,observed,-1.0,10.85,17.74,10.5,False,O,18.15,measured,10.15,17.711152192588745,0.49,34.0789,34.0789,27.9667,31.1438,31.1438,25.558,
DUC_A01,1143,Helicostylis sp.,Moraceae,173130.3461,9674243.235,6.9,O,False,5.01,8.02,7.0,O,False,5.38,8.26,T01,8.17,8.02,measured,0.05,observed,-1.0,6.95,7.97,6.9,False,O,8.02,measured,6.8500000000000005,7.976389133140841,0.643,6.7666,6.7666,7.2395,6.6358,6.6358,7.0995,
DUC_A01,1144,Ocotea canaliculata,Lauraceae,173132.938,9674251.084,49.9,O,False,23.61,35.48,50.0,O,False,25.56,29.86,T01,29.28,35.48,measured,0.05,observed,-1.0,49.95,35.47,49.9,False,O,35.48,measured,49.85,35.46232375650482,0.4793,1373.8425,1373.8425,1103.478,1370.49,1370.49,1100.7852,
DUC_A01,1145,Casearia javitensis,Salicaceae,173127.6694,9674254.32,5.2,O,False,4.62,7.52,7.0,O,False,5.54,6.99,T01,8.17,7.52,measured,0.9,observed,-1.0,6.1,6.77,5.2,False,O,7.52,measured,4.3,6.4980313160101355,0.753,3.6584,3.6584,4.5663,2.1891,2.1891,2.7324,
DUC_A01,1146,Brosimum parinarioides,Moraceae,173129.9818,9674255.414,43.6,O,False,22.04,30.5,43.8,O,False,22.22,30.19,T01,27.37,30.5,measured,0.1,observed,-1.0,43.7,30.46,43.6,False,O,30.5,measured,43.5,30.463182704835727,0.6306,910.7831,910.7831,956.128,905.6416,905.6416,950.7305,
DUC_A01,1147,Protium heptaphyllum,Burseraceae,173126.9342,9674259.693,6.9,O,False,5.15,9.52,7.0,O,False,8.01,14.0,T01,8.17,9.52,measured,0.05,observed,-1.0,6.95,9.46,6.9,False,O,9.52,measured,6.8500000000000005,9.468232487219552,0.6293,7.9991,7.9991,8.3802,7.8445,7.8445,8.2182,
DUC_A01,1148,Lecythis idatimon,Lecythidaceae,173127.8736,9674266.4,33.6,O,False,23.02,27.64,34.1,O,False,21.08,30.02,T01,23.85,27.64,measured,0.25,observed,-1.0,33.85,27.52,33.6,False,O,27.64,measured,33.35,27.521257447809404,0.7986,497.5263,497.5263,657.6559,488.27,488.27,645.4203,
DUC_A01,1149,Protium hebetatum,Burseraceae,173125.1289,9674278.186,10.7,O,False,9.94,14.48,11.1,O,False,9.88,16.22,T01,11.45,14.48,measured,0.2,observed,-1.0,10.9,14.29,10.7,False,O,14.48,measured,10.5,14.284651570755011,0.5773,28.3614,28.3614,27.3141,26.9758,26.9758,25.9797,
DUC_A01,1150,Copaifera reticulata,Fabaceae,173123.5363,9674293.126,83.5,O,False,24.04,40.51,83.5,O,False,23.87,33.83,T01,36.61,40.51,measured,0.0,observed,-1.0,83.5,40.51,83.5,False,O,40.51,measured,83.5,40.51,0.6075,4271.4314,4271.4314,4323.5351,4271.4314,4271.4314,4323.5351,
DUC_A01,1151,Ormosia grossa,Fabaceae,173121.84,9674309.868,13.0,O,False,13.52,18.96,13.5,O,False,6.63,16.07,T01,13.15,18.96,measured,0.25,observed,-1.0,13.25,18.71,13.0,False,O,18.96,measured,12.75,18.702952629465663,0.5906,53.9571,53.9571,53.1305,51.2626,51.2626,50.4774,
DUC_A01,1152,Casearia javitensis,Salicaceae,173121.1761,9674310.398,5.5,O,False,12.06,15.36,8.5,O,False,12.52,15.16,T01,9.43,15.36,measured,1.5,observed,-1.0,7.0,13.31,5.5,False,O,15.36,measured,4.0,12.0242016328267,0.753,8.1953,8.1953,10.2292,3.4659,3.4659,4.3261,
DUC_A01,1153,Poeppigia procera,Fabaceae,173120.8017,9674314.589,16.3,O,False,17.1,21.72,16.8,O,False,16.6,22.71,T01,15.29,21.72,measured,0.25,observed,-1.0,16.55,21.49,16.3,False,O,21.72,measured,16.05,21.49297702537191,0.735,95.8134,95.8134,116.8011,92.0173,92.0173,112.1735,
DUC_A01,1154,Chrysophyllum sanguinolentum,Sapotaceae,173120.4,9674316.358,23.0,O,False,15.63,21.45,23.4,O,False,17.88,23.09,T01,18.99,21.45,measured,0.2,observed,-1.0,23.2,21.34,23.0,False,O,21.45,measured,22.8,21.331080010343964,0.6714,185.3645,185.3645,206.8639,181.245,181.245,202.2666,
DUC_A01,1155,,,173120.8248,9674318.826,28.0,O,True,,3.09,28.0,O,True,1.7,2.5,T01,21.23,3.09,measured,0.0,observed,-1.0,28.0,3.09,28.0,True,O,3.09,measured,28.0,3.09,0.6681,41.0689,39.7339,39.7339,41.0689,39.7339,39.7339,
DUC_A01,1156,Diplotropis sp.,Fabaceae,173120.0616,9674319.344,7.8,O,False,9.09,11.38,8.2,O,False,10.44,12.65,T01,9.19,11.38,measured,0.2,observed,-1.0,8.0,11.17,7.8,False,O,11.38,measured,7.6,11.162521173600117,0.7378,12.0955,12.0955,14.7989,11.283,11.283,13.8048,
DUC_A01,1157,Guarea guidonia,Meliaceae,173120.1249,9674320.561,7.0,O,False,5.76,8.18,6.9,O,False,3.22,5.18,T01,8.08,8.18,measured,0.0,observed,-1.0,6.9,8.18,7.0,False,O,8.18,measured,7.0,8.18,0.5651,7.0948,7.0948,6.6917,7.0948,7.0948,6.6917,
DUC_A01,1158,Brosimum parinarioides,Moraceae,173119.1457,9674328.313,38.9,O,False,18.58,29.44,39.9,O,False,29.84,33.78,T01,26.04,29.44,measured,0.5,observed,-1.0,39.4,29.24,38.9,False,O,29.44,measured,38.4,29.231331166664003,0.6306,704.248,704.248,739.3101,681.9358,681.9358,715.8871,
DUC_A01,1159,Poeppigia procera,Fabaceae,173118.8621,9674336.143,20.6,O,False,15.27,20.43,20.6,O,False,15.28,23.75,T01,17.5,20.43,measured,0.0,observed,-1.0,20.6,20.43,20.6,False,O,20.43,measured,20.6,20.43,0.735,142.5448,142.5448,173.769,142.5448,142.5448,173.769,
DUC_A01,1160,Eschweilera coriacea,Lecythidaceae,173118.492,9674338.52,18.0,O,False,,13.05,18.6,O,False,10.33,12.89,T01,16.36,13.05,measured,0.3,observed,-1.0,18.3,12.91,18.0,False,O,13.05,measured,17.7,12.904177987130002,0.8521,70.7275,70.7275,99.6009,67.6982,67.6982,95.335,
DUC_A01,1161,Virola michelii,Myristicaceae,173117.1153,9674346.227,29.3,O,False,24.35,27.27,29.4,O,False,19.96,25.68,T01,21.86,27.27,measured,0.05,observed,-1.0,29.35,27.25,29.3,False,O,27.27,measured,29.25,27.242099281609942,0.4701,375.8504,375.8504,296.2236,374.2253,374.2253,294.9428,
DUC_A01,1162,Oenocarpus bacaba,Arecaceae,173116.5422,9674350.396,6.0,P,False,6.97,9.55,5.9,P,False,0.0,0.0,T01,7.18,9.55,measured,0.0,observed,-1.0,5.9,9.55,6.0,False,P,9.55,measured,6.0,9.55,0.65,6.1079,2.6012,2.6012,6.1079,2.6012,2.6012,
DUC_A01,1163,Couma guianensis,Apocynaceae,173119.6498,9674353.167,49.2,O,False,28.82,37.34,49.1,O,False,19.7,24.78,T01,29.02,37.34,measured,0.0,observed,-1.0,49.1,37.34,49.2,False,O,37.34,measured,49.2,37.34,0.4667,1404.8136,1404.8136,1099.243,1404.8136,1404.8136,1099.243,
DUC_A01,1164,Sterculia pruriens,Malvaceae,173116.6329,9674354.035,13.8,O,False,17.7,21.79,13.7,O,False,18.46,21.95,T01,13.29,21.79,measured,0.0,observed,-1.0,13.7,21.79,13.8,False,O,21.79,measured,13.8,21.79,0.4862,69.4454,69.4454,56.5587,69.4454,69.4454,56.5587,
DUC_A01,1165,Pouteria guianensis,Sapotaceae,173116.6963,9674355.252,32.1,O,False,23.04,30.2,32.8,O,False,20.13,26.43,T01,23.32,30.2,measured,0.35,observed,-1.0,32.45,30.02,32.1,False,O,30.2,measured,31.75,30.007003413566416,0.9295,496.1869,496.1869,760.6434,482.6516,482.6516,739.894,
DUC_A01,1166,Poeppigia procera,Fabaceae,173117.0878,9674359.651,38.1,O,False,22.98,26.54,38.5,O,False,20.97,27.74,T01,25.53,26.54,measured,0.2,observed,-1.0,38.3,26.47,38.1,False,O,26.54,measured,37.9,26.462853292990278,0.735,611.1581,611.1581,745.031,603.1951,603.1951,735.3238,
DUC_A01,1167,Inga heterophylla,Fabaceae,173114.6774,9674362.719,9.4,O,False,10.07,13.01,9.6,O,False,6.82,14.08,T01,10.31,13.01,measured,0.1,observed,-1.0,9.5,12.91,9.4,False,O,13.01,measured,9.3,12.90888185422124,0.56,19.84,19.84,18.548,19.2826,19.2826,18.027,
DUC_A01,1168,Diplotropis sp.,Fabaceae,173113.5541,9674368.315,18.4,O,False,20.39,24.92,19.5,O,False,20.36,27.61,T01,16.88,24.92,measured,0.55,observed,-1.0,18.95,24.46,18.4,False,O,24.92,measured,17.849999999999998,24.42081325151105,0.7378,138.8085,138.8085,169.8321,128.2662,128.2662,156.9337,
DUC_A01,1169,,,173113.5541,9674368.315,8.7,O,True,,3.73,8.7,O,True,2.51,3.95,T01,9.6,3.73,measured,0.0,observed,-1.0,8.7,3.73,8.7,True,O,3.73,measured,8.7,3.73,0.6681,5.0395,4.4746,4.4746,5.0395,4.4746,4.4746,
DUC_A01,1170,Minquartia guianensis,Olacaceae,173112.1621,9674373.267,11.5,O,False,3.65,8.04,11.5,O,False,5.79,9.64,T01,11.75,8.04,measured,0.0,observed,-1.0,11.5,8.04,11.5,False,O,8.04,measured,11.5,8.04,0.7867,18.3854,18.3854,23.9505,18.3854,18.3854,23.9505,
DUC_A01,1171,Protium heptaphyllum,Burseraceae,173110.6237,9674384.029,17.3,O,False,11.33,17.78,18.2,O,False,14.51,19.1,T01,16.13,17.78,measured,0.45,observed,-1.0,17.75,17.48,17.3,False,O,17.78,measured,16.85,17.467066730765033,0.6293,88.5238,88.5238,92.7405,82.64,82.64,86.5765,
DUC_A01,1172,Nectandra cuspidata,Lauraceae,173110.0132,9674384.48,6.3,O,False,6.0,11.24,6.7,O,False,8.64,14.02,T01,7.9,11.24,measured,0.2,observed,-1.0,6.5,10.98,6.3,False,O,11.24,measured,6.1,10.969351505897329,0.518,7.8763,7.8763,6.8239,7.2217,7.2217,6.2568,
DUC_A01,1173,Sloanea guianensis,Elaeocarpaceae,173108.8654,9674388.317,9.4,O,False,7.5,12.76,9.8,O,False,8.63,11.88,T01,10.47,12.76,measured,0.2,observed,-1.0,9.6,12.57,9.4,False,O,12.76,measured,9.200000000000001,12.56125400330908,0.8212,19.4678,19.4678,26.445,18.3836,18.3836,24.9722,
DUC_A01,1174,,,173107.4002,9674399.68,21.1,O,True,,1.75,21.1,O,True,1.44,2.16,T01,17.78,1.75,measured,0.0,observed,-1.0,21.1,1.75,21.1,True,O,1.75,measured,21.1,1.75,0.6681,13.5727,14.1719,14.1719,13.5727,14.1719,14.1719,
DUC_A01,1175,,,173106.2769,9674400.602,15.2,O,True,,3.45,,O,False,,,T01,,3.45,measured,0.15,site_median,-1.0,,,15.2,True,O,3.45,measured,15.049999999999999,3.426573656574493,0.6681,13.8781,12.8139,12.8139,13.5218,12.4925,12.4925,
DUC_A01,1176,Pouteria gongrijpii,Sapotaceae,173106.4723,9674402.981,20.4,O,False,21.94,28.93,21.0,O,False,16.4,21.4,T01,17.72,28.93,measured,0.3,observed,-1.0,20.7,28.67,20.4,False,O,28.93,measured,20.099999999999998,28.651452957323762,0.7994,196.397,196.397,259.8705,189.0055,189.0055,250.0902,
DUC_A01,1177,Simarouba amara,Simaroubaceae,173105.6908,9674402.81,14.8,O,False,12.21,16.52,15.1,O,False,10.79,17.93,T01,14.21,16.52,measured,0.15,observed,-1.0,14.95,16.42,14.8,False,O,16.52,measured,14.65,16.404323472335257,0.3833,60.756,60.756,39.236,59.1528,59.1528,38.2006,
DUC_A01,1178,Protium heptaphyllum,Burseraceae,173105.6908,9674402.81,9.3,O,False,10.46,16.02,9.9,O,False,13.17,17.11,T01,10.55,16.02,measured,0.3,observed,-1.0,9.6,15.66,9.3,False,O,16.02,measured,9.0,15.640509261203043,0.6293,23.8062,23.8062,24.9402,21.8138,21.8138,22.8529,
DUC_A01,1179,,,173105.0803,9674405.597,39.0,O,True,,3.39,39.0,O,True,1.53,3.31,T01,25.71,3.39,measured,0.0,observed,-1.0,39.0,3.39,39.0,True,O,3.39,measured,39.0,3.39,0.6681,85.8408,83.1557,83.1557,85.8408,83.1557,83.1557,
DUC_A01,1181,Protium heptaphyllum,Burseraceae,173100.9289,9674424.549,20.1,O,False,18.99,25.62,20.3,O,False,17.26,24.0,T01,17.33,25.62,measured,0.1,observed,-1.0,20.2,25.55,20.1,False,O,25.62,measured,20.0,25.53652704494819,0.6293,169.4621,169.4621,177.5342,167.2866,167.2866,175.2551,
DUC_A01,1182,Ormosia grossa,Fabaceae,173100.3428,9674429.094,16.2,O,False,21.58,25.5,16.9,O,False,16.47,22.73,T01,15.35,25.5,measured,0.35,observed,-1.0,16.55,25.13,16.2,False,O,25.5,measured,15.85,25.1236073920386,0.5906,110.7177,110.7177,109.0218,104.5678,104.5678,102.966,
DUC_A01,1183,Theobroma subincanum,Malvaceae,173099.4392,9674431.817,8.5,O,False,7.98,12.05,8.9,O,False,10.05,11.56,T01,9.76,12.05,measured,0.2,observed,-1.0,8.7,11.85,8.5,False,O,12.05,measured,8.3,11.840350934960373,0.47,15.1262,15.1262,11.9185,14.194,14.194,11.184,
DUC_A01,1184,Pouteria gongrijpii,Sapotaceae,173098.902,9674435.205,32.4,O,False,25.03,29.15,33.1,O,False,22.21,28.74,T01,23.44,29.15,measured,0.35,observed,-1.0,32.75,28.98,32.4,False,O,29.15,measured,32.05,28.965951776536656,0.7994,488.1258,488.1258,645.8832,474.9408,474.9408,628.4369,
DUC_A01,1185,Protium heptaphyllum,Burseraceae,173098.145,9674436.791,18.1,O,False,12.52,21.6,19.0,O,False,21.51,25.45,T01,16.6,21.6,measured,0.45,observed,-1.0,18.55,21.26,18.1,False,O,21.6,measured,17.650000000000002,21.239548752438047,0.6293,116.9166,116.9166,122.4858,109.4965,109.4965,114.7122,
DUC_A01,1186,Poeppigia procera,Fabaceae,173100.0498,9674438.377,29.8,O,False,16.74,20.56,30.4,O,False,22.43,26.29,T01,22.3,20.56,measured,0.3,observed,-1.0,30.1,20.44,29.8,False,O,20.56,measured,29.5,20.436127753285533,0.735,294.8773,294.8773,359.4696,287.4103,287.4103,350.3669,
DUC_A01,1187,Sloanea guianensis,Elaeocarpaceae,173095.0038,9674453.046,8.1,O,False,7.48,12.46,8.3,O,False,10.12,13.41,T01,9.27,12.46,measured,0.1,observed,-1.0,8.2,12.35,8.1,False,O,12.46,measured,8.0,12.345989885119685,0.8212,14.2249,14.2249,19.323,13.7601,13.7601,18.6917,
DUC_A01,1188,,,173095.0228,9674454.873,37.8,O,True,,5.59,37.8,O,True,1.27,6.5,T01,25.28,5.59,measured,0.0,observed,-1.0,37.8,5.59,37.8,True,O,5.59,measured,37.8,5.59,0.6681,131.5826,117.605,117.605,131.5826,117.605,117.605,
DUC_A01,1190,Duckeodendron cestroides,Solanaceae,173093.5451,9674465.675,7.0,O,False,9.12,11.32,7.0,O,False,0.0,0.0,T01,8.17,11.32,measured,0.0,observed,-1.0,7.0,11.32,7.0,False,O,11.32,measured,7.0,11.32,0.6343,9.742,9.742,10.2857,9.742,9.742,10.2857,
DUC_A01,1191,Mezilaurus itauba,Lauraceae,173095.1563,9674467.661,24.2,O,False,16.28,19.06,24.5,O,False,19.05,23.51,T01,19.55,19.06,measured,0.15,observed,-1.0,24.35,18.99,24.2,False,O,19.06,measured,24.05,18.985586315941656,0.7443,182.4182,182.4182,225.1224,179.5309,179.5309,221.5591,
DUC_A01,1192,Poeppigia procera,Fabaceae,173092.9438,9674474.74,14.4,O,False,12.64,17.54,14.9,O,False,15.85,23.36,T01,14.08,17.54,measured,0.25,observed,-1.0,14.65,17.34,14.4,False,O,17.54,measured,14.15,17.328419105841284,0.735,61.06,61.06,74.4351,58.3131,58.3131,71.0864,
DUC_A01,1193,Chrysophyllum sanguinolentum,Sapotaceae,173093.7589,9674476.646,34.5,O,False,17.68,21.44,35.2,O,False,14.76,24.22,T01,24.28,21.44,measured,0.35,observed,-1.0,34.85,21.33,34.5,False,O,21.44,measured,34.15,21.315316659982166,0.6714,408.8452,408.8452,456.265,398.513,398.513,444.7344,
DUC_A01,1194,Protium heptaphyllum,Burseraceae,173092.7039,9674477.149,10.4,O,False,5.88,13.1,10.5,O,False,5.42,11.29,T01,11.0,13.1,measured,0.05,observed,-1.0,10.45,13.06,10.4,False,O,13.1,measured,10.35,13.054523712269184,0.6293,24.3314,24.3314,25.4904,24.0219,24.0219,25.1661,
DUC_A01,1195,Protium heptaphyllum,Burseraceae,173092.0426,9674486.816,15.2,O,False,12.84,17.52,15.7,O,False,11.2,17.61,T01,14.6,17.52,measured,0.25,observed,-1.0,15.45,17.33,15.2,False,O,17.52,measured,14.95,17.321418556874914,0.6293,67.7811,67.7811,71.0098,64.896,64.896,67.9872,
DUC_A01,1196,Licania guianensis,Chrysobalanaceae,173092.1421,9674486.826,11.9,O,False,14.28,17.2,12.9,O,False,9.62,19.58,T01,12.74,17.2,measured,0.5,observed,-1.0,12.4,16.73,11.9,False,O,17.2,measured,11.4,16.682299075988624,0.8165,41.2861,41.2861,55.7693,36.852,36.852,49.7796,
DUC_A01,1198,Simaba cedron,Simaroubaceae,173090.8062,9674492.168,8.6,O,False,9.59,10.18,8.7,O,False,9.74,10.91,T01,9.6,10.18,measured,0.05,observed,-1.0,8.65,10.14,8.6,False,O,10.18,measured,8.549999999999999,10.136422710431816,0.4743,13.1269,13.1269,10.4363,12.9242,12.9242,10.2751,
DUC_A01,1199,Virola michelii,Myristicaceae,173091.2628,9674494.647,33.5,O,False,27.84,34.86,33.7,O,False,22.89,31.05,T01,23.69,34.86,measured,0.1,observed,-1.0,33.6,34.8,33.5,False,O,34.86,measured,33.4,34.799960359572715,0.4701,620.3827,620.3827,488.9498,615.7361,615.7361,485.2877,
DUC_A01,1200,,,173091.1033,9674495.239,10.5,L,False,,,10.6,L,False,0.0,0.0,T01,11.08,14.99,local_fit,0.05,observed,-1.0,10.55,14.94,10.5,False,L,11.08,feldpausch,10.45,11.04194302490284,0.6681,21.052,21.052,23.3806,20.7868,20.7868,23.0861,
DUC_A01,1201,,,173090.0398,9674513.99,30.9,O,True,,1.71,30.9,O,True,0.0,1.55,T01,22.52,1.71,measured,0.0,observed,-1.0,30.9,1.71,30.9,True,O,1.71,measured,30.9,1.71,0.6681,27.9424,29.8241,29.8241,27.9424,29.8241,29.8241,
DUC_A01,1202,Protium heptaphyllum,Burseraceae,173088.3426,9674525.987,11.6,O,False,11.43,16.62,11.7,O,False,6.76,9.73,T01,11.89,16.62,measured,0.05,observed,-1.0,11.65,16.56,11.6,False,O,16.62,measured,11.549999999999999,16.56892560401488,0.6293,37.9856,37.9856,39.795,37.5536,37.5536,39.3425,
DUC_A01,1203,Byrsonima crispa,Malpighiaceae,173088.0836,9674526.57,46.0,O,False,26.84,33.04,47.5,O,False,26.4,31.46,T01,28.54,33.04,measured,0.75,observed,-1.0,46.75,32.77,46.0,False,O,33.04,measured,45.25,32.76075623961854,0.58,1093.3194,1093.3194,1057.7357,1050.0587,1050.0587,1015.883,
DUC_A01,1204,Chrysophyllum sanguinolentum,Sapotaceae,173087.8804,9674535.674,17.6,O,False,5.89,16.26,17.8,O,False,5.79,16.23,T01,15.89,16.26,measured,0.1,observed,-1.0,17.7,16.2,17.6,False,O,16.26,measured,17.5,16.197990458581845,0.6714,83.8987,83.8987,93.6296,82.6618,82.6618,92.2493,
DUC_A01,1205,Stryphnodendron pulcherrimum,Fabaceae,173087.1605,9674542.902,28.1,O,False,36.95,45.33,28.1,O,False,22.12,29.89,T01,21.28,45.33,measured,0.0,observed,-1.0,28.1,45.33,28.1,False,O,45.33,measured,28.1,45.33,0.475,568.8109,568.8109,452.8405,568.8109,568.8109,452.8405,
DUC_A01,1206,Protium heptaphyllum,Burseraceae,173087.1796,9674544.729,19.0,O,False,17.33,23.89,19.2,O,False,13.94,21.91,T01,16.71,23.89,measured,0.1,observed,-1.0,19.1,23.8,19.0,False,O,23.89,measured,18.9,23.80676511194828,0.6293,141.8165,141.8165,148.5717,139.8858,139.8858,146.5491,
DUC_A01,1207,Lecythis idatimon,Lecythidaceae,173086.6616,9674545.894,15.8,O,False,19.78,23.9,16.3,O,False,12.22,14.05,T01,14.98,23.9,measured,0.25,observed,-1.0,16.05,23.64,15.8,False,O,23.9,measured,15.55,23.64097784794507,0.7986,98.9819,98.9819,130.8393,94.9327,94.9327,125.4869,
DUC_A01,1208,Sloanea guianensis,Elaeocarpaceae,173085.3461,9674550.021,6.1,O,False,6.55,10.98,6.3,O,False,7.0,11.06,T01,7.54,10.98,measured,0.1,observed,-1.0,6.2,10.85,6.1,False,O,10.98,measured,6.0,10.843499115267065,0.8212,7.2286,7.2286,9.8193,6.9141,6.9141,9.3921,
DUC_A01,1655,Mauritia flexuosa,Arecaceae,173147.9612,9674122.426,31.0,P,False,29.87,36.23,30.0,P,False,23.94,34.1,T01,22.13,36.23,measured,0.0,observed,-1.0,30.0,36.23,31.0,False,P,36.23,measured,31.0,36.23,0.6681,553.668,237.2936,237.2936,553.668,237.2936,237.2936,
DUC_A01,1209,,,175118.4452,9674398.987,8.6,L,False,,,9.5,L,False,,,T02,10.23,13.69,local_fit,0.45,observed,-1.0,9.05,13.22,8.6,False,L,10.23,feldpausch,8.15,9.832534730666627,0.6681,13.1899,13.1899,14.6488,11.4257,11.4257,12.6895,
DUC_A01,1210,Sterculia pruriens,Malvaceae,175120.02,9674399.27,29.7,O,False,22.01,25.26,29.9,O,False,17.89,20.4,T02,22.09,25.26,measured,0.1,observed,-1.0,29.8,25.2,29.7,False,O,25.26,measured,29.599999999999998,25.209168506382774,0.4862,358.1428,358.1428,291.6836,355.0939,355.0939,289.2005,
DUC_A01,1213,,,175117.2429,9674405.682,6.6,O,False,5.59,8.54,6.7,O,True,3.31,5.89,T02,7.9,8.54,measured,0.05,observed,-1.0,6.65,8.5,6.6,False,O,8.54,measured,6.55,8.49128372033735,0.6681,6.5965,6.5965,7.3261,6.4631,6.4631,7.178,
DUC_A01,1218,Aspidosperma excelsum,Apocynaceae,175114.1042,9674423.723,9.5,O,False,6.78,9.67,9.6,O,False,6.8,9.61,T02,10.31,9.67,measured,0.05,observed,-1.0,9.55,9.63,9.5,False,O,9.67,measured,9.45,9.632893442439679,0.792,15.1619,15.1619,19.8808,14.9503,14.9503,19.6034,
DUC_A01,1220,Pouteria reticulata,Sapotaceae,175114.2917,9674431.73,20.8,O,False,15.97,24.93,21.2,O,False,15.15,26.75,T02,17.83,24.93,measured,0.2,observed,-1.0,21.0,24.78,20.8,False,O,24.93,measured,20.6,24.773876502115776,0.794,176.4092,176.4092,231.8838,172.0551,172.0551,226.1605,
DUC_A01,1221,Sagotia racemosa,Euphorbiaceae,175111.7351,9674440.307,12.0,O,False,12.04,13.71,12.2,O,False,9.53,15.48,T02,12.25,13.71,measured,0.1,observed,-1.0,12.1,13.63,12.0,False,O,13.71,measured,11.9,13.628815405507536,0.58,33.6334,33.6334,32.5388,32.8972,32.8972,31.8266,
DUC_A01,1222,Chrysophyllum sanguinolentum,Sapotaceae,175111.0758,9674442.846,16.4,O,False,6.75,14.87,16.8,O,False,7.94,15.71,T02,15.29,14.87,measured,0.2,observed,-1.0,16.6,14.74,16.4,False,O,14.87,measured,16.2,14.746634691181354,0.6714,66.9902,66.9902,74.76,64.8751,64.8751,72.3996,
DUC_A01,1224,,,175111.0011,9674444.959,12.0,O,False,12.3,13.56,12.1,O,False,12.03,14.94,T02,12.18,13.56,measured,0.05,observed,-1.0,12.05,13.52,12.0,False,O,13.56,measured,11.95,13.5198866568535,0.6681,33.2742,33.2742,36.9547,32.9088,32.9088,36.5489,
DUC_A01,1226,Pouteria sp.,Sapotaceae,175109.4254,9674462.218,35.0,O,False,40.29,47.31,35.5,O,False,20.21,26.36,T02,24.4,47.31,measured,0.25,observed,-1.0,35.25,47.12,35.0,False,O,47.31,measured,34.75,47.11738469668375,0.7187,910.407,910.407,1085.8433,894.189,894.189,1066.5001,
DUC_A01,1227,,,175106.1502,9674468.008,6.9,L,False,,,7.6,L,False,,,T02,8.68,12.4,local_fit,0.35,observed,-1.0,7.25,11.97,6.9,False,L,8.68,feldpausch,6.550000000000001,8.347201188449704,0.6681,7.3095,7.3095,8.118,6.3561,6.3561,7.0591,
DUC_A01,1228,Virola michelii,Myristicaceae,175106.2486,9674468.026,22.5,O,False,22.83,25.55,22.9,O,False,25.65,29.16,T02,18.73,25.55,measured,0.2,observed,-1.0,22.7,25.41,22.5,False,O,25.55,measured,22.3,25.404502080625544,0.4701,210.6369,210.6369,166.0119,205.847,205.847,162.2367,
DUC_A01,1229,Pouteria gongrijpii,Sapotaceae,175106.3529,9674468.576,10.0,O,False,22.63,25.33,10.2,O,False,21.28,24.17,T02,10.78,25.33,measured,0.1,observed,-1.0,10.1,25.14,10.0,False,O,25.33,measured,9.9,25.146139438261443,0.7994,42.8952,42.8952,56.7585,41.7639,41.7639,55.2615,
DUC_A01,1230,Theobroma glaucum,Malvaceae,175106.2605,9674469.091,11.4,O,False,12.33,23.67,11.5,O,False,10.31,14.26,T02,11.75,23.67,measured,0.05,observed,-1.0,11.45,23.59,11.4,False,O,23.67,measured,11.35,23.595828518409036,0.5297,51.8509,51.8509,45.914,51.2507,51.2507,45.3825,
DUC_A01,1231,Eschweilera coriacea,Lecythidaceae,175108.184,9674474.221,46.8,O,False,21.78,30.76,47.0,O,False,21.09,28.2,T02,28.38,30.76,measured,0.1,observed,-1.0,46.9,30.73,46.8,False,O,30.76,measured,46.699999999999996,30.72638714703635,0.8521,1054.521,1054.521,1485.0126,1049.0072,1049.0072,1477.2478,
DUC_A01,1233,Helicostylis sp.,Moraceae,175105.4331,9674482.267,21.0,O,False,17.83,22.39,21.3,O,False,21.5,26.77,T02,17.88,22.39,measured,0.15,observed,-1.0,21.15,22.29,21.0,False,O,22.39,measured,20.85,22.286110586469913,0.643,161.8399,161.8399,173.1505,158.8683,158.8683,169.9712,
DUC_A01,1234,,,175104.56,9674483.293,15.5,O,False,23.51,27.92,15.8,O,False,23.54,27.82,T02,14.66,27.92,measured,0.15,observed,-1.0,15.65,27.75,15.5,False,O,27.92,measured,15.35,27.734650597873195,0.6681,110.969,110.969,123.2434,108.1769,108.1769,120.1425,
DUC_A01,1235,Pouteria gongrijpii,Sapotaceae,175102.9357,9674487.114,5.7,O,False,3.76,10.29,5.8,O,False,6.03,10.44,T02,7.09,10.29,measured,0.05,observed,-1.0,5.75,10.22,5.7,False,O,10.29,measured,5.65,10.22131745964661,0.7994,5.9435,5.9435,7.8644,5.8041,5.8041,7.68,
DUC_A01,1236,Lecythis idatimon,Lecythidaceae,175102.8836,9674490.603,15.9,O,False,16.81,21.09,16.3,O,False,18.81,22.96,T02,14.98,21.09,measured,0.2,observed,-1.0,16.1,20.91,15.9,False,O,21.09,measured,15.700000000000001,20.908616845254695,0.7986,88.6924,88.6924,117.2382,85.8014,85.8014,113.4167,
DUC_A01,1237,Protium heptaphyllum,Burseraceae,175101.6621,9674495.071,5.3,O,False,8.1,13.22,5.5,O,False,6.61,11.4,T02,6.81,13.22,measured,0.1,observed,-1.0,5.4,13.03,5.3,False,O,13.22,measured,5.2,13.029028489308617,0.6293,6.5852,6.5852,6.8989,6.2554,6.2554,6.5533,
DUC_A01,1238,Helicostylis sp.,Moraceae,175103.85,9674496.587,48.7,O,False,21.49,26.73,49.2,O,False,22.77,27.91,T02,29.05,26.73,measured,0.25,observed,-1.0,48.95,26.66,48.7,False,O,26.73,measured,48.45,26.660908570658094,0.643,993.7296,993.7296,1063.1793,981.3142,981.3142,1049.8963,
DUC_A01,1239,Pourouma villosa,Urticaceae,175101.9972,9674498.04,19.1,O,False,8.64,15.36,23.3,O,False,17.21,20.23,T02,18.94,15.36,measured,2.1,observed,-1.0,21.2,14.46,19.1,False,O,15.36,measured,17.0,14.211182303257212,0.34,93.1013,93.1013,53.4815,68.7486,68.7486,39.4922,
DUC_A01,1240,Annona sp.,Annonaceae,175100.9344,9674499.618,5.2,O,False,8.77,18.13,5.9,O,False,8.11,12.91,T02,7.18,18.13,measured,0.35,observed,-1.0,5.55,17.3,5.2,False,O,18.13,measured,4.8500000000000005,17.18773630844798,0.5112,8.6357,8.6357,7.3853,7.1549,7.1549,6.1189,
DUC_A01,1241,Protium heptaphyllum,Burseraceae,175101.9296,9674500.361,20.4,O,False,15.3,19.84,20.6,O,False,16.98,19.4,T02,17.5,19.84,measured,0.1,observed,-1.0,20.5,19.78,20.4,False,O,19.84,measured,20.299999999999997,19.776495641519006,0.6293,135.9125,135.9125,142.3866,134.1945,134.1945,140.5867,
DUC_A01,1242,Mouriri collocarpa,Melastomataceae,175101.1629,9674501.987,10.1,O,False,10.07,11.52,10.4,O,False,10.0,12.3,T02,10.93,11.52,measured,0.15,observed,-1.0,10.25,11.39,10.1,False,O,11.52,measured,9.95,11.39582832481198,0.8333,20.2709,20.2709,27.933,19.4803,19.4803,26.8435,
DUC_A01,1243,Brosimum rubescens,Moraceae,175103.6626,9674504.719,65.6,O,False,32.38,37.6,66.8,O,False,29.2,38.08,T02,33.48,37.6,measured,0.6,observed,-1.0,66.2,37.47,65.6,False,O,37.6,measured,65.0,37.45041407863748,0.8251,2479.9351,2479.9351,3384.5205,2426.3935,2426.3935,3311.4488,
DUC_A01,1248,Annona crassiflora,Annonaceae,175092.1023,9674554.167,12.3,O,False,3.09,14.49,12.7,O,False,0.0,2.26,T02,12.6,14.49,measured,0.2,observed,-1.0,12.5,14.33,12.3,False,O,14.49,measured,12.100000000000001,14.322816694639736,0.56,37.2527,37.2527,34.8268,35.6732,35.6732,33.3501,
DUC_A01,1250,Qualea paraensis,Vochysiaceae,175090.8365,9674562.709,9.5,O,False,9.29,12.89,9.8,O,False,7.98,14.56,T02,10.47,12.89,measured,0.15,observed,-1.0,9.65,12.74,9.5,False,O,12.89,measured,9.35,12.741318478530017,0.6893,20.0717,20.0717,22.9835,19.2386,19.2386,22.0295,
DUC_A01,1251,Protium heptaphyllum,Burseraceae,175089.7759,9674571.866,16.7,O,False,,11.78,17.5,O,False,,20.01,T02,15.71,11.78,measured,0.4,observed,-1.0,17.1,11.6,16.7,False,O,11.78,measured,16.3,11.588063243499896,0.6293,55.2893,55.2893,57.9229,51.895,51.895,54.367,
DUC_A01,1253,Pouteria gongrijpii,Sapotaceae,175090.3839,9674573.129,20.1,O,False,14.72,16.49,20.2,O,False,14.48,19.51,T02,17.28,16.49,measured,0.05,observed,-1.0,20.15,16.46,20.1,False,O,16.49,measured,20.05,16.463154942645218,0.7994,110.2318,110.2318,145.8576,109.5228,109.5228,144.9195,
DUC_A01,1255,Virola michelii,Myristicaceae,175087.4959,9674582.07,9.7,O,False,11.46,15.09,10.2,O,False,10.3,15.68,T02,10.78,15.09,measured,0.25,observed,-1.0,9.95,14.81,9.7,False,O,15.09,measured,9.45,14.805948178635136,0.4701,24.3803,24.3803,19.2152,22.7431,22.7431,17.9248,
DUC_A01,1256,Symphonia globulifera,Clusiaceae,175088.9526,9674584.112,27.4,O,False,16.54,20.43,28.0,O,False,13.95,18.09,T02,21.23,20.43,measured,0.3,observed,-1.0,27.7,20.3,27.4,False,O,20.43,measured,27.099999999999998,20.293074890444935,0.6004,248.7549,248.7549,248.9168,241.8735,241.8735,242.0309,
DUC_A01,1257,Inga marginata,Fabaceae,175086.4365,9674588.98,33.7,O,False,13.15,21.21,34.7,O,False,13.17,21.19,T02,24.09,21.21,measured,0.5,observed,-1.0,34.2,21.03,33.7,False,O,21.21,measured,33.2,21.027972926647408,0.5518,386.4541,386.4541,356.124,372.1967,372.1967,342.9855,
DUC_A01,1259,,,175086.7922,9674592.596,19.7,O,False,17.33,20.73,19.9,O,False,17.53,23.52,T02,17.11,20.73,measured,0.1,observed,-1.0,19.8,20.66,19.7,False,O,20.73,measured,19.599999999999998,20.66081789285871,0.6681,132.5134,132.5134,147.1709,130.7761,130.7761,145.2415,
DUC_A01,1260,Ormosia grossa,Fabaceae,175085.1678,9674597.035,15.2,O,False,13.52,16.3,15.3,O,False,3.99,9.52,T02,14.34,16.3,measured,0.05,observed,-1.0,15.25,16.27,15.2,False,O,16.3,measured,15.149999999999999,16.263163093018132,0.5906,63.1705,63.1705,62.2029,62.6271,62.6271,61.6678,
DUC_A01,1261,Protium heptaphyllum,Burseraceae,175085.1615,9674597.626,12.8,O,False,9.69,11.76,12.8,O,False,1.2,4.84,T02,12.67,11.76,measured,0.0,observed,-1.0,12.8,11.76,12.8,False,O,11.76,measured,12.8,11.76,0.6293,32.8437,32.8437,34.4082,32.8437,32.8437,34.4082,
DUC_A01,1262,Abarema cochleata,Fabaceae,175084.565,9674598.109,19.9,O,False,16.07,19.73,20.1,O,False,17.83,22.91,T02,17.22,19.73,measured,0.1,observed,-1.0,20.0,19.67,19.9,False,O,19.73,measured,19.799999999999997,19.664944325669563,0.5668,128.7852,128.7852,121.8149,127.1145,127.1145,120.2347,
DUC_A01,1263,Tapirira guianensis,Anacardiaceae,175083.6039,9674605.037,24.1,O,False,14.03,17.51,24.9,O,False,15.96,18.48,T02,19.75,17.51,measured,0.4,observed,-1.0,24.5,17.33,24.1,False,O,17.51,measured,23.700000000000003,17.326195419810634,0.457,166.5732,166.5732,127.705,159.5673,159.5673,122.3338,
DUC_A01,1264,Strychnos subcordata,Loganiaceae,175080.6856,9674619.894,7.8,O,False,6.93,12.01,8.0,O,False,6.62,11.5,T02,9.02,12.01,measured,0.1,observed,-1.0,7.9,11.9,7.8,False,O,12.01,measured,7.7,11.895496104035356,0.6959,12.7486,12.7486,14.7347,12.3158,12.3158,14.2345,
DUC_A01,1265,Couratari stellata,Lecythidaceae,175081.1648,9674621.165,64.3,O,False,19.97,30.72,64.5,O,False,18.25,28.43,T02,32.98,30.72,measured,0.1,observed,-1.0,64.4,30.7,64.3,False,O,30.72,measured,64.2,30.699072369578722,0.6331,1957.9951,1957.9951,2063.4866,1950.7576,1950.7576,2055.8592,
DUC_A01,1267,Hevea brasiliensis,Euphorbiaceae,175079.1091,9674629.077,32.8,O,False,19.01,25.66,32.9,O,False,19.81,30.26,T02,23.36,25.66,measured,0.05,observed,-1.0,32.85,25.64,32.8,False,O,25.66,measured,32.75,25.63729749795249,0.4666,441.4494,441.4494,345.3966,439.7567,439.7567,344.0722,
DUC_A01,1268,Alibertia edulis,Rubiaceae,175078.278,9674633.069,9.1,O,False,5.66,11.34,9.5,O,False,5.72,10.69,T02,10.23,11.34,measured,0.2,observed,-1.0,9.3,11.17,9.1,False,O,11.34,measured,8.9,11.156942352724641,0.76,16.2859,16.2859,20.5121,15.3488,15.3488,19.3318,
DUC_A01,1269,Copaifera reticulata,Fabaceae,175077.2501,9674637.025,48.7,O,False,14.64,20.12,49.0,O,False,16.99,25.47,T02,28.99,20.12,measured,0.15,observed,-1.0,48.85,20.09,48.7,False,O,20.12,measured,48.550000000000004,20.088826308178426,0.6075,753.1095,753.1095,762.2961,747.4562,747.4562,756.5738,
DUC_A01,1270,Eperua bijuga,Fabaceae,175076.8251,9674639.907,7.1,O,False,3.93,11.09,7.3,O,False,7.86,12.12,T02,8.43,11.09,measured,0.1,observed,-1.0,7.2,10.97,7.1,False,O,11.09,measured,7.0,10.972916653313598,0.729,9.8168,9.8168,11.8718,9.4503,9.4503,11.4286,
DUC_A01,1271,Protium heptaphyllum,Burseraceae,175077.9009,9674640.695,24.0,O,False,19.67,25.32,24.4,O,False,21.71,25.46,T02,19.5,25.32,measured,0.2,observed,-1.0,24.2,25.19,24.0,False,O,25.32,measured,23.8,25.186758809217615,0.6293,236.8174,236.8174,248.0979,231.7838,231.7838,242.8245,
DUC_A01,1272,Minquartia guianensis,Olacaceae,175077.3901,9674642.378,51.1,O,False,16.11,19.85,51.7,O,False,21.53,29.16,T02,29.77,19.85,measured,0.3,observed,-1.0,51.4,19.79,51.1,False,O,19.85,measured,50.800000000000004,19.792537520030237,0.7867,816.418,816.418,1063.5413,804.8077,804.8077,1048.4166,
DUC_A01,1273,Strychnos subcordata,Loganiaceae,175076.4669,9674645.761,16.6,O,False,11.13,16.14,16.7,O,False,5.66,15.15,T02,15.22,16.14,measured,0.05,observed,-1.0,16.65,16.11,16.6,False,O,16.14,measured,16.55,16.107067403271305,0.6959,74.3063,74.3063,85.8825,73.7229,73.7229,85.2082,
DUC_A01,1274,Guarea guidonia,Meliaceae,175075.8199,9674650.97,18.2,O,False,8.34,12.53,18.4,O,False,9.81,18.41,T02,16.25,12.53,measured,0.1,observed,-1.0,18.3,12.48,18.2,False,O,12.53,measured,18.099999999999998,12.484064530096015,0.5651,69.4577,69.4577,65.5117,68.4688,68.4688,64.579,
DUC_A01,1275,Licania canescens,Chrysobalanaceae,175075.1124,9674652.617,7.5,O,False,8.59,13.18,8.2,O,False,14.65,13.59,T02,9.19,13.18,measured,0.35,observed,-1.0,7.85,12.75,7.5,False,O,13.18,measured,7.15,12.718411432371033,0.88,12.9306,12.9306,18.7913,11.3761,11.3761,16.5323,
DUC_A01,1276,Manilkara bidentata,Sapotaceae,175074.2497,9674659.562,34.2,O,False,26.14,30.91,34.9,O,False,25.69,32.78,T02,24.17,30.91,measured,0.35,observed,-1.0,34.55,30.73,34.2,False,O,30.91,measured,33.85,30.728165044389602,0.8729,574.4024,574.4024,828.2056,559.7511,559.7511,807.0805,
DUC_A01,1277,Parkia sp.,Fabaceae,175072.8826,9674667.6,22.4,O,False,11.8,18.21,24.2,O,False,15.93,20.21,T02,19.4,18.21,measured,0.9,observed,-1.0,23.3,17.78,22.4,False,O,18.21,measured,21.5,17.736537684851807,0.4553,150.0401,150.0401,114.6177,134.9822,134.9822,103.1148,
DUC_A01,1278,,,175071.0352,9674675.026,12.6,O,True,,2.31,12.6,O,True,,13.9,T02,12.53,2.31,measured,0.0,observed,-1.0,12.6,2.31,12.6,True,O,2.31,measured,12.6,2.31,0.6681,6.5053,6.3421,6.3421,6.5053,6.3421,6.3421,
DUC_A01,1279,Guarea guidonia,Meliaceae,175070.2286,9674679.73,7.9,O,False,9.9,11.83,8.2,O,False,10.29,12.85,T02,9.19,11.83,measured,0.15,observed,-1.0,8.05,11.66,7.9,False,O,11.83,measured,7.75,11.662963336246435,0.5651,12.8784,12.8784,12.1468,12.2344,12.2344,11.5394,
DUC_A01,1280,Helicostylis sp.,Moraceae,175072.5553,9674683.095,32.0,O,False,20.91,24.78,32.0,O,False,17.64,26.96,T02,22.99,24.78,measured,0.0,observed,-1.0,32.0,24.78,32.0,False,O,24.78,measured,32.0,24.78,0.643,406.5896,406.5896,435.0054,406.5896,406.5896,435.0054,
DUC_A01,1281,Eschweilera coriacea,Lecythidaceae,175071.5768,9674683.552,71.1,O,False,24.91,29.97,71.3,O,False,21.64,34.76,T02,34.41,29.97,measured,0.1,observed,-1.0,71.2,29.95,71.1,False,O,29.97,measured,71.0,29.952602004438212,0.8521,2325.7146,2325.7146,3275.1507,2318.0196,2318.0196,3264.3145,
DUC_A01,1282,Caryocar glabrum,Caryocaraceae,175075.5534,9674685.354,82.9,O,False,23.11,32.84,82.5,O,False,20.04,34.29,T02,36.44,32.84,measured,0.0,observed,-1.0,82.5,32.84,82.9,False,O,32.84,measured,82.9,32.84,0.6536,3431.5364,3431.5364,3730.2592,3431.5364,3431.5364,3730.2592,
DUC_A01,1283,Tovomita sp.,Clusiaceae,175071.4103,9674685.336,31.9,O,False,14.46,24.36,32.4,O,False,12.17,28.01,T02,23.15,24.36,measured,0.25,observed,-1.0,32.15,24.25,31.9,False,O,24.36,measured,31.65,24.24802313775384,0.6786,397.4268,397.4268,448.1452,389.6138,389.6138,439.3351,
DUC_A01,1284,Tovomita sp.,Clusiaceae,175069.3544,9674686.234,10.4,O,False,7.91,12.1,10.7,O,False,8.5,14.49,T02,11.15,12.1,measured,0.15,observed,-1.0,10.55,11.98,10.4,False,O,12.1,measured,10.25,11.973748608308261,0.6786,22.5169,22.5169,25.3904,21.6644,21.6644,24.4291,
DUC_A01,1285,Annona sp.,Annonaceae,175069.0109,9674689.199,15.3,O,False,16.88,21.02,15.6,O,False,16.26,25.08,T02,14.54,21.02,measured,0.15,observed,-1.0,15.45,20.88,15.3,False,O,21.02,measured,15.15,20.878345831921475,0.5112,82.0102,82.0102,70.1356,79.9189,79.9189,68.3471,
DUC_A01,1286,Protium heptaphyllum,Burseraceae,175067.0334,9674700.363,13.1,O,False,7.14,14.92,13.7,O,False,5.65,16.42,T02,13.29,14.92,measured,0.3,observed,-1.0,13.4,14.68,13.1,False,O,14.92,measured,12.799999999999999,14.679172980305202,0.6293,43.3484,43.3484,45.4132,40.7789,40.7789,42.7213,
DUC_A01,1288,,,175069.4122,9674706.752,68.8,O,True,,8.6,68.8,O,True,,8.66,T02,33.91,8.6,measured,0.0,observed,-1.0,68.8,8.6,68.8,True,O,8.6,measured,68.8,8.6,0.6681,644.917,554.1867,554.1867,644.917,554.1867,554.1867,
DUC_A01,1289,Lecythis idatimon,Lecythidaceae,175065.3112,9674720.613,23.1,O,False,15.57,20.48,23.5,O,False,11.97,21.27,T02,19.05,20.48,measured,0.2,observed,-1.0,23.3,20.36,23.1,False,O,20.48,measured,22.900000000000002,20.367058004958935,0.7986,178.6855,178.6855,236.1957,174.7325,174.7325,230.9703,
DUC_A01,1290,Lecythis lurida,Lecythidaceae,175063.6925,9674723.99,64.4,O,False,28.81,37.42,64.5,O,False,22.03,32.67,T02,32.98,37.42,measured,0.05,observed,-1.0,64.45,37.41,64.4,False,O,37.42,measured,64.35000000000001,37.407290547493716,0.8633,2380.977,2380.977,3396.173,2376.5818,2376.5818,3389.9038,
DUC_A01,1291,Lecythis idatimon,Lecythidaceae,175064.0985,9674724.654,16.2,O,False,23.81,28.96,16.2,O,False,16.52,21.97,T02,14.91,28.96,measured,0.0,observed,-1.0,16.2,28.96,16.2,False,O,28.96,measured,16.2,28.96,0.7986,125.3572,125.3572,165.7036,125.3572,125.3572,165.7036,
DUC_A01,1292,,,175064.9001,9674725.377,29.9,O,False,24.39,33.72,30.0,O,False,25.54,32.1,T02,22.13,33.72,measured,0.05,observed,-1.0,29.95,33.69,29.9,False,O,33.72,measured,29.849999999999998,33.68638104473773,0.6681,481.0488,481.0488,534.2583,479.0132,479.0132,531.9976,
DUC_A01,1293,,,175063.2919,9674729.358,18.1,L,False,,,18.1,L,False,,,T02,16.07,19.17,local_fit,0.0,observed,-1.0,18.1,19.17,18.1,False,L,16.07,feldpausch,18.1,16.07,0.6681,87.6034,87.6034,97.2933,87.6034,87.6034,97.2933,
DUC_A01,1294,Eschweilera coriacea,Lecythidaceae,175065.7643,9674729.729,39.0,O,False,20.17,24.7,39.1,O,False,19.5,26.61,T02,25.75,24.7,measured,0.05,observed,-1.0,39.05,24.68,39.0,False,O,24.7,measured,38.95,24.68263475982857,0.8521,596.336,596.336,839.7807,594.4364,594.4364,837.1056,
DUC_A01,1297,Guarea guidonia,Meliaceae,175061.7358,9674736.363,22.4,O,False,11.54,21.19,22.7,O,False,12.57,19.91,T02,18.63,21.19,measured,0.15,observed,-1.0,22.55,21.1,22.4,False,O,21.19,measured,22.25,21.09906479345745,0.5651,173.9597,173.9597,164.0769,170.9739,170.9739,161.2607,
DUC_A01,1298,Pouteria gongrijpii,Sapotaceae,175062.1627,9674738.237,46.5,O,False,23.47,28.57,47.2,O,False,22.85,28.66,T02,28.45,28.57,measured,0.35,observed,-1.0,46.85,28.46,46.5,False,O,28.57,measured,46.15,28.459461432805607,0.7994,968.9408,968.9408,1282.0927,951.1502,951.1502,1258.5523,
DUC_A01,1299,Lecythis idatimon,Lecythidaceae,175063.3444,9674743.843,31.9,O,False,23.49,29.53,32.3,O,False,26.92,31.78,T02,23.11,29.53,measured,0.2,observed,-1.0,32.1,29.43,31.9,False,O,29.53,measured,31.7,29.42146692243123,0.7986,479.5537,479.5537,633.8987,472.003,472.003,623.9178,
DUC_A01,1300,Guarea guidonia,Meliaceae,175060.0082,9674750.581,24.3,O,False,15.2,16.23,24.4,O,False,17.37,23.1,T02,19.5,16.23,measured,0.05,observed,-1.0,24.35,16.21,24.3,False,O,16.23,measured,24.25,16.209011493869873,0.5651,157.1937,157.1937,148.2633,156.3653,156.3653,147.482,
DUC_A01,1303,Pouteria gongrijpii,Sapotaceae,175059.5972,9674755.345,46.8,O,False,27.99,35.21,47.3,O,False,26.8,36.2,T02,28.48,35.21,measured,0.25,observed,-1.0,47.05,35.11,46.8,False,O,35.21,measured,46.55,35.11367085714418,0.7994,1203.169,1203.169,1592.0211,1187.4757,1187.4757,1571.2558,
DUC_A01,1304,Eschweilera ovata,Lecythidaceae,175058.5564,9674763.633,18.1,O,False,10.1,10.74,18.2,O,False,1.6,8.45,T02,16.13,10.74,measured,0.05,observed,-1.0,18.15,10.72,18.1,False,O,10.74,measured,18.05,10.72019903153408,0.9,59.1166,59.1166,87.8162,58.6924,58.6924,87.1861,
DUC_A01,1305,Inga marginata,Fabaceae,175057.7861,9674764.724,16.1,O,False,19.97,22.89,16.9,O,False,16.49,19.36,T02,15.35,22.89,measured,0.4,observed,-1.0,16.5,22.52,16.1,False,O,22.89,measured,15.700000000000001,22.500778915404442,0.5518,98.4462,98.4462,90.7199,92.1726,92.1726,84.9386,
DUC_A01,1306,Diplotropis sp.,Fabaceae,175058.9051,9674770.498,30.8,O,False,22.96,28.85,31.5,O,False,20.19,32.83,T02,22.78,28.85,measured,0.35,observed,-1.0,31.15,28.66,30.8,False,O,28.85,measured,30.45,28.655509342041494,0.7378,437.7378,437.7378,535.5719,425.2636,425.2636,520.3098,
DUC_A01,1308,Abarema jupunba,Fabaceae,175052.5232,9674787.413,12.0,O,False,17.79,20.22,12.3,O,False,14.72,18.29,T02,12.32,20.22,measured,0.15,observed,-1.0,12.15,20.04,12.0,False,O,20.22,measured,11.85,20.040242816260832,0.5851,49.1434,49.1434,47.9553,47.5353,47.5353,46.3861,
DUC_A01,1309,Poeppigia procera,Fabaceae,175050.5744,9674794.995,17.3,O,False,14.03,17.02,17.4,O,False,14.83,17.85,T02,15.65,17.02,measured,0.05,observed,-1.0,17.35,16.99,17.3,False,O,17.02,measured,17.25,16.986908561127237,0.735,84.8288,84.8288,103.4104,84.1908,84.1908,102.6326,
DUC_A01,1310,Eriotheca globosa,Malvaceae,175049.1277,9674799.247,13.7,O,False,14.23,17.25,13.9,O,False,13.37,18.93,T02,13.42,17.25,measured,0.1,observed,-1.0,13.8,17.17,13.7,False,O,17.25,measured,13.6,17.162093610391356,0.41,54.5061,54.5061,37.5878,53.465,53.465,36.8698,
DUC_A01,1311,Eschweilera ovata,Lecythidaceae,175049.0601,9674806.711,17.8,O,False,14.89,16.93,17.8,O,False,14.97,18.75,T02,15.89,16.93,measured,0.0,observed,-1.0,17.8,16.93,17.8,False,O,16.93,measured,17.8,16.93,0.9,89.2174,89.2174,132.5302,89.2174,89.2174,132.5302,
DUC_A01,1312,Lecythis idatimon,Lecythidaceae,175047.3733,9674806.876,28.7,O,False,20.77,29.99,29.1,O,False,20.19,26.97,T02,21.73,29.99,measured,0.2,observed,-1.0,28.9,29.87,28.7,False,O,29.99,measured,28.5,29.86377527520155,0.7986,396.0729,396.0729,523.5496,389.0981,389.0981,514.3298,
DUC_A01,1314,Minquartia guianensis,Olacaceae,175048.0209,9674813.939,59.0,O,False,28.58,34.89,59.0,O,False,24.76,29.16,T02,31.69,34.89,measured,0.0,observed,-1.0,59.0,34.89,59.0,False,O,34.89,measured,59.0,34.89,0.7867,1874.3037,1874.3037,2441.6408,1874.3037,1874.3037,2441.6408,
DUC_A01,1315,Protium paniculatum,Burseraceae,175045.1707,9674820.151,23.0,O,False,22.84,26.12,23.8,O,False,18.85,23.6,T02,19.2,26.12,measured,0.4,observed,-1.0,23.4,25.83,23.0,False,O,26.12,measured,22.6,25.829638071515703,0.49,224.6566,224.6566,184.3635,214.7375,214.7375,176.2234,
DUC_A01,1316,Licania canescens,Chrysobalanaceae,175046.7711,9674824.569,58.2,O,False,21.66,26.44,58.7,O,False,32.55,39.59,T02,31.62,26.44,measured,0.25,observed,-1.0,58.45,26.38,58.2,False,O,26.44,measured,57.95,26.38743823696731,0.88,1392.251,1392.251,2023.2847,1377.9222,1377.9222,2002.4615,
DUC_A01,1317,Pouteria macrophylla,Sapotaceae,175042.5957,9674829.882,33.9,O,False,17.15,23.98,34.0,O,False,19.92,23.61,T02,23.81,23.98,measured,0.05,observed,-1.0,33.95,23.96,33.9,False,O,23.98,measured,33.85,23.959679308182057,0.737,440.7003,440.7003,538.6615,439.0689,439.0689,536.6675,
DUC_A01,1318,Eschweilera coriacea,Lecythidaceae,175042.7036,9674834.512,23.7,O,False,10.11,13.59,24.4,O,False,14.1,17.3,T02,19.5,13.59,measured,0.35,observed,-1.0,24.05,13.47,23.7,False,O,13.59,measured,23.349999999999998,13.462660112289853,0.8521,125.8901,125.8901,177.2828,121.1681,121.1681,170.6331,
DUC_A01,1319,,,175045.4862,9674835.765,67.0,O,True,,8.12,67.0,O,True,,7.91,T02,33.53,8.12,measured,0.0,observed,-1.0,67.0,8.12,67.0,True,O,8.12,measured,67.0,8.12,0.6681,579.0091,501.448,501.448,579.0091,501.448,501.448,
DUC_A01,1320,,,175042.466,9674836.756,32.7,O,True,,3.35,32.7,O,True,,2.42,T02,23.28,3.35,measured,0.0,observed,-1.0,32.7,3.35,32.7,True,O,3.35,measured,32.7,3.35,0.6681,60.1591,57.8951,57.8951,60.1591,57.8951,57.8951,
DUC_A01,1321,Aspidosperma excelsum,Apocynaceae,175040.8413,9674837.511,17.5,O,False,10.26,18.95,17.7,O,False,14.4,16.45,T02,15.83,18.95,measured,0.1,observed,-1.0,17.6,18.88,17.5,False,O,18.95,measured,17.4,18.877246599489116,0.792,96.3424,96.3424,126.3274,94.9137,94.9137,124.4541,
DUC_A01,1322,Parkia sp.,Fabaceae,175038.8925,9674845.093,8.7,O,False,7.37,8.07,8.9,O,False,7.9,9.23,T02,9.76,8.07,measured,0.1,observed,-1.0,8.8,8.0,8.7,False,O,8.07,measured,8.6,8.001708074997342,0.4553,10.7031,10.7031,8.1763,10.3779,10.3779,7.9278,
DUC_A01,1323,Eschweilera coriacea,Lecythidaceae,175036.2905,9674853.667,14.1,O,False,6.8,16.22,14.7,O,False,12.68,15.38,T02,13.95,16.22,measured,0.3,observed,-1.0,14.4,16.0,14.1,False,O,16.22,measured,13.799999999999999,15.979278701656474,0.8521,54.2933,54.2933,76.4576,51.307,51.307,72.2522,
DUC_A01,1324,Protium hebetatum,Burseraceae,175036.026,9674854.754,5.9,O,False,7.34,9.62,6.3,O,False,6.59,10.21,T02,7.54,9.62,measured,0.2,observed,-1.0,6.1,9.39,5.9,False,O,9.62,measured,5.7,9.371458820153103,0.5773,5.9531,5.9531,5.7333,5.4252,5.4252,5.2248,
DUC_A01,1326,Buchenavia congesta,Combretaceae,175034.5874,9674857.281,19.2,O,False,15.27,25.63,19.2,O,False,16.66,20.55,T02,16.71,25.63,measured,0.0,observed,-1.0,19.2,25.63,19.2,False,O,25.63,measured,19.2,25.63,0.7031,155.0256,155.0256,180.9849,155.0256,155.0256,180.9849,
DUC_A01,1328,Inga alba,Fabaceae,175034.9546,9674848.163,35.0,O,False,29.47,35.18,36.2,O,False,25.15,29.87,T02,24.67,35.18,measured,0.6,observed,-1.0,35.6,34.85,35.0,False,O,35.18,measured,34.4,34.83494677735786,0.5861,681.8145,681.8145,666.4063,652.8743,652.8743,638.12,
DUC_A01,1329,,,175038.1396,9674839.731,18.8,O,True,,6.49,18.8,O,True,,6.27,T02,16.48,6.49,measured,0.0,observed,-1.0,18.8,6.49,18.8,True,O,6.49,measured,18.8,6.49,0.6681,38.9375,32.8694,32.8694,38.9375,32.8694,32.8694,
DUC_A01,1330,Theobroma glaucum,Malvaceae,175038.8629,9674837.605,10.7,O,False,15.11,16.65,10.9,O,False,12.53,14.69,T02,11.3,16.65,measured,0.1,observed,-1.0,10.8,16.55,10.7,False,O,16.65,measured,10.6,16.537896056203078,0.5297,32.5026,32.5026,28.7811,31.7026,31.7026,28.0727,
DUC_A01,1332,Dimorphandra macrostachya,Fabaceae,175039.8401,9674829.787,50.0,O,False,27.64,34.92,50.0,O,False,29.73,34.11,T02,29.28,34.92,measured,0.0,observed,-1.0,50.0,34.92,50.0,False,O,34.92,measured,50.0,34.92,0.695,1357.9713,1357.9713,1567.4444,1357.9713,1357.9713,1567.4444,
DUC_A01,1333,Protium heptaphyllum,Burseraceae,175041.3056,9674828.417,8.6,O,False,8.58,15.25,9.0,O,False,8.38,15.3,T02,9.84,15.25,measured,0.2,observed,-1.0,8.8,15.0,8.6,False,O,15.25,measured,8.4,14.988055806568454,0.6293,19.4748,19.4748,20.4025,18.2886,18.2886,19.1598,
DUC_A01,1335,Guarea guidonia,Meliaceae,175041.94,9674824.543,8.6,O,False,9.5,16.44,8.7,O,False,11.08,15.61,T02,9.6,16.44,measured,0.05,observed,-1.0,8.65,16.37,8.6,False,O,16.44,measured,8.549999999999999,16.369625673821126,0.5651,20.9566,20.9566,19.7661,20.6329,20.6329,19.4607,
DUC_A01,1336,Eschweilera coriacea,Lecythidaceae,175043.6674,9674815.757,54.6,O,False,23.66,35.06,54.0,O,False,27.17,35.33,T02,30.4,35.06,measured,0.0,observed,-1.0,54.0,35.06,54.6,False,O,35.06,measured,54.6,35.06,0.8521,1618.8148,1618.8148,2279.6703,1618.8148,1618.8148,2279.6703,
DUC_A01,1338,Stryphnodendron paniculatum,Fabaceae,175046.4637,9674807.23,28.7,O,False,26.56,30.27,29.7,O,False,23.58,32.7,T02,22.0,30.27,measured,0.5,observed,-1.0,29.2,29.95,28.7,False,O,30.27,measured,28.2,29.950376716701143,0.6535,399.6817,399.6817,434.4285,382.2219,382.2219,415.4509,
DUC_A01,1339,,,175046.1183,9674804.844,40.2,O,True,,12.5,40.2,O,True,,12.84,T02,26.14,12.5,measured,0.0,observed,-1.0,40.2,12.5,40.2,True,O,12.5,measured,40.2,12.5,0.6681,325.4574,256.9117,256.9117,325.4574,256.9117,256.9117,
DUC_A01,1340,Mezilaurus itauba,Lauraceae,175046.8065,9674803.285,22.4,O,False,19.2,25.55,22.8,O,False,18.51,25.42,T02,18.68,25.55,measured,0.2,observed,-1.0,22.6,25.41,22.4,False,O,25.55,measured,22.2,25.403711370237914,0.7443,208.8134,208.8134,257.6967,204.0428,204.0428,251.8093,
DUC_A01,1342,Guarea guidonia,Meliaceae,175048.3423,9674800.782,15.1,O,False,13.15,17.39,15.3,O,False,9.91,17.4,T02,14.34,17.39,measured,0.1,observed,-1.0,15.2,17.32,15.1,False,O,17.39,measured,15.0,17.31073780466258,0.5651,66.4288,66.4288,62.6549,65.281,65.281,61.5723,
DUC_A01,1344,Pouteria sp.,Sapotaceae,175046.364,9674800.876,61.5,O,False,24.76,41.23,59.6,O,False,26.34,33.54,T02,31.84,41.23,measured,0.0,observed,-1.0,59.6,41.23,61.5,False,O,41.23,measured,61.5,41.23,0.7187,2392.176,2392.176,2853.1507,2392.176,2392.176,2853.1507,
DUC_A01,1345,Eperua bijuga,Fabaceae,175048.0508,9674800.711,5.9,O,False,9.58,12.92,6.0,O,False,5.17,8.41,T02,7.27,12.92,measured,0.05,observed,-1.0,5.95,12.85,5.9,False,O,12.92,measured,5.8500000000000005,12.836881844288204,0.729,7.9388,7.9388,9.6007,7.759,7.759,9.3832,
DUC_A01,1346,Eperua bijuga,Fabaceae,175049.3087,9674788.357,38.8,O,False,17.48,26.3,39.3,O,False,24.91,29.32,T02,25.82,26.3,measured,0.25,observed,-1.0,39.05,26.21,38.8,False,O,26.3,measured,38.55,26.206710686921888,0.729,627.6782,627.6782,759.0729,617.662,617.662,746.96,
DUC_A01,1347,Guarea guidonia,Meliaceae,175050.9956,9674788.192,9.7,O,False,13.7,16.55,10.0,O,False,12.45,16.54,T02,10.62,16.55,measured,0.15,observed,-1.0,9.85,16.38,9.7,False,O,16.55,measured,9.549999999999999,16.363445727083143,0.5651,26.68,26.68,25.1643,25.5958,25.5958,24.1417,
DUC_A01,1348,Aspidosperma excelsum,Apocynaceae,175051.638,9674782.594,38.2,O,False,19.46,27.73,38.5,O,False,23.54,29.59,T02,25.53,27.73,measured,0.15,observed,-1.0,38.35,27.68,38.2,False,O,27.73,measured,38.050000000000004,27.669790230962438,0.792,641.1615,641.1615,840.7127,634.9079,634.9079,832.5127,
DUC_A01,1349,,,175052.4937,9674779.925,27.7,O,False,20.79,27.91,28.0,O,False,29.47,34.84,T02,21.23,27.91,measured,0.15,observed,-1.0,27.85,27.82,27.7,False,O,27.91,measured,27.55,27.817909083825647,0.6681,344.5425,344.5425,382.6529,339.812,339.812,377.3992,
DUC_A01,1350,Protium heptaphyllum,Burseraceae,175055.4222,9674770.855,10.4,O,False,11.58,14.5,11.0,O,False,15.38,18.6,T02,11.38,14.5,measured,0.3,observed,-1.0,10.7,14.21,10.4,False,O,14.5,measured,10.1,14.19655565517331,0.6293,26.8661,26.8661,28.1459,24.8557,24.8557,26.0397,
DUC_A01,1351,Simarouba amara,Simaroubaceae,175055.1577,9674766.743,19.1,O,False,12.94,18.57,19.5,O,False,14.27,18.37,T02,16.88,18.57,measured,0.2,observed,-1.0,19.3,18.45,19.1,False,O,18.57,measured,18.900000000000002,18.441226920965832,0.3833,112.0465,112.0465,72.3591,109.0247,109.0247,70.4077,
DUC_A01,1352,,,175056.2038,9674764.487,35.9,O,False,,18.74,35.9,O,True,,19.37,T02,24.56,18.74,measured,0.0,observed,-1.0,35.9,18.74,35.9,False,O,18.74,measured,35.9,18.74,0.6681,387.4612,387.4612,430.3188,387.4612,387.4612,430.3188,
DUC_A01,1353,Rinorea racemosa,Violaceae,175059.4616,9674747.483,5.9,O,False,2.74,8.83,6.1,O,False,2.96,9.74,T02,7.36,8.83,measured,0.1,observed,-1.0,6.0,8.72,5.9,False,O,8.83,measured,5.800000000000001,8.716237713534008,0.682,5.4755,5.4755,6.2047,5.2292,5.2292,5.9256,
DUC_A01,1355,Guarea guidonia,Meliaceae,175057.9156,9674743.632,21.8,O,False,12.88,21.44,21.8,O,False,20.53,23.34,T02,18.15,21.44,measured,0.0,observed,-1.0,21.8,21.44,21.8,False,O,21.44,measured,21.8,21.44,0.5651,166.8796,166.8796,157.3989,166.8796,166.8796,157.3989,
DUC_A01,1356,Rinorea racemosa,Violaceae,175059.5968,9674743.884,5.3,O,False,3.77,8.04,5.7,O,False,3.9,8.27,T02,6.99,8.04,measured,0.2,observed,-1.0,5.5,7.83,5.3,False,O,8.04,measured,5.1,7.807048645011729,0.682,4.053,4.053,4.5928,3.6535,3.6535,4.14,
DUC_A01,1358,Lecythis idatimon,Lecythidaceae,175060.6012,9674739.209,15.6,O,False,20.45,21.8,15.7,O,False,20.61,22.7,T02,14.6,21.8,measured,0.05,observed,-1.0,15.65,21.76,15.6,False,O,21.8,measured,15.549999999999999,21.752190050256814,0.7986,88.2619,88.2619,116.6692,87.5228,87.5228,115.6922,
DUC_A01,1360,Symphonia globulifera,Clusiaceae,175061.0436,9674736.259,12.6,O,False,13.93,19.91,13.2,O,False,14.11,18.02,T02,12.95,19.91,measured,0.3,observed,-1.0,12.9,19.59,12.6,False,O,19.91,measured,12.299999999999999,19.57411357668868,0.6004,53.2448,53.2448,53.2795,49.9617,49.9617,49.9942,
DUC_A01,1362,,,175062.1102,9674723.752,68.2,O,True,,5.7,68.2,O,True,,5.67,T02,33.78,5.7,measured,0.0,observed,-1.0,68.2,5.7,68.2,True,O,5.7,measured,68.2,5.7,0.6681,424.367,388.9859,388.9859,424.367,388.9859,388.9859,
DUC_A01,1363,Aspidosperma excelsum,Apocynaceae,175060.7203,9674717.512,33.9,O,False,20.22,23.57,35.7,O,False,17.0,19.84,T02,24.48,23.57,measured,0.9,observed,-1.0,34.8,23.23,33.9,False,O,23.57,measured,33.0,23.20712442204186,0.792,433.3447,433.3447,568.2162,404.9919,404.9919,531.0391,
DUC_A01,1365,Eschweilera parviflora,Lecythidaceae,175063.7598,9674710.73,20.9,O,False,9.26,17.92,21.5,O,False,13.34,18.26,T02,17.99,17.92,measured,0.3,observed,-1.0,21.2,17.76,20.9,False,O,17.92,measured,20.599999999999998,17.7524104936806,0.918,129.0162,129.0162,195.3903,124.281,124.281,188.219,
DUC_A01,1366,Guarea guidonia,Meliaceae,175064.707,9674708.459,10.9,O,False,8.54,12.77,11.0,O,False,8.01,11.13,T02,11.38,12.77,measured,0.05,observed,-1.0,10.95,12.73,10.9,False,O,12.77,measured,10.85,12.72792716296505,0.5651,26.0111,26.0111,24.5334,25.6959,25.6959,24.236,
DUC_A01,1367,Brosimum rubescens,Moraceae,175063.7023,9674701.673,45.1,O,False,18.56,25.52,45.4,O,False,30.57,34.37,T02,27.88,25.52,measured,0.15,observed,-1.0,45.25,25.48,45.1,False,O,25.52,measured,44.95,25.47590476125402,0.8251,817.5773,817.5773,1115.7982,810.908,810.908,1106.6961,
DUC_A01,1368,Sloanea guianensis,Elaeocarpaceae,175065.3105,9674697.692,30.6,O,False,17.36,21.29,30.5,O,False,24.54,29.36,T02,22.35,21.29,measured,0.0,observed,-1.0,30.5,21.29,30.6,False,O,21.29,measured,30.6,21.29,0.8212,321.2835,321.2835,436.4303,321.2835,321.2835,436.4303,
DUC_A01,1369,Protium heptaphyllum,Burseraceae,175069.7809,9674676.647,12.5,O,False,8.94,16.46,12.8,O,False,10.59,15.33,T02,12.67,16.46,measured,0.15,observed,-1.0,12.65,16.33,12.5,False,O,16.46,measured,12.35,16.320257771743286,0.6293,43.5376,43.5376,45.6115,42.1712,42.1712,44.18,
DUC_A01,1371,Minquartia guianensis,Olacaceae,175069.0487,9674657.428,48.5,O,False,,18.84,51.5,O,False,,25.3,T02,29.71,18.84,measured,1.5,observed,-1.0,50.0,18.57,48.5,False,O,18.84,measured,47.0,18.542519663200615,0.7867,700.6603,700.6603,912.7447,648.8262,648.8262,845.2209,
DUC_A01,1372,Eschweilera coriacea,Lecythidaceae,175073.5132,9674654.692,6.9,O,False,6.61,8.96,7.3,O,False,7.93,10.15,T02,8.43,8.96,measured,0.2,observed,-1.0,7.1,8.77,6.9,False,O,8.96,measured,6.7,8.764407622069,0.8521,7.5396,7.5396,10.6175,6.9672,6.9672,9.8114,
DUC_A01,1373,Licania guianensis,Chrysobalanaceae,175073.3228,9674654.065,8.8,O,False,11.87,16.3,9.8,O,False,7.69,9.22,T02,10.47,16.3,measured,0.5,observed,-1.0,9.3,15.69,8.8,False,O,16.3,measured,8.3,15.613186443900133,0.8165,21.7363,21.7363,29.3614,18.593,18.593,25.1154,
DUC_A01,1374,Strychnos subcordata,Loganiaceae,175073.8273,9674652.974,6.8,O,False,7.93,11.11,6.9,O,False,5.49,10.25,T02,8.08,11.11,measured,0.05,observed,-1.0,6.85,11.05,6.8,False,O,11.11,measured,6.75,11.048628003581658,0.6959,9.0393,9.0393,10.4475,8.862,8.862,10.2426,
DUC_A01,1376,Annona crassiflora,Annonaceae,175074.7441,9674650.182,7.8,O,False,6.78,10.38,7.6,O,False,5.95,10.26,T02,8.68,10.38,measured,0.0,observed,-1.0,7.6,10.38,7.8,False,O,10.38,measured,7.8,10.38,0.56,11.057,11.057,10.337,11.057,11.057,10.337,
DUC_A01,1377,Licania canescens,Chrysobalanaceae,175074.6521,9674649.573,18.5,O,False,18.77,23.05,19.2,O,False,13.16,24.36,T02,16.71,23.05,measured,0.35,observed,-1.0,18.85,22.77,18.5,False,O,23.05,measured,18.15,22.758878052639716,0.88,130.001,130.001,188.9236,123.6993,123.6993,179.7656,
DUC_A01,1379,Lecythis idatimon,Lecythidaceae,175075.2133,9674643.164,12.5,O,False,9.73,18.68,13.3,O,False,6.74,14.17,T02,13.02,18.68,measured,0.4,observed,-1.0,12.9,18.28,12.5,False,O,18.68,measured,12.1,18.255281799992858,0.7986,49.2598,49.2598,65.1142,45.2036,45.2036,59.7524,
DUC_A01,1380,Mayna odorata,Achariaceae,175075.0481,9674640.174,12.2,O,False,7.87,11.49,12.2,O,False,4.56,13.17,T02,12.25,11.49,measured,0.0,observed,-1.0,12.2,11.49,12.2,False,O,11.49,measured,12.2,11.49,0.6681,29.2353,29.2353,32.4691,29.2353,29.2353,32.4691,
DUC_A01,1382,Aspidosperma excelsum,Apocynaceae,175076.9424,9674638.152,15.4,O,False,10.16,15.61,16.0,O,False,9.47,15.88,T02,14.79,15.61,measured,0.3,observed,-1.0,15.7,15.41,15.4,False,O,15.61,measured,15.1,15.4007046735925,0.792,62.1244,62.1244,81.4596,59.0015,59.0015,77.3648,
DUC_A01,1383,Pouteria gongrijpii,Sapotaceae,175078.3095,9674630.115,24.4,O,False,14.72,20.21,24.2,O,False,15.29,29.89,T02,19.4,20.21,measured,0.0,observed,-1.0,24.2,20.21,24.4,False,O,20.21,measured,24.4,20.21,0.7994,196.281,196.281,259.7171,196.281,196.281,259.7171,
DUC_A01,1384,Sloanea guianensis,Elaeocarpaceae,175078.3536,9674625.979,12.3,O,False,13.01,15.31,12.5,O,False,10.02,17.57,T02,12.46,15.31,measured,0.1,observed,-1.0,12.4,15.22,12.3,False,O,15.31,measured,12.200000000000001,15.221829446476965,0.8212,39.3089,39.3089,53.3971,38.47,38.47,52.2576,
DUC_A01,1385,Sagotia racemosa,Euphorbiaceae,175079.2453,9674625.55,10.0,O,False,9.98,12.33,10.0,O,False,7.47,12.6,T02,10.62,12.33,measured,0.0,observed,-1.0,10.0,12.33,10.0,False,O,12.33,measured,10.0,12.33,0.58,21.2442,21.2442,20.5528,21.2442,21.2442,20.5528,
DUC_A01,1386,,,175078.6614,9674624.852,18.7,O,False,15.03,19.03,19.1,O,False,18.78,21.32,T02,16.65,19.03,measured,0.2,observed,-1.0,18.9,18.9,18.7,False,O,19.03,measured,18.5,18.89468098360879,0.6681,110.1103,110.1103,122.2897,107.0748,107.0748,118.9185,
DUC_A01,1387,Rinorea racemosa,Violaceae,175079.2768,9674622.596,9.9,O,False,8.93,11.42,12.9,O,False,7.48,12.26,T02,12.74,11.42,measured,1.5,observed,-1.0,11.4,10.46,9.9,False,O,11.42,measured,8.4,10.12705363982254,0.682,19.3296,19.3296,21.9039,12.474,12.474,14.1352,
DUC_A01,1388,,,175079.9743,9674612.661,48.5,O,False,19.49,22.78,49.4,O,False,17.83,23.16,T02,29.11,22.78,measured,0.45,observed,-1.0,48.95,22.67,48.5,False,O,22.78,measured,48.05,22.673180792051873,0.6681,843.3367,843.3367,936.6195,824.3399,824.3399,915.5215,
DUC_A01,1389,Eschweilera coriacea,Lecythidaceae,175081.7223,9674605.877,40.2,O,False,16.66,21.29,40.2,O,False,15.07,25.22,T02,26.14,21.29,measured,0.0,observed,-1.0,40.2,21.29,40.2,False,O,21.29,measured,40.2,21.29,0.8521,547.2798,547.2798,770.6981,547.2798,547.2798,770.6981,
DUC_A01,1390,Licania guianensis,Chrysobalanaceae,175083.1373,9674602.584,12.6,O,False,14.73,18.44,12.8,O,False,10.42,18.33,T02,12.67,18.44,measured,0.1,observed,-1.0,12.7,18.34,12.6,False,O,18.44,measured,12.5,18.336656079128716,0.8165,49.4045,49.4045,66.7356,48.3759,48.3759,65.3462,
DUC_A01,1391,Sagotia racemosa,Euphorbiaceae,175084.0063,9674595.047,13.6,O,False,7.23,12.53,13.7,O,False,7.45,12.39,T02,13.29,12.53,measured,0.05,observed,-1.0,13.65,12.49,13.6,False,O,12.53,measured,13.549999999999999,12.497831729527832,0.58,39.3304,39.3304,38.0504,38.9508,38.9508,37.6831,
DUC_A01,1392,Rollinia exsucca,Annonaceae,175086.5917,9674583.681,12.9,O,False,9.7,14.3,13.0,O,False,8.3,12.13,T02,12.81,14.3,measured,0.05,observed,-1.0,12.95,14.27,12.9,False,O,14.3,measured,12.85,14.261015332086501,0.3748,40.3589,40.3589,25.4939,39.9476,39.9476,25.234,
DUC_A01,1393,Zygia racemosa,Fabaceae,175086.4139,9674581.872,9.3,O,False,11.26,16.03,9.6,O,False,9.94,15.56,T02,10.31,16.03,measured,0.15,observed,-1.0,9.45,15.84,9.3,False,O,16.03,measured,9.15,15.84070877280101,0.748,23.8207,23.8207,29.5398,22.8105,22.8105,28.287,
DUC_A01,1395,Rinorea racemosa,Violaceae,175088.2038,9674572.197,24.1,O,False,17.42,25.28,24.4,O,False,22.09,26.1,T02,19.5,25.28,measured,0.15,observed,-1.0,24.25,25.19,24.1,False,O,25.28,measured,23.950000000000003,25.180798010866994,0.682,238.3792,238.3792,270.1259,234.5897,234.5897,265.8317,
DUC_A01,1398,Inga marginata,Fabaceae,175089.2566,9674562.456,19.0,O,False,14.39,23.17,21.4,O,False,13.72,22.57,T02,17.94,23.17,measured,1.2,observed,-1.0,20.2,22.32,19.0,False,O,23.17,measured,17.8,22.186240171357824,0.5518,137.6434,137.6434,126.8408,116.1604,116.1604,107.0438,
DUC_A01,1399,Virola michelii,Myristicaceae,175089.5117,9674552.004,26.7,O,False,10.19,20.06,28.1,O,False,18.93,27.28,T02,21.28,20.06,measured,0.7,observed,-1.0,27.4,19.75,26.7,False,O,20.06,measured,26.0,19.734368433824887,0.4701,232.3195,232.3195,183.1008,217.0834,217.0834,171.0926,
DUC_A01,1401,Couma guianensis,Apocynaceae,175090.6865,9674544.03,38.4,O,False,23.04,28.26,39.3,O,False,16.5,24.6,T02,25.82,28.26,measured,0.45,observed,-1.0,38.85,28.08,38.4,False,O,28.26,measured,37.949999999999996,28.076638000317722,0.4667,659.8106,659.8106,516.2907,640.718,640.718,501.351,
DUC_A01,1402,Inga sp.,Fabaceae,175093.3293,9674542.705,11.1,O,False,8.42,12.08,11.0,O,False,7.81,10.57,T02,11.38,12.08,measured,0.0,observed,-1.0,11.0,12.08,11.1,False,O,12.08,measured,11.1,12.08,0.5786,25.5287,25.5287,24.638,25.5287,25.5287,24.638,
DUC_A01,1403,Eschweilera parviflora,Lecythidaceae,175092.6303,9674542.01,37.7,O,False,8.25,11.74,37.4,O,False,5.63,10.09,T02,25.13,11.74,measured,0.0,observed,-1.0,37.4,11.74,37.7,False,O,11.74,measured,37.7,11.74,0.918,270.0692,270.0692,409.01,270.0692,270.0692,409.01,
DUC_A01,1406,Protium heptaphyllum,Burseraceae,175101.7142,9674491.582,12.1,O,False,15.02,31.15,12.2,O,False,7.6,19.43,T02,12.25,31.15,measured,0.05,observed,-1.0,12.15,31.05,12.1,False,O,31.15,measured,12.049999999999999,31.058708668465368,0.6293,76.1505,76.1505,79.7778,75.3214,75.3214,78.9093,
DUC_A01,1407,Dipteryx odorata,Fabaceae,175102.7149,9674485.33,24.0,O,False,15.67,23.69,24.8,O,False,17.18,26.3,T02,19.7,23.69,measured,0.4,observed,-1.0,24.4,23.45,24.0,False,O,23.69,measured,23.6,23.440046783278795,0.9228,221.9262,221.9262,337.7963,212.5516,212.5516,323.5272,
DUC_A01,1408,Pourouma villosa,Urticaceae,175103.5492,9674481.383,5.2,O,False,2.99,8.1,6.2,O,False,6.63,8.74,T02,7.45,8.1,measured,0.5,observed,-1.0,5.7,7.6,5.2,False,O,8.1,measured,4.7,7.495909209491476,0.34,3.9335,3.9335,2.2596,2.9938,2.9938,1.7198,
DUC_A01,1409,Guarea guidonia,Meliaceae,175103.8397,9674476.63,21.1,O,False,14.07,19.62,21.3,O,False,10.92,18.86,T02,17.88,19.62,measured,0.1,observed,-1.0,21.2,19.57,21.1,False,O,19.62,measured,21.0,19.559695090765352,0.5651,143.5933,143.5933,135.4356,141.8411,141.8411,133.783,
DUC_A01,1410,Theobroma glaucum,Malvaceae,175105.1956,9674470.494,8.5,O,False,9.83,15.1,8.9,O,False,10.87,17.32,T02,9.76,15.1,measured,0.2,observed,-1.0,8.7,14.85,8.5,False,O,15.1,measured,8.3,14.837286233850756,0.5297,18.8525,18.8525,16.6939,17.6906,17.6906,15.6651,
DUC_A01,1412,Oenocarpus bacaba,Arecaceae,175107.3916,9674456.005,10.2,P,False,5.46,11.0,10.4,P,False,10.56,11.59,T02,10.93,11.0,measured,0.1,observed,-1.0,10.3,10.92,10.2,False,P,11.0,measured,10.1,10.92188939402606,0.65,19.7537,11.1818,11.1818,19.2431,10.8831,10.8831,
DUC_A01,1413,Virola michelii,Myristicaceae,175106.986,9674454.869,32.7,O,False,20.95,24.66,33.6,O,False,16.96,23.2,T02,23.65,24.66,measured,0.45,observed,-1.0,33.15,24.46,32.7,False,O,24.66,measured,32.25,24.461983922565253,0.4701,422.127,422.127,332.6961,407.6417,407.6417,321.2796,
DUC_A01,1414,Sterculia pruriens,Malvaceae,175108.1612,9674454.549,34.4,O,False,19.04,27.14,34.5,O,False,17.43,27.4,T02,24.01,27.14,measured,0.05,observed,-1.0,34.45,27.12,34.4,False,O,27.14,measured,34.35,27.11743973860348,0.4862,511.7124,511.7124,416.7559,509.8476,509.8476,415.2371,
DUC_A01,1415,Annona sp.,Annonaceae,175109.9872,9674442.119,11.1,O,False,8.66,16.28,12.4,O,False,7.09,17.38,T02,12.39,16.28,measured,0.65,observed,-1.0,11.75,15.68,11.1,False,O,16.28,measured,10.45,15.589184343279866,0.5112,34.1591,34.1591,29.213,29.1052,29.1052,24.891,
DUC_A01,1416,,,175110.3334,9674437.929,21.0,O,True,,2.2,21.0,O,True,,7.28,T02,17.72,2.2,measured,0.0,observed,-1.0,21.0,2.2,21.0,True,O,2.2,measured,21.0,2.2,0.6681,16.8127,16.9278,16.9278,16.8127,16.9278,16.9278,
DUC_A01,1417,Ocotea cernua,Lauraceae,175111.5595,9674433.365,14.0,O,False,13.83,17.51,15.6,O,False,12.28,16.27,T02,14.54,17.51,measured,0.8,observed,-1.0,14.8,16.88,14.0,False,O,17.51,measured,13.2,16.805647208990052,0.4535,57.6966,57.6966,43.903,49.4157,49.4157,37.6018,
DUC_A01,1419,Lecythis idatimon,Lecythidaceae,175109.0454,9674428.13,51.8,O,False,21.34,31.06,51.8,O,False,22.47,25.95,T02,29.8,31.06,measured,0.0,observed,-1.0,51.8,31.06,51.8,False,O,31.06,measured,51.8,31.06,0.7986,1297.8395,1297.8395,1715.5509,1297.8395,1297.8395,1715.5509,
DUC_A01,1420,Licania sp.,Chrysobalanaceae,175112.7797,9674428.269,28.6,O,False,26.42,31.97,29.1,O,False,29.97,34.82,T02,21.73,31.97,measured,0.25,observed,-1.0,28.85,31.81,28.6,False,O,31.97,measured,28.35,31.80095712801071,0.8165,418.7126,418.7126,565.5967,409.4736,409.4736,553.1167,
DUC_A01,1422,Helicostylis sp.,Moraceae,175112.8993,9674421.38,36.7,O,False,22.2,26.31,37.1,O,False,27.07,30.38,T02,25.01,26.31,measured,0.2,observed,-1.0,36.9,26.24,36.7,False,O,26.31,measured,36.5,26.229582954311468,0.643,563.2832,563.2832,602.6499,555.6442,555.6442,594.477,
DUC_A01,1423,Swartzia polyphylla,Fabaceae,175113.6392,9674417.26,21.1,O,False,10.73,14.49,23.9,O,False,13.0,16.74,T02,19.25,14.49,measured,1.4,observed,-1.0,22.5,13.95,21.1,False,O,14.49,measured,19.700000000000003,13.855546094844005,0.691,106.8225,106.8225,122.6077,89.43,89.43,102.6451,
DUC_A01,1425,,,175116.6464,9674405.043,15.2,O,False,16.86,15.28,16.4,O,False,17.86,19.86,T02,15.04,15.28,measured,0.6,observed,-1.0,15.8,14.89,15.2,False,O,15.28,measured,14.6,14.862073454956064,0.6681,59.3094,59.3094,65.8697,53.3614,53.3614,59.2638,
DUC_A01,1426,,,175115.6621,9674404.866,22.4,O,False,19.07,21.05,23.8,O,False,17.39,20.39,T02,19.2,21.05,measured,0.7,observed,-1.0,23.1,20.66,22.4,False,O,21.05,measured,21.7,20.625427848470924,0.6681,172.8379,172.8379,191.9557,159.2529,159.2529,176.8681,
DUC_A01,1428,Theobroma glaucum,Malvaceae,175118.8033,9674395.862,6.1,O,False,7.32,7.83,6.3,O,False,7.64,8.83,T02,7.54,7.83,measured,0.1,observed,-1.0,6.2,7.74,6.1,False,O,7.83,measured,6.0,7.7326592051494645,0.5297,5.1968,5.1968,4.6018,4.9707,4.9707,4.4016,
DUC_A01,1249A,,,175092.0114,9674554.735,10.3,O,True,,4.19,10.3,O,True,,2.08,T02,10.85,4.19,measured,0.0,observed,-1.0,10.3,4.19,10.3,True,O,4.19,measured,10.3,4.19,0.6681,7.8487,6.8977,6.8977,7.8487,6.8977,6.8977,
DUC_A01,1249B,,,175092.0114,9674554.735,7.1,O,True,,2.75,7.1,O,True,,2.08,T02,8.25,2.75,measured,0.0,observed,-1.0,7.1,2.75,7.1,True,O,2.75,measured,7.1,2.75,0.6681,2.5171,2.3225,2.3225,2.5171,2.3225,2.3225,
DUC_A01,1880,Couma guianensis,Apocynaceae,171254.0834,9673358.185,16.5,O,False,13.2,17.23,16.7,O,False,10.93,18.3,T03,15.22,17.23,measured,0.1,observed,-1.0,16.6,17.16,16.5,False,O,17.23,measured,16.4,17.15913743378422,0.4667,78.2715,78.2715,61.2461,77.0377,77.0377,60.2807,
DUC_A01,1881,Protium heptaphyllum,Burseraceae,171253.9673,9673354.254,6.0,O,False,2.95,5.06,6.2,O,False,1.39,4.95,T03,7.45,5.06,measured,0.1,observed,-1.0,6.1,5.0,6.0,False,O,5.06,measured,5.9,4.99597129581201,0.6293,3.286,3.286,3.4425,3.1406,3.1406,3.2902,
DUC_A01,1882,Abarema jupunba,Fabaceae,171254.4265,9673353.209,14.8,O,False,10.82,13.6,14.9,O,False,11.34,14.14,T03,14.08,13.6,measured,0.05,observed,-1.0,14.85,13.57,14.8,False,O,13.6,measured,14.75,13.568306122913668,0.5851,50.2511,50.2511,49.0363,49.8067,49.8067,48.6026,
DUC_A01,1883,Sterculia pruriens,Malvaceae,171255.94,9673345.065,10.1,O,False,6.17,8.22,10.6,O,False,4.8,6.34,T03,11.08,8.22,measured,0.25,observed,-1.0,10.35,8.08,10.1,False,O,8.22,measured,9.85,8.072047069079085,0.4862,14.5818,14.5818,11.8759,13.6416,13.6416,11.1102,
DUC_A01,1884,Clarisia racemosa,Moraceae,171257.7128,9673344.228,20.8,O,False,5.86,15.11,22.3,O,False,10.13,13.46,T03,18.42,15.11,measured,0.75,observed,-1.0,21.55,14.78,20.8,False,O,15.11,measured,20.05,14.75252981879531,0.5854,108.2137,108.2137,105.648,98.4015,98.4015,96.0684,
DUC_A01,1885,Virola mollissima,Myristicaceae,171256.3473,9673341.217,23.3,O,False,14.27,17.09,23.6,O,False,18.77,22.42,T03,19.1,17.09,measured,0.15,observed,-1.0,23.45,17.02,23.3,False,O,17.09,measured,23.150000000000002,17.020100415382846,0.4734,152.2985,152.2985,120.8531,149.7902,149.7902,118.8626,
DUC_A01,1886,Pouteria sp.,Sapotaceae,171257.3792,9673333.555,51.9,O,False,20.64,27.22,52.8,O,False,24.49,31.27,T03,30.07,27.22,measured,0.45,observed,-1.0,52.35,27.11,51.9,False,O,27.22,measured,51.449999999999996,27.104288543416825,0.7187,1145.2971,1145.2971,1365.9971,1121.3212,1121.3212,1337.401,
DUC_A01,1887,Chrysophyllum sanguinolentum,Sapotaceae,171261.3173,9673322.441,31.0,O,False,20.15,23.72,32.0,O,False,18.53,23.3,T03,22.99,23.72,measured,0.5,observed,-1.0,31.5,23.5,31.0,False,O,23.72,measured,30.5,23.493073444742482,0.6714,366.1935,366.1935,408.6663,351.4401,351.4401,392.2017,
DUC_A01,1888,Eschweilera parviflora,Lecythidaceae,171258.9469,9673322.066,9.6,O,False,6.26,12.89,9.9,O,False,8.05,12.97,T03,10.55,12.89,measured,0.15,observed,-1.0,9.75,12.74,9.6,False,O,12.89,measured,9.45,12.743028012487034,0.918,20.4862,20.4862,31.0256,19.6449,19.6449,29.7515,
DUC_A01,1889,Endlicheria sp.,Lauraceae,171259.8036,9673317.171,21.9,O,False,19.47,23.02,21.9,O,False,22.05,26.15,T03,18.21,23.02,measured,0.0,observed,-1.0,21.9,23.02,21.9,False,O,23.02,measured,21.9,23.02,0.5043,180.4772,180.4772,152.325,180.4772,180.4772,152.325,
DUC_A01,1890,Lacunaria jenmanii,Ochnaceae,171260.6726,9673312.837,11.3,O,False,4.76,12.4,11.5,O,False,5.87,13.12,T03,11.75,12.4,measured,0.1,observed,-1.0,11.4,12.32,11.3,False,O,12.4,measured,11.200000000000001,12.321446833631695,0.8043,27.1175,27.1175,36.0977,26.4862,26.4862,35.2574,
DUC_A01,1891,Lecythis lurida,Lecythidaceae,171260.6528,9673310.598,29.7,O,False,19.49,25.42,30.2,O,False,22.44,25.7,T03,22.22,25.42,measured,0.25,observed,-1.0,29.95,25.29,29.7,False,O,25.42,measured,29.45,25.2918961664702,0.8633,360.3567,360.3567,514.0048,352.7159,352.7159,503.1062,
DUC_A01,1892,,,171260.9911,9673308.975,22.7,O,True,,9.75,22.7,O,True,0.72,9.36,T03,18.63,9.75,measured,0.0,observed,-1.0,22.7,9.75,22.7,True,O,9.75,measured,22.7,9.75,0.6681,83.6935,66.8524,66.8524,83.6935,66.8524,66.8524,
DUC_A01,1893,Micrandra minor,Euphorbiaceae,171260.8108,9673308.387,9.7,O,False,7.84,13.11,9.9,O,False,7.63,12.75,T03,10.55,13.11,measured,0.1,observed,-1.0,9.8,13.01,9.7,False,O,13.11,measured,9.6,13.01157760914615,0.41,21.253,21.253,14.6562,20.6747,20.6747,14.2574,
DUC_A01,1894,,,171261.5762,9673305.155,7.2,O,True,,8.54,,O,False,,,T03,,8.54,measured,0.15,site_median,-1.0,,,7.2,True,O,8.54,measured,7.05,8.406632655627641,0.6681,7.8177,6.0347,6.0347,7.3885,5.7119,5.7119,
DUC_A01,1895,Sterculia pruriens,Malvaceae,171263.8181,9673303.275,27.9,O,False,15.89,23.08,28.2,O,False,17.0,21.63,T03,21.32,23.08,measured,0.15,observed,-1.0,28.05,23.0,27.9,False,O,23.08,measured,27.75,23.004533979665112,0.4862,290.2674,290.2674,236.4036,286.3123,286.3123,233.1824,
DUC_A01,1896,Virola michelii,Myristicaceae,171266.0276,9673282.944,30.7,O,False,19.4,27.09,31.2,O,False,21.03,26.59,T03,22.65,27.09,measured,0.25,observed,-1.0,30.95,26.96,30.7,False,O,27.09,measured,30.45,26.959154388659805,0.4701,409.05,409.05,322.3896,400.6751,400.6751,315.789,
DUC_A01,1897,Protium heptaphyllum,Burseraceae,171265.0473,9673282.229,7.1,O,False,8.34,11.43,7.3,O,False,11.28,15.07,T03,8.43,11.43,measured,0.1,observed,-1.0,7.2,11.31,7.1,False,O,11.43,measured,7.0,11.309327082720868,0.6293,10.1104,10.1104,10.592,9.733,9.733,10.1966,
DUC_A01,1898,Licania sp.,Chrysobalanaceae,171265.7312,9673278.425,9.4,O,False,14.24,17.15,9.6,O,False,10.91,18.25,T03,10.31,17.15,measured,0.1,observed,-1.0,9.5,17.02,9.4,False,O,17.15,measured,9.3,17.01670436586428,0.8165,25.9805,25.9805,35.0945,25.2507,25.2507,34.1087,
DUC_A01,1899,Guatteria schomburgkiana,Annonaceae,171267.6397,9673265.732,10.2,O,False,14.03,17.06,10.8,O,False,15.75,20.45,T03,11.23,17.06,measured,0.3,observed,-1.0,10.5,16.71,10.2,False,O,17.06,measured,9.899999999999999,16.69518369943495,0.6,30.3152,30.3152,30.3152,28.002,28.002,28.002,
DUC_A01,1900,Miconia poeppigii,Melastomataceae,171269.5972,9673260.514,23.3,O,False,17.37,22.58,24.9,O,False,18.29,23.15,T03,19.75,22.58,measured,0.8,observed,-1.0,24.1,22.12,23.3,False,O,22.58,measured,22.5,22.08335089902149,0.5967,199.8821,199.8821,198.7983,182.6957,182.6957,181.705,
DUC_A01,1901,Abarema jupunba,Fabaceae,171271.1723,9673245.984,18.5,O,False,19.13,23.06,19.3,O,False,21.49,25.1,T03,16.77,23.06,measured,0.4,observed,-1.0,18.9,22.74,18.5,False,O,23.06,measured,18.1,22.72691009430692,0.5851,130.0561,130.0561,126.912,122.8663,122.8663,119.896,
DUC_A01,1902,Strychnos subcordata,Loganiaceae,171274.1432,9673230.457,13.6,O,False,14.31,18.78,13.9,O,False,12.97,18.22,T03,13.42,18.78,measured,0.15,observed,-1.0,13.75,18.64,13.6,False,O,18.78,measured,13.45,18.635122658818585,0.6959,58.3788,58.3788,67.4737,56.6984,56.6984,65.5315,
DUC_A01,1903,Virola mollissima,Myristicaceae,171275.3045,9673220.173,8.0,O,False,6.6,10.33,8.1,O,False,9.31,12.13,T03,9.1,10.33,measured,0.05,observed,-1.0,8.05,10.28,8.0,False,O,10.33,measured,7.95,10.282147732708259,0.4734,11.5626,11.5626,9.1752,11.3703,11.3703,9.0226,
DUC_A01,1904,Eperua bijuga,Fabaceae,171279.6357,9673200.56,12.0,O,False,11.75,17.8,12.8,O,False,14.24,16.9,T03,12.67,17.8,measured,0.4,observed,-1.0,12.4,17.41,12.0,False,O,17.8,measured,11.6,17.376169341859153,0.729,43.3943,43.3943,52.4782,39.6714,39.6714,47.976,
DUC_A01,1905,Virola michelii,Myristicaceae,171282.1925,9673184.963,19.7,O,False,21.02,26.05,20.0,O,False,20.06,25.48,T03,17.17,26.05,measured,0.15,observed,-1.0,19.85,25.91,19.7,False,O,26.05,measured,19.55,25.91950634066393,0.4701,165.6102,165.6102,130.5244,162.3599,162.3599,127.9627,
DUC_A01,1906,Clarisia racemosa,Moraceae,171284.3303,9673172.975,12.5,O,False,13.08,21.38,13.2,O,False,19.3,21.84,T03,12.95,21.38,measured,0.35,observed,-1.0,12.85,20.98,12.5,False,O,21.38,measured,12.15,20.955021467251147,0.5854,56.1974,56.1974,54.865,52.1352,52.1352,50.8991,
DUC_A01,1907,Licania sp.,Chrysobalanaceae,171283.7844,9673168.841,10.7,O,False,14.91,18.39,11.0,O,False,10.51,14.67,T03,11.38,18.39,measured,0.15,observed,-1.0,10.85,18.21,10.7,False,O,18.39,measured,10.549999999999999,18.204099059216457,0.8165,35.8137,35.8137,48.3772,34.4965,34.4965,46.5978,
DUC_A01,1908,Abarema cochleata,Fabaceae,171284.5067,9673165.45,7.1,O,False,5.21,10.26,7.3,O,False,8.35,10.65,T03,8.43,10.26,measured,0.1,observed,-1.0,7.2,10.15,7.1,False,O,10.26,measured,7.0,10.151679428584085,0.5668,9.0991,9.0991,8.6066,8.7594,8.7594,8.2853,
DUC_A01,1909,Hymenolobium petraeum,Fabaceae,171291.8506,9673166.36,106.7,O,False,17.35,40.21,107.5,O,False,21.48,27.54,T03,39.85,40.21,measured,0.4,observed,-1.0,107.1,40.16,106.7,False,O,40.21,measured,106.3,40.16418315787104,0.7125,6843.3333,6843.3333,8093.0105,6785.7902,6785.7902,8024.9593,
DUC_A01,1910,Strychnos subcordata,Loganiaceae,171285.2489,9673162.062,7.7,O,False,6.31,11.68,7.8,O,False,6.94,12.14,T03,8.85,11.68,measured,0.05,observed,-1.0,7.75,11.63,7.7,False,O,11.68,measured,7.65,11.623597549603014,0.6959,12.098,12.098,13.9828,11.8889,11.8889,13.741,
DUC_A01,1911,Parkia sp.,Fabaceae,171287.264,9673157.671,22.5,O,False,17.88,25.32,23.0,O,False,21.99,25.72,T03,18.79,25.32,measured,0.25,observed,-1.0,22.75,25.14,22.5,False,O,25.32,measured,22.25,25.139648764114877,0.4553,208.7861,208.7861,159.4946,202.8614,202.8614,154.9686,
DUC_A01,1912,Tapirira guianensis,Anacardiaceae,171288.927,9673150.917,33.9,O,False,27.54,32.33,35.1,O,False,27.7,33.52,T03,24.25,32.33,measured,0.6,observed,-1.0,34.5,32.01,33.9,False,O,32.33,measured,33.3,31.99926234393351,0.457,589.9099,589.9099,452.2601,564.0121,564.0121,432.4053,
DUC_A01,1913,Manilkara bidentata,Sapotaceae,171286.9129,9673146.027,46.8,O,False,21.57,30.73,46.9,O,False,22.07,31.44,T03,28.35,30.73,measured,0.05,observed,-1.0,46.85,30.72,46.8,False,O,30.73,measured,46.75,30.713218108589096,0.8729,1053.5173,1053.5173,1519.0203,1050.7609,1050.7609,1515.046,
DUC_A01,1914,Protium heptaphyllum,Burseraceae,171287.155,9673144.317,5.8,O,False,3.26,7.21,5.9,O,False,5.57,8.48,T03,7.18,7.21,measured,0.05,observed,-1.0,5.85,7.16,5.8,False,O,7.21,measured,5.75,7.162760847198383,0.6293,4.3453,4.3453,4.5523,4.2451,4.2451,4.4473,
DUC_A01,1915,Chrysophyllum sanguinolentum,Sapotaceae,171287.19,9673142.001,5.5,O,False,6.8,8.75,5.4,O,False,5.8,7.41,T03,6.71,8.75,measured,0.0,observed,-1.0,5.4,8.75,5.5,False,O,8.75,measured,5.5,8.75,0.6714,4.732,4.732,5.2809,4.732,4.732,5.2809,
DUC_A01,1916,Tovomita sp.,Clusiaceae,171288.7119,9673131.749,5.0,O,False,3.59,7.44,5.0,O,False,3.68,6.98,T03,6.33,7.44,measured,0.0,observed,-1.0,5.0,7.44,5.0,False,O,7.44,measured,5.0,7.44,0.6786,3.3536,3.3536,3.7815,3.3536,3.3536,3.7815,
DUC_A01,1917,Eperua bijuga,Fabaceae,171289.2622,9673125.437,10.3,O,False,3.04,7.26,10.2,O,False,8.23,10.27,T03,10.78,7.26,measured,0.0,observed,-1.0,10.2,7.26,10.3,False,O,7.26,measured,10.3,7.26,0.729,13.4213,13.4213,16.2308,13.4213,13.4213,16.2308,
DUC_A01,1918,Eschweilera coriacea,Lecythidaceae,171290.1994,9673119.172,12.3,O,False,16.53,21.39,12.7,O,False,16.44,18.62,T03,12.6,21.39,measured,0.2,observed,-1.0,12.5,21.15,12.3,False,O,21.39,measured,12.100000000000001,21.143205596849135,0.8521,54.4805,54.4805,76.7213,52.1704,52.1704,73.4682,
DUC_A01,1919,Hevea brasiliensis,Euphorbiaceae,171292.3133,9673119.434,25.2,O,False,17.7,22.15,25.7,O,False,23.0,27.06,T03,20.14,22.15,measured,0.25,observed,-1.0,25.45,22.02,25.2,False,O,22.15,measured,24.95,22.01273496719504,0.4666,228.6016,228.6016,178.8613,222.8395,222.8395,174.353,
DUC_A01,1920,Lecythis lurida,Lecythidaceae,171293.342,9673116.661,35.1,O,False,22.41,27.27,35.2,O,False,25.8,30.33,T03,24.28,27.27,measured,0.05,observed,-1.0,35.15,27.26,35.1,False,O,27.27,measured,35.050000000000004,27.247926023111795,0.8633,534.723,534.723,762.7171,532.8159,532.8159,759.9968,
DUC_A01,1921,Qualea paraensis,Vochysiaceae,171290.6426,9673116.327,16.3,O,False,14.05,19.9,16.8,O,False,17.73,20.64,T03,15.29,19.9,measured,0.25,observed,-1.0,16.55,19.69,16.3,False,O,19.9,measured,16.05,19.69200012913909,0.6893,87.9694,87.9694,100.7309,84.4841,84.4841,96.74,
DUC_A01,1924,Qualea paraensis,Vochysiaceae,171297.3206,9673091.052,44.0,O,False,21.87,35.83,44.6,O,False,22.01,29.55,T03,27.63,35.83,measured,0.3,observed,-1.0,44.3,35.7,44.0,False,O,35.83,measured,43.7,35.70163325418142,0.6893,1084.9887,1084.9887,1242.386,1066.8516,1066.8516,1221.6179,
DUC_A01,1925,,,171294.2864,9673089.516,9.1,O,False,7.95,11.61,9.1,O,False,9.77,12.42,T03,9.92,11.61,measured,0.0,observed,-1.0,9.1,11.61,9.1,False,O,11.61,measured,9.1,11.61,0.6681,16.6642,16.6642,18.5075,16.6642,16.6642,18.5075,
DUC_A01,1927,,,171303.0691,9673077.371,106.0,O,False,25.86,39.74,106.4,O,False,24.32,37.45,T03,39.73,39.74,measured,0.2,observed,-1.0,106.2,39.71,106.0,False,O,39.74,measured,105.8,39.71710664360989,0.6681,6678.8876,6678.8876,7417.6499,6650.5698,6650.5698,7386.1998,
DUC_A01,1928,,,171295.6307,9673075.561,31.8,O,False,2.44,20.45,31.9,O,True,0.0,24.71,T03,22.95,20.45,measured,0.05,observed,-1.0,31.85,20.42,31.8,False,O,20.45,measured,31.75,20.431164748579814,0.6681,332.993,332.993,369.8259,331.6733,331.6733,368.3602,
DUC_A01,1930,Sagotia racemosa,Euphorbiaceae,171296.935,9673069.43,9.6,O,False,6.39,10.27,10.0,O,False,17.52,10.74,T03,10.62,10.27,measured,0.2,observed,-1.0,9.8,10.12,9.6,False,O,10.27,measured,9.4,10.113714361362517,0.58,16.4114,16.4114,15.8773,15.5167,15.5167,15.0117,
DUC_A01,1931,,,171302.6242,9673070.33,102.0,O,True,,2.77,102.0,O,True,0.0,0.0,T03,39.21,2.77,measured,0.0,observed,-1.0,102.0,2.77,102.0,True,O,2.77,measured,102.0,2.77,0.6681,460.3716,482.179,482.179,460.3716,482.179,482.179,
DUC_A01,1933,Eschweilera parviflora,Lecythidaceae,171300.3629,9673050.328,31.9,O,False,21.73,24.7,32.1,O,False,21.41,35.78,T03,23.03,24.7,measured,0.1,observed,-1.0,32.0,24.66,31.9,False,O,24.7,measured,31.799999999999997,24.65466001160426,0.918,402.8398,402.8398,610.0861,399.6611,399.6611,605.2722,
DUC_A01,1934,Inga marginata,Fabaceae,171300.1527,9673048.393,21.7,O,False,16.24,21.81,22.3,O,False,20.9,30.49,T03,18.42,21.81,measured,0.3,observed,-1.0,22.0,21.62,21.7,False,O,21.81,measured,21.4,21.615076242002505,0.5518,168.1737,168.1737,154.9749,162.2374,162.2374,149.5045,
DUC_A01,1935,,,171303.0134,9673033.003,15.8,O,True,8.58,10.22,15.8,O,True,1.1,10.01,T03,14.66,10.22,measured,0.0,observed,-1.0,15.8,10.22,15.8,True,O,10.22,measured,15.8,10.22,0.6681,43.198,33.6593,33.6593,43.198,33.6593,33.6593,
DUC_A01,1936,Eriotheca globosa,Malvaceae,171306.6552,9673031.679,51.4,O,False,27.43,34.33,52.1,O,False,16.54,39.11,T03,29.88,34.33,measured,0.35,observed,-1.0,51.75,34.22,51.4,False,O,34.33,measured,51.05,34.21498704997022,0.41,1409.543,1409.543,972.0302,1386.3203,1386.3203,956.0156,
DUC_A01,1937,Pouteria hispida,Sapotaceae,171303.9531,9673027.449,17.2,O,False,16.74,20.22,17.2,O,False,15.24,18.61,T03,15.53,20.22,measured,0.0,observed,-1.0,17.2,20.22,17.2,False,O,20.22,measured,17.2,20.22,0.874,99.2327,99.2327,143.2498,99.2327,99.2327,143.2498,
DUC_A01,1938,Sacoglottis guianensis,Humiriaceae,171308.2897,9673021.798,45.3,O,False,25.28,32.87,45.7,O,False,27.1,36.56,T03,27.98,32.87,measured,0.2,observed,-1.0,45.5,32.79,45.3,False,O,32.87,measured,45.099999999999994,32.79470586717538,0.8359,1055.7495,1055.7495,1459.1037,1044.33,1044.33,1443.3213,
DUC_A01,1939,Euterpe oleracea,Arecaceae,171305.7847,9673010.629,7.3,P,False,7.99,10.72,7.9,P,False,8.17,10.6,T03,8.94,10.72,measured,0.3,observed,-1.0,7.6,10.41,7.3,False,P,10.72,measured,7.0,10.388986537096745,0.3877,10.0262,4.4591,4.4591,8.9592,3.9734,3.9734,
DUC_A01,1940,Mabea angularis,Euphorbiaceae,171306.5928,9673009.489,7.8,O,False,11.47,15.65,8.0,O,False,12.42,15.04,T03,9.02,15.65,measured,0.1,observed,-1.0,7.9,15.51,7.8,False,O,15.65,measured,7.7,15.500792175533167,0.6157,16.5073,16.5073,16.9294,15.9469,15.9469,16.3547,
DUC_A01,1941,Hymenolobium petraeum,Fabaceae,171312.7575,9673004.761,85.0,O,False,28.39,34.25,87.0,O,False,18.86,36.47,T03,37.16,34.25,measured,1.0,observed,-1.0,86.0,34.11,85.0,False,O,34.25,measured,84.0,34.1015388123642,0.7125,3754.1805,3754.1805,4439.7403,3652.9292,3652.9292,4319.9992,
DUC_A01,1943,Neea oppositifolia,Nyctaginaceae,171309.8862,9672992.9,53.0,O,False,21.14,31.08,51.4,O,False,17.92,38.06,T03,29.68,31.08,measured,0.0,observed,-1.0,51.4,31.08,53.0,False,O,31.08,measured,53.0,31.08,0.893,1358.0278,1358.0278,2001.9999,1358.0278,1358.0278,2001.9999,
DUC_A01,1944,Protium heptaphyllum,Burseraceae,171309.7917,9672989.083,15.7,O,False,10.78,18.65,17.3,O,False,12.19,17.17,T03,15.59,18.65,measured,0.8,observed,-1.0,16.5,18.06,15.7,False,O,18.65,measured,14.899999999999999,17.992908043597964,0.6293,76.7431,76.7431,80.3987,66.9113,66.9113,70.0985,
DUC_A01,1945,Eschweilera amazonica,Lecythidaceae,171310.9234,9672979.757,12.1,O,False,11.84,16.51,12.2,O,False,9.37,17.49,T03,12.25,16.51,measured,0.05,observed,-1.0,12.15,16.46,12.1,False,O,16.51,measured,12.049999999999999,16.46161412893622,0.9,40.9807,40.9807,60.8757,40.5345,40.5345,60.2129,
DUC_A01,1946,Pouteria gongrijpii,Sapotaceae,171313.0164,9672979.454,43.9,O,False,23.55,29.96,46.5,O,False,18.47,27.38,T03,28.23,29.96,measured,1.3,observed,-1.0,45.2,29.52,43.9,False,O,29.96,measured,42.6,29.48871529268158,0.7994,907.1022,907.1022,1200.2685,842.272,842.272,1114.4858,
DUC_A01,1948,,,171312.9351,9672969.349,35.6,O,True,,11.47,35.6,O,True,1.31,1.75,T03,24.44,11.47,measured,0.0,observed,-1.0,35.6,11.47,35.6,True,O,11.47,measured,35.6,11.47,0.6681,236.0614,187.7943,187.7943,236.0614,187.7943,187.7943,
DUC_A01,1949,Trichilia micrantha,Meliaceae,171314.1627,9672964.986,16.7,O,False,10.4,17.16,17.2,O,False,11.37,17.05,T03,15.53,17.16,measured,0.25,observed,-1.0,16.95,16.99,16.7,False,O,17.16,measured,16.45,16.98564002776679,0.6125,79.8164,79.8164,81.4389,76.732,76.732,78.2918,
DUC_A01,1950,Parkia sp.,Fabaceae,171315.2712,9672962.318,68.3,O,False,10.45,18.22,68.0,O,False,15.35,22.6,T03,33.74,18.22,measured,0.0,observed,-1.0,68.0,18.22,68.3,False,O,18.22,measured,68.3,18.22,0.4553,1322.9551,1322.9551,1010.6237,1322.9551,1322.9551,1010.6237,
DUC_A01,1951,Pouteria gongrijpii,Sapotaceae,171314.8666,9672956.532,19.8,O,False,9.96,17.53,19.8,O,False,10.01,18.5,T03,17.05,17.53,measured,0.0,observed,-1.0,19.8,17.53,19.8,False,O,17.53,measured,19.8,17.53,0.7994,113.6272,113.6272,150.3504,113.6272,113.6272,150.3504,
DUC_A01,1952,Strychnos subcordata,Loganiaceae,171316.2943,9672952.775,12.1,O,False,15.95,19.54,12.2,O,False,9.57,15.95,T03,12.25,19.54,measured,0.05,observed,-1.0,12.15,19.48,12.1,False,O,19.54,measured,12.049999999999999,19.48273410535516,0.6959,48.3059,48.3059,55.8315,47.78,47.78,55.2236,
DUC_A01,1953,Parkia sp.,Fabaceae,171320.0349,9672948.845,57.7,O,False,23.2,29.58,57.9,O,False,22.54,29.99,T03,31.42,29.58,measured,0.1,observed,-1.0,57.8,29.55,57.7,False,O,29.58,measured,57.6,29.55620201494621,0.4553,1527.4609,1527.4609,1166.8485,1521.1023,1521.1023,1161.9911,
DUC_A01,1954,Helicostylis sp.,Moraceae,171317.3872,9672941.529,43.0,O,False,19.99,25.54,43.5,O,False,15.45,28.68,T03,27.27,25.54,measured,0.25,observed,-1.0,43.25,25.47,43.0,False,O,25.54,measured,42.75,25.461308273342944,0.643,745.4847,745.4847,797.585,734.8312,734.8312,786.187,
DUC_A01,1955,Couma guianensis,Apocynaceae,171319.0501,9672933.811,21.2,O,False,14.5,18.27,21.3,O,False,13.54,20.22,T03,17.88,18.27,measured,0.05,observed,-1.0,21.25,18.25,21.2,False,O,18.27,measured,21.15,18.242100179752008,0.4667,135.1839,135.1839,105.7792,134.3617,134.3617,105.1358,
DUC_A01,1956,Virola mollissima,Myristicaceae,171321.9153,9672926.3,20.7,O,False,18.13,21.51,20.8,O,False,14.57,19.24,T03,17.61,21.51,measured,0.05,observed,-1.0,20.75,21.47,20.7,False,O,21.51,measured,20.65,21.476195494420296,0.4734,151.3184,151.3184,120.0754,150.3748,150.3748,119.3266,
DUC_A01,1957,Virola michelii,Myristicaceae,171321.4546,9672921.075,47.1,O,False,24.24,31.92,51.2,O,False,22.2,35.77,T03,29.63,31.92,measured,2.05,observed,-1.0,49.15,31.27,47.1,False,O,31.92,measured,45.050000000000004,31.197793807923333,0.4701,1107.0389,1107.0389,872.5041,992.5167,992.5167,782.2444,
DUC_A01,1958,Pouteria sp.,Sapotaceae,171323.384,9672905.97,24.0,O,False,20.63,27.04,24.3,O,False,23.97,33.48,T03,19.45,27.04,measured,0.15,observed,-1.0,24.15,26.94,24.0,False,O,27.04,measured,23.85,26.933347489906627,0.7187,252.5059,252.5059,301.1641,248.4742,248.4742,296.3555,
DUC_A01,1959,Pouteria gongrijpii,Sapotaceae,171326.5812,9672897.944,28.6,O,False,11.99,15.17,28.6,O,False,11.37,25.21,T03,21.5,15.17,measured,0.0,observed,-1.0,28.6,15.17,28.6,False,O,15.17,measured,28.6,15.17,0.7994,202.2689,202.2689,267.6402,202.2689,202.2689,267.6402,
DUC_A01,1960,Neea oppositifolia,Nyctaginaceae,171329.1083,9672889.803,67.2,O,False,21.01,29.92,68.2,O,False,16.38,29.79,T03,33.78,29.92,measured,0.5,observed,-1.0,67.7,29.83,67.2,False,O,29.92,measured,66.7,29.824600781707108,0.893,2079.8117,2079.8117,3066.0514,2043.3331,2043.3331,3012.2747,
DUC_A01,1961,Calophyllum brasiliense,Calophyllaceae,171327.4029,9672883.793,19.5,O,False,11.16,16.96,19.8,O,False,13.14,18.52,T03,17.05,16.96,measured,0.15,observed,-1.0,19.65,16.88,19.5,False,O,16.96,measured,19.35,16.87400144570791,0.5891,106.7893,106.7893,104.8897,104.6711,104.6711,102.8091,
DUC_A01,1962,,,171323.0894,9672883.622,49.9,O,True,,18.18,,O,False,,,T03,,18.18,measured,0.15,site_median,-1.0,,,49.9,True,O,18.18,measured,49.75,18.152802184470712,0.6681,715.3467,537.7846,537.7846,710.1168,533.902,533.902,
DUC_A01,1963,Neea oppositifolia,Nyctaginaceae,171323.1211,9672885.914,62.0,O,False,22.47,30.57,62.5,O,False,15.56,29.71,T03,32.53,30.57,measured,0.25,observed,-1.0,62.25,30.51,62.0,False,O,30.57,measured,61.75,30.51483062160702,0.893,1814.9205,1814.9205,2675.5497,1797.4911,1797.4911,2649.8552,
DUC_A01,1964,Pouteria gongrijpii,Sapotaceae,171324.9705,9672893.093,13.1,O,False,11.73,17.85,13.5,O,False,11.87,14.65,T03,13.15,17.85,measured,0.2,observed,-1.0,13.3,17.67,13.1,False,O,17.85,measured,12.9,17.65823950572788,0.7994,51.6384,51.6384,68.3275,49.5852,49.5852,65.6107,
DUC_A01,1965,Pouteria gongrijpii,Sapotaceae,171323.2652,9672900.232,23.5,O,False,18.31,21.68,24.4,O,False,16.06,28.65,T03,19.5,21.68,measured,0.45,observed,-1.0,23.95,21.42,23.5,False,O,21.68,measured,23.05,21.415749445736946,0.7994,195.3345,195.3345,258.4647,185.8618,185.8618,245.9304,
DUC_A01,1966,Sterculia pruriens,Malvaceae,171320.0948,9672900.259,44.0,O,False,19.6,25.65,45.4,O,False,16.09,29.11,T03,27.88,25.65,measured,0.7,observed,-1.0,44.7,25.45,44.0,False,O,25.65,measured,43.3,25.434722969871185,0.4862,782.978,782.978,637.6838,752.6305,752.6305,612.9677,
DUC_A01,1967,Sacoglottis guianensis,Humiriaceae,171323.4388,9672901.406,20.1,O,False,15.76,21.98,20.5,O,False,11.41,20.28,T03,17.45,21.98,measured,0.2,observed,-1.0,20.3,21.83,20.1,False,O,21.98,measured,19.900000000000002,21.83657951933541,0.8359,145.9212,145.9212,201.6711,142.189,142.189,196.513,
DUC_A01,1969,,,171320.5251,9672907.193,32.0,O,False,14.77,19.18,31.7,O,True,3.01,23.03,T03,22.86,19.18,measured,0.0,observed,-1.0,31.7,19.18,32.0,False,O,19.18,measured,32.0,19.18,0.6681,316.6458,316.6458,351.6705,316.6458,316.6458,351.6705,
DUC_A01,1970,Licania sp.,Chrysobalanaceae,171318.7662,9672909.749,34.9,O,False,19.58,29.45,34.5,O,False,13.76,24.33,T03,24.01,29.45,measured,0.0,observed,-1.0,34.5,29.45,34.9,False,O,29.45,measured,34.9,29.45,0.8165,570.0109,570.0109,769.9705,570.0109,570.0109,769.9705,
DUC_A01,1971,Pouteria gongrijpii,Sapotaceae,171317.0704,9672924.322,61.5,O,False,23.34,31.68,61.6,O,False,20.19,28.82,T03,32.32,31.68,measured,0.05,observed,-1.0,61.55,31.66,61.5,False,O,31.68,measured,61.45,31.668442273841674,0.7994,1849.7424,1849.7424,2447.5605,1846.1504,1846.1504,2442.8076,
DUC_A01,1972,,,171317.5349,9672928.404,17.1,O,False,7.79,13.67,17.3,O,True,2.98,13.32,T03,15.59,13.67,measured,0.1,observed,-1.0,17.2,13.62,17.1,False,O,13.67,measured,17.0,13.616075789901412,0.6681,66.9544,66.9544,74.3603,65.9374,65.9374,73.2308,
DUC_A01,1973,Neea oppositifolia,Nyctaginaceae,171313.3002,9672928.248,54.2,O,False,15.01,22.39,54.1,O,False,21.88,27.38,T03,30.43,22.39,measured,0.0,observed,-1.0,54.1,22.39,54.2,False,O,22.39,measured,54.2,22.39,0.893,1030.1017,1030.1017,1518.5724,1030.1017,1030.1017,1518.5724,
DUC_A01,1974,Diospyros guianensis,Ebenaceae,171317.4626,9672935.253,7.5,O,False,7.4,12.59,7.7,O,False,8.34,12.21,T03,8.77,12.59,measured,0.1,observed,-1.0,7.6,12.46,7.5,False,O,12.59,measured,7.4,12.464741328113325,0.73,12.3653,12.3653,14.9738,11.9286,11.9286,14.4449,
DUC_A01,1975,Strychnos subcordata,Loganiaceae,171317.3829,9672936.954,12.0,O,False,14.37,19.3,12.1,O,False,12.4,18.19,T03,12.18,19.3,measured,0.05,observed,-1.0,12.05,19.24,12.0,False,O,19.3,measured,11.95,19.242906524872605,0.6959,46.9598,46.9598,54.2757,46.4441,46.4441,53.6797,
DUC_A01,1976,Caraipa grandifolia,Calophyllaceae,171313.3129,9672949.404,23.9,O,False,17.25,24.07,23.9,O,False,13.71,21.96,T03,19.25,24.07,measured,0.0,observed,-1.0,23.9,24.07,23.9,False,O,24.07,measured,23.9,24.07,0.78,223.5703,223.5703,288.817,223.5703,223.5703,288.817,
DUC_A01,1977,Pouteria gongrijpii,Sapotaceae,171311.8003,9672952.002,50.7,O,False,26.12,42.52,51.5,O,False,18.96,24.46,T03,29.71,42.52,measured,0.4,observed,-1.0,51.1,42.36,50.7,False,O,42.52,measured,50.300000000000004,42.353839626356375,0.7994,1690.9986,1690.9986,2237.5123,1658.7035,1658.7035,2194.7797,
DUC_A01,1978,Neea oppositifolia,Nyctaginaceae,171313.5028,9672957.44,88.7,O,False,28.99,35.99,90.1,O,False,20.23,35.95,T03,37.62,35.99,measured,0.7,observed,-1.0,89.4,35.89,88.7,False,O,35.99,measured,88.0,35.888904087675385,0.893,4281.9449,4281.9449,6312.4286,4204.671,4204.671,6198.5116,
DUC_A01,1980,Brosimum rubescens,Moraceae,171309.5775,9672969.343,34.2,O,False,23.75,29.24,34.6,O,False,24.93,32.43,T03,24.05,29.24,measured,0.2,observed,-1.0,34.4,29.14,34.2,False,O,29.24,measured,34.0,29.141868295630804,0.8251,544.0935,544.0935,742.558,536.1379,536.1379,731.7005,
DUC_A01,1981,Trichilia micrantha,Meliaceae,171310.7799,9672969.55,16.6,O,False,14.03,17.21,16.9,O,False,16.84,22.27,T03,15.35,17.21,measured,0.15,observed,-1.0,16.75,17.11,16.6,False,O,17.21,measured,16.450000000000003,17.104496911191546,0.6125,79.1104,79.1104,80.7186,77.256,77.256,78.8265,
DUC_A01,1982,Pouteria sp.,Sapotaceae,171310.7722,9672971.835,25.0,O,False,21.82,25.94,26.1,O,False,21.98,25.92,T03,20.34,25.94,measured,0.55,observed,-1.0,25.55,25.6,25.0,False,O,25.94,measured,24.45,25.58151138702712,0.7187,262.5876,262.5876,313.1885,248.0373,248.0373,295.8343,
DUC_A01,1983,Licania guianensis,Chrysobalanaceae,171311.0828,9672974.748,15.0,O,False,16.3,20.56,15.8,O,False,16.73,20.05,T03,14.66,20.56,measured,0.4,observed,-1.0,15.4,20.21,15.0,False,O,20.56,measured,14.6,20.180507463627155,0.8165,77.2149,77.2149,104.3019,71.9269,71.9269,97.1588,
DUC_A01,1984,Pouteria gongrijpii,Sapotaceae,171310.2014,9672979.009,28.3,O,False,19.66,23.21,28.5,O,False,12.96,19.08,T03,21.46,23.21,measured,0.1,observed,-1.0,28.4,23.16,28.3,False,O,23.21,measured,28.2,23.160337132295513,0.7994,300.0867,300.0867,397.0717,297.3979,297.3979,393.5139,
DUC_A01,1985,Sacoglottis guianensis,Humiriaceae,171309.5594,9672978.907,41.4,O,False,21.96,28.86,41.5,O,False,14.86,20.94,T03,26.59,28.86,measured,0.05,observed,-1.0,41.45,28.85,41.4,False,O,28.86,measured,41.35,28.841297357842972,0.8359,779.9999,779.9999,1078.0027,777.67,777.67,1074.7825,
DUC_A01,1986,Couma guianensis,Apocynaceae,171309.3115,9672978.234,16.2,O,False,10.23,14.96,16.2,O,False,7.32,14.86,T03,14.91,14.96,measured,0.0,observed,-1.0,16.2,14.96,16.2,False,O,14.96,measured,16.2,14.96,0.4667,65.7911,65.7911,51.4804,65.7911,65.7911,51.4804,
DUC_A01,1988,Virola michelii,Myristicaceae,171305.1513,9672989.616,41.3,O,False,21.18,25.66,41.4,O,False,18.86,26.58,T03,26.56,25.66,measured,0.05,observed,-1.0,41.35,25.64,41.3,False,O,25.66,measured,41.25,25.643315775507883,0.4701,692.197,692.197,545.5497,690.1239,690.1239,543.9158,
DUC_A01,1989,Protium heptaphyllum,Burseraceae,171307.8238,9672993.841,9.6,O,False,9.5,16.35,10.8,O,False,8.88,12.99,T03,11.23,16.35,measured,0.6,observed,-1.0,10.2,15.69,9.6,False,O,16.35,measured,9.0,15.597597342957066,0.6293,25.8373,25.8373,27.0681,21.7554,21.7554,22.7917,
DUC_A01,1990,Euterpe oleracea,Arecaceae,171304.6983,9673010.457,12.5,P,False,17.93,22.37,12.7,P,False,17.31,20.55,T03,12.6,22.37,measured,0.1,observed,-1.0,12.6,22.25,12.5,False,P,22.37,measured,12.4,22.2434963768419,0.3877,58.7358,19.553,19.553,57.5029,19.1261,19.1261,
DUC_A01,1991,Pouteria gongrijpii,Sapotaceae,171303.1461,9673015.914,25.2,O,False,14.71,16.99,25.3,O,False,,11.22,T03,19.95,16.99,measured,0.05,observed,-1.0,25.25,16.96,25.2,False,O,16.99,measured,25.15,16.96899390518877,0.7994,176.4669,176.4669,233.4992,175.572,175.572,232.3151,
DUC_A01,1993,Oenocarpus bataua,Arecaceae,171303.0045,9673020.328,21.5,P,False,16.14,22.57,21.5,P,False,13.53,20.47,T03,17.99,22.57,measured,0.0,observed,-1.0,21.5,22.57,21.5,False,P,22.57,measured,21.5,22.57,0.6815,170.7762,86.7995,86.7995,170.7762,86.7995,86.7995,
DUC_A01,1994,Ficus broadwayi,Moraceae,171300.3377,9673019.906,48.8,O,False,22.18,34.04,49.0,O,False,24.57,35.31,T03,28.99,34.04,measured,0.1,observed,-1.0,48.9,34.0,48.8,False,O,34.04,measured,48.699999999999996,34.004959349746485,0.41,1263.2171,1263.2171,871.0405,1256.905,1256.905,866.6881,
DUC_A01,1995,Calophyllum brasiliense,Calophyllaceae,171300.1721,9673028.118,30.0,O,False,18.75,24.24,30.2,O,False,23.87,28.08,T03,22.22,24.24,measured,0.1,observed,-1.0,30.1,24.19,30.0,False,O,24.24,measured,29.9,24.191843778455112,0.5891,350.8369,350.8369,344.5959,347.8818,347.8818,341.6934,
DUC_A01,1996,Qualea paraensis,Vochysiaceae,171300.1951,9673036.993,20.8,O,False,13.78,18.53,21.2,O,False,13.57,22.7,T03,17.83,18.53,measured,0.2,observed,-1.0,21.0,18.42,20.8,False,O,18.53,measured,20.6,18.41395634112336,0.6893,132.0586,132.0586,151.2161,128.7992,128.7992,147.4838,
DUC_A01,1997,Qualea paraensis,Vochysiaceae,171297.3067,9673040.338,38.0,O,False,20.46,27.73,43.0,O,False,12.6,27.77,T03,27.1,27.73,measured,2.5,observed,-1.0,40.5,26.86,38.0,False,O,27.73,measured,35.5,26.69396849963072,0.6893,634.6252,634.6252,726.6892,535.409,535.409,613.0798,
DUC_A01,1998,Pouteria gongrijpii,Sapotaceae,171300.4683,9673041.472,17.7,O,False,16.83,20.33,18.4,O,False,12.2,22.05,T03,16.25,20.33,measured,0.35,observed,-1.0,18.05,20.07,17.7,False,O,20.33,measured,17.349999999999998,20.059473615596485,0.7994,105.4986,105.4986,139.5946,100.1468,100.1468,132.5133,
DUC_A01,1999,Qualea paraensis,Vochysiaceae,171294.6422,9673048.155,65.6,O,False,20.3,28.56,65.8,O,False,20.1,39.29,T03,33.27,28.56,measured,0.1,observed,-1.0,65.7,28.54,65.6,False,O,28.56,measured,65.5,28.54114544267643,0.6893,1896.1688,1896.1688,2171.2426,1889.3125,1889.3125,2163.3916,
DUC_A01,2000,,,171295.6279,9673073.659,5.5,L,False,,,5.7,L,False,0.0,0.0,T03,6.99,11.19,local_fit,0.1,observed,-1.0,5.6,11.05,5.5,False,L,6.99,feldpausch,5.4,6.892931417312424,0.6681,3.8007,3.8007,4.2211,3.6172,3.6172,4.0173,
DUC_A01,2001,Pouteria sp.,Sapotaceae,171291.4249,9673076.162,49.1,O,False,24.04,30.21,49.6,O,False,20.96,31.27,T03,29.16,30.21,measured,0.25,observed,-1.0,49.35,30.14,49.1,False,O,30.21,measured,48.85,30.132825852345118,0.7187,1137.8339,1137.8339,1357.0956,1123.7436,1123.7436,1340.2901,
DUC_A01,2002,Helicostylis sp.,Moraceae,171291.1038,9673083.321,31.4,O,False,14.09,17.02,32.7,O,False,11.31,24.41,T03,23.28,17.02,measured,0.65,observed,-1.0,32.05,16.82,31.4,False,O,17.02,measured,30.75,16.811446329892007,0.643,271.5713,271.5713,290.5509,257.5876,257.5876,275.5898,
DUC_A01,2004,Couma guianensis,Apocynaceae,171292.0642,9673093.301,18.7,O,False,17.0,21.34,19.5,O,False,16.08,21.0,T03,16.88,21.34,measured,0.4,observed,-1.0,19.1,21.05,18.7,False,O,21.34,measured,18.3,21.035658492187,0.4667,123.1372,123.1372,96.3528,116.4047,116.4047,91.0847,
DUC_A01,2006,Hevea brasiliensis,Euphorbiaceae,171291.4954,9673099.031,20.0,O,False,18.08,22.7,20.9,O,False,18.93,22.74,T03,17.67,22.7,measured,0.45,observed,-1.0,20.45,22.38,20.0,False,O,22.7,measured,19.55,22.36359785088293,0.4666,149.1257,149.1257,116.6782,140.5827,140.5827,109.994,
DUC_A01,2007,Qualea paraensis,Vochysiaceae,171285.2884,9673104.643,87.0,O,False,23.81,35.3,85.0,O,False,18.89,31.57,T03,36.85,35.3,measured,0.0,observed,-1.0,85.0,35.3,87.0,False,O,35.3,measured,87.0,35.3,0.6893,4046.042,4046.042,4632.994,4046.042,4046.042,4632.994,
DUC_A01,2009,Qualea paraensis,Vochysiaceae,171288.2473,9673126.471,13.6,O,False,14.45,17.01,14.3,O,False,12.82,14.7,T03,13.69,17.01,measured,0.35,observed,-1.0,13.95,16.72,13.6,False,O,17.01,measured,13.25,16.702810425293425,0.6893,53.0025,53.0025,60.6914,49.4844,49.4844,56.6631,
DUC_A01,2010,Parkia sp.,Fabaceae,171287.7817,9673130.474,24.4,O,False,9.0,14.93,24.4,O,False,11.77,18.7,T03,19.5,14.93,measured,0.0,observed,-1.0,24.4,14.93,24.4,False,O,14.93,measured,24.4,14.93,0.4553,146.0589,146.0589,111.5764,146.0589,146.0589,111.5764,
DUC_A01,2011,Parkia sp.,Fabaceae,171285.2056,9673137.115,34.9,O,False,14.42,27.12,35.4,O,False,15.82,27.01,T03,24.36,27.12,measured,0.25,observed,-1.0,35.15,27.02,34.9,False,O,27.12,measured,34.65,27.009166890234088,0.4553,525.9527,525.9527,401.7825,516.5547,516.5547,394.6033,
DUC_A01,2012,,,171284.1521,9673164.246,10.2,O,False,5.86,11.28,10.3,O,False,2.0,11.49,T03,10.85,11.28,measured,0.05,observed,-1.0,10.25,11.24,10.2,False,O,11.28,measured,10.149999999999999,11.239988530602622,0.6681,20.2443,20.2443,22.4835,19.9816,19.9816,22.1918,
DUC_A01,2013,Chrysophyllum sanguinolentum,Sapotaceae,171283.3464,9673169.367,6.9,O,False,4.6,12.01,7.0,O,False,7.11,14.35,T03,8.17,12.01,measured,0.05,observed,-1.0,6.95,11.94,6.9,False,O,12.01,measured,6.8500000000000005,11.944692454990212,0.6714,10.0352,10.0352,11.1992,9.8413,9.8413,10.9827,
DUC_A01,2014,Tabernaemontana cymosa,Apocynaceae,171283.1043,9673171.077,9.8,O,False,10.17,16.86,9.9,O,False,14.93,17.43,T03,10.55,16.86,measured,0.05,observed,-1.0,9.85,16.8,9.8,False,O,16.86,measured,9.75,16.797486686008856,0.47,27.717,27.717,21.8393,27.3424,27.3424,21.5441,
DUC_A01,2015,Protium heptaphyllum,Burseraceae,171282.2692,9673174.495,7.3,O,False,3.1,10.85,7.5,O,False,8.71,12.04,T03,8.6,10.85,measured,0.1,observed,-1.0,7.4,10.74,7.3,False,O,10.85,measured,7.2,10.738842940067967,0.6293,10.1449,10.1449,10.6281,9.7766,9.7766,10.2423,
DUC_A01,2016,Protium heptaphyllum,Burseraceae,171281.25,9673181.721,21.5,O,False,15.1,17.5,22.0,O,False,14.24,19.05,T03,18.26,17.5,measured,0.25,observed,-1.0,21.75,17.38,21.5,False,O,17.5,measured,21.25,17.36828150089944,0.6293,133.225,133.225,139.571,129.2611,129.2611,135.4184,
DUC_A01,2017,Protium heptaphyllum,Burseraceae,171279.9457,9673182.117,20.2,O,False,21.22,27.1,20.5,O,False,21.46,25.75,T03,17.45,27.1,measured,0.15,observed,-1.0,20.35,26.96,20.2,False,O,27.1,measured,20.05,26.968253012611697,0.6293,180.7526,180.7526,189.3626,177.2966,177.2966,185.7419,
DUC_A01,2018,Protium heptaphyllum,Burseraceae,171279.7109,9673188.242,11.7,O,False,12.51,16.23,13.1,O,False,14.5,16.83,T03,12.88,16.23,measured,0.7,observed,-1.0,12.4,15.61,11.7,False,O,16.23,measured,11.0,15.530385994112306,0.6293,37.7425,37.7425,39.5403,32.0518,32.0518,33.5786,
DUC_A01,2019,Protium paniculatum,Burseraceae,171279.7617,9673190.101,13.9,O,False,16.94,25.46,14.6,O,False,13.99,17.26,T03,13.89,25.46,measured,0.35,observed,-1.0,14.25,25.04,13.9,False,O,25.46,measured,13.55,25.01153790895704,0.49,81.9867,81.9867,67.282,76.664,76.664,62.914,
DUC_A01,2020,Licania guianensis,Chrysobalanaceae,171279.7676,9673193.184,7.3,O,False,5.09,7.85,7.5,O,False,7.14,8.24,T03,8.6,7.85,measured,0.1,observed,-1.0,7.4,7.77,7.3,False,O,7.85,measured,7.2,7.769577611016915,0.8165,7.3971,7.3971,9.992,7.1286,7.1286,9.6293,
DUC_A01,2021,Nectandra cuspidata,Lauraceae,171275.8307,9673212.863,39.7,O,False,17.37,24.44,40.8,O,False,18.35,25.83,T03,26.35,24.44,measured,0.55,observed,-1.0,40.25,24.26,39.7,False,O,24.44,measured,39.150000000000006,24.254549175409032,0.518,611.0638,611.0638,529.4156,590.2436,590.2436,511.3774,
DUC_A01,2022,Dimorphandra macrostachya,Fabaceae,171273.3547,9673214.911,45.5,O,False,22.2,29.39,48.9,O,False,22.96,32.19,T03,28.96,29.39,measured,1.7,observed,-1.0,47.2,28.87,45.5,False,O,29.39,measured,43.8,28.812814358903132,0.695,954.6886,954.6886,1101.9535,869.3082,869.3082,1003.4028,
DUC_A01,2023,Protium heptaphyllum,Burseraceae,171274.0396,9673220.575,14.6,O,False,13.71,18.71,14.8,O,False,17.23,20.18,T03,14.02,18.71,measured,0.1,observed,-1.0,14.7,18.62,14.6,False,O,18.71,measured,14.5,18.62135140388282,0.6293,66.8069,66.8069,69.9892,65.6118,65.6118,68.7371,
DUC_A01,2024,Licania sp.,Chrysobalanaceae,171272.6528,9673228.355,13.3,O,False,13.33,17.54,13.5,O,False,12.16,18.14,T03,13.15,17.54,measured,0.1,observed,-1.0,13.4,17.45,13.3,False,O,17.54,measured,13.200000000000001,17.44754717710062,0.8165,52.2868,52.2868,70.629,51.2571,51.2571,69.238,
DUC_A01,2025,Guatteria schomburgkiana,Annonaceae,171268.6478,9673241.241,37.3,O,False,27.67,33.66,38.0,O,False,21.69,33.55,T03,25.35,33.66,measured,0.35,observed,-1.0,37.65,33.49,37.3,False,O,33.66,measured,36.949999999999996,33.48354222704289,0.6,739.4345,739.4345,739.4345,722.2367,722.2367,722.2367,
DUC_A01,2026,Oenocarpus bacaba,Arecaceae,171269.8637,9673245.146,10.5,P,False,11.72,16.31,11.8,P,False,10.22,15.7,T03,11.96,16.31,measured,0.65,observed,-1.0,11.15,15.67,10.5,False,P,16.31,measured,9.85,15.57343215791278,0.65,30.7027,12.1091,12.1091,25.9069,10.1587,10.1587,
DUC_A01,2027,Virola crebrinervia,Myristicaceae,171269.4203,9673249.387,29.3,O,False,23.27,24.8,31.2,O,False,27.27,30.07,T03,22.65,24.8,measured,0.95,observed,-1.0,30.25,24.35,29.3,False,O,24.8,measured,28.35,24.312852000533887,0.4734,342.5872,342.5872,271.8524,315.0795,315.0795,250.0243,
DUC_A01,2028,Caryocar glabrum,Caryocaraceae,171268.6389,9673254.187,9.8,O,False,10.09,14.97,10.1,O,False,12.8,16.04,T03,10.7,14.97,measured,0.15,observed,-1.0,9.95,14.8,9.8,False,O,14.97,measured,9.65,14.803159471378605,0.6536,24.6803,24.6803,26.8288,23.6878,23.6878,25.7498,
DUC_A01,2029,Inga marginata,Fabaceae,171268.3517,9673256.604,13.3,O,False,9.37,19.9,13.9,O,False,16.41,19.43,T03,13.42,19.9,measured,0.3,observed,-1.0,13.6,19.6,13.3,False,O,19.9,measured,13.0,19.584281764686462,0.5518,59.1425,59.1425,54.5008,55.6904,55.6904,51.3196,
DUC_A01,2030,Protium heptaphyllum,Burseraceae,171268.6152,9673257.265,12.4,O,False,12.42,17.7,12.8,O,False,11.91,17.09,T03,12.67,17.7,measured,0.2,observed,-1.0,12.6,17.5,12.4,False,O,17.7,measured,12.200000000000001,17.497640079103267,0.6293,46.0089,46.0089,48.2005,44.0741,44.0741,46.1735,
DUC_A01,2031,Protium heptaphyllum,Burseraceae,171267.6844,9673260.191,9.2,O,False,7.75,15.19,9.6,O,False,7.62,15.78,T03,10.31,15.19,measured,0.2,observed,-1.0,9.4,14.97,9.2,False,O,15.19,measured,9.0,14.947727021786136,0.6293,22.1297,22.1297,23.1838,20.8702,20.8702,21.8644,
DUC_A01,2032,Sloanea guianensis,Elaeocarpaceae,171267.2832,9673263.822,9.8,O,False,8.48,13.67,9.9,O,False,10.72,13.42,T03,10.55,13.67,measured,0.05,observed,-1.0,9.85,13.62,9.8,False,O,13.67,measured,9.75,13.619314531301368,0.8212,22.5862,22.5862,30.6811,22.2809,22.2809,30.2663,
DUC_A01,2033,Sloanea guianensis,Elaeocarpaceae,171266.7736,9673267.435,11.3,O,False,7.96,16.4,11.4,O,False,8.63,14.0,T03,11.67,16.4,measured,0.05,observed,-1.0,11.35,16.36,11.3,False,O,16.4,measured,11.25,16.348100101703835,0.8212,35.6252,35.6252,48.3932,35.2091,35.2091,47.8279,
DUC_A01,2034,,,171266.3428,9673271.061,28.1,O,True,,3.55,28.1,O,True,1.6,3.89,T03,21.28,3.55,measured,0.0,observed,-1.0,28.1,3.55,28.1,True,O,3.55,measured,28.1,3.55,0.6681,47.3542,44.829,44.829,47.3542,44.829,44.829,
DUC_A01,2035,Myrcia splendens,Myrtaceae,171264.0472,9673277.04,16.0,O,False,11.24,15.6,16.0,O,False,11.64,13.89,T03,14.79,15.6,measured,0.0,observed,-1.0,16.0,15.6,16.0,False,O,15.6,measured,16.0,15.6,0.8,66.8948,66.8948,88.5794,66.8948,66.8948,88.5794,
DUC_A01,2036,Virola mollissima,Myristicaceae,171263.4645,9673281.42,13.5,O,False,13.26,18.55,14.0,O,False,12.86,17.84,T03,13.49,18.55,measured,0.25,observed,-1.0,13.75,18.32,13.5,False,O,18.55,measured,13.25,18.309085348994707,0.4734,56.8559,56.8559,45.1168,54.1239,54.1239,42.9488,
DUC_A01,2037,,,171261.2623,9673294.485,38.9,O,True,,12.55,38.9,O,True,0.94,11.76,T03,25.68,12.55,measured,0.0,observed,-1.0,38.9,12.55,38.9,True,O,12.55,measured,38.9,12.55,0.6681,306.421,241.3511,241.3511,306.421,241.3511,241.3511,
DUC_A01,2038,,,171262.5883,9673295.254,10.6,L,False,3.64,5.79,10.9,L,False,0.0,0.0,T03,11.3,5.79,measured,0.15,observed,-1.0,10.75,5.73,10.6,False,L,5.79,measured,10.45,5.730854400912042,0.6681,11.3824,11.3824,12.6414,10.9597,10.9597,12.1719,
DUC_A01,2039,Virola mollissima,Myristicaceae,171262.6871,9673295.27,8.7,O,False,8.79,12.36,9.8,O,False,13.32,12.44,T03,10.47,12.36,measured,0.55,observed,-1.0,9.25,11.85,8.7,False,O,12.36,measured,8.149999999999999,11.779246073198069,0.4734,16.226,16.226,12.8758,13.6286,13.6286,10.8147,
DUC_A01,2040,Lecythis idatimon,Lecythidaceae,171261.1686,9673297.824,13.8,O,False,9.82,14.37,13.9,O,False,9.24,15.83,T03,13.42,14.37,measured,0.05,observed,-1.0,13.85,14.34,13.8,False,O,14.37,measured,13.75,14.333717048538972,0.7986,46.2575,46.2575,61.1456,45.8178,45.8178,60.5643,
DUC_A01,2041,Pouteria gongrijpii,Sapotaceae,171260.6278,9673298.297,16.1,O,False,11.35,16.75,17.0,O,False,11.53,22.89,T03,15.41,16.75,measured,0.45,observed,-1.0,16.55,16.45,16.1,False,O,16.75,measured,15.650000000000002,16.429339380109642,0.7994,72.5811,72.5811,96.0385,67.3904,67.3904,89.1703,
DUC_A01,2042,Lecythis idatimon,Lecythidaceae,171259.8601,9673305.442,16.8,O,False,11.62,16.85,17.2,O,False,10.97,18.14,T03,15.53,16.85,measured,0.2,observed,-1.0,17.0,16.72,16.8,False,O,16.85,measured,16.6,16.714084113190594,0.7986,79.3279,79.3279,104.8597,76.8848,76.8848,101.6302,
DUC_A01,2043,Virola elongata,Myristicaceae,171260.1416,9673306.605,17.9,O,False,17.49,21.45,18.3,O,False,13.9,23.25,T03,16.19,21.45,measured,0.2,observed,-1.0,18.1,21.29,17.9,False,O,21.45,measured,17.7,21.28938678808376,0.5233,113.6326,113.6326,99.4386,110.3549,110.3549,96.5704,
DUC_A01,2044,Maquira coriacea,Moraceae,171259.8429,9673308.234,9.4,O,False,16.48,19.52,9.6,O,False,12.0,19.04,T03,10.31,19.52,measured,0.1,observed,-1.0,9.5,19.37,9.4,False,O,19.52,measured,9.3,19.368283919630944,0.5112,29.4791,29.4791,25.2129,28.651,28.651,24.5047,
DUC_A01,2045,Poeppigia procera,Fabaceae,171259.6084,9673310.992,13.8,O,False,14.71,18.79,14.3,O,False,15.06,20.58,T03,13.69,18.79,measured,0.25,observed,-1.0,14.05,18.56,13.8,False,O,18.79,measured,13.55,18.55201574710714,0.735,60.0976,60.0976,73.2619,57.2738,57.2738,69.8195,
DUC_A01,2046,Lacunaria jenmanii,Ochnaceae,171259.2677,9673314.291,14.0,O,False,11.86,16.18,14.3,O,False,8.11,18.94,T03,13.69,16.18,measured,0.15,observed,-1.0,14.15,16.06,14.0,False,O,16.18,measured,13.85,16.059245178260902,0.8043,53.4153,53.4153,71.1043,51.9228,51.9228,69.1176,
DUC_A01,2047,Protium heptaphyllum,Burseraceae,171258.2282,9673315.803,11.9,O,False,8.82,15.67,11.8,O,False,8.25,16.88,T03,11.96,15.67,measured,0.0,observed,-1.0,11.8,15.67,11.9,False,O,15.67,measured,11.9,15.67,0.6293,37.6978,37.6978,39.4935,37.6978,37.6978,39.4935,
DUC_A01,2048,Protium heptaphyllum,Burseraceae,171258.1221,9673318.581,10.0,O,False,15.61,18.38,10.7,O,False,14.98,21.23,T03,11.15,18.38,measured,0.35,observed,-1.0,10.35,17.95,10.0,False,O,18.38,measured,9.65,17.9107940871459,0.6293,31.3662,31.3662,32.8603,28.5298,28.5298,29.8887,
DUC_A01,2049,Licania sp.,Chrysobalanaceae,171257.0828,9673326.801,25.3,O,False,18.51,24.17,25.6,O,False,14.36,23.99,T03,20.09,24.17,measured,0.15,observed,-1.0,25.45,24.09,25.3,False,O,24.17,measured,25.150000000000002,24.080680008832708,0.8165,250.8592,250.8592,338.8604,247.0697,247.0697,333.7417,
DUC_A01,2050,Pouteria gongrijpii,Sapotaceae,171256.6927,9673330.093,8.6,O,False,9.82,11.24,8.8,O,False,9.16,12.09,T03,9.68,11.24,measured,0.1,observed,-1.0,8.7,11.15,8.6,False,O,11.24,measured,8.5,11.143669671862588,0.7994,14.4594,14.4594,19.1325,14.0148,14.0148,18.5442,
DUC_A01,2051,Protium heptaphyllum,Burseraceae,171256.0928,9673332.792,16.3,O,False,12.25,15.35,17.0,O,False,11.11,16.2,T03,15.41,15.35,measured,0.35,observed,-1.0,16.65,15.13,16.3,False,O,15.35,measured,15.950000000000001,15.125044894216906,0.6293,68.2799,68.2799,71.5323,64.511,64.511,67.5839,
DUC_A01,2052,Helicostylis sp.,Moraceae,171255.7199,9673333.292,22.3,O,False,11.15,13.11,22.9,O,False,9.54,13.82,T03,18.73,13.11,measured,0.3,observed,-1.0,22.6,13.01,22.3,False,O,13.11,measured,22.0,12.996645758539081,0.643,107.9275,107.9275,115.4703,104.2243,104.2243,111.5083,
DUC_A01,2053,Connarus fasciculatus,Connaraceae,171255.1668,9673333.205,19.0,O,False,11.33,18.62,19.3,O,False,11.84,22.61,T03,16.77,18.62,measured,0.15,observed,-1.0,19.15,18.52,19.0,False,O,18.62,measured,18.85,18.522621958111365,0.5,111.1957,111.1957,93.0694,108.9296,108.9296,91.1728,
DUC_A01,2054,Maquira coriacea,Moraceae,171253.7523,9673348.072,13.9,O,False,8.27,12.04,14.3,O,False,11.12,13.92,T03,13.69,12.04,measured,0.2,observed,-1.0,14.1,11.93,13.9,False,O,12.04,measured,13.700000000000001,11.91910690064521,0.5112,39.4745,39.4745,33.7618,37.9973,37.9973,32.4984,
DUC_A01,2055,Clarisia racemosa,Moraceae,171251.2686,9673359.975,22.6,O,False,15.91,21.57,23.7,O,False,16.38,25.21,T03,19.15,21.57,measured,0.55,observed,-1.0,23.15,21.24,22.6,False,O,21.57,measured,22.05,21.232509365417577,0.5854,180.1018,180.1018,175.8316,169.0237,169.0237,165.0162,
DUC_A01,2056,,,171251.4218,9673363.353,7.0,L,False,,,7.1,L,False,0.0,0.0,T03,8.25,12.48,local_fit,0.05,observed,-1.0,7.05,12.42,7.0,False,L,8.25,feldpausch,6.95,8.205829643780547,0.6681,7.154,7.154,7.9454,7.0178,7.0178,7.794,
DUC_A01,1432,Sextonia rubra,Lauraceae,172336.4561,9673004.475,68.8,O,False,19.83,38.27,70.4,O,False,20.98,27.03,T04,34.23,38.27,measured,0.8,observed,-1.0,69.6,38.09,68.8,False,O,38.27,measured,68.0,38.08147106248986,0.5523,2768.8739,2768.8739,2553.7562,2693.3617,2693.3617,2484.1106,
DUC_A01,1433,Minquartia guianensis,Olacaceae,172331.4565,9673012.169,28.7,O,False,13.31,18.38,28.8,O,False,13.81,17.57,T04,21.59,18.38,measured,0.05,observed,-1.0,28.75,18.36,28.7,False,O,18.38,measured,28.65,18.36069380346647,0.7867,245.6107,245.6107,319.9552,244.5252,244.5252,318.5411,
DUC_A01,1434,Swartzia corrugata,Fabaceae,172329.3028,9673016.068,9.7,O,False,9.88,16.05,9.3,O,False,14.76,16.95,T04,10.08,16.05,measured,0.0,observed,-1.0,9.3,16.05,9.7,False,O,16.05,measured,9.7,16.05,1.0565,25.893,25.893,44.9784,25.893,25.893,44.9784,
DUC_A01,1436,Chamaecrista xinguensis,Fabaceae,172328.6136,9673021.997,13.0,O,False,14.82,19.23,13.2,O,False,16.94,19.84,T04,12.95,19.23,measured,0.1,observed,-1.0,13.1,19.13,13.0,False,O,19.23,measured,12.9,19.12597779000787,0.9035,54.7069,54.7069,81.5741,53.6039,53.6039,79.9294,
DUC_A01,1437,Brosimum rubescens,Moraceae,172327.3906,9673028.448,66.6,O,True,,33.56,66.6,O,True,,4.95,T04,33.44,33.56,measured,0.0,observed,-1.0,66.6,33.56,66.6,True,O,33.56,measured,66.6,33.56,0.8251,2286.0441,1581.7225,1581.7225,2286.0441,1581.7225,1581.7225,
DUC_A01,1438,Eschweilera micrantha,Lecythidaceae,172326.8686,9673032.593,16.6,O,False,16.09,21.82,17.0,O,False,17.77,21.13,T04,15.41,21.82,measured,0.2,observed,-1.0,16.8,21.65,16.6,False,O,21.82,measured,16.400000000000002,21.64151625460735,0.86,99.7319,99.7319,141.7192,96.6221,96.6221,137.3003,
DUC_A01,1439,Pouteria gongrijpii,Sapotaceae,172328.5425,9673038.274,29.6,O,False,13.92,21.56,29.9,O,False,14.16,20.19,T04,22.09,21.56,measured,0.15,observed,-1.0,29.75,21.49,29.6,False,O,21.56,measured,29.450000000000003,21.494602863886534,0.7994,304.8339,304.8339,403.3532,300.9322,300.9322,398.1905,
DUC_A01,1440,Protium heptaphyllum,Burseraceae,172325.2312,9673040.792,12.9,O,False,13.82,19.1,13.6,O,False,16.25,19.52,T04,13.22,19.1,measured,0.35,observed,-1.0,13.25,18.75,12.9,False,O,19.1,measured,12.55,18.733667141862274,0.6293,53.5329,53.5329,56.0828,49.7844,49.7844,52.1558,
DUC_A01,1443,Ocotea canaliculata,Lauraceae,172325.3316,9673043.823,19.1,O,False,20.32,24.47,19.6,O,False,18.75,22.32,T04,16.94,24.47,measured,0.25,observed,-1.0,19.35,24.27,19.1,False,O,24.47,measured,18.85,24.25774501029079,0.4793,146.6711,146.6711,117.8071,141.7367,141.7367,113.8437,
DUC_A01,1444,Nectandra cuspidata,Lauraceae,172324.5813,9673046.123,5.8,O,False,8.01,11.43,6.0,O,False,7.49,8.8,T04,7.27,11.43,measured,0.1,observed,-1.0,5.9,11.29,5.8,False,O,11.43,measured,5.7,11.280023308760239,0.518,6.8128,6.8128,5.9025,6.501,6.501,5.6324,
DUC_A01,1445,,,172325.4437,9673050.476,16.9,O,False,16.09,19.04,17.3,O,False,16.6,20.01,T04,15.59,19.04,measured,0.2,observed,-1.0,17.1,18.89,16.9,False,O,19.04,measured,16.7,18.88748091617529,0.6681,90.4171,90.4171,100.4183,87.6494,87.6494,97.3445,
DUC_A01,1446,,,172325.889,9673051.146,25.4,O,True,,0.79,25.4,O,True,,4.74,T04,20.0,0.79,measured,0.0,observed,-1.0,25.4,0.79,25.4,True,O,0.79,measured,25.4,0.79,0.6681,8.9697,10.7148,10.7148,8.9697,10.7148,10.7148,
DUC_A01,1447,Eschweilera sp.,Lecythidaceae,172325.7418,9673053.537,49.7,O,False,22.4,27.76,51.7,O,False,27.66,32.27,T04,29.77,27.76,measured,1.0,observed,-1.0,50.7,27.49,49.7,False,O,27.76,measured,48.7,27.479255895688762,0.8314,1072.8173,1072.8173,1474.959,1020.9067,1020.9067,1403.59,
DUC_A01,1448,Caryocar glabrum,Caryocaraceae,172325.9752,9673065.637,71.4,O,False,23.3,31.65,72.1,O,False,25.96,33.7,T04,34.57,31.65,measured,0.35,observed,-1.0,71.75,31.59,71.4,False,O,31.65,measured,71.05000000000001,31.585995413841523,0.6536,2473.1152,2473.1152,2688.4053,2444.6713,2444.6713,2657.4854,
DUC_A01,1451,,,172321.3197,9673069.16,9.0,O,True,,4.14,9.0,O,True,,5.7,T04,9.84,4.14,measured,0.0,observed,-1.0,9.0,4.14,9.0,True,O,4.14,measured,9.0,4.14,0.6681,5.9612,5.215,5.215,5.9612,5.215,5.215,
DUC_A01,1453,Annona sp.,Annonaceae,172320.4516,9673073.252,9.0,O,False,9.28,13.19,9.3,O,False,7.55,11.69,T04,10.08,13.19,measured,0.15,observed,-1.0,9.15,13.03,9.0,False,O,13.19,measured,8.85,13.028520522852448,0.5112,18.4714,18.4714,15.7969,17.6617,17.6617,15.1044,
DUC_A01,1454,Sloanea guianensis,Elaeocarpaceae,172320.1477,9673078.636,12.8,O,False,7.07,13.41,12.9,O,False,10.72,12.56,T04,12.74,13.41,measured,0.05,observed,-1.0,12.85,13.38,12.8,False,O,13.41,measured,12.75,13.373117895920975,0.8212,37.334,37.334,50.7144,36.9504,36.9504,50.1934,
DUC_A01,1457,Diospyros guianensis,Ebenaceae,172317.7701,9673089.74,9.3,O,False,12.68,15.82,9.4,O,False,15.13,19.97,T04,10.16,15.82,measured,0.05,observed,-1.0,9.35,15.76,9.3,False,O,15.82,measured,9.25,15.757854026732302,0.73,23.5161,23.5161,28.4769,23.1807,23.1807,28.0707,
DUC_A01,1459,Inga marginata,Fabaceae,172315.5772,9673105.938,34.3,O,False,19.75,28.7,34.9,O,False,17.44,26.33,T04,24.17,28.7,measured,0.3,observed,-1.0,34.6,28.56,34.3,False,O,28.7,measured,34.0,28.555918314346897,0.5518,537.338,537.338,495.166,525.614,525.614,484.3622,
DUC_A01,1460,Duckeodendron cestroides,Solanaceae,172314.7579,9673107.019,5.3,O,False,4.45,6.31,5.5,O,False,0.0,0.0,T04,6.81,6.31,measured,0.1,observed,-1.0,5.4,6.22,5.3,False,O,6.31,measured,5.2,6.218847940055777,0.6343,3.1995,3.1995,3.378,3.0392,3.0392,3.2088,
DUC_A01,1461,Protium hebetatum,Burseraceae,172313.9695,9673110.583,40.5,O,False,19.27,28.48,40.9,O,False,23.02,27.98,T04,26.39,28.48,measured,0.2,observed,-1.0,40.7,28.4,40.5,False,O,28.48,measured,40.3,28.403800571100682,0.5773,737.6391,737.6391,710.3999,728.6376,728.6376,701.7308,
DUC_A01,1462,Talisia longifolia,Sapindaceae,172312.276,9673120.167,6.9,O,False,3.28,7.23,6.9,O,False,3.05,6.81,T04,8.08,7.23,measured,0.0,observed,-1.0,6.9,7.23,6.9,False,O,7.23,measured,6.9,7.23,0.8499,6.1152,6.1152,8.59,6.1152,6.1152,8.59,
DUC_A01,1463,Pouteria gongrijpii,Sapotaceae,172312.652,9673120.858,8.7,O,False,8.9,13.67,9.2,O,False,10.89,16.3,T04,10.0,13.67,measured,0.25,observed,-1.0,8.95,13.4,8.7,False,O,13.67,measured,8.45,13.379888392244274,0.7994,17.9024,17.9024,23.6883,16.5616,16.5616,21.9142,
DUC_A01,1465,Copaifera reticulata,Fabaceae,172311.5521,9673124.982,17.4,O,False,18.84,24.99,18.2,O,False,15.81,19.16,T04,16.13,24.99,measured,0.4,observed,-1.0,17.8,24.62,17.4,False,O,24.99,measured,17.0,24.601959735975793,0.6075,124.8052,124.8052,126.3276,117.4582,117.4582,118.891,
DUC_A01,1466,Croton matourensis,Euphorbiaceae,172311.6965,9673128.726,16.4,O,False,10.29,14.24,17.3,O,False,18.01,20.47,T04,15.59,14.24,measured,0.45,observed,-1.0,16.85,13.99,16.4,False,O,14.24,measured,15.95,13.973194731494187,0.3883,64.2187,64.2187,42.0,59.7115,59.7115,39.0523,
DUC_A01,1467,Pseudopiptadenia suaveolens,Fabaceae,172310.0214,9673135.836,46.3,O,False,25.03,32.2,47.8,O,False,25.25,29.25,T04,28.63,32.2,measured,0.75,observed,-1.0,47.05,31.94,46.3,False,O,32.2,measured,45.55,31.93034869061104,0.6797,1079.797,1079.797,1219.599,1037.3678,1037.3678,1171.6765,
DUC_A01,1468,Trichilia micrantha,Meliaceae,172308.3323,9673139.846,9.5,O,False,12.12,15.82,9.7,O,False,11.82,16.2,T04,10.39,15.82,measured,0.1,observed,-1.0,9.6,15.7,9.5,False,O,15.82,measured,9.4,15.698468325952796,0.6125,24.5134,24.5134,25.0117,23.8321,23.8321,24.3166,
DUC_A01,1469,Micrandra minor,Euphorbiaceae,172310.3074,9673142.704,24.7,O,False,17.01,23.42,25.3,O,False,20.76,24.35,T04,19.95,23.42,measured,0.3,observed,-1.0,25.0,23.24,24.7,False,O,23.42,measured,24.4,23.24135179150228,0.41,232.125,232.125,160.0749,224.9659,224.9659,155.138,
DUC_A01,1470,Ocotea glomerata,Lauraceae,172305.9611,9673157.97,38.1,O,False,23.77,30.38,40.5,O,False,25.69,30.79,T04,26.25,30.38,measured,1.2,observed,-1.0,39.3,29.88,38.1,False,O,30.38,measured,36.9,29.844558590905844,0.508,697.3197,697.3197,592.7605,643.8201,643.8201,547.2829,
DUC_A01,1471,Simaba cedron,Simaroubaceae,172305.0562,9673163.989,14.8,O,False,13.69,17.88,14.9,O,False,16.55,18.76,T04,14.08,17.88,measured,0.05,observed,-1.0,14.85,17.84,14.8,False,O,17.88,measured,14.75,17.838331873360026,0.4743,65.633,65.633,52.18,65.0526,65.0526,51.7186,
DUC_A01,1472,Ocotea canaliculata,Lauraceae,172302.235,9673171.497,7.4,O,False,5.34,11.24,8.0,O,False,7.67,11.18,T04,9.02,11.24,measured,0.3,observed,-1.0,7.7,10.93,7.4,False,O,11.24,measured,7.1000000000000005,10.898022800798813,0.4793,10.7832,10.7832,8.6612,9.6509,9.6509,7.7517,
DUC_A01,1473,Pouteria sp.,Sapotaceae,172301.6906,9673176.966,11.2,O,False,9.89,13.74,11.8,O,False,8.89,13.93,T04,11.96,13.74,measured,0.3,observed,-1.0,11.5,13.5,11.2,False,O,13.74,measured,10.899999999999999,13.475306681919903,0.7187,29.4584,29.4584,35.1351,27.4124,27.4124,32.6948,
DUC_A01,1474,Inga marginata,Fabaceae,172302.3413,9673182.047,31.3,O,False,19.96,24.61,31.8,O,False,22.72,28.72,T04,22.9,24.61,measured,0.25,observed,-1.0,31.55,24.5,31.3,False,O,24.61,measured,31.05,24.494060898121457,0.5518,386.8015,386.8015,356.4441,379.0428,379.0428,349.2944,
DUC_A01,1477,Simarouba amara,Simaroubaceae,172299.6352,9673188.958,12.3,O,False,11.04,14.82,12.5,O,False,10.28,15.69,T04,12.46,14.82,measured,0.1,observed,-1.0,12.4,14.74,12.3,False,O,14.82,measured,12.200000000000001,14.734651364911079,0.3833,38.0806,38.0806,24.5923,37.2679,37.2679,24.0674,
DUC_A01,1478,Protium heptaphyllum,Burseraceae,172300.8106,9673192.9,26.4,O,False,16.57,20.18,27.2,O,False,17.67,22.62,T04,20.86,20.18,measured,0.4,observed,-1.0,26.8,20.0,26.4,False,O,20.18,measured,26.0,19.990828366208984,0.6293,228.5781,228.5781,239.4662,219.8364,219.8364,230.308,
DUC_A01,1479,Pourouma villosa,Urticaceae,172298.8958,9673192.531,11.2,O,False,12.52,17.83,11.3,O,False,13.74,19.38,T04,11.6,17.83,measured,0.05,observed,-1.0,11.25,17.77,11.2,False,O,17.83,measured,11.149999999999999,17.773010797774823,0.34,37.989,37.989,21.8226,37.5412,37.5412,21.5653,
DUC_A01,1481,Dialium guianense,Fabaceae,172301.0251,9673199.9,51.2,O,False,17.53,22.79,51.6,O,False,23.78,31.0,T04,29.74,22.79,measured,0.2,observed,-1.0,51.4,22.74,51.2,False,O,22.79,measured,51.0,22.746184111733445,0.8964,937.8084,937.8084,1387.6279,928.9245,928.9245,1374.4829,
DUC_A01,1482,Simaba cedron,Simaroubaceae,172296.6598,9673209.011,9.5,O,False,9.93,11.69,9.3,O,False,10.87,13.3,T04,10.08,11.69,measured,0.0,observed,-1.0,9.3,11.69,9.5,False,O,11.69,measured,9.5,11.69,0.4743,18.2459,18.2459,14.5059,18.2459,18.2459,14.5059,
DUC_A01,1483,Brosimum rubescens,Moraceae,172297.4546,9673209.102,43.9,O,False,23.8,33.87,45.3,O,False,24.32,30.17,T04,27.85,33.87,measured,0.7,observed,-1.0,44.6,33.6,43.9,False,O,33.87,measured,43.199999999999996,33.584828324629065,0.8251,1022.4712,1022.4712,1395.4295,982.7446,982.7446,1341.2122,
DUC_A01,1484,Theobroma glaucum,Malvaceae,172295.197,9673217.387,12.5,O,False,11.9,15.37,12.4,O,False,15.53,20.13,T04,12.39,15.37,measured,0.0,observed,-1.0,12.4,15.37,12.5,False,O,15.37,measured,12.5,15.37,0.5297,40.7214,40.7214,36.0588,40.7214,40.7214,36.0588,
DUC_A01,1485,Eschweilera parviflora,Lecythidaceae,172294.9945,9673220.033,15.4,O,False,8.47,17.61,15.6,O,False,8.92,16.99,T04,14.54,17.61,measured,0.1,observed,-1.0,15.5,17.53,15.4,False,O,17.61,measured,15.3,17.53153742309002,0.918,69.8815,69.8815,105.833,68.6984,68.6984,104.0412,
DUC_A01,1486,Brosimum parinarioides,Moraceae,172294.6819,9673223.201,21.1,O,False,17.43,22.58,22.5,O,False,16.68,22.96,T04,18.53,22.58,measured,0.7,observed,-1.0,21.8,22.12,21.1,False,O,22.58,measured,20.400000000000002,22.090291982329976,0.6306,164.7004,164.7004,172.9003,150.9383,150.9383,158.453,
DUC_A01,1487,Zygia racemosa,Fabaceae,172296.7323,9673227.707,34.3,O,False,24.38,29.24,35.5,O,False,23.7,29.16,T04,24.4,29.24,measured,0.6,observed,-1.0,34.9,28.96,34.3,False,O,29.24,measured,33.699999999999996,28.945454693910786,0.748,547.2033,547.2033,678.58,523.4759,523.4759,649.1559,
DUC_A01,1488,Eschweilera amazonica,Lecythidaceae,172294.2585,9673234.365,18.0,O,False,8.77,15.7,18.3,O,False,9.78,16.84,T04,16.19,15.7,measured,0.15,observed,-1.0,18.15,15.61,18.0,False,O,15.7,measured,17.85,15.61247042837784,0.9,84.7131,84.7131,125.8391,82.8871,82.8871,123.1266,
DUC_A01,1489,Couratari stellata,Lecythidaceae,172295.3086,9673236.621,26.7,O,False,19.87,26.2,26.9,O,False,26.33,34.75,T04,20.72,26.2,measured,0.1,observed,-1.0,26.8,26.14,26.7,False,O,26.2,measured,26.599999999999998,26.13967877625658,0.6331,301.4899,301.4899,317.7333,298.6171,298.6171,314.7058,
DUC_A01,1491,Eschweilera parviflora,Lecythidaceae,172293.0411,9673237.964,16.1,O,False,7.15,19.08,16.3,O,False,7.44,14.67,T04,14.98,19.08,measured,0.1,observed,-1.0,16.2,18.99,16.1,False,O,19.08,measured,16.0,18.999255810769775,0.918,82.4194,82.4194,124.8211,81.0867,81.0867,122.8029,
DUC_A01,1492,Clarisia racemosa,Moraceae,172292.646,9673250.199,43.1,O,False,24.23,31.08,43.5,O,False,20.71,27.36,T04,27.27,31.08,measured,0.2,observed,-1.0,43.3,31.0,43.1,False,O,31.08,measured,42.9,31.00367593376858,0.5854,907.0303,907.0303,885.5248,896.6782,896.6782,875.4181,
DUC_A01,1494,Lecythis lurida,Lecythidaceae,172291.0021,9673260.156,38.0,O,False,17.05,32.42,38.4,O,False,22.23,29.93,T04,25.5,32.42,measured,0.2,observed,-1.0,38.2,32.32,38.0,False,O,32.42,measured,37.8,32.325427081320676,0.8633,739.1827,739.1827,1054.3538,729.5245,729.5245,1040.5777,
DUC_A01,1495,,,172290.4801,9673263.834,7.5,O,False,4.41,9.13,7.5,O,True,2.36,7.12,T04,8.6,9.13,measured,0.0,observed,-1.0,7.5,9.13,7.5,False,O,9.13,measured,7.5,9.13,0.6681,9.0365,9.0365,10.036,9.0365,9.0365,10.036,
DUC_A01,1496,Qualea paraensis,Vochysiaceae,172295.2841,9673267.588,59.4,O,False,26.57,39.38,60.6,O,False,23.1,34.75,T04,32.08,39.38,measured,0.6,observed,-1.0,60.0,39.21,59.4,False,O,39.38,measured,58.8,39.197272868576796,0.6893,2137.376,2137.376,2447.4413,2085.9454,2085.9454,2388.5498,
DUC_A01,1497,Maquira coriacea,Moraceae,172290.5152,9673267.041,28.1,O,False,22.34,27.18,29.2,O,False,18.29,29.71,T04,21.77,27.18,measured,0.55,observed,-1.0,28.65,26.88,28.1,False,O,27.18,measured,27.55,26.85554125457544,0.5112,345.2732,345.2732,295.3058,328.3335,328.3335,280.8175,
DUC_A01,1498,Vismia floribunda,Hypericaceae,172291.2672,9673269.263,22.4,O,False,16.53,18.34,22.9,O,False,16.75,27.87,T04,18.73,18.34,measured,0.25,observed,-1.0,22.65,18.21,22.4,False,O,18.34,measured,22.15,18.208656349307333,0.4909,151.0854,151.0854,124.2037,146.7782,146.7782,120.6628,
DUC_A01,1499,Sacoglottis guianensis,Humiriaceae,172288.7185,9673279.65,22.3,O,False,17.26,23.29,22.8,O,False,19.17,27.66,T04,18.68,23.29,measured,0.25,observed,-1.0,22.55,23.13,22.3,False,O,23.29,measured,22.05,23.122296369311023,0.8359,189.1077,189.1077,261.3572,183.6913,183.6913,253.8714,
DUC_A01,1500,Protium heptaphyllum,Burseraceae,172288.1721,9673279.588,10.1,O,False,9.29,12.92,10.5,O,False,6.1,12.86,T04,11.0,12.92,measured,0.2,observed,-1.0,10.3,12.74,10.1,False,O,12.92,measured,9.9,12.73413940379408,0.6293,22.6719,22.6719,23.7519,21.4976,21.4976,22.5217,
DUC_A01,1501,Inga heterophylla,Fabaceae,172288.2111,9673280.126,13.5,O,False,13.12,20.61,13.7,O,False,14.04,20.55,T04,13.29,20.61,measured,0.1,observed,-1.0,13.6,20.5,13.5,False,O,20.61,measured,13.4,20.503195309763615,0.56,63.0104,63.0104,58.9072,61.7884,61.7884,57.7648,
DUC_A01,1502,Eschweilera coriacea,Lecythidaceae,172288.5051,9673286.031,15.9,O,False,18.22,23.75,16.1,O,False,18.17,21.47,T04,14.85,23.75,measured,0.1,observed,-1.0,16.0,23.65,15.9,False,O,23.75,measured,15.8,23.64802373186278,0.8521,99.5945,99.5945,140.2524,97.9632,97.9632,137.9552,
DUC_A01,1503,Sterculia pruriens,Malvaceae,172288.8969,9673286.112,48.7,O,False,32.99,39.35,48.8,O,False,24.37,37.93,T04,28.93,39.35,measured,0.05,observed,-1.0,48.75,39.32,48.7,False,O,39.35,measured,48.650000000000006,39.32969664261864,0.4862,1449.3834,1449.3834,1180.4268,1445.7517,1445.7517,1177.469,
DUC_A01,1504,Vitex triflora,Lamiaceae,172288.9035,9673293.404,33.3,O,False,25.04,32.69,32.8,O,False,20.0,29.99,T04,23.32,32.69,measured,0.0,observed,-1.0,32.8,32.69,33.3,False,O,32.69,measured,33.3,32.69,0.5482,575.8917,575.8917,527.3379,575.8917,575.8917,527.3379,
DUC_A01,1505,Eschweilera parviflora,Lecythidaceae,172286.1798,9673295.272,23.9,O,False,17.45,25.86,24.0,O,False,17.79,23.51,T04,19.3,25.86,measured,0.05,observed,-1.0,23.95,25.82,23.9,False,O,25.86,measured,23.849999999999998,25.82586838554116,0.918,239.7832,239.7832,363.143,238.4974,238.4974,361.1956,
DUC_A01,1507,Alexa grandiflora,Fabaceae,172284.126,9673305.176,12.4,O,False,12.9,17.63,12.6,O,False,12.94,18.55,T04,12.53,17.63,measured,0.1,observed,-1.0,12.5,17.53,12.4,False,O,17.63,measured,12.3,17.52939244539304,0.66,45.8313,45.8313,50.2992,44.8613,44.8613,49.2347,
DUC_A01,1508,Annona sp.,Annonaceae,172282.8811,9673307.35,14.7,O,False,15.43,18.8,15.1,O,False,11.06,20.62,T04,14.21,18.8,measured,0.2,observed,-1.0,14.9,18.63,14.7,False,O,18.8,measured,14.5,18.62296471874539,0.5112,68.0209,68.0209,58.1719,65.6173,65.6173,56.1164,
DUC_A01,1509,Helicostylis sp.,Moraceae,172281.3649,9673319.795,21.1,O,False,17.51,23.8,21.3,O,False,17.65,26.06,T04,17.88,23.8,measured,0.1,observed,-1.0,21.2,23.73,21.1,False,O,23.8,measured,21.0,23.726847255872343,0.643,173.3801,173.3801,185.4972,171.2644,171.2644,183.2337,
DUC_A01,1510,,,172280.2017,9673325.63,52.1,O,True,,5.53,52.1,O,True,,5.14,T04,29.88,5.53,measured,0.0,observed,-1.0,52.1,5.53,52.1,True,O,5.53,measured,52.1,5.53,0.6681,243.5722,221.4543,221.4543,243.5722,221.4543,221.4543,
DUC_A01,1512,Duckeodendron cestroides,Solanaceae,172275.9313,9673342.368,6.5,O,False,5.94,7.94,6.6,O,False,5.76,8.19,T04,7.81,7.94,measured,0.05,observed,-1.0,6.55,7.9,6.5,False,O,7.94,measured,6.45,7.8939566628757225,0.6343,5.9634,5.9634,6.2962,5.8409,5.8409,6.1669,
DUC_A01,1513,Sterculia pruriens,Malvaceae,172275.8154,9673344.167,17.1,O,False,18.46,23.43,17.9,O,False,17.04,33.51,T04,15.95,23.43,measured,0.4,observed,-1.0,17.5,23.08,17.1,False,O,23.43,measured,16.700000000000003,23.058679357456533,0.4862,113.2835,113.2835,92.2619,106.4951,106.4951,86.7332,
DUC_A01,1514,Eschweilera ovata,Lecythidaceae,172275.2964,9673344.06,11.0,O,False,13.33,17.96,11.2,O,False,13.04,17.16,T04,11.53,17.96,measured,0.1,observed,-1.0,11.1,17.84,11.0,False,O,17.96,measured,10.9,17.84274911371966,0.9,36.937,36.937,54.869,36.0532,36.0532,53.5561,
DUC_A01,1515,Guarea guidonia,Meliaceae,172275.3095,9673347.708,11.9,O,False,15.78,20.15,12.2,O,False,11.68,19.27,T04,12.25,20.15,measured,0.15,observed,-1.0,12.05,19.97,11.9,False,O,20.15,measured,11.75,19.969169402292543,0.5651,48.1838,48.1838,45.4464,46.5936,46.5936,43.9465,
DUC_A01,1516,Protium heptaphyllum,Burseraceae,172274.6512,9673352.432,16.4,O,False,15.68,19.6,16.8,O,False,12.92,22.07,T04,15.29,19.6,measured,0.2,observed,-1.0,16.6,19.43,16.4,False,O,19.6,measured,16.2,19.4373934059956,0.6293,87.7158,87.7158,91.894,84.9463,84.9463,88.9927,
DUC_A01,1518,Ocotea canaliculata,Lauraceae,172271.6866,9673362.149,28.4,O,False,18.37,25.42,29.1,O,False,18.21,26.79,T04,21.73,25.42,measured,0.35,observed,-1.0,28.75,25.23,28.4,False,O,25.42,measured,28.049999999999997,25.229923082116663,0.4793,330.2094,330.2094,265.226,319.9599,319.9599,256.9936,
DUC_A01,1519,,,172270.7655,9673368.641,16.9,O,False,14.74,21.94,16.9,O,True,4.07,8.14,T04,15.35,21.94,measured,0.0,observed,-1.0,16.9,21.94,16.9,False,O,21.94,measured,16.9,21.94,0.6681,103.8347,103.8347,115.32,103.8347,103.8347,115.32,
DUC_A01,1520,Couratari sp.,Lecythidaceae,172274.7319,9673369.46,67.5,O,False,31.45,42.44,17.3,O,False,31.89,46.52,T04,15.59,42.44,measured,0.0,observed,-1.0,17.3,42.44,67.5,False,O,42.44,measured,67.5,42.44,0.5381,2951.0082,2951.0082,2653.3502,2951.0082,2951.0082,2653.3502,
DUC_A01,1521,Protium heptaphyllum,Burseraceae,172269.4831,9673372.63,16.2,O,False,14.23,18.33,15.1,O,False,7.31,17.82,T04,14.21,18.33,measured,0.0,observed,-1.0,15.1,18.33,16.2,False,O,18.33,measured,16.2,18.33,0.6293,80.2196,80.2196,84.0408,80.2196,80.2196,84.0408,
DUC_A01,1522,Brosimum rubescens,Moraceae,172268.3547,9673377.257,19.6,O,False,18.46,24.86,14.9,O,False,19.57,23.79,T04,14.08,24.86,measured,0.0,observed,-1.0,14.9,24.86,19.6,False,O,24.86,measured,19.6,24.86,0.8251,156.6584,156.6584,213.8014,156.6584,156.6584,213.8014,
DUC_A01,1523,Inga marginata,Fabaceae,172270.1812,9673386.623,64.8,O,False,25.9,39.29,65.7,O,False,24.79,37.65,T04,33.25,39.29,measured,0.45,observed,-1.0,65.25,39.17,64.8,False,O,39.29,measured,64.35,39.17064089249343,0.5518,2527.4022,2527.4022,2329.0439,2485.8624,2485.8624,2290.7643,
DUC_A01,1525,Pouteria sp.,Sapotaceae,172266.7653,9673399.127,37.5,O,False,24.09,29.94,37.8,O,False,24.78,34.19,T04,25.28,29.94,measured,0.15,observed,-1.0,37.65,29.87,37.5,False,O,29.94,measured,37.35,29.873354273846363,0.7187,666.4867,666.4867,794.9193,659.8559,659.8559,787.0108,
DUC_A01,1526,Maquira coriacea,Moraceae,172265.5698,9673399.597,6.3,O,False,3.81,8.54,6.4,O,False,5.02,7.95,T04,7.64,8.54,measured,0.05,observed,-1.0,6.35,8.48,6.3,False,O,8.54,measured,6.25,8.488787036310507,0.5112,6.0239,6.0239,5.1521,5.8962,5.8962,5.0429,
DUC_A01,1527,Xylopia sp.,Annonaceae,172266.7369,9673400.354,17.7,O,False,18.82,24.36,17.8,O,False,22.49,24.24,T04,15.89,24.36,measured,0.05,observed,-1.0,17.75,24.31,17.7,False,O,24.36,measured,17.65,24.313891291065,0.5959,125.864,125.864,125.0279,124.9397,124.9397,124.1097,
DUC_A01,1529,Xylopia sp.,Annonaceae,172264.0245,9673411.714,37.8,O,False,22.64,32.99,38.5,O,False,22.69,35.25,T04,25.53,32.99,measured,0.35,observed,-1.0,38.15,32.82,37.8,False,O,32.99,measured,37.449999999999996,32.82012063029268,0.5959,744.1591,744.1591,739.2159,727.0955,727.0955,722.2656,
DUC_A01,1530,Xylopia sp.,Annonaceae,172264.0245,9673411.714,11.3,O,False,13.93,17.94,11.5,O,False,12.97,15.74,T04,11.75,17.94,measured,0.1,observed,-1.0,11.4,17.82,11.3,False,O,17.94,measured,11.200000000000001,17.826351306076823,0.5959,38.8866,38.8866,38.6283,37.9814,37.9814,37.7291,
DUC_A01,1531,Minquartia guianensis,Olacaceae,172263.4683,9673415.953,5.1,O,False,4.01,8.43,5.2,O,False,1.55,6.24,T04,6.52,8.43,measured,0.05,observed,-1.0,5.15,8.37,5.1,False,O,8.43,measured,5.05,8.366661955119682,0.7867,3.9377,3.9377,5.1296,3.8344,3.8344,4.995,
DUC_A01,1532,Eschweilera ovata,Lecythidaceae,172263.8908,9673416.62,12.3,O,False,8.3,15.09,12.6,O,False,3.99,14.78,T04,12.53,15.09,measured,0.15,observed,-1.0,12.45,14.97,12.3,False,O,15.09,measured,12.15,14.959532713971852,0.9,38.7575,38.7575,57.5733,37.5209,37.5209,55.7364,
DUC_A01,1533,Alexa grandiflora,Fabaceae,172263.6297,9673418.434,8.2,O,False,9.46,14.31,8.5,O,False,20.07,28.3,T04,9.43,14.31,measured,0.15,observed,-1.0,8.35,14.13,8.2,False,O,14.31,measured,8.049999999999999,14.115995873418823,0.66,16.6774,16.6774,18.3033,15.8742,15.8742,17.4218,
DUC_A01,1534,Micrandra minor,Euphorbiaceae,172265.8924,9673427.322,80.6,O,False,23.64,34.04,81.1,O,False,24.38,35.89,T04,36.21,34.04,measured,0.25,observed,-1.0,80.85,34.0,80.6,False,O,34.04,measured,80.35,33.999829155669325,0.41,3363.9419,3363.9419,2319.7966,3339.7536,3339.7536,2303.1162,
DUC_A01,1535,Eschweilera parviflora,Lecythidaceae,172262.0292,9673429.928,6.2,O,False,3.0,9.58,6.2,O,True,10.9,13.83,T04,7.45,9.58,measured,0.0,observed,-1.0,6.2,9.58,6.2,False,O,9.58,measured,6.2,9.58,0.918,6.5316,6.5316,9.8919,6.5316,6.5316,9.8919,
DUC_A01,1536,Pouteria gongrijpii,Sapotaceae,172261.0272,9673439.651,13.5,O,False,15.47,19.37,14.0,O,False,15.09,20.04,T04,13.49,19.37,measured,0.25,observed,-1.0,13.75,19.13,13.5,False,O,19.37,measured,13.25,19.118435752562128,0.7994,59.3076,59.3076,78.4753,56.4578,56.4578,74.7043,
DUC_A01,1537,Virola michelii,Myristicaceae,172259.9746,9673443.829,7.2,O,False,4.79,10.13,7.3,O,False,7.17,13.39,T04,8.43,10.13,measured,0.05,observed,-1.0,7.25,10.07,7.2,False,O,10.13,measured,7.15,10.077390207519443,0.4701,9.2352,9.2352,7.2787,9.0643,9.0643,7.144,
DUC_A01,1539,Sloanea guianensis,Elaeocarpaceae,172260.3929,9673445.111,7.5,O,False,8.85,11.53,7.8,O,False,7.85,10.35,T04,8.85,11.53,measured,0.15,observed,-1.0,7.65,11.37,7.5,False,O,11.53,measured,7.35,11.357734860313723,0.8212,11.3482,11.3482,15.4153,10.7502,10.7502,14.6031,
DUC_A01,1540,Virola michelii,Myristicaceae,172259.6312,9673447.479,4.8,O,False,5.0,8.74,5.0,O,False,7.0,7.87,T04,6.33,8.74,measured,0.1,observed,-1.0,4.9,8.6,4.8,False,O,8.74,measured,4.7,8.59973706323498,0.4701,3.6238,3.6238,2.856,3.4234,3.4234,2.6981,
DUC_A01,1542,,,172258.3599,9673455.938,5.9,L,False,,,6.0,L,False,,,T04,7.27,11.55,local_fit,0.05,observed,-1.0,5.95,11.49,5.9,False,L,7.27,feldpausch,5.8500000000000005,7.22322995417765,0.6681,4.5292,4.5292,5.0302,4.4266,4.4266,4.9162,
DUC_A01,1543,Dipteryx odorata,Fabaceae,172262.5512,9673463.216,65.0,O,False,29.47,35.97,70.0,O,False,18.79,37.58,T04,34.15,35.97,measured,2.5,observed,-1.0,67.5,35.42,65.0,False,O,35.97,measured,62.5,35.354851995536514,0.9228,2332.7351,2332.7351,3550.6825,2124.7348,2124.7348,3234.0829,
DUC_A01,1544,Couma guianensis,Apocynaceae,172256.6925,9673469.886,8.8,O,False,6.79,11.03,8.9,O,False,7.99,12.83,T04,9.76,11.03,measured,0.05,observed,-1.0,8.85,10.98,8.8,False,O,11.03,measured,8.75,10.983958386368391,0.4667,14.8472,14.8472,11.6177,14.6232,14.6232,11.4424,
DUC_A01,1546,Protium heptaphyllum,Burseraceae,172256.0694,9673476.578,5.7,O,False,5.56,10.08,5.9,O,False,7.21,10.7,T04,7.18,10.08,measured,0.1,observed,-1.0,5.8,9.95,5.7,False,O,10.08,measured,5.6000000000000005,9.945256164380517,0.6293,5.8251,5.8251,6.1026,5.5539,5.5539,5.8184,
DUC_A01,1548,Eschweilera ovata,Lecythidaceae,172255.4695,9673477.12,9.8,O,False,11.92,17.12,10.0,O,False,12.84,18.02,T04,10.62,17.12,measured,0.1,observed,-1.0,9.9,17.01,9.8,False,O,17.12,measured,9.700000000000001,16.992922106445434,0.9,28.1341,28.1341,41.7925,27.3767,27.3767,40.6673,
DUC_A01,1549,Swartzia polyphylla,Fabaceae,172254.7094,9673476.412,30.9,O,False,20.95,26.18,31.2,O,False,21.86,27.0,T04,22.65,26.18,measured,0.15,observed,-1.0,31.05,26.1,30.9,False,O,26.18,measured,30.75,26.104846148055188,0.691,400.6803,400.6803,459.8889,395.7803,395.7803,454.2649,
DUC_A01,1550,Eschweilera coriacea,Lecythidaceae,172256.1965,9673465.518,16.1,O,False,11.22,18.71,16.5,O,False,11.15,18.63,T04,15.1,18.71,measured,0.2,observed,-1.0,16.3,18.56,16.1,False,O,18.71,measured,15.900000000000002,18.551405690318905,0.8521,80.8591,80.8591,113.8685,78.2571,78.2571,110.2043,
DUC_A01,1551,Micropholis acutangula,Sapotaceae,172253.1562,9673462.687,48.1,O,False,29.29,39.21,48.7,O,False,33.4,44.2,T04,28.9,39.21,measured,0.3,observed,-1.0,48.4,39.09,48.1,False,O,39.21,measured,47.800000000000004,39.08614160517699,0.6511,1409.8185,1409.8185,1526.9251,1388.4115,1388.4115,1503.74,
DUC_A01,1552,Eschweilera parviflora,Lecythidaceae,172256.3457,9673461.23,16.6,O,False,9.17,19.17,16.9,O,False,6.35,19.24,T04,15.35,19.17,measured,0.15,observed,-1.0,16.75,19.06,16.6,False,O,19.17,measured,16.450000000000003,19.052481451919927,0.918,87.8923,87.8923,133.1097,85.832,85.832,129.9894,
DUC_A01,1553,Myrcia splendens,Myrtaceae,172257.6978,9673454.011,22.2,O,False,20.15,25.34,22.5,O,False,18.06,28.87,T04,18.53,25.34,measured,0.15,observed,-1.0,22.35,25.23,22.2,False,O,25.34,measured,22.05,25.23006374338223,0.8,203.5434,203.5434,269.5238,200.0168,200.0168,264.8541,
DUC_A01,1554,Pradosia cochlearia,Sapotaceae,172258.292,9673452.853,5.2,O,False,5.06,8.85,5.5,O,False,5.29,9.44,T04,6.81,8.85,measured,0.15,observed,-1.0,5.35,8.66,5.2,False,O,8.85,measured,5.05,8.654025615993664,0.73,4.2886,4.2886,5.1933,3.9629,3.9629,4.7989,
DUC_A01,1555,Lecythis pisonis,Lecythidaceae,172258.4042,9673451.021,11.0,O,False,8.23,10.07,11.1,O,False,4.01,6.09,T04,11.45,10.07,measured,0.05,observed,-1.0,11.05,10.03,11.0,False,O,10.07,measured,10.95,10.037159165608438,0.857,20.9998,20.9998,29.7392,20.7477,20.7477,29.3821,
DUC_A01,1556,Pouteria gongrijpii,Sapotaceae,172259.8757,9673439.51,13.9,O,False,8.11,16.05,14.4,O,False,9.5,13.74,T04,13.76,16.05,measured,0.25,observed,-1.0,14.15,15.85,13.9,False,O,16.05,measured,13.65,15.848390511572491,0.7994,52.26,52.26,69.1499,49.8225,49.8225,65.9246,
DUC_A01,1558,Lecythis lurida,Lecythidaceae,172257.6753,9673433.09,59.3,O,False,28.02,34.64,59.2,O,False,23.49,35.54,T04,31.74,34.64,measured,0.0,observed,-1.0,59.2,34.64,59.3,False,O,34.64,measured,59.3,34.64,0.8633,1879.7127,1879.7127,2681.1806,1879.7127,1879.7127,2681.1806,
DUC_A01,1559,Brosimum rubescens,Moraceae,172257.4116,9673432.443,63.0,O,False,36.43,45.55,63.4,O,False,25.58,38.13,T04,32.73,45.55,measured,0.2,observed,-1.0,63.2,45.49,63.0,False,O,45.55,measured,62.8,45.4858755292288,0.8251,2763.4913,2763.4913,3771.5071,2742.6187,2742.6187,3743.021,
DUC_A01,1560,Mouriri collocarpa,Melastomataceae,172260.5048,9673429.128,16.1,O,False,17.82,21.08,16.5,O,False,6.77,8.7,T04,15.1,21.08,measured,0.2,observed,-1.0,16.3,20.91,16.1,False,O,21.08,measured,15.900000000000002,20.90131651266288,0.8333,90.8411,90.8411,125.1774,87.9179,87.9179,121.1493,
DUC_A01,1561,Protium heptaphyllum,Burseraceae,172261.4339,9673425.549,10.1,O,False,11.44,18.98,10.9,O,False,12.62,15.53,T04,11.3,18.98,measured,0.4,observed,-1.0,10.5,18.48,10.1,False,O,18.98,measured,9.7,18.431818599544748,0.6293,32.9999,32.9999,34.5719,29.637,29.637,31.0487,
DUC_A01,1562,Pouteria gongrijpii,Sapotaceae,172262.2063,9673414.569,27.7,O,False,17.03,23.76,28.3,O,False,18.98,25.3,T04,21.37,23.76,measured,0.3,observed,-1.0,28.0,23.6,27.7,False,O,23.76,measured,27.4,23.602926826551325,0.7994,294.4471,294.4471,389.6095,286.3944,286.3944,378.9541,
DUC_A01,1563,Xylopia sp.,Annonaceae,172263.693,9673407.982,11.2,O,False,10.33,15.99,11.3,O,False,11.58,16.99,T04,11.6,15.99,measured,0.05,observed,-1.0,11.25,15.93,11.2,False,O,15.99,measured,11.149999999999999,15.938891904454259,0.5959,34.1578,34.1578,33.9309,33.7552,33.7552,33.5309,
DUC_A01,1564,Protium heptaphyllum,Burseraceae,172264.33,9673404.983,7.1,O,False,10.99,14.34,7.1,O,False,13.94,17.48,T04,8.25,14.34,measured,0.0,observed,-1.0,7.1,14.34,7.1,False,O,14.34,measured,7.1,14.34,0.6293,12.6156,12.6156,13.2166,12.6156,12.6156,13.2166,
DUC_A01,1565,Pouteria sp.,Sapotaceae,172264.2691,9673403.745,34.3,O,False,21.97,34.72,34.7,O,False,23.62,30.31,T04,24.09,34.72,measured,0.2,observed,-1.0,34.5,34.6,34.3,False,O,34.72,measured,34.099999999999994,34.603923646090955,0.7187,647.0839,647.0839,771.7777,637.6518,637.6518,760.5279,
DUC_A01,1567,Protium heptaphyllum,Burseraceae,172263.3644,9673402.405,17.6,O,False,15.71,20.25,17.8,O,False,15.85,20.58,T04,15.89,20.25,measured,0.1,observed,-1.0,17.7,20.17,17.6,False,O,20.25,measured,17.5,20.172774095097314,0.6293,103.9375,103.9375,108.8884,102.4052,102.4052,107.2832,
DUC_A01,1569,Pouteria gongrijpii,Sapotaceae,172262.5041,9673396.147,28.7,O,False,24.4,32.15,29.1,O,False,23.84,33.88,T04,21.73,32.15,measured,0.2,observed,-1.0,28.9,32.02,28.7,False,O,32.15,measured,28.5,32.01468406461253,0.7994,423.8916,423.8916,560.8891,416.4268,416.4268,551.0118,
DUC_A01,1570,Protium heptaphyllum,Burseraceae,172265.2641,9673392.177,9.2,O,False,6.7,11.68,9.3,O,False,9.35,11.7,T04,10.08,11.68,measured,0.05,observed,-1.0,9.25,11.63,9.2,False,O,11.68,measured,9.149999999999999,11.633568096017656,0.6293,17.1237,17.1237,17.9394,16.8768,16.8768,17.6807,
DUC_A01,1571,Trichilia micrantha,Meliaceae,172265.955,9673388.569,10.1,O,False,5.71,12.61,10.3,O,False,4.92,11.17,T04,10.85,12.61,measured,0.1,observed,-1.0,10.2,12.53,10.1,False,O,12.61,measured,10.0,12.519472863574803,0.6125,22.1408,22.1408,22.5909,21.5628,21.5628,22.0011,
DUC_A01,1572,Protium heptaphyllum,Burseraceae,172266.0718,9673381.816,21.1,O,False,21.18,23.98,22.4,O,False,15.09,18.05,T04,18.47,23.98,measured,0.65,observed,-1.0,21.75,23.54,21.1,False,O,23.98,measured,20.450000000000003,23.497399437161604,0.6293,174.6598,174.6598,182.9795,161.0829,161.0829,168.7559,
DUC_A01,1574,Eschweilera ovata,Lecythidaceae,172269.5799,9673364.144,13.4,O,False,9.79,16.45,13.7,O,False,9.73,13.66,T04,13.29,16.45,measured,0.15,observed,-1.0,13.55,16.33,13.4,False,O,16.45,measured,13.25,16.320936706162033,0.9,49.8365,49.8365,74.0308,48.3799,48.3799,71.8671,
DUC_A01,1575,Eschweilera ovata,Lecythidaceae,172271.3121,9673355.996,30.0,O,False,17.63,22.52,30.1,O,False,14.46,25.45,T04,22.17,22.52,measured,0.05,observed,-1.0,30.05,22.5,30.0,False,O,22.52,measured,29.95,22.49764315806578,0.9,326.5187,326.5187,485.0351,325.142,325.142,482.99,
DUC_A01,1576,,,172272.9567,9673341.147,32.4,O,False,19.68,28.19,32.6,O,False,15.6,27.45,T04,23.24,28.19,measured,0.1,observed,-1.0,32.5,28.14,32.4,False,O,28.19,measured,32.3,28.139287421691435,0.6681,472.4299,472.4299,524.6861,468.7633,468.7633,520.6139,
DUC_A01,1578,Protium heptaphyllum,Burseraceae,172275.3823,9673338.002,8.1,O,False,4.33,12.51,8.6,O,False,8.73,13.28,T04,9.52,12.51,measured,0.25,observed,-1.0,8.35,12.23,8.1,False,O,12.51,measured,7.85,12.222893523549196,0.6293,14.2806,14.2806,14.9608,13.1319,13.1319,13.7574,
DUC_A01,1579,Euterpe oleracea,Arecaceae,172275.6271,9673338.052,7.1,P,False,7.93,10.29,7.1,P,False,9.18,11.44,T04,8.25,10.29,measured,0.0,observed,-1.0,7.1,10.29,7.1,False,P,10.29,measured,7.1,10.29,0.3877,9.125,4.1313,4.1313,9.125,4.1313,4.1313,
DUC_A01,1580,Xylopia amazonica,Annonaceae,172275.1162,9673336.124,11.8,O,False,15.59,20.05,12.6,O,False,16.34,19.52,T04,12.53,20.05,measured,0.4,observed,-1.0,12.2,19.6,11.8,False,O,20.05,measured,11.4,19.56345960941611,0.787,47.167,47.167,61.4658,43.0517,43.0517,56.1029,
DUC_A01,1581,Ormosia nobilis,Fabaceae,172272.7586,9673335.03,39.4,O,False,23.49,30.19,39.7,O,False,20.44,28.15,T04,25.97,30.19,measured,0.15,observed,-1.0,39.55,30.12,39.4,False,O,30.19,measured,39.25,30.12713525881448,0.58,739.9727,739.9727,715.8892,732.9909,732.9909,709.1346,
DUC_A01,1582,Xylopia sp.,Annonaceae,172275.8234,9673331.41,27.0,O,False,12.68,14.35,27.5,O,False,22.24,29.71,T04,21.0,14.35,measured,0.25,observed,-1.0,27.25,14.27,27.0,False,O,14.35,measured,26.75,14.268406516883925,0.5959,171.2262,171.2262,170.0888,167.2119,167.2119,166.1012,
DUC_A01,1583,,,172277.4154,9673330.523,14.0,O,False,19.42,21.93,14.0,O,True,0.0,0.0,T04,13.49,21.93,measured,0.0,observed,-1.0,14.0,21.93,14.0,False,O,21.93,measured,14.0,21.93,0.6681,71.8714,71.8714,79.8212,71.8714,71.8714,79.8212,
DUC_A01,1584,Simarouba amara,Simaroubaceae,172277.7049,9673329.368,35.6,O,False,20.04,27.95,36.0,O,False,12.26,16.77,T04,24.6,27.95,measured,0.2,observed,-1.0,35.8,27.86,35.6,False,O,27.95,measured,35.4,27.86103866391167,0.3833,563.0666,563.0666,363.6259,555.1782,555.1782,358.5317,
DUC_A01,1585,Pouteria gongrijpii,Sapotaceae,172278.6439,9673321.056,28.2,O,False,18.74,25.13,28.8,O,False,13.98,26.34,T04,21.59,25.13,measured,0.3,observed,-1.0,28.5,24.98,28.2,False,O,25.13,measured,27.9,24.967582725040444,0.7994,322.0585,322.0585,426.1446,313.4148,313.4148,414.7074,
DUC_A01,1587,Eschweilera coriacea,Lecythidaceae,172278.4947,9673314.95,23.7,O,False,16.57,22.12,23.9,O,False,13.4,22.4,T04,19.25,22.12,measured,0.1,observed,-1.0,23.8,22.06,23.7,False,O,22.12,measured,23.599999999999998,22.060966934989253,0.8521,202.5255,202.5255,285.2033,200.3376,200.3376,282.1223,
DUC_A01,1588,Endopleura uchi,Humiriaceae,172279.4849,9673312.724,39.8,O,False,27.33,33.15,40.8,O,False,25.1,35.66,T04,26.35,33.15,measured,0.5,observed,-1.0,40.3,32.94,39.8,False,O,33.15,measured,39.3,32.92222491393531,0.7944,826.8455,826.8455,1087.4325,801.2802,801.2802,1053.81,
DUC_A01,1589,Amaioua guianensis,Rubiaceae,172282.1607,9673308.416,9.0,O,False,0.77,1.49,9.4,O,False,5.76,11.35,T04,10.16,1.49,measured,0.2,observed,-1.0,9.2,1.47,9.0,False,O,1.49,measured,8.8,1.4656531854831485,0.625,2.1987,2.1987,2.2881,2.0708,2.0708,2.155,
DUC_A01,1590,Maquira coriacea,Moraceae,172283.0416,9673304.345,11.7,O,False,8.03,17.24,11.9,O,False,10.2,14.44,T04,12.03,17.24,measured,0.1,observed,-1.0,11.8,17.14,11.7,False,O,17.24,measured,11.6,17.134964057379918,0.5112,40.0332,40.0332,34.2396,39.1339,39.1339,33.4705,
DUC_A01,1591,Brosimum parinarioides,Moraceae,172283.5066,9673288.037,49.2,O,False,30.96,36.78,50.8,O,False,24.28,32.16,T04,29.51,36.78,measured,0.8,observed,-1.0,50.0,36.49,49.2,False,O,36.78,measured,48.400000000000006,36.478631025815346,0.6306,1384.2471,1384.2471,1453.1641,1329.929,1329.929,1396.1417,
DUC_A01,1592,,,172285.3472,9673284.164,128.2,O,False,28.78,35.53,128.5,O,False,26.39,38.7,T04,41.86,35.53,measured,0.15,observed,-1.0,128.35,35.52,128.2,False,O,35.53,measured,128.04999999999998,35.5195196157532,0.6681,8678.3875,8678.3875,9638.3176,8656.0849,8656.0849,9613.5481,
DUC_A01,1593,Mezilaurus itauba,Lauraceae,172286.4985,9673283.187,18.8,O,False,21.01,23.99,19.0,O,False,16.68,25.68,T04,16.6,23.99,measured,0.1,observed,-1.0,18.9,23.9,18.8,False,O,23.99,measured,18.7,23.90536112775056,0.7443,139.4846,139.4846,172.138,137.5647,137.5647,169.7686,
DUC_A01,1594,Sloanea guianensis,Elaeocarpaceae,172285.5202,9673278.75,47.6,O,False,21.39,30.07,47.6,O,False,18.14,30.31,T04,28.57,30.07,measured,0.0,observed,-1.0,47.6,30.07,47.6,False,O,30.07,measured,47.6,30.07,0.8212,1066.1239,1066.1239,1448.219,1066.1239,1066.1239,1448.219,
DUC_A01,1595,Chamaecrista xinguensis,Fabaceae,172287.7984,9673276.875,7.9,O,False,15.05,16.62,8.2,O,False,7.03,13.71,T04,9.19,16.62,measured,0.15,observed,-1.0,8.05,16.38,7.9,False,O,16.62,measured,7.75,16.38532972514081,0.9035,17.9459,17.9459,26.7593,17.0485,17.0485,25.4212,
DUC_A01,1596,Laetia procera,Salicaceae,172288.0995,9673274.774,16.2,O,False,14.13,24.97,17.0,O,False,15.17,21.08,T04,15.41,24.97,measured,0.4,observed,-1.0,16.6,24.56,16.2,False,O,24.97,measured,15.799999999999999,24.548461047708944,0.6481,108.4712,108.4712,116.9503,101.6022,101.6022,109.5444,
DUC_A01,1597,,,172287.2833,9673268.807,37.9,O,True,,25.78,37.9,O,True,,5.75,T04,25.31,25.78,measured,0.0,observed,-1.0,37.9,25.78,37.9,True,O,25.78,measured,37.9,25.78,0.6681,587.9989,412.8263,412.8263,587.9989,412.8263,412.8263,
DUC_A01,1598,Lecythis pisonis,Lecythidaceae,172284.5283,9673256.744,86.6,O,False,21.84,35.5,86.7,O,False,25.15,32.6,T04,37.11,35.5,measured,0.05,observed,-1.0,86.65,35.5,86.6,False,O,35.5,measured,86.55,35.49260908353933,0.857,4031.9811,4031.9811,5709.9479,4026.6198,4026.6198,5702.3555,
DUC_A01,1599,Protium heptaphyllum,Burseraceae,172290.0552,9673255.242,11.8,O,False,6.25,17.39,12.1,O,False,7.63,15.73,T04,12.18,17.39,measured,0.15,observed,-1.0,11.95,17.23,11.8,False,O,17.39,measured,11.65,17.23244960638673,0.6293,41.0494,41.0494,43.0047,39.6829,39.6829,41.5732,
DUC_A01,1600,Protium heptaphyllum,Burseraceae,172291.7801,9673244.227,14.2,O,False,16.61,19.92,14.5,O,False,11.56,17.14,T04,13.82,19.92,measured,0.15,observed,-1.0,14.35,19.78,14.2,False,O,19.92,measured,14.049999999999999,19.773727404483807,0.6293,67.2719,67.2719,70.4764,65.4195,65.4195,68.5357,
DUC_A01,1602,Micrandra minor,Euphorbiaceae,172290.8905,9673240.921,48.5,O,False,25.9,34.73,49.3,O,False,24.41,32.84,T04,29.08,34.73,measured,0.4,observed,-1.0,48.9,34.59,48.5,False,O,34.73,measured,48.1,34.58530979358568,0.41,1272.7891,1272.7891,877.7238,1247.2863,1247.2863,860.1369,
DUC_A01,1604,Ormosia grossa,Fabaceae,172293.2085,9673232.109,16.4,O,False,17.09,20.54,16.5,O,False,9.69,10.43,T04,15.1,20.54,measured,0.05,observed,-1.0,16.45,20.5,16.4,False,O,20.54,measured,16.349999999999998,20.49749349179529,0.5906,91.8193,91.8193,90.4128,91.0893,91.0893,89.694,
DUC_A01,1605,Theobroma glaucum,Malvaceae,172293.9307,9673227.387,10.3,O,False,12.19,16.68,10.5,O,False,7.92,16.45,T04,11.0,16.68,measured,0.1,observed,-1.0,10.4,16.57,10.3,False,O,16.68,measured,10.200000000000001,16.56283187662428,0.5297,30.2261,30.2261,26.7653,29.4526,29.4526,26.0803,
DUC_A01,1606,Tovomita sp.,Clusiaceae,172292.5115,9673219.215,27.7,O,False,15.8,18.31,28.3,O,False,11.53,21.28,T04,21.37,18.31,measured,0.3,observed,-1.0,28.0,18.19,27.7,False,O,18.31,measured,27.4,18.188955816252303,0.6786,228.3311,228.3311,257.47,222.0865,222.0865,250.4285,
DUC_A01,1607,,,172294.9739,9673213.623,6.9,O,True,,9.81,,O,False,,,T04,,9.81,measured,0.15,site_median,-1.0,,,6.9,True,O,9.81,measured,6.75,9.649582704781352,0.6681,8.2369,6.2079,6.2079,7.765,5.8613,5.8613,
DUC_A01,1608,Guarea guidonia,Meliaceae,172293.8932,9673211.898,25.0,O,False,11.33,16.6,25.5,O,False,9.06,19.57,T04,20.05,16.6,measured,0.25,observed,-1.0,25.25,16.49,25.0,False,O,16.6,measured,24.75,16.496107790162476,0.5651,169.8498,169.8498,160.2005,165.5327,165.5327,156.1286,
DUC_A01,1609,Poeppigia procera,Fabaceae,172295.6005,9673206.22,7.2,O,False,5.11,13.03,7.3,O,False,4.04,6.75,T04,8.43,13.03,measured,0.05,observed,-1.0,7.25,12.95,7.2,False,O,13.03,measured,7.15,12.96232916130092,0.735,11.8075,11.8075,14.394,11.589,11.589,14.1275,
DUC_A01,1610,,,172296.2631,9673201.49,8.2,O,True,,4.74,8.2,O,True,,0.0,T04,9.19,4.74,measured,0.0,observed,-1.0,8.2,4.74,8.2,True,O,4.74,measured,8.2,4.74,0.6681,5.6726,4.8359,4.8359,5.6726,4.8359,4.8359,
DUC_A01,1611,,,172296.617,9673197.259,25.0,O,True,,2.37,25.0,O,True,,2.07,T04,19.8,2.37,measured,0.0,observed,-1.0,25.0,2.37,25.0,True,O,2.37,measured,25.0,2.37,0.6681,25.4094,25.4967,25.4967,25.4094,25.4967,25.4967,
DUC_A01,1612,,,172300.1404,9673179.145,12.9,O,False,13.75,16.09,12.8,O,True,4.9,10.26,T04,12.67,16.09,measured,0.0,observed,-1.0,12.8,16.09,12.9,False,O,16.09,measured,12.9,16.09,0.6681,45.2825,45.2825,50.2913,45.2825,45.2825,50.2913,
DUC_A01,1614,Caryocar glabrum,Caryocaraceae,172305.2627,9673151.022,115.5,O,False,36.64,59.03,120.0,O,False,27.92,40.91,T04,41.12,59.03,measured,2.25,observed,-1.0,117.75,58.73,115.5,False,O,59.03,measured,113.25,58.701511539173495,0.6536,11619.5085,11619.5085,12631.0124,11121.0291,11121.0291,12089.1393,
DUC_A01,1615,Strychnos subcordata,Loganiaceae,172305.9558,9673148.059,6.3,O,False,5.45,10.22,6.5,O,False,8.43,12.16,T04,7.72,10.22,measured,0.1,observed,-1.0,6.4,10.11,6.3,False,O,10.22,measured,6.2,10.097269296337064,0.6959,7.1779,7.1779,8.2961,6.8756,6.8756,7.9468,
DUC_A01,1616,Protium heptaphyllum,Burseraceae,172306.0961,9673144.37,16.3,O,False,12.77,19.75,16.5,O,False,20.71,25.13,T04,15.1,19.75,measured,0.1,observed,-1.0,16.4,19.67,16.3,False,O,19.75,measured,16.2,19.66761162681166,0.6293,87.3221,87.3221,91.4816,85.9282,85.9282,90.0213,
DUC_A01,1617,Virola michelii,Myristicaceae,172308.9679,9673135.013,10.0,O,False,11.28,14.55,10.0,O,False,9.03,14.36,T04,10.62,14.55,measured,0.0,observed,-1.0,10.0,14.55,10.0,False,O,14.55,measured,10.0,14.55,0.4701,24.9698,24.9698,19.6797,24.9698,24.9698,19.6797,
DUC_A01,1618,Protium heptaphyllum,Burseraceae,172308.7561,9673133.734,24.5,O,False,20.65,28.2,25.0,O,False,21.01,25.63,T04,19.8,28.2,measured,0.25,observed,-1.0,24.75,28.03,24.5,False,O,28.2,measured,24.25,28.01904446266534,0.6293,273.8773,273.8773,286.9231,266.7672,266.7672,279.4744,
DUC_A01,1619,Inga alba,Fabaceae,172306.6113,9673130.224,52.0,O,False,27.87,37.6,53.6,O,False,27.21,36.75,T04,30.29,37.6,measured,0.8,observed,-1.0,52.8,37.33,52.0,False,O,37.6,measured,51.2,37.31571056207681,0.5861,1575.7327,1575.7327,1540.1229,1517.4765,1517.4765,1483.1831,
DUC_A01,1621,Inga marginata,Fabaceae,172312.6185,9673113.42,17.2,O,False,8.25,11.26,17.8,O,False,8.4,11.55,T04,15.89,11.26,measured,0.3,observed,-1.0,17.5,11.13,17.2,False,O,11.26,measured,16.9,11.127268972317053,0.5518,56.042,56.042,51.6437,53.5267,53.5267,49.3258,
DUC_A01,1622,Maquira coriacea,Moraceae,172312.8023,9673112.836,6.6,O,False,4.72,8.04,6.7,O,False,4.9,8.4,T04,7.9,8.04,measured,0.05,observed,-1.0,6.65,8.0,6.6,False,O,8.04,measured,6.55,7.994135961535397,0.5112,6.2193,6.2193,5.3192,6.0935,6.0935,5.2117,
DUC_A01,1623,Miconia poeppigii,Melastomataceae,172312.3156,9673111.503,18.5,O,False,12.45,15.76,18.9,O,False,19.21,23.62,T04,16.54,15.76,measured,0.2,observed,-1.0,18.7,15.65,18.5,False,O,15.76,measured,18.3,15.646497468286368,0.5967,89.7005,89.7005,89.2141,87.2,87.2,86.7271,
DUC_A01,1624,,,172310.8918,9673106.893,37.1,O,False,14.32,20.53,37.6,O,False,17.44,21.07,T04,25.2,20.53,measured,0.25,observed,-1.0,37.35,20.46,37.1,False,O,20.53,measured,36.85,20.452650214660718,0.6681,451.6169,451.6169,501.5709,444.0565,444.0565,493.1743,
DUC_A01,1625,Tabernaemontana cymosa,Apocynaceae,172314.1295,9673106.898,7.1,O,False,9.03,10.46,7.2,O,False,7.84,11.5,T04,8.34,10.46,measured,0.05,observed,-1.0,7.15,10.41,7.1,False,O,10.46,measured,7.05,10.40484878687679,0.47,9.2721,9.2721,7.3059,9.098,9.098,7.1687,
DUC_A01,1626,Brosimum rubescens,Moraceae,172311.742,9673103.96,48.3,O,False,20.89,26.91,48.6,O,False,23.16,28.11,T04,28.87,26.91,measured,0.15,observed,-1.0,48.45,26.86,48.3,False,O,26.91,measured,48.15,26.86781022912787,0.8251,984.2859,984.2859,1343.3157,976.8308,976.8308,1333.1413,
DUC_A01,1627,Parkia sp.,Fabaceae,172315.1536,9673103.379,13.5,O,False,10.59,21.1,13.7,O,False,13.13,16.0,T04,13.29,21.1,measured,0.1,observed,-1.0,13.6,20.99,13.5,False,O,21.1,measured,13.4,20.990656042504238,0.4553,64.4721,64.4721,49.2511,63.2218,63.2218,48.296,
DUC_A01,1628,Buchenavia congesta,Combretaceae,172315.5142,9673098.494,60.7,O,False,30.77,42.14,62.3,O,False,35.86,42.38,T04,32.48,42.14,measured,0.8,observed,-1.0,61.5,41.89,60.7,False,O,42.14,measured,59.900000000000006,41.887330233442405,0.7031,2382.0281,2382.0281,2780.9026,2307.5469,2307.5469,2693.9495,
DUC_A01,1629,Protium heptaphyllum,Burseraceae,172315.3123,9673097.216,23.8,O,False,19.28,22.5,24.3,O,False,29.01,34.49,T04,19.45,22.5,measured,0.25,observed,-1.0,24.05,22.36,23.8,False,O,22.5,measured,23.55,22.35037415047192,0.6293,207.6199,207.6199,217.5097,202.064,202.064,211.6891,
DUC_A01,1630,Mouriri collocarpa,Melastomataceae,172315.9131,9673093.683,32.1,O,False,19.73,26.63,32.9,O,False,23.27,27.59,T04,23.36,26.63,measured,0.4,observed,-1.0,32.5,26.45,32.1,False,O,26.63,measured,31.700000000000003,26.43539770077885,0.8333,438.8547,438.8547,604.7338,425.1887,425.1887,585.9024,
DUC_A01,1631,Tachigali paniculata,Fabaceae,172316.1679,9673088.896,28.0,O,False,18.47,25.09,30.6,O,False,22.25,25.53,T04,22.39,25.09,measured,1.3,observed,-1.0,29.3,24.45,28.0,False,O,25.09,measured,26.7,24.37251314637072,0.5545,317.1216,317.1216,293.6284,280.9476,280.9476,260.1343,
DUC_A01,1632,Xylopia sp.,Annonaceae,172316.4433,9673085.921,24.0,O,False,13.5,14.64,24.2,O,False,11.49,16.24,T04,19.4,14.64,measured,0.1,observed,-1.0,24.1,14.6,24.0,False,O,14.64,measured,23.9,14.60152817802731,0.5959,138.7398,138.7398,137.8182,137.2607,137.2607,136.3489,
DUC_A01,1633,Eschweilera coriacea,Lecythidaceae,172318.7935,9673079.638,42.1,O,False,13.63,26.28,42.5,O,False,27.08,30.98,T04,26.93,26.28,measured,0.2,observed,-1.0,42.3,26.22,42.1,False,O,26.28,measured,41.9,26.21333142560942,0.8521,735.5525,735.5525,1035.8302,726.9426,726.9426,1023.7055,
DUC_A01,1634,Poeppigia procera,Fabaceae,172319.0207,9673079.069,14.0,O,False,13.57,17.12,14.2,O,False,16.14,19.31,T04,13.62,17.12,measured,0.1,observed,-1.0,14.1,17.04,14.0,False,O,17.12,measured,13.9,17.034888177457166,0.735,56.442,56.442,68.8055,55.3876,55.3876,67.5202,
DUC_A01,1635,Pouteria gongrijpii,Sapotaceae,172319.4744,9673076.725,24.7,O,False,20.55,26.31,24.8,O,False,26.53,29.45,T04,19.7,26.31,measured,0.05,observed,-1.0,24.75,26.28,24.7,False,O,26.31,measured,24.65,26.27665433607927,0.7994,260.0418,260.0418,344.0846,258.6948,258.6948,342.3024,
DUC_A01,1636,Maquira coriacea,Moraceae,172318.505,9673075.976,38.0,O,False,21.99,28.36,38.6,O,False,25.44,31.33,T04,25.57,28.36,measured,0.3,observed,-1.0,38.3,28.24,38.0,False,O,28.36,measured,37.7,28.23577605483156,0.5112,648.6935,648.6935,554.8155,636.0036,636.0036,543.962,
DUC_A01,1637,Inga marginata,Fabaceae,172317.7127,9673073.443,32.1,O,False,25.11,31.13,32.8,O,False,22.79,26.7,T04,23.32,31.13,measured,0.35,observed,-1.0,32.45,30.94,32.1,False,O,31.13,measured,31.75,30.93106014120273,0.5518,511.0946,511.0946,470.9824,497.1527,497.1527,458.1346,
DUC_A01,1638,Endopleura uchi,Humiriaceae,172319.4429,9673073.1,17.8,O,False,19.99,23.25,18.2,O,False,22.27,26.81,T04,16.13,23.25,measured,0.2,observed,-1.0,18.0,23.08,17.8,False,O,23.25,measured,17.6,23.07475642747786,0.7944,121.5932,121.5932,159.9143,118.0656,118.0656,155.2749,
DUC_A01,1639,Eschweilera coriacea,Lecythidaceae,172320.9925,9673067.301,6.8,O,False,5.23,11.5,7.2,O,False,7.11,10.95,T04,8.34,11.5,measured,0.2,observed,-1.0,7.0,11.27,6.8,False,O,11.5,measured,6.6,11.244969506615323,0.8521,9.3489,9.3489,13.1654,8.6287,8.6287,12.1512,
DUC_A01,1640,Duguetia surinamensis,Annonaceae,172321.6488,9673054.731,16.4,O,False,16.48,20.06,16.5,O,False,16.57,19.11,T04,15.1,20.06,measured,0.05,observed,-1.0,16.45,20.02,16.4,False,O,20.06,measured,16.349999999999998,20.018486827916917,0.8,89.7245,89.7245,118.8095,89.0111,89.0111,117.8649,
DUC_A01,1641,Protium heptaphyllum,Burseraceae,172322.9026,9673050.697,10.1,O,False,15.46,13.61,11.4,O,False,14.15,17.27,T04,11.67,13.61,measured,0.65,observed,-1.0,10.75,13.05,10.1,False,O,13.61,measured,9.45,12.968122069902895,0.6293,23.8529,23.8529,24.9891,19.9835,19.9835,20.9354,
DUC_A01,1642,Neea oppositifolia,Nyctaginaceae,172323.7806,9673046.606,15.0,O,False,13.65,18.27,15.3,O,False,13.99,16.99,T04,14.34,18.27,measured,0.15,observed,-1.0,15.15,18.16,15.0,False,O,18.27,measured,14.85,18.1440322446307,0.893,68.8094,68.8094,101.4386,67.0185,67.0185,98.7985,
DUC_A01,1643,Helicostylis sp.,Moraceae,172323.7404,9673045.394,23.0,O,False,21.66,25.62,23.5,O,False,21.66,25.59,T04,19.05,25.62,measured,0.25,observed,-1.0,23.25,25.45,23.0,False,O,25.62,measured,22.75,25.442338391427597,0.643,220.4584,220.4584,235.8658,214.3443,214.3443,229.3244,
DUC_A01,1644,Zygia racemosa,Fabaceae,172322.6062,9673031.348,40.1,O,False,32.46,38.02,40.9,O,False,26.71,30.93,T04,26.39,38.02,measured,0.4,observed,-1.0,40.5,37.82,40.1,False,O,38.02,measured,39.7,37.813352034964915,0.748,959.1584,959.1584,1189.4403,935.5811,935.5811,1160.2025,
DUC_A01,1645,Pouteria hispida,Sapotaceae,172326.5102,9673027.713,28.4,O,False,19.44,24.8,28.8,O,False,20.82,25.69,T04,21.59,24.8,measured,0.2,observed,-1.0,28.6,24.7,28.4,False,O,24.8,measured,28.2,24.694219403101883,0.874,322.3465,322.3465,465.3315,316.6066,316.6066,457.0456,
DUC_A01,1646,Lecythis lurida,Lecythidaceae,172324.9376,9673026.873,25.4,O,False,23.47,27.31,26.0,O,False,23.16,27.19,T04,20.29,27.31,measured,0.3,observed,-1.0,25.7,27.11,25.4,False,O,27.31,measured,25.099999999999998,27.108769293099805,0.8633,284.804,284.804,406.2381,276.2733,276.2733,394.0702,
DUC_A01,1647,Micrandra minor,Euphorbiaceae,172328.1956,9673016.504,57.9,O,False,20.88,25.76,58.8,O,False,25.47,31.35,T04,31.64,25.76,measured,0.45,observed,-1.0,58.35,25.67,57.9,False,O,25.76,measured,57.449999999999996,25.666930185120478,0.41,1343.6693,1343.6693,926.6033,1318.6933,1318.6933,909.3796,
DUC_A01,1649,Trichilia micrantha,Meliaceae,172329.4365,9673006.436,19.9,O,False,18.8,23.66,20.0,O,False,13.9,21.97,T04,17.17,23.66,measured,0.05,observed,-1.0,19.95,23.62,19.9,False,O,23.66,measured,19.849999999999998,23.621019398382526,0.6125,153.766,153.766,156.8918,152.7667,152.7667,155.8722,
DUC_A01,1650,Chamaecrista xinguensis,Fabaceae,172329.1497,9673006.393,16.8,O,False,18.57,21.2,17.0,O,False,20.6,24.2,T04,15.41,21.2,measured,0.1,observed,-1.0,16.9,21.12,16.8,False,O,21.2,measured,16.7,21.114623475420757,0.9035,99.2586,99.2586,148.0057,97.723,97.723,145.7159,
DUC_A01,1651,Ormosia grossa,Fabaceae,172330.3061,9673005.36,9.7,O,False,13.71,16.72,10.0,O,False,13.82,17.98,T04,10.62,16.72,measured,0.15,observed,-1.0,9.85,16.55,9.7,False,O,16.72,measured,9.549999999999999,16.531529459627194,0.5906,26.9475,26.9475,26.5347,25.8524,25.8524,25.4564,
DUC_A01,1652,Bowdichia nitida,Fabaceae,172330.126,9673001.11,8.5,O,False,12.74,15.4,9.0,O,False,11.11,15.33,T04,9.84,15.4,measured,0.25,observed,-1.0,8.75,15.09,8.5,False,O,15.4,measured,8.25,15.06472762464331,0.8033,19.2179,19.2179,25.5511,17.7447,17.7447,23.5924,
DUC_A01,1653,Casearia javitensis,Salicaceae,172272.2915,9673356.198,22.6,O,False,19.87,24.44,23.5,O,False,21.33,29.42,T04,19.05,24.44,measured,0.45,observed,-1.0,23.05,24.13,22.6,False,O,24.44,measured,22.150000000000002,24.1275345686039,0.753,203.4544,203.4544,253.9472,193.1803,193.1803,241.1233,
DUC_A01,1654,Bocageopsis multiflora,Annonaceae,172271.1773,9673362.043,5.3,O,False,7.63,10.45,5.4,O,False,6.37,11.04,T04,6.71,10.45,measured,0.05,observed,-1.0,5.35,10.37,5.3,False,O,10.45,measured,5.25,10.37462856108226,0.6402,5.2349,5.2349,5.5769,5.1027,5.1027,5.4361,
DUC_A01,1660,Eschweilera coriacea,Lecythidaceae,172492.2919,9671972.811,25.2,O,False,10.94,27.0,27.0,O,False,17.76,22.27,T05,20.76,27.0,measured,0.9,observed,-1.0,26.1,26.45,25.2,False,O,27.0,measured,24.3,26.39279724759517,0.8521,277.3356,277.3356,390.5534,252.6585,252.6585,355.8023,
DUC_A01,1661,Tetragastris altissima,Burseraceae,172491.6962,9671976.348,57.9,O,False,22.57,33.52,57.5,O,False,27.25,29.91,T05,31.32,33.52,measured,0.0,observed,-1.0,57.5,33.52,57.9,False,O,33.52,measured,57.9,33.52,0.7079,1737.4246,1737.4246,2041.6311,1737.4246,1737.4246,2041.6311,
DUC_A01,1662,Copaifera reticulata,Fabaceae,172493.8439,9671980.269,40.4,O,False,22.47,29.44,40.6,O,False,16.7,21.04,T05,26.28,29.44,measured,0.1,observed,-1.0,40.5,29.41,40.4,False,O,29.44,measured,40.3,29.400523083691642,0.6075,758.229,758.229,767.478,753.5823,753.5823,762.7746,
DUC_A01,1663,Eschweilera parviflora,Lecythidaceae,172490.9648,9671989.521,26.3,O,False,21.85,27.38,26.7,O,False,15.63,19.7,T05,20.62,27.38,measured,0.2,observed,-1.0,26.5,27.26,26.3,False,O,27.38,measured,26.1,27.251367254656657,0.918,305.5972,305.5972,462.8158,299.6967,299.6967,453.8797,
DUC_A01,1664,Protium heptaphyllum,Burseraceae,172489.3831,9671998.954,11.9,O,False,3.93,14.83,12.9,O,False,3.57,5.9,T05,12.74,14.83,measured,0.5,observed,-1.0,12.4,14.42,11.9,False,O,14.83,measured,11.4,14.383633447494843,0.6293,35.7242,35.7242,37.4258,31.8874,31.8874,33.4063,
DUC_A01,1667,Eschweilera coriacea,Lecythidaceae,172489.8642,9672009.883,67.0,O,False,21.22,32.0,60.0,O,False,29.2,33.17,T05,31.94,32.0,measured,0.0,observed,-1.0,60.0,32.0,67.0,False,O,32.0,measured,67.0,32.0,0.8521,2207.9289,2207.9289,3109.2809,2207.9289,2207.9289,3109.2809,
DUC_A01,1668,Buchenavia congesta,Combretaceae,172488.6934,9672015.15,66.9,O,False,18.68,35.67,67.2,O,False,30.32,37.07,T05,33.57,35.67,measured,0.15,observed,-1.0,67.05,35.64,66.9,False,O,35.67,measured,66.75,35.63574094157427,0.7031,2447.5992,2447.5992,2857.4537,2434.6139,2434.6139,2842.294,
DUC_A01,1669,Pouteria gongrijpii,Sapotaceae,172486.3626,9672023.875,22.5,O,False,18.58,27.66,23.7,O,False,21.36,24.69,T05,19.15,27.66,measured,0.6,observed,-1.0,23.1,27.21,22.5,False,O,27.66,measured,21.9,27.185012349508476,0.7994,227.5981,227.5981,301.1556,212.282,212.282,280.8894,
DUC_A01,1670,Pouteria gongrijpii,Sapotaceae,172483.3597,9672028.886,17.3,O,False,12.29,20.76,17.5,O,False,17.85,22.45,T05,15.71,20.76,measured,0.1,observed,-1.0,17.4,20.68,17.3,False,O,20.76,measured,17.2,20.67921563100499,0.7994,102.9771,102.9771,136.2582,101.4316,101.4316,134.2133,
DUC_A01,1671,Simarouba amara,Simaroubaceae,172485.1572,9672033.362,43.8,O,False,19.17,27.29,44.1,O,False,23.35,29.36,T05,27.46,27.29,measured,0.15,observed,-1.0,43.95,27.25,43.8,False,O,27.29,measured,43.65,27.24087606401004,0.3833,824.4372,824.4372,532.418,817.4961,817.4961,527.9355,
DUC_A01,1672,Licania guianensis,Chrysobalanaceae,172480.9065,9672046.646,11.0,O,False,7.41,14.37,11.1,O,False,12.05,14.76,T05,11.45,14.37,measured,0.05,observed,-1.0,11.05,14.32,11.0,False,O,14.37,measured,10.95,14.323135770585228,0.8165,29.7124,29.7124,40.1354,29.3556,29.3556,39.6535,
DUC_A01,1673,Licania heteromorpha,Chrysobalanaceae,172484.6175,9672054.406,17.2,O,False,14.77,18.01,17.9,O,False,14.08,19.51,T05,15.95,18.01,measured,0.35,observed,-1.0,17.55,17.77,17.2,False,O,18.01,measured,16.849999999999998,17.76213730683865,0.8164,88.6326,88.6326,119.7113,84.0023,84.0023,113.4574,
DUC_A01,1674,Theobroma glaucum,Malvaceae,172479.793,9672057.351,8.8,O,False,8.23,10.5,8.7,O,False,8.94,11.05,T05,9.6,10.5,measured,0.0,observed,-1.0,8.7,10.5,8.8,False,O,10.5,measured,8.8,10.5,0.5297,14.1505,14.1505,12.5303,14.1505,14.1505,12.5303,
DUC_A01,1675,Poeppigia procera,Fabaceae,172479.3235,9672065.01,33.5,O,False,19.56,24.06,33.7,O,False,20.13,24.04,T05,23.69,24.06,measured,0.1,observed,-1.0,33.6,24.02,33.5,False,O,24.06,measured,33.4,24.018561280875485,0.735,432.0089,432.0089,526.6396,428.7732,428.7732,522.6952,
DUC_A01,1676,Brosimum parinarioides,Moraceae,172481.7588,9672068.896,65.0,O,False,27.06,33.42,66.9,O,False,29.9,34.19,T05,33.51,33.42,measured,0.95,observed,-1.0,65.95,33.21,65.0,False,O,33.42,measured,64.05,33.20576367625254,0.6306,2171.1901,2171.1901,2279.2864,2096.4784,2096.4784,2200.8551,
DUC_A01,1677,Licania canescens,Chrysobalanaceae,172478.1504,9672069.482,10.2,O,False,14.15,17.74,10.3,O,False,15.3,18.29,T05,10.85,17.74,measured,0.05,observed,-1.0,10.25,17.67,10.2,False,O,17.74,measured,10.149999999999999,17.677074160717243,0.88,31.4939,31.4939,45.7685,31.0853,31.0853,45.1746,
DUC_A01,1678,Protium heptaphyllum,Burseraceae,172475.9412,9672081.359,8.3,O,False,4.01,8.64,8.4,O,False,5.96,12.05,T05,9.35,8.64,measured,0.05,observed,-1.0,8.35,8.6,8.3,False,O,8.64,measured,8.25,8.601551181596117,0.6293,10.4361,10.4361,10.9332,10.2689,10.2689,10.7581,
DUC_A01,1679,Amaioua guianensis,Rubiaceae,172476.1661,9672081.978,9.8,O,False,4.16,11.13,9.9,O,False,5.08,11.53,T05,10.55,11.13,measured,0.05,observed,-1.0,9.85,11.09,9.8,False,O,11.13,measured,9.75,11.088732314073463,0.625,18.4805,18.4805,19.2316,18.2307,18.2307,18.9717,
DUC_A01,1680,Guarea guidonia,Meliaceae,172476.2725,9672082.577,12.6,O,False,11.75,17.24,13.0,O,False,13.78,15.76,T05,12.81,17.24,measured,0.2,observed,-1.0,12.8,17.05,12.6,False,O,17.24,measured,12.4,17.046434483222182,0.5651,46.2641,46.2641,43.6358,44.3501,44.3501,41.8305,
DUC_A01,1681,Tabernaemontana cymosa,Apocynaceae,172475.2663,9672084.746,13.8,O,False,14.82,16.87,13.8,O,False,15.8,17.99,T05,13.36,16.87,measured,0.0,observed,-1.0,13.8,16.87,13.8,False,O,16.87,measured,13.8,16.87,0.47,54.0965,54.0965,42.6247,54.0965,54.0965,42.6247,
DUC_A01,1682,Mezilaurus itauba,Lauraceae,172478.5148,9672085.267,41.9,O,False,21.04,26.14,42.0,O,False,20.04,25.53,T05,26.77,26.14,measured,0.05,observed,-1.0,41.95,26.12,41.9,False,O,26.14,measured,41.85,26.123337602316028,0.7443,724.9578,724.9578,894.6706,722.8201,722.8201,892.0324,
DUC_A01,1683,,,172474.7656,9672091.655,14.9,O,False,16.8,22.26,15.1,O,True,5.01,17.56,T05,14.21,22.26,measured,0.1,observed,-1.0,15.0,22.17,14.9,False,O,22.26,measured,14.8,22.156969909146486,0.6681,82.3578,82.3578,91.4675,80.9151,80.9151,89.8653,
DUC_A01,1684,,,172474.1337,9672091.553,12.4,O,False,5.66,14.23,12.4,O,True,0.0,0.0,T05,12.39,14.23,measured,0.0,observed,-1.0,12.4,14.23,12.4,False,O,14.23,measured,12.4,14.23,0.6681,37.1833,37.1833,41.2962,37.1833,37.1833,41.2962,
DUC_A01,1685,,,172472.8979,9672099.51,7.7,O,False,7.02,9.34,7.8,O,False,8.52,10.08,T05,8.85,9.34,measured,0.05,observed,-1.0,7.75,9.3,7.7,False,O,9.34,measured,7.65,9.294897355590082,0.6681,9.7263,9.7263,10.8022,9.5582,9.5582,10.6154,
DUC_A01,1686,,,172472.2329,9672102.898,19.5,O,False,6.13,12.13,20.2,O,False,16.52,18.65,T05,17.28,12.13,measured,0.35,observed,-1.0,19.85,11.99,19.5,False,O,12.13,measured,19.15,11.986088621116531,0.6681,76.9939,76.9939,85.5103,73.4587,73.4587,81.5841,
DUC_A01,1687,,,172472.1679,9672106.964,17.3,O,True,,3.56,17.3,O,True,,0.0,T05,15.59,3.56,measured,0.0,observed,-1.0,17.3,3.56,17.3,True,O,3.56,measured,17.3,3.56,0.6681,18.4222,17.0309,17.0309,18.4222,17.0309,17.0309,
DUC_A01,1688,Helicostylis sp.,Moraceae,172471.7322,9672109.807,12.9,O,False,13.57,16.09,13.0,O,False,13.67,16.67,T05,12.81,16.09,measured,0.05,observed,-1.0,12.95,16.05,12.9,False,O,16.09,measured,12.85,16.04613543309593,0.643,45.2825,45.2825,48.4472,44.821,44.821,47.9534,
DUC_A01,1690,,,172469.6329,9672118.789,5.8,L,False,,,6.4,L,False,,,T05,7.64,11.46,local_fit,0.3,observed,-1.0,6.1,11.04,5.8,False,L,7.64,feldpausch,5.5,7.3376290567739195,0.6681,4.598,4.598,5.1066,3.985,3.985,4.4258,
DUC_A01,1691,Protium heptaphyllum,Burseraceae,172469.7963,9672119.981,11.3,O,False,15.53,22.41,11.8,O,False,14.96,20.84,T05,11.96,22.41,measured,0.25,observed,-1.0,11.55,22.07,11.3,False,O,22.41,measured,11.05,22.054125877247575,0.6293,48.3171,48.3171,50.6187,45.5355,45.5355,47.7045,
DUC_A01,1692,Eschweilera coriacea,Lecythidaceae,172469.1895,9672121.048,7.7,O,False,8.55,11.59,7.8,O,False,8.6,11.89,T05,8.85,11.59,measured,0.05,observed,-1.0,7.75,11.54,7.7,False,O,11.59,measured,7.65,11.534032157525594,0.8521,12.007,12.007,16.9087,11.7994,11.7994,16.6164,
DUC_A01,1693,Mouriri collocarpa,Melastomataceae,172469.8883,9672121.743,27.1,O,False,15.82,18.93,27.5,O,False,17.85,21.93,T05,21.0,18.93,measured,0.2,observed,-1.0,27.3,18.85,27.1,False,O,18.93,measured,26.900000000000002,18.844341653342116,0.8333,226.0038,226.0038,311.4291,221.7756,221.7756,305.6027,
DUC_A01,1694,Pouteria reticulata,Sapotaceae,172469.7817,9672126.385,39.0,O,False,18.73,23.31,39.5,O,False,22.61,29.16,T05,25.89,23.31,measured,0.25,observed,-1.0,39.25,23.23,39.0,False,O,23.31,measured,38.75,23.227890226011485,0.794,563.5599,563.5599,740.78,554.6163,554.6163,729.0239,
DUC_A01,1695,Lecythis lurida,Lecythidaceae,172471.4108,9672126.647,52.7,O,False,16.26,22.36,53.0,O,False,23.06,31.28,T05,30.13,22.36,measured,0.15,observed,-1.0,52.85,22.33,52.7,False,O,22.36,measured,52.550000000000004,22.32910515227459,0.8633,973.9115,973.9115,1389.1658,967.2017,967.2017,1379.5951,
DUC_A01,1696,Helicostylis sp.,Moraceae,172468.4146,9672127.331,6.9,O,False,6.15,8.31,8.1,O,False,7.43,10.89,T05,9.1,8.31,measured,0.6,observed,-1.0,7.5,7.85,6.9,False,O,8.31,measured,6.300000000000001,7.760436436873733,0.643,7.0053,7.0053,7.4949,5.4866,5.4866,5.87,
DUC_A01,1697,Protium heptaphyllum,Burseraceae,172467.698,9672131.293,27.7,O,False,20.78,25.8,28.0,O,False,16.84,23.61,T05,21.23,25.8,measured,0.15,observed,-1.0,27.85,25.71,27.7,False,O,25.8,measured,27.55,25.7148711702867,0.6293,319.0965,319.0965,334.2963,314.7154,314.7154,329.7065,
DUC_A01,1698,Licania guianensis,Chrysobalanaceae,172467.3126,9672136.473,7.1,O,False,13.33,16.55,7.4,O,False,13.01,16.65,T05,8.51,16.55,measured,0.15,observed,-1.0,7.25,16.3,7.1,False,O,16.55,measured,6.949999999999999,16.28759944972293,0.8165,14.5099,14.5099,19.5999,13.7021,13.7021,18.5088,
DUC_A01,1699,,,172466.7332,9672138.128,18.8,O,False,11.44,12.51,18.9,O,True,1.74,10.95,T05,16.54,12.51,measured,0.05,observed,-1.0,18.85,12.49,18.8,False,O,12.51,measured,18.75,12.487947139260696,0.6681,73.8822,73.8822,82.0545,73.3727,73.3727,81.4886,
DUC_A01,1700,Helicostylis sp.,Moraceae,172465.6006,9672144.936,11.1,O,False,5.85,6.52,11.4,O,False,5.63,7.31,T05,11.67,6.52,measured,0.15,observed,-1.0,11.25,6.46,11.1,False,O,6.52,measured,10.95,6.456736829359562,0.643,13.9842,13.9842,14.9615,13.4887,13.4887,14.4314,
DUC_A01,1701,Licania canescens,Chrysobalanaceae,172465.1321,9672146.025,10.1,O,False,15.14,20.76,10.3,O,False,13.76,20.63,T05,10.85,20.76,measured,0.1,observed,-1.0,10.2,20.63,10.1,False,O,20.76,measured,10.0,20.610964048200866,0.88,36.0172,36.0172,52.3419,35.0769,35.0769,50.9753,
DUC_A01,1702,Pouteria sp.,Sapotaceae,172464.7521,9672152.371,38.9,O,False,26.23,31.14,39.5,O,False,22.69,33.24,T05,25.89,31.14,measured,0.3,observed,-1.0,39.2,31.02,38.9,False,O,31.14,measured,38.6,31.00784369097371,0.7187,743.9115,743.9115,887.264,729.7185,729.7185,870.336,
DUC_A01,1703,Pouteria gongrijpii,Sapotaceae,172465.3028,9672153.042,16.2,O,False,14.82,19.37,16.3,O,False,12.25,19.35,T05,14.98,19.37,measured,0.05,observed,-1.0,16.25,19.33,16.2,False,O,19.37,measured,16.15,19.329338522250968,0.7994,84.6589,84.6589,112.0198,83.9772,83.9772,111.1177,
DUC_A01,1704,Protium heptaphyllum,Burseraceae,172463.1942,9672157.445,6.7,O,False,8.81,11.42,7.4,O,False,7.12,10.76,T05,8.51,11.42,measured,0.35,observed,-1.0,7.05,11.02,6.7,False,O,11.42,measured,6.3500000000000005,10.96798295449228,0.6293,9.0207,9.0207,9.4504,7.8098,7.8098,8.1818,
DUC_A01,1705,Parkia sp.,Fabaceae,172478.524,9672077.696,46.1,O,False,14.17,20.72,46.5,O,False,14.06,22.6,T05,28.23,20.72,measured,0.2,observed,-1.0,46.3,20.68,46.1,False,O,20.72,measured,45.9,20.673694744161004,0.4553,696.3079,696.3079,531.9192,688.9173,688.9173,526.2735,
DUC_A01,1706,,,172462.8345,9672163.513,7.9,O,False,3.21,8.13,8.3,O,False,3.59,8.59,T05,9.27,8.13,measured,0.2,observed,-1.0,8.1,7.98,7.9,False,O,8.13,measured,7.7,7.976772385537161,0.6681,8.9305,8.9305,9.9183,8.3382,8.3382,9.2605,
DUC_A01,1707,Pouteria sp.,Sapotaceae,172462.6292,9672165.316,13.1,O,False,14.19,19.84,13.5,O,False,12.18,20.02,T05,13.15,19.84,measured,0.2,observed,-1.0,13.3,19.64,13.1,False,O,19.84,measured,12.9,19.62686116490987,0.7187,57.2499,57.2499,68.282,54.9736,54.9736,65.5671,
DUC_A01,1708,Oenocarpus bacaba,Arecaceae,172460.4407,9672172.893,13.7,P,False,11.89,15.13,13.9,P,False,10.7,17.29,T05,13.42,15.13,measured,0.1,observed,-1.0,13.8,15.06,13.7,False,P,15.13,measured,13.6,15.052897178273694,0.65,47.9581,25.1551,25.1551,47.042,24.6537,24.6537,
DUC_A01,1710,Oenocarpus bacaba,Arecaceae,172458.1488,9672187.198,15.1,P,True,,2.0,15.1,P,True,,2.0,T05,14.21,2.0,measured,0.0,observed,-1.0,15.1,2.0,15.1,True,P,2.0,measured,15.1,2.0,0.65,8.0469,,,8.0469,,,
DUC_A01,1711,Protium heptaphyllum,Burseraceae,172455.1649,9672210.578,20.2,O,False,20.96,26.54,20.5,O,False,15.88,21.36,T05,17.45,26.54,measured,0.15,observed,-1.0,20.35,26.4,20.2,False,O,26.54,measured,20.05,26.410975459583558,0.6293,177.1062,177.1062,185.5425,173.7199,173.7199,181.9948,
DUC_A01,1712,Pouteria gongrijpii,Sapotaceae,172451.7406,9672223.451,7.0,O,False,4.19,10.78,7.2,O,False,6.82,10.88,T05,8.34,10.78,measured,0.1,observed,-1.0,7.1,10.66,7.0,False,O,10.78,measured,6.9,10.664431242766286,0.7994,9.2881,9.2881,12.29,8.9364,8.9364,11.8245,
DUC_A01,1713,,,172450.465,9672228.127,24.0,O,False,20.12,27.22,24.3,O,True,2.8,10.78,T05,19.45,27.22,measured,0.15,observed,-1.0,24.15,27.12,24.0,False,O,27.22,measured,23.85,27.112637524972573,0.6681,254.1463,254.1463,282.2579,250.0885,250.0885,277.7511,
DUC_A01,1714,,,172450.8192,9672228.191,7.3,O,False,2.62,10.13,7.1,O,True,2.8,6.13,T05,8.25,10.13,measured,0.0,observed,-1.0,7.1,10.13,7.3,False,O,10.13,measured,7.3,10.13,0.6681,9.4873,9.4873,10.5367,9.4873,9.4873,10.5367,
DUC_A01,1715,Alibertia edulis,Rubiaceae,172451.2064,9672233.168,21.4,O,False,16.08,21.15,22.1,O,False,14.77,22.32,T05,18.31,21.15,measured,0.35,observed,-1.0,21.75,20.94,21.4,False,O,21.15,measured,21.049999999999997,20.925577518134407,0.76,158.8295,158.8295,200.0459,152.2054,152.2054,191.7028,
DUC_A01,1718,Inga marginata,Fabaceae,172447.5746,9672244.777,9.3,O,False,4.47,9.46,9.9,O,False,8.07,9.31,T05,10.55,9.46,measured,0.3,observed,-1.0,9.6,9.24,9.3,False,O,9.46,measured,9.0,9.235906217913909,0.5518,14.2367,14.2367,13.1194,13.0452,13.0452,12.0214,
DUC_A01,1719,Protium heptaphyllum,Burseraceae,172447.546,9672245.998,10.2,O,False,10.5,14.46,10.8,O,False,8.12,13.65,T05,11.23,14.46,measured,0.3,observed,-1.0,10.5,14.16,10.2,False,O,14.46,measured,9.899999999999999,14.150782901162332,0.6293,25.7972,25.7972,27.026,23.8288,23.8288,24.9639,
DUC_A01,1720,Protium heptaphyllum,Burseraceae,172446.5373,9672252.562,8.7,O,False,6.35,11.03,8.9,O,False,5.0,11.46,T05,9.76,11.03,measured,0.1,observed,-1.0,8.8,10.94,8.7,False,O,11.03,measured,8.6,10.936659240052128,0.6293,14.5196,14.5196,15.2113,14.0784,14.0784,14.749,
DUC_A01,1721,Protium heptaphyllum,Burseraceae,172446.7093,9672258.605,15.0,O,False,8.19,4.09,15.4,O,False,13.67,17.67,T05,14.41,4.09,measured,0.2,observed,-1.0,15.2,4.05,15.0,False,O,4.09,measured,14.8,4.052371225793255,0.6293,15.9673,15.9673,16.7279,15.4147,15.4147,16.149,
DUC_A01,1722,,,172445.7347,9672261.018,14.8,O,False,13.24,16.16,13.8,O,False,13.7,17.01,T05,13.36,16.16,measured,0.0,observed,-1.0,13.8,16.16,14.8,False,O,16.16,measured,14.8,16.16,0.6681,59.4635,59.4635,66.0408,59.4635,59.4635,66.0408,
DUC_A01,1723,Protium heptaphyllum,Burseraceae,172444.2203,9672279.461,15.5,O,False,16.9,22.15,15.7,O,False,17.95,26.07,T05,14.6,22.15,measured,0.1,observed,-1.0,15.6,22.06,15.5,False,O,22.15,measured,15.4,22.052044929301886,0.6293,88.5264,88.5264,92.7433,87.0377,87.0377,91.1836,
DUC_A01,1724,Abarema cochleata,Fabaceae,172444.7166,9672282.579,12.6,O,False,13.16,21.99,13.0,O,False,15.36,19.65,T05,12.81,21.99,measured,0.2,observed,-1.0,12.8,21.75,12.6,False,O,21.99,measured,12.4,21.74310291682458,0.5668,58.6673,58.6673,55.492,56.24,56.24,53.1961,
DUC_A01,1725,Lecythis pisonis,Lecythidaceae,172447.0165,9672287.04,79.0,O,False,24.39,33.44,86.0,O,False,16.07,33.7,T05,37.01,33.44,measured,3.5,observed,-1.0,82.5,32.92,79.0,False,O,33.44,measured,75.5,32.852784294647364,0.857,3179.1619,3179.1619,4502.2158,2860.142,2860.142,4050.4311,
DUC_A01,1726,Eschweilera coriacea,Lecythidaceae,172443.9722,9672288.712,6.2,O,False,1.59,8.71,6.4,O,False,4.5,8.67,T05,7.64,8.71,measured,0.1,observed,-1.0,6.3,8.6,6.2,False,O,8.71,measured,6.1000000000000005,8.603590945310318,0.8521,5.9521,5.9521,8.3819,5.6973,5.6973,8.0232,
DUC_A01,1727,Tetragastris panamensis,Burseraceae,172445.4071,9672293.74,29.1,O,False,20.42,27.23,29.5,O,False,19.18,25.76,T05,21.91,27.23,measured,0.2,observed,-1.0,29.3,27.12,29.1,False,O,27.23,measured,28.900000000000002,27.117390174735277,0.7173,370.3278,370.3278,440.8536,363.901,363.901,433.2029,
DUC_A01,1728,Symphonia globulifera,Clusiaceae,172444.1695,9672295.519,39.4,O,False,30.69,37.59,40.2,O,False,18.86,29.28,T05,26.14,37.59,measured,0.4,observed,-1.0,39.8,37.39,39.4,False,O,37.59,measured,39.0,37.3807306023096,0.6004,916.5157,916.5157,917.112,893.5586,893.5586,894.14,
DUC_A01,1729,Amaioua guianensis,Rubiaceae,172443.5315,9672301.041,10.8,O,False,6.75,11.74,11.0,O,False,6.77,15.85,T05,11.38,11.74,measured,0.1,observed,-1.0,10.9,11.66,10.8,False,O,11.74,measured,10.700000000000001,11.661770338210236,0.625,23.5342,23.5342,24.4908,22.9604,22.9604,23.8937,
DUC_A01,1730,Sextonia rubra,Lauraceae,172443.5318,9672302.895,65.7,O,False,25.75,42.56,66.1,O,False,24.2,31.89,T05,33.33,42.56,measured,0.2,observed,-1.0,65.9,42.51,65.7,False,O,42.56,measured,65.5,42.50389185663488,0.5523,2807.0741,2807.0741,2588.9885,2786.8277,2786.8277,2570.3151,
DUC_A01,1732,,,172442.0031,9672315.159,5.9,L,False,,,5.9,L,False,,,T05,7.18,11.55,local_fit,0.0,observed,-1.0,5.9,11.55,5.9,False,L,7.18,feldpausch,5.9,7.18,0.6681,4.4745,4.4745,4.9694,4.4745,4.4745,4.9694,
DUC_A01,1733,Pouteria gongrijpii,Sapotaceae,172442.2028,9672315.171,21.9,O,False,16.46,23.48,22.2,O,False,12.14,20.71,T05,18.37,23.48,measured,0.15,observed,-1.0,22.05,23.38,21.9,False,O,23.48,measured,21.75,23.376438025377706,0.7994,183.9962,183.9962,243.462,180.7627,180.7627,239.1834,
DUC_A01,1734,Parkia sp.,Fabaceae,172442.8616,9672315.21,5.6,O,False,1.61,4.25,5.7,O,False,1.53,4.52,T05,6.99,4.25,measured,0.05,observed,-1.0,5.65,4.23,5.6,False,O,4.25,measured,5.55,4.221091913471545,0.4553,2.4223,2.4223,1.8504,2.3645,2.3645,1.8063,
DUC_A01,1735,,,172443.3017,9672320.796,31.5,O,True,,10.28,31.5,O,True,,8.54,T05,22.78,10.28,measured,0.0,observed,-1.0,31.5,10.28,31.5,True,O,10.28,measured,31.5,10.28,0.6681,167.0583,134.4284,134.4284,167.0583,134.4284,134.4284,
DUC_A01,1736,Sagotia racemosa,Euphorbiaceae,172441.5556,9672326.252,7.6,O,False,1.83,6.86,7.8,O,False,10.83,14.13,T05,8.85,6.86,measured,0.1,observed,-1.0,7.7,6.8,7.6,False,O,6.86,measured,7.5,6.792723681072089,0.58,7.0155,7.0155,6.7872,6.771,6.771,6.5507,
DUC_A01,1737,Protium heptaphyllum,Burseraceae,172441.8854,9672328.125,9.5,O,False,13.09,15.69,9.8,O,False,12.5,15.27,T05,10.47,15.69,measured,0.15,observed,-1.0,9.65,15.51,9.5,False,O,15.69,measured,9.35,15.509021483951587,0.6293,24.3167,24.3167,25.475,23.3075,23.3075,24.4177,
DUC_A01,1738,,,172441.5328,9672329.339,6.6,O,True,,3.07,6.6,O,True,,0.0,T05,7.81,3.07,measured,0.0,observed,-1.0,6.6,3.07,6.6,True,O,3.07,measured,6.6,3.07,0.6681,2.4303,2.196,2.196,2.4303,2.196,2.196,
DUC_A01,1739,Simarouba amara,Simaroubaceae,172441.4085,9672342.922,14.6,O,False,10.11,17.95,14.8,O,False,12.82,16.31,T05,14.02,17.95,measured,0.1,observed,-1.0,14.7,17.86,14.6,False,O,17.95,measured,14.5,17.86495230890949,0.3833,64.157,64.157,41.4323,63.0093,63.0093,40.6912,
DUC_A01,1740,Sloanea guianensis,Elaeocarpaceae,172440.6815,9672353.999,18.9,O,False,6.48,16.1,19.0,O,False,9.67,14.82,T05,16.6,16.1,measured,0.05,observed,-1.0,18.95,16.07,18.9,False,O,16.1,measured,18.849999999999998,16.071796511900462,0.8212,95.494,95.494,129.7187,94.8391,94.8391,128.8291,
DUC_A01,1741,Bowdichia nitida,Fabaceae,172439.2337,9672360.108,13.7,O,False,12.83,18.99,13.9,O,False,14.85,16.63,T05,13.42,18.99,measured,0.1,observed,-1.0,13.8,18.91,13.7,False,O,18.99,measured,13.6,18.8932265310917,0.8033,59.8659,59.8659,79.5944,58.7223,58.7223,78.0739,
DUC_A01,1742,,,172433.4953,9672383.904,11.8,O,False,6.03,12.87,11.8,O,True,0.0,0.0,T05,11.96,12.87,measured,0.0,observed,-1.0,11.8,12.87,11.8,False,O,12.87,measured,11.8,12.87,0.6681,30.6001,30.6001,33.9848,30.6001,30.6001,33.9848,
DUC_A01,1743,Simarouba amara,Simaroubaceae,172433.5075,9672384.941,31.0,O,False,25.82,28.41,32.9,O,False,23.65,29.42,T05,23.36,28.41,measured,0.95,observed,-1.0,31.95,27.94,31.0,False,O,28.41,measured,30.05,27.89094398994785,0.3833,436.7035,436.7035,282.0212,403.6316,403.6316,260.6636,
DUC_A01,1744,Pouteria sp.,Sapotaceae,172435.9372,9672387.659,46.9,O,False,37.38,46.56,48.9,O,False,19.29,28.75,T05,28.96,46.56,measured,1.0,observed,-1.0,47.9,46.08,46.9,False,O,46.56,measured,45.9,46.04829364583503,0.7187,1586.9774,1586.9774,1892.7895,1505.2737,1505.2737,1795.3414,
DUC_A01,1745,Virola michelii,Myristicaceae,172430.9665,9672389.948,27.6,O,False,22.04,25.84,27.7,O,False,18.88,26.31,T05,21.09,25.84,measured,0.05,observed,-1.0,27.65,25.82,27.6,False,O,25.84,measured,27.55,25.811483561054487,0.4701,317.3312,317.3312,250.1021,315.8694,315.8694,248.95,
DUC_A01,1746,Oenocarpus bacaba,Arecaceae,172431.0453,9672392.554,17.3,P,False,17.42,22.95,17.8,P,False,17.19,19.67,T05,15.89,22.95,measured,0.25,observed,-1.0,17.55,22.73,17.3,False,P,22.95,measured,17.05,22.726248193273,0.65,113.5666,47.7638,47.7638,109.3346,45.8907,45.8907,
DUC_A01,1747,Protium heptaphyllum,Burseraceae,172429.9684,9672394.333,12.8,O,False,12.42,15.02,13.5,O,False,10.87,13.44,T05,13.15,15.02,measured,0.35,observed,-1.0,13.15,14.75,12.8,False,O,15.02,measured,12.450000000000001,14.729363273315876,0.6293,41.7027,41.7027,43.6892,38.7596,38.7596,40.6058,
DUC_A01,1748,Symphonia globulifera,Clusiaceae,172430.3065,9672394.424,12.7,O,False,8.77,13.74,13.5,O,False,8.46,11.91,T05,13.15,13.74,measured,0.4,observed,-1.0,13.1,13.46,12.7,False,O,13.74,measured,12.299999999999999,13.43317266769334,0.6004,37.6496,37.6496,37.6741,34.5985,34.5985,34.6211,
DUC_A01,1751,Aspidosperma excelsum,Apocynaceae,172430.9573,9672403.904,38.8,O,False,16.95,21.38,38.9,O,False,8.36,10.45,T05,25.68,21.38,measured,0.05,observed,-1.0,38.85,21.36,38.8,False,O,21.38,measured,38.75,21.364863919068952,0.792,512.7997,512.7997,672.4003,511.1571,511.1571,670.2465,
DUC_A01,1752,Oenocarpus bacaba,Arecaceae,172426.0725,9672407.766,13.0,P,False,8.87,13.55,13.2,P,False,8.21,12.57,T05,12.95,13.55,measured,0.1,observed,-1.0,13.1,13.48,13.0,False,P,13.55,measured,12.9,13.476703018960302,0.65,38.8733,21.7785,21.7785,38.0895,21.3211,21.3211,
DUC_A01,1753,Poeppigia procera,Fabaceae,172423.6575,9672416.942,8.1,O,False,3.89,10.89,8.3,O,False,6.05,8.79,T05,9.27,10.89,measured,0.1,observed,-1.0,8.2,10.8,8.1,False,O,10.89,measured,8.0,10.790355525598184,0.735,12.4728,12.4728,15.2049,12.0652,12.0652,14.7081,
DUC_A01,1754,Pouteria sp.,Sapotaceae,172424.9901,9672422.985,47.7,O,False,18.64,24.55,51.4,O,False,20.25,27.32,T05,29.68,24.55,measured,1.85,observed,-1.0,49.55,24.11,47.7,False,O,24.55,measured,45.85,24.058691900565854,0.7187,878.2513,878.2513,1047.4913,797.1069,797.1069,950.7102,
DUC_A01,1756,,,172418.4656,9672437.265,20.6,O,True,,8.17,,O,False,,,T05,,8.17,measured,0.15,site_median,-1.0,,,20.6,True,O,8.17,measured,20.450000000000003,8.131204408849376,0.6681,58.2718,47.6422,47.6422,57.1801,46.7684,46.7684,
DUC_A01,1758,,,172420.2679,9672424.306,49.5,O,False,16.53,19.76,49.5,O,True,3.82,13.91,T05,29.14,19.76,measured,0.0,observed,-1.0,49.5,19.76,49.5,False,O,19.76,measured,49.5,19.76,0.6681,763.8676,763.8676,848.3602,763.8676,763.8676,848.3602,
DUC_A01,1759,,,172421.4439,9672423.587,19.9,O,False,16.64,19.19,19.9,O,True,3.6,12.23,T05,17.11,19.19,measured,0.0,observed,-1.0,19.9,19.19,19.9,False,O,19.19,measured,19.9,19.19,0.6681,125.3439,125.3439,139.2083,125.3439,125.3439,139.2083,
DUC_A01,1760,Virola elongata,Myristicaceae,172421.271,9672421.99,15.8,O,False,7.95,16.42,15.7,O,False,8.69,13.47,T05,14.6,16.42,measured,0.0,observed,-1.0,15.7,16.42,15.8,False,O,16.42,measured,15.8,16.42,0.5233,68.6189,68.6189,60.0476,68.6189,68.6189,60.0476,
DUC_A01,1761,Zygia racemosa,Fabaceae,172420.8206,9672421.352,17.7,O,False,20.85,25.66,18.3,O,False,11.51,19.5,T05,16.19,25.66,measured,0.3,observed,-1.0,18.0,25.37,17.7,False,O,25.66,measured,17.4,25.367537754496766,0.748,132.4156,132.4156,164.2069,126.6451,126.6451,157.051,
DUC_A01,1762,Sloanea guianensis,Elaeocarpaceae,172422.4251,9672420.231,11.6,O,False,11.99,14.52,11.3,O,False,3.9,8.34,T05,11.6,14.52,measured,0.0,observed,-1.0,11.3,14.52,11.6,False,O,14.52,measured,11.6,14.52,0.8212,33.2937,33.2937,45.226,33.2937,33.2937,45.226,
DUC_A01,1764,Pouteria gongrijpii,Sapotaceae,172423.9977,9672413.931,11.8,O,False,11.61,14.82,11.7,O,False,11.68,15.1,T05,11.89,14.82,measured,0.0,observed,-1.0,11.7,14.82,11.8,False,O,14.82,measured,11.8,14.82,0.7994,35.1174,35.1174,46.467,35.1174,35.1174,46.467,
DUC_A01,1765,,,172423.7521,9672410.246,30.2,O,False,11.92,14.31,30.0,O,True,1.36,12.7,T05,22.13,14.31,measured,0.0,observed,-1.0,30.0,14.31,30.2,False,O,14.31,measured,30.2,14.31,0.6681,212.49,212.49,235.9939,212.49,212.49,235.9939,
DUC_A01,1766,Sloanea guianensis,Elaeocarpaceae,172421.602,9672403.467,65.4,O,False,33.67,41.8,65.5,O,False,22.86,38.09,T05,33.2,41.8,measured,0.05,observed,-1.0,65.45,41.79,65.4,False,O,41.8,measured,65.35000000000001,41.7861419484612,0.8212,2733.6097,2733.6097,3713.3258,2728.6484,2728.6484,3706.5864,
DUC_A01,1767,,,172425.351,9672402.92,20.2,O,False,14.6,17.74,20.8,O,False,13.33,17.51,T05,17.61,17.74,measured,0.3,observed,-1.0,20.5,17.58,20.2,False,O,17.74,measured,19.9,17.567163855404683,0.6681,119.5323,119.5323,132.754,114.9875,114.9875,127.7065,
DUC_A01,1768,Pouteria gongrijpii,Sapotaceae,172427.6908,9672400.444,9.8,O,False,4.16,12.68,10.5,O,False,5.14,14.23,T05,11.0,12.68,measured,0.35,observed,-1.0,10.15,12.38,9.8,False,O,12.68,measured,9.450000000000001,12.348964583740825,0.7994,20.9884,20.9884,27.7716,19.0518,19.0518,25.2091,
DUC_A01,1769,Virola michelii,Myristicaceae,172427.9465,9672398.445,29.3,O,False,18.68,23.12,29.7,O,False,16.56,24.56,T05,22.0,23.12,measured,0.2,observed,-1.0,29.5,23.03,29.3,False,O,23.12,measured,29.1,23.0252173941577,0.4701,319.9178,319.9178,252.1407,314.4059,314.4059,247.7966,
DUC_A01,1770,Maquira coriacea,Moraceae,172429.7036,9672390.643,15.2,O,False,10.47,12.62,15.4,O,False,3.82,4.76,T05,14.41,12.62,measured,0.1,observed,-1.0,15.3,12.56,15.2,False,O,12.62,measured,15.1,12.562915397486904,0.5112,49.21,49.21,42.0884,48.3655,48.3655,41.3661,
DUC_A01,1771,,,172430.4484,9672389.292,19.3,O,False,11.98,12.8,19.3,O,True,2.52,10.24,T05,16.77,12.8,measured,0.0,observed,-1.0,19.3,12.8,19.3,False,O,12.8,measured,19.3,12.8,0.6681,79.5253,79.5253,88.3218,79.5253,79.5253,88.3218,
DUC_A01,1772,Eschweilera coriacea,Lecythidaceae,172430.0945,9672388.68,53.7,O,False,23.9,29.58,53.8,O,False,19.78,30.26,T05,30.35,29.58,measured,0.05,observed,-1.0,53.75,29.56,53.7,False,O,29.58,measured,53.650000000000006,29.566760494977252,0.8521,1327.5922,1327.5922,1869.5608,1324.6015,1324.6015,1865.3491,
DUC_A01,1773,Poeppigia procera,Fabaceae,172436.1858,9672367.047,6.0,O,False,4.68,9.51,6.5,O,False,6.77,9.74,T05,7.72,9.51,measured,0.25,observed,-1.0,6.25,9.24,6.0,False,O,9.51,measured,5.75,9.207961257612466,0.735,6.083,6.083,7.4154,5.4245,5.4245,6.6127,
DUC_A01,1774,,,172435.4456,9672356.569,59.4,O,False,24.41,29.33,60.4,O,False,22.4,30.71,T05,32.03,29.33,measured,0.5,observed,-1.0,59.9,29.22,59.4,False,O,29.33,measured,58.9,29.216690310838704,0.6681,1603.2026,1603.2026,1780.5353,1571.0196,1571.0196,1744.7926,
DUC_A01,1775,Brosimum rubescens,Moraceae,172436.3691,9672353.743,49.2,O,False,20.61,29.2,48.4,O,False,14.98,32.62,T05,28.81,29.2,measured,0.0,observed,-1.0,48.4,29.2,49.2,False,O,29.2,measured,49.2,29.2,0.8251,1105.0711,1105.0711,1508.1587,1105.0711,1105.0711,1508.1587,
DUC_A01,1776,Sloanea guianensis,Elaeocarpaceae,172439.0267,9672347.105,15.4,O,False,13.58,19.11,16.0,O,False,11.5,19.94,T05,14.79,19.11,measured,0.3,observed,-1.0,15.7,18.86,15.4,False,O,19.11,measured,15.1,18.853777470362118,0.8212,75.6853,75.6853,102.8107,71.8807,71.8807,97.6425,
DUC_A01,1777,Ocotea canaliculata,Lauraceae,172438.7469,9672345.236,30.3,O,False,19.94,25.32,30.7,O,False,16.56,26.38,T05,22.43,25.32,measured,0.2,observed,-1.0,30.5,25.23,30.3,False,O,25.32,measured,30.1,25.22055740893857,0.4793,373.265,373.265,299.8085,367.0583,367.0583,294.8233,
DUC_A01,1778,,,172438.1505,9672340.258,25.5,O,True,,2.3,25.5,O,True,,1.66,T05,20.05,2.3,measured,0.0,observed,-1.0,25.5,2.3,25.5,True,O,2.3,measured,25.5,2.3,0.6681,25.6492,25.8841,25.8841,25.6492,25.8841,25.8841,
DUC_A01,1779,Ocotea canaliculata,Lauraceae,172437.7603,9672334.675,50.8,O,False,20.9,26.01,51.5,O,False,20.85,27.61,T05,29.71,26.01,measured,0.35,observed,-1.0,51.15,25.92,50.8,False,O,26.01,measured,50.449999999999996,25.92135910140966,0.4793,1050.7119,1050.7119,843.9376,1033.1793,1033.1793,829.8553,
DUC_A01,1780,,,172438.7084,9672332.878,45.0,O,True,,2.5,,O,False,,,T05,,2.5,measured,0.15,site_median,-1.0,,,45.0,True,O,2.5,measured,44.85,2.495666836081258,0.6681,84.3181,86.2977,86.2977,83.6287,85.6018,85.6018,
DUC_A01,1782,Ormosia nobilis,Fabaceae,172439.463,9672328.599,24.3,O,False,21.77,27.71,24.6,O,False,23.1,28.89,T05,19.6,27.71,measured,0.15,observed,-1.0,24.45,27.61,24.3,False,O,27.71,measured,24.150000000000002,27.602363230856394,0.58,264.9582,264.9582,256.3348,260.7825,260.7825,252.295,
DUC_A01,1783,Licania heteromorpha,Chrysobalanaceae,172440.3304,9672321.237,12.1,O,False,11.51,18.43,12.5,O,False,10.6,17.18,T05,12.46,18.43,measured,0.2,observed,-1.0,12.3,18.22,12.1,False,O,18.43,measured,11.9,18.21338683567738,0.8164,45.6258,45.6258,61.6243,43.6586,43.6586,58.9673,
DUC_A01,1784,Maquira coriacea,Moraceae,172439.7414,9672321.202,28.8,O,False,17.43,21.67,28.8,O,False,16.72,21.9,T05,21.59,21.67,measured,0.0,observed,-1.0,28.8,21.67,28.8,False,O,21.67,measured,28.8,21.67,0.5112,290.3977,290.3977,248.3717,290.3977,290.3977,248.3717,
DUC_A01,1785,Poeppigia procera,Fabaceae,172441.4509,9672316.362,13.7,O,False,15.15,19.75,14.5,O,False,15.65,19.95,T05,13.82,19.75,measured,0.4,observed,-1.0,14.1,19.38,13.7,False,O,19.75,measured,13.299999999999999,19.34544166501675,0.735,62.2032,62.2032,75.8287,57.5334,57.5334,70.1359,
DUC_A01,1786,Couratari stellata,Lecythidaceae,172440.5907,9672305.191,69.5,O,False,31.42,40.44,69.4,O,False,23.77,33.87,T05,34.03,40.44,measured,0.0,observed,-1.0,69.4,40.44,69.5,False,O,40.44,measured,69.5,40.44,0.6331,2980.3187,2980.3187,3140.8902,2980.3187,2980.3187,3140.8902,
DUC_A01,1787,Poeppigia procera,Fabaceae,172441.8511,9672300.324,23.3,O,False,15.6,19.16,23.3,O,False,23.44,28.62,T05,18.94,19.16,measured,0.0,observed,-1.0,23.3,19.16,23.3,False,O,19.16,measured,23.3,19.16,0.735,170.2776,170.2776,207.5765,170.2776,170.2776,207.5765,
DUC_A01,1788,Pouteria sp.,Sapotaceae,172442.6491,9672296.665,42.5,O,False,20.74,26.71,43.5,O,False,18.81,30.06,T05,27.27,26.71,measured,0.5,observed,-1.0,43.0,26.54,42.5,False,O,26.71,measured,42.0,26.542295834361077,0.7187,761.219,761.219,907.9066,739.2771,739.2771,881.7366,
DUC_A01,1789,Bocageopsis multiflora,Annonaceae,172443.1396,9672284.339,24.4,O,False,21.62,28.57,25.4,O,False,11.61,11.61,T05,20.0,28.57,measured,0.5,observed,-1.0,24.9,28.21,24.4,False,O,28.57,measured,23.9,28.200335428369904,0.6402,275.1782,275.1782,293.1585,260.9405,260.9405,277.9906,
DUC_A01,1790,Pouteria retinervis,Sapotaceae,172444.2448,9672265.872,10.5,O,False,4.34,13.53,10.8,O,False,7.64,11.69,T05,11.23,13.53,measured,0.15,observed,-1.0,10.65,13.4,10.5,False,O,13.53,measured,10.35,13.390322946098548,0.7187,25.584,25.584,30.5141,24.6248,24.6248,29.37,
DUC_A01,1792,Zygia racemosa,Fabaceae,172444.437,9672260.941,28.8,O,False,20.7,27.93,29.8,O,False,19.16,28.32,T05,22.04,27.93,measured,0.5,observed,-1.0,29.3,27.65,28.8,False,O,27.93,measured,28.3,27.636385886590677,0.748,372.0147,372.0147,461.3307,355.8226,355.8226,441.2511,
DUC_A01,1793,Pouteria gongrijpii,Sapotaceae,172445.0217,9672251.674,12.8,O,False,8.97,15.91,13.4,O,False,11.4,15.22,T05,13.08,15.91,measured,0.3,observed,-1.0,13.1,15.67,12.8,False,O,15.91,measured,12.5,15.6463447041856,0.7994,44.1128,44.1128,58.3696,41.4358,41.4358,54.8275,
DUC_A01,1794,Ormosia grossa,Fabaceae,172446.5236,9672247.039,6.2,O,False,8.05,10.51,6.5,O,False,5.84,10.24,T05,7.72,10.51,measured,0.15,observed,-1.0,6.35,10.33,6.2,False,O,10.51,measured,6.05,10.317153131532724,0.5906,7.1498,7.1498,7.0403,6.6939,6.6939,6.5914,
DUC_A01,1795,,,172448.3467,9672237.556,9.8,O,False,5.59,10.5,10.9,O,False,7.15,9.8,T05,11.3,10.5,measured,0.55,observed,-1.0,10.35,10.12,9.8,False,O,10.5,measured,9.25,10.067532349210005,0.6681,17.4588,17.4588,19.39,14.97,14.97,16.6259,
DUC_A01,1796,Pouteria gongrijpii,Sapotaceae,172449.6098,9672229.198,59.7,O,False,29.82,38.5,59.9,O,False,25.55,34.11,T05,31.91,38.5,measured,0.1,observed,-1.0,59.8,38.48,59.7,False,O,38.5,measured,59.6,38.47058636745622,0.7994,2111.4085,2111.4085,2793.7944,2102.9411,2102.9411,2782.5904,
DUC_A01,1797,Eschweilera coriacea,Lecythidaceae,172448.6045,9672226.562,46.9,O,False,26.54,33.1,48.1,O,False,19.68,29.32,T05,28.72,33.1,measured,0.6,observed,-1.0,47.5,32.89,46.9,False,O,33.1,measured,46.3,32.882583364485996,0.8521,1137.4759,1137.4759,1601.8324,1102.1318,1102.1318,1552.0597,
DUC_A01,1798,Ormosia nobilis,Fabaceae,172449.2834,9672226.685,32.6,O,False,12.69,17.35,33.1,O,False,24.37,30.84,T05,23.44,17.35,measured,0.25,observed,-1.0,32.85,17.28,32.6,False,O,17.35,measured,32.35,17.272463692776387,0.58,297.7267,297.7267,288.0367,292.0069,292.0069,282.5031,
DUC_A01,1799,Amaioua guianensis,Rubiaceae,172450.1193,9672226.224,10.0,O,False,5.96,11.23,10.0,O,False,11.46,10.44,T05,10.62,11.23,measured,0.0,observed,-1.0,10.0,11.23,10.0,False,O,11.23,measured,10.0,11.23,0.625,19.3924,19.3924,20.1806,19.3924,19.3924,20.1806,
DUC_A01,1800,Casearia javitensis,Salicaceae,172450.0465,9672220.69,32.1,O,False,23.3,27.17,32.5,O,False,20.01,26.99,T05,23.2,27.17,measured,0.2,observed,-1.0,32.3,27.06,32.1,False,O,27.17,measured,31.900000000000002,27.0709467752609,0.753,447.5381,447.5381,558.6069,440.5381,440.5381,549.8696,
DUC_A01,1801,,,172450.8922,9672220.23,16.7,O,False,15.31,19.5,16.9,O,False,10.68,12.14,T05,15.35,19.5,measured,0.1,observed,-1.0,16.8,19.42,16.7,False,O,19.5,measured,16.599999999999998,19.420920442711065,0.6681,90.4226,90.4226,100.4244,89.015,89.015,98.861,
DUC_A01,1802,Protium spruceanum,Burseraceae,172452.2765,9672216.188,20.0,O,False,14.71,21.27,21.1,O,False,15.69,22.52,T05,17.78,21.27,measured,0.55,observed,-1.0,20.55,20.9,20.0,False,O,21.27,measured,19.45,20.88421726541526,0.56,139.9498,139.9498,130.8363,130.189,130.189,121.7111,
DUC_A01,1803,,,172451.752,9672211.799,51.4,O,True,,4.28,51.4,O,True,,3.5,T05,29.68,4.28,measured,0.0,observed,-1.0,51.4,4.28,51.4,True,O,4.28,measured,51.4,4.28,0.6681,184.7353,174.786,174.786,184.7353,174.786,174.786,
DUC_A01,1804,Minquartia guianensis,Olacaceae,172453.502,9672210.276,6.2,O,False,12.22,13.79,6.2,O,False,8.51,13.62,T05,7.45,13.79,measured,0.0,observed,-1.0,6.2,13.79,6.2,False,O,13.79,measured,6.2,13.79,0.7867,9.3202,9.3202,12.1413,9.3202,9.3202,12.1413,
DUC_A01,1805,Parkia sp.,Fabaceae,172453.3818,9672207.188,12.8,O,False,7.09,8.72,12.8,O,False,4.04,5.36,T05,12.67,8.72,measured,0.0,observed,-1.0,12.8,8.72,12.8,False,O,8.72,measured,12.8,8.72,0.4553,24.5289,24.5289,18.738,24.5289,24.5289,18.738,
DUC_A01,1806,Protium heptaphyllum,Burseraceae,172453.7154,9672206.021,6.1,O,False,11.19,12.66,6.2,O,False,9.69,15.6,T05,7.45,12.66,measured,0.05,observed,-1.0,6.15,12.59,6.1,False,O,12.66,measured,6.05,12.581408613397246,0.6293,8.3062,8.3062,8.7018,8.1242,8.1242,8.5112,
DUC_A01,1807,Lecythis lurida,Lecythidaceae,172454.1967,9672204.882,8.2,O,False,11.13,12.93,8.8,O,False,9.33,12.74,T05,9.68,12.93,measured,0.3,observed,-1.0,8.5,12.6,8.2,False,O,12.93,measured,7.8999999999999995,12.578266543405107,0.8633,15.1059,15.1059,21.5467,13.6728,13.6728,19.5026,
DUC_A01,1808,Attalea maripa,Arecaceae,172452.2759,9672201.466,26.9,P,False,17.62,23.82,27.2,P,False,19.84,23.18,T05,20.86,23.82,measured,0.15,observed,-1.0,27.05,23.74,26.9,False,P,23.82,measured,26.75,23.73845443843957,0.326,278.7612,160.6811,160.6811,274.8137,158.2307,158.2307,
DUC_A01,1809,Pouteria sp.,Sapotaceae,172454.1355,9672201.804,15.9,O,False,15.17,17.84,16.9,O,False,1.17,1.78,T05,15.35,17.84,measured,0.5,observed,-1.0,16.4,17.48,15.9,False,O,17.84,measured,15.4,17.45467253465512,0.7187,75.3268,75.3268,89.8423,69.2799,69.2799,82.6302,
DUC_A01,1810,Licania sp.,Chrysobalanaceae,172453.14,9672199.17,43.6,O,False,29.12,35.69,43.8,O,False,23.44,33.39,T05,27.37,35.69,measured,0.1,observed,-1.0,43.7,35.64,43.6,False,O,35.69,measured,43.5,35.64691772903564,0.8165,1061.7536,1061.7536,1434.2162,1055.7599,1055.7599,1426.12,
DUC_A01,1811,Protium heptaphyllum,Burseraceae,172455.127,9672198.917,9.1,O,False,13.33,16.84,9.1,O,False,11.53,16.67,T05,9.92,16.84,measured,0.0,observed,-1.0,9.1,16.84,9.1,False,O,16.84,measured,9.1,16.84,0.6293,23.9563,23.9563,25.0974,23.9563,23.9563,25.0974,
DUC_A01,1812,Parkia nitida,Fabaceae,172454.92,9672198.266,79.1,O,False,28.95,37.75,80.7,O,False,25.08,39.14,T05,36.14,37.75,measured,0.8,observed,-1.0,79.9,37.61,79.1,False,O,37.75,measured,78.3,37.60216477657244,0.383,3587.3366,3587.3366,2314.7203,3503.4134,3503.4134,2260.569,
DUC_A01,1813,Virola michelii,Myristicaceae,172456.6049,9672188.145,12.0,O,False,6.17,16.41,12.2,O,False,4.63,14.95,T05,12.25,16.41,measured,0.1,observed,-1.0,12.1,16.32,12.0,False,O,16.41,measured,11.9,16.31282719215016,0.4701,40.0838,40.0838,31.5917,39.2064,39.2064,30.9002,
DUC_A01,1814,Inga sp.,Fabaceae,172457.1456,9672187.629,19.0,O,False,13.12,18.57,19.1,O,False,10.12,22.76,T05,16.65,18.57,measured,0.05,observed,-1.0,19.05,18.55,19.0,False,O,18.57,measured,18.95,18.53767261189121,0.5786,110.9042,110.9042,107.0347,110.1478,110.1478,106.3046,
DUC_A01,1815,Helicostylis sp.,Moraceae,172454.4005,9672187.131,35.1,O,False,23.34,30.6,35.6,O,False,18.32,31.27,T05,24.44,30.6,measured,0.25,observed,-1.0,35.35,30.47,35.1,False,O,30.6,measured,34.85,30.475885954402138,0.643,598.3624,598.3624,640.1807,587.7355,587.7355,628.8111,
DUC_A01,1816,Protium heptaphyllum,Burseraceae,172459.2832,9672177.59,25.5,O,False,17.66,19.9,25.6,O,False,19.34,28.78,T05,20.09,19.9,measured,0.05,observed,-1.0,25.55,19.88,25.5,False,O,19.9,measured,25.45,19.875754574766276,0.6293,210.721,210.721,220.7584,209.6656,209.6656,219.6527,
DUC_A01,1817,Brosimum rubescens,Moraceae,172459.4496,9672176.393,20.6,O,False,12.55,15.9,19.4,O,False,13.53,17.07,T05,16.83,15.9,measured,0.0,observed,-1.0,19.4,15.9,20.6,False,O,15.9,measured,20.6,15.9,0.8251,111.6074,111.6074,152.3175,111.6074,111.6074,152.3175,
DUC_A01,1820,Protium heptaphyllum,Burseraceae,172459.2305,9672172.673,11.6,O,False,13.49,16.15,11.9,O,False,13.14,18.53,T05,12.03,16.15,measured,0.15,observed,-1.0,11.75,16.02,11.6,False,O,16.15,measured,11.45,16.000846139837083,0.6293,36.9368,36.9368,38.6962,35.6856,35.6856,37.3854,
DUC_A01,1821,Couma guianensis,Apocynaceae,172460.4103,9672171.661,17.2,O,False,17.2,21.39,17.8,O,False,11.38,19.08,T05,15.89,21.39,measured,0.3,observed,-1.0,17.5,21.15,17.2,False,O,21.39,measured,16.9,21.137858198744382,0.4667,104.833,104.833,82.03,100.1279,100.1279,78.3484,
DUC_A01,1822,Oenocarpus bacaba,Arecaceae,172461.2593,9672162.001,12.4,P,False,12.89,15.79,12.9,P,False,12.2,19.18,T05,12.74,15.79,measured,0.25,observed,-1.0,12.65,15.58,12.4,False,P,15.79,measured,12.15,15.56415222689396,0.65,41.1567,19.1261,19.1261,39.0003,18.085,18.085,
DUC_A01,1824,Pouteria reticulata,Sapotaceae,172463.0,9672153.255,29.0,O,False,29.5,32.93,30.6,O,False,22.72,30.82,T05,22.39,32.93,measured,0.8,observed,-1.0,29.8,32.42,29.0,False,O,32.93,measured,28.2,32.37905079752456,0.794,442.824,442.824,582.0768,412.4437,412.4437,542.1431,
DUC_A01,1825,Sagotia racemosa,Euphorbiaceae,172463.35,9672152.146,6.7,O,False,5.64,13.72,6.9,O,False,6.37,13.71,T05,8.08,13.72,measured,0.1,observed,-1.0,6.8,13.57,6.7,False,O,13.72,measured,6.6000000000000005,13.565794303510634,0.58,10.7899,10.7899,10.4387,10.3628,10.3628,10.0255,
DUC_A01,1826,Micrandra minor,Euphorbiaceae,172463.0134,9672149.763,22.7,O,False,18.24,23.74,23.2,O,False,17.13,24.11,T05,18.89,23.74,measured,0.25,observed,-1.0,22.95,23.58,22.7,False,O,23.74,measured,22.45,23.572716216155573,0.41,199.4768,199.4768,137.5605,193.8683,193.8683,133.6929,
DUC_A01,1827,Duckeodendron cestroides,Solanaceae,172464.9677,9672142.504,6.5,O,False,4.19,7.31,6.6,O,False,4.38,6.11,T05,7.81,7.31,measured,0.05,observed,-1.0,6.55,7.27,6.5,False,O,7.31,measured,6.45,7.2676099755190835,0.6343,5.5011,5.5011,5.8081,5.3881,5.3881,5.6889,
DUC_A01,1828,Protium heptaphyllum,Burseraceae,172463.9804,9672142.346,45.1,O,False,10.12,33.29,45.5,O,False,14.6,23.33,T05,27.91,33.29,measured,0.2,observed,-1.0,45.3,33.22,45.1,False,O,33.29,measured,44.9,33.21326789521146,0.6293,1059.7211,1059.7211,1110.1997,1048.2037,1048.2037,1098.1337,
DUC_A01,1829,Protium heptaphyllum,Burseraceae,172466.5284,9672132.27,8.2,O,False,5.44,12.75,8.4,O,False,11.53,14.74,T05,9.35,12.75,measured,0.1,observed,-1.0,8.3,12.64,8.2,False,O,12.75,measured,8.1,12.634887723413144,0.6293,14.9006,14.9006,15.6104,14.4197,14.4197,15.1066,
DUC_A01,1830,Caryocar glabrum,Caryocaraceae,172464.8785,9672129.676,33.7,O,False,15.12,20.09,35.0,O,False,14.29,23.38,T05,24.21,20.09,measured,0.65,observed,-1.0,34.35,19.87,33.7,False,O,20.09,measured,33.050000000000004,19.8654912346477,0.6536,366.5242,366.5242,398.431,349.0023,349.0023,379.3837,
DUC_A01,1831,Alexa grandiflora,Fabaceae,172462.2664,9672128.092,57.8,O,False,16.44,24.62,57.9,O,False,15.29,21.31,T05,31.42,24.62,measured,0.05,observed,-1.0,57.85,24.6,57.8,False,O,24.62,measured,57.75,24.610126565194886,0.66,1281.2709,1281.2709,1406.1778,1278.6076,1278.6076,1403.2548,
DUC_A01,1832,,,172467.4919,9672128.348,7.1,L,False,11.54,13.41,7.3,L,False,5.67,10.66,T05,8.43,13.41,measured,0.1,observed,-1.0,7.2,13.27,7.1,False,L,13.41,measured,7.0,13.268423112798498,0.6681,11.8165,11.8165,13.1235,11.3753,11.3753,12.6336,
DUC_A01,1833,Tetragastris panamensis,Burseraceae,172467.5413,9672128.356,18.5,O,False,11.78,15.66,18.9,O,False,10.9,16.47,T05,16.54,15.66,measured,0.2,observed,-1.0,18.7,15.55,18.5,False,O,15.66,measured,18.3,15.547217662015516,0.7173,89.1449,89.1449,106.1218,86.6599,86.6599,103.1636,
DUC_A01,1834,,,172467.8101,9672127.816,7.1,L,False,,,7.2,L,False,,,T05,8.34,12.56,local_fit,0.05,observed,-1.0,7.15,12.5,7.1,False,L,8.34,feldpausch,7.05,8.296026661811895,0.6681,7.4332,7.4332,8.2554,7.2936,7.2936,8.1004,
DUC_A01,1835,Eschweilera coriacea,Lecythidaceae,172465.3308,9672125.089,36.4,O,False,16.84,20.28,36.1,O,False,17.88,26.99,T05,24.63,20.28,measured,0.0,observed,-1.0,36.1,20.28,36.4,False,O,20.28,measured,36.4,20.28,0.8521,429.9608,429.9608,605.4856,429.9608,429.9608,605.4856,
DUC_A01,1836,Ormosia coccinea,Fabaceae,172468.0955,9672125.532,6.4,O,False,8.64,13.19,6.5,O,False,9.7,13.91,T05,7.72,13.19,measured,0.05,observed,-1.0,6.45,13.12,6.4,False,O,13.19,measured,6.3500000000000005,13.112227642982177,0.625,9.4947,9.4947,9.8807,9.2967,9.2967,9.6745,
DUC_A01,1837,,,172467.0281,9672123.031,19.9,O,False,17.69,21.89,19.8,O,True,2.59,14.93,T05,17.05,21.89,measured,0.0,observed,-1.0,19.8,21.89,19.9,False,O,21.89,measured,19.9,21.89,0.6681,142.5285,142.5285,158.2938,142.5285,142.5285,158.2938,
DUC_A01,1838,Eschweilera coriacea,Lecythidaceae,172468.4261,9672119.178,20.1,O,False,15.46,20.49,20.8,O,False,16.54,21.1,T05,17.61,20.49,measured,0.35,observed,-1.0,20.45,20.27,20.1,False,O,20.49,measured,19.75,20.255552351516073,0.8521,136.2587,136.2587,191.8842,130.1951,130.1951,183.3452,
DUC_A01,1839,Pouteria gongrijpii,Sapotaceae,172469.1793,9672108.232,28.4,O,False,27.38,37.15,29.0,O,False,21.5,25.15,T05,21.68,37.15,measured,0.3,observed,-1.0,28.7,36.93,28.4,False,O,37.15,measured,28.099999999999998,36.91203566258057,0.7994,478.2092,478.2092,632.7615,465.4697,465.4697,615.9048,
DUC_A01,1840,Micrandra minor,Euphorbiaceae,172470.9228,9672104.435,48.6,O,False,17.45,28.9,49.3,O,False,28.25,35.88,T05,29.08,28.9,measured,0.35,observed,-1.0,48.95,28.79,48.6,False,O,28.9,measured,48.25,28.79500982719191,0.41,1068.0977,1068.0977,736.5672,1049.4,1049.4,723.6732,
DUC_A01,1841,Protium heptaphyllum,Burseraceae,172470.5696,9672103.796,16.2,O,False,11.08,13.37,16.7,O,False,13.45,16.58,T05,15.22,13.37,measured,0.25,observed,-1.0,16.45,13.24,16.2,False,O,13.37,measured,15.95,13.229248551015823,0.6293,58.9574,58.9574,61.7658,56.6067,56.6067,59.3031,
DUC_A01,1842,,,172471.5309,9672100.455,14.9,O,True,,8.6,14.9,O,True,,9.16,T05,14.08,8.6,measured,0.0,observed,-1.0,14.9,8.6,14.9,True,O,8.6,measured,14.9,8.6,0.6681,32.553,25.9927,25.9927,32.553,25.9927,25.9927,
DUC_A01,1843,Erisma uncinatum,Vochysiaceae,172471.6933,9672099.316,11.9,O,False,12.84,15.54,13.3,O,False,14.22,17.21,T05,13.02,15.54,measured,0.7,observed,-1.0,12.6,14.96,11.9,False,O,15.54,measured,11.200000000000001,14.882836240077657,0.5231,37.3925,37.3925,32.7065,31.8475,31.8475,27.8564,
DUC_A01,1844,,,172471.2907,9672098.669,26.0,O,True,,1.95,26.0,O,True,,0.0,T05,20.29,1.95,measured,0.0,observed,-1.0,26.0,1.95,26.0,True,O,1.95,measured,26.0,1.95,0.6681,22.6758,23.5101,23.5101,22.6758,23.5101,23.5101,
DUC_A01,1845,Strychnos subcordata,Loganiaceae,172472.5612,9672097.126,6.4,O,False,7.97,10.11,6.7,O,False,7.14,11.8,T05,7.9,10.11,measured,0.15,observed,-1.0,6.55,9.94,6.4,False,O,10.11,measured,6.25,9.930714793581767,0.6959,7.3242,7.3242,8.4653,6.8718,6.8718,7.9424,
DUC_A01,1846,Oenocarpus bacaba,Arecaceae,172474.4917,9672085.786,14.9,P,False,16.2,21.23,16.1,P,False,18.15,22.03,T05,14.85,21.23,measured,0.6,observed,-1.0,15.5,20.69,14.9,False,P,21.23,measured,14.3,20.635790251358006,0.65,78.6364,31.6843,31.6843,70.5906,28.3,28.3,
DUC_A01,1847,Helicostylis sp.,Moraceae,172475.201,9672075.998,19.5,O,False,16.26,20.64,20.3,O,False,18.65,21.94,T05,17.33,20.64,measured,0.4,observed,-1.0,19.9,20.38,19.5,False,O,20.64,measured,19.1,20.359950507028834,0.643,129.3495,129.3495,138.3895,122.5756,122.5756,131.1421,
DUC_A01,1848,Micropholis acutangula,Sapotaceae,172477.3443,9672065.858,24.7,O,False,10.8,21.01,25.3,O,False,17.23,21.66,T05,19.95,21.01,measured,0.3,observed,-1.0,25.0,20.85,24.7,False,O,21.01,measured,24.4,20.849735317654265,0.6511,208.782,208.782,226.1244,202.3428,202.3428,219.1504,
DUC_A01,1849,,,172476.4951,9672065.722,61.5,O,True,,4.19,61.5,O,True,,4.71,T05,32.29,4.19,measured,0.0,observed,-1.0,61.5,4.19,61.5,True,O,4.19,measured,61.5,4.19,0.6681,256.8182,245.9126,245.9126,256.8182,245.9126,245.9126,
DUC_A01,1850,Mouriri collocarpa,Melastomataceae,172477.7826,9672057.07,26.5,O,False,17.86,24.23,26.9,O,False,17.11,23.86,T05,20.72,24.23,measured,0.2,observed,-1.0,26.7,24.11,26.5,False,O,24.23,measured,26.3,24.117238990919407,0.8333,275.2742,275.2742,379.3229,270.0014,270.0014,372.057,
DUC_A01,1852,Brosimum rubescens,Moraceae,172479.336,9672052.46,25.3,O,False,16.61,23.09,25.5,O,False,20.25,23.73,T05,20.05,23.09,measured,0.1,observed,-1.0,25.4,23.03,25.3,False,O,23.09,measured,25.2,23.033148860642985,0.8251,239.913,239.913,327.424,237.4933,237.4933,324.1218,
DUC_A01,1853,,,172480.146,9672049.556,8.5,O,True,,7.73,8.5,O,True,,1.9,T05,9.43,7.73,measured,0.0,observed,-1.0,8.5,7.73,8.5,True,O,7.73,measured,8.5,7.73,0.6681,9.8073,7.7523,7.7523,9.8073,7.7523,7.7523,
DUC_A01,1854,Helicostylis sp.,Moraceae,172480.0151,9672046.521,7.3,O,False,16.81,19.24,7.4,O,False,18.49,20.95,T05,8.51,19.24,measured,0.05,observed,-1.0,7.35,19.15,7.3,False,O,19.24,measured,7.25,19.141557894268914,0.643,17.744,17.744,18.9841,17.4201,17.4201,18.6375,
DUC_A01,1855,Poeppigia procera,Fabaceae,172479.8206,9672045.89,25.0,O,False,8.18,17.51,25.4,O,False,15.39,19.3,T05,20.0,17.51,measured,0.2,observed,-1.0,25.2,17.42,25.0,False,O,17.51,measured,24.8,17.4223839281452,0.735,178.9315,178.9315,218.1261,175.2877,175.2877,213.6841,
DUC_A01,1856,,,172478.8939,9672043.347,54.4,O,True,,22.12,54.4,O,True,,1.88,T05,30.51,22.12,measured,0.0,observed,-1.0,54.4,22.12,54.4,True,O,22.12,measured,54.4,22.12,0.6681,1025.3214,750.3977,750.3977,1025.3214,750.3977,750.3977,
DUC_A01,1857,Protium heptaphyllum,Burseraceae,172479.8559,9672039.861,23.6,O,False,10.69,20.68,23.0,O,False,10.73,20.0,T05,18.79,20.68,measured,0.0,observed,-1.0,23.0,20.68,23.6,False,O,20.68,measured,23.6,20.68,0.6293,188.0885,188.0885,197.0479,188.0885,188.0885,197.0479,
DUC_A01,1858,Endopleura uchi,Humiriaceae,172481.1576,9672037.63,29.9,O,False,19.93,25.92,30.2,O,False,24.53,28.59,T05,22.22,25.92,measured,0.15,observed,-1.0,30.05,25.84,29.9,False,O,25.92,measured,29.75,25.842384376929807,0.7944,372.1162,372.1162,489.3916,367.404,367.404,483.1943,
DUC_A01,1860,Licania sp.,Chrysobalanaceae,172481.9696,9672029.295,13.2,O,False,15.82,21.92,13.4,O,False,11.39,16.04,T05,13.08,21.92,measured,0.1,observed,-1.0,13.3,21.82,13.2,False,O,21.92,measured,13.1,21.80346465942846,0.8165,64.0444,64.0444,86.5112,62.7733,62.7733,84.7942,
DUC_A01,1861,Protium spruceanum,Burseraceae,172482.5511,9672028.17,8.7,O,False,4.73,13.51,9.1,O,False,6.27,13.24,T05,9.92,13.51,measured,0.2,observed,-1.0,8.9,13.29,8.7,False,O,13.51,measured,8.5,13.280867261274825,0.56,17.6979,17.6979,16.5454,16.6324,16.6324,15.5493,
DUC_A01,1862,Croton matourensis,Euphorbiaceae,172482.6473,9672026.976,72.0,O,False,16.74,32.08,69.6,O,False,19.61,23.65,T05,34.07,32.08,measured,0.0,observed,-1.0,69.6,32.08,72.0,False,O,32.08,measured,72.0,32.08,0.3883,2547.1731,2547.1731,1665.8911,2547.1731,2547.1731,1665.8911,
DUC_A01,1863,Protium heptaphyllum,Burseraceae,172483.4636,9672024.677,20.1,O,False,12.3,24.01,20.8,O,False,17.78,24.1,T05,17.61,24.01,measured,0.35,observed,-1.0,20.45,23.75,20.1,False,O,24.01,measured,19.75,23.735276327960026,0.6293,159.0604,159.0604,166.6371,151.9821,151.9821,159.2216,
DUC_A01,1864,Licania guianensis,Chrysobalanaceae,172482.7676,9672023.373,7.7,O,False,5.64,10.17,7.8,O,False,12.19,15.27,T05,8.85,10.17,measured,0.05,observed,-1.0,7.75,10.12,7.7,False,O,10.17,measured,7.65,10.120889304748514,0.8165,10.569,10.569,14.2767,10.3863,10.3863,14.0298,
DUC_A01,1865,Maquira coriacea,Moraceae,172484.6924,9672014.591,23.6,O,False,14.99,24.69,24.0,O,False,13.41,18.71,T05,19.3,24.69,measured,0.2,observed,-1.0,23.8,24.56,23.6,False,O,24.69,measured,23.400000000000002,24.55736434660428,0.5112,223.6071,223.6071,191.247,218.7698,218.7698,187.1098,
DUC_A01,1866,Hevea brasiliensis,Euphorbiaceae,172484.3203,9672012.125,26.6,O,False,24.81,33.25,27.7,O,False,23.67,29.06,T05,21.09,33.25,measured,0.55,observed,-1.0,27.15,32.86,26.6,False,O,33.25,measured,26.05,32.82468530141252,0.4666,377.6577,377.6577,295.485,358.038,358.038,280.1343,
DUC_A01,1867,Maquira coriacea,Moraceae,172484.6202,9671996.478,39.6,O,False,19.28,30.0,39.7,O,False,17.13,20.4,T05,25.97,30.0,measured,0.05,observed,-1.0,39.65,29.98,39.6,False,O,30.0,measured,39.550000000000004,29.979340986604928,0.5112,742.7318,742.7318,635.2447,740.4044,740.4044,633.2541,
DUC_A01,1868,Zygia racemosa,Fabaceae,172486.0074,9671994.862,44.1,O,False,24.16,37.46,45.2,O,False,28.24,35.16,T05,27.82,37.46,measured,0.55,observed,-1.0,44.65,37.22,44.1,False,O,37.46,measured,43.550000000000004,37.214124028135025,0.748,1138.1695,1138.1695,1411.4299,1103.5103,1103.5103,1368.4494,
DUC_A01,1869,,,172487.6492,9671983.627,53.7,O,True,,15.58,53.7,O,True,,16.36,T05,30.32,15.58,measured,0.0,observed,-1.0,53.7,15.58,53.7,True,O,15.58,measured,53.7,15.58,0.6681,710.0948,548.9442,548.9442,710.0948,548.9442,548.9442,
DUC_A01,1871,Swartzia polyphylla,Fabaceae,172491.1883,9671966.622,39.0,O,False,6.53,32.0,39.2,O,False,24.7,30.16,T05,25.79,32.0,measured,0.1,observed,-1.0,39.1,31.95,39.0,False,O,32.0,measured,38.9,31.954981778070945,0.691,767.7948,767.7948,881.252,762.9076,762.9076,875.6427,
DUC_A01,1872,Caraipa grandifolia,Calophyllaceae,172491.3375,9671964.833,60.0,O,False,14.27,36.64,62.0,O,False,25.86,31.71,T05,32.41,36.64,measured,1.0,observed,-1.0,61.0,36.37,60.0,False,O,36.64,measured,59.0,36.35995479154032,0.78,2031.5731,2031.5731,2624.4674,1951.3366,1951.3366,2520.8146,
DUC_A01,1873,Simarouba amara,Simaroubaceae,172492.0789,9671968.557,7.8,O,False,4.55,8.93,9.1,O,False,6.95,9.9,T05,9.92,8.93,measured,0.65,observed,-1.0,8.45,8.45,7.8,False,O,8.93,measured,7.1499999999999995,8.369678673675844,0.3833,9.5469,9.5469,6.1653,7.5619,7.5619,4.8834,
