site,tree_id,scientific_name,family_name,utm_easting,utm_northing,dbh,htot,hcom,date,dead,type,htot_feldpausch,htot_estimated,htot_estimation_method,dbh_incr_cm_yr,dbh_incr_source,gap_anos,dbh_lidar,htot_estimated_gap,dbh_used,dead_used,type_used,htot_used,htot_source,dbh_used_gap,htot_used_gap,rho_w_m3,iagc_m1_kgC,iagc_m2_kgC,iagc_m3_kgC,iagc_m1_kgC_gap,iagc_m2_kgC_gap,iagc_m3_kgC_gap,plot_id,quadra_id
FN_A01,98,,,70.661.811.988.124,86.448.789.419.992,20.0,13.23,1.47,20150812,True,O,17.17,17.17,feldpausch_regional,0.18,default,2.0,20.36,17.37,20.0,True,O,13.23,measured,20.36,13.385141623125344,0.6481,88.0468,66.6125,66.6125,92.2102,69.6936,69.6936,unknown,
FN_A01,100,,,7.066.328.629.808,8.644.868.699.504,31.4,16.72,1.34,20150812,True,O,22.73,22.73,feldpausch_regional,0.18,default,2.0,31.76,22.89,31.4,True,O,16.72,measured,31.759999999999998,16.832192381139436,0.6481,266.8984,198.8502,198.8502,274.6912,204.5519,204.5519,unknown,
FN_A01,104,,,7.066.203.391.618,8.644.890.205.604,25.2,5.62,1.43,20150812,True,O,19.9,19.9,feldpausch_regional,0.18,default,2.0,25.56,20.08,25.2,True,O,5.62,measured,25.56,5.669779327475503,0.6481,59.9428,52.4983,52.4983,62.1584,54.3999,54.3999,unknown,
FN_A01,105,,,70.661.820.815.078,86.448.832.846.724,44.0,25.33,2.73,20150812,True,O,27.43,27.43,feldpausch_regional,0.18,default,2.0,44.36,27.55,44.0,True,O,25.33,measured,44.36,25.438189261733072,0.6481,773.4429,548.4517,548.4517,789.1194,559.41,559.41,unknown,
FN_A01,122,,,706.623.882.547.259,86.450.487.597.179,22.6,6.86,1.26,20150812,True,O,18.58,18.58,feldpausch_regional,0.18,default,2.0,22.96,18.77,22.6,True,O,6.86,measured,22.96,6.929439870711817,0.6481,58.8752,49.7038,49.7038,61.3196,51.7243,51.7243,unknown,
FN_A01,123,,,706.622.169.951.968,864.505.377.060.984,16.0,7.1,1.64,20150812,True,O,14.79,14.79,feldpausch_regional,0.18,default,2.0,16.36,15.01,16.0,True,O,7.1,measured,16.36,7.208206682532765,0.6481,31.0264,25.6229,25.6229,32.8855,27.1224,27.1224,unknown,
FN_A01,124,,,706.622.193.376.096,864.505.506.358.048,38.0,4.99,1.11,20150812,True,O,25.35,25.35,feldpausch_regional,0.18,default,2.0,38.36,25.48,38.0,True,O,4.99,measured,38.36,5.016049079197804,0.6481,118.9993,108.3111,108.3111,121.8274,110.8441,110.8441,unknown,
FN_A01,125,,,706.625.031.992.733,864.505.710.066.806,22.3,18.54,1.43,20150812,True,O,18.42,18.42,feldpausch_regional,0.18,default,2.0,22.66,18.61,22.3,True,O,18.54,measured,22.66,18.730738385911565,0.6481,151.3655,109.1397,109.1397,157.7399,113.6395,113.6395,unknown,
FN_A01,127,,,706.623.332.755.312,864.517.235.569.728,52.9,5.01,1.66,20150812,True,O,30.1,30.1,feldpausch_regional,0.18,default,2.0,53.26,30.2,52.9,True,O,5.01,measured,53.26,5.02644319962044,0.6481,227.8703,210.5902,210.5902,231.6468,214.0391,214.0391,unknown,
FN_A01,128,,,706.629.474.129.368,864.518.355.687.892,60.1,32.31,2.41,20150812,True,O,31.96,31.96,feldpausch_regional,0.18,default,2.0,60.46,32.05,60.1,True,O,32.31,measured,60.46,32.397601889560484,0.6481,1802.7543,1248.6653,1248.6653,1828.7193,1266.4711,1266.4711,unknown,
FN_A01,129,,,70.666.221.253.672,86.451.845.076.528,75.0,23.35,2.2,20150812,True,O,35.13,35.13,feldpausch_regional,0.18,default,2.0,75.36,35.19,75.0,True,O,23.35,measured,75.36,23.394543173486184,0.6481,2023.1509,1490.8731,1490.8731,2045.9524,1507.5682,1507.5682,unknown,
FN_A01,130,,,706.633.172.160.128,864.532.064.590.624,50.0,4.44,1.97,20150812,True,O,29.28,29.28,feldpausch_regional,0.18,default,2.0,50.36,29.39,50.0,True,O,4.44,measured,50.36,4.455818986783303,0.6481,181.4245,170.435,170.435,184.6228,173.4018,173.4018,unknown,
FN_A01,131,,,706.626.401.125.172,864.536.217.705.576,17.8,5.72,1.97,20150812,True,O,15.89,15.89,feldpausch_regional,0.18,default,2.0,18.16,16.11,17.8,True,O,5.72,measured,18.16,5.796989324787395,0.6481,30.9385,26.5735,26.5735,32.5942,27.9635,27.9635,unknown,
FN_A01,132,,,70.666.671.130.568,86.453.169.351.144,41.0,1.64,0.95,20150812,True,O,26.42,26.42,feldpausch_regional,0.18,default,2.0,41.36,26.55,41.0,True,O,1.64,measured,41.36,1.647722624217064,0.6481,46.591,50.7422,50.7422,47.6107,51.836,51.836,unknown,
FN_A01,134,,,706.632.310.059.748,864.534.860.477.384,38.3,12.76,1.68,20150812,True,O,25.46,25.46,feldpausch_regional,0.18,default,2.0,38.66,25.59,38.3,True,O,12.76,measured,38.66,12.825909344387014,0.6481,302.1169,237.1608,237.1608,309.2359,242.6606,242.6606,unknown,
FN_A01,135,,,706.640.557.963.328,864.536.070.356.224,52.4,29.97,2.92,20150812,True,O,29.96,29.96,feldpausch_regional,0.18,default,2.0,52.76,30.06,52.4,True,O,29.97,measured,52.76,30.069742728161913,0.6481,1281.863,892.5895,892.5895,1303.3295,907.359,907.359,unknown,
FN_A01,136,,,706.652.546.626.688,864.535.538.019.104,45.9,5.6,1.93,20150812,True,O,28.04,28.04,feldpausch_regional,0.18,default,2.0,46.26,28.15,45.9,True,O,5.6,measured,46.26,5.622542183505548,0.6481,192.5531,173.6611,173.6611,196.2802,176.9765,176.9765,unknown,
FN_A01,137,,,70.699.539.055.716,86.447.177.872.144,21.2,3.69,1.46,20150813,True,O,17.83,17.83,feldpausch_regional,0.18,default,2.0,21.56,18.02,21.2,True,O,3.69,measured,21.56,3.7303538666243234,0.6481,28.3717,26.3365,26.3365,29.6327,27.482,27.482,unknown,
FN_A01,138,,,706.984.815.483.728,864.473.409.778.672,13.9,6.36,1.18,20150813,True,O,13.42,13.42,feldpausch_regional,0.18,default,2.0,14.26,13.66,13.9,True,O,6.36,measured,14.26,6.473922604218979,0.6481,21.1738,17.6733,17.6733,22.6465,18.8727,18.8727,unknown,
FN_A01,139,,,706.982.617.614.792,864.473.973.259.808,22.3,7.09,1.3,20150813,True,O,18.42,18.42,feldpausch_regional,0.18,default,2.0,22.66,18.61,22.3,True,O,7.09,measured,22.66,7.162941486305987,0.6481,59.2356,49.7162,49.7162,61.7301,51.7659,51.7659,unknown,
FN_A01,140,,,707.009.509.801.096,864.475.273.528.704,40.0,19.55,2.11,20150813,True,O,26.07,26.07,feldpausch_regional,0.18,default,2.0,40.36,26.2,40.0,True,O,19.55,measured,40.36,19.645215417937614,0.6481,498.7019,366.7225,366.7225,509.9129,374.8399,374.8399,unknown,
FN_A01,141,Qualea paraensis,Vochysiaceae,706.972.796.979.872,864.485.837.263.168,43.5,13.76,11.47,20150813,False,O,27.27,27.27,feldpausch_regional,0.18,default,2.0,43.86,27.39,43.5,False,O,13.76,measured,43.86,13.819714122361324,0.6893,416.9494,416.9494,477.4355,425.506,425.506,487.2334,unknown,
FN_A01,142,,,70.695.792.214.216,86.448.539.303.504,38.6,3.53,1.45,20150813,True,O,25.57,25.57,feldpausch_regional,0.18,default,2.0,38.96,25.7,38.6,True,O,3.53,measured,38.96,3.548042757489901,0.6481,87.52,84.2003,84.2003,89.5649,86.1367,86.1367,unknown,
FN_A01,143,Qualea paraensis,Vochysiaceae,706.950.349.077.536,864.486.281.499.584,55.8,26.39,17.85,20150813,False,O,30.88,30.88,feldpausch_regional,0.18,default,2.0,56.16,30.97,55.8,False,O,26.39,measured,56.16,26.470036219060468,0.6893,1280.0163,1280.0163,1465.7059,1300.0223,1300.0223,1488.6142,unknown,
FN_A01,144,,,706.952.373.804.941,864.487.969.423.635,37.1,26.58,3.47,20150813,True,O,25.01,25.01,feldpausch_regional,0.18,default,2.0,37.46,25.15,37.1,True,O,26.58,measured,37.46,26.723285465734214,0.6481,581.0911,405.5956,405.5956,595.2638,415.3277,415.3277,unknown,
FN_A01,145,,,70.696.727.154.888,86.449.029.563.912,36.2,20.71,2.24,20150813,True,O,24.67,24.67,feldpausch_regional,0.18,default,2.0,36.56,24.81,36.2,True,O,20.71,measured,36.56,20.8253573914534,0.6481,434.1618,314.856,314.856,445.0359,322.612,322.612,unknown,
FN_A01,146,,,706.898.277.094,8.645.017.977,35.1,10.32,2.31,20150813,True,O,24.25,24.25,feldpausch_regional,0.18,default,2.0,35.46,24.39,35.1,True,O,10.32,measured,35.46,10.379882374447984,0.6481,207.1341,167.4417,167.4417,212.4978,171.7048,171.7048,unknown,
FN_A01,147,Anacardium spruceanum,Anacardiaceae,70.688.945.361.016,86.449.991.339.336,36.1,21.82,13.06,20150813,False,O,24.63,24.63,feldpausch_regional,0.18,default,2.0,36.46,24.77,36.1,False,O,21.82,measured,36.46,21.94198787257711,0.4792,454.3986,454.3986,364.8516,465.8136,465.8136,374.0171,unknown,
FN_A01,148,,,706.891.201.526.848,864.500.649.499.808,13.0,13.22,1.8,20150813,True,O,12.81,12.81,feldpausch_regional,0.18,default,2.0,13.36,13.06,13.0,True,O,13.22,measured,13.36,13.47549148529195,0.6481,37.949,28.1264,28.1264,40.7822,30.1745,30.1745,unknown,
FN_A01,149,,,70.689.457.535.816,86.450.046.306.316,57.6,5.57,2.11,20150813,True,O,31.34,31.34,feldpausch_regional,0.18,default,2.0,57.96,31.43,57.6,True,O,5.57,measured,57.96,5.5861074855687365,0.6481,298.3734,272.2789,272.2789,302.8768,276.345,276.345,unknown,
FN_A01,150,,,7.068.875.876.412,8.645.016.022.372,47.5,2.03,1.4,20150813,True,O,28.54,28.54,feldpausch_regional,0.18,default,2.0,47.86,28.65,47.5,True,O,2.03,measured,47.86,2.03778438926612,0.6481,76.4685,81.0921,81.0921,77.8943,82.5841,82.5841,unknown,
FN_A01,151,,,706.881.587.638.448,864.515.023.136.832,47.4,27.46,1.61,20150813,True,O,28.51,28.51,feldpausch_regional,0.18,default,2.0,47.76,28.62,47.4,True,O,27.46,measured,47.76,27.56561638043307,0.6481,967.7245,679.9441,679.9441,985.8098,692.4826,692.4826,unknown,
FN_A01,152,,,706.872.279.695.872,864.514.275.371.648,59.3,18.7,1.95,20150813,True,O,31.76,31.76,feldpausch_regional,0.18,default,2.0,59.66,31.85,59.3,True,O,18.7,measured,59.66,18.751747520231447,0.6481,1029.8663,777.2045,777.2045,1044.9202,788.4499,788.4499,unknown,
FN_A01,153,,,7.068.360.400.072,8.645.169.015.728,38.0,18.35,1.73,20150813,True,O,25.35,25.35,feldpausch_regional,0.18,default,2.0,38.36,25.48,38.0,True,O,18.35,measured,38.36,18.445791704064067,0.6481,424.1379,314.2541,314.2541,434.2177,321.6034,321.6034,unknown,
FN_A01,154,,,7.068.352.519.668,8.645.174.069.602,38.7,10.06,1.85,20150813,True,O,25.61,25.61,feldpausch_regional,0.18,default,2.0,39.06,25.74,38.7,True,O,10.06,measured,39.06,10.111240044674531,0.6481,244.4602,199.3455,199.3455,250.1561,203.9172,203.9172,unknown,
FN_A01,155,Aniba parviflora,Lauraceae,706.873.955.175.032,864.514.161.075.888,48.0,27.39,19.72,20150813,False,O,28.69,28.69,feldpausch_regional,0.18,default,2.0,48.36,28.8,48.0,False,O,27.39,measured,48.36,27.49347582569491,0.54,989.3123,989.3123,892.6354,1007.5487,1007.5487,909.0897,unknown,
FN_A01,1,Croton urucurana,Euphorbiaceae,706.748.291.682.592,864.265.970.746.704,11.2,14.82,10.3,20150814,False,O,11.53,11.53,feldpausch_regional,0.18,default,2.0,11.56,11.79,11.2,False,O,14.82,measured,11.559999999999999,15.158564627626092,0.528,31.7163,31.7163,27.9961,34.4887,34.4887,30.4433,unknown,
FN_A01,2,Inga sp.,Fabaceae,706.772.440.491.952,864.266.955.557.024,11.8,11.46,5.67,20150814,False,O,11.96,11.96,feldpausch_regional,0.18,default,2.0,12.16,12.22,11.8,False,O,11.46,measured,12.16,11.70697924362944,0.5786,27.3236,27.3236,26.3703,29.5837,29.5837,28.5515,unknown,
FN_A01,3,Croton urucurana,Euphorbiaceae,706.783.504.461.256,864.267.299.097.072,14.2,11.67,7.46,20150814,False,O,13.62,13.62,feldpausch_regional,0.18,default,2.0,14.56,13.86,14.2,False,O,11.67,measured,14.559999999999999,11.874008800472305,0.528,39.9198,39.9198,35.2374,42.6343,42.6343,37.6334,unknown,
FN_A01,4,Cecropia palmata,Urticaceae,7.067.850.947.556,8.642.672.562.792,12.4,12.92,10.08,20150814,False,O,12.39,12.39,feldpausch_regional,0.18,default,2.0,12.76,12.64,12.4,False,O,12.92,measured,12.76,13.183364826048509,0.3404,33.8386,33.8386,19.4595,36.4945,36.4945,20.9869,unknown,
FN_A01,5,,,7.067.987.113.522,8.642.637.205.014,37.5,29.5,14.41,20150814,True,O,25.16,25.16,feldpausch_regional,0.18,default,2.0,37.86,25.3,37.5,True,O,29.5,measured,37.86,29.656759947472164,0.6481,656.9253,451.2699,451.2699,672.7628,461.9744,461.9744,unknown,
FN_A01,6,,,70.680.166.618.908,86.426.405.556.996,52.0,4.02,1.27,20150814,True,O,29.85,29.85,feldpausch_regional,0.18,default,2.0,52.36,29.95,52.0,True,O,4.02,measured,52.36,4.033529649452608,0.6481,177.7558,169.9507,169.9507,180.7577,172.7863,172.7863,unknown,
FN_A01,7,Cordia scabrifolia,Boraginaceae,70.678.333.097.688,86.426.245.164.256,47.0,30.21,18.29,20150814,False,O,28.38,28.38,feldpausch_regional,0.18,default,2.0,47.36,28.49,47.0,False,O,30.21,measured,47.36,30.32760083765376,0.474,1044.7751,1044.7751,830.055,1064.4818,1064.4818,845.7116,unknown,
FN_A01,8,Bowdichia nitida,Fabaceae,706.762.620.943.992,864.262.256.386.504,39.7,25.14,17.06,20150814,False,O,25.97,25.97,feldpausch_regional,0.18,default,2.0,40.06,26.09,39.7,False,O,25.14,measured,40.06,25.26370050056153,0.8033,628.1397,628.1397,835.1393,642.3763,642.3763,854.0674,unknown,
FN_A01,9,,,706.753.689.180.992,864.264.879.643.104,52.1,12.67,1.89,20150814,True,O,29.88,29.88,feldpausch_regional,0.18,default,2.0,52.46,29.98,52.1,True,O,12.67,measured,52.46,12.71252243675287,0.6481,547.0637,436.3211,436.3211,556.2829,443.5858,443.5858,unknown,
FN_A01,10,,,70.677.420.098.924,86.426.519.855.208,37.5,12.39,1.85,20150814,True,O,25.16,25.16,feldpausch_regional,0.18,default,2.0,37.86,25.3,37.5,True,O,12.39,measured,37.86,12.455839177938309,0.6481,281.7133,221.9496,221.9496,288.505,227.2144,227.2144,unknown,
FN_A01,11,Micropholis venulosa,Sapotaceae,70.688.142.955.024,86.427.156.028.848,11.5,8.85,8.3,20150814,False,O,11.75,11.75,feldpausch_regional,0.18,default,2.0,11.86,12.01,11.5,False,O,8.85,measured,11.86,9.046303684422615,0.67,20.1911,20.1911,22.4871,21.9074,21.9074,24.3985,unknown,
FN_A01,12,Schefflera morototoni,Araliaceae,7.068.858.422.124,8.642.715.382.968,11.4,9.62,7.31,20150814,False,O,11.67,11.67,feldpausch_regional,0.18,default,2.0,11.76,11.93,11.4,False,O,9.62,measured,11.76,9.835474398294515,0.4559,21.5337,21.5337,16.4715,23.381,23.381,17.8846,unknown,
FN_A01,13,,,70.688.504.540.616,86.427.095.889.032,17.1,14.64,1.22,20150814,True,O,15.47,15.47,feldpausch_regional,0.18,default,2.0,17.46,15.69,17.1,True,O,14.64,measured,17.46,14.846523187883715,0.6481,71.5875,52.901,52.901,75.5852,55.7875,55.7875,unknown,
FN_A01,14,Inga sp.,Fabaceae,706.890.773.986,864.271.648.122,10.0,13.07,7.71,20150814,False,O,10.62,10.62,feldpausch_regional,0.18,default,2.0,10.36,10.9,10.0,False,O,13.07,measured,10.36,13.408558144882985,0.5786,22.4877,22.4877,21.7031,24.704,24.704,23.8421,unknown,
FN_A01,15,Schefflera morototoni,Araliaceae,706.890.189.690.872,864.271.839.871.744,12.7,11.71,7.09,20150814,False,O,12.6,12.6,feldpausch_regional,0.18,default,2.0,13.06,12.85,12.7,False,O,11.71,measured,13.059999999999999,11.94235621745845,0.4559,32.2105,32.2105,24.6384,34.6754,34.6754,26.5239,unknown,
FN_A01,16,,,706.889.150.244.788,864.272.011.441.176,12.7,5.64,1.09,20150814,True,O,12.6,12.6,feldpausch_regional,0.18,default,2.0,13.06,12.85,12.7,True,O,5.64,measured,13.059999999999999,5.751911961269483,0.6481,15.7882,13.3725,13.3725,16.9965,14.3705,14.3705,unknown,
FN_A01,17,,,70.689.106.326.944,86.427.209.626.488,35.7,2.81,1.05,20150814,True,O,24.48,24.48,feldpausch_regional,0.18,default,2.0,36.06,24.62,35.7,True,O,2.81,measured,36.06,2.825943696072198,0.6481,60.146,59.7637,59.7637,61.6752,61.258,61.258,unknown,
FN_A01,18,Pouteria sp.,Sapotaceae,706.895.983.990.712,864.270.681.991.824,41.9,26.73,16.59,20150814,False,O,26.73,26.73,feldpausch_regional,0.18,default,2.0,42.26,26.85,41.9,False,O,26.73,measured,42.26,26.85217214475702,0.7187,740.9236,740.9236,883.7004,756.7614,756.7614,902.5901,unknown,
FN_A01,19,Aniba parviflora,Lauraceae,706.904.884.756.016,864.270.858.776.032,51.5,25.95,17.36,20150814,False,O,29.71,29.71,feldpausch_regional,0.18,default,2.0,51.86,29.81,51.5,False,O,25.95,measured,51.86,26.038576312444587,0.54,1076.7291,1076.7291,971.5097,1095.106,1095.106,988.0908,unknown,
FN_A01,20,Mezilaurus itauba,Lauraceae,7.069.120.280.656,8.642.703.916.728,48.0,20.86,12.62,20150814,False,O,28.69,28.69,feldpausch_regional,0.18,default,2.0,48.36,28.8,48.0,False,O,20.86,measured,48.36,20.93880634260664,0.7443,758.3931,758.3931,935.9331,772.3729,772.3729,953.1856,unknown,
FN_A01,21,,,706.913.182.858.272,864.270.682.278.544,44.1,4.72,2.36,20150814,True,O,27.46,27.46,feldpausch_regional,0.18,default,2.0,44.46,27.58,44.1,True,O,4.72,measured,44.46,4.74009629533862,0.6481,150.7205,139.3867,139.3867,153.7678,142.1649,142.1649,unknown,
FN_A01,22,Aspidosperma excelsum,Apocynaceae,706.918.933.192.512,864.270.523.432.224,40.3,26.52,16.38,20150814,False,O,26.18,26.18,feldpausch_regional,0.18,default,2.0,40.66,26.3,40.3,False,O,26.52,measured,40.66,26.647853758538943,0.792,681.4341,681.4341,893.5195,696.6293,696.6293,913.4439,unknown,
FN_A01,23,Qualea paraensis,Vochysiaceae,70.691.558.321.704,86.427.187.712.808,39.6,30.53,15.75,20150814,False,O,25.93,25.93,feldpausch_regional,0.18,default,2.0,39.96,26.06,39.6,False,O,30.53,measured,39.96,30.680737228925825,0.6893,755.5358,755.5358,865.14,772.7066,772.7066,884.8018,unknown,
FN_A01,24,Dipteryx odorata,Fabaceae,70.691.687.020.196,86.427.050.823.172,41.7,19.72,13.73,20150814,False,O,26.66,26.66,feldpausch_regional,0.18,default,2.0,42.06,26.79,41.7,False,O,19.72,measured,42.06,19.810727575910455,0.9228,545.5008,545.5008,830.313,557.2221,557.2221,848.154,unknown,
FN_A01,25,,,7.069.277.612.426,8.642.717.636.472,37.9,7.98,1.47,20150814,True,O,25.31,25.31,feldpausch_regional,0.18,default,2.0,38.26,25.44,37.9,True,O,7.98,measured,38.26,8.021805432763088,0.6481,187.2058,158.189,158.189,191.6675,161.8989,161.8989,unknown,
FN_A01,26,,,70.692.202.949.228,86.426.846.207.456,36.0,6.25,1.35,20150814,True,O,24.6,24.6,feldpausch_regional,0.18,default,2.0,36.36,24.73,36.0,True,O,6.25,measured,36.36,6.285070498330551,0.6481,133.3958,116.8677,116.8677,136.7569,119.7636,119.7636,unknown,
FN_A01,27,Helicostylis sp.,Moraceae,706.896.026.017.832,864.269.367.200.264,37.1,24.64,15.22,20150814,False,O,25.01,25.01,feldpausch_regional,0.18,default,2.0,37.46,25.15,37.1,False,O,24.64,measured,37.46,24.772827459582057,0.643,539.6596,539.6596,577.3753,552.8218,552.8218,591.4574,unknown,
FN_A01,28,Heisteria densifrons,Olacaceae,707.024.532.813.232,864.277.751.404.952,16.6,10.0,5.59,20150814,False,O,15.16,15.16,feldpausch_regional,0.18,default,2.0,16.96,15.38,16.6,False,O,10.0,measured,16.96,10.146030790858669,0.65,46.5706,46.5706,50.3546,49.2544,49.2544,53.2565,unknown,
FN_A01,29,Cordia scabrifolia,Boraginaceae,707.025.575.412.726,86.427.740.257.235,52.1,28.57,16.51,20150814,False,O,29.88,29.88,feldpausch_regional,0.18,default,2.0,52.46,29.98,52.1,False,O,28.57,measured,52.46,28.665885242149134,0.474,1209.7519,1209.7519,961.1261,1230.1387,1230.1387,977.323,unknown,
FN_A01,30,Trattinnickia burserifolia,Burseraceae,707.026.062.202,864.276.860.572,62.7,27.27,17.38,20150814,False,O,32.57,32.57,feldpausch_regional,0.18,default,2.0,63.06,32.66,62.7,False,O,27.27,measured,63.06,27.339273271598174,0.46,1659.4173,1659.4173,1280.3587,1682.2267,1682.2267,1297.9577,unknown,
FN_A01,31,Sloanea guianensis,Elaeocarpaceae,707.033.545.035.888,864.278.029.731.168,13.9,16.28,10.65,20150814,False,O,13.42,13.42,feldpausch_regional,0.18,default,2.0,14.26,13.66,13.9,False,O,16.28,measured,14.26,16.57161320702594,0.8212,52.9908,52.9908,71.9825,56.6764,56.6764,76.989,unknown,
FN_A01,32,Helicostylis sp.,Moraceae,7.070.360.693.576,8.642.778.171.396,12.6,10.22,7.11,20150814,False,O,12.53,12.53,feldpausch_regional,0.18,default,2.0,12.96,12.78,12.6,False,O,10.22,measured,12.959999999999999,10.424606648986508,0.643,27.7721,27.7721,29.713,29.9152,29.9152,32.0059,unknown,
FN_A01,33,Tetragastris altissima,Burseraceae,707.040.329.861.512,864.278.094.632.832,12.7,10.77,8.63,20150814,False,O,12.6,12.6,feldpausch_regional,0.18,default,2.0,13.06,12.85,12.7,False,O,10.77,measured,13.059999999999999,10.983704223913534,0.7079,29.6844,29.6844,34.8818,31.956,31.956,37.5512,unknown,
FN_A01,34,Maquira coriacea,Moraceae,707.040.366.007.368,864.277.604.592.048,35.0,19.68,15.03,20150814,False,O,24.21,24.21,feldpausch_regional,0.18,default,2.0,35.36,24.35,35.0,False,O,19.68,measured,35.36,19.79462510337316,0.5112,386.7675,386.7675,330.7951,396.8138,396.8138,339.3875,unknown,
FN_A01,35,Maquira coriacea,Moraceae,70.704.563.967.944,86.427.790.297.584,38.3,23.76,16.97,20150814,False,O,25.46,25.46,feldpausch_regional,0.18,default,2.0,38.66,25.59,38.3,False,O,23.76,measured,38.66,23.882727744720647,0.5112,554.231,554.231,474.0235,567.2908,567.2908,485.1933,unknown,
FN_A01,36,Aspidosperma spruceanum,Apocynaceae,70.704.875.642.344,86.427.835.688.124,21.7,22.75,14.36,20150814,False,O,18.1,18.1,feldpausch_regional,0.18,default,2.0,22.06,18.29,21.7,False,O,22.75,measured,22.06,22.99190231839986,0.7533,175.2443,175.2443,218.8305,182.8419,182.8419,228.3177,unknown,
FN_A01,37,Thyrsodium spruceanum,Anacardiaceae,707.051.310.828.144,864.278.787.986.784,40.7,23.72,17.18,20150814,False,O,26.32,26.32,feldpausch_regional,0.18,default,2.0,41.06,26.44,40.7,False,O,23.72,measured,41.06,23.832823369926064,0.64,623.0185,623.0185,663.5245,636.7629,636.7629,678.1625,unknown,
FN_A01,38,Albizia pedicellaris,Fabaceae,7.070.545.906.216,8.642.786.050.836,49.2,30.64,18.55,20150814,False,O,29.05,29.05,feldpausch_regional,0.18,default,2.0,49.56,29.15,49.2,False,O,30.64,measured,49.56,30.751731533731128,0.5446,1158.2289,1158.2289,1053.8218,1179.0105,1179.0105,1072.7301,unknown,
FN_A01,39,Nectandra cuspidata,Lauraceae,7.070.622.281.656,8.642.783.908.696,37.0,21.11,12.63,20150814,False,O,24.98,24.98,feldpausch_regional,0.18,default,2.0,37.36,25.11,37.0,False,O,21.11,measured,37.36,21.224209434297475,0.518,461.6268,461.6268,399.9459,472.9187,472.9187,409.729,unknown,
FN_A01,40,Tetragastris altissima,Burseraceae,70.707.575.156.832,86.427.594.422.352,38.5,22.56,13.67,20150814,False,O,25.53,25.53,feldpausch_regional,0.18,default,2.0,38.86,25.66,38.5,False,O,22.56,measured,38.86,22.675714287871273,0.7079,532.2786,532.2786,625.4755,544.7505,544.7505,640.1312,unknown,
FN_A01,41,Cordia scabrifolia,Boraginaceae,70.706.117.940.832,86.427.428.176.352,56.7,22.76,15.42,20150814,False,O,31.11,31.11,feldpausch_regional,0.18,default,2.0,57.06,31.2,56.7,False,O,22.76,measured,57.06,22.8273947097896,0.474,1143.0229,1143.0229,908.1111,1160.5763,1160.5763,922.0569,unknown,
FN_A01,42,Aniba parviflora,Lauraceae,70.705.428.995.072,86.427.602.180.592,36.0,24.68,17.76,20150814,False,O,24.6,24.6,feldpausch_regional,0.18,default,2.0,36.36,24.73,36.0,False,O,24.68,measured,36.36,24.81848638380768,0.54,509.6735,509.6735,459.8675,522.5155,522.5155,471.4546,unknown,
FN_A01,43,Tetragastris altissima,Burseraceae,70.704.765.248.176,86.427.553.407.536,52.0,18.95,13.72,20150814,False,O,29.85,29.85,feldpausch_regional,0.18,default,2.0,52.36,29.95,52.0,False,O,18.95,measured,52.36,19.013777825155948,0.7079,807.3202,807.3202,948.6742,820.9539,820.9539,964.6951,unknown,
FN_A01,44,Cordia scabrifolia,Boraginaceae,707.045.252.304.601,864.275.742.856.529,48.2,21.81,14.52,20150814,False,O,28.75,28.75,feldpausch_regional,0.18,default,2.0,48.56,28.86,48.2,False,O,21.81,measured,48.56,21.891907471561808,0.474,798.5396,798.5396,634.4253,813.1927,813.1927,646.0669,unknown,
FN_A01,45,,,70.716.669.554.472,86.428.351.521.304,20.3,3.91,1.36,20150814,True,O,17.33,17.33,feldpausch_regional,0.18,default,2.0,20.66,17.53,20.3,True,O,3.91,measured,20.66,3.9550428042244437,0.6481,27.584,25.3193,25.3193,28.8679,26.4722,26.4722,unknown,
FN_A01,46,,,70.716.728.329.433,864.283.451.830.267,10.3,3.71,1.17,20150814,True,O,10.85,10.85,feldpausch_regional,0.18,default,2.0,10.66,11.12,10.3,True,O,3.71,measured,10.66,3.8030149646217697,0.6481,6.9699,6.2443,6.2443,7.6357,6.8253,6.8253,unknown,
FN_A01,47,Inga alba,Fabaceae,707.166.680.274.752,864.283.622.441.664,14.4,14.5,11.06,20150814,False,O,13.76,13.76,feldpausch_regional,0.18,default,2.0,14.76,13.99,14.4,False,O,14.5,measured,14.76,14.749462907265483,0.5861,50.7083,50.7083,49.5624,54.1057,54.1057,52.8829,unknown,
FN_A01,48,,,707.166.278.927.674,864.283.304.645.075,20.2,2.97,1.41,20150814,True,O,17.28,17.28,feldpausch_regional,0.18,default,2.0,20.56,17.48,20.2,True,O,2.97,measured,20.56,3.0044165627798964,0.6481,20.889,20.0206,20.0206,21.8663,20.937,20.937,unknown,
FN_A01,49,Inga alba,Fabaceae,70.716.893.773.168,86.428.349.483.376,11.7,13.69,7.97,20150814,False,O,11.89,11.89,feldpausch_regional,0.18,default,2.0,12.06,12.15,11.7,False,O,13.69,measured,12.059999999999999,13.987863167517338,0.5861,31.9661,31.9661,31.2437,34.6341,34.6341,33.8514,unknown,
FN_A01,50,,,70.717.614.340.648,86.428.409.673.936,18.3,6.65,1.75,20150814,True,O,16.19,16.19,feldpausch_regional,0.18,default,2.0,18.66,16.4,18.3,True,O,6.65,measured,18.66,6.736638612440133,0.6481,37.8302,31.7709,31.7709,39.7961,33.3848,33.3848,unknown,
FN_A01,51,Ormosia coccinea,Fabaceae,7.071.885.979.648,8.642.844.735.936,19.9,15.83,8.21,20150814,False,O,17.11,17.11,feldpausch_regional,0.18,default,2.0,20.26,17.31,19.9,False,O,15.83,measured,20.259999999999998,16.016743148601243,0.625,103.876,103.876,108.0982,108.8141,108.8141,113.2371,unknown,
FN_A01,52,Pouteria gongrijpii,Sapotaceae,70.720.123.223.416,86.428.506.854.712,30.5,26.49,14.66,20150814,False,O,22.35,22.35,feldpausch_regional,0.18,default,2.0,30.86,22.5,30.5,False,O,26.49,measured,30.86,26.674520604610308,0.7994,395.1318,395.1318,522.8344,407.0351,407.0351,538.5847,unknown,
FN_A01,53,,,7.071.952.948.416,8.642.838.917.632,52.8,14.21,,20150814,True,O,30.07,30.07,feldpausch_regional,0.18,default,2.0,53.16,30.17,52.8,True,O,14.21,measured,53.16,14.256767983072097,0.6481,628.0207,492.2087,492.2087,638.4504,500.2864,500.2864,unknown,
FN_A01,54,Tetragastris altissima,Burseraceae,70.719.669.714.024,86.428.042.798.168,42.0,29.89,17.89,20150814,False,O,26.77,26.77,feldpausch_regional,0.18,default,2.0,42.36,26.89,42.0,False,O,29.89,measured,42.36,30.02616747992167,0.7079,830.15,830.15,975.5014,847.8492,847.8492,996.2995,unknown,
FN_A01,55,,,70.719.304.618.852,86.428.209.010.064,42.6,24.21,,20150814,True,O,26.97,26.97,feldpausch_regional,0.18,default,2.0,42.96,27.09,42.6,True,O,24.21,measured,42.96,24.31815348887088,0.6481,694.7797,495.4347,495.4347,709.3661,505.684,505.684,unknown,
FN_A01,56,Cordia scabrifolia,Boraginaceae,709.908.822.081.909,864.160.832.867.571,35.9,26.29,22.2,20150815,False,O,24.56,24.56,feldpausch_regional,0.18,default,2.0,36.26,24.7,35.9,False,O,26.29,measured,36.26,26.438066209455258,0.474,539.1637,539.1637,428.3559,552.7897,552.7897,439.1814,unknown,
FN_A01,57,Eugenia punicifolia,Myrtaceae,709.908.782.460.464,864.161.183.353.136,12.9,15.18,10.51,20150815,False,O,12.74,12.74,feldpausch_regional,0.18,default,2.0,13.26,12.99,12.9,False,O,15.18,measured,13.26,15.47594271590425,0.7307,42.7812,42.7812,51.8574,46.0014,46.0014,55.7608,unknown,
FN_A01,58,Qualea paraensis,Vochysiaceae,709.911.311.906.224,864.160.741.598.776,42.4,27.63,18.27,20150815,False,O,26.9,26.9,feldpausch_regional,0.18,default,2.0,42.76,27.02,42.4,False,O,27.63,measured,42.76,27.754236888857726,0.6893,783.189,783.189,896.8048,799.7158,799.7158,915.7291,unknown,
FN_A01,59,Casearia javitensis,Salicaceae,709.914.281.163,864.161.117.172,11.2,11.26,5.62,20150815,False,O,11.53,11.53,feldpausch_regional,0.18,default,2.0,11.56,11.79,11.2,False,O,11.26,measured,11.559999999999999,11.517236012622792,0.753,24.2569,24.2569,30.2769,26.3773,26.3773,32.9235,unknown,
FN_A01,60,Pouteria sp.,Sapotaceae,709.912.574.143.912,864.161.360.929.088,24.3,23.15,11.09,20150815,False,O,19.45,19.45,feldpausch_regional,0.18,default,2.0,24.66,19.63,24.3,False,O,23.15,measured,24.66,23.364457797108216,0.7187,222.3135,222.3135,265.1536,230.8562,230.8562,275.3424,unknown,
FN_A01,61,Pouteria gongrijpii,Sapotaceae,709.914.144.586.112,864.161.614.060.688,16.3,17.41,11.2,20150815,False,O,14.98,14.98,feldpausch_regional,0.18,default,2.0,16.66,15.2,16.3,False,O,17.41,measured,16.66,17.669683328707304,0.7994,77.2095,77.2095,102.1628,81.7458,81.7458,108.1652,unknown,
FN_A01,62,Poeppigia procera,Fabaceae,709.914.767.593.024,864.161.536.810.976,22.8,19.35,13.67,20150815,False,O,18.68,18.68,feldpausch_regional,0.18,default,2.0,23.16,18.87,22.8,False,O,19.35,measured,23.16,19.543782075254413,0.735,164.7973,164.7973,200.8958,171.5753,171.5753,209.1585,unknown,
FN_A01,63,Qualea paraensis,Vochysiaceae,709.918.621.384.096,864.161.323.544.104,42.5,26.88,18.18,20150815,False,O,26.93,26.93,feldpausch_regional,0.18,default,2.0,42.86,27.06,42.5,False,O,26.88,measured,42.86,27.000471894649593,0.6893,765.9472,765.9472,877.0618,782.0688,782.0688,895.5221,unknown,
FN_A01,64,,,709.922.187.774.584,864.162.260.122.016,13.0,6.26,,20150815,True,O,12.81,12.81,feldpausch_regional,0.18,default,2.0,13.36,13.06,13.0,True,O,6.26,measured,13.36,6.3809815959098035,0.6481,18.2951,15.2596,15.2596,19.661,16.3708,16.3708,unknown,
FN_A01,65,Inga alba,Fabaceae,70.992.500.368.888,86.416.235.759.312,11.1,13.4,8.72,20150815,False,O,11.45,11.45,feldpausch_regional,0.18,default,2.0,11.46,11.72,11.1,False,O,13.4,measured,11.459999999999999,13.709198040875389,0.5861,28.2479,28.2479,27.6095,30.7406,30.7406,30.0459,unknown,
FN_A01,66,Helicostylis sp.,Moraceae,70.992.825.324.312,86.416.261.815.888,14.8,16.4,10.87,20150815,False,O,14.02,14.02,feldpausch_regional,0.18,default,2.0,15.16,14.25,14.8,False,O,16.4,measured,15.16,16.673435185069515,0.643,60.3253,60.3253,64.5413,64.2513,64.2513,68.7417,unknown,
FN_A01,67,Protium paniculatum,Burseraceae,70.993.030.971.936,86.416.252.467.264,11.1,6.61,5.1,20150815,False,O,11.45,11.45,feldpausch_regional,0.18,default,2.0,11.46,11.72,11.1,False,O,6.61,measured,11.459999999999999,6.7625223171780835,0.49,14.1725,14.1725,11.6306,15.4232,15.4232,12.657,unknown,
FN_A01,68,Mouriri collocarpa,Melastomataceae,709.935.355.872.358,864.162.824.174.681,13.4,13.13,11.28,20150815,False,O,13.08,13.08,feldpausch_regional,0.18,default,2.0,13.76,13.33,13.4,False,O,13.13,measured,13.76,13.375189845709265,0.8333,39.9941,39.9941,55.1111,42.8857,42.8857,59.0957,unknown,
FN_A01,69,Ormosia coccinea,Fabaceae,7.099.435.212.414,8.641.634.495.976,10.3,10.0,5.96,20150815,False,O,10.85,10.85,feldpausch_regional,0.18,default,2.0,10.66,11.12,10.3,False,O,10.0,measured,10.66,10.250714190355176,0.625,18.3451,18.3451,19.0907,20.0973,20.0973,20.9142,unknown,
FN_A01,70,Mayna odorata,Achariaceae,709.943.153.297.976,864.163.668.760.224,11.0,10.3,5.86,20150815,False,O,11.38,11.38,feldpausch_regional,0.18,default,2.0,11.36,11.64,11.0,False,O,10.3,measured,11.36,10.540073004720451,0.6481,21.4678,21.4678,23.1469,23.3805,23.3805,25.2092,unknown,
FN_A01,71,,,709.945.618.821.808,864.163.774.211.792,11.0,6.68,,20150815,True,O,11.38,11.38,feldpausch_regional,0.18,default,2.0,11.36,11.64,11.0,True,O,6.68,measured,11.36,6.835697832187631,0.6481,14.0683,11.5216,11.5216,15.3217,12.5219,12.5219,unknown,
FN_A01,72,Albizia pedicellaris,Fabaceae,7.099.510.929.492,8.641.633.970.568,53.1,23.8,12.86,20150815,False,O,30.16,30.16,feldpausch_regional,0.18,default,2.0,53.46,30.26,53.1,False,O,23.8,measured,53.46,23.877681647588393,0.5446,1050.4716,1050.4716,955.7781,1067.8089,1067.8089,971.5526,unknown,
FN_A01,73,Inga alba,Fabaceae,7.099.470.331.952,8.641.630.760.408,42.0,20.13,10.98,20150815,False,O,26.77,26.77,feldpausch_regional,0.18,default,2.0,42.36,26.89,42.0,False,O,20.13,measured,42.36,20.221704629335,0.5861,564.4102,564.4102,551.6551,576.4436,576.4436,563.4166,unknown,
FN_A01,74,Qualea paraensis,Vochysiaceae,70.993.791.161.056,86.416.222.581.944,50.0,6.87,,20150815,False,O,29.28,29.28,feldpausch_regional,0.18,default,2.0,50.36,29.39,50.0,False,O,6.87,measured,50.36,6.894476675495786,0.6893,277.7921,277.7921,318.0909,282.6892,282.6892,323.6985,unknown,
FN_A01,75,Albizia pedicellaris,Fabaceae,709.942.948.392.736,864.161.579.577.464,35.0,19.86,7.24,20150815,False,O,24.21,24.21,feldpausch_regional,0.18,default,2.0,35.36,24.35,35.0,False,O,19.86,measured,35.36,19.97567350370889,0.5446,390.2198,390.2198,355.0439,400.3557,400.3557,364.2661,unknown,
FN_A01,76,Qualea paraensis,Vochysiaceae,70.996.124.637.232,86.416.055.096.228,37.6,26.84,16.24,20150815,False,O,25.2,25.2,feldpausch_regional,0.18,default,2.0,37.96,25.33,37.6,False,O,26.84,measured,37.96,26.98211668489008,0.6893,602.17,602.17,689.5257,616.6456,616.6456,706.1013,unknown,
FN_A01,77,Aniba parviflora,Lauraceae,7.099.652.363.268,8.641.608.636.312,37.4,23.95,16.78,20150815,False,O,25.13,25.13,feldpausch_regional,0.18,default,2.0,37.76,25.26,37.4,False,O,23.95,measured,37.76,24.077723944658803,0.54,533.2222,533.2222,481.115,546.1146,546.1146,492.7476,unknown,
FN_A01,78,Qualea paraensis,Vochysiaceae,70.996.628.941.312,86.416.055.914.088,55.0,29.0,21.85,20150815,False,O,30.67,30.67,feldpausch_regional,0.18,default,2.0,55.36,30.76,55.0,False,O,29.0,measured,55.36,29.089863114765453,0.6893,1364.4232,1364.4232,1562.3577,1386.0896,1386.0896,1587.1672,unknown,
FN_A01,79,,,70.996.510.131.464,86.416.021.576.136,44.2,27.69,18.82,20150815,False,O,27.5,27.5,feldpausch_regional,0.18,default,2.0,44.56,27.61,44.2,False,O,27.69,measured,44.56,27.807523386834674,0.6481,851.2011,851.2011,917.7746,868.3686,868.3686,936.2847,unknown,
FN_A01,80,Qualea paraensis,Vochysiaceae,7.099.599.414.592,8.641.607.204.768,49.0,26.12,17.44,20150815,False,O,28.99,28.99,feldpausch_regional,0.18,default,2.0,49.36,29.09,49.0,False,O,26.12,measured,49.36,26.215807900162645,0.6893,983.3073,983.3073,1125.9539,1001.0291,1001.0291,1146.2466,unknown,
FN_A01,81,Qualea paraensis,Vochysiaceae,709.965.533.944,864.159.993.986,36.9,23.32,15.72,20150815,False,O,24.94,24.94,feldpausch_regional,0.18,default,2.0,37.26,25.07,36.9,False,O,23.32,measured,37.26,23.446622865830566,0.6893,506.0567,506.0567,579.4695,518.4718,518.4718,593.6855,unknown,
FN_A01,82,Mezilaurus itauba,Lauraceae,70.996.572.264.712,86.416.013.492.288,42.3,26.62,19.68,20150815,False,O,26.87,26.87,feldpausch_regional,0.18,default,2.0,42.66,26.99,42.3,False,O,26.62,measured,42.66,26.740086289428934,0.7443,751.7616,751.7616,927.7492,767.666,767.666,947.3768,unknown,
FN_A01,83,,,70.997.425.514,864.160.513.076,46.3,19.77,11.97,20150815,False,O,28.17,28.17,feldpausch_regional,0.18,default,2.0,46.66,28.28,46.3,False,O,19.77,measured,46.66,19.848613163061017,0.6481,670.7757,670.7757,723.2378,683.6368,683.6368,737.1049,unknown,
FN_A01,84,Tetragastris altissima,Burseraceae,709.987.282.496,864.157.168.744,35.7,21.57,13.06,20150815,False,O,24.48,24.48,feldpausch_regional,0.18,default,2.0,36.06,24.62,35.7,False,O,21.57,measured,36.06,21.692386307571997,0.7079,439.6497,439.6497,516.6282,450.828,450.828,529.7637,unknown,
FN_A01,85,Qualea paraensis,Vochysiaceae,7.099.518.231.584,8.641.584.785.156,71.3,28.09,18.75,20150815,False,O,34.41,34.41,feldpausch_regional,0.18,default,2.0,71.66,34.49,71.3,False,O,28.09,measured,71.66,28.148209648933598,0.6893,2195.2195,2195.2195,2513.676,2221.3908,2221.3908,2543.644,unknown,
FN_A01,86,Dipteryx odorata,Fabaceae,709.932.339.750.408,864.158.021.361.792,35.9,26.65,15.36,20150815,False,O,24.56,24.56,feldpausch_regional,0.18,default,2.0,36.26,24.7,35.9,False,O,26.65,measured,36.26,26.80009374218268,0.9228,546.3683,546.3683,831.6334,560.1764,560.1764,852.6508,unknown,
FN_A01,87,Erisma uncinatum,Vochysiaceae,7.099.368.716.744,8.641.587.314.536,56.2,22.54,14.66,20150815,False,O,30.98,30.98,feldpausch_regional,0.18,default,2.0,56.56,31.08,56.2,False,O,22.54,measured,56.56,22.607634387465946,0.5231,1112.8304,1112.8304,973.3713,1130.0874,1130.0874,988.4657,unknown,
FN_A01,88,Qualea paraensis,Vochysiaceae,70.992.341.121.056,86.416.007.201.144,61.7,28.14,16.14,20150815,False,O,32.34,32.34,feldpausch_regional,0.18,default,2.0,62.06,32.42,61.7,False,O,28.14,measured,62.06,28.21328130746058,0.6893,1658.2028,1658.2028,1898.7553,1681.4036,1681.4036,1925.3218,unknown,
FN_A01,89,Dipteryx odorata,Fabaceae,70.992.197.655.928,86.416.008.571.472,40.4,21.87,15.18,20150815,False,O,26.21,26.21,feldpausch_regional,0.18,default,2.0,40.76,26.34,40.4,False,O,21.87,measured,40.76,21.975080171018817,0.9228,567.2957,567.2957,863.4873,579.9118,579.9118,882.6903,unknown,
FN_A01,90,Tachigali paniculata,Fabaceae,709.928.277.319.504,864.161.210.645.296,35.1,24.72,18.16,20150815,False,O,24.25,24.25,feldpausch_regional,0.18,default,2.0,35.46,24.39,35.1,False,O,24.72,measured,35.46,24.86343917600331,0.5545,485.8649,485.8649,449.8708,498.4464,498.4464,461.5202,unknown,
FN_A01,91,Aspidosperma excelsum,Apocynaceae,70.991.149.578.952,86.416.039.145.048,64.0,33.27,21.61,20150815,False,O,32.87,32.87,feldpausch_regional,0.18,default,2.0,64.36,32.95,64.0,False,O,33.27,measured,64.36,33.35186109734667,0.792,2097.2371,2097.2371,2749.9683,2125.4181,2125.4181,2786.9202,unknown,
FN_A01,92,Pouteria gongrijpii,Sapotaceae,710.031.704.346.816,8.641.700.535.076,15.5,16.01,11.18,20150815,False,O,14.47,14.47,feldpausch_regional,0.18,default,2.0,15.86,14.7,15.5,False,O,16.01,measured,15.86,16.26311559965934,0.7994,64.4873,64.4873,85.3289,68.4837,68.4837,90.617,unknown,
FN_A01,93,Vochysia guianensis,Vochysiaceae,71.003.192.014.936,864.170.450.572,10.8,18.03,11.83,20150815,False,O,11.23,11.23,feldpausch_regional,0.18,default,2.0,11.16,11.5,10.8,False,O,18.03,measured,11.16,18.458903509181173,0.5087,35.773,35.773,30.45,39.0228,39.0228,33.2161,unknown,
FN_A01,94,Neea oppositifolia,Nyctaginaceae,710.036.758.145.328,8.641.704.326.038,35.0,23.45,17.18,20150815,False,O,24.21,24.21,feldpausch_regional,0.18,default,2.0,35.36,24.35,35.0,False,O,23.45,measured,35.36,23.586583265960396,0.893,458.9242,458.9242,676.5444,470.8447,470.8447,694.1177,unknown,
FN_A01,95,Casearia javitensis,Salicaceae,710.040.023.072.681,86.417.060.124.796,11.9,12.73,8.94,20150815,False,O,12.03,12.03,feldpausch_regional,0.18,default,2.0,12.26,12.29,11.9,False,O,12.73,measured,12.26,13.001767968861726,0.753,30.778,30.778,38.4164,33.3012,33.3012,41.5659,unknown,
FN_A01,96,Jacaranda copaia,Bignoniaceae,71.004.513.810.416,864.170.552.466,43.8,24.41,18.37,20150815,False,O,27.37,27.37,feldpausch_regional,0.18,default,2.0,44.16,27.48,43.8,False,O,24.41,measured,44.16,24.514923702438725,0.3507,739.4083,739.4083,437.7495,754.4694,754.4694,446.6661,unknown,
FN_A01,97,Jacaranda copaia,Bignoniaceae,71.005.143.822.672,864.171.533.788,25.8,23.18,18.28,20150815,False,O,20.19,20.19,feldpausch_regional,0.18,default,2.0,26.16,20.37,25.8,False,O,23.18,measured,26.16,23.37941521656053,0.3507,250.2033,250.2033,148.1271,259.2216,259.2216,153.4661,unknown,
FN_A01,98,Albizia pedicellaris,Fabaceae,710.054.855.517.879,86.417.176.462.764,17.7,15.44,10.04,20150815,False,O,15.83,15.83,feldpausch_regional,0.18,default,2.0,18.06,16.05,17.7,False,O,15.44,measured,18.06,15.649195316721865,0.5446,80.6537,80.6537,73.3833,84.9959,84.9959,77.334,unknown,
FN_A01,99,Jacaranda copaia,Bignoniaceae,710.055.202.813.756,8.641.721.988.418,14.9,17.08,10.83,20150815,False,O,14.08,14.08,feldpausch_regional,0.18,default,2.0,15.26,14.32,14.9,False,O,17.08,measured,15.26,17.362580740996993,0.3507,63.5958,63.5958,37.6504,67.7053,67.7053,40.0834,unknown,
FN_A01,100,Jacaranda copaia,Bignoniaceae,710.057.363.060.968,8.641.723.610.524,29.7,25.99,16.73,20150815,False,O,22.0,22.0,feldpausch_regional,0.18,default,2.0,30.06,22.16,29.7,False,O,25.99,measured,30.06,26.17729498582013,0.3507,368.2411,368.2411,218.0086,379.6555,379.6555,224.7663,unknown,
FN_A01,101,Miconia poeppigii,Melastomataceae,71.005.752.307.928,864.172.373.068,13.0,16.83,11.67,20150815,False,O,12.81,12.81,feldpausch_regional,0.18,default,2.0,13.36,13.06,13.0,False,O,16.83,measured,13.36,17.15525882734217,0.5967,48.0326,48.0326,47.7722,51.6186,51.6186,51.3387,unknown,
FN_A01,102,Neea oppositifolia,Nyctaginaceae,710.060.743.633.504,8.641.722.318.064,10.0,9.54,4.83,20150815,False,O,10.62,10.62,feldpausch_regional,0.18,default,2.0,10.36,10.9,10.0,False,O,9.54,measured,10.36,9.787118951965084,0.893,16.5386,16.5386,24.3812,18.1686,18.1686,26.7841,unknown,
FN_A01,103,Bellucia grossularioides,Melastomataceae,710.062.384.925.408,8.641.722.527.828,12.6,18.68,11.73,20150815,False,O,12.53,12.53,feldpausch_regional,0.18,default,2.0,12.96,12.78,12.6,False,O,18.68,measured,12.959999999999999,19.05397771067201,0.5975,50.032,50.032,49.8285,53.8929,53.8929,53.6737,unknown,
FN_A01,104,Tachigali paniculata,Fabaceae,71.006.121.891.788,864.172.395.134,44.1,23.5,13.13,20150815,False,O,27.46,27.46,feldpausch_regional,0.18,default,2.0,44.46,27.58,44.1,False,O,23.5,measured,44.46,23.600055707724064,0.5545,722.0496,722.0496,668.5584,736.6483,736.6483,682.0755,unknown,
FN_A01,105,,,71.006.217.271.816,864.172.594.438,24.2,17.63,,20150815,True,O,19.4,19.4,feldpausch_regional,0.18,default,2.0,24.56,19.58,24.2,True,O,17.63,measured,24.56,17.794151256462133,0.6481,169.0482,123.3459,123.3459,175.5727,128.0097,128.0097,unknown,
FN_A01,106,Casearia javitensis,Salicaceae,710.062.042.881.944,864.172.610.242,14.6,17.9,11.33,20150815,False,O,13.89,13.89,feldpausch_regional,0.18,default,2.0,14.96,14.12,14.6,False,O,17.9,measured,14.959999999999999,18.203134900828537,0.753,63.9826,63.9826,79.8617,68.2071,68.2071,85.1346,unknown,
FN_A01,107,Qualea paraensis,Vochysiaceae,71.006.915.370.528,864.171.585.704,42.9,9.26,4.95,20150815,False,O,27.07,27.07,feldpausch_regional,0.18,default,2.0,43.26,27.19,42.9,False,O,9.26,measured,43.26,9.300967481482877,0.6893,275.6955,275.6955,315.6901,281.4395,281.4395,322.2674,unknown,
FN_A01,108,Qualea paraensis,Vochysiaceae,7.100.771.115.104,864.171.414.822,54.5,25.0,23.34,20150815,False,O,30.54,30.54,feldpausch_regional,0.18,default,2.0,54.86,30.63,54.5,False,O,25.0,measured,54.86,25.07852474254114,0.6893,1159.5677,1159.5677,1327.7841,1178.1667,1178.1667,1349.0813,unknown,
FN_A01,109,,,710.095.249.532,864.169.705.776,37.0,17.73,,20150815,True,O,24.98,24.98,feldpausch_regional,0.18,default,2.0,37.36,25.11,37.0,True,O,17.73,measured,37.36,17.825922940317113,0.6481,389.341,289.6721,289.6721,398.8648,296.6428,296.6428,unknown,
FN_A01,110,,,71.008.813.996.136,864.169.433.638,38.8,26.39,,20150815,True,O,25.64,25.64,feldpausch_regional,0.18,default,2.0,39.16,25.77,38.8,True,O,26.39,measured,39.16,26.52394829933984,0.6481,629.7745,441.0221,441.0221,644.4073,451.1083,451.1083,unknown,
FN_A01,111,Aniba parviflora,Lauraceae,710.067.013.561.832,8.641.682.486.772,50.0,42.3,17.96,20150815,False,O,29.28,29.28,feldpausch_regional,0.18,default,2.0,50.36,29.39,50.0,False,O,42.3,measured,50.36,42.4507079146247,0.54,1637.4134,1637.4134,1477.4032,1666.279,1666.279,1503.448,unknown,
FN_A01,112,Qualea paraensis,Vochysiaceae,7.100.567.495.886,864.168.753.626,42.8,23.14,15.08,20150815,False,O,27.04,27.04,feldpausch_regional,0.18,default,2.0,43.16,27.16,42.8,False,O,23.14,measured,43.16,23.242705809980464,0.6893,670.8996,670.8996,768.2259,684.9131,684.9131,784.2722,unknown,
FN_A01,113,,,7.100.620.203.672,864.167.751.898,43.0,31.88,,20150815,True,O,27.1,27.1,feldpausch_regional,0.18,default,2.0,43.36,27.22,43.0,True,O,31.88,measured,43.36,32.020587155104536,0.6481,925.6035,632.2289,632.2289,944.8393,645.1774,645.1774,unknown,
FN_A01,114,Qualea paraensis,Vochysiaceae,710.059.215.765.512,864.167.291.127,35.0,23.51,19.8,20150815,False,O,24.21,24.21,feldpausch_regional,0.18,default,2.0,35.36,24.35,35.0,False,O,23.51,measured,35.36,23.646932732738975,0.6893,460.0702,460.0702,526.8117,472.0205,472.0205,540.4956,unknown,
FN_A01,115,Qualea paraensis,Vochysiaceae,71.005.567.838.896,864.169.054.252,50.6,19.96,11.27,20150815,False,O,29.45,29.45,feldpausch_regional,0.18,default,2.0,50.96,29.56,50.6,False,O,19.96,measured,50.96,20.02989773065543,0.6893,805.2286,805.2286,922.0416,819.2396,819.2396,938.0853,unknown,
FN_A01,116,Qualea paraensis,Vochysiaceae,710.047.942.610.272,864.168.984.988,49.0,27.71,15.79,20150815,False,O,28.99,28.99,feldpausch_regional,0.18,default,2.0,49.36,29.09,49.0,False,O,27.71,measured,49.36,27.81164000434559,0.6893,1041.6857,1041.6857,1192.8011,1060.4596,1060.4596,1214.2986,unknown,
FN_A01,117,Goupia glabra,Goupiaceae,7.100.405.092.664,864.168.683.952,80.0,23.95,10.93,20150815,False,O,36.02,36.02,feldpausch_regional,0.18,default,2.0,80.36,36.08,80.0,False,O,23.95,measured,80.36,23.991013318670706,0.7272,2352.3099,2352.3099,2837.8262,2376.9829,2376.9829,2867.5918,unknown,
FN_A01,118,Qualea paraensis,Vochysiaceae,710.147.025.430.304,864.179.029.633.808,47.2,30.36,15.83,20150815,False,O,28.45,28.45,feldpausch_regional,0.18,default,2.0,47.56,28.56,47.2,False,O,30.36,measured,47.56,30.47747432865411,0.6893,1058.5759,1058.5759,1212.1416,1078.4506,1078.4506,1234.8995,unknown,
FN_A01,119,Qualea paraensis,Vochysiaceae,7.101.497.368.292,8.641.788.467.744,45.1,34.28,21.15,20150815,False,O,27.79,27.79,feldpausch_regional,0.18,default,2.0,45.46,27.9,45.1,False,O,34.28,measured,45.46,34.42144575944724,0.6893,1090.4685,1090.4685,1248.6608,1111.984,1111.984,1273.2976,unknown,
FN_A01,120,Aspidosperma excelsum,Apocynaceae,710.150.448.232.904,864.178.759.515.008,43.4,17.64,15.34,20150815,False,O,27.23,27.23,feldpausch_regional,0.18,default,2.0,43.76,27.35,43.4,False,O,17.64,measured,43.76,17.71679733943438,0.792,528.9605,528.9605,693.5909,539.8431,539.8431,707.8606,unknown,
FN_A01,121,Erisma uncinatum,Vochysiaceae,710.154.995.543.736,864.178.218.252.872,40.7,20.51,16.29,20150815,False,O,26.32,26.32,feldpausch_regional,0.18,default,2.0,41.06,26.44,40.7,False,O,20.51,measured,41.06,20.60755511455243,0.5231,540.5893,540.5893,472.8431,552.5153,552.5153,483.2745,unknown,
FN_A01,122,Mezilaurus itauba,Lauraceae,710.155.598.164.896,864.178.889.712.192,69.0,20.14,15.01,20150815,False,O,33.95,33.95,feldpausch_regional,0.18,default,2.0,69.36,34.02,69.0,False,O,20.14,measured,69.36,20.183999426924835,0.7443,1488.1824,1488.1824,1836.5663,1506.5817,1506.5817,1859.2728,unknown,
FN_A01,123,,,71.016.391.368.108,86.417.860.736.596,50.4,12.83,,20150815,True,O,29.4,29.4,feldpausch_regional,0.18,default,2.0,50.76,29.5,50.4,True,O,12.83,measured,50.76,12.875187660130996,0.6481,519.08,412.5247,412.5247,528.1513,419.6441,419.6441,unknown,
FN_A01,124,Aspidosperma excelsum,Apocynaceae,71.015.871.717.944,86.417.974.001.888,29.6,11.97,8.48,20150815,False,O,21.95,21.95,feldpausch_regional,0.18,default,2.0,29.96,22.11,29.6,False,O,11.97,measured,29.96,12.056632533930888,0.792,171.6493,171.6493,225.0724,176.9893,176.9893,232.0743,unknown,
FN_A01,125,Guatteria schomburgkiana,Annonaceae,710.159.294.603.523,864.179.768.778.767,13.8,7.51,6.23,20150815,False,O,13.36,13.36,feldpausch_regional,0.18,default,2.0,14.16,13.6,13.8,False,O,7.51,measured,14.16,7.645632197170742,0.6,24.5544,24.5544,24.5544,26.2753,26.2753,26.2753,unknown,
FN_A01,126,Ormosia coccinea,Fabaceae,710.157.270.086.016,864.179.887.122.032,16.1,17.11,11.06,20150815,False,O,14.85,14.85,feldpausch_regional,0.18,default,2.0,16.46,15.08,16.1,False,O,17.11,measured,16.46,17.368888030606943,0.625,74.1032,74.1032,77.1152,78.5144,78.5144,81.7057,unknown,
FN_A01,127,,,710.160.992.845.536,864.180.027.931.872,10.0,3.46,,20150815,True,O,10.62,10.62,feldpausch_regional,0.18,default,2.0,10.36,10.9,10.0,True,O,3.46,measured,10.36,3.549625951131991,0.6481,6.1461,5.5593,5.5593,6.7518,6.093,6.093,unknown,
FN_A01,128,Ormosia grossa,Fabaceae,710.163.273.582.256,864.180.316.044.512,13.3,15.43,11.37,20150815,False,O,13.02,13.02,feldpausch_regional,0.18,default,2.0,13.66,13.26,13.3,False,O,15.43,measured,13.66,15.720598114637447,0.5906,46.1386,46.1386,45.4318,49.501,49.501,48.7428,unknown,
FN_A01,129,Tovomita sp.,Clusiaceae,710.170.360.832.496,864.180.572.555.392,10.7,13.07,10.37,20150815,False,O,11.15,11.15,feldpausch_regional,0.18,default,2.0,11.06,11.42,10.7,False,O,13.07,measured,11.059999999999999,13.384140843637269,0.6786,25.6627,25.6627,28.9377,28.0171,28.0171,31.5925,unknown,
FN_A01,130,Tovomita sp.,Clusiaceae,710.169.932.757.016,864.180.541.947.432,23.0,17.16,12.72,20150815,False,O,18.79,18.79,feldpausch_regional,0.18,default,2.0,23.36,18.97,23.0,False,O,17.16,measured,23.36,17.330032488875094,0.6786,149.0879,149.0879,168.114,155.1629,155.1629,174.9643,unknown,
FN_A01,131,Protium paniculatum,Burseraceae,71.017.264.663.984,86.418.086.086.768,12.5,7.87,5.73,20150815,False,O,12.46,12.46,feldpausch_regional,0.18,default,2.0,12.86,12.71,12.5,False,O,7.87,measured,12.86,8.028980082204821,0.49,21.1885,21.1885,17.3883,22.8374,22.8374,18.7415,unknown,
FN_A01,132,Qualea paraensis,Vochysiaceae,710.176.781.964.696,864.181.031.674.792,29.6,22.92,16.37,20150815,False,O,21.95,21.95,feldpausch_regional,0.18,default,2.0,29.96,22.11,29.6,False,O,22.92,measured,29.96,23.08588284692531,0.6893,323.5874,323.5874,370.5296,333.6541,333.6541,382.0567,unknown,
FN_A01,133,,,710.182.707.526.064,864.181.330.732.928,17.0,17.0,12.99,20150815,False,O,15.41,15.41,feldpausch_regional,0.18,default,2.0,17.36,15.63,17.0,False,O,17.0,measured,17.36,17.24146215188586,0.6481,81.887,81.887,88.2915,86.4884,86.4884,93.2528,unknown,
FN_A01,134,Aniba parviflora,Lauraceae,7.101.849.670.736,8.641.812.431.252,50.0,28.77,18.58,20150815,False,O,29.28,29.28,feldpausch_regional,0.18,default,2.0,50.36,29.39,50.0,False,O,28.77,measured,50.36,28.872502758953964,0.54,1124.0236,1124.0236,1014.1825,1143.8388,1143.8388,1032.0613,unknown,
FN_A01,135,Aspidosperma spruceanum,Apocynaceae,710.188.316.738,864.182.105.264,16.0,17.9,12.95,20150815,False,O,14.79,14.79,feldpausch_regional,0.18,default,2.0,16.36,15.01,16.0,False,O,17.9,measured,16.36,18.172802763005137,0.7533,76.5046,76.5046,95.5325,81.0889,81.0889,101.2571,unknown,
FN_A01,136,,,7.101.975.511.872,8.641.800.259.284,54.5,24.55,,20150815,True,O,30.54,30.54,feldpausch_regional,0.18,default,2.0,54.86,30.63,54.5,True,O,24.55,measured,54.86,24.627111297175404,0.6481,1139.192,820.1902,820.1902,1157.4642,833.1962,833.1962,unknown,
FN_A01,137,Qualea paraensis,Vochysiaceae,710.185.716.859.712,864.178.546.404.224,56.0,24.56,17.42,20150815,False,O,30.93,30.93,feldpausch_regional,0.18,default,2.0,56.36,31.03,56.0,False,O,24.56,measured,56.36,24.634089373670786,0.6893,1201.6738,1201.6738,1375.9985,1220.3817,1220.3817,1397.4203,unknown,
FN_A01,138,Qualea paraensis,Vochysiaceae,710.189.271.222.064,864.178.426.992.128,37.3,23.72,18.79,20150815,False,O,25.09,25.09,feldpausch_regional,0.18,default,2.0,37.66,25.22,37.3,False,O,23.72,measured,37.66,23.846951662937492,0.6893,525.4704,525.4704,601.6995,538.2122,538.2122,616.2897,unknown,
FN_A01,139,Erisma uncinatum,Vochysiaceae,7.101.990.927.848,8.641.781.349.116,78.4,24.54,17.48,20150815,False,O,35.74,35.74,feldpausch_regional,0.18,default,2.0,78.76,35.81,78.4,False,O,24.54,measured,78.76,24.583480432911095,0.5231,2315.7049,2315.7049,2025.5025,2340.547,2340.547,2047.2313,unknown,
FN_A01,140,Qualea paraensis,Vochysiaceae,710.213.844.051.728,864.178.579.605.056,74.0,32.88,21.1,20150815,False,O,34.94,34.94,feldpausch_regional,0.18,default,2.0,74.36,35.01,74.0,False,O,32.88,measured,74.36,32.94412545265192,0.6893,2752.4944,2752.4944,3151.7939,2783.9823,2783.9823,3187.8496,unknown,
FN_A01,141,,,7.102.053.140.168,8.641.773.319.556,60.2,4.09,,20150815,True,O,31.98,31.98,feldpausch_regional,0.18,default,2.0,60.56,32.07,60.2,True,O,4.09,measured,60.56,4.101061053846326,0.6481,240.5886,231.016,231.016,244.0474,234.3043,234.3043,unknown,
FN_A01,142,Pouteria gongrijpii,Sapotaceae,71.018.518.982.704,86.417.725.219.408,37.9,26.36,20.15,20150815,False,O,25.31,25.31,feldpausch_regional,0.18,default,2.0,38.26,25.44,37.9,False,O,26.36,measured,38.26,26.498094136295112,0.7994,600.9068,600.9068,795.1139,615.2284,615.2284,814.064,unknown,
FN_A01,143,Dipteryx odorata,Fabaceae,71.018.075.144.848,86.417.781.097.496,38.7,30.18,18.9,20150815,False,O,25.61,25.61,feldpausch_regional,0.18,default,2.0,39.06,25.74,38.7,False,O,30.18,measured,39.06,30.33372013402359,0.9228,714.2964,714.2964,1087.2387,730.9396,730.9396,1112.5714,unknown,
FN_A01,144,,,710.173.249.557.136,864.177.759.245.672,47.0,,,20150815,True,O,28.38,28.38,feldpausch_regional,0.18,default,2.0,47.36,28.49,47.0,True,O,28.38,feldpausch,47.36,28.49047705304911,0.6481,982.9599,686.7827,686.7827,1001.5007,699.5636,699.5636,unknown,
FN_A01,145,Qualea paraensis,Vochysiaceae,710.170.313.635.792,864.176.160.874.584,66.0,18.1,,20150815,False,O,33.31,33.31,feldpausch_regional,0.18,default,2.0,66.36,33.39,66.0,False,O,18.1,measured,66.36,18.142436929058647,0.6893,1229.4326,1229.4326,1407.7842,1245.4,1245.4,1426.068,unknown,
FN_A01,146,Qualea paraensis,Vochysiaceae,710.162.929.801.536,864.177.392.230.472,44.7,26.75,20.41,20150815,False,O,27.66,27.66,feldpausch_regional,0.18,default,2.0,45.06,27.77,44.7,False,O,26.75,measured,45.06,26.86176245436417,0.6893,841.2576,841.2576,963.2973,858.0179,858.0179,982.4891,unknown,
FN_A01,147,Nectandra cuspidata,Lauraceae,710.269.449.238.784,864.188.272.958.464,13.8,10.87,7.64,20150815,False,O,13.36,13.36,feldpausch_regional,0.18,default,2.0,14.16,13.6,13.8,False,O,10.87,measured,14.16,11.06631451175046,0.518,35.2261,35.2261,30.5193,37.6949,37.6949,32.6583,unknown,
FN_A01,148,Protium heptaphyllum,Burseraceae,710.276.993.427.232,864.188.743.342.272,11.7,8.2,4.3,20150815,False,O,11.89,11.89,feldpausch_regional,0.18,default,2.0,12.06,12.15,11.7,False,O,8.2,measured,12.059999999999999,8.378413292450121,0.6293,19.3839,19.3839,20.3073,21.0018,21.0018,22.0022,unknown,
FN_A01,149,Casearia javitensis,Salicaceae,71.027.827.168.192,86.418.847.375.872,22.9,19.09,14.09,20150815,False,O,18.73,18.73,feldpausch_regional,0.18,default,2.0,23.26,18.92,22.9,False,O,19.09,measured,23.259999999999998,19.280162696701165,0.753,164.0311,164.0311,204.7399,170.7461,170.7461,213.1214,unknown,
FN_A01,150,Pouteria gongrijpii,Sapotaceae,710.282.580.875.514,864.188.788.135.226,39.5,23.11,17.08,20150815,False,O,25.89,25.89,feldpausch_regional,0.18,default,2.0,39.86,26.02,39.5,False,O,23.11,measured,39.86,23.22449435010128,0.7994,572.9107,572.9107,758.0697,585.9668,585.9668,775.3454,unknown,
FN_A01,151,Protium heptaphyllum,Burseraceae,71.028.177.688.199,864.188.860.624.958,13.6,16.09,12.05,20150815,False,O,13.22,13.22,feldpausch_regional,0.18,default,2.0,13.96,13.46,13.6,False,O,16.09,measured,13.959999999999999,16.38545323297742,0.6293,50.2027,50.2027,52.5941,53.776,53.776,56.3376,unknown,
FN_A01,152,Tetragastris altissima,Burseraceae,710.278.832.909.376,864.189.011.524.896,18.5,14.32,,20150815,False,O,16.31,16.31,feldpausch_regional,0.18,default,2.0,18.86,16.52,18.5,False,O,14.32,measured,18.86,14.504191033580346,0.7079,81.6921,81.6921,95.9957,85.8886,85.8886,100.9269,unknown,
FN_A01,153,Swartzia laevicarpa,Fabaceae,710.285.359.136.672,864.189.204.224.512,17.5,17.89,16.2,20150815,False,O,15.71,15.71,feldpausch_regional,0.18,default,2.0,17.86,15.93,17.5,False,O,17.89,measured,17.86,18.135639301142806,0.6125,91.0791,91.0791,92.9306,96.042,96.042,97.9944,unknown,
FN_A01,154,Aniba parviflora,Lauraceae,7.102.891.661.928,8.641.893.803.484,49.7,28.98,22.08,20150815,False,O,29.19,29.19,feldpausch_regional,0.18,default,2.0,50.06,29.3,49.7,False,O,28.98,measured,50.06,29.0841513013841,0.54,1118.8101,1118.8101,1009.4785,1138.6637,1138.6637,1027.3919,unknown,
FN_A01,155,,,710.291.297.506.576,864.189.609.786.096,14.1,,,20150815,False,L,13.56,13.56,feldpausch_regional,0.18,default,2.0,14.46,13.8,14.1,False,L,13.56,feldpausch,14.459999999999999,13.798968352557448,0.6481,45.585,45.585,49.1502,48.7079,48.7079,52.5174,unknown,
FN_A01,156,Strychnos subcordata,Loganiaceae,71.029.331.365.328,86.418.968.199.568,19.0,15.25,11.46,20150815,False,O,16.6,16.6,feldpausch_regional,0.18,default,2.0,19.36,16.8,19.0,False,O,15.25,measured,19.36,15.44006764805088,0.6959,91.508,91.508,105.764,96.0775,96.0775,111.0454,unknown,
FN_A01,157,Mouriri collocarpa,Melastomataceae,710.297.195.782,864.190.456.823,14.5,16.21,12.53,20150815,False,O,13.82,13.82,feldpausch_regional,0.18,default,2.0,14.86,14.06,14.5,False,O,16.21,measured,14.86,16.486683320308487,0.8333,57.3059,57.3059,78.9665,61.1172,61.1172,84.2184,unknown,
FN_A01,158,Helicostylis sp.,Moraceae,71.029.760.025.056,86.419.048.865.776,28.9,28.98,23.65,20150815,False,O,21.64,21.64,feldpausch_regional,0.18,default,2.0,29.26,21.8,28.9,False,O,28.98,measured,29.259999999999998,29.196221315100498,0.643,388.2767,388.2767,415.4125,400.6701,400.6701,428.6721,unknown,
FN_A01,159,,,71.030.488.068.464,86.419.106.168.344,80.0,15.35,,20150815,True,O,36.02,36.02,feldpausch_regional,0.18,default,2.0,80.36,36.08,80.0,True,O,15.35,measured,80.36,15.37628619797893,0.6481,1523.8216,1203.5831,1203.5831,1539.8047,1216.1407,1216.1407,unknown,
FN_A01,160,Vochysia guianensis,Vochysiaceae,71.030.407.174.752,86.419.099.801.392,12.6,18.82,14.05,20150815,False,O,12.53,12.53,feldpausch_regional,0.18,default,2.0,12.96,12.78,12.6,False,O,18.82,measured,12.959999999999999,19.196780541480045,0.5087,50.3979,50.3979,42.8987,54.2871,54.2871,46.2091,unknown,
FN_A01,161,Qualea paraensis,Vochysiaceae,710.307.172.712,864.189.512.472,64.1,26.51,19.44,20150815,False,O,32.89,32.89,feldpausch_regional,0.18,default,2.0,64.46,32.97,64.1,False,O,26.51,measured,64.46,26.575069337695254,0.6893,1685.3708,1685.3708,1929.8645,1707.9784,1707.9784,1955.7518,unknown,
FN_A01,162,Qualea paraensis,Vochysiaceae,710.305.835.622.944,864.188.148.186.624,60.1,27.24,21.59,20150815,False,O,31.96,31.96,feldpausch_regional,0.18,default,2.0,60.46,32.05,60.1,False,O,27.24,measured,60.46,27.313855632052846,0.6893,1526.1098,1526.1098,1747.4999,1548.0904,1548.0904,1772.6691,unknown,
FN_A01,163,,,71.031.687.425.904,86.418.902.765.844,40.2,26.3,,20150815,True,O,26.14,26.14,feldpausch_regional,0.18,default,2.0,40.56,26.27,40.2,True,O,26.3,measured,40.56,26.427223245767898,0.6481,672.6463,472.1015,472.1015,687.686,482.4958,482.4958,unknown,
FN_A01,164,Tetragastris altissima,Burseraceae,7.103.145.591.144,8.641.884.877.704,44.0,24.07,17.64,20150815,False,O,27.43,27.43,feldpausch_regional,0.18,default,2.0,44.36,27.55,44.0,False,O,24.07,measured,44.36,24.172807561386303,0.7079,735.8698,735.8698,864.7136,750.7847,750.7847,882.2399,unknown,
FN_A01,165,Qualea paraensis,Vochysiaceae,7.103.198.124.104,8.641.874.191.144,36.4,33.55,24.95,20150815,False,O,24.75,24.75,feldpausch_regional,0.18,default,2.0,36.76,24.89,36.4,False,O,33.55,measured,36.76,33.73551322992257,0.6893,702.7591,702.7591,804.7071,720.256,720.256,824.7423,unknown,
FN_A01,166,Qualea paraensis,Vochysiaceae,7.103.249.973.224,8.641.872.088.724,66.0,34.52,26.06,20150815,False,O,33.31,33.31,feldpausch_regional,0.18,default,2.0,66.36,33.39,66.0,False,O,34.52,measured,66.36,34.60093496083451,0.6893,2308.7002,2308.7002,2643.6192,2338.6846,2338.6846,2677.9534,unknown,
FN_A01,167,Qualea paraensis,Vochysiaceae,7.103.296.717.208,8.641.875.754.508,42.1,32.74,22.47,20150815,False,O,26.8,26.8,feldpausch_regional,0.18,default,2.0,42.46,26.92,42.1,False,O,32.74,measured,42.46,32.88866301591365,0.6893,911.5408,911.5408,1043.7764,930.9251,930.9251,1065.9727,unknown,
FN_A01,168,Aspidosperma excelsum,Apocynaceae,710.322.892.394.336,864.186.673.714.656,59.2,22.12,14.13,20150815,False,O,31.74,31.74,feldpausch_regional,0.18,default,2.0,59.56,31.83,59.2,False,O,22.12,measured,59.56,22.181368804080474,0.792,1209.3247,1209.3247,1585.7076,1227.0348,1227.0348,1608.9295,unknown,
FN_A01,169,Dipteryx odorata,Fabaceae,710.303.479.584.032,864.186.630.892.672,54.3,26.79,19.27,20150815,False,O,30.48,30.48,feldpausch_regional,0.18,default,2.0,54.66,30.58,54.3,False,O,26.79,measured,54.66,26.87460634628988,0.9228,1231.6614,1231.6614,1874.7257,1251.4967,1251.4967,1904.9173,unknown,
FN_A01,170,Aspidosperma excelsum,Apocynaceae,710.302.767.323.552,864.185.095.861.792,41.8,25.45,17.48,20150815,False,O,26.7,26.7,feldpausch_regional,0.18,default,2.0,42.16,26.82,41.8,False,O,25.45,measured,42.16,25.56670496316998,0.792,702.9883,702.9883,921.782,718.0542,718.0542,941.537,unknown,
FN_A01,171,Aspidosperma excelsum,Apocynaceae,7.102.872.824.984,8.641.860.990.744,47.8,32.91,20.54,20150815,False,O,28.63,28.63,feldpausch_regional,0.18,default,2.0,48.16,28.74,47.8,False,O,32.91,measured,48.16,33.035072412599995,0.792,1173.8591,1173.8591,1539.2038,1195.5963,1195.5963,1567.7063,unknown,
FN_A01,172,,,71.028.293.342.864,86.418.649.705.744,46.6,15.44,,20150815,True,O,28.26,28.26,feldpausch_regional,0.18,default,2.0,46.96,28.37,46.6,True,O,15.44,measured,46.96,15.50083707339709,0.6481,533.6663,410.3409,410.3409,543.8267,418.048,418.048,unknown,
FN_A01,173,,,710.286.458.224.544,864.187.365.864.224,47.7,5.53,,20150815,True,O,28.6,28.6,feldpausch_regional,0.18,default,2.0,48.06,28.71,47.7,True,O,5.53,measured,48.06,5.551079247149651,0.6481,205.0351,185.6288,185.6288,208.8406,189.0287,189.0287,unknown,
FN_A01,174,Bowdichia nitida,Fabaceae,71.028.382.848.272,86.418.804.723.312,36.9,16.93,11.52,20150815,False,O,24.94,24.94,feldpausch_regional,0.18,default,2.0,37.26,25.07,36.9,False,O,16.93,measured,37.26,17.02192646305795,0.8033,370.2247,370.2247,492.2299,379.3073,379.3073,504.3057,unknown,
FN_A01,1,Pouteria gongrijpii,Sapotaceae,7.136.527.410.696,86.433.175.633.996,27.4,22.92,17.68,20150811,False,O,20.95,20.95,feldpausch_regional,0.18,default,2.0,27.76,21.12,27.4,False,O,22.92,measured,27.759999999999998,23.102904987176213,0.7994,278.3039,278.3039,368.2489,287.7094,287.7094,380.6942,unknown,
FN_A01,2,Pouteria gongrijpii,Sapotaceae,7.136.556.517.256,86.433.226.744.976,19.3,16.38,12.72,20150811,False,O,16.77,16.77,feldpausch_regional,0.18,default,2.0,19.66,16.97,19.3,False,O,16.38,measured,19.66,16.580395591101666,0.7994,101.167,101.167,133.8632,106.1354,106.1354,140.4373,unknown,
FN_A01,3,Protium paniculatum,Burseraceae,7.136.585.501.106,86.433.238.036.896,10.0,11.25,6.94,20150811,False,O,10.62,10.62,feldpausch_regional,0.18,default,2.0,10.36,10.9,10.0,False,O,11.25,measured,10.36,11.541413858449394,0.49,19.4261,19.4261,15.9419,21.3407,21.3407,17.5131,unknown,
FN_A01,4,,,713.659.296.224,8.643.312.497.174,71.0,5.43,1.26,20150811,True,O,34.35,34.35,feldpausch_regional,0.18,default,2.0,71.36,34.43,71.0,True,O,5.43,measured,71.36,5.441329450314924,0.6481,437.8059,405.1748,405.1748,443.0499,409.9924,409.9924,unknown,
FN_A01,5,,,7.136.638.770.878,86.433.043.917.008,52.8,10.53,1.34,20150811,True,O,30.07,30.07,feldpausch_regional,0.18,default,2.0,53.16,30.17,52.8,True,O,10.53,measured,53.16,10.564656359025275,0.6481,468.7402,385.1889,385.1889,476.5247,391.5102,391.5102,unknown,
FN_A01,6,Myrciaria floribunda,Myrtaceae,7.136.602.094.912,86.433.265.185.152,11.6,13.93,7.0,20150811,False,O,11.82,11.82,feldpausch_regional,0.18,default,2.0,11.96,12.08,11.6,False,O,13.93,measured,11.959999999999999,14.236008907733847,0.785,31.9727,31.9727,41.562,34.6656,34.6656,45.0626,unknown,
FN_A01,7,Protium paniculatum,Burseraceae,71.366.066.079.012,864.332.820.780.832,10.4,11.51,5.85,20150811,False,O,10.93,10.93,feldpausch_regional,0.18,default,2.0,10.76,11.2,10.4,False,O,11.51,measured,10.76,11.795503663651628,0.49,21.4447,21.4447,17.5985,23.4722,23.4722,19.2624,unknown,
FN_A01,8,Tovomita sp.,Clusiaceae,7.136.664.466.078,86.433.330.761.008,23.4,16.95,10.38,20150811,False,O,18.99,18.99,feldpausch_regional,0.18,default,2.0,23.76,19.18,23.4,False,O,16.95,measured,23.759999999999998,17.114455513454793,0.6786,152.349,152.349,171.7914,158.4438,158.4438,178.664,unknown,
FN_A01,9,Fusaea longifolia,Annonaceae,71.367.255.610.864,864.333.435.443.464,27.2,19.72,13.59,20150811,False,O,20.86,20.86,feldpausch_regional,0.18,default,2.0,27.56,21.03,27.2,False,O,19.72,measured,27.56,19.878821880827772,0.7427,236.9018,236.9018,291.7344,244.9712,244.9712,301.6715,unknown,
FN_A01,10,Stryphnodendron pulcherrimum,Fabaceae,71.367.272.402.618,864.333.578.617.088,11.9,9.6,5.95,20150811,False,O,12.03,12.03,feldpausch_regional,0.18,default,2.0,12.26,12.29,11.9,False,O,9.6,measured,12.26,9.80494677934584,0.475,23.3682,23.3682,18.6038,25.2839,25.2839,20.129,unknown,
FN_A01,11,Pouteria gongrijpii,Sapotaceae,713.676.391.085,8.643.336.319.704,17.7,18.02,12.52,20150811,False,O,15.83,15.83,feldpausch_regional,0.18,default,2.0,18.06,16.05,17.7,False,O,18.02,measured,18.06,18.26415152897202,0.7994,93.7824,93.7824,124.0919,98.8314,98.8314,130.7727,unknown,
FN_A01,12,,,7.136.763.434.012,86.433.414.034.432,13.1,7.87,1.33,20150811,True,O,12.88,12.88,feldpausch_regional,0.18,default,2.0,13.46,13.13,13.1,True,O,7.87,measured,13.459999999999999,8.020783850631705,0.6481,23.2191,18.6857,18.6857,24.9386,20.0354,20.0354,unknown,
FN_A01,13,Protium heptaphyllum,Burseraceae,713.677.104.693,8.643.342.044.008,10.1,8.13,4.75,20150811,False,O,10.7,10.7,feldpausch_regional,0.18,default,2.0,10.46,10.97,10.1,False,O,8.13,measured,10.459999999999999,8.338295218350222,0.6293,14.4259,14.4259,15.1131,15.8328,15.8328,16.587,unknown,
FN_A01,14,Cochlospermum vitifolium,Bixaceae,7.136.846.998.479,86.433.459.104.064,11.2,12.76,8.85,20150811,False,O,11.53,11.53,feldpausch_regional,0.18,default,2.0,11.56,11.79,11.2,False,O,12.76,measured,11.559999999999999,13.051503687483732,0.2183,27.4059,27.4059,10.2176,29.8016,29.8016,11.1108,unknown,
FN_A01,15,Protium heptaphyllum,Burseraceae,7.136.894.215.808,86.433.486.460.408,42.8,24.68,20.35,20150811,False,O,27.04,27.04,feldpausch_regional,0.18,default,2.0,43.16,27.16,42.8,False,O,24.68,measured,43.16,24.78954102810362,0.6293,714.4433,714.4433,748.475,729.3663,729.3663,764.1088,unknown,
FN_A01,16,Aspidosperma excelsum,Apocynaceae,7.136.928.689.552,86.433.312.731.296,70.5,33.18,23.52,20150811,False,O,34.25,34.25,feldpausch_regional,0.18,default,2.0,70.86,34.33,70.5,False,O,33.18,measured,70.86,33.250023862119924,0.792,2526.3947,2526.3947,3312.6942,2556.8938,2556.8938,3352.6857,unknown,
FN_A01,17,,,7.136.879.011.696,86.433.372.033.016,35.0,17.05,1.84,20150811,True,O,24.21,24.21,feldpausch_regional,0.18,default,2.0,35.36,24.35,35.0,True,O,17.05,measured,35.36,17.14930680957888,0.6481,336.2362,251.0418,251.0418,344.97,257.4528,257.4528,unknown,
FN_A01,18,Pouteria gongrijpii,Sapotaceae,7.136.918.040.824,86.433.251.578.424,35.2,23.84,14.53,20150811,False,O,24.28,24.28,feldpausch_regional,0.18,default,2.0,35.56,24.43,35.2,False,O,23.84,measured,35.56,23.977814164868054,0.7994,471.5881,471.5881,624.0007,483.7625,483.7625,640.1096,unknown,
FN_A01,19,,,713.688.048.881,864.332.050.948,45.8,3.76,1.34,20150811,True,O,28.01,28.01,feldpausch_regional,0.18,default,2.0,46.16,28.12,45.8,True,O,3.76,measured,46.16,3.775182067536297,0.6481,129.9731,124.8228,124.8228,132.4948,127.2115,127.2115,unknown,
FN_A01,20,,,713.680.006.004,8.643.326.488.496,67.3,9.31,1.22,20150811,True,O,33.59,33.59,feldpausch_regional,0.18,default,2.0,67.66,33.67,67.3,True,O,9.31,measured,67.66,9.331164737180595,0.6481,667.4842,565.8358,565.8358,675.968,572.9688,572.9688,unknown,
FN_A01,21,Endlicheria sp.,Lauraceae,713.679.143.774,8.643.330.935.024,44.1,29.49,18.62,20150811,False,O,27.46,27.46,feldpausch_regional,0.18,default,2.0,44.46,27.58,44.1,False,O,29.49,measured,44.46,29.61555926896947,0.5043,901.1714,901.1714,760.5998,919.3916,919.3916,775.9779,unknown,
FN_A01,22,,,71.366.861.599.892,864.332.841.310.712,55.8,5.13,0.91,20150811,True,O,30.88,30.88,feldpausch_regional,0.18,default,2.0,56.16,30.97,55.8,True,O,5.13,measured,56.16,5.145558385895422,0.6481,258.8005,238.8932,238.8932,262.8455,242.5858,242.5858,unknown,
FN_A01,23,,,7.136.672.152.472,86.433.219.747.184,46.0,5.63,1.26,20150811,True,O,28.07,28.07,feldpausch_regional,0.18,default,2.0,46.36,28.19,46.0,True,O,5.63,measured,46.36,5.652593491520742,0.6481,194.3838,175.1826,175.1826,198.1374,178.5192,178.5192,unknown,
FN_A01,24,,,713.676.596.976,8.643.289.956.904,54.5,3.49,1.24,20150811,True,O,30.54,30.54,feldpausch_regional,0.18,default,2.0,54.86,30.63,54.5,True,O,3.49,measured,54.86,3.5009620540587436,0.6481,169.7088,166.2967,166.2967,172.4308,168.9337,168.9337,unknown,
FN_A01,25,,,71.367.474.181.556,864.330.730.550.216,57.2,10.84,1.76,20150811,True,O,31.24,31.24,feldpausch_regional,0.18,default,2.0,57.56,31.33,57.2,True,O,10.84,measured,57.56,10.871677980834315,0.6481,563.7497,462.9195,462.9195,572.324,469.8851,469.8851,unknown,
FN_A01,26,,,71.376.859.275.116,86.434.154.569.692,48.1,28.89,1.89,20150811,True,O,28.72,28.72,feldpausch_regional,0.18,default,2.0,48.46,28.83,48.1,True,O,28.89,measured,48.46,28.998818801098473,0.6481,1046.3994,729.8626,729.8626,1065.6443,743.1105,743.1105,unknown,
FN_A01,27,,,71.376.939.834.832,86.434.160.428.184,10.8,6.32,1.47,20150811,True,O,11.23,11.23,feldpausch_regional,0.18,default,2.0,11.16,11.5,10.8,True,O,6.32,measured,11.16,6.4703422173058796,0.6481,12.8589,10.6144,10.6144,14.027,11.5538,11.5538,unknown,
FN_A01,28,Protium heptaphyllum,Burseraceae,71.377.407.147.126,86.434.144.169.202,11.6,11.77,6.29,20150811,False,O,11.82,11.82,feldpausch_regional,0.18,default,2.0,11.96,12.08,11.6,False,O,11.77,measured,11.959999999999999,12.028558854560472,0.6293,27.1244,27.1244,28.4165,29.409,29.409,30.8099,unknown,
FN_A01,29,Ormosia sp.,Fabaceae,71.378.256.571.424,86.434.218.602.688,12.2,14.44,8.9,20150811,False,O,12.25,12.25,feldpausch_regional,0.18,default,2.0,12.56,12.5,12.2,False,O,14.44,measured,12.559999999999999,14.739780391764384,0.5906,36.5403,36.5403,35.9806,39.4581,39.4581,38.8536,unknown,
FN_A01,30,Casearia javitensis,Salicaceae,7.137.838.990.972,8.643.426.588.104,10.4,15.75,12.11,20150811,False,O,10.93,10.93,feldpausch_regional,0.18,default,2.0,10.76,11.2,10.4,False,O,15.75,measured,10.76,16.14067616876743,0.753,29.1243,29.1243,36.3523,31.8779,31.8779,39.7893,unknown,
FN_A01,31,Qualea paraensis,Vochysiaceae,71.378.690.954.148,86.434.237.719.396,15.3,14.02,9.86,20150811,False,O,14.34,14.34,feldpausch_regional,0.18,default,2.0,15.66,14.57,15.3,False,O,14.02,measured,15.66,14.244996242299635,0.6893,55.2337,55.2337,63.2464,58.7041,58.7041,67.2202,unknown,
FN_A01,32,Tachigali myrmecophila,Fabaceae,713.790.877.491.232,864.342.791.395.784,19.6,23.06,18.94,20150811,False,O,16.94,16.94,feldpausch_regional,0.18,default,2.0,19.96,17.14,19.6,False,O,23.06,measured,19.96,23.33699787963129,0.476,145.5778,145.5778,116.1352,152.611,152.611,121.746,unknown,
FN_A01,33,,,7.137.959.830.546,8.643.435.375.842,28.8,19.09,1.8,20150811,True,O,21.59,21.59,feldpausch_regional,0.18,default,2.0,29.16,21.76,28.8,True,O,19.09,measured,29.16,19.233058839164002,0.6481,256.6028,186.442,186.442,264.8239,192.303,192.303,unknown,
FN_A01,34,Aniba parviflora,Lauraceae,713.797.736.724.672,864.343.290.972.064,16.0,18.03,13.27,20150811,False,O,14.79,14.79,feldpausch_regional,0.18,default,2.0,16.36,15.01,16.0,False,O,18.03,measured,16.36,18.30478401212194,0.54,77.0468,77.0468,69.5177,81.6636,81.6636,73.6834,unknown,
FN_A01,35,,,713.795.324.136.248,864.343.240.106.776,10.7,,,20150811,False,L,11.15,11.15,feldpausch_regional,0.18,default,2.0,11.06,11.42,10.7,False,L,11.15,feldpausch,11.059999999999999,11.41799314510754,0.6481,21.9765,21.9765,23.6953,23.9927,23.9927,25.8692,unknown,
FN_A01,36,,,713.799.361.993.888,864.343.658.701.056,21.2,13.39,1.49,20150811,True,O,17.83,17.83,feldpausch_regional,0.18,default,2.0,21.56,18.02,21.2,True,O,13.39,measured,21.56,13.536433136612382,0.6481,99.8174,75.5854,75.5854,104.2536,78.8728,78.8728,unknown,
FN_A01,37,Ormosia sp.,Fabaceae,713.784.785.254.076,864.342.723.253.812,18.4,17.9,8.58,20150811,False,O,16.25,16.25,feldpausch_regional,0.18,default,2.0,18.76,16.46,18.4,False,O,17.9,measured,18.759999999999998,18.131715002452545,0.5906,100.5008,100.5008,98.9613,105.6933,105.6933,104.0743,unknown,
FN_A01,38,Pouteria gongrijpii,Sapotaceae,713.799.930.480.684,864.343.824.650.308,12.5,23.29,16.64,20150811,False,O,12.46,12.46,feldpausch_regional,0.18,default,2.0,12.86,12.71,12.5,False,O,23.29,measured,12.86,23.760475999307534,0.7994,61.0923,61.0923,80.8367,65.8466,65.8466,87.1276,unknown,
FN_A01,39,Sacoglottis guianensis,Humiriaceae,713.801.135.313.392,864.343.787.726.304,11.1,14.49,10.85,20150811,False,O,11.45,11.45,feldpausch_regional,0.18,default,2.0,11.46,11.72,11.1,False,O,14.49,measured,11.459999999999999,14.824349224797341,0.8359,30.4883,30.4883,42.1366,33.1788,33.1788,45.855,unknown,
FN_A01,40,Xylopia amazonica,Annonaceae,713.801.461.115.288,864.343.935.961.656,18.9,29.07,22.33,20150811,False,O,16.54,16.54,feldpausch_regional,0.18,default,2.0,19.26,16.75,18.9,False,O,29.07,measured,19.259999999999998,29.43458245876492,0.787,169.9951,169.9951,221.5298,178.5316,178.5316,232.6541,unknown,
FN_A01,41,Pouteria gongrijpii,Sapotaceae,713.802.989.238.328,864.343.922.616.336,24.1,26.3,20.84,20150811,False,O,19.35,19.35,feldpausch_regional,0.18,default,2.0,24.46,19.53,24.1,False,O,26.3,measured,24.46,26.546125315493118,0.7994,247.762,247.762,327.8362,257.367,257.367,340.5454,unknown,
FN_A01,42,Tachigali paniculata,Fabaceae,7.138.046.819.524,8.643.440.457.768,34.8,29.02,24.57,20150811,False,O,24.13,24.13,feldpausch_regional,0.18,default,2.0,35.16,24.27,34.8,False,O,29.02,measured,35.16,29.190307457570064,0.5545,558.7481,558.7481,517.3546,573.3516,573.3516,530.8763,unknown,
FN_A01,43,Casearia javitensis,Salicaceae,71.380.790.616.968,86.434.428.036.816,13.5,21.82,14.44,20150811,False,O,13.15,13.15,feldpausch_regional,0.18,default,2.0,13.86,13.4,13.5,False,O,21.82,measured,13.86,22.224043290094716,0.753,66.6184,66.6184,83.1516,71.3973,71.3973,89.1165,unknown,
FN_A01,44,Aspidosperma excelsum,Apocynaceae,7.137.944.408.416,8.643.423.006.512,38.3,26.18,19.93,20150811,False,O,25.46,25.46,feldpausch_regional,0.18,default,2.0,38.66,25.59,38.3,False,O,26.18,measured,38.66,26.315227792794047,0.792,609.2606,609.2606,798.8831,623.6171,623.6171,817.7078,unknown,
FN_A01,45,Aspidosperma excelsum,Apocynaceae,71.379.045.114.348,86.434.037.603.676,42.3,23.54,15.83,20150811,False,O,26.87,26.87,feldpausch_regional,0.18,default,2.0,42.66,26.99,42.3,False,O,23.54,measured,42.66,23.646192008007404,0.792,666.7456,666.7456,874.2595,680.8514,680.8514,892.7554,unknown,
FN_A01,46,Tachigali paniculata,Fabaceae,7.137.893.050.542,8.643.395.351.814,38.0,32.3,19.75,20150811,False,O,25.35,25.35,feldpausch_regional,0.18,default,2.0,38.36,25.48,38.0,False,O,32.3,measured,38.36,32.468614280178166,0.5545,736.5122,736.5122,681.9495,754.0156,754.0156,698.1562,unknown,
FN_A01,47,Aniba parviflora,Lauraceae,713.792.080.719.632,864.339.361.250.184,38.0,29.32,21.1,20150811,False,O,25.35,25.35,feldpausch_regional,0.18,default,2.0,38.36,25.48,38.0,False,O,29.32,measured,38.36,29.473057916248415,0.54,670.1165,670.1165,604.6318,686.042,686.042,619.0011,unknown,
FN_A01,48,Sacoglottis guianensis,Humiriaceae,713.781.068.989.467,864.341.989.227.447,49.3,25.36,20.1,20150811,False,O,29.08,29.08,feldpausch_regional,0.18,default,2.0,49.66,29.18,49.3,False,O,25.36,measured,49.66,25.452207967289862,0.8359,966.8243,966.8243,1336.2041,984.1331,984.1331,1360.1259,unknown,
FN_A01,49,,,713.806.304.439.096,864.341.165.349.552,51.0,3.65,1.42,20150811,True,O,29.57,29.57,feldpausch_regional,0.18,default,2.0,51.36,29.67,51.0,True,O,3.65,measured,51.36,3.662636738197432,0.6481,155.7527,151.0621,151.0621,158.4395,153.636,153.636,unknown,
FN_A01,50,Qualea paraensis,Vochysiaceae,71.383.222.772.488,86.434.120.047.456,36.1,28.51,15.73,20150811,False,O,24.63,24.63,feldpausch_regional,0.18,default,2.0,36.46,24.77,36.1,False,O,28.51,measured,36.46,28.669389287221513,0.6893,589.9185,589.9185,675.4969,604.7379,604.7379,692.4662,unknown,
FN_A01,51,,,71.389.423.832.368,86.435.103.598.608,24.2,5.09,1.37,20150811,True,O,19.4,19.4,feldpausch_regional,0.18,default,2.0,24.56,19.58,24.2,True,O,5.09,measured,24.56,5.13739250682883,0.6481,50.2834,44.6463,44.6463,52.2241,46.3344,46.3344,unknown,
FN_A01,52,Protium heptaphyllum,Burseraceae,713.892.524.710.354,864.351.299.132.241,18.1,14.76,9.59,20150811,False,O,16.07,16.07,feldpausch_regional,0.18,default,2.0,18.46,16.28,18.1,False,O,14.76,measured,18.46,14.95480199872269,0.6293,80.6265,80.6265,84.467,84.8654,84.8654,88.9079,unknown,
FN_A01,53,,,71.389.840.963.208,86.435.148.846.048,39.4,26.22,2.48,20150811,True,O,25.86,25.86,feldpausch_regional,0.18,default,2.0,39.76,25.99,39.4,True,O,26.22,measured,39.76,26.35034970397538,0.6481,644.8442,452.3696,452.3696,659.5801,462.5466,462.5466,unknown,
FN_A01,54,Aniba parviflora,Lauraceae,713.904.048.414.524,864.351.919.570.744,25.2,25.0,17.17,20150811,False,O,19.9,19.9,feldpausch_regional,0.18,default,2.0,25.56,20.08,25.2,False,O,25.0,measured,25.56,25.221438289481775,0.54,257.2669,257.2669,232.1265,266.7761,266.7761,240.7063,unknown,
FN_A01,55,,,71.390.726.038.392,86.435.193.581.472,17.4,18.36,2.73,20150811,True,O,15.65,15.65,feldpausch_regional,0.18,default,2.0,17.76,15.87,17.4,True,O,18.36,measured,17.759999999999998,18.61378922663877,0.6481,92.3746,65.9183,65.9183,97.4388,69.4497,69.4497,unknown,
FN_A01,56,Aspidosperma excelsum,Apocynaceae,71.390.893.119.054,86.435.206.722.264,70.7,28.76,19.08,20150811,False,O,34.29,34.29,feldpausch_regional,0.18,default,2.0,71.06,34.37,70.7,False,O,28.76,measured,71.06,28.82041873378529,0.792,2209.5576,2209.5576,2897.2468,2236.1481,2236.1481,2932.1131,unknown,
FN_A01,57,,,713.907.934.390.592,864.352.113.252.352,14.4,,,20150811,False,L,13.76,13.76,feldpausch_regional,0.18,default,2.0,14.76,13.99,14.4,False,L,13.76,feldpausch,14.76,13.996731696825728,0.6481,48.181,48.181,51.9493,51.409,51.409,55.4298,unknown,
FN_A01,58,,,713.907.813.567.976,864.352.228.182.656,27.7,19.22,2.13,20150811,True,O,21.09,21.09,feldpausch_regional,0.18,default,2.0,28.06,21.26,27.7,True,O,19.22,measured,28.06,19.37129338064025,0.6481,239.4002,173.432,173.432,247.3971,179.1144,179.1144,unknown,
FN_A01,59,Maquira coriacea,Moraceae,713.908.650.663.648,864.352.418.474.688,13.6,12.7,8.97,20150811,False,O,13.22,13.22,feldpausch_regional,0.18,default,2.0,13.96,13.46,13.6,False,O,12.7,measured,13.959999999999999,12.933204229882735,0.5112,39.8512,39.8512,34.084,42.6876,42.6876,36.51,unknown,
FN_A01,60,,,713.909.011.178.912,864.352.571.289.472,21.5,6.36,1.85,20150811,True,O,17.99,17.99,feldpausch_regional,0.18,default,2.0,21.86,18.19,21.5,True,O,6.36,measured,21.86,6.428385958928708,0.6481,49.6083,42.2829,42.2829,51.7804,44.0948,44.0948,unknown,
FN_A01,61,Tachigali myrmecophila,Fabaceae,71.391.156.562.768,86.435.277.225.408,36.8,28.11,15.3,20150811,False,O,24.9,24.9,feldpausch_regional,0.18,default,2.0,37.16,25.04,36.8,False,O,28.11,measured,37.16,28.263185466176665,0.476,604.0652,604.0652,481.8952,618.9282,618.9282,493.7522,unknown,
FN_A01,62,,,713.917.410.157.816,864.352.858.570.296,10.7,10.71,7.64,20150811,False,O,11.15,11.15,feldpausch_regional,0.18,default,2.0,11.06,11.42,10.7,False,O,10.71,measured,11.059999999999999,10.967417630861144,0.6481,21.1297,21.1297,22.7822,23.0681,23.0681,24.8723,unknown,
FN_A01,63,,,713.917.376.892.616,864.352.980.442.496,63.3,8.41,1.11,20150811,True,O,32.71,32.71,feldpausch_regional,0.18,default,2.0,63.66,32.79,63.3,True,O,8.41,measured,63.66,8.4310502952468,0.6481,536.2924,460.6277,460.6277,543.5868,466.8356,466.8356,unknown,
FN_A01,64,Calophyllum brasiliense,Calophyllaceae,71.392.114.481.056,86.435.352.587.136,14.9,18.33,11.77,20150811,False,O,14.08,14.08,feldpausch_regional,0.18,default,2.0,15.26,14.32,14.9,False,O,18.33,measured,15.26,18.633261415835765,0.5891,68.1345,68.1345,66.9224,72.5372,72.5372,71.2469,unknown,
FN_A01,65,Casearia javitensis,Salicaceae,713.922.984.138.536,864.353.296.992.616,21.2,23.86,18.33,20150811,False,O,17.83,17.83,feldpausch_regional,0.18,default,2.0,21.56,18.02,21.2,False,O,23.86,measured,21.56,24.120933132156193,0.753,175.4182,175.4182,218.953,183.2144,183.2144,228.6841,unknown,
FN_A01,66,Casearia javitensis,Salicaceae,713.924.258.191.272,864.353.397.203.432,19.4,22.05,9.98,20150811,False,O,16.83,16.83,feldpausch_regional,0.18,default,2.0,19.76,17.03,19.4,False,O,22.05,measured,19.759999999999998,22.31811354889505,0.753,136.5892,136.5892,170.4876,143.2605,143.2605,178.8145,unknown,
FN_A01,67,Protium paniculatum,Burseraceae,713.923.645.627.872,864.353.598.078.432,10.1,9.58,6.82,20150811,False,O,10.7,10.7,feldpausch_regional,0.18,default,2.0,10.46,10.97,10.1,False,O,9.58,measured,10.459999999999999,9.82544504204122,0.49,16.932,16.932,13.8952,18.5833,18.5833,15.2503,unknown,
FN_A01,68,Pouteria gongrijpii,Sapotaceae,713.926.143.273.536,864.353.670.014.016,12.0,15.21,9.88,20150811,False,O,12.11,12.11,feldpausch_regional,0.18,default,2.0,12.36,12.36,12.0,False,O,15.21,measured,12.36,15.531680047769829,0.7994,37.2204,37.2204,49.2496,40.2448,40.2448,53.2515,unknown,
FN_A01,69,,,713.897.235.287.304,864.350.774.292.024,43.5,4.75,1.57,20150811,True,O,27.27,27.27,feldpausch_regional,0.18,default,2.0,43.86,27.39,43.5,True,O,4.75,measured,43.86,4.770613523344207,0.6481,147.6538,136.3243,136.3243,150.684,139.0818,139.0818,unknown,
FN_A01,70,Tetragastris altissima,Burseraceae,713.901.130.510.688,864.349.837.299.528,40.2,19.34,13.73,20150811,False,O,26.14,26.14,feldpausch_regional,0.18,default,2.0,40.56,26.27,40.2,False,O,19.34,measured,40.56,19.433555040804226,0.7079,498.3007,498.3007,585.5484,509.4422,509.4422,598.6406,unknown,
FN_A01,71,,,713.910.481.972.094,864.349.353.815.846,44.5,10.17,1.81,20150811,True,O,27.59,27.59,feldpausch_regional,0.18,default,2.0,44.86,27.71,44.5,True,O,10.17,measured,44.86,10.212758060173227,0.6481,324.4925,265.9304,265.9304,330.989,271.1796,271.1796,unknown,
FN_A01,72,Aspidosperma excelsum,Apocynaceae,713.911.791.384.912,864.350.053.275.072,37.7,21.35,15.83,20150811,False,O,25.24,25.24,feldpausch_regional,0.18,default,2.0,38.06,25.37,37.7,False,O,21.35,measured,38.06,21.462645295391994,0.792,484.1404,484.1404,634.8213,495.7453,495.7453,650.038,unknown,
FN_A01,73,,,713.937.219.415.193,864.350.408.090.717,86.5,25.83,2.36,20150811,True,O,37.08,37.08,feldpausch_regional,0.18,default,2.0,86.86,37.14,86.5,True,O,25.83,measured,86.86,25.868670255110576,0.6481,2949.5078,2153.8202,2153.8202,2977.8616,2174.4445,2174.4445,unknown,
FN_A01,74,Hymenolobium petraeum,Fabaceae,713.935.203.517.376,864.350.822.070.256,41.6,28.14,14.94,20150811,False,O,26.63,26.63,feldpausch_regional,0.18,default,2.0,41.96,26.75,41.6,False,O,28.14,measured,41.96,28.269894247224393,0.7125,768.1945,768.1945,908.4763,784.7439,784.7439,928.0478,unknown,
FN_A01,75,Dipteryx odorata,Fabaceae,713.937.571.480.169,864.351.182.121.773,37.4,29.2,20.29,20150811,False,O,25.13,25.13,feldpausch_regional,0.18,default,2.0,37.76,25.26,37.4,False,O,29.2,measured,37.76,29.355721886598626,0.9228,647.023,647.023,984.841,662.6669,662.6669,1008.6528,unknown,
FN_A01,76,Goupia glabra,Goupiaceae,71.393.561.673.192,86.435.192.461.152,50.3,23.05,16.15,20150811,False,O,29.37,29.37,feldpausch_regional,0.18,default,2.0,50.66,29.47,50.3,False,O,23.05,measured,50.66,23.131416437084855,0.7272,915.9847,915.9847,1105.0438,932.027,932.027,1124.3973,unknown,
FN_A01,77,Casearia javitensis,Salicaceae,714.009.109.870.656,864.359.984.094.496,32.8,17.9,10.9,20150811,False,O,23.32,23.32,feldpausch_regional,0.18,default,2.0,33.16,23.47,32.8,False,O,17.9,measured,33.16,18.01351286784694,0.753,310.6211,310.6211,387.7102,319.2745,319.2745,398.5112,unknown,
FN_A01,78,Pouteria gongrijpii,Sapotaceae,714.014.043.400.528,864.360.239.157.648,11.9,9.34,5.38,20150811,False,O,12.03,12.03,feldpausch_regional,0.18,default,2.0,12.26,12.29,11.9,False,O,9.34,measured,12.26,9.539396137405225,0.7994,22.7503,22.7503,30.103,24.6154,24.6154,32.5708,unknown,
FN_A01,79,Strychnos subcordata,Loganiaceae,7.140.160.805.322,8.643.602.691.282,12.8,11.63,7.3,20150811,False,O,12.67,12.67,feldpausch_regional,0.18,default,2.0,13.16,12.92,12.8,False,O,11.63,measured,13.16,11.858735165026554,0.6959,32.4893,32.4893,37.5508,34.955,34.955,40.4007,unknown,
FN_A01,80,Myrcia deflexa,Myrtaceae,7.140.172.542.864,8.643.603.606.984,26.7,13.14,12.64,20150811,False,O,20.62,20.62,feldpausch_regional,0.18,default,2.0,27.06,20.79,26.7,False,O,13.14,measured,27.06,13.248314359353099,0.8,153.7304,153.7304,203.5635,159.0718,159.0718,210.6364,unknown,
FN_A01,81,Pouteria gongrijpii,Sapotaceae,714.021.069.108.909,864.360.965.889.421,19.4,12.66,10.05,20150811,False,O,16.83,16.83,feldpausch_regional,0.18,default,2.0,19.76,17.03,19.4,False,O,12.66,measured,19.759999999999998,12.813937302903007,0.7994,79.474,79.474,105.1592,83.3556,83.3556,110.2953,unknown,
FN_A01,82,Bowdichia nitida,Fabaceae,71.402.554.600.112,86.436.139.057.792,16.4,16.58,9.65,20150811,False,O,15.04,15.04,feldpausch_regional,0.18,default,2.0,16.76,15.26,16.4,False,O,16.58,measured,16.759999999999998,16.825553721216973,0.8033,74.499,74.499,99.0497,78.8478,78.8478,104.8316,unknown,
FN_A01,83,Tetragastris panamensis,Burseraceae,714.025.936.852.088,864.361.548.326.808,16.9,8.92,7.45,20150811,False,O,15.35,15.35,feldpausch_regional,0.18,default,2.0,17.26,15.57,16.9,False,O,8.92,measured,17.259999999999998,9.047571214000047,0.7173,43.1372,43.1372,51.3523,45.5764,45.5764,54.256,unknown,
FN_A01,84,Ocotea cernua,Lauraceae,71.402.969.513.524,86.436.158.589.284,12.6,13.77,6.58,20150811,False,O,12.53,12.53,feldpausch_regional,0.18,default,2.0,12.96,12.78,12.6,False,O,13.77,measured,12.959999999999999,14.045678430190236,0.4535,37.1521,37.1521,28.2701,40.0191,40.0191,30.4517,unknown,
FN_A01,85,Vochysia guianensis,Vochysiaceae,7.140.329.043.424,8.643.615.816.344,15.6,12.05,6.18,20150811,False,O,14.54,14.54,feldpausch_regional,0.18,default,2.0,15.96,14.76,15.6,False,O,12.05,measured,15.959999999999999,12.239100402065153,0.5087,49.4861,49.4861,42.1225,52.5321,52.5321,44.7152,unknown,
FN_A01,86,Nectandra cuspidata,Lauraceae,71.403.204.326.428,86.436.176.860.748,12.9,11.75,6.62,20150811,False,O,12.74,12.74,feldpausch_regional,0.18,default,2.0,13.26,12.99,12.9,False,O,11.75,measured,13.26,11.979072919095845,0.518,33.3188,33.3188,28.8668,35.8267,35.8267,31.0397,unknown,
FN_A01,87,,,71.403.619.115.712,86.436.196.477.392,19.4,9.61,0.55,20150811,True,O,16.83,16.83,feldpausch_regional,0.18,default,2.0,19.76,17.03,19.4,True,O,9.61,measured,19.759999999999998,9.72685130180868,0.6481,60.7278,48.2537,48.2537,63.6939,50.5586,50.5586,unknown,
FN_A01,88,Bellucia grossularioides,Melastomataceae,714.043.391.134.528,864.362.525.751.648,18.2,13.01,7.39,20150811,False,O,16.13,16.13,feldpausch_regional,0.18,default,2.0,18.56,16.34,18.2,False,O,13.01,measured,18.56,13.180596087864448,0.5975,72.0534,72.0534,71.7604,75.8196,75.8196,75.5113,unknown,
FN_A01,89,Tetragastris altissima,Burseraceae,714.041.516.891.632,864.362.757.509.712,11.5,8.27,5.65,20150811,False,O,11.75,11.75,feldpausch_regional,0.18,default,2.0,11.86,12.01,11.5,False,O,8.27,measured,11.86,8.453438584200567,0.7079,18.8985,18.8985,22.2075,20.5049,20.5049,24.0952,unknown,
FN_A01,90,Bellucia grossularioides,Melastomataceae,714.044.721.565.136,864.362.629.410.576,12.2,12.48,6.97,20150811,False,O,12.25,12.25,feldpausch_regional,0.18,default,2.0,12.56,12.5,12.2,False,O,12.48,measured,12.559999999999999,12.739089978477807,0.5975,31.6913,31.6913,31.5624,34.2219,34.2219,34.0827,unknown,
FN_A01,91,Bellucia grossularioides,Melastomataceae,714.044.721.565.136,864.362.629.410.576,12.7,11.69,7.52,20150811,False,O,12.6,12.6,feldpausch_regional,0.18,default,2.0,13.06,12.85,12.7,False,O,11.69,measured,13.059999999999999,11.921959366531961,0.5975,32.1568,32.1568,32.026,34.6176,34.6176,34.4768,unknown,
FN_A01,92,,,71.401.634.762.992,86.435.899.574.432,36.8,13.98,0.56,20150811,True,O,24.9,24.9,feldpausch_regional,0.18,default,2.0,37.16,25.04,36.8,True,O,13.98,measured,37.16,14.056184020531832,0.6481,305.4996,235.9283,235.9283,313.0164,241.6387,241.6387,unknown,
FN_A01,93,Aspidosperma excelsum,Apocynaceae,714.018.528.527.296,864.359.427.512.736,39.0,15.18,9.31,20150811,False,O,25.71,25.71,feldpausch_regional,0.18,default,2.0,39.36,25.84,39.0,False,O,15.18,measured,39.36,15.256515788963066,0.792,370.8003,370.8003,486.2059,379.368,379.368,497.4401,unknown,
FN_A01,94,,,714.025.048.864.296,864.358.241.652.136,56.1,4.02,0.68,20150811,True,O,30.96,30.96,feldpausch_regional,0.18,default,2.0,56.46,31.05,56.1,True,O,4.02,measured,56.46,4.03209472360629,0.6481,206.1393,197.8072,197.8072,209.3422,200.847,200.847,unknown,
FN_A01,95,Albizia pedicellaris,Fabaceae,714.031.206.422.502,864.358.461.979.078,40.6,23.13,14.83,20150811,False,O,26.28,26.28,feldpausch_regional,0.18,default,2.0,40.96,26.41,40.6,False,O,23.13,measured,40.96,23.2403874841904,0.5446,604.9771,604.9771,550.4422,618.3592,618.3592,562.618,unknown,
FN_A01,96,,,714.049.113.450.059,864.358.623.523.467,75.4,2.03,0.34,20150811,True,O,35.2,35.2,feldpausch_regional,0.18,default,2.0,75.76,35.27,75.4,True,O,2.03,measured,75.76,2.033838582246054,0.6481,188.4541,204.3308,204.3308,190.5655,206.6057,206.6057,unknown,
FN_A01,97,Qualea paraensis,Vochysiaceae,71.407.165.596.768,86.435.931.913.488,59.5,26.6,16.01,20150811,False,O,31.81,31.81,feldpausch_regional,0.18,default,2.0,59.86,31.9,59.5,False,O,26.6,measured,59.86,26.673232553734326,0.6893,1462.1849,1462.1849,1674.3014,1483.4789,1483.4789,1698.6846,unknown,
FN_A01,91,Endlicheria ruforamula,Lauraceae,80.561.519.426.324,868.885.754.427.596,17.4,21.93,15.81,20150820,False,O,15.65,15.65,feldpausch_regional,0.18,default,2.0,17.76,15.87,17.4,False,O,21.93,measured,17.759999999999998,22.23313713181853,0.5043,109.8668,109.8668,92.7289,115.89,115.89,97.8126,unknown,
FN_A01,92,Endlicheria ruforamula,Lauraceae,805.615.406.166,86.888.602.476.768,16.7,23.51,19.37,20150820,False,O,15.22,15.22,feldpausch_regional,0.18,default,2.0,17.06,15.45,16.7,False,O,23.51,measured,17.06,23.850927806487142,0.5043,108.529,108.529,91.5998,114.7437,114.7437,96.8451,unknown,
FN_A01,93,Helicostylis sp.,Moraceae,805.615.306.841.176,86.888.602.458.175,16.8,24.44,18.8,20150820,False,O,15.29,15.29,feldpausch_regional,0.18,default,2.0,17.16,15.51,16.8,False,O,24.44,measured,17.16,24.791959094040397,0.643,114.0384,114.0384,122.0083,120.5274,120.5274,128.9508,unknown,
FN_A01,94,Guatteria schomburgkiana,Annonaceae,805.615.380.722,86.888.606.193.656,17.7,18.18,12.63,20150820,False,O,15.83,15.83,feldpausch_regional,0.18,default,2.0,18.06,16.05,17.7,False,O,18.18,measured,18.06,18.42631935608831,0.6,94.595,94.595,94.595,99.6878,99.6878,99.6878,unknown,
FN_A01,95,,,80.561.123.274.784,868.886.297.359.016,14.5,14.22,,20150820,True,O,13.82,13.82,feldpausch_regional,0.18,default,2.0,14.86,14.06,14.5,True,O,14.22,measured,14.86,14.462716644959078,0.6481,50.4291,37.1422,37.1422,53.783,39.5532,39.5532,unknown,
FN_A01,96,Pouteria sp.,Sapotaceae,8.056.121.227.808,86.888.644.808.312,26.3,25.01,18.72,20150820,False,O,20.43,20.43,feldpausch_regional,0.18,default,2.0,26.66,20.6,26.3,False,O,25.01,measured,26.66,25.220080723928177,0.7187,279.752,279.752,333.6605,289.6305,289.6305,345.4426,unknown,
FN_A01,97,Endlicheria ruforamula,Lauraceae,80.561.111.249.272,868.886.465.376.128,10.1,12.65,7.41,20150820,False,O,10.7,10.7,feldpausch_regional,0.18,default,2.0,10.46,10.97,10.1,False,O,12.65,measured,10.459999999999999,12.974100185993889,0.5043,22.2094,22.2094,18.745,24.3753,24.3753,20.5731,unknown,
FN_A01,98,Endlicheria ruforamula,Lauraceae,80.561.609.164.328,868.886.481.430.472,39.4,29.36,17.95,20150820,False,O,25.86,25.86,feldpausch_regional,0.18,default,2.0,39.76,25.99,39.4,False,O,29.36,measured,39.76,29.505959851591044,0.5043,720.1106,720.1106,607.7823,736.5664,736.5664,621.6712,unknown,
FN_A01,99,Micropholis venulosa,Sapotaceae,805.612.776.509.856,868.886.654.121.382,10.4,13.62,10.52,20150820,False,O,10.93,10.93,feldpausch_regional,0.18,default,2.0,10.76,11.2,10.4,False,O,13.62,measured,10.76,13.957841867848408,0.67,25.2736,25.2736,28.1475,27.6631,27.6631,30.8088,unknown,
FN_A01,100,Bellucia grossularioides,Melastomataceae,805.613.604.207.776,868.887.046.139.091,15.4,14.42,11.08,20150820,False,O,14.41,14.41,feldpausch_regional,0.18,default,2.0,15.76,14.64,15.4,False,O,14.42,measured,15.76,14.649685392826264,0.5975,57.4978,57.4978,57.264,61.0856,61.0856,60.8372,unknown,
FN_A01,101,Protium paniculatum,Burseraceae,8.056.106.915.998,86.888.705.343.602,14.2,22.27,15.47,20150820,False,O,13.62,13.62,feldpausch_regional,0.18,default,2.0,14.56,13.86,14.2,False,O,22.27,measured,14.559999999999999,22.659312423866172,0.49,75.0071,75.0071,61.5543,80.1074,80.1074,65.7398,unknown,
FN_A01,102,Guatteria schomburgkiana,Annonaceae,80.561.051.121.712,868.887.305.461.688,11.1,20.85,16.12,20150820,False,O,11.45,11.45,feldpausch_regional,0.18,default,2.0,11.46,11.72,11.1,False,O,20.85,measured,11.459999999999999,21.33110292180984,0.6,43.4889,43.4889,43.4889,47.3267,47.3267,47.3267,unknown,
FN_A01,103,Cecropia palmata,Urticaceae,805.612.402.406,8.688.874.739.164,18.4,19.57,16.68,20150820,False,O,16.25,16.25,feldpausch_regional,0.18,default,2.0,18.76,16.46,18.4,False,O,19.57,measured,18.759999999999998,19.823333106033314,0.3404,109.6422,109.6422,63.0519,115.307,115.307,66.3095,unknown,
FN_A01,104,,,8.056.154.823.824,86.888.738.175.576,50.5,3.5,,20150820,True,O,29.43,29.43,feldpausch_regional,0.18,default,2.0,50.86,29.53,50.5,True,O,3.5,measured,50.86,3.5122917872803883,0.6481,146.6547,143.1166,143.1166,149.212,145.5812,145.5812,unknown,
FN_A01,105,Ocotea cernua,Lauraceae,8.056.101.237.284,86.888.784.685.016,15.8,17.29,13.3,20150820,False,O,14.66,14.66,feldpausch_regional,0.18,default,2.0,16.16,14.89,15.8,False,O,17.29,measured,16.16,17.55736848044192,0.4535,72.1651,72.1651,54.9125,76.5474,76.5474,58.2471,unknown,
FN_A01,106,Endlicheria ruforamula,Lauraceae,80.561.212.200.644,868.887.874.386.236,12.8,17.09,12.71,20150820,False,O,12.67,12.67,feldpausch_regional,0.18,default,2.0,13.16,12.92,12.8,False,O,17.09,measured,13.16,17.426120719716575,0.5043,47.3032,47.3032,39.9245,50.8932,50.8932,42.9545,unknown,
FN_A01,107,Casearia javitensis,Salicaceae,80.561.396.858,8.688.881.248.094,12.4,15.53,11.55,20150820,False,O,12.39,12.39,feldpausch_regional,0.18,default,2.0,12.76,12.64,12.4,False,O,15.53,measured,12.76,15.84656778239422,0.753,40.4952,40.4952,50.5451,43.6735,43.6735,54.5123,unknown,
FN_A01,108,Strychnos subcordata,Loganiaceae,80.561.177.639.768,868.888.367.988.592,12.1,13.24,10.21,20150820,False,O,12.18,12.18,feldpausch_regional,0.18,default,2.0,12.46,12.43,12.1,False,O,13.24,measured,12.459999999999999,13.517420435985196,0.6959,33.0385,33.0385,38.1856,35.6997,35.6997,41.2613,unknown,
FN_A01,109,Diospyros guianensis,Ebenaceae,8.056.097.896.864,86.888.831.356.436,25.9,23.54,16.94,20150820,False,O,20.24,20.24,feldpausch_regional,0.18,default,2.0,26.26,20.41,25.9,False,O,23.54,measured,26.259999999999998,23.74154113309469,0.73,255.9204,255.9204,309.9077,265.1067,265.1067,321.0319,unknown,
FN_A01,110,Protium paniculatum,Burseraceae,805.610.571.574,8.688.886.391.686,10.5,9.34,4.77,20150820,False,O,11.0,11.0,feldpausch_regional,0.18,default,2.0,10.86,11.27,10.5,False,O,9.34,measured,10.86,9.569235148495924,0.49,17.8189,17.8189,14.623,19.4866,19.4866,15.9916,unknown,
FN_A01,111,Pouteria gongrijpii,Sapotaceae,80.561.756.681.096,868.888.807.251.664,44.7,25.57,15.87,20150820,False,O,27.66,27.66,feldpausch_regional,0.18,default,2.0,45.06,27.77,44.7,False,O,25.57,measured,45.06,25.676832372265114,0.7994,805.0191,805.0191,1065.1931,821.0574,821.0574,1086.4149,unknown,
FN_A01,112,Neea oppositifolia,Nyctaginaceae,8.056.110.330.128,86.888.942.969.932,11.0,13.28,9.38,20150820,False,O,11.38,11.38,feldpausch_regional,0.18,default,2.0,11.36,11.64,11.0,False,O,13.28,measured,11.36,13.589531019678404,0.893,27.5106,27.5106,40.5561,29.9617,29.9617,44.1695,unknown,
FN_A01,113,Pouteria gongrijpii,Sapotaceae,8.056.099.444.904,86.888.952.492.656,17.5,16.91,13.38,20150820,False,O,15.71,15.71,feldpausch_regional,0.18,default,2.0,17.86,15.93,17.5,False,O,16.91,measured,17.86,17.142183375199824,0.7994,86.2063,86.2063,114.0673,90.9038,90.9038,120.2829,unknown,
FN_A01,114,Casearia javitensis,Salicaceae,805.609.746.464,8.688.898.046.396,16.8,19.68,15.13,20150820,False,O,15.29,15.29,feldpausch_regional,0.18,default,2.0,17.16,15.51,16.8,False,O,19.68,measured,17.16,19.963410596183103,0.753,92.3066,92.3066,115.215,97.559,97.559,121.771,unknown,
FN_A01,115,Protium paniculatum,Burseraceae,8.056.094.824.288,86.889.017.759.032,17.4,13.97,6.25,20150820,False,O,15.65,15.65,feldpausch_regional,0.18,default,2.0,17.76,15.87,17.4,False,O,13.97,measured,17.759999999999998,14.163106508504555,0.49,70.7497,70.7497,58.0604,74.6284,74.6284,61.2435,unknown,
FN_A01,116,Nectandra cuspidata,Lauraceae,8.056.374.851.076,86.888.964.916.584,40.1,30.24,20.12,20150820,False,O,26.11,26.11,feldpausch_regional,0.18,default,2.0,40.46,26.23,40.1,False,O,30.24,measured,40.46,30.386779707251446,0.518,767.09,767.09,664.5942,784.2878,784.2878,679.4941,unknown,
FN_A01,117,Goupia glabra,Goupiaceae,80.564.418.929,868.888.378.592,117.7,37.26,18.82,20150820,False,O,40.9,40.9,feldpausch_regional,0.18,default,2.0,118.06,40.94,117.7,False,O,37.26,measured,118.06,37.29132988726907,0.7272,7693.9501,7693.9501,9281.9802,7746.3051,7746.3051,9345.1412,unknown,
FN_A01,118,Erisma uncinatum,Vochysiaceae,8.056.571.045.792,86.888.916.336.848,66.7,32.11,21.15,20150820,False,O,33.46,33.46,feldpausch_regional,0.18,default,2.0,67.06,33.54,66.7,False,O,32.11,measured,67.06,32.1840402772996,0.5231,2196.0148,2196.0148,1920.8118,2224.2046,2224.2046,1945.4689,unknown,
FN_A01,119,Erisma uncinatum,Vochysiaceae,8.056.273.408.148,86.888.948.931.632,62.4,28.58,16.86,20150820,False,O,32.5,32.5,feldpausch_regional,0.18,default,2.0,62.76,32.59,62.4,False,O,28.58,measured,62.76,28.65314207141532,0.5231,1720.9876,1720.9876,1505.3147,1744.7688,1744.7688,1526.1157,unknown,
FN_A01,120,Erisma uncinatum,Vochysiaceae,805.618.369.444,8.688.891.385.832,56.5,25.44,15.9,20150820,False,O,31.06,31.06,feldpausch_regional,0.18,default,2.0,56.86,31.15,56.5,False,O,25.44,measured,56.86,25.51573044189752,0.5231,1265.447,1265.447,1106.8621,1284.9561,1284.9561,1123.9263,unknown,
FN_A01,121,Erisma uncinatum,Vochysiaceae,805.609.746.464,8.688.898.046.396,72.8,36.16,20.65,20150820,False,O,34.71,34.71,feldpausch_regional,0.18,default,2.0,73.16,34.78,72.8,False,O,36.16,measured,73.16,36.2324369035811,0.5231,2925.3112,2925.3112,2558.7134,2959.3896,2959.3896,2588.5211,unknown,
FN_A01,122,Tetragastris altissima,Burseraceae,805.610.772.176,8.688.898.022.294,36.5,31.76,21.13,20150820,False,O,24.79,24.79,feldpausch_regional,0.18,default,2.0,36.86,24.92,36.5,False,O,31.76,measured,36.86,31.934975174988754,0.7079,669.7176,669.7176,786.9788,686.3425,686.3425,806.5145,unknown,
FN_A01,123,Aspidosperma parvifolium,Apocynaceae,80.562.264.842.956,868.887.172.237.364,66.5,26.66,16.25,20150820,False,O,33.42,33.42,feldpausch_regional,0.18,default,2.0,66.86,33.5,66.5,False,O,26.66,measured,66.86,26.721766175746918,0.781,1820.7405,1820.7405,2355.0484,1844.1908,1844.1908,2385.3803,unknown,
FN_A01,124,Sloanea guianensis,Elaeocarpaceae,805.611.082.863.512,868.885.951.217.345,12.1,15.69,9.08,20150820,False,O,12.18,12.18,feldpausch_regional,0.18,default,2.0,12.46,12.43,12.1,False,O,15.69,measured,12.459999999999999,16.01875578856554,0.8212,38.9929,38.9929,52.9678,42.1337,42.1337,57.2343,unknown,
FN_A01,125,Sloanea guianensis,Elaeocarpaceae,805.603.071.662.448,86.890.093.233.168,17.7,17.83,10.9,20150820,False,O,15.83,15.83,feldpausch_regional,0.18,default,2.0,18.06,16.05,17.7,False,O,17.83,measured,18.06,18.071577234271427,0.8212,92.8171,92.8171,126.0825,97.8142,97.8142,132.8705,unknown,
FN_A01,126,Strychnos subcordata,Loganiaceae,8.056.061.078.928,868.901.098.936,12.3,14.85,9.55,20150820,False,O,12.32,12.32,feldpausch_regional,0.18,default,2.0,12.66,12.57,12.3,False,O,14.85,measured,12.66,15.155476335716624,0.6959,38.1558,38.1558,44.1001,41.1763,41.1763,47.5911,unknown,
FN_A01,127,Tapirira guianensis,Anacardiaceae,8.056.158.047.456,86.890.103.126,41.5,22.61,16.49,20150820,False,O,26.59,26.59,feldpausch_regional,0.18,default,2.0,41.86,26.72,41.5,False,O,22.61,measured,41.86,22.714713432603155,0.457,617.5725,617.5725,473.4679,630.9118,630.9118,483.6946,unknown,
FN_A01,128,Tetragastris altissima,Burseraceae,8.056.100.060.042,8.689.014.310.688,47.9,20.63,13.27,20150820,False,O,28.66,28.66,feldpausch_regional,0.18,default,2.0,48.26,28.77,47.9,False,O,20.63,measured,48.26,20.708169711710347,0.7079,747.1828,747.1828,878.0074,760.9874,760.9874,894.229,unknown,
FN_A01,129,Strychnos subcordata,Loganiaceae,8.056.069.643.425,868.901.533.108,21.4,20.54,13.42,20150820,False,O,17.94,17.94,feldpausch_regional,0.18,default,2.0,21.76,18.13,21.4,False,O,20.54,measured,21.759999999999998,20.7621008431427,0.6959,154.357,154.357,178.4043,161.149,161.149,186.2544,unknown,
FN_A01,130,Dipteryx odorata,Fabaceae,80.560.284.062.744,8.689.022.712.176,14.9,16.74,12.79,20150820,False,O,14.08,14.08,feldpausch_regional,0.18,default,2.0,15.26,14.32,14.9,False,O,16.74,measured,15.26,17.016955597440848,0.9228,62.3599,62.3599,94.9188,66.3896,66.3896,101.0523,unknown,
FN_A01,131,Nectandra cuspidata,Lauraceae,805.603.744.668,868.902.535.056,24.0,21.48,14.04,20150820,False,O,19.3,19.3,feldpausch_regional,0.18,default,2.0,24.36,19.48,24.0,False,O,21.48,measured,24.36,21.682046392218012,0.518,201.6966,201.6966,174.7466,209.5505,209.5505,181.5511,unknown,
FN_A01,132,,,805.606.702.568,8.689.025.653.328,23.5,16.64,,20150820,True,O,19.05,19.05,feldpausch_regional,0.18,default,2.0,23.86,19.23,23.5,True,O,16.64,measured,23.86,16.80060850100278,0.6481,150.8797,110.9427,110.9427,156.8883,115.27,115.27,unknown,
FN_A01,133,Strychnos subcordata,Loganiaceae,8.056.055.547.782,868.903.153.118,11.5,13.43,9.26,20150820,False,O,11.75,11.75,feldpausch_regional,0.18,default,2.0,11.86,12.01,11.5,False,O,13.43,measured,11.86,13.727893613762227,0.6959,30.3351,30.3351,35.061,32.9136,32.9136,38.0412,unknown,
FN_A01,134,Licania octandra,Chrysobalanaceae,80.560.440.340.742,8.689.036.906.704,30.4,30.24,22.49,20150820,False,O,22.3,22.3,feldpausch_regional,0.18,default,2.0,30.76,22.46,30.4,False,O,30.24,measured,30.759999999999998,30.451530121564986,0.825,446.7636,446.7636,609.6228,460.2698,460.2698,628.0525,unknown,
FN_A01,135,Albizia pedicellaris,Fabaceae,8.056.074.294.584,868.903.671.264,63.2,30.3,22.32,20150820,False,O,32.69,32.69,feldpausch_regional,0.18,default,2.0,63.56,32.77,63.2,False,O,30.3,measured,63.56,30.376027681159638,0.5446,1867.8777,1867.8777,1699.5002,1893.3281,1893.3281,1722.6564,unknown,
FN_A01,136,Aniba parviflora,Lauraceae,8.056.074.056.096,868.903.771.492,13.3,14.52,11.11,20150820,False,O,13.02,13.02,feldpausch_regional,0.18,default,2.0,13.66,13.26,13.3,False,O,14.52,measured,13.66,14.793459794201928,0.54,43.4809,43.4809,39.2319,46.6497,46.6497,42.091,unknown,
FN_A01,137,Tapirira guianensis,Anacardiaceae,80.560.608.697.112,8.689.041.921.176,22.1,24.85,18.48,20150820,False,O,18.31,18.31,feldpausch_regional,0.18,default,2.0,22.46,18.5,22.1,False,O,24.85,measured,22.46,25.108460968518163,0.457,197.9488,197.9488,151.7594,206.3654,206.3654,158.212,unknown,
FN_A01,138,Tetragastris altissima,Burseraceae,8.056.021.024.881,868.904.605.132,39.7,13.55,10.83,20150820,False,O,25.97,25.97,feldpausch_regional,0.18,default,2.0,40.06,26.09,39.7,False,O,13.55,measured,40.06,13.616672306388573,0.7079,343.6153,343.6153,403.7791,351.4032,351.4032,412.9306,unknown,
FN_A01,139,Vochysia guianensis,Vochysiaceae,8.056.020.708.083,8.689.047.053,21.3,18.78,15.4,20150820,False,O,17.88,17.88,feldpausch_regional,0.18,default,2.0,21.66,18.08,21.3,False,O,18.78,measured,21.66,18.984218452047195,0.5087,140.1472,140.1472,119.2932,146.3448,146.3448,124.5685,unknown,
FN_A01,140,Ocotea cernua,Lauraceae,8.056.020.708.083,8.689.047.053,18.5,23.0,17.12,20150820,False,O,16.31,16.31,feldpausch_regional,0.18,default,2.0,18.86,16.52,18.5,False,O,23.0,measured,18.86,23.295837553934913,0.4535,129.7258,129.7258,98.712,136.3897,136.3897,103.7828,unknown,
FN_A01,141,Guatteria schomburgkiana,Annonaceae,80.560.275.502.136,8689051.43,13.8,16.04,12.32,20150820,False,O,13.36,13.36,feldpausch_regional,0.18,default,2.0,14.16,13.6,13.8,False,O,16.04,measured,14.16,16.32968581126747,0.6,51.4973,51.4973,51.4973,55.1065,55.1065,55.1065,unknown,
FN_A01,142,Aspidosperma excelsum,Apocynaceae,805.646.331.586,868.904.353.612,58.9,28.89,21.5,20150820,False,O,31.67,31.67,feldpausch_regional,0.18,default,2.0,59.26,31.75,58.9,False,O,28.89,measured,59.26,28.970772132622873,0.792,1553.8724,1553.8724,2037.4901,1576.7559,1576.7559,2067.4957,unknown,
FN_A01,143,Erisma uncinatum,Vochysiaceae,805.626.725.505,86.890.466.392,67.0,33.63,23.06,20150820,False,O,33.53,33.53,feldpausch_regional,0.18,default,2.0,67.36,33.6,67.0,False,O,33.63,measured,67.36,33.706995945951824,0.5231,2317.6301,2317.6301,2027.1864,2347.2336,2347.2336,2053.08,unknown,
FN_A01,144,Qualea paraensis,Vochysiaceae,80.563.173.386,868.903.476.584,51.0,28.01,19.45,20150820,False,O,29.57,29.57,feldpausch_regional,0.18,default,2.0,51.36,29.67,51.0,False,O,28.01,measured,51.36,28.10697398271509,0.6893,1138.1913,1138.1913,1303.3067,1157.8259,1157.8259,1325.7897,unknown,
FN_A01,145,Erisma uncinatum,Vochysiaceae,8.056.399.825.744,868.903.847.932,36.5,26.1,19.54,20150820,False,O,24.79,24.79,feldpausch_regional,0.18,default,2.0,36.86,24.92,36.5,False,O,26.1,measured,36.86,26.243792571385594,0.5231,552.9648,552.9648,483.6677,566.6914,566.6914,495.6741,unknown,
FN_A01,146,Poeppigia procera,Fabaceae,805.642.115.784,868.904.117.032,47.5,30.53,24.69,20150820,False,O,28.54,28.54,feldpausch_regional,0.18,default,2.0,47.86,28.65,47.5,False,O,30.53,measured,47.86,30.647072612953032,0.735,1077.6059,1077.6059,1313.6534,1097.6984,1097.6984,1338.1471,unknown,
FN_A01,147,Erisma uncinatum,Vochysiaceae,805.638.861.259,868.903.461.936,44.9,21.27,13.07,20150820,False,O,27.72,27.72,feldpausch_regional,0.18,default,2.0,45.26,27.84,44.9,False,O,21.27,measured,45.26,21.358312806477006,0.5231,678.4949,678.4949,593.4665,691.947,691.947,605.2327,unknown,
FN_A01,148,,,805.630.670.494,868.903.091.032,40.2,6.78,,20150820,True,O,26.14,26.14,feldpausch_regional,0.18,default,2.0,40.56,26.27,40.2,True,O,6.78,measured,40.56,6.812797475524957,0.6481,179.139,155.7605,155.7605,183.1444,159.1899,159.1899,unknown,
FN_A01,149,Tetragastris altissima,Burseraceae,80.562.663.687,86.890.315.708,47.7,19.06,13.92,20150820,False,O,28.6,28.6,feldpausch_regional,0.18,default,2.0,48.06,28.71,47.7,False,O,19.06,measured,48.06,19.13265288438921,0.7079,686.0069,686.0069,806.1202,698.7393,698.7393,821.0819,unknown,
FN_A01,150,Tetragastris panamensis,Burseraceae,805.598.403.418.936,868.916.262.759.336,32.0,21.2,15.03,20150820,False,O,22.99,22.99,feldpausch_regional,0.18,default,2.0,32.36,23.14,32.0,False,O,21.2,measured,32.36,21.33881738505401,0.7173,349.1542,349.1542,415.6477,359.1431,359.1431,427.5389,unknown,
FN_A01,151,Aspidosperma spruceanum,Apocynaceae,805.599.716.817.928,868.917.257.109.528,18.7,15.87,13.02,20150820,False,O,16.42,16.42,feldpausch_regional,0.18,default,2.0,19.06,16.63,18.7,False,O,15.87,measured,19.06,16.071553211507208,0.7533,92.2271,92.2271,115.1655,96.911,96.911,121.0144,unknown,
FN_A01,152,Protium paniculatum,Burseraceae,805.599.520.740.781,868.917.359.947.981,10.9,13.39,10.15,20150820,False,O,11.3,11.3,feldpausch_regional,0.18,default,2.0,11.26,11.57,10.9,False,O,13.39,measured,11.26,13.705280496167754,0.49,27.243,27.243,22.3569,29.6938,29.6938,24.3681,unknown,
FN_A01,153,Casearia javitensis,Salicaceae,805.597.709.002.328,868.917.583.909.128,24.5,19.06,15.05,20150820,False,O,19.55,19.55,feldpausch_regional,0.18,default,2.0,24.86,19.73,24.5,False,O,19.06,measured,24.86,19.2347970671337,0.753,186.8585,186.8585,233.2325,193.9762,193.9762,242.1167,unknown,
FN_A01,154,Guatteria schomburgkiana,Annonaceae,805.600.576.140.264,868.917.918.964.664,10.4,13.68,9.92,20150820,False,O,10.93,10.93,feldpausch_regional,0.18,default,2.0,10.76,11.2,10.4,False,O,13.68,measured,10.76,14.01933015801514,0.6,25.3822,25.3822,25.3822,27.782,27.782,27.782,unknown,
FN_A01,155,Tapirira guianensis,Anacardiaceae,805.601.593.816.672,868.918.023.547.072,23.1,21.6,15.43,20150820,False,O,18.84,18.84,feldpausch_regional,0.18,default,2.0,23.46,19.02,23.1,False,O,21.6,measured,23.46,21.812898204766682,0.457,188.2167,188.2167,144.2981,195.8507,195.8507,150.1509,unknown,
FN_A01,156,Inga sp.,Fabaceae,805.601.408.745.512,868.918.332.552.312,15.2,20.52,11.83,20150820,False,O,14.28,14.28,feldpausch_regional,0.18,default,2.0,15.56,14.51,15.2,False,O,20.52,measured,15.559999999999999,20.85180473851082,0.5786,79.0869,79.0869,76.3275,84.0906,84.0906,81.1566,unknown,
FN_A01,157,Tetragastris altissima,Burseraceae,80.560.684.821.752,86.891.825.677.672,38.1,11.51,7.5,20150820,False,O,25.39,25.39,feldpausch_regional,0.18,default,2.0,38.46,25.52,38.1,False,O,11.51,measured,38.46,11.56987316897963,0.7079,270.4181,270.4181,317.7657,276.8264,276.8264,325.2961,unknown,
FN_A01,158,Dipteryx odorata,Fabaceae,805.610.888.334,868.918.138.946,42.6,10.78,8.07,20150820,False,O,26.97,26.97,feldpausch_regional,0.18,default,2.0,42.96,27.09,42.6,False,O,10.78,measured,42.96,10.82815756340471,0.9228,315.4308,315.4308,480.1208,322.053,322.053,490.2006,unknown,
FN_A01,159,Ormosia coccinea,Fabaceae,805.597.384.314.588,868.919.320.671.188,32.1,23.8,11.53,20150820,False,O,23.03,23.03,feldpausch_regional,0.18,default,2.0,32.46,23.18,32.1,False,O,23.8,measured,32.46,23.955213861784543,0.625,393.2762,393.2762,409.2615,404.4897,404.4897,420.9308,unknown,
FN_A01,160,Aspidosperma excelsum,Apocynaceae,80.563.186.181.746,86.891.917.326.326,51.0,38.82,29.44,20150820,False,O,29.57,29.57,feldpausch_regional,0.18,default,2.0,51.36,29.67,51.0,False,O,38.82,measured,51.36,38.95439950049981,0.792,1565.1497,1565.1497,2052.2772,1592.1496,1592.1496,2087.6805,unknown,
FN_A01,161,Tetragastris altissima,Burseraceae,80.562.894.604.608,86.891.856.648.608,41.3,28.8,22.1,20150820,False,O,26.53,26.53,feldpausch_regional,0.18,default,2.0,41.66,26.65,41.3,False,O,28.8,measured,41.66,28.93426850021436,0.7079,774.7512,774.7512,910.4028,791.5736,791.5736,930.1706,unknown,
FN_A01,162,Hymenolobium petraeum,Fabaceae,8.056.365.107.386,8.689.171.695.406,65.0,36.25,26.95,20150820,False,O,33.09,33.09,feldpausch_regional,0.18,default,2.0,65.36,33.17,65.0,False,O,36.25,measured,65.36,36.337056307296315,0.7125,2350.4563,2350.4563,2779.6786,2381.5031,2381.5031,2816.395,unknown,
FN_A01,163,Byrsonima crispa,Malpighiaceae,80.562.999.199.872,86.893.219.397.928,47.0,31.92,20.33,20150820,False,O,28.38,28.38,feldpausch_regional,0.18,default,2.0,47.36,28.49,47.0,False,O,31.92,measured,47.36,32.04425748884171,0.58,1102.4555,1102.4555,1066.5745,1123.2502,1123.2502,1086.6924,unknown,
FN_A01,164,Protium paniculatum,Burseraceae,805.593.821.410.969,86.893.055.326.343,18.3,15.73,8.2,20150820,False,O,16.19,16.19,feldpausch_regional,0.18,default,2.0,18.66,16.4,18.3,False,O,15.73,measured,18.66,15.934936146418542,0.49,87.6541,87.6541,71.933,92.2092,92.2092,75.6711,unknown,
FN_A01,165,Protium paniculatum,Burseraceae,805.594.582.602.624,868.930.603.205.376,13.8,16.72,8.8,20150820,False,O,13.36,13.36,feldpausch_regional,0.18,default,2.0,14.16,13.6,13.8,False,O,16.72,measured,14.16,17.021966755884794,0.49,53.627,53.627,44.0087,57.3854,57.3854,47.0931,unknown,
FN_A01,166,Tetragastris altissima,Burseraceae,805.595.815.273.638,868.930.699.855.762,13.1,16.58,9.78,20150820,False,O,12.88,12.88,feldpausch_regional,0.18,default,2.0,13.46,13.13,13.1,False,O,16.58,measured,13.459999999999999,16.89766153030161,0.7079,48.0495,48.0495,56.4625,51.6078,51.6078,60.6438,unknown,
FN_A01,167,Dialium guianense,Fabaceae,805.597.709.622.272,868.930.844.953.728,18.7,17.83,8.73,20150820,False,O,16.42,16.42,feldpausch_regional,0.18,default,2.0,19.06,16.63,18.7,False,O,17.83,measured,19.06,18.056445731642942,0.8964,103.3283,103.3283,152.8897,108.576,108.576,160.6544,unknown,
FN_A01,168,Licania octandra,Chrysobalanaceae,805.593.581.612.429,868.930.791.346.471,17.5,13.85,8.73,20150820,False,O,15.71,15.71,feldpausch_regional,0.18,default,2.0,17.86,15.93,17.5,False,O,13.85,measured,17.86,14.040167932969696,0.825,70.9457,70.9457,96.8076,74.8116,74.8116,102.0827,unknown,
FN_A01,169,Tetragastris altissima,Burseraceae,80.559.379.677.184,86.893.164.075.216,38.6,38.32,24.35,20150820,False,O,25.57,25.57,feldpausch_regional,0.18,default,2.0,38.96,25.7,38.6,False,O,38.32,measured,38.96,38.51586358838895,0.7079,897.2271,897.2271,1054.323,918.1913,918.1913,1078.9578,unknown,
FN_A01,170,Dialium guianense,Fabaceae,805.593.784.248.832,868.931.703.373.368,27.2,21.63,13.05,20150820,False,O,20.86,20.86,feldpausch_regional,0.18,default,2.0,27.56,21.03,27.2,False,O,21.63,measured,27.56,21.804204730339993,0.8964,259.2712,259.2712,383.6306,268.1026,268.1026,396.6979,unknown,
FN_A01,171,Tetragastris altissima,Burseraceae,80.559.845.012.064,86.893.220.646.336,40.2,31.07,23.1,20150820,False,O,26.14,26.14,feldpausch_regional,0.18,default,2.0,40.56,26.27,40.2,False,O,31.07,measured,40.56,31.220297575893863,0.7079,791.471,791.471,930.05,809.1675,809.1675,950.845,unknown,
FN_A01,172,Protium paniculatum,Burseraceae,80.559.741.353.856,86.893.257.201.564,12.8,11.97,6.09,20150820,False,O,12.67,12.67,feldpausch_regional,0.18,default,2.0,13.16,12.92,12.8,False,O,11.97,measured,13.16,12.205422177589668,0.49,33.416,33.416,27.4227,35.9521,35.9521,29.5039,unknown,
FN_A01,173,,,80.559.550.650.816,86.893.259.683.884,14.3,5.2,,20150820,True,O,13.69,13.69,feldpausch_regional,0.18,default,2.0,14.66,13.93,14.3,True,O,5.2,measured,14.66,5.290177996634453,0.6481,18.3864,15.8643,15.8643,19.6273,16.9093,16.9093,unknown,
FN_A01,174,Cordia scabrifolia,Boraginaceae,80.559.438.524.256,86.893.342.262.544,13.7,18.62,12.52,20150820,False,O,13.29,13.29,feldpausch_regional,0.18,default,2.0,14.06,13.53,13.7,False,O,18.62,measured,14.059999999999999,18.959074968000103,0.474,58.7272,58.7272,46.6577,62.8749,62.8749,49.953,unknown,
FN_A01,175,Mucuna rostrata,Fabaceae,805.594.178.272.704,868.934.423.630.496,25.0,19.97,14.11,20150820,False,O,19.8,19.8,feldpausch_regional,0.18,default,2.0,25.36,19.98,25.0,False,O,19.97,measured,25.36,20.14863592474424,0.6481,203.427,203.427,219.3373,211.0104,211.0104,227.5137,unknown,
FN_A01,176,Guatteria schomburgkiana,Annonaceae,80.559.416.964.896,86.893.446.533.904,15.6,15.49,11.03,20150820,False,O,14.54,14.54,feldpausch_regional,0.18,default,2.0,15.96,14.76,15.6,False,O,15.49,measured,15.959999999999999,15.733084251285412,0.6,63.231,63.231,63.231,67.123,67.123,67.123,unknown,
FN_A01,177,Tetragastris altissima,Burseraceae,8.056.000.628.928,8.689.356.490.332,45.5,26.45,19.44,20150820,False,O,27.91,27.91,feldpausch_regional,0.18,default,2.0,45.86,28.03,45.5,False,O,26.45,measured,45.86,26.55779210085292,0.7079,861.3634,861.3634,1012.1799,878.1957,878.1957,1031.9594,unknown,
FN_A01,178,Tetragastris altissima,Burseraceae,80.561.178.835.968,86.893.510.346.832,42.0,31.26,23.13,20150820,False,O,26.77,26.77,feldpausch_regional,0.18,default,2.0,42.36,26.89,42.0,False,O,31.26,measured,42.36,31.402408679235577,0.7079,867.2664,867.2664,1019.1165,885.7569,885.7569,1040.8445,unknown,
FN_A01,179,Luehea speciosa,Malvaceae,80.561.548.288,868.935.230.085,51.6,35.7,24.48,20150820,False,O,29.74,29.74,feldpausch_regional,0.18,default,2.0,51.96,29.84,51.6,False,O,35.7,measured,51.96,35.821512555877014,0.5766,1475.5607,1475.5607,1419.2997,1500.6911,1500.6911,1443.4719,unknown,
FN_A01,180,Albizia pedicellaris,Fabaceae,80.561.604.352,86.893.369.959,40.3,21.41,15.0,20150820,False,O,26.18,26.18,feldpausch_regional,0.18,default,2.0,40.66,26.3,40.3,False,O,21.41,measured,40.66,21.513218286965262,0.5446,552.9655,552.9655,503.1191,565.2959,565.2959,514.338,unknown,
FN_A01,181,Tetragastris altissima,Burseraceae,8.056.230.636.288,8.689.327.386.312,46.0,17.73,10.78,20150820,False,O,28.07,28.07,feldpausch_regional,0.18,default,2.0,46.36,28.19,46.0,False,O,17.73,measured,46.36,17.801151439549336,0.7079,595.5301,595.5301,699.8017,607.0298,607.0298,713.3149,unknown,
FN_A01,182,Ormosia excelsa,Fabaceae,8.056.203.075.696,8.689.348.541.424,63.8,29.46,20.03,20150820,False,O,32.82,32.82,feldpausch_regional,0.18,default,2.0,64.16,32.91,63.8,False,O,29.46,measured,64.16,29.532841181687456,0.61,1851.1508,1851.1508,1881.2569,1876.1114,1876.1114,1906.6234,unknown,
FN_A01,183,Aspidosperma excelsum,Apocynaceae,8.056.204.708.272,8.689.344.479.568,46.5,32.49,21.97,20150820,False,O,28.23,28.23,feldpausch_regional,0.18,default,2.0,46.86,28.34,46.5,False,O,32.49,measured,46.86,32.618407735285544,0.792,1098.4912,1098.4912,1440.3788,1119.4544,1119.4544,1467.8665,unknown,
FN_A01,184,Vochysia guianensis,Vochysiaceae,8.056.194.629.104,8.689.321.959.996,40.8,18.01,11.43,20150820,False,O,26.35,26.35,feldpausch_regional,0.18,default,2.0,41.16,26.48,40.8,False,O,18.01,measured,41.16,18.095377016255465,0.5087,478.4656,478.4656,407.2694,488.993,488.993,416.2303,unknown,
FN_A01,185,Tetragastris altissima,Burseraceae,80.561.868.437.472,86.893.172.875.878,40.7,12.73,8.59,20150820,False,O,26.32,26.32,feldpausch_regional,0.18,default,2.0,41.06,26.44,40.7,False,O,12.73,measured,41.06,12.790549810251216,0.7079,339.3919,339.3919,398.8162,346.8793,346.8793,407.6145,unknown,
FN_A01,1,Sacoglottis guianensis,Humiriaceae,805.559.704.966.847,867.137.358.652.271,33.9,23.69,16.11,20150819,False,O,23.77,23.77,feldpausch_regional,0.18,default,2.0,34.26,23.91,33.9,False,O,23.69,measured,34.26,23.83389756440157,0.8359,435.4978,435.4978,601.8819,447.2064,447.2064,618.0637,unknown,
FN_A01,2,Tapirira guianensis,Anacardiaceae,805.559.445.443.861,867.137.403.545.797,30.4,20.92,14.82,20150819,False,O,22.3,22.3,feldpausch_regional,0.18,default,2.0,30.76,22.46,30.4,False,O,20.92,measured,30.759999999999998,21.06633631425726,0.457,311.8158,311.8158,239.0566,321.2424,321.2424,246.2836,unknown,
FN_A01,3,Casearia grandiflora,Salicaceae,805.557.910.197.232,867.138.231.898.672,10.2,10.75,7.77,20150819,False,O,10.78,10.78,feldpausch_regional,0.18,default,2.0,10.56,11.05,10.2,False,O,10.75,measured,10.559999999999999,11.02244023216251,0.77,19.3154,19.3154,24.6401,21.1795,21.1795,27.0181,unknown,
FN_A01,4,Esenbeckia febrifuga,Rutaceae,805.557.255.435.712,867.138.360.710.752,16.7,15.11,11.81,20150819,False,O,15.22,15.22,feldpausch_regional,0.18,default,2.0,17.06,15.45,16.7,False,O,15.11,measured,17.06,15.329116084900921,1.0485,70.4961,70.4961,121.5527,74.533,74.533,128.5132,unknown,
FN_A01,5,Casearia grandiflora,Salicaceae,8.055.559.635.704,8.671.381.965.384,12.6,12.04,7.74,20150819,False,O,12.53,12.53,feldpausch_regional,0.18,default,2.0,12.96,12.78,12.6,False,O,12.04,measured,12.959999999999999,12.281043449490953,0.77,32.5893,32.5893,41.5733,35.1042,35.1042,44.7815,unknown,
FN_A01,6,Casearia grandiflora,Salicaceae,80.555.827.213.998,86.713.872.328.358,10.9,12.02,9.23,20150819,False,O,11.3,11.3,feldpausch_regional,0.18,default,2.0,11.26,11.57,10.9,False,O,12.02,measured,11.26,12.303022521578521,0.77,24.5191,24.5191,31.2783,26.7248,26.7248,34.0922,unknown,
FN_A01,7,Casearia grandiflora,Salicaceae,805.558.329.264.496,867.138.736.630.816,14.7,12.02,9.23,20150819,False,O,13.95,13.95,feldpausch_regional,0.18,default,2.0,15.06,14.19,14.7,False,O,12.02,measured,15.059999999999999,12.221971922281533,0.77,43.9593,43.9593,56.0777,46.8409,46.8409,59.7536,unknown,
FN_A01,8,,,805.558.541.265.472,867.138.943.743.712,70.4,2.31,,20150819,True,O,34.23,34.23,feldpausch_regional,0.18,default,2.0,70.76,34.31,70.4,True,O,2.31,measured,70.76,2.3148862588869124,0.6481,186.9854,197.9882,197.9882,189.2463,200.3643,200.3643,unknown,
FN_A01,9,Casearia grandiflora,Salicaceae,805.560.368.176.666,867.137.465.337.018,16.3,11.17,7.48,20150819,False,O,14.98,14.98,feldpausch_regional,0.18,default,2.0,16.66,15.2,16.3,False,O,11.17,measured,16.66,11.336609005264823,0.77,50.0669,50.0669,63.869,53.0085,53.0085,67.6216,unknown,
FN_A01,10,Sloanea guianensis,Elaeocarpaceae,805.556.047.430.768,867.139.065.581.328,12.4,11.57,7.05,20150819,False,O,12.39,12.39,feldpausch_regional,0.18,default,2.0,12.76,12.64,12.4,False,O,11.57,measured,12.76,11.805846055524865,0.8212,30.3832,30.3832,41.2724,32.7679,32.7679,44.5117,unknown,
FN_A01,11,,,805.556.859.664.672,867.139.427.806.912,49.4,12.58,,20150819,True,O,29.11,29.11,feldpausch_regional,0.18,default,2.0,49.76,29.21,49.4,True,O,12.58,measured,49.76,12.62560724927883,0.6481,489.6706,389.9888,389.9888,498.4176,396.8666,396.8666,unknown,
FN_A01,12,,,80.555.019.243.828,86.713.985.591.588,15.3,4.42,,20150819,True,O,14.34,14.34,feldpausch_regional,0.18,default,2.0,15.66,14.57,15.3,True,O,4.42,measured,15.66,4.490933194790613,0.6481,17.9024,15.9,15.9,19.0272,16.8754,16.8754,unknown,
FN_A01,13,,,80.554.951.348.156,86.714.005.113.676,15.7,2.62,,20150819,True,O,14.6,14.6,feldpausch_regional,0.18,default,2.0,16.06,14.83,15.7,True,O,2.62,measured,16.06,2.6608133882892964,0.6481,11.3011,10.9151,10.9151,11.992,11.5668,11.5668,unknown,
FN_A01,14,Qualea paraensis,Vochysiaceae,8.055.516.678.847,8.671.406.239.387,57.6,22.02,14.17,20150819,False,O,31.34,31.34,feldpausch_regional,0.18,default,2.0,57.96,31.43,57.6,False,O,22.02,measured,57.96,22.083678066826494,0.6893,1141.2875,1141.2875,1306.8521,1158.5132,1158.5132,1326.5766,unknown,
FN_A01,15,Aspidosperma excelsum,Apocynaceae,80.555.153.310.398,86.714.066.272.758,17.1,12.16,7.37,20150819,False,O,15.47,15.47,feldpausch_regional,0.18,default,2.0,17.46,15.69,17.1,False,O,12.16,measured,17.46,12.331538385564615,0.792,59.7261,59.7261,78.3149,63.0614,63.0614,82.6883,unknown,
FN_A01,16,Inga thibaudiana,Fabaceae,805.549.718.993.552,867.140.826.781.392,10.4,12.48,8.03,20150819,False,O,10.93,10.93,feldpausch_regional,0.18,default,2.0,10.76,11.2,10.4,False,O,12.48,measured,10.76,12.789564354680481,0.5786,23.2068,23.2068,22.3971,25.4009,25.4009,24.5147,unknown,
FN_A01,17,Guatteria schomburgkiana,Annonaceae,805.549.090.527.203,867.141.305.990.147,12.1,14.28,8.91,20150819,False,O,12.18,12.18,feldpausch_regional,0.18,default,2.0,12.46,12.43,12.1,False,O,14.28,measured,12.459999999999999,14.579211769325422,0.6,35.5691,35.5691,35.5691,38.4341,38.4341,38.4341,unknown,
FN_A01,18,Inga alba,Fabaceae,805.547.337.778.016,867.141.571.580.736,19.2,18.0,10.04,20150819,False,O,16.71,16.71,feldpausch_regional,0.18,default,2.0,19.56,16.92,19.2,False,O,18.0,measured,19.56,18.221576017221793,0.5861,109.8021,109.8021,107.3207,115.2244,115.2244,112.6205,unknown,
FN_A01,19,Esenbeckia febrifuga,Rutaceae,8.055.576.126.868,8.671.410.014.428,43.2,17.62,8.67,20150819,False,O,27.17,27.17,feldpausch_regional,0.18,default,2.0,43.56,27.29,43.2,False,O,17.62,measured,43.56,17.69720378203201,1.0485,523.6327,523.6327,902.8714,534.4599,534.4599,921.5403,unknown,
FN_A01,20,Ormosia excelsa,Fabaceae,80.555.846.180.848,86.714.135.435.008,50.0,26.87,16.65,20150819,False,O,29.28,29.28,feldpausch_regional,0.18,default,2.0,50.36,29.39,50.0,False,O,26.87,measured,50.36,26.965733372717867,0.61,1051.5148,1051.5148,1068.616,1070.0517,1070.0517,1087.4544,unknown,
FN_A01,21,Dipteryx odorata,Fabaceae,805.562.585.251,867.140.105.431,58.3,18.72,11.45,20150819,False,O,31.52,31.52,feldpausch_regional,0.18,default,2.0,58.66,31.61,58.3,False,O,18.72,measured,58.66,18.77315666074157,0.9228,997.2779,997.2779,1517.968,1012.1312,1012.1312,1540.5763,unknown,
FN_A01,22,Ormosia excelsa,Fabaceae,80.556.584.865.904,86.714.161.571.584,71.8,22.56,14.51,20150819,False,O,34.51,34.51,feldpausch_regional,0.18,default,2.0,72.16,34.58,71.8,False,O,22.56,measured,72.16,22.606222868437467,0.61,1796.6958,1796.6958,1825.9163,1817.9504,1817.9504,1847.5165,unknown,
FN_A01,23,Hymenolobium petraeum,Fabaceae,80.557.565.439.792,86.714.237.714.432,56.5,25.52,15.77,20150819,False,O,31.06,31.06,feldpausch_regional,0.18,default,2.0,56.86,31.15,56.5,False,O,25.52,measured,56.86,25.595968587941222,0.7125,1269.3307,1269.3307,1501.1262,1288.8997,1288.8997,1524.2687,unknown,
FN_A01,24,Dipteryx odorata,Fabaceae,8.055.760.419.148,8.671.416.644.308,47.4,27.9,18.14,20150819,False,O,28.51,28.51,feldpausch_regional,0.18,default,2.0,47.76,28.62,47.4,False,O,27.9,measured,47.76,28.007308704081666,0.9228,982.8556,982.8556,1496.0156,1001.2237,1001.2237,1523.9739,unknown,
FN_A01,25,Licania octandra,Chrysobalanaceae,805.583.413.606,867.141.929.626,40.5,19.23,12.11,20150819,False,O,26.25,26.25,feldpausch_regional,0.18,default,2.0,40.86,26.37,40.5,False,O,19.23,measured,40.86,19.32208439044126,0.825,502.7785,502.7785,686.0569,513.9298,513.9298,701.2731,unknown,
FN_A01,26,,,805.577.760.004,867.143.269.684,47.0,26.97,,20150819,True,O,28.38,28.38,feldpausch_regional,0.18,default,2.0,47.36,28.49,47.0,True,O,26.97,measured,47.36,27.074988235402905,0.6481,935.2668,658.7427,658.7427,952.908,671.0018,671.0018,unknown,
FN_A01,27,Neea oppositifolia,Nyctaginaceae,8.055.808.403.776,8.671.402.744.696,49.7,18.27,13.51,20150819,False,O,29.19,29.19,feldpausch_regional,0.18,default,2.0,50.06,29.3,49.7,False,O,18.27,measured,50.06,18.3356606030465,0.893,713.1899,713.1899,1051.3821,725.8456,725.8456,1070.0391,unknown,
FN_A01,28,Aniba parviflora,Lauraceae,805.585.821.282.832,867.140.030.132.272,41.6,1.07,0.76,20150819,False,O,26.63,26.63,feldpausch_regional,0.18,default,2.0,41.96,26.75,41.6,False,O,1.07,measured,41.96,1.0749391202747016,0.54,31.5944,31.5944,28.5069,32.275,32.275,29.121,unknown,
FN_A01,29,Pouteria gongrijpii,Sapotaceae,805.588.343.539.096,867.139.838.447.416,36.3,20.79,17.29,20150819,False,O,24.71,24.71,feldpausch_regional,0.18,default,2.0,36.66,24.85,36.3,False,O,20.79,measured,36.66,20.90537896547526,0.7994,438.1516,438.1516,579.7578,449.0929,449.0929,594.2352,unknown,
FN_A01,30,Protium paniculatum,Burseraceae,8.055.096.956.568,8.671.519.120.504,13.6,8.22,4.85,20150819,False,O,13.22,13.22,feldpausch_regional,0.18,default,2.0,13.96,13.46,13.6,False,O,8.22,measured,13.959999999999999,8.370940060601267,0.49,26.0641,26.0641,21.3894,27.9193,27.9193,22.9119,unknown,
FN_A01,31,Guatteria schomburgkiana,Annonaceae,80.551.134.000.504,86.715.197.272.912,11.6,12.78,8.33,20150819,False,O,11.82,11.82,feldpausch_regional,0.18,default,2.0,11.96,12.08,11.6,False,O,12.78,measured,11.959999999999999,13.060746147942467,0.6,29.3939,29.3939,29.3939,31.8696,31.8696,31.8696,unknown,
FN_A01,32,Eriotheca globosa,Malvaceae,805.510.735.575.782,867.152.147.732.147,13.3,8.97,6.86,20150819,False,O,13.02,13.02,feldpausch_regional,0.18,default,2.0,13.66,13.26,13.3,False,O,8.97,measured,13.66,9.138934872864414,0.41,27.1734,27.1734,18.739,29.1538,29.1538,20.1046,unknown,
FN_A01,33,Ocotea cernua,Lauraceae,80.550.850.079.552,86.715.285.440.656,20.5,17.02,9.02,20150819,False,O,17.45,17.45,feldpausch_regional,0.18,default,2.0,20.86,17.64,20.5,False,O,17.02,measured,20.86,17.2137829672506,0.4535,118.1465,118.1465,89.901,123.5883,123.5883,94.0419,unknown,
FN_A01,34,Vismia guianensis,Hypericaceae,80.550.566.335.152,86.715.307.969.456,12.4,8.08,4.72,20150819,False,O,12.39,12.39,feldpausch_regional,0.18,default,2.0,12.76,12.64,12.4,False,O,8.08,measured,12.76,8.244704937652628,0.475,21.4019,21.4019,17.0385,23.0817,23.0817,18.3758,unknown,
FN_A01,35,Cecropia palmata,Urticaceae,805.505.669.088.077,86.715.415.114.983,20.1,16.42,12.87,20150819,False,O,17.22,17.22,feldpausch_regional,0.18,default,2.0,20.46,17.42,20.1,False,O,16.42,measured,20.46,16.611406832700506,0.3404,109.775,109.775,63.1283,114.9384,114.9384,66.0976,unknown,
FN_A01,36,Ormosia coccinea,Fabaceae,80.550.179.905.896,86.715.419.868.688,12.6,11.16,6.47,20150819,False,O,12.53,12.53,feldpausch_regional,0.18,default,2.0,12.96,12.78,12.6,False,O,11.16,measured,12.959999999999999,11.383425655840453,0.625,30.2625,30.2625,31.4925,32.5978,32.5978,33.9228,unknown,
FN_A01,37,Tachigali paniculata,Fabaceae,80.550.979.294.912,86.715.486.438.736,43.4,23.29,13.8,20150819,False,O,27.23,27.23,feldpausch_regional,0.18,default,2.0,43.76,27.35,43.4,False,O,23.29,measured,43.76,23.391395126724866,0.5545,693.7421,693.7421,642.348,708.0149,708.0149,655.5634,unknown,
FN_A01,38,,,805.498.741.227.456,867.155.084.150.368,16.7,18.79,9.52,20150819,False,O,15.22,15.22,feldpausch_regional,0.18,default,2.0,17.06,15.45,16.7,False,O,18.79,measured,17.06,19.062481220072026,0.6481,87.2079,87.2079,94.0285,92.2017,92.2017,99.4129,unknown,
FN_A01,39,Guatteria schomburgkiana,Annonaceae,805.496.321.844.288,867.155.784.736.864,24.3,17.9,11.87,20150819,False,O,19.45,19.45,feldpausch_regional,0.18,default,2.0,24.66,19.63,24.3,False,O,17.9,measured,24.66,18.065822659535076,0.6,172.9612,172.9612,172.9612,179.6074,179.6074,179.6074,unknown,
FN_A01,40,Maquira coriacea,Moraceae,80.549.558.258.832,86.715.599.880.496,33.1,20.36,9.73,20150819,False,O,23.44,23.44,feldpausch_regional,0.18,default,2.0,33.46,23.59,33.1,False,O,20.36,measured,33.46,20.48759112438309,0.5112,358.5354,358.5354,306.6487,368.4261,368.4261,315.108,unknown,
FN_A01,41,Ormosia excelsa,Fabaceae,80.551.529.493.168,86.715.625.011.504,70.0,28.29,15.19,20150819,False,O,34.15,34.15,feldpausch_regional,0.18,default,2.0,70.36,34.23,70.0,False,O,28.29,measured,70.36,28.350392877462447,0.61,2132.4842,2132.4842,2167.1657,2158.432,2158.432,2193.5355,unknown,
FN_A01,42,Tetragastris panamensis,Burseraceae,80.555.113.460.304,86.715.333.370.912,40.6,18.91,8.82,20150819,False,O,26.28,26.28,feldpausch_regional,0.18,default,2.0,40.96,26.41,40.6,False,O,18.91,measured,40.96,19.000247614614807,0.7173,496.9978,496.9978,591.6468,507.9914,507.9914,604.7341,unknown,
FN_A01,43,Esenbeckia febrifuga,Rutaceae,805.545.323.202,867.153.226.756,42.6,24.19,17.02,20150819,False,O,26.97,26.97,feldpausch_regional,0.18,default,2.0,42.96,27.09,42.6,False,O,24.19,measured,42.96,24.298064142742113,1.0485,694.2195,694.2195,1197.0051,708.7941,708.7941,1222.1353,unknown,
FN_A01,44,Tetragastris altissima,Burseraceae,805.520.772.019.712,867.153.475.319.136,52.7,21.8,13.54,20150819,False,O,30.05,30.05,feldpausch_regional,0.18,default,2.0,53.06,30.15,52.7,False,O,21.8,measured,53.06,21.8719479824154,0.7079,950.0983,950.0983,1116.4515,965.9097,965.9097,1135.0313,unknown,
FN_A01,45,Aspidosperma excelsum,Apocynaceae,80.551.514.878.656,86.715.331.461.968,73.0,24.79,16.39,20150819,False,O,34.75,34.75,feldpausch_regional,0.18,default,2.0,73.36,34.82,73.0,False,O,24.79,measured,73.36,24.839437998363678,0.792,2034.6083,2034.6083,2667.8472,2058.2383,2058.2383,2698.8317,unknown,
FN_A01,46,Casearia grandiflora,Salicaceae,805.461.161.268.708,867.166.630.958.392,18.1,12.66,9.31,20150819,False,O,16.07,16.07,feldpausch_regional,0.18,default,2.0,18.46,16.28,18.1,False,O,12.66,measured,18.46,12.827086267197105,0.77,69.4104,69.4104,88.545,73.0597,73.0597,93.2003,unknown,
FN_A01,47,Bellucia grossularioides,Melastomataceae,80.546.091.147.284,86.716.669.648.416,11.3,8.79,6.77,20150819,False,O,11.6,11.6,feldpausch_regional,0.18,default,2.0,11.66,11.86,11.3,False,O,8.79,measured,11.66,8.98882852034755,0.5975,19.3822,19.3822,19.3034,21.0606,21.0606,20.9749,unknown,
FN_A01,48,Bellucia grossularioides,Melastomataceae,8.054.577.929.645,867.166.964.771,16.9,18.77,11.47,20150819,False,O,15.35,15.35,feldpausch_regional,0.18,default,2.0,17.26,15.57,16.9,False,O,18.77,measured,17.259999999999998,19.038443014213104,0.5975,89.1655,89.1655,88.8028,94.2073,94.2073,93.8242,unknown,
FN_A01,49,Miconia poeppigii,Melastomataceae,805.458.499.223.729,867.167.081.656.451,22.5,18.71,14.75,20150819,False,O,18.53,18.53,feldpausch_regional,0.18,default,2.0,22.86,18.71,22.5,False,O,18.71,measured,22.86,18.900413460838237,0.5967,155.405,155.405,154.5623,161.8876,161.8876,161.0097,unknown,
FN_A01,50,Bellucia grossularioides,Melastomataceae,805.457.326.439.896,867.167.086.461.504,10.0,14.27,9.86,20150819,False,O,10.62,10.62,feldpausch_regional,0.18,default,2.0,10.36,10.9,10.0,False,O,14.27,measured,10.36,14.639642289784252,0.5975,24.5007,24.5007,24.4011,26.9154,26.9154,26.8059,unknown,
FN_A01,51,Miconia poeppigii,Melastomataceae,80.546.018.364.038,86.716.743.916.692,17.6,14.09,9.73,20150819,False,O,15.77,15.77,feldpausch_regional,0.18,default,2.0,17.96,15.99,17.6,False,O,14.09,measured,17.96,14.282176352025001,0.5967,72.9522,72.9522,72.5566,76.9035,76.9035,76.4865,unknown,
FN_A01,52,Sacoglottis guianensis,Humiriaceae,805.458.391.023.216,867.167.634.155.584,14.5,14.09,9.24,20150819,False,O,13.82,13.82,feldpausch_regional,0.18,default,2.0,14.86,14.06,14.5,False,O,14.09,measured,14.86,14.330497716418664,0.8359,49.9791,49.9791,69.0738,53.3031,53.3031,73.6678,unknown,
FN_A01,53,Miconia poeppigii,Melastomataceae,8.054.595.804.168,8.671.675.983.012,10.2,9.24,7.31,20150819,False,O,10.78,10.78,feldpausch_regional,0.18,default,2.0,10.56,11.05,10.2,False,O,9.24,measured,10.559999999999999,9.474171883272707,0.5967,16.6626,16.6626,16.5723,18.2708,18.2708,18.1717,unknown,
FN_A01,54,Miconia poeppigii,Melastomataceae,805.458.426.607.648,867.167.624.794.752,11.0,13.85,9.54,20150819,False,O,11.38,11.38,feldpausch_regional,0.18,default,2.0,11.36,11.64,11.0,False,O,13.85,measured,11.36,14.172816613143517,0.5967,28.6625,28.6625,28.5071,31.2162,31.2162,31.047,unknown,
FN_A01,55,Miconia poeppigii,Melastomataceae,80.545.679.764.592,86.716.772.024.048,22.4,14.21,7.38,20150819,False,O,18.47,18.47,feldpausch_regional,0.18,default,2.0,22.76,18.66,22.4,False,O,14.21,measured,22.759999999999998,14.355400457455103,0.5967,117.7814,117.7814,117.1427,122.7179,122.7179,122.0524,unknown,
FN_A01,56,Trattinnickia burserifolia,Burseraceae,805.454.957.930.368,867.167.704.274.832,12.6,12.58,9.9,20150819,False,O,12.53,12.53,feldpausch_regional,0.18,default,2.0,12.96,12.78,12.6,False,O,12.58,measured,12.959999999999999,12.831854368321943,0.46,34.0151,34.0151,26.2451,36.6401,36.6401,28.2704,unknown,
FN_A01,57,Tetragastris altissima,Burseraceae,80.545.187.169.068,86.716.850.930.432,18.9,13.7,8.48,20150819,False,O,16.54,16.54,feldpausch_regional,0.18,default,2.0,19.26,16.75,18.9,False,O,13.7,measured,19.259999999999998,13.871819046614357,0.7079,81.5743,81.5743,95.8572,85.6706,85.6706,100.6707,unknown,
FN_A01,58,Cordia scabrifolia,Boraginaceae,8.054.542.578.558,8.671.690.024.272,22.8,14.1,9.56,20150819,False,O,18.68,18.68,feldpausch_regional,0.18,default,2.0,23.16,18.87,22.8,False,O,14.1,measured,23.16,14.241205543208642,0.474,121.0006,121.0006,96.1328,125.9772,125.9772,100.0866,unknown,
FN_A01,59,Cordia scabrifolia,Boraginaceae,805.444.837.935.112,867.170.344.022.688,17.3,11.89,10.01,20150819,False,O,15.59,15.59,feldpausch_regional,0.18,default,2.0,17.66,15.81,17.3,False,O,11.89,measured,17.66,12.055466450392593,0.474,59.7729,59.7729,47.4885,63.0699,63.0699,50.1079,unknown,
FN_A01,60,,,80.549.754.742.512,86.716.776.003.088,45.2,14.15,,20150819,True,O,27.82,27.82,feldpausch_regional,0.18,default,2.0,45.56,27.93,45.2,True,O,14.15,measured,45.56,14.2082043335901,0.6481,461.7737,359.4638,359.4638,470.8628,366.4409,366.4409,unknown,
FN_A01,61,Dipteryx odorata,Fabaceae,805.468.559.044.014,867.166.824.946.026,58.5,20.71,12.24,20150819,False,O,31.57,31.57,feldpausch_regional,0.18,default,2.0,58.86,31.66,58.5,False,O,20.71,measured,58.86,20.768503357093245,0.9228,1108.0024,1108.0024,1686.5031,1124.4426,1124.4426,1711.5269,unknown,
FN_A01,62,,,80.546.799.487.466,86.716.650.304.064,45.6,20.3,,20150819,True,O,27.95,27.95,feldpausch_regional,0.18,default,2.0,45.96,28.06,45.6,True,O,20.3,measured,45.96,20.382473752613596,0.6481,668.1534,491.497,491.497,681.1789,500.9468,500.9468,unknown,
FN_A01,63,,,80.541.125.675.184,86.718.033.246.416,11.5,2.69,,20150819,True,O,11.75,11.75,feldpausch_regional,0.18,default,2.0,11.86,12.01,11.5,True,O,2.69,measured,11.86,2.749667447581563,0.6481,6.3151,5.984,5.984,6.8519,6.4798,6.4798,unknown,
FN_A01,64,Zanthoxylum rhoifolium,Rutaceae,80.541.023.082.416,86.718.062.834.384,12.1,6.98,4.74,20150819,False,O,12.18,12.18,feldpausch_regional,0.18,default,2.0,12.46,12.43,12.1,False,O,6.98,measured,12.459999999999999,7.1262533718411385,0.5692,17.6873,17.6873,16.802,19.1119,19.1119,18.1554,unknown,
FN_A01,65,Strychnos subcordata,Loganiaceae,805.410.184.795.408,867.180.834.744.032,13.2,13.29,6.49,20150819,False,O,12.95,12.95,feldpausch_regional,0.18,default,2.0,13.56,13.19,13.2,False,O,13.29,measured,13.559999999999999,13.542444455449033,0.6959,39.299,39.299,45.4214,42.186,42.186,48.7581,unknown,
FN_A01,66,Casearia grandiflora,Salicaceae,8.054.123.084.484,8.671.809.946.424,14.4,14.97,9.26,20150819,False,O,13.76,13.76,feldpausch_regional,0.18,default,2.0,14.76,13.99,14.4,False,O,14.97,measured,14.76,15.227548946328573,0.77,52.3119,52.3119,66.7329,55.8167,55.8167,71.2038,unknown,
FN_A01,67,Qualea paraensis,Vochysiaceae,80.541.563.100.408,86.718.132.292.912,43.0,22.77,13.99,20150819,False,O,27.1,27.1,feldpausch_regional,0.18,default,2.0,43.36,27.22,43.0,False,O,22.77,measured,43.36,22.87041309666657,0.6893,666.4651,666.4651,763.148,680.3155,680.3155,779.0077,unknown,
FN_A01,68,Tetragastris altissima,Burseraceae,805.415.617.909.416,867.181.582.962.464,53.2,25.26,18.06,20150819,False,O,30.18,30.18,feldpausch_regional,0.18,default,2.0,53.56,30.28,53.2,False,O,25.26,measured,53.56,25.34221927307097,0.7079,1117.4167,1117.4167,1313.0657,1135.8209,1135.8209,1334.6923,unknown,
FN_A01,69,Casearia grandiflora,Salicaceae,80.540.814.319.848,86.718.155.186.032,16.6,20.09,9.08,20150819,False,O,15.16,15.16,feldpausch_regional,0.18,default,2.0,16.96,15.38,16.6,False,O,20.09,measured,16.96,20.383375858835066,0.77,92.0068,92.0068,117.3706,97.3091,97.3091,124.1346,unknown,
FN_A01,70,Tapirira guianensis,Anacardiaceae,805.407.271.503.472,867.181.738.874.688,21.7,20.18,9.44,20150819,False,O,18.1,18.1,feldpausch_regional,0.18,default,2.0,22.06,18.29,21.7,False,O,20.18,measured,22.06,20.394575331222377,0.457,155.8953,155.8953,119.5187,162.6541,162.6541,124.7003,unknown,
FN_A01,71,Pouteria gongrijpii,Sapotaceae,80.540.458.822.192,86.718.225.568.208,40.2,24.63,17.61,20150819,False,O,26.14,26.14,feldpausch_regional,0.18,default,2.0,40.56,26.27,40.2,False,O,24.63,measured,40.56,24.749144811530925,0.7994,630.9271,630.9271,834.8364,645.034,645.034,853.5025,unknown,
FN_A01,72,Protium paniculatum,Burseraceae,80.540.544.814.584,86.718.232.863.856,16.2,14.36,9.05,20150819,False,O,14.91,14.91,feldpausch_regional,0.18,default,2.0,16.56,15.14,16.2,False,O,14.36,measured,16.56,14.575724593692016,0.49,63.2145,63.2145,51.8767,66.9529,66.9529,54.9446,unknown,
FN_A01,73,Inga alba,Fabaceae,8.054.014.214.788,8.671.828.483.832,17.0,17.0,7.87,20150819,False,O,15.41,15.41,feldpausch_regional,0.18,default,2.0,17.36,15.63,17.0,False,O,17.0,measured,17.36,17.24146215188586,0.5861,81.887,81.887,80.0365,86.4884,86.4884,84.5339,unknown,
FN_A01,74,Nectandra cuspidata,Lauraceae,8.054.055.929.858,8.671.829.278.088,25.8,17.51,12.41,20150819,False,O,20.19,20.19,feldpausch_regional,0.18,default,2.0,26.16,20.37,25.8,False,O,17.51,measured,26.16,17.660636774891067,0.518,190.2785,190.2785,164.8541,197.1368,197.1368,170.7961,unknown,
FN_A01,75,Aspidosperma spruceanum,Apocynaceae,8.054.037.392.656,8.671.831.414.824,16.7,19.06,13.07,20150819,False,O,15.22,15.22,feldpausch_regional,0.18,default,2.0,17.06,15.45,16.7,False,O,19.06,measured,17.06,19.336396596837297,0.7533,88.4307,88.4307,110.4249,93.4945,93.4945,116.7482,unknown,
FN_A01,76,Trattinnickia burserifolia,Burseraceae,80.540.255.128.144,86.718.348.367.616,13.4,13.24,7.76,20150819,False,O,13.08,13.08,feldpausch_regional,0.18,default,2.0,13.76,13.33,13.4,False,O,13.24,measured,13.76,13.487243987600204,0.46,40.3211,40.3211,31.1106,43.2363,43.2363,33.3599,unknown,
FN_A01,77,Inga thibaudiana,Fabaceae,8.054.028.939.482,8.671.837.047.752,10.7,15.33,7.49,20150819,False,O,11.15,11.15,feldpausch_regional,0.18,default,2.0,11.06,11.42,10.7,False,O,15.33,measured,11.059999999999999,15.698460530448303,0.5786,29.9852,29.9852,28.939,32.7361,32.7361,31.5939,unknown,
FN_A01,78,,,80.540.232.146.056,86.718.450.792.944,43.0,3.76,3.42,20150819,True,O,27.1,27.1,feldpausch_regional,0.18,default,2.0,43.36,27.22,43.0,True,O,3.76,measured,43.36,3.7765811701127054,0.6481,114.9144,110.0272,110.0272,117.3025,112.2806,112.2806,unknown,
FN_A01,79,Protium paniculatum,Burseraceae,80.539.533.454,867.184.604.956,14.1,11.03,5.51,20150819,False,O,13.56,13.56,feldpausch_regional,0.18,default,2.0,14.46,13.8,14.1,False,O,11.03,measured,14.459999999999999,11.224382074388544,0.49,37.2641,37.2641,30.5806,39.8169,39.8169,32.6756,unknown,
FN_A01,80,Ocotea cernua,Lauraceae,805.400.227.042,867.184.472.492,36.0,15.89,10.58,20150819,False,O,24.6,24.6,feldpausch_regional,0.18,default,2.0,36.36,24.73,36.0,False,O,15.89,measured,36.36,15.979163234955594,0.4535,331.6348,331.6348,252.3503,339.9908,339.9908,258.7087,unknown,
FN_A01,81,Trattinnickia burserifolia,Burseraceae,805.411.968.394,867.183.651.244,44.5,17.45,10.22,20150819,False,O,27.59,27.59,feldpausch_regional,0.18,default,2.0,44.86,27.71,44.5,False,O,17.45,measured,44.86,17.523365599805587,0.46,549.6064,549.6064,424.0605,560.6098,560.6098,432.5504,unknown,
FN_A01,82,Vochysia guianensis,Vochysiaceae,8.054.247.932.464,8.671.847.490.856,62.3,19.52,7.23,20150819,False,O,32.48,32.48,feldpausch_regional,0.18,default,2.0,62.66,32.56,62.3,False,O,19.52,measured,62.66,19.57007972750177,0.5087,1182.5232,1182.5232,1006.5624,1198.8927,1198.8927,1020.4961,unknown,
FN_A01,83,Goupia glabra,Goupiaceae,8.054.238.154.804,8.671.853.418.296,38.1,24.18,23.37,20150819,False,O,25.39,25.39,feldpausch_regional,0.18,default,2.0,38.46,25.52,38.1,False,O,24.18,measured,38.46,24.305780471409857,0.7272,558.0583,558.0583,673.2415,571.2831,571.2831,689.1958,unknown,
FN_A01,84,Himatanthus sucuuba,Apocynaceae,8.054.411.755.328,8.671.860.867.992,51.5,32.93,20.49,20150819,False,O,29.71,29.71,feldpausch_regional,0.18,default,2.0,51.86,29.81,51.5,False,O,32.93,measured,51.86,33.042401463152224,0.462,1358.5572,1358.5572,1052.6715,1381.7442,1381.7442,1070.6378,unknown,
FN_A01,85,Qualea paraensis,Vochysiaceae,8.054.402.276.444,8.671.844.759.096,50.0,24.21,16.72,20150819,False,O,29.28,29.28,feldpausch_regional,0.18,default,2.0,50.36,29.39,50.0,False,O,24.21,measured,50.36,24.296256231987332,0.6893,949.7932,949.7932,1087.578,966.5369,966.5369,1106.7507,unknown,
FN_A01,86,Tachigali paniculata,Fabaceae,8.054.468.137.024,8.671.841.914.616,42.9,22.81,16.53,20150819,False,O,27.07,27.07,feldpausch_regional,0.18,default,2.0,43.26,27.19,42.9,False,O,22.81,measured,43.26,22.910914498123585,0.5545,664.5805,664.5805,615.3467,678.4268,678.4268,628.1672,unknown,
FN_A01,87,,,805.434.279.698,867.182.373.356,63.6,4.93,,20150819,True,O,32.78,32.78,feldpausch_regional,0.18,default,2.0,63.96,32.86,63.6,True,O,4.93,measured,63.96,4.942249405915192,0.6481,321.3865,300.4156,300.4156,325.735,304.4435,304.4435,unknown,
FN_A01,88,,,8.054.478.156.248,8.671.826.537.672,37.1,19.19,,20150819,True,O,25.01,25.01,feldpausch_regional,0.18,default,2.0,37.46,25.15,37.1,True,O,19.19,measured,37.46,19.29344800930924,0.6481,422.8241,310.7153,310.7153,433.1367,318.1708,318.1708,unknown,
FN_A01,89,,,80.544.317.822,867.181.753.052,47.0,25.56,,20150819,True,O,28.38,28.38,feldpausch_regional,0.18,default,2.0,47.36,28.49,47.0,True,O,25.56,measured,47.36,25.659499417756702,0.6481,887.5138,630.4345,630.4345,904.2542,642.1668,642.1668,unknown,
FN_A01,90,,,8.054.418.489.776,8.671.814.959.064,39.5,3.61,,20150819,True,O,25.89,25.89,feldpausch_regional,0.18,default,2.0,39.86,26.02,39.5,True,O,3.61,measured,39.86,3.6278850975277206,0.6481,93.5719,89.8038,89.8038,95.7043,91.8186,91.8186,unknown,
FN_A01,95,Diospyros guianensis,Ebenaceae,805.373.232.036.073,867.130.552.146.675,22.8,12.61,8.29,20150819,False,O,18.68,18.68,feldpausch_regional,0.18,default,2.0,23.16,18.87,22.8,False,O,12.61,measured,23.16,12.736283822685175,0.73,108.5044,108.5044,131.3938,112.9671,112.9671,136.7979,unknown,
FN_A01,96,Ormosia grossa,Fabaceae,805.370.495.379.496,867.130.776.488.272,22.6,7.84,3.19,20150819,False,O,18.58,18.58,feldpausch_regional,0.18,default,2.0,22.96,18.77,22.6,False,O,7.84,measured,22.96,7.919359852242076,0.5906,67.0707,67.0707,66.0433,69.8553,69.8553,68.7852,unknown,
FN_A01,97,Protium paniculatum,Burseraceae,805.370.255.942.368,867.130.844.014.976,22.6,14.94,3.38,20150819,False,O,18.58,18.58,feldpausch_regional,0.18,default,2.0,22.96,18.77,22.6,False,O,14.94,measured,22.96,15.091229106185793,0.49,125.8481,125.8481,103.2767,131.0729,131.0729,107.5645,unknown,
FN_A01,98,Astrocaryum aculeatum,Arecaceae,80.536.950.342.568,86.713.105.624.176,22.1,19.5,16.13,20150819,False,P,18.31,18.31,feldpausch_regional,0.18,default,2.0,22.46,18.5,22.1,False,P,19.5,measured,22.46,19.70281645416918,0.508,156.2385,93.6203,93.6203,162.8816,97.8715,97.8715,unknown,
FN_A01,99,Mucuna rostrata,Fabaceae,805.371.873.012.032,867.131.239.565.824,22.2,16.08,11.8,20150819,False,O,18.37,18.37,feldpausch_regional,0.18,default,2.0,22.56,18.56,22.2,False,O,16.08,measured,22.56,16.24633361165129,0.6481,130.5801,130.5801,140.7929,136.1056,136.1056,146.7505,unknown,
FN_A01,100,Sloanea guianensis,Elaeocarpaceae,805.370.067.037.877,867.132.053.035.418,14.4,14.4,10.47,20150819,False,O,13.76,13.76,feldpausch_regional,0.18,default,2.0,14.76,13.99,14.4,False,O,14.4,measured,14.76,14.647742473422275,0.8212,50.367,50.367,68.4184,53.7415,53.7415,73.0022,unknown,
FN_A01,101,Mucuna rostrata,Fabaceae,805.368.983.059.115,867.132.297.913.527,20.5,14.28,9.79,20150819,False,O,17.45,17.45,feldpausch_regional,0.18,default,2.0,20.86,17.64,20.5,False,O,14.28,measured,20.86,14.442586414355969,0.6481,99.5449,99.5449,107.3304,104.13,104.13,112.2741,unknown,
FN_A01,102,,,805.364.441.040.688,867.132.483.949.216,45.1,21.92,,20150819,True,O,27.79,27.79,feldpausch_regional,0.18,default,2.0,45.46,27.9,45.1,True,O,21.92,measured,45.46,22.010446063217138,0.6481,704.8126,511.9412,511.9412,718.7189,521.9017,521.9017,unknown,
FN_A01,103,Endlicheria ruforamula,Lauraceae,80.536.533.935.016,86.713.253.474.912,34.1,22.35,14.54,20150819,False,O,23.85,23.85,feldpausch_regional,0.18,default,2.0,34.46,23.99,34.1,False,O,22.35,measured,34.46,22.484715204770698,0.5043,416.1904,416.1904,351.2699,427.3092,427.3092,360.6542,unknown,
FN_A01,104,Protium paniculatum,Burseraceae,8.053.654.281.772,8.671.327.530.128,25.9,13.24,7.24,20150819,False,O,20.24,20.24,feldpausch_regional,0.18,default,2.0,26.26,20.41,25.9,False,O,13.24,measured,26.259999999999998,13.353356185308993,0.49,145.9434,145.9434,119.7679,151.1821,151.1821,124.0669,unknown,
FN_A01,105,Ormosia excelsa,Fabaceae,80.536.914.457.672,86.713.298.230.704,65.0,28.04,16.12,20150819,False,O,33.09,33.09,feldpausch_regional,0.18,default,2.0,65.36,33.17,65.0,False,O,28.04,measured,65.36,28.107339554664513,0.61,1829.3588,1829.3588,1859.1105,1853.5225,1853.5225,1883.6671,unknown,
FN_A01,106,Qualea paraensis,Vochysiaceae,8.053.697.051.292,8.671.334.325.064,45.4,20.64,10.41,20150819,False,O,27.88,27.88,feldpausch_regional,0.18,default,2.0,45.76,28.0,45.4,False,O,20.64,measured,45.76,20.72437516877415,0.6893,673.2717,673.2717,770.942,686.4601,686.4601,786.0436,unknown,
FN_A01,107,Enterolobium schomburgkii,Fabaceae,8.053.651.566.036,8.671.334.987.192,17.8,13.54,7.0,20150819,False,O,15.89,15.89,feldpausch_regional,0.18,default,2.0,18.16,16.11,17.8,False,O,13.54,measured,18.16,13.72224396112261,0.6989,71.7365,71.7365,83.2576,75.5756,75.5756,87.7133,unknown,
FN_A01,108,Tetragastris altissima,Burseraceae,805.363.643.115.424,867.133.621.413.568,14.2,9.08,5.83,20150819,False,O,13.62,13.62,feldpausch_regional,0.18,default,2.0,14.56,13.86,14.2,False,O,9.08,measured,14.559999999999999,9.238731783058144,0.7079,31.2478,31.2478,36.719,33.3725,33.3725,39.2158,unknown,
FN_A01,109,Inga alba,Fabaceae,80.536.326.024.876,86.713.375.980.512,10.5,13.62,10.36,20150819,False,O,11.0,11.0,feldpausch_regional,0.18,default,2.0,10.86,11.27,10.5,False,O,13.62,measured,10.86,13.954280805408402,0.5861,25.7501,25.7501,25.1682,28.1602,28.1602,27.5238,unknown,
FN_A01,110,,,8.053.631.637.244,8.671.337.566.128,13.0,11.2,,20150819,True,O,12.81,12.81,feldpausch_regional,0.18,default,2.0,13.36,13.06,13.0,True,O,11.2,measured,13.36,11.416452695557474,0.6481,32.2786,24.5588,24.5588,34.6885,26.3471,26.3471,unknown,
FN_A01,111,Protium paniculatum,Burseraceae,80.535.547.925.104,86.713.501.137.728,17.6,11.95,7.11,20150819,False,O,15.77,15.77,feldpausch_regional,0.18,default,2.0,17.96,15.99,17.6,False,O,11.95,measured,17.96,12.112988460376066,0.49,62.1173,62.1173,50.9763,65.4817,65.4817,53.7373,unknown,
FN_A01,112,Pouteria gongrijpii,Sapotaceae,8.054.064.077.636,8.671.346.389.912,65.0,18.06,14.02,20150819,False,O,33.09,33.09,feldpausch_regional,0.18,default,2.0,65.36,33.17,65.0,False,O,18.06,measured,65.36,18.103372052683348,0.7994,1190.7596,1190.7596,1575.6011,1206.4881,1206.4881,1596.4129,unknown,
FN_A01,113,Tetragastris altissima,Burseraceae,8.054.034.336.456,8.671.348.694.752,41.2,25.72,16.2,20150819,False,O,26.49,26.49,feldpausch_regional,0.18,default,2.0,41.56,26.62,41.2,False,O,25.72,measured,41.56,25.840308537032595,0.7079,690.5013,690.5013,811.4015,705.5339,705.5339,829.0662,unknown,
FN_A01,114,Sacoglottis guianensis,Humiriaceae,8.054.133.620.212,8.671.326.777.144,50.4,31.04,20.82,20150819,False,O,29.4,29.4,feldpausch_regional,0.18,default,2.0,50.76,29.5,50.4,False,O,31.04,measured,50.76,31.149323848048798,0.8359,1229.4778,1229.4778,1699.2057,1250.9638,1250.9638,1728.9005,unknown,
FN_A01,115,Pouteria gongrijpii,Sapotaceae,805.410.672.428.816,867.131.915.518.912,51.6,28.84,15.16,20150819,False,O,29.74,29.74,feldpausch_regional,0.18,default,2.0,51.96,29.84,51.6,False,O,28.84,measured,51.96,28.938163084355544,0.7994,1198.142,1198.142,1585.3694,1218.5476,1218.5476,1612.37,unknown,
FN_A01,116,Endlicheria ruforamula,Lauraceae,80.539.849.135.992,86.713.230.942.944,51.0,29.37,18.97,20150819,False,O,29.57,29.57,feldpausch_regional,0.18,default,2.0,51.36,29.67,51.0,False,O,29.37,measured,51.36,29.471682465988653,0.5043,1192.0979,1192.0979,1006.1454,1212.6624,1212.6624,1023.5021,unknown,
FN_A01,117,Zanthoxylum rhoifolium,Rutaceae,80.532.267.048.464,86.714.464.292.524,14.4,11.62,4.0,20150819,False,O,13.76,13.76,feldpausch_regional,0.18,default,2.0,14.76,13.99,14.4,False,O,11.62,measured,14.76,11.819914412581028,0.5692,40.8531,40.8531,38.8084,43.5902,43.5902,41.4085,unknown,
FN_A01,118,Tetragastris altissima,Burseraceae,805.324.451.583.864,867.144.787.372.324,24.4,15.94,9.87,20150819,False,O,19.5,19.5,feldpausch_regional,0.18,default,2.0,24.76,19.68,24.4,False,O,15.94,measured,24.759999999999998,16.08692159397732,0.7079,155.6948,155.6948,182.9555,161.6514,161.6514,189.955,unknown,
FN_A01,119,Licania canescens,Chrysobalanaceae,80.532.504.643.368,86.714.495.034.088,12.2,10.2,4.03,20150819,False,O,12.25,12.25,feldpausch_regional,0.18,default,2.0,12.56,12.5,12.2,False,O,10.2,measured,12.559999999999999,10.411756232409745,0.88,26.0273,26.0273,37.8241,28.1055,28.1055,40.8443,unknown,
FN_A01,120,Aniba parviflora,Lauraceae,805.326.612.022.661,867.145.398.312.633,40.8,18.01,12.15,20150819,False,O,26.35,26.35,feldpausch_regional,0.18,default,2.0,41.16,26.48,40.8,False,O,18.01,measured,41.16,18.095377016255465,0.54,478.4656,478.4656,431.7093,488.993,488.993,441.2079,unknown,
FN_A01,121,Tetragastris altissima,Burseraceae,80.533.465.597.232,86.714.510.798.812,37.1,22.8,13.29,20150819,False,O,25.01,25.01,feldpausch_regional,0.18,default,2.0,37.46,25.15,37.1,False,O,22.8,measured,37.46,22.922908525911968,0.7079,500.2913,500.2913,587.8876,512.4933,512.4933,602.226,unknown,
FN_A01,122,Aniba parviflora,Lauraceae,80.533.707.941.592,86.714.638.379.872,51.2,25.1,13.13,20150819,False,O,29.63,29.63,feldpausch_regional,0.18,default,2.0,51.56,29.73,51.2,False,O,25.1,measured,51.56,25.186406413456275,0.54,1030.4744,1030.4744,929.7751,1048.1748,1048.1748,945.7457,unknown,
FN_A01,123,Casearia grandiflora,Salicaceae,805.318.469.951.152,867.146.976.530.032,16.4,17.92,12.61,20150819,False,O,15.04,15.04,feldpausch_regional,0.18,default,2.0,16.76,15.26,16.4,False,O,17.92,measured,16.759999999999998,18.185399438130773,0.77,80.37,80.37,102.5258,85.0615,85.0615,108.5107,unknown,
FN_A01,124,Tetragastris altissima,Burseraceae,80.531.585.415.364,86.714.744.571.174,40.3,22.44,15.22,20150819,False,O,26.18,26.18,feldpausch_regional,0.18,default,2.0,40.66,26.3,40.3,False,O,22.44,measured,40.66,22.54818394953295,0.7079,578.9145,578.9145,680.2769,591.8236,591.8236,695.4463,unknown,
FN_A01,125,Protium paniculatum,Burseraceae,805.315.911.568.424,867.147.394.160.884,10.9,10.24,5.85,20150819,False,O,11.3,11.3,feldpausch_regional,0.18,default,2.0,11.26,11.57,10.9,False,O,10.24,measured,11.26,10.481110700579373,0.49,20.9686,20.9686,17.2078,22.855,22.855,18.7559,unknown,
FN_A01,126,Helicostylis sp.,Moraceae,8.053.156.995.236,8.671.474.935.236,31.5,15.84,13.12,20150819,False,O,22.78,22.78,feldpausch_regional,0.18,default,2.0,31.86,22.93,31.5,False,O,15.84,measured,31.86,15.945852539944676,0.643,254.7557,254.7557,272.5601,262.1686,262.1686,280.491,unknown,
FN_A01,127,Ormosia coccinea,Fabaceae,805.315.274.863.136,867.147.692.219.776,17.7,13.3,5.5,20150819,False,O,15.83,15.83,feldpausch_regional,0.18,default,2.0,18.06,16.05,17.7,False,O,13.3,measured,18.06,13.480200629041505,0.625,69.7242,69.7242,72.5583,73.478,73.478,76.4646,unknown,
FN_A01,128,,,805.328.618.924.248,867.148.215.676.668,49.1,5.44,,20150819,True,O,29.02,29.02,feldpausch_regional,0.18,default,2.0,49.46,29.12,49.1,True,O,5.44,measured,49.46,5.459895531546569,0.6481,213.4992,194.0628,194.0628,217.3385,197.5079,197.5079,unknown,
FN_A01,129,,,8.053.364.449.908,8.671.472.182.048,40.6,0.88,,20150819,True,O,26.28,26.28,feldpausch_regional,0.18,default,2.0,40.96,26.41,40.6,True,O,0.88,measured,40.96,0.8841997832290339,0.6481,24.8954,29.9019,29.9019,25.4461,30.5533,30.5533,unknown,
FN_A01,130,Dipteryx odorata,Fabaceae,805.324.518.969.296,867.148.133.316.736,44.5,19.91,12.48,20150819,False,O,27.59,27.59,feldpausch_regional,0.18,default,2.0,44.86,27.71,44.5,False,O,19.91,measured,44.86,19.99370825742861,0.9228,625.105,625.105,951.4794,637.6199,637.6199,970.5285,unknown,
FN_A01,131,Neea oppositifolia,Nyctaginaceae,80.531.658.438.516,86.714.822.615.056,17.1,7.66,4.34,20150819,False,O,15.47,15.47,feldpausch_regional,0.18,default,2.0,17.46,15.69,17.1,False,O,7.66,measured,17.46,7.768057897485605,0.893,38.0431,38.0431,56.0831,40.1676,40.1676,59.215,unknown,
FN_A01,132,Virola michelii,Myristicaceae,805.316.780.170.497,867.148.265.896.682,18.3,14.55,10.59,20150819,False,O,16.19,16.19,feldpausch_regional,0.18,default,2.0,18.66,16.4,18.3,False,O,14.55,measured,18.66,14.739562678346458,0.4701,81.2306,81.2306,64.0212,85.4518,85.4518,67.3482,unknown,
FN_A01,133,Guatteria schomburgkiana,Annonaceae,805.311.021.640.696,867.148.270.760.236,20.4,14.7,8.98,20150819,False,O,17.39,17.39,feldpausch_regional,0.18,default,2.0,20.76,17.59,20.4,False,O,14.7,measured,20.759999999999998,14.86835048277461,0.6,101.4286,101.4286,101.4286,106.1248,106.1248,106.1248,unknown,
FN_A01,134,Jacaranda copaia,Bignoniaceae,805.309.853.682.728,867.148.634.500.948,15.2,13.7,12.69,20150819,False,O,14.28,14.28,feldpausch_regional,0.18,default,2.0,15.56,14.51,15.2,False,O,13.7,measured,15.559999999999999,13.921526555438508,0.3507,53.3161,53.3161,31.5646,56.6894,56.6894,33.5616,unknown,
FN_A01,135,,,805.312.105.515.472,867.148.538.023.552,35.3,3.77,,20150819,True,O,24.32,24.32,feldpausch_regional,0.18,default,2.0,35.66,24.46,35.3,True,O,3.77,measured,35.66,3.791712050974438,0.6481,78.3838,74.3115,74.3115,80.4011,76.192,76.192,unknown,
FN_A01,136,Esenbeckia febrifuga,Rutaceae,805.309.632.957.008,867.149.303.091.328,35.0,15.73,10.04,20150819,False,O,24.21,24.21,feldpausch_regional,0.18,default,2.0,35.36,24.35,35.0,False,O,15.73,measured,35.36,15.821618540450194,1.0485,310.8055,310.8055,535.9051,318.8787,318.8787,549.8252,unknown,
FN_A01,137,Ormosia excelsa,Fabaceae,80.534.614.551.304,86.714.855.698.864,78.0,23.28,10.02,20150819,False,O,35.67,35.67,feldpausch_regional,0.18,default,2.0,78.36,35.74,78.0,False,O,23.28,measured,78.36,23.321603599710745,0.61,2177.7335,2177.7335,2213.151,2201.229,2201.229,2237.0285,unknown,
FN_A01,138,Aspidosperma excelsum,Apocynaceae,80.532.459.082.272,86.714.837.229.412,73.0,25.38,16.89,20150819,False,O,34.75,34.75,feldpausch_regional,0.18,default,2.0,73.36,34.82,73.0,False,O,25.38,measured,73.36,25.43061461873619,0.792,2081.8562,2081.8562,2729.8004,2106.035,2106.035,2761.5044,unknown,
FN_A01,139,,,8.053.664.450.032,8.671.473.052.872,56.0,4.24,,20150819,True,O,30.93,30.93,feldpausch_regional,0.18,default,2.0,56.36,31.03,56.0,True,O,4.24,measured,56.36,4.252790673630462,0.6481,216.3878,205.8831,205.8831,219.7566,209.0532,209.0532,unknown,
FN_A01,140,Dipteryx odorata,Fabaceae,80.534.632.912.016,86.714.942.088.556,61.9,14.29,11.7,20150819,False,O,32.39,32.39,feldpausch_regional,0.18,default,2.0,62.26,32.47,61.9,False,O,14.29,measured,62.26,14.327028350659894,0.9228,861.2957,861.2957,1310.988,873.3036,873.3036,1329.2653,unknown,
FN_A01,141,Erisma uncinatum,Vochysiaceae,80.527.876.393.676,867.158.904.282.424,23.0,15.19,9.77,20150819,False,O,18.79,18.79,feldpausch_regional,0.18,default,2.0,23.36,18.97,23.0,False,O,15.19,measured,23.36,15.340512442075331,0.5231,132.3591,132.3591,115.772,137.7525,137.7525,120.4894,unknown,
FN_A01,142,Protium paniculatum,Burseraceae,80.527.735.596.576,867.159.352.273.344,24.5,15.98,9.6,20150819,False,O,19.55,19.55,feldpausch_regional,0.18,default,2.0,24.86,19.73,24.5,False,O,15.98,measured,24.86,16.126550741489854,0.49,157.3272,157.3272,129.1099,163.32,163.32,134.0279,unknown,
FN_A01,143,Himatanthus sucuuba,Apocynaceae,80.527.558.486.596,867.159.555.483.304,42.3,29.28,17.92,20150819,False,O,26.87,26.87,feldpausch_regional,0.18,default,2.0,42.66,26.99,42.3,False,O,29.28,measured,42.66,29.412085896111165,0.462,824.9934,824.9934,639.2421,842.447,842.447,652.766,unknown,
FN_A01,144,Mucuna rostrata,Fabaceae,805.277.302.747.126,867.159.683.022.596,13.7,13.76,8.72,20150819,False,O,13.29,13.29,feldpausch_regional,0.18,default,2.0,14.06,13.53,13.7,False,O,13.76,measured,14.059999999999999,14.010573123505981,0.6481,43.715,43.715,47.134,46.8025,46.8025,50.463,unknown,
FN_A01,145,Calophyllum brasiliense,Calophyllaceae,8.052.753.331.024,86.715.991.267.296,32.4,22.72,11.78,20150819,False,O,23.15,23.15,feldpausch_regional,0.18,default,2.0,32.76,23.3,32.4,False,O,22.72,measured,32.76,22.866394370412024,0.5891,382.7358,382.7358,375.9274,393.54,393.54,386.5394,unknown,
FN_A01,146,Aspidosperma excelsum,Apocynaceae,8.052.803.858.952,86.716.022.923.728,86.4,31.68,24.27,20150819,False,O,37.07,37.07,feldpausch_regional,0.18,default,2.0,86.76,37.12,86.4,False,O,31.68,measured,86.76,31.72752430155097,0.792,3591.7148,3591.7148,4709.5781,3626.2868,3626.2868,4754.9101,unknown,
FN_A01,147,Pouteria gongrijpii,Sapotaceae,8.052.812.535.138,86.716.110.840.212,35.3,17.53,8.79,20150819,False,O,24.32,24.32,feldpausch_regional,0.18,default,2.0,35.66,24.46,35.3,False,O,17.53,measured,35.66,17.63095815744878,0.7994,351.2757,351.2757,464.8044,360.3163,360.3163,476.7669,unknown,
FN_A01,148,,,8.052.798.067.362,86.716.122.117.108,91.0,3.84,,20150819,True,O,37.75,37.75,feldpausch_regional,0.18,default,2.0,91.36,37.81,91.0,True,O,3.84,measured,91.36,3.845256175597023,0.6481,506.7768,501.3317,501.3317,511.3799,505.8719,505.8719,unknown,
FN_A01,149,Jacaranda copaia,Bignoniaceae,80.526.876.590.094,867.161.450.788.156,19.4,17.81,16.51,20150819,False,O,16.83,16.83,feldpausch_regional,0.18,default,2.0,19.76,17.03,19.4,False,O,17.81,measured,19.759999999999998,18.02655792770162,0.3507,110.8913,110.8913,65.6507,116.3075,116.3075,68.8572,unknown,
FN_A01,150,Guatteria schomburgkiana,Annonaceae,805.283.673.020.952,867.160.293.054.373,11.4,14.37,6.58,20150819,False,O,11.67,11.67,feldpausch_regional,0.18,default,2.0,11.76,11.93,11.4,False,O,14.37,measured,11.76,14.691867682275694,0.6,31.8579,31.8579,31.8579,34.591,34.591,34.591,unknown,
FN_A01,151,Dipteryx odorata,Fabaceae,805.277.415.096,8.671.621.371.728,60.4,22.74,13.74,20150819,False,O,32.03,32.03,feldpausch_regional,0.18,default,2.0,60.76,32.12,60.4,False,O,22.74,measured,60.76,22.801187219532498,0.9228,1292.0291,1292.0291,1966.6121,1310.5363,1310.5363,1994.7821,unknown,
FN_A01,152,Copaifera reticulata,Fabaceae,8.052.795.240.128,86.716.265.499.392,50.5,22.55,14.81,20150819,False,O,29.43,29.43,feldpausch_regional,0.18,default,2.0,50.86,29.53,50.5,False,O,22.55,measured,50.86,22.629194229477932,0.6075,903.5589,903.5589,914.5807,919.315,919.315,930.529,unknown,
FN_A01,153,,,805.277.603.998,86.716.289.609.736,78.0,5.26,,20150819,True,O,35.67,35.67,feldpausch_regional,0.18,default,2.0,78.36,35.74,78.0,True,O,5.26,measured,78.36,5.269400126051482,0.6481,509.931,476.4475,476.4475,515.4326,481.5584,481.5584,unknown,
FN_A01,154,Esenbeckia febrifuga,Rutaceae,80.528.935.469.058,867.163.539.338.132,39.0,17.97,11.55,20150819,False,O,25.71,25.71,feldpausch_regional,0.18,default,2.0,39.36,25.84,39.0,False,O,17.97,measured,39.36,18.060578967566947,1.0485,437.1774,437.1774,753.8013,447.2788,447.2788,771.2186,unknown,
FN_A01,155,Ormosia excelsa,Fabaceae,8.052.873.088.178,86.716.453.716.692,48.9,22.69,16.58,20150819,False,O,28.96,28.96,feldpausch_regional,0.18,default,2.0,49.26,29.06,48.9,False,O,22.69,measured,49.26,22.773471075545462,0.61,853.6622,853.6622,867.5457,869.0819,869.0819,883.2161,unknown,
FN_A01,156,Pouteria gongrijpii,Sapotaceae,8.052.899.676.752,86.716.462.217.888,35.1,22.88,13.65,20150819,False,O,24.25,24.25,feldpausch_regional,0.18,default,2.0,35.46,24.39,35.1,False,O,22.88,measured,35.46,23.012762473582352,0.7994,450.5357,450.5357,596.1444,462.2024,462.2024,611.5816,unknown,
FN_A01,157,,,80.529.043.145.436,867.164.531.660.424,54.5,19.72,,20150819,True,O,30.54,30.54,feldpausch_regional,0.18,default,2.0,54.86,30.63,54.5,True,O,19.72,measured,54.86,19.78194031691645,0.6481,919.8898,685.6245,685.6245,934.6445,696.4966,696.4966,unknown,
FN_A01,158,Erisma uncinatum,Vochysiaceae,80.529.206.934.272,867.164.373.921.328,46.0,26.23,15.64,20150819,False,O,28.07,28.07,feldpausch_regional,0.18,default,2.0,46.36,28.19,46.0,False,O,26.23,measured,46.36,26.335262394776034,0.5231,872.7927,872.7927,763.415,889.6464,889.6464,778.1565,unknown,
FN_A01,159,Aspidosperma excelsum,Apocynaceae,8.053.074.597.184,86.716.405.467.216,47.4,19.29,11.53,20150819,False,O,28.51,28.51,feldpausch_regional,0.18,default,2.0,47.76,28.62,47.4,False,O,19.29,measured,47.76,19.364193007230657,0.792,685.5897,685.5897,898.9684,698.4023,698.4023,915.7687,unknown,
FN_A01,160,Hymenaea courbaril,Fabaceae,8.053.037.633.208,86.716.371.891.312,71.4,35.06,19.42,20150819,False,O,34.43,34.43,feldpausch_regional,0.18,default,2.0,71.76,34.51,71.4,False,O,35.06,measured,71.76,35.13248836764831,0.7924,2732.8514,2732.8514,3584.9529,2765.3817,2765.3817,3627.6261,unknown,
FN_A01,161,Licania octandra,Chrysobalanaceae,8.053.056.605.468,86.716.326.251.352,35.2,17.09,8.09,20150819,False,O,24.28,24.28,feldpausch_regional,0.18,default,2.0,35.56,24.43,35.2,False,O,17.09,measured,35.56,17.188793795201136,0.825,340.7754,340.7754,464.9986,349.5727,349.5727,477.0029,unknown,
FN_A01,162,Goupia glabra,Goupiaceae,80.530.057.333,867.163.502.562,38.0,16.27,9.28,20150819,False,O,25.35,25.35,feldpausch_regional,0.18,default,2.0,38.36,25.48,38.0,False,O,16.27,measured,38.36,16.354933570851355,0.7272,377.1486,377.1486,454.992,386.1117,386.1117,465.8051,unknown,
FN_A01,163,Pouteria gongrijpii,Sapotaceae,80.529.538.346,86.716.224.778,50.0,23.69,16.6,20150819,False,O,29.28,29.28,feldpausch_regional,0.18,default,2.0,50.36,29.39,50.0,False,O,23.69,measured,50.36,23.774403557859557,0.7994,929.8773,929.8773,1230.4042,946.2699,946.2699,1252.0948,unknown,
FN_A01,164,Licania canescens,Chrysobalanaceae,8.053.074.195.324,86.716.258.998.376,46.5,25.58,14.6,20150819,False,O,28.23,28.23,feldpausch_regional,0.18,default,2.0,46.86,28.34,46.5,False,O,25.58,measured,46.86,25.681097872225426,0.88,869.8408,869.8408,1264.0936,886.4405,886.4405,1288.2171,unknown,
FN_A01,165,Dialium guianense,Fabaceae,80.527.464.965,8.671.631.471.756,37.8,14.07,8.35,20150819,False,O,25.28,25.28,feldpausch_regional,0.18,default,2.0,38.16,25.41,37.8,False,O,14.07,measured,38.16,14.14397160471932,0.8964,323.9364,323.9364,479.3124,331.6789,331.6789,490.7686,unknown,
FN_A01,166,Ormosia excelsa,Fabaceae,8.052.646.889.536,86.716.258.395.984,50.0,24.13,12.94,20150819,False,O,29.28,29.28,feldpausch_regional,0.18,default,2.0,50.36,29.39,50.0,False,O,24.13,measured,50.36,24.21597120519844,0.61,946.7299,946.7299,962.127,963.4196,963.4196,979.0881,unknown,
FN_A01,167,Qualea paraensis,Vochysiaceae,8.052.786.894.864,86.716.124.601.088,55.4,20.22,13.49,20150819,False,O,30.77,30.77,feldpausch_regional,0.18,default,2.0,55.76,30.87,55.4,False,O,20.22,measured,55.76,20.28198474527267,0.6893,973.2718,973.2718,1114.4626,988.6044,988.6044,1132.0194,unknown,
FN_A01,168,Enterolobium schomburgkii,Fabaceae,80.528.679.527.776,867.161.276.786.784,54.8,26.7,21.29,20150819,False,O,30.62,30.62,feldpausch_regional,0.18,default,2.0,55.16,30.71,54.8,False,O,26.7,measured,55.16,26.78318470423526,0.6989,1249.7851,1249.7851,1450.5039,1269.7107,1269.7107,1473.6296,unknown,
FN_A01,169,Aniba parviflora,Lauraceae,805.296.314.397.016,867.159.825.458.942,55.9,23.36,12.29,20150819,False,O,30.91,30.91,feldpausch_regional,0.18,default,2.0,56.26,31.0,55.9,False,O,23.36,measured,56.26,23.43065769905236,0.54,1140.3496,1140.3496,1028.9131,1158.1377,1158.1377,1044.963,unknown,
FN_A01,170,Guatteria schomburgkiana,Annonaceae,80.523.018.397.688,86.717.309.484.456,11.1,19.49,11.23,20150819,False,O,11.45,11.45,feldpausch_regional,0.18,default,2.0,11.46,11.72,11.1,False,O,19.49,measured,11.459999999999999,19.93972162810905,0.6,40.7181,40.7181,40.7181,44.3113,44.3113,44.3113,unknown,
FN_A01,171,,,80.523.233.953.948,86.717.356.613.836,15.8,17.67,11.0,20150819,False,O,14.66,14.66,feldpausch_regional,0.18,default,2.0,16.16,14.89,15.8,False,O,17.67,measured,16.16,17.943244710781304,0.6481,73.7127,73.7127,79.4778,78.189,78.189,84.3042,unknown,
FN_A01,172,Cordia goeldiana,Boraginaceae,805.225.722.790.872,867.174.133.010.264,11.6,16.43,13.2,20150819,False,O,11.82,11.82,feldpausch_regional,0.18,default,2.0,11.96,12.08,11.6,False,O,16.43,measured,11.959999999999999,16.790927950758586,0.498,37.5617,37.5617,31.3159,40.7254,40.7254,33.9535,unknown,
FN_A01,173,Cordia scabrifolia,Boraginaceae,805.226.029.152.784,867.174.306.195.808,16.5,18.54,13.37,20150819,False,O,15.1,15.1,feldpausch_regional,0.18,default,2.0,16.86,15.32,16.5,False,O,18.54,measured,16.86,18.81264958154595,0.474,84.0745,84.0745,66.7957,88.9508,88.9508,70.6698,unknown,
FN_A01,174,Byrsonima crispa,Malpighiaceae,805.225.773.527.113,867.174.341.286.443,24.0,17.45,12.96,20150819,False,O,19.3,19.3,feldpausch_regional,0.18,default,2.0,24.36,19.48,24.0,False,O,17.45,measured,24.36,17.614139178035582,0.58,164.6741,164.6741,159.3146,171.0864,171.0864,165.5181,unknown,
FN_A01,175,Casearia grandiflora,Salicaceae,80.522.486.329.632,86.717.433.302.384,15.1,26.39,17.29,20150819,False,O,14.21,14.21,feldpausch_regional,0.18,default,2.0,15.46,14.45,15.1,False,O,26.39,measured,15.459999999999999,26.819973491472524,0.77,99.8041,99.8041,127.3174,106.1629,106.1629,135.4292,unknown,
FN_A01,176,Jacaranda copaia,Bignoniaceae,8.052.261.956.366,8.671.747.581.792,28.3,20.79,17.48,20150819,False,O,21.37,21.37,feldpausch_regional,0.18,default,2.0,28.66,21.53,28.3,False,O,20.79,measured,28.66,20.94928972191997,0.3507,269.5093,269.5093,159.5568,278.3076,278.3076,164.7656,unknown,
FN_A01,177,Inga alba,Fabaceae,805.223.118.859.344,867.175.255.276.328,29.1,18.08,9.85,20150819,False,O,21.73,21.73,feldpausch_regional,0.18,default,2.0,29.46,21.89,29.1,False,O,18.08,measured,29.46,18.21372026138575,0.5861,248.3164,248.3164,242.7048,256.1841,256.1841,250.3946,unknown,
FN_A01,178,Inga sp.,Fabaceae,805.222.802.625.184,867.175.353.769.408,13.3,16.17,10.01,20150819,False,O,13.02,13.02,feldpausch_regional,0.18,default,2.0,13.66,13.26,13.3,False,O,16.17,measured,13.66,16.474534770815787,0.5786,48.297,48.297,46.6119,51.8167,51.8167,50.0088,unknown,
FN_A01,179,Zanthoxylum rhoifolium,Rutaceae,805.220.729.536.808,867.175.294.993.896,13.2,10.2,5.16,20150819,False,O,12.95,12.95,feldpausch_regional,0.18,default,2.0,13.56,13.19,13.2,False,O,10.2,measured,13.559999999999999,10.393749694927022,0.5692,30.3539,30.3539,28.8347,32.5838,32.5838,30.9529,unknown,
FN_A01,180,Protium paniculatum,Burseraceae,80.521.913.333.264,86.717.566.644.768,11.8,5.37,3.94,20150819,False,O,11.96,11.96,feldpausch_regional,0.18,default,2.0,12.16,12.22,11.8,False,O,5.37,measured,12.16,5.485731111543638,0.49,13.0385,13.0385,10.7,14.117,14.117,11.5851,unknown,
FN_A01,181,Cecropia palmata,Urticaceae,805.222.281.084.514,867.175.871.417.043,30.1,24.26,17.98,20150819,False,O,22.17,22.17,feldpausch_regional,0.18,default,2.0,30.46,22.33,30.1,False,O,24.26,measured,30.46,24.431867138848244,0.3404,353.4076,353.4076,203.234,364.206,364.206,209.4438,unknown,
FN_A01,182,Esenbeckia febrifuga,Rutaceae,805.218.678.692.717,867.176.044.051.242,11.0,9.06,5.72,20150819,False,O,11.38,11.38,feldpausch_regional,0.18,default,2.0,11.36,11.64,11.0,False,O,9.06,measured,11.36,9.271171011919153,1.0485,18.9416,18.9416,32.6599,20.6292,20.6292,35.5698,unknown,
FN_A01,183,Ocotea cernua,Lauraceae,805.218.817.555.912,867.176.234.609.944,17.9,15.11,10.04,20150819,False,O,15.95,15.95,feldpausch_regional,0.18,default,2.0,18.26,16.17,17.9,False,O,15.11,measured,18.259999999999998,15.312042493826192,0.4535,80.722,80.722,61.4237,85.0164,85.0164,64.6914,unknown,
FN_A01,184,Schefflera morototoni,Araliaceae,80.521.433.288.992,86.717.703.215.104,15.5,16.26,13.21,20150819,False,O,14.47,14.47,feldpausch_regional,0.18,default,2.0,15.86,14.7,15.5,False,O,16.26,measured,15.86,16.51706806061592,0.4559,65.4699,65.4699,50.0792,69.5273,69.5273,53.1828,unknown,
FN_A01,185,Sloanea guianensis,Elaeocarpaceae,805.214.016.914.064,867.177.130.698.968,10.4,9.5,5.76,20150819,False,O,10.93,10.93,feldpausch_regional,0.18,default,2.0,10.76,11.2,10.4,False,O,9.5,measured,10.76,9.735645943066071,0.8212,17.7815,17.7815,24.1543,19.4627,19.4627,26.438,unknown,
FN_A01,186,Cecropia ficifolia,Urticaceae,80.521.053.838.712,86.717.766.658.344,23.7,19.34,7.69,20150819,False,O,19.15,19.15,feldpausch_regional,0.18,default,2.0,24.06,19.33,23.7,False,O,19.34,measured,24.06,19.52474328896291,0.266,177.6442,177.6442,80.3082,184.655,184.655,83.4776,unknown,
FN_A01,187,Vochysia guianensis,Vochysiaceae,80.523.769.930.416,86.717.806.560.992,41.7,25.35,18.63,20150819,False,O,26.66,26.66,feldpausch_regional,0.18,default,2.0,42.06,26.79,41.7,False,O,25.35,measured,42.06,25.466630022785502,0.5087,697.0257,697.0257,593.3074,712.0027,712.0027,606.0559,unknown,
FN_A01,188,Ormosia excelsa,Fabaceae,8.052.460.841.584,8.671.768.006.408,53.8,28.76,19.78,20150819,False,O,30.35,30.35,feldpausch_regional,0.18,default,2.0,54.16,30.45,53.8,False,O,28.76,measured,54.16,28.85207781980598,0.61,1296.3601,1296.3601,1317.4433,1317.4504,1317.4504,1338.8767,unknown,
FN_A01,189,Tetragastris altissima,Burseraceae,8.052.427.007.848,8.671.755.814.576,36.8,25.01,15.56,20150819,False,O,24.9,24.9,feldpausch_regional,0.18,default,2.0,37.16,25.04,36.8,False,O,25.01,measured,37.16,25.146292013841283,0.7079,538.9576,538.9576,633.3239,552.2186,552.2186,648.9068,unknown,
FN_A01,190,Ormosia excelsa,Fabaceae,8.052.521.865.724,8.671.786.824.688,35.5,29.73,12.99,20150819,False,O,24.4,24.4,feldpausch_regional,0.18,default,2.0,35.86,24.54,35.5,False,O,29.73,measured,35.86,29.8999452066073,0.61,594.764,594.764,604.4369,609.9781,609.9781,619.8985,unknown,
FN_A01,191,Aniba parviflora,Lauraceae,80.523.423.412.624,86.717.838.861.088,68.0,29.73,12.99,20150819,False,O,33.74,33.74,feldpausch_regional,0.18,default,2.0,68.36,33.82,68.0,False,O,29.73,measured,68.36,29.796483050086934,0.54,2115.2238,2115.2238,1908.5213,2141.8021,2141.8021,1932.5024,unknown,
FN_A01,1,Tapirira guianensis,Anacardiaceae,805.184.073.955.648,867.124.300.918.176,11.7,12.0,10.5,20150818,False,O,11.89,11.89,feldpausch_regional,0.18,default,2.0,12.06,12.15,11.7,False,O,12.0,measured,12.059999999999999,12.26109262309774,0.457,28.1087,28.1087,21.5498,30.4548,30.4548,23.3484,unknown,
FN_A01,2,Qualea paraensis,Vochysiaceae,805.183.074.632.816,867.124.563.620.592,47.4,26.09,18.58,20150818,False,O,28.51,28.51,feldpausch_regional,0.18,default,2.0,47.76,28.62,47.4,False,O,26.09,measured,47.76,26.190347099981746,0.6893,920.574,920.574,1054.12,937.7781,937.7781,1073.8199,unknown,
FN_A01,3,Inga sp.,Fabaceae,805.181.025.632.176,867.124.827.456.112,14.3,15.29,10.81,20150818,False,O,13.69,13.69,feldpausch_regional,0.18,default,2.0,14.66,13.93,14.3,False,O,15.29,measured,14.66,15.55515799395015,0.5786,52.6815,52.6815,50.8434,56.2372,56.2372,54.275,unknown,
FN_A01,4,Tapirira guianensis,Anacardiaceae,805.180.300.056.892,867.125.017.412.704,17.0,16.54,10.32,20150818,False,O,15.41,15.41,feldpausch_regional,0.18,default,2.0,17.36,15.63,17.0,False,O,16.54,measured,17.36,16.77492847012895,0.457,79.7237,79.7237,61.121,84.2036,84.2036,64.5555,unknown,
FN_A01,5,Ocotea cernua,Lauraceae,805.179.885.442.444,867.125.125.959.328,15.1,15.6,10.55,20150818,False,O,14.21,14.21,feldpausch_regional,0.18,default,2.0,15.46,14.45,15.1,False,O,15.6,measured,15.459999999999999,15.854171522052722,0.4535,59.7466,59.7466,45.4629,63.5532,63.5532,48.3595,unknown,
FN_A01,6,Protium paniculatum,Burseraceae,805.177.489.903.631,867.125.780.887.339,20.4,14.38,10.27,20150818,False,O,17.39,17.39,feldpausch_regional,0.18,default,2.0,20.76,17.59,20.4,False,O,14.38,measured,20.759999999999998,14.54468571036047,0.49,99.2731,99.2731,81.468,103.8695,103.8695,85.24,unknown,
FN_A01,7,Qualea paraensis,Vochysiaceae,805.176.603.078.064,867.125.985.286.768,64.5,35.63,21.55,20150818,False,O,32.98,32.98,feldpausch_regional,0.18,default,2.0,64.86,33.06,64.5,False,O,35.63,measured,64.86,35.71660857705077,0.6893,2276.6355,2276.6355,2606.9029,2306.965,2306.965,2641.6323,unknown,
FN_A01,8,Inga sp.,Fabaceae,80.517.230.100.471,86.712.697.022.052,12.6,13.51,8.84,20150818,False,O,12.53,12.53,feldpausch_regional,0.18,default,2.0,12.96,12.78,12.6,False,O,13.51,measured,12.959999999999999,13.780473172975315,0.5786,36.4673,36.4673,35.1949,39.2814,39.2814,37.9109,unknown,
FN_A01,9,Protium paniculatum,Burseraceae,805.171.875.563.816,867.127.109.649.392,10.8,11.66,6.68,20150818,False,O,11.23,11.23,feldpausch_regional,0.18,default,2.0,11.16,11.5,10.8,False,O,11.66,measured,11.16,11.937371875599139,0.49,23.3777,23.3777,19.1848,25.5014,25.5014,20.9276,unknown,
FN_A01,10,Neea oppositifolia,Nyctaginaceae,80.517.190.411.432,86.712.721.548.184,38.5,26.32,13.4,20150818,False,O,25.53,25.53,feldpausch_regional,0.18,default,2.0,38.86,25.66,38.5,False,O,26.32,measured,38.86,26.455000002516485,0.893,618.6985,618.6985,912.0832,633.1954,633.1954,933.4544,unknown,
FN_A01,11,,,80.517.240.155.848,86.712.765.550.376,22.6,9.03,,20150818,True,O,18.58,18.58,feldpausch_regional,0.18,default,2.0,22.96,18.77,22.6,True,O,9.03,measured,22.96,9.121405544100249,0.6481,76.9895,62.2342,62.2342,80.1859,64.764,64.764,unknown,
FN_A01,12,,,805.172.332.823.256,867.127.673.647.472,13.1,6.02,,20150818,True,O,12.88,12.88,feldpausch_regional,0.18,default,2.0,13.46,13.13,13.1,True,O,6.02,measured,13.459999999999999,6.135339108107098,0.6481,17.8756,15.0076,15.0076,19.1994,16.0917,16.0917,unknown,
FN_A01,13,Tetragastris altissima,Burseraceae,805.187.967.109.524,867.127.558.801.688,37.1,18.03,10.18,20150818,False,O,25.01,25.01,feldpausch_regional,0.18,default,2.0,37.46,25.15,37.1,False,O,18.03,measured,37.46,18.127194768517228,0.7079,397.8601,397.8601,467.5216,407.5638,407.5638,478.9244,unknown,
FN_A01,14,Ormosia excelsa,Fabaceae,80.518.656.132.008,86.712.644.506.496,66.1,26.59,18.38,20150818,False,O,33.33,33.33,feldpausch_regional,0.18,default,2.0,66.46,33.41,66.1,False,O,26.59,measured,66.46,26.652193745639728,0.61,1794.8123,1794.8123,1824.0021,1818.0835,1818.0835,1847.6518,unknown,
FN_A01,15,,,805.191.131.472.988,867.125.478.761.056,50.8,30.18,,20150818,True,O,29.51,29.51,feldpausch_regional,0.18,default,2.0,51.16,29.62,50.8,True,O,30.18,measured,51.16,30.28508436432824,0.6481,1214.8219,843.7178,843.7178,1235.8689,858.1549,858.1549,unknown,
FN_A01,16,Parkia pendula,Fabaceae,8.051.959.912.048,8.671.258.677.076,55.0,26.19,14.91,20150818,False,O,30.67,30.67,feldpausch_regional,0.18,default,2.0,55.36,30.76,55.0,False,O,26.19,measured,55.36,26.271155688817494,0.5212,1235.2331,1235.2331,1076.6377,1254.848,1254.848,1093.7342,unknown,
FN_A01,17,Trattinnickia burserifolia,Burseraceae,8.052.234.655.256,8.671.256.404.892,46.9,32.1,16.73,20150818,False,O,28.35,28.35,feldpausch_regional,0.18,default,2.0,47.26,28.46,46.9,False,O,32.1,measured,47.26,32.225336336576035,0.46,1103.9235,1103.9235,851.7556,1124.7944,1124.7944,867.859,unknown,
FN_A01,18,Qualea paraensis,Vochysiaceae,8.052.127.469.752,8.671.273.816.744,49.1,25.71,13.1,20150818,False,O,29.02,29.02,feldpausch_regional,0.18,default,2.0,49.46,29.12,49.1,False,O,25.71,measured,49.46,25.80402833015851,0.6893,972.101,972.101,1113.1219,989.5819,989.5819,1133.1387,unknown,
FN_A01,19,Jacaranda copaia,Bignoniaceae,805.215.968.564,8671296.87,40.0,25.52,19.58,20150818,False,O,26.07,26.07,feldpausch_regional,0.18,default,2.0,40.36,26.2,40.0,False,O,25.52,measured,40.36,25.64429143047406,0.3507,646.8407,646.8407,382.947,661.3819,661.3819,391.5558,unknown,
FN_A01,20,Cecropia palmata,Urticaceae,80.513.711.349.684,867.138.306.075,22.3,20.02,17.11,20150818,False,O,18.42,18.42,feldpausch_regional,0.18,default,2.0,22.66,18.61,22.3,False,O,20.02,measured,22.66,20.225964535380236,0.3404,163.1476,163.1476,93.8212,170.0182,170.0182,97.7723,unknown,
FN_A01,21,Schefflera morototoni,Araliaceae,80.513.706.930.536,8.671.385.077.704,19.0,27.19,20.35,20150818,False,O,16.6,16.6,feldpausch_regional,0.18,default,2.0,19.36,16.8,19.0,False,O,27.19,measured,19.36,27.528881268885474,0.4559,160.9056,160.9056,123.0799,168.9404,168.9404,129.2259,unknown,
FN_A01,22,Schefflera morototoni,Araliaceae,805.139.423.882.446,86.713.850.986.467,17.2,20.47,16.64,20150818,False,O,15.53,15.53,feldpausch_regional,0.18,default,2.0,17.56,15.75,17.2,False,O,20.47,measured,17.56,20.756806040725166,0.4559,100.4299,100.4299,76.8209,106.0037,106.0037,81.0844,unknown,
FN_A01,23,Schefflera morototoni,Araliaceae,805.138.779.442.312,86.713.858.877.724,13.5,21.64,15.92,20150818,False,O,13.15,13.15,feldpausch_regional,0.18,default,2.0,13.86,13.4,13.5,False,O,21.64,measured,13.86,22.040710210708053,0.4559,66.082,66.082,50.5475,70.8224,70.8224,54.1735,unknown,
FN_A01,24,Schefflera morototoni,Araliaceae,80.513.685.853.154,8.671.385.569.085,11.7,20.6,18.64,20150818,False,O,11.89,11.89,feldpausch_regional,0.18,default,2.0,12.06,12.15,11.7,False,O,20.6,measured,12.059999999999999,21.048209002984457,0.4559,47.6315,47.6315,36.4343,51.607,51.607,39.4752,unknown,
FN_A01,25,Schefflera morototoni,Araliaceae,8.051.373.367.944,8.671.386.856.512,15.2,20.23,17.71,20150818,False,O,14.28,14.28,feldpausch_regional,0.18,default,2.0,15.56,14.51,15.2,False,O,20.23,measured,15.559999999999999,20.55711549025701,0.4559,77.9958,77.9958,59.6606,82.9305,82.9305,63.4352,unknown,
FN_A01,26,Nectandra cuspidata,Lauraceae,805.138.596.165.248,86.713.887.371.536,14.3,19.41,12.23,20150818,False,O,13.69,13.69,feldpausch_regional,0.18,default,2.0,14.66,13.93,14.3,False,O,19.41,measured,14.66,19.746606714360524,0.518,66.4951,66.4951,57.6103,70.9831,70.9831,61.4986,unknown,
FN_A01,27,,,8.051.340.245.763,8.671.390.244.315,10.1,12.63,,20150818,True,O,10.7,10.7,feldpausch_regional,0.18,default,2.0,10.46,10.97,10.1,True,O,12.63,measured,10.459999999999999,12.953587774632634,0.6481,22.1751,16.355,16.355,24.3377,17.9084,17.9084,unknown,
FN_A01,28,Guatteria schomburgkiana,Annonaceae,8.051.338.130.064,867.139.073.634,10.0,18.18,10.12,20150818,False,O,10.62,10.62,feldpausch_regional,0.18,default,2.0,10.36,10.9,10.0,False,O,18.18,measured,10.36,18.65092479525422,0.6,31.033,31.033,31.033,34.0915,34.0915,34.0915,unknown,
FN_A01,29,Endlicheria ruforamula,Lauraceae,8.051.330.371.744,867.139.496.352,16.0,21.83,14.73,20150818,False,O,14.79,14.79,feldpausch_regional,0.18,default,2.0,16.36,15.01,16.0,False,O,21.83,measured,16.36,22.162697447843698,0.5043,92.858,92.858,78.3733,98.4223,98.4223,83.0696,unknown,
FN_A01,30,Poeppigia procera,Fabaceae,80.513.008.937.616,867.139.939.598,13.4,13.84,8.36,20150818,False,O,13.08,13.08,feldpausch_regional,0.18,default,2.0,13.76,13.33,13.4,False,O,13.84,measured,13.76,14.098448397914412,0.735,42.1035,42.1035,51.3262,45.1476,45.1476,55.0371,unknown,
FN_A01,31,Neea oppositifolia,Nyctaginaceae,805.133.711.461,867.140.072.451,36.4,18.79,8.66,20150818,False,O,24.75,24.75,feldpausch_regional,0.18,default,2.0,36.76,24.89,36.4,False,O,18.79,measured,36.76,18.893898467667512,0.893,399.1013,399.1013,588.3538,409.0379,409.0379,603.0023,unknown,
FN_A01,32,Goupia glabra,Goupiaceae,8.051.360.822.872,867.140.254.608,42.5,24.88,14.4,20150818,False,O,26.93,26.93,feldpausch_regional,0.18,default,2.0,42.86,27.06,42.5,False,O,24.88,measured,42.86,24.991508212011972,0.7272,710.2739,710.2739,856.8743,725.2237,725.2237,874.9097,unknown,
FN_A01,33,,,80.513.955.379.666,8.671.401.744.525,35.7,21.66,14.65,20150818,True,O,24.48,24.48,feldpausch_regional,0.18,default,2.0,36.06,24.62,35.7,True,O,21.66,measured,36.06,21.782896959759363,0.6481,441.44,317.6614,317.6614,452.6638,325.6038,325.6038,unknown,
FN_A01,34,Pouteria gongrijpii,Sapotaceae,805.149.523.696.284,86.713.999.813.378,42.9,24.54,15.06,20150818,False,O,27.07,27.07,feldpausch_regional,0.18,default,2.0,43.26,27.19,42.9,False,O,24.54,measured,43.26,24.64856825006369,0.7994,713.7315,713.7315,944.4024,728.6018,728.6018,964.0786,unknown,
FN_A01,35,Bowdichia nitida,Fabaceae,8.051.246.141.824,867.141.461.232,38.1,29.47,20.41,20150818,False,O,25.39,25.39,feldpausch_regional,0.18,default,2.0,38.46,25.52,38.1,False,O,29.47,measured,38.46,29.623298200680253,0.8033,676.9261,676.9261,900.0029,692.9677,692.9677,921.331,unknown,
FN_A01,36,Heisteria densifrons,Olacaceae,80.512.498.389.044,8.671.416.244.262,12.7,7.07,4.5,20150818,False,O,12.6,12.6,feldpausch_regional,0.18,default,2.0,13.06,12.85,12.7,False,O,7.07,measured,13.059999999999999,7.210286802513343,0.65,19.6843,19.6843,21.2837,21.1906,21.1906,22.9124,unknown,
FN_A01,37,Guatteria schomburgkiana,Annonaceae,80.512.298.062.752,867.141.592.802,12.2,14.08,9.55,20150818,False,O,12.25,12.25,feldpausch_regional,0.18,default,2.0,12.56,12.5,12.2,False,O,14.08,measured,12.559999999999999,14.372306642385217,0.6,35.651,35.651,35.651,38.4977,38.4977,38.4977,unknown,
FN_A01,38,Pouteria gongrijpii,Sapotaceae,8.051.263.743.632,867.142.052.744,45.1,31.12,21.68,20150818,False,O,27.79,27.79,feldpausch_regional,0.18,default,2.0,45.46,27.9,45.1,False,O,31.12,measured,45.46,31.248407002158636,0.7994,992.2473,992.2473,1312.9317,1011.8249,1011.8249,1338.8365,unknown,
FN_A01,39,Ormosia excelsa,Fabaceae,80.513.602.979.548,867.141.555.564,89.0,39.59,21.44,20150818,False,O,37.46,37.46,feldpausch_regional,0.18,default,2.0,89.36,37.52,89.0,False,O,39.59,measured,89.36,39.64637399274043,0.61,4730.5695,4730.5695,4807.5048,4774.6191,4774.6191,4852.2708,unknown,
FN_A01,40,Inga alba,Fabaceae,8.051.181.568.338,867.142.714.619,14.3,18.08,12.17,20150818,False,O,13.69,13.69,feldpausch_regional,0.18,default,2.0,14.66,13.93,14.3,False,O,18.08,measured,14.66,18.393541957529017,0.5861,62.0444,62.0444,60.6422,66.232,66.232,64.7352,unknown,
FN_A01,41,Qualea paraensis,Vochysiaceae,805.133.887.344,867.141.280.432,46.2,28.82,21.36,20150818,False,O,28.14,28.14,feldpausch_regional,0.18,default,2.0,46.56,28.25,46.2,False,O,28.82,measured,46.56,28.934950076610164,0.6893,964.9463,964.9463,1104.9293,983.4915,983.4915,1126.1648,unknown,
FN_A01,42,Qualea paraensis,Vochysiaceae,8.051.397.132.642,867.142.187.679,85.7,30.28,21.49,20150818,False,O,36.96,36.96,feldpausch_regional,0.18,default,2.0,86.06,37.01,85.7,False,O,30.28,measured,86.06,30.326073237652743,0.6893,3382.5746,3382.5746,3873.2786,3415.4309,3415.4309,3910.9013,unknown,
FN_A01,43,Licania octandra,Chrysobalanaceae,805.129.593.823,867.142.565.289,37.9,27.75,13.07,20150818,False,O,25.31,25.31,feldpausch_regional,0.18,default,2.0,38.26,25.44,37.9,False,O,27.75,measured,38.26,27.89537603498442,0.825,631.8138,631.8138,862.1296,646.8719,646.8719,882.6769,unknown,
FN_A01,44,Goupia glabra,Goupiaceae,805.166.622.657,867.143.493.591,38.2,27.44,17.49,20150818,False,O,25.42,25.42,feldpausch_regional,0.18,default,2.0,38.56,25.55,38.2,False,O,27.44,measured,38.56,27.582235890522625,0.7272,634.6164,634.6164,765.6011,649.6127,649.6127,783.6927,unknown,
FN_A01,45,Tetragastris altissima,Burseraceae,8.051.348.593.248,867.142.591.444,48.8,22.85,16.52,20150818,False,O,28.93,28.93,feldpausch_regional,0.18,default,2.0,49.16,29.04,48.8,False,O,22.85,measured,49.16,22.934306867386425,0.7079,856.1091,856.1091,1006.0057,871.6076,871.6076,1024.2178,unknown,
FN_A01,46,Pouteria gongrijpii,Sapotaceae,8.051.215.419.522,867.141.927.379,41.0,27.19,16.62,20150818,False,O,26.42,26.42,feldpausch_regional,0.18,default,2.0,41.36,26.55,41.0,False,O,27.19,measured,41.36,27.318035458818276,0.7994,722.1014,722.1014,955.4772,737.9052,737.9052,976.3887,unknown,
FN_A01,47,Pouteria gongrijpii,Sapotaceae,8.051.262.987.808,867.141.068.256,38.0,25.46,15.41,20150818,False,O,25.35,25.35,feldpausch_regional,0.18,default,2.0,38.36,25.48,38.0,False,O,25.46,measured,38.36,25.592907726728672,0.7994,583.8699,583.8699,772.5707,597.7457,597.7457,790.9311,unknown,
FN_A01,48,Qualea paraensis,Vochysiaceae,8.051.314.528.314,867.141.103.427,36.3,24.7,15.92,20150818,False,O,24.71,24.71,feldpausch_regional,0.18,default,2.0,36.66,24.85,36.3,False,O,24.7,measured,36.66,24.83707842459062,0.6893,518.4067,518.4067,593.6111,531.3522,531.3522,608.4345,unknown,
FN_A01,49,Sloanea guianensis,Elaeocarpaceae,80.508.596.658.504,8.671.525.127.054,12.1,13.79,8.27,20150818,False,O,12.18,12.18,feldpausch_regional,0.18,default,2.0,12.46,12.43,12.1,False,O,13.79,measured,12.459999999999999,14.078944698809353,0.8212,34.3774,34.3774,46.6981,37.1464,37.1464,50.4595,unknown,
FN_A01,50,Schefflera morototoni,Araliaceae,805.084.617.061.328,86.715.296.287.428,18.3,18.0,13.1,20150818,False,O,16.19,16.19,feldpausch_regional,0.18,default,2.0,18.66,16.4,18.3,False,O,18.0,measured,18.66,18.234510529913145,0.4559,99.9796,99.9796,76.4763,105.1751,105.1751,80.4505,unknown,
FN_A01,51,Endlicheria ruforamula,Lauraceae,805.086.177.492.829,867.153.444.471.088,11.8,13.09,8.39,20150818,False,O,11.96,11.96,feldpausch_regional,0.18,default,2.0,12.16,12.22,11.8,False,O,13.09,measured,12.16,13.372108054023505,0.5043,31.1105,31.1105,26.2577,33.6839,33.6839,28.4296,unknown,
FN_A01,52,,,8.050.809.792.148,867.154.176.373,47.2,23.07,,20150818,True,O,28.45,28.45,feldpausch_regional,0.18,default,2.0,47.56,28.56,47.2,True,O,23.07,measured,47.56,23.15926656001483,0.6481,809.7108,584.6775,584.6775,824.9131,595.5086,595.5086,unknown,
FN_A01,53,Endlicheria ruforamula,Lauraceae,805.079.747.040.976,86.715.458.739.676,19.5,16.31,10.28,20150818,False,O,16.88,16.88,feldpausch_regional,0.18,default,2.0,19.86,17.09,19.5,False,O,16.31,measured,19.86,16.507111423277763,0.5043,102.7929,102.7929,86.7585,107.7862,107.7862,90.9729,unknown,
FN_A01,54,Tetragastris altissima,Burseraceae,805.083.471.886.005,867.154.696.588.848,12.0,14.94,10.22,20150818,False,O,12.11,12.11,feldpausch_regional,0.18,default,2.0,12.36,12.36,12.0,False,O,14.94,measured,12.36,15.255969751063855,0.7079,36.5754,36.5754,42.9794,39.5474,39.5474,46.4718,unknown,
FN_A01,55,Inga alba,Fabaceae,8.050.832.837.732,867.154.829.572,12.7,14.89,10.41,20150818,False,O,12.6,12.6,feldpausch_regional,0.18,default,2.0,13.06,12.85,12.7,False,O,14.89,measured,13.059999999999999,15.185455514769968,0.5861,40.7222,40.7222,39.8019,43.8385,43.8385,42.8478,unknown,
FN_A01,56,Inga alba,Fabaceae,80.507.907.227.912,8.671.548.124.812,13.2,21.11,13.4,20150818,False,O,12.95,12.95,feldpausch_regional,0.18,default,2.0,13.56,13.19,13.2,False,O,21.11,measured,13.559999999999999,21.51098588822642,0.5861,61.7336,61.7336,60.3385,66.2686,66.2686,64.771,unknown,
FN_A01,57,Xylopia nitida,Annonaceae,805.080.451.840.235,867.154.991.443.552,18.4,19.34,14.02,20150818,False,O,16.25,16.25,feldpausch_regional,0.18,default,2.0,18.76,16.46,18.4,False,O,19.34,measured,18.759999999999998,19.590355762426384,0.5483,108.3844,108.3844,99.2655,113.9842,113.9842,104.3942,unknown,
FN_A01,58,Inga alba,Fabaceae,805.079.259.593.296,86.715.567.016.896,15.2,21.54,17.74,20150818,False,O,14.28,14.28,feldpausch_regional,0.18,default,2.0,15.56,14.51,15.2,False,O,21.54,measured,15.559999999999999,21.888297956506968,0.5861,82.9215,82.9215,81.0476,88.1679,88.1679,86.1754,unknown,
FN_A01,59,Pouteria gongrijpii,Sapotaceae,80.507.991.500.936,8.671.559.453.356,39.3,16.69,12.14,20150818,False,O,25.82,25.82,feldpausch_regional,0.18,default,2.0,39.66,25.95,39.3,False,O,16.69,measured,39.66,16.773258738669828,0.7994,412.8881,412.8881,546.3293,422.3493,422.3493,558.8484,unknown,
FN_A01,60,Pouteria gongrijpii,Sapotaceae,80.508.000.366.104,8.671.559.159.734,12.5,9.02,7.18,20150818,False,O,12.46,12.46,feldpausch_regional,0.18,default,2.0,12.86,12.71,12.5,False,O,9.02,measured,12.86,9.202210970964103,0.7994,24.2053,24.2053,32.0282,26.089,26.089,34.5207,unknown,
FN_A01,61,Goupia glabra,Goupiaceae,80.508.148.935.296,8.671.560.558.496,46.6,30.5,19.06,20150818,False,O,28.26,28.26,feldpausch_regional,0.18,default,2.0,46.96,28.37,46.6,False,O,30.5,measured,46.96,30.62017686130902,0.7272,1037.1143,1037.1143,1251.1746,1056.8599,1056.8599,1274.9956,unknown,
FN_A01,62,Trattinnickia burserifolia,Burseraceae,805.077.230.709.824,86.715.648.421.824,15.6,13.59,9.49,20150818,False,O,14.54,14.54,feldpausch_regional,0.18,default,2.0,15.96,14.76,15.6,False,O,13.59,measured,15.959999999999999,13.803267590378873,0.46,55.6496,55.6496,42.9376,59.0749,59.0749,45.5805,unknown,
FN_A01,63,Schefflera morototoni,Araliaceae,80.507.423.159.624,8.671.564.272.174,21.7,21.48,17.59,20150818,False,O,18.1,18.1,feldpausch_regional,0.18,default,2.0,22.06,18.29,21.7,False,O,21.48,measured,22.06,21.70839832084523,0.4559,165.6897,165.6897,126.7394,172.8731,172.8731,132.2341,unknown,
FN_A01,64,Casearia grandiflora,Salicaceae,8.050.736.448.468,867.156.622.943,16.8,21.78,16.12,20150818,False,O,15.29,15.29,feldpausch_regional,0.18,default,2.0,17.16,15.51,16.8,False,O,21.78,measured,17.16,22.09365258053191,0.77,101.9081,101.9081,130.0015,107.7069,107.7069,137.3988,unknown,
FN_A01,65,Qualea paraensis,Vochysiaceae,805.107.526.938.128,86.715.757.595.928,49.2,25.87,19.04,20150818,False,O,29.05,29.05,feldpausch_regional,0.18,default,2.0,49.56,29.15,49.2,False,O,25.87,measured,49.56,25.964337296919854,0.6893,981.8969,981.8969,1124.3389,999.5147,999.5147,1144.5125,unknown,
FN_A01,66,Dipteryx odorata,Fabaceae,80.511.000.180.808,8.671.578.640.308,80.0,30.22,14.37,20150818,False,O,36.02,36.02,feldpausch_regional,0.18,default,2.0,80.36,36.08,80.0,False,O,30.22,measured,80.36,30.27175041712855,0.9228,2951.6152,2951.6152,4492.6869,2982.5742,2982.5742,4539.81,unknown,
FN_A01,67,Vochysia guianensis,Vochysiaceae,8.051.206.094.684,867.157.212.484,44.8,22.28,13.5,20150818,False,O,27.69,27.69,feldpausch_regional,0.18,default,2.0,45.16,27.81,44.8,False,O,22.28,measured,45.16,22.372795783536656,0.5087,706.8391,706.8391,601.6607,720.8872,720.8872,613.6184,unknown,
FN_A01,68,Tetragastris altissima,Burseraceae,8.051.092.433.092,867.156.769.262,70.3,32.81,20.92,20150818,False,O,34.21,34.21,feldpausch_regional,0.18,default,2.0,70.66,34.29,70.3,False,O,32.81,measured,70.66,32.87956109954774,0.7079,2485.0754,2485.0754,2920.1884,2515.1704,2515.1704,2955.5527,unknown,
FN_A01,69,Qualea paraensis,Vochysiaceae,8.051.050.392.732,867.156.752.132,65.8,34.39,11.57,20150818,False,O,33.27,33.27,feldpausch_regional,0.18,default,2.0,66.16,33.35,65.8,False,O,34.39,measured,66.16,34.47101671369375,0.6893,2286.6276,2286.6276,2618.3445,2316.4253,2316.4253,2652.4649,unknown,
FN_A01,70,Pouteria gongrijpii,Sapotaceae,80.512.344.449.664,8.671.560.078.464,38.5,18.47,11.73,20150818,False,O,25.53,25.53,feldpausch_regional,0.18,default,2.0,38.86,25.66,38.5,False,O,18.47,measured,38.86,18.564735944015176,0.7994,437.8766,437.8766,579.3939,448.1366,448.1366,592.9698,unknown,
FN_A01,71,,,80.511.057.024.457,867.153.908.008.296,38.0,9.8,,20150818,True,O,25.35,25.35,feldpausch_regional,0.18,default,2.0,38.36,25.48,38.0,True,O,9.8,measured,38.36,9.8511585122522,0.6481,229.9508,188.1263,188.1263,235.4156,192.526,192.526,unknown,
FN_A01,72,Ormosia excelsa,Fabaceae,80.510.347.000.564,8.671.534.883.684,85.0,36.35,23.55,20150818,False,O,36.85,36.85,feldpausch_regional,0.18,default,2.0,85.36,36.9,85.0,False,O,36.35,measured,85.36,36.40610339891178,0.61,3978.6775,3978.6775,4043.3845,4017.6797,4017.6797,4083.0209,unknown,
FN_A01,73,Quiina florida,Ochnaceae,80.504.086.696.072,86.716.665.577.698,13.1,10.63,5.83,20150818,False,O,12.88,12.88,feldpausch_regional,0.18,default,2.0,13.46,13.13,13.1,False,O,10.63,measured,13.459999999999999,10.833663574614363,0.728,31.1366,31.1366,37.6041,33.4424,33.4424,40.3889,unknown,
FN_A01,74,Qualea paraensis,Vochysiaceae,80.504.096.029.666,86.716.665.824.269,14.8,17.14,11.07,20150818,False,O,14.02,14.02,feldpausch_regional,0.18,default,2.0,15.16,14.25,14.8,False,O,17.14,measured,15.16,17.42577311415192,0.6893,62.9805,62.9805,72.117,67.0794,67.0794,76.8105,unknown,
FN_A01,75,Endlicheria ruforamula,Lauraceae,80.504.161.404.256,86.716.679.561.934,11.4,,,20150818,False,O,11.67,11.67,feldpausch_regional,0.18,default,2.0,11.76,11.93,11.4,False,O,11.67,feldpausch,11.76,11.931391499802181,0.5043,26.0016,26.0016,21.9457,28.2323,28.2323,23.8284,unknown,
FN_A01,76,Pouteria gongrijpii,Sapotaceae,805.037.975.821.744,867.166.669.192.616,14.2,15.32,9.65,20150818,False,O,13.62,13.62,feldpausch_regional,0.18,default,2.0,14.56,13.86,14.2,False,O,15.32,measured,14.559999999999999,15.587816180225856,0.7994,52.0643,52.0643,68.891,55.6045,55.6045,73.5753,unknown,
FN_A01,77,Inga alba,Fabaceae,805.039.098.291.184,867.166.938.818.776,10.4,12.15,8.42,20150818,False,O,10.93,10.93,feldpausch_regional,0.18,default,2.0,10.76,11.2,10.4,False,O,12.15,measured,10.76,12.451378758763449,0.5861,22.6077,22.6077,22.0968,24.7452,24.7452,24.186,unknown,
FN_A01,78,Inga alba,Fabaceae,80.503.670.776.548,86.716.689.495.472,14.8,14.53,8.21,20150818,False,O,14.02,14.02,feldpausch_regional,0.18,default,2.0,15.16,14.25,14.8,False,O,14.53,measured,15.16,14.772256904820734,0.5861,53.6022,53.6022,52.3909,57.0907,57.0907,55.8005,unknown,
FN_A01,79,Esenbeckia febrifuga,Rutaceae,80.503.563.178.448,86.716.766.574.272,15.5,15.61,8.78,20150818,False,O,14.47,14.47,feldpausch_regional,0.18,default,2.0,15.86,14.7,15.5,False,O,15.61,measured,15.86,15.856791662128812,1.0485,62.9143,62.9143,108.4797,66.8133,66.8133,115.2025,unknown,
FN_A01,80,Dipteryx odorata,Fabaceae,805.040.682.711.559,867.168.237.223.839,57.1,14.04,6.06,20150818,False,O,31.21,31.21,feldpausch_regional,0.18,default,2.0,57.46,31.31,57.1,False,O,14.04,measured,57.46,14.081137475245818,0.9228,723.1771,723.1771,1100.7561,734.1974,734.1974,1117.5301,unknown,
FN_A01,81,Jacaranda copaia,Bignoniaceae,80.503.315.865.104,86.716.839.920.256,15.7,14.92,11.87,20150818,False,O,14.6,14.6,feldpausch_regional,0.18,default,2.0,16.06,14.83,15.7,False,O,14.92,measured,16.06,15.152418226441336,0.3507,61.7242,61.7242,36.5424,65.4977,65.4977,38.7764,unknown,
FN_A01,82,Schefflera morototoni,Araliaceae,805.031.989.140.048,867.168.446.567.072,15.7,19.66,14.36,20150818,False,O,14.6,14.6,feldpausch_regional,0.18,default,2.0,16.06,14.83,15.7,False,O,19.66,measured,16.06,19.966256188460903,0.4559,80.7968,80.7968,61.8031,85.7365,85.7365,65.5815,unknown,
FN_A01,83,,,805.030.878.209.424,867.168.776.389.136,20.2,20.44,15.39,20150818,True,O,17.28,17.28,feldpausch_regional,0.18,default,2.0,20.56,17.48,20.2,True,O,20.44,measured,20.56,20.676860115562654,0.6481,137.2574,96.9919,96.9919,143.6795,101.4313,101.4313,unknown,
FN_A01,84,Inga sp.,Fabaceae,80.503.084.735.024,86.716.878.555.086,17.4,9.51,,20150818,False,O,15.65,15.65,feldpausch_regional,0.18,default,2.0,17.76,15.87,17.4,False,O,9.51,measured,17.759999999999998,9.64145618438642,0.5786,48.609,48.609,46.913,51.2739,51.2739,49.4849,unknown,
FN_A01,85,Jacaranda copaia,Bignoniaceae,8.050.343.726.076,8.671.689.363.814,20.1,10.57,6.54,20150818,False,O,17.22,17.22,feldpausch_regional,0.18,default,2.0,20.46,17.42,20.1,False,O,10.57,measured,20.46,10.693213777201237,0.3507,71.4162,71.4162,42.2803,74.7753,74.7753,44.269,unknown,
FN_A01,86,,,805.030.936.065.568,867.168.938.769.152,12.5,9.21,,20150818,True,O,12.46,12.46,feldpausch_regional,0.18,default,2.0,12.86,12.71,12.5,True,O,9.21,measured,12.86,9.396049117802594,0.6481,24.7028,19.3483,19.3483,26.6252,20.8166,20.8166,unknown,
FN_A01,87,,,805.030.353.603.296,867.168.932.138.444,19.0,8.03,,20150818,True,O,16.6,16.6,feldpausch_regional,0.18,default,2.0,19.36,16.8,19.0,True,O,8.03,measured,19.36,8.130081522219578,0.6481,48.9317,39.9599,39.9599,51.3751,41.911,41.911,unknown,
FN_A01,88,Inga sp.,Fabaceae,805.032.821.632.515,867.169.335.336.973,14.8,22.29,11.41,20150818,False,O,14.02,14.02,feldpausch_regional,0.18,default,2.0,15.16,14.25,14.8,False,O,22.29,measured,15.16,22.6616384314146,0.5786,81.3892,81.3892,78.5495,86.6862,86.6862,83.6616,unknown,
FN_A01,89,Qualea paraensis,Vochysiaceae,805.030.282.626.817,867.169.282.009.926,23.6,14.33,8.25,20150818,False,O,19.1,19.1,feldpausch_regional,0.18,default,2.0,23.96,19.28,23.6,False,O,14.33,measured,23.96,14.467596031498768,0.6893,131.4865,131.4865,150.561,136.6991,136.6991,156.5298,unknown,
FN_A01,90,Inga alba,Fabaceae,80.502.697.581.744,86.717.023.285.216,10.0,14.53,8.55,20150818,False,O,10.62,10.62,feldpausch_regional,0.18,default,2.0,10.36,10.9,10.0,False,O,14.53,measured,10.36,14.906377187846195,0.5861,24.9363,24.9363,24.3728,27.3939,27.3939,26.7748,unknown,
FN_A01,91,Bellucia grossularioides,Melastomataceae,80.502.602.930.904,86.717.081.057.256,21.2,18.62,14.53,20150818,False,O,17.83,17.83,feldpausch_regional,0.18,default,2.0,21.56,18.02,21.2,False,O,18.62,measured,21.56,18.823628454348214,0.5975,137.7109,137.7109,137.1509,143.8313,143.8313,143.2464,unknown,
FN_A01,92,Nectandra cuspidata,Lauraceae,80.502.762.843.856,86.717.093.013.834,11.0,16.96,11.26,20150818,False,O,11.38,11.38,feldpausch_regional,0.18,default,2.0,11.36,11.64,11.0,False,O,16.96,measured,11.36,17.35530467573387,0.518,34.9284,34.9284,30.2614,38.0404,38.0404,32.9576,unknown,
FN_A01,93,Tetragastris altissima,Burseraceae,8.050.748.287.732,8.671.689.472.348,73.1,34.7,21.08,20150818,False,O,34.77,34.77,feldpausch_regional,0.18,default,2.0,73.46,34.84,73.1,False,O,34.7,measured,73.46,34.76904647797481,0.7079,2832.6243,2832.6243,3328.5898,2865.4725,2865.4725,3367.1894,unknown,
FN_A01,94,Ormosia excelsa,Fabaceae,80.503.367.029.304,86.717.033.135.156,60.0,38.29,26.25,20150818,False,O,31.94,31.94,feldpausch_regional,0.18,default,2.0,60.36,32.02,60.0,False,O,38.29,measured,60.36,38.39407979703466,0.61,2120.8173,2120.8173,2155.309,2151.4195,2151.4195,2186.409,unknown,
