site,tree_id,scientific_name,family_name,utm_easting,utm_northing,wsd,dbh,date,dead,type,plot_id,htot_feldpausch,htot_estimated,htot_estimation_method,dbh_incr_cm_yr,dbh_incr_source,gap_anos,dbh_lidar,htot_estimated_gap,dbh_used,dead_used,type_used,htot_used,htot_source,dbh_used_gap,htot_used_gap,rho_w_m3,iagc_m1_kgC,iagc_m2_kgC,iagc_m3_kgC,iagc_m1_kgC_gap,iagc_m2_kgC_gap,iagc_m3_kgC_gap,quadra_id
JAM_A02,8,Vochysia guianensis,Vochysiaceae,498887.0032,8990912.63,0.51,26.1,20131217.0,A,O,0,20.34,20.34,feldpausch_regional,0.18,default,0.0,26.1,20.34,26.1,True,O,20.34,feldpausch,26.1,20.34,0.5087,225.2649,161.2767,161.2767,225.2649,161.2767,161.2767,24
JAM_A02,55,Tachigali myrmecophila,Fabaceae,498881.9628,8990488.091,0.53,16.7,20131217.0,A,O,0,15.22,15.22,feldpausch_regional,0.18,default,0.0,16.7,15.22,16.7,True,O,15.22,feldpausch,16.7,15.22,0.476,70.997,52.0844,52.0844,70.997,52.0844,52.0844,25
JAM_A02,63,,,498881.4822,8990469.582,,30.3,20131217.0,D,O,0,22.26,22.26,feldpausch_regional,0.18,default,0.0,30.3,22.26,30.3,False,O,22.26,feldpausch,30.3,22.26,0.6306,329.1708,329.1708,345.5365,329.1708,329.1708,345.5365,25
JAM_A02,50,Eschweilera coriacea,Lecythidaceae,498982.394,8990052.203,0.85,11.1,20131216.0,A,O,0,11.45,11.45,feldpausch_regional,0.18,default,0.0,11.1,11.45,11.1,True,O,11.45,feldpausch,11.1,11.45,0.8521,24.2284,18.2309,18.2309,24.2284,18.2309,18.2309,28
JAM_A02,10,Tetragastris panamensis,Burseraceae,499726.3186,8990357.19,0.73,25.9,20131219.0,A,O,0,20.24,20.24,feldpausch_regional,0.18,default,0.0,25.9,20.24,25.9,True,O,20.24,feldpausch,25.9,20.24,0.7173,220.8428,158.1755,158.1755,220.8428,158.1755,158.1755,19
JAM_A02,33,Virola sebifera,Myristicaceae,499726.2947,8990208.088,0.45,17.8,20131219.0,A,O,0,15.89,15.89,feldpausch_regional,0.18,default,0.0,17.8,15.89,17.8,True,O,15.89,feldpausch,17.8,15.89,0.4454,83.8644,61.2941,61.2941,83.8644,61.2941,61.2941,36
JAM_A02,34,Xylopia sp.,Annonaceae,499725.0251,8990204.464,0.57,15.1,20131219.0,A,O,0,14.21,14.21,feldpausch_regional,0.18,default,0.0,15.1,14.21,15.1,True,O,14.21,feldpausch,15.1,14.21,0.5959,54.5451,40.2564,40.2564,54.5451,40.2564,40.2564,36
JAM_A02,19,Sacoglottis guianensis,Humiriaceae,498877.6725,8988970.265,0.84,18.6,20131217.0,A,O,0,16.36,16.36,feldpausch_regional,0.18,default,0.0,18.6,16.36,18.6,True,O,16.36,feldpausch,18.6,16.36,0.8359,94.0161,68.5425,68.5425,94.0161,68.5425,68.5425,30
JAM_A02,1,Nectandra cuspidata,Lauraceae,498887.2825,8990933.628,0.56,28.9,20131217.0,A,l,0,21.64,21.64,feldpausch_regional,0.18,default,0.0,28.9,21.64,28.9,True,L,21.64,feldpausch,28.9,21.64,0.518,291.9741,208.0154,208.0154,291.9741,208.0154,208.0154,24
JAM_A02,2,Apuleia leiocarpa,Fabaceae,498869.9919,8990930.248,0.77,58.0,20131217.0,A,O,0,31.44,31.44,feldpausch_regional,0.18,default,0.0,58.0,31.44,58.0,True,O,31.44,feldpausch,58.0,31.44,0.7992,1637.6274,1137.2506,1137.2506,1637.6274,1137.2506,1137.2506,23
JAM_A02,6a,Bagassa guianensis,Moraceae,498877.7839,8990916.5,0.71,67.0,20131217.0,A,O,0,33.53,33.53,feldpausch_regional,0.18,default,0.0,67.0,33.53,67.0,True,O,33.53,feldpausch,67.0,33.53,0.7087,2310.9037,1599.6086,1599.6086,2310.9037,1599.6086,1599.6086,23
JAM_A02,3,Helicostylis sp.,Moraceae,498878.7529,8990914.407,0.65,39.6,20131217.0,A,O,0,25.93,25.93,feldpausch_regional,0.18,default,0.0,39.6,25.93,39.6,True,O,25.93,feldpausch,39.6,25.93,0.643,644.2181,452.8353,452.8353,644.2181,452.8353,452.8353,23
JAM_A02,4,Copaifera reticulata,Fabaceae,498884.7798,8990917.845,0.61,35.0,20131217.0,A,O,0,24.21,24.21,feldpausch_regional,0.18,default,0.0,35.0,24.21,35.0,True,O,24.21,feldpausch,35.0,24.21,0.6075,473.4351,334.4285,334.4285,473.4351,334.4285,334.4285,24
JAM_A02,5,Rinorea passoura,Violaceae,498884.7771,8990917.645,0.68,10.8,20131217.0,A,O,0,11.23,11.23,feldpausch_regional,0.18,default,0.0,10.8,11.23,10.8,True,O,11.23,feldpausch,10.8,11.23,0.6705,22.5359,16.987,16.987,22.5359,16.987,16.987,24
JAM_A02,6,Attalea speciosa,Arecaceae,498887.0763,8990918.13,0.33,23.5,20131217.0,A,P,0,19.05,19.05,feldpausch_regional,0.18,default,0.0,23.5,19.05,23.5,True,P,19.05,feldpausch,23.5,19.05,0.326,172.1721,,,172.1721,,,24
JAM_A02,7,Tachigali myrmecophila,Fabaceae,498885.2638,8990901.781,0.53,29.0,20131217.0,A,O,0,21.68,21.68,feldpausch_regional,0.18,default,0.0,29.0,21.68,29.0,True,O,21.68,feldpausch,29.0,21.68,0.476,294.4798,209.7741,209.7741,294.4798,209.7741,209.7741,23
JAM_A02,9,Bertholletia excelsa,Lecythidaceae,498855.071,8990932.651,0.64,55.1,20131217.0,A,O,0,30.7,30.7,feldpausch_regional,0.18,default,0.0,55.1,30.7,55.1,True,O,30.7,feldpausch,55.1,30.7,0.638,1447.557,1006.5651,1006.5651,1447.557,1006.5651,1006.5651,23
JAM_A02,10,Handroanthus serratifolius,Bignoniaceae,498845.2346,8990942.586,0.64,60.8,20131217.0,A,O,0,32.13,32.13,feldpausch_regional,0.18,default,0.0,60.8,32.13,60.8,True,O,32.13,feldpausch,60.8,32.13,0.6306,1833.9409,1272.0952,1272.0952,1833.9409,1272.0952,1272.0952,23
JAM_A02,11,Apeiba echinata,Malvaceae,498843.2301,8990941.773,0.28,45.5,20131217.0,A,O,0,27.91,27.91,feldpausch_regional,0.18,default,0.0,45.5,27.91,45.5,True,O,27.91,feldpausch,45.5,27.91,0.2822,907.738,634.9124,634.9124,907.738,634.9124,634.9124,23
JAM_A02,12,Hymenolobium petraeum,Fabaceae,498841.2787,8990944.96,0.71,39.4,20131217.0,A,O,0,25.86,25.86,feldpausch_regional,0.18,default,0.0,39.4,25.86,39.4,True,O,25.86,feldpausch,39.4,25.86,0.7125,636.2016,447.2826,447.2826,636.2016,447.2826,447.2826,23
JAM_A02,13,NI,NI,498886.9065,8990785.238,0.64,12.8,20131217.0,A,O,0,12.67,12.67,feldpausch_regional,0.18,default,0.0,12.8,12.67,12.8,True,O,12.67,feldpausch,12.8,12.67,0.6306,35.3219,26.3361,26.3361,35.3219,26.3361,26.3361,32
JAM_A02,14,Eschweilera grandifolia,Lecythidaceae,498889.3023,8990785.097,0.88,13.6,20131217.0,A,O,0,13.22,13.22,feldpausch_regional,0.18,default,0.0,13.6,13.22,13.6,True,O,13.22,feldpausch,13.6,13.22,0.8314,41.4429,30.7826,30.7826,41.4429,30.7826,30.7826,32
JAM_A02,15,Cordia scabrifolia,Boraginaceae,498889.3011,8990783.606,0.47,17.9,20131217.0,A,O,0,15.95,15.95,feldpausch_regional,0.18,default,0.0,17.9,15.95,17.9,True,O,15.95,feldpausch,17.9,15.95,0.474,85.099,62.1761,62.1761,85.099,62.1761,62.1761,32
JAM_A02,16,Vataireopsis speciosa,Fabaceae,498889.4474,8990758.748,0.65,15.8,20131217.0,A,O,0,14.66,14.66,feldpausch_regional,0.18,default,0.0,15.8,14.66,15.8,True,O,14.66,feldpausch,15.8,14.66,0.65,61.4308,45.2138,45.2138,61.4308,45.2138,45.2138,32
JAM_A02,17,Hymenolobium petraeum,Fabaceae,498887.4903,8990758.268,0.71,26.5,20131217.0,A,O,0,20.53,20.53,feldpausch_regional,0.18,default,0.0,26.5,20.53,26.5,True,O,20.53,feldpausch,26.5,20.53,0.7125,234.1684,167.5272,167.5272,234.1684,167.5272,167.5272,32
JAM_A02,90a,Apeiba echinata,Malvaceae,498885.7831,8990753.995,0.28,37.9,20131217.0,A,O,0,25.31,25.31,feldpausch_regional,0.18,default,0.0,37.9,25.31,37.9,True,O,25.31,feldpausch,37.9,25.31,0.2822,577.534,406.6594,406.6594,577.534,406.6594,406.6594,22
JAM_A02,89a,Tachigali alba,Fabaceae,498884.8177,8990753.555,0.56,38.0,20131217.0,A,O,0,25.35,25.35,feldpausch_regional,0.18,default,0.0,38.0,25.35,38.0,True,O,25.35,feldpausch,38.0,25.35,0.5573,581.4077,409.3367,409.3367,581.4077,409.3367,409.3367,22
JAM_A02,18,Couratari stellata,Lecythidaceae,498891.2735,8990753.671,0.63,11.0,20131217.0,A,O,0,11.38,11.38,feldpausch_regional,0.18,default,0.0,11.0,11.38,11.0,True,O,11.38,feldpausch,11.0,11.38,0.6331,23.6621,17.8143,17.8143,23.6621,17.8143,17.8143,32
JAM_A02,19,Attalea speciosa,Arecaceae,498890.5735,8990752.221,0.33,31.0,20131217.0,A,P,0,22.56,22.56,feldpausch_regional,0.18,default,0.0,31.0,22.56,31.0,True,P,22.56,feldpausch,31.0,22.56,0.326,348.7046,,,348.7046,,,32
JAM_A02,20,Tachigali alba,Fabaceae,498891.4247,8990751.376,0.56,15.0,20131217.0,A,O,0,14.15,14.15,feldpausch_regional,0.18,default,0.0,15.0,14.15,15.0,True,O,14.15,feldpausch,15.0,14.15,0.5573,53.6203,39.5877,39.5877,53.6203,39.5877,39.5877,32
JAM_A02,21,Copaifera reticulata,Fabaceae,498888.0097,8990750.385,0.61,13.3,20131217.0,A,O,0,13.02,13.02,feldpausch_regional,0.18,default,0.0,13.3,13.02,13.3,True,O,13.02,feldpausch,13.3,13.02,0.6075,39.0912,29.0747,29.0747,39.0912,29.0747,29.0747,32
JAM_A02,26a,Tachigali myrmecophila,Fabaceae,498880.463,8990759.279,0.53,53.0,20131217.0,A,O,0,30.13,30.13,feldpausch_regional,0.18,default,0.0,53.0,30.13,53.0,True,O,30.13,feldpausch,53.0,30.13,0.476,1317.4991,917.1334,917.1334,1317.4991,917.1334,917.1334,22
JAM_A02,22,NI,NI,498864.4251,8990761.221,0.64,49.5,20131217.0,A,O,0,29.14,29.14,feldpausch_regional,0.18,default,0.0,49.5,29.14,49.5,True,O,29.14,feldpausch,49.5,29.14,0.6306,1116.0196,778.4349,778.4349,1116.0196,778.4349,778.4349,22
JAM_A02,23,Tetragastris panamensis,Burseraceae,498857.8318,8990755.646,0.73,36.7,20131217.0,A,O,0,24.86,24.86,feldpausch_regional,0.18,default,0.0,36.7,24.86,36.7,True,O,24.86,feldpausch,36.7,24.86,0.7173,532.9641,375.7608,375.7608,532.9641,375.7608,375.7608,22
JAM_A02,24,,,498850.9097,8990755.061,,70.0,20131217.0,D,O,0,34.15,34.15,feldpausch_regional,0.18,default,0.0,70.0,34.15,70.0,False,O,34.15,feldpausch,70.0,34.15,0.6306,2562.6034,2562.6034,2690.0112,2562.6034,2562.6034,2690.0112,22
JAM_A02,25,NI,NI,498869.9545,8990767.852,0.64,43.5,20131217.0,A,O,0,27.27,27.27,feldpausch_regional,0.18,default,0.0,43.5,27.27,43.5,True,O,27.27,feldpausch,43.5,27.27,0.6306,812.8687,569.4144,569.4144,812.8687,569.4144,569.4144,22
JAM_A02,26,,,498858.8421,8990770.496,,36.2,20131217.0,D,O,0,24.67,24.67,feldpausch_regional,0.18,default,0.0,36.2,24.67,36.2,False,O,24.67,feldpausch,36.2,24.67,0.6306,515.0115,515.0115,540.6169,515.0115,515.0115,540.6169,22
JAM_A02,27,Helicostylis sp.,Moraceae,498867.6413,8990787.867,0.65,46.3,20131217.0,A,O,0,28.17,28.17,feldpausch_regional,0.18,default,0.0,46.3,28.17,46.3,True,O,28.17,feldpausch,46.3,28.17,0.643,947.691,662.4408,662.4408,947.691,662.4408,662.4408,22
JAM_A02,28,,,498865.5133,8990789.981,,54.6,20131217.0,D,O,0,30.56,30.56,feldpausch_regional,0.18,default,0.0,54.6,30.56,54.6,False,O,30.56,feldpausch,54.6,30.56,0.6306,1415.6973,1415.6973,1486.0831,1415.6973,1415.6973,1486.0831,22
JAM_A02,29,Pouteria gongrijpii,Sapotaceae,498861.9925,8990798.141,0.8,57.8,20131217.0,A,O,0,31.39,31.39,feldpausch_regional,0.18,default,0.0,57.8,31.39,57.8,True,O,31.39,feldpausch,57.8,31.39,0.7994,1624.0977,1127.9515,1127.9515,1624.0977,1127.9515,1127.9515,22
JAM_A02,30,Eschweilera grandifolia,Lecythidaceae,498852.2729,8990794.739,0.88,70.4,20131217.0,A,O,0,34.23,34.23,feldpausch_regional,0.18,default,0.0,70.4,34.23,70.4,True,O,34.23,feldpausch,70.4,34.23,0.8314,2597.1896,1796.1791,1796.1791,2597.1896,1796.1791,1796.1791,22
JAM_A02,31,Helicostylis sp.,Moraceae,498856.3196,8990778.597,0.65,40.5,20131217.0,A,O,0,26.25,26.25,feldpausch_regional,0.18,default,0.0,40.5,26.25,40.5,True,O,26.25,feldpausch,40.5,26.25,0.643,681.2133,478.4288,478.4288,681.2133,478.4288,478.4288,22
JAM_A02,32,,,498854.3801,8990645.819,,51.6,20131217.0,D,O,0,29.74,29.74,feldpausch_regional,0.18,default,0.0,51.6,29.74,51.6,False,O,29.74,feldpausch,51.6,29.74,0.6306,1234.6211,1234.6211,1296.0041,1234.6211,1234.6211,1296.0041,21
JAM_A02,33,NI,NI,498857.369,8990646.076,0.64,50.7,20131217.0,A,O,0,29.48,29.48,feldpausch_regional,0.18,default,0.0,50.7,29.48,50.7,True,O,29.48,feldpausch,50.7,29.48,0.6306,1182.7557,824.4207,824.4207,1182.7557,824.4207,824.4207,21
JAM_A02,36a,Copaifera reticulata,Fabaceae,498865.37,8990645.763,0.61,58.2,20131217.0,A,O,0,31.49,31.49,feldpausch_regional,0.18,default,0.0,58.2,31.49,58.2,True,O,31.49,feldpausch,58.2,31.49,0.6075,1651.2273,1146.5967,1146.5967,1651.2273,1146.5967,1146.5967,21
JAM_A02,34,Helicostylis sp.,Moraceae,498882.9887,8990641.268,0.65,11.2,20131217.0,A,O,0,11.53,11.53,feldpausch_regional,0.18,default,0.0,11.2,11.53,11.2,True,O,11.53,feldpausch,11.2,11.53,0.643,24.8245,18.6669,18.6669,24.8245,18.6669,18.6669,33
JAM_A02,35,Manilkara huberi,Sapotaceae,498879.685,8990634.971,0.93,34.0,20131217.0,A,O,0,23.81,23.81,feldpausch_regional,0.18,default,0.0,34.0,23.81,34.0,True,O,23.81,feldpausch,34.0,23.81,0.9214,440.1743,311.3196,311.3196,440.1743,311.3196,311.3196,33
JAM_A02,36,NI,NI,498880.8157,8990630.658,0.64,12.2,20131217.0,A,O,0,12.25,12.25,feldpausch_regional,0.18,default,0.0,12.2,12.25,12.2,True,O,12.25,feldpausch,12.2,12.25,0.6306,31.1212,23.2742,23.2742,31.1212,23.2742,23.2742,33
JAM_A02,37,Theobroma glaucum,Malvaceae,498884.1952,8990627.943,0.53,10.4,20131217.0,A,O,0,10.93,10.93,feldpausch_regional,0.18,default,0.0,10.4,10.93,10.4,True,O,10.93,feldpausch,10.4,10.93,0.5297,20.3893,15.407,15.407,20.3893,15.407,15.407,33
JAM_A02,38,Sacoglottis guianensis,Humiriaceae,498880.9562,8990626.061,0.84,12.2,20131217.0,A,O,0,12.25,12.25,feldpausch_regional,0.18,default,0.0,12.2,12.25,12.2,True,O,12.25,feldpausch,12.2,12.25,0.8359,31.1212,23.2742,23.2742,31.1212,23.2742,23.2742,33
JAM_A02,39,Couepia racemosa,Chrysobalanaceae,498882.145,8990619.849,0.79,20.5,20131217.0,A,O,0,17.45,17.45,feldpausch_regional,0.18,default,0.0,20.5,17.45,20.5,True,O,17.45,feldpausch,20.5,17.45,0.7861,121.0589,87.772,87.772,121.0589,87.772,87.772,33
JAM_A02,40,Tetragastris altissima,Burseraceae,498879.3486,8990613.295,0.71,49.5,20131217.0,A,O,0,29.14,29.14,feldpausch_regional,0.18,default,0.0,49.5,29.14,49.5,True,O,29.14,feldpausch,49.5,29.14,0.7079,1116.0196,778.4349,778.4349,1116.0196,778.4349,778.4349,21
JAM_A02,41,Fusaea longifolia,Annonaceae,498880.9768,8990602.511,0.74,21.0,20131217.0,A,O,0,17.72,17.72,feldpausch_regional,0.18,default,0.0,21.0,17.72,21.0,True,O,17.72,feldpausch,21.0,17.72,0.7427,128.8052,93.2699,93.2699,128.8052,93.2699,93.2699,33
JAM_A02,42,Tachigali myrmecophila,Fabaceae,498881.0531,8990600.013,0.53,29.8,20131217.0,A,O,0,22.04,22.04,feldpausch_regional,0.18,default,0.0,29.8,22.04,29.8,True,O,22.04,feldpausch,29.8,22.04,0.476,315.577,224.5118,224.5118,315.577,224.5118,224.5118,33
JAM_A02,43,NI,NI,498883.7584,8990599.745,0.64,30.0,20131217.0,A,O,0,22.13,22.13,feldpausch_regional,0.18,default,0.0,30.0,22.13,30.0,True,O,22.13,feldpausch,30.0,22.13,0.6306,320.9987,228.2952,228.2952,320.9987,228.2952,228.2952,33
JAM_A02,44,Aspidosperma spruceanum,Apocynaceae,498877.6737,8990602.728,0.75,62.9,20131217.0,A,O,0,32.62,32.62,feldpausch_regional,0.18,default,0.0,62.9,32.62,62.9,True,O,32.62,feldpausch,62.9,32.62,0.7533,1988.7816,1378.4488,1378.4488,1988.7816,1378.4488,1378.4488,21
JAM_A02,45,Symphonia globulifera,Clusiaceae,498868.2181,8990617.948,0.6,48.2,20131217.0,A,O,0,28.75,28.75,feldpausch_regional,0.18,default,0.0,48.2,28.75,48.2,True,O,28.75,feldpausch,48.2,28.75,0.6004,1045.6806,729.994,729.994,1045.6806,729.994,729.994,21
JAM_A02,39a,Minquartia guianensis,Olacaceae,498861.0759,8990622.845,0.77,38.0,20131217.0,A,O,0,25.35,25.35,feldpausch_regional,0.18,default,0.0,38.0,25.35,38.0,True,O,25.35,feldpausch,38.0,25.35,0.7867,581.4077,409.3367,409.3367,581.4077,409.3367,409.3367,21
JAM_A02,46,Vochysia guianensis,Vochysiaceae,498858.255,8990617.09,0.51,42.6,20131217.0,A,O,0,26.97,26.97,feldpausch_regional,0.18,default,0.0,42.6,26.97,42.6,True,O,26.97,feldpausch,42.6,26.97,0.5087,771.9835,541.1769,541.1769,771.9835,541.1769,541.1769,21
JAM_A02,47,Tachigali alba,Fabaceae,498847.5705,8990607.15,0.56,44.3,20131217.0,A,O,0,27.53,27.53,feldpausch_regional,0.18,default,0.0,44.3,27.53,44.3,True,O,27.53,feldpausch,44.3,27.53,0.5573,850.1423,595.1527,595.1527,850.1423,595.1527,595.1527,21
JAM_A02,49,NI,NI,498855.6021,8990605.837,0.64,43.3,20131217.0,A,O,0,27.2,27.2,feldpausch_regional,0.18,default,0.0,43.3,27.2,43.3,True,O,27.2,feldpausch,43.3,27.2,0.6306,803.5711,563.0055,563.0055,803.5711,563.0055,563.0055,21
JAM_A02,51,Castilla ulei,Moraceae,498863.6031,8990605.524,0.75,54.4,20131217.0,A,O,0,30.51,30.51,feldpausch_regional,0.18,default,0.0,54.4,30.51,54.4,True,O,30.51,feldpausch,54.4,30.51,0.5675,1403.3479,976.1824,976.1824,1403.3479,976.1824,976.1824,21
JAM_A02,52,Eschweilera parviflora,Lecythidaceae,498884.9098,8990492.947,0.89,12.3,20131217.0,A,O,0,12.32,12.32,feldpausch_regional,0.18,default,0.0,12.3,12.32,12.3,True,O,12.32,feldpausch,12.3,12.32,0.918,31.7974,23.7678,23.7678,31.7974,23.7678,23.7678,25
JAM_A02,53,Maquira sclerophylla,Moraceae,498884.5193,8990488.219,0.53,12.3,20131217.0,A,O,0,12.32,12.32,feldpausch_regional,0.18,default,0.0,12.3,12.32,12.3,True,O,12.32,feldpausch,12.3,12.32,0.5135,31.7974,23.7678,23.7678,31.7974,23.7678,23.7678,25
JAM_A02,54,Tachigali myrmecophila,Fabaceae,498883.241,8990488.255,0.53,44.2,20131217.0,A,O,0,27.5,27.5,feldpausch_regional,0.18,default,0.0,44.2,27.5,44.2,True,O,27.5,feldpausch,44.2,27.5,0.476,845.5001,591.9406,591.9406,845.5001,591.9406,591.9406,25
JAM_A02,56,Terminalia amazonia,Combretaceae,498885.1098,8990487.211,0.68,17.9,20131217.0,A,O,0,15.95,15.95,feldpausch_regional,0.18,default,0.0,17.9,15.95,17.9,True,O,15.95,feldpausch,17.9,15.95,0.6735,85.099,62.1761,62.1761,85.099,62.1761,62.1761,25
JAM_A02,57,Vochysia guianensis,Vochysiaceae,498884.5215,8990484.519,0.51,18.2,20131217.0,A,O,0,16.13,16.13,feldpausch_regional,0.18,default,0.0,18.2,16.13,18.2,True,O,16.13,feldpausch,18.2,16.13,0.5087,88.8733,64.8705,64.8705,88.8733,64.8705,64.8705,25
JAM_A02,58,Tapirira guianensis,Anacardiaceae,498882.0637,8990483.773,0.46,35.8,20131217.0,A,O,0,24.52,24.52,feldpausch_regional,0.18,default,0.0,35.8,24.52,35.8,True,O,24.52,feldpausch,35.8,24.52,0.457,500.9707,353.552,353.552,500.9707,353.552,353.552,25
JAM_A02,59,Attalea speciosa,Arecaceae,498881.0802,8990484.155,0.33,19.9,20131217.0,A,P,0,17.11,17.11,feldpausch_regional,0.18,default,0.0,19.9,17.11,19.9,True,P,17.11,feldpausch,19.9,17.11,0.326,112.066,,,112.066,,,25
JAM_A02,60,Tetragastris panamensis,Burseraceae,498885.7024,8990482.802,0.73,19.7,20131217.0,A,O,0,17.0,17.0,feldpausch_regional,0.18,default,0.0,19.7,17.0,19.7,True,O,17.0,feldpausch,19.7,17.0,0.7173,109.1885,79.3413,79.3413,109.1885,79.3413,79.3413,25
JAM_A02,61,Helicostylis sp.,Moraceae,498885.5059,8990482.638,0.65,40.6,20131217.0,A,O,0,26.28,26.28,feldpausch_regional,0.18,default,0.0,40.6,26.28,40.6,True,O,26.28,feldpausch,40.6,26.28,0.643,685.2639,481.2437,481.2437,685.2639,481.2437,481.2437,25
JAM_A02,64,Attalea speciosa,Arecaceae,498884.1409,8990463.092,0.33,29.4,20131217.0,A,P,0,21.86,21.86,feldpausch_regional,0.18,default,0.0,29.4,21.86,29.4,True,P,21.86,feldpausch,29.4,21.86,0.326,304.9111,,,304.9111,,,25
JAM_A02,65,Protium hepytaphillum ,Burseraceae,498882.2743,8990460.437,0.63,10.4,20131217.0,A,O,0,10.93,10.93,feldpausch_regional,0.18,default,0.0,10.4,10.93,10.4,True,O,10.93,feldpausch,10.4,10.93,0.5773,20.3893,15.407,15.407,20.3893,15.407,15.407,25
JAM_A02,66,Euterpe oleracea,Arecaceae,498883.4554,8990458.419,0.41,16.1,20131217.0,A,P,0,14.85,14.85,feldpausch_regional,0.18,default,0.0,16.1,14.85,16.1,True,P,14.85,feldpausch,16.1,14.85,0.3877,64.5342,,,64.5342,,,25
JAM_A02,67a,Tachigali alba,Fabaceae,498862.1138,8990466.159,0.56,62.5,20131217.0,A,O,0,32.53,32.53,feldpausch_regional,0.18,default,0.0,62.5,32.53,62.5,True,O,32.53,feldpausch,62.5,32.53,0.5573,1958.8795,1357.9002,1357.9002,1958.8795,1357.9002,1357.9002,20
JAM_A02,68,Caryocar glabrum,Caryocaraceae,498850.3215,8990454.337,0.68,70.5,20131217.0,A,O,0,34.25,34.25,feldpausch_regional,0.18,default,0.0,70.5,34.25,70.5,True,O,34.25,feldpausch,70.5,34.25,0.6536,2605.8809,1802.1463,1802.1463,2605.8809,1802.1463,1802.1463,20
JAM_A02,69,Peltogyne leicointei,Fabaceae,498839.4966,8990469.335,0.8,76.0,20131217.0,A,O,0,35.31,35.31,feldpausch_regional,0.18,default,0.0,76.0,35.31,76.0,True,O,35.31,feldpausch,76.0,35.31,0.7926,3108.5438,2147.1727,2147.1727,3108.5438,2147.1727,2147.1727,20
JAM_A02,70,NI,NI,498837.5239,8990479.698,0.64,95.0,20131217.0,A,O,0,38.31,38.31,feldpausch_regional,0.18,default,0.0,95.0,38.31,95.0,True,O,38.31,feldpausch,95.0,38.31,0.6306,5203.4313,3586.3776,3586.3776,5203.4313,3586.3776,3586.3776,20
JAM_A02,71,Couratari stellata,Lecythidaceae,498837.5265,8990475.198,0.63,38.5,20131217.0,A,O,0,25.53,25.53,feldpausch_regional,0.18,default,0.0,38.5,25.53,38.5,True,O,25.53,feldpausch,38.5,25.53,0.6331,600.5672,422.6185,422.6185,600.5672,422.6185,422.6185,20
JAM_A02,72,Dipteryx odorata,Fabaceae,498839.4841,8990490.335,0.92,41.2,20131217.0,A,O,0,26.49,26.49,feldpausch_regional,0.18,default,0.0,41.2,26.49,41.2,True,O,26.49,feldpausch,41.2,26.49,0.9228,710.6701,498.8098,498.8098,710.6701,498.8098,498.8098,20
JAM_A02,74,Inga alba,Fabaceae,498842.4271,8990501.79,0.59,48.3,20131217.0,A,O,0,28.78,28.78,feldpausch_regional,0.18,default,0.0,48.3,28.78,48.3,True,O,28.78,feldpausch,48.3,28.78,0.5861,1050.9888,733.6518,733.6518,1050.9888,733.6518,733.6518,20
JAM_A02,1,Helicostylis sp.,Moraceae,498981.5583,8990393.213,0.65,11.4,20131216.0,A,O,0,11.67,11.67,feldpausch_regional,0.18,default,0.0,11.4,11.67,11.4,True,O,11.67,feldpausch,11.4,11.67,0.643,26.0016,19.5314,19.5314,26.0016,19.5314,19.5314,26
JAM_A02,2,Apeiba echinata,Malvaceae,498981.6786,8990388.911,0.28,21.2,20131216.0,A,O,0,17.83,17.83,feldpausch_regional,0.18,default,0.0,21.2,17.83,21.2,True,O,17.83,feldpausch,21.2,17.83,0.2822,132.0055,95.5373,95.5373,132.0055,95.5373,95.5373,26
JAM_A02,3,Hymenaea intermedia,Fabaceae,498978.5911,8990384.472,0.82,48.6,20131216.0,A,O,0,28.87,28.87,feldpausch_regional,0.18,default,0.0,48.6,28.87,48.6,True,O,28.87,feldpausch,48.6,28.87,0.82,1067.0155,744.6933,744.6933,1067.0155,744.6933,744.6933,26
JAM_A02,4,NI,NI,498968.2224,8990385.377,0.64,71.0,20131216.0,A,O,0,34.35,34.35,feldpausch_regional,0.18,default,0.0,71.0,34.35,71.0,True,O,34.35,feldpausch,71.0,34.35,0.6306,2649.6071,1832.1635,1832.1635,2649.6071,1832.1635,1832.1635,18
JAM_A02,143a,NI,NI,498976.0035,8990380.023,0.64,70.0,20131216.0,A,O,0,34.15,34.15,feldpausch_regional,0.18,default,0.0,70.0,34.15,70.0,True,O,34.15,feldpausch,70.0,34.15,0.6306,2562.6034,1772.4302,1772.4302,2562.6034,1772.4302,1772.4302,18
JAM_A02,5,Brosimum rubescens,Moraceae,498982.4479,8990378.596,0.83,12.1,20131216.0,A,O,0,12.18,12.18,feldpausch_regional,0.18,default,0.0,12.1,12.18,12.1,True,O,12.18,feldpausch,12.1,12.18,0.8251,30.4544,22.7871,22.7871,30.4544,22.7871,22.7871,26
JAM_A02,6,Copaifera reticulata,Fabaceae,498979.8982,8990377.447,0.61,14.1,20131216.0,A,O,0,13.56,13.56,feldpausch_regional,0.18,default,0.0,14.1,13.56,14.1,True,O,13.56,feldpausch,14.1,13.56,0.6075,45.585,33.7821,33.7821,45.585,33.7821,33.7821,26
JAM_A02,7,Maquira sclerophylla,Moraceae,498979.2186,8990373.16,0.53,13.6,20131216.0,A,O,0,13.22,13.22,feldpausch_regional,0.18,default,0.0,13.6,13.22,13.6,True,O,13.22,feldpausch,13.6,13.22,0.5135,41.4429,30.7826,30.7826,41.4429,30.7826,30.7826,26
JAM_A02,8,Miconia surinamensis,NI,498980.1976,8990372.641,0.61,13.8,20131216.0,A,O,0,13.36,13.36,feldpausch_regional,0.18,default,0.0,13.8,13.36,13.8,True,O,13.36,feldpausch,13.8,13.36,0.6228,43.0816,31.9689,31.9689,43.0816,31.9689,31.9689,26
JAM_A02,9,Maquira sclerophylla,Moraceae,498980.4091,8990365.737,0.53,29.3,20131216.0,A,O,0,21.82,21.82,feldpausch_regional,0.18,default,0.0,29.3,21.82,29.3,True,O,21.82,feldpausch,29.3,21.82,0.5135,302.349,215.2672,215.2672,302.349,215.2672,215.2672,26
JAM_A02,10,Zygia racemosa,Fabaceae,498978.5432,8990368.974,0.75,12.5,20131216.0,A,O,0,12.46,12.46,feldpausch_regional,0.18,default,0.0,12.5,12.46,12.5,True,O,12.46,feldpausch,12.5,12.46,0.748,33.1783,24.775,24.775,33.1783,24.775,24.775,26
JAM_A02,11,Poeppigia sp.,Fabaceae,498977.2509,8990362.0,0.69,15.5,20131216.0,A,O,0,14.47,14.47,feldpausch_regional,0.18,default,0.0,15.5,14.47,15.5,True,O,14.47,feldpausch,15.5,14.47,0.735,58.4259,43.0513,43.0513,58.4259,43.0513,43.0513,18
JAM_A02,12,Hymenaea courbaril,Fabaceae,498971.3398,8990364.217,0.79,64.0,20131216.0,A,O,0,32.87,32.87,feldpausch_regional,0.18,default,0.0,64.0,32.87,64.0,True,O,32.87,feldpausch,64.0,32.87,0.7924,2072.6239,1436.0236,1436.0236,2072.6239,1436.0236,1436.0236,18
JAM_A02,13,Helicostylis sp.,Moraceae,498962.4837,8990367.792,0.65,36.3,20131216.0,A,O,0,24.71,24.71,feldpausch_regional,0.18,default,0.0,36.3,24.71,36.3,True,O,24.71,feldpausch,36.3,24.71,0.643,518.6116,365.7991,365.7991,518.6116,365.7991,365.7991,18
JAM_A02,14,Anacardium spruceanum,Anacardiaceae,498959.8186,8990375.844,0.48,39.0,20131216.0,A,O,0,25.71,25.71,feldpausch_regional,0.18,default,0.0,39.0,25.71,39.0,True,O,25.71,feldpausch,39.0,25.71,0.4792,620.1238,436.1664,436.1664,620.1238,436.1664,436.1664,18
JAM_A02,15,Qualea paraensis,Vochysiaceae,498944.6126,8990371.145,0.69,99.1,20131216.0,A,O,0,38.85,38.85,feldpausch_regional,0.18,default,0.0,99.1,38.85,99.1,True,O,38.85,feldpausch,99.1,38.85,0.6893,5728.5156,3947.559,3947.559,5728.5156,3947.559,3947.559,18
JAM_A02,16,Tachigali alba,Fabaceae,498957.4042,8990389.891,0.56,38.8,20131216.0,A,O,0,25.64,25.64,feldpausch_regional,0.18,default,0.0,38.8,25.64,38.8,True,O,25.64,feldpausch,38.8,25.64,0.5573,612.2999,430.7426,430.7426,612.2999,430.7426,430.7426,18
JAM_A02,17,Apeiba echinata,Malvaceae,498936.1576,8990384.312,0.28,38.9,20131216.0,A,O,0,25.68,25.68,feldpausch_regional,0.18,default,0.0,38.9,25.68,38.9,True,O,25.68,feldpausch,38.9,25.68,0.2822,616.3211,433.5183,433.5183,616.3211,433.5183,433.5183,18
JAM_A02,18,Glycydendron amazonicum,Euphorbiaceae,498959.4007,8990365.853,0.67,64.1,20131216.0,A,O,0,32.89,32.89,feldpausch_regional,0.18,default,0.0,64.1,32.89,64.1,True,O,32.89,feldpausch,64.1,32.89,0.6808,2080.1847,1441.2316,1441.2316,2080.1847,1441.2316,1441.2316,18
JAM_A02,19,Tachigali alba,Fabaceae,498977.0285,8990349.505,0.56,20.6,20131216.0,A,O,0,17.5,17.5,feldpausch_regional,0.18,default,0.0,20.6,17.5,20.6,True,O,17.5,feldpausch,20.6,17.5,0.5573,122.556,88.8381,88.8381,122.556,88.8381,88.8381,26
JAM_A02,20,,,498982.3657,8990243.648,,20.0,20131216.0,D,O,0,17.17,17.17,feldpausch_regional,0.18,default,0.0,20.0,17.17,20.0,False,O,17.17,feldpausch,20.0,17.17,0.6306,113.5552,113.5552,119.201,113.5552,113.5552,119.201,27
JAM_A02,20a,Tachigali alba,Fabaceae,498973.9781,8990244.163,0.56,53.2,20131216.0,A,O,0,30.18,30.18,feldpausch_regional,0.18,default,0.0,53.2,30.18,53.2,True,O,30.18,feldpausch,53.2,30.18,0.5573,1329.3709,925.3224,925.3224,1329.3709,925.3224,925.3224,17
JAM_A02,21,Virola sebifera,Myristicaceae,498978.8256,8990236.917,0.45,17.9,20131216.0,A,O,0,15.95,15.95,feldpausch_regional,0.18,default,0.0,17.9,15.95,17.9,True,O,15.95,feldpausch,17.9,15.95,0.4454,85.099,62.1761,62.1761,85.099,62.1761,62.1761,27
JAM_A02,22,Eschweilera grandifolia,Lecythidaceae,498978.7237,8990236.822,0.88,11.5,20131216.0,A,O,0,11.75,11.75,feldpausch_regional,0.18,default,0.0,11.5,11.75,11.5,True,O,11.75,feldpausch,11.5,11.75,0.8314,26.6256,19.9869,19.9869,26.6256,19.9869,19.9869,27
JAM_A02,23,Euterpe oleracea,Arecaceae,498981.0559,8990233.604,0.41,14.1,20131216.0,A,P,0,13.56,13.56,feldpausch_regional,0.18,default,0.0,14.1,13.56,14.1,True,P,13.56,feldpausch,14.1,13.56,0.3877,45.585,,,45.585,,,27
JAM_A02,24,,,498980.3484,8990233.239,,64.0,20131216.0,D,O,0,32.87,32.87,feldpausch_regional,0.18,default,0.0,64.0,32.87,64.0,False,O,32.87,feldpausch,64.0,32.87,0.6306,2072.6239,2072.6239,2175.6709,2072.6239,2072.6239,2175.6709,27
JAM_A02,25,Ormosia coccinea,Fabaceae,498982.9034,8990231.111,0.63,14.5,20131216.0,A,O,0,13.82,13.82,feldpausch_regional,0.18,default,0.0,14.5,13.82,14.5,True,O,13.82,feldpausch,14.5,13.82,0.625,49.0441,36.2853,36.2853,49.0441,36.2853,36.2853,27
JAM_A02,26,Virola elongata,Myristicaceae,498981.7049,8990231.17,0.52,13.1,20131216.0,A,O,0,12.88,12.88,feldpausch_regional,0.18,default,0.0,13.1,12.88,13.1,True,O,12.88,feldpausch,13.1,12.88,0.5233,37.5536,27.9585,27.9585,37.5536,27.9585,27.9585,27
JAM_A02,27,Tachigali alba,Fabaceae,498963.2229,8990227.081,0.56,76.0,20131216.0,A,O,0,35.31,35.31,feldpausch_regional,0.18,default,0.0,76.0,35.31,76.0,True,O,35.31,feldpausch,76.0,35.31,0.5573,3108.5438,2147.1727,2147.1727,3108.5438,2147.1727,2147.1727,17
JAM_A02,28,Cedrelinga cateniformis,Fabaceae,498936.0469,8990218.418,0.5,64.0,20131216.0,A,O,0,32.87,32.87,feldpausch_regional,0.18,default,0.0,64.0,32.87,64.0,True,O,32.87,feldpausch,64.0,32.87,0.5038,2072.6239,1436.0236,1436.0236,2072.6239,1436.0236,1436.0236,17
JAM_A02,29,Mauriri chamissoana,Melastomataceae,498967.6733,8990200.839,0.64,36.4,20131216.0,A,O,0,24.75,24.75,feldpausch_regional,0.18,default,0.0,36.4,24.75,36.4,True,O,24.75,feldpausch,36.4,24.75,0.6306,522.2278,368.3043,368.3043,522.2278,368.3043,368.3043,17
JAM_A02,37a,,,498970.5442,8990194.692,,37.8,20131216.0,D,O,0,25.28,25.28,feldpausch_regional,0.18,default,0.0,37.8,25.28,37.8,False,O,25.28,feldpausch,37.8,25.28,0.6306,573.8985,573.8985,602.4317,573.8985,573.8985,602.4317,17
JAM_A02,30,Astronium gracile,Anacardiaceae,498982.5026,8990216.719,0.73,20.0,20131216.0,A,O,0,17.17,17.17,feldpausch_regional,0.18,default,0.0,20.0,17.17,20.0,True,O,17.17,feldpausch,20.0,17.17,0.73,113.5552,82.4445,82.4445,113.5552,82.4445,82.4445,27
JAM_A02,31,Mezilaurus itauba,Lauraceae,498982.2798,8990215.629,0.72,14.4,20131216.0,A,O,0,13.76,13.76,feldpausch_regional,0.18,default,0.0,14.4,13.76,14.4,True,O,13.76,feldpausch,14.4,13.76,0.7443,48.181,35.6594,35.6594,48.181,35.6594,35.6594,27
JAM_A02,32,Tetragastris panamensis,Burseraceae,498979.604,8990216.762,0.73,10.6,20131216.0,A,O,0,11.08,11.08,feldpausch_regional,0.18,default,0.0,10.6,11.08,10.6,True,O,11.08,feldpausch,10.6,11.08,0.7173,21.4451,16.1847,16.1847,21.4451,16.1847,16.1847,27
JAM_A02,33,Theobroma subincanum,Malvaceae,498981.9279,8990213.144,0.47,11.7,20131216.0,A,O,0,11.89,11.89,feldpausch_regional,0.18,default,0.0,11.7,11.89,11.7,True,O,11.89,feldpausch,11.7,11.89,0.47,27.8572,20.8896,20.8896,27.8572,20.8896,20.8896,27
JAM_A02,34,Sloanea guianensis,Elaeocarpaceae,498979.431,8990213.268,0.82,14.6,20131216.0,A,O,0,13.89,13.89,feldpausch_regional,0.18,default,0.0,14.6,13.89,14.6,True,O,13.89,feldpausch,14.6,13.89,0.8212,49.9522,36.9399,36.9399,49.9522,36.9399,36.9399,27
JAM_A02,35,Annona exsucca,Annonaceae,498980.138,8990208.829,0.44,12.3,20131216.0,A,O,0,12.32,12.32,feldpausch_regional,0.18,default,0.0,12.3,12.32,12.3,True,O,12.32,feldpausch,12.3,12.32,0.5112,31.7974,23.7678,23.7678,31.7974,23.7678,23.7678,27
JAM_A02,36,Tachigali myrmecophila,Fabaceae,498978.4763,8990089.539,0.53,65.4,20131216.0,A,O,0,33.18,33.18,feldpausch_regional,0.18,default,0.0,65.4,33.18,65.4,True,O,33.18,feldpausch,65.4,33.18,0.476,2181.945,1511.0953,1511.0953,2181.945,1511.0953,1511.0953,15
JAM_A02,37,Bixa arborea,Bixaceae,498980.4778,8990086.021,0.37,23.7,20131216.0,A,O,0,19.15,19.15,feldpausch_regional,0.18,default,0.0,23.7,19.15,23.7,True,O,19.15,feldpausch,23.7,19.15,0.37,175.9406,126.5815,126.5815,175.9406,126.5815,126.5815,28
JAM_A02,38,Cordia scabrifolia,Boraginaceae,498982.3802,8990081.003,0.47,13.1,20131216.0,A,O,0,12.88,12.88,feldpausch_regional,0.18,default,0.0,13.1,12.88,13.1,True,O,12.88,feldpausch,13.1,12.88,0.474,37.5536,27.9585,27.9585,37.5536,27.9585,27.9585,28
JAM_A02,39,Theobroma glaucum,Malvaceae,498981.9804,8990080.507,0.53,11.9,20131216.0,A,O,0,12.03,12.03,feldpausch_regional,0.18,default,0.0,11.9,12.03,11.9,True,O,12.03,feldpausch,11.9,12.03,0.5297,29.1251,21.8178,21.8178,29.1251,21.8178,21.8178,28
JAM_A02,40,Guatteria schomburgkiana,Annonaceae,498947.9891,8990065.822,0.6,37.7,20131216.0,A,O,0,25.24,25.24,feldpausch_regional,0.18,default,0.0,37.7,25.24,37.7,True,O,25.24,feldpausch,37.7,25.24,0.6,570.0569,401.4683,401.4683,570.0569,401.4683,401.4683,15
JAM_A02,41,Vochysia guianensis,Vochysiaceae,498958.9821,8990079.22,0.51,52.8,20131216.0,A,O,0,30.07,30.07,feldpausch_regional,0.18,default,0.0,52.8,30.07,52.8,True,O,30.07,feldpausch,52.8,30.07,0.5087,1305.2699,908.7417,908.7417,1305.2699,908.7417,908.7417,15
JAM_A02,42,Pouteria gongrijpii,Sapotaceae,498958.986,8990071.22,0.8,55.0,20131216.0,A,O,0,30.67,30.67,feldpausch_regional,0.18,default,0.0,55.0,30.67,55.0,True,O,30.67,feldpausch,55.0,30.67,0.7994,1441.0575,1002.113,1002.113,1441.0575,1002.113,1002.113,15
JAM_A02,43,Aspidosperma nitidum,Apocynaceae,498948.9864,8990071.313,0.76,76.0,20131216.0,A,O,0,35.31,35.31,feldpausch_regional,0.18,default,0.0,76.0,35.31,76.0,True,O,35.31,feldpausch,76.0,35.31,0.7635,3108.5438,2147.1727,2147.1727,3108.5438,2147.1727,2147.1727,15
JAM_A02,44,Tachigali alba,Fabaceae,498939.994,8990056.396,0.56,42.4,20131216.0,A,O,0,26.9,26.9,feldpausch_regional,0.18,default,0.0,42.4,26.9,42.4,True,O,26.9,feldpausch,42.4,26.9,0.5573,762.9869,534.9689,534.9689,762.9869,534.9689,534.9689,15
JAM_A02,45,Tetragastris panamensis,Burseraceae,498949.994,8990055.303,0.73,36.0,20131216.0,A,O,0,24.6,24.6,feldpausch_regional,0.18,default,0.0,36.0,24.6,36.0,True,O,24.6,feldpausch,36.0,24.6,0.7173,508.061,358.4672,358.4672,508.061,358.4672,358.4672,15
JAM_A02,46,Cecropia engleriana,Urticaceae,498945.9947,8990054.341,0.49,35.4,20131216.0,A,O,0,24.36,24.36,feldpausch_regional,0.18,default,0.0,35.4,24.36,35.4,True,O,24.36,feldpausch,35.4,24.36,0.49,486.9811,343.8492,343.8492,486.9811,343.8492,343.8492,15
JAM_A02,47,Pseudopiptadenia suaveolens,Fabaceae,498957.9941,8990054.229,0.68,36.0,20131216.0,A,O,0,24.6,24.6,feldpausch_regional,0.18,default,0.0,36.0,24.6,36.0,True,O,24.6,feldpausch,36.0,24.6,0.6797,508.061,358.4672,358.4672,508.061,358.4672,358.4672,15
JAM_A02,53a,Tachigali myrmecophila,Fabaceae,498972.9959,8990049.09,0.53,46.1,20131216.0,A,O,0,28.1,28.1,feldpausch_regional,0.18,default,0.0,46.1,28.1,46.1,True,O,28.1,feldpausch,46.1,28.1,0.476,937.4374,655.3949,655.3949,937.4374,655.3949,655.3949,15
JAM_A02,48,Tachigali myrmecophila,Fabaceae,498978.998,8990044.035,0.53,41.0,20131216.0,A,O,0,26.42,26.42,feldpausch_regional,0.18,default,0.0,41.0,26.42,41.0,True,O,26.42,feldpausch,41.0,26.42,0.476,702.1359,492.9107,492.9107,702.1359,492.9107,492.9107,15
JAM_A02,49,Pouteria anibifolia,Sapotaceae,498983.7775,8990086.49,0.66,12.2,20131216.0,A,O,0,12.25,12.25,feldpausch_regional,0.18,default,0.0,12.2,12.25,12.2,True,O,12.25,feldpausch,12.2,12.25,0.66,31.1212,23.2742,23.2742,31.1212,23.2742,23.2742,28
JAM_A02,51,Zygia racemosa,Fabaceae,498985.0914,8989943.681,0.75,10.4,20131216.0,A,O,0,10.93,10.93,feldpausch_regional,0.18,default,0.0,10.4,10.93,10.4,True,O,10.93,feldpausch,10.4,10.93,0.748,20.3893,15.407,15.407,20.3893,15.407,15.407,34
JAM_A02,52,Licania canescens,Chrysobalanaceae,498980.9043,8989941.505,0.88,14.5,20131216.0,A,O,0,13.82,13.82,feldpausch_regional,0.18,default,0.0,14.5,13.82,14.5,True,O,13.82,feldpausch,14.5,13.82,0.88,49.0441,36.2853,36.2853,49.0441,36.2853,36.2853,34
JAM_A02,53,Astrocaryum aculeatum ,Arecaceae,498983.0811,8989939.996,0.51,18.4,20131216.0,A,P,0,16.25,16.25,feldpausch_regional,0.18,default,0.0,18.4,16.25,18.4,True,P,16.25,feldpausch,18.4,16.25,0.508,91.4488,,,91.4488,,,34
JAM_A02,54,Lecythis idatimon,Lecythidaceae,498984.8347,8989929.205,0.82,20.1,20131216.0,A,O,0,17.22,17.22,feldpausch_regional,0.18,default,0.0,20.1,17.22,20.1,True,O,17.22,feldpausch,20.1,17.22,0.7986,114.992,83.4693,83.4693,114.992,83.4693,83.4693,34
JAM_A02,55,Ocotea canaliculata,Lauraceae,498985.6885,8989926.205,0.48,22.2,20131216.0,A,O,0,18.37,18.37,feldpausch_regional,0.18,default,0.0,22.2,18.37,22.2,True,O,18.37,feldpausch,22.2,18.37,0.4793,148.7004,107.3512,107.3512,148.7004,107.3512,107.3512,34
JAM_A02,56,Bixa arborea,Bixaceae,498982.2807,8989920.531,0.37,16.9,20131216.0,A,O,0,15.35,15.35,feldpausch_regional,0.18,default,0.0,16.9,15.35,16.9,True,O,15.35,feldpausch,16.9,15.35,0.37,73.2719,53.7118,53.7118,73.2719,53.7118,53.7118,34
JAM_A02,83a,Pouteria gongrijpii,Sapotaceae,498976.2323,8989931.244,0.8,44.9,20131216.0,A,O,0,27.72,27.72,feldpausch_regional,0.18,default,0.0,44.9,27.72,44.9,True,O,27.72,feldpausch,44.9,27.72,0.7994,878.6415,614.8328,614.8328,878.6415,614.8328,614.8328,13
JAM_A02,57,Minquartia guianensis,Olacaceae,498968.0786,8989934.28,0.77,37.7,20131216.0,A,O,0,25.24,25.24,feldpausch_regional,0.18,default,0.0,37.7,25.24,37.7,True,O,25.24,feldpausch,37.7,25.24,0.7867,570.0569,401.4683,401.4683,570.0569,401.4683,401.4683,13
JAM_A02,73a,Mauriri chamissoana,Melastomataceae,498971.6941,8989941.75,0.64,48.9,20131216.0,A,O,0,28.96,28.96,feldpausch_regional,0.18,default,0.0,48.9,28.96,48.9,True,O,28.96,feldpausch,48.9,28.96,0.6306,1083.1958,755.8374,755.8374,1083.1958,755.8374,755.8374,13
JAM_A02,58,Helicostylis sp.,Moraceae,498959.9762,8989936.317,0.65,38.3,20131216.0,A,O,0,25.46,25.46,feldpausch_regional,0.18,default,0.0,38.3,25.46,38.3,True,O,25.46,feldpausch,38.3,25.46,0.643,592.9014,417.3008,417.3008,592.9014,417.3008,417.3008,13
JAM_A02,59,NI,NI,498954.8738,8989938.34,0.64,42.0,20131216.0,A,O,0,26.77,26.77,feldpausch_regional,0.18,default,0.0,42.0,26.77,42.0,True,O,26.77,feldpausch,42.0,26.77,0.6306,745.4665,522.8468,522.8468,745.4665,522.8468,522.8468,13
JAM_A02,60,Swartzia polyphylla,Fabaceae,498952.8738,8989938.35,0.69,48.4,20131216.0,A,O,0,28.81,28.81,feldpausch_regional,0.18,default,0.0,48.4,28.81,48.4,True,O,28.81,feldpausch,48.4,28.81,0.691,1056.314,737.321,737.321,1056.314,737.321,737.321,13
JAM_A02,61,,,498946.0276,8989935.388,,51.2,20131216.0,D,O,0,29.63,29.63,feldpausch_regional,0.18,default,0.0,51.2,29.63,51.2,False,O,29.63,feldpausch,51.2,29.63,0.6306,1211.6181,1211.6181,1271.8575,1211.6181,1211.6181,1271.8575,13
JAM_A02,62,,,498960.0015,8989916.349,,43.0,20131216.0,D,O,0,27.1,27.1,feldpausch_regional,0.18,default,0.0,43.0,27.1,43.0,False,O,27.1,feldpausch,43.0,27.1,0.6306,789.8946,789.8946,829.1667,789.8946,789.8946,829.1667,13
JAM_A02,63,Eschweilera coriacea,Lecythidaceae,498939.1042,8989914.456,0.85,39.5,20131216.0,A,O,0,25.89,25.89,feldpausch_regional,0.18,default,0.0,39.5,25.89,39.5,True,O,25.89,feldpausch,39.5,25.89,0.8521,640.0812,449.9826,449.9826,640.0812,449.9826,449.9826,13
JAM_A02,64,Bertholletia excelsa,Lecythidaceae,498945.3092,8989910.431,0.64,66.3,20131216.0,A,O,0,33.38,33.38,feldpausch_regional,0.18,default,0.0,66.3,33.38,66.3,True,O,33.38,feldpausch,66.3,33.38,0.638,2254.1238,1560.6242,1560.6242,2254.1238,1560.6242,1560.6242,13
JAM_A02,65,Qualea paraensis,Vochysiaceae,498940.8731,8989899.47,0.69,54.6,20131216.0,A,O,0,30.56,30.56,feldpausch_regional,0.18,default,0.0,54.6,30.56,54.6,True,O,30.56,feldpausch,54.6,30.56,0.6893,1415.6973,984.6915,984.6915,1415.6973,984.6915,984.6915,13
JAM_A02,80a,Qualea paraensis,Vochysiaceae,498977.7702,8989901.284,0.69,39.2,20131216.0,A,O,0,25.79,25.79,feldpausch_regional,0.18,default,0.0,39.2,25.79,39.2,True,O,25.79,feldpausch,39.2,25.79,0.6893,628.2487,441.7726,441.7726,628.2487,441.7726,441.7726,13
JAM_A02,66,Tachigali myrmecophila,Fabaceae,498976.4113,8989908.28,0.53,50.2,20131216.0,A,O,0,29.34,29.34,feldpausch_regional,0.18,default,0.0,50.2,29.34,50.2,True,O,29.34,feldpausch,50.2,29.34,0.476,1154.7166,805.099,805.099,1154.7166,805.099,805.099,13
JAM_A02,67,Euterpe oleracea,Arecaceae,498987.1751,8989897.243,0.41,12.3,20131216.0,A,P,0,12.32,12.32,feldpausch_regional,0.18,default,0.0,12.3,12.32,12.3,True,P,12.32,feldpausch,12.3,12.32,0.3877,31.7974,,,31.7974,,,34
JAM_A02,68,Virola elongata,Myristicaceae,498987.0163,8989904.233,0.52,12.6,20131216.0,A,O,0,12.53,12.53,feldpausch_regional,0.18,default,0.0,12.6,12.53,12.6,True,O,12.53,feldpausch,12.6,12.53,0.5233,33.8832,25.2886,25.2886,33.8832,25.2886,25.2886,34
JAM_A02,69,,,498984.4728,8989907.041,,21.9,20131216.0,D,O,0,18.21,18.21,feldpausch_regional,0.18,default,0.0,21.9,18.21,21.9,False,O,18.21,feldpausch,21.9,18.21,0.6306,143.5721,143.5721,150.7103,143.5721,143.5721,150.7103,34
JAM_A02,1,Annona exsucca,Annonaceae,499726.165,8990394.853,0.44,11.0,20131219.0,A,O,0,11.38,11.38,feldpausch_regional,0.18,default,0.0,11.0,11.38,11.0,True,O,11.38,feldpausch,11.0,11.38,0.5112,23.6621,17.8143,17.8143,23.6621,17.8143,17.8143,19
JAM_A02,2,Virola sebifera,Myristicaceae,499725.7131,8990386.099,0.45,10.1,20131219.0,A,O,0,10.7,10.7,feldpausch_regional,0.18,default,0.0,10.1,10.7,10.1,True,O,10.7,feldpausch,10.1,10.7,0.4454,18.8614,14.2803,14.2803,18.8614,14.2803,14.2803,35
JAM_A02,3,Couepia racemosa,Chrysobalanaceae,499730.2039,8990381.287,0.79,22.7,20131219.0,A,O,0,18.63,18.63,feldpausch_regional,0.18,default,0.0,22.7,18.63,22.7,True,O,18.63,feldpausch,22.7,18.63,0.7861,157.453,113.5391,113.5391,157.453,113.5391,113.5391,35
JAM_A02,4,Capirona decorticans,Rubiaceae,499728.2457,8990369.488,0.59,21.6,20131219.0,A,O,0,18.05,18.05,feldpausch_regional,0.18,default,0.0,21.6,18.05,21.6,True,O,18.05,feldpausch,21.6,18.05,0.593,138.5595,100.1764,100.1764,138.5595,100.1764,100.1764,35
JAM_A02,5,Luehea speciosa,Malvaceae,499728.789,8990368.775,0.51,20.9,20131219.0,A,O,0,17.67,17.67,feldpausch_regional,0.18,default,0.0,20.9,17.67,20.9,True,O,17.67,feldpausch,20.9,17.67,0.5766,127.2592,92.1704,92.1704,127.2592,92.1704,92.1704,35
JAM_A02,6,Copaifera reticulata,Fabaceae,499728.201,8990365.405,0.61,14.1,20131219.0,A,O,0,13.56,13.56,feldpausch_regional,0.18,default,0.0,14.1,13.56,14.1,True,O,13.56,feldpausch,14.1,13.56,0.6075,45.585,33.7821,33.7821,45.585,33.7821,33.7821,35
JAM_A02,7,Helicostylis sp.,Moraceae,499730.4678,8990361.056,0.65,27.9,20131219.0,A,O,0,21.18,21.18,feldpausch_regional,0.18,default,0.0,27.9,21.18,27.9,True,O,21.18,feldpausch,27.9,21.18,0.643,266.9217,190.4914,190.4914,266.9217,190.4914,190.4914,35
JAM_A02,8,Ormosia coccinea,Fabaceae,499727.3438,8990359.95,0.63,11.1,20131219.0,A,O,0,11.45,11.45,feldpausch_regional,0.18,default,0.0,11.1,11.45,11.1,True,O,11.45,feldpausch,11.1,11.45,0.625,24.2284,18.2309,18.2309,24.2284,18.2309,18.2309,35
JAM_A02,9,Tachigali paniculata,Fabaceae,499727.0564,8990359.759,0.56,12.8,20131219.0,A,O,0,12.67,12.67,feldpausch_regional,0.18,default,0.0,12.8,12.67,12.8,True,O,12.67,feldpausch,12.8,12.67,0.5545,35.3219,26.3361,26.3361,35.3219,26.3361,26.3361,35
JAM_A02,11,Maquira sclerophylla,Moraceae,499730.842,8990358.255,0.53,15.5,20131219.0,A,O,0,14.47,14.47,feldpausch_regional,0.18,default,0.0,15.5,14.47,15.5,True,O,14.47,feldpausch,15.5,14.47,0.5135,58.4259,43.0513,43.0513,58.4259,43.0513,43.0513,35
JAM_A02,12,Virola elongata,Myristicaceae,499727.886,8990354.455,0.52,22.7,20131219.0,A,O,0,18.63,18.63,feldpausch_regional,0.18,default,0.0,22.7,18.63,22.7,True,O,18.63,feldpausch,22.7,18.63,0.5233,157.453,113.5391,113.5391,157.453,113.5391,113.5391,35
JAM_A02,13,Ocotea canaliculata,Lauraceae,499731.5904,8990352.655,0.48,15.7,20131219.0,A,O,0,14.6,14.6,feldpausch_regional,0.18,default,0.0,15.7,14.6,15.7,True,O,14.6,feldpausch,15.7,14.6,0.4793,60.4318,44.4938,44.4938,60.4318,44.4938,44.4938,35
JAM_A02,14,Symphonia globulifera,Clusiaceae,499728.2782,8990348.167,0.6,10.5,20131219.0,A,O,0,11.0,11.0,feldpausch_regional,0.18,default,0.0,10.5,11.0,10.5,True,O,11.0,feldpausch,10.5,11.0,0.6004,20.9036,15.7869,15.7869,20.9036,15.7869,15.7869,35
JAM_A02,125a,Pterocarpus sp.,Fabaceae,499724.2798,8990348.282,0.51,35.1,20131219.0,A,O,0,24.25,24.25,feldpausch_regional,0.18,default,0.0,35.1,24.25,35.1,True,O,24.25,feldpausch,35.1,24.25,0.5838,476.8468,336.7968,336.7968,476.8468,336.7968,336.7968,19
JAM_A02,5a,Tachigali alba,Fabaceae,499718.8462,8990355.413,0.56,45.8,20131219.0,A,O,0,28.01,28.01,feldpausch_regional,0.18,default,0.0,45.8,28.01,45.8,True,O,28.01,feldpausch,45.8,28.01,0.5573,922.6728,645.1973,645.1973,922.6728,645.1973,645.1973,19
JAM_A02,15,Bombax paraense,Malvaceae,499706.54,8990360.749,0.39,53.2,20131219.0,A,O,0,30.18,30.18,feldpausch_regional,0.18,default,0.0,53.2,30.18,53.2,True,O,30.18,feldpausch,53.2,30.18,0.39,1329.3709,925.3224,925.3224,1329.3709,925.3224,925.3224,19
JAM_A02,16,Luehea speciosa,Malvaceae,499697.2325,8990365.999,0.51,43.0,20131219.0,A,O,0,27.1,27.1,feldpausch_regional,0.18,default,0.0,43.0,27.1,43.0,True,O,27.1,feldpausch,43.0,27.1,0.5766,789.8946,553.5607,553.5607,789.8946,553.5607,553.5607,19
JAM_A02,17,Helicostylis sp.,Moraceae,499699.8541,8990355.961,0.65,35.0,20131219.0,A,O,0,24.21,24.21,feldpausch_regional,0.18,default,0.0,35.0,24.21,35.0,True,O,24.21,feldpausch,35.0,24.21,0.643,473.4351,334.4285,334.4285,473.4351,334.4285,334.4285,19
JAM_A02,18,Helicostylis sp.,Moraceae,499699.045,8990368.935,0.65,43.2,20131219.0,A,O,0,27.17,27.17,feldpausch_regional,0.18,default,0.0,43.2,27.17,43.2,True,O,27.17,feldpausch,43.2,27.17,0.643,799.0914,559.9023,559.9023,799.0914,559.9023,559.9023,19
JAM_A02,19,Minquartia guianensis,Olacaceae,499700.8574,8990371.872,0.77,49.9,20131219.0,A,O,0,29.25,29.25,feldpausch_regional,0.18,default,0.0,49.9,29.25,49.9,True,O,29.25,feldpausch,49.9,29.25,0.7867,1137.8678,793.5084,793.5084,1137.8678,793.5084,793.5084,19
JAM_A02,20,Abuta grandifolia,Menispermaceae,499684.452,8990346.94,0.45,52.2,20131219.0,A,O,0,29.91,29.91,feldpausch_regional,0.18,default,0.0,52.2,29.91,52.2,True,O,29.91,feldpausch,52.2,29.91,0.45,1269.8439,884.338,884.338,1269.8439,884.338,884.338,19
JAM_A02,21,Hymenaea intermedia,Fabaceae,499682.2991,8990357.463,0.82,35.3,20131219.0,A,O,0,24.32,24.32,feldpausch_regional,0.18,default,0.0,35.3,24.32,35.3,True,O,24.32,feldpausch,35.3,24.32,0.82,483.5232,341.45,341.45,483.5232,341.45,341.45,19
JAM_A02,22,Peltogyne leicointei,Fabaceae,499682.2388,8990366.431,0.8,60.0,20131219.0,A,O,0,31.94,31.94,feldpausch_regional,0.18,default,0.0,60.0,31.94,60.0,True,O,31.94,feldpausch,60.0,31.94,0.7926,1776.8174,1232.8434,1232.8434,1776.8174,1232.8434,1232.8434,19
JAM_A02,23,Astronium gracile,Anacardiaceae,499715.5437,8990392.37,0.73,36.7,20131219.0,A,O,0,24.86,24.86,feldpausch_regional,0.18,default,0.0,36.7,24.86,36.7,True,O,24.86,feldpausch,36.7,24.86,0.73,532.9641,375.7608,375.7608,532.9641,375.7608,375.7608,19
JAM_A02,130a,Eschweilera parviflora,Lecythidaceae,499720.6039,8990391.228,0.89,38.3,20131219.0,A,O,0,25.46,25.46,feldpausch_regional,0.18,default,0.0,38.3,25.46,38.3,True,O,25.46,feldpausch,38.3,25.46,0.918,592.9014,417.3008,417.3008,592.9014,417.3008,417.3008,19
JAM_A02,3a,NI,NI,499716.2284,8990381.391,0.64,51.9,20131219.0,A,O,0,29.82,29.82,feldpausch_regional,0.18,default,0.0,51.9,29.82,51.9,True,O,29.82,feldpausch,51.9,29.82,0.6306,1251.9495,872.0501,872.0501,1251.9495,872.0501,872.0501,19
JAM_A02,24,Ormosia coccinea,Fabaceae,499728.1468,8990240.034,0.63,10.2,20131219.0,A,O,0,10.78,10.78,feldpausch_regional,0.18,default,0.0,10.2,10.78,10.2,True,O,10.78,feldpausch,10.2,10.78,0.625,19.368,14.6535,14.6535,19.368,14.6535,14.6535,36
JAM_A02,22a,Tachigali alba,Fabaceae,499716.1562,8990236.515,0.56,47.5,20131219.0,A,O,0,28.54,28.54,feldpausch_regional,0.18,default,0.0,47.5,28.54,47.5,True,O,28.54,feldpausch,47.5,28.54,0.5573,1008.9966,704.7061,704.7061,1008.9966,704.7061,704.7061,16
JAM_A02,25,Peltogyne leicointei,Fabaceae,499725.7232,8990230.273,0.8,13.6,20131219.0,A,O,0,13.22,13.22,feldpausch_regional,0.18,default,0.0,13.6,13.22,13.6,True,O,13.22,feldpausch,13.6,13.22,0.7926,41.4429,30.7826,30.7826,41.4429,30.7826,30.7826,36
JAM_A02,26,NI,NI,499726.2288,8990223.525,0.64,12.7,20131219.0,A,O,0,12.6,12.6,feldpausch_regional,0.18,default,0.0,12.7,12.6,12.7,True,O,12.6,feldpausch,12.7,12.6,0.6306,34.5977,25.8089,25.8089,34.5977,25.8089,25.8089,36
JAM_A02,27,Neea oppositifolia,Nyctaginaceae,499728.5838,8990221.466,0.89,12.5,20131219.0,A,O,0,12.46,12.46,feldpausch_regional,0.18,default,0.0,12.5,12.46,12.5,True,O,12.46,feldpausch,12.5,12.46,0.893,33.1783,24.775,24.775,33.1783,24.775,24.775,36
JAM_A02,28,Pouteria gongrijpii,Sapotaceae,499728.4515,8990219.671,0.8,34.5,20131219.0,A,O,0,24.01,24.01,feldpausch_regional,0.18,default,0.0,34.5,24.01,34.5,True,O,24.01,feldpausch,34.5,24.01,0.7994,456.6109,322.7442,322.7442,456.6109,322.7442,322.7442,36
JAM_A02,30,Lecythis idatimon,Lecythidaceae,499724.7607,8990217.208,0.82,17.7,20131219.0,A,O,0,15.83,15.83,feldpausch_regional,0.18,default,0.0,17.7,15.83,17.7,True,O,15.83,feldpausch,17.7,15.83,0.7986,82.6414,60.4201,60.4201,82.6414,60.4201,60.4201,36
JAM_A02,31,Heisteria densifrons,Olacaceae,499726.285,8990213.4,0.65,16.4,20131219.0,A,O,0,15.04,15.04,feldpausch_regional,0.18,default,0.0,16.4,15.04,16.4,True,O,15.04,feldpausch,16.4,15.04,0.65,67.7376,49.7434,49.7434,67.7376,49.7434,49.7434,36
JAM_A02,32,,,499725.3692,8990211.857,,11.3,20131219.0,D,O,0,11.6,11.6,feldpausch_regional,0.18,default,0.0,11.3,11.6,11.3,False,O,11.6,feldpausch,11.3,11.6,0.6306,25.4086,25.4086,26.6719,25.4086,25.4086,26.6719,36
JAM_A02,105a,Dinizia excelsa,Fabaceae,499724.2244,8990209.928,0.94,72.8,20131219.0,A,O,0,34.71,34.71,feldpausch_regional,0.18,default,0.0,72.8,34.71,72.8,True,O,34.71,feldpausch,72.8,34.71,0.9054,2810.767,1942.7374,1942.7374,2810.767,1942.7374,1942.7374,36
JAM_A02,35,Tetragastris panamensis,Burseraceae,499726.4986,8990206.772,0.73,14.6,20131219.0,A,O,0,13.89,13.89,feldpausch_regional,0.18,default,0.0,14.6,13.89,14.6,True,O,13.89,feldpausch,14.6,13.89,0.7173,49.9522,36.9399,36.9399,49.9522,36.9399,36.9399,36
JAM_A02,36,Clarisia racemosa,Moraceae,499704.6777,8990203.198,0.59,44.1,20131219.0,A,O,0,27.46,27.46,feldpausch_regional,0.18,default,0.0,44.1,27.46,44.1,True,O,27.46,feldpausch,44.1,27.46,0.5854,840.5751,588.564,588.564,840.5751,588.564,588.564,16
JAM_A02,37,Apeiba echinata,Malvaceae,499703.784,8990218.289,0.28,43.1,20131219.0,A,O,0,27.14,27.14,feldpausch_regional,0.18,default,0.0,43.1,27.14,43.1,True,O,27.14,feldpausch,43.1,27.14,0.2822,794.6274,556.8098,556.8098,794.6274,556.8098,556.8098,16
JAM_A02,39,Astronium gracile,Anacardiaceae,499677.9564,8990207.963,0.73,57.4,20131219.0,A,O,0,31.29,31.29,feldpausch_regional,0.18,default,0.0,57.4,31.29,57.4,True,O,31.29,feldpausch,57.4,31.29,0.73,1597.2487,1109.4941,1109.4941,1597.2487,1109.4941,1109.4941,16
JAM_A02,40,Pseudopiptadenia suaveolens,Fabaceae,499681.1276,8990223.789,0.68,40.0,20131219.0,A,O,0,26.07,26.07,feldpausch_regional,0.18,default,0.0,40.0,26.07,40.0,True,O,26.07,feldpausch,40.0,26.07,0.6797,660.4431,464.0693,464.0693,660.4431,464.0693,464.0693,16
JAM_A02,41,NI,NI,499693.0589,8990236.031,0.64,39.7,20131219.0,A,O,0,25.97,25.97,feldpausch_regional,0.18,default,0.0,39.7,25.97,39.7,True,O,25.97,feldpausch,39.7,25.97,0.6306,648.3722,455.6995,455.6995,648.3722,455.6995,455.6995,16
JAM_A02,42,Geissospermum sericeum,Apocynaceae,499700.3377,8990239.56,0.78,40.8,20131219.0,A,O,0,26.35,26.35,feldpausch_regional,0.18,default,0.0,40.8,26.35,40.8,True,O,26.35,feldpausch,40.8,26.35,0.7823,693.6673,487.0554,487.0554,693.6673,487.0554,487.0554,16
JAM_A02,43,Pouteria gongrijpii,Sapotaceae,499724.3795,8990089.806,0.8,10.8,20131219.0,A,O,0,11.23,11.23,feldpausch_regional,0.18,default,0.0,10.8,11.23,10.8,True,O,11.23,feldpausch,10.8,11.23,0.7994,22.5359,16.987,16.987,22.5359,16.987,16.987,37
JAM_A02,44,Virola elongata,Myristicaceae,499725.4453,8990086.186,0.52,11.5,20131219.0,A,O,0,11.75,11.75,feldpausch_regional,0.18,default,0.0,11.5,11.75,11.5,True,O,11.75,feldpausch,11.5,11.75,0.5233,26.6256,19.9869,19.9869,26.6256,19.9869,19.9869,37
JAM_A02,91a,Helicostylis sp.,Moraceae,499725.0709,8990084.193,0.65,51.0,20131219.0,A,O,0,29.57,29.57,feldpausch_regional,0.18,default,0.0,51.0,29.57,51.0,True,O,29.57,feldpausch,51.0,29.57,0.643,1200.0202,836.2886,836.2886,1200.0202,836.2886,836.2886,37
JAM_A02,45,Apeiba echinata,Malvaceae,499725.6096,8990074.484,0.28,27.3,20131219.0,A,O,0,20.91,20.91,feldpausch_regional,0.18,default,0.0,27.3,20.91,27.3,True,O,20.91,feldpausch,27.3,20.91,0.2822,252.6479,180.4822,180.4822,252.6479,180.4822,180.4822,37
JAM_A02,46,Tapirira guianensis,Anacardiaceae,499722.3116,8990063.844,0.46,11.4,20131219.0,A,O,0,11.67,11.67,feldpausch_regional,0.18,default,0.0,11.4,11.67,11.4,True,O,11.67,feldpausch,11.4,11.67,0.457,26.0016,19.5314,19.5314,26.0016,19.5314,19.5314,37
JAM_A02,90a,Tetragastris panamensis,Burseraceae,499722.0404,8990059.249,0.73,22.3,20131219.0,A,O,0,18.42,18.42,feldpausch_regional,0.18,default,0.0,22.3,18.42,22.3,True,O,18.42,feldpausch,22.3,18.42,0.7173,150.4092,108.5616,108.5616,150.4092,108.5616,108.5616,37
JAM_A02,47,Virola sebifera,Myristicaceae,499722.5424,8990051.24,0.45,13.3,20131219.0,A,O,0,13.02,13.02,feldpausch_regional,0.18,default,0.0,13.3,13.02,13.3,True,O,13.02,feldpausch,13.3,13.02,0.4454,39.0912,29.0747,29.0747,39.0912,29.0747,29.0747,37
JAM_A02,48,Maquira sclerophylla,Moraceae,499721.4904,8990049.859,0.53,19.3,20131219.0,A,O,0,16.77,16.77,feldpausch_regional,0.18,default,0.0,19.3,16.77,19.3,True,O,16.77,feldpausch,19.3,16.77,0.5135,103.5173,75.3082,75.3082,103.5173,75.3082,75.3082,37
JAM_A02,88a,Licania heteromorpha,Chrysobalanaceae,499721.8451,8990045.953,0.82,17.1,20131219.0,A,O,0,15.47,15.47,feldpausch_regional,0.18,default,0.0,17.1,15.47,17.1,True,O,15.47,feldpausch,17.1,15.47,0.8164,75.546,55.342,55.342,75.546,55.342,55.342,37
JAM_A02,50,Fusaea longifolia,Annonaceae,499705.4707,8990049.552,0.74,35.6,20131219.0,A,O,0,24.44,24.44,feldpausch_regional,0.18,default,0.0,35.6,24.44,35.6,True,O,24.44,feldpausch,35.6,24.44,0.7427,493.9442,348.6794,348.6794,493.9442,348.6794,348.6794,14
JAM_A02,51,Pseudopiptadenia suaveolens,Fabaceae,499703.5455,8990051.587,0.68,62.0,20131219.0,A,O,0,32.41,32.41,feldpausch_regional,0.18,default,0.0,62.0,32.41,62.0,True,O,32.41,feldpausch,62.0,32.41,0.6797,1921.4629,1332.2272,1332.2272,1921.4629,1332.2272,1332.2272,14
JAM_A02,52,Neea oppositifolia,Nyctaginaceae,499701.7693,8990057.62,0.89,35.7,20131219.0,A,O,0,24.48,24.48,feldpausch_regional,0.18,default,0.0,35.7,24.48,35.7,True,O,24.48,feldpausch,35.7,24.48,0.893,497.4495,351.1104,351.1104,497.4495,351.1104,351.1104,14
JAM_A02,47a,NI,NI,499713.0281,8990064.414,0.64,54.0,20131219.0,A,O,0,30.4,30.4,feldpausch_regional,0.18,default,0.0,54.0,30.4,54.0,True,O,30.4,feldpausch,54.0,30.4,0.6306,1378.4084,959.0419,959.0419,1378.4084,959.0419,959.0419,14
JAM_A02,53,Guatteria schomburgkiana,Annonaceae,499697.2859,8990044.702,0.6,40.2,20131219.0,A,O,0,26.14,26.14,feldpausch_regional,0.18,default,0.0,40.2,26.14,40.2,True,O,26.14,feldpausch,40.2,26.14,0.6,668.6521,469.7508,469.7508,668.6521,469.7508,469.7508,14
JAM_A02,54,Tachigali alba,Fabaceae,499679.2517,8990044.032,0.56,47.8,20131219.0,A,O,0,28.63,28.63,feldpausch_regional,0.18,default,0.0,47.8,28.63,47.8,True,O,28.63,feldpausch,47.8,28.63,0.5573,1024.6171,715.4761,715.4761,1024.6171,715.4761,715.4761,14
JAM_A02,56,Geissospermum sericeum,Apocynaceae,499686.1071,8990066.906,0.78,38.8,20131219.0,A,O,0,25.64,25.64,feldpausch_regional,0.18,default,0.0,38.8,25.64,38.8,True,O,25.64,feldpausch,38.8,25.64,0.7823,612.2999,430.7426,430.7426,612.2999,430.7426,430.7426,14
JAM_A02,57,Clarisia racemosa,Moraceae,499690.2926,8990071.829,0.59,46.3,20131219.0,A,O,0,28.17,28.17,feldpausch_regional,0.18,default,0.0,46.3,28.17,46.3,True,O,28.17,feldpausch,46.3,28.17,0.5854,947.691,662.4408,662.4408,947.691,662.4408,662.4408,14
JAM_A02,58,,,499691.9626,8990089.799,,54.0,20131219.0,D,O,0,30.4,30.4,feldpausch_regional,0.18,default,0.0,54.0,30.4,54.0,False,O,30.4,feldpausch,54.0,30.4,0.6306,1378.4084,1378.4084,1446.9403,1378.4084,1378.4084,1446.9403,14
JAM_A02,59,Pouteria gongrijpii,Sapotaceae,499701.9609,8990089.616,0.8,55.3,20131219.0,A,O,0,30.75,30.75,feldpausch_regional,0.18,default,0.0,55.3,30.75,55.3,True,O,30.75,feldpausch,55.3,30.75,0.7994,1460.1484,1015.2361,1015.2361,1460.1484,1015.2361,1015.2361,14
JAM_A02,60,NI,NI,499704.737,8990083.565,0.64,36.5,20131219.0,A,O,0,24.79,24.79,feldpausch_regional,0.18,default,0.0,36.5,24.79,36.5,True,O,24.79,feldpausch,36.5,24.79,0.6306,525.8601,370.8202,370.8202,525.8601,370.8202,370.8202,14
JAM_A02,76a,,,499716.9173,8989934.934,,12.2,20131219.0,D,O,0,12.25,12.25,feldpausch_regional,0.18,default,0.0,12.2,12.25,12.2,False,O,12.25,feldpausch,12.2,12.25,0.6306,31.1212,31.1212,32.6685,31.1212,31.1212,32.6685,29
JAM_A02,75a,Virola sebifera,Myristicaceae,499716.8363,8989933.491,0.45,12.8,20131219.0,A,O,0,12.67,12.67,feldpausch_regional,0.18,default,0.0,12.8,12.67,12.8,True,O,12.67,feldpausch,12.8,12.67,0.4454,35.3219,26.3361,26.3361,35.3219,26.3361,26.3361,29
JAM_A02,74a,Attalea speciosa,Arecaceae,499718.4898,8989928.802,0.33,26.9,20131219.0,A,P,0,20.72,20.72,feldpausch_regional,0.18,default,0.0,26.9,20.72,26.9,True,P,20.72,feldpausch,26.9,20.72,0.326,243.2952,,,243.2952,,,29
JAM_A02,73a,Couratari stellata,Lecythidaceae,499718.1386,8989927.881,0.63,38.2,20131219.0,A,O,0,25.42,25.42,feldpausch_regional,0.18,default,0.0,38.2,25.42,38.2,True,O,25.42,feldpausch,38.2,25.42,0.6331,588.9789,414.5909,414.5909,588.9789,414.5909,414.5909,29
JAM_A02,61,Sterculia pruriens,Malvaceae,499719.8407,8989926.191,0.49,14.0,20131219.0,A,O,0,13.49,13.49,feldpausch_regional,0.18,default,0.0,14.0,13.49,14.0,True,O,13.49,feldpausch,14.0,13.49,0.4862,44.7295,33.1639,33.1639,44.7295,33.1639,33.1639,29
JAM_A02,67a,Parahancornia amapa,Apocynaceae,499717.3013,8989923.634,0.46,59.0,20131219.0,A,O,0,31.69,31.69,feldpausch_regional,0.18,default,0.0,59.0,31.69,59.0,True,O,31.69,feldpausch,59.0,31.69,0.46,1706.3335,1184.4531,1184.4531,1706.3335,1184.4531,1184.4531,29
JAM_A02,68a,Tetragastris panamensis,Burseraceae,499717.921,8989919.378,0.73,26.3,20131219.0,A,O,0,20.43,20.43,feldpausch_regional,0.18,default,0.0,26.3,20.43,26.3,True,O,20.43,feldpausch,26.3,20.43,0.7173,229.634,164.3503,164.3503,229.634,164.3503,164.3503,29
JAM_A02,71a,Chimarrhis turbinata,Rubiaceae,499720.176,8989917.224,0.72,47.9,20131219.0,A,O,0,28.66,28.66,feldpausch_regional,0.18,default,0.0,47.9,28.66,47.9,True,O,28.66,feldpausch,47.9,28.66,0.72,1029.8576,719.0886,719.0886,1029.8576,719.0886,719.0886,29
JAM_A02,62,Eschweilera parviflora,Lecythidaceae,499723.1838,8989913.899,0.89,32.6,20131219.0,A,O,0,23.24,23.24,feldpausch_regional,0.18,default,0.0,32.6,23.24,32.6,True,O,23.24,feldpausch,32.6,23.24,0.918,396.0116,280.5923,280.5923,396.0116,280.5923,280.5923,29
JAM_A02,70a,Tetragastris panamensis,Burseraceae,499723.1986,8989903.134,0.73,33.8,20131219.0,A,O,0,23.73,23.73,feldpausch_regional,0.18,default,0.0,33.8,23.73,33.8,True,O,23.73,feldpausch,33.8,23.73,0.7173,433.7072,306.8219,306.8219,433.7072,306.8219,306.8219,29
JAM_A02,63,Mayna odorata,Flacourtiaceae,499710.9189,8989914.142,0.64,47.3,20131219.0,A,O,0,28.48,28.48,feldpausch_regional,0.18,default,0.0,47.3,28.48,47.3,True,O,28.48,feldpausch,47.3,28.48,0.6306,998.6669,697.5823,697.5823,998.6669,697.5823,697.5823,12
JAM_A02,65,Peltogyne leicointei,Fabaceae,499706.0026,8989901.247,0.8,51.5,20131219.0,A,O,0,29.71,29.71,feldpausch_regional,0.18,default,0.0,51.5,29.71,51.5,True,O,29.71,feldpausch,51.5,29.71,0.7926,1228.7439,856.0681,856.0681,1228.7439,856.0681,856.0681,12
JAM_A02,66,Copaifera reticulata,Fabaceae,499700.7616,8989903.912,0.61,36.2,20131219.0,A,O,0,24.67,24.67,feldpausch_regional,0.18,default,0.0,36.2,24.67,36.2,True,O,24.67,feldpausch,36.2,24.67,0.6075,515.0115,363.3047,363.3047,515.0115,363.3047,363.3047,12
JAM_A02,67,Pseudopiptadenia suaveolens,Fabaceae,499682.0119,8989932.686,0.68,68.0,20131219.0,A,O,0,33.74,33.74,feldpausch_regional,0.18,default,0.0,68.0,33.74,68.0,True,O,33.74,feldpausch,68.0,33.74,0.6797,2393.2479,1656.1511,1656.1511,2393.2479,1656.1511,1656.1511,12
JAM_A02,68,Parkia sp.,Fabaceae,499694.3127,8989934.862,0.45,51.6,20131219.0,A,O,0,29.74,29.74,feldpausch_regional,0.18,default,0.0,51.6,29.74,51.6,True,O,29.74,feldpausch,51.6,29.74,0.4553,1234.6211,860.1056,860.1056,1234.6211,860.1056,860.1056,12
JAM_A02,69,Tachigali alba,Fabaceae,499702.6513,8989937.587,0.56,39.7,20131219.0,A,O,0,25.97,25.97,feldpausch_regional,0.18,default,0.0,39.7,25.97,39.7,True,O,25.97,feldpausch,39.7,25.97,0.5573,648.3722,455.6995,455.6995,648.3722,455.6995,455.6995,12
JAM_A02,1,Sterculia pruriens,Malvaceae,498723.043,8988959.421,0.49,12.3,20131217.0,A,O,0,12.32,12.32,feldpausch_regional,0.18,default,0.0,12.3,12.32,12.3,True,O,12.32,feldpausch,12.3,12.32,0.4862,31.7974,23.7678,23.7678,31.7974,23.7678,23.7678,38
JAM_A02,2,Pouteria gongrijpii,Sapotaceae,498727.023,8988962.104,0.8,43.9,20131217.0,A,O,0,27.4,27.4,feldpausch_regional,0.18,default,0.0,43.9,27.4,43.9,True,O,27.4,feldpausch,43.9,27.4,0.7994,831.3731,582.195,582.195,831.3731,582.195,582.195,38
JAM_A02,3,Poeppigia sp.,Fabaceae,498721.8527,8988958.059,0.69,15.8,20131217.0,A,O,0,14.66,14.66,feldpausch_regional,0.18,default,0.0,15.8,14.66,15.8,True,O,14.66,feldpausch,15.8,14.66,0.735,61.4308,45.2138,45.2138,61.4308,45.2138,45.2138,38
JAM_A02,4,Helicostylis sp.,Moraceae,498738.7909,8988959.611,0.65,17.5,20131217.0,A,O,0,15.71,15.71,feldpausch_regional,0.18,default,0.0,17.5,15.71,17.5,True,O,15.71,feldpausch,17.5,15.71,0.643,80.2304,58.6959,58.6959,80.2304,58.6959,58.6959,38
JAM_A02,5,NI,NI,498740.3029,8988961.959,0.64,10.1,20131217.0,A,O,0,10.7,10.7,feldpausch_regional,0.18,default,0.0,10.1,10.7,10.1,True,O,10.7,feldpausch,10.1,10.7,0.6306,18.8614,14.2803,14.2803,18.8614,14.2803,14.2803,38
JAM_A02,148a,Pouteria gongrijpii,Sapotaceae,498741.454,8988957.452,0.8,58.9,20131217.0,A,O,0,31.67,31.67,feldpausch_regional,0.18,default,0.0,58.9,31.67,58.9,True,O,31.67,feldpausch,58.9,31.67,0.7994,1699.6451,1179.832,1179.832,1699.6451,1179.832,1179.832,38
JAM_A02,6,,,498744.1125,8988959.174,,15.5,20131217.0,A,L,0,14.47,14.47,feldpausch_regional,0.18,default,0.0,15.5,14.47,15.5,True,L,14.47,feldpausch,15.5,14.47,0.6306,58.4259,43.0513,43.0513,58.4259,43.0513,43.0513,38
JAM_A02,7,Ocotea canaliculata,Lauraceae,498744.428,8988958.967,0.48,18.1,20131217.0,A,O,0,16.07,16.07,feldpausch_regional,0.18,default,0.0,18.1,16.07,18.1,True,O,16.07,feldpausch,18.1,16.07,0.4793,87.6034,63.9643,63.9643,87.6034,63.9643,63.9643,38
JAM_A02,8,Protium hepytaphillum ,Burseraceae,498746.24,8988961.308,0.63,10.6,20131217.0,A,O,0,11.08,11.08,feldpausch_regional,0.18,default,0.0,10.6,11.08,10.6,True,O,11.08,feldpausch,10.6,11.08,0.5773,21.4451,16.1847,16.1847,21.4451,16.1847,16.1847,38
JAM_A02,4a,Virola crebrinervia,Myristicaceae,498741.6723,8988948.293,0.5,45.8,20131217.0,A,O,0,28.01,28.01,feldpausch_regional,0.18,default,0.0,45.8,28.01,45.8,True,O,28.01,feldpausch,45.8,28.01,0.4734,922.6728,645.1973,645.1973,922.6728,645.1973,645.1973,8
JAM_A02,9,,,498725.4738,8988925.829,,49.7,20131217.0,D,O,0,29.19,29.19,feldpausch_regional,0.18,default,0.0,49.7,29.19,49.7,False,O,29.19,feldpausch,49.7,29.19,0.6306,1126.7222,1126.7222,1182.7407,1126.7222,1126.7222,1182.7407,8
JAM_A02,10,Pouteria gongrijpii,Sapotaceae,498729.4725,8988925.726,0.8,47.2,20131217.0,A,O,0,28.45,28.45,feldpausch_regional,0.18,default,0.0,47.2,28.45,47.2,True,O,28.45,feldpausch,47.2,28.45,0.7994,993.5272,694.0372,694.0372,993.5272,694.0372,694.0372,8
JAM_A02,11,Tachigali alba,Fabaceae,498731.784,8988921.686,0.56,43.9,20131217.0,A,O,0,27.4,27.4,feldpausch_regional,0.18,default,0.0,43.9,27.4,43.9,True,O,27.4,feldpausch,43.9,27.4,0.5573,831.3731,582.195,582.195,831.3731,582.195,582.195,8
JAM_A02,12,Parkia sp.,Fabaceae,498745.9355,8988919.33,0.45,36.9,20131217.0,A,O,0,24.94,24.94,feldpausch_regional,0.18,default,0.0,36.9,24.94,36.9,True,O,24.94,feldpausch,36.9,24.94,0.4553,540.34,380.8671,380.8671,540.34,380.8671,380.8671,8
JAM_A02,13,Pseudopiptadenia suaveolens,Fabaceae,498747.5293,8988937.198,0.68,52.0,20131217.0,A,O,0,29.85,29.85,feldpausch_regional,0.18,default,0.0,52.0,29.85,52.0,True,O,29.85,feldpausch,52.0,29.85,0.6797,1257.8964,876.1342,876.1342,1257.8964,876.1342,876.1342,8
JAM_A02,14,Minquartia guianensis,Olacaceae,498759.4278,8988961.067,0.77,15.4,20131217.0,A,O,0,14.41,14.41,feldpausch_regional,0.18,default,0.0,15.4,14.41,15.4,True,O,14.41,feldpausch,15.4,14.41,0.7867,57.4589,42.3534,42.3534,57.4589,42.3534,42.3534,38
JAM_A02,145a,Couma guianensis,Apocynaceae,498758.1202,8988954.832,0.47,46.0,20131217.0,A,O,0,28.07,28.07,feldpausch_regional,0.18,default,0.0,46.0,28.07,46.0,True,O,28.07,feldpausch,46.0,28.07,0.4667,932.4994,651.9847,651.9847,932.4994,651.9847,651.9847,8
JAM_A02,15,Helicostylis sp.,Moraceae,498762.4439,8988959.496,0.65,15.7,20131217.0,A,O,0,14.6,14.6,feldpausch_regional,0.18,default,0.0,15.7,14.6,15.7,True,O,14.6,feldpausch,15.7,14.6,0.643,60.4318,44.4938,44.4938,60.4318,44.4938,44.4938,38
JAM_A02,16,Tachigali myrmecophila,Fabaceae,498763.3622,8988956.687,0.53,36.3,20131217.0,A,O,0,24.71,24.71,feldpausch_regional,0.18,default,0.0,36.3,24.71,36.3,True,O,24.71,feldpausch,36.3,24.71,0.476,518.6116,365.7991,365.7991,518.6116,365.7991,365.7991,38
JAM_A02,17,Ormosia coccinea,Fabaceae,498763.1671,8988959.179,0.63,13.2,20131217.0,A,O,0,12.95,12.95,feldpausch_regional,0.18,default,0.0,13.2,12.95,13.2,True,O,12.95,feldpausch,13.2,12.95,0.625,38.3174,28.5131,28.5131,38.3174,28.5131,28.5131,38
JAM_A02,142a,Peltogyne leicointei,Fabaceae,498769.3181,8988913.751,0.8,53.0,20131217.0,A,O,0,30.13,30.13,feldpausch_regional,0.18,default,0.0,53.0,30.13,53.0,True,O,30.13,feldpausch,53.0,30.13,0.7926,1317.4991,917.1334,917.1334,1317.4991,917.1334,917.1334,8
JAM_A02,18,Copaifera reticulata,Fabaceae,498766.2888,8988939.697,0.61,41.5,20131217.0,A,O,0,26.59,26.59,feldpausch_regional,0.18,default,0.0,41.5,26.59,41.5,True,O,26.59,feldpausch,41.5,26.59,0.6075,723.4619,507.6627,507.6627,723.4619,507.6627,507.6627,8
JAM_A02,122a,NI,NI,498868.4312,8988971.335,0.64,52.0,20131217.0,A,O,0,29.85,29.85,feldpausch_regional,0.18,default,0.0,52.0,29.85,52.0,True,O,29.85,feldpausch,52.0,29.85,0.6306,1257.8964,876.1342,876.1342,1257.8964,876.1342,876.1342,30
JAM_A02,125a,Tetragastris panamensis,Burseraceae,498869.728,8988968.183,0.73,37.1,20131217.0,A,O,0,25.01,25.01,feldpausch_regional,0.18,default,0.0,37.1,25.01,37.1,True,O,25.01,feldpausch,37.1,25.01,0.7173,547.5673,385.8907,385.8907,547.5673,385.8907,385.8907,9
JAM_A02,20,Zygia racemosa,Fabaceae,498877.6477,8988974.041,0.75,10.5,20131217.0,A,O,0,11.0,11.0,feldpausch_regional,0.18,default,0.0,10.5,11.0,10.5,True,O,11.0,feldpausch,10.5,11.0,0.748,20.9036,15.7869,15.7869,20.9036,15.7869,15.7869,30
JAM_A02,32a,Pourouma minor,Urticaceae,498882.1757,8988963.255,0.44,41.3,20131217.0,A,O,0,26.53,26.53,feldpausch_regional,0.18,default,0.0,41.3,26.53,41.3,True,O,26.53,feldpausch,41.3,26.53,0.436,715.0934,501.8531,501.8531,715.0934,501.8531,501.8531,9
JAM_A02,34a,Vochysia guianensis,Vochysiaceae,498884.7198,8988964.502,0.51,42.0,20131217.0,A,O,0,26.77,26.77,feldpausch_regional,0.18,default,0.0,42.0,26.77,42.0,True,O,26.77,feldpausch,42.0,26.77,0.5087,745.4665,522.8468,522.8468,745.4665,522.8468,522.8468,9
JAM_A02,121a,,,498883.194,8988970.615,,26.2,20131217.0,D,O,0,20.38,20.38,feldpausch_regional,0.18,default,0.0,26.2,20.38,26.2,False,O,20.38,feldpausch,26.2,20.38,0.6306,227.3883,227.3883,238.6936,227.3883,227.3883,238.6936,30
JAM_A02,21,NI,NI,498884.4123,8988970.636,0.64,19.7,20131217.0,A,O,0,17.0,17.0,feldpausch_regional,0.18,default,0.0,19.7,17.0,19.7,True,O,17.0,feldpausch,19.7,17.0,0.6306,109.1885,79.3413,79.3413,109.1885,79.3413,79.3413,30
JAM_A02,22,Jacaranda copaia,Bignoniaceae,498898.5459,8988949.967,0.35,37.9,20131217.0,A,O,0,25.31,25.31,feldpausch_regional,0.18,default,0.0,37.9,25.31,37.9,True,O,25.31,feldpausch,37.9,25.31,0.3507,577.534,406.6594,406.6594,577.534,406.6594,406.6594,9
JAM_A02,23,Zizyphus itacaiunensis,Ramnaceae,498899.0239,8988973.381,0.84,11.9,20131217.0,A,O,0,12.03,12.03,feldpausch_regional,0.18,default,0.0,11.9,12.03,11.9,True,O,12.03,feldpausch,11.9,12.03,0.6306,29.1251,21.8178,21.8178,29.1251,21.8178,21.8178,30
JAM_A02,25,Virola elongata,Myristicaceae,498907.8587,8988974.756,0.52,14.0,20131217.0,A,O,0,13.49,13.49,feldpausch_regional,0.18,default,0.0,14.0,13.49,14.0,True,O,13.49,feldpausch,14.0,13.49,0.5233,44.7295,33.1639,33.1639,44.7295,33.1639,33.1639,30
JAM_A02,26,Tachigali myrmecophila,Fabaceae,498911.1262,8988976.373,0.53,19.3,20131217.0,A,O,0,16.77,16.77,feldpausch_regional,0.18,default,0.0,19.3,16.77,19.3,True,O,16.77,feldpausch,19.3,16.77,0.476,103.5173,75.3082,75.3082,103.5173,75.3082,75.3082,30
JAM_A02,27,NI,NI,498909.9859,8988958.064,0.64,53.1,20131217.0,A,O,0,30.16,30.16,feldpausch_regional,0.18,default,0.0,53.1,30.16,53.1,True,O,30.16,feldpausch,53.1,30.16,0.6306,1323.6409,921.3472,921.3472,1323.6409,921.3472,921.3472,9
JAM_A02,28,Parkia sp.,Fabaceae,498916.9516,8988958.756,0.45,41.0,20131217.0,A,O,0,26.42,26.42,feldpausch_regional,0.18,default,0.0,41.0,26.42,41.0,True,O,26.42,feldpausch,41.0,26.42,0.4553,702.1359,492.9107,492.9107,702.1359,492.9107,492.9107,9
JAM_A02,29,Helicostylis sp.,Moraceae,498923.7594,8988935.57,0.65,47.3,20131217.0,A,O,0,28.48,28.48,feldpausch_regional,0.18,default,0.0,47.3,28.48,47.3,True,O,28.48,feldpausch,47.3,28.48,0.643,998.6669,697.5823,697.5823,998.6669,697.5823,697.5823,9
JAM_A02,30,Parkia sp.,Fabaceae,498912.8396,8988938.462,0.45,50.8,20131217.0,A,O,0,29.51,29.51,feldpausch_regional,0.18,default,0.0,50.8,29.51,50.8,True,O,29.51,feldpausch,50.8,29.51,0.4553,1188.4929,828.3649,828.3649,1188.4929,828.3649,828.3649,9
JAM_A02,31,NI,NI,498901.9725,8988949.314,0.64,36.7,20131217.0,A,O,0,24.86,24.86,feldpausch_regional,0.18,default,0.0,36.7,24.86,36.7,True,O,24.86,feldpausch,36.7,24.86,0.6306,532.9641,375.7608,375.7608,532.9641,375.7608,375.7608,9
JAM_A02,32,Caryocar villosum,Caryocaraceae,498893.5536,8988954.443,0.76,40.2,20131217.0,A,O,0,26.14,26.14,feldpausch_regional,0.18,default,0.0,40.2,26.14,40.2,True,O,26.14,feldpausch,40.2,26.14,0.758,668.6521,469.7508,469.7508,668.6521,469.7508,469.7508,9
JAM_A02,33,Jacaranda copaia,Bignoniaceae,498885.7561,8988940.742,0.35,45.7,20131217.0,A,O,0,27.98,27.98,feldpausch_regional,0.18,default,0.0,45.7,27.98,45.7,True,O,27.98,feldpausch,45.7,27.98,0.3507,917.784,641.8201,641.8201,917.784,641.8201,641.8201,9
JAM_A02,34,Handroanthus serratifolius,Bignoniaceae,498914.2653,8988973.603,0.64,22.0,20131217.0,A,O,0,18.26,18.26,feldpausch_regional,0.18,default,0.0,22.0,18.26,22.0,True,O,18.26,feldpausch,22.0,18.26,0.6306,145.2428,104.9089,104.9089,145.2428,104.9089,104.9089,30
JAM_A02,35,Strychnos subcordata,Loganiaceae,499026.1096,8988991.457,0.54,38.1,20131217.0,A,O,0,25.39,25.39,feldpausch_regional,0.18,default,0.0,38.1,25.39,38.1,True,O,25.39,feldpausch,38.1,25.39,0.6959,585.298,412.0249,412.0249,585.298,412.0249,412.0249,39
JAM_A02,36,Eschweilera coriacea,Lecythidaceae,499027.9089,8988991.51,0.85,56.7,20131217.0,A,O,0,31.11,31.11,feldpausch_regional,0.18,default,0.0,56.7,31.11,56.7,True,O,31.11,feldpausch,56.7,31.11,0.8521,1550.6909,1077.5013,1077.5013,1550.6909,1077.5013,1077.5013,39
JAM_A02,107a,Dinizia excelsa,Fabaceae,499028.0751,8988991.22,0.94,140.0,20131217.0,A,O,0,42.73,42.73,feldpausch_regional,0.18,default,0.0,140.0,42.73,140.0,True,O,42.73,feldpausch,140.0,42.73,0.9054,12339.5101,8516.3802,8516.3802,12339.5101,8516.3802,8516.3802,39
JAM_A02,37,Lecythis idatimon,Lecythidaceae,499027.6331,8988993.171,0.82,14.3,20131217.0,A,O,0,13.69,13.69,feldpausch_regional,0.18,default,0.0,14.3,13.69,14.3,True,O,13.69,feldpausch,14.3,13.69,0.7986,47.294,35.0195,35.0195,47.294,35.0195,35.0195,39
JAM_A02,38,Hymenaea intermedia,Fabaceae,499030.229,8988990.596,0.82,55.0,20131217.0,A,O,0,30.67,30.67,feldpausch_regional,0.18,default,0.0,55.0,30.67,55.0,True,O,30.67,feldpausch,55.0,30.67,0.82,1441.0575,1002.113,1002.113,1441.0575,1002.113,1002.113,39
JAM_A02,39,Parkia sp.,Fabaceae,499035.5247,8988988.984,0.45,23.3,20131217.0,A,O,0,18.94,18.94,feldpausch_regional,0.18,default,0.0,23.3,18.94,23.3,True,O,18.94,feldpausch,23.3,18.94,0.4553,168.3691,121.2462,121.2462,168.3691,121.2462,121.2462,39
JAM_A02,40,Euterpe oleracea,Arecaceae,499035.5689,8988988.789,0.41,13.8,20131217.0,A,P,0,13.36,13.36,feldpausch_regional,0.18,default,0.0,13.8,13.36,13.8,True,P,13.36,feldpausch,13.8,13.36,0.3877,43.0816,,,43.0816,,,39
JAM_A02,41,Poeppigia sp.,Fabaceae,499045.2477,8988993.588,0.69,10.2,20131217.0,A,O,0,10.78,10.78,feldpausch_regional,0.18,default,0.0,10.2,10.78,10.2,True,O,10.78,feldpausch,10.2,10.78,0.735,19.368,14.6535,14.6535,19.368,14.6535,14.6535,39
JAM_A02,42,Eschweilera grandifolia,Lecythidaceae,499051.3335,8988993.373,0.88,48.2,20131217.0,A,O,0,28.75,28.75,feldpausch_regional,0.18,default,0.0,48.2,28.75,48.2,True,O,28.75,feldpausch,48.2,28.75,0.8314,1045.6806,729.994,729.994,1045.6806,729.994,729.994,39
JAM_A02,43,Virola elongata,Myristicaceae,499062.2153,8988991.531,0.52,18.6,20131217.0,A,O,0,16.36,16.36,feldpausch_regional,0.18,default,0.0,18.6,16.36,18.6,True,O,16.36,feldpausch,18.6,16.36,0.5233,94.0161,68.5425,68.5425,94.0161,68.5425,68.5425,39
JAM_A02,44,Protium hepytaphillum ,Burseraceae,499053.5095,8988992.651,0.63,13.4,20131217.0,A,O,0,13.08,13.08,feldpausch_regional,0.18,default,0.0,13.4,13.08,13.4,True,O,13.08,feldpausch,13.4,13.08,0.5773,39.8454,29.6247,29.6247,39.8454,29.6247,29.6247,39
JAM_A02,45,Heisteria densifrons,Olacaceae,499057.7644,8988993.855,0.65,10.5,20131217.0,A,O,0,11.0,11.0,feldpausch_regional,0.18,default,0.0,10.5,11.0,10.5,True,O,11.0,feldpausch,10.5,11.0,0.65,20.9036,15.7869,15.7869,20.9036,15.7869,15.7869,39
JAM_A02,46,Mouriri collocarpa,Melastomataceae,499059.7922,8988989.791,0.83,17.8,20131217.0,A,O,0,15.89,15.89,feldpausch_regional,0.18,default,0.0,17.8,15.89,17.8,True,O,15.89,feldpausch,17.8,15.89,0.8333,83.8644,61.2941,61.2941,83.8644,61.2941,61.2941,39
JAM_A02,47,Maquira sclerophylla,Moraceae,499058.6149,8988989.659,0.53,11.0,20131217.0,A,O,0,11.38,11.38,feldpausch_regional,0.18,default,0.0,11.0,11.38,11.0,True,O,11.38,feldpausch,11.0,11.38,0.5135,23.6621,17.8143,17.8143,23.6621,17.8143,17.8143,39
JAM_A02,48,Astronium gracile,Anacardiaceae,499065.6119,8988989.863,0.73,42.8,20131217.0,A,O,0,27.04,27.04,feldpausch_regional,0.18,default,0.0,42.8,27.04,42.8,True,O,27.04,feldpausch,42.8,27.04,0.73,781.0475,547.4298,547.4298,781.0475,547.4298,547.4298,39
JAM_A02,49,,,499057.544,8988985.504,,35.1,20131217.0,D,O,0,24.25,24.25,feldpausch_regional,0.18,default,0.0,35.1,24.25,35.1,False,O,24.25,feldpausch,35.1,24.25,0.6306,476.8468,476.8468,500.5547,476.8468,476.8468,500.5547,10
JAM_A02,62a,Luehea speciosa,Malvaceae,499069.9709,8988975.069,0.51,61.0,20131217.0,A,O,0,32.17,32.17,feldpausch_regional,0.18,default,0.0,61.0,32.17,61.0,True,O,32.17,feldpausch,61.0,32.17,0.5766,1847.9779,1281.7818,1281.7818,1847.9779,1281.7818,1281.7818,10
JAM_A02,50,NI,NI,499069.0135,8988973.077,0.64,52.8,20131217.0,A,O,0,30.07,30.07,feldpausch_regional,0.18,default,0.0,52.8,30.07,52.8,True,O,30.07,feldpausch,52.8,30.07,0.6306,1305.2699,908.7417,908.7417,1305.2699,908.7417,908.7417,10
JAM_A02,51,Eschweilera grandifolia,Lecythidaceae,499065.8893,8988960.223,0.88,38.4,20131217.0,A,O,0,25.5,25.5,feldpausch_regional,0.18,default,0.0,38.4,25.5,38.4,True,O,25.5,feldpausch,38.4,25.5,0.8314,596.8407,420.0218,420.0218,596.8407,420.0218,420.0218,10
JAM_A02,52,Astronium gracile,Anacardiaceae,499075.8851,8988960.515,0.73,80.5,20131217.0,A,O,0,36.11,36.11,feldpausch_regional,0.18,default,0.0,80.5,36.11,80.5,True,O,36.11,feldpausch,80.5,36.11,0.73,3554.8287,2453.5251,2453.5251,3554.8287,2453.5251,2453.5251,10
JAM_A02,53,Minquartia guianensis,Olacaceae,499066.6579,8988952.392,0.77,39.4,20131217.0,A,O,0,25.86,25.86,feldpausch_regional,0.18,default,0.0,39.4,25.86,39.4,True,O,25.86,feldpausch,39.4,25.86,0.7867,636.2016,447.2826,447.2826,636.2016,447.2826,447.2826,10
JAM_A02,54,Hymenolobium petraeum,Fabaceae,499068.0995,8988950.471,0.71,50.2,20131217.0,A,O,0,29.34,29.34,feldpausch_regional,0.18,default,0.0,50.2,29.34,50.2,True,O,29.34,feldpausch,50.2,29.34,0.7125,1154.7166,805.099,805.099,1154.7166,805.099,805.099,10
JAM_A02,55,NI,NI,499071.5403,8988948.608,0.64,51.6,20131217.0,A,O,0,29.74,29.74,feldpausch_regional,0.18,default,0.0,51.6,29.74,51.6,True,O,29.74,feldpausch,51.6,29.74,0.6306,1234.6211,860.1056,860.1056,1234.6211,860.1056,860.1056,10
JAM_A02,56,Clarisia racemosa,Moraceae,499053.548,8988948.082,0.59,51.1,20131217.0,A,O,0,29.6,29.6,feldpausch_regional,0.18,default,0.0,51.1,29.6,51.1,True,O,29.6,feldpausch,51.1,29.6,0.5854,1205.8103,840.2681,840.2681,1205.8103,840.2681,840.2681,10
JAM_A02,57,Peltogyne leicointei,Fabaceae,499059.6809,8988969.859,0.8,44.4,20131217.0,A,O,0,27.56,27.56,feldpausch_regional,0.18,default,0.0,44.4,27.56,44.4,True,O,27.56,feldpausch,44.4,27.56,0.7926,854.8005,598.3755,598.3755,854.8005,598.3755,598.3755,10
JAM_A02,61a,NI,NI,499052.0208,8988972.58,0.64,47.7,20131217.0,A,O,0,28.6,28.6,feldpausch_regional,0.18,default,0.0,47.7,28.6,47.7,True,O,28.6,feldpausch,47.7,28.6,0.6306,1019.3934,711.8748,711.8748,1019.3934,711.8748,711.8748,10
JAM_A02,58,Brosimum rubescens,Moraceae,499046.1289,8988967.499,0.83,47.2,20131217.0,A,O,0,28.45,28.45,feldpausch_regional,0.18,default,0.0,47.2,28.45,47.2,True,O,28.45,feldpausch,47.2,28.45,0.8251,993.5272,694.0372,694.0372,993.5272,694.0372,694.0372,10
JAM_A02,60a,,,499045.1393,8988976.306,,45.9,20131217.0,D,O,0,28.04,28.04,feldpausch_regional,0.18,default,0.0,45.9,28.04,45.9,False,O,28.04,feldpausch,45.9,28.04,0.6306,927.5779,927.5779,973.6953,927.5779,927.5779,973.6953,10
JAM_A02,59,Peltogyne leicointei,Fabaceae,499172.1741,8989002.499,0.8,22.0,20131217.0,A,O,0,18.26,18.26,feldpausch_regional,0.18,default,0.0,22.0,18.26,22.0,True,O,18.26,feldpausch,22.0,18.26,0.7926,145.2428,104.9089,104.9089,145.2428,104.9089,104.9089,40
JAM_A02,60,Miconia surinamensis,NI,499174.2435,8989002.816,0.61,11.9,20131217.0,A,O,0,12.03,12.03,feldpausch_regional,0.18,default,0.0,11.9,12.03,11.9,True,O,12.03,feldpausch,11.9,12.03,0.6228,29.1251,21.8178,21.8178,29.1251,21.8178,21.8178,40
JAM_A02,61,Dinizia excelsa,Fabaceae,499191.5157,8989003.797,0.94,130.5,20131217.0,A,O,0,42.02,42.02,feldpausch_regional,0.18,default,0.0,130.5,42.02,130.5,True,O,42.02,feldpausch,130.5,42.02,0.9054,10583.4073,7299.0701,7299.0701,10583.4073,7299.0701,7299.0701,40
JAM_A02,62,Pseudopiptadenia suaveolens,Fabaceae,499195.9406,8989004.547,0.68,12.5,20131217.0,A,O,0,12.46,12.46,feldpausch_regional,0.18,default,0.0,12.5,12.46,12.5,True,O,12.46,feldpausch,12.5,12.46,0.6797,33.1783,24.775,24.775,33.1783,24.775,24.775,40
JAM_A02,63,,,499200.9916,8989005.134,,11.5,20131217.0,D,O,0,11.75,11.75,feldpausch_regional,0.18,default,0.0,11.5,11.75,11.5,False,O,11.75,feldpausch,11.5,11.75,0.6306,26.6256,26.6256,27.9494,26.6256,26.6256,27.9494,40
JAM_A02,64,Neea oppositifolia,Nyctaginaceae,499201.9174,8989004.986,0.89,11.1,20131217.0,A,O,0,11.45,11.45,feldpausch_regional,0.18,default,0.0,11.1,11.45,11.1,True,O,11.45,feldpausch,11.1,11.45,0.893,24.2284,18.2309,18.2309,24.2284,18.2309,18.2309,40
JAM_A02,65,Tachigali myrmecophila,Fabaceae,499205.0579,8989005.564,0.53,10.9,20131217.0,A,O,0,11.3,11.3,feldpausch_regional,0.18,default,0.0,10.9,11.3,10.9,True,O,11.3,feldpausch,10.9,11.3,0.476,23.0846,17.3912,17.3912,23.0846,17.3912,17.3912,40
JAM_A02,66,Attalea speciosa,Arecaceae,499210.5531,8989004.379,0.33,26.6,20131217.0,A,P,0,20.58,20.58,feldpausch_regional,0.18,default,0.0,26.6,20.58,26.6,True,P,20.58,feldpausch,26.6,20.58,0.326,236.4571,,,236.4571,,,40
JAM_A02,67,Dialium guianense,Fabaceae,499216.3588,8989009.002,0.89,13.8,20131217.0,A,O,0,13.36,13.36,feldpausch_regional,0.18,default,0.0,13.8,13.36,13.8,True,O,13.36,feldpausch,13.8,13.36,0.8964,43.0816,31.9689,31.9689,43.0816,31.9689,31.9689,40
JAM_A02,68,Dinizia excelsa,Fabaceae,499208.7121,8988995.787,0.94,100.0,20131217.0,A,O,0,38.96,38.96,feldpausch_regional,0.18,default,0.0,100.0,38.96,100.0,True,O,38.96,feldpausch,100.0,38.96,0.9054,5846.6188,4028.8933,4028.8933,5846.6188,4028.8933,4028.8933,11
JAM_A02,86a,Pradosia praealta,Sapotaceae,499201.1324,8988992.361,0.73,42.3,20131217.0,A,O,0,26.87,26.87,feldpausch_regional,0.18,default,0.0,42.3,26.87,42.3,True,O,26.87,feldpausch,42.3,26.87,0.7378,758.6515,531.9627,531.9627,758.6515,531.9627,531.9627,11
JAM_A02,87a,Clarisia racemosa,Moraceae,499193.6885,8988987.945,0.59,59.2,20131217.0,A,O,0,31.74,31.74,feldpausch_regional,0.18,default,0.0,59.2,31.74,59.2,True,O,31.74,feldpausch,59.2,31.74,0.5854,1720.2874,1194.0358,1194.0358,1720.2874,1194.0358,1194.0358,11
JAM_A02,69,,,499196.6358,8988981.123,,35.9,20131217.0,D,O,0,24.56,24.56,feldpausch_regional,0.18,default,0.0,35.9,24.56,35.9,False,O,24.56,feldpausch,35.9,24.56,0.6306,504.5079,504.5079,529.591,504.5079,504.5079,529.591,11
JAM_A02,70,Rinorea guianensis,Violaceae,499181.9793,8988985.283,0.78,50.1,20131217.0,A,O,0,29.31,29.31,feldpausch_regional,0.18,default,0.0,50.1,29.31,50.1,True,O,29.31,feldpausch,50.1,29.31,0.78,1149.0829,801.2238,801.2238,1149.0829,801.2238,801.2238,11
JAM_A02,71,Ocotea canaliculata,Lauraceae,499187.6025,8988973.621,0.48,42.0,20131217.0,A,O,0,26.77,26.77,feldpausch_regional,0.18,default,0.0,42.0,26.77,42.0,True,O,26.77,feldpausch,42.0,26.77,0.4793,745.4665,522.8468,522.8468,745.4665,522.8468,522.8468,11
JAM_A02,72,Licania canescens,Chrysobalanaceae,499178.1139,8988962.099,0.88,46.1,20131217.0,A,O,0,28.1,28.1,feldpausch_regional,0.18,default,0.0,46.1,28.1,46.1,True,O,28.1,feldpausch,46.1,28.1,0.88,937.4374,655.3949,655.3949,937.4374,655.3949,655.3949,11
JAM_A02,73,Helicostylis sp.,Moraceae,499183.6491,8988958.42,0.65,44.4,20131217.0,A,O,0,27.56,27.56,feldpausch_regional,0.18,default,0.0,44.4,27.56,44.4,True,O,27.56,feldpausch,44.4,27.56,0.643,854.8005,598.3755,598.3755,854.8005,598.3755,598.3755,11
JAM_A02,74,Peltogyne leicointei,Fabaceae,499193.0018,8988970.932,0.8,36.4,20131217.0,A,O,0,24.75,24.75,feldpausch_regional,0.18,default,0.0,36.4,24.75,36.4,True,O,24.75,feldpausch,36.4,24.75,0.7926,522.2278,368.3043,368.3043,522.2278,368.3043,368.3043,11
JAM_A02,75,Clarisia racemosa,Moraceae,499199.719,8988973.311,0.59,53.2,20131217.0,A,O,0,30.18,30.18,feldpausch_regional,0.18,default,0.0,53.2,30.18,53.2,True,O,30.18,feldpausch,53.2,30.18,0.5854,1329.3709,925.3224,925.3224,1329.3709,925.3224,925.3224,11
JAM_A02,76,Peltogyne leicointei,Fabaceae,499200.6217,8988959.384,0.8,37.6,20131217.0,A,O,0,25.2,25.2,feldpausch_regional,0.18,default,0.0,37.6,25.2,37.6,True,O,25.2,feldpausch,37.6,25.2,0.7926,566.2318,398.8236,398.8236,566.2318,398.8236,398.8236,11
JAM_A02,77,Helicostylis sp.,Moraceae,499202.6185,8988959.497,0.65,39.8,20131217.0,A,O,0,26.0,26.0,feldpausch_regional,0.18,default,0.0,39.8,26.0,39.8,True,O,26.0,feldpausch,39.8,26.0,0.643,652.2986,458.4308,458.4308,652.2986,458.4308,458.4308,11
JAM_A02,78,Couratari stellata,Lecythidaceae,499223.4967,8988968.67,0.63,78.5,20131217.0,A,O,0,35.76,35.76,feldpausch_regional,0.18,default,0.0,78.5,35.76,78.5,True,O,35.76,feldpausch,78.5,35.76,0.6331,3352.4494,2314.6106,2314.6106,3352.4494,2314.6106,2314.6106,11
JAM_A02,79,Virola crebrinervia,Myristicaceae,499224.3593,8988969.718,0.5,51.0,20131217.0,A,O,0,29.57,29.57,feldpausch_regional,0.18,default,0.0,51.0,29.57,51.0,True,O,29.57,feldpausch,51.0,29.57,0.4734,1200.0202,836.2886,836.2886,1200.0202,836.2886,836.2886,11
JAM_A02,80,,,499224.7266,8988981.72,,59.0,20131217.0,D,O,0,31.69,31.69,feldpausch_regional,0.18,default,0.0,59.0,31.69,59.0,False,O,31.69,feldpausch,59.0,31.69,0.6306,1706.3335,1706.3335,1791.1692,1706.3335,1706.3335,1791.1692,11
JAM_A02,1,Luehea speciosa,Malvaceae,498840.0732,8987965.526,0.51,19.9,20131215.0,A,O,0,17.11,17.11,feldpausch_regional,0.18,default,0.0,19.9,17.11,19.9,True,O,17.11,feldpausch,19.9,17.11,0.5766,112.066,81.3887,81.3887,112.066,81.3887,81.3887,41
JAM_A02,2,Zygia racemosa,Fabaceae,498840.6286,8987964.846,0.75,30.1,20131215.0,A,O,0,22.17,22.17,feldpausch_regional,0.18,default,0.0,30.1,22.17,30.1,True,O,22.17,feldpausch,30.1,22.17,0.748,323.6606,230.1594,230.1594,323.6606,230.1594,230.1594,41
JAM_A02,3,Vismia floribunda,Hypericaceae,498839.348,8987949.508,0.47,61.2,20131215.0,A,O,0,32.22,32.22,feldpausch_regional,0.18,default,0.0,61.2,32.22,61.2,True,O,32.22,feldpausch,61.2,32.22,0.4909,1862.6446,1291.8408,1291.8408,1862.6446,1291.8408,1291.8408,4
JAM_A02,4,Poeppigia sp.,Fabaceae,498843.1068,8987952.637,0.69,40.0,20131215.0,A,O,0,26.07,26.07,feldpausch_regional,0.18,default,0.0,40.0,26.07,40.0,True,O,26.07,feldpausch,40.0,26.07,0.735,660.4431,464.0693,464.0693,660.4431,464.0693,464.0693,4
JAM_A02,5,Tetragastris panamensis,Burseraceae,498846.6887,8987964.256,0.73,22.0,20131215.0,A,O,0,18.26,18.26,feldpausch_regional,0.18,default,0.0,22.0,18.26,22.0,True,O,18.26,feldpausch,22.0,18.26,0.7173,145.2428,104.9089,104.9089,145.2428,104.9089,104.9089,41
JAM_A02,6,Helicostylis sp.,Moraceae,498852.6453,8987964.962,0.65,16.5,20131215.0,A,O,0,15.1,15.1,feldpausch_regional,0.18,default,0.0,16.5,15.1,16.5,True,O,15.1,feldpausch,16.5,15.1,0.643,68.8131,50.5162,50.5162,68.8131,50.5162,50.5162,41
JAM_A02,7,Pseudopiptadenia suaveolens,Fabaceae,498853.145,8987964.98,0.68,19.6,20131215.0,A,O,0,16.94,16.94,feldpausch_regional,0.18,default,0.0,19.6,16.94,19.6,True,O,16.94,feldpausch,19.6,16.94,0.6797,107.7368,78.311,78.311,107.7368,78.311,78.311,41
JAM_A02,142a,Hymenolobium petraeum,Fabaceae,498855.984,8987967.077,0.71,85.6,20131215.0,A,O,0,36.94,36.94,feldpausch_regional,0.18,default,0.0,85.6,36.94,85.6,True,O,36.94,feldpausch,85.6,36.94,0.7125,4097.5706,2826.3078,2826.3078,4097.5706,2826.3078,2826.3078,41
JAM_A02,8,Tachigali paniculata,Fabaceae,498859.1812,8987964.689,0.56,10.8,20131215.0,A,O,0,11.23,11.23,feldpausch_regional,0.18,default,0.0,10.8,11.23,10.8,True,O,11.23,feldpausch,10.8,11.23,0.5545,22.5359,16.987,16.987,22.5359,16.987,16.987,41
JAM_A02,9,Pourouma minor,Urticaceae,498859.6818,8987967.205,0.44,15.5,20131215.0,A,O,0,14.47,14.47,feldpausch_regional,0.18,default,0.0,15.5,14.47,15.5,True,O,14.47,feldpausch,15.5,14.47,0.436,58.4259,43.0513,43.0513,58.4259,43.0513,43.0513,41
JAM_A02,141a,Hymenolobium petraeum,Fabaceae,498861.6974,8987958.279,0.71,80.0,20131215.0,A,O,0,36.02,36.02,feldpausch_regional,0.18,default,0.0,80.0,36.02,80.0,True,O,36.02,feldpausch,80.0,36.02,0.7125,3503.3135,2418.1999,2418.1999,3503.3135,2418.1999,2418.1999,4
JAM_A02,10,Ocotea sp.,Lauraceae,498864.6629,8987967.578,0.5,10.1,20131215.0,A,O,0,10.7,10.7,feldpausch_regional,0.18,default,0.0,10.1,10.7,10.1,True,O,10.7,feldpausch,10.1,10.7,0.5245,18.8614,14.2803,14.2803,18.8614,14.2803,14.2803,41
JAM_A02,11,Protium hepytaphillum ,Burseraceae,498870.4514,8987967.878,0.63,24.9,20131215.0,A,O,0,19.75,19.75,feldpausch_regional,0.18,default,0.0,24.9,19.75,24.9,True,O,19.75,feldpausch,24.9,19.75,0.5773,199.6711,143.2953,143.2953,199.6711,143.2953,143.2953,41
JAM_A02,12,Tachigali alba,Fabaceae,498869.4352,8987965.544,0.56,11.5,20131215.0,A,O,0,11.75,11.75,feldpausch_regional,0.18,default,0.0,11.5,11.75,11.5,True,O,11.75,feldpausch,11.5,11.75,0.5573,26.6256,19.9869,19.9869,26.6256,19.9869,19.9869,41
JAM_A02,13,Virola crebrinervia,Myristicaceae,498872.85,8987956.666,0.5,74.1,20131215.0,A,O,0,34.96,34.96,feldpausch_regional,0.18,default,0.0,74.1,34.96,74.1,True,O,34.96,feldpausch,74.1,34.96,0.4734,2930.0264,2024.591,2024.591,2930.0264,2024.591,2024.591,4
JAM_A02,20a,Hymenolobium petraeum,Fabaceae,498875.0876,8987953.745,0.71,58.5,20131215.0,A,O,0,31.57,31.57,feldpausch_regional,0.18,default,0.0,58.5,31.57,58.5,True,O,31.57,feldpausch,58.5,31.57,0.7125,1672.0179,1160.8545,1160.8545,1672.0179,1160.8545,1160.8545,4
JAM_A02,21a,Inga alba,Fabaceae,498881.8446,8987956.977,0.59,42.0,20131215.0,A,O,0,26.77,26.77,feldpausch_regional,0.18,default,0.0,42.0,26.77,42.0,True,O,26.77,feldpausch,42.0,26.77,0.5861,745.4665,522.8468,522.8468,745.4665,522.8468,522.8468,4
JAM_A02,14,Pouteria gongrijpii,Sapotaceae,498884.9136,8987931.094,0.8,42.1,20131215.0,A,O,0,26.8,26.8,feldpausch_regional,0.18,default,0.0,42.1,26.8,42.1,True,O,26.8,feldpausch,42.1,26.8,0.7994,749.7542,525.821,525.821,749.7542,525.821,525.821,4
JAM_A02,15,Tachigali alba,Fabaceae,498868.6844,8987933.531,0.56,48.0,20131215.0,A,O,0,28.69,28.69,feldpausch_regional,0.18,default,0.0,48.0,28.69,48.0,True,O,28.69,feldpausch,48.0,28.69,0.5573,1035.115,722.7124,722.7124,1035.115,722.7124,722.7124,4
JAM_A02,16,Helicostylis sp.,Moraceae,498866.0842,8987928.443,0.65,49.7,20131215.0,A,O,0,29.19,29.19,feldpausch_regional,0.18,default,0.0,49.7,29.19,49.7,True,O,29.19,feldpausch,49.7,29.19,0.643,1126.7222,785.8393,785.8393,1126.7222,785.8393,785.8393,4
JAM_A02,17,Guatteria schomburgkiana,Annonaceae,498863.6874,8987933.358,0.6,43.2,20131215.0,A,O,0,27.17,27.17,feldpausch_regional,0.18,default,0.0,43.2,27.17,43.2,True,O,27.17,feldpausch,43.2,27.17,0.6,799.0914,559.9023,559.9023,799.0914,559.9023,559.9023,4
JAM_A02,18,Sloanea guianensis,Elaeocarpaceae,498984.5582,8987975.224,0.82,18.1,20131215.0,A,O,0,16.07,16.07,feldpausch_regional,0.18,default,0.0,18.1,16.07,18.1,True,O,16.07,feldpausch,18.1,16.07,0.8212,87.6034,63.9643,63.9643,87.6034,63.9643,63.9643,31
JAM_A02,19,Bowdichia nitida,Fabaceae,498992.7789,8987973.823,0.81,19.2,20131215.0,A,O,0,16.71,16.71,feldpausch_regional,0.18,default,0.0,19.2,16.71,19.2,True,O,16.71,feldpausch,19.2,16.71,0.8033,102.115,74.3116,74.3116,102.115,74.3116,74.3116,31
JAM_A02,20,Couratari stellata,Lecythidaceae,499000.092,8987955.166,0.63,36.7,20131215.0,A,O,0,24.86,24.86,feldpausch_regional,0.18,default,0.0,36.7,24.86,36.7,True,O,24.86,feldpausch,36.7,24.86,0.6331,532.9641,375.7608,375.7608,532.9641,375.7608,375.7608,5
JAM_A02,21,Nectandra cuspidata,Lauraceae,498997.3853,8987973.347,0.56,18.1,20131215.0,A,O,0,16.07,16.07,feldpausch_regional,0.18,default,0.0,18.1,16.07,18.1,True,O,16.07,feldpausch,18.1,16.07,0.518,87.6034,63.9643,63.9643,87.6034,63.9643,63.9643,31
JAM_A02,22,Helicostylis sp.,Moraceae,499000.5036,8987972.197,0.65,14.8,20131215.0,A,O,0,14.02,14.02,feldpausch_regional,0.18,default,0.0,14.8,14.02,14.8,True,O,14.02,feldpausch,14.8,14.02,0.643,51.7652,38.2492,38.2492,51.7652,38.2492,38.2492,31
JAM_A02,23,Thyrsodium paraense,Anacardiaceae,499002.7502,8987975.309,0.61,11.0,20131215.0,A,O,0,11.38,11.38,feldpausch_regional,0.18,default,0.0,11.0,11.38,11.0,True,O,11.38,feldpausch,11.0,11.38,0.645,23.6621,17.8143,17.8143,23.6621,17.8143,17.8143,31
JAM_A02,24,Buchenavia congesta,Combretaceae,499005.3318,8987970.431,0.71,55.0,20131215.0,A,O,0,30.67,30.67,feldpausch_regional,0.18,default,0.0,55.0,30.67,55.0,True,O,30.67,feldpausch,55.0,30.67,0.7031,1441.0575,1002.113,1002.113,1441.0575,1002.113,1002.113,5
JAM_A02,25,Poeppigia sp.,Fabaceae,499007.255,8987974.928,0.69,18.1,20131215.0,A,O,0,16.07,16.07,feldpausch_regional,0.18,default,0.0,18.1,16.07,18.1,True,O,16.07,feldpausch,18.1,16.07,0.735,87.6034,63.9643,63.9643,87.6034,63.9643,63.9643,31
JAM_A02,26,Clarisia racemosa,Moraceae,499013.0295,8987976.31,0.59,20.8,20131215.0,A,O,0,17.61,17.61,feldpausch_regional,0.18,default,0.0,20.8,17.61,20.8,True,O,17.61,feldpausch,20.8,17.61,0.5854,125.6555,91.0369,91.0369,125.6555,91.0369,91.0369,31
JAM_A02,27,Helicostylis sp.,Moraceae,499013.3461,8987975.324,0.65,13.9,20131215.0,A,O,0,13.42,13.42,feldpausch_regional,0.18,default,0.0,13.9,13.42,13.9,True,O,13.42,feldpausch,13.9,13.42,0.643,43.8846,32.553,32.553,43.8846,32.553,32.553,31
JAM_A02,28,Minquartia guianensis,Olacaceae,499013.2496,8987975.119,0.77,11.2,20131215.0,A,O,0,11.53,11.53,feldpausch_regional,0.18,default,0.0,11.2,11.53,11.2,True,O,11.53,feldpausch,11.2,11.53,0.7867,24.8245,18.6669,18.6669,24.8245,18.6669,18.6669,31
JAM_A02,29,Tetragastris panamensis,Burseraceae,499012.8567,8987968.796,0.73,36.3,20131215.0,A,O,0,24.71,24.71,feldpausch_regional,0.18,default,0.0,36.3,24.71,36.3,True,O,24.71,feldpausch,36.3,24.71,0.7173,518.6116,365.7991,365.7991,518.6116,365.7991,365.7991,5
JAM_A02,117a,Tetragastris altissima,Burseraceae,499014.8375,8987969.893,0.71,70.0,20131215.0,A,O,0,34.15,34.15,feldpausch_regional,0.18,default,0.0,70.0,34.15,70.0,True,O,34.15,feldpausch,70.0,34.15,0.7079,2562.6034,1772.4302,1772.4302,2562.6034,1772.4302,1772.4302,5
JAM_A02,30,Helicostylis sp.,Moraceae,499015.1693,8987973.912,0.65,42.1,20131215.0,A,O,0,26.8,26.8,feldpausch_regional,0.18,default,0.0,42.1,26.8,42.1,True,O,26.8,feldpausch,42.1,26.8,0.643,749.7542,525.821,525.821,749.7542,525.821,525.821,31
JAM_A02,31,Inga alba,Fabaceae,499014.7123,8987977.292,0.59,37.4,20131215.0,A,O,0,25.13,25.13,feldpausch_regional,0.18,default,0.0,37.4,25.13,37.4,True,O,25.13,feldpausch,37.4,25.13,0.5861,558.8483,393.6952,393.6952,558.8483,393.6952,393.6952,31
JAM_A02,32,,,499018.7735,8987973.587,,27.5,20131215.0,D,O,0,21.0,21.0,feldpausch_regional,0.18,default,0.0,27.5,21.0,27.5,False,O,21.0,feldpausch,27.5,21.0,0.6306,257.35,257.35,270.1449,257.35,257.35,270.1449,31
JAM_A02,33,Maquira sclerophylla,Moraceae,499026.114,8987976.947,0.53,40.0,20131215.0,A,O,0,26.07,26.07,feldpausch_regional,0.18,default,0.0,40.0,26.07,40.0,True,O,26.07,feldpausch,40.0,26.07,0.5135,660.4431,464.0693,464.0693,660.4431,464.0693,464.0693,31
JAM_A02,42a,Pourouma minor,Urticaceae,499020.4494,8987963.162,0.44,43.8,20131215.0,A,O,0,27.37,27.37,feldpausch_regional,0.18,default,0.0,43.8,27.37,43.8,True,O,27.37,feldpausch,43.8,27.37,0.436,826.796,579.0265,579.0265,826.796,579.0265,579.0265,5
JAM_A02,34,Pourouma minor,Urticaceae,499020.534,8987958.162,0.44,47.1,20131215.0,A,O,0,28.41,28.41,feldpausch_regional,0.18,default,0.0,47.1,28.41,47.1,True,O,28.41,feldpausch,47.1,28.41,0.436,988.0648,690.3046,690.3046,988.0648,690.3046,690.3046,5
JAM_A02,35,Pseudopiptadenia suaveolens,Fabaceae,499016.293,8987942.946,0.68,43.0,20131215.0,A,O,0,27.1,27.1,feldpausch_regional,0.18,default,0.0,43.0,27.1,43.0,True,O,27.1,feldpausch,43.0,27.1,0.6797,789.8946,553.5607,553.5607,789.8946,553.5607,553.5607,5
JAM_A02,36,Pouteria guianensis,Sapotaceae,499030.4626,8987932.628,0.93,49.8,20131215.0,A,O,0,29.22,29.22,feldpausch_regional,0.18,default,0.0,49.8,29.22,49.8,True,O,29.22,feldpausch,49.8,29.22,0.9295,1132.2863,789.668,789.668,1132.2863,789.668,789.668,5
JAM_A02,37,Pourouma minor,Urticaceae,499012.1624,8987950.75,0.44,43.5,20131215.0,A,O,0,27.27,27.27,feldpausch_regional,0.18,default,0.0,43.5,27.27,43.5,True,O,27.27,feldpausch,43.5,27.27,0.436,812.8687,569.4144,569.4144,812.8687,569.4144,569.4144,5
JAM_A02,38,Tapirira guianensis,Anacardiaceae,499011.1805,8987949.702,0.46,41.2,20131215.0,A,O,0,26.49,26.49,feldpausch_regional,0.18,default,0.0,41.2,26.49,41.2,True,O,26.49,feldpausch,41.2,26.49,0.457,710.6701,498.8098,498.8098,710.6701,498.8098,498.8098,5
JAM_A02,39,Clarisia racemosa,Moraceae,499012.3824,8987937.752,0.59,44.9,20131215.0,A,O,0,27.72,27.72,feldpausch_regional,0.18,default,0.0,44.9,27.72,44.9,True,O,27.72,feldpausch,44.9,27.72,0.5854,878.6415,614.8328,614.8328,878.6415,614.8328,614.8328,5
JAM_A02,41,Pourouma minor,Urticaceae,498996.2659,8987944.973,0.44,38.4,20131215.0,A,O,0,25.5,25.5,feldpausch_regional,0.18,default,0.0,38.4,25.5,38.4,True,O,25.5,feldpausch,38.4,25.5,0.436,596.8407,420.0218,420.0218,596.8407,420.0218,420.0218,5
JAM_A02,42,Couratari stellata,Lecythidaceae,498999.2286,8987947.118,0.63,35.6,20131215.0,A,O,0,24.44,24.44,feldpausch_regional,0.18,default,0.0,35.6,24.44,35.6,True,O,24.44,feldpausch,35.6,24.44,0.6331,493.9442,348.6794,348.6794,493.9442,348.6794,348.6794,5
JAM_A02,43,Guatteria schomburgkiana,Annonaceae,498986.5146,8987930.489,0.6,37.4,20131215.0,A,O,0,25.13,25.13,feldpausch_regional,0.18,default,0.0,37.4,25.13,37.4,True,O,25.13,feldpausch,37.4,25.13,0.6,558.8483,393.6952,393.6952,558.8483,393.6952,393.6952,5
JAM_A02,44,Tachigali alba,Fabaceae,499133.1693,8987984.17,0.56,10.0,20131215.0,A,O,0,10.62,10.62,feldpausch_regional,0.18,default,0.0,10.0,10.62,10.0,True,O,10.62,feldpausch,10.0,10.62,0.5573,18.3636,13.9133,13.9133,18.3636,13.9133,13.9133,42
JAM_A02,45,Tetragastris panamensis,Burseraceae,499133.9365,8987985.794,0.73,10.9,20131215.0,A,O,0,11.3,11.3,feldpausch_regional,0.18,default,0.0,10.9,11.3,10.9,True,O,11.3,feldpausch,10.9,11.3,0.7173,23.0846,17.3912,17.3912,23.0846,17.3912,17.3912,42
JAM_A02,46,Vataireopsis speciosa,Fabaceae,499135.5778,8987985.324,0.65,21.0,20131215.0,A,O,0,17.72,17.72,feldpausch_regional,0.18,default,0.0,21.0,17.72,21.0,True,O,17.72,feldpausch,21.0,17.72,0.65,128.8052,93.2699,93.2699,128.8052,93.2699,93.2699,42
JAM_A02,47,Parkia sp.,Fabaceae,499135.495,8987981.48,0.45,26.7,20131215.0,A,O,0,20.62,20.62,feldpausch_regional,0.18,default,0.0,26.7,20.62,26.7,True,O,20.62,feldpausch,26.7,20.62,0.4553,238.6472,170.6751,170.6751,238.6472,170.6751,170.6751,42
JAM_A02,48,Helicostylis sp.,Moraceae,499142.2507,8987986.991,0.65,14.1,20131215.0,A,O,0,13.56,13.56,feldpausch_regional,0.18,default,0.0,14.1,13.56,14.1,True,O,13.56,feldpausch,14.1,13.56,0.643,45.585,33.7821,33.7821,45.585,33.7821,33.7821,42
JAM_A02,49,Peltogyne leicointei,Fabaceae,499144.8984,8987987.675,0.8,40.7,20131215.0,A,O,0,26.32,26.32,feldpausch_regional,0.18,default,0.0,40.7,26.32,40.7,True,O,26.32,feldpausch,40.7,26.32,0.7926,689.5853,484.2193,484.2193,689.5853,484.2193,484.2193,42
JAM_A02,50,Helicostylis sp.,Moraceae,499145.1208,8987984.985,0.65,33.5,20131215.0,A,O,0,23.61,23.61,feldpausch_regional,0.18,default,0.0,33.5,23.61,33.5,True,O,23.61,feldpausch,33.5,23.61,0.643,424.1211,300.1522,300.1522,424.1211,300.1522,300.1522,42
JAM_A02,51,Aspidosperma nitidum,Apocynaceae,499147.7847,8987983.049,0.76,61.6,20131215.0,A,O,0,32.32,32.32,feldpausch_regional,0.18,default,0.0,61.6,32.32,61.6,True,O,32.32,feldpausch,61.6,32.32,0.7635,1892.1967,1312.1046,1312.1046,1892.1967,1312.1046,1312.1046,42
JAM_A02,52,Eschweilera parviflora,Lecythidaceae,499150.647,8987984.772,0.89,61.3,20131215.0,A,O,0,32.25,32.25,feldpausch_regional,0.18,default,0.0,61.3,32.25,61.3,True,O,32.25,feldpausch,61.3,32.25,0.918,1870.2882,1297.053,1297.053,1870.2882,1297.053,1297.053,42
JAM_A02,53,Attalea speciosa,Arecaceae,499151.8514,8987987.165,0.33,26.0,20131215.0,A,P,0,20.29,20.29,feldpausch_regional,0.18,default,0.0,26.0,20.29,26.0,True,P,20.29,feldpausch,26.0,20.29,0.326,223.0468,,,223.0468,,,42
JAM_A02,54,Symphonia globulifera,Clusiaceae,499155.497,8987986.681,0.6,14.7,20131215.0,A,O,0,13.95,13.95,feldpausch_regional,0.18,default,0.0,14.7,13.95,14.7,True,O,13.95,feldpausch,14.7,13.95,0.6004,50.8357,37.5799,37.5799,50.8357,37.5799,37.5799,42
JAM_A02,55,Couratari stellata,Lecythidaceae,499164.1819,8987983.394,0.63,39.5,20131215.0,A,O,0,25.89,25.89,feldpausch_regional,0.18,default,0.0,39.5,25.89,39.5,True,O,25.89,feldpausch,39.5,25.89,0.6331,640.0812,449.9826,449.9826,640.0812,449.9826,449.9826,6
JAM_A02,56,Tachigali alba,Fabaceae,499169.6263,8987990.23,0.56,24.4,20131215.0,A,O,0,19.5,19.5,feldpausch_regional,0.18,default,0.0,24.4,19.5,24.4,True,O,19.5,feldpausch,24.4,19.5,0.5573,189.5481,136.1719,136.1719,189.5481,136.1719,136.1719,42
JAM_A02,57,Vochysia guianensis,Vochysiaceae,499173.0161,8987989.205,0.51,15.6,20131215.0,A,O,0,14.54,14.54,feldpausch_regional,0.18,default,0.0,15.6,14.54,15.6,True,O,14.54,feldpausch,15.6,14.54,0.5087,59.4433,43.7811,43.7811,59.4433,43.7811,43.7811,42
JAM_A02,58,Inga marginata,Fabaceae,499176.7195,8987989.235,0.57,12.6,20131215.0,A,O,0,12.53,12.53,feldpausch_regional,0.18,default,0.0,12.6,12.53,12.6,True,O,12.53,feldpausch,12.6,12.53,0.5518,33.8832,25.2886,25.2886,33.8832,25.2886,25.2886,42
JAM_A02,59,Licania canescens,Chrysobalanaceae,499178.0548,8987980.351,0.88,40.2,20131215.0,A,O,0,26.14,26.14,feldpausch_regional,0.18,default,0.0,40.2,26.14,40.2,True,O,26.14,feldpausch,40.2,26.14,0.88,668.6521,469.7508,469.7508,668.6521,469.7508,469.7508,6
JAM_A02,60,Bertholletia excelsa,Lecythidaceae,499172.0313,8987956.288,0.64,125.0,20131215.0,A,O,0,41.57,41.57,feldpausch_regional,0.18,default,0.0,125.0,41.57,125.0,True,O,41.57,feldpausch,125.0,41.57,0.638,9628.4934,6638.0658,6638.0658,9628.4934,6638.0658,6638.0658,6
JAM_A02,61,Terminalia amazonia,Combretaceae,499169.6399,8987960.986,0.68,90.0,20131215.0,A,O,0,37.61,37.61,feldpausch_regional,0.18,default,0.0,90.0,37.61,90.0,True,O,37.61,feldpausch,90.0,37.61,0.6735,4598.7322,3170.6084,3170.6084,4598.7322,3170.6084,3170.6084,6
JAM_A02,62,Helicostylis sp.,Moraceae,499159.1642,8987954.434,0.65,36.0,20131215.0,A,O,0,24.6,24.6,feldpausch_regional,0.18,default,0.0,36.0,24.6,36.0,True,O,24.6,feldpausch,36.0,24.6,0.643,508.061,358.4672,358.4672,508.061,358.4672,358.4672,6
JAM_A02,63,Tachigali myrmecophila,Fabaceae,499160.3187,8987952.584,0.53,45.0,20131215.0,A,O,0,27.76,27.76,feldpausch_regional,0.18,default,0.0,45.0,27.76,45.0,True,O,27.76,feldpausch,45.0,27.76,0.476,883.7083,618.3034,618.3034,883.7083,618.3034,618.3034,6
JAM_A02,64,NI,NI,499156.8551,8987958.136,0.64,41.0,20131215.0,A,O,0,26.42,26.42,feldpausch_regional,0.18,default,0.0,41.0,26.42,41.0,True,O,26.42,feldpausch,41.0,26.42,0.6306,702.1359,492.9107,492.9107,702.1359,492.9107,492.9107,6
JAM_A02,68a,Clarisia racemosa,Moraceae,499151.0,8987968.385,0.59,58.2,20131215.0,A,O,0,31.49,31.49,feldpausch_regional,0.18,default,0.0,58.2,31.49,58.2,True,O,31.49,feldpausch,58.2,31.49,0.5854,1651.2273,1146.5967,1146.5967,1651.2273,1146.5967,1146.5967,6
JAM_A02,65,NI,NI,499148.2766,8987952.866,0.64,52.6,20131215.0,A,O,0,30.02,30.02,feldpausch_regional,0.18,default,0.0,52.6,30.02,52.6,True,O,30.02,feldpausch,52.6,30.02,0.6306,1293.5335,900.6435,900.6435,1293.5335,900.6435,900.6435,6
JAM_A02,66,Couratari stellata,Lecythidaceae,499279.6623,8988002.401,0.63,18.9,20131215.0,A,O,0,16.54,16.54,feldpausch_regional,0.18,default,0.0,18.9,16.54,18.9,True,O,16.54,feldpausch,18.9,16.54,0.6331,98.0403,71.4077,71.4077,98.0403,71.4077,71.4077,43
JAM_A02,67,,,499280.285,8987998.45,,46.6,20131215.0,D,O,0,28.26,28.26,feldpausch_regional,0.18,default,0.0,46.6,28.26,46.6,False,O,28.26,feldpausch,46.6,28.26,0.6306,962.7068,962.7068,1010.5707,962.7068,962.7068,1010.5707,7
JAM_A02,68,Tachigali alba,Fabaceae,499286.9002,8987989.976,0.56,62.4,20131215.0,A,O,0,32.5,32.5,feldpausch_regional,0.18,default,0.0,62.4,32.5,62.4,True,O,32.5,feldpausch,62.4,32.5,0.5573,1951.0085,1352.5373,1352.5373,1951.0085,1352.5373,1352.5373,7
JAM_A02,69,Tetragastris panamensis,Burseraceae,499288.1447,8988004.412,0.73,33.5,20131215.0,A,O,0,23.61,23.61,feldpausch_regional,0.18,default,0.0,33.5,23.61,33.5,True,O,23.61,feldpausch,33.5,23.61,0.7173,424.1211,300.1522,300.1522,424.1211,300.1522,300.1522,43
JAM_A02,70,Zygia racemosa,Fabaceae,499294.0342,8988001.163,0.75,14.6,20131215.0,A,O,0,13.89,13.89,feldpausch_regional,0.18,default,0.0,14.6,13.89,14.6,True,O,13.89,feldpausch,14.6,13.89,0.748,49.9522,36.9399,36.9399,49.9522,36.9399,36.9399,43
JAM_A02,71,Virola elongata,Myristicaceae,499295.7281,8987999.72,0.52,10.8,20131215.0,A,O,0,11.23,11.23,feldpausch_regional,0.18,default,0.0,10.8,11.23,10.8,True,O,11.23,feldpausch,10.8,11.23,0.5233,22.5359,16.987,16.987,22.5359,16.987,16.987,43
JAM_A02,72,,,499297.7636,8987999.212,,17.9,20131215.0,D,O,0,15.95,15.95,feldpausch_regional,0.18,default,0.0,17.9,15.95,17.9,False,O,15.95,feldpausch,17.9,15.95,0.6306,85.099,85.099,89.3299,85.099,85.099,89.3299,43
JAM_A02,73,Helicostylis sp.,Moraceae,499303.2292,8987999.893,0.65,11.8,20131215.0,A,O,0,11.96,11.96,feldpausch_regional,0.18,default,0.0,11.8,11.96,11.8,True,O,11.96,feldpausch,11.8,11.96,0.643,28.4866,21.3505,21.3505,28.4866,21.3505,21.3505,43
JAM_A02,74,Tetragastris panamensis,Burseraceae,499299.3009,8988001.865,0.73,38.6,20131215.0,A,O,0,25.57,25.57,feldpausch_regional,0.18,default,0.0,38.6,25.57,38.6,True,O,25.57,feldpausch,38.6,25.57,0.7173,604.539,425.3611,425.3611,604.539,425.3611,425.3611,43
JAM_A02,75,Couratari stellata,Lecythidaceae,499301.6694,8987980.634,0.63,45.8,20131215.0,A,O,0,28.01,28.01,feldpausch_regional,0.18,default,0.0,45.8,28.01,45.8,True,O,28.01,feldpausch,45.8,28.01,0.6331,922.6728,645.1973,645.1973,922.6728,645.1973,645.1973,7
JAM_A02,76,Tetragastris panamensis,Burseraceae,499307.7312,8987973.191,0.73,45.0,20131215.0,A,O,0,27.76,27.76,feldpausch_regional,0.18,default,0.0,45.0,27.76,45.0,True,O,27.76,feldpausch,45.0,27.76,0.7173,883.7083,618.3034,618.3034,883.7083,618.3034,618.3034,7
JAM_A02,77,Dimorphandra macrostachya,Fabaceae,499316.4295,8987980.035,0.6,40.9,20131215.0,A,O,0,26.39,26.39,feldpausch_regional,0.18,default,0.0,40.9,26.39,40.9,True,O,26.39,feldpausch,40.9,26.39,0.695,698.0225,490.0535,490.0535,698.0225,490.0535,490.0535,7
JAM_A02,78,Apeiba echinata,Malvaceae,499310.0564,8987989.454,0.28,55.0,20131215.0,A,O,0,30.67,30.67,feldpausch_regional,0.18,default,0.0,55.0,30.67,55.0,True,O,30.67,feldpausch,55.0,30.67,0.2822,1441.0575,1002.113,1002.113,1441.0575,1002.113,1002.113,7
JAM_A02,79,Pouteria gongrijpii,Sapotaceae,499313.6738,8987997.519,0.8,17.1,20131215.0,A,O,0,15.47,15.47,feldpausch_regional,0.18,default,0.0,17.1,15.47,17.1,True,O,15.47,feldpausch,17.1,15.47,0.7994,75.546,55.342,55.342,75.546,55.342,55.342,43
JAM_A02,80,NI,NI,499319.3644,8987994.291,0.64,65.9,20131215.0,A,O,0,33.29,33.29,feldpausch_regional,0.18,default,0.0,65.9,33.29,65.9,True,O,33.29,feldpausch,65.9,33.29,0.6306,2221.7914,1538.4486,1538.4486,2221.7914,1538.4486,1538.4486,7
JAM_A02,82,Tetragastris panamensis,Burseraceae,499295.4622,8987957.985,0.73,41.5,20131215.0,A,O,0,26.59,26.59,feldpausch_regional,0.18,default,0.0,41.5,26.59,41.5,True,O,26.59,feldpausch,41.5,26.59,0.7173,723.4619,507.6627,507.6627,723.4619,507.6627,507.6627,7
JAM_A02,83,Brosimum rubescens,Moraceae,499292.479,8987958.303,0.83,44.9,20131215.0,A,O,0,27.72,27.72,feldpausch_regional,0.18,default,0.0,44.9,27.72,44.9,True,O,27.72,feldpausch,44.9,27.72,0.8251,878.6415,614.8328,614.8328,878.6415,614.8328,614.8328,7
JAM_A02,84,Couratari stellata,Lecythidaceae,499287.6275,8987970.474,0.63,134.0,20131215.0,A,O,0,42.29,42.29,feldpausch_regional,0.18,default,0.0,134.0,42.29,134.0,True,O,42.29,feldpausch,134.0,42.29,0.6331,11214.4308,7736.2677,7736.2677,11214.4308,7736.2677,7736.2677,7
JAM_A02,85,Helicostylis sp.,Moraceae,499290.3596,8987977.953,0.65,36.6,20131215.0,A,O,0,24.82,24.82,feldpausch_regional,0.18,default,0.0,36.6,24.82,36.6,True,O,24.82,feldpausch,36.6,24.82,0.643,529.3005,373.2239,373.2239,529.3005,373.2239,373.2239,7
JAM_A02,1,Guatteria schomburgkiana,Annonaceae,498804.5145,8986951.616,0.6,39.5,20131213.0,A,O,0,25.89,25.89,feldpausch_regional,0.18,default,0.0,39.5,25.89,39.5,True,O,25.89,feldpausch,39.5,25.89,0.6,640.0812,449.9826,449.9826,640.0812,449.9826,449.9826,0
JAM_A02,2,Apeiba echinata,Malvaceae,498807.9328,8986957.087,0.28,20.4,20131213.0,A,O,0,17.39,17.39,feldpausch_regional,0.18,default,0.0,20.4,17.39,20.4,True,O,17.39,feldpausch,20.4,17.39,0.2822,119.5064,86.6732,86.6732,119.5064,86.6732,86.6732,44
JAM_A02,3,Pouteria gongrijpii,Sapotaceae,498810.7584,8986959.158,0.8,55.7,20131213.0,A,O,0,30.85,30.85,feldpausch_regional,0.18,default,0.0,55.7,30.85,55.7,True,O,30.85,feldpausch,55.7,30.85,0.7994,1485.5356,1032.7152,1032.7152,1485.5356,1032.7152,1032.7152,44
JAM_A02,4,Abarema jupunba,Fabaceae,498812.7191,8986959.173,0.59,20.6,20131213.0,A,O,0,17.5,17.5,feldpausch_regional,0.18,default,0.0,20.6,17.5,20.6,True,O,17.5,feldpausch,20.6,17.5,0.5851,122.556,88.8381,88.8381,122.556,88.8381,88.8381,44
JAM_A02,5,Pseudopiptadenia suaveolens,Fabaceae,498816.0544,8986957.427,0.68,18.3,20131213.0,A,O,0,16.19,16.19,feldpausch_regional,0.18,default,0.0,18.3,16.19,18.3,True,O,16.19,feldpausch,18.3,16.19,0.6797,90.1551,65.7848,65.7848,90.1551,65.7848,65.7848,44
JAM_A02,6,Inga marginata,Fabaceae,498827.4791,8986960.066,0.57,17.5,20131213.0,A,O,0,15.71,15.71,feldpausch_regional,0.18,default,0.0,17.5,15.71,17.5,True,O,15.71,feldpausch,17.5,15.71,0.5518,80.2304,58.6959,58.6959,80.2304,58.6959,58.6959,44
JAM_A02,7,Protium hepytaphillum ,Burseraceae,498829.1798,8986962.951,0.63,14.5,20131213.0,A,O,0,13.82,13.82,feldpausch_regional,0.18,default,0.0,14.5,13.82,14.5,True,O,13.82,feldpausch,14.5,13.82,0.5773,49.0441,36.2853,36.2853,49.0441,36.2853,36.2853,44
JAM_A02,8,Ocotea glomerata,Lauraceae,498831.4409,8986961.122,0.51,40.5,20131213.0,A,O,0,26.25,26.25,feldpausch_regional,0.18,default,0.0,40.5,26.25,40.5,True,O,26.25,feldpausch,40.5,26.25,0.508,681.2133,478.4288,478.4288,681.2133,478.4288,478.4288,44
JAM_A02,147a,Sacoglottis guianensis,Humiriaceae,498832.2621,8986955.26,0.84,70.0,20131213.0,A,O,0,34.15,34.15,feldpausch_regional,0.18,default,0.0,70.0,34.15,70.0,True,O,34.15,feldpausch,70.0,34.15,0.8359,2562.6034,1772.4302,1772.4302,2562.6034,1772.4302,1772.4302,0
JAM_A02,10,Endopleura uchi,Humiriaceae,498838.5105,8986936.656,0.77,55.7,20131213.0,A,O,0,30.85,30.85,feldpausch_regional,0.18,default,0.0,55.7,30.85,55.7,True,O,30.85,feldpausch,55.7,30.85,0.7944,1485.5356,1032.7152,1032.7152,1485.5356,1032.7152,1032.7152,0
JAM_A02,12,Sacoglottis guianensis,Humiriaceae,498838.3332,8986922.421,0.84,44.1,20131213.0,A,O,0,27.46,27.46,feldpausch_regional,0.18,default,0.0,44.1,27.46,44.1,True,O,27.46,feldpausch,44.1,27.46,0.8359,840.5751,588.564,588.564,840.5751,588.564,588.564,0
JAM_A02,13,Couratari stellata,Lecythidaceae,498832.7128,8986935.111,0.63,70.0,20131213.0,A,O,0,34.15,34.15,feldpausch_regional,0.18,default,0.0,70.0,34.15,70.0,True,O,34.15,feldpausch,70.0,34.15,0.6331,2562.6034,1772.4302,1772.4302,2562.6034,1772.4302,1772.4302,0
JAM_A02,14,Eschweilera grandifolia,Lecythidaceae,498813.3226,8986913.73,0.88,40.2,20131213.0,A,O,0,26.14,26.14,feldpausch_regional,0.18,default,0.0,40.2,26.14,40.2,True,O,26.14,feldpausch,40.2,26.14,0.8314,668.6521,469.7508,469.7508,668.6521,469.7508,469.7508,0
JAM_A02,15,Trichilia micrantha,Meliaceae,498812.2999,8986914.471,0.61,73.8,20131213.0,A,O,0,34.9,34.9,feldpausch_regional,0.18,default,0.0,73.8,34.9,73.8,True,O,34.9,feldpausch,73.8,34.9,0.6125,2902.0462,2005.411,2005.411,2902.0462,2005.411,2005.411,0
JAM_A02,16,Pouteria gongrijpii,Sapotaceae,498804.8033,8986925.648,0.8,50.0,20131213.0,A,O,0,29.28,29.28,feldpausch_regional,0.18,default,0.0,50.0,29.28,50.0,True,O,29.28,feldpausch,50.0,29.28,0.7994,1143.4667,797.3603,797.3603,1143.4667,797.3603,797.3603,0
JAM_A02,17,Bowdichia nitida,Fabaceae,498802.7017,8986928.128,0.81,41.1,20131213.0,A,O,0,26.46,26.46,feldpausch_regional,0.18,default,0.0,41.1,26.46,41.1,True,O,26.46,feldpausch,41.1,26.46,0.8033,706.5251,495.9314,495.9314,706.5251,495.9314,495.9314,0
JAM_A02,18,,,498801.1155,8986938.853,,35.5,20131213.0,D,O,0,24.4,24.4,feldpausch_regional,0.18,default,0.0,35.5,24.4,35.5,False,O,24.4,feldpausch,35.5,24.4,0.6306,490.4547,490.4547,514.8392,490.4547,490.4547,514.8392,0
JAM_A02,19,Tetragastris panamensis,Burseraceae,498817.5987,8986942.232,0.73,35.0,20131213.0,A,O,0,24.21,24.21,feldpausch_regional,0.18,default,0.0,35.0,24.21,35.0,True,O,24.21,feldpausch,35.0,24.21,0.7173,473.4351,334.4285,334.4285,473.4351,334.4285,334.4285,0
JAM_A02,20,Fusaea longifolia,Annonaceae,498943.2336,8986959.671,0.74,35.5,20131213.0,A,O,0,24.4,24.4,feldpausch_regional,0.18,default,0.0,35.5,24.4,35.5,True,O,24.4,feldpausch,35.5,24.4,0.7427,490.4547,346.259,346.259,490.4547,346.259,346.259,1
JAM_A02,21,Euterpe oleracea,Arecaceae,498951.4241,8986966.444,0.41,13.1,20131213.0,A,P,0,12.88,12.88,feldpausch_regional,0.18,default,0.0,13.1,12.88,13.1,True,P,12.88,feldpausch,13.1,12.88,0.3877,37.5536,,,37.5536,,,45
JAM_A02,122a,Handroanthus serratifolius,Bignoniaceae,498957.1675,8986958.935,0.64,45.5,20131213.0,A,O,0,27.91,27.91,feldpausch_regional,0.18,default,0.0,45.5,27.91,45.5,True,O,27.91,feldpausch,45.5,27.91,0.6306,907.738,634.9124,634.9124,907.738,634.9124,634.9124,1
JAM_A02,31a,Apeiba echinata,Malvaceae,498957.956,8986956.999,0.28,73.0,20131213.0,A,O,0,34.75,34.75,feldpausch_regional,0.18,default,0.0,73.0,34.75,73.0,True,O,34.75,feldpausch,73.0,34.75,0.2822,2829.0382,1955.2677,1955.2677,2829.0382,1955.2677,1955.2677,1
JAM_A02,22,Sloanea guianensis,Elaeocarpaceae,498950.4969,8986934.227,0.82,62.0,20131213.0,A,O,0,32.41,32.41,feldpausch_regional,0.18,default,0.0,62.0,32.41,62.0,True,O,32.41,feldpausch,62.0,32.41,0.8212,1921.4629,1332.2272,1332.2272,1921.4629,1332.2272,1332.2272,1
JAM_A02,23,Maquira sclerophylla,Moraceae,498960.4946,8986969.28,0.53,18.1,20131213.0,A,O,0,16.07,16.07,feldpausch_regional,0.18,default,0.0,18.1,16.07,18.1,True,O,16.07,feldpausch,18.1,16.07,0.5135,87.6034,63.9643,63.9643,87.6034,63.9643,63.9643,45
JAM_A02,24,Maquira sclerophylla,Moraceae,498964.227,8986969.119,0.53,23.3,20131213.0,A,O,0,18.94,18.94,feldpausch_regional,0.18,default,0.0,23.3,18.94,23.3,True,O,18.94,feldpausch,23.3,18.94,0.5135,168.3691,121.2462,121.2462,168.3691,121.2462,121.2462,45
JAM_A02,25,Cedrelinga cateniformis,Fabaceae,498974.0767,8986955.458,0.5,65.6,20131213.0,A,O,0,33.22,33.22,feldpausch_regional,0.18,default,0.0,65.6,33.22,65.6,True,O,33.22,feldpausch,65.6,33.22,0.5038,2197.5715,1521.8507,1521.8507,2197.5715,1521.8507,1521.8507,1
JAM_A02,26,Tachigali paniculata,Fabaceae,498979.4584,8986956.954,0.56,45.1,20131213.0,A,O,0,27.79,27.79,feldpausch_regional,0.18,default,0.0,45.1,27.79,45.1,True,O,27.79,feldpausch,45.1,27.79,0.5545,888.4818,621.6034,621.6034,888.4818,621.6034,621.6034,1
JAM_A02,27,Eschweilera grandifolia,Lecythidaceae,498980.791,8986971.334,0.88,57.7,20131213.0,A,O,0,31.37,31.37,feldpausch_regional,0.18,default,0.0,57.7,31.37,57.7,True,O,31.37,feldpausch,57.7,31.37,0.8314,1617.6108,1123.4661,1123.4661,1617.6108,1123.4661,1123.4661,45
JAM_A02,28,Protium hepytaphillum ,Burseraceae,498985.7813,8986969.581,0.63,13.1,20131213.0,A,O,0,12.88,12.88,feldpausch_regional,0.18,default,0.0,13.1,12.88,13.1,True,O,12.88,feldpausch,13.1,12.88,0.5773,37.5536,27.9585,27.9585,37.5536,27.9585,27.9585,45
JAM_A02,29,Tachigali alba,Fabaceae,498989.4359,8986972.324,0.56,13.5,20131213.0,A,O,0,13.15,13.15,feldpausch_regional,0.18,default,0.0,13.5,13.15,13.5,True,O,13.15,feldpausch,13.5,13.15,0.5573,40.6391,30.2001,30.2001,40.6391,30.2001,30.2001,45
JAM_A02,30,Cecropia engleriana,Urticaceae,498994.6012,8986935.241,0.49,62.9,20131213.0,A,O,0,32.62,32.62,feldpausch_regional,0.18,default,0.0,62.9,32.62,62.9,True,O,32.62,feldpausch,62.9,32.62,0.49,1988.7816,1378.4488,1378.4488,1988.7816,1378.4488,1378.4488,1
JAM_A02,55a,,,499094.9562,8986961.469,,76.3,20131213.0,D,O,0,35.37,35.37,feldpausch_regional,0.18,default,0.0,76.3,35.37,76.3,False,O,35.37,feldpausch,76.3,35.37,0.6306,3137.736,3137.736,3293.7384,3137.736,3137.736,3293.7384,2
JAM_A02,31,Tetragastris panamensis,Burseraceae,499094.5038,8986976.437,0.73,13.2,20131213.0,A,O,0,12.95,12.95,feldpausch_regional,0.18,default,0.0,13.2,12.95,13.2,True,O,12.95,feldpausch,13.2,12.95,0.7173,38.3174,28.5131,28.5131,38.3174,28.5131,28.5131,46
JAM_A02,32,Minquartia guianensis,Olacaceae,499095.8135,8986977.054,0.77,41.1,20131213.0,A,O,0,26.46,26.46,feldpausch_regional,0.18,default,0.0,41.1,26.46,41.1,True,O,26.46,feldpausch,41.1,26.46,0.7867,706.5251,495.9314,495.9314,706.5251,495.9314,495.9314,46
JAM_A02,33,Maquira sclerophylla,Moraceae,499095.1946,8986978.3,0.53,11.4,20131213.0,A,O,0,11.67,11.67,feldpausch_regional,0.18,default,0.0,11.4,11.67,11.4,True,O,11.67,feldpausch,11.4,11.67,0.5135,26.0016,19.5314,19.5314,26.0016,19.5314,19.5314,46
JAM_A02,34,Helicostylis sp.,Moraceae,499111.9692,8986977.787,0.65,37.8,20131213.0,A,O,0,25.28,25.28,feldpausch_regional,0.18,default,0.0,37.8,25.28,37.8,True,O,25.28,feldpausch,37.8,25.28,0.643,573.8985,404.1241,404.1241,573.8985,404.1241,404.1241,46
JAM_A02,36,Abuta grandifolia,Menispermaceae,499119.9579,8986963.688,0.45,110.0,20131213.0,A,O,0,40.12,40.12,feldpausch_regional,0.18,default,0.0,110.0,40.12,110.0,True,O,40.12,feldpausch,110.0,40.12,0.45,7246.6865,4993.3737,4993.3737,7246.6865,4993.3737,4993.3737,2
JAM_A02,37,Tachigali alba,Fabaceae,499126.1256,8986957.231,0.56,57.8,20131213.0,A,O,0,31.39,31.39,feldpausch_regional,0.18,default,0.0,57.8,31.39,57.8,True,O,31.39,feldpausch,57.8,31.39,0.5573,1624.0977,1127.9515,1127.9515,1624.0977,1127.9515,1127.9515,2
JAM_A02,38,Dipteryx odorata,Fabaceae,499121.2393,8986976.809,0.92,58.0,20131213.0,A,O,0,31.44,31.44,feldpausch_regional,0.18,default,0.0,58.0,31.44,58.0,True,O,31.44,feldpausch,58.0,31.44,0.9228,1637.6274,1137.2506,1137.2506,1637.6274,1137.2506,1137.2506,46
JAM_A02,39,Helicostylis sp.,Moraceae,499123.0066,8986979.467,0.65,19.3,20131213.0,A,O,0,16.77,16.77,feldpausch_regional,0.18,default,0.0,19.3,16.77,19.3,True,O,16.77,feldpausch,19.3,16.77,0.643,103.5173,75.3082,75.3082,103.5173,75.3082,75.3082,46
JAM_A02,40,Helicostylis sp.,Moraceae,499125.9462,8986979.428,0.65,27.1,20131213.0,A,O,0,20.81,20.81,feldpausch_regional,0.18,default,0.0,27.1,20.81,27.1,True,O,20.81,feldpausch,27.1,20.81,0.643,247.885,177.1514,177.1514,247.885,177.1514,177.1514,46
JAM_A02,41,Copaifera reticulata,Fabaceae,499135.6674,8986982.292,0.61,28.8,20131213.0,A,O,0,21.59,21.59,feldpausch_regional,0.18,default,0.0,28.8,21.59,28.8,True,O,21.59,feldpausch,28.8,21.59,0.6075,289.3513,206.1879,206.1879,289.3513,206.1879,206.1879,46
JAM_A02,42,Ormosia nobilis,Fabaceae,499141.8286,8986977.635,0.58,69.7,20131213.0,A,O,0,34.09,34.09,feldpausch_regional,0.18,default,0.0,69.7,34.09,69.7,True,O,34.09,feldpausch,69.7,34.09,0.58,2536.8514,1754.7446,1754.7446,2536.8514,1754.7446,1754.7446,2
JAM_A02,43,Tachigali alba,Fabaceae,499134.56,8986966.985,0.56,42.0,20131213.0,A,O,0,26.77,26.77,feldpausch_regional,0.18,default,0.0,42.0,26.77,42.0,True,O,26.77,feldpausch,42.0,26.77,0.5573,745.4665,522.8468,522.8468,745.4665,522.8468,522.8468,2
JAM_A02,44,Tetragastris panamensis,Burseraceae,499145.7513,8986948.967,0.73,54.8,20131213.0,A,O,0,30.62,30.62,feldpausch_regional,0.18,default,0.0,54.8,30.62,54.8,True,O,30.62,feldpausch,54.8,30.62,0.7173,1428.5696,993.5113,993.5113,1428.5696,993.5113,993.5113,2
JAM_A02,45,Poeppigia sp.,Fabaceae,499145.0944,8986946.908,0.69,48.3,20131213.0,A,O,0,28.78,28.78,feldpausch_regional,0.18,default,0.0,48.3,28.78,48.3,True,O,28.78,feldpausch,48.3,28.78,0.735,1050.9888,733.6518,733.6518,1050.9888,733.6518,733.6518,2
JAM_A02,46,,,499137.8042,8986942.259,,49.8,20131213.0,D,O,0,29.22,29.22,feldpausch_regional,0.18,default,0.0,49.8,29.22,49.8,False,O,29.22,feldpausch,49.8,29.22,0.6306,1132.2863,1132.2863,1188.5815,1132.2863,1132.2863,1188.5815,2
JAM_A02,47,Minquartia guianensis,Olacaceae,499137.9306,8986953.276,0.77,47.4,20131213.0,A,O,0,28.51,28.51,feldpausch_regional,0.18,default,0.0,47.4,28.51,47.4,True,O,28.51,feldpausch,47.4,28.51,0.7867,1003.8234,701.1386,701.1386,1003.8234,701.1386,701.1386,2
JAM_A02,48,Couratari stellata,Lecythidaceae,499118.2217,8986938.52,0.63,46.1,20131213.0,A,O,0,28.1,28.1,feldpausch_regional,0.18,default,0.0,46.1,28.1,46.1,True,O,28.1,feldpausch,46.1,28.1,0.6331,937.4374,655.3949,655.3949,937.4374,655.3949,655.3949,2
JAM_A02,49,Attalea speciosa,Arecaceae,499257.0712,8986987.445,0.33,26.6,20131213.0,A,P,0,20.58,20.58,feldpausch_regional,0.18,default,0.0,26.6,20.58,26.6,True,P,20.58,feldpausch,26.6,20.58,0.326,236.4571,,,236.4571,,,47
JAM_A02,50,Tetragastris panamensis,Burseraceae,499258.3227,8986991.055,0.73,35.7,20131213.0,A,O,0,24.48,24.48,feldpausch_regional,0.18,default,0.0,35.7,24.48,35.7,True,O,24.48,feldpausch,35.7,24.48,0.7173,497.4495,351.1104,351.1104,497.4495,351.1104,351.1104,47
JAM_A02,51,,,499259.6709,8986987.455,,11.1,20131213.0,D,O,0,11.45,11.45,feldpausch_regional,0.18,default,0.0,11.1,11.45,11.1,False,O,11.45,feldpausch,11.1,11.45,0.6306,24.2284,24.2284,25.433,24.2284,24.2284,25.433,47
JAM_A02,52,Maquira sclerophylla,Moraceae,499271.6623,8986992.539,0.53,15.0,20131213.0,A,O,0,14.15,14.15,feldpausch_regional,0.18,default,0.0,15.0,14.15,15.0,True,O,14.15,feldpausch,15.0,14.15,0.5135,53.6203,39.5877,39.5877,53.6203,39.5877,39.5877,47
JAM_A02,53,Pouteria gongrijpii,Sapotaceae,499272.9284,8986981.213,0.8,60.0,20131213.0,A,O,0,31.94,31.94,feldpausch_regional,0.18,default,0.0,60.0,31.94,60.0,True,O,31.94,feldpausch,60.0,31.94,0.7994,1776.8174,1232.8434,1232.8434,1776.8174,1232.8434,1232.8434,3
JAM_A02,54,Pradosia praealta,Sapotaceae,499273.0518,8986978.216,0.73,69.0,20131213.0,A,O,0,33.95,33.95,feldpausch_regional,0.18,default,0.0,69.0,33.95,69.0,True,O,33.95,feldpausch,69.0,33.95,0.7378,2477.3863,1713.8965,1713.8965,2477.3863,1713.8965,1713.8965,3
JAM_A02,55,Virola elongata,Myristicaceae,499263.3724,8986970.413,0.52,55.5,20131213.0,A,O,0,30.8,30.8,feldpausch_regional,0.18,default,0.0,55.5,30.8,55.5,True,O,30.8,feldpausch,55.5,30.8,0.5233,1472.8079,1023.9528,1023.9528,1472.8079,1023.9528,1023.9528,3
JAM_A02,56,Peltogyne leicointei,Fabaceae,499264.2869,8986972.492,0.8,80.0,20131213.0,A,O,0,36.02,36.02,feldpausch_regional,0.18,default,0.0,80.0,36.02,80.0,True,O,36.02,feldpausch,80.0,36.02,0.7926,3503.3135,2418.1999,2418.1999,3503.3135,2418.1999,2418.1999,3
JAM_A02,57,Guatteria schomburgkiana,Annonaceae,499263.8247,8986959.422,0.6,43.2,20131213.0,A,O,0,27.17,27.17,feldpausch_regional,0.18,default,0.0,43.2,27.17,43.2,True,O,27.17,feldpausch,43.2,27.17,0.6,799.0914,559.9023,559.9023,799.0914,559.9023,559.9023,3
JAM_A02,58,,,499263.9069,8986957.424,,41.0,20131213.0,D,O,0,26.42,26.42,feldpausch_regional,0.18,default,0.0,41.0,26.42,41.0,False,O,26.42,feldpausch,41.0,26.42,0.6306,702.1359,702.1359,737.0448,702.1359,702.1359,737.0448,3
JAM_A02,59,Copaifera reticulata,Fabaceae,499280.44,8986968.791,0.61,91.5,20131213.0,A,O,0,37.83,37.83,feldpausch_regional,0.18,default,0.0,91.5,37.83,91.5,True,O,37.83,feldpausch,91.5,37.83,0.6075,4776.6446,3292.8487,3292.8487,4776.6446,3292.8487,3292.8487,3
JAM_A02,60,Peltogyne leicointei,Fabaceae,499281.3545,8986970.87,0.8,39.2,20131213.0,A,O,0,25.79,25.79,feldpausch_regional,0.18,default,0.0,39.2,25.79,39.2,True,O,25.79,feldpausch,39.2,25.79,0.7926,628.2487,441.7726,441.7726,628.2487,441.7726,441.7726,3
JAM_A02,61,Cedrela odorata,Meliaceae,499285.3414,8986971.194,0.43,53.2,20131213.0,A,O,0,30.18,30.18,feldpausch_regional,0.18,default,0.0,53.2,30.18,53.2,True,O,30.18,feldpausch,53.2,30.18,0.4469,1329.3709,925.3224,925.3224,1329.3709,925.3224,925.3224,3
JAM_A02,62,Vataireopsis speciosa,Fabaceae,499286.0404,8986954.208,0.65,52.0,20131213.0,A,O,0,29.85,29.85,feldpausch_regional,0.18,default,0.0,52.0,29.85,52.0,True,O,29.85,feldpausch,52.0,29.85,0.65,1257.8964,876.1342,876.1342,1257.8964,876.1342,876.1342,3
