site,tree_id,scientific_name,family_name,utm_easting,utm_northing,type,dbh_2013,dead_2013,hcom_2013,htot_2013,date_2013,dbh_2018,dead_2018,date_2018,plot_id,htot_feldpausch,htot_estimated,htot_estimation_method,dbh_incr_cm_yr,dbh_incr_source,gap_anos,dbh_lidar,htot_estimated_gap,dbh_used,dead_used,type_used,htot_used,htot_source,dbh_used_gap,htot_used_gap,rho_w_m3,iagc_m1_kgC,iagc_m2_kgC,iagc_m3_kgC,iagc_m1_kgC_gap,iagc_m2_kgC_gap,iagc_m3_kgC_gap,quadra_id
PAR_A01,1,NI,NI,220532.4959,9634021.826,O,11.1,False,9.44,12.36,20130309,,True,20180429,T06,,12.36,measured,0.2,site_median,0.0,,12.36,11.1,False,O,12.36,measured,11.1,12.36,0.599,26.1061,26.1061,26.0627,26.1061,26.1061,26.0627,T06_2
PAR_A01,2,Bocageopsis pleiosperma,Annonaceae,220517.7534,9634013.352,O,12.6,False,14.5,19.89,20130309,"16,5",False,20180429,T06,,19.89,measured,0.2,site_median,0.0,,19.89,12.6,False,O,19.89,measured,12.6,19.89,0.6402,53.1926,53.1926,56.6683,53.1926,53.1926,56.6683,T06_2
PAR_A01,3,Casearia grandiflora,Salicaceae,220493.8442,9634000.801,O,12.0,False,8.46,12.8,20130309,"12,3",False,20180429,T06,,12.8,measured,0.2,site_median,0.0,,12.8,12.0,False,O,12.8,measured,12.0,12.8,0.77,31.4528,31.4528,40.1235,31.4528,31.4528,40.1235,T06_2
PAR_A01,4,Bocageopsis pleiosperma,Annonaceae,220487.1511,9633996.364,O,13.6,False,7.66,10.34,20130309,"13,6",True,20180429,T06,,10.34,measured,0.2,site_median,0.0,,10.34,13.6,False,O,10.34,measured,13.6,10.34,0.6402,32.6062,32.6062,34.7367,32.6062,32.6062,34.7367,T06_2
PAR_A01,5,Dipteryx odorata,Fabaceae,220483.7652,9633994.636,O,15.2,False,14.71,16.8,20130309,"17,0",False,20180429,T06,,16.8,measured,0.2,site_median,0.0,,16.8,15.2,False,O,16.8,measured,15.2,16.8,0.9228,65.0611,65.0611,99.0302,65.0611,65.0611,99.0302,T06_2
PAR_A01,6,Bocageopsis pleiosperma,Annonaceae,220475.6357,9633990.328,O,11.0,False,12.44,18.51,20130309,"11,1",False,20180429,T06,,18.51,measured,0.2,site_median,0.0,,18.51,11.0,False,O,18.51,measured,11.0,18.51,0.6402,38.0406,38.0406,40.5262,38.0406,38.0406,40.5262,T06_2
PAR_A01,7,NI,NI,220450.8002,9633977.387,O,11.5,False,6.59,10.05,20130309,"11,5",True,20180429,T06,,10.05,measured,0.2,site_median,0.0,,10.05,11.5,False,O,10.05,measured,11.5,10.05,0.599,22.859,22.859,22.821,22.859,22.859,22.821,T06_2
PAR_A01,8,NI,NI,220441.424,9633971.604,O,13.8,False,10.97,16.67,20130309,16,False,20180429,T06,14.79,16.67,measured,0.44,observed,0.0,16.0,16.67,13.8,False,O,16.67,measured,13.8,16.67,0.599,53.4704,53.4704,53.3816,53.4704,53.4704,53.3816,T06_2
PAR_A01,9,Strychnos subcordata,Loganiaceae,220424.5177,9633962.294,O,10.6,False,6.61,10.04,20130309,"10,8",False,20180429,T06,,10.04,measured,0.2,site_median,0.0,,10.04,10.6,False,O,10.04,measured,10.6,10.04,0.6959,19.4782,19.4782,22.5128,19.4782,19.4782,22.5128,T06_2
PAR_A01,10,,,220412.2194,9633955.604,O,14.8,True,,4.01,20130309,,True,20180429,T06,,4.01,measured,0.2,site_median,0.0,,4.01,14.8,True,O,4.01,measured,14.8,4.01,0.599,15.2574,13.739,13.739,15.2574,13.739,13.739,T06_2
PAR_A01,11,Casearia grandiflora,Salicaceae,220410.7261,9633954.792,O,12.7,False,10.24,13.69,20130309,"14,6",False,20180429,T06,,13.69,measured,0.2,site_median,0.0,,13.69,12.7,False,O,13.69,measured,12.7,13.69,0.77,37.5159,37.5159,47.858,37.5159,37.5159,47.858,T06_2
PAR_A01,12,,,220398.6513,9633948.11,O,13.0,True,,8.75,20130309,,True,20180429,T06,,8.75,measured,0.2,site_median,0.0,,8.75,13.0,True,O,8.75,measured,13.0,8.75,0.599,25.3675,20.0682,20.0682,25.3675,20.0682,20.0682,T06_2
PAR_A01,13,Strychnos subcordata,Loganiaceae,220396.6709,9633947.147,O,10.5,False,7.87,12.01,20130309,"10,5",False,20180429,T06,,12.01,measured,0.2,site_median,0.0,,12.01,10.5,False,O,12.01,measured,10.5,12.01,0.6959,22.7749,22.7749,26.323,22.7749,22.7749,26.323,T06_2
PAR_A01,14,Casearia grandiflora,Salicaceae,220373.0006,9633934.157,O,19.6,False,6.68,17.4,20130309,"21,1",False,20180429,T06,,17.4,measured,0.2,site_median,0.0,,17.4,19.6,False,O,17.4,measured,19.6,17.4,0.77,110.5912,110.5912,141.0782,110.5912,110.5912,141.0782,T06_2
PAR_A01,15,Bocageopsis pleiosperma,Annonaceae,220369.8782,9633932.572,O,16.1,False,9.54,15.52,20130309,"18,5",False,20180429,T06,,15.52,measured,0.2,site_median,0.0,,15.52,16.1,False,O,15.52,measured,16.1,15.52,0.6402,67.3744,67.3744,71.7767,67.3744,67.3744,71.7767,T06_2
PAR_A01,16,Sapium marmieri,Euphorbiaceae,220365.8082,9633931.058,O,11.8,False,9.31,15.22,20130309,"11,8",False,20180429,T06,,15.22,measured,0.2,site_median,0.0,,15.22,11.8,False,O,15.22,measured,11.8,15.22,0.41,36.0422,36.0422,24.8549,36.0422,36.0422,24.8549,T06_2
PAR_A01,17,Casearia grandiflora,Salicaceae,220361.4564,9633927.565,O,18.7,False,13.53,19.38,20130309,"21,0",False,20180429,T06,,19.38,measured,0.2,site_median,0.0,,19.38,18.7,False,O,19.38,measured,18.7,19.38,0.77,112.0864,112.0864,142.9855,112.0864,112.0864,142.9855,T06_2
PAR_A01,18,Casearia grandiflora,Salicaceae,220361.3694,9633927.516,O,10.8,False,9.97,14.28,20130309,"13,0",False,20180429,T06,,14.28,measured,0.2,site_median,0.0,,14.28,10.8,False,O,14.28,measured,10.8,14.28,0.77,28.4917,28.4917,36.3461,28.4917,28.4917,36.3461,T06_2
PAR_A01,19,Inga alba,Fabaceae,220354.7517,9633924.81,O,22.2,False,8.47,14.64,20130309,"22,7",False,20180429,T06,,14.64,measured,0.2,site_median,0.0,,14.64,22.2,False,O,14.64,measured,22.2,14.64,0.5861,119.1543,119.1543,116.4616,119.1543,119.1543,116.4616,T06_2
PAR_A01,20,Inga alba,Fabaceae,220326.5948,9633915.789,O,41.6,False,18.44,45.47,20130309,44,False,20180429,T06,27.43,45.47,measured,0.48,observed,0.0,44.0,45.47,41.6,False,O,45.47,measured,41.6,45.47,0.5861,1227.0731,1227.0731,1199.3425,1227.0731,1227.0731,1199.3425,T06_1
PAR_A01,21,NI,NI,220329.0218,9633909.35,O,11.9,False,3.69,10.42,20130309,"12,6",False,20180429,T06,,10.42,measured,0.2,site_median,0.0,,10.42,11.9,False,O,10.42,measured,11.9,10.42,0.599,25.3144,25.3144,25.2723,25.3144,25.3144,25.2723,T06_2
PAR_A01,22,,,220310.952,9633899.253,O,23.0,True,,2.61,20130309,,True,20180429,T06,,2.61,measured,0.2,site_median,0.0,,2.61,23.0,True,O,2.61,measured,23.0,2.61,0.599,23.7244,23.3522,23.3522,23.7244,23.3522,23.3522,T06_1
PAR_A01,23,Zollernia paraensis,Fabaceae,220303.3866,9633895.782,O,30.1,False,17.25,22.52,20130309,"31,2",False,20180429,T06,,22.52,measured,0.2,site_median,0.0,,22.52,30.1,False,O,22.52,measured,30.1,22.52,0.99,328.6467,328.6467,535.7887,328.6467,328.6467,535.7887,T06_1
PAR_A01,24,,,220297.4677,9633891.403,O,19.7,True,,6.64,20130309,,True,20180429,T06,,6.64,measured,0.2,site_median,0.0,,6.64,19.7,True,O,6.64,measured,19.7,6.64,0.599,43.6209,36.7727,36.7727,43.6209,36.7727,36.7727,T06_1
PAR_A01,25,Zygia racemosa,Fabaceae,220293.6272,9633889.463,O,11.1,False,10.23,13.09,20130309,"11,8",False,20180429,T06,,13.09,measured,0.2,site_median,0.0,,13.09,11.1,False,O,13.09,measured,11.1,13.09,0.748,27.6099,27.6099,34.2386,27.6099,27.6099,34.2386,T06_1
PAR_A01,26,Chimarrhis turbinata,Rubiaceae,220289.9672,9633890.495,O,45.6,False,15.88,19.75,20130309,41,False,20180429,T06,26.42,19.75,measured,0.0,observed,0.0,41.0,19.75,45.6,False,O,19.75,measured,45.6,19.75,0.72,650.4794,650.4794,777.1672,650.4794,650.4794,777.1672,T06_1
PAR_A01,27,,,220321.5236,9633906.376,O,36.3,True,,15.13,20130309,36,True,20180429,T06,24.6,15.13,measured,0.0,observed,0.0,36.0,15.13,36.3,True,O,15.13,measured,36.3,15.13,0.599,321.3078,244.8956,244.8956,321.3078,244.8956,244.8956,T06_1
PAR_A01,28,Annona ambotay,Annonaceae,220276.7092,9633880.305,O,10.4,False,4.51,10.64,20130309,11,False,20180429,T06,11.38,10.64,measured,0.12,observed,0.0,11.0,10.64,10.4,False,O,10.64,measured,10.4,10.64,0.5112,19.8612,19.8612,16.9854,19.8612,19.8612,16.9854,T06_1
PAR_A01,29,Lecythis idatimon,Lecythidaceae,220255.2919,9633877.853,O,38.0,False,19.89,25.49,20130309,"38,8",False,20180429,T06,,25.49,measured,0.2,site_median,0.0,,25.49,38.0,False,O,25.49,measured,38.0,25.49,0.7986,584.5413,584.5413,772.6768,584.5413,584.5413,772.6768,T06_1
PAR_A01,30,Tachigali paniculata,Fabaceae,220242.1017,9633862.324,O,11.9,False,9.3,16.6,20130309,"11,9",True,20180429,T06,,16.6,measured,0.2,site_median,0.0,,16.6,11.9,False,O,16.6,measured,11.9,16.6,0.5545,39.8799,39.8799,36.9255,39.8799,39.8799,36.9255,T06_1
PAR_A01,31,Pouteria gongrijpii,Sapotaceae,220241.1667,9633861.951,O,14.1,False,9.46,13.58,20130309,"15,3",False,20180429,T06,,13.58,measured,0.2,site_median,0.0,,13.58,14.1,False,O,13.58,measured,14.1,13.58,0.7994,45.6506,45.6506,60.4044,45.6506,45.6506,60.4044,T06_1
PAR_A01,32,Strychnos subcordata,Loganiaceae,220236.6866,9633870.215,O,35.1,False,20.79,27.96,20130309,"36,4",False,20180429,T06,,27.96,measured,0.2,site_median,0.0,,27.96,35.1,False,O,27.96,measured,35.1,27.96,0.6959,547.9242,547.9242,633.2853,547.9242,547.9242,633.2853,T06_1
PAR_A01,33,NI,NI,220240.327,9633861.402,O,20.0,False,2.28,14.58,20130309,"20,4",False,20180429,T06,,14.58,measured,0.2,site_median,0.0,,14.58,20.0,False,O,14.58,measured,20.0,14.58,0.599,96.8052,96.8052,96.6443,96.8052,96.8052,96.6443,T06_1
PAR_A01,34,Jacaratia spinosa,Caricaceae,220213.7535,9633847.482,O,47.4,False,11.63,21.28,20130309,"47,7",False,20180429,T06,,21.28,measured,0.2,site_median,0.0,,21.28,47.4,False,O,21.28,measured,47.4,21.28,0.265,754.5366,754.5366,339.8542,754.5366,754.5366,339.8542,T06_1
PAR_A01,35,Bocageopsis pleiosperma,Annonaceae,220208.3816,9633844.804,O,16.7,False,10.84,17.27,20130309,"19,4",False,20180429,T06,,17.27,measured,0.2,site_median,0.0,,17.27,16.7,False,O,17.27,measured,16.7,17.27,0.6402,80.3157,80.3157,85.5636,80.3157,80.3157,85.5636,T06_1
PAR_A01,36,Cecropia ficifolia,Urticaceae,220203.0573,9633842.038,O,12.2,False,10.83,13.49,20130309,"12,2",True,20180429,T06,,13.49,measured,0.2,site_median,0.0,,13.49,12.2,False,O,13.49,measured,12.2,13.49,0.266,34.1922,34.1922,15.4574,34.1922,34.1922,15.4574,T06_1
PAR_A01,37,Parkia pendula,Fabaceae,220196.4692,9633843.91,O,35.9,False,12.5,23.77,20130309,"36,8",False,20180429,T06,,23.77,measured,0.2,site_median,0.0,,23.77,35.9,False,O,23.77,measured,35.9,23.77,0.5212,488.6631,488.6631,425.9221,488.6631,488.6631,425.9221,T06_1
PAR_A01,38,Annona ambotay,Annonaceae,220193.2962,9633836.966,O,18.2,False,8.94,17.73,20130309,"18,7",False,20180429,T06,,17.73,measured,0.2,site_median,0.0,,17.73,18.2,False,O,17.73,measured,18.2,17.73,0.5112,97.4675,97.4675,83.3548,97.4675,97.4675,83.3548,T06_1
PAR_A01,39,Sagotia racemosa,Euphorbiaceae,220188.511,9633834.255,O,12.5,False,6.54,16.73,20130309,"12,7",False,20180429,T06,,16.73,measured,0.2,site_median,0.0,,16.73,12.5,False,O,16.73,measured,12.5,16.73,0.58,44.2345,44.2345,42.7948,44.2345,44.2345,42.7948,T06_1
PAR_A01,40,Pouteria gongrijpii,Sapotaceae,220179.652,9633830.666,O,10.1,False,7.98,14.75,20130309,"10,6",False,20180429,T06,,14.75,measured,0.2,site_median,0.0,,14.75,10.1,False,O,14.75,measured,10.1,14.75,0.7994,25.801,25.801,34.1397,25.801,25.801,34.1397,T06_1
PAR_A01,41,Inga marginata,Fabaceae,220168.4711,9633824.856,O,10.2,False,3.75,7.74,20130309,"10,5",False,20180429,T06,,7.74,measured,0.2,site_median,0.0,,7.74,10.2,False,O,7.74,measured,10.2,7.74,0.5518,14.0171,14.0171,12.917,14.0171,14.0171,12.917,T06_1
PAR_A01,42,Cordia scabrifolia,Boraginaceae,220157.8013,9633818.524,O,19.2,False,4.46,15.19,20130309,"23,8",False,20180429,T06,,15.19,measured,0.2,site_median,0.0,,15.19,19.2,False,O,15.19,measured,19.2,15.19,0.474,93.039,93.039,73.9178,93.039,93.039,73.9178,T06_1
PAR_A01,43,Annona ambotay,Annonaceae,220127.3924,9633803.288,O,12.0,False,6.41,10.82,20130309,"12,0",False,20180429,T06,,10.82,measured,0.2,site_median,0.0,,10.82,12.0,False,O,10.82,measured,12.0,10.82,0.5112,26.6949,26.6949,22.8296,26.6949,26.6949,22.8296,T06_1
PAR_A01,44,Stryphnodendron paniculatum,Fabaceae,220116.8392,9633797.579,O,14.0,False,6.08,9.54,20130309,"16,3",False,20180429,T06,,9.54,measured,0.2,site_median,0.0,,9.54,14.0,False,O,9.54,measured,14.0,9.54,0.6535,31.8964,31.8964,34.6694,31.8964,31.8964,34.6694,T06_1
PAR_A01,45,,,220144.5466,9633812.764,O,36.0,True,,5.53,20130309,"36,0",True,20180429,T06,,5.53,measured,0.2,site_median,0.0,,5.53,36.0,True,O,5.53,measured,36.0,5.53,0.599,118.3758,105.7337,105.7337,118.3758,105.7337,105.7337,T06_1
PAR_A01,46,Eschweilera ovata,Lecythidaceae,220140.4101,9633817.037,O,55.6,False,28.45,37.44,20130309,"59,0",False,20180429,T06,,37.44,measured,0.2,site_median,0.0,,37.44,55.6,False,O,37.44,measured,55.6,37.44,0.9,1788.2262,1788.2262,2656.3637,1788.2262,1788.2262,2656.3637,T06_1
PAR_A01,47,Eschweilera ovata,Lecythidaceae,220141.495,9633810.84,O,83.1,False,23.41,32.53,20130309,"87,0",False,20180429,T06,,32.53,measured,0.2,site_median,0.0,,32.53,83.1,False,O,32.53,measured,83.1,32.53,0.9,3415.9471,3415.9471,5074.3007,3415.9471,3415.9471,5074.3007,T06_1
PAR_A01,48,Cordia scabrifolia,Boraginaceae,220120.1981,9633799.775,O,14.1,False,6.78,10.81,20130309,"15,1",False,20180429,T06,,10.81,measured,0.2,site_median,0.0,,10.81,14.1,False,O,10.81,measured,14.1,10.81,0.474,36.5385,36.5385,29.0291,36.5385,36.5385,29.0291,T06_1
PAR_A01,49,,,220107.8997,9633795.188,O,42.0,True,,4.49,20130309,"42,0",True,20180429,T06,,4.49,measured,0.2,site_median,0.0,,4.49,42.0,True,O,4.49,measured,42.0,4.49,0.599,130.5076,121.3656,121.3656,130.5076,121.3656,121.3656,T06_1
PAR_A01,50,Zanthoxylum rhoifolium,Rutaceae,220150.4346,9633813.232,O,10.7,False,8.82,14.41,20130309,"11,8",False,20180429,T06,,14.41,measured,0.2,site_median,0.0,,14.41,10.7,False,O,14.41,measured,10.7,14.41,0.5692,28.2276,28.2276,26.8148,28.2276,28.2276,26.8148,T06_1
PAR_A01,51,Jacaratia spinosa,Caricaceae,220144.7654,9633806.906,O,39.7,False,12.47,18.58,20130309,"43,2",False,20180429,T06,,18.58,measured,0.2,site_median,0.0,,18.58,39.7,False,O,18.58,measured,39.7,18.58,0.265,467.6149,467.6149,210.6205,467.6149,467.6149,210.6205,T06_1
PAR_A01,52,,,220119.0429,9633797.71,L,10.3,False,,,20130309,"11,2",False,20180429,T06,,11.33,local_fit,0.2,site_median,0.0,,11.33,10.3,False,L,,feldpausch,10.3,,0.599,,,,,,,T06_1
PAR_A01,53,Inga heterophylla,Fabaceae,220118.1556,9633797.249,O,15.0,False,8.79,18.08,20130309,"16,0",False,20180429,T06,,18.08,measured,0.2,site_median,0.0,,18.08,15.0,False,O,18.08,measured,15.0,18.08,0.56,68.1109,68.1109,63.6755,68.1109,68.1109,63.6755,T06_1
PAR_A01,54,Lecythis idatimon,Lecythidaceae,220119.5741,9633790.437,O,36.9,False,20.82,27.47,20130309,"37,2",False,20180429,T06,,27.47,measured,0.2,site_median,0.0,,27.47,36.9,False,O,27.47,measured,36.9,27.47,0.7986,593.7754,593.7754,784.8828,593.7754,593.7754,784.8828,T06_1
PAR_A01,55,Inga alba,Fabaceae,220185.0421,9633831.213,O,34.0,False,10.11,17.67,20130309,"38,9",False,20180429,T06,,17.67,measured,0.2,site_median,0.0,,17.67,34.0,False,O,17.67,measured,34.0,17.67,0.5861,329.011,329.011,321.5757,329.011,329.011,321.5757,T06_1
PAR_A01,56,NI,NI,220180.3669,9633829.347,O,11.8,False,9.41,11.91,20130309,"14,7",False,20180429,T06,,11.91,measured,0.2,site_median,0.0,,11.91,11.8,False,O,11.91,measured,11.8,11.91,0.599,28.3703,28.3703,28.3232,28.3703,28.3703,28.3232,T06_1
PAR_A01,57,Casearia grandiflora,Salicaceae,220173.3156,9633825.571,O,10.3,False,6.87,12.36,20130309,"12,2",False,20180429,T06,,12.36,measured,0.2,site_median,0.0,,12.36,10.3,False,O,12.36,measured,10.3,12.36,0.77,22.5595,22.5595,28.7785,22.5595,22.5595,28.7785,T06_1
PAR_A01,58,Casearia grandiflora,Salicaceae,220174.203,9633826.032,O,10.8,False,6.87,12.36,20130309,"14,4",False,20180429,T06,,12.36,measured,0.2,site_median,0.0,,12.36,10.8,False,O,12.36,measured,10.8,12.36,0.77,24.7465,24.7465,31.5684,24.7465,24.7465,31.5684,T06_1
PAR_A01,59,,,220229.8033,9633857.737,O,51.5,True,,4.52,20130309,"51,5",True,20180429,T06,,4.52,measured,0.2,site_median,0.0,,4.52,51.5,True,O,4.52,measured,51.5,4.52,0.599,195.5796,183.4751,183.4751,195.5796,183.4751,183.4751,T06_1
PAR_A01,60,Byrsonima chrysophylla,Malpighiaceae,220240.0592,9633859.798,O,13.7,False,9.05,12.4,20130309,"13,7",True,20180429,T06,,12.4,measured,0.2,site_median,0.0,,12.4,13.7,False,O,12.4,measured,13.7,12.4,0.6309,39.4929,39.4929,41.477,39.4929,39.4929,41.477,T06_1
PAR_A01,61,,,220245.7284,9633866.124,O,41.2,True,,10.7,20130309,"41,2",True,20180429,T06,,10.7,measured,0.2,site_median,0.0,,10.7,41.2,True,O,10.7,measured,41.2,10.7,0.599,293.372,237.6237,237.6237,293.372,237.6237,237.6237,T06_1
PAR_A01,62,Inga marginata,Fabaceae,220230.8518,9633855.803,O,14.1,False,8.6,16.07,20130309,"14,1",False,20180429,T06,,16.07,measured,0.2,site_median,0.0,,16.07,14.1,False,O,16.07,measured,14.1,16.07,0.5518,53.8032,53.8032,49.5805,53.8032,53.8032,49.5805,T06_1
PAR_A01,63,,,220258.0857,9633874.798,O,35.6,True,,4.02,20130309,"35,6",True,20180429,T06,,4.02,measured,0.2,site_median,0.0,,4.02,35.6,True,O,4.02,measured,35.6,4.02,0.599,84.8429,79.6556,79.6556,84.8429,79.6556,79.6556,T06_1
PAR_A01,64,Eschweilera ovata,Lecythidaceae,220211.3183,9633841.485,O,66.7,False,22.98,35.36,20130309,"66,7",True,20180429,T06,,35.36,measured,0.2,site_median,0.0,,35.36,66.7,False,O,35.36,measured,66.7,35.36,0.9,2412.6942,2412.6942,3583.9946,2412.6942,2412.6942,3583.9946,T06_1
PAR_A01,65,Helicostylis sp.,Moraceae,220204.183,9633842.059,O,11.4,False,8.96,11.73,20130309,13,False,20180429,T06,12.81,11.73,measured,0.32,observed,0.0,13.0,11.73,11.4,False,O,11.73,measured,11.4,11.73,0.643,26.1321,26.1321,27.9584,26.1321,26.1321,27.9584,T06_1
PAR_A01,66,,,220281.2414,9633882.435,O,47.5,True,,33.76,20130309,"47,5",True,20180429,T06,,33.76,measured,0.2,site_median,0.0,,33.76,47.5,True,O,33.76,measured,47.5,33.76,0.599,1188.7414,808.4997,808.4997,1188.7414,808.4997,808.4997,T06_1
PAR_A01,67,NI,NI,220277.8826,9633880.239,O,19.7,False,13.41,20.71,20130309,"20,1",False,20180429,T06,,20.71,measured,0.2,site_median,0.0,,20.71,19.7,False,O,20.71,measured,19.7,20.71,0.599,132.3886,132.3886,132.1686,132.3886,132.3886,132.1686,T06_1
PAR_A01,68,Hymenaea parviflora,Fabaceae,220276.0965,9633875.142,O,39.8,False,14.75,21.11,20130309,"42,8",False,20180429,T06,,21.11,measured,0.2,site_median,0.0,,21.11,39.8,False,O,21.11,measured,39.8,21.11,0.7935,532.2712,532.2712,699.2111,532.2712,532.2712,699.2111,T06_1
PAR_A01,69,Brosimum rubescens ,Moraceae,220262.441,9633864.667,O,40.6,False,14.98,22.54,20130309,"42,8",False,20180429,T06,,22.54,measured,0.2,site_median,0.0,,22.54,40.6,False,O,22.54,measured,40.6,22.54,0.8251,589.911,589.911,805.088,589.911,589.911,805.088,T06_1
PAR_A01,70,Cordia goeldiana,Boraginaceae,220250.7735,9633863.111,O,35.1,False,18.39,27.57,20130309,37,False,20180429,T06,24.98,27.57,measured,0.38,observed,0.0,37.0,27.57,35.1,False,O,27.57,measured,35.1,27.57,0.498,540.4636,540.4636,450.5953,540.4636,540.4636,450.5953,T06_1
PAR_A01,71,Annona ambotay,Annonaceae,220322.348,9633904.89,O,33.3,False,18.72,22.1,20130309,"36,5",False,20180429,T06,,22.1,measured,0.2,site_median,0.0,,22.1,33.3,False,O,22.1,measured,33.3,22.1,0.5112,393.0056,393.0056,336.1007,393.0056,393.0056,336.1007,T06_1
PAR_A01,72,NI,NI,220324.5787,9633900.867,O,36.3,False,15.83,19.26,20130309,38,False,20180429,T06,25.35,19.26,measured,0.34,observed,0.0,38.0,19.26,36.3,False,O,19.26,measured,36.3,19.26,0.599,406.652,406.652,405.9764,406.652,406.652,405.9764,T06_1
PAR_A01,73,Strychnos subcordata,Loganiaceae,220321.3319,9633904.66,O,13.0,False,9.91,14.69,20130309,"13,6",False,20180429,T06,,14.69,measured,0.2,site_median,0.0,,14.69,13.0,False,O,14.69,measured,13.0,14.69,0.6959,42.0621,42.0621,48.615,42.0621,42.0621,48.615,T06_1
PAR_A01,74,Strychnos subcordata,Loganiaceae,220361.3793,9633927.292,O,10.9,False,7.96,13.45,20130309,"12,2",False,20180429,T06,,13.45,measured,0.2,site_median,0.0,,13.45,10.9,False,O,13.45,measured,10.9,13.45,0.6959,27.3621,27.3621,31.6249,27.3621,27.3621,31.6249,T06_2
PAR_A01,75,,,220397.5016,9633947.712,O,11.5,True,,9.88,20130309,"11,5",True,20180429,T06,,9.88,measured,0.2,site_median,0.0,,9.88,11.5,True,O,9.88,measured,11.5,9.88,0.599,22.4815,17.3447,17.3447,22.4815,17.3447,17.3447,T06_2
PAR_A01,76,Bocageopsis pleiosperma,Annonaceae,220434.7309,9633967.166,O,15.8,False,11.25,13.74,20130309,"16,3",False,20180429,T06,,13.74,measured,0.2,site_median,0.0,,13.74,15.8,False,O,13.74,measured,15.8,13.74,0.6402,57.6653,57.6653,61.4332,57.6653,57.6653,61.4332,T06_2
PAR_A01,77,NI,NI,220468.4464,9633984.709,O,17.5,False,10.43,15.21,20130309,"19,1",False,20180429,T06,,15.21,measured,0.2,site_median,0.0,,15.21,17.5,False,O,15.21,measured,17.5,15.21,0.599,77.7372,77.7372,77.6081,77.7372,77.7372,77.6081,T06_2
PAR_A01,1,,,220633.6463,9633842.234,O,38.6,True,,10.66,20130312,,True,20180430,T07,,10.66,measured,0.2,site_median,0.0,,10.66,38.6,True,O,10.66,measured,38.6,10.66,0.599,257.3772,207.9407,207.9407,257.3772,207.9407,207.9407,T07_2
PAR_A01,2,,,220611.8547,9633832.153,O,21.8,True,,16.16,20130312,,True,20180430,T07,,16.16,measured,0.2,site_median,0.0,,16.16,21.8,True,O,16.16,measured,21.8,16.16,0.599,126.6387,93.2132,93.2132,126.6387,93.2132,93.2132,T07_1
PAR_A01,3,Inga marginata,Fabaceae,220607.7367,9633829.207,O,11.8,False,7.64,9.71,20130312,"11,8",False,20180430,T07,,9.71,measured,0.2,site_median,0.0,,9.71,11.8,False,O,9.71,measured,11.8,9.71,0.5518,23.2434,23.2434,21.4192,23.2434,23.2434,21.4192,T07_1
PAR_A01,4,Parkia sp.,Fabaceae,220602.2828,9633830.734,O,41.8,False,15.38,20.91,20130312,"45,1",False,20180430,T07,,20.91,measured,0.2,site_median,0.0,,20.91,41.8,False,O,20.91,measured,41.8,20.91,0.4553,580.313,580.313,443.3092,580.313,580.313,443.3092,T07_1
PAR_A01,5,Jacaratia spinosa,Caricaceae,220593.1513,9633823.947,O,55.0,False,15.53,20.86,20130312,"56,4",False,20180430,T07,,20.86,measured,0.2,site_median,0.0,,20.86,55.0,False,O,20.86,measured,55.0,20.86,0.265,989.2349,989.2349,445.5657,989.2349,989.2349,445.5657,T07_1
PAR_A01,6,Dimorphandra macrostachya,Fabaceae,220568.6789,9633815.659,O,42.9,False,15.27,27.17,20130312,,True,20180430,T07,,27.17,measured,0.2,site_median,0.0,,27.17,42.9,False,O,27.17,measured,42.9,27.17,0.695,788.2951,788.2951,909.8931,788.2951,788.2951,909.8931,T07_1
PAR_A01,7,Sapium marmieri,Euphorbiaceae,220548.8489,9633800.746,O,16.3,False,11.62,16.35,20130312,"17,8",False,20180430,T07,,16.35,measured,0.2,site_median,0.0,,16.35,16.3,False,O,16.35,measured,16.3,16.35,0.41,72.618,72.618,50.0778,72.618,72.618,50.0778,T07_1
PAR_A01,8,Eschweilera parviflora,Lecythidaceae,220546.7919,9633800.838,O,52.3,False,19.41,32.81,20130312,"53,7",False,20180430,T07,,32.81,measured,0.2,site_median,0.0,,32.81,52.3,False,O,32.81,measured,52.3,32.81,0.918,1395.0766,1395.0766,2112.7928,1395.0766,1395.0766,2112.7928,T07_1
PAR_A01,9,Lecythis idatimon,Lecythidaceae,220531.4853,9633791.197,O,26.9,False,17.2,23.11,20130312,"27,8",False,20180430,T07,,23.11,measured,0.2,site_median,0.0,,23.11,26.9,False,O,23.11,measured,26.9,23.11,0.7986,270.6487,270.6487,357.7573,270.6487,270.6487,357.7573,T07_1
PAR_A01,10,Zygia racemosa,Fabaceae,220479.5825,9633769.57,O,38.2,False,17.48,27.43,20130312,"40,0",False,20180430,T07,,27.43,measured,0.2,site_median,0.0,,27.43,38.2,False,O,27.43,measured,38.2,27.43,0.748,634.3906,634.3906,786.6999,634.3906,634.3906,786.6999,T07_1
PAR_A01,11,Pseudopiptadenia suaveolens,Fabaceae,220476.6294,9633768.321,O,43.9,False,17.26,27.41,20130312,"54,4",False,20180430,T07,,27.41,measured,0.2,site_median,0.0,,27.41,43.9,False,O,27.41,measured,43.9,27.41,0.6797,831.6693,831.6693,939.346,831.6693,831.6693,939.346,T07_1
PAR_A01,12,Rinorea guianensis,Violaceae,220474.4308,9633762.644,O,20.3,False,15.47,20.35,20130312,"20,8",False,20180430,T07,,20.35,measured,0.2,site_median,0.0,,20.35,20.3,False,O,20.35,measured,20.3,20.35,0.78,137.9913,137.9913,178.2627,137.9913,137.9913,178.2627,T07_1
PAR_A01,13,Poecilanthe effusa,Fabaceae,220466.3315,9633758.719,O,11.7,False,7.34,7.67,20130312,"11,7",False,20180430,T07,,7.67,measured,0.2,site_median,0.0,,7.67,11.7,False,O,7.67,measured,11.7,7.67,0.7125,18.1602,18.1602,21.4764,18.1602,18.1602,21.4764,T07_1
PAR_A01,14,Rinorea guianensis,Violaceae,220465.3024,9633758.317,O,12.0,False,5.65,9.68,20130312,"12,1",False,20180430,T07,,9.68,measured,0.2,site_median,0.0,,9.68,12.0,False,O,9.68,measured,12.0,9.68,0.78,23.9462,23.9462,30.9347,23.9462,23.9462,30.9347,T07_1
PAR_A01,15,,,220435.2346,9633741.258,O,30.5,True,,4.85,20130312,,True,20180430,T07,,4.85,measured,0.2,site_median,0.0,,4.85,30.5,True,O,4.85,measured,30.5,4.85,0.599,75.3525,68.1704,68.1704,75.3525,68.1704,68.1704,T07_1
PAR_A01,16,Hymenolobium sp.,Fabaceae,220430.5797,9633739.531,O,51.1,False,20.23,29.35,20130312,"55,1",False,20180430,T07,,29.35,measured,0.2,site_median,0.0,,29.35,51.1,False,O,29.35,measured,51.1,29.35,0.6528,1195.8695,1195.8695,1298.4319,1195.8695,1195.8695,1298.4319,T07_1
PAR_A01,17,Eschweilera parviflora,Lecythidaceae,220411.1945,9633728.508,O,51.1,False,31.27,36.91,20130312,,True,20180430,T07,,36.91,measured,0.2,site_median,0.0,,36.91,51.1,False,O,36.91,measured,51.1,36.91,0.918,1495.6531,1495.6531,2265.1122,1495.6531,1495.6531,2265.1122,T07_1
PAR_A01,18,Dimorphandra macrostachya,Fabaceae,220413.3353,9633732.026,O,36.6,False,9.97,19.9,20130312,"40,7",False,20180430,T07,,19.9,measured,0.2,site_median,0.0,,19.9,36.6,False,O,19.9,measured,36.6,19.9,0.695,426.6349,426.6349,492.4452,426.6349,426.6349,492.4452,T07_1
PAR_A01,19,Eschweilera parviflora,Lecythidaceae,220376.0675,9633709.695,O,42.1,False,13.5,25.42,20130312,"42,1",True,20180430,T07,,25.42,measured,0.2,site_median,0.0,,25.42,42.1,False,O,25.42,measured,42.1,25.42,0.918,712.0503,712.0503,1078.3743,712.0503,712.0503,1078.3743,T07_1
PAR_A01,20,Jacaranda copaia,Bignoniaceae,220357.1733,9633698.197,O,11.3,False,7.67,9.41,20130312,"11,3",True,20180430,T07,,9.41,measured,0.2,site_median,0.0,,9.41,11.3,False,O,9.41,measured,11.3,9.41,0.3507,20.7154,20.7154,12.2641,20.7154,20.7154,12.2641,T07_2
PAR_A01,21,Inga marginata,Fabaceae,220301.4591,9633667.74,O,12.8,False,9.35,10.75,20130312,"14,2",False,20180430,T07,,10.75,measured,0.2,site_median,0.0,,10.75,12.8,False,O,10.75,measured,12.8,10.75,0.5518,30.0877,30.0877,27.7263,30.0877,30.0877,27.7263,T07_2
PAR_A01,22,Tetragastris altissima,Burseraceae,220298.7887,9633670.506,O,49.7,False,15.44,24.02,20130312,"51,7",False,20180430,T07,,24.02,measured,0.2,site_median,0.0,,24.02,49.7,False,O,24.02,measured,49.7,24.02,0.7079,931.5102,931.5102,1094.6087,931.5102,931.5102,1094.6087,T07_1
PAR_A01,23,,,220299.5688,9633666.612,O,15.6,True,,4.02,20130312,"15,6",True,20180430,T07,,4.02,measured,0.2,site_median,0.0,,4.02,15.6,True,O,4.02,measured,15.6,4.02,0.599,16.9498,15.2956,15.2956,16.9498,15.2956,15.2956,T07_2
PAR_A01,24,Cecropia ficifolia,Urticaceae,220281.7343,9633657.952,O,29.0,False,17.23,23.73,20130312,29,True,20180430,T07,21.68,23.73,measured,0.0,observed,0.0,29.0,23.73,29.0,False,O,23.73,measured,29.0,23.73,0.266,321.6268,321.6268,145.3989,321.6268,321.6268,145.3989,T07_2
PAR_A01,25,Inga marginata,Fabaceae,220271.4984,9633651.666,O,12.0,False,9.42,12.67,20130312,"18,4",False,20180430,T07,,12.67,measured,0.2,site_median,0.0,,12.67,12.0,False,O,12.67,measured,12.0,12.67,0.5518,31.141,31.141,28.697,31.141,31.141,28.697,T07_2
PAR_A01,26,Jacaranda copaia,Bignoniaceae,220268.022,9633649.688,O,20.4,False,12.12,15.47,20130312,"28,0",False,20180430,T07,,15.47,measured,0.2,site_median,0.0,,15.47,20.4,False,O,15.47,measured,20.4,15.47,0.3507,106.6108,106.6108,63.1165,106.6108,106.6108,63.1165,T07_2
PAR_A01,27,Bocageopsis pleiosperma,Annonaceae,220258.0495,9633647.061,O,36.3,False,8.16,10.1,20130312,"36,3",True,20180430,T07,,10.1,measured,0.2,site_median,0.0,,10.1,36.3,False,O,10.1,measured,36.3,10.1,0.6402,216.5789,216.5789,230.7303,216.5789,216.5789,230.7303,T07_1
PAR_A01,28,Dialium guianense,Fabaceae,220253.8745,9633642.211,O,11.0,False,7.66,10.85,20130312,"12,4",False,20180430,T07,,10.85,measured,0.2,site_median,0.0,,10.85,11.0,False,O,10.85,measured,11.0,10.85,0.8964,22.586,22.586,33.4193,22.586,22.586,33.4193,T07_2
PAR_A01,29,Pouteria hispida,Sapotaceae,220250.3229,9633644.505,O,43.8,False,13.38,23.15,20130312,"45,2",False,20180430,T07,,23.15,measured,0.2,site_median,0.0,,23.15,43.8,False,O,23.15,measured,43.8,23.15,0.874,702.1339,702.1339,1013.5833,702.1339,702.1339,1013.5833,T07_1
PAR_A01,30,Cordia scabrifolia,Boraginaceae,220236.8416,9633633.754,O,13.7,False,8.6,12.46,20130312,,True,20180430,T07,,12.46,measured,0.2,site_median,0.0,,12.46,13.7,False,O,12.46,measured,13.7,12.46,0.474,39.6794,39.6794,31.5245,39.6794,39.6794,31.5245,T07_2
PAR_A01,31,Tabebuia serratifolia,Bignoniaceae,220217.8647,9633623.233,O,14.7,False,5.82,10.92,20130312,"12,4",False,20180430,T07,,10.92,measured,0.2,site_median,0.0,,10.92,14.7,False,O,10.92,measured,14.7,10.92,0.924,40.0285,40.0285,61.0084,40.0285,40.0285,61.0084,T07_2
PAR_A01,32,Helicostylis sp.,Moraceae,220203.6463,9633615.265,O,18.9,False,11.76,15.48,20130312,"19,2",False,20180430,T07,,15.48,measured,0.2,site_median,0.0,,15.48,18.9,False,O,15.48,measured,18.9,15.48,0.643,91.9032,91.9032,98.3261,91.9032,91.9032,98.3261,T07_2
PAR_A01,33,,,220220.0505,9633624.86,O,45.0,True,,15.27,20130312,45,True,20180430,T07,27.76,15.27,measured,0.0,observed,0.0,45.0,15.27,45.0,True,O,15.27,measured,45.0,15.27,0.599,493.1266,379.1969,379.1969,493.1266,379.1969,379.1969,T07_2
PAR_A01,34,Peltogyne leicointei,Fabaceae,220227.0935,9633621.83,O,38.0,False,16.76,27.24,20130312,"42,4",False,20180430,T07,,27.24,measured,0.2,site_median,0.0,,27.24,38.0,False,O,27.24,measured,38.0,27.24,0.7926,623.678,623.678,818.3984,623.678,623.678,818.3984,T07_1
PAR_A01,35,,,220217.6349,9633631.507,O,49.6,True,17.2,26.69,20130312,"49,6",True,20180430,T07,,26.69,measured,0.2,site_median,0.0,,26.69,49.6,True,O,26.69,measured,49.6,26.69,0.599,1028.3883,727.4044,727.4044,1028.3883,727.4044,727.4044,T07_1
PAR_A01,36,Jacaratia spinosa,Caricaceae,220286.7957,9633654.994,O,42.5,False,15.24,20.89,20130312,"44,4",False,20180430,T07,,20.89,measured,0.2,site_median,0.0,,20.89,42.5,False,O,20.89,measured,42.5,20.89,0.265,598.8745,598.8745,269.7417,598.8745,598.8745,269.7417,T07_1
PAR_A01,37,Lecythis lurida,Lecythidaceae,220271.3769,9633648.991,O,100.2,False,29.78,35.39,20130312,"101,2",False,20180430,T07,,35.39,measured,0.2,site_median,0.0,,35.39,100.2,False,O,35.39,measured,100.2,35.39,0.8633,5343.9441,5343.9441,7622.4839,5343.9441,5343.9441,7622.4839,T07_1
PAR_A01,38,Bocageopsis pleiosperma,Annonaceae,220292.9233,9633661.685,O,10.9,False,9.14,12.08,20130312,"12,0",False,20180430,T07,,12.08,measured,0.2,site_median,0.0,,12.08,10.9,False,O,12.08,measured,10.9,12.08,0.6402,24.6385,24.6385,26.2484,24.6385,24.6385,26.2484,T07_2
PAR_A01,39,Ocotea glomerata,Lauraceae,220327.1523,9633674.375,O,41.0,False,17.1,23.24,20130312,"44,0",False,20180430,T07,,23.24,measured,0.2,site_median,0.0,,23.24,41.0,False,O,23.24,measured,41.0,23.24,0.508,619.5284,619.5284,526.6336,619.5284,619.5284,526.6336,T07_1
PAR_A01,40,Inga marginata,Fabaceae,220335.4905,9633685.543,O,28.3,False,6.57,17.04,20130312,"32,5",False,20180430,T07,,17.04,measured,0.2,site_median,0.0,,17.04,28.3,False,O,17.04,measured,28.3,17.04,0.5518,221.9536,221.9536,204.534,221.9536,221.9536,204.534,T07_2
PAR_A01,41,Cecropia ficifolia,Urticaceae,220343.8221,9633689.9,O,11.2,False,6.1,10.27,20130312,"13,1",False,20180430,T07,,10.27,measured,0.2,site_median,0.0,,10.27,11.2,False,O,10.27,measured,11.2,10.27,0.266,22.1731,22.1731,10.0239,22.1731,22.1731,10.0239,T07_2
PAR_A01,42,Poecilanthe effusa,Fabaceae,220410.7923,9633725.979,O,10.5,False,9.45,12.71,20130312,,True,20180430,T07,,12.71,measured,0.2,site_median,0.0,,12.71,10.5,False,O,12.71,measured,10.5,12.71,0.7125,24.0696,24.0696,28.465,24.0696,24.0696,28.465,T07_2
PAR_A01,43,Zanthoxylum rhoifolium,Rutaceae,220380.541,9633708.777,O,20.1,False,8.86,15.31,20130312,,True,20180430,T07,,15.31,measured,0.2,site_median,0.0,,15.31,20.1,False,O,15.31,measured,20.1,15.31,0.5692,102.5263,102.5263,97.3947,102.5263,102.5263,97.3947,T07_2
PAR_A01,44,Cecropia ficifolia,Urticaceae,220452.346,9633750.413,O,14.7,False,11.26,14.18,20130312,"22,4",False,20180430,T07,,14.18,measured,0.2,site_median,0.0,,14.18,14.7,False,O,14.18,measured,14.7,14.18,0.266,51.6535,51.6535,23.3512,51.6535,51.6535,23.3512,T07_1
PAR_A01,45,Cecropia ficifolia,Urticaceae,220433.4449,9633739.55,O,18.7,False,18.12,21.97,20130312,"21,2",False,20180430,T07,,21.97,measured,0.2,site_median,0.0,,21.97,18.7,False,O,21.97,measured,18.7,21.97,0.266,126.684,126.684,57.2704,126.684,126.684,57.2704,T07_1
PAR_A01,46,Inga marginata,Fabaceae,220432.4512,9633738.87,O,20.3,False,9.49,14.76,20130312,"20,3",True,20180430,T07,,14.76,measured,0.2,site_median,0.0,,14.76,20.3,False,O,14.76,measured,20.3,14.76,0.5518,100.8605,100.8605,92.9447,100.8605,100.8605,92.9447,T07_1
PAR_A01,47,Eperua bijuga,Fabaceae,220497.2901,9633768.341,O,46.2,False,14.78,20.31,20130312,"46,7",False,20180430,T07,,20.31,measured,0.2,site_median,0.0,,20.31,46.2,False,O,20.31,measured,46.2,20.31,0.729,685.7514,685.7514,829.3028,685.7514,685.7514,829.3028,T07_1
PAR_A01,48,Eperua bijuga,Fabaceae,220467.9413,9633758.627,O,12.4,False,8.1,13.73,20130312,"15,1",False,20180430,T07,,13.73,measured,0.2,site_median,0.0,,13.73,12.4,False,O,13.73,measured,12.4,13.73,0.729,35.9076,35.9076,43.4243,35.9076,35.9076,43.4243,T07_1
PAR_A01,49,Hevea sp.,Euphorbiaceae,220507.676,9633776.87,O,50.9,False,24.04,27.62,20130312,"51,4",False,20180430,T07,,27.62,measured,0.2,site_median,0.0,,27.62,50.9,False,O,27.62,measured,50.9,27.62,0.5029,1118.4282,1118.4282,941.4182,1118.4282,1118.4282,941.4182,T07_1
PAR_A01,50,Licania canescens,Chrysobalanaceae,220547.9482,9633795.827,O,41.3,False,12.7,19.49,20130312,"41,5",False,20180430,T07,,19.49,measured,0.2,site_median,0.0,,19.49,41.3,False,O,19.49,measured,41.3,19.49,0.88,529.2386,529.2386,769.1145,529.2386,529.2386,769.1145,T07_1
PAR_A01,51,Lecythis idatimon,Lecythidaceae,220564.319,9633798.401,O,48.6,False,20.1,27.15,20130312,"45,2",False,20180430,T07,,27.15,measured,0.2,site_median,0.0,,27.15,48.6,False,O,27.15,measured,48.6,27.15,0.7986,1004.9259,1004.9259,1328.3627,1004.9259,1004.9259,1328.3627,T07_1
PAR_A01,52,Sapium marmieri,Euphorbiaceae,220591.9395,9633820.55,O,12.5,False,5.61,9.85,20130312,,True,20180430,T07,,9.85,measured,0.2,site_median,0.0,,9.85,12.5,False,O,9.85,measured,12.5,9.85,0.41,26.3768,26.3768,18.1896,26.3768,26.3768,18.1896,T07_2
PAR_A01,53,Inga marginata,Fabaceae,220586.2569,9633818.052,O,11.9,False,13.54,17.61,20130312,,True,20180430,T07,,17.61,measured,0.2,site_median,0.0,,17.61,11.9,False,O,17.61,measured,11.9,17.61,0.5518,42.2464,42.2464,38.9308,42.2464,42.2464,38.9308,T07_1
PAR_A01,54,Pouteria guianensis,Sapotaceae,220582.9006,9633816.267,O,17.1,False,8.44,14.81,20130312,"19,0",False,20180430,T07,,14.81,measured,0.2,site_median,0.0,,14.81,17.1,False,O,14.81,measured,17.1,14.81,0.9295,72.3987,72.3987,110.9856,72.3987,72.3987,110.9856,T07_1
PAR_A01,55,Poeppigia sp.,Fabaceae,220581.4229,9633814.749,O,30.6,False,11.8,22.1,20130312,"32,2",False,20180430,T07,,22.1,measured,0.2,site_median,0.0,,22.1,30.6,False,O,22.1,measured,30.6,22.1,0.735,333.2083,333.2083,406.1969,333.2083,333.2083,406.1969,T07_2
PAR_A01,56,Licania heteromorpha,Chrysobalanaceae,220576.6804,9633813.055,O,15.5,False,12.03,16.86,20130312,,True,20180430,T07,,16.86,measured,0.2,site_median,0.0,,16.86,15.5,False,O,16.86,measured,15.5,16.86,0.8164,67.8268,67.8268,91.61,67.8268,67.8268,91.61,T07_1
PAR_A01,57,Caryocar villosum,Caryocaraceae,220563.9639,9633800.459,O,58.8,False,17.8,28.98,20130312,"58,8",False,20180430,T07,,28.98,measured,0.2,site_median,0.0,,28.98,58.8,False,O,28.98,measured,58.8,28.98,0.758,1553.4356,1553.4356,1951.5279,1553.4356,1553.4356,1951.5279,T07_1
PAR_A01,58,Bocageopsis pleiosperma,Annonaceae,220604.0657,9633826.036,O,11.6,False,7.53,10.05,20130312,,True,20180430,T07,,10.05,measured,0.2,site_median,0.0,,10.05,11.6,False,O,10.05,measured,11.6,10.05,0.6402,23.2486,23.2486,24.7677,23.2486,23.2486,24.7677,T07_2
PAR_A01,59,,,220597.5352,9633825.015,O,12.0,True,,3.18,20130312,,True,20180430,T07,,3.18,measured,0.2,site_median,0.0,,3.18,12.0,True,O,3.18,measured,12.0,3.18,0.599,8.0796,7.4715,7.4715,8.0796,7.4715,7.4715,T07_1
PAR_A01,1,Vismia guianensis,Clusiaceae,220712.5324,9633689.543,O,11.2,False,10.47,14.37,20130311,16,False,20180427,T08,14.79,14.37,measured,0.96,observed,0.0,16.0,14.37,11.2,False,O,14.37,measured,11.2,14.37,0.475,30.776,30.776,24.5013,30.776,30.776,24.5013,T08_2
PAR_A01,2,,,220701.8291,9633683.899,O,13.7,True,,4.11,20130311,,True,20180427,T08,,4.11,measured,0.2,site_median,0.0,,4.11,13.7,True,O,4.11,measured,13.7,4.11,0.599,13.4415,12.0122,12.0122,13.4415,12.0122,12.0122,T08_2
PAR_A01,3,Helicostylis sp.,Moraceae,220683.6714,9633675.456,O,38.3,False,14.69,29.08,20130311,41,False,20180427,T08,26.42,29.08,measured,0.54,observed,0.0,41.0,29.08,38.3,False,O,29.08,measured,38.3,29.08,0.643,675.0452,675.0452,722.2227,675.0452,675.0452,722.2227,T08_2
PAR_A01,4,Eperua bijuga,Fabaceae,220670.9355,9633672.81,O,40.9,False,19.95,28.29,20130311,41,False,20180427,T08,26.42,28.29,measured,0.02,observed,0.0,41.0,28.29,40.9,False,O,28.29,measured,40.9,28.29,0.729,747.0305,747.0305,903.4098,747.0305,747.0305,903.4098,T08_1
PAR_A01,5,Theobroma glaucum,Malvaceae,220671.9499,9633667.24,O,16.6,False,12.75,16.1,20130311,"16,7",False,20180427,T08,,16.1,measured,0.2,site_median,0.0,,16.1,16.6,False,O,16.1,measured,16.6,16.1,0.5297,74.1265,74.1265,65.6391,74.1265,74.1265,65.6391,T08_2
PAR_A01,6,Sagotia racemosa,Euphorbiaceae,220659.2539,9633660.659,O,12.7,False,4.81,5.81,20130311,"12,7",False,20180427,T08,,5.81,measured,0.2,site_median,0.0,,5.81,12.7,False,O,5.81,measured,12.7,5.81,0.58,16.2525,16.2525,15.7236,16.2525,16.2525,15.7236,T08_2
PAR_A01,7,,,220644.2629,9633652.642,O,26.5,True,,4.58,20130311,,True,20180427,T08,,4.58,measured,0.2,site_median,0.0,,4.58,26.5,True,O,4.58,measured,26.5,4.58,0.599,54.1553,49.1065,49.1065,54.1553,49.1065,49.1065,T08_2
PAR_A01,8,Dimorphandra macrostachya,Fabaceae,220615.3039,9633638.955,O,44.3,False,11.03,22.01,20130311,"52,7",False,20180427,T08,,22.01,measured,0.2,site_median,0.0,,22.01,44.3,False,O,22.01,measured,44.3,22.01,0.695,683.3417,683.3417,788.7502,683.3417,683.3417,788.7502,T08_2
PAR_A01,9,Sapium marmieri,Euphorbiaceae,220585.0242,9633622.198,O,13.2,False,6.19,9.46,20130311,"13,2",False,20180427,T08,,9.46,measured,0.2,site_median,0.0,,9.46,13.2,False,O,9.46,measured,13.2,9.46,0.41,28.2027,28.2027,19.4488,28.2027,28.2027,19.4488,T08_2
PAR_A01,10,,,220582.8546,9633621.167,O,32.7,True,,3.45,20130311,,True,20180427,T08,,3.45,measured,0.2,site_median,0.0,,3.45,32.7,True,O,3.45,measured,32.7,3.45,0.599,61.9112,59.305,59.305,61.9112,59.305,59.305,T08_2
PAR_A01,11,Chimarrhis turbinata,Rubiaceae,220567.0891,9633622.124,O,70.6,False,22.03,29.36,20130311,72,False,20180427,T08,34.55,29.36,measured,0.28,observed,0.0,72.0,29.36,70.6,False,O,29.36,measured,70.6,29.36,0.72,2248.3161,2248.3161,2686.1995,2248.3161,2248.3161,2686.1995,T08_1
PAR_A01,12,Cecropia ficifolia,Urticaceae,220569.7356,9633613.458,O,13.0,False,11.06,13.54,20130311,,True,20180427,T08,,13.54,measured,0.2,site_median,0.0,,13.54,13.0,False,O,13.54,measured,13.0,13.54,0.266,38.8453,38.8453,17.5609,38.8453,38.8453,17.5609,T08_2
PAR_A01,13,Vismia guianensis,Clusiaceae,220565.2099,9633611.75,O,10.1,False,6.59,10.09,20130311,11,False,20180427,T08,11.38,10.09,measured,0.18,observed,0.0,11.0,10.09,10.1,False,O,10.09,measured,10.1,10.09,0.475,17.8112,17.8112,14.1798,17.8112,17.8112,14.1798,T08_2
PAR_A01,14,Bagassa guianensis,Moraceae,220555.5262,9633606.531,O,11.8,False,7.14,14.16,20130311,"13,5",False,20180427,T08,,14.16,measured,0.2,site_median,0.0,,14.16,11.8,False,O,14.16,measured,11.8,14.16,0.7087,33.5902,33.5902,39.5155,33.5902,33.5902,39.5155,T08_2
PAR_A01,15,Eschweilera parviflora,Lecythidaceae,220547.3757,9633606.982,O,60.8,False,20.68,27.91,20130311,"61,8",False,20180427,T08,,27.91,measured,0.2,site_median,0.0,,27.91,60.8,False,O,27.91,measured,60.8,27.91,0.918,1598.4611,1598.4611,2420.8112,1598.4611,1598.4611,2420.8112,T08_1
PAR_A01,16,Inga marginata,Fabaceae,220540.2304,9633597.194,O,14.4,False,13.94,18.22,20130311,"20,2",False,20180427,T08,,18.22,measured,0.2,site_median,0.0,,18.22,14.4,False,O,18.22,measured,14.4,18.22,0.5518,63.3694,63.3694,58.396,63.3694,63.3694,58.396,T08_2
PAR_A01,17,Tachigali myrmecophila,Fabaceae,220511.2047,9633585.256,O,36.1,False,15.03,24.58,20130311,"37,5",False,20180427,T08,,24.58,measured,0.2,site_median,0.0,,24.58,36.1,False,O,24.58,measured,36.1,24.58,0.476,510.4141,510.4141,407.1847,510.4141,510.4141,407.1847,T08_1
PAR_A01,18,Rinorea guianensis,Violaceae,220498.4758,9633572.704,O,18.4,False,12.43,19.0,20130311,"18,8",False,20180427,T08,,19.0,measured,0.2,site_median,0.0,,19.0,18.4,False,O,19.0,measured,18.4,19.0,0.78,106.5243,106.5243,137.6123,106.5243,106.5243,137.6123,T08_1
PAR_A01,19,,,220495.1448,9633570.676,O,13.6,True,,4.53,20130311,,True,20180427,T08,,4.53,measured,0.2,site_median,0.0,,4.53,13.6,True,O,4.53,measured,13.6,4.53,0.599,14.5707,12.8182,12.8182,14.5707,12.8182,12.8182,T08_1
PAR_A01,20,Licania heteromorpha,Chrysobalanaceae,220471.219,9633555.169,O,20.3,False,10.03,11.67,20130311,"20,5",False,20180427,T08,,11.67,measured,0.2,site_median,0.0,,11.67,20.3,False,O,11.67,measured,20.3,11.67,0.8164,80.1963,80.1963,108.3168,80.1963,80.1963,108.3168,T08_1
PAR_A01,21,,,220467.8026,9633553.089,O,18.6,True,,2.82,20130311,,True,20180427,T08,,2.82,measured,0.2,site_median,0.0,,2.82,18.6,True,O,2.82,measured,18.6,2.82,0.599,16.9041,16.2701,16.2701,16.9041,16.2701,16.2701,T08_1
PAR_A01,22,Vismia guianensis,Clusiaceae,220466.8444,9633552.74,O,15.4,False,13.09,16.04,20130311,"15,4",True,20180427,T08,,16.04,measured,0.2,site_median,0.0,,16.04,15.4,False,O,16.04,measured,15.4,16.04,0.475,63.7941,63.7941,50.7876,63.7941,63.7941,50.7876,T08_1
PAR_A01,23,Sapium marmieri,Euphorbiaceae,220462.3139,9633550.566,O,19.4,False,9.33,14.11,20130311,"14,5",False,20180427,T08,,14.11,measured,0.2,site_median,0.0,,14.11,19.4,False,O,14.11,measured,19.4,14.11,0.41,88.3462,88.3462,60.9241,88.3462,88.3462,60.9241,T08_1
PAR_A01,24,Cecropia ficifolia,Urticaceae,220453.9322,9633545.772,O,11.3,False,8.68,12.03,20130311,"18,4",False,20180427,T08,,12.03,measured,0.2,site_median,0.0,,12.03,11.3,False,O,12.03,measured,11.3,12.03,0.266,26.3275,26.3275,11.9019,26.3275,26.3275,11.9019,T08_1
PAR_A01,25,Pouteria gongrijpii,Sapotaceae,220432.7934,9633534.391,O,10.1,False,5.92,9.99,20130311,"10,5",False,20180427,T08,,9.99,measured,0.2,site_median,0.0,,9.99,10.1,False,O,9.99,measured,10.1,9.99,0.7994,17.6389,17.6389,23.3396,17.6389,17.6389,23.3396,T08_1
PAR_A01,26,Tachigali myrmecophila,Fabaceae,220430.0391,9633535.15,O,41.7,False,15.4,24.94,20130311,"46,0",False,20180427,T08,,24.94,measured,0.2,site_median,0.0,,24.94,41.7,False,O,24.94,measured,41.7,24.94,0.476,686.0207,686.0207,547.2755,686.0207,686.0207,547.2755,T08_1
PAR_A01,27,Jacaranda copaia,Bignoniaceae,220420.5298,9633535.592,O,39.7,False,14.8,22.72,20130311,"42,3",False,20180427,T08,,22.72,measured,0.2,site_median,0.0,,22.72,39.7,False,O,22.72,measured,39.7,22.72,0.3507,569.0551,569.0551,336.8959,569.0551,569.0551,336.8959,T08_1
PAR_A01,28,Schefflera morototoni,Araliaceae,220420.1353,9633528.514,O,36.8,False,18.77,26.59,20130311,"39,8",False,20180427,T08,,26.59,measured,0.2,site_median,0.0,,26.59,36.8,False,O,26.59,measured,36.8,26.59,0.4559,572.1643,572.1643,437.6598,572.1643,572.1643,437.6598,T08_1
PAR_A01,29,Apeiba echinata,Malvaceae,220416.4293,9633524.743,O,14.6,False,6.69,12.92,20130311,"17,5",False,20180427,T08,,12.92,measured,0.2,site_median,0.0,,12.92,14.6,False,O,12.92,measured,14.6,12.92,0.2822,46.5446,46.5446,22.2953,46.5446,46.5446,22.2953,T08_1
PAR_A01,30,Jacaranda copaia,Bignoniaceae,220404.8095,9633518.87,O,30.0,False,13.35,19.79,20130311,32,False,20180427,T08,22.99,19.79,measured,0.4,observed,0.0,32.0,19.79,30.0,False,O,19.79,measured,30.0,19.79,0.3507,287.8276,287.8276,170.4017,287.8276,287.8276,170.4017,T08_1
PAR_A01,31,Casearia grandiflora,Salicaceae,220408.4583,9633520.551,O,12.2,False,7.68,9.14,20130311,"13,9",False,20180427,T08,,9.14,measured,0.2,site_median,0.0,,9.14,12.2,False,O,9.14,measured,12.2,9.14,0.77,23.384,23.384,29.8303,23.384,23.384,29.8303,T08_1
PAR_A01,32,Brosimum rubescens ,Moraceae,220399.8139,9633515.528,O,13.5,False,7.75,12.79,20130311,"15,2",False,20180427,T08,,12.79,measured,0.2,site_median,0.0,,12.79,13.5,False,O,12.79,measured,13.5,12.79,0.8251,39.5529,39.5529,53.9802,39.5529,39.5529,53.9802,T08_1
PAR_A01,33,Cecropia ficifolia,Urticaceae,220373.6774,9633501.603,O,19.1,False,13.35,18.9,20130311,"19,1",True,20180427,T08,,18.9,measured,0.2,site_median,0.0,,18.9,19.1,False,O,18.9,measured,19.1,18.9,0.266,113.9894,113.9894,51.5316,113.9894,113.9894,51.5316,T08_1
PAR_A01,34,Bocageopsis pleiosperma,Annonaceae,220364.9337,9633505.9,O,37.6,False,11.95,19.1,20130311,38,False,20180427,T08,25.35,19.1,measured,0.08,observed,0.0,38.0,19.1,37.6,False,O,19.1,measured,37.6,19.1,0.6402,432.032,432.032,460.2612,432.032,432.032,460.2612,T08_1
PAR_A01,35,,,220360.5599,9633494.328,O,24.5,True,,9.86,20130311,"24,5",True,20180427,T08,,9.86,measured,0.2,site_median,0.0,,9.86,24.5,True,O,9.86,measured,24.5,9.86,0.599,98.2057,78.5928,78.5928,98.2057,78.5928,78.5928,T08_1
PAR_A01,36,Inga marginata,Fabaceae,220358.6009,9633492.327,O,13.5,False,8.94,10.33,20130311,"13,8",False,20180427,T08,,10.33,measured,0.2,site_median,0.0,,10.33,13.5,False,O,10.33,measured,13.5,10.33,0.5518,32.1095,32.1095,29.5895,32.1095,32.1095,29.5895,T08_1
PAR_A01,37,NI,NI,220345.5447,9633485.542,O,33.1,False,13.32,22.58,20130311,"33,1",True,20180427,T08,,22.58,measured,0.2,site_median,0.0,,22.58,33.1,False,O,22.58,measured,33.1,22.58,0.599,396.6427,396.6427,395.9838,396.6427,396.6427,395.9838,T08_1
PAR_A01,38,NI,NI,220351.7165,9633488.851,O,18.6,False,13.32,21.13,20130311,,True,20180427,T08,,21.13,measured,0.2,site_median,0.0,,21.13,18.6,False,O,21.13,measured,18.6,21.13,0.599,120.6846,120.6846,120.4841,120.6846,120.6846,120.4841,T08_1
PAR_A01,39,NI,NI,220331.7235,9633479.477,O,47.0,False,18.49,29.78,20130311,"47,5",False,20180427,T08,,29.78,measured,0.2,site_median,0.0,,29.78,47.0,False,O,29.78,measured,47.0,29.78,0.599,1030.2585,1030.2585,1028.5468,1030.2585,1030.2585,1028.5468,T08_1
PAR_A01,40,Inga marginata,Fabaceae,220327.8537,9633476.188,O,14.7,False,6.35,13.82,20130311,"16,4",False,20180427,T08,,13.82,measured,0.2,site_median,0.0,,13.82,14.7,False,O,13.82,measured,14.7,13.82,0.5518,50.3733,50.3733,46.4198,50.3733,50.3733,46.4198,T08_1
PAR_A01,41,Apeiba echinata,Malvaceae,220289.7146,9633454.463,O,13.9,False,9.75,12.64,20130311,"14,5",False,20180427,T08,,12.64,measured,0.2,site_median,0.0,,12.64,13.9,False,O,12.64,measured,13.9,12.64,0.2822,41.3934,41.3934,19.8278,41.3934,41.3934,19.8278,T08_1
PAR_A01,42,NI,NI,220288.7024,9633454.016,O,20.0,False,12.0,17.72,20130311,"23,5",False,20180427,T08,,17.72,measured,0.2,site_median,0.0,,17.72,20.0,False,O,17.72,measured,20.0,17.72,0.599,117.104,117.104,116.9095,117.104,117.104,116.9095,T08_1
PAR_A01,43,Pouteria sp.,Sapotaceae,220325.0092,9633473.124,O,16.5,False,12.46,18.33,20130311,"19,5",False,20180427,T08,,18.33,measured,0.2,site_median,0.0,,18.33,16.5,False,O,18.33,measured,16.5,18.33,0.7187,83.145,83.145,99.1671,83.145,83.145,99.1671,T08_1
PAR_A01,44,Apeiba echinata,Malvaceae,220324.4604,9633472.476,O,16.0,False,7.46,18.52,20130311,"16,1",False,20180427,T08,,18.52,measured,0.2,site_median,0.0,,18.52,16.0,False,O,18.52,measured,16.0,18.52,0.2822,79.0898,79.0898,37.8847,79.0898,79.0898,37.8847,T08_1
PAR_A01,45,,,220294.8638,9633461.32,O,35.3,True,,2.55,20130311,"35,3",True,20180427,T08,,2.55,measured,0.2,site_median,0.0,,2.55,35.3,True,O,2.55,measured,35.3,2.55,0.599,53.518,53.9708,53.9708,53.518,53.9708,53.9708,T08_1
PAR_A01,46,,,220302.2316,9633466.55,O,48.2,True,,25.25,20130311,,True,20180427,T08,,25.25,measured,0.2,site_median,0.0,,25.25,48.2,True,O,25.25,measured,48.2,25.25,0.599,921.246,656.4526,656.4526,921.246,656.4526,656.4526,T08_1
PAR_A01,47,NI,NI,220360.1399,9633492.266,O,11.0,False,10.93,15.53,20130311,14,False,20180427,T08,13.49,15.53,measured,0.6,observed,0.0,14.0,15.53,11.0,False,O,15.53,measured,11.0,15.53,0.599,32.0511,32.0511,31.9978,32.0511,32.0511,31.9978,T08_1
PAR_A01,48,NI,NI,220353.9681,9633488.957,O,18.6,False,10.64,18.67,20130311,,True,20180427,T08,,18.67,measured,0.2,site_median,0.0,,18.67,18.6,False,O,18.67,measured,18.6,18.67,0.599,106.9515,106.9515,106.7738,106.9515,106.9515,106.7738,T08_1
PAR_A01,49,Pouteria gongrijpii,Sapotaceae,220339.3737,9633472.288,O,39.8,False,12.74,19.94,20130311,41,False,20180427,T08,26.42,19.94,measured,0.24,observed,0.0,41.0,19.94,39.8,False,O,19.94,measured,39.8,19.94,0.7994,503.4591,503.4591,666.172,503.4591,503.4591,666.172,T08_1
PAR_A01,50,Lecythis idatimon,Lecythidaceae,220411.5645,9633519.187,O,38.0,False,15.17,24.2,20130311,39,False,20180427,T08,25.71,24.2,measured,0.2,observed,0.0,39.0,24.2,38.0,False,O,24.2,measured,38.0,24.2,0.7986,555.651,555.651,734.488,555.651,555.651,734.488,T08_1
PAR_A01,51,Lecythis idatimon,Lecythidaceae,220411.3621,9633510.386,O,41.7,False,13.25,20.29,20130311,"43,5",False,20180427,T08,,20.29,measured,0.2,site_median,0.0,,20.29,41.7,False,O,20.29,measured,41.7,20.29,0.7986,560.8846,560.8846,741.4061,560.8846,560.8846,741.4061,T08_1
PAR_A01,52,Dipteryx odorata,Fabaceae,220392.9591,9633505.438,O,62.1,False,17.76,23.51,20130311,65,False,20180427,T08,33.09,23.51,measured,0.58,observed,0.0,65.0,23.51,62.1,False,O,23.51,measured,62.1,23.51,0.9228,1409.0229,1409.0229,2144.6897,1409.0229,1409.0229,2144.6897,T08_1
PAR_A01,53,,,220410.628,9633528.157,O,53.2,True,,10.18,20130311,"53,2",True,20180427,T08,,10.18,measured,0.2,site_median,0.0,,10.18,53.2,True,O,10.18,measured,53.2,10.18,0.599,460.2587,380.3824,380.3824,460.2587,380.3824,380.3824,T08_1
PAR_A01,54,Lecythis idatimon,Lecythidaceae,220452.6356,9633544.024,O,14.0,False,6.96,10.05,20130311,"15,8",False,20180427,T08,,10.05,measured,0.2,site_median,0.0,,10.05,14.0,False,O,10.05,measured,14.0,10.05,0.7986,33.5596,33.5596,44.3608,33.5596,33.5596,44.3608,T08_1
PAR_A01,55,Lecythis idatimon,Lecythidaceae,220444.0518,9633534.919,O,59.9,False,12.53,22.11,20130311,"61,5",False,20180427,T08,,22.11,measured,0.2,site_median,0.0,,22.11,59.9,False,O,22.11,measured,59.9,22.11,0.7986,1236.8484,1236.8484,1634.9297,1236.8484,1236.8484,1634.9297,T08_1
PAR_A01,56,Inga alba,Fabaceae,220440.3128,9633529.415,O,48.0,False,12.64,23.55,20130311,,True,20180427,T08,,23.55,measured,0.2,site_median,0.0,,23.55,48.0,False,O,23.55,measured,48.0,23.55,0.5861,853.7028,853.7028,834.4101,853.7028,853.7028,834.4101,T08_1
PAR_A01,57,Inga marginata,Fabaceae,220426.4509,9633529.387,O,11.0,False,1.71,8.5,20130311,"11,7",False,20180427,T08,,8.5,measured,0.2,site_median,0.0,,8.5,11.0,False,O,8.5,measured,11.0,8.5,0.5518,17.798,17.798,16.4012,17.798,17.798,16.4012,T08_1
PAR_A01,58,Sapium marmieri,Euphorbiaceae,220496.508,9633569.398,O,10.7,False,10.53,12.28,20130311,11,False,20180427,T08,11.38,12.28,measured,0.06,observed,0.0,11.0,12.28,10.7,False,O,12.28,measured,10.7,12.28,0.41,24.1477,24.1477,16.6524,24.1477,24.1477,16.6524,T08_1
PAR_A01,59,Eschweilera ovata,Lecythidaceae,220493.7377,9633568.18,O,23.8,False,9.87,12.34,20130311,"23,7",True,20180427,T08,,12.34,measured,0.2,site_median,0.0,,12.34,23.8,False,O,12.34,measured,23.8,12.34,0.9,115.5214,115.5214,171.6041,115.5214,115.5214,171.6041,T08_1
PAR_A01,60,Dialium guianense,Fabaceae,220546.6563,9633592.794,O,39.0,False,9.93,15.17,20130311,"39,2",False,20180427,T08,,15.17,measured,0.2,site_median,0.0,,15.17,39.0,False,O,15.17,measured,39.0,15.17,0.8964,370.5619,370.5619,548.3018,370.5619,370.5619,548.3018,T08_1
PAR_A01,61,Cecropia ficifolia,Urticaceae,220536.7472,9633594.839,O,17.7,False,9.87,12.48,20130311,"17,7",True,20180427,T08,,12.48,measured,0.2,site_median,0.0,,12.48,17.7,False,O,12.48,measured,17.7,12.48,0.266,65.5254,65.5254,29.6223,65.5254,65.5254,29.6223,T08_2
PAR_A01,62,Dimorphandra macrostachya,Fabaceae,220535.8487,9633593.238,O,18.5,False,8.7,11.3,20130311,"22,5",False,20180427,T08,,11.3,measured,0.2,site_median,0.0,,11.3,18.5,False,O,11.3,measured,18.5,11.3,0.695,64.8313,64.8313,74.8318,64.8313,64.8313,74.8318,T08_2
PAR_A01,63,Inga marginata,Fabaceae,220519.2047,9633584.039,O,10.8,False,5.33,6.48,20130311,,True,20180427,T08,,6.48,measured,0.2,site_median,0.0,,6.48,10.8,False,O,6.48,measured,10.8,6.48,0.5518,13.1765,13.1765,12.1424,13.1765,13.1765,12.1424,T08_2
PAR_A01,64,Eschweilera ovata,Lecythidaceae,220517.7046,9633582.657,O,51.0,False,22.06,29.49,20130311,"51,1",False,20180427,T08,,29.49,measured,0.2,site_median,0.0,,29.49,51.0,False,O,29.49,measured,51.0,29.49,0.9,1196.8515,1196.8515,1777.8918,1196.8515,1196.8515,1777.8918,T08_2
PAR_A01,65,Eschweilera ovata,Lecythidaceae,220514.126,9633573.922,O,47.3,False,15.34,23.8,20130311,"47,8",False,20180427,T08,,23.8,measured,0.2,site_median,0.0,,23.8,47.3,False,O,23.8,measured,47.3,23.8,0.9,838.1635,838.1635,1245.0701,838.1635,838.1635,1245.0701,T08_1
PAR_A01,66,Pouteria hispida,Sapotaceae,220511.452,9633573.698,O,40.0,False,19.29,26.59,20130311,"40,7",False,20180427,T08,,26.59,measured,0.2,site_median,0.0,,26.59,40.0,False,O,26.59,measured,40.0,26.59,0.874,673.2973,673.2973,971.9556,673.2973,673.2973,971.9556,T08_1
PAR_A01,67,Rinorea guianensis,Violaceae,220508.6139,9633577.59,O,16.8,False,11.24,15.85,20130311,"17,4",False,20180427,T08,,15.85,measured,0.2,site_median,0.0,,15.85,16.8,False,O,15.85,measured,16.8,15.85,0.78,74.7297,74.7297,96.5388,74.7297,74.7297,96.5388,T08_2
PAR_A01,68,Inga marginata,Fabaceae,220570.5697,9633605.872,O,47.8,False,15.96,22.85,20130311,"55,4",False,20180427,T08,,22.85,measured,0.2,site_median,0.0,,22.85,47.8,False,O,22.85,measured,47.8,22.85,0.5518,822.1989,822.1989,757.6702,822.1989,822.1989,757.6702,T08_1
PAR_A01,69,Pseudopiptadenia suaveolens,Fabaceae,220563.7701,9633605.904,O,39.5,False,11.02,17.41,20130311,"41,5",False,20180427,T08,,17.41,measured,0.2,site_median,0.0,,17.41,39.5,False,O,17.41,measured,39.5,17.41,0.6797,434.5481,434.5481,490.8093,434.5481,434.5481,490.8093,T08_1
PAR_A01,70,Inga heterophylla,Fabaceae,220561.6956,9633608.767,O,10.4,False,8.1,10.13,20130311,"11,6",False,20180427,T08,,10.13,measured,0.2,site_median,0.0,,10.13,10.4,False,O,10.13,measured,10.4,10.13,0.56,18.9315,18.9315,17.6987,18.9315,18.9315,17.6987,T08_2
PAR_A01,71,Swartzia corrugata,Fabaceae,220557.2372,9633603.929,O,35.9,False,18.84,23.08,20130311,37,False,20180427,T08,24.98,23.08,measured,0.22,observed,0.0,37.0,23.08,35.9,False,O,23.08,measured,35.9,23.08,1.0565,474.8137,474.8137,824.7916,474.8137,474.8137,824.7916,T08_1
PAR_A01,72,,,220584.0656,9633621.014,O,15.5,True,,8.57,20130311,,True,20180427,T08,,8.57,measured,0.2,site_median,0.0,,8.57,15.5,True,O,8.57,measured,15.5,8.57,0.599,35.0411,28.048,28.048,35.0411,28.048,28.048,T08_2
PAR_A01,73,NI,NI,220635.0922,9633646.45,O,27.7,False,10.0,16.1,20130311,"28,8",False,20180427,T08,,16.1,measured,0.2,site_median,0.0,,16.1,27.7,False,O,16.1,measured,27.7,16.1,0.599,201.3925,201.3925,201.0579,201.3925,201.3925,201.0579,T08_2
PAR_A01,74,Cecropia ficifolia,Urticaceae,220600.1143,9633621.45,O,40.5,False,15.83,25.7,20130311,"40,5",True,20180427,T08,,25.7,measured,0.2,site_median,0.0,,25.7,40.5,False,O,25.7,measured,40.5,25.7,0.266,667.2793,667.2793,301.6591,667.2793,667.2793,301.6591,T08_1
PAR_A01,75,Helicostylis sp.,Moraceae,220662.1874,9633661.528,O,43.9,False,17.21,23.26,20130311,"45,3",False,20180427,T08,,23.26,measured,0.2,site_median,0.0,,23.26,43.9,False,O,23.26,measured,43.9,23.26,0.643,708.537,708.537,758.0551,708.537,708.537,758.0551,T08_2
PAR_A01,76,Tetragastris altissima,Burseraceae,220664.8936,9633654.25,O,38.9,False,16.44,24.98,20130311,42,False,20180427,T08,26.77,24.98,measured,0.62,observed,0.0,42.0,24.98,38.9,False,O,24.98,measured,38.9,24.98,0.7079,599.9189,599.9189,704.959,599.9189,599.9189,704.959,T08_1
PAR_A01,78,Lecythis idatimon,Lecythidaceae,220650.5256,9633654.7,O,16.4,False,9.83,12.61,20130311,17,False,20180427,T08,15.41,12.61,measured,0.12,observed,0.0,17.0,12.61,16.4,False,O,12.61,measured,16.4,12.61,0.7986,57.034,57.034,75.3905,57.034,57.034,75.3905,T08_2
PAR_A01,79,Licania heteromorpha,Chrysobalanaceae,220638.7026,9633644.962,O,44.5,False,18.55,25.26,20130311,"44,7",False,20180427,T08,,25.26,measured,0.2,site_median,0.0,,25.26,44.5,False,O,25.26,measured,44.5,25.26,0.8164,788.5593,788.5593,1065.0649,788.5593,788.5593,1065.0649,T08_1
PAR_A01,80,Tetragastris altissima,Burseraceae,220636.4417,9633648.179,O,41.0,False,17.63,26.07,20130311,41,False,20180427,T08,26.42,26.07,measured,0.0,observed,0.0,41.0,26.07,41.0,False,O,26.07,measured,41.0,26.07,0.7079,693.0562,693.0562,814.4037,693.0562,693.0562,814.4037,T08_2
PAR_A01,81,,,220688.1649,9633676.581,O,27.3,True,,0.8,20130311,,True,20180427,T08,,0.8,measured,0.2,site_median,0.0,,0.8,27.3,True,O,0.8,measured,27.3,0.8,0.599,10.4536,12.5058,12.5058,10.4536,12.5058,12.5058,T08_2
PAR_A01,82,Eschweilera parviflora,Lecythidaceae,220691.3826,9633670.478,O,43.6,False,16.1,25.82,20130311,,True,20180427,T08,,25.82,measured,0.2,site_median,0.0,,25.82,43.6,False,O,25.82,measured,43.6,25.82,0.918,774.1188,774.1188,1172.3747,774.1188,774.1188,1172.3747,T08_1
PAR_A01,83,,,220721.7319,9633694.393,O,24.0,True,,12.6,20130311,24,True,20180427,T08,19.3,12.6,measured,0.0,observed,0.0,24.0,12.6,24.0,True,O,12.6,measured,24.0,12.6,0.599,119.838,92.169,92.169,119.838,92.169,92.169,T08_2
PAR_A01,1,Tapirira guianensis,Anacardiaceae,220822.9324,9633486.617,O,41.2,False,15.5,27.14,20130310,"51,9",False,20180428,T09,,27.14,measured,0.2,site_median,0.0,,27.14,41.2,False,O,27.14,measured,41.2,27.14,0.457,727.6847,727.6847,557.8865,727.6847,727.6847,557.8865,T09_2
PAR_A01,2,Cecropia ficifolia,Urticaceae,220820.2306,9633485.313,O,24.4,False,13.23,26.84,20130310,"28,8",False,20180428,T09,,26.84,measured,0.2,site_median,0.0,,26.84,24.4,False,O,26.84,measured,24.4,26.84,0.266,258.9032,258.9032,117.0432,258.9032,258.9032,117.0432,T09_2
PAR_A01,3,Bocageopsis pleiosperma,Annonaceae,220813.0257,9633481.836,O,10.0,False,10.36,12.85,20130310,"13,5",False,20180428,T09,,12.85,measured,0.2,site_median,0.0,,12.85,10.0,False,O,12.85,measured,10.0,12.85,0.6402,22.1182,22.1182,23.5634,22.1182,22.1182,23.5634,T09_2
PAR_A01,4,NI,NI,220810.3239,9633480.532,O,15.8,False,7.93,10.8,20130310,,True,20180428,T09,,10.8,measured,0.2,site_median,0.0,,10.8,15.8,False,O,10.8,measured,15.8,10.8,0.599,45.5891,45.5891,45.5133,45.5891,45.5891,45.5133,T09_2
PAR_A01,5,Cecropia ficifolia,Urticaceae,220810.3673,9633480.442,O,29.3,False,17.76,25.76,20130310,,True,20180428,T09,,25.76,measured,0.2,site_median,0.0,,25.76,29.3,False,O,25.76,measured,29.3,25.76,0.266,355.5244,355.5244,160.7231,355.5244,355.5244,160.7231,T09_2
PAR_A01,6,Bocageopsis pleiosperma,Annonaceae,220804.1065,9633477.309,O,19.1,False,4.69,8.67,20130310,,True,20180428,T09,,8.67,measured,0.2,site_median,0.0,,8.67,19.1,False,O,8.67,measured,19.1,8.67,0.6402,53.2776,53.2776,56.7588,53.2776,53.2776,56.7588,T09_2
PAR_A01,7,Eperua bijuga,Fabaceae,220791.5059,9633478.112,O,41.6,False,11.49,29.91,20130310,"41,6",False,20180428,T09,,29.91,measured,0.2,site_median,0.0,,29.91,41.6,False,O,29.91,measured,41.6,29.91,0.729,815.3192,815.3192,985.9937,815.3192,815.3192,985.9937,T09_1
PAR_A01,8,Tapirira guianensis,Anacardiaceae,220745.4445,9633456.217,O,40.4,False,16.62,35.28,20130310,"42,5",False,20180428,T09,,35.28,measured,0.2,site_median,0.0,,35.28,40.4,False,O,35.28,measured,40.4,35.28,0.457,904.7009,904.7009,693.5976,904.7009,904.7009,693.5976,T09_1
PAR_A01,9,Jacaranda copaia,Bignoniaceae,220774.8604,9633471.19,O,54.7,False,19.88,32.81,20130310,"59,4",False,20180428,T09,,32.81,measured,0.2,site_median,0.0,,32.81,54.7,False,O,32.81,measured,54.7,32.81,0.3507,1522.769,1522.769,901.5201,1522.769,1522.769,901.5201,T09_1
PAR_A01,10,Xylopia nitida,Annonaceae,220769.0223,9633469.483,O,46.7,False,18.05,24.53,20130310,"53,7",False,20180428,T09,,24.53,measured,0.2,site_median,0.0,,24.53,46.7,False,O,24.53,measured,46.7,24.53,0.5483,841.9999,841.9999,771.1591,841.9999,841.9999,771.1591,T09_1
PAR_A01,11,Inga marginata,Fabaceae,220762.9392,9633456.776,O,12.6,False,13.86,18.99,20130310,"15,4",False,20180428,T09,,18.99,measured,0.2,site_median,0.0,,18.99,12.6,False,O,18.99,measured,12.6,18.99,0.5518,50.8422,50.8422,46.852,50.8422,50.8422,46.852,T09_1
PAR_A01,12,Sacoglottis guianensis,Humiriaceae,220756.548,9633453.914,O,13.6,False,5.75,9.93,20130310,"14,4",False,20180428,T09,,9.93,measured,0.2,site_median,0.0,,9.93,13.6,False,O,9.93,measured,13.6,9.93,0.8359,31.3438,31.3438,43.3188,31.3438,31.3438,43.3188,T09_1
PAR_A01,13,Goupia glabra,Goupiaceae,220752.1445,9633452.455,O,20.3,False,13.53,19.85,20130310,"22,8",False,20180428,T09,,19.85,measured,0.2,site_median,0.0,,19.85,20.3,False,O,19.85,measured,20.3,19.85,0.7272,134.6813,134.6813,162.4795,134.6813,134.6813,162.4795,T09_1
PAR_A01,14,Sacoglottis guianensis,Humiriaceae,220751.1878,9633451.216,O,12.0,False,13.29,17.26,20130310,"14,1",False,20180428,T09,,17.26,measured,0.2,site_median,0.0,,17.26,12.0,False,O,17.26,measured,12.0,17.26,0.8359,42.1089,42.1089,58.1969,42.1089,42.1089,58.1969,T09_1
PAR_A01,15,Parkia multijuga,Fabaceae,220746.0093,9633455.046,O,53.0,False,13.4,24.68,20130310,"53,8",False,20180428,T09,,24.68,measured,0.2,site_median,0.0,,24.68,53.0,False,O,24.68,measured,53.0,24.68,0.399,1084.3664,1084.3664,728.1988,1084.3664,1084.3664,728.1988,T09_1
PAR_A01,16,Goupia glabra,Goupiaceae,220742.3436,9633448.835,O,35.4,False,14.76,28.26,20130310,"40,7",False,20180428,T09,,28.26,measured,0.2,site_median,0.0,,28.26,35.4,False,O,28.26,measured,35.4,28.26,0.7272,562.9361,562.9361,679.126,562.9361,562.9361,679.126,T09_1
PAR_A01,17,Parkia multijuga,Fabaceae,220729.7035,9633440.515,O,47.0,False,24.73,35.0,20130310,49,False,20180428,T09,28.99,35.0,measured,0.4,observed,0.0,49.0,35.0,47.0,False,O,35.0,measured,47.0,35.0,0.399,1206.1633,1206.1633,809.9907,1206.1633,1206.1633,809.9907,T09_1
PAR_A01,18,Parkia multijuga,Fabaceae,220728.8029,9633440.08,O,62.0,False,24.73,35.0,20130310,"64,3",False,20180428,T09,,35.0,measured,0.2,site_median,0.0,,35.0,62.0,False,O,35.0,measured,62.0,35.0,0.399,2071.1887,2071.1887,1390.8926,2071.1887,2071.1887,1390.8926,T09_1
PAR_A01,19,Parkia multijuga,Fabaceae,220707.6978,9633430.894,O,38.1,False,22.89,31.15,20130310,"41,9",False,20180428,T09,,31.15,measured,0.2,site_median,0.0,,31.15,38.1,False,O,31.15,measured,38.1,31.15,0.399,714.5643,714.5643,479.8607,714.5643,714.5643,479.8607,T09_1
PAR_A01,20,Parkia multijuga,Fabaceae,220707.6978,9633430.894,O,40.4,False,22.89,31.15,20130310,"43,1",False,20180428,T09,,31.15,measured,0.2,site_median,0.0,,31.15,40.4,False,O,31.15,measured,40.4,31.15,0.399,801.1838,801.1838,538.0295,801.1838,801.1838,538.0295,T09_1
PAR_A01,21,Tapirira guianensis,Anacardiaceae,220698.7352,9633426.458,O,20.6,False,17.71,23.22,20130310,"23,2",False,20180428,T09,,23.22,measured,0.2,site_median,0.0,,23.22,20.6,False,O,23.22,measured,20.6,23.22,0.457,161.5143,161.5143,123.8265,161.5143,161.5143,123.8265,T09_1
PAR_A01,22,Inga marginata,Fabaceae,220690.7166,9633422.366,O,18.4,False,17.0,24.07,20130310,,True,20180428,T09,,24.07,measured,0.2,site_median,0.0,,24.07,18.4,False,O,24.07,measured,18.4,24.07,0.5518,134.1855,134.1855,123.6543,134.1855,134.1855,123.6543,T09_1
PAR_A01,23,Virola melinoni,Myristicaceae,220688.8719,9633421.587,O,46.1,False,14.11,19.82,20130310,"49,6",False,20180428,T09,,19.82,measured,0.2,site_median,0.0,,19.82,46.1,False,O,19.82,measured,46.1,19.82,0.4734,666.7731,666.7731,529.1029,666.7731,666.7731,529.1029,T09_1
PAR_A01,24,Protium paniculatum,Burseraceae,220688.8285,9633421.677,O,13.8,False,7.21,12.31,20130310,"16,0",False,20180428,T09,,12.31,measured,0.2,site_median,0.0,,12.31,13.8,False,O,12.31,measured,13.8,12.31,0.49,39.7737,39.7737,32.6402,39.7737,39.7737,32.6402,T09_1
PAR_A01,25,Caraipa grandifolia,Clusiaceae,220668.2013,9633411.5,O,21.5,False,17.23,22.48,20130310,"21,9",False,20180428,T09,,22.48,measured,0.2,site_median,0.0,,22.48,21.5,False,O,22.48,measured,21.5,22.48,0.78,170.1115,170.1115,219.7569,170.1115,170.1115,219.7569,T09_1
PAR_A01,26,Parkia multijuga,Fabaceae,220660.8226,9633408.383,O,57.6,False,13.85,20.51,20130310,"57,6",False,20180428,T09,,20.51,measured,0.2,site_median,0.0,,20.51,57.6,False,O,20.51,measured,57.6,20.51,0.399,1064.8388,1064.8388,715.0852,1064.8388,1064.8388,715.0852,T09_1
PAR_A01,27,Sacoglottis guianensis,Humiriaceae,220661.2571,9633407.483,O,29.6,False,16.65,26.04,20130310,,True,20180428,T09,,26.04,measured,0.2,site_median,0.0,,26.04,29.6,False,O,26.04,measured,29.6,26.04,0.8359,366.5116,366.5116,506.5391,366.5116,366.5116,506.5391,T09_1
PAR_A01,28,Symphonia globulifera,Clusiaceae,220659.3256,9633406.884,O,13.7,False,13.44,17.75,20130310,"15,5",False,20180428,T09,,17.75,measured,0.2,site_median,0.0,,17.75,13.7,False,O,17.75,measured,13.7,17.75,0.6004,56.0476,56.0476,56.084,56.0476,56.0476,56.084,T09_1
PAR_A01,29,Eschweilera coriacea,Lecythidaceae,220654.5523,9633404.58,O,22.7,False,17.38,24.49,20130310,"27,7",False,20180428,T09,,24.49,measured,0.2,site_median,0.0,,24.49,22.7,False,O,24.49,measured,22.7,24.49,0.8521,205.6251,205.6251,289.5684,205.6251,205.6251,289.5684,T09_1
PAR_A01,30,Eperua bijuga,Fabaceae,220645.9631,9633404.065,O,39.4,False,20.04,25.88,20130310,"39,8",False,20180428,T09,,25.88,measured,0.2,site_median,0.0,,25.88,39.4,False,O,25.88,measured,39.4,25.88,0.729,636.6818,636.6818,769.9613,636.6818,636.6818,769.9613,T09_1
PAR_A01,31,,,220646.2343,9633399.601,O,54.0,True,,12.71,20130310,54,True,20180428,T09,30.4,12.71,measured,0.0,observed,0.0,54.0,12.71,54.0,True,O,12.71,measured,54.0,12.71,0.599,588.4904,469.9353,469.9353,588.4904,469.9353,469.9353,T09_1
PAR_A01,32,Lecythis idatimon,Lecythidaceae,220606.3634,9633376.659,O,14.3,False,5.5,11.05,20130310,"14,2",False,20180428,T09,,11.05,measured,0.2,site_median,0.0,,11.05,14.3,False,O,11.05,measured,14.3,11.05,0.7986,38.3706,38.3706,50.7202,38.3706,38.3706,50.7202,T09_1
PAR_A01,33,,,220605.5843,9633376.209,O,24.7,True,,4.27,20130310,,True,20180428,T09,,4.27,measured,0.2,site_median,0.0,,4.27,24.7,True,O,4.27,measured,24.7,4.27,0.599,44.0862,40.285,40.285,44.0862,40.285,40.285,T09_1
PAR_A01,34,Diospyros guianensis,Ebenaceae,220594.194,9633369.737,O,17.7,False,11.85,18.19,20130310,"18,5",False,20180428,T09,,18.19,measured,0.2,site_median,0.0,,18.19,17.7,False,O,18.19,measured,17.7,18.19,0.73,94.6458,94.6458,114.6116,94.6458,94.6458,114.6116,T09_1
PAR_A01,35,Pouteria gongrijpii,Sapotaceae,220588.4493,9633367.686,O,49.0,False,10.2,19.39,20130310,"49,5",False,20180428,T09,,19.39,measured,0.2,site_median,0.0,,19.39,49.0,False,O,19.39,measured,49.0,19.39,0.7994,735.1896,735.1896,972.7955,735.1896,735.1896,972.7955,T09_1
PAR_A01,36,Pouteria hispida,Sapotaceae,220587.4334,9633367.445,O,43.2,False,12.84,21.77,20130310,"46,2",True,20180428,T09,,21.77,measured,0.2,site_median,0.0,,21.77,43.2,False,O,21.77,measured,43.2,21.77,0.874,643.6871,643.6871,929.211,643.6871,643.6871,929.211,T09_1
PAR_A01,37,Eperua bijuga,Fabaceae,220576.3445,9633362.649,O,37.3,False,9.63,17.64,20130310,"38,5",False,20180428,T09,,17.64,measured,0.2,site_median,0.0,,17.64,37.3,False,O,17.64,measured,37.3,17.64,0.729,393.5672,393.5672,475.9544,393.5672,393.5672,475.9544,T09_1
PAR_A01,38,Eperua bijuga,Fabaceae,220568.2146,9633363.724,O,49.0,False,7.45,23.29,20130310,"50,7",False,20180428,T09,,23.29,measured,0.2,site_median,0.0,,23.29,49.0,False,O,23.29,measured,49.0,23.29,0.729,879.1862,879.1862,1063.2302,879.1862,879.1862,1063.2302,T09_1
PAR_A01,39,Sagotia racemosa,Euphorbiaceae,220542.7862,9633340.643,O,25.5,False,8.26,13.04,20130310,"26,2",False,20180428,T09,,13.04,measured,0.2,site_median,0.0,,13.04,25.5,False,O,13.04,measured,25.5,13.04,0.58,139.4884,139.4884,134.9485,139.4884,139.4884,134.9485,T09_2
PAR_A01,40,Eperua bijuga,Fabaceae,220531.8952,9633343.67,O,44.6,False,8.95,17.19,20130310,,True,20180428,T09,,17.19,measured,0.2,site_median,0.0,,17.19,44.6,False,O,17.19,measured,44.6,17.19,0.729,543.9908,543.9908,657.8669,543.9908,543.9908,657.8669,T09_1
PAR_A01,41,Dipteryx odorata,Fabaceae,220532.025,9633335.297,O,33.0,False,13.99,21.07,20130310,"33,8",False,20180428,T09,,21.07,measured,0.2,site_median,0.0,,21.07,33.0,False,O,21.07,measured,33.0,21.07,0.9228,368.5501,368.5501,560.9742,368.5501,368.5501,560.9742,T09_2
PAR_A01,42,Dimorphandra macrostachya,Fabaceae,220523.5172,9633340.205,O,35.4,False,13.8,24.21,20130310,"43,3",False,20180428,T09,,24.21,measured,0.2,site_median,0.0,,24.21,35.4,False,O,24.21,measured,35.4,24.21,0.695,484.0542,484.0542,558.7217,484.0542,484.0542,558.7217,T09_1
PAR_A01,43,Lecythis lurida,Lecythidaceae,220524.04,9633331.136,O,22.7,False,10.53,14.61,20130310,"21,6",False,20180428,T09,,14.61,measured,0.2,site_median,0.0,,14.61,22.7,False,O,14.61,measured,22.7,14.61,0.8633,124.2001,124.2001,177.1562,124.2001,124.2001,177.1562,T09_2
PAR_A01,44,,,220510.8463,9633323.996,O,25.7,True,,4.96,20130310,"25,7",True,20180428,T09,,4.96,measured,0.2,site_median,0.0,,4.96,25.7,True,O,4.96,measured,25.7,4.96,0.599,55.1366,49.298,49.298,55.1366,49.298,49.298,T09_2
PAR_A01,45,Brosimum rubescens ,Moraceae,220497.8491,9633316.509,O,10.9,False,7.77,10.69,20130310,"12,2",False,20180428,T09,,10.69,measured,0.2,site_median,0.0,,10.69,10.9,False,O,10.69,measured,10.9,10.69,0.8251,21.8675,21.8675,29.8439,21.8675,21.8675,29.8439,T09_2
PAR_A01,46,Pterocarpus sp.,Fabaceae,220479.1444,9633316.495,O,50.0,False,17.52,28.58,20130310,"52,3",False,20180428,T09,,28.58,measured,0.2,site_median,0.0,,28.58,50.0,False,O,28.58,measured,50.0,28.58,0.5838,1116.778,1116.778,1087.3597,1116.778,1116.778,1087.3597,T09_1
PAR_A01,47,Licania canescens,Chrysobalanaceae,220478.5704,9633305.91,O,21.0,False,10.95,15.29,20130310,"21,3",False,20180428,T09,,15.29,measured,0.2,site_median,0.0,,15.29,21.0,False,O,15.29,measured,21.0,15.29,0.88,111.5358,111.5358,162.0891,111.5358,111.5358,162.0891,T09_2
PAR_A01,48,Inga marginata,Fabaceae,220467.261,9633303.572,O,37.7,False,7.89,22.06,20130310,"38,5",False,20180428,T09,,22.06,measured,0.2,site_median,0.0,,22.06,37.7,False,O,22.06,measured,37.7,22.06,0.5518,499.848,499.848,460.6184,499.848,499.848,460.6184,T09_1
PAR_A01,49,Sterculia pruriens,Malvaceae,220459.4882,9633294.963,O,12.6,False,11.95,14.48,20130310,"12,7",False,20180428,T09,,14.48,measured,0.2,site_median,0.0,,14.48,12.6,False,O,14.48,measured,12.6,14.48,0.4862,39.0206,39.0206,31.7797,39.0206,39.0206,31.7797,T09_2
PAR_A01,50,Tachigali myrmecophila,Fabaceae,220455.1519,9633293.492,O,16.7,False,12.74,15.8,20130310,"17,0",False,20180428,T09,,15.8,measured,0.2,site_median,0.0,,15.8,16.7,False,O,15.8,measured,16.7,15.8,0.476,73.6364,73.6364,58.7437,73.6364,73.6364,58.7437,T09_2
PAR_A01,51,Dialium guianense,Fabaceae,220455.1067,9633292.554,O,10.2,False,5.55,14.7,20130310,"11,5",False,20180428,T09,,14.7,measured,0.2,site_median,0.0,,14.7,10.2,False,O,14.7,measured,10.2,14.7,0.8964,26.215,26.215,38.789,26.215,26.215,38.789,T09_2
PAR_A01,52,Lecythis idatimon,Lecythidaceae,220433.0026,9633280.858,O,44.9,False,21.82,33.65,20130310,"46,2",False,20180428,T09,,33.65,measured,0.2,site_median,0.0,,33.65,44.9,False,O,33.65,measured,44.9,33.65,0.7986,1061.6539,1061.6539,1403.3487,1061.6539,1061.6539,1403.3487,T09_2
PAR_A01,53,Manilkara huberi,Sapotaceae,220419.0642,9633277.075,O,41.0,False,18.81,30.53,20130310,"44,2",False,20180428,T09,,30.53,measured,0.2,site_median,0.0,,30.53,41.0,False,O,30.53,measured,41.0,30.53,0.9214,808.5523,808.5523,1228.902,808.5523,808.5523,1228.902,T09_1
PAR_A01,54,Cecropia ficifolia,Urticaceae,220419.6616,9633273.981,O,20.0,False,16.24,22.23,20130310,20,True,20180428,T09,17.17,22.23,measured,0.0,observed,0.0,20.0,22.23,20.0,False,O,22.23,measured,20.0,22.23,0.266,146.1114,146.1114,66.0531,146.1114,146.1114,66.0531,T09_2
PAR_A01,55,Pouteria gongrijpii,Sapotaceae,220416.3292,9633277.854,O,42.0,False,23.67,34.02,20130310,"55,7",False,20180428,T09,,34.02,measured,0.2,site_median,0.0,,34.02,42.0,False,O,34.02,measured,42.0,34.02,0.7994,941.9243,941.9243,1246.3447,941.9243,941.9243,1246.3447,T09_1
PAR_A01,56,Neea oppositifolia,Nyctaginaceae,220416.1603,9633271.029,O,21.2,False,11.09,17.66,20130310,"21,8",False,20180428,T09,,17.66,measured,0.2,site_median,0.0,,17.66,21.2,False,O,17.66,measured,21.2,17.66,0.893,130.777,130.777,192.7909,130.777,130.777,192.7909,T09_2
PAR_A01,57,Sapium marmieri,Euphorbiaceae,220398.9741,9633261.809,O,15.56,False,10.16,15.34,20130310,"16,0",False,20180428,T09,,15.34,measured,0.2,site_median,0.0,,15.34,15.56,False,O,15.34,measured,15.56,15.34,0.41,62.3202,62.3202,42.9764,62.3202,62.3202,42.9764,T09_2
PAR_A01,58,Jacaratia spinosa,Caricaceae,220417.9247,9633268.918,O,46.4,False,13.91,21.11,20130310,,True,20180428,T09,,21.11,measured,0.2,site_median,0.0,,21.11,46.4,False,O,21.11,measured,46.4,21.11,0.265,718.132,718.132,323.4571,718.132,718.132,323.4571,T09_1
PAR_A01,59,Pradosia praealta,Sapotaceae,220405.7863,9633253.8,O,60.1,False,24.64,32.55,20130310,"61,2",False,20180428,T09,,32.55,measured,0.2,site_median,0.0,,32.55,60.1,False,O,32.55,measured,60.1,32.55,0.7378,1815.8226,1815.8226,2221.658,1815.8226,1815.8226,2221.658,T09_1
PAR_A01,60,Eschweilera coriacea,Lecythidaceae,220401.9627,9633258.545,O,35.3,False,23.33,34.33,20130310,"36,3",False,20180428,T09,,34.33,measured,0.2,site_median,0.0,,34.33,35.3,False,O,34.33,measured,35.3,34.33,0.8521,676.9156,676.9156,953.2557,676.9156,676.9156,953.2557,T09_1
PAR_A01,61,,,220443.6656,9633286.378,O,66.4,True,20.34,29.29,20130310,"66,4",True,20180428,T09,,29.29,measured,0.2,site_median,0.0,,29.29,66.4,True,O,29.29,measured,66.4,29.29,0.599,1989.99,1406.6047,1406.6047,1989.99,1406.6047,1406.6047,T09_2
PAR_A01,62,Tachigali myrmecophila,Fabaceae,220467.5793,9633296.901,O,58.0,False,14.41,21.53,20130310,61,False,20180428,T09,32.17,21.53,measured,0.6,observed,0.0,61.0,21.53,58.0,False,O,21.53,measured,58.0,21.53,0.476,1131.6786,1131.6786,902.8007,1131.6786,1131.6786,902.8007,T09_2
PAR_A01,63,Lecythis idatimon,Lecythidaceae,220463.0996,9633294.666,O,37.2,False,15.93,31.82,20130310,"38,5",False,20180428,T09,,31.82,measured,0.2,site_median,0.0,,31.82,37.2,False,O,31.82,measured,37.2,31.82,0.7986,696.2992,696.2992,920.404,696.2992,696.2992,920.404,T09_2
PAR_A01,64,Dialium guianense,Fabaceae,220462.1875,9633295.876,O,10.2,False,8.06,12.6,20130310,"11,0",False,20180428,T09,,12.6,measured,0.2,site_median,0.0,,12.6,10.2,False,O,12.6,measured,10.2,12.6,0.8964,22.5533,22.5533,33.371,22.5533,22.5533,33.371,T09_2
PAR_A01,65,Sagotia racemosa,Euphorbiaceae,220455.4014,9633292.031,O,28.0,False,6.67,11.67,20130310,,True,20180428,T09,,11.67,measured,0.2,site_median,0.0,,11.67,28.0,False,O,11.67,measured,28.0,11.67,0.58,150.2361,150.2361,145.3464,150.2361,150.2361,145.3464,T09_2
PAR_A01,66,Dimorphandra macrostachya,Fabaceae,220453.5506,9633291.242,O,17.6,False,12.32,19.36,20130310,"21,6",False,20180428,T09,,19.36,measured,0.2,site_median,0.0,,19.36,17.6,False,O,19.36,measured,17.6,19.36,0.695,99.4766,99.4766,114.8213,99.4766,99.4766,114.8213,T09_2
PAR_A01,67,Platymiscium filipes,Fabaceae,220444.5856,9633283.118,O,39.3,False,16.6,25.79,20130310,"41,4",False,20180428,T09,,25.79,measured,0.2,site_median,0.0,,25.79,39.3,False,O,25.79,measured,39.3,25.79,0.7815,631.3809,631.3809,817.174,631.3809,631.3809,817.174,T09_1
PAR_A01,68,Pseudopiptadenia suaveolens,Fabaceae,220513.1393,9633324.002,O,36.1,False,14.93,21.93,20130310,"43,0",False,20180428,T09,,21.93,measured,0.2,site_median,0.0,,21.93,36.1,False,O,21.93,measured,36.1,21.93,0.6797,456.6342,456.6342,515.7549,456.6342,456.6342,515.7549,T09_2
PAR_A01,69,Simaba cedron,Simaroubaceae,220510.8542,9633321.947,O,14.1,False,10.77,12.96,20130310,"11,2",False,20180428,T09,,12.96,measured,0.2,site_median,0.0,,12.96,14.1,False,O,12.96,measured,14.1,12.96,0.4743,43.6153,43.6153,34.6754,43.6153,43.6153,34.6754,T09_2
PAR_A01,70,NI,NI,220501.5478,9633308.729,O,51.5,False,19.29,30.47,20130310,"52,7",False,20180428,T09,,30.47,measured,0.2,site_median,0.0,,30.47,51.5,False,O,30.47,measured,51.5,30.47,0.599,1259.4123,1259.4123,1257.3199,1259.4123,1259.4123,1257.3199,T09_1
PAR_A01,71,Pouteria gongrijpii,Sapotaceae,220567.9083,9633354.112,O,19.3,False,8.44,8.8,20130310,"13,3",False,20180428,T09,,8.8,measured,0.2,site_median,0.0,,8.8,19.3,False,O,8.8,measured,19.3,8.8,0.7994,55.1675,55.1675,72.9971,55.1675,55.1675,72.9971,T09_2
PAR_A01,72,NI,NI,220572.0836,9633346.708,O,47.5,False,9.6,17.68,20130310,"55,5",False,20180428,T09,,17.68,measured,0.2,site_median,0.0,,17.68,47.5,False,O,17.68,measured,47.5,17.68,0.599,632.2798,632.2798,631.2293,632.2798,632.2798,631.2293,T09_1
PAR_A01,73,Himatanthus sucuuba,Euphorbiaceae,220569.4429,9633348.337,O,42.3,False,24.4,34.59,20130310,"42,5",False,20180428,T09,,34.59,measured,0.2,site_median,0.0,,34.59,42.3,False,O,34.59,measured,42.3,34.59,0.462,970.7174,970.7174,752.1558,970.7174,970.7174,752.1558,T09_1
PAR_A01,74,Pouteria sp.,Sapotaceae,220566.0122,9633352.385,O,14.0,False,10.63,19.12,20130310,"14,5",False,20180428,T09,,19.12,measured,0.2,site_median,0.0,,19.12,14.0,False,O,19.12,measured,14.0,19.12,0.7187,62.8687,62.8687,74.9836,62.8687,62.8687,74.9836,T09_2
PAR_A01,75,NI,NI,220557.7816,9633348.658,O,40.5,False,11.61,24.42,20130310,"42,3",False,20180428,T09,,24.42,measured,0.2,site_median,0.0,,24.42,40.5,False,O,24.42,measured,40.5,24.42,0.599,634.823,634.823,633.7683,634.823,634.823,633.7683,T09_2
PAR_A01,76,Tachigali paniculata,Fabaceae,220546.8318,9633341.612,O,57.8,False,12.98,22.73,20130310,"59,3",False,20180428,T09,,22.73,measured,0.2,site_median,0.0,,22.73,57.8,False,O,22.73,measured,57.8,22.73,0.5545,1185.1815,1185.1815,1097.3803,1185.1815,1185.1815,1097.3803,T09_2
PAR_A01,77,Piptadenia cobi,Fabaceae,220608.9458,9633376.189,O,68.0,False,23.59,37.97,20130310,,True,20180428,T09,,37.97,measured,0.2,site_median,0.0,,37.97,68.0,False,O,37.97,measured,68.0,37.97,0.8192,2685.6667,2685.6667,3639.3279,2685.6667,2685.6667,3639.3279,T09_1
PAR_A01,78,Lecythis idatimon,Lecythidaceae,220606.6992,9633374.081,O,43.5,False,18.44,26.63,20130310,"44,8",False,20180428,T09,,26.63,measured,0.2,site_median,0.0,,26.63,43.5,False,O,26.63,measured,43.5,26.63,0.7986,794.2441,794.2441,1049.8726,794.2441,794.2441,1049.8726,T09_1
PAR_A01,79,Inga marginata,Fabaceae,220598.7226,9633371.894,O,10.5,False,7.49,12.63,20130310,"12,3",False,20180428,T09,,12.63,measured,0.2,site_median,0.0,,12.63,10.5,False,O,12.63,measured,10.5,12.63,0.5518,23.9217,23.9217,22.0442,23.9217,23.9217,22.0442,T09_1
PAR_A01,80,Inga heterophylla,Fabaceae,220571.9369,9633356.288,O,16.7,False,5.68,9.98,20130310,"17,0",False,20180428,T09,,9.98,measured,0.2,site_median,0.0,,9.98,16.7,False,O,9.98,measured,16.7,9.98,0.56,47.0278,47.0278,43.9654,47.0278,47.0278,43.9654,T09_2
PAR_A01,81,Strychnos subcordata,Loganiaceae,220647.2501,9633399.842,O,16.3,False,5.78,10.95,20130310,"16,4",False,20180428,T09,,10.95,measured,0.2,site_median,0.0,,10.95,16.3,False,O,10.95,measured,16.3,10.95,0.6959,49.1042,49.1042,56.7542,49.1042,49.1042,56.7542,T09_1
PAR_A01,82,Cecropia ficifolia,Urticaceae,220640.4749,9633395.577,O,13.2,False,9.57,18.03,20130310,"14,1",False,20180428,T09,,18.03,measured,0.2,site_median,0.0,,18.03,13.2,False,O,18.03,measured,13.2,18.03,0.266,52.9265,52.9265,23.9266,52.9265,52.9265,23.9266,T09_1
PAR_A01,83,Anacardium spruceanum,Anacardiaceae,220612.0904,9633379.74,O,54.0,False,18.96,29.1,20130310,"57,4",False,20180428,T09,,29.1,measured,0.2,site_median,0.0,,29.1,54.0,False,O,29.1,measured,54.0,29.1,0.4792,1320.8481,1320.8481,1060.5525,1320.8481,1320.8481,1060.5525,T09_1
PAR_A01,84,Parkia multijuga,Fabaceae,220689.9818,9633414.683,O,52.4,False,22.01,29.38,20130310,"61,0",False,20180428,T09,,29.38,measured,0.2,site_median,0.0,,29.38,52.4,False,O,29.38,measured,52.4,29.38,0.399,1257.2276,1257.2276,844.2826,1257.2276,1257.2276,844.2826,T09_1
PAR_A01,85,Vochysia guianensis,Vochysiaceae,220682.3622,9633416.669,O,11.0,False,9.6,14.6,20130310,"11,4",False,20180428,T09,,14.6,measured,0.2,site_median,0.0,,14.6,11.0,False,O,14.6,measured,11.0,14.6,0.5087,30.1764,30.1764,25.6861,30.1764,30.1764,25.6861,T09_1
PAR_A01,86,,,220681.2009,9633416.774,L,24.5,False,,,20130310,"36,0",False,20180428,T09,,17.89,local_fit,0.2,site_median,0.0,,17.89,24.5,False,L,,feldpausch,24.5,,0.599,,,,,,,T09_1
PAR_A01,87,Tapirira guianensis,Anacardiaceae,220680.1067,9633412.138,O,43.4,False,13.72,27.35,20130310,"44,5",False,20180428,T09,,27.35,measured,0.2,site_median,0.0,,27.35,43.4,False,O,27.35,measured,43.4,27.35,0.457,811.542,811.542,622.1765,811.542,811.542,622.1765,T09_1
PAR_A01,88,Tapirira guianensis,Anacardiaceae,220658.4605,9633399.471,O,36.2,False,14.1,24.7,20130310,"40,0",False,20180428,T09,,24.7,measured,0.2,site_median,0.0,,24.7,36.2,False,O,24.7,measured,36.2,24.7,0.457,515.6227,515.6227,395.3071,515.6227,515.6227,395.3071,T09_1
PAR_A01,89,Caraipa grandifolia,Clusiaceae,220653.3255,9633403.211,O,11.9,False,11.81,15.45,20130310,"10,7",False,20180428,T09,,15.45,measured,0.2,site_median,0.0,,15.45,11.9,False,O,15.45,measured,11.9,15.45,0.78,37.1811,37.1811,48.0321,37.1811,37.1811,48.0321,T09_1
PAR_A01,90,Tapirira guianensis,Anacardiaceae,220737.4732,9633442.821,O,39.8,False,14.73,25.02,20130310,"47,6",False,20180428,T09,,25.02,measured,0.2,site_median,0.0,,25.02,39.8,False,O,25.02,measured,39.8,25.02,0.457,628.291,628.291,481.6854,628.291,628.291,481.6854,T09_2
PAR_A01,91,Virola melinoni,Myristicaceae,220734.1749,9633440.452,O,43.3,False,22.72,31.56,20130310,"50,2",False,20180428,T09,,31.56,measured,0.2,site_median,0.0,,31.56,43.3,False,O,31.56,measured,43.3,31.56,0.4734,929.0579,929.0579,737.2331,929.0579,929.0579,737.2331,T09_1
PAR_A01,92,NI,NI,220714.3931,9633433.126,O,16.4,False,5.83,8.4,20130310,"16,4",True,20180428,T09,,8.4,measured,0.2,site_median,0.0,,8.4,16.4,False,O,8.4,measured,16.4,8.4,0.599,38.3648,38.3648,38.301,38.3648,38.3648,38.301,T09_1
PAR_A01,93,NI,NI,220696.3809,9633424.433,O,11.7,False,4.75,5.83,20130310,"12,0",False,20180428,T09,,5.83,measured,0.2,site_median,0.0,,5.83,11.7,False,O,5.83,measured,11.7,5.83,0.599,13.8948,13.8948,13.8717,13.8948,13.8948,13.8717,T09_1
PAR_A01,94,Helicostylis sp.,Moraceae,220780.1811,9633464.764,O,16.2,False,8.96,20.66,20130310,"16,6",False,20180428,T09,,20.66,measured,0.2,site_median,0.0,,20.66,16.2,False,O,20.66,measured,16.2,20.66,0.643,90.1574,90.1574,96.4583,90.1574,90.1574,96.4583,T09_2
PAR_A01,95,NI,NI,220774.8209,9633462.066,O,14.5,False,7.28,9.09,20130310,,True,20180428,T09,,9.09,measured,0.2,site_median,0.0,,9.09,14.5,False,O,9.09,measured,14.5,9.09,0.599,32.5844,32.5844,32.5302,32.5844,32.5844,32.5302,T09_2
PAR_A01,96,Casearia grandiflora,Salicaceae,220753.2497,9633451.545,O,16.5,False,12.54,17.64,20130310,"19,3",False,20180428,T09,,17.64,measured,0.2,site_median,0.0,,17.64,16.5,False,O,17.64,measured,16.5,17.64,0.77,80.0888,80.0888,102.1672,80.0888,80.0888,102.1672,T09_1
PAR_A01,97,Goupia glabra,Goupiaceae,220822.9008,9633484.381,O,11.1,False,10.81,17.49,20130310,"11,6",False,20180428,T09,,17.49,measured,0.2,site_median,0.0,,17.49,11.1,False,O,17.49,measured,11.1,17.49,0.7272,36.6348,36.6348,44.1962,36.6348,36.6348,44.1962,T09_2
PAR_A01,98,Dimorphandra macrostachya,Fabaceae,220802.1236,9633469.912,O,50.7,False,16.83,27.82,20130310,"59,5",False,20180428,T09,,27.82,measured,0.2,site_median,0.0,,27.82,50.7,False,O,27.82,measured,50.7,27.82,0.695,1117.7091,1117.7091,1290.1207,1117.7091,1117.7091,1290.1207,T09_1
PAR_A01,99,Euterpe oleracea,Arecaceae,220792.9634,9633470.488,P,11.7,False,17.62,20.87,20130310,"11,7",True,20180428,T09,,20.87,measured,0.2,site_median,0.0,,20.87,11.7,False,P,20.87,measured,11.7,20.87,0.3877,48.2407,16.3032,16.3032,48.2407,16.3032,16.3032,T09_2
PAR_A01,100,Goupia glabra,Goupiaceae,220789.361,9633468.75,O,13.1,False,7.77,14.75,20130310,"16,9",False,20180428,T09,,14.75,measured,0.2,site_median,0.0,,14.75,13.1,False,O,14.75,measured,13.1,14.75,0.7272,42.8662,42.8662,51.7138,42.8662,42.8662,51.7138,T09_2
PAR_A01,101,Tapirira guianensis,Anacardiaceae,220790.4156,9633464.262,O,37.2,False,14.28,28.99,20130310,"45,6",False,20180428,T09,,28.99,measured,0.2,site_median,0.0,,28.99,37.2,False,O,28.99,measured,37.2,28.99,0.457,635.7916,635.7916,487.4357,635.7916,635.7916,487.4357,T09_1
PAR_A01,1,Parkia multijuga,Fabaceae,220728.75,9632832.74,O,43.7,False,10.96,16.58,20130313,"47,5",False,20180430,T10,,16.58,measured,0.2,site_median,0.0,,16.58,43.7,False,O,16.58,measured,43.7,16.58,0.399,504.6554,504.6554,338.8979,504.6554,504.6554,338.8979,T10_1
PAR_A01,2,,,220728.6606,9632832.695,O,57.5,True,,11.11,20130313,,True,20180430,T10,,11.11,measured,0.2,site_median,0.0,,11.11,57.5,True,O,11.11,measured,57.5,11.11,0.599,583.3769,477.2976,477.2976,583.3769,477.2976,477.2976,T10_1
PAR_A01,3,Inga marginata,Fabaceae,220727.9861,9632828.224,O,10.8,False,7.99,11.89,20130313,,True,20180430,T10,,11.89,measured,0.2,site_median,0.0,,11.89,10.8,False,O,11.89,measured,10.8,11.89,0.5518,23.8277,23.8277,21.9576,23.8277,23.8277,21.9576,T10_1
PAR_A01,4,Qualea paraensis,Vochysiaceae,220716.1302,9632822.196,O,16.0,False,14.08,19.43,20130313,"19,2",False,20180430,T10,,19.43,measured,0.2,site_median,0.0,,19.43,16.0,False,O,19.43,measured,16.0,19.43,0.6893,82.8805,82.8805,94.9038,82.8805,82.8805,94.9038,T10_1
PAR_A01,5,Protium paniculatum,Burseraceae,220712.2831,9632820.947,O,20.0,False,9.54,21.05,20130313,"21,2",False,20180430,T10,,21.05,measured,0.2,site_median,0.0,,21.05,20.0,False,O,21.05,measured,20.0,21.05,0.49,138.5368,138.5368,113.6897,138.5368,138.5368,113.6897,T10_1
PAR_A01,6,Eschweilera parviflora,Lecythidaceae,220706.6524,9632826.184,O,43.3,False,13.93,28.51,20130313,"43,5",False,20180430,T10,,28.51,measured,0.2,site_median,0.0,,28.51,43.3,False,O,28.51,measured,43.3,28.51,0.918,841.3222,841.3222,1274.1518,841.3222,841.3222,1274.1518,T10_1
PAR_A01,7,Licania canescens,Chrysobalanaceae,220705.5719,9632817.151,O,58.3,False,14.52,21.81,20130313,"58,3",True,20180430,T10,,21.81,measured,0.2,site_median,0.0,,21.81,58.3,False,O,21.81,measured,58.3,21.81,0.88,1157.6403,1157.6403,1682.3374,1157.6403,1157.6403,1682.3374,T10_1
PAR_A01,8,Ambelania acida,Apocynaceae,220698.5029,9632813.4,O,13.1,False,8.0,14.96,20130313,"13,7",False,20180430,T10,,14.96,measured,0.2,site_median,0.0,,14.96,13.1,False,O,14.96,measured,13.1,14.96,0.5247,43.4618,43.4618,38.1275,43.4618,43.4618,38.1275,T10_1
PAR_A01,9,Sagotia racemosa,Euphorbiaceae,220698.2345,9632813.266,O,12.6,False,4.55,9.27,20130313,"13,7",False,20180430,T10,,9.27,measured,0.2,site_median,0.0,,9.27,12.6,False,O,9.27,measured,12.6,9.27,0.58,25.2496,25.2496,24.4278,25.2496,25.2496,24.4278,T10_1
PAR_A01,10,Neea oppositifolia,Nyctaginaceae,220692.5527,9632810.543,O,11.4,False,5.07,8.75,20130313,"12,7",False,20180430,T10,,8.75,measured,0.2,site_median,0.0,,8.75,11.4,False,O,8.75,measured,11.4,8.75,0.893,19.6308,19.6308,28.9397,19.6308,19.6308,28.9397,T10_1
PAR_A01,11,Sapium marmieri,Euphorbiaceae,220665.5307,9632797.729,O,10.1,False,8.54,9.5,20130313,"16,8",False,20180430,T10,,9.5,measured,0.2,site_median,0.0,,9.5,10.1,False,O,9.5,measured,10.1,9.5,0.41,16.794,16.794,11.5813,16.794,16.794,11.5813,T10_1
PAR_A01,12,Casearia grandiflora,Salicaceae,220658.2822,9632793.218,O,13.3,False,9.83,10.19,20130313,"15,6",False,20180430,T10,,10.19,measured,0.2,site_median,0.0,,10.19,13.3,False,O,10.19,measured,13.3,10.19,0.77,30.7749,30.7749,39.2587,30.7749,30.7749,39.2587,T10_1
PAR_A01,13,NI,NI,220585.3573,9632756.828,O,10.8,False,8.53,12.86,20130313,"12,5",False,20180430,T10,,12.86,measured,0.2,site_median,0.0,,12.86,10.8,False,O,12.86,measured,10.8,12.86,0.599,25.7231,25.7231,25.6803,25.7231,25.7231,25.6803,T10_1
PAR_A01,14,Vismia guianensis,Clusiaceae,220583.4343,9632756.875,O,10.9,False,6.55,9.47,20130313,"11,7",False,20180430,T10,,9.47,measured,0.2,site_median,0.0,,9.47,10.9,False,O,9.47,measured,10.9,9.47,0.475,19.4283,19.4283,15.4672,19.4283,19.4283,15.4672,T10_1
PAR_A01,15,Cordia scabrifolia,Boraginaceae,220574.4859,9632751.739,O,10.6,False,4.17,7.88,20130313,"11,2",False,20180430,T10,,7.88,measured,0.2,site_median,0.0,,7.88,10.6,False,O,7.88,measured,10.6,7.88,0.474,15.3768,15.3768,12.2166,15.3768,15.3768,12.2166,T10_1
PAR_A01,16,Parkia gigantocarpa,Fabaceae,220570.1969,9632756.975,O,60.3,False,16.28,24.34,20130313,"88,0",False,20180430,T10,,24.34,measured,0.2,site_median,0.0,,24.34,60.3,False,O,24.34,measured,60.3,24.34,0.26,1376.2235,1376.2235,608.4534,1376.2235,1376.2235,608.4534,T10_1
PAR_A01,17,Apeiba echinata,Malvaceae,220570.8179,9632750.579,O,30.4,False,7.86,10.12,20130313,"32,6",False,20180430,T10,,10.12,measured,0.2,site_median,0.0,,10.12,30.4,False,O,10.12,measured,30.4,10.12,0.2822,153.4921,153.4921,73.524,153.4921,153.4921,73.524,T10_1
PAR_A01,18,Poecilanthe effusa,Fabaceae,220561.2429,9632744.907,O,10.5,False,4.05,10.91,20130313,"11,0",False,20180430,T10,,10.91,measured,0.2,site_median,0.0,,10.91,10.5,False,O,10.91,measured,10.5,10.91,0.7125,20.7367,20.7367,24.5235,20.7367,20.7367,24.5235,T10_1
PAR_A01,19,Thyrsodium paraense,Anacardiaceae,220559.7666,9632744.282,O,10.3,False,4.77,8.19,20130313,"11,1",False,20180430,T10,,8.19,measured,0.2,site_median,0.0,,8.19,10.3,False,O,8.19,measured,10.3,8.19,0.645,15.0968,15.0968,16.2009,15.0968,15.0968,16.2009,T10_1
PAR_A01,20,Parkia paraensis,Fabaceae,220551.5193,9632750.504,O,53.9,False,10.74,23.0,20130313,"55,8",False,20180430,T10,,23.0,measured,0.2,site_median,0.0,,23.0,53.9,False,O,23.0,measured,53.9,23.0,0.415,1046.0883,1046.0883,729.9744,1046.0883,1046.0883,729.9744,T10_1
PAR_A01,21,Dimorphandra macrostachya,Fabaceae,220546.3908,9632746.032,O,60.0,False,17.15,26.91,20130313,"60,0",True,20180430,T10,,26.91,measured,0.2,site_median,0.0,,26.91,60.0,False,O,26.91,measured,60.0,26.91,0.695,1503.1686,1503.1686,1735.039,1503.1686,1503.1686,1735.039,T10_1
PAR_A01,22,Cassia fastuosa,Fabaceae,220547.1138,9632740.209,O,45.7,False,9.39,18.08,20130313,"47,6",False,20180430,T10,,18.08,measured,0.2,site_median,0.0,,18.08,45.7,False,O,18.08,measured,45.7,18.08,0.805,599.2979,599.2979,798.4063,599.2979,599.2979,798.4063,T10_1
PAR_A01,23,,,220498.2519,9632717.605,O,70.0,True,,12.91,20130313,70,True,20180430,T10,34.15,12.91,measured,0.0,observed,0.0,70.0,12.91,70.0,True,O,12.91,measured,70.0,12.91,0.599,991.6447,799.8218,799.8218,991.6447,799.8218,799.8218,T10_1
PAR_A01,24,Sapium marmieri,Euphorbiaceae,220493.6438,9632709.91,O,21.1,False,7.9,14.56,20130313,"22,8",False,20180430,T10,,14.56,measured,0.2,site_median,0.0,,14.56,21.1,False,O,14.56,measured,21.1,14.56,0.41,107.3261,107.3261,74.0128,107.3261,107.3261,74.0128,T10_2
PAR_A01,25,Bocageopsis pleiosperma,Annonaceae,220493.2889,9632709.725,O,15.8,False,10.26,11.17,20130313,"19,5",False,20180430,T10,,11.17,measured,0.2,site_median,0.0,,11.17,15.8,False,O,11.17,measured,15.8,11.17,0.6402,47.1128,47.1128,50.1912,47.1128,47.1128,50.1912,T10_2
PAR_A01,26,Cordia scabrifolia,Boraginaceae,220490.8504,9632708.344,O,17.7,False,6.27,10.7,20130313,"19,0",False,20180430,T10,,10.7,measured,0.2,site_median,0.0,,10.7,17.7,False,O,10.7,measured,17.7,10.7,0.474,56.3875,56.3875,44.7989,56.3875,56.3875,44.7989,T10_2
PAR_A01,27,Cordia scabrifolia,Boraginaceae,220485.7505,9632705.577,O,11.5,False,10.75,15.34,20130313,"13,2",False,20180430,T10,,15.34,measured,0.2,site_median,0.0,,15.34,11.5,False,O,15.34,measured,11.5,15.34,0.474,34.5389,34.5389,27.4405,34.5389,34.5389,27.4405,T10_2
PAR_A01,28,Cordia scabrifolia,Boraginaceae,220485.5731,9632705.485,O,12.2,False,11.59,15.34,20130313,"12,7",False,20180430,T10,,15.34,measured,0.2,site_median,0.0,,15.34,12.2,False,O,15.34,measured,12.2,15.34,0.474,38.7615,38.7615,30.7953,38.7615,38.7615,30.7953,T10_2
PAR_A01,29,Lecythis idatimon,Lecythidaceae,220504.148,9632721.011,O,41.2,False,18.67,24.73,20130313,"42,4",False,20180430,T10,,24.73,measured,0.2,site_median,0.0,,24.73,41.2,False,O,24.73,measured,41.2,24.73,0.7986,664.5487,664.5487,878.4346,664.5487,664.5487,878.4346,T10_1
PAR_A01,30,,,220476.4498,9632704.007,O,42.0,True,,11.23,20130313,42,True,20180430,T10,26.77,11.23,measured,0.0,observed,0.0,42.0,11.23,42.0,True,O,11.23,measured,42.0,11.23,0.599,319.311,256.9027,256.9027,319.311,256.9027,256.9027,T10_1
PAR_A01,31,Helicostylis sp.,Moraceae,220477.6757,9632701.602,O,25.2,False,17.94,21.88,20130313,"29,7",False,20180430,T10,,21.88,measured,0.2,site_median,0.0,,21.88,25.2,False,O,21.88,measured,25.2,21.88,0.643,225.8815,225.8815,241.6679,225.8815,225.8815,241.6679,T10_2
PAR_A01,32,Lecythis idatimon,Lecythidaceae,220465.3747,9632695.474,O,12.3,False,8.52,13.15,20130313,"12,5",False,20180430,T10,,13.15,measured,0.2,site_median,0.0,,13.15,12.3,False,O,13.15,measured,12.3,13.15,0.7986,33.8865,33.8865,44.7929,33.8865,33.8865,44.7929,T10_2
PAR_A01,33,Hevea sp.,Euphorbiaceae,220456.8778,9632690.156,O,57.7,False,21.82,30.7,20130313,"60,2",False,20180430,T10,,30.7,measured,0.2,site_median,0.0,,30.7,57.7,False,O,30.7,measured,57.7,30.7,0.5029,1583.8824,1583.8824,1333.2064,1583.8824,1583.8824,1333.2064,T10_2
PAR_A01,34,Stryphnodendron paniculatum,Fabaceae,220447.8636,9632685.809,O,19.7,False,7.46,12.86,20130313,"22,5",False,20180430,T10,,12.86,measured,0.2,site_median,0.0,,12.86,19.7,False,O,12.86,measured,19.7,12.86,0.6535,83.153,83.153,90.382,83.153,83.153,90.382,T10_2
PAR_A01,35,,,220439.019,9632684.972,O,42.0,True,,5.65,20130313,42,True,20180430,T10,26.77,5.65,measured,0.0,observed,0.0,42.0,5.65,42.0,True,O,5.65,measured,42.0,5.65,0.599,163.3212,146.4649,146.4649,163.3212,146.4649,146.4649,T10_1
PAR_A01,36,Pourouma minor,Urticaceae,220432.9862,9632677.581,O,28.5,False,20.31,27.54,20130313,"32,4",False,20180430,T10,,27.54,measured,0.2,site_median,0.0,,27.54,28.5,False,O,27.54,measured,28.5,27.54,0.436,359.5197,359.5197,263.2606,359.5197,359.5197,263.2606,T10_2
PAR_A01,37,Pourouma minor,Urticaceae,220424.5053,9632676.486,O,42.2,False,11.0,21.92,20130313,"53,5",False,20180430,T10,,21.92,measured,0.2,site_median,0.0,,21.92,42.2,False,O,21.92,measured,42.2,21.92,0.436,619.0575,619.0575,453.3088,619.0575,619.0575,453.3088,T10_1
PAR_A01,38,NI,NI,220426.1041,9632673.485,O,10.4,False,3.33,8.54,20130313,"15,8",False,20180430,T10,,8.54,measured,0.2,site_median,0.0,,8.54,10.4,False,O,8.54,measured,10.4,8.54,0.599,16.0255,16.0255,15.9989,16.0255,16.0255,15.9989,T10_2
PAR_A01,39,Parkia gigantocarpa,Fabaceae,220421.0092,9632672.415,O,16.5,False,10.29,14.48,20130313,"19,2",False,20180430,T10,,14.48,measured,0.2,site_median,0.0,,14.48,16.5,False,O,14.48,measured,16.5,14.48,0.26,66.0541,66.0541,29.2037,66.0541,66.0541,29.2037,T10_2
PAR_A01,40,Parkia gigantocarpa,Fabaceae,220419.3724,9632670.383,O,16.5,False,16.58,18.31,20130313,"23,3",False,20180430,T10,,18.31,measured,0.2,site_median,0.0,,18.31,16.5,False,O,18.31,measured,16.5,18.31,0.26,83.0564,83.0564,36.7207,83.0564,83.0564,36.7207,T10_2
PAR_A01,41,Dimorphandra macrostachya,Fabaceae,220406.2924,9632672.817,O,47.1,False,20.09,32.25,20130313,"54,9",False,20180430,T10,,32.25,measured,0.2,site_median,0.0,,32.25,47.1,False,O,32.25,measured,47.1,32.25,0.695,1118.2078,1118.2078,1290.6963,1118.2078,1118.2078,1290.6963,T10_1
PAR_A01,42,Goupia glabra,Goupiaceae,220405.9593,9632662.384,O,82.0,False,12.38,26.05,20130313,"82,7",False,20180430,T10,,26.05,measured,0.2,site_median,0.0,,26.05,82.0,False,O,26.05,measured,82.0,26.05,0.7272,2679.4994,2679.4994,3232.5477,2679.4994,2679.4994,3232.5477,T10_2
PAR_A01,43,NI,NI,220389.0915,9632660.018,O,49.3,False,21.71,35.88,20130313,"52,7",False,20180430,T10,,35.88,measured,0.2,site_median,0.0,,35.88,49.3,False,O,35.88,measured,49.3,35.88,0.599,1356.5439,1356.5439,1354.2902,1356.5439,1356.5439,1354.2902,T10_1
PAR_A01,44,Pouteria hispida,Sapotaceae,220382.601,9632653.061,O,41.9,False,17.34,27.47,20130313,"42,4",False,20180430,T10,,27.47,measured,0.2,site_median,0.0,,27.47,41.9,False,O,27.47,measured,41.9,27.47,0.874,760.9367,760.9367,1098.4696,760.9367,760.9367,1098.4696,T10_1
PAR_A01,45,Eschweilera parviflora,Lecythidaceae,220373.3522,9632655.534,O,49.0,False,21.58,32.0,20130313,"50,0",False,20180430,T10,,32.0,measured,0.2,site_median,0.0,,32.0,49.0,False,O,32.0,measured,49.0,32.0,0.918,1198.8085,1198.8085,1815.5518,1198.8085,1198.8085,1815.5518,T10_1
PAR_A01,46,Licania heteromorpha,Chrysobalanaceae,220374.2606,9632645.322,O,10.4,False,8.43,14.0,20130313,"11,1",False,20180430,T10,,14.0,measured,0.2,site_median,0.0,,14.0,10.4,False,O,14.0,measured,10.4,14.0,0.8164,25.9616,25.9616,35.0649,25.9616,25.9616,35.0649,T10_2
PAR_A01,47,Pouteria sp.,Sapotaceae,220368.1468,9632644.038,O,48.0,False,21.46,31.85,20130313,"50,4",False,20180430,T10,,31.85,measured,0.2,site_median,0.0,,31.85,48.0,False,O,31.85,measured,48.0,31.85,0.7187,1146.2475,1146.2475,1367.1305,1146.2475,1146.2475,1367.1305,T10_1
PAR_A01,48,Eschweilera parviflora,Lecythidaceae,220347.0146,9632634.79,O,42.2,False,16.38,28.42,20130313,"44,3",False,20180430,T10,,28.42,measured,0.2,site_median,0.0,,28.42,42.2,False,O,28.42,measured,42.2,28.42,0.918,797.6414,797.6414,1207.9989,797.6414,797.6414,1207.9989,T10_1
PAR_A01,49,Pouteria sp.,Sapotaceae,220342.1235,9632634.4,O,41.6,False,19.75,29.34,20130313,"43,8",False,20180430,T10,,29.34,measured,0.2,site_median,0.0,,29.34,41.6,False,O,29.34,measured,41.6,29.34,0.7187,800.151,800.151,954.3409,800.151,800.151,954.3409,T10_1
PAR_A01,50,Neea oppositifolia,Nyctaginaceae,220341.1636,9632627.27,O,19.7,False,4.85,9.12,20130313,"19,7",True,20180430,T10,,9.12,measured,0.2,site_median,0.0,,9.12,19.7,False,O,9.12,measured,19.7,9.12,0.893,59.4585,59.4585,87.6535,59.4585,59.4585,87.6535,T10_2
PAR_A01,52,Carapa guianensis,Meliaceae,220324.064,9632626.828,O,36.6,False,12.63,20.68,20130313,"37,3",False,20180430,T10,,20.68,measured,0.2,site_median,0.0,,20.68,36.6,False,O,20.68,measured,36.6,20.68,0.53,442.9484,442.9484,392.4377,442.9484,442.9484,392.4377,T10_1
PAR_A01,53,Goupia glabra,Goupiaceae,220308.4968,9632617.768,O,83.7,False,21.55,36.43,20130313,"89,0",False,20180430,T10,,36.43,measured,0.2,site_median,0.0,,36.43,83.7,False,O,36.43,measured,83.7,36.43,0.7272,3869.0553,3869.0553,4667.6277,3869.0553,3869.0553,4667.6277,T10_1
PAR_A01,54,Eschweilera parviflora,Lecythidaceae,220307.7782,9632609.972,O,18.1,False,14.82,21.15,20130313,"19,4",False,20180430,T10,,21.15,measured,0.2,site_median,0.0,,21.15,18.1,False,O,21.15,measured,18.1,21.15,0.918,114.5387,114.5387,173.4647,114.5387,114.5387,173.4647,T10_2
PAR_A01,55,Pourouma minor,Urticaceae,220296.9579,9632603.273,O,26.0,False,16.08,26.98,20130313,"31,2",False,20180430,T10,,26.98,measured,0.2,site_median,0.0,,26.98,26.0,False,O,26.98,measured,26.0,26.98,0.436,294.568,294.568,215.6993,294.568,294.568,215.6993,T10_2
PAR_A01,56,Pourouma minor,Urticaceae,220296.9579,9632603.273,O,27.2,False,16.08,26.98,20130313,"31,0",False,20180430,T10,,26.98,measured,0.2,site_median,0.0,,26.98,27.2,False,O,26.98,measured,27.2,26.98,0.436,321.6889,321.6889,235.5588,321.6889,321.6889,235.5588,T10_2
PAR_A01,58,Couepia robusta,Chrysobalanaceae,220329.7691,9632613.993,O,44.7,False,20.14,24.0,20130313,"46,7",False,20180430,T10,,24.0,measured,0.2,site_median,0.0,,24.0,44.7,False,O,24.0,measured,44.7,24.0,0.83,756.7408,756.7408,1038.7039,756.7408,756.7408,1038.7039,T10_1
PAR_A01,59,NI,NI,220315.7851,9632604.088,O,56.9,False,12.59,33.58,20130313,"56,9",False,20180430,T10,,33.58,measured,0.2,site_median,0.0,,33.58,56.9,False,O,33.58,measured,56.9,33.58,0.599,1682.2657,1682.2657,1679.4708,1682.2657,1682.2657,1679.4708,T10_1
PAR_A01,60,Tachigali myrmecophila,Fabaceae,220304.2163,9632606.662,O,70.8,False,18.55,41.8,20130313,"70,8",True,20180430,T10,,41.8,measured,0.2,site_median,0.0,,41.8,70.8,False,O,41.8,measured,70.8,41.8,0.476,3191.4913,3191.4913,2546.0236,3191.4913,3191.4913,2546.0236,T10_2
PAR_A01,61,Tachigali myrmecophila,Fabaceae,220302.554,9632599.149,O,39.5,False,19.13,28.06,20130313,"41,0",False,20180430,T10,,28.06,measured,0.2,site_median,0.0,,28.06,39.5,False,O,28.06,measured,39.5,28.06,0.476,692.3916,692.3916,552.3579,692.3916,692.3916,552.3579,T10_1
PAR_A01,62,Xylopia nitida,Annonaceae,220301.0363,9632596.044,O,53.4,False,30.91,40.57,20130313,"56,0",False,20180430,T10,,40.57,measured,0.2,site_median,0.0,,40.57,53.4,False,O,40.57,measured,53.4,40.57,0.5483,1787.4311,1787.4311,1637.0474,1787.4311,1787.4311,1637.0474,T10_1
PAR_A01,63,Jacaranda copaia,Bignoniaceae,220299.0111,9632598.356,O,59.8,False,22.01,35.34,20130313,"61,1",False,20180430,T10,,35.34,measured,0.2,site_median,0.0,,35.34,59.8,False,O,35.34,measured,59.8,35.34,0.3507,1948.4513,1948.4513,1153.5354,1948.4513,1948.4513,1153.5354,T10_1
PAR_A01,64,Sagotia racemosa,Euphorbiaceae,220366.1964,9632640.468,O,12.1,False,6.22,10.43,20130313,"12,3",False,20180430,T10,,10.43,measured,0.2,site_median,0.0,,10.43,12.1,False,O,10.43,measured,12.1,10.43,0.58,26.176,26.176,25.3241,26.176,26.176,25.3241,T10_2
PAR_A01,65,Eperua bijuga,Fabaceae,220362.644,9632638.417,O,18.9,False,13.48,19.46,20130313,"19,4",False,20180430,T10,,19.46,measured,0.2,site_median,0.0,,19.46,18.9,False,O,19.46,measured,18.9,19.46,0.729,114.8993,114.8993,138.9517,114.8993,114.8993,138.9517,T10_2
PAR_A01,66,Terminalia amazonia,Combretaceae,220356.2633,9632632.317,O,75.0,False,23.63,32.61,20130313,"76,0",False,20180430,T10,,32.61,measured,0.2,site_median,0.0,,32.61,75.0,False,O,32.61,measured,75.0,32.61,0.6735,2802.9197,2802.9197,3137.5636,2802.9197,2802.9197,3137.5636,T10_1
PAR_A01,67,Inga grandis,Fabaceae,220350.6982,9632632.129,O,29.0,False,17.02,24.76,20130313,,True,20180430,T10,,24.76,measured,0.2,site_median,0.0,,24.76,29.0,False,O,24.76,measured,29.0,24.76,0.5786,335.2449,335.2449,323.5479,335.2449,335.2449,323.5479,T10_2
PAR_A01,68,,,220365.8708,9632645.758,O,36.3,True,,8.33,20130313,"36,3",True,20180430,T10,,8.33,measured,0.2,site_median,0.0,,8.33,36.3,True,O,8.33,measured,36.3,8.33,0.599,179.4519,150.3005,150.3005,179.4519,150.3005,150.3005,T10_1
PAR_A01,69,Lecythis idatimon,Lecythidaceae,220346.6191,9632629.79,O,10.6,False,8.27,11.02,20130313,"10,9",False,20180430,T10,,11.02,measured,0.2,site_median,0.0,,11.02,10.6,False,O,11.02,measured,10.6,11.02,0.7986,21.3318,21.3318,28.1974,21.3318,21.3318,28.1974,T10_2
PAR_A01,70,Sagotia racemosa,Euphorbiaceae,220344.5529,9632628.777,O,10.3,False,5.87,9.45,20130313,"10,8",False,20180430,T10,,9.45,measured,0.2,site_median,0.0,,9.45,10.3,False,O,9.45,measured,10.3,9.45,0.58,17.3596,17.3596,16.7946,17.3596,17.3596,16.7946,T10_2
PAR_A01,71,Anacardium spruceanum,Anacardiaceae,220341.3574,9632620.314,O,54.2,False,21.61,32.38,20130313,"57,3",False,20180430,T10,,32.38,measured,0.2,site_median,0.0,,32.38,54.2,False,O,32.38,measured,54.2,32.38,0.4792,1476.5818,1476.5818,1185.5962,1476.5818,1476.5818,1185.5962,T10_1
PAR_A01,72,Pouteria anibifolia,Sapotaceae,220416.0864,9632666.768,O,45.9,False,22.97,32.56,20130313,"46,5",False,20180430,T10,,32.56,measured,0.2,site_median,0.0,,32.56,45.9,False,O,32.56,measured,45.9,32.56,0.66,1073.2454,1073.2454,1177.8725,1073.2454,1073.2454,1177.8725,T10_2
PAR_A01,73,Croton matourensis,Euphorbiaceae,220410.928,9632655.184,O,57.4,False,28.98,41.59,20130313,"66,2",False,20180430,T10,,41.59,measured,0.2,site_median,0.0,,41.59,57.4,False,O,41.59,measured,57.4,41.59,0.3883,2108.5791,2108.5791,1379.0437,2108.5791,2108.5791,1379.0437,T10_1
PAR_A01,74,Abarema jupunba,Fabaceae,220388.5887,9632646.075,O,35.8,False,18.38,24.84,20130313,"37,6",False,20180430,T10,,24.84,measured,0.2,site_median,0.0,,24.84,35.8,False,O,24.84,measured,35.8,24.84,0.5851,507.3508,507.3508,495.0856,507.3508,507.3508,495.0856,T10_1
PAR_A01,75,Virola melinoni,Myristicaceae,220389.5292,9632644.31,O,55.0,False,28.98,41.59,20130313,"57,0",False,20180430,T10,,41.59,measured,0.2,site_median,0.0,,41.59,55.0,False,O,41.59,measured,55.0,41.59,0.4734,1939.9112,1939.9112,1539.3732,1939.9112,1939.9112,1539.3732,T10_1
PAR_A01,76,,,220432.1554,9632677.014,O,39.6,True,,33.74,20130313,"39,6",True,20180430,T10,,33.74,measured,0.2,site_median,0.0,,33.74,39.6,True,O,33.74,measured,39.6,33.74,0.599,832.9737,561.6587,561.6587,832.9737,561.6587,561.6587,T10_2
PAR_A01,77,Eschweilera coriacea,Lecythidaceae,220432.3589,9632674.505,O,46.7,False,15.87,26.91,20130313,"50,5",False,20180430,T10,,26.91,measured,0.2,site_median,0.0,,26.91,46.7,False,O,26.91,measured,46.7,26.91,0.8521,921.6436,921.6436,1297.89,921.6436,921.6436,1297.89,T10_2
PAR_A01,78,Tachigali myrmecophila,Fabaceae,220514.7215,9632710.393,O,46.2,False,20.38,29.7,20130313,"51,6",False,20180430,T10,,29.7,measured,0.2,site_median,0.0,,29.7,46.2,False,O,29.7,measured,46.2,29.7,0.476,993.6927,993.6927,792.722,993.6927,993.6927,792.722,T10_1
PAR_A01,79,Eschweilera parviflora,Lecythidaceae,220509.8109,9632711.22,O,53.9,False,24.21,32.08,20130313,"59,1",False,20180430,T10,,32.08,measured,0.2,site_median,0.0,,32.08,53.9,False,O,32.08,measured,53.9,32.08,0.918,1447.4604,1447.4604,2192.1261,1447.4604,1447.4604,2192.1261,T10_1
PAR_A01,80,Sloanea guianensis,Elaeocarpaceae,220556.9922,9632741.967,O,10.9,False,1.48,7.08,20130313,"12,4",False,20180430,T10,,7.08,measured,0.2,site_median,0.0,,7.08,10.9,False,O,7.08,measured,10.9,7.08,0.8212,14.6268,14.6268,19.869,14.6268,14.6268,19.869,T10_1
PAR_A01,81,Casearia grandiflora,Salicaceae,220547.1431,9632737.068,O,16.4,False,9.39,12.41,20130313,"17,7",False,20180430,T10,,12.41,measured,0.2,site_median,0.0,,12.41,16.4,False,O,12.41,measured,16.4,12.41,0.77,56.151,56.151,71.6302,56.151,56.151,71.6302,T10_1
PAR_A01,82,Sapium marmieri,Euphorbiaceae,220590.4572,9632758.926,O,15.4,False,5.48,10.35,20130313,"17,3",False,20180430,T10,,10.35,measured,0.2,site_median,0.0,,10.35,15.4,False,O,10.35,measured,15.4,10.35,0.41,41.599,41.599,28.6869,41.599,41.599,28.6869,T10_1
PAR_A01,83,Caryocar villosum,Caryocaraceae,220618.1062,9632772.947,O,17.3,False,5.64,11.78,20130313,"20,6",False,20180430,T10,,11.78,measured,0.2,site_median,0.0,,11.78,17.3,False,O,11.78,measured,17.3,11.78,0.758,59.2331,59.2331,74.4125,59.2331,59.2331,74.4125,T10_1
PAR_A01,84,Zanthoxylum rhoifolium,Rutaceae,220683.38,9632804.512,O,21.5,False,8.46,17.88,20130313,"24,6",False,20180430,T10,,17.88,measured,0.2,site_median,0.0,,17.88,21.5,False,O,17.88,measured,21.5,17.88,0.5692,136.0477,136.0477,129.2383,136.0477,136.0477,129.2383,T10_1
PAR_A01,85,Inga marginata,Fabaceae,220673.6275,9632800.54,O,12.7,False,7.64,14.16,20130313,"14,7",False,20180430,T10,,14.16,measured,0.2,site_median,0.0,,14.16,12.7,False,O,14.16,measured,12.7,14.16,0.5518,38.7725,38.7725,35.7295,38.7725,38.7725,35.7295,T10_1
PAR_A01,86,Heisteria densifrons,Olacaceae,220660.563,9632793.127,O,10.4,False,5.68,7.33,20130313,"10,8",False,20180430,T10,,7.33,measured,0.2,site_median,0.0,,7.33,10.4,False,O,7.33,measured,10.4,7.33,0.65,13.8055,13.8055,14.9272,13.8055,13.8055,14.9272,T10_1
PAR_A01,87,Tetragastris altissima,Burseraceae,220724.0034,9632825.007,O,36.5,False,6.39,13.24,20130313,"36,8",False,20180430,T10,,13.24,measured,0.2,site_median,0.0,,13.24,36.5,False,O,13.24,measured,36.5,13.24,0.7079,285.1143,285.1143,335.0351,285.1143,285.1143,335.0351,T10_1
PAR_A01,88,Qualea paraensis,Vochysiaceae,220723.1925,9632817.673,O,95.0,False,20.53,34.09,20130313,"95,5",False,20180430,T10,,34.09,measured,0.2,site_median,0.0,,34.09,95.0,False,O,34.09,measured,95.0,34.09,0.6893,4643.2399,4643.2399,5316.8263,4643.2399,4643.2399,5316.8263,T10_1
PAR_A01,89,Pouteria hispida,Sapotaceae,220716.5772,9632821.972,O,26.5,False,12.6,25.14,20130313,"27,8",False,20180430,T10,,25.14,measured,0.2,site_median,0.0,,25.14,26.5,False,O,25.14,measured,26.5,25.14,0.874,285.36,285.36,411.9388,285.36,285.36,411.9388,T10_1
PAR_A01,90,Tachigali paniculata,Fabaceae,220714.3368,9632816.607,O,68.0,False,11.74,21.87,20130313,"72,4",False,20180430,T10,,21.87,measured,0.2,site_median,0.0,,21.87,68.0,False,O,21.87,measured,68.0,21.87,0.5545,1567.5106,1567.5106,1451.3855,1567.5106,1567.5106,1451.3855,T10_1
PAR_A01,91,Carapa guianensis,Meliaceae,220704.0056,9632815.81,O,36.0,False,12.11,27.88,20130313,"36,8",False,20180430,T10,,27.88,measured,0.2,site_median,0.0,,27.88,36.0,False,O,27.88,measured,36.0,27.88,0.53,574.0754,574.0754,508.6119,574.0754,574.0754,508.6119,T10_1
PAR_A01,1,,,218928.9926,9633101.348,O,37.7,True,,7.98,20130425,,True,20180427,T05,,7.98,measured,0.2,site_median,0.0,,7.98,37.7,True,O,7.98,measured,37.7,7.98,0.599,185.2823,156.5239,156.5239,185.2823,156.5239,156.5239,T05_1
PAR_A01,2,Cecropia ficifolia,Urticaceae,218934.579,9633106.234,O,11.7,False,8.0,14.08,20130425,"12,5",False,20180427,T05,,14.08,measured,0.2,site_median,0.0,,14.08,11.7,False,O,14.08,measured,11.7,14.08,0.266,32.8546,32.8546,14.8527,32.8546,32.8546,14.8527,T05_1
PAR_A01,3,,,218946.0454,9633113.46,O,11.6,True,,5.96,20130425,,True,20180427,T05,,5.96,measured,0.2,site_median,0.0,,5.96,11.6,True,O,5.96,measured,11.6,5.96,0.599,13.9612,11.6715,11.6715,13.9612,11.6715,11.6715,T05_1
PAR_A01,4,,,218949.1601,9633115.056,O,25.0,True,,10.27,20130425,,True,20180427,T05,,10.27,measured,0.2,site_median,0.0,,10.27,25.0,True,O,10.27,measured,25.0,10.27,0.599,106.2998,84.6066,84.6066,106.2998,84.6066,84.6066,T05_1
PAR_A01,5,Cecropia ficifolia,Urticaceae,218960.5188,9633119.642,O,12.5,False,7.31,12.23,20130425,,True,20180427,T05,,12.23,measured,0.2,site_median,0.0,,12.23,12.5,False,O,12.23,measured,12.5,12.23,0.266,32.5805,32.5805,14.7288,32.5805,32.5805,14.7288,T05_1
PAR_A01,6,Cecropia ficifolia,Urticaceae,218991.0084,9633134.258,O,10.5,False,8.31,11.27,20130425,,True,20180427,T05,,11.27,measured,0.2,site_median,0.0,,11.27,10.5,False,O,11.27,measured,10.5,11.27,0.266,21.4042,21.4042,9.6763,21.4042,21.4042,9.6763,T05_1
PAR_A01,7,Croton matourensis,Euphorbiaceae,219016.0927,9633148.239,O,21.2,False,10.14,15.22,20130425,"29,1",False,20180427,T05,,15.22,measured,0.2,site_median,0.0,,15.22,21.2,False,O,15.22,measured,21.2,15.22,0.3883,113.111,113.111,73.9764,113.111,113.111,73.9764,T05_1
PAR_A01,8,Cecropia ficifolia,Urticaceae,219019.3031,9633149.21,O,17.7,False,7.19,14.75,20130425,,True,20180427,T05,,14.75,measured,0.2,site_median,0.0,,14.75,17.7,False,O,14.75,measured,17.7,14.75,0.266,77.1339,77.1339,34.8702,77.1339,77.1339,34.8702,T05_1
PAR_A01,9,Cecropia ficifolia,Urticaceae,219032.2413,9633156.853,O,12.7,False,7.65,12.49,20130425,,True,20180427,T05,,12.49,measured,0.2,site_median,0.0,,12.49,12.7,False,O,12.49,measured,12.7,12.49,0.266,34.3029,34.3029,15.5074,34.3029,34.3029,15.5074,T05_1
PAR_A01,10,Cecropia ficifolia,Urticaceae,219055.032,9633167.636,O,16.0,False,9.0,12.27,20130425,"17,4",False,20180427,T05,,12.27,measured,0.2,site_median,0.0,,12.27,16.0,False,O,12.27,measured,16.0,12.27,0.266,52.9194,52.9194,23.9235,52.9194,52.9194,23.9235,T05_1
PAR_A01,11,Cecropia ficifolia,Urticaceae,219067.7465,9633175.277,O,13.2,False,9.96,13.15,20130425,,True,20180427,T05,,13.15,measured,0.2,site_median,0.0,,13.15,13.2,False,O,13.15,measured,13.2,13.15,0.266,38.8949,38.8949,17.5833,38.8949,38.8949,17.5833,T05_1
PAR_A01,12,Cordia scabrifolia,Boraginaceae,219077.1385,9633179.753,O,10.8,False,5.53,9.3,20130425,"12,7",False,20180427,T05,,9.3,measured,0.2,site_median,0.0,,9.3,10.8,False,O,9.3,measured,10.8,9.3,0.474,18.7475,18.7475,14.8945,18.7475,18.7475,14.8945,T05_1
PAR_A01,13,Cecropia ficifolia,Urticaceae,219077.4577,9633179.13,O,11.9,False,8.09,12.71,20130425,,True,20180427,T05,,12.71,measured,0.2,site_median,0.0,,12.71,11.9,False,O,12.71,measured,11.9,12.71,0.266,30.7308,30.7308,13.8926,30.7308,30.7308,13.8926,T05_1
PAR_A01,14,Cecropia ficifolia,Urticaceae,219105.7754,9633195.258,O,11.2,False,6.86,12.22,20130425,"14,8",False,20180427,T05,,12.22,measured,0.2,site_median,0.0,,12.22,11.2,False,O,12.22,measured,11.2,12.22,0.266,26.2734,26.2734,11.8775,26.2734,26.2734,11.8775,T05_1
PAR_A01,15,Cecropia ficifolia,Urticaceae,219125.8792,9633204.282,O,16.8,False,9.34,14.3,20130425,,True,20180427,T05,,14.3,measured,0.2,site_median,0.0,,14.3,16.8,False,O,14.3,measured,16.8,14.3,0.266,67.5884,67.5884,30.5549,67.5884,67.5884,30.5549,T05_1
PAR_A01,16,Cecropia ficifolia,Urticaceae,219126.3484,9633205.547,O,13.7,False,4.82,7.26,20130425,,True,20180427,T05,,7.26,measured,0.2,site_median,0.0,,7.26,13.7,False,O,7.26,measured,13.7,7.26,0.266,23.4214,23.4214,10.5882,23.4214,23.4214,10.5882,T05_1
PAR_A01,17,Cecropia ficifolia,Urticaceae,219131.9166,9633208.711,O,14.0,False,10.28,13.55,20130425,,True,20180427,T05,,13.55,measured,0.2,site_median,0.0,,13.55,14.0,False,O,13.55,measured,14.0,13.55,0.266,44.9237,44.9237,20.3088,44.9237,44.9237,20.3088,T05_1
PAR_A01,18,Cecropia ficifolia,Urticaceae,219139.3383,9633213.079,O,11.0,False,10.28,11.62,20130425,,True,20180427,T05,,11.62,measured,0.2,site_median,0.0,,11.62,11.0,False,O,11.62,measured,11.0,11.62,0.266,24.1491,24.1491,10.9171,24.1491,24.1491,10.9171,T05_1
PAR_A01,19,Sacoglottis guianensis,Humiriaceae,219152.6433,9633217.837,O,27.0,False,14.14,18.93,20130425,26,False,20180427,T05,20.29,18.93,measured,0.0,observed,0.0,26.0,18.93,27.0,False,O,18.93,measured,27.0,18.93,0.8359,224.3788,224.3788,310.1038,224.3788,224.3788,310.1038,T05_2
PAR_A01,20,Lecythis idatimon,Lecythidaceae,219152.8202,9633217.93,O,11.0,False,9.95,15.18,20130425,12,False,20180427,T05,12.11,15.18,measured,0.2,observed,0.0,12.0,15.18,11.0,False,O,15.18,measured,11.0,15.18,0.7986,31.3459,31.3459,41.4346,31.3459,31.3459,41.4346,T05_2
PAR_A01,21,NI,NI,219165.5637,9633219.001,O,40.0,False,20.2,30.65,20130425,40,False,20180427,T05,26.07,30.65,measured,0.0,observed,0.0,40.0,30.65,40.0,False,O,30.65,measured,40.0,30.65,0.599,773.4601,773.4601,772.1751,773.4601,773.4601,772.1751,T05_1
PAR_A01,22,Pouteria gongrijpii,Sapotaceae,219165.9101,9633224.837,O,33.0,False,8.19,12.24,20130425,"33,4",False,20180427,T05,,12.24,measured,0.2,site_median,0.0,,12.24,33.0,False,O,12.24,measured,33.0,12.24,0.7994,216.9075,216.9075,287.0098,216.9075,216.9075,287.0098,T05_2
PAR_A01,23,,,219173.4548,9633229.835,O,20.5,True,,7.79,20130425,,True,20180427,T05,,7.79,measured,0.2,site_median,0.0,,7.79,20.5,True,O,7.79,measured,20.5,7.79,0.599,55.0991,45.3779,45.3779,55.0991,45.3779,45.3779,T05_2
PAR_A01,24,NI,NI,219170.179,9633236.134,O,48.7,False,16.06,28.08,20130425,"51,2",False,20180427,T05,,28.08,measured,0.2,site_median,0.0,,28.08,48.7,False,O,28.08,measured,48.7,28.08,0.599,1042.6842,1042.6842,1040.9519,1042.6842,1042.6842,1040.9519,T05_1
PAR_A01,25,Tetragastris altissima,Burseraceae,219179.9462,9633239.026,O,43.7,False,15.03,22.51,20130425,,True,20180427,T05,,22.51,measured,0.2,site_median,0.0,,22.51,43.7,False,O,22.51,measured,43.7,22.51,0.7079,680.141,680.141,799.2272,680.141,680.141,799.2272,T05_1
PAR_A01,26,Lecythis idatimon,Lecythidaceae,219185.3915,9633244.16,O,46.6,False,16.51,27.9,20130425,,True,20180427,T05,,27.9,measured,0.2,site_median,0.0,,27.9,46.6,False,O,27.9,measured,46.6,27.9,0.7986,950.7355,950.7355,1256.731,950.7355,950.7355,1256.731,T05_1
PAR_A01,27,Cecropia ficifolia,Urticaceae,219191.7359,9633238.463,O,11.2,False,8.26,11.16,20130425,,True,20180427,T05,,11.16,measured,0.2,site_median,0.0,,11.16,11.2,False,O,11.16,measured,11.2,11.16,0.266,24.0466,24.0466,10.8708,24.0466,24.0466,10.8708,T05_2
PAR_A01,28,Cecropia ficifolia,Urticaceae,219188.673,9633237.946,O,12.7,False,9.2,12.25,20130425,,True,20180427,T05,,12.25,measured,0.2,site_median,0.0,,12.25,12.7,False,O,12.25,measured,12.7,12.25,0.266,33.6594,33.6594,15.2165,33.6594,33.6594,15.2165,T05_2
PAR_A01,29,Cecropia ficifolia,Urticaceae,219208.4251,9633248.72,O,16.2,False,11.65,16.33,20130425,,True,20180427,T05,,16.33,measured,0.2,site_median,0.0,,16.33,16.2,False,O,16.33,measured,16.2,16.33,0.266,71.6652,71.6652,32.3979,71.6652,71.6652,32.3979,T05_2
PAR_A01,30,Cecropia ficifolia,Urticaceae,219209.3737,9633249.7,O,14.0,False,10.22,11.84,20130425,,True,20180427,T05,,11.84,measured,0.2,site_median,0.0,,11.84,14.0,False,O,11.84,measured,14.0,11.84,0.266,39.3816,39.3816,17.8034,39.3816,39.3816,17.8034,T05_2
PAR_A01,31,Cecropia ficifolia,Urticaceae,219209.5636,9633249.348,O,21.7,False,11.79,18.6,20130425,23,False,20180427,T05,18.79,18.6,measured,0.26,observed,0.0,23.0,18.6,21.7,False,O,18.6,measured,21.7,18.6,0.266,143.9709,143.9709,65.0854,143.9709,143.9709,65.0854,T05_2
PAR_A01,32,,,219224.7478,9633255.32,O,44.8,True,,21.64,20130425,,True,20180427,T05,,21.64,measured,0.2,site_median,0.0,,21.64,44.8,True,O,21.64,measured,44.8,21.64,0.599,687.0154,499.8687,499.8687,687.0154,499.8687,499.8687,T05_1
PAR_A01,33,Cecropia ficifolia,Urticaceae,219229.8337,9633260.635,O,14.5,False,12.69,16.36,20130425,,True,20180427,T05,,16.36,measured,0.2,site_median,0.0,,16.36,14.5,False,O,16.36,measured,14.5,16.36,0.266,57.8234,57.8234,26.1404,57.8234,57.8234,26.1404,T05_2
PAR_A01,34,Eschweilera parviflora,Lecythidaceae,219233.9163,9633265.284,O,45.6,False,13.77,23.53,20130425,"47,5",False,20180427,T05,,23.53,measured,0.2,site_median,0.0,,23.53,45.6,False,O,23.53,measured,45.6,23.53,0.918,771.7259,771.7259,1168.7507,771.7259,771.7259,1168.7507,T05_2
PAR_A01,35,Sloanea guianensis,Elaeocarpaceae,219240.9174,9633261.15,O,55.0,False,23.29,37.78,20130425,57,False,20180427,T05,31.19,37.78,measured,0.4,observed,0.0,57.0,37.78,55.0,False,O,37.78,measured,55.0,37.78,0.8212,1766.2669,1766.2669,2399.2907,1766.2669,1766.2669,2399.2907,T05_1
PAR_A01,36,Copaifera reticulata,Fabaceae,219241.8669,9633259.39,O,54.0,False,16.46,27.45,20130425,"57,2",False,20180427,T05,,27.45,measured,0.2,site_median,0.0,,27.45,54.0,False,O,27.45,measured,54.0,27.45,0.6075,1247.7013,1247.7013,1262.921,1247.7013,1247.7013,1262.921,T05_1
PAR_A01,37,Pouteria cladantha,Sapotaceae,219241.8996,9633271.968,O,38.0,False,14.33,24.66,20130425,"38,2",False,20180427,T05,,24.66,measured,0.2,site_median,0.0,,24.66,38.0,False,O,24.66,measured,38.0,24.66,0.9423,565.9571,565.9571,879.2888,565.9571,565.9571,879.2888,T05_1
PAR_A01,38,Lecythis lurida,Lecythidaceae,219259.1611,9633275.774,O,59.8,False,18.04,34.83,20130425,"62,2",False,20180427,T05,,34.83,measured,0.2,site_median,0.0,,34.83,59.8,False,O,34.83,measured,59.8,34.83,0.8633,1921.0028,1921.0028,2740.0759,1921.0028,1921.0028,2740.0759,T05_2
PAR_A01,39,,,219268.3197,9633281.964,O,13.0,True,,3.66,20130425,,True,20180427,T05,,3.66,measured,0.2,site_median,0.0,,3.66,13.0,True,O,3.66,measured,13.0,3.66,0.599,10.8352,9.8372,9.8372,10.8352,9.8372,9.8372,T05_2
PAR_A01,40,,,219272.9932,9633275.406,O,50.0,True,,5.94,20130425,,True,20180427,T05,,5.94,measured,0.2,site_median,0.0,,5.94,50.0,True,O,5.94,measured,50.0,5.94,0.599,241.027,216.2503,216.2503,241.027,216.2503,216.2503,T05_1
PAR_A01,41,Cordia scabrifolia,Boraginaceae,219278.4278,9633286.394,O,13.3,False,4.18,8.03,20130425,"15,8",False,20180427,T05,,8.03,measured,0.2,site_median,0.0,,8.03,13.3,False,O,8.03,measured,13.3,8.03,0.474,24.3905,24.3905,19.3778,24.3905,24.3905,19.3778,T05_2
PAR_A01,42,Lecythis idatimon,Lecythidaceae,219280.032,9633291.846,O,43.5,False,19.69,24.64,20130425,,True,20180427,T05,,24.64,measured,0.2,site_median,0.0,,24.64,43.5,False,O,24.64,measured,43.5,24.64,0.7986,736.2631,736.2631,973.2304,736.2631,736.2631,973.2304,T05_1
PAR_A01,43,,,219287.4801,9633282.25,O,42.5,True,,19.95,20130425,,True,20180427,T05,,19.95,measured,0.2,site_median,0.0,,19.95,42.5,True,O,19.95,measured,42.5,19.95,0.599,572.5589,420.9113,420.9113,572.5589,420.9113,420.9113,T05_1
PAR_A01,44,Cecropia ficifolia,Urticaceae,219283.1127,9633290.347,O,12.5,False,7.66,12.32,20130425,,True,20180427,T05,,12.32,measured,0.2,site_median,0.0,,12.32,12.5,False,O,12.32,measured,12.5,12.32,0.266,32.8144,32.8144,14.8345,32.8144,32.8144,14.8345,T05_2
PAR_A01,45,,,219293.7168,9633295.964,O,31.8,True,,11.24,20130425,,True,20180427,T05,,11.24,measured,0.2,site_median,0.0,,11.24,31.8,True,O,11.24,measured,31.8,11.24,0.599,185.672,147.3807,147.3807,185.672,147.3807,147.3807,T05_2
PAR_A01,46,Pseudopiptadenia suaveolens,Fabaceae,219317.9843,9633303.632,O,38.8,False,18.52,24.63,20130425,"40,8",False,20180427,T05,,24.63,measured,0.2,site_median,0.0,,24.63,38.8,False,O,24.63,measured,38.8,24.63,0.6797,588.7481,588.7481,664.9736,588.7481,588.7481,664.9736,T05_1
PAR_A01,47,Pouteria gongrijpii,Sapotaceae,219321.2664,9633312.292,O,38.5,False,12.67,25.58,20130425,"40,8",False,20180427,T05,,25.58,measured,0.2,site_median,0.0,,25.58,38.5,False,O,25.58,measured,38.5,25.58,0.7994,601.7152,601.7152,796.1834,601.7152,601.7152,796.1834,T05_2
PAR_A01,48,Cecropia ficifolia,Urticaceae,219327.9664,9633314.615,O,11.5,False,9.63,11.08,20130425,,True,20180427,T05,,11.08,measured,0.2,site_median,0.0,,11.08,11.5,False,O,11.08,measured,11.5,11.08,0.266,25.1428,25.1428,11.3664,25.1428,25.1428,11.3664,T05_2
PAR_A01,49,Cecropia ficifolia,Urticaceae,219330.8998,9633317.602,O,13.0,False,8.59,13.05,20130425,"13,8",False,20180427,T05,,13.05,measured,0.2,site_median,0.0,,13.05,13.0,False,O,13.05,measured,13.0,13.05,0.266,37.4726,37.4726,16.9404,37.4726,37.4726,16.9404,T05_2
PAR_A01,50,Cecropia ficifolia,Urticaceae,219333.0311,9633317.864,O,16.0,False,9.91,13.87,20130425,,True,20180427,T05,,13.87,measured,0.2,site_median,0.0,,13.87,16.0,False,O,13.87,measured,16.0,13.87,0.266,59.6444,59.6444,26.9636,59.6444,59.6444,26.9636,T05_2
PAR_A01,51,Cecropia ficifolia,Urticaceae,219333.2684,9633317.423,O,13.6,False,8.24,11.81,20130425,,True,20180427,T05,,11.81,measured,0.2,site_median,0.0,,11.81,13.6,False,O,11.81,measured,13.6,11.81,0.266,37.1231,37.1231,16.7824,37.1231,37.1231,16.7824,T05_2
PAR_A01,52,Cecropia ficifolia,Urticaceae,219333.3961,9633317.608,O,11.6,False,7.7,10.17,20130425,,True,20180427,T05,,10.17,measured,0.2,site_median,0.0,,10.17,11.6,False,O,10.17,measured,11.6,10.17,0.266,23.5195,23.5195,10.6325,23.5195,23.5195,10.6325,T05_2
PAR_A01,53,Cecropia ficifolia,Urticaceae,219350.9367,9633327.848,O,15.6,False,12.81,16.76,20130425,,True,20180427,T05,,16.76,measured,0.2,site_median,0.0,,16.76,15.6,False,O,16.76,measured,15.6,16.76,0.266,68.2859,68.2859,30.8703,68.2859,68.2859,30.8703,T05_2
PAR_A01,54,Cecropia ficifolia,Urticaceae,219353.4363,9633329.112,O,15.2,False,10.28,13.55,20130425,,True,20180427,T05,,13.55,measured,0.2,site_median,0.0,,13.55,15.2,False,O,13.55,measured,15.2,13.55,0.266,52.7463,52.7463,23.8452,52.7463,52.7463,23.8452,T05_2
PAR_A01,1,Cecropia ficifolia,Urticaceae,219026.6064,9632928.743,O,13.0,False,9.28,12.45,20130425,,True,20180427,T04,,12.45,measured,0.2,site_median,0.0,,12.45,13.0,False,O,12.45,measured,13.0,12.45,0.266,35.7901,35.7901,16.1798,35.7901,35.7901,16.1798,T04_2
PAR_A01,2,Cecropia ficifolia,Urticaceae,219030.2515,9632931.043,O,12.0,False,7.64,9.54,20130425,,True,20180427,T04,,9.54,measured,0.2,site_median,0.0,,9.54,12.0,False,O,9.54,measured,12.0,9.54,0.266,23.6081,23.6081,10.6726,23.6081,23.6081,10.6726,T04_2
PAR_A01,3,Cecropia ficifolia,Urticaceae,219042.6962,9632936.828,O,12.8,False,12.56,13.83,20130425,"16,8",False,20180427,T04,,13.83,measured,0.2,site_median,0.0,,13.83,12.8,False,O,13.83,measured,12.8,13.83,0.266,38.4749,38.4749,17.3935,38.4749,38.4749,17.3935,T04_2
PAR_A01,4,,,219046.1526,9632940.957,O,32.3,True,,9.67,20130425,,True,20180427,T04,,9.67,measured,0.2,site_median,0.0,,9.67,32.3,True,O,9.67,measured,32.3,9.67,0.599,165.2724,134.4446,134.4446,165.2724,134.4446,134.4446,T04_2
PAR_A01,5,Cecropia ficifolia,Urticaceae,219058.1096,9632946.593,O,14.5,False,10.11,14.25,20130425,,True,20180427,T04,,14.25,measured,0.2,site_median,0.0,,14.25,14.5,False,O,14.25,measured,14.5,14.25,0.266,50.5329,50.5329,22.8446,50.5329,50.5329,22.8446,T04_2
PAR_A01,6,Cecropia ficifolia,Urticaceae,219063.6582,9632949.577,O,12.7,False,10.73,14.12,20130425,,True,20180427,T04,,14.12,measured,0.2,site_median,0.0,,14.12,12.7,False,O,14.12,measured,12.7,14.12,0.266,38.6656,38.6656,17.4797,38.6656,38.6656,17.4797,T04_2
PAR_A01,7,Cecropia ficifolia,Urticaceae,219063.875,9632949.807,O,15.0,False,9.86,14.09,20130425,"18,2",False,20180427,T04,,14.09,measured,0.2,site_median,0.0,,14.09,15.0,False,O,14.09,measured,15.0,14.09,0.266,53.3984,53.3984,24.14,53.3984,53.3984,24.14,T04_2
PAR_A01,8,Cecropia ficifolia,Urticaceae,219068.8544,9632952.371,O,12.2,False,10.45,12.55,20130425,"12,6",False,20180427,T04,,12.55,measured,0.2,site_median,0.0,,12.55,12.2,False,O,12.55,measured,12.2,12.55,0.266,31.8648,31.8648,14.4052,31.8648,31.8648,14.4052,T04_2
PAR_A01,9,,,219081.7129,9632959.286,O,40.0,True,,11.84,20130425,,True,20180427,T04,,11.84,measured,0.2,site_median,0.0,,11.84,40.0,True,O,11.84,measured,40.0,11.84,0.599,305.6842,243.3219,243.3219,305.6842,243.3219,243.3219,T04_2
PAR_A01,10,Cecropia ficifolia,Urticaceae,219090.5675,9632963.935,O,10.0,False,7.83,14.33,20130425,,True,20180427,T04,,14.33,measured,0.2,site_median,0.0,,14.33,10.0,False,O,14.33,measured,10.0,14.33,0.266,24.6012,24.6012,11.1216,24.6012,24.6012,11.1216,T04_2
PAR_A01,11,Licania canescens,Chrysobalanaceae,219096.6245,9632967.873,O,53.8,False,17.26,29.98,20130425,,True,20180427,T04,,29.98,measured,0.2,site_median,0.0,,29.98,53.8,False,O,29.98,measured,53.8,29.98,0.88,1350.0049,1350.0049,1961.8908,1350.0049,1350.0049,1961.8908,T04_2
PAR_A01,12,Cecropia ficifolia,Urticaceae,219103.9071,9632971.222,O,13.5,False,4.04,5.04,20130425,,True,20180427,T04,,5.04,measured,0.2,site_median,0.0,,5.04,13.5,False,O,5.04,measured,13.5,5.04,0.266,15.9384,15.9384,7.2053,15.9384,15.9384,7.2053,T04_2
PAR_A01,13,Cecropia ficifolia,Urticaceae,219107.7615,9632972.5,O,10.6,False,8.71,11.1,20130425,,True,20180427,T04,,11.1,measured,0.2,site_median,0.0,,11.1,10.6,False,O,11.1,measured,10.6,11.1,0.266,21.4829,21.4829,9.7118,21.4829,21.4829,9.7118,T04_2
PAR_A01,14,,,219129.9698,9632985.465,O,11.6,True,,7.37,20130425,,True,20180427,T04,,7.37,measured,0.2,site_median,0.0,,7.37,11.6,True,O,7.37,measured,11.6,7.37,0.599,17.1764,13.8856,13.8856,17.1764,13.8856,13.8856,T04_2
PAR_A01,15,,,219143.4722,9632993.294,O,18.3,True,,4.13,20130425,,True,20180427,T04,,4.13,measured,0.2,site_median,0.0,,4.13,18.3,True,O,4.13,measured,18.3,4.13,0.599,23.7647,21.5183,21.5183,23.7647,21.5183,21.5183,T04_2
PAR_A01,16,Pouteria anibifolia,Sapotaceae,219148.3162,9632995.899,O,17.0,False,10.03,12.6,20130425,,True,20180427,T04,,12.6,measured,0.2,site_median,0.0,,12.6,17.0,False,O,12.6,measured,17.0,12.6,0.66,61.1306,61.1306,67.09,61.1306,61.1306,67.09,T04_2
PAR_A01,17,Cecropia ficifolia,Urticaceae,219152.3468,9632997.272,O,12.0,False,10.1,12.05,20130425,"14,1",False,20180427,T04,,12.05,measured,0.2,site_median,0.0,,12.05,12.0,False,O,12.05,measured,12.0,12.05,0.266,29.6528,29.6528,13.4052,29.6528,29.6528,13.4052,T04_2
PAR_A01,18,,,219152.7323,9632996.344,O,34.2,True,,30.0,20130425,,True,20180427,T04,,30.0,measured,0.2,site_median,0.0,,30.0,34.2,True,O,30.0,measured,34.2,30.0,0.599,557.8918,380.537,380.537,557.8918,380.537,380.537,T04_2
PAR_A01,19,Cecropia ficifolia,Urticaceae,219160.3813,9633000.911,O,12.8,False,10.67,13.12,20130425,,True,20180427,T04,,13.12,measured,0.2,site_median,0.0,,13.12,12.8,False,O,13.12,measured,12.8,13.12,0.266,36.5458,36.5458,16.5214,36.5458,36.5458,16.5214,T04_2
PAR_A01,20,Eschweilera grandifolia,Lecythidaceae,219162.6817,9633009.302,O,46.0,False,18.7,26.91,20130425,"49,5",False,20180427,T04,,26.91,measured,0.2,site_median,0.0,,26.91,46.0,False,O,26.91,measured,46.0,26.91,0.8314,894.8696,894.8696,1230.3082,894.8696,894.8696,1230.3082,T04_1
PAR_A01,21,Eschweilera parviflora,Lecythidaceae,219170.854,9633017.33,O,73.0,False,26.85,30.14,20130425,,True,20180427,T04,,30.14,measured,0.2,site_median,0.0,,30.14,73.0,False,O,30.14,measured,73.0,30.14,0.918,2462.1285,2462.1285,3728.804,2462.1285,2462.1285,3728.804,T04_1
PAR_A01,22,Eschweilera parviflora,Lecythidaceae,219179.0749,9633014.711,O,55.0,False,18.0,29.04,20130425,"56,4",False,20180427,T04,,29.04,measured,0.2,site_median,0.0,,29.04,55.0,False,O,29.04,measured,55.0,29.04,0.918,1366.26,1366.26,2069.151,1366.26,1366.26,2069.151,T04_1
PAR_A01,23,Cecropia ficifolia,Urticaceae,219189.2556,9633016.894,O,12.5,False,7.98,10.9,20130425,,True,20180427,T04,,10.9,measured,0.2,site_median,0.0,,10.9,12.5,False,O,10.9,measured,12.5,10.9,0.266,29.1177,29.1177,13.1633,29.1177,29.1177,13.1633,T04_2
PAR_A01,24,Cecropia ficifolia,Urticaceae,219189.3503,9633016.718,O,16.0,False,11.2,17.22,20130425,,True,20180427,T04,,17.22,measured,0.2,site_median,0.0,,17.22,16.0,False,O,17.22,measured,16.0,17.22,0.266,73.6667,73.6667,33.3028,73.6667,73.6667,33.3028,T04_2
PAR_A01,25,Cecropia ficifolia,Urticaceae,219189.7766,9633015.925,O,18.3,False,14.11,17.35,20130425,,True,20180427,T04,,17.35,measured,0.2,site_median,0.0,,17.35,18.3,False,O,17.35,measured,18.3,17.35,0.266,96.4543,96.4543,43.6044,96.4543,96.4543,43.6044,T04_2
PAR_A01,26,Cecropia ficifolia,Urticaceae,219208.2896,9633027.325,O,11.5,False,9.24,12.3,20130425,,True,20180427,T04,,12.3,measured,0.2,site_median,0.0,,12.3,11.5,False,O,12.3,measured,11.5,12.3,0.266,27.8413,27.8413,12.5863,27.8413,27.8413,12.5863,T04_2
PAR_A01,27,Tetragastris altissima,Burseraceae,219213.5594,9633022.998,O,52.0,False,24.05,31.08,20130425,,True,20180427,T04,,31.08,measured,0.2,site_median,0.0,,31.08,52.0,False,O,31.08,measured,52.0,31.08,0.7079,1308.4607,1308.4607,1537.5597,1308.4607,1308.4607,1537.5597,T04_1
PAR_A01,28,Eschweilera parviflora,Lecythidaceae,219210.2519,9633029.167,O,24.5,False,8.82,13.27,20130425,"24,0",True,20180427,T04,,13.27,measured,0.2,site_median,0.0,,13.27,24.5,False,O,13.27,measured,24.5,13.27,0.918,131.2305,131.2305,198.7439,131.2305,131.2305,198.7439,T04_2
PAR_A01,29,Pouteria anibifolia,Sapotaceae,219219.2067,9633033.84,O,40.0,False,16.79,28.05,20130425,"46,4",False,20180427,T04,,28.05,measured,0.2,site_median,0.0,,28.05,40.0,False,O,28.05,measured,40.0,28.05,0.66,709.356,709.356,778.5088,709.356,709.356,778.5088,T04_2
PAR_A01,30,Eschweilera coriacea,Lecythidaceae,219228.5898,9633042.37,O,54.3,False,21.01,32.0,20130425,"56,8",False,20180427,T04,,32.0,measured,0.2,site_median,0.0,,32.0,54.3,False,O,32.0,measured,54.3,32.0,0.8521,1464.9282,1464.9282,2062.9619,1464.9282,1464.9282,2062.9619,T04_1
PAR_A01,31,Lecythis idatimon,Lecythidaceae,219235.1257,9633040.761,O,26.5,False,14.99,21.15,20130425,"27,0",False,20180427,T04,,21.15,measured,0.2,site_median,0.0,,21.15,26.5,False,O,21.15,measured,26.5,21.15,0.7986,241.068,241.068,318.6561,241.068,241.068,318.6561,T04_1
PAR_A01,32,Inga marginata,Fabaceae,219238.8897,9633042.206,O,12.3,False,7.06,9.51,20130425,"14,6",False,20180427,T04,,9.51,measured,0.2,site_median,0.0,,9.51,12.3,False,O,9.51,measured,12.3,9.51,0.5518,24.6979,24.6979,22.7595,24.6979,24.6979,22.7595,T04_1
PAR_A01,33,,,219241.4254,9633039.592,O,67.5,True,,36.41,20130425,,True,20180427,T04,,36.41,measured,0.2,site_median,0.0,,36.41,67.5,True,O,36.41,measured,67.5,36.41,0.599,2541.049,1736.7829,1736.7829,2541.049,1736.7829,1736.7829,T04_1
PAR_A01,34,Inga marginata,Fabaceae,219246.8365,9633047.7,O,12.6,False,2.14,13.92,20130425,"23,6",False,20180427,T04,,13.92,measured,0.2,site_median,0.0,,13.92,12.6,False,O,13.92,measured,12.6,13.92,0.5518,37.5471,37.5471,34.6002,37.5471,37.5471,34.6002,T04_1
PAR_A01,35,Inga marginata,Fabaceae,219246.7893,9633047.788,O,12.3,False,6.86,13.73,20130425,"19,5",False,20180427,T04,,13.73,measured,0.2,site_median,0.0,,13.73,12.3,False,O,13.73,measured,12.3,13.73,0.5518,35.3445,35.3445,32.5706,35.3445,35.3445,32.5706,T04_1
PAR_A01,36,,,219250.717,9633049.774,O,22.6,True,,13.7,20130425,,True,20180427,T04,,13.7,measured,0.2,site_median,0.0,,13.7,22.6,True,O,13.7,measured,22.6,13.7,0.599,115.6431,87.5213,87.5213,115.6431,87.5213,87.5213,T04_1
PAR_A01,37,,,219252.8746,9633051.041,O,16.3,True,,7.53,20130425,,True,20180427,T04,,7.53,measured,0.2,site_median,0.0,,7.53,16.3,True,O,7.53,measured,16.3,7.53,0.599,34.0724,27.9031,27.9031,34.0724,27.9031,27.9031,T04_1
PAR_A01,38,Manilkara huberi,Sapotaceae,219255.3632,9633045.341,O,51.3,False,27.65,37.73,20130425,"53,3",False,20180427,T04,,37.73,measured,0.2,site_median,0.0,,37.73,51.3,False,O,37.73,measured,51.3,37.73,0.9214,1539.7709,1539.7709,2340.2659,1539.7709,1539.7709,2340.2659,T04_1
PAR_A01,39,Cecropia ficifolia,Urticaceae,219254.9503,9633052.037,O,11.5,False,9.4,12.49,20130425,"14,8",False,20180427,T04,,12.49,measured,0.2,site_median,0.0,,12.49,11.5,False,O,12.49,measured,11.5,12.49,0.266,28.261,28.261,12.7761,28.261,28.261,12.7761,T04_1
PAR_A01,40,,,219262.3241,9633052.463,O,37.0,True,,4.2,20130425,,True,20180427,T04,,4.2,measured,0.2,site_median,0.0,,4.2,37.0,True,O,4.2,measured,37.0,4.2,0.599,95.4733,89.1827,89.1827,95.4733,89.1827,89.1827,T04_1
PAR_A01,41,Parkia sp.,Fabaceae,219270.2866,9633058.986,O,11.0,False,9.17,13.93,20130425,"18,5",False,20180427,T04,,13.93,measured,0.2,site_median,0.0,,13.93,11.0,False,O,13.93,measured,11.0,13.93,0.4553,28.8241,28.8241,22.0191,28.8241,28.8241,22.0191,T04_1
PAR_A01,42,Parkia sp.,Fabaceae,219270.2866,9633058.986,O,10.5,False,9.27,14.09,20130425,"15,5",False,20180427,T04,,14.09,measured,0.2,site_median,0.0,,14.09,10.5,False,O,14.09,measured,10.5,14.09,0.4553,26.617,26.617,20.3331,26.617,26.617,20.3331,T04_1
PAR_A01,43,Helicostylis sp.,Moraceae,219279.4587,9633063.889,O,62.0,False,26.8,33.81,20130425,"63,0",False,20180427,T04,,33.81,measured,0.2,site_median,0.0,,33.81,62.0,False,O,33.81,measured,62.0,33.81,0.643,2002.43,2002.43,2142.3757,2002.43,2002.43,2142.3757,T04_1
PAR_A01,44,Tetragastris altissima,Burseraceae,219282.9234,9633068.008,O,35.0,False,11.48,17.02,20130425,"36,3",False,20180427,T04,,17.02,measured,0.2,site_median,0.0,,17.02,35.0,False,O,17.02,measured,35.0,17.02,0.7079,335.6588,335.6588,394.4295,335.6588,335.6588,394.4295,T04_1
PAR_A01,45,Manilkara amazonica,Sapotaceae,219296.7725,9633067.706,O,52.5,False,21.04,31.91,20130425,"53,5",False,20180427,T04,,31.91,measured,0.2,site_median,0.0,,31.91,52.5,False,O,31.91,measured,52.5,31.91,0.8854,1367.8681,1367.8681,1999.8528,1367.8681,1367.8681,1999.8528,T04_1
PAR_A01,46,,,219314.1055,9633083.561,O,10.8,True,,14.42,20130425,,True,20180427,T04,,14.42,measured,0.2,site_median,0.0,,14.42,10.8,True,O,14.42,measured,10.8,14.42,0.599,28.7643,20.8421,20.8421,28.7643,20.8421,20.8421,T04_1
PAR_A01,47,Cecropia ficifolia,Urticaceae,219314.6785,9633085.02,O,13.6,False,12.73,14.47,20130425,,True,20180427,T04,,14.47,measured,0.2,site_median,0.0,,14.47,13.6,False,O,14.47,measured,13.6,14.47,0.266,45.2633,45.2633,20.4623,45.2633,45.2633,20.4623,T04_1
PAR_A01,48,,,219320.9017,9633088.228,O,11.7,True,,13.11,20130425,,True,20180427,T04,,13.11,measured,0.2,site_median,0.0,,13.11,11.7,True,O,13.11,measured,11.7,13.11,0.599,30.6436,22.6272,22.6272,30.6436,22.6272,22.6272,T04_1
PAR_A01,49,Parkia sp.,Fabaceae,219331.0323,9633093.251,O,14.0,False,10.36,13.86,20130425,"23,5",False,20180427,T04,,13.86,measured,0.2,site_median,0.0,,13.86,14.0,False,O,13.86,measured,14.0,13.86,0.4553,45.9265,45.9265,35.0839,45.9265,45.9265,35.0839,T04_1
PAR_A01,50,Luehea sp.,Malvaceae,219331.645,9633092.333,O,62.0,False,26.25,41.01,20130425,64,False,20180427,T04,32.87,41.01,measured,0.4,observed,0.0,64.0,41.01,62.0,False,O,41.01,measured,62.0,41.01,0.5766,2417.6291,2417.6291,2325.4484,2417.6291,2417.6291,2325.4484,T04_1
PAR_A01,51,Dialium guianense,Fabaceae,219335.8944,9633092.053,O,43.4,False,17.83,24.79,20130425,"45,2",False,20180427,T04,,24.79,measured,0.2,site_median,0.0,,24.79,43.4,False,O,24.79,measured,43.4,24.79,0.8964,737.3175,737.3175,1090.9716,737.3175,737.3175,1090.9716,T04_1
PAR_A01,52,Eschweilera parviflora,Lecythidaceae,219337.0883,9633096.139,O,25.9,False,19.96,27.92,20130425,"26,4",False,20180427,T04,,27.92,measured,0.2,site_median,0.0,,27.92,25.9,False,O,27.92,measured,25.9,27.92,0.918,302.298,302.298,457.8193,302.298,302.298,457.8193,T04_1
PAR_A01,53,Tetragastris altissima,Burseraceae,219350.5057,9633105.376,O,54.0,False,7.33,12.55,20130425,"53,5",False,20180427,T04,,12.55,measured,0.2,site_median,0.0,,12.55,54.0,False,O,12.55,measured,54.0,12.55,0.7079,581.2589,581.2589,683.0317,581.2589,581.2589,683.0317,T04_1
PAR_A01,54,Dialium guianense,Fabaceae,219365.1805,9633116.907,O,41.2,False,14.28,26.4,20130425,"42,5",False,20180427,T04,,26.4,measured,0.2,site_median,0.0,,26.4,41.2,False,O,26.4,measured,41.2,26.4,0.8964,708.3134,708.3134,1048.0558,708.3134,708.3134,1048.0558,T04_1
PAR_A01,55,Parkia sp.,Fabaceae,219374.8414,9633118.816,O,19.0,False,11.3,18.83,20130425,"21,0",False,20180427,T04,,18.83,measured,0.2,site_median,0.0,,18.83,19.0,False,O,18.83,measured,19.0,18.83,0.4553,112.4195,112.4195,85.8788,112.4195,112.4195,85.8788,T04_1
PAR_A01,56,Parkia sp.,Fabaceae,219374.8414,9633118.816,O,18.0,False,11.3,18.83,20130425,"19,2",False,20180427,T04,,18.83,measured,0.2,site_median,0.0,,18.83,18.0,False,O,18.83,measured,18.0,18.83,0.4553,101.1595,101.1595,77.2771,101.1595,101.1595,77.2771,T04_1
PAR_A01,57,Cecropia ficifolia,Urticaceae,219381.5419,9633121.145,O,32.8,False,14.98,21.03,20130425,,True,20180427,T04,,21.03,measured,0.2,site_median,0.0,,21.03,32.8,False,O,21.03,measured,32.8,21.03,0.266,363.5277,363.5277,164.3412,363.5277,363.5277,164.3412,T04_1
PAR_A01,58,,,219392.3808,9633127.588,O,15.5,True,,7.87,20130425,,True,20180427,T04,,7.87,measured,0.2,site_median,0.0,,7.87,15.5,True,O,7.87,measured,15.5,7.87,0.599,32.2448,26.1595,26.1595,32.2448,26.1595,26.1595,T04_1
PAR_A01,59,Eschweilera parviflora,Lecythidaceae,219385.5843,9633117.894,O,52.7,False,19.72,30.34,20130425,"53,5",False,20180427,T04,,30.34,measured,0.2,site_median,0.0,,30.34,52.7,False,O,30.34,measured,52.7,30.34,0.918,1311.8441,1311.8441,1986.7401,1311.8441,1311.8441,1986.7401,T04_1
PAR_A01,60,Cecropia ficifolia,Urticaceae,219394.3225,9633128.203,O,11.4,False,10.96,14.79,20130425,,True,20180427,T04,,14.79,measured,0.2,site_median,0.0,,14.79,11.4,False,O,14.79,measured,11.4,14.79,0.266,32.7663,32.7663,14.8128,32.7663,32.7663,14.8128,T04_1
PAR_A01,61,Stryphnodendron pulcherrimum,Fabaceae,219429.5123,9633137.584,O,43.0,False,15.31,20.2,20130425,"47,8",False,20180427,T04,,20.2,measured,0.2,site_median,0.0,,20.2,43.0,False,O,20.2,measured,43.0,20.2,0.475,592.9445,592.9445,472.0537,592.9445,592.9445,472.0537,T04_1
PAR_A01,1,Cecropia ficifolia,Urticaceae,219122.8682,9632753.842,O,13.0,False,10.78,12.8,20130424,,True,20180427,T03,,12.8,measured,0.2,site_median,0.0,,12.8,13.0,False,O,12.8,measured,13.0,12.8,0.266,36.7718,36.7718,16.6236,36.7718,36.7718,16.6236,T03_2
PAR_A01,2,Nectandra cuspidata,Lauraceae,219123.1398,9632753.763,O,10.3,False,6.5,8.79,20130424,,True,20180427,T03,,8.79,measured,0.2,site_median,0.0,,8.79,10.3,False,O,8.79,measured,10.3,8.79,0.518,16.1753,16.1753,14.014,16.1753,16.1753,14.014,T03_2
PAR_A01,3,Nectandra cuspidata,Lauraceae,219123.6523,9632753.246,O,12.2,False,7.15,11.22,20130424,,True,20180427,T03,,11.22,measured,0.2,site_median,0.0,,11.22,12.2,False,O,11.22,measured,12.2,11.22,0.518,28.5646,28.5646,24.7479,28.5646,28.5646,24.7479,T03_2
PAR_A01,4,,,219126.807,9632754.981,O,22.0,True,,15.39,20130424,,True,20180427,T03,,15.39,measured,0.2,site_median,0.0,,15.39,22.0,True,O,15.39,measured,22.0,15.39,0.599,122.9178,91.2149,91.2149,122.9178,91.2149,91.2149,T03_2
PAR_A01,5,Cecropia ficifolia,Urticaceae,219125.8434,9632756.733,O,20.3,False,12.16,17.24,20130424,,True,20180427,T03,,17.24,measured,0.2,site_median,0.0,,17.24,20.3,False,O,17.24,measured,20.3,17.24,0.266,117.369,117.369,53.0594,117.369,117.369,53.0594,T03_2
PAR_A01,6,Jacaranda copaia,Bignoniaceae,219145.7,9632766.281,O,11.2,False,12.6,14.83,20130424,"13,7",False,20180427,T03,,14.83,measured,0.2,site_median,0.0,,14.83,11.2,False,O,14.83,measured,11.2,14.83,0.3507,31.7372,31.7372,18.7892,31.7372,31.7372,18.7892,T03_2
PAR_A01,7,Cecropia ficifolia,Urticaceae,219148.7276,9632767.831,O,10.6,False,9.19,13.64,20130424,,True,20180427,T03,,13.64,measured,0.2,site_median,0.0,,13.64,10.6,False,O,13.64,measured,10.6,13.64,0.266,26.2686,26.2686,11.8753,26.2686,26.2686,11.8753,T03_2
PAR_A01,8,Cecropia ficifolia,Urticaceae,219151.2032,9632769.763,O,11.7,False,9.08,12.77,20130424,,True,20180427,T03,,12.77,measured,0.2,site_median,0.0,,12.77,11.7,False,O,12.77,measured,11.7,12.77,0.266,29.8677,29.8677,13.5024,29.8677,29.8677,13.5024,T03_2
PAR_A01,9,Cecropia ficifolia,Urticaceae,219163.7866,9632775.312,O,13.0,False,10.58,14.14,20130424,,True,20180427,T03,,14.14,measured,0.2,site_median,0.0,,14.14,13.0,False,O,14.14,measured,13.0,14.14,0.266,40.5244,40.5244,18.32,40.5244,40.5244,18.32,T03_2
PAR_A01,10,Cecropia ficifolia,Urticaceae,219163.8742,9632775.36,O,10.8,False,6.62,9.7,20130424,,True,20180427,T03,,9.7,measured,0.2,site_median,0.0,,9.7,10.8,False,O,9.7,measured,10.8,9.7,0.266,19.5341,19.5341,8.8308,19.5341,19.5341,8.8308,T03_2
PAR_A01,11,Bocageopsis pleiosperma,Annonaceae,219164.4967,9632777.756,O,10.2,False,4.73,7.51,20130424,"11,6",False,20180427,T03,,7.51,measured,0.2,site_median,0.0,,7.51,10.2,False,O,7.51,measured,10.2,7.51,0.6402,13.6105,13.6105,14.4998,13.6105,13.6105,14.4998,T03_2
PAR_A01,12,,,219176.8172,9632783.16,O,37.7,True,,2.22,20130424,,True,20180427,T03,,2.22,measured,0.2,site_median,0.0,,2.22,37.7,True,O,2.22,measured,37.7,2.22,0.599,53.152,54.9615,54.9615,53.152,54.9615,54.9615,T03_2
PAR_A01,13,Tapirira guianensis,Anacardiaceae,219181.4354,9632786.384,O,12.0,False,5.96,10.4,20130424,"16,9",True,20180427,T03,,10.4,measured,0.2,site_median,0.0,,10.4,12.0,False,O,10.4,measured,12.0,10.4,0.457,25.6831,25.6831,19.6902,25.6831,25.6831,19.6902,T03_2
PAR_A01,14,NI,NI,219184.0161,9632787.917,O,11.8,False,4.62,7.4,20130424,"11,8",False,20180427,T03,,7.4,measured,0.2,site_median,0.0,,7.4,11.8,False,O,7.4,measured,11.8,7.4,0.599,17.8297,17.8297,17.8001,17.8297,17.8297,17.8001,T03_2
PAR_A01,15,NI,NI,219188.0967,9632799.176,O,72.0,False,25.92,39.91,20130424,,True,20180427,T03,,39.91,measured,0.2,site_median,0.0,,39.91,72.0,False,O,39.91,measured,72.0,39.91,0.599,3152.3141,3152.3141,3147.0769,3152.3141,3152.3141,3147.0769,T03_1
PAR_A01,16,Inga heterophylla,Fabaceae,219193.9444,9632792.691,O,14.8,False,5.62,9.37,20130424,15,False,20180427,T03,14.15,9.37,measured,0.04,observed,0.0,15.0,9.37,14.8,False,O,9.37,measured,14.8,9.37,0.56,34.9325,34.9325,32.6577,34.9325,34.9325,32.6577,T03_2
PAR_A01,17,Eschweilera parviflora,Lecythidaceae,219195.1579,9632792.559,O,14.1,False,6.92,11.44,20130424,14,False,20180427,T03,13.49,11.44,measured,0.0,observed,0.0,14.0,11.44,14.1,False,O,11.44,measured,14.1,11.44,0.918,38.6154,38.6154,58.4816,38.6154,38.6154,58.4816,T03_2
PAR_A01,18,Pouteria retinervis,Sapotaceae,219200.7138,9632796.983,O,17.8,False,12.23,17.05,20130424,"18,1",False,20180427,T03,,17.05,measured,0.2,site_median,0.0,,17.05,17.8,False,O,17.05,measured,17.8,17.05,0.7187,89.8346,89.8346,107.1458,89.8346,89.8346,107.1458,T03_2
PAR_A01,19,Manilkara huberi,Sapotaceae,219210.3049,9632802.37,O,25.3,False,8.13,19.57,20130424,"30,2",False,20180427,T03,,19.57,measured,0.2,site_median,0.0,,19.57,25.3,False,O,19.57,measured,25.3,19.57,0.9214,204.1477,204.1477,310.2799,204.1477,204.1477,310.2799,T03_2
PAR_A01,20,NI,NI,219210.4276,9632802.438,O,11.0,False,3.37,6.76,20130424,13,False,20180427,T03,12.81,6.76,measured,0.4,observed,0.0,13.0,6.76,11.0,False,O,6.76,measured,11.0,6.76,0.599,14.2327,14.2327,14.2091,14.2327,14.2327,14.2091,T03_2
PAR_A01,21,NI,NI,219216.189,9632804.122,O,12.6,False,8.44,14.96,20130424,"17,8",False,20180427,T03,,14.96,measured,0.2,site_median,0.0,,14.96,12.6,False,O,14.96,measured,12.6,14.96,0.599,40.2826,40.2826,40.2157,40.2826,40.2826,40.2157,T03_2
PAR_A01,22,NI,NI,219217.2409,9632806.982,O,14.8,False,8.52,12.66,20130424,"23,5",False,20180427,T03,,12.66,measured,0.2,site_median,0.0,,12.66,14.8,False,O,12.66,measured,14.8,12.66,0.599,46.8583,46.8583,46.7805,46.8583,46.8583,46.7805,T03_2
PAR_A01,23,Ocotea canaliculata,Lauraceae,219218.0952,9632806.882,O,15.3,False,7.45,13.17,20130424,"16,5",False,20180427,T03,,13.17,measured,0.2,site_median,0.0,,13.17,15.3,False,O,13.17,measured,15.3,13.17,0.4793,51.963,51.963,41.737,51.963,51.963,41.737,T03_2
PAR_A01,24,Pouteria macrophilla,Sapotaceae,219283.9709,9632844.811,O,36.5,False,17.66,25.41,20130424,,True,20180427,T03,,25.41,measured,0.2,site_median,0.0,,25.41,36.5,False,O,25.41,measured,36.5,25.41,0.7187,538.6925,538.6925,642.4991,538.6925,538.6925,642.4991,T03_1
PAR_A01,25,Chimarrhis turbinata,Rubiaceae,219296.4338,9632850.132,O,52.0,False,15.84,22.17,20130424,"66,5",False,20180427,T03,,22.17,measured,0.2,site_median,0.0,,22.17,52.0,False,O,22.17,measured,52.0,22.17,0.72,940.95,940.95,1124.21,940.95,940.95,1124.21,T03_2
PAR_A01,26,NI,NI,219303.8836,9632851.092,O,55.0,False,7.99,17.57,20130424,63,False,20180427,T03,32.64,17.57,measured,1.6,observed,0.0,63.0,17.57,55.0,False,O,17.57,measured,55.0,17.57,0.599,836.654,836.654,835.264,836.654,836.654,835.264,T03_2
PAR_A01,27,Eschweilera coriacea,Lecythidaceae,219302.1357,9632862.652,O,43.7,False,17.1,26.29,20130424,"44,5",False,20180427,T03,,26.29,measured,0.2,site_median,0.0,,26.29,43.7,False,O,26.29,measured,43.7,26.29,0.8521,791.4,791.4,1114.4766,791.4,791.4,1114.4766,T03_1
PAR_A01,28,Cordia scabrifolia,Boraginaceae,219314.1047,9632858.666,O,17.2,False,4.61,8.29,20130424,"18,2",False,20180427,T03,,8.29,measured,0.2,site_median,0.0,,8.29,17.2,False,O,8.29,measured,17.2,8.29,0.474,41.5644,41.5644,33.0222,41.5644,41.5644,33.0222,T03_2
PAR_A01,29,Eschweilera coriacea,Lecythidaceae,219313.6483,9632866.605,O,41.4,False,15.95,24.61,20130424,43,False,20180427,T03,27.1,24.61,measured,0.32,observed,0.0,43.0,24.61,41.4,False,O,24.61,measured,41.4,24.61,0.8521,667.683,667.683,940.254,667.683,667.683,940.254,T03_1
PAR_A01,30,,,219324.5329,9632865.443,O,25.0,True,,14.5,20130424,,True,20180427,T03,,14.5,measured,0.2,site_median,0.0,,14.5,25.0,True,O,14.5,measured,25.0,14.5,0.599,148.8452,112.186,112.186,148.8452,112.186,112.186,T03_2
PAR_A01,31,Parkia sp.,Fabaceae,219326.1306,9632864.602,O,11.0,False,4.8,7.87,20130424,"12,2",False,20180427,T03,,7.87,measured,0.2,site_median,0.0,,7.87,11.0,False,O,7.87,measured,11.0,7.87,0.4553,16.5094,16.5094,12.6117,16.5094,16.5094,12.6117,T03_1
PAR_A01,32,Licania canescens,Chrysobalanaceae,219326.7643,9632875.973,O,50.6,False,19.77,33.12,20130424,51,False,20180427,T03,29.57,33.12,measured,0.08,observed,0.0,51.0,33.12,50.6,False,O,33.12,measured,50.6,33.12,0.88,1319.9901,1319.9901,1918.2717,1319.9901,1319.9901,1918.2717,T03_1
PAR_A01,33,Lecythis idatimon,Lecythidaceae,219340.3477,9632871.95,O,14.2,False,10.51,13.71,20130424,17,False,20180427,T03,15.41,13.71,measured,0.56,observed,0.0,17.0,13.71,14.2,False,O,13.71,measured,14.2,13.71,0.7986,46.7171,46.7171,61.7531,46.7171,46.7171,61.7531,T03_1
PAR_A01,34,Cecropia ficifolia,Urticaceae,219379.923,9632894.399,O,10.6,False,9.04,12.19,20130424,,True,20180427,T03,,12.19,measured,0.2,site_median,0.0,,12.19,10.6,False,O,12.19,measured,10.6,12.19,0.266,23.5395,23.5395,10.6416,23.5395,23.5395,10.6416,T03_1
PAR_A01,35,Cecropia ficifolia,Urticaceae,219382.1897,9632895.672,O,13.7,False,10.85,16.45,20130424,"17,3",False,20180427,T03,,16.45,measured,0.2,site_median,0.0,,16.45,13.7,False,O,16.45,measured,13.7,16.45,0.266,52.0376,52.0376,23.5248,52.0376,52.0376,23.5248,T03_1
PAR_A01,36,,,219390.4224,9632899.38,O,35.6,True,,3.19,20130424,"35,5",True,20180427,T03,,3.19,measured,0.2,site_median,0.0,,3.19,35.6,True,O,3.19,measured,35.6,3.19,0.599,67.7003,65.9265,65.9265,67.7003,65.9265,65.9265,T03_1
PAR_A01,37,Cecropia ficifolia,Urticaceae,219394.0077,9632902.197,O,13.0,False,10.66,13.24,20130424,,True,20180427,T03,,13.24,measured,0.2,site_median,0.0,,13.24,13.0,False,O,13.24,measured,13.0,13.24,0.266,38.005,38.005,17.181,38.005,38.005,17.181,T03_1
PAR_A01,38,Cecropia ficifolia,Urticaceae,219394.8312,9632902.775,O,10.8,False,10.67,13.82,20130424,17,False,20180427,T03,15.41,13.82,measured,1.24,observed,0.0,17.0,13.82,10.8,False,O,13.82,measured,10.8,13.82,0.266,27.5956,27.5956,12.4752,27.5956,27.5956,12.4752,T03_1
PAR_A01,39,Eschweilera parviflora,Lecythidaceae,219398.2688,9632903.789,O,35.0,False,20.48,28.27,20130424,"36,5",False,20180427,T03,,28.27,measured,0.2,site_median,0.0,,28.27,35.0,False,O,28.27,measured,35.0,28.27,0.918,550.7766,550.7766,834.1311,550.7766,550.7766,834.1311,T03_1
PAR_A01,40,Pouteria anibifolia,Sapotaceae,219407.7652,9632911.418,O,40.0,False,21.48,28.94,20130424,"41,5",False,20180427,T03,,28.94,measured,0.2,site_median,0.0,,28.94,40.0,False,O,28.94,measured,40.0,28.94,0.66,731.3148,731.3148,802.6082,731.3148,731.3148,802.6082,T03_1
PAR_A01,41,Manilkara huberi,Sapotaceae,219407.9667,9632917.266,O,55.5,False,27.99,36.64,20130424,"56,5",False,20180427,T03,,36.64,measured,0.2,site_median,0.0,,36.64,55.5,False,O,36.64,measured,55.5,36.64,0.9214,1744.7818,1744.7818,2651.8578,1744.7818,1744.7818,2651.8578,T03_1
PAR_A01,42,Lecythis idatimon,Lecythidaceae,219416.482,9632915.283,O,24.4,False,17.14,24.55,20130424,"24,9",False,20180427,T03,,24.55,measured,0.2,site_median,0.0,,24.55,24.4,False,O,24.55,measured,24.4,24.55,0.7986,237.3208,237.3208,313.7029,237.3208,237.3208,313.7029,T03_1
PAR_A01,43,Pouteria sp.,Sapotaceae,219417.6505,9632920.413,O,53.0,False,26.73,33.08,20130424,53,True,20180427,T03,30.13,33.08,measured,0.0,observed,0.0,53.0,33.08,53.0,False,O,33.08,measured,53.0,33.08,0.7187,1443.2551,1443.2551,1721.3719,1443.2551,1443.2551,1721.3719,T03_1
PAR_A01,44,,,219444.9612,9632930.939,O,11.8,True,,9.94,20130424,,True,20180427,T03,,9.94,measured,0.2,site_median,0.0,,9.94,11.8,True,O,9.94,measured,11.8,9.94,0.599,23.7806,18.3521,18.3521,23.7806,18.3521,18.3521,T03_1
PAR_A01,45,NI,NI,219451.4474,9632931.601,O,50.2,False,21.1,31.05,20130424,,True,20180427,T03,,31.05,measured,0.2,site_median,0.0,,31.05,50.2,False,O,31.05,measured,50.2,31.05,0.599,1220.3558,1220.3558,1218.3283,1220.3558,1220.3558,1218.3283,T03_1
PAR_A01,46,,,219451.9077,9632935.53,O,20.5,True,,3.24,20130424,,True,20180427,T03,,3.24,measured,0.2,site_median,0.0,,3.24,20.5,True,O,3.24,measured,20.5,3.24,0.599,23.4043,22.1408,22.1408,23.4043,22.1408,22.1408,T03_1
PAR_A01,47,,,219454.4547,9632936.502,O,23.0,True,,17.45,20130424,,True,20180427,T03,,17.45,measured,0.2,site_median,0.0,,17.45,23.0,True,O,17.45,measured,23.0,17.45,0.599,151.5464,110.4851,110.4851,151.5464,110.4851,110.4851,T03_1
PAR_A01,48,Helicostylis sp.,Moraceae,219456.789,9632944.696,O,60.0,False,26.62,31.76,20130424,"63,8",False,20180427,T03,,31.76,measured,0.2,site_median,0.0,,31.76,60.0,False,O,31.76,measured,60.0,31.76,0.643,1767.0437,1767.0437,1890.5387,1767.0437,1767.0437,1890.5387,T03_1
PAR_A01,49,NI,NI,219466.0969,9632941.896,O,13.5,False,7.25,11.41,20130424,"17,2",False,20180427,T03,,11.41,measured,0.2,site_median,0.0,,11.41,13.5,False,O,11.41,measured,13.5,11.41,0.599,35.3821,35.3821,35.3233,35.3821,35.3821,35.3233,T03_1
PAR_A01,50,Eschweilera amazonica,Lecythidaceae,219480.2205,9632949.831,O,24.0,False,11.32,20.04,20130424,"26,4",False,20180427,T03,,20.04,measured,0.2,site_median,0.0,,20.04,24.0,False,O,20.04,measured,24.0,20.04,0.9,188.4887,188.4887,279.995,188.4887,188.4887,279.995,T03_1
PAR_A01,51,Couratari stellata,Lecythidaceae,219488.0472,9632961.11,O,64.0,False,17.16,25.23,20130424,65,False,20180427,T03,33.09,25.23,measured,0.2,observed,0.0,65.0,25.23,64.0,False,O,25.23,measured,64.0,25.23,0.6331,1601.0144,1601.0144,1687.2727,1601.0144,1601.0144,1687.2727,T03_1
PAR_A01,52,,,219498.7107,9632951.503,O,54.0,True,,17.58,20130424,54,True,20180427,T03,30.4,17.58,measured,0.0,observed,0.0,54.0,17.58,54.0,True,O,17.58,measured,54.0,17.58,0.599,807.6659,612.7346,612.7346,807.6659,612.7346,612.7346,T03_1
PAR_A01,53,Cecropia ficifolia,Urticaceae,219508.6045,9632966.696,O,10.5,False,8.17,12.07,20130424,"16,4",False,20180427,T03,,12.07,measured,0.2,site_median,0.0,,12.07,10.5,False,O,12.07,measured,10.5,12.07,0.266,22.8859,22.8859,10.3461,22.8859,22.8859,10.3461,T03_1
PAR_A01,54,,,219511.617,9632968.274,O,15.0,True,,4.28,20130424,,True,20180427,T03,,4.28,measured,0.2,site_median,0.0,,4.28,15.0,True,O,4.28,measured,15.0,4.28,0.599,16.6909,14.8855,14.8855,16.6909,14.8855,14.8855,T03_1
PAR_A01,55,Eschweilera ovata,Lecythidaceae,219516.2578,9632971.454,O,12.0,False,8.45,13.96,20130424,"12,2",False,20180427,T03,,13.96,measured,0.2,site_median,0.0,,13.96,12.0,False,O,13.96,measured,12.0,13.96,0.9,34.2319,34.2319,50.8506,34.2319,34.2319,50.8506,T03_1
PAR_A01,56,Mouriri collocarpa,Melastomataceae,219516.4322,9632971.552,O,20.0,False,10.3,15.74,20130424,20,False,20180427,T03,17.17,15.74,measured,0.0,observed,0.0,20.0,15.74,20.0,False,O,15.74,measured,20.0,15.74,0.8333,104.3153,104.3153,143.7445,104.3153,104.3153,143.7445,T03_1
PAR_A01,57,Tachigali myrmecophila,Fabaceae,219522.2696,9632979.191,O,47.0,False,21.83,29.98,20130424,"47,8",False,20180427,T03,,29.98,measured,0.2,site_median,0.0,,29.98,47.0,False,O,29.98,measured,47.0,29.98,0.476,1037.011,1037.011,827.2793,1037.011,1037.011,827.2793,T03_1
PAR_A01,58,,,219528.949,9632979.502,O,11.7,True,,4.82,20130424,,True,20180427,T03,,4.82,measured,0.2,site_median,0.0,,4.82,11.7,True,O,4.82,measured,11.7,4.82,0.599,11.5402,9.9808,9.9808,11.5402,9.9808,9.9808,T03_1
PAR_A01,59,Stryphnodendron paniculatum,Fabaceae,219533.6971,9632983.317,O,41.0,False,17.2,25.03,20130424,"43,5",False,20180427,T03,,25.03,measured,0.2,site_median,0.0,,25.03,41.0,False,O,25.03,measured,41.0,25.03,0.6535,666.0588,666.0588,723.9635,666.0588,666.0588,723.9635,T03_1
PAR_A01,1,,,219217.2327,9632590.289,O,49.5,True,,27.2,20130423,,True,20180426,T02,,27.2,measured,0.2,site_median,0.0,,27.2,49.5,True,O,27.2,measured,49.5,27.2,0.599,1043.4443,735.7787,735.7787,1043.4443,735.7787,735.7787,T02_1
PAR_A01,2,Cecropia palmata,Urticaceae,219220.4086,9632588.582,O,12.2,False,10.67,13.36,20130423,"13,8",False,20180426,T02,,13.36,measured,0.2,site_median,0.0,,13.36,12.2,False,O,13.36,measured,12.2,13.36,0.3404,33.8705,33.8705,19.4779,33.8705,33.8705,19.4779,T02_2
PAR_A01,3,,,219283.8335,9632626.913,O,43.0,True,,31.37,20130423,,True,20180426,T02,,31.37,measured,0.2,site_median,0.0,,31.37,43.0,True,O,31.37,measured,43.0,31.37,0.599,911.1488,623.9435,623.9435,911.1488,623.9435,623.9435,T02_1
PAR_A01,4,Cecropia ficifolia,Urticaceae,219288.7274,9632626.235,O,45.0,False,9.25,12.79,20130423,"13,3",False,20180426,T02,,12.79,measured,0.2,site_median,0.0,,12.79,45.0,False,O,12.79,measured,45.0,12.79,0.266,414.7985,414.7985,187.5193,414.7985,414.7985,187.5193,T02_2
PAR_A01,5,,,219330.7229,9632647.368,O,10.3,True,,4.42,20130423,,True,20180426,T02,,4.42,measured,0.2,site_median,0.0,,4.42,10.3,True,O,4.42,measured,10.3,4.42,0.599,8.269,7.2059,7.2059,8.269,7.2059,7.2059,T02_2
PAR_A01,6,,,219330.5237,9632649.868,O,39.0,True,,27.68,20130423,39,True,20180426,T02,25.71,27.68,measured,0.0,observed,0.0,39.0,27.68,39.0,True,O,27.68,measured,39.0,27.68,0.599,666.4582,463.3195,463.3195,666.4582,463.3195,463.3195,T02_2
PAR_A01,7,Cecropia palmata,Urticaceae,219356.681,9632662.447,O,16.4,False,11.98,15.13,20130423,"16,4",True,20180426,T02,,15.13,measured,0.2,site_median,0.0,,15.13,16.4,False,O,15.13,measured,16.4,15.13,0.3404,68.1332,68.1332,39.1813,68.1332,68.1332,39.1813,T02_2
PAR_A01,8,,,219357.4694,9632663.094,O,29.0,True,,22.9,20130423,29,True,20180426,T02,21.68,22.9,measured,0.0,observed,0.0,29.0,22.9,29.0,True,O,22.9,measured,29.0,22.9,0.599,310.6426,219.3819,219.3819,310.6426,219.3819,219.3819,T02_2
PAR_A01,9,Inga marginata,Fabaceae,219364.7234,9632666.28,O,10.3,False,6.49,10.71,20130423,"18,2",False,20180426,T02,,10.71,measured,0.2,site_median,0.0,,10.71,10.3,False,O,10.71,measured,10.3,10.71,0.5518,19.6152,19.6152,18.0758,19.6152,19.6152,18.0758,T02_2
PAR_A01,10,Peltogyne leicointei,Fabaceae,219370.494,9632666.295,O,62.0,False,18.55,29.17,20130423,"71,5",False,20180426,T02,,29.17,measured,0.2,site_median,0.0,,29.17,62.0,False,O,29.17,measured,62.0,29.17,0.7926,1733.753,1733.753,2275.0535,1733.753,1733.753,2275.0535,T02_1
PAR_A01,11,Tachigali paniculata,Fabaceae,219414.4178,9632694.825,O,72.4,False,21.05,26.0,20130423,76,False,20180426,T02,35.31,26.0,measured,0.72,observed,0.0,76.0,26.0,72.4,False,O,26.0,measured,72.4,26.0,0.5545,2097.4149,2097.4149,1942.0332,2097.4149,2097.4149,1942.0332,T02_1
PAR_A01,12,,,219391.0426,9632681.305,O,12.0,True,2.8,2.59,20130423,,True,20180426,T02,,2.59,measured,0.2,site_median,0.0,,2.59,12.0,True,O,2.59,measured,12.0,2.59,0.599,6.6131,6.3169,6.3169,6.6131,6.3169,6.3169,T02_2
PAR_A01,13,Lecythis idatimon,Lecythidaceae,219444.0358,9632710.657,O,19.5,False,7.7,11.26,20130423,"19,9",False,20180426,T02,,11.26,measured,0.2,site_median,0.0,,11.26,19.5,False,O,11.26,measured,19.5,11.26,0.7986,71.5995,71.5995,94.6438,71.5995,71.5995,94.6438,T02_1
PAR_A01,14,Cecropia ficifolia,Urticaceae,219445.1772,9632713.616,O,16.8,False,8.04,15.2,20130423,"16,8",True,20180426,T02,,15.2,measured,0.2,site_median,0.0,,15.2,16.8,False,O,15.2,measured,16.8,15.2,0.266,71.7371,71.7371,32.4304,71.7371,71.7371,32.4304,T02_1
PAR_A01,15,,,219443.6202,9632720.788,O,40.0,True,,13.05,20130423,40,True,20180426,T02,26.07,13.05,measured,0.0,observed,0.0,40.0,13.05,40.0,True,O,13.05,measured,40.0,13.05,0.599,336.138,263.4807,263.4807,336.138,263.4807,263.4807,T02_1
PAR_A01,16,Neea oppositifolia,Nyctaginaceae,219455.2839,9632718.029,O,14.0,False,6.56,11.51,20130423,"15,4",False,20180426,T02,,11.51,measured,0.2,site_median,0.0,,11.51,14.0,False,O,11.51,measured,14.0,11.51,0.893,38.31,38.31,56.4765,38.31,38.31,56.4765,T02_1
PAR_A01,17,Cecropia palmata,Urticaceae,219455.2123,9632718.16,O,15.5,False,3.09,4.73,20130423,,True,20180426,T02,,4.73,measured,0.2,site_median,0.0,,4.73,15.5,False,O,4.73,measured,15.5,4.73,0.3404,19.6179,19.6179,11.2817,19.6179,19.6179,11.2817,T02_1
PAR_A01,18,Cecropia palmata,Urticaceae,219457.473,9632718.176,O,10.0,False,9.49,10.33,20130423,,True,20180426,T02,,10.33,measured,0.2,site_median,0.0,,10.33,10.0,False,O,10.33,measured,10.0,10.33,0.3404,17.874,17.874,10.2788,17.874,17.874,10.2788,T02_1
PAR_A01,19,Cecropia palmata,Urticaceae,219458.314,9632720.835,O,11.5,False,8.73,11.59,20130423,,True,20180426,T02,,11.59,measured,0.2,site_median,0.0,,11.59,11.5,False,O,11.59,measured,11.5,11.59,0.3404,26.2717,26.2717,15.1081,26.2717,26.2717,15.1081,T02_1
PAR_A01,20,,,219465.4638,9632724.424,O,13.7,True,,7.84,20130423,,True,20180426,T02,,7.84,measured,0.2,site_median,0.0,,7.84,13.7,True,O,7.84,measured,13.7,7.84,0.599,25.2459,20.3728,20.3728,25.2459,20.3728,20.3728,T02_1
PAR_A01,21,Cecropia ficifolia,Urticaceae,219466.6256,9632725.007,O,15.3,False,9.8,13.52,20130423,"17,5",False,20180426,T02,,13.52,measured,0.2,site_median,0.0,,13.52,15.3,False,O,13.52,measured,15.3,13.52,0.266,53.3104,53.3104,24.1002,53.3104,53.3104,24.1002,T02_1
PAR_A01,22,Cecropia ficifolia,Urticaceae,219468.6182,9632724.889,O,16.5,False,7.35,12.1,20130423,"18,0",False,20180426,T02,,12.1,measured,0.2,site_median,0.0,,12.1,16.5,False,O,12.1,measured,16.5,12.1,0.266,55.4355,55.4355,25.0609,55.4355,55.4355,25.0609,T02_1
PAR_A01,23,Duguetia stelechantha,Annonaceae,219508.9776,9632744.813,O,13.2,False,5.72,6.02,20130423,"14,8",False,20180426,T02,,6.02,measured,0.2,site_median,0.0,,6.02,13.2,False,O,6.02,measured,13.2,6.02,0.849,18.1429,18.1429,25.4592,18.1429,18.1429,25.4592,T02_1
PAR_A01,24,Lecythis idatimon,Lecythidaceae,219522.9769,9632758.887,O,45.7,False,16.45,26.15,20130423,"50,5",False,20180426,T02,,26.15,measured,0.2,site_median,0.0,,26.15,45.7,False,O,26.15,measured,45.7,26.15,0.7986,859.151,859.151,1135.6699,859.151,859.151,1135.6699,T02_1
PAR_A01,25,Licania canescens,Chrysobalanaceae,219527.4982,9632758.919,O,36.4,False,17.92,24.21,20130423,"37,0",False,20180426,T02,,24.21,measured,0.2,site_median,0.0,,24.21,36.4,False,O,24.21,measured,36.4,24.21,0.88,511.1043,511.1043,742.7608,511.1043,511.1043,742.7608,T02_1
PAR_A01,26,Stryphnodendron paniculatum,Fabaceae,219535.6946,9632758.448,O,30.5,False,15.14,23.29,20130423,35,False,20180426,T02,24.21,23.29,measured,0.9,observed,0.0,35.0,23.29,30.5,False,O,23.29,measured,30.5,23.29,0.6535,348.4748,348.4748,378.7699,348.4748,348.4748,378.7699,T02_1
PAR_A01,27,Enterolobium schomburgkii,Fabaceae,219534.5953,9632764.719,O,46.5,False,17.57,27.77,20130423,53,False,20180426,T02,30.13,27.77,measured,1.3,observed,0.0,53.0,27.77,46.5,False,O,27.77,measured,46.5,27.77,0.6989,942.4513,942.4513,1093.8115,942.4513,942.4513,1093.8115,T02_1
PAR_A01,28,Couratari stellata,Lecythidaceae,219540.1159,9632760.779,O,35.3,False,14.11,19.85,20130423,"37,2",False,20180426,T02,,19.85,measured,0.2,site_median,0.0,,19.85,35.3,False,O,19.85,measured,35.3,19.85,0.6331,396.5803,396.5803,417.947,396.5803,396.5803,417.947,T02_1
PAR_A01,29,NI,NI,219545.8883,9632763.341,O,15.3,False,12.32,15.81,20130423,"15,3",False,20180426,T02,,15.81,measured,0.2,site_median,0.0,,15.81,15.3,False,O,15.81,measured,15.3,15.81,0.599,62.1063,62.1063,62.0031,62.1063,62.1063,62.0031,T02_1
PAR_A01,30,Eschweilera coriacea,Lecythidaceae,219549.1744,9632760.181,O,68.0,False,16.65,28.49,20130423,72,False,20180426,T02,34.55,28.49,measured,0.8,observed,0.0,72.0,28.49,68.0,False,O,28.49,measured,68.0,28.49,0.8521,2029.0741,2029.0741,2857.4116,2029.0741,2029.0741,2857.4116,T02_1
PAR_A01,31,Inga marginata,Fabaceae,219549.0003,9632767.476,O,41.8,False,12.98,19.95,20130423,"41,8",False,20180426,T02,,19.95,measured,0.2,site_median,0.0,,19.95,41.8,False,O,19.95,measured,41.8,19.95,0.5518,554.2951,554.2951,510.7923,554.2951,554.2951,510.7923,T02_1
PAR_A01,32,Inga marginata,Fabaceae,219559.8724,9632770.472,O,16.0,False,12.98,19.83,20130423,"20,0",False,20180426,T02,,19.83,measured,0.2,site_median,0.0,,19.83,16.0,False,O,19.83,measured,16.0,19.83,0.5518,84.5454,84.5454,77.91,84.5454,84.5454,77.91,T02_1
PAR_A01,33,Inga marginata,Fabaceae,219587.1154,9632781.016,O,47.3,False,15.0,24.51,20130423,"50,3",False,20180426,T02,,24.51,measured,0.2,site_median,0.0,,24.51,47.3,False,O,24.51,measured,47.3,24.51,0.5518,862.5588,862.5588,794.8625,862.5588,862.5588,794.8625,T02_1
PAR_A01,34,Neea oppositifolia,Nyctaginaceae,219595.9161,9632783.644,O,42.2,False,17.8,25.23,20130423,"44,6",False,20180426,T02,,25.23,measured,0.2,site_median,0.0,,25.23,42.2,False,O,25.23,measured,42.2,25.23,0.893,710.1365,710.1365,1046.8808,710.1365,710.1365,1046.8808,T02_1
PAR_A01,35,NI,NI,219607.2396,9632794.249,O,29.6,False,11.08,21.75,20130423,32,False,20180426,T02,22.99,21.75,measured,0.48,observed,0.0,32.0,21.75,29.6,False,O,21.75,measured,29.6,21.75,0.599,307.4556,307.4556,306.9448,307.4556,307.4556,306.9448,T02_2
PAR_A01,36,Pseudopiptadenia suaveolens,Fabaceae,219611.4978,9632797.729,O,12.0,False,9.1,16.59,20130423,"13,1",False,20180426,T02,,16.59,measured,0.2,site_median,0.0,,16.59,12.0,False,O,16.59,measured,12.0,16.59,0.6797,40.5128,40.5128,45.758,40.5128,40.5128,45.758,T02_1
PAR_A01,37,Trattinnickia burseraefolia,Burseraceae,219613.3746,9632798.671,O,11.0,False,11.52,14.26,20130423,"11,6",False,20180426,T02,,14.26,measured,0.2,site_median,0.0,,14.26,11.0,False,O,14.26,measured,11.0,14.26,0.4589,29.4903,29.4903,22.7005,29.4903,29.4903,22.7005,T02_1
PAR_A01,38,Zygia racemosa,Fabaceae,219618.8316,9632801.187,O,13.7,False,7.42,14.57,20130423,"14,6",False,20180426,T02,,14.57,measured,0.2,site_median,0.0,,14.57,13.7,False,O,14.57,measured,13.7,14.57,0.748,46.2249,46.2249,57.3229,46.2249,46.2249,57.3229,T02_1
PAR_A01,39,Pouteria gongrijpii,Sapotaceae,219620.535,9632801.818,O,16.0,False,7.58,16.09,20130423,"17,1",False,20180426,T02,,16.09,measured,0.2,site_median,0.0,,16.09,16.0,False,O,16.09,measured,16.0,16.09,0.7994,68.9448,68.9448,91.2271,68.9448,68.9448,91.2271,T02_1
PAR_A01,40,Inga marginata,Fabaceae,219621.0555,9632800.849,O,15.6,False,11.43,15.8,20130423,"17,8",False,20180426,T02,,15.8,measured,0.2,site_median,0.0,,15.8,15.6,False,O,15.8,measured,15.6,15.8,0.5518,64.4658,64.4658,59.4063,64.4658,64.4658,59.4063,T02_2
PAR_A01,41,,,219621.1296,9632795.853,O,38.4,True,,10.52,20130423,"38,4",True,20180426,T02,,10.52,measured,0.2,site_median,0.0,,10.52,38.4,True,O,10.52,measured,38.4,10.52,0.599,251.5143,203.578,203.578,251.5143,203.578,203.578,T02_1
PAR_A01,42,NI,NI,219632.6424,9632806.106,O,15.9,False,7.4,9.96,20130423,17,False,20180426,T02,15.41,9.96,measured,0.22,observed,0.0,17.0,9.96,15.9,False,O,9.96,measured,15.9,9.96,0.599,42.647,42.647,42.5762,42.647,42.647,42.5762,T02_2
PAR_A01,1,,,219295.6522,9632409.973,O,20.2,True,,6.59,20130423,,True,20180426,T01,,6.59,measured,0.2,site_median,0.0,,6.59,20.2,True,O,6.59,measured,20.2,6.59,0.599,45.4714,38.4247,38.4247,45.4714,38.4247,38.4247,T01_2
PAR_A01,2,Vismia guianensis,Clusiaceae,219298.6437,9632411.177,O,16.8,False,2.27,3.81,20130423,"17,2",False,20180426,T01,,3.81,measured,0.2,site_median,0.0,,3.81,16.8,False,O,3.81,measured,16.8,3.81,0.475,18.5886,18.5886,14.7987,18.5886,18.5886,14.7987,T01_2
PAR_A01,3,Bowdichia nitida,Fabaceae,219300.3239,9632415.771,O,40.2,False,19.48,30.26,20130423,"42,4",False,20180426,T01,,30.26,measured,0.2,site_median,0.0,,30.26,40.2,False,O,30.26,measured,40.2,30.26,0.8033,771.3261,771.3261,1025.5118,771.3261,771.3261,1025.5118,T01_1
PAR_A01,4,Sacoglottis guianensis,Humiriaceae,219303.1019,9632411.595,O,40.5,False,17.21,30.35,20130423,"47,4",False,20180426,T01,,30.35,measured,0.2,site_median,0.0,,30.35,40.5,False,O,30.35,measured,40.5,30.35,0.8359,784.8737,784.8737,1084.7385,784.8737,784.8737,1084.7385,T01_1
PAR_A01,5,,,219305.1803,9632415.267,O,13.0,True,,7.86,20130423,,True,20180426,T01,,7.86,measured,0.2,site_median,0.0,,7.86,13.0,True,O,7.86,measured,13.0,7.86,0.599,22.846,18.3824,18.3824,22.846,18.3824,18.3824,T01_2
PAR_A01,6,Trattinnickia burseraefolia,Burseraceae,219340.4375,9632430.051,O,35.8,False,8.78,12.86,20130423,"35,8",False,20180426,T01,,12.86,measured,0.2,site_median,0.0,,12.86,35.8,False,O,12.86,measured,35.8,12.86,0.4589,266.8453,266.8453,205.4073,266.8453,266.8453,205.4073,T01_1
PAR_A01,7,Trattinnickia burseraefolia,Burseraceae,219343.934,9632431.993,O,68.7,False,13.99,25.14,20130423,"71,7",False,20180426,T01,,25.14,measured,0.2,site_median,0.0,,25.14,68.7,False,O,25.14,measured,68.7,25.14,0.4589,1832.1319,1832.1319,1410.3051,1832.1319,1832.1319,1410.3051,T01_1
PAR_A01,8,Sacoglottis guianensis,Humiriaceae,219351.7041,9632438.599,O,45.8,False,13.93,23.46,20130423,"48,7",False,20180426,T01,,23.46,measured,0.2,site_median,0.0,,23.46,45.8,False,O,23.46,measured,45.8,23.46,0.8359,776.0867,776.0867,1072.5944,776.0867,776.0867,1072.5944,T01_2
PAR_A01,9,,,219363.5532,9632454.334,O,38.7,True,,7.26,20130423,,True,20180426,T01,,7.26,measured,0.2,site_median,0.0,,7.26,38.7,True,O,7.26,measured,38.7,7.26,0.599,177.8061,152.6608,152.6608,177.8061,152.6608,152.6608,T01_1
PAR_A01,10,Licania canescens,Chrysobalanaceae,219373.5089,9632452.887,O,11.7,False,9.68,12.7,20130423,,True,20180426,T01,,12.7,measured,0.2,site_median,0.0,,12.7,11.7,False,O,12.7,measured,11.7,12.7,0.88,29.7079,29.7079,43.1729,29.7079,29.7079,43.1729,T01_2
PAR_A01,11,Dialium guianense,Fabaceae,219376.6657,9632451.323,O,48.2,False,18.4,33.2,20130423,49,False,20180426,T01,28.99,33.2,measured,0.16,observed,0.0,49.0,33.2,48.2,False,O,33.2,measured,48.2,33.2,0.8964,1203.3703,1203.3703,1780.5664,1203.3703,1203.3703,1780.5664,T01_1
PAR_A01,12,Pouteria gongrijpii,Sapotaceae,219377.2486,9632448.215,O,36.0,False,20.69,29.47,20130423,"37,2",False,20180426,T01,,29.47,measured,0.2,site_median,0.0,,29.47,36.0,False,O,29.47,measured,36.0,29.47,0.7994,606.0078,606.0078,801.8634,606.0078,606.0078,801.8634,T01_1
PAR_A01,13,NI,NI,219375.8885,9632454.781,O,26.7,False,10.05,16.21,20130423,"28,3",False,20180426,T01,,16.21,measured,0.2,site_median,0.0,,16.21,26.7,False,O,16.21,measured,26.7,16.21,0.599,188.6943,188.6943,188.3809,188.6943,188.6943,188.3809,T01_2
PAR_A01,14,Hymenaea parviflora,Fabaceae,219388.6124,9632454.529,O,39.2,False,17.7,24.52,20130423,"43,5",False,20180426,T01,,24.52,measured,0.2,site_median,0.0,,24.52,39.2,False,O,24.52,measured,39.2,24.52,0.7935,598.0356,598.0356,785.6017,598.0356,598.0356,785.6017,T01_1
PAR_A01,15,Minquartia guianensis,Olacaceae,219393.9541,9632465.505,O,10.0,False,5.79,11.02,20130423,"10,5",False,20180426,T01,,11.02,measured,0.2,site_median,0.0,,11.02,10.0,False,O,11.02,measured,10.0,11.02,0.7867,19.0384,19.0384,24.8011,19.0384,19.0384,24.8011,T01_2
PAR_A01,16,Pouteria gongrijpii,Sapotaceae,219399.1989,9632468.419,O,38.0,False,18.26,23.24,20130423,"40,4",False,20180426,T01,,23.24,measured,0.2,site_median,0.0,,23.24,38.0,False,O,23.24,measured,38.0,23.24,0.7994,534.1272,534.1272,706.7518,534.1272,534.1272,706.7518,T01_2
PAR_A01,17,Inga sp.,Fabaceae,219406.192,9632472.304,O,11.2,False,8.23,10.72,20130423,,True,20180426,T01,,10.72,measured,0.2,site_median,0.0,,10.72,11.2,False,O,10.72,measured,11.2,10.72,0.5786,23.1209,23.1209,22.3142,23.1209,23.1209,22.3142,T01_2
PAR_A01,18,Inga sp.,Fabaceae,219411.874,9632474.431,O,10.0,False,10.57,13.24,20130423,,True,20180426,T01,,13.24,measured,0.2,site_median,0.0,,13.24,10.0,False,O,13.24,measured,10.0,13.24,0.5786,22.7732,22.7732,21.9786,22.7732,22.7732,21.9786,T01_2
PAR_A01,19,Chimarrhis turbinata,Rubiaceae,219414.9821,9632475.014,O,23.7,False,7.58,14.31,20130423,"26,5",False,20180426,T01,,14.31,measured,0.2,site_median,0.0,,14.31,23.7,False,O,14.31,measured,23.7,14.31,0.72,132.3957,132.3957,158.1811,132.3957,132.3957,158.1811,T01_2
PAR_A01,20,Diplotropis sp.,Fabaceae,219415.5355,9632479.783,O,58.8,False,31.31,39.16,20130423,"59,3",False,20180426,T01,,39.16,measured,0.2,site_median,0.0,,39.16,58.8,False,O,39.16,measured,58.8,39.16,0.7378,2084.0095,2084.0095,2549.7844,2084.0095,2084.0095,2549.7844,T01_1
PAR_A01,21,,,219420.4695,9632483.669,O,72.0,True,,5.28,20130423,,True,20180426,T01,,5.28,measured,0.2,site_median,0.0,,5.28,72.0,True,O,5.28,measured,72.0,5.28,0.599,437.7886,407.2293,407.2293,437.7886,407.2293,407.2293,T01_1
PAR_A01,22,NI,NI,219430.7652,9632483.669,O,15.7,False,12.84,17.66,20130423,"21,5",False,20180426,T01,,17.66,measured,0.2,site_median,0.0,,17.66,15.7,False,O,17.66,measured,15.7,17.66,0.599,72.7645,72.7645,72.6436,72.7645,72.7645,72.6436,T01_2
PAR_A01,23,Pouteria retinervis,Sapotaceae,219435.9128,9632488.817,O,14.2,False,14.58,18.66,20130423,"13,4",False,20180426,T01,,18.66,measured,0.2,site_median,0.0,,18.66,14.2,False,O,18.66,measured,14.2,18.66,0.7187,63.1157,63.1157,75.2781,63.1157,63.1157,75.2781,T01_2
PAR_A01,24,Minquartia guianensis,Olacaceae,219441.7404,9632490.682,O,17.2,False,14.04,17.96,20130423,"17,1",False,20180426,T01,,17.96,measured,0.2,site_median,0.0,,17.96,17.2,False,O,17.96,measured,17.2,17.96,0.7867,88.3925,88.3925,115.1482,88.3925,88.3925,115.1482,T01_2
PAR_A01,25,NI,NI,219450.8704,9632494.839,O,12.6,False,8.14,12.5,20130423,"13,5",False,20180426,T01,,12.5,measured,0.2,site_median,0.0,,12.5,12.6,False,O,12.5,measured,12.6,12.5,0.599,33.804,33.804,33.7478,33.804,33.804,33.7478,T01_2
PAR_A01,26,Sapium marmieri,Euphorbiaceae,219464.672,9632503.766,O,12.0,False,8.02,12.0,20130423,"16,4",False,20180426,T01,,12.0,measured,0.2,site_median,0.0,,12.0,12.0,False,O,12.0,measured,12.0,12.0,0.41,29.5327,29.5327,20.366,29.5327,29.5327,20.366,T01_2
PAR_A01,27,Inga marginata,Fabaceae,219468.6056,9632506.981,O,14.5,False,8.52,10.64,20130423,"17,5",False,20180426,T01,,10.64,measured,0.2,site_median,0.0,,10.64,14.5,False,O,10.64,measured,14.5,10.64,0.5518,37.9967,37.9967,35.0146,37.9967,37.9967,35.0146,T01_2
PAR_A01,28,,,219475.821,9632508.67,O,12.0,True,,5.77,20130423,,True,20180426,T01,,5.77,measured,0.2,site_median,0.0,,5.77,12.0,True,O,5.77,measured,12.0,5.77,0.599,14.4521,12.1636,12.1636,14.4521,12.1636,12.1636,T01_2
PAR_A01,29,Cecropia palmata,Urticaceae,219478.4086,9632510.19,O,12.5,False,9.71,13.87,20130423,"13,2",False,20180426,T01,,13.87,measured,0.2,site_median,0.0,,13.87,12.5,False,O,13.87,measured,12.5,13.87,0.3404,36.838,36.838,21.1844,36.838,36.838,21.1844,T01_2
PAR_A01,30,Cecropia palmata,Urticaceae,219483.8847,9632514.76,O,12.5,False,7.11,10.52,20130423,,True,20180426,T01,,10.52,measured,0.2,site_median,0.0,,10.52,12.5,False,O,10.52,measured,12.5,10.52,0.3404,28.1265,28.1265,16.1747,28.1265,28.1265,16.1747,T01_2
PAR_A01,31,Cecropia palmata,Urticaceae,219485.6588,9632515.269,O,12.7,False,8.76,11.81,20130423,,True,20180426,T01,,11.81,measured,0.2,site_median,0.0,,11.81,12.7,False,O,11.81,measured,12.7,11.81,0.3404,32.4789,32.4789,18.6776,32.4789,32.4789,18.6776,T01_2
PAR_A01,32,Cecropia palmata,Urticaceae,219485.7552,9632515.094,O,19.0,False,7.71,13.09,20130423,,True,20180426,T01,,13.09,measured,0.2,site_median,0.0,,13.09,19.0,False,O,13.09,measured,19.0,13.09,0.3404,78.8353,78.8353,45.3358,78.8353,78.8353,45.3358,T01_2
PAR_A01,33,Cecropia palmata,Urticaceae,219494.2237,9632518.786,O,13.2,False,10.3,15.44,20130423,,True,20180426,T01,,15.44,measured,0.2,site_median,0.0,,15.44,13.2,False,O,15.44,measured,13.2,15.44,0.3404,45.4926,45.4926,26.1614,45.4926,45.4926,26.1614,T01_2
PAR_A01,34,Cecropia palmata,Urticaceae,219525.2928,9632536.583,O,15.5,False,10.37,13.03,20130423,,True,20180426,T01,,13.03,measured,0.2,site_median,0.0,,13.03,15.5,False,O,13.03,measured,15.5,13.03,0.3404,52.7441,52.7441,30.3315,52.7441,52.7441,30.3315,T01_1
PAR_A01,35,,,219555.4624,9632548.541,O,38.2,True,,12.2,20130423,,True,20180426,T01,,12.2,measured,0.2,site_median,0.0,,12.2,38.2,True,O,12.2,measured,38.2,12.2,0.599,287.6972,227.4199,227.4199,287.6972,227.4199,227.4199,T01_1
PAR_A01,36,Tapirira guianensis,Anacardiaceae,219573.9778,9632563.021,O,16.0,False,10.37,13.55,20130423,"27,2",False,20180426,T01,,13.55,measured,0.2,site_median,0.0,,13.55,16.0,False,O,13.55,measured,16.0,13.55,0.457,58.301,58.301,44.697,58.301,58.301,44.697,T01_1
PAR_A01,37,Croton matourensis,Euphorbiaceae,219592.807,9632574.45,O,10.2,False,7.33,9.13,20130423,"16,1",False,20180426,T01,,9.13,measured,0.2,site_median,0.0,,9.13,10.2,False,O,9.13,measured,10.2,9.13,0.3883,16.469,16.469,10.771,16.469,16.469,10.771,T01_1
PAR_A01,38,Inga sp.,Fabaceae,219603.6969,9632579.541,O,30.6,False,18.69,23.26,20130423,"34,0",False,20180426,T01,,23.26,measured,0.2,site_median,0.0,,23.26,30.6,False,O,23.26,measured,30.6,23.26,0.5786,350.2676,350.2676,338.0465,350.2676,350.2676,338.0465,T01_1
PAR_A01,39,Stryphnodendron pulcherrimum,Fabaceae,219604.8002,9632580.024,O,25.7,False,19.12,24.85,20130423,,True,20180426,T01,,24.85,measured,0.2,site_median,0.0,,24.85,25.7,False,O,24.85,measured,25.7,24.85,0.475,265.7594,265.7594,211.5758,265.7594,265.7594,211.5758,T01_1
PAR_A01,40,Manilkara huberi,Sapotaceae,219603.5538,9632582.533,O,43.7,False,19.6,25.01,20130423,"48,6",False,20180426,T01,,25.01,measured,0.2,site_median,0.0,,25.01,43.7,False,O,25.01,measured,43.7,25.01,0.9214,753.771,753.771,1145.6409,753.771,753.771,1145.6409,T01_1
PAR_A01,41,Neea oppositifolia,Nyctaginaceae,219609.3015,9632576.546,O,47.0,False,20.84,31.42,20130423,"48,5",False,20180426,T01,,31.42,measured,0.2,site_median,0.0,,31.42,47.0,False,O,31.42,measured,47.0,31.42,0.893,1085.5978,1085.5978,1600.3845,1085.5978,1085.5978,1600.3845,T01_1
PAR_A01,42,Inga marginata,Fabaceae,219616.097,9632584.994,O,13.0,False,9.72,13.55,20130423,"15,5",False,20180426,T01,,13.55,measured,0.2,site_median,0.0,,13.55,13.0,False,O,13.55,measured,13.0,13.55,0.5518,38.8733,38.8733,35.8224,38.8733,38.8733,35.8224,T01_1
PAR_A01,43,Cecropia palmata,Urticaceae,219617.6181,9632586.385,O,24.7,False,14.82,19.7,20130423,"25,7",False,20180426,T01,,19.7,measured,0.2,site_median,0.0,,19.7,24.7,False,O,19.7,measured,24.7,19.7,0.3404,196.0669,196.0669,112.7521,196.0669,196.0669,112.7521,T01_1
PAR_A01,44,,,219630.8978,9632595.041,O,33.3,True,,3.94,20130423,,True,20180426,T01,,3.94,measured,0.2,site_median,0.0,,3.94,33.3,True,O,3.94,measured,33.3,3.94,0.599,73.0258,68.5589,68.5589,73.0258,68.5589,68.5589,T01_1
PAR_A01,45,Parkia sp.,Fabaceae,219636.4253,9632595.755,O,37.7,False,14.77,23.4,20130423,"47,4",False,20180426,T01,,23.4,measured,0.2,site_median,0.0,,23.4,37.7,False,O,23.4,measured,37.7,23.4,0.4553,529.4606,529.4606,404.4623,529.4606,529.4606,404.4623,T01_1
PAR_A01,46,Croton matourensis,Euphorbiaceae,219617.5704,9632586.473,O,10.5,False,5.47,9.06,20130423,18,False,20180426,T01,16.01,9.06,measured,1.5,observed,0.0,18.0,9.06,10.5,False,O,9.06,measured,10.5,9.06,0.3883,17.2973,17.2973,11.3127,17.2973,17.2973,11.3127,T01_1
PAR_A01,47,,,219652.8756,9632604.648,O,10.0,True,8.58,11.12,20130423,,True,20180426,T01,,11.12,measured,0.2,site_median,0.0,,11.12,10.0,True,O,11.12,measured,10.0,11.12,0.599,19.207,14.4469,14.4469,19.207,14.4469,14.4469,T01_1
PAR_A01,48,,,219658.5788,9632613.642,O,41.8,True,,19.11,20130423,,True,20180426,T01,,19.11,measured,0.2,site_median,0.0,,19.11,41.8,True,O,19.11,measured,41.8,19.11,0.599,531.5048,393.0821,393.0821,531.5048,393.0821,393.0821,T01_1
PAR_A01,49,Lecythis idatimon,Lecythidaceae,219665.7631,9632612.979,O,27.0,False,11.38,24.78,20130423,"27,3",False,20180426,T01,,24.78,measured,0.2,site_median,0.0,,24.78,27.0,False,O,24.78,measured,27.0,24.78,0.7986,291.8271,291.8271,385.7521,291.8271,291.8271,385.7521,T01_1
PAR_A01,50,Croton matourensis,Euphorbiaceae,219712.8855,9632639.361,O,14.4,False,9.23,15.17,20130423,"18,4",False,20180426,T01,,15.17,measured,0.2,site_median,0.0,,15.17,14.4,False,O,15.17,measured,14.4,15.17,0.3883,52.9939,52.9939,34.6589,52.9939,52.9939,34.6589,T01_1
PAR_A01,51,Pouteria gongrijpii,Sapotaceae,219708.1315,9632635.541,O,39.7,False,22.49,31.72,20130423,"39,8",False,20180426,T01,,31.72,measured,0.2,site_median,0.0,,31.72,39.7,False,O,31.72,measured,39.7,31.72,0.7994,788.1356,788.1356,1042.8531,788.1356,788.1356,1042.8531,T01_1
PAR_A01,52,Eschweilera ovata,Lecythidaceae,219714.7182,9632638.078,O,57.0,False,29.74,32.97,20130423,"56,3",False,20180426,T01,,32.97,measured,0.2,site_median,0.0,,32.97,57.0,False,O,32.97,measured,57.0,32.97,0.9,1658.1068,1658.1068,2463.0746,1658.1068,1658.1068,2463.0746,T01_1
PAR_A01,53,Zollernia paraensis,Fabaceae,219716.144,9632639.645,O,35.0,False,16.44,25.17,20130423,"36,3",False,20180426,T01,,25.17,measured,0.2,site_median,0.0,,25.17,35.0,False,O,25.17,measured,35.0,25.17,0.99,491.7491,491.7491,801.6926,491.7491,491.7491,801.6926,T01_1
PAR_A01,54,Pouteria cladantha,Sapotaceae,219715.7076,9632648.844,O,38.0,False,23.16,27.53,20130423,"39,9",False,20180426,T01,,27.53,measured,0.2,site_median,0.0,,27.53,38.0,False,O,27.53,measured,38.0,27.53,0.9423,630.1575,630.1575,979.0326,630.1575,630.1575,979.0326,T01_1
PAR_A01,55,Lecythis idatimon,Lecythidaceae,219719.3731,9632646.278,O,43.3,False,19.79,27.06,20130423,"44,1",False,20180426,T01,,27.06,measured,0.2,site_median,0.0,,27.06,43.3,False,O,27.06,measured,43.3,27.06,0.7986,799.5341,799.5341,1056.8652,799.5341,799.5341,1056.8652,T01_1
PAR_A01,56,Eschweilera ovata,Lecythidaceae,219720.0327,9632653.455,O,40.2,False,19.17,23.49,20130423,"41,4",False,20180426,T01,,23.49,measured,0.2,site_median,0.0,,23.49,40.2,False,O,23.49,measured,40.2,23.49,0.9,602.4094,602.4094,894.8636,602.4094,602.4094,894.8636,T01_1
PAR_A01,57,Lecythis idatimon,Lecythidaceae,219724.2118,9632635.253,O,38.0,False,19.87,27.78,20130423,"38,7",False,20180426,T01,,27.78,measured,0.2,site_median,0.0,,27.78,38.0,False,O,27.78,measured,38.0,27.78,0.7986,635.742,635.742,840.3565,635.742,635.742,840.3565,T01_1
PAR_A01,58,,,219726.7042,9632641.147,O,47.0,True,,3.86,20130423,,True,20180426,T01,,3.86,measured,0.2,site_median,0.0,,3.86,47.0,True,O,3.86,measured,47.0,3.86,0.599,140.2507,134.3023,134.3023,140.2507,134.3023,134.3023,T01_1
PAR_A01,59,Croton matourensis,Euphorbiaceae,219736.8902,9632651.314,O,18.0,False,14.94,19.95,20130423,"28,5",False,20180426,T01,,19.95,measured,0.2,site_median,0.0,,19.95,18.0,False,O,19.95,measured,18.0,19.95,0.3883,107.0279,107.0279,69.9979,107.0279,107.0279,69.9979,T01_1
