site,tree_id,scientific_name,family_name,utm_easting,utm_northing,wsd,agb_source,dbh,htot,hcom,date,dead,type,plot_id,htot_feldpausch,htot_estimated,htot_estimation_method,dbh_incr_cm_yr,dbh_incr_source,gap_anos,dbh_lidar,htot_estimated_gap,dbh_used,dead_used,type_used,htot_used,htot_source,dbh_used_gap,htot_used_gap,rho_w_m3,iagc_m1_kgC,iagc_m2_kgC,iagc_m3_kgC,iagc_m1_kgC_gap,iagc_m2_kgC_gap,iagc_m3_kgC_gap,quadra_id
SFX_A01,1,NI,NI,289203.7971,9289380.884,0.62,,11.3,,,20111021,A,O,P01,11.6,11.6,feldpausch_regional,0.18,default,1.0,11.48,11.73,11.3,True,O,11.6,feldpausch,11.48,11.731613829769724,0.7138,25.4086,19.096,19.096,26.4948,19.892,19.892,
SFX_A01,2,NI,NI,289203.7971,9289335.684,0.62,,10.9,,,20111021,A,O,P01,11.3,11.3,feldpausch_regional,0.18,default,1.0,11.08,11.44,10.9,True,O,11.3,feldpausch,11.08,11.433467441478326,0.7138,23.0846,17.3912,17.3912,24.1093,18.1438,18.1438,
SFX_A01,3,Jacaranda copaia,Bignoniaceae,289204.7971,9289376.584,0.35,,16.12,,,20111021,A,O,P01,14.86,14.86,feldpausch_regional,0.18,default,1.0,16.3,14.98,16.12,True,O,14.86,feldpausch,16.3,14.972560211322975,0.3507,64.7333,47.5884,47.5884,66.6407,48.9584,48.9584,
SFX_A01,4,Cecropia ficifolia,Urticaceae,289201.7971,9289371.084,0.27,,29.5,,,20111021,A,O,P01,21.91,21.91,feldpausch_regional,0.18,default,1.0,29.68,21.99,29.5,True,O,21.91,feldpausch,29.68,21.989793059919823,0.266,307.624,218.952,218.952,312.4051,222.2922,222.2922,
SFX_A01,5,Cecropia ficifolia,Urticaceae,289200.7971,9289370.984,0.27,,36.2,,,20111021,A,O,P01,24.67,24.67,feldpausch_regional,0.18,default,1.0,36.38,24.74,36.2,True,O,24.67,feldpausch,36.38,24.738838595069844,0.266,515.0115,363.3047,363.3047,521.4382,367.7639,367.7639,
SFX_A01,6,Socratea exorrhiza,Arecaceae,289201.7971,9289368.584,0.62,0.04549853,14.4,,,20111021,A,P,P01,13.76,13.76,feldpausch_regional,0.18,default,1.0,14.58,13.88,14.4,True,P,13.76,feldpausch,14.58,13.878699769169549,0.23,48.181,,,49.7792,,,
SFX_A01,7,Jacaratia spinosa,Caricaceae,289202.7971,9289368.184,0.27,0.011520446,11.0,7.06,6.37,20111021,A,O,P01,11.38,11.38,feldpausch_regional,0.18,default,1.0,11.18,11.51,11.0,True,O,7.06,measured,11.18,7.142543778495326,0.265,14.8488,12.055,12.055,15.5017,12.5717,12.5717,
SFX_A01,8,Neea oppositifolia,Nyctaginaceae,289203.7971,9289375.484,0.89,,11.7,,,20111021,A,O,P01,11.89,11.89,feldpausch_regional,0.18,default,1.0,11.88,12.02,11.7,True,O,11.89,feldpausch,11.879999999999999,12.019754960258267,0.893,27.8572,20.8896,20.8896,29.0055,21.7294,21.7294,
SFX_A01,9,Attalea maripa,Arecaceae,289202.7971,9289361.584,0.33,0.170173135,29.3,,,20111021,A,P,P01,21.82,21.82,feldpausch_regional,0.18,default,1.0,29.48,21.9,29.3,True,P,21.82,feldpausch,29.48,21.900156621986184,0.326,302.349,,,307.0823,,,
SFX_A01,10,Cassia fastuosa,Fabaceae,289184.7971,9289360.584,0.81,,11.6,,,20111021,A,O,P01,11.82,11.82,feldpausch_regional,0.18,default,1.0,11.78,11.95,11.6,True,O,11.82,feldpausch,11.78,11.950237270124362,0.805,27.2369,20.4351,20.4351,28.3698,21.264,21.264,
SFX_A01,11,Schizolobium amazonicum,Fabaceae,289184.7971,9289358.784,0.49,,19.2,,,20111021,A,O,P01,16.71,16.71,feldpausch_regional,0.18,default,1.0,19.38,16.82,19.2,True,O,16.71,feldpausch,19.38,16.81310174378809,0.58,102.115,74.3116,74.3116,104.6183,76.0934,76.0934,
SFX_A01,12,Castilla ulei,Moraceae,289182.7971,9289355.584,0.82,,14.8,,,20111021,A,O,P01,14.02,14.02,feldpausch_regional,0.18,default,1.0,14.98,14.14,14.8,True,O,14.02,feldpausch,14.98,14.137202209084002,0.5675,51.7652,38.2492,38.2492,53.4336,39.453,39.453,
SFX_A01,13,Sapium marmieri,Euphorbiaceae,289182.7971,9289356.584,0.41,0.464425677,27.2,30.08,19.78,20111021,A,O,P01,20.86,20.86,feldpausch_regional,0.18,default,1.0,27.38,20.94,27.2,True,O,30.08,measured,27.38,30.201387541418494,0.41,357.716,241.2285,241.2285,363.7785,245.2383,245.2383,
SFX_A01,14,Castilla ulei,Moraceae,289186.7971,9289355.584,0.82,,11.3,,,20111021,A,O,P01,11.6,11.6,feldpausch_regional,0.18,default,1.0,11.48,11.73,11.3,True,O,11.6,feldpausch,11.48,11.731613829769724,0.5675,25.4086,19.096,19.096,26.4948,19.892,19.892,
SFX_A01,15,Clarisia racemosa,Moraceae,289199.7971,9289352.584,0.59,,13.4,,,20111021,A,O,P01,13.08,13.08,feldpausch_regional,0.18,default,1.0,13.58,13.21,13.4,True,O,13.08,feldpausch,13.58,13.202485117446479,0.5854,39.8454,29.6247,29.6247,41.2706,30.6588,30.6588,
SFX_A01,16,NI,NI,289200.7971,9289349.584,0.62,,10.7,,,20111021,A,O,P01,11.15,11.15,feldpausch_regional,0.18,default,1.0,10.88,11.29,10.7,True,O,11.15,feldpausch,10.879999999999999,11.28443676148572,0.7138,21.9765,16.5767,16.5767,22.971,17.308,17.308,
SFX_A01,18,Sapium marmieri,Euphorbiaceae,289200.7971,9289346.584,0.41,,10.7,,,20111021,A,O,P01,11.15,11.15,feldpausch_regional,0.18,default,1.0,10.88,11.29,10.7,True,O,11.15,feldpausch,10.879999999999999,11.28443676148572,0.41,21.9765,16.5767,16.5767,22.971,17.308,17.308,
SFX_A01,19,Socratea exorrhiza,Arecaceae,289198.7971,9289345.584,0.62,0.054690591,15.9,22.84,18.32,20111021,A,P,P01,14.73,14.73,feldpausch_regional,0.18,default,1.0,16.08,14.84,15.9,True,P,22.84,measured,16.080000000000002,23.015783960181924,0.23,95.8684,,,98.7343,,,
SFX_A01,20,Neea oppositifolia,Nyctaginaceae,289199.7971,9289346.584,0.89,,13.0,,,20111021,A,O,P01,12.81,12.81,feldpausch_regional,0.18,default,1.0,13.18,12.93,13.0,True,O,12.81,feldpausch,13.18,12.934151333479754,0.893,36.7999,27.4108,27.4108,38.1585,28.3983,28.3983,
SFX_A01,23,Cassia fastuosa,Fabaceae,289206.1971,9289342.584,0.81,,22.7,,,20111021,A,O,P01,18.63,18.63,feldpausch_regional,0.18,default,1.0,22.88,18.72,22.7,True,O,18.63,feldpausch,22.88,18.724000768206338,0.805,157.453,113.5391,113.5391,160.6867,115.8227,115.8227,
SFX_A01,24,Zanthoxylum rhoifolium,Rutaceae,289205.7971,9289335.584,0.49,,17.6,,,20111021,A,O,P01,15.77,15.77,feldpausch_regional,0.18,default,1.0,17.78,15.88,17.6,True,O,15.77,feldpausch,17.78,15.87782090870245,0.5692,81.4301,59.554,59.554,83.6179,61.1181,61.1181,
SFX_A01,25,Tabebuia serratifolia,Bignoniaceae,289210.7971,9289338.584,0.92,,20.5,,,20111021,A,O,P01,17.45,17.45,feldpausch_regional,0.18,default,1.0,20.68,17.54,20.5,True,O,17.45,feldpausch,20.68,17.549577275527504,0.924,121.0589,87.772,87.772,123.8282,89.7368,89.7368,
SFX_A01,26,Dalbergia melanoxylon,Fabaceae,289209.7971,9289341.584,0.8,,55.5,,,20111021,A,O,P01,30.8,30.8,feldpausch_regional,0.18,default,1.0,55.68,30.85,55.5,True,O,30.8,feldpausch,55.68,30.847159965445414,1.0772,1472.8079,1023.9528,1023.9528,1484.3612,1031.896,1031.896,
SFX_A01,28,Hymenaea courbaril,Fabaceae,289210.7971,9289343.084,0.79,,16.6,,,20111021,A,O,P01,15.16,15.16,feldpausch_regional,0.18,default,1.0,16.78,15.27,16.6,True,O,15.16,feldpausch,16.78,15.270983031789134,0.7924,69.8995,51.2965,51.2965,71.8967,52.7286,52.7286,
SFX_A01,29,Virola melinoni,Myristicaceae,289213.7971,9289343.584,0.48,,15.2,,,20111021,A,O,P01,14.28,14.28,feldpausch_regional,0.18,default,1.0,15.38,14.39,15.2,True,O,14.28,feldpausch,15.379999999999999,14.395769779964834,0.4734,55.518,40.9557,40.9557,57.2581,42.2093,42.2093,
SFX_A01,30,Attalea maripa,Arecaceae,289207.0971,9289346.584,0.33,0.220661455,33.7,,,20111021,A,P,P01,23.69,23.69,feldpausch_regional,0.18,default,1.0,33.88,23.76,33.7,True,P,23.69,feldpausch,33.88,23.762650380027786,0.326,430.4966,,,436.2984,,,
SFX_A01,31,Eschweilera parviflora,Lecythidaceae,289206.7971,9289347.584,0.89,0.048985315,11.3,8.48,5.68,20111021,A,O,P01,11.6,11.6,feldpausch_regional,0.18,default,1.0,11.48,11.73,11.3,True,O,8.48,measured,11.48,8.576214247969592,0.918,18.7148,14.779,14.779,19.5148,15.395,15.395,
SFX_A01,32,Theobroma glaucum,Malvaceae,289210.7971,9289350.584,0.53,,21.9,,,20111021,A,O,P01,18.21,18.21,feldpausch_regional,0.18,default,1.0,22.08,18.3,21.9,True,O,18.21,feldpausch,22.08,18.305969782316833,0.5297,143.5721,103.7245,103.7245,146.6349,105.8909,105.8909,
SFX_A01,33,Virola melinoni,Myristicaceae,289211.7971,9289350.584,0.48,0.276219667,23.0,21.54,17.64,20111021,A,O,P01,18.79,18.79,feldpausch_regional,0.18,default,1.0,23.18,18.88,23.0,True,O,21.54,measured,23.18,21.64695940260001,0.4734,186.1235,131.2533,131.2533,189.8932,133.857,133.857,
SFX_A01,34,Eschweilera parviflora,Lecythidaceae,289209.7971,9289350.084,0.89,,14.6,,,20111021,A,O,P01,13.89,13.89,feldpausch_regional,0.18,default,1.0,14.78,14.01,14.6,True,O,13.89,feldpausch,14.78,14.007942520471866,0.918,49.9522,36.9399,36.9399,51.5854,38.1191,38.1191,
SFX_A01,35,Theobroma glaucum,Malvaceae,289208.7971,9289352.084,0.53,,19.4,,,20111021,A,O,P01,16.83,16.83,feldpausch_regional,0.18,default,1.0,19.58,16.93,19.4,True,O,16.83,feldpausch,19.58,16.93257196194544,0.5297,104.932,76.3132,76.3132,107.4763,78.1232,78.1232,
SFX_A01,36,,,289207.7971,9289351.584,0.58,8.199048089,111.7,35.81,,20111025,D,O,P01,40.3,40.3,feldpausch_regional,0.18,default,1.0,111.88,40.32,111.7,False,O,35.81,measured,111.88000000000001,35.826726831574604,0.7138,6682.9575,6682.9575,7917.4751,6707.0516,6707.0516,7946.02,
SFX_A01,37,Rinorea racemosa,Violaceae,289209.7971,9289355.584,0.68,,13.4,,,20111021,A,O,P01,13.08,13.08,feldpausch_regional,0.18,default,1.0,13.58,13.21,13.4,True,O,13.08,feldpausch,13.58,13.202485117446479,0.682,39.8454,29.6247,29.6247,41.2706,30.6588,30.6588,
SFX_A01,38,Inga thibaudiana,Fabaceae,289218.7971,9289355.184,0.58,,23.7,,,20111021,A,O,P01,19.15,19.15,feldpausch_regional,0.18,default,1.0,23.88,19.24,23.7,True,O,19.15,feldpausch,23.88,19.241670005343316,0.5786,175.9406,126.5815,126.5815,179.3926,129.0145,129.0145,
SFX_A01,39,Cecropia ficifolia,Urticaceae,289218.7971,9289353.584,0.27,,16.9,,,20111021,A,O,P01,15.35,15.35,feldpausch_regional,0.18,default,1.0,17.08,15.46,16.9,True,O,15.35,feldpausch,17.08,15.460052431044895,0.266,73.2719,53.7118,53.7118,75.3263,55.1836,55.1836,
SFX_A01,40,Cecropia ficifolia,Urticaceae,289218.7971,9289353.584,0.27,,17.1,,,20111021,A,O,P01,15.47,15.47,feldpausch_regional,0.18,default,1.0,17.28,15.58,17.1,True,O,15.47,feldpausch,17.28,15.579399491439865,0.266,75.546,55.342,55.342,77.6382,56.8399,56.8399,
SFX_A01,41,Nectandra cuspidata,Lauraceae,289224.7971,9289352.584,0.56,2.083963314,44.2,37.42,28.82,20111021,A,O,P01,27.5,27.5,feldpausch_regional,0.18,default,1.0,44.38,27.56,44.2,True,O,37.42,measured,44.38,37.49955113009987,0.518,1142.0214,761.5579,761.5579,1153.5057,769.1081,769.1081,
SFX_A01,42,Dalbergia melanoxylon,Fabaceae,289226.7971,9289353.584,0.8,0.221644242,24.0,9.44,3.68,20111021,A,O,P01,19.3,19.3,feldpausch_regional,0.18,default,1.0,24.18,19.39,24.0,True,O,9.44,measured,24.18,9.484496923830363,1.0772,90.4078,72.7795,72.7795,92.1581,74.16,74.16,
SFX_A01,43,Dalbergia melanoxylon,Fabaceae,289226.7971,9289353.584,0.8,,22.1,,,20111021,A,O,P01,18.31,18.31,feldpausch_regional,0.18,default,1.0,22.28,18.41,22.1,True,O,18.31,feldpausch,22.28,18.405440445325464,1.0772,146.9259,106.1019,106.1019,150.0302,108.2969,108.2969,
SFX_A01,44,Dalbergia melanoxylon,Fabaceae,289221.7971,9289357.584,0.8,,31.9,,,20111021,A,O,P01,22.95,22.95,feldpausch_regional,0.18,default,1.0,32.08,23.02,31.9,True,O,22.95,feldpausch,32.08,23.025593914225006,1.0772,374.9592,265.9262,265.9262,380.3189,269.6601,269.6601,
SFX_A01,45,Astrocaryum aculeatum,Arecaceae,289223.7971,9289356.584,0.51,0.158500429,28.2,,,20111021,A,P,P01,21.32,21.32,feldpausch_regional,0.18,default,1.0,28.38,21.4,28.2,True,P,21.32,feldpausch,28.38,21.40221321034931,0.508,274.311,,,278.7845,,,
SFX_A01,46,Socratea exorrhiza,Arecaceae,289232.7971,9289358.584,0.62,0.058584918,16.5,,,20111021,A,P,P01,15.1,15.1,feldpausch_regional,0.18,default,1.0,16.68,15.21,16.5,True,P,15.1,feldpausch,16.68,15.211323855918964,0.23,68.8131,,,70.7917,,,
SFX_A01,47,Theobroma glaucum,Malvaceae,289212.7971,9289358.584,0.53,,12.5,,,20111021,A,O,P01,12.46,12.46,feldpausch_regional,0.18,default,1.0,12.68,12.59,12.5,True,O,12.46,feldpausch,12.68,12.58623192584687,0.5297,33.1783,24.775,24.775,34.4546,25.7047,25.7047,
SFX_A01,48,Castilla ulei,Moraceae,289207.7971,9289359.084,0.82,,20.7,,,20111021,A,O,P01,17.56,17.56,feldpausch_regional,0.18,default,1.0,20.88,17.66,20.7,True,O,17.56,feldpausch,20.88,17.659045438393015,0.5675,124.134,89.9542,89.9542,126.9447,91.9474,91.9474,
SFX_A01,49,Inga alba,Fabaceae,289209.7971,9289362.584,0.59,,31.0,,,20111021,A,O,P01,22.56,22.56,feldpausch_regional,0.18,default,1.0,31.18,22.64,31.0,True,O,22.56,feldpausch,31.18,22.6371049890482,0.5861,348.7046,247.6363,247.6363,353.8442,251.2206,251.2206,
SFX_A01,50,Attalea maripa,Arecaceae,289212.7971,9289362.584,0.33,0.081422011,19.7,,,20111021,A,P,P01,17.0,17.0,feldpausch_regional,0.18,default,1.0,19.88,17.1,19.7,True,P,17.0,feldpausch,19.88,17.10173351278743,0.326,109.1885,,,111.7935,,,
SFX_A01,51,Protium heptaphyllum,Burseraceae,289224.7971,9289361.584,0.62,,17.3,,,20111021,A,O,P01,15.59,15.59,feldpausch_regional,0.18,default,1.0,17.48,15.7,17.3,True,O,15.59,feldpausch,17.48,15.69875904955282,0.6293,77.8654,57.0033,57.0033,79.9956,58.5275,58.5275,
SFX_A01,52,Neea oppositifolia,Nyctaginaceae,289225.7971,9289364.584,0.89,,17.0,,,20111021,A,O,P01,15.41,15.41,feldpausch_regional,0.18,default,1.0,17.18,15.52,17.0,True,O,15.41,feldpausch,17.18,15.519724372076846,0.893,74.4033,54.523,54.523,76.4766,56.0078,56.0078,
SFX_A01,53,Socratea exorrhiza,Arecaceae,289221.7971,9289364.584,0.62,0.023547413,10.1,,,20111021,A,P,P01,10.7,10.7,feldpausch_regional,0.18,default,1.0,10.28,10.84,10.1,True,P,10.7,feldpausch,10.28,10.83753457254877,0.23,18.8614,,,19.768,,,
SFX_A01,54,Cordia scabrifolia,Boraginaceae,289220.7971,9289365.584,0.47,,17.1,,,20111021,A,O,P01,15.47,15.47,feldpausch_regional,0.18,default,1.0,17.28,15.58,17.1,True,O,15.47,feldpausch,17.28,15.579399491439865,0.474,75.546,55.342,55.342,77.6382,56.8399,56.8399,
SFX_A01,55,Theobroma glaucum,Malvaceae,289220.7971,9289366.584,0.53,,10.5,,,20111021,A,O,P01,11.0,11.0,feldpausch_regional,0.18,default,1.0,10.68,11.14,10.5,True,O,11.0,feldpausch,10.68,11.135436540229511,0.5297,20.9036,15.7869,15.7869,21.8685,16.4971,16.4971,
SFX_A01,56,Vismia guianensis,Clusiaceae,289217.7971,9289368.584,0.46,,13.0,,,20111021,A,O,P01,12.81,12.81,feldpausch_regional,0.18,default,1.0,13.18,12.93,13.0,True,O,12.81,feldpausch,13.18,12.934151333479754,0.475,36.7999,27.4108,27.4108,38.1585,28.3983,28.3983,
SFX_A01,57,Attalea maripa,Arecaceae,289221.7971,9289370.584,0.33,0.194661689,31.5,,,20111021,A,P,P01,22.78,22.78,feldpausch_regional,0.18,default,1.0,31.68,22.85,31.5,True,P,22.78,feldpausch,31.68,22.856267820602433,0.326,363.1912,,,368.4534,,,
SFX_A01,58,Protium heptaphyllum,Burseraceae,289212.7971,9289369.584,0.62,,11.0,,,20111021,A,O,P01,11.38,11.38,feldpausch_regional,0.18,default,1.0,11.18,11.51,11.0,True,O,11.38,feldpausch,11.18,11.51305215287207,0.6293,23.6621,17.8143,17.8143,24.7025,18.5779,18.5779,
SFX_A01,59,Theobroma glaucum,Malvaceae,289207.0971,9289369.584,0.53,,12.7,,,20111021,A,O,P01,12.6,12.6,feldpausch_regional,0.18,default,1.0,12.88,12.73,12.7,True,O,12.6,feldpausch,12.879999999999999,12.725383546173273,0.5297,34.5977,25.8089,25.8089,35.9067,26.7616,26.7616,
SFX_A01,60,Socratea exorrhiza,Arecaceae,289207.7971,9289372.284,0.62,0.044913535,14.3,,,20111021,A,P,P01,13.69,13.69,feldpausch_regional,0.18,default,1.0,14.48,13.81,14.3,True,P,13.69,feldpausch,14.48,13.809041484850185,0.23,47.294,,,48.8743,,,
SFX_A01,61,NI,NI,289211.7971,9289378.584,0.62,,13.1,,,20111021,A,O,P01,12.88,12.88,feldpausch_regional,0.18,default,1.0,13.28,13.0,13.1,True,O,12.88,feldpausch,13.28,13.003750875025517,0.7138,37.5536,27.9585,27.9585,38.9291,28.9577,28.9577,
SFX_A01,1,Dalbergia melanoxylon,Fabaceae,289227.3745,9289556.539,0.8,0.870079309,41.8,12.22,6.72,20111022,A,O,P02,26.7,26.7,feldpausch_regional,0.18,default,1.0,41.98,26.76,41.8,True,O,12.22,measured,41.98,12.248069130848616,1.0772,343.5408,272.6693,272.6693,347.211,275.5394,275.5394,
SFX_A01,4,Dalbergia melanoxylon,Fabaceae,289223.6745,9289550.639,0.8,,13.0,,,20111022,A,O,P02,12.81,12.81,feldpausch_regional,0.18,default,1.0,13.18,12.93,13.0,True,O,12.81,feldpausch,13.18,12.934151333479754,1.0772,36.7999,27.4108,27.4108,38.1585,28.3983,28.3983,
SFX_A01,5,Dalbergia melanoxylon,Fabaceae,289223.6745,9289547.439,0.8,0.841349964,38.1,14.23,12.92,20111022,A,O,P02,25.39,25.39,feldpausch_regional,0.18,default,1.0,38.28,25.45,38.1,True,O,14.23,measured,38.28,14.26708038139965,1.0772,332.6245,256.5849,256.5849,336.5526,259.567,259.567,
SFX_A01,6,Dalbergia melanoxylon,Fabaceae,289219.6745,9289544.939,0.8,0.759776106,36.8,13.77,10.63,20111022,A,O,P02,24.9,24.9,feldpausch_regional,0.18,default,1.0,36.98,24.97,36.8,True,O,13.77,measured,36.98,13.807590945715255,1.0772,301.0199,233.0253,233.0253,304.7103,235.8358,235.8358,
SFX_A01,7,Brosimum rubescens,Moraceae,289216.6745,9289544.139,0.83,,27.7,,,20111022,A,O,P02,21.09,21.09,feldpausch_regional,0.18,default,1.0,27.88,21.17,27.7,True,O,21.09,feldpausch,27.88,21.173181991229615,0.8251,262.1078,187.1172,187.1172,266.4645,190.1683,190.1683,
SFX_A01,8,Dalbergia melanoxylon,Fabaceae,289209.6745,9289538.939,0.8,1.187526541,38.5,19.66,14.8,20111022,A,O,P02,25.53,25.53,feldpausch_regional,0.18,default,1.0,38.68,25.6,38.5,True,O,19.66,measured,38.68,19.710513882206275,1.0772,465.3905,341.2968,341.2968,470.8249,345.2195,345.2195,
SFX_A01,9,Swartzia corrugata,Fabaceae,289218.6745,9289538.939,1.06,1.823692784,37.0,24.77,17.28,20111022,A,O,P02,24.98,24.98,feldpausch_regional,0.18,default,1.0,37.18,25.04,37.0,True,O,24.77,measured,37.18,24.837132177810254,1.0565,539.5879,380.7978,380.7978,546.1647,385.3641,385.3641,
SFX_A01,10,Rinorea racemosa,Violaceae,289216.6745,9289537.939,0.68,,13.5,,,20111022,A,O,P02,13.15,13.15,feldpausch_regional,0.18,default,1.0,13.68,13.28,13.5,True,O,13.15,feldpausch,13.68,13.272104600854616,0.682,40.6391,30.2001,30.2001,42.0814,31.2461,31.2461,
SFX_A01,11,Neea oppositifolia,Nyctaginaceae,289213.6745,9289535.739,0.89,,18.6,,,20111022,A,O,P02,16.36,16.36,feldpausch_regional,0.18,default,1.0,18.78,16.47,18.6,True,O,16.36,feldpausch,18.78,16.46480951639768,0.893,94.0161,68.5425,68.5425,96.3993,70.2415,70.2415,
SFX_A01,12,Tetragastris panamensis,Burseraceae,289223.6745,9289543.939,0.73,,25.6,,,20111022,A,O,P02,20.09,20.09,feldpausch_regional,0.18,default,1.0,25.78,20.18,25.6,True,O,20.09,feldpausch,25.78,20.177445174033377,0.7173,214.3155,153.595,153.595,218.1897,156.3169,156.3169,
SFX_A01,13,Aspidosperma spruceanum,Apocynaceae,289224.6745,9289537.939,0.75,2.610148116,45.6,32.74,23.09,20111022,A,O,P02,27.95,27.95,feldpausch_regional,0.18,default,1.0,45.78,28.0,45.6,True,O,32.74,measured,45.78,32.80662411945132,0.7533,1065.3121,726.647,726.647,1075.6681,733.614,733.614,
SFX_A01,14,,,289224.6745,9289538.939,,0.01321884,10.9,,,20111025,A,L,P02,11.3,11.3,feldpausch_regional,0.18,default,1.0,11.08,11.44,10.9,True,L,11.3,feldpausch,11.08,11.433467441478326,0.7138,23.0846,17.3912,17.3912,24.1093,18.1438,18.1438,
SFX_A01,15,Theobroma glaucum,Malvaceae,289226.6745,9289534.939,0.53,,10.9,,,20111022,A,O,P02,11.3,11.3,feldpausch_regional,0.18,default,1.0,11.08,11.44,10.9,True,O,11.3,feldpausch,11.08,11.433467441478326,0.5297,23.0846,17.3912,17.3912,24.1093,18.1438,18.1438,
SFX_A01,16,Dalbergia melanoxylon,Fabaceae,289220.6745,9289533.939,0.8,,24.0,,,20111022,A,O,P02,19.3,19.3,feldpausch_regional,0.18,default,1.0,24.18,19.39,24.0,True,O,19.3,feldpausch,24.18,19.390973583678605,1.0772,181.6925,130.6375,130.6375,185.2101,133.1155,133.1155,
SFX_A01,17,,,289221.6745,9289534.939,,0.014208072,12.5,,,20111025,A,L,P02,12.46,12.46,feldpausch_regional,0.18,default,1.0,12.68,12.59,12.5,True,L,12.46,feldpausch,12.68,12.58623192584687,0.7138,33.1783,24.775,24.775,34.4546,25.7047,25.7047,
SFX_A01,18,Dalbergia melanoxylon,Fabaceae,289223.6745,9289529.139,0.8,0.553559217,36.1,10.43,6.62,20111022,A,O,P02,24.63,24.63,feldpausch_regional,0.18,default,1.0,36.28,24.7,36.1,True,O,10.43,measured,36.28,10.459210875567843,1.0772,221.0855,178.6613,178.6613,223.8526,180.8607,180.8607,
SFX_A01,19,Dalbergia melanoxylon,Fabaceae,289220.6745,9289527.339,0.8,,31.8,,,20111022,A,O,P02,22.9,22.9,feldpausch_regional,0.18,default,1.0,31.98,22.98,31.8,True,O,22.9,feldpausch,31.98,22.975736258347816,1.0772,371.8757,263.7905,263.7905,377.2093,267.5068,267.5068,
SFX_A01,20,Couratari stellata,Lecythidaceae,289212.6745,9289529.939,0.63,,12.1,,,20111022,A,O,P02,12.18,12.18,feldpausch_regional,0.18,default,1.0,12.28,12.31,12.1,True,O,12.18,feldpausch,12.28,12.307997957895681,0.6331,30.4544,22.7871,22.7871,31.6664,23.6717,23.6717,
SFX_A01,21,Dalbergia melanoxylon,Fabaceae,289212.6745,9289530.939,0.8,,10.9,,,20111022,A,O,P02,11.3,11.3,feldpausch_regional,0.18,default,1.0,11.08,11.44,10.9,True,O,11.3,feldpausch,11.08,11.433467441478326,1.0772,23.0846,17.3912,17.3912,24.1093,18.1438,18.1438,
SFX_A01,22,Dalbergia melanoxylon,Fabaceae,289209.6745,9289532.939,0.8,,10.9,,,20111022,A,O,P02,11.3,11.3,feldpausch_regional,0.18,default,1.0,11.08,11.44,10.9,True,O,11.3,feldpausch,11.08,11.433467441478326,1.0772,23.0846,17.3912,17.3912,24.1093,18.1438,18.1438,
SFX_A01,23,Dalbergia melanoxylon,Fabaceae,289210.6745,9289527.939,0.8,,15.2,,,20111022,A,O,P02,14.28,14.28,feldpausch_regional,0.18,default,1.0,15.38,14.39,15.2,True,O,14.28,feldpausch,15.379999999999999,14.395769779964834,1.0772,55.518,40.9557,40.9557,57.2581,42.2093,42.2093,
SFX_A01,24,Dalbergia melanoxylon,Fabaceae,289210.6745,9289522.939,0.8,,22.7,,,20111022,A,O,P02,18.63,18.63,feldpausch_regional,0.18,default,1.0,22.88,18.72,22.7,True,O,18.63,feldpausch,22.88,18.724000768206338,1.0772,157.453,113.5391,113.5391,160.6867,115.8227,115.8227,
SFX_A01,25,,,289226.6745,9289526.939,0.58,0.201631277,30.8,9.01,,20111025,D,O,P02,22.48,22.48,feldpausch_regional,0.18,default,1.0,30.98,22.55,30.8,False,O,9.01,measured,30.98,9.041051514044323,0.7138,140.5799,140.5799,166.5486,142.6663,142.6663,169.0205,
SFX_A01,26,,,289217.6745,9289521.939,0.58,,32.5,,,20111025,D,O,P02,23.2,23.2,feldpausch_regional,0.18,default,1.0,32.68,23.27,32.5,False,O,23.2,feldpausch,32.68,23.27459298417679,0.7138,392.9826,392.9826,465.5768,398.4888,398.4888,472.1002,
SFX_A01,27,Bertholletia excelsa,Lecythidaceae,289222.6745,9289520.539,0.64,,13.5,,,20111022,A,O,P02,13.15,13.15,feldpausch_regional,0.18,default,1.0,13.68,13.28,13.5,True,O,13.15,feldpausch,13.68,13.272104600854616,0.638,40.6391,30.2001,30.2001,42.0814,31.2461,31.2461,
SFX_A01,28,Dalbergia melanoxylon,Fabaceae,289223.6745,9289518.939,0.8,,16.2,,,20111022,A,O,P02,14.91,14.91,feldpausch_regional,0.18,default,1.0,16.38,15.03,16.2,True,O,14.91,feldpausch,16.38,15.022292044589127,1.0772,65.5765,48.1941,48.1941,67.4988,49.5744,49.5744,
SFX_A01,29,Dalbergia melanoxylon,Fabaceae,289224.6745,9289517.639,0.8,,23.4,,,20111022,A,O,P02,18.99,18.99,feldpausch_regional,0.18,default,1.0,23.58,19.09,23.4,True,O,18.99,feldpausch,23.58,19.082332628088817,1.0772,170.2199,122.5532,122.5532,173.6051,124.9406,124.9406,
SFX_A01,30,Dalbergia melanoxylon,Fabaceae,289224.6745,9289517.639,0.8,,24.2,,,20111022,A,O,P02,19.4,19.4,feldpausch_regional,0.18,default,1.0,24.38,19.49,24.2,True,O,19.4,feldpausch,24.38,19.490517272099257,1.0772,185.5935,133.3865,133.3865,189.1551,135.8947,135.8947,
SFX_A01,31,,,289221.6745,9289511.939,0.58,0.230933165,37.7,6.49,,20111025,D,O,P02,25.24,25.24,feldpausch_regional,0.18,default,1.0,37.88,25.3,37.7,False,O,6.49,measured,37.88,6.507153207025483,0.7138,151.4362,151.4362,179.4105,153.2451,153.2451,181.5535,
SFX_A01,32,Dalbergia melanoxylon,Fabaceae,289226.6745,9289509.139,0.8,0.039535537,13.7,5.17,1.72,20111022,A,O,P02,13.29,13.29,feldpausch_regional,0.18,default,1.0,13.88,13.41,13.7,True,O,5.17,measured,13.879999999999999,5.2172096195704984,1.0772,16.8154,14.4923,14.4923,17.403,14.9866,14.9866,
SFX_A01,33,Clarisia racemosa,Moraceae,289225.6745,9289507.939,0.59,,14.7,,,20111022,A,O,P02,13.95,13.95,feldpausch_regional,0.18,default,1.0,14.88,14.07,14.7,True,O,13.95,feldpausch,14.879999999999999,14.067528165120201,0.5854,50.8357,37.5799,37.5799,52.4858,38.771,38.771,
SFX_A01,34,Cordia scabrifolia,Boraginaceae,289227.8745,9289511.939,0.47,,20.5,,,20111022,A,O,P02,17.45,17.45,feldpausch_regional,0.18,default,1.0,20.68,17.54,20.5,True,O,17.45,feldpausch,20.68,17.549577275527504,0.474,121.0589,87.772,87.772,123.8282,89.7368,89.7368,
SFX_A01,35,Dalbergia melanoxylon,Fabaceae,289238.6745,9289514.139,0.8,0.186608077,19.7,11.8,6.84,20111022,A,O,P02,17.0,17.0,feldpausch_regional,0.18,default,1.0,19.88,17.1,19.7,True,O,11.8,measured,19.88,11.87061502652304,1.0772,76.4567,58.8561,58.8561,78.2808,60.2298,60.2298,
SFX_A01,36,Dalbergia melanoxylon,Fabaceae,289239.6745,9289516.939,0.8,,15.9,,,20111022,A,O,P02,14.73,14.73,feldpausch_regional,0.18,default,1.0,16.08,14.84,15.9,True,O,14.73,feldpausch,16.080000000000002,14.843366800940444,1.0772,62.4818,45.9667,45.9667,64.3497,47.3091,47.3091,
SFX_A01,37,Dalbergia melanoxylon,Fabaceae,289232.6745,9289519.639,0.8,,24.0,,,20111022,A,O,P02,19.3,19.3,feldpausch_regional,0.18,default,1.0,24.18,19.39,24.0,True,O,19.3,feldpausch,24.18,19.390973583678605,1.0772,181.6925,130.6375,130.6375,185.2101,133.1155,133.1155,
SFX_A01,38,,,289228.6745,9289525.739,0.58,,12.0,,,20111025,D,O,P02,12.11,12.11,feldpausch_regional,0.18,default,1.0,12.18,12.23,12.0,False,O,12.11,feldpausch,12.18,12.238454722800167,0.7138,29.7969,29.7969,35.3012,30.9931,30.9931,36.7184,
SFX_A01,39,,,289232.6745,9289526.539,0.58,,23.0,,,20111025,D,O,P02,18.79,18.79,feldpausch_regional,0.18,default,1.0,23.18,18.88,23.0,False,O,18.79,feldpausch,23.18,18.883303954264353,0.7138,162.8943,162.8943,192.9852,166.1936,166.1936,196.8939,
SFX_A01,40,Couratari stellata,Lecythidaceae,289233.6745,9289527.039,0.63,,10.3,,,20111022,A,O,P02,10.85,10.85,feldpausch_regional,0.18,default,1.0,10.48,10.99,10.3,True,O,10.85,feldpausch,10.48,10.986468518055306,0.6331,19.8654,15.0216,15.0216,20.801,15.711,15.711,
SFX_A01,41,Dalbergia melanoxylon,Fabaceae,289242.6745,9289524.939,0.8,,21.4,,,20111022,A,O,P02,17.94,17.94,feldpausch_regional,0.18,default,1.0,21.58,18.04,21.4,True,O,17.94,feldpausch,21.58,18.037221371604158,1.0772,135.2568,97.8394,97.8394,138.2136,99.933,99.933,
SFX_A01,42,Dalbergia melanoxylon,Fabaceae,289242.6745,9289524.939,0.8,,29.8,,,20111022,A,O,P02,22.04,22.04,feldpausch_regional,0.18,default,1.0,29.98,22.12,29.8,True,O,22.04,feldpausch,29.98,22.119237325061114,1.0772,315.577,224.5118,224.5118,320.4289,227.9002,227.9002,
SFX_A01,43,Dalbergia melanoxylon,Fabaceae,289248.6745,9289524.939,0.8,,32.2,,,20111022,A,O,P02,23.07,23.07,feldpausch_regional,0.18,default,1.0,32.38,23.15,32.2,True,O,23.07,feldpausch,32.38,23.14507326245848,1.0772,383.8219,272.1098,272.1098,389.2536,275.8927,275.8927,
SFX_A01,44,Tetragastris panamensis,Burseraceae,289246.6745,9289525.939,0.73,,11.0,,,20111022,A,O,P02,11.38,11.38,feldpausch_regional,0.18,default,1.0,11.18,11.51,11.0,True,O,11.38,feldpausch,11.18,11.51305215287207,0.7173,23.6621,17.8143,17.8143,24.7025,18.5779,18.5779,
SFX_A01,45,Dalbergia melanoxylon,Fabaceae,289250.6745,9289526.939,0.8,0.512685569,35.3,10.1,6.07,20111022,A,O,P02,24.32,24.32,feldpausch_regional,0.18,default,1.0,35.48,24.39,35.3,True,O,10.1,measured,35.48,10.129139765124627,1.0772,205.0853,166.3963,166.3963,207.7148,168.4942,168.4942,
SFX_A01,46,Dalbergia melanoxylon,Fabaceae,289244.6745,9289525.939,0.8,,31.9,,,20111022,A,O,P02,22.95,22.95,feldpausch_regional,0.18,default,1.0,32.08,23.02,31.9,True,O,22.95,feldpausch,32.08,23.025593914225006,1.0772,374.9592,265.9262,265.9262,380.3189,269.6601,269.6601,
SFX_A01,47,Dalbergia melanoxylon,Fabaceae,289249.6745,9289530.939,0.8,,10.1,,,20111022,A,O,P02,10.7,10.7,feldpausch_regional,0.18,default,1.0,10.28,10.84,10.1,True,O,10.7,feldpausch,10.28,10.83753457254877,1.0772,18.8614,14.2803,14.2803,19.768,14.9492,14.9492,
SFX_A01,48,Dalbergia melanoxylon,Fabaceae,289248.6745,9289530.939,0.8,,22.1,,,20111022,A,O,P02,18.31,18.31,feldpausch_regional,0.18,default,1.0,22.28,18.41,22.1,True,O,18.31,feldpausch,22.28,18.405440445325464,1.0772,146.9259,106.1019,106.1019,150.0302,108.2969,108.2969,
SFX_A01,49,Jacaranda copaia,Bignoniaceae,289238.6745,9289529.939,0.35,,20.6,,,20111022,A,O,P02,17.5,17.5,feldpausch_regional,0.18,default,1.0,20.78,17.6,20.6,True,O,17.5,feldpausch,20.78,17.599281928827235,0.3507,122.556,88.8381,88.8381,125.3452,90.8166,90.8166,
SFX_A01,50,Tachigali myrmecophila,Fabaceae,289236.6745,9289529.939,0.48,,11.8,,,20111022,A,O,P02,11.96,11.96,feldpausch_regional,0.18,default,1.0,11.98,12.09,11.8,True,O,11.96,feldpausch,11.98,12.089279532921049,0.476,28.4866,21.3505,21.3505,29.6504,22.2012,22.2012,
SFX_A01,51,Dalbergia melanoxylon,Fabaceae,289234.6745,9289529.939,0.8,,37.2,,,20111022,A,O,P02,25.05,25.05,feldpausch_regional,0.18,default,1.0,37.38,25.12,37.2,True,O,25.05,feldpausch,37.38,25.117403265613238,1.0772,551.3112,388.4813,388.4813,557.992,393.113,393.113,
SFX_A01,52,Dalbergia melanoxylon,Fabaceae,289234.6745,9289534.939,0.8,,11.1,,,20111022,A,O,P02,11.45,11.45,feldpausch_regional,0.18,default,1.0,11.28,11.58,11.1,True,O,11.45,feldpausch,11.28,11.582526964763572,1.0772,24.2284,18.2309,18.2309,25.2837,19.005,19.005,
SFX_A01,53,Zanthoxylum rhoifolium,Rutaceae,289232.6745,9289530.939,0.49,,23.3,,,20111022,A,O,P02,18.94,18.94,feldpausch_regional,0.18,default,1.0,23.48,19.03,23.3,True,O,18.94,feldpausch,23.48,19.032572844788827,0.5692,168.3691,121.2462,121.2462,171.7327,123.6188,123.6188,
SFX_A01,54,Dalbergia melanoxylon,Fabaceae,289235.6745,9289534.939,0.8,,29.6,,,20111022,A,O,P02,21.95,21.95,feldpausch_regional,0.18,default,1.0,29.78,22.03,29.6,True,O,21.95,feldpausch,29.78,22.02959467472602,1.0772,310.2146,220.7681,220.7681,315.0185,224.1239,224.1239,
SFX_A01,55,Neea oppositifolia,Nyctaginaceae,289241.6745,9289538.939,0.89,,11.5,,,20111022,A,O,P02,11.75,11.75,feldpausch_regional,0.18,default,1.0,11.68,11.88,11.5,True,O,11.75,feldpausch,11.68,11.880726638916336,0.893,26.6256,19.9869,19.9869,27.7432,20.805,20.805,
SFX_A01,56,Dalbergia melanoxylon,Fabaceae,289243.6745,9289536.939,0.8,0.947051689,45.5,11.23,7.0,20111022,A,O,P02,27.91,27.91,feldpausch_regional,0.18,default,1.0,45.68,27.97,45.5,True,O,11.23,measured,45.68,11.252923169889266,1.0772,373.31,301.5039,301.5039,376.9476,304.4014,304.4014,
SFX_A01,57,Dalbergia melanoxylon,Fabaceae,289245.6745,9289533.939,0.8,,22.2,,,20111022,A,O,P02,18.37,18.37,feldpausch_regional,0.18,default,1.0,22.38,18.46,22.2,True,O,18.37,feldpausch,22.38,18.465230646213495,1.0772,148.7004,107.3512,107.3512,151.8273,109.5615,109.5615,
SFX_A01,58,Eschweilera parviflora,Lecythidaceae,289247.6745,9289531.939,0.89,,11.9,,,20111022,A,O,P02,12.03,12.03,feldpausch_regional,0.18,default,1.0,12.08,12.16,11.9,True,O,12.03,feldpausch,12.08,12.158810817623012,0.918,29.1251,21.8178,21.8178,30.3046,22.6795,22.6795,
SFX_A01,60,Parkia sp.,Fabaceae,289239.6745,9289545.939,0.45,,22.0,,,20111022,A,O,P02,18.26,18.26,feldpausch_regional,0.18,default,1.0,22.18,18.36,22.0,True,O,18.26,feldpausch,22.18,18.355704095147416,0.4553,145.2428,104.9089,104.9089,148.3263,107.0896,107.0896,
SFX_A01,61,Inga marginata,Fabaceae,289235.6745,9289546.939,0.57,,12.4,,,20111022,A,O,P02,12.39,12.39,feldpausch_regional,0.18,default,1.0,12.58,12.52,12.4,True,O,12.39,feldpausch,12.58,12.516664569424172,0.5518,32.4831,24.2681,24.2681,33.7432,25.1864,25.1864,
SFX_A01,62,Helicostylis sp.,Moraceae,289233.6745,9289544.939,0.65,,10.6,,,20111022,A,O,P02,11.08,11.08,feldpausch_regional,0.18,default,1.0,10.78,11.21,10.6,True,O,11.08,feldpausch,10.78,11.214993655523715,0.643,21.4451,16.1847,16.1847,22.4252,16.9057,16.9057,
SFX_A01,63,Dalbergia melanoxylon,Fabaceae,289231.6745,9289540.939,0.8,,33.2,,,20111022,A,O,P02,23.48,23.48,feldpausch_regional,0.18,default,1.0,33.38,23.56,33.2,True,O,23.48,feldpausch,33.38,23.55342718556929,1.0772,414.4991,293.472,293.472,420.1756,297.4215,297.4215,
SFX_A01,64,Brosimum rubescens,Moraceae,289230.6745,9289536.439,0.83,,14.0,,,20111022,A,O,P02,13.49,13.49,feldpausch_regional,0.18,default,1.0,14.18,13.61,14.0,True,O,13.49,feldpausch,14.18,13.61017883290909,0.8251,44.7295,33.1639,33.1639,46.2577,34.2699,34.2699,
SFX_A01,65,NI,NI,289229.6745,9289546.939,0.62,,11.9,,,20111022,A,O,P02,12.03,12.03,feldpausch_regional,0.18,default,1.0,12.08,12.16,11.9,True,O,12.03,feldpausch,12.08,12.158810817623012,0.7138,29.1251,21.8178,21.8178,30.3046,22.6795,22.6795,
SFX_A01,66,Tabebuia serratifolia,Bignoniaceae,289231.6745,9289547.939,0.92,,18.5,,,20111022,A,O,P02,16.31,16.31,feldpausch_regional,0.18,default,1.0,18.68,16.41,18.5,True,O,16.31,feldpausch,18.68,16.415156653125518,0.924,92.7545,67.6379,67.6379,95.119,69.324,69.324,
SFX_A01,67,Virola melinoni,Myristicaceae,289233.6745,9289550.939,0.48,,12.3,,,20111022,A,O,P02,12.32,12.32,feldpausch_regional,0.18,default,1.0,12.48,12.45,12.3,True,O,12.32,feldpausch,12.48,12.44710302840369,0.4734,31.7974,23.7678,23.7678,33.0414,24.6748,24.6748,
SFX_A01,68,Dalbergia melanoxylon,Fabaceae,289229.6745,9289552.939,0.8,,26.6,,,20111022,A,O,P02,20.58,20.58,feldpausch_regional,0.18,default,1.0,26.78,20.66,26.6,True,O,20.58,feldpausch,26.78,20.665403009181478,1.0772,236.4571,169.1302,169.1302,240.5609,172.0086,172.0086,
SFX_A01,1,,,289245.2185,9289727.604,0.58,,14.7,,,20111025,D,O,P03,13.95,13.95,feldpausch_regional,0.18,default,1.0,14.88,14.07,14.7,False,O,13.95,feldpausch,14.879999999999999,14.067528165120201,0.7138,50.8357,50.8357,60.2264,52.4858,52.4858,62.1814,
SFX_A01,2,Tetragastris panamensis,Burseraceae,289243.2185,9289723.604,0.73,,12.6,,,20111022,A,O,P03,12.53,12.53,feldpausch_regional,0.18,default,1.0,12.78,12.66,12.6,True,O,12.53,feldpausch,12.78,12.655804961925917,0.7173,33.8832,25.2886,25.2886,35.1758,26.2298,26.2298,
SFX_A01,3,Dalbergia melanoxylon,Fabaceae,289244.2185,9289719.904,0.8,0.665705275,38.4,11.08,6.87,20111022,A,O,P03,25.5,25.5,feldpausch_regional,0.18,default,1.0,38.58,25.56,38.4,True,O,11.08,measured,38.58,11.108568697773778,1.0772,264.5733,212.4005,212.4005,267.6715,214.8485,214.8485,
SFX_A01,4,Dalbergia melanoxylon,Fabaceae,289240.2185,9289720.404,0.8,,12.0,,,20111022,A,O,P03,12.11,12.11,feldpausch_regional,0.18,default,1.0,12.18,12.23,12.0,True,O,12.11,feldpausch,12.18,12.238454722800167,1.0772,29.7969,22.3066,22.3066,30.9931,23.1801,23.1801,
SFX_A01,5,Inga marginata,Fabaceae,289245.2185,9289716.604,0.57,,10.6,,,20111022,A,O,P03,11.08,11.08,feldpausch_regional,0.18,default,1.0,10.78,11.21,10.6,True,O,11.08,feldpausch,10.78,11.214993655523715,0.5518,21.4451,16.1847,16.1847,22.4252,16.9057,16.9057,
SFX_A01,6,Jacaratia spinosa,Caricaceae,289247.9185,9289714.604,0.27,0.598257645,40.7,26.78,12.24,20111022,A,O,P03,26.32,26.32,feldpausch_regional,0.18,default,1.0,40.88,26.38,40.7,True,O,26.78,measured,40.88,26.843805561478437,0.265,701.3456,491.131,491.131,709.058,496.4502,496.4502,
SFX_A01,7,Dalbergia melanoxylon,Fabaceae,289245.2185,9289711.604,0.8,0.572214981,36.3,10.66,3.56,20111022,A,O,P03,24.71,24.71,feldpausch_regional,0.18,default,1.0,36.48,24.78,36.3,True,O,10.66,measured,36.48,10.689636440833583,1.0772,228.2913,183.8985,183.8985,231.1317,186.149,186.149,
SFX_A01,8,Jacaranda copaia,Bignoniaceae,289242.2185,9289712.404,0.35,0.029513936,11.0,13.55,10.05,20111022,A,O,P03,11.38,11.38,feldpausch_regional,0.18,default,1.0,11.18,11.51,11.0,True,O,13.55,measured,11.18,13.708423257593722,0.3507,28.0564,20.5481,20.5481,29.29,21.4288,21.4288,
SFX_A01,9,Virola melinoni,Myristicaceae,289236.2185,9289713.304,0.48,,11.1,,,20111022,A,O,P03,11.45,11.45,feldpausch_regional,0.18,default,1.0,11.28,11.58,11.1,True,O,11.45,feldpausch,11.28,11.582526964763572,0.4734,24.2284,18.2309,18.2309,25.2837,19.005,19.005,
SFX_A01,10,Socratea exorrhiza,Arecaceae,289238.2185,9289712.604,0.62,0.065349123,17.5,,,20111022,A,P,P03,15.71,15.71,feldpausch_regional,0.18,default,1.0,17.68,15.82,17.5,True,P,15.71,feldpausch,17.68,15.818130686445201,0.23,80.2304,,,82.3989,,,
SFX_A01,11,NI,NI,289242.2185,9289711.604,0.62,,21.6,,,20111022,A,O,P03,18.05,18.05,feldpausch_regional,0.18,default,1.0,21.78,18.14,21.6,True,O,18.05,feldpausch,21.78,18.146725757154126,0.7138,138.5595,100.1764,100.1764,141.5588,102.2992,102.2992,
SFX_A01,12,NI,NI,289242.2185,9289711.604,0.62,,13.5,,,20111022,A,O,P03,13.15,13.15,feldpausch_regional,0.18,default,1.0,13.68,13.28,13.5,True,O,13.15,feldpausch,13.68,13.272104600854616,0.7138,40.6391,30.2001,30.2001,42.0814,31.2461,31.2461,
SFX_A01,13,Theobroma glaucum,Malvaceae,289237.2185,9289711.104,0.53,,14.2,,,20111022,A,O,P03,13.62,13.62,feldpausch_regional,0.18,default,1.0,14.38,13.74,14.2,True,O,13.62,feldpausch,14.379999999999999,13.739386999997594,0.5297,46.4178,34.3869,34.3869,47.9802,35.5169,35.5169,
SFX_A01,14,Astronium gracile,Anacardiaceae,289232.2185,9289711.304,0.73,0.25310728,19.2,18.48,8.58,20111022,A,O,P03,16.71,16.71,feldpausch_regional,0.18,default,1.0,19.38,16.82,19.2,True,O,18.48,measured,19.38,18.59402275435092,0.73,112.659,80.6908,80.6908,115.4207,82.6256,82.6256,
SFX_A01,15,Sapium marmieri,Euphorbiaceae,289236.2185,9289709.604,0.41,,25.5,,,20111022,A,O,P03,20.05,20.05,feldpausch_regional,0.18,default,1.0,25.68,20.13,25.5,True,O,20.05,feldpausch,25.68,20.137695965808255,0.41,212.271,152.1491,152.1491,216.1244,154.8565,154.8565,
SFX_A01,19,Inga marginata,Fabaceae,289243.2185,9289704.604,0.57,,12.2,6.46,,20111022,A,O,P03,12.25,12.25,feldpausch_regional,0.18,default,1.0,12.38,12.38,12.2,True,O,6.46,measured,12.379999999999999,6.527261753595343,0.5518,16.6656,13.7895,13.7895,17.3232,14.3203,14.3203,
SFX_A01,20,Pterocarpus sp.,Fabaceae,289246.2185,9289704.204,0.51,0.247690544,23.7,16.91,10.63,20111022,A,O,P03,19.15,19.15,feldpausch_regional,0.18,default,1.0,23.88,19.24,23.7,True,O,16.91,measured,23.88,16.99094724753815,0.5838,155.8252,114.3346,114.3346,158.8825,116.5322,116.5322,
SFX_A01,21,NI,NI,289247.9185,9289701.404,0.62,,16.0,,,20111022,A,O,P03,14.79,14.79,feldpausch_regional,0.18,default,1.0,16.18,14.9,16.0,True,O,14.79,feldpausch,16.18,14.9030047878044,0.7138,63.5026,46.7018,46.7018,65.3886,48.0568,48.0568,
SFX_A01,22,,,289242.2185,9289700.404,0.58,,18.1,,,20111025,D,O,P03,16.07,16.07,feldpausch_regional,0.18,default,1.0,18.28,16.18,18.1,False,O,16.07,feldpausch,18.28,16.176314157111495,0.7138,87.6034,87.6034,103.786,89.8886,89.8886,106.4934,
SFX_A01,23,Sterculia pruriens,Malvaceae,289236.2185,9289702.004,0.49,,16.2,,,20111022,A,O,P03,14.91,14.91,feldpausch_regional,0.18,default,1.0,16.38,15.03,16.2,True,O,14.91,feldpausch,16.38,15.022292044589127,0.4862,65.5765,48.1941,48.1941,67.4988,49.5744,49.5744,
SFX_A01,24,,,289236.2185,9289702.004,0.58,,10.2,,,20111025,D,O,P03,10.78,10.78,feldpausch_regional,0.18,default,1.0,10.38,10.91,10.2,False,O,10.78,feldpausch,10.379999999999999,10.917060734410658,0.7138,19.368,19.368,22.9457,20.2894,20.2894,24.0374,
SFX_A01,25,Dalbergia melanoxylon,Fabaceae,289235.2185,9289701.904,0.8,1.048774571,59.0,7.39,3.68,20111022,A,O,P03,31.69,31.69,feldpausch_regional,0.18,default,1.0,59.18,31.74,59.0,True,O,7.39,measured,59.18,7.400320760599913,1.0772,412.0603,360.0101,360.0101,415.0828,362.6238,362.6238,
SFX_A01,26,,,289234.2185,9289701.904,0.58,,14.2,,,20111025,D,O,P03,13.62,13.62,feldpausch_regional,0.18,default,1.0,14.38,13.74,14.2,False,O,13.62,feldpausch,14.379999999999999,13.739386999997594,0.7138,46.4178,46.4178,54.9924,47.9802,47.9802,56.8434,
SFX_A01,27,Inga marginata,Fabaceae,289235.2185,9289701.304,0.57,,10.2,,,20111022,A,O,P03,10.78,10.78,feldpausch_regional,0.18,default,1.0,10.38,10.91,10.2,True,O,10.78,feldpausch,10.379999999999999,10.917060734410658,0.5518,19.368,14.6535,14.6535,20.2894,15.3329,15.3329,
SFX_A01,28,Tachigali myrmecophila,Fabaceae,289235.2185,9289697.604,0.48,,29.4,,,20111022,A,O,P03,21.86,21.86,feldpausch_regional,0.18,default,1.0,29.58,21.94,29.4,True,O,21.86,feldpausch,29.58,21.939956040474073,0.476,304.9111,217.0641,217.0641,309.6672,220.3873,220.3873,
SFX_A01,31,Cordia scabrifolia,Boraginaceae,289239.2185,9289697.004,0.47,,13.0,,,20111022,A,O,P03,12.81,12.81,feldpausch_regional,0.18,default,1.0,13.18,12.93,13.0,True,O,12.81,feldpausch,13.18,12.934151333479754,0.474,36.7999,27.4108,27.4108,38.1585,28.3983,28.3983,
SFX_A01,32,Cordia scabrifolia,Boraginaceae,289240.2185,9289697.004,0.47,,15.0,,,20111022,A,O,P03,14.15,14.15,feldpausch_regional,0.18,default,1.0,15.18,14.27,15.0,True,O,14.15,feldpausch,15.18,14.266478171745444,0.474,53.6203,39.5877,39.5877,55.3244,40.8163,40.8163,
SFX_A01,33,Stryphnodendron pulcherrimum,Fabaceae,289244.2185,9289696.604,0.47,,11.3,,,20111022,A,O,P03,11.6,11.6,feldpausch_regional,0.18,default,1.0,11.48,11.73,11.3,True,O,11.6,feldpausch,11.48,11.731613829769724,0.475,25.4086,19.096,19.096,26.4948,19.892,19.892,
SFX_A01,34,Castilla ulei,Moraceae,289246.2185,9289693.104,0.82,,14.5,,,20111022,A,O,P03,13.82,13.82,feldpausch_regional,0.18,default,1.0,14.68,13.94,14.5,True,O,13.82,feldpausch,14.68,13.938276193103338,0.5675,49.0441,36.2853,36.2853,50.6592,37.452,37.452,
SFX_A01,35,Tetragastris panamensis,Burseraceae,289247.9185,9289692.604,0.73,,17.9,,,20111022,A,O,P03,15.95,15.95,feldpausch_regional,0.18,default,1.0,18.08,16.06,17.9,True,O,15.95,feldpausch,18.08,16.05690861407586,0.7173,85.099,62.1761,62.1761,87.345,63.7805,63.7805,
SFX_A01,36,Tetragastris panamensis,Burseraceae,289247.7185,9289690.404,0.73,,19.8,,,20111022,A,O,P03,17.05,17.05,feldpausch_regional,0.18,default,1.0,19.98,17.16,19.8,True,O,17.05,feldpausch,19.98,17.151419012686905,0.7173,110.5896,80.3416,80.3416,113.2139,82.2068,82.2068,
SFX_A01,37,Brosimum rubescens,Moraceae,289242.2185,9289689.904,0.83,,10.7,,,20111022,A,O,P03,11.15,11.15,feldpausch_regional,0.18,default,1.0,10.88,11.29,10.7,True,O,11.15,feldpausch,10.879999999999999,11.28443676148572,0.8251,21.9765,16.5767,16.5767,22.971,17.308,17.308,
SFX_A01,38,Dalbergia melanoxylon,Fabaceae,289240.2185,9289690.704,0.8,0.956305234,43.1,12.64,6.74,20111022,A,O,P03,27.14,27.14,feldpausch_regional,0.18,default,1.0,43.28,27.2,43.1,True,O,12.64,measured,43.28,12.667830678794045,1.0772,376.9341,298.0184,298.0184,380.8297,301.054,301.054,
SFX_A01,39,Tetragastris panamensis,Burseraceae,289236.2185,9289692.804,0.73,,10.3,,,20111022,A,O,P03,10.85,10.85,feldpausch_regional,0.18,default,1.0,10.48,10.99,10.3,True,O,10.85,feldpausch,10.48,10.986468518055306,0.7173,19.8654,15.0216,15.0216,20.801,15.711,15.711,
SFX_A01,40,Eriotheca globosa,Malvaceae,289246.2185,9289687.804,0.41,,16.6,,,20111022,A,O,P03,15.16,15.16,feldpausch_regional,0.18,default,1.0,16.78,15.27,16.6,True,O,15.16,feldpausch,16.78,15.270983031789134,0.41,69.8995,51.2965,51.2965,71.8967,52.7286,52.7286,
SFX_A01,41,Tetragastris panamensis,Burseraceae,289244.2185,9289687.204,0.73,,12.9,,,20111022,A,O,P03,12.74,12.74,feldpausch_regional,0.18,default,1.0,13.08,12.87,12.9,True,O,12.74,feldpausch,13.08,12.864556853521592,0.7173,36.056,26.87,26.87,37.398,27.8458,27.8458,
SFX_A01,42,Pradosia praealta,Sapotaceae,289241.2185,9289684.304,0.73,,10.4,,,20111022,A,O,P03,10.93,10.93,feldpausch_regional,0.18,default,1.0,10.58,11.06,10.4,True,O,10.93,feldpausch,10.58,11.066010609221836,0.7378,20.3893,15.407,15.407,21.3399,16.107,16.107,
SFX_A01,45,Dalbergia melanoxylon,Fabaceae,289245.2185,9289681.604,0.8,,42.0,,,20111022,A,O,P03,26.77,26.77,feldpausch_regional,0.18,default,1.0,42.18,26.83,42.0,True,O,26.77,feldpausch,42.18,26.83108727782577,1.0772,745.4665,522.8468,522.8468,753.3897,528.322,528.322,
SFX_A01,46,Castilla ulei,Moraceae,289248.5185,9289678.604,0.82,,14.1,,,20111022,A,O,P03,13.56,13.56,feldpausch_regional,0.18,default,1.0,14.28,13.68,14.1,True,O,13.56,feldpausch,14.28,13.679824759611861,0.5675,45.585,33.7821,33.7821,47.1308,34.9003,34.9003,
SFX_A01,47,Rinorea racemosa,Violaceae,289248.7185,9289682.604,0.68,,11.5,,,20111022,A,O,P03,11.75,11.75,feldpausch_regional,0.18,default,1.0,11.68,11.88,11.5,True,O,11.75,feldpausch,11.68,11.880726638916336,0.682,26.6256,19.9869,19.9869,27.7432,20.805,20.805,
SFX_A01,48,Terminalia amazonia,Combretaceae,289254.2185,9289682.604,0.68,,18.5,,,20111022,A,O,P03,16.31,16.31,feldpausch_regional,0.18,default,1.0,18.68,16.41,18.5,True,O,16.31,feldpausch,18.68,16.415156653125518,0.6735,92.7545,67.6379,67.6379,95.119,69.324,69.324,
SFX_A01,49,,,289248.2185,9289684.604,0.58,,21.5,,,20111025,D,O,P03,17.99,17.99,feldpausch_regional,0.18,default,1.0,21.68,18.09,21.5,False,O,17.99,feldpausch,21.68,18.08694568357828,0.7138,136.8646,136.8646,162.147,139.8418,139.8418,165.6742,
SFX_A01,50,Guarea guidonia,Meliaceae,289255.2185,9289689.304,0.55,,22.2,,,20111022,A,O,P03,18.37,18.37,feldpausch_regional,0.18,default,1.0,22.38,18.46,22.2,True,O,18.37,feldpausch,22.38,18.465230646213495,0.5651,148.7004,107.3512,107.3512,151.8273,109.5615,109.5615,
SFX_A01,51,Dalbergia melanoxylon,Fabaceae,289250.2185,9289690.304,0.8,,15.7,,,20111022,A,O,P03,14.6,14.6,feldpausch_regional,0.18,default,1.0,15.88,14.71,15.7,True,O,14.6,feldpausch,15.879999999999999,14.714024363716009,1.0772,60.4318,44.4938,44.4938,62.2625,45.8105,45.8105,
SFX_A01,52,Ormosia grossa,Fabaceae,289252.2185,9289692.904,0.62,,10.8,,,20111022,A,O,P03,11.23,11.23,feldpausch_regional,0.18,default,1.0,10.98,11.36,10.8,True,O,11.23,feldpausch,10.98,11.364008063108008,0.5906,22.5359,16.987,16.987,23.5459,17.7292,17.7292,
SFX_A01,53,Theobroma glaucum,Malvaceae,289257.2185,9289694.004,0.53,,13.7,,,20111022,A,O,P03,13.29,13.29,feldpausch_regional,0.18,default,1.0,13.88,13.41,13.7,True,O,13.29,feldpausch,13.879999999999999,13.411357029805014,0.5297,42.2571,31.3721,31.3721,43.7339,32.4423,32.4423,
SFX_A01,54,Pouteria gongrijpii,Sapotaceae,289252.2185,9289695.604,0.8,,15.5,,,20111022,A,O,P03,14.47,14.47,feldpausch_regional,0.18,default,1.0,15.68,14.59,15.5,True,O,14.47,feldpausch,15.68,14.584695600187828,0.7994,58.4259,43.0513,43.0513,60.2199,44.3424,44.3424,
SFX_A01,55,Pouteria gongrijpii,Sapotaceae,289248.5185,9289697.604,0.8,,20.5,,,20111022,A,O,P03,17.45,17.45,feldpausch_regional,0.18,default,1.0,20.68,17.54,20.5,True,O,17.45,feldpausch,20.68,17.549577275527504,0.7994,121.0589,87.772,87.772,123.8282,89.7368,89.7368,
SFX_A01,56,Inga alba,Fabaceae,289251.2185,9289700.204,0.59,,15.3,,,20111022,A,O,P03,14.34,14.34,feldpausch_regional,0.18,default,1.0,15.48,14.46,15.3,True,O,14.34,feldpausch,15.48,14.455381033218284,0.5861,56.4638,41.6389,41.6389,58.2214,42.9048,42.9048,
SFX_A01,57,Inga thibaudiana,Fabaceae,289250.2185,9289702.604,0.58,,13.9,,,20111022,A,O,P03,13.42,13.42,feldpausch_regional,0.18,default,1.0,14.08,13.54,13.9,True,O,13.42,feldpausch,14.08,13.540536958975249,0.5786,43.8846,32.553,32.553,45.3952,33.6467,33.6467,
SFX_A01,58,,,289248.2185,9289700.304,0.58,,16.0,,,20111025,D,O,P03,14.79,14.79,feldpausch_regional,0.18,default,1.0,16.18,14.9,16.0,False,O,14.79,feldpausch,16.18,14.9030047878044,0.7138,63.5026,63.5026,75.2333,65.3886,65.3886,77.4676,
SFX_A01,59,,,289248.2185,9289700.204,0.58,0.30777722,42.6,6.84,,20111025,D,O,P03,26.97,26.97,feldpausch_regional,0.18,default,1.0,42.78,27.03,42.6,False,O,6.84,measured,42.78,6.855305689999685,0.7138,202.3406,202.3406,239.7182,204.4584,204.4584,242.2272,
SFX_A01,60,Cordia scabrifolia,Boraginaceae,289268.2185,9289704.604,0.47,,12.1,,,20111022,A,O,P03,12.18,12.18,feldpausch_regional,0.18,default,1.0,12.28,12.31,12.1,True,O,12.18,feldpausch,12.28,12.307997957895681,0.474,30.4544,22.7871,22.7871,31.6664,23.6717,23.6717,
SFX_A01,61,Stryphnodendron pulcherrimum,Fabaceae,289268.2185,9289705.604,0.47,,10.3,,,20111022,A,O,P03,10.85,10.85,feldpausch_regional,0.18,default,1.0,10.48,10.99,10.3,True,O,10.85,feldpausch,10.48,10.986468518055306,0.475,19.8654,15.0216,15.0216,20.801,15.711,15.711,
SFX_A01,62,Inga thibaudiana,Fabaceae,289263.2185,9289704.104,0.58,,17.7,,,20111022,A,O,P03,15.83,15.83,feldpausch_regional,0.18,default,1.0,17.88,15.94,17.7,True,O,15.83,feldpausch,17.88,15.937514002041294,0.5786,82.6414,60.4201,60.4201,84.8486,61.9976,61.9976,
SFX_A01,63,Cordia scabrifolia,Boraginaceae,289262.2185,9289704.104,0.47,,18.7,,,20111022,A,O,P03,16.42,16.42,feldpausch_regional,0.18,default,1.0,18.88,16.53,18.7,True,O,16.42,feldpausch,18.88,16.52452929165796,0.474,95.3454,69.4893,69.4893,97.7486,71.2021,71.2021,
SFX_A01,64,Inga alba,Fabaceae,289261.2185,9289705.604,0.59,,28.2,,,20111022,A,O,P03,21.32,21.32,feldpausch_regional,0.18,default,1.0,28.38,21.4,28.2,True,O,21.32,feldpausch,28.38,21.40221321034931,0.5861,274.311,195.6616,195.6616,278.7845,198.7923,198.7923,
SFX_A01,65,Cordia scabrifolia,Boraginaceae,289262.2185,9289706.604,0.47,,17.2,,,20111022,A,O,P03,15.53,15.53,feldpausch_regional,0.18,default,1.0,17.38,15.64,17.2,True,O,15.53,feldpausch,17.38,15.639077734920187,0.474,76.7,56.1687,56.1687,78.8112,57.6798,57.6798,
SFX_A01,66,Eschweilera coriacea,Lecythidaceae,289268.2185,9289707.604,0.85,,23.5,,,20111022,A,O,P03,19.05,19.05,feldpausch_regional,0.18,default,1.0,23.68,19.14,23.5,True,O,19.05,feldpausch,23.68,19.14214248718335,0.8521,172.1721,123.9222,123.9222,175.5806,126.3255,126.3255,
SFX_A01,67,Xylopia sp.,Annonaceae,289270.2185,9289708.604,0.57,0.297952832,22.8,19.75,12.86,20111022,A,O,P03,18.68,18.68,feldpausch_regional,0.18,default,1.0,22.98,18.78,22.8,True,O,19.75,measured,22.98,19.849120167771837,0.5959,168.1214,120.1443,120.1443,171.5582,122.5496,122.5496,
SFX_A01,68,Tetragastris panamensis,Burseraceae,289264.2185,9289710.604,0.73,,28.2,,,20111022,A,O,P03,21.32,21.32,feldpausch_regional,0.18,default,1.0,28.38,21.4,28.2,True,O,21.32,feldpausch,28.38,21.40221321034931,0.7173,274.311,195.6616,195.6616,278.7845,198.7923,198.7923,
SFX_A01,69,Stryphnodendron pulcherrimum,Fabaceae,289268.2185,9289709.604,0.47,,10.2,,,20111022,A,O,P03,10.78,10.78,feldpausch_regional,0.18,default,1.0,10.38,10.91,10.2,True,O,10.78,feldpausch,10.379999999999999,10.917060734410658,0.475,19.368,14.6535,14.6535,20.2894,15.3329,15.3329,
SFX_A01,70,Inga marginata,Fabaceae,289258.2185,9289708.604,0.57,,19.2,,,20111022,A,O,P03,16.71,16.71,feldpausch_regional,0.18,default,1.0,19.38,16.82,19.2,True,O,16.71,feldpausch,19.38,16.81310174378809,0.5518,102.115,74.3116,74.3116,104.6183,76.0934,76.0934,
SFX_A01,71,Dalbergia melanoxylon,Fabaceae,289251.2185,9289709.104,0.8,,11.3,,,20111022,A,O,P03,11.6,11.6,feldpausch_regional,0.18,default,1.0,11.48,11.73,11.3,True,O,11.6,feldpausch,11.48,11.731613829769724,1.0772,25.4086,19.096,19.096,26.4948,19.892,19.892,
SFX_A01,72,Dalbergia melanoxylon,Fabaceae,289252.5185,9289705.404,0.8,,15.3,,,20111022,A,O,P03,14.34,14.34,feldpausch_regional,0.18,default,1.0,15.48,14.46,15.3,True,O,14.34,feldpausch,15.48,14.455381033218284,1.0772,56.4638,41.6389,41.6389,58.2214,42.9048,42.9048,
SFX_A01,73,Dalbergia melanoxylon,Fabaceae,289248.5185,9289705.404,0.8,,26.0,,,20111022,A,O,P03,20.29,20.29,feldpausch_regional,0.18,default,1.0,26.18,20.37,26.0,True,O,20.29,feldpausch,26.18,20.376629948095378,1.0772,223.0468,159.7213,159.7213,227.0129,162.5059,162.5059,
SFX_A01,74,Dalbergia melanoxylon,Fabaceae,289248.5185,9289717.604,0.8,,20.0,,,20111022,A,O,P03,17.17,17.17,feldpausch_regional,0.18,default,1.0,20.18,17.27,20.0,True,O,17.17,feldpausch,20.18,17.27091573326368,1.0772,113.5552,82.4445,82.4445,116.2215,84.3385,84.3385,
SFX_A01,1,Dialium guianense,Fabaceae,289278.6817,9289875.962,0.89,0.068796664,13.2,8.71,4.35,20111022,A,O,P04,12.95,12.95,feldpausch_regional,0.18,default,1.0,13.38,13.07,13.2,True,O,8.71,measured,13.379999999999999,8.792967199577868,0.8964,26.0183,20.613,20.613,26.9637,21.3439,21.3439,
SFX_A01,2,Dalbergia melanoxylon,Fabaceae,289279.6817,9289882.762,0.8,0.595096062,50.0,5.84,5.66,20111022,A,O,P04,29.28,29.28,feldpausch_regional,0.18,default,1.0,50.18,29.33,50.0,True,O,5.84,measured,50.18,5.85042121904367,1.0772,237.0659,213.2677,213.2677,239.1504,215.1195,215.1195,
SFX_A01,3,NI,NI,289276.6817,9289886.762,0.62,,13.9,,,20111022,A,O,P04,13.42,13.42,feldpausch_regional,0.18,default,1.0,14.08,13.54,13.9,True,O,13.42,feldpausch,14.08,13.540536958975249,0.7138,43.8846,32.553,32.553,45.3952,33.6467,33.6467,
SFX_A01,4,,,289278.1817,9289892.062,0.58,,10.2,,,20111025,D,O,P04,10.78,10.78,feldpausch_regional,0.18,default,1.0,10.38,10.91,10.2,False,O,10.78,feldpausch,10.379999999999999,10.917060734410658,0.7138,19.368,19.368,22.9457,20.2894,20.2894,24.0374,
SFX_A01,5,Pouteria gongrijpii,Sapotaceae,289278.6817,9289893.262,0.8,,15.3,,,20111022,A,O,P04,14.34,14.34,feldpausch_regional,0.18,default,1.0,15.48,14.46,15.3,True,O,14.34,feldpausch,15.48,14.455381033218284,0.7994,56.4638,41.6389,41.6389,58.2214,42.9048,42.9048,
SFX_A01,6,Galipea trifoliata,NI,289278.6817,9289899.862,0.62,,12.0,,,20111022,A,O,P04,12.11,12.11,feldpausch_regional,0.18,default,1.0,12.18,12.23,12.0,True,O,12.11,feldpausch,12.18,12.238454722800167,0.997,29.7969,22.3066,22.3066,30.9931,23.1801,23.1801,
SFX_A01,7,Theobroma glaucum,Malvaceae,289273.6817,9289894.262,0.53,0.075862894,16.5,10.33,5.58,20111022,A,O,P04,15.1,15.1,feldpausch_regional,0.18,default,1.0,16.68,15.21,16.5,True,O,10.33,measured,16.68,10.406157313353836,0.5297,47.5063,37.0307,37.0307,48.8723,38.0711,38.0711,
SFX_A01,8,Tetragastris panamensis,Burseraceae,289270.6817,9289892.262,0.73,,16.4,,,20111022,A,O,P04,15.04,15.04,feldpausch_regional,0.18,default,1.0,16.58,15.15,16.4,True,O,15.04,feldpausch,16.58,15.15166814310292,0.7173,67.7376,49.7434,49.7434,69.6978,51.1499,51.1499,
SFX_A01,9,Pourouma minor,Urticaceae,289268.6817,9289886.262,0.44,,25.4,,,20111022,A,O,P04,20.0,20.0,feldpausch_regional,0.18,default,1.0,25.58,20.08,25.4,True,O,20.0,feldpausch,25.58,20.087904560984484,0.436,210.1364,150.6501,150.6501,213.967,153.342,153.342,
SFX_A01,10,Guatteria schomburgkiana,Annonaceae,289275.6817,9289884.562,0.6,,17.1,,,20111022,A,O,P04,15.47,15.47,feldpausch_regional,0.18,default,1.0,17.28,15.58,17.1,True,O,15.47,feldpausch,17.28,15.579399491439865,0.6,75.546,55.342,55.342,77.6382,56.8399,56.8399,
SFX_A01,11,Guatteria schomburgkiana,Annonaceae,289275.6817,9289884.462,0.6,,19.1,,,20111022,A,O,P04,16.65,16.65,feldpausch_regional,0.18,default,1.0,19.28,16.76,19.1,True,O,16.65,feldpausch,19.28,16.75336994598365,0.6,100.7252,73.3235,73.3235,103.208,75.0912,75.0912,
SFX_A01,12,Pouteria sp.,Sapotaceae,289264.6817,9289884.462,0.78,,11.1,,,20111022,A,O,P04,11.45,11.45,feldpausch_regional,0.18,default,1.0,11.28,11.58,11.1,True,O,11.45,feldpausch,11.28,11.582526964763572,0.7187,24.2284,18.2309,18.2309,25.2837,19.005,19.005,
SFX_A01,13,Astronium gracile,Anacardiaceae,289266.6817,9289879.862,0.73,2.631037012,60.8,19.15,12.46,20111022,A,O,P04,32.13,32.13,feldpausch_regional,0.18,default,1.0,60.98,32.17,60.8,True,O,19.15,measured,60.98,19.175545415625994,0.73,1106.7186,833.0684,833.0684,1114.5725,838.9227,838.9227,
SFX_A01,14,NI,NI,289268.6817,9289879.862,0.62,,15.7,,,20111022,A,O,P04,14.6,14.6,feldpausch_regional,0.18,default,1.0,15.88,14.71,15.7,True,O,14.6,feldpausch,15.879999999999999,14.714024363716009,0.7138,60.4318,44.4938,44.4938,62.2625,45.8105,45.8105,
SFX_A01,15,,,289259.6817,9289877.262,0.45,,27.8,,,20111025,D,O,P04,21.14,21.14,feldpausch_regional,0.18,default,1.0,27.98,21.22,27.8,False,O,21.14,feldpausch,27.98,21.223001625715785,0.7138,264.5688,264.5688,313.4416,268.9496,268.9496,318.6316,
SFX_A01,16,Eschweilera parviflora,Lecythidaceae,289255.6817,9289876.262,0.89,,14.9,,,20111022,A,O,P04,14.08,14.08,feldpausch_regional,0.18,default,1.0,15.08,14.2,14.9,True,O,14.08,feldpausch,15.08,14.196796720118876,0.918,52.6692,38.9035,38.9035,54.3548,40.1193,40.1193,
SFX_A01,17,Dalbergia melanoxylon,Fabaceae,289271.6817,9289876.562,0.8,,12.3,,,20111022,A,O,P04,12.32,12.32,feldpausch_regional,0.18,default,1.0,12.48,12.45,12.3,True,O,12.32,feldpausch,12.48,12.44710302840369,1.0772,31.7974,23.7678,23.7678,33.0414,24.6748,24.6748,
SFX_A01,18,Eschweilera parviflora,Lecythidaceae,289274.6817,9289874.962,0.89,,10.1,,,20111022,A,O,P04,10.7,10.7,feldpausch_regional,0.18,default,1.0,10.28,10.84,10.1,True,O,10.7,feldpausch,10.28,10.83753457254877,0.918,18.8614,14.2803,14.2803,19.768,14.9492,14.9492,
SFX_A01,19,Vataireopsis speciosa,Fabaceae,289275.6817,9289877.762,0.65,,13.7,,,20111022,A,O,P04,13.29,13.29,feldpausch_regional,0.18,default,1.0,13.88,13.41,13.7,True,O,13.29,feldpausch,13.879999999999999,13.411357029805014,0.65,42.2571,31.3721,31.3721,43.7339,32.4423,32.4423,
SFX_A01,20,,,289276.6817,9289872.762,0.45,,18.7,,,20111025,D,O,P04,16.42,16.42,feldpausch_regional,0.18,default,1.0,18.88,16.53,18.7,False,O,16.42,feldpausch,18.88,16.52452929165796,0.7138,95.3454,95.3454,112.9582,97.7486,97.7486,115.8053,
SFX_A01,21,,,289272.6817,9289872.962,0.45,,15.1,,,20111025,D,O,P04,14.21,14.21,feldpausch_regional,0.18,default,1.0,15.28,14.33,15.1,False,O,14.21,feldpausch,15.28,14.326081213243178,0.7138,54.5451,54.5451,64.621,56.2665,56.2665,66.6604,
SFX_A01,22,Tetragastris panamensis,Burseraceae,289263.6817,9289873.162,0.73,1.779399102,31.2,49.05,34.63,20111022,A,O,P04,22.65,22.65,feldpausch_regional,0.18,default,1.0,31.38,22.73,31.2,True,O,49.05,measured,31.38,49.21625945966667,0.7173,753.5536,473.4906,473.4906,764.584,480.2973,480.2973,
SFX_A01,23,Stryphnodendron pulcherrimum,Fabaceae,289263.5817,9289873.162,0.47,,12.5,,,20111022,A,O,P04,12.46,12.46,feldpausch_regional,0.18,default,1.0,12.68,12.59,12.5,True,O,12.46,feldpausch,12.68,12.58623192584687,0.475,33.1783,24.775,24.775,34.4546,25.7047,25.7047,
SFX_A01,24,,,289260.5817,9289873.162,,0.013152273,10.8,,,20111025,A,L,P04,11.23,11.23,feldpausch_regional,0.18,default,1.0,10.98,11.36,10.8,True,L,11.23,feldpausch,10.98,11.364008063108008,0.7138,22.5359,16.987,16.987,23.5459,17.7292,17.7292,
SFX_A01,25,,,289259.6817,9289872.262,0.45,0.405911999,46.6,10.5,,20111025,D,O,P04,28.26,28.26,feldpausch_regional,0.18,default,1.0,46.78,28.32,46.6,False,O,10.5,measured,46.78,10.520722294485843,0.7138,366.2948,366.2948,433.9591,369.7726,369.7726,438.0793,
SFX_A01,26,Protium heptaphyllum,Burseraceae,289258.6817,9289871.262,0.62,,13.7,,,20111022,A,O,P04,13.29,13.29,feldpausch_regional,0.18,default,1.0,13.88,13.41,13.7,True,O,13.29,feldpausch,13.879999999999999,13.411357029805014,0.6293,42.2571,31.3721,31.3721,43.7339,32.4423,32.4423,
SFX_A01,27,Neea oppositifolia,Nyctaginaceae,289261.6817,9289869.262,0.89,,10.9,,,20111022,A,O,P04,11.3,11.3,feldpausch_regional,0.18,default,1.0,11.08,11.44,10.9,True,O,11.3,feldpausch,11.08,11.433467441478326,0.893,23.0846,17.3912,17.3912,24.1093,18.1438,18.1438,
SFX_A01,28,Brosimum obovata,Moraceae,289262.6817,9289865.562,0.68,,15.3,,,20111022,A,O,P04,14.34,14.34,feldpausch_regional,0.18,default,1.0,15.48,14.46,15.3,True,O,14.34,feldpausch,15.48,14.455381033218284,0.6707,56.4638,41.6389,41.6389,58.2214,42.9048,42.9048,
SFX_A01,29,,,289262.6817,9289870.262,,0.014208072,12.5,,,20111025,A,L,P04,12.46,12.46,feldpausch_regional,0.18,default,1.0,12.68,12.59,12.5,True,L,12.46,feldpausch,12.68,12.58623192584687,0.7138,33.1783,24.775,24.775,34.4546,25.7047,25.7047,
SFX_A01,30,Galipea trifoliata,NI,289266.6817,9289871.262,0.62,,17.4,,,20111022,A,O,P04,15.65,15.65,feldpausch_regional,0.18,default,1.0,17.58,15.76,17.4,True,O,15.65,feldpausch,17.58,15.758443383585726,0.997,79.0422,57.8456,57.8456,81.1915,59.3831,59.3831,
SFX_A01,31,Theobroma glaucum,Malvaceae,289270.6817,9289868.262,0.53,,10.8,,,20111022,A,O,P04,11.23,11.23,feldpausch_regional,0.18,default,1.0,10.98,11.36,10.8,True,O,11.23,feldpausch,10.98,11.364008063108008,0.5297,22.5359,16.987,16.987,23.5459,17.7292,17.7292,
SFX_A01,32,Dialium guianense,Fabaceae,289271.6817,9289867.462,0.89,,14.5,,,20111022,A,O,P04,13.82,13.82,feldpausch_regional,0.18,default,1.0,14.68,13.94,14.5,True,O,13.82,feldpausch,14.68,13.938276193103338,0.8964,49.0441,36.2853,36.2853,50.6592,37.452,37.452,
SFX_A01,33,Tetragastris panamensis,Burseraceae,289268.6817,9289864.262,0.73,,33.1,,,20111022,A,O,P04,23.44,23.44,feldpausch_regional,0.18,default,1.0,33.28,23.52,33.1,True,O,23.44,feldpausch,33.28,23.513591159683436,0.7173,411.3804,291.3002,291.3002,417.0324,295.2331,295.2331,
SFX_A01,34,Pouteria gongrijpii,Sapotaceae,289264.6817,9289862.262,0.8,,42.8,,,20111022,A,O,P04,27.04,27.04,feldpausch_regional,0.18,default,1.0,42.98,27.1,42.8,True,O,27.04,feldpausch,42.98,27.100115733200216,0.7994,781.0475,547.4298,547.4298,789.1809,553.0478,553.0478,
SFX_A01,35,Eschweilera coriacea,Lecythidaceae,289269.6817,9289858.262,0.85,,12.4,,,20111022,A,O,P04,12.39,12.39,feldpausch_regional,0.18,default,1.0,12.58,12.52,12.4,True,O,12.39,feldpausch,12.58,12.516664569424172,0.8521,32.4831,24.2681,24.2681,33.7432,25.1864,25.1864,
SFX_A01,36,Theobroma glaucum,Malvaceae,289272.6817,9289862.262,0.53,0.053297689,12.1,13.5,8.59,20111022,A,O,P04,12.18,12.18,feldpausch_regional,0.18,default,1.0,12.28,12.31,12.1,True,O,13.5,measured,12.28,13.64186965776615,0.5297,33.6716,24.7881,24.7881,35.0117,25.7503,25.7503,
SFX_A01,37,Alibertia edulis,Rubiaceae,289279.1817,9289865.262,0.76,,12.8,,,20111022,A,O,P04,12.67,12.67,feldpausch_regional,0.18,default,1.0,12.98,12.8,12.8,True,O,12.67,feldpausch,12.98,12.794967551192725,0.76,35.3219,26.3361,26.3361,36.6474,27.3003,27.3003,
SFX_A01,38,Ormosia grossa,Fabaceae,289275.6817,9289862.262,0.62,0.03854441,10.8,10.46,6.75,20111022,A,O,P04,11.23,11.23,feldpausch_regional,0.18,default,1.0,10.98,11.36,10.8,True,O,10.46,measured,10.98,10.584819620668723,0.5906,21.0265,16.0282,16.0282,21.9689,16.7284,16.7284,
SFX_A01,39,Oenocarpus bacaba,Arecaceae,289278.6817,9289862.262,0.65,0.079893661,19.5,,,20111022,A,P,P04,16.88,16.88,feldpausch_regional,0.18,default,1.0,19.68,16.99,19.5,True,P,16.88,feldpausch,19.68,16.982249741871016,0.65,106.2977,,,108.8612,,,
SFX_A01,40,Pourouma minor,Urticaceae,289273.6817,9289857.262,0.44,,22.2,,,20111022,A,O,P04,18.37,18.37,feldpausch_regional,0.18,default,1.0,22.38,18.46,22.2,True,O,18.37,feldpausch,22.38,18.465230646213495,0.436,148.7004,107.3512,107.3512,151.8273,109.5615,109.5615,
SFX_A01,41,,,289272.6817,9289853.762,,0.014601611,13.2,,,20111025,A,L,P04,12.95,12.95,feldpausch_regional,0.18,default,1.0,13.38,13.07,13.2,True,L,12.95,feldpausch,13.379999999999999,13.073355365618069,0.7138,38.3174,28.5131,28.5131,39.7097,29.5241,29.5241,
SFX_A01,42,Theobroma glaucum,Malvaceae,289275.6817,9289852.762,0.53,,10.8,,,20111022,A,O,P04,11.23,11.23,feldpausch_regional,0.18,default,1.0,10.98,11.36,10.8,True,O,11.23,feldpausch,10.98,11.364008063108008,0.5297,22.5359,16.987,16.987,23.5459,17.7292,17.7292,
SFX_A01,43,Theobroma glaucum,Malvaceae,289274.6817,9289853.262,0.53,0.084307266,14.8,14.28,10.96,20111022,A,O,P04,14.02,14.02,feldpausch_regional,0.18,default,1.0,14.98,14.14,14.8,True,O,14.28,measured,14.98,14.399375716527786,0.5297,52.7019,38.8285,38.8285,54.4005,40.0505,40.0505,
SFX_A01,44,Parkia paraensis,Fabaceae,289279.5817,9289847.362,0.42,1.96440549,53.9,32.01,20.4,20111022,A,O,P04,30.37,30.37,feldpausch_regional,0.18,default,1.0,54.08,30.42,53.9,True,O,32.01,measured,54.08,32.061186294499365,0.415,1444.3777,996.6913,996.6913,1456.0771,1004.6716,1004.6716,
SFX_A01,45,Pouteria gongrijpii,Sapotaceae,289279.1817,9289853.562,0.8,,17.4,,,20111022,A,O,P04,15.65,15.65,feldpausch_regional,0.18,default,1.0,17.58,15.76,17.4,True,O,15.65,feldpausch,17.58,15.758443383585726,0.7994,79.0422,57.8456,57.8456,81.1915,59.3831,59.3831,
SFX_A01,46,Bertholletia excelsa,Lecythidaceae,289279.7817,9289852.862,0.64,6.744319318,77.0,34.92,25.51,20111022,A,O,P04,35.49,35.49,feldpausch_regional,0.18,default,1.0,77.18,35.53,77.0,True,O,34.92,measured,77.18,34.951931020035445,0.638,3154.5037,2184.1157,2184.1157,3171.7422,2195.9803,2195.9803,
SFX_A01,47,,,289281.6817,9289853.562,0.7,,28.1,,,20111025,D,O,P04,21.28,21.28,feldpausch_regional,0.18,default,1.0,28.28,21.36,28.1,False,O,21.28,feldpausch,28.28,21.36242791701553,0.7138,271.9166,271.9166,322.1467,276.3678,276.3678,327.4202,
SFX_A01,48,Alibertia edulis,Rubiaceae,289280.6817,9289855.262,0.76,,13.6,,,20111022,A,O,P04,13.22,13.22,feldpausch_regional,0.18,default,1.0,13.78,13.34,13.6,True,O,13.22,feldpausch,13.78,13.341728603852474,0.76,41.4429,30.7826,30.7826,42.9025,31.8406,31.8406,
SFX_A01,50,Helicostylis sp.,Moraceae,289285.6817,9289854.462,0.65,,15.3,,,20111022,A,O,P04,14.34,14.34,feldpausch_regional,0.18,default,1.0,15.48,14.46,15.3,True,O,14.34,feldpausch,15.48,14.455381033218284,0.643,56.4638,41.6389,41.6389,58.2214,42.9048,42.9048,
SFX_A01,52,Hevea brasiliensis,Euphorbiaceae,289291.6817,9289859.862,0.49,0.288479682,27.6,15.12,6.21,20111022,A,O,P04,21.05,21.05,feldpausch_regional,0.18,default,1.0,27.78,21.13,27.6,True,O,15.12,measured,27.78,15.179907534807626,0.4666,188.0866,141.4982,141.4982,191.225,143.8143,143.8143,
SFX_A01,53,Guarea guidonia,Meliaceae,289286.6817,9289861.662,0.55,,12.8,,,20111022,A,O,P04,12.67,12.67,feldpausch_regional,0.18,default,1.0,12.98,12.8,12.8,True,O,12.67,feldpausch,12.98,12.794967551192725,0.5651,35.3219,26.3361,26.3361,36.6474,27.3003,27.3003,
SFX_A01,54,Astrocaryum aculeatum,Arecaceae,289285.6817,9289862.862,0.51,0.105939516,22.7,,,20111022,A,P,P04,18.63,18.63,feldpausch_regional,0.18,default,1.0,22.88,18.72,22.7,True,P,18.63,feldpausch,22.88,18.724000768206338,0.508,157.453,,,160.6867,,,
SFX_A01,55,Inga thibaudiana,Fabaceae,289281.6817,9289864.662,0.58,,14.1,,,20111022,A,O,P04,13.56,13.56,feldpausch_regional,0.18,default,1.0,14.28,13.68,14.1,True,O,13.56,feldpausch,14.28,13.679824759611861,0.5786,45.585,33.7821,33.7821,47.1308,34.9003,34.9003,
SFX_A01,56,Dalbergia melanoxylon,Fabaceae,289282.6817,9289867.662,0.8,,29.9,,,20111022,A,O,P04,22.09,22.09,feldpausch_regional,0.18,default,1.0,30.08,22.16,29.9,True,O,22.09,feldpausch,30.08,22.169078030902533,1.0772,318.3507,226.4404,226.4404,323.2278,229.8459,229.8459,
SFX_A01,57,Neea oppositifolia,Nyctaginaceae,289297.6817,9289864.262,0.89,,10.0,,,20111022,A,O,P04,10.62,10.62,feldpausch_regional,0.18,default,1.0,10.18,10.76,10.0,True,O,10.62,feldpausch,10.18,10.7580160268907,0.893,18.3636,13.9133,13.9133,19.2555,14.5718,14.5718,
SFX_A01,58,Jacaranda copaia,Bignoniaceae,289296.6817,9289865.762,0.35,2.915408821,70.1,32.97,20.81,20111022,A,O,P04,34.17,34.17,feldpausch_regional,0.18,default,1.0,70.28,34.21,70.1,True,O,32.97,measured,70.28,33.00516486904796,0.3507,2483.0551,1727.0973,1727.0973,2498.1138,1737.4926,1737.4926,
SFX_A01,59,Dalbergia melanoxylon,Fabaceae,289298.6817,9289865.762,0.8,,12.1,,,20111022,A,O,P04,12.18,12.18,feldpausch_regional,0.18,default,1.0,12.28,12.31,12.1,True,O,12.18,feldpausch,12.28,12.307997957895681,1.0772,30.4544,22.7871,22.7871,31.6664,23.6717,23.6717,
SFX_A01,60,Dalbergia melanoxylon,Fabaceae,289298.6817,9289865.862,0.8,,13.6,,,20111022,A,O,P04,13.22,13.22,feldpausch_regional,0.18,default,1.0,13.78,13.34,13.6,True,O,13.22,feldpausch,13.78,13.341728603852474,1.0772,41.4429,30.7826,30.7826,42.9025,31.8406,31.8406,
SFX_A01,62,Pouteria sp.,Sapotaceae,289294.6817,9289868.662,0.78,,13.1,,,20111022,A,O,P04,12.88,12.88,feldpausch_regional,0.18,default,1.0,13.28,13.0,13.1,True,O,12.88,feldpausch,13.28,13.003750875025517,0.7187,37.5536,27.9585,27.9585,38.9291,28.9577,28.9577,
SFX_A01,63,Lacunaria jenmanii,Quiinaceae,289295.6817,9289869.662,0.8,,12.5,,,20111022,A,O,P04,12.46,12.46,feldpausch_regional,0.18,default,1.0,12.68,12.59,12.5,True,O,12.46,feldpausch,12.68,12.58623192584687,0.8043,33.1783,24.775,24.775,34.4546,25.7047,25.7047,
SFX_A01,64,Cordia scabrifolia,Boraginaceae,289295.6817,9289872.662,0.47,,16.1,,,20111022,A,O,P04,14.85,14.85,feldpausch_regional,0.18,default,1.0,16.28,14.96,16.1,True,O,14.85,feldpausch,16.28,14.962646558594042,0.474,64.5342,47.4442,47.4442,66.4383,48.8118,48.8118,
SFX_A01,65,Neea oppositifolia,Nyctaginaceae,289293.6817,9289871.662,0.89,,10.9,,,20111022,A,O,P04,11.3,11.3,feldpausch_regional,0.18,default,1.0,11.08,11.44,10.9,True,O,11.3,feldpausch,11.08,11.433467441478326,0.893,23.0846,17.3912,17.3912,24.1093,18.1438,18.1438,
SFX_A01,66,Strychnos subcordata,Loganiaceae,289290.6817,9289869.662,0.54,,13.1,,,20111022,A,O,P04,12.88,12.88,feldpausch_regional,0.18,default,1.0,13.28,13.0,13.1,True,O,12.88,feldpausch,13.28,13.003750875025517,0.6959,37.5536,27.9585,27.9585,38.9291,28.9577,28.9577,
SFX_A01,67,Inga marginata,Fabaceae,289288.6817,9289870.362,0.57,,17.6,,,20111022,A,O,P04,15.77,15.77,feldpausch_regional,0.18,default,1.0,17.78,15.88,17.6,True,O,15.77,feldpausch,17.78,15.87782090870245,0.5518,81.4301,59.554,59.554,83.6179,61.1181,61.1181,
SFX_A01,68,Thyrsodium paraense,Anacardiaceae,289299.6817,9289877.262,0.61,0.081705649,16.2,9.97,7.99,20111022,A,O,P04,14.91,14.91,feldpausch_regional,0.18,default,1.0,16.38,15.03,16.2,True,O,9.97,measured,16.38,10.045087302786962,0.645,44.2752,34.6755,34.6755,45.5731,35.6685,35.6685,
SFX_A01,69,Brosimum rubescens,Moraceae,289294.6817,9289876.262,0.83,4.020042565,48.6,40.52,23.14,20111022,A,O,P04,28.87,28.87,feldpausch_regional,0.18,default,1.0,48.78,28.92,48.6,True,O,40.52,measured,48.78,40.59532155136269,0.8251,1485.4569,982.6653,982.6653,1498.9296,991.4628,991.4628,
SFX_A01,70,Cordia scabrifolia,Boraginaceae,289292.6817,9289878.262,0.47,,12.5,,,20111022,A,O,P04,12.46,12.46,feldpausch_regional,0.18,default,1.0,12.68,12.59,12.5,True,O,12.46,feldpausch,12.68,12.58623192584687,0.474,33.1783,24.775,24.775,34.4546,25.7047,25.7047,
SFX_A01,71,Dalbergia melanoxylon,Fabaceae,289292.6817,9289877.962,0.8,,11.0,,,20111022,A,O,P04,11.38,11.38,feldpausch_regional,0.18,default,1.0,11.18,11.51,11.0,True,O,11.38,feldpausch,11.18,11.51305215287207,1.0772,23.6621,17.8143,17.8143,24.7025,18.5779,18.5779,
SFX_A01,72,Pouteria sp.,Sapotaceae,289288.6817,9289876.962,0.78,,13.0,,,20111022,A,O,P04,12.81,12.81,feldpausch_regional,0.18,default,1.0,13.18,12.93,13.0,True,O,12.81,feldpausch,13.18,12.934151333479754,0.7187,36.7999,27.4108,27.4108,38.1585,28.3983,28.3983,
SFX_A01,73,Neea oppositifolia,Nyctaginaceae,289292.6817,9289882.262,0.89,,10.9,,,20111022,A,O,P04,11.3,11.3,feldpausch_regional,0.18,default,1.0,11.08,11.44,10.9,True,O,11.3,feldpausch,11.08,11.433467441478326,0.893,23.0846,17.3912,17.3912,24.1093,18.1438,18.1438,
SFX_A01,74,Strychnos subcordata,Loganiaceae,289292.6817,9289874.262,0.54,,11.9,,,20111022,A,O,P04,12.03,12.03,feldpausch_regional,0.18,default,1.0,12.08,12.16,11.9,True,O,12.03,feldpausch,12.08,12.158810817623012,0.6959,29.1251,21.8178,21.8178,30.3046,22.6795,22.6795,
SFX_A01,75,Dalbergia melanoxylon,Fabaceae,289289.6817,9289878.262,0.8,,26.4,,,20111022,A,O,P04,20.48,20.48,feldpausch_regional,0.18,default,1.0,26.58,20.57,26.4,True,O,20.48,feldpausch,26.58,20.56579292301711,1.0772,231.894,165.9339,165.9339,235.9511,168.7806,168.7806,
SFX_A01,76,Vitex triflora,Lamiaceae,289291.6817,9289875.262,0.56,,10.5,,,20111022,A,O,P04,11.0,11.0,feldpausch_regional,0.18,default,1.0,10.68,11.14,10.5,True,O,11.0,feldpausch,10.68,11.135436540229511,0.5482,20.9036,15.7869,15.7869,21.8685,16.4971,16.4971,
SFX_A01,77,Inga marginata,Fabaceae,289282.6817,9289875.262,0.57,,16.0,,,20111022,A,O,P04,14.79,14.79,feldpausch_regional,0.18,default,1.0,16.18,14.9,16.0,True,O,14.79,feldpausch,16.18,14.9030047878044,0.5518,63.5026,46.7018,46.7018,65.3886,48.0568,48.0568,
SFX_A01,78,Dalbergia melanoxylon,Fabaceae,289281.6817,9289874.662,0.8,,15.3,,,20111022,A,O,P04,14.34,14.34,feldpausch_regional,0.18,default,1.0,15.48,14.46,15.3,True,O,14.34,feldpausch,15.48,14.455381033218284,1.0772,56.4638,41.6389,41.6389,58.2214,42.9048,42.9048,
SFX_A01,79,Neea oppositifolia,Nyctaginaceae,289280.6817,9289881.462,0.89,0.171440084,18.9,10.56,6.31,20111022,A,O,P04,16.54,16.54,feldpausch_regional,0.18,default,1.0,19.08,16.64,18.9,True,O,10.56,measured,19.08,10.626383713838592,0.893,63.2718,49.4698,49.4698,64.8488,50.6757,50.6757,
SFX_A01,80,Eriotheca globosa,Malvaceae,289287.6817,9289882.262,0.41,,15.4,,,20111022,A,O,P04,14.41,14.41,feldpausch_regional,0.18,default,1.0,15.58,14.52,15.4,True,O,14.41,feldpausch,15.58,14.525076437765907,0.41,57.4589,42.3534,42.3534,59.2352,43.6322,43.6322,
SFX_A01,81,Tetragastris panamensis,Burseraceae,289288.6817,9289883.262,0.73,,11.0,,,20111022,A,O,P04,11.38,11.38,feldpausch_regional,0.18,default,1.0,11.18,11.51,11.0,True,O,11.38,feldpausch,11.18,11.51305215287207,0.7173,23.6621,17.8143,17.8143,24.7025,18.5779,18.5779,
SFX_A01,82,Dalbergia melanoxylon,Fabaceae,289284.6817,9289885.762,0.8,,31.4,,,20111022,A,O,P04,22.73,22.73,feldpausch_regional,0.18,default,1.0,31.58,22.81,31.4,True,O,22.73,feldpausch,31.58,22.806413324533914,1.0772,360.1707,255.6331,255.6331,365.4069,259.2832,259.2832,
SFX_A01,83,Pourouma minor,Urticaceae,289290.6817,9289888.262,0.44,,18.2,,,20111022,A,O,P04,16.13,16.13,feldpausch_regional,0.18,default,1.0,18.38,16.24,18.2,True,O,16.13,feldpausch,18.38,16.236020917929668,0.436,88.8733,64.8705,64.8705,91.1782,66.5155,66.5155,
SFX_A01,84,Guatteria schomburgkiana,Annonaceae,289289.6817,9289891.262,0.6,,30.0,,,20111022,A,O,P04,22.13,22.13,feldpausch_regional,0.18,default,1.0,30.18,22.21,30.0,True,O,22.13,feldpausch,30.18,22.20888391361509,0.6,320.9987,228.2952,228.2952,325.8988,231.7164,231.7164,
SFX_A01,85,Neea oppositifolia,Nyctaginaceae,289284.6817,9289894.762,0.89,,13.3,,,20111022,A,O,P04,13.02,13.02,feldpausch_regional,0.18,default,1.0,13.48,13.14,13.3,True,O,13.02,feldpausch,13.48,13.142964696086178,0.893,39.0912,29.0747,29.0747,40.5005,30.0975,30.0975,
SFX_A01,86,Pouteria sp.,Sapotaceae,289282.6817,9289896.762,0.78,,10.0,,,20111022,A,O,P04,10.62,10.62,feldpausch_regional,0.18,default,1.0,10.18,10.76,10.0,True,O,10.62,feldpausch,10.18,10.7580160268907,0.7187,18.3636,13.9133,13.9133,19.2555,14.5718,14.5718,
SFX_A01,87,Inga sp.,Fabaceae,289282.6817,9289895.262,0.58,,11.0,,,20111022,A,O,P04,11.38,11.38,feldpausch_regional,0.18,default,1.0,11.18,11.51,11.0,True,O,11.38,feldpausch,11.18,11.51305215287207,0.5786,23.6621,17.8143,17.8143,24.7025,18.5779,18.5779,
SFX_A01,88,Tetragastris panamensis,Burseraceae,289281.6817,9289898.262,0.73,,11.5,,,20111022,A,O,P04,11.75,11.75,feldpausch_regional,0.18,default,1.0,11.68,11.88,11.5,True,O,11.75,feldpausch,11.68,11.880726638916336,0.7173,26.6256,19.9869,19.9869,27.7432,20.805,20.805,
SFX_A01,1,Attalea maripa,Arecaceae,289470.4439,9291442.865,0.33,0.138262176,26.2,,,20111024,A,P,P05,20.38,20.38,feldpausch_regional,0.18,default,1.0,26.38,20.47,26.2,True,P,20.38,feldpausch,26.38,20.466187634999216,0.326,227.3883,,,231.3988,,,
SFX_A01,2,Galipea trifoliata,NI,289467.4439,9291441.865,0.62,,12.4,,,20111024,A,O,P05,12.39,12.39,feldpausch_regional,0.18,default,1.0,12.58,12.52,12.4,True,O,12.39,feldpausch,12.58,12.516664569424172,0.997,32.4831,24.2681,24.2681,33.7432,25.1864,25.1864,
SFX_A01,3,Theobroma glaucum,Malvaceae,289466.4439,9291441.365,0.53,,12.3,,,20111024,A,O,P05,12.32,12.32,feldpausch_regional,0.18,default,1.0,12.48,12.45,12.3,True,O,12.32,feldpausch,12.48,12.44710302840369,0.5297,31.7974,23.7678,23.7678,33.0414,24.6748,24.6748,
SFX_A01,4,Thyrsodium paraense,Anacardiaceae,289464.4439,9291438.165,0.61,,14.6,,,20111024,A,O,P05,13.89,13.89,feldpausch_regional,0.18,default,1.0,14.78,14.01,14.6,True,O,13.89,feldpausch,14.78,14.007942520471866,0.645,49.9522,36.9399,36.9399,51.5854,38.1191,38.1191,
SFX_A01,5,Cecropia palmata,Urticaceae,289461.4439,9291438.165,0.35,,12.6,,,20111024,A,O,P05,12.53,12.53,feldpausch_regional,0.18,default,1.0,12.78,12.66,12.6,True,O,12.53,feldpausch,12.78,12.655804961925917,0.3404,33.8832,25.2886,25.2886,35.1758,26.2298,26.2298,
SFX_A01,6,Ficus maxima,Moraceae,289456.3439,9291438.165,0.37,,12.1,,,20111024,A,O,P05,12.18,12.18,feldpausch_regional,0.18,default,1.0,12.28,12.31,12.1,True,O,12.18,feldpausch,12.28,12.307997957895681,0.3605,30.4544,22.7871,22.7871,31.6664,23.6717,23.6717,
SFX_A01,7,,,289474.3439,9291437.965,0.45,,13.5,,,20111025,D,O,P05,13.15,13.15,feldpausch_regional,0.18,default,1.0,13.68,13.28,13.5,False,O,13.15,feldpausch,13.68,13.272104600854616,0.7138,40.6391,40.6391,48.1462,42.0814,42.0814,49.8549,
SFX_A01,8,,,289467.4439,9291436.865,0.58,,12.0,,,20111025,D,O,P05,12.11,12.11,feldpausch_regional,0.18,default,1.0,12.18,12.23,12.0,False,O,12.11,feldpausch,12.18,12.238454722800167,0.7138,29.7969,29.7969,35.3012,30.9931,30.9931,36.7184,
SFX_A01,9,Sloanea guianensis,Elaeocarpaceae,289471.4439,9291430.865,0.82,,11.5,,,20111024,A,O,P05,11.75,11.75,feldpausch_regional,0.18,default,1.0,11.68,11.88,11.5,True,O,11.75,feldpausch,11.68,11.880726638916336,0.8212,26.6256,19.9869,19.9869,27.7432,20.805,20.805,
SFX_A01,10,Sloanea guianensis,Elaeocarpaceae,289470.4439,9291427.865,0.82,,12.1,,,20111024,A,O,P05,12.18,12.18,feldpausch_regional,0.18,default,1.0,12.28,12.31,12.1,True,O,12.18,feldpausch,12.28,12.307997957895681,0.8212,30.4544,22.7871,22.7871,31.6664,23.6717,23.6717,
SFX_A01,11,Guatteria schomburgkiana,Annonaceae,289470.6439,9291424.665,0.6,,12.6,,,20111024,A,O,P05,12.53,12.53,feldpausch_regional,0.18,default,1.0,12.78,12.66,12.6,True,O,12.53,feldpausch,12.78,12.655804961925917,0.6,33.8832,25.2886,25.2886,35.1758,26.2298,26.2298,
SFX_A01,12,Inga marginata,Fabaceae,289473.9439,9291423.965,0.57,,10.7,,,20111024,A,O,P05,11.15,11.15,feldpausch_regional,0.18,default,1.0,10.88,11.29,10.7,True,O,11.15,feldpausch,10.879999999999999,11.28443676148572,0.5518,21.9765,16.5767,16.5767,22.971,17.308,17.308,
SFX_A01,13,Tachigali alba,Fabaceae,289456.4439,9291425.465,0.56,0.177112022,17.3,20.75,11.54,20111024,A,O,P05,15.59,15.59,feldpausch_regional,0.18,default,1.0,17.48,15.7,17.3,True,O,20.75,measured,17.48,20.894756271855098,0.5573,102.9287,72.0232,72.0232,105.7445,73.9491,73.9491,
SFX_A01,14,Theobroma glaucum,Malvaceae,289453.4439,9291425.865,0.53,,12.8,,,20111024,A,O,P05,12.67,12.67,feldpausch_regional,0.18,default,1.0,12.98,12.8,12.8,True,O,12.67,feldpausch,12.98,12.794967551192725,0.5297,35.3219,26.3361,26.3361,36.6474,27.3003,27.3003,
SFX_A01,15,Theobroma glaucum,Malvaceae,289456.4439,9291420.865,0.53,,10.1,,,20111024,A,O,P05,10.7,10.7,feldpausch_regional,0.18,default,1.0,10.28,10.84,10.1,True,O,10.7,feldpausch,10.28,10.83753457254877,0.5297,18.8614,14.2803,14.2803,19.768,14.9492,14.9492,
SFX_A01,16,Guarea guidonia,Meliaceae,289461.4439,9291416.865,0.55,,10.9,,,20111024,A,O,P05,11.3,11.3,feldpausch_regional,0.18,default,1.0,11.08,11.44,10.9,True,O,11.3,feldpausch,11.08,11.433467441478326,0.5651,23.0846,17.3912,17.3912,24.1093,18.1438,18.1438,
SFX_A01,17,Guatteria schomburgkiana,Annonaceae,289467.6439,9291416.365,0.6,,20.5,,,20111024,A,O,P05,17.45,17.45,feldpausch_regional,0.18,default,1.0,20.68,17.54,20.5,True,O,17.45,feldpausch,20.68,17.549577275527504,0.6,121.0589,87.772,87.772,123.8282,89.7368,89.7368,
SFX_A01,18,Dalbergia melanoxylon,Fabaceae,289471.4439,9291416.865,0.8,,17.9,,,20111024,A,O,P05,15.95,15.95,feldpausch_regional,0.18,default,1.0,18.08,16.06,17.9,True,O,15.95,feldpausch,18.08,16.05690861407586,1.0772,85.099,62.1761,62.1761,87.345,63.7805,63.7805,
SFX_A01,19,Bertholletia excelsa,Lecythidaceae,289467.4439,9291416.865,0.64,,14.5,,,20111024,A,O,P05,13.82,13.82,feldpausch_regional,0.18,default,1.0,14.68,13.94,14.5,True,O,13.82,feldpausch,14.68,13.938276193103338,0.638,49.0441,36.2853,36.2853,50.6592,37.452,37.452,
SFX_A01,20,Cordia scabrifolia,Boraginaceae,289466.4439,9291413.065,0.47,,12.3,,,20111024,A,O,P05,12.32,12.32,feldpausch_regional,0.18,default,1.0,12.48,12.45,12.3,True,O,12.32,feldpausch,12.48,12.44710302840369,0.474,31.7974,23.7678,23.7678,33.0414,24.6748,24.6748,
SFX_A01,21,Ocotea glomerata,Lauraceae,289466.4439,9291410.665,0.51,6.653408935,74.5,46.35,29.98,20111024,A,O,P05,35.03,35.03,feldpausch_regional,0.18,default,1.0,74.68,35.07,74.5,True,O,46.35,measured,74.68,46.394767207785854,0.508,3899.1889,2577.512,2577.512,3921.2926,2592.0282,2592.0282,
SFX_A01,24,Attalea maripa,Arecaceae,289477.4439,9291410.165,0.33,0.131481006,25.5,,,20111024,A,P,P05,20.05,20.05,feldpausch_regional,0.18,default,1.0,25.68,20.13,25.5,True,P,20.05,feldpausch,25.68,20.137695965808255,0.326,212.271,,,216.1244,,,
SFX_A01,25,Dalbergia melanoxylon,Fabaceae,289477.4439,9291411.465,0.8,,33.8,,,20111024,A,O,P05,23.73,23.73,feldpausch_regional,0.18,default,1.0,33.98,23.8,33.8,True,O,23.73,feldpausch,33.98,23.802491196404283,1.0772,433.7072,306.8219,306.8219,439.5337,310.8732,310.8732,
SFX_A01,28,Brosimum obovata,Moraceae,289475.4439,9291416.865,0.68,,15.9,,,20111024,A,O,P05,14.73,14.73,feldpausch_regional,0.18,default,1.0,16.08,14.84,15.9,True,O,14.73,feldpausch,16.080000000000002,14.843366800940444,0.6707,62.4818,45.9667,45.9667,64.3497,47.3091,47.3091,
SFX_A01,29,Mimosa hostilis,Fabaceae,289476.4439,9291419.865,0.45,,17.7,,,20111024,A,O,P05,15.83,15.83,feldpausch_regional,0.18,default,1.0,17.88,15.94,17.7,True,O,15.83,feldpausch,17.88,15.937514002041294,0.8235,82.6414,60.4201,60.4201,84.8486,61.9976,61.9976,
SFX_A01,30,Mimosa hostilis,Fabaceae,289476.4439,9291419.865,0.45,,11.1,,,20111024,A,O,P05,11.45,11.45,feldpausch_regional,0.18,default,1.0,11.28,11.58,11.1,True,O,11.45,feldpausch,11.28,11.582526964763572,0.8235,24.2284,18.2309,18.2309,25.2837,19.005,19.005,
SFX_A01,31,,,289482.4439,9291419.465,0.58,0.017879152,15.0,2.71,,20111025,D,O,P05,14.15,14.15,feldpausch_regional,0.18,default,1.0,15.18,14.27,15.0,False,O,2.71,measured,15.18,2.7323078335993043,0.7138,10.6849,10.6849,12.6586,11.0244,11.0244,13.0609,
SFX_A01,32,Dalbergia melanoxylon,Fabaceae,289480.4439,9291422.065,0.8,0.350041851,30.6,9.18,6.25,20111024,A,O,P05,22.39,22.39,feldpausch_regional,0.18,default,1.0,30.78,22.47,30.6,True,O,9.18,measured,30.78,9.211903188578049,1.0772,141.359,115.6399,115.6399,143.4716,117.3369,117.3369,
SFX_A01,33,Theobroma glaucum,Malvaceae,289476.4439,9291423.165,0.53,0.014859781,10.4,5.1,3.09,20111024,A,O,P05,10.93,10.93,feldpausch_regional,0.18,default,1.0,10.58,11.06,10.4,True,O,5.1,measured,10.58,5.163463321777801,0.5297,9.6894,8.2588,8.2588,10.1412,8.6341,8.6341,
SFX_A01,34,Dalbergia melanoxylon,Fabaceae,289479.4439,9291425.865,0.8,,30.5,,,20111024,A,O,P05,22.35,22.35,feldpausch_regional,0.18,default,1.0,30.68,22.43,30.5,True,O,22.35,feldpausch,30.68,22.427999672489957,1.0772,334.7409,237.8856,237.8856,339.7613,241.3886,241.3886,
SFX_A01,35,Jacaranda copaia,Bignoniaceae,289477.4439,9291427.265,0.35,,25.5,,,20111024,A,O,P05,20.05,20.05,feldpausch_regional,0.18,default,1.0,25.68,20.13,25.5,True,O,20.05,feldpausch,25.68,20.137695965808255,0.3507,212.271,152.1491,152.1491,216.1244,154.8565,154.8565,
SFX_A01,36,Astronium gracile,Anacardiaceae,289487.4439,9291424.365,0.73,,27.4,,,20111024,A,O,P05,20.95,20.95,feldpausch_regional,0.18,default,1.0,27.58,21.04,27.4,True,O,20.95,feldpausch,27.58,21.033769346446995,0.73,254.9326,182.0913,182.0913,259.2196,185.0948,185.0948,
SFX_A01,37,Poeppigia sp.,Fabaceae,289489.4439,9291427.865,0.69,,10.7,,,20111024,A,O,P05,11.15,11.15,feldpausch_regional,0.18,default,1.0,10.88,11.29,10.7,True,O,11.15,feldpausch,10.879999999999999,11.28443676148572,0.735,21.9765,16.5767,16.5767,22.971,17.308,17.308,
SFX_A01,38,,,289490.4439,9291428.765,0.58,,12.6,,,20111025,D,O,P05,12.53,12.53,feldpausch_regional,0.18,default,1.0,12.78,12.66,12.6,False,O,12.53,feldpausch,12.78,12.655804961925917,0.7138,33.8832,33.8832,40.1423,35.1758,35.1758,41.6737,
SFX_A01,39,Stryphnodendron pulcherrimum,Fabaceae,289491.4439,9291428.665,0.47,,11.0,,,20111024,A,O,P05,11.38,11.38,feldpausch_regional,0.18,default,1.0,11.18,11.51,11.0,True,O,11.38,feldpausch,11.18,11.51305215287207,0.475,23.6621,17.8143,17.8143,24.7025,18.5779,18.5779,
SFX_A01,40,Nectandra cuspidata,Lauraceae,289492.4439,9291428.365,0.56,,21.4,,,20111024,A,O,P05,17.94,17.94,feldpausch_regional,0.18,default,1.0,21.58,18.04,21.4,True,O,17.94,feldpausch,21.58,18.037221371604158,0.518,135.2568,97.8394,97.8394,138.2136,99.933,99.933,
SFX_A01,41,Stryphnodendron pulcherrimum,Fabaceae,289494.4439,9291425.865,0.47,,10.2,,,20111024,A,O,P05,10.78,10.78,feldpausch_regional,0.18,default,1.0,10.38,10.91,10.2,True,O,10.78,feldpausch,10.379999999999999,10.917060734410658,0.475,19.368,14.6535,14.6535,20.2894,15.3329,15.3329,
SFX_A01,42,Neea oppositifolia,Nyctaginaceae,289499.4439,9291428.665,0.89,,17.5,,,20111024,A,O,P05,15.71,15.71,feldpausch_regional,0.18,default,1.0,17.68,15.82,17.5,True,O,15.71,feldpausch,17.68,15.818130686445201,0.893,80.2304,58.6959,58.6959,82.3989,60.2467,60.2467,
SFX_A01,43,Attalea maripa,Arecaceae,289498.4439,9291430.065,0.33,0.155383486,27.9,,,20111024,A,P,P05,21.18,21.18,feldpausch_regional,0.18,default,1.0,28.08,21.27,27.9,True,P,21.18,feldpausch,28.08,21.262783202150242,0.326,266.9217,,,271.3245,,,
SFX_A01,45,Castilla ulei,Moraceae,289492.4439,9291435.965,0.82,,28.9,,,20111024,A,O,P05,21.64,21.64,feldpausch_regional,0.18,default,1.0,29.08,21.72,28.9,True,O,21.64,feldpausch,29.08,21.720896246935634,0.5675,291.9741,208.0154,208.0154,296.6126,211.2585,211.2585,
SFX_A01,46,Neea oppositifolia,Nyctaginaceae,289491.4439,9291438.865,0.89,,18.4,,,20111024,A,O,P05,16.25,16.25,feldpausch_regional,0.18,default,1.0,18.58,16.35,18.4,True,O,16.25,feldpausch,18.58,16.355442206837637,0.893,91.4488,66.7073,66.7073,93.7934,68.3796,68.3796,
SFX_A01,47,Helicostylis sp.,Moraceae,289490.4439,9291434.865,0.65,,14.4,,,20111024,A,O,P05,13.76,13.76,feldpausch_regional,0.18,default,1.0,14.58,13.88,14.4,True,O,13.76,feldpausch,14.58,13.878699769169549,0.643,48.181,35.6594,35.6594,49.7792,36.8142,36.8142,
SFX_A01,48,Couratari stellata,Lecythidaceae,289489.4439,9291432.865,0.63,,16.5,,,20111024,A,O,P05,15.1,15.1,feldpausch_regional,0.18,default,1.0,16.68,15.21,16.5,True,O,15.1,feldpausch,16.68,15.211323855918964,0.6331,68.8131,50.5162,50.5162,70.7917,51.9355,51.9355,
SFX_A01,49,Inga marginata,Fabaceae,289483.4439,9291430.865,0.57,,17.4,,,20111024,A,O,P05,15.65,15.65,feldpausch_regional,0.18,default,1.0,17.58,15.76,17.4,True,O,15.65,feldpausch,17.58,15.758443383585726,0.5518,79.0422,57.8456,57.8456,81.1915,59.3831,59.3831,
SFX_A01,50,,,289479.4439,9291432.365,0.45,,16.2,,,20111025,D,O,P05,14.91,14.91,feldpausch_regional,0.18,default,1.0,16.38,15.03,16.2,False,O,14.91,feldpausch,16.38,15.022292044589127,0.7138,65.5765,65.5765,77.6902,67.4988,67.4988,79.9676,
SFX_A01,51,Guatteria schomburgkiana,Annonaceae,289474.5439,9291436.365,0.6,,15.8,,,20111024,A,O,P05,14.66,14.66,feldpausch_regional,0.18,default,1.0,15.98,14.78,15.8,True,O,14.66,feldpausch,15.98,14.773655141074963,0.6,61.4308,45.2138,45.2138,63.2795,46.543,46.543,
SFX_A01,52,,,289474.7439,9291442.865,0.45,,17.0,,,20111025,D,O,P05,15.41,15.41,feldpausch_regional,0.18,default,1.0,17.18,15.52,17.0,False,O,15.41,feldpausch,17.18,15.519724372076846,0.7138,74.4033,74.4033,88.1476,76.4766,76.4766,90.6039,
SFX_A01,53,Theobroma glaucum,Malvaceae,289477.4439,9291445.565,0.53,,11.2,,,20111024,A,O,P05,11.53,11.53,feldpausch_regional,0.18,default,1.0,11.38,11.66,11.2,True,O,11.53,feldpausch,11.379999999999999,11.662124365137602,0.5297,24.8245,18.6669,18.6669,25.8956,19.4522,19.4522,
SFX_A01,54,Inga marginata,Fabaceae,289480.4439,9291441.865,0.57,,17.9,,,20111024,A,O,P05,15.95,15.95,feldpausch_regional,0.18,default,1.0,18.08,16.06,17.9,True,O,15.95,feldpausch,18.08,16.05690861407586,0.5518,85.099,62.1761,62.1761,87.345,63.7805,63.7805,
SFX_A01,55,Nectandra cuspidata,Lauraceae,289479.4439,9291446.865,0.56,0.03751128,12.2,8.84,4.52,20111024,A,O,P05,12.25,12.25,feldpausch_regional,0.18,default,1.0,12.38,12.38,12.2,True,O,8.84,measured,12.379999999999999,8.932042399656785,0.518,22.6346,17.8228,17.8228,23.5277,18.5088,18.5088,
SFX_A01,56,Enterolobium schomburgkii,Fabaceae,289484.4439,9291445.465,0.71,,12.7,,,20111024,A,O,P05,12.6,12.6,feldpausch_regional,0.18,default,1.0,12.88,12.73,12.7,True,O,12.6,feldpausch,12.879999999999999,12.725383546173273,0.6989,34.5977,25.8089,25.8089,35.9067,26.7616,26.7616,
SFX_A01,58,NI,NI,289476.4439,9291452.865,0.62,,23.6,,,20111024,A,O,P05,19.1,19.1,feldpausch_regional,0.18,default,1.0,23.78,19.19,23.6,True,O,19.1,feldpausch,23.78,19.19190541264418,0.7138,174.0498,125.2474,125.2474,177.48,127.6656,127.6656,
SFX_A01,2,Neea oppositifolia,Nyctaginaceae,289485.4339,9291608.337,0.89,,13.3,,,20111024,A,O,P06,13.02,13.02,feldpausch_regional,0.18,default,1.0,13.48,13.14,13.3,True,O,13.02,feldpausch,13.48,13.142964696086178,0.893,39.0912,29.0747,29.0747,40.5005,30.0975,30.0975,
SFX_A01,3,Neea oppositifolia,Nyctaginaceae,289486.4339,9291606.837,0.89,,11.2,,,20111024,A,O,P06,11.53,11.53,feldpausch_regional,0.18,default,1.0,11.38,11.66,11.2,True,O,11.53,feldpausch,11.379999999999999,11.662124365137602,0.893,24.8245,18.6669,18.6669,25.8956,19.4522,19.4522,
SFX_A01,4,Neea oppositifolia,Nyctaginaceae,289483.4339,9291604.337,0.89,,12.0,,,20111024,A,O,P06,12.11,12.11,feldpausch_regional,0.18,default,1.0,12.18,12.23,12.0,True,O,12.11,feldpausch,12.18,12.238454722800167,0.893,29.7969,22.3066,22.3066,30.9931,23.1801,23.1801,
SFX_A01,5,NI,NI,289485.4339,9291605.037,0.62,,11.0,,,20111024,A,O,P06,11.38,11.38,feldpausch_regional,0.18,default,1.0,11.18,11.51,11.0,True,O,11.38,feldpausch,11.18,11.51305215287207,0.7138,23.6621,17.8143,17.8143,24.7025,18.5779,18.5779,
SFX_A01,6,Neea oppositifolia,Nyctaginaceae,289491.4339,9291607.337,0.89,,11.3,,,20111024,A,O,P06,11.6,11.6,feldpausch_regional,0.18,default,1.0,11.48,11.73,11.3,True,O,11.6,feldpausch,11.48,11.731613829769724,0.893,25.4086,19.096,19.096,26.4948,19.892,19.892,
SFX_A01,7,Mimosa hostilis,Fabaceae,289488.4339,9291609.037,0.45,,12.8,,,20111024,A,O,P06,12.67,12.67,feldpausch_regional,0.18,default,1.0,12.98,12.8,12.8,True,O,12.67,feldpausch,12.98,12.794967551192725,0.8235,35.3219,26.3361,26.3361,36.6474,27.3003,27.3003,
SFX_A01,8,Cordia scabrifolia,Boraginaceae,289490.4339,9291603.537,0.47,,11.3,,,20111024,A,O,P06,11.6,11.6,feldpausch_regional,0.18,default,1.0,11.48,11.73,11.3,True,O,11.6,feldpausch,11.48,11.731613829769724,0.474,25.4086,19.096,19.096,26.4948,19.892,19.892,
SFX_A01,9,Astronium gracile,Anacardiaceae,289476.4339,9291600.337,0.73,0.03237525,10.5,7.9,6.11,20111024,A,O,P06,11.0,11.0,feldpausch_regional,0.18,default,1.0,10.68,11.14,10.5,True,O,7.9,measured,10.68,7.997268060710285,0.73,15.1323,12.042,12.042,15.8308,12.5837,12.5837,
SFX_A01,10,Astrocaryum aculeatum,Arecaceae,289478.4339,9291599.337,0.51,0.102499113,22.3,,,20111024,A,P,P06,18.42,18.42,feldpausch_regional,0.18,default,1.0,22.48,18.52,22.3,True,P,18.42,feldpausch,22.48,18.514970708896957,0.508,150.4092,,,153.557,,,
SFX_A01,11,Terminalia amazonia,Combretaceae,289479.4339,9291601.337,0.68,,14.9,,,20111024,A,O,P06,14.08,14.08,feldpausch_regional,0.18,default,1.0,15.08,14.2,14.9,True,O,14.08,feldpausch,15.08,14.196796720118876,0.6735,52.6692,38.9035,38.9035,54.3548,40.1193,40.1193,
SFX_A01,12,Neea oppositifolia,Nyctaginaceae,289480.4339,9291600.537,0.89,,11.4,,,20111024,A,O,P06,11.67,11.67,feldpausch_regional,0.18,default,1.0,11.58,11.8,11.4,True,O,11.67,feldpausch,11.58,11.801110900524833,0.893,26.0016,19.5314,19.5314,27.1029,20.3381,20.3381,
SFX_A01,13,Neea oppositifolia,Nyctaginaceae,289481.4339,9291600.437,0.89,,12.4,,,20111024,A,O,P06,12.39,12.39,feldpausch_regional,0.18,default,1.0,12.58,12.52,12.4,True,O,12.39,feldpausch,12.58,12.516664569424172,0.893,32.4831,24.2681,24.2681,33.7432,25.1864,25.1864,
SFX_A01,14,Couratari stellata,Lecythidaceae,289482.4339,9291599.337,0.63,,10.6,,,20111024,A,O,P06,11.08,11.08,feldpausch_regional,0.18,default,1.0,10.78,11.21,10.6,True,O,11.08,feldpausch,10.78,11.214993655523715,0.6331,21.4451,16.1847,16.1847,22.4252,16.9057,16.9057,
SFX_A01,15,Neea oppositifolia,Nyctaginaceae,289489.4339,9291596.037,0.89,,23.0,,,20111024,A,O,P06,18.79,18.79,feldpausch_regional,0.18,default,1.0,23.18,18.88,23.0,True,O,18.79,feldpausch,23.18,18.883303954264353,0.893,162.8943,117.3781,117.3781,166.1936,119.7066,119.7066,
SFX_A01,16,Socratea exorrhiza,Arecaceae,289486.4339,9291594.537,0.62,0.074649894,18.8,,,20111024,A,P,P06,16.48,16.48,feldpausch_regional,0.18,default,1.0,18.98,16.59,18.8,True,P,16.48,feldpausch,18.98,16.584251467322428,0.23,96.6868,,,99.1101,,,
SFX_A01,17,Nectandra cuspidata,Lauraceae,289487.4339,9291593.337,0.56,,13.2,,,20111024,A,O,P06,12.95,12.95,feldpausch_regional,0.18,default,1.0,13.38,13.07,13.2,True,O,12.95,feldpausch,13.379999999999999,13.073355365618069,0.518,38.3174,28.5131,28.5131,39.7097,29.5241,29.5241,
SFX_A01,18,Inga sp.,Fabaceae,289485.4339,9291595.937,0.58,,12.2,,,20111024,A,O,P06,12.25,12.25,feldpausch_regional,0.18,default,1.0,12.38,12.38,12.2,True,O,12.25,feldpausch,12.379999999999999,12.377547442963305,0.5786,31.1212,23.2742,23.2742,32.3491,24.17,24.17,
SFX_A01,19,,,289485.4339,9291595.837,0.58,,10.3,,,20111025,D,O,P06,10.85,10.85,feldpausch_regional,0.18,default,1.0,10.48,10.99,10.3,False,O,10.85,feldpausch,10.48,10.986468518055306,0.7138,19.8654,19.8654,23.5351,20.801,20.801,24.6434,
SFX_A01,20,Mimosa hostilis,Fabaceae,289494.4339,9291600.237,0.45,,14.7,,,20111024,A,O,P06,13.95,13.95,feldpausch_regional,0.18,default,1.0,14.88,14.07,14.7,True,O,13.95,feldpausch,14.879999999999999,14.067528165120201,0.8235,50.8357,37.5799,37.5799,52.4858,38.771,38.771,
SFX_A01,21,Mimosa hostilis,Fabaceae,289494.5339,9291600.237,0.45,,16.5,,,20111024,A,O,P06,15.1,15.1,feldpausch_regional,0.18,default,1.0,16.68,15.21,16.5,True,O,15.1,feldpausch,16.68,15.211323855918964,0.8235,68.8131,50.5162,50.5162,70.7917,51.9355,51.9355,
SFX_A01,22,Cecropia ficifolia,Urticaceae,289495.4339,9291600.237,0.27,0.55939655,39.3,26.75,16.89,20111024,A,O,P06,25.82,25.82,feldpausch_regional,0.18,default,1.0,39.48,25.89,39.3,True,O,26.75,measured,39.48,26.81684527533902,0.266,654.3091,457.5046,457.5046,661.7817,462.6486,462.6486,
SFX_A01,23,Mimosa hostilis,Fabaceae,289495.4339,9291593.437,0.45,,22.0,,,20111024,A,O,P06,18.26,18.26,feldpausch_regional,0.18,default,1.0,22.18,18.36,22.0,True,O,18.26,feldpausch,22.18,18.355704095147416,0.8235,145.2428,104.9089,104.9089,148.3263,107.0896,107.0896,
SFX_A01,24,Mimosa hostilis,Fabaceae,289493.4339,9291591.637,0.45,,17.4,,,20111024,A,O,P06,15.65,15.65,feldpausch_regional,0.18,default,1.0,17.58,15.76,17.4,True,O,15.65,feldpausch,17.58,15.758443383585726,0.8235,79.0422,57.8456,57.8456,81.1915,59.3831,59.3831,
SFX_A01,25,Mimosa hostilis,Fabaceae,289493.4339,9291591.437,0.45,,14.8,,,20111024,A,O,P06,14.02,14.02,feldpausch_regional,0.18,default,1.0,14.98,14.14,14.8,True,O,14.02,feldpausch,14.98,14.137202209084002,0.8235,51.7652,38.2492,38.2492,53.4336,39.453,39.453,
SFX_A01,26,Mimosa hostilis,Fabaceae,289493.9339,9291595.337,0.45,0.053462032,13.0,13.81,4.51,20111024,A,O,P06,12.81,12.81,feldpausch_regional,0.18,default,1.0,13.18,12.93,13.0,True,O,13.81,measured,13.18,13.943843084727199,0.8235,39.6011,29.1491,29.1491,41.0632,30.1992,30.1992,
SFX_A01,27,Neea oppositifolia,Nyctaginaceae,289495.9339,9291589.337,0.89,,14.4,,,20111024,A,O,P06,13.76,13.76,feldpausch_regional,0.18,default,1.0,14.58,13.88,14.4,True,O,13.76,feldpausch,14.58,13.878699769169549,0.893,48.181,35.6594,35.6594,49.7792,36.8142,36.8142,
SFX_A01,28,Galipea trifoliata,NI,289495.4339,9291580.737,0.62,,12.2,,,20111024,A,O,P06,12.25,12.25,feldpausch_regional,0.18,default,1.0,12.38,12.38,12.2,True,O,12.25,feldpausch,12.379999999999999,12.377547442963305,0.997,31.1212,23.2742,23.2742,32.3491,24.17,24.17,
SFX_A01,32,Astronium gracile,Anacardiaceae,289501.4339,9291581.337,0.73,,24.3,,,20111024,A,O,P06,19.45,19.45,feldpausch_regional,0.18,default,1.0,24.48,19.54,24.3,True,O,19.45,feldpausch,24.48,19.540291449667848,0.73,187.5641,134.7747,134.7747,191.1478,137.2979,137.2979,
SFX_A01,33,Rinorea racemosa,Violaceae,289496.6339,9291580.937,0.68,,11.3,,,20111024,A,O,P06,11.6,11.6,feldpausch_regional,0.18,default,1.0,11.48,11.73,11.3,True,O,11.6,feldpausch,11.48,11.731613829769724,0.682,25.4086,19.096,19.096,26.4948,19.892,19.892,
SFX_A01,34,Neea oppositifolia,Nyctaginaceae,289497.4339,9291585.637,0.89,,25.6,,,20111024,A,O,P06,20.09,20.09,feldpausch_regional,0.18,default,1.0,25.78,20.18,25.6,True,O,20.09,feldpausch,25.78,20.177445174033377,0.893,214.3155,153.595,153.595,218.1897,156.3169,156.3169,
SFX_A01,35,Helicostylis sp.,Moraceae,289502.4339,9291582.737,0.65,2.512738796,46.2,35.44,25.19,20111024,A,O,P06,28.14,28.14,feldpausch_regional,0.18,default,1.0,46.38,28.19,46.2,True,O,35.44,measured,46.38,35.51080089182683,0.643,1180.7221,795.8464,795.8464,1192.038,803.3704,803.3704,
SFX_A01,36,Rinorea racemosa,Violaceae,289504.4339,9291586.837,0.68,,13.6,,,20111024,A,O,P06,13.22,13.22,feldpausch_regional,0.18,default,1.0,13.78,13.34,13.6,True,O,13.22,feldpausch,13.78,13.341728603852474,0.682,41.4429,30.7826,30.7826,42.9025,31.8406,31.8406,
SFX_A01,37,Jacaranda copaia,Bignoniaceae,289502.4339,9291587.737,0.35,,20.5,,,20111024,A,O,P06,17.45,17.45,feldpausch_regional,0.18,default,1.0,20.68,17.54,20.5,True,O,17.45,feldpausch,20.68,17.549577275527504,0.3507,121.0589,87.772,87.772,123.8282,89.7368,89.7368,
SFX_A01,38,Neea oppositifolia,Nyctaginaceae,289501.4339,9291587.737,0.89,,10.2,,,20111024,A,O,P06,10.78,10.78,feldpausch_regional,0.18,default,1.0,10.38,10.91,10.2,True,O,10.78,feldpausch,10.379999999999999,10.917060734410658,0.893,19.368,14.6535,14.6535,20.2894,15.3329,15.3329,
SFX_A01,39,Theobroma glaucum,Malvaceae,289499.4339,9291589.837,0.53,,11.5,,,20111024,A,O,P06,11.75,11.75,feldpausch_regional,0.18,default,1.0,11.68,11.88,11.5,True,O,11.75,feldpausch,11.68,11.880726638916336,0.5297,26.6256,19.9869,19.9869,27.7432,20.805,20.805,
SFX_A01,40,Couratari stellata,Lecythidaceae,289502.4339,9291591.537,0.63,,12.7,,,20111024,A,O,P06,12.6,12.6,feldpausch_regional,0.18,default,1.0,12.88,12.73,12.7,True,O,12.6,feldpausch,12.879999999999999,12.725383546173273,0.6331,34.5977,25.8089,25.8089,35.9067,26.7616,26.7616,
SFX_A01,41,Pourouma minor,Urticaceae,289504.4339,9291591.737,0.44,,19.0,,,20111024,A,O,P06,16.6,16.6,feldpausch_regional,0.18,default,1.0,19.18,16.7,19.0,True,O,16.6,feldpausch,19.18,16.703702872413295,0.436,99.4061,72.3794,72.3794,101.87,74.134,74.134,
SFX_A01,42,Inga marginata,Fabaceae,289508.4339,9291590.837,0.57,,31.4,,,20111024,A,O,P06,22.73,22.73,feldpausch_regional,0.18,default,1.0,31.58,22.81,31.4,True,O,22.73,feldpausch,31.58,22.806413324533914,0.5518,360.1707,255.6331,255.6331,365.4069,259.2832,259.2832,
SFX_A01,43,Pouteria gongrijpii,Sapotaceae,289507.4339,9291593.337,0.8,,18.2,,,20111024,A,O,P06,16.13,16.13,feldpausch_regional,0.18,default,1.0,18.38,16.24,18.2,True,O,16.13,feldpausch,18.38,16.236020917929668,0.7994,88.8733,64.8705,64.8705,91.1782,66.5155,66.5155,
SFX_A01,44,Rinorea racemosa,Violaceae,289508.4339,9291592.837,0.68,,10.3,,,20111024,A,O,P06,10.85,10.85,feldpausch_regional,0.18,default,1.0,10.48,10.99,10.3,True,O,10.85,feldpausch,10.48,10.986468518055306,0.682,19.8654,15.0216,15.0216,20.801,15.711,15.711,
SFX_A01,45,NI,NI,289507.4339,9291592.537,0.62,,12.0,,,20111024,A,O,P06,12.11,12.11,feldpausch_regional,0.18,default,1.0,12.18,12.23,12.0,True,O,12.11,feldpausch,12.18,12.238454722800167,0.7138,29.7969,22.3066,22.3066,30.9931,23.1801,23.1801,
SFX_A01,46,Neea oppositifolia,Nyctaginaceae,289502.4339,9291593.937,0.89,,14.0,,,20111024,A,O,P06,13.49,13.49,feldpausch_regional,0.18,default,1.0,14.18,13.61,14.0,True,O,13.49,feldpausch,14.18,13.61017883290909,0.893,44.7295,33.1639,33.1639,46.2577,34.2699,34.2699,
SFX_A01,47,Neea oppositifolia,Nyctaginaceae,289508.4339,9291597.337,0.89,,10.7,,,20111024,A,O,P06,11.15,11.15,feldpausch_regional,0.18,default,1.0,10.88,11.29,10.7,True,O,11.15,feldpausch,10.879999999999999,11.28443676148572,0.893,21.9765,16.5767,16.5767,22.971,17.308,17.308,
SFX_A01,48,Pourouma minor,Urticaceae,289518.4339,9291599.337,0.44,,16.9,,,20111024,A,O,P06,15.35,15.35,feldpausch_regional,0.18,default,1.0,17.08,15.46,16.9,True,O,15.35,feldpausch,17.08,15.460052431044895,0.436,73.2719,53.7118,53.7118,75.3263,55.1836,55.1836,
SFX_A01,49,Galipea trifoliata,NI,289514.4339,9291599.337,0.62,,14.2,,,20111024,A,O,P06,13.62,13.62,feldpausch_regional,0.18,default,1.0,14.38,13.74,14.2,True,O,13.62,feldpausch,14.379999999999999,13.739386999997594,0.997,46.4178,34.3869,34.3869,47.9802,35.5169,35.5169,
SFX_A01,50,Vitex triflora,Lamiaceae,289521.4339,9291600.337,0.56,0.032886436,12.3,7.63,3.61,20111024,A,O,P06,12.32,12.32,feldpausch_regional,0.18,default,1.0,12.48,12.45,12.3,True,O,7.63,measured,12.48,7.708717216454557,0.5482,19.9205,16.0611,16.0611,20.6998,16.674,16.674,
SFX_A01,51,Neea oppositifolia,Nyctaginaceae,289501.4339,9291598.337,0.89,,14.1,,,20111024,A,O,P06,13.56,13.56,feldpausch_regional,0.18,default,1.0,14.28,13.68,14.1,True,O,13.56,feldpausch,14.28,13.679824759611861,0.893,45.585,33.7821,33.7821,47.1308,34.9003,34.9003,
SFX_A01,52,Mimosa hostilis,Fabaceae,289497.4339,9291601.337,0.45,,19.0,,,20111024,A,O,P06,16.6,16.6,feldpausch_regional,0.18,default,1.0,19.18,16.7,19.0,True,O,16.6,feldpausch,19.18,16.703702872413295,0.8235,99.4061,72.3794,72.3794,101.87,74.134,74.134,
SFX_A01,53,Mimosa hostilis,Fabaceae,289497.5339,9291601.337,0.45,,11.6,,,20111024,A,O,P06,11.82,11.82,feldpausch_regional,0.18,default,1.0,11.78,11.95,11.6,True,O,11.82,feldpausch,11.78,11.950237270124362,0.8235,27.2369,20.4351,20.4351,28.3698,21.264,21.264,
SFX_A01,54,Mimosa hostilis,Fabaceae,289497.6339,9291601.237,0.45,0.180144359,19.0,21.79,13.41,20111024,A,O,P06,16.6,16.6,feldpausch_regional,0.18,default,1.0,19.18,16.7,19.0,True,O,21.79,measured,19.18,21.92612563794492,0.8235,129.6363,90.4193,90.4193,132.8495,92.6112,92.6112,
SFX_A01,55,Mimosa hostilis,Fabaceae,289497.5339,9291601.337,0.45,,16.7,,,20111024,A,O,P06,15.22,15.22,feldpausch_regional,0.18,default,1.0,16.88,15.34,16.7,True,O,15.22,feldpausch,16.88,15.33064560978753,0.8235,70.997,52.0844,52.0844,73.0127,53.5295,53.5295,
SFX_A01,56,Mimosa hostilis,Fabaceae,289497.4339,9291600.937,0.45,,14.5,,,20111024,A,O,P06,13.82,13.82,feldpausch_regional,0.18,default,1.0,14.68,13.94,14.5,True,O,13.82,feldpausch,14.68,13.938276193103338,0.8235,49.0441,36.2853,36.2853,50.6592,37.452,37.452,
SFX_A01,57,Virola melinoni,Myristicaceae,289502.4339,9291602.137,0.48,1.144334272,43.0,25.54,21.6,20111024,A,O,P06,27.1,27.1,feldpausch_regional,0.18,default,1.0,43.18,27.16,43.0,True,O,25.54,measured,43.18,25.596415283275007,0.4734,745.4847,527.355,527.355,753.2086,532.74,532.74,
SFX_A01,58,Neea oppositifolia,Nyctaginaceae,289503.4339,9291603.337,0.89,,10.6,,,20111024,A,O,P06,11.08,11.08,feldpausch_regional,0.18,default,1.0,10.78,11.21,10.6,True,O,11.08,feldpausch,10.78,11.214993655523715,0.893,21.4451,16.1847,16.1847,22.4252,16.9057,16.9057,
SFX_A01,59,Pouteria sp.,Sapotaceae,289499.4339,9291605.337,0.78,,12.0,,,20111024,A,O,P06,12.11,12.11,feldpausch_regional,0.18,default,1.0,12.18,12.23,12.0,True,O,12.11,feldpausch,12.18,12.238454722800167,0.7187,29.7969,22.3066,22.3066,30.9931,23.1801,23.1801,
SFX_A01,60,,,289511.4339,9291602.537,0.58,,12.8,,,20111025,D,O,P06,12.67,12.67,feldpausch_regional,0.18,default,1.0,12.98,12.8,12.8,False,O,12.67,feldpausch,12.98,12.794967551192725,0.7138,35.3219,35.3219,41.8468,36.6474,36.6474,43.4171,
SFX_A01,61,Neea oppositifolia,Nyctaginaceae,289514.4339,9291604.537,0.89,,22.3,,,20111024,A,O,P06,18.42,18.42,feldpausch_regional,0.18,default,1.0,22.48,18.52,22.3,True,O,18.42,feldpausch,22.48,18.514970708896957,0.893,150.4092,108.5616,108.5616,153.557,110.7863,110.7863,
SFX_A01,62,Pouteria sp.,Sapotaceae,289511.4339,9291606.837,0.78,,30.4,,,20111024,A,O,P06,22.3,22.3,feldpausch_regional,0.18,default,1.0,30.58,22.38,30.4,True,O,22.3,feldpausch,30.58,22.378153557689878,0.7187,331.8757,235.8957,235.8957,336.8706,239.3815,239.3815,
SFX_A01,63,Neea oppositifolia,Nyctaginaceae,289509.4339,9291609.537,0.89,,15.2,,,20111024,A,O,P06,14.28,14.28,feldpausch_regional,0.18,default,1.0,15.38,14.39,15.2,True,O,14.28,feldpausch,15.379999999999999,14.395769779964834,0.893,55.518,40.9557,40.9557,57.2581,42.2093,42.2093,
SFX_A01,64,Astronium gracile,Anacardiaceae,289504.4339,9291608.337,0.73,,13.0,,,20111024,A,O,P06,12.81,12.81,feldpausch_regional,0.18,default,1.0,13.18,12.93,13.0,True,O,12.81,feldpausch,13.18,12.934151333479754,0.73,36.7999,27.4108,27.4108,38.1585,28.3983,28.3983,
SFX_A01,65,Astrocaryum aculeatum,Arecaceae,289501.4339,9291611.137,0.51,0.112977242,23.5,,,20111024,A,P,P06,19.05,19.05,feldpausch_regional,0.18,default,1.0,23.68,19.14,23.5,True,P,19.05,feldpausch,23.68,19.14214248718335,0.508,172.1721,,,175.5806,,,
SFX_A01,66,Galipea trifoliata,NI,289503.4339,9291611.137,0.62,,19.7,,,20111024,A,O,P06,17.0,17.0,feldpausch_regional,0.18,default,1.0,19.88,17.1,19.7,True,O,17.0,feldpausch,19.88,17.10173351278743,0.997,109.1885,79.3413,79.3413,111.7935,81.1931,81.1931,
SFX_A01,67,Mimosa hostilis,Fabaceae,289500.4339,9291615.337,0.45,,15.4,,,20111024,A,O,P06,14.41,14.41,feldpausch_regional,0.18,default,1.0,15.58,14.52,15.4,True,O,14.41,feldpausch,15.58,14.525076437765907,0.8235,57.4589,42.3534,42.3534,59.2352,43.6322,43.6322,
SFX_A01,68,Mimosa hostilis,Fabaceae,289501.4339,9291615.937,0.45,,15.3,,,20111024,A,O,P06,14.34,14.34,feldpausch_regional,0.18,default,1.0,15.48,14.46,15.3,True,O,14.34,feldpausch,15.48,14.455381033218284,0.8235,56.4638,41.6389,41.6389,58.2214,42.9048,42.9048,
SFX_A01,69,Inga marginata,Fabaceae,289503.4339,9291618.837,0.57,,17.2,,,20111024,A,O,P06,15.53,15.53,feldpausch_regional,0.18,default,1.0,17.38,15.64,17.2,True,O,15.53,feldpausch,17.38,15.639077734920187,0.5518,76.7,56.1687,56.1687,78.8112,57.6798,57.6798,
SFX_A01,70,Galipea trifoliata,NI,289502.4339,9291620.337,0.62,,10.4,,,20111024,A,O,P06,10.93,10.93,feldpausch_regional,0.18,default,1.0,10.58,11.06,10.4,True,O,10.93,feldpausch,10.58,11.066010609221836,0.997,20.3893,15.407,15.407,21.3399,16.107,16.107,
SFX_A01,71,,,289497.9339,9291626.937,0.58,,14.2,,,20111025,D,O,P06,13.62,13.62,feldpausch_regional,0.18,default,1.0,14.38,13.74,14.2,False,O,13.62,feldpausch,14.379999999999999,13.739386999997594,0.7138,46.4178,46.4178,54.9924,47.9802,47.9802,56.8434,
SFX_A01,2,Pourouma minor,Urticaceae,289509.3277,9291786.836,0.44,,10.2,,,20111024,A,O,P07,10.78,10.78,feldpausch_regional,0.18,default,1.0,10.38,10.91,10.2,True,O,10.78,feldpausch,10.379999999999999,10.917060734410658,0.436,19.368,14.6535,14.6535,20.2894,15.3329,15.3329,
SFX_A01,3,Castilla ulei,Moraceae,289510.3277,9291784.836,0.82,,17.4,,,20111024,A,O,P07,15.65,15.65,feldpausch_regional,0.18,default,1.0,17.58,15.76,17.4,True,O,15.65,feldpausch,17.58,15.758443383585726,0.5675,79.0422,57.8456,57.8456,81.1915,59.3831,59.3831,
SFX_A01,4,Castilla ulei,Moraceae,289511.3277,9291782.836,0.82,,16.2,,,20111024,A,O,P07,14.91,14.91,feldpausch_regional,0.18,default,1.0,16.38,15.03,16.2,True,O,14.91,feldpausch,16.38,15.022292044589127,0.5675,65.5765,48.1941,48.1941,67.4988,49.5744,49.5744,
SFX_A01,5,Virola melinoni,Myristicaceae,289511.1277,9291782.136,0.48,,13.4,,,20111024,A,O,P07,13.08,13.08,feldpausch_regional,0.18,default,1.0,13.58,13.21,13.4,True,O,13.08,feldpausch,13.58,13.202485117446479,0.4734,39.8454,29.6247,29.6247,41.2706,30.6588,30.6588,
SFX_A01,6,NI,NI,289505.3277,9291779.836,0.62,,17.4,,,20111024,A,O,P07,15.65,15.65,feldpausch_regional,0.18,default,1.0,17.58,15.76,17.4,True,O,15.65,feldpausch,17.58,15.758443383585726,0.7138,79.0422,57.8456,57.8456,81.1915,59.3831,59.3831,
SFX_A01,8,,,289501.3277,9291781.536,0.58,,28.0,,,20111025,D,O,P07,21.23,21.23,feldpausch_regional,0.18,default,1.0,28.18,21.31,28.0,False,O,21.23,feldpausch,28.18,21.31260505700556,0.7138,269.4116,269.4116,319.179,273.8387,273.8387,324.4238,
SFX_A01,10,Eschweilera parviflora,Lecythidaceae,289510.5277,9291779.236,0.89,,14.2,,,20111024,A,O,P07,13.62,13.62,feldpausch_regional,0.18,default,1.0,14.38,13.74,14.2,True,O,13.62,feldpausch,14.379999999999999,13.739386999997594,0.918,46.4178,34.3869,34.3869,47.9802,35.5169,35.5169,
SFX_A01,11,,,289510.3277,9291777.836,,0.015572874,15.1,,,20111025,A,L,P07,14.21,14.21,feldpausch_regional,0.18,default,1.0,15.28,14.33,15.1,True,L,14.21,feldpausch,15.28,14.326081213243178,0.7138,54.5451,40.2564,40.2564,56.2665,41.4972,41.4972,
SFX_A01,12,,,289511.3277,9291778.136,,0.01301727,10.6,,,20111025,A,L,P07,11.08,11.08,feldpausch_regional,0.18,default,1.0,10.78,11.21,10.6,True,L,11.08,feldpausch,10.78,11.214993655523715,0.7138,21.4451,16.1847,16.1847,22.4252,16.9057,16.9057,
SFX_A01,13,,,289510.3277,9291773.536,,0.014601611,13.2,,,20111025,A,L,P07,12.95,12.95,feldpausch_regional,0.18,default,1.0,13.38,13.07,13.2,True,L,12.95,feldpausch,13.379999999999999,13.073355365618069,0.7138,38.3174,28.5131,28.5131,39.7097,29.5241,29.5241,
SFX_A01,14,Dalbergia melanoxylon,Fabaceae,289508.3277,9291774.736,0.8,,28.6,,,20111024,A,O,P07,21.5,21.5,feldpausch_regional,0.18,default,1.0,28.78,21.59,28.6,True,O,21.5,feldpausch,28.78,21.58144329751827,1.0772,284.2805,202.6405,202.6405,288.8474,205.8348,205.8348,
SFX_A01,15,Galipea trifoliata,NI,289504.3277,9291775.236,0.62,,13.7,,,20111024,A,O,P07,13.29,13.29,feldpausch_regional,0.18,default,1.0,13.88,13.41,13.7,True,O,13.29,feldpausch,13.879999999999999,13.411357029805014,0.997,42.2571,31.3721,31.3721,43.7339,32.4423,32.4423,
SFX_A01,16,Neea oppositifolia,Nyctaginaceae,289499.3277,9291774.236,0.89,,28.5,,,20111024,A,O,P07,21.46,21.46,feldpausch_regional,0.18,default,1.0,28.68,21.54,28.5,True,O,21.46,feldpausch,28.68,21.541653107048504,0.893,281.8308,200.9196,200.9196,286.3753,204.0986,204.0986,
SFX_A01,17,Stryphnodendron pulcherrimum,Fabaceae,289503.3277,9291774.836,0.47,,10.6,,,20111024,A,O,P07,11.08,11.08,feldpausch_regional,0.18,default,1.0,10.78,11.21,10.6,True,O,11.08,feldpausch,10.78,11.214993655523715,0.475,21.4451,16.1847,16.1847,22.4252,16.9057,16.9057,
SFX_A01,18,Theobroma glaucum,Malvaceae,289494.3277,9291773.236,0.53,,12.6,,,20111024,A,O,P07,12.53,12.53,feldpausch_regional,0.18,default,1.0,12.78,12.66,12.6,True,O,12.53,feldpausch,12.78,12.655804961925917,0.5297,33.8832,25.2886,25.2886,35.1758,26.2298,26.2298,
SFX_A01,19,Dalbergia melanoxylon,Fabaceae,289494.3277,9291770.836,0.8,,12.0,,,20111024,A,O,P07,12.11,12.11,feldpausch_regional,0.18,default,1.0,12.18,12.23,12.0,True,O,12.11,feldpausch,12.18,12.238454722800167,1.0772,29.7969,22.3066,22.3066,30.9931,23.1801,23.1801,
SFX_A01,20,Eschweilera parviflora,Lecythidaceae,289501.3277,9291770.836,0.89,,12.3,,,20111024,A,O,P07,12.32,12.32,feldpausch_regional,0.18,default,1.0,12.48,12.45,12.3,True,O,12.32,feldpausch,12.48,12.44710302840369,0.918,31.7974,23.7678,23.7678,33.0414,24.6748,24.6748,
SFX_A01,21,Stryphnodendron pulcherrimum,Fabaceae,289502.3277,9291770.536,0.47,0.028148498,11.0,9.72,5.21,20111024,A,O,P07,11.38,11.38,feldpausch_regional,0.18,default,1.0,11.18,11.51,11.0,True,O,9.72,measured,11.18,9.833643842347675,0.475,20.2872,15.6587,15.6587,21.1791,16.3299,16.3299,
SFX_A01,22,Dalbergia melanoxylon,Fabaceae,289511.3277,9291768.536,0.8,0.446655662,23.2,20.37,8.36,20111024,A,O,P07,18.89,18.89,feldpausch_regional,0.18,default,1.0,23.38,18.98,23.2,True,O,20.37,measured,23.38,20.470086674081237,1.0772,179.2538,127.5822,127.5822,182.8513,130.0901,130.0901,
SFX_A01,23,Theobroma glaucum,Malvaceae,289504.3277,9291768.136,0.53,,10.6,,,20111024,A,O,P07,11.08,11.08,feldpausch_regional,0.18,default,1.0,10.78,11.21,10.6,True,O,11.08,feldpausch,10.78,11.214993655523715,0.5297,21.4451,16.1847,16.1847,22.4252,16.9057,16.9057,
SFX_A01,24,Dalbergia melanoxylon,Fabaceae,289508.3277,9291770.836,0.8,1.064411087,36.9,19.19,5.51,20111024,A,O,P07,24.94,24.94,feldpausch_regional,0.18,default,1.0,37.08,25.01,36.9,True,O,19.19,measured,37.08,19.242197578247904,1.0772,418.3862,307.3743,307.3743,423.5006,311.0708,311.0708,
SFX_A01,25,,,289511.3277,9291772.136,0.58,7.972370444,120.0,29.04,,20111025,D,O,P07,41.12,41.12,feldpausch_regional,0.18,default,1.0,120.18,41.14,120.0,False,O,29.04,measured,120.18,29.05175603865303,0.7138,6264.7995,6264.7995,7422.0723,6285.6384,6285.6384,7446.7608,
SFX_A01,26,,,289511.3277,9291771.036,,0.016169353,16.4,,,20111025,A,L,P07,15.04,15.04,feldpausch_regional,0.18,default,1.0,16.58,15.15,16.4,True,L,15.04,feldpausch,16.58,15.15166814310292,0.7138,67.7376,49.7434,49.7434,69.6978,51.1499,51.1499,
SFX_A01,27,Ceiba pentandra,Malvaceae,289506.3277,9291763.136,0.35,,25.1,,,20111024,A,O,P07,19.85,19.85,feldpausch_regional,0.18,default,1.0,25.28,19.94,25.1,True,O,19.85,feldpausch,25.28,19.938538481396552,0.3052,203.8159,146.2093,146.2093,207.5784,148.8548,148.8548,
SFX_A01,28,Theobroma glaucum,Malvaceae,289494.3277,9291766.336,0.53,,10.2,,,20111024,A,O,P07,10.78,10.78,feldpausch_regional,0.18,default,1.0,10.38,10.91,10.2,True,O,10.78,feldpausch,10.379999999999999,10.917060734410658,0.5297,19.368,14.6535,14.6535,20.2894,15.3329,15.3329,
SFX_A01,29,Helicostylis sp.,Moraceae,289493.5277,9291766.836,0.65,,21.3,,,20111024,A,O,P07,17.88,17.88,feldpausch_regional,0.18,default,1.0,21.48,17.98,21.3,True,O,17.88,feldpausch,21.48,17.97744476424453,0.643,133.5883,96.6619,96.6619,136.5231,98.7405,98.7405,
SFX_A01,30,Dalbergia melanoxylon,Fabaceae,289499.3277,9291764.536,0.8,,22.2,,,20111024,A,O,P07,18.37,18.37,feldpausch_regional,0.18,default,1.0,22.38,18.46,22.2,True,O,18.37,feldpausch,22.38,18.465230646213495,1.0772,148.7004,107.3512,107.3512,151.8273,109.5615,109.5615,
SFX_A01,31,,,289499.4277,9291763.336,0.58,,16.5,,,20111025,D,O,P07,15.1,15.1,feldpausch_regional,0.18,default,1.0,16.68,15.21,16.5,False,O,15.1,feldpausch,16.68,15.211323855918964,0.7138,68.8131,68.8131,81.5246,70.7917,70.7917,83.8688,
SFX_A01,32,Hymenaea courbaril,Fabaceae,289499.4277,9291760.036,0.79,3.572612251,60.5,24.36,22.81,20111024,A,O,P07,32.06,32.06,feldpausch_regional,0.18,default,1.0,60.68,32.1,60.5,True,O,24.36,measured,60.68,24.39274267321681,0.7924,1386.2585,1004.3203,1004.3203,1396.1498,1011.416,1011.416,
SFX_A01,33,Tetragastris panamensis,Burseraceae,289498.3277,9291759.536,0.73,1.992310013,42.9,29.05,18.03,20111024,A,O,P07,27.07,27.07,feldpausch_regional,0.18,default,1.0,43.08,27.13,42.9,True,O,29.05,measured,43.08,29.11437594123973,0.7173,841.488,583.2135,583.2135,850.2287,589.1838,589.1838,
SFX_A01,34,Theobroma glaucum,Malvaceae,289504.3277,9291757.736,0.53,,12.3,,,20111024,A,O,P07,12.32,12.32,feldpausch_regional,0.18,default,1.0,12.48,12.45,12.3,True,O,12.32,feldpausch,12.48,12.44710302840369,0.5297,31.7974,23.7678,23.7678,33.0414,24.6748,24.6748,
SFX_A01,35,Pouteria gongrijpii,Sapotaceae,289506.3277,9291759.636,0.8,,19.7,,,20111024,A,O,P07,17.0,17.0,feldpausch_regional,0.18,default,1.0,19.88,17.1,19.7,True,O,17.0,feldpausch,19.88,17.10173351278743,0.7994,109.1885,79.3413,79.3413,111.7935,81.1931,81.1931,
SFX_A01,36,Pourouma minor,Urticaceae,289506.3277,9291759.736,0.44,,19.1,,,20111024,A,O,P07,16.65,16.65,feldpausch_regional,0.18,default,1.0,19.28,16.76,19.1,True,O,16.65,feldpausch,19.28,16.75336994598365,0.436,100.7252,73.3235,73.3235,103.208,75.0912,75.0912,
SFX_A01,37,Hymenolobium petraeum,Fabaceae,289511.3277,9291757.636,0.71,,21.3,,,20111024,A,O,P07,17.88,17.88,feldpausch_regional,0.18,default,1.0,21.48,17.98,21.3,True,O,17.88,feldpausch,21.48,17.97744476424453,0.7125,133.5883,96.6619,96.6619,136.5231,98.7405,98.7405,
SFX_A01,38,Galipea trifoliata,NI,289503.3277,9291752.036,0.62,,15.0,,,20111024,A,O,P07,14.15,14.15,feldpausch_regional,0.18,default,1.0,15.18,14.27,15.0,True,O,14.15,feldpausch,15.18,14.266478171745444,0.997,53.6203,39.5877,39.5877,55.3244,40.8163,40.8163,
SFX_A01,39,Theobroma glaucum,Malvaceae,289503.4277,9291752.336,0.53,,11.2,,,20111024,A,O,P07,11.53,11.53,feldpausch_regional,0.18,default,1.0,11.38,11.66,11.2,True,O,11.53,feldpausch,11.379999999999999,11.662124365137602,0.5297,24.8245,18.6669,18.6669,25.8956,19.4522,19.4522,
SFX_A01,40,Dalbergia melanoxylon,Fabaceae,289507.3277,9291748.336,0.8,1.1786416,48.5,12.3,9.79,20111024,A,O,P07,28.84,28.84,feldpausch_regional,0.18,default,1.0,48.68,28.89,48.5,True,O,12.3,measured,48.68,12.322931704267098,1.0772,462.1425,369.0501,369.0501,466.3435,372.3614,372.3614,
SFX_A01,41,Inga sp.,Fabaceae,289516.3277,9291743.836,0.58,,17.2,,,20111024,A,O,P07,15.53,15.53,feldpausch_regional,0.18,default,1.0,17.38,15.64,17.2,True,O,15.53,feldpausch,17.38,15.639077734920187,0.5786,76.7,56.1687,56.1687,78.8112,57.6798,57.6798,
SFX_A01,42,Inga alba,Fabaceae,289514.3277,9291748.036,0.59,,31.1,,,20111024,A,O,P07,22.61,22.61,feldpausch_regional,0.18,default,1.0,31.28,22.68,31.1,True,O,22.61,feldpausch,31.28,22.686956201699076,0.5861,351.6627,249.6882,249.6882,356.828,253.2899,253.2899,
SFX_A01,43,NI,NI,289517.3277,9291751.536,0.62,,12.8,,,20111024,A,O,P07,12.67,12.67,feldpausch_regional,0.18,default,1.0,12.98,12.8,12.8,True,O,12.67,feldpausch,12.98,12.794967551192725,0.7138,35.3219,26.3361,26.3361,36.6474,27.3003,27.3003,
SFX_A01,44,Pourouma minor,Urticaceae,289523.3277,9291751.536,0.44,,20.1,,,20111024,A,O,P07,17.22,17.22,feldpausch_regional,0.18,default,1.0,20.28,17.32,20.1,True,O,17.22,feldpausch,20.28,17.32060862709547,0.436,114.992,83.4693,83.4693,117.6779,85.3768,85.3768,
SFX_A01,45,NI,NI,289515.3277,9291752.636,0.62,,11.1,,,20111024,A,O,P07,11.45,11.45,feldpausch_regional,0.18,default,1.0,11.28,11.58,11.1,True,O,11.45,feldpausch,11.28,11.582526964763572,0.7138,24.2284,18.2309,18.2309,25.2837,19.005,19.005,
SFX_A01,46,NI,NI,289513.3277,9291752.336,0.62,,14.4,,,20111024,A,O,P07,13.76,13.76,feldpausch_regional,0.18,default,1.0,14.58,13.88,14.4,True,O,13.76,feldpausch,14.58,13.878699769169549,0.7138,48.181,35.6594,35.6594,49.7792,36.8142,36.8142,
SFX_A01,47,Zollernia paraensis,Fabaceae,289514.3277,9291757.436,0.99,,19.4,,,20111024,A,O,P07,16.83,16.83,feldpausch_regional,0.18,default,1.0,19.58,16.93,19.4,True,O,16.83,feldpausch,19.58,16.93257196194544,0.99,104.932,76.3132,76.3132,107.4763,78.1232,78.1232,
SFX_A01,48,Tetragastris panamensis,Burseraceae,289517.3277,9291759.736,0.73,1.066065188,35.5,22.7,12.04,20111024,A,O,P07,24.4,24.4,feldpausch_regional,0.18,default,1.0,35.68,24.47,35.5,True,O,22.7,measured,35.68,22.765004483531847,0.7173,457.0752,326.3964,326.3964,462.9001,330.4868,330.4868,
SFX_A01,49,,,289520.3277,9291758.536,0.58,0.665186024,63.1,6.71,,20111025,D,O,P07,32.66,32.66,feldpausch_regional,0.18,default,1.0,63.28,32.71,63.1,False,O,6.71,measured,63.28,6.718452338994454,0.7138,427.5621,427.5621,506.544,430.4747,430.4747,509.9947,
SFX_A01,50,NI,NI,289523.3277,9291758.836,0.62,,13.0,,,20111024,A,O,P07,12.81,12.81,feldpausch_regional,0.18,default,1.0,13.18,12.93,13.0,True,O,12.81,feldpausch,13.18,12.934151333479754,0.7138,36.7999,27.4108,27.4108,38.1585,28.3983,28.3983,
SFX_A01,51,Ficus maxima,Moraceae,289523.3277,9291760.536,0.37,1.853481137,50.0,39.69,20.02,20111024,A,O,P07,29.28,29.28,feldpausch_regional,0.18,default,1.0,50.18,29.33,50.0,True,O,39.69,measured,50.18,39.76082503148001,0.3605,1538.7317,1022.6349,1022.6349,1552.2619,1031.5144,1031.5144,
SFX_A01,52,Theobroma glaucum,Malvaceae,289521.3277,9291761.836,0.53,,16.5,,,20111024,A,O,P07,15.1,15.1,feldpausch_regional,0.18,default,1.0,16.68,15.21,16.5,True,O,15.1,feldpausch,16.68,15.211323855918964,0.5297,68.8131,50.5162,50.5162,70.7917,51.9355,51.9355,
SFX_A01,53,NI,NI,289521.3277,9291761.836,0.62,,11.3,,,20111024,A,O,P07,11.6,11.6,feldpausch_regional,0.18,default,1.0,11.48,11.73,11.3,True,O,11.6,feldpausch,11.48,11.731613829769724,0.7138,25.4086,19.096,19.096,26.4948,19.892,19.892,
SFX_A01,54,Tetragastris panamensis,Burseraceae,289519.3277,9291761.836,0.73,2.464091456,49.5,26.98,18.37,20111024,A,O,P07,29.14,29.14,feldpausch_regional,0.18,default,1.0,49.68,29.19,49.5,True,O,26.98,measured,49.68,27.02884762967136,0.7173,1035.2065,730.9071,730.9071,1044.4095,737.3226,737.3226,
SFX_A01,55,Virola melinoni,Myristicaceae,289515.3277,9291763.536,0.48,,31.2,,,20111024,A,O,P07,22.65,22.65,feldpausch_regional,0.18,default,1.0,31.38,22.73,31.2,True,O,22.65,feldpausch,31.38,22.72677424590112,0.4734,354.4843,251.6601,251.6601,359.6732,255.2779,255.2779,
SFX_A01,56,Pouteria gongrijpii,Sapotaceae,289514.8277,9291764.036,0.8,,10.5,,,20111024,A,O,P07,11.0,11.0,feldpausch_regional,0.18,default,1.0,10.68,11.14,10.5,True,O,11.0,feldpausch,10.68,11.135436540229511,0.7994,20.9036,15.7869,15.7869,21.8685,16.4971,16.4971,
SFX_A01,57,Dalbergia melanoxylon,Fabaceae,289515.3277,9291767.736,0.8,,17.6,,,20111024,A,O,P07,15.77,15.77,feldpausch_regional,0.18,default,1.0,17.78,15.88,17.6,True,O,15.77,feldpausch,17.78,15.87782090870245,1.0772,81.4301,59.554,59.554,83.6179,61.1181,61.1181,
SFX_A01,58,Sapium marmieri,Euphorbiaceae,289527.3277,9291764.036,0.41,1.117913181,42.2,30.08,18.65,20111024,A,O,P07,26.83,26.83,feldpausch_regional,0.18,default,1.0,42.38,26.89,42.2,True,O,30.08,measured,42.38,30.148192249896656,0.41,843.0819,580.6516,580.6516,851.9966,586.7014,586.7014,
SFX_A01,59,Tetragastris panamensis,Burseraceae,289532.3277,9291763.836,0.73,,24.2,,,20111024,A,O,P07,19.4,19.4,feldpausch_regional,0.18,default,1.0,24.38,19.49,24.2,True,O,19.4,feldpausch,24.38,19.490517272099257,0.7173,185.5935,133.3865,133.3865,189.1551,135.8947,135.8947,
SFX_A01,60,,,289532.3277,9291763.836,,0.016555215,17.3,,,20111025,A,L,P07,15.59,15.59,feldpausch_regional,0.18,default,1.0,17.48,15.7,17.3,True,L,15.59,feldpausch,17.48,15.69875904955282,0.7138,77.8654,57.0033,57.0033,79.9956,58.5275,58.5275,
SFX_A01,61,Dalbergia melanoxylon,Fabaceae,289535.3277,9291765.436,0.8,,17.6,,,20111024,A,O,P07,15.77,15.77,feldpausch_regional,0.18,default,1.0,17.78,15.88,17.6,True,O,15.77,feldpausch,17.78,15.87782090870245,1.0772,81.4301,59.554,59.554,83.6179,61.1181,61.1181,
SFX_A01,62,NI,NI,289530.3277,9291767.136,0.62,,12.7,,,20111024,A,O,P07,12.6,12.6,feldpausch_regional,0.18,default,1.0,12.88,12.73,12.7,True,O,12.6,feldpausch,12.879999999999999,12.725383546173273,0.7138,34.5977,25.8089,25.8089,35.9067,26.7616,26.7616,
SFX_A01,63,NI,NI,289528.3277,9291767.536,0.62,,11.2,,,20111024,A,O,P07,11.53,11.53,feldpausch_regional,0.18,default,1.0,11.38,11.66,11.2,True,O,11.53,feldpausch,11.379999999999999,11.662124365137602,0.7138,24.8245,18.6669,18.6669,25.8956,19.4522,19.4522,
SFX_A01,64,,,289536.3277,9291769.836,0.58,,11.6,,,20111025,D,O,P07,11.82,11.82,feldpausch_regional,0.18,default,1.0,11.78,11.95,11.6,False,O,11.82,feldpausch,11.78,11.950237270124362,0.7138,27.2369,27.2369,32.2682,28.3698,28.3698,33.6104,
SFX_A01,65,,,289534.3277,9291771.836,0.58,,19.6,,,20111025,D,O,P07,16.94,16.94,feldpausch_regional,0.18,default,1.0,19.78,17.04,19.6,False,O,16.94,feldpausch,19.78,17.041990584540848,0.7138,107.7368,107.7368,127.6386,110.321,110.321,130.7002,
SFX_A01,66,Dalbergia melanoxylon,Fabaceae,289531.3277,9291769.536,0.8,,25.9,,,20111024,A,O,P07,20.24,20.24,feldpausch_regional,0.18,default,1.0,26.08,20.33,25.9,True,O,20.24,feldpausch,26.08,20.326831835747765,1.0772,220.8428,158.1755,158.1755,224.7859,160.9443,160.9443,
SFX_A01,67,Brosimum rubescens ,Moraceae,289529.3277,9291769.436,0.83,,13.9,,,20111024,A,O,P07,13.42,13.42,feldpausch_regional,0.18,default,1.0,14.08,13.54,13.9,True,O,13.42,feldpausch,14.08,13.540536958975249,0.8251,43.8846,32.553,32.553,45.3952,33.6467,33.6467,
SFX_A01,68,Sapium marmieri,Euphorbiaceae,289529.3277,9291769.836,0.41,0.685768354,45.1,16.16,11.45,20111024,A,O,P07,27.79,27.79,feldpausch_regional,0.18,default,1.0,45.28,27.84,45.1,True,O,16.16,measured,45.28,16.19339845852997,0.41,523.4221,398.9492,398.9492,528.5717,402.8198,402.8198,
SFX_A01,69,Dalbergia melanoxylon,Fabaceae,289514.1277,9291769.836,0.8,,24.3,,,20111024,A,O,P07,19.45,19.45,feldpausch_regional,0.18,default,1.0,24.48,19.54,24.3,True,O,19.45,feldpausch,24.48,19.540291449667848,1.0772,187.5641,134.7747,134.7747,191.1478,137.2979,137.2979,
SFX_A01,70,Neea oppositifolia,Nyctaginaceae,289522.3277,9291769.836,0.89,0.176579472,15.8,15.57,10.31,20111024,A,O,P07,14.66,14.66,feldpausch_regional,0.18,default,1.0,15.98,14.78,15.8,True,O,15.57,measured,15.98,15.690710132778797,0.893,65.1498,47.497,47.497,67.1104,48.8932,48.8932,
SFX_A01,71,Dalbergia melanoxylon,Fabaceae,289512.4277,9291769.836,0.8,1.344231718,50.3,13.04,5.44,20111024,A,O,P07,29.37,29.37,feldpausch_regional,0.18,default,1.0,50.48,29.42,50.3,True,O,13.04,measured,50.48,13.063068921170037,1.0772,525.3301,416.3825,416.3825,529.9194,419.9747,419.9747,
SFX_A01,72,NI,NI,289528.3277,9291773.536,0.62,,27.5,,,20111024,A,O,P07,21.0,21.0,feldpausch_regional,0.18,default,1.0,27.68,21.08,27.5,True,O,21.0,feldpausch,27.68,21.083585650615483,0.7138,257.35,183.7808,183.7808,261.6608,186.8006,186.8006,
SFX_A01,73,Eschweilera parviflora,Lecythidaceae,289529.3277,9291774.836,0.89,,12.8,,,20111024,A,O,P07,12.67,12.67,feldpausch_regional,0.18,default,1.0,12.98,12.8,12.8,True,O,12.67,feldpausch,12.98,12.794967551192725,0.918,35.3219,26.3361,26.3361,36.6474,27.3003,27.3003,
SFX_A01,74,Dalbergia melanoxylon,Fabaceae,289518.3277,9291775.836,0.8,,15.2,,,20111024,A,O,P07,14.28,14.28,feldpausch_regional,0.18,default,1.0,15.38,14.39,15.2,True,O,14.28,feldpausch,15.379999999999999,14.395769779964834,1.0772,55.518,40.9557,40.9557,57.2581,42.2093,42.2093,
SFX_A01,75,Zollernia paraensis,Fabaceae,289514.3277,9291775.136,0.99,3.517943874,46.8,31.87,19.42,20111024,A,O,P07,28.32,28.32,feldpausch_regional,0.18,default,1.0,46.98,28.38,46.8,True,O,31.87,measured,46.98,31.932516516343167,0.99,1091.6451,748.717,748.717,1101.9615,755.6979,755.6979,
SFX_A01,76,,,289512.4277,9291775.236,,0.012739448,10.2,,,20111025,A,L,P07,10.78,10.78,feldpausch_regional,0.18,default,1.0,10.38,10.91,10.2,True,L,10.78,feldpausch,10.379999999999999,10.917060734410658,0.7138,19.368,14.6535,14.6535,20.2894,15.3329,15.3329,
SFX_A01,77,Theobroma glaucum,Malvaceae,289514.3277,9291776.036,0.53,,10.9,,,20111024,A,O,P07,11.3,11.3,feldpausch_regional,0.18,default,1.0,11.08,11.44,10.9,True,O,11.3,feldpausch,11.08,11.433467441478326,0.5297,23.0846,17.3912,17.3912,24.1093,18.1438,18.1438,
SFX_A01,79,Dalbergia melanoxylon,Fabaceae,289517.3277,9291779.436,0.8,,23.2,,,20111024,A,O,P07,18.89,18.89,feldpausch_regional,0.18,default,1.0,23.38,18.98,23.2,True,O,18.89,feldpausch,23.38,18.982814790053737,1.0772,166.5312,119.948,119.948,169.8733,122.3059,122.3059,
SFX_A01,80,Tabebuia serratifolia,Bignoniaceae,289513.3277,9291779.436,0.92,,33.2,,,20111024,A,O,P07,23.48,23.48,feldpausch_regional,0.18,default,1.0,33.38,23.56,33.2,True,O,23.48,feldpausch,33.38,23.55342718556929,0.924,414.4991,293.472,293.472,420.1756,297.4215,297.4215,
SFX_A01,81,Tabebuia serratifolia,Bignoniaceae,289513.3277,9291779.436,0.92,,30.4,,,20111024,A,O,P07,22.3,22.3,feldpausch_regional,0.18,default,1.0,30.58,22.38,30.4,True,O,22.3,feldpausch,30.58,22.378153557689878,0.924,331.8757,235.8957,235.8957,336.8706,239.3815,239.3815,
SFX_A01,82,Inga alba,Fabaceae,289516.3277,9291782.536,0.59,,12.3,,,20111024,A,O,P07,12.32,12.32,feldpausch_regional,0.18,default,1.0,12.48,12.45,12.3,True,O,12.32,feldpausch,12.48,12.44710302840369,0.5861,31.7974,23.7678,23.7678,33.0414,24.6748,24.6748,
SFX_A01,83,Inga alba,Fabaceae,289518.3277,9291782.836,0.59,,11.4,,,20111024,A,O,P07,11.67,11.67,feldpausch_regional,0.18,default,1.0,11.58,11.8,11.4,True,O,11.67,feldpausch,11.58,11.801110900524833,0.5861,26.0016,19.5314,19.5314,27.1029,20.3381,20.3381,
SFX_A01,84,,,289520.3277,9291781.136,,0.013479137,11.3,,,20111025,A,L,P07,11.6,11.6,feldpausch_regional,0.18,default,1.0,11.48,11.73,11.3,True,L,11.6,feldpausch,11.48,11.731613829769724,0.7138,25.4086,19.096,19.096,26.4948,19.892,19.892,
SFX_A01,85,Nectandra cuspidata,Lauraceae,289523.3277,9291782.836,0.56,,16.2,,,20111024,A,O,P07,14.91,14.91,feldpausch_regional,0.18,default,1.0,16.38,15.03,16.2,True,O,14.91,feldpausch,16.38,15.022292044589127,0.518,65.5765,48.1941,48.1941,67.4988,49.5744,49.5744,
SFX_A01,86,Dalbergia melanoxylon,Fabaceae,289514.3277,9291789.036,0.8,,32.0,,,20111024,A,O,P07,22.99,22.99,feldpausch_regional,0.18,default,1.0,32.18,23.06,32.0,True,O,22.99,feldpausch,32.18,23.065419436251485,1.0772,377.8988,267.9775,267.9775,383.2824,271.7277,271.7277,
SFX_A01,1,,,289557.7113,9292143.75,0.58,,32.6,,,20111025,D,O,P08,23.24,23.24,feldpausch_regional,0.18,default,1.0,32.78,23.31,32.6,False,O,23.24,feldpausch,32.78,23.31442383466068,0.7138,396.0116,396.0116,469.1653,401.5421,401.5421,475.7174,
SFX_A01,4,Neea oppositifolia,Nyctaginaceae,289554.7113,9292138.25,0.89,,11.6,,,20111025,A,O,P08,11.82,11.82,feldpausch_regional,0.18,default,1.0,11.78,11.95,11.6,True,O,11.82,feldpausch,11.78,11.950237270124362,0.893,27.2369,20.4351,20.4351,28.3698,21.264,21.264,
SFX_A01,5,NI,NI,289552.7113,9292136.05,0.62,,14.6,,,20111025,A,O,P08,13.89,13.89,feldpausch_regional,0.18,default,1.0,14.78,14.01,14.6,True,O,13.89,feldpausch,14.78,14.007942520471866,0.7138,49.9522,36.9399,36.9399,51.5854,38.1191,38.1191,
SFX_A01,6,Castilla ulei,Moraceae,289543.7113,9292132.45,0.82,,10.1,,,20111025,A,O,P08,10.7,10.7,feldpausch_regional,0.18,default,1.0,10.28,10.84,10.1,True,O,10.7,feldpausch,10.28,10.83753457254877,0.5675,18.8614,14.2803,14.2803,19.768,14.9492,14.9492,
SFX_A01,8,Inga marginata,Fabaceae,289544.7113,9292128.25,0.57,,10.6,,,20111025,A,O,P08,11.08,11.08,feldpausch_regional,0.18,default,1.0,10.78,11.21,10.6,True,O,11.08,feldpausch,10.78,11.214993655523715,0.5518,21.4451,16.1847,16.1847,22.4252,16.9057,16.9057,
SFX_A01,9,Mimosa hostilis,Fabaceae,289557.7113,9292127.45,0.45,,13.4,,,20111025,A,O,P08,13.08,13.08,feldpausch_regional,0.18,default,1.0,13.58,13.21,13.4,True,O,13.08,feldpausch,13.58,13.202485117446479,0.8235,39.8454,29.6247,29.6247,41.2706,30.6588,30.6588,
SFX_A01,10,Inga marginata,Fabaceae,289556.7113,9292124.95,0.57,,26.4,,,20111025,A,O,P08,20.48,20.48,feldpausch_regional,0.18,default,1.0,26.58,20.57,26.4,True,O,20.48,feldpausch,26.58,20.56579292301711,0.5518,231.894,165.9339,165.9339,235.9511,168.7806,168.7806,
SFX_A01,11,Cecropia ficifolia,Urticaceae,289543.7113,9292124.95,0.27,0.056573233,17.0,14.46,10.64,20111025,A,O,P08,15.41,15.41,feldpausch_regional,0.18,default,1.0,17.18,15.52,17.0,True,O,14.46,measured,17.18,14.562960053227204,0.266,69.9232,51.7577,51.7577,71.8716,53.1672,53.1672,
SFX_A01,12,Tetragastris panamensis,Burseraceae,289557.1113,9292125.15,0.73,,10.2,,,20111025,A,O,P08,10.78,10.78,feldpausch_regional,0.18,default,1.0,10.38,10.91,10.2,True,O,10.78,feldpausch,10.379999999999999,10.917060734410658,0.7173,19.368,14.6535,14.6535,20.2894,15.3329,15.3329,
SFX_A01,13,Cecropia ficifolia,Urticaceae,289554.7113,9292122.05,0.27,,27.0,,,20111025,A,O,P08,20.76,20.76,feldpausch_regional,0.18,default,1.0,27.18,20.85,27.0,True,O,20.76,feldpausch,27.18,20.844555703190235,0.266,245.5255,175.5007,175.5007,249.7195,178.4409,178.4409,
SFX_A01,14,Cecropia ficifolia,Urticaceae,289554.7113,9292121.95,0.27,,32.7,,,20111025,A,O,P08,23.28,23.28,feldpausch_regional,0.18,default,1.0,32.88,23.35,32.7,True,O,23.28,feldpausch,32.88,23.35425556702428,0.266,399.0555,282.7138,282.7138,404.6102,286.5804,286.5804,
SFX_A01,15,Inga marginata,Fabaceae,289550.7113,9292116.25,0.57,,15.8,,,20111025,A,O,P08,14.66,14.66,feldpausch_regional,0.18,default,1.0,15.98,14.78,15.8,True,O,14.66,feldpausch,15.98,14.773655141074963,0.5518,61.4308,45.2138,45.2138,63.2795,46.543,46.543,
SFX_A01,16,Inga marginata,Fabaceae,289554.7113,9292114.75,0.57,,16.2,,,20111025,A,O,P08,14.91,14.91,feldpausch_regional,0.18,default,1.0,16.38,15.03,16.2,True,O,14.91,feldpausch,16.38,15.022292044589127,0.5518,65.5765,48.1941,48.1941,67.4988,49.5744,49.5744,
SFX_A01,17,Vitex triflora,Lamiaceae,289557.7113,9292112.75,0.56,,19.5,,,20111025,A,O,P08,16.88,16.88,feldpausch_regional,0.18,default,1.0,19.68,16.99,19.5,True,O,16.88,feldpausch,19.68,16.982249741871016,0.5482,106.2977,77.2893,77.2893,108.8612,79.1126,79.1126,
SFX_A01,18,Mimosa hostilis,Fabaceae,289544.7113,9292108.35,0.45,,13.3,,,20111025,A,O,P08,13.02,13.02,feldpausch_regional,0.18,default,1.0,13.48,13.14,13.3,True,O,13.02,feldpausch,13.48,13.142964696086178,0.8235,39.0912,29.0747,29.0747,40.5005,30.0975,30.0975,
SFX_A01,19,Mimosa hostilis,Fabaceae,289544.7113,9292108.25,0.45,,16.0,,,20111025,A,O,P08,14.79,14.79,feldpausch_regional,0.18,default,1.0,16.18,14.9,16.0,True,O,14.79,feldpausch,16.18,14.9030047878044,0.8235,63.5026,46.7018,46.7018,65.3886,48.0568,48.0568,
SFX_A01,20,Mimosa hostilis,Fabaceae,289544.7113,9292106.95,0.45,,11.1,,,20111025,A,O,P08,11.45,11.45,feldpausch_regional,0.18,default,1.0,11.28,11.58,11.1,True,O,11.45,feldpausch,11.28,11.582526964763572,0.8235,24.2284,18.2309,18.2309,25.2837,19.005,19.005,
SFX_A01,21,Vitex triflora,Lamiaceae,289558.2113,9292104.75,0.56,,17.8,,,20111025,A,O,P08,15.89,15.89,feldpausch_regional,0.18,default,1.0,17.98,16.0,17.8,True,O,15.89,feldpausch,17.98,15.997209919226941,0.5482,83.8644,61.2941,61.2941,86.0909,62.885,62.885,
SFX_A01,22,Attalea maripa,Arecaceae,289553.7113,9292104.25,0.33,0.211033085,32.9,,,20111025,A,P,P08,23.36,23.36,feldpausch_regional,0.18,default,1.0,33.08,23.44,32.9,True,P,23.36,feldpausch,33.08,23.43392164608345,0.326,405.188,,,410.7913,,,
SFX_A01,23,Inga marginata,Fabaceae,289551.7113,9292103.95,0.57,,11.5,,,20111025,A,O,P08,11.75,11.75,feldpausch_regional,0.18,default,1.0,11.68,11.88,11.5,True,O,11.75,feldpausch,11.68,11.880726638916336,0.5518,26.6256,19.9869,19.9869,27.7432,20.805,20.805,
SFX_A01,24,Platymiscium filipes,Fabaceae,289550.7113,9292101.15,0.79,,11.7,,,20111025,A,O,P08,11.89,11.89,feldpausch_regional,0.18,default,1.0,11.88,12.02,11.7,True,O,11.89,feldpausch,11.879999999999999,12.019754960258267,0.7815,27.8572,20.8896,20.8896,29.0055,21.7294,21.7294,
SFX_A01,26,Castilla ulei,Moraceae,289560.7113,9292098.75,0.82,,15.1,,,20111025,A,O,P08,14.21,14.21,feldpausch_regional,0.18,default,1.0,15.28,14.33,15.1,True,O,14.21,feldpausch,15.28,14.326081213243178,0.5675,54.5451,40.2564,40.2564,56.2665,41.4972,41.4972,
SFX_A01,27,Guatteria schomburgkiana,Annonaceae,289560.7113,9292101.75,0.6,,21.2,,,20111025,A,O,P08,17.83,17.83,feldpausch_regional,0.18,default,1.0,21.38,17.93,21.2,True,O,17.83,feldpausch,21.38,17.927724580914138,0.6,132.0055,95.5373,95.5373,134.92,97.6019,97.6019,
SFX_A01,28,Inga marginata,Fabaceae,289562.7113,9292107.05,0.57,,16.3,,,20111025,A,O,P08,14.98,14.98,feldpausch_regional,0.18,default,1.0,16.48,15.09,16.3,True,O,14.98,feldpausch,16.48,15.092015955756699,0.5518,66.6731,48.9783,48.9783,68.6149,50.372,50.372,
SFX_A01,29,Inga marginata,Fabaceae,289562.7113,9292107.05,0.57,,13.0,,,20111025,A,O,P08,12.81,12.81,feldpausch_regional,0.18,default,1.0,13.18,12.93,13.0,True,O,12.81,feldpausch,13.18,12.934151333479754,0.5518,36.7999,27.4108,27.4108,38.1585,28.3983,28.3983,
SFX_A01,30,Rinorea racemosa,Violaceae,289572.7113,9292111.75,0.68,,11.0,,,20111025,A,O,P08,11.38,11.38,feldpausch_regional,0.18,default,1.0,11.18,11.51,11.0,True,O,11.38,feldpausch,11.18,11.51305215287207,0.682,23.6621,17.8143,17.8143,24.7025,18.5779,18.5779,
SFX_A01,31,Theobroma glaucum,Malvaceae,289569.7113,9292112.45,0.53,,11.2,,,20111025,A,O,P08,11.53,11.53,feldpausch_regional,0.18,default,1.0,11.38,11.66,11.2,True,O,11.53,feldpausch,11.379999999999999,11.662124365137602,0.5297,24.8245,18.6669,18.6669,25.8956,19.4522,19.4522,
SFX_A01,32,Nectandra cuspidata,Lauraceae,289574.7113,9292112.45,0.56,,32.1,,,20111025,A,O,P08,23.03,23.03,feldpausch_regional,0.18,default,1.0,32.28,23.1,32.1,True,O,23.03,feldpausch,32.28,23.105245888477775,0.518,380.853,270.0387,270.0387,386.2607,273.8053,273.8053,
SFX_A01,34,Inga marginata,Fabaceae,289581.7113,9292116.25,0.57,,11.9,,,20111025,A,O,P08,12.03,12.03,feldpausch_regional,0.18,default,1.0,12.08,12.16,11.9,True,O,12.03,feldpausch,12.08,12.158810817623012,0.5518,29.1251,21.8178,21.8178,30.3046,22.6795,22.6795,
SFX_A01,35,Inga marginata,Fabaceae,289580.7113,9292116.35,0.57,,14.0,,,20111025,A,O,P08,13.49,13.49,feldpausch_regional,0.18,default,1.0,14.18,13.61,14.0,True,O,13.49,feldpausch,14.18,13.61017883290909,0.5518,44.7295,33.1639,33.1639,46.2577,34.2699,34.2699,
SFX_A01,36,Eschweilera parviflora,Lecythidaceae,289579.7113,9292115.95,0.89,,14.7,,,20111025,A,O,P08,13.95,13.95,feldpausch_regional,0.18,default,1.0,14.88,14.07,14.7,True,O,13.95,feldpausch,14.879999999999999,14.067528165120201,0.918,50.8357,37.5799,37.5799,52.4858,38.771,38.771,
SFX_A01,37,Theobroma glaucum,Malvaceae,289578.7113,9292117.75,0.53,,15.3,,,20111025,A,O,P08,14.34,14.34,feldpausch_regional,0.18,default,1.0,15.48,14.46,15.3,True,O,14.34,feldpausch,15.48,14.455381033218284,0.5297,56.4638,41.6389,41.6389,58.2214,42.9048,42.9048,
SFX_A01,38,Poecilanthe effusa,Fabaceae,289577.7113,9292117.85,0.71,,12.1,,,20111025,A,O,P08,12.18,12.18,feldpausch_regional,0.18,default,1.0,12.28,12.31,12.1,True,O,12.18,feldpausch,12.28,12.307997957895681,0.7125,30.4544,22.7871,22.7871,31.6664,23.6717,23.6717,
SFX_A01,39,Rheedia gardneriana,Clusiaceae,289562.7113,9292114.05,0.62,,16.6,,,20111025,A,O,P08,15.16,15.16,feldpausch_regional,0.18,default,1.0,16.78,15.27,16.6,True,O,15.16,feldpausch,16.78,15.270983031789134,0.7138,69.8995,51.2965,51.2965,71.8967,52.7286,52.7286,
SFX_A01,40,,,289562.2113,9292116.75,0.58,,15.4,,,20111025,D,O,P08,14.41,14.41,feldpausch_regional,0.18,default,1.0,15.58,14.52,15.4,False,O,14.41,feldpausch,15.58,14.525076437765907,0.7138,57.4589,57.4589,68.073,59.2352,59.2352,70.1775,
SFX_A01,41,Cordia scabrifolia,Boraginaceae,289558.8113,9292117.95,0.47,,14.9,,,20111025,A,O,P08,14.08,14.08,feldpausch_regional,0.18,default,1.0,15.08,14.2,14.9,True,O,14.08,feldpausch,15.08,14.196796720118876,0.474,52.6692,38.9035,38.9035,54.3548,40.1193,40.1193,
SFX_A01,42,Annona ambotay,Annonaceae,289563.7113,9292118.75,0.41,0.027256699,11.3,10.15,5.6,20111025,A,O,P08,11.6,11.6,feldpausch_regional,0.18,default,1.0,11.48,11.73,11.3,True,O,10.15,measured,11.48,10.265162101048508,0.5112,22.3039,17.1201,17.1201,23.2574,17.8337,17.8337,
SFX_A01,43,Galipea trifoliata,NI,289565.7113,9292119.35,0.62,,13.7,,,20111025,A,O,P08,13.29,13.29,feldpausch_regional,0.18,default,1.0,13.88,13.41,13.7,True,O,13.29,feldpausch,13.879999999999999,13.411357029805014,0.997,42.2571,31.3721,31.3721,43.7339,32.4423,32.4423,
SFX_A01,44,Galipea trifoliata,NI,289578.7113,9292120.85,0.62,,14.3,,,20111025,A,O,P08,13.69,13.69,feldpausch_regional,0.18,default,1.0,14.48,13.81,14.3,True,O,13.69,feldpausch,14.48,13.809041484850185,0.997,47.294,35.0195,35.0195,48.8743,36.1618,36.1618,
SFX_A01,45,Rinorea racemosa,Violaceae,289581.7113,9292120.95,0.68,,14.5,,,20111025,A,O,P08,13.82,13.82,feldpausch_regional,0.18,default,1.0,14.68,13.94,14.5,True,O,13.82,feldpausch,14.68,13.938276193103338,0.682,49.0441,36.2853,36.2853,50.6592,37.452,37.452,
SFX_A01,46,Neea oppositifolia,Nyctaginaceae,289573.7113,9292121.35,0.89,,11.5,,,20111025,A,O,P08,11.75,11.75,feldpausch_regional,0.18,default,1.0,11.68,11.88,11.5,True,O,11.75,feldpausch,11.68,11.880726638916336,0.893,26.6256,19.9869,19.9869,27.7432,20.805,20.805,
SFX_A01,47,Poecilanthe effusa,Fabaceae,289572.7113,9292121.35,0.71,,11.0,,,20111025,A,O,P08,11.38,11.38,feldpausch_regional,0.18,default,1.0,11.18,11.51,11.0,True,O,11.38,feldpausch,11.18,11.51305215287207,0.7125,23.6621,17.8143,17.8143,24.7025,18.5779,18.5779,
SFX_A01,48,Astronium gracile,Anacardiaceae,289563.7113,9292121.45,0.73,,10.5,,,20111025,A,O,P08,11.0,11.0,feldpausch_regional,0.18,default,1.0,10.68,11.14,10.5,True,O,11.0,feldpausch,10.68,11.135436540229511,0.73,20.9036,15.7869,15.7869,21.8685,16.4971,16.4971,
SFX_A01,49,Oenocarpus bacaba,Arecaceae,289559.7113,9292120.85,0.65,0.120223337,24.3,,,20111025,A,P,P08,19.45,19.45,feldpausch_regional,0.18,default,1.0,24.48,19.54,24.3,True,P,19.45,feldpausch,24.48,19.540291449667848,0.65,187.5641,,,191.1478,,,
SFX_A01,50,Mimosa hostilis,Fabaceae,289561.7113,9292124.15,0.45,,21.0,,,20111025,A,O,P08,17.72,17.72,feldpausch_regional,0.18,default,1.0,21.18,17.82,21.0,True,O,17.72,feldpausch,21.18,17.81823559608659,0.8235,128.8052,93.2699,93.2699,131.6777,95.3057,95.3057,
SFX_A01,51,NI,NI,289574.7113,9292126.35,0.62,,13.9,,,20111025,A,O,P08,13.42,13.42,feldpausch_regional,0.18,default,1.0,14.08,13.54,13.9,True,O,13.42,feldpausch,14.08,13.540536958975249,0.7138,43.8846,32.553,32.553,45.3952,33.6467,33.6467,
SFX_A01,52,Couratari stellata,Lecythidaceae,289574.7113,9292127.75,0.63,,11.6,,,20111025,A,O,P08,11.82,11.82,feldpausch_regional,0.18,default,1.0,11.78,11.95,11.6,True,O,11.82,feldpausch,11.78,11.950237270124362,0.6331,27.2369,20.4351,20.4351,28.3698,21.264,21.264,
SFX_A01,53,Tetragastris panamensis,Burseraceae,289574.7113,9292127.65,0.73,,12.5,,,20111025,A,O,P08,12.46,12.46,feldpausch_regional,0.18,default,1.0,12.68,12.59,12.5,True,O,12.46,feldpausch,12.68,12.58623192584687,0.7173,33.1783,24.775,24.775,34.4546,25.7047,25.7047,
SFX_A01,54,Neea oppositifolia,Nyctaginaceae,289573.7113,9292130.15,0.89,,10.3,,,20111025,A,O,P08,10.85,10.85,feldpausch_regional,0.18,default,1.0,10.48,10.99,10.3,True,O,10.85,feldpausch,10.48,10.986468518055306,0.893,19.8654,15.0216,15.0216,20.801,15.711,15.711,
SFX_A01,55,Galipea trifoliata,NI,289571.7113,9292130.75,0.62,0.03349192,10.3,10.0,5.06,20111025,A,O,P08,10.85,10.85,feldpausch_regional,0.18,default,1.0,10.48,10.99,10.3,True,O,10.0,measured,10.48,10.125777435995673,0.997,18.3451,14.0519,14.0519,19.209,14.6968,14.6968,
SFX_A01,56,NI,NI,289568.7113,9292129.75,0.62,,12.0,,,20111025,A,O,P08,12.11,12.11,feldpausch_regional,0.18,default,1.0,12.18,12.23,12.0,True,O,12.11,feldpausch,12.18,12.238454722800167,0.7138,29.7969,22.3066,22.3066,30.9931,23.1801,23.1801,
SFX_A01,57,Cordia scabrifolia,Boraginaceae,289567.7113,9292128.55,0.47,,13.2,,,20111025,A,O,P08,12.95,12.95,feldpausch_regional,0.18,default,1.0,13.38,13.07,13.2,True,O,12.95,feldpausch,13.379999999999999,13.073355365618069,0.474,38.3174,28.5131,28.5131,39.7097,29.5241,29.5241,
SFX_A01,58,NI,NI,289562.7113,9292129.75,0.62,,11.5,,,20111025,A,O,P08,11.75,11.75,feldpausch_regional,0.18,default,1.0,11.68,11.88,11.5,True,O,11.75,feldpausch,11.68,11.880726638916336,0.7138,26.6256,19.9869,19.9869,27.7432,20.805,20.805,
SFX_A01,59,Tetragastris panamensis,Burseraceae,289564.7113,9292133.75,0.73,,14.3,,,20111025,A,O,P08,13.69,13.69,feldpausch_regional,0.18,default,1.0,14.48,13.81,14.3,True,O,13.69,feldpausch,14.48,13.809041484850185,0.7173,47.294,35.0195,35.0195,48.8743,36.1618,36.1618,
SFX_A01,60,Poecilanthe effusa,Fabaceae,289571.7113,9292134.75,0.71,,10.6,,,20111025,A,O,P08,11.08,11.08,feldpausch_regional,0.18,default,1.0,10.78,11.21,10.6,True,O,11.08,feldpausch,10.78,11.214993655523715,0.7125,21.4451,16.1847,16.1847,22.4252,16.9057,16.9057,
SFX_A01,61,Attalea maripa,Arecaceae,289564.7113,9292136.95,0.33,0.180007543,30.2,,,20111025,A,P,P08,22.22,22.22,feldpausch_regional,0.18,default,1.0,30.38,22.3,30.2,True,P,22.22,feldpausch,30.38,22.298534364578323,0.326,326.4799,,,331.4284,,,
SFX_A01,62,Pourouma minor,Urticaceae,289563.7113,9292137.75,0.44,,14.0,,,20111025,A,O,P08,13.49,13.49,feldpausch_regional,0.18,default,1.0,14.18,13.61,14.0,True,O,13.49,feldpausch,14.18,13.61017883290909,0.436,44.7295,33.1639,33.1639,46.2577,34.2699,34.2699,
SFX_A01,63,Nectandra cuspidata,Lauraceae,289561.7113,9292138.65,0.56,,11.0,,,20111025,A,O,P08,11.38,11.38,feldpausch_regional,0.18,default,1.0,11.18,11.51,11.0,True,O,11.38,feldpausch,11.18,11.51305215287207,0.518,23.6621,17.8143,17.8143,24.7025,18.5779,18.5779,
SFX_A01,64,Euterpe oleracea,Arecaceae,289560.7113,9292142.75,0.41,0.023116305,10.0,,,20111025,A,P,P08,10.62,10.62,feldpausch_regional,0.18,default,1.0,10.18,10.76,10.0,True,P,10.62,feldpausch,10.18,10.7580160268907,0.3877,18.3636,,,19.2555,,,
SFX_A01,65,Schefflera morototoni,Araliaceae,289558.9113,9292144.05,0.45,,25.5,,,20111025,A,O,P08,20.05,20.05,feldpausch_regional,0.18,default,1.0,25.68,20.13,25.5,True,O,20.05,feldpausch,25.68,20.137695965808255,0.4559,212.271,152.1491,152.1491,216.1244,154.8565,154.8565,
SFX_A01,2,Dalbergia melanoxylon,Fabaceae,289577.8723,9292309.007,0.8,1.364982451,59.8,9.37,5.46,20111025,A,O,P09,31.89,31.89,feldpausch_regional,0.18,default,1.0,59.98,31.93,59.8,True,O,9.37,measured,59.98,9.382820419835799,1.0772,533.334,449.1018,449.1018,537.1885,452.3151,452.3151,
SFX_A01,3,Hymenolobium petraeum,Fabaceae,289572.8723,9292303.807,0.71,,19.2,,,20111025,A,O,P09,16.71,16.71,feldpausch_regional,0.18,default,1.0,19.38,16.82,19.2,True,O,16.71,feldpausch,19.38,16.81310174378809,0.7125,102.115,74.3116,74.3116,104.6183,76.0934,76.0934,
SFX_A01,4,Dalbergia melanoxylon,Fabaceae,289580.7723,9292303.607,0.8,,18.2,,,20111025,A,O,P09,16.13,16.13,feldpausch_regional,0.18,default,1.0,18.38,16.24,18.2,True,O,16.13,feldpausch,18.38,16.236020917929668,1.0772,88.8733,64.8705,64.8705,91.1782,66.5155,66.5155,
SFX_A01,5,Poecilanthe effusa,Fabaceae,289567.8723,9292303.207,0.71,,12.6,,,20111025,A,O,P09,12.53,12.53,feldpausch_regional,0.18,default,1.0,12.78,12.66,12.6,True,O,12.53,feldpausch,12.78,12.655804961925917,0.7125,33.8832,25.2886,25.2886,35.1758,26.2298,26.2298,
SFX_A01,6,Dalbergia melanoxylon,Fabaceae,289567.8723,9292301.407,0.8,,31.1,,,20111025,A,O,P09,22.61,22.61,feldpausch_regional,0.18,default,1.0,31.28,22.68,31.1,True,O,22.61,feldpausch,31.28,22.686956201699076,1.0772,351.6627,249.6882,249.6882,356.828,253.2899,253.2899,
SFX_A01,7,Galipea trifoliata,NI,289578.8723,9292299.407,0.62,,10.1,,,20111025,A,O,P09,10.7,10.7,feldpausch_regional,0.18,default,1.0,10.28,10.84,10.1,True,O,10.7,feldpausch,10.28,10.83753457254877,0.997,18.8614,14.2803,14.2803,19.768,14.9492,14.9492,
SFX_A01,8,Dalbergia melanoxylon,Fabaceae,289575.8723,9292297.207,0.8,,34.8,,,20111025,A,O,P09,24.13,24.13,feldpausch_regional,0.18,default,1.0,34.98,24.2,34.8,True,O,24.13,feldpausch,34.98,24.20094195430922,1.0772,466.6586,329.7235,329.7235,472.7344,333.9442,333.9442,
SFX_A01,9,Rinorea racemosa,Violaceae,289570.8723,9292285.807,0.68,,10.0,,,20111025,A,O,P09,10.62,10.62,feldpausch_regional,0.18,default,1.0,10.18,10.76,10.0,True,O,10.62,feldpausch,10.18,10.7580160268907,0.682,18.3636,13.9133,13.9133,19.2555,14.5718,14.5718,
SFX_A01,10,Rinorea racemosa,Violaceae,289565.8723,9292285.807,0.68,,14.9,,,20111025,A,O,P09,14.08,14.08,feldpausch_regional,0.18,default,1.0,15.08,14.2,14.9,True,O,14.08,feldpausch,15.08,14.196796720118876,0.682,52.6692,38.9035,38.9035,54.3548,40.1193,40.1193,
SFX_A01,11,,,289563.8723,9292287.007,0.58,,22.3,,,20111025,D,O,P09,18.42,18.42,feldpausch_regional,0.18,default,1.0,22.48,18.52,22.3,False,O,18.42,feldpausch,22.48,18.514970708896957,0.7138,150.4092,150.4092,178.1937,153.557,153.557,181.923,
SFX_A01,12,Rinorea passoura,Violaceae,289560.8723,9292287.007,0.68,,10.6,,,20111025,A,O,P09,11.08,11.08,feldpausch_regional,0.18,default,1.0,10.78,11.21,10.6,True,O,11.08,feldpausch,10.78,11.214993655523715,0.6705,21.4451,16.1847,16.1847,22.4252,16.9057,16.9057,
SFX_A01,13,Poecilanthe effusa,Fabaceae,289560.8723,9292285.807,0.71,,13.3,,,20111025,A,O,P09,13.02,13.02,feldpausch_regional,0.18,default,1.0,13.48,13.14,13.3,True,O,13.02,feldpausch,13.48,13.142964696086178,0.7125,39.0912,29.0747,29.0747,40.5005,30.0975,30.0975,
SFX_A01,14,Theobroma glaucum,Malvaceae,289555.8723,9292290.007,0.53,,13.5,,,20111025,A,O,P09,13.15,13.15,feldpausch_regional,0.18,default,1.0,13.68,13.28,13.5,True,O,13.15,feldpausch,13.68,13.272104600854616,0.5297,40.6391,30.2001,30.2001,42.0814,31.2461,31.2461,
SFX_A01,15,Dalbergia melanoxylon,Fabaceae,289574.8723,9292294.007,0.8,2.997736284,66.2,16.79,10.78,20111025,A,O,P09,33.36,33.36,feldpausch_regional,0.18,default,1.0,66.38,33.39,66.2,True,O,16.79,measured,66.38000000000001,16.80961960913224,1.0772,1149.2777,886.8842,886.8842,1156.7031,892.5659,892.5659,
SFX_A01,16,Dalbergia melanoxylon,Fabaceae,289578.8723,9292294.007,0.8,1.498833901,44.0,19.0,8.95,20111025,A,O,P09,27.43,27.43,feldpausch_regional,0.18,default,1.0,44.18,27.49,44.0,True,O,19.0,measured,44.18,19.040648543935287,1.0772,584.1762,433.4962,433.4962,590.0797,437.8149,437.8149,
SFX_A01,17,Inga marginata,Fabaceae,289572.8723,9292293.507,0.57,,10.1,,,20111025,A,O,P09,10.7,10.7,feldpausch_regional,0.18,default,1.0,10.28,10.84,10.1,True,O,10.7,feldpausch,10.28,10.83753457254877,0.5518,18.8614,14.2803,14.2803,19.768,14.9492,14.9492,
SFX_A01,18,Poecilanthe effusa,Fabaceae,289565.8723,9292288.707,0.71,,10.5,,,20111025,A,O,P09,11.0,11.0,feldpausch_regional,0.18,default,1.0,10.68,11.14,10.5,True,O,11.0,feldpausch,10.68,11.135436540229511,0.7125,20.9036,15.7869,15.7869,21.8685,16.4971,16.4971,
SFX_A01,19,Dalbergia melanoxylon,Fabaceae,289560.8723,9292285.207,0.8,,12.6,,,20111025,A,O,P09,12.53,12.53,feldpausch_regional,0.18,default,1.0,12.78,12.66,12.6,True,O,12.53,feldpausch,12.78,12.655804961925917,1.0772,33.8832,25.2886,25.2886,35.1758,26.2298,26.2298,
SFX_A01,20,Helicostylis sp.,Moraceae,289576.8723,9292287.607,0.65,4.186639431,52.7,45.39,27.2,20111025,A,O,P09,30.05,30.05,feldpausch_regional,0.18,default,1.0,52.88,30.1,52.7,True,O,45.39,measured,52.88,45.465027365475244,0.643,1943.6951,1267.8682,1267.8682,1959.8318,1278.2698,1278.2698,
SFX_A01,21,,,289576.8723,9292286.007,,0.01266829,10.1,,,20111025,A,L,P09,10.7,10.7,feldpausch_regional,0.18,default,1.0,10.28,10.84,10.1,True,L,10.7,feldpausch,10.28,10.83753457254877,0.7138,18.8614,14.2803,14.2803,19.768,14.9492,14.9492,
SFX_A01,22,,,289575.8723,9292283.707,0.58,,14.1,,,20111025,D,O,P09,13.56,13.56,feldpausch_regional,0.18,default,1.0,14.28,13.68,14.1,False,O,13.56,feldpausch,14.28,13.679824759611861,0.7138,45.585,45.585,54.0057,47.1308,47.1308,55.8371,
SFX_A01,23,Poecilanthe effusa,Fabaceae,289580.3723,9292278.807,0.71,,10.7,,,20111025,A,O,P09,11.15,11.15,feldpausch_regional,0.18,default,1.0,10.88,11.29,10.7,True,O,11.15,feldpausch,10.879999999999999,11.28443676148572,0.7125,21.9765,16.5767,16.5767,22.971,17.308,17.308,
SFX_A01,24,Rinorea racemosa,Violaceae,289578.8723,9292283.007,0.68,,11.7,,,20111025,A,O,P09,11.89,11.89,feldpausch_regional,0.18,default,1.0,11.88,12.02,11.7,True,O,11.89,feldpausch,11.879999999999999,12.019754960258267,0.682,27.8572,20.8896,20.8896,29.0055,21.7294,21.7294,
SFX_A01,26,Dalbergia melanoxylon,Fabaceae,289564.8723,9292279.007,0.8,0.890006104,43.3,11.65,5.75,20111025,A,O,P09,27.2,27.2,feldpausch_regional,0.18,default,1.0,43.48,27.26,43.3,True,O,11.65,measured,43.48,11.675486579538289,1.0772,351.2523,281.3778,281.3778,354.8643,284.2297,284.2297,
SFX_A01,27,,,289566.8723,9292277.707,0.58,,11.9,,,20111025,D,O,P09,12.03,12.03,feldpausch_regional,0.18,default,1.0,12.08,12.16,11.9,False,O,12.03,feldpausch,12.08,12.158810817623012,0.7138,29.1251,29.1251,34.5053,30.3046,30.3046,35.9027,
SFX_A01,28,Gustavia poeppigiana,Lecythidaceae,289570.8723,9292277.307,0.66,,10.4,,,20111025,A,O,P09,10.93,10.93,feldpausch_regional,0.18,default,1.0,10.58,11.06,10.4,True,O,10.93,feldpausch,10.58,11.066010609221836,0.6414,20.3893,15.407,15.407,21.3399,16.107,16.107,
SFX_A01,30,Inga sp.,Fabaceae,289577.8723,9292274.207,0.58,,10.6,,,20111025,A,O,P09,11.08,11.08,feldpausch_regional,0.18,default,1.0,10.78,11.21,10.6,True,O,11.08,feldpausch,10.78,11.214993655523715,0.5786,21.4451,16.1847,16.1847,22.4252,16.9057,16.9057,
SFX_A01,31,Inga sp.,Fabaceae,289577.8723,9292274.207,0.58,,11.1,,,20111025,A,O,P09,11.45,11.45,feldpausch_regional,0.18,default,1.0,11.28,11.58,11.1,True,O,11.45,feldpausch,11.28,11.582526964763572,0.5786,24.2284,18.2309,18.2309,25.2837,19.005,19.005,
SFX_A01,32,Inga sp.,Fabaceae,289579.8723,9292272.207,0.58,,16.0,,,20111025,A,O,P09,14.79,14.79,feldpausch_regional,0.18,default,1.0,16.18,14.9,16.0,True,O,14.79,feldpausch,16.18,14.9030047878044,0.5786,63.5026,46.7018,46.7018,65.3886,48.0568,48.0568,
SFX_A01,33,Inga sp.,Fabaceae,289579.8723,9292269.507,0.58,,14.2,,,20111025,A,O,P09,13.62,13.62,feldpausch_regional,0.18,default,1.0,14.38,13.74,14.2,True,O,13.62,feldpausch,14.379999999999999,13.739386999997594,0.5786,46.4178,34.3869,34.3869,47.9802,35.5169,35.5169,
SFX_A01,34,Zanthoxylum rhoifolium,Rutaceae,289582.8723,9292265.007,0.49,,25.8,,,20111025,A,O,P09,20.19,20.19,feldpausch_regional,0.18,default,1.0,25.98,20.28,25.8,True,O,20.19,feldpausch,25.98,20.277034993013974,0.5692,218.653,156.6392,156.6392,222.5731,159.3923,159.3923,
SFX_A01,35,Inga marginata,Fabaceae,289584.8723,9292267.007,0.57,,10.3,,,20111025,A,O,P09,10.85,10.85,feldpausch_regional,0.18,default,1.0,10.48,10.99,10.3,True,O,10.85,feldpausch,10.48,10.986468518055306,0.5518,19.8654,15.0216,15.0216,20.801,15.711,15.711,
SFX_A01,36,Dalbergia melanoxylon,Fabaceae,289581.8723,9292272.007,0.8,1.999997208,67.1,10.9,1.94,20111025,A,O,P09,33.55,33.55,feldpausch_regional,0.18,default,1.0,67.28,33.59,67.1,True,O,10.9,measured,67.28,10.912467663317676,1.0772,774.0184,639.9107,639.9107,778.9453,643.9504,643.9504,
SFX_A01,37,Poecilanthe effusa,Fabaceae,289584.8723,9292274.507,0.71,,10.2,,,20111025,A,O,P09,10.78,10.78,feldpausch_regional,0.18,default,1.0,10.38,10.91,10.2,True,O,10.78,feldpausch,10.379999999999999,10.917060734410658,0.7125,19.368,14.6535,14.6535,20.2894,15.3329,15.3329,
SFX_A01,38,Pouteria gongrijpii,Sapotaceae,289586.8723,9292276.207,0.8,,13.5,,,20111025,A,O,P09,13.15,13.15,feldpausch_regional,0.18,default,1.0,13.68,13.28,13.5,True,O,13.15,feldpausch,13.68,13.272104600854616,0.7994,40.6391,30.2001,30.2001,42.0814,31.2461,31.2461,
SFX_A01,39,NI,NI,289598.8723,9292280.007,0.62,,29.1,,,20111025,A,O,P09,21.73,21.73,feldpausch_regional,0.18,default,1.0,29.28,21.81,29.1,True,O,21.73,feldpausch,29.28,21.81052432320393,0.7138,297.1325,211.6217,211.6217,301.8183,214.8971,214.8971,
SFX_A01,42,Parkia sp.,Fabaceae,289582.8723,9292280.707,0.45,,30.6,,,20111025,A,O,P09,22.39,22.39,feldpausch_regional,0.18,default,1.0,30.78,22.47,30.6,True,O,22.39,feldpausch,30.78,22.467811807436004,0.4553,337.4751,239.7986,239.7986,342.5187,243.3175,243.3175,
SFX_A01,43,NI,NI,289582.8723,9292280.307,0.62,,10.6,,,20111025,A,O,P09,11.08,11.08,feldpausch_regional,0.18,default,1.0,10.78,11.21,10.6,True,O,11.08,feldpausch,10.78,11.214993655523715,0.7138,21.4451,16.1847,16.1847,22.4252,16.9057,16.9057,
SFX_A01,44,Poecilanthe effusa,Fabaceae,289585.8723,9292284.307,0.71,,11.6,,,20111025,A,O,P09,11.82,11.82,feldpausch_regional,0.18,default,1.0,11.78,11.95,11.6,True,O,11.82,feldpausch,11.78,11.950237270124362,0.7125,27.2369,20.4351,20.4351,28.3698,21.264,21.264,
SFX_A01,45,,,289583.8723,9292286.007,,0.012596424,10.0,,,20111025,A,L,P09,10.62,10.62,feldpausch_regional,0.18,default,1.0,10.18,10.76,10.0,True,L,10.62,feldpausch,10.18,10.7580160268907,0.7138,18.3636,13.9133,13.9133,19.2555,14.5718,14.5718,
SFX_A01,46,Parkia gigantocarpa,Fabaceae,289591.8723,9292287.007,0.26,8.681787316,130.0,38.82,21.13,20111025,A,O,P09,41.98,41.98,feldpausch_regional,0.18,default,1.0,130.18,42.0,130.0,True,O,38.82,measured,130.18,38.83331086973464,0.26,9722.911,6788.8091,6788.8091,9752.4697,6809.5312,6809.5312,
SFX_A01,47,Neea oppositifolia,Nyctaginaceae,289593.8723,9292287.007,0.89,,21.0,,,20111025,A,O,P09,17.72,17.72,feldpausch_regional,0.18,default,1.0,21.18,17.82,21.0,True,O,17.72,feldpausch,21.18,17.81823559608659,0.893,128.8052,93.2699,93.2699,131.6777,95.3057,95.3057,
SFX_A01,48,Vataireopsis speciosa,Fabaceae,289594.8723,9292287.007,0.65,,10.5,,,20111025,A,O,P09,11.0,11.0,feldpausch_regional,0.18,default,1.0,10.68,11.14,10.5,True,O,11.0,feldpausch,10.68,11.135436540229511,0.65,20.9036,15.7869,15.7869,21.8685,16.4971,16.4971,
SFX_A01,49,Tabebuia serratifolia,Bignoniaceae,289600.8723,9292287.407,0.92,8.459324903,61.2,48.23,31.84,20111025,A,O,P09,32.22,32.22,feldpausch_regional,0.18,default,1.0,61.38,32.26,61.2,True,O,48.23,measured,61.38,48.29369248068171,0.924,2761.3224,1796.8666,1796.8666,2780.7773,1809.4042,1809.4042,
SFX_A01,50,Cordia scabrifolia,Boraginaceae,289598.8723,9292288.207,0.47,,28.9,,,20111025,A,O,P09,21.64,21.64,feldpausch_regional,0.18,default,1.0,29.08,21.72,28.9,True,O,21.64,feldpausch,29.08,21.720896246935634,0.474,291.9741,208.0154,208.0154,296.6126,211.2585,211.2585,
SFX_A01,51,Poecilanthe effusa,Fabaceae,289590.8723,9292288.307,0.71,,11.0,,,20111025,A,O,P09,11.38,11.38,feldpausch_regional,0.18,default,1.0,11.18,11.51,11.0,True,O,11.38,feldpausch,11.18,11.51305215287207,0.7125,23.6621,17.8143,17.8143,24.7025,18.5779,18.5779,
SFX_A01,52,Zollernia paraensis,Fabaceae,289596.8723,9292289.507,0.99,,26.1,,,20111025,A,O,P09,20.34,20.34,feldpausch_regional,0.18,default,1.0,26.28,20.42,26.1,True,O,20.34,feldpausch,26.28,20.426429315920323,0.99,225.2649,161.2767,161.2767,229.2542,164.077,164.077,
SFX_A01,53,Brosimum obovata,Moraceae,289605.8723,9292290.807,0.68,,12.4,,,20111025,A,O,P09,12.39,12.39,feldpausch_regional,0.18,default,1.0,12.58,12.52,12.4,True,O,12.39,feldpausch,12.58,12.516664569424172,0.6707,32.4831,24.2681,24.2681,33.7432,25.1864,25.1864,
SFX_A01,54,Bertholletia excelsa,Lecythidaceae,289605.8723,9292291.007,0.64,12.99401533,90.0,49.24,27.67,20111025,A,O,P09,37.61,37.61,feldpausch_regional,0.18,default,1.0,90.18,37.64,90.0,True,O,49.24,measured,90.18,49.274418834756474,0.638,5981.9734,3952.3978,3952.3978,6009.4462,3970.492,3970.492,
SFX_A01,55,Cordia scabrifolia,Boraginaceae,289605.1723,9292291.307,0.47,,14.2,,,20111025,A,O,P09,13.62,13.62,feldpausch_regional,0.18,default,1.0,14.38,13.74,14.2,True,O,13.62,feldpausch,14.379999999999999,13.739386999997594,0.474,46.4178,34.3869,34.3869,47.9802,35.5169,35.5169,
SFX_A01,56,Pouteria gongrijpii,Sapotaceae,289595.8723,9292291.807,0.8,3.450277924,51.0,32.6,20.84,20111025,A,O,P09,29.57,29.57,feldpausch_regional,0.18,default,1.0,51.18,29.62,51.0,True,O,32.6,measured,51.18,32.65652816865868,0.7994,1319.8909,905.7572,905.7572,1331.2486,913.4557,913.4557,
SFX_A01,57,,,289586.8723,9292290.607,0.58,,12.9,,,20111025,D,O,P09,12.74,12.74,feldpausch_regional,0.18,default,1.0,13.08,12.87,12.9,False,O,12.74,feldpausch,13.08,12.864556853521592,0.7138,36.056,36.056,42.7165,37.398,37.398,44.3064,
SFX_A01,58,Theobroma glaucum,Malvaceae,289588.8723,9292292.707,0.53,,11.4,,,20111025,A,O,P09,11.67,11.67,feldpausch_regional,0.18,default,1.0,11.58,11.8,11.4,True,O,11.67,feldpausch,11.58,11.801110900524833,0.5297,26.0016,19.5314,19.5314,27.1029,20.3381,20.3381,
SFX_A01,59,Neea oppositifolia,Nyctaginaceae,289590.8723,9292292.807,0.89,,21.1,,,20111025,A,O,P09,17.78,17.78,feldpausch_regional,0.18,default,1.0,21.28,17.87,21.1,True,O,17.78,feldpausch,21.28,17.878006660196768,0.893,130.4348,94.421,94.421,133.329,96.4717,96.4717,
SFX_A01,60,Stryphnodendron pulcherrimum,Fabaceae,289595.8723,9292293.907,0.47,,14.5,,,20111025,A,O,P09,13.82,13.82,feldpausch_regional,0.18,default,1.0,14.68,13.94,14.5,True,O,13.82,feldpausch,14.68,13.938276193103338,0.475,49.0441,36.2853,36.2853,50.6592,37.452,37.452,
SFX_A01,61,Poecilanthe effusa,Fabaceae,289594.8723,9292294.707,0.71,,15.9,,,20111025,A,O,P09,14.73,14.73,feldpausch_regional,0.18,default,1.0,16.08,14.84,15.9,True,O,14.73,feldpausch,16.080000000000002,14.843366800940444,0.7125,62.4818,45.9667,45.9667,64.3497,47.3091,47.3091,
SFX_A01,62,Dipteryx odorata,Fabaceae,289602.8723,9292295.007,0.92,4.240152496,49.6,36.81,24.75,20111025,A,O,P09,29.16,29.16,feldpausch_regional,0.18,default,1.0,49.78,29.22,49.6,True,O,36.81,measured,49.78,36.87645146632598,0.9228,1407.4195,946.1998,946.1998,1419.904,954.487,954.487,
SFX_A01,63,NI,NI,289588.8723,9292295.807,0.62,,10.3,,,20111025,A,O,P09,10.85,10.85,feldpausch_regional,0.18,default,1.0,10.48,10.99,10.3,True,O,10.85,feldpausch,10.48,10.986468518055306,0.7138,19.8654,15.0216,15.0216,20.801,15.711,15.711,
SFX_A01,64,Dalbergia melanoxylon,Fabaceae,289588.8723,9292297.007,0.8,,18.9,,,20111025,A,O,P09,16.54,16.54,feldpausch_regional,0.18,default,1.0,19.08,16.64,18.9,True,O,16.54,feldpausch,19.08,16.64397600633431,1.0772,98.0403,71.4077,71.4077,100.4839,73.1483,73.1483,
SFX_A01,65,Aspidosperma parvifolium,Apocynaceae,289582.8723,9292297.007,0.74,24.17442927,125.2,41.13,36.04,20111025,A,O,P09,41.58,41.58,feldpausch_regional,0.18,default,1.0,125.38,41.6,125.2,True,O,41.13,measured,125.38000000000001,41.14526074614098,0.781,9558.797,6601.6113,6601.6113,9589.1123,6622.6165,6622.6165,
SFX_A01,66,Dalbergia melanoxylon,Fabaceae,289588.8723,9292304.207,0.8,1.355172527,46.0,15.72,3.94,20111025,A,O,P09,28.07,28.07,feldpausch_regional,0.18,default,1.0,46.18,28.13,46.0,True,O,15.72,measured,46.18,15.751597908466222,1.0772,529.5435,405.7638,405.7638,534.6426,409.6178,409.6178,
SFX_A01,67,Galipea trifoliata,NI,289583.8723,9292306.507,0.62,,12.9,,,20111025,A,O,P09,12.74,12.74,feldpausch_regional,0.18,default,1.0,13.08,12.87,12.9,True,O,12.74,feldpausch,13.08,12.864556853521592,0.997,36.056,26.87,26.87,37.398,27.8458,27.8458,
SFX_A01,68,,,289581.3723,9292309.707,0.45,,19.2,,,20111025,D,O,P09,16.71,16.71,feldpausch_regional,0.18,default,1.0,19.38,16.82,19.2,False,O,16.71,feldpausch,19.38,16.81310174378809,0.7138,102.115,102.115,120.9784,104.6183,104.6183,123.944,
SFX_A01,69,Tetragastris panamensis,Burseraceae,289580.8723,9292311.607,0.73,,10.6,,,20111025,A,O,P09,11.08,11.08,feldpausch_regional,0.18,default,1.0,10.78,11.21,10.6,True,O,11.08,feldpausch,10.78,11.214993655523715,0.7173,21.4451,16.1847,16.1847,22.4252,16.9057,16.9057,
SFX_A01,70,,,289581.8723,9292312.707,0.6,,14.2,,,20111025,D,O,P09,13.62,13.62,feldpausch_regional,0.18,default,1.0,14.38,13.74,14.2,False,O,13.62,feldpausch,14.379999999999999,13.739386999997594,0.7138,46.4178,46.4178,54.9924,47.9802,47.9802,56.8434,
SFX_A01,71,Eschweilera parviflora,Lecythidaceae,289581.8723,9292314.707,0.89,,11.8,,,20111025,A,O,P09,11.96,11.96,feldpausch_regional,0.18,default,1.0,11.98,12.09,11.8,True,O,11.96,feldpausch,11.98,12.089279532921049,0.918,28.4866,21.3505,21.3505,29.6504,22.2012,22.2012,
