site,tree_id,scientific_name,family_name,utm_easting,utm_northing,wsd,agb_source,dbh,htot,hcom,date,dead,type,plot_id,htot_feldpausch,htot_estimated,htot_estimation_method,dbh_incr_cm_yr,dbh_incr_source,gap_anos,dbh_lidar,htot_estimated_gap,dbh_used,dead_used,type_used,htot_used,htot_source,dbh_used_gap,htot_used_gap,rho_w_m3,iagc_m1_kgC,iagc_m2_kgC,iagc_m3_kgC,iagc_m1_kgC_gap,iagc_m2_kgC_gap,iagc_m3_kgC_gap,quadra_id
SFX_A02,1,Dalbergia melanoxylon,Fabaceae,411041.5597,9270911.325,0.8,0.432156124,36.3,8.05,3.2,20120806,A,O,P18,24.71,24.71,feldpausch_regional,0.18,default,0.0,36.3,24.71,36.3,True,O,8.05,measured,36.3,8.05,1.0772,173.5622,146.155,146.155,173.5622,146.155,146.155,
SFX_A02,2,Theobroma glaucum,Malvaceae,411037.8597,9270906.525,0.53,,10.0,,,20120806,A,O,P18,10.62,10.62,feldpausch_regional,0.18,default,0.0,10.0,10.62,10.0,True,O,10.62,feldpausch,10.0,10.62,0.5297,18.3636,13.9133,13.9133,18.3636,13.9133,13.9133,
SFX_A02,3,Pouteria sp.,Sapotaceae,411042.5597,9270904.525,0.78,,25.7,,,20120806,A,O,P18,20.14,20.14,feldpausch_regional,0.18,default,0.0,25.7,20.14,25.7,True,O,20.14,feldpausch,25.7,20.14,0.7187,216.4772,155.1123,155.1123,216.4772,155.1123,155.1123,
SFX_A02,4,Schefflera morototoni,Araliaceae,411039.6597,9270899.325,0.45,0.060828102,14.3,12.9,10.54,20120806,A,O,P18,13.69,13.69,feldpausch_regional,0.18,default,0.0,14.3,13.69,14.3,True,O,12.9,measured,14.3,12.9,0.4559,44.6285,33.3575,33.3575,44.6285,33.3575,33.3575,
SFX_A02,5,Astronium gracile,Anacardiaceae,411033.8597,9270899.325,0.73,5.210652061,58.7,40.7,21.08,20120806,A,O,P18,31.62,31.62,feldpausch_regional,0.18,default,0.0,58.7,31.62,58.7,True,O,40.7,measured,58.7,40.7,0.73,2156.7828,1438.7452,1438.7452,2156.7828,1438.7452,1438.7452,
SFX_A02,6,NI,NI,411019.8597,9270898.325,0.62,,12.7,,,20120806,A,O,P18,12.6,12.6,feldpausch_regional,0.18,default,0.0,12.7,12.6,12.7,True,O,12.6,feldpausch,12.7,12.6,0.7175,34.5977,25.8089,25.8089,34.5977,25.8089,25.8089,
SFX_A02,7,Theobroma glaucum,Malvaceae,411036.5597,9270897.325,0.53,,12.7,,,20120806,A,O,P18,12.6,12.6,feldpausch_regional,0.18,default,0.0,12.7,12.6,12.7,True,O,12.6,feldpausch,12.7,12.6,0.5297,34.5977,25.8089,25.8089,34.5977,25.8089,25.8089,
SFX_A02,8,Nectandra cuspidata,Lauraceae,411030.8597,9270894.325,0.56,0.747075652,36.0,20.22,16.45,20120806,A,O,P18,24.6,24.6,feldpausch_regional,0.18,default,0.0,36.0,24.6,36.0,True,O,20.22,measured,36.0,20.22,0.518,419.5711,305.3469,305.3469,419.5711,305.3469,305.3469,
SFX_A02,9,Sapium marmieri,Euphorbiaceae,411033.8597,9270893.325,0.41,0.702705224,39.3,21.8,17.0,20120806,A,O,P18,25.82,25.82,feldpausch_regional,0.18,default,0.0,39.3,25.82,39.3,True,O,21.8,measured,39.3,21.8,0.41,535.8565,386.992,386.992,535.8565,386.992,386.992,
SFX_A02,10,Dalbergia melanoxylon,Fabaceae,411024.8597,9270893.025,0.8,,17.7,,,20120806,A,O,P18,15.83,15.83,feldpausch_regional,0.18,default,0.0,17.7,15.83,17.7,True,O,15.83,feldpausch,17.7,15.83,1.0772,82.6414,60.4201,60.4201,82.6414,60.4201,60.4201,
SFX_A02,11,Dalbergia melanoxylon,Fabaceae,411036.8597,9270892.525,0.8,0.733810106,35.0,14.7,9.19,20120806,A,O,P18,24.21,24.21,feldpausch_regional,0.18,default,0.0,35.0,24.21,35.0,True,O,14.7,measured,35.0,14.7,1.0772,290.9265,222.3623,222.3623,290.9265,222.3623,222.3623,
SFX_A02,12,Inga marginata,Fabaceae,411039.8597,9270892.125,0.57,,10.2,,,20120806,A,O,P18,10.78,10.78,feldpausch_regional,0.18,default,0.0,10.2,10.78,10.2,True,O,10.78,feldpausch,10.2,10.78,0.5518,19.368,14.6535,14.6535,19.368,14.6535,14.6535,
SFX_A02,13,Mimosa hostilis,Fabaceae,411032.8597,9270892.325,0.45,2.075819484,55.6,29.32,19.3,20120806,A,O,P18,30.83,30.83,feldpausch_regional,0.18,default,0.0,55.6,30.83,55.6,True,O,29.32,measured,55.6,29.32,0.8235,1408.6358,987.0728,987.0728,1408.6358,987.0728,987.0728,
SFX_A02,14,Sterculia pruriens,Malvaceae,411032.8597,9270889.925,0.49,,21.1,,,20120806,A,O,P18,17.78,17.78,feldpausch_regional,0.18,default,0.0,21.1,17.78,21.1,True,O,17.78,feldpausch,21.1,17.78,0.4862,130.4348,94.421,94.421,130.4348,94.421,94.421,
SFX_A02,15,Neea oppositifolia,Nyctaginaceae,411033.8597,9270888.325,0.89,0.024071894,10.3,4.99,2.7,20120806,A,O,P18,10.85,10.85,feldpausch_regional,0.18,default,0.0,10.3,10.85,10.3,True,O,4.99,measured,10.3,4.99,0.893,9.3082,7.9576,7.9576,9.3082,7.9576,7.9576,
SFX_A02,16,Theobroma glaucum,Malvaceae,411039.8597,9270886.825,0.53,,10.8,,,20120806,A,O,P18,11.23,11.23,feldpausch_regional,0.18,default,0.0,10.8,11.23,10.8,True,O,11.23,feldpausch,10.8,11.23,0.5297,22.5359,16.987,16.987,22.5359,16.987,16.987,
SFX_A02,17,Dalbergia melanoxylon,Fabaceae,411037.8597,9270882.325,0.8,,27.5,,,20120806,A,O,P18,21.0,21.0,feldpausch_regional,0.18,default,0.0,27.5,21.0,27.5,True,O,21.0,feldpausch,27.5,21.0,1.0772,257.35,183.7808,183.7808,257.35,183.7808,183.7808,
SFX_A02,18,NI,NI,411042.7597,9270882.325,0.62,,11.2,,,20120806,A,O,P18,11.53,11.53,feldpausch_regional,0.18,default,0.0,11.2,11.53,11.2,True,O,11.53,feldpausch,11.2,11.53,0.7175,24.8245,18.6669,18.6669,24.8245,18.6669,18.6669,
SFX_A02,19,Theobroma glaucum,Malvaceae,411034.8597,9270878.325,0.53,,11.0,,,20120806,A,O,P18,11.38,11.38,feldpausch_regional,0.18,default,0.0,11.0,11.38,11.0,True,O,11.38,feldpausch,11.0,11.38,0.5297,23.6621,17.8143,17.8143,23.6621,17.8143,17.8143,
SFX_A02,21,Dalbergia melanoxylon,Fabaceae,411042.9597,9270921.325,0.8,,13.7,,,20120806,A,O,P18,13.29,13.29,feldpausch_regional,0.18,default,0.0,13.7,13.29,13.7,True,O,13.29,feldpausch,13.7,13.29,1.0772,42.2571,31.3721,31.3721,42.2571,31.3721,31.3721,
SFX_A02,22,Dalbergia melanoxylon,Fabaceae,411045.8597,9270917.925,0.8,1.135614698,48.6,11.8,9.16,20120806,A,O,P18,28.87,28.87,feldpausch_regional,0.18,default,0.0,48.6,28.87,48.6,True,O,11.8,measured,48.6,11.8,1.0772,445.586,358.2049,358.2049,445.586,358.2049,358.2049,
SFX_A02,23,Dalbergia melanoxylon,Fabaceae,411045.8597,9270915.925,0.8,1.261785839,45.4,15.03,8.24,20120806,A,O,P18,27.88,27.88,feldpausch_regional,0.18,default,0.0,45.4,27.88,45.4,True,O,15.03,measured,45.4,15.03,1.0772,494.0213,380.9988,380.9988,494.0213,380.9988,380.9988,
SFX_A02,24,,,411045.5597,9270914.025,0.45,0.014742071,11.1,6.09,,20120806,D,o,P18,11.45,11.45,feldpausch_regional,0.18,default,0.0,11.1,11.45,11.1,False,O,6.09,measured,11.1,6.09,0.7175,13.0833,13.0833,15.5774,13.0833,13.0833,15.5774,
SFX_A02,25,Dalbergia melanoxylon,Fabaceae,411048.8597,9270914.025,0.8,1.920502824,50.5,18.48,15.53,20120806,A,O,P18,29.43,29.43,feldpausch_regional,0.18,default,0.0,50.5,29.43,50.5,True,O,18.48,measured,50.5,18.48,1.0772,744.0234,558.2188,558.2188,744.0234,558.2188,558.2188,
SFX_A02,26,Theobroma glaucum,Malvaceae,411047.0597,9270911.825,0.53,0.037051385,11.1,11.15,8.68,20120806,A,O,P18,11.45,11.45,feldpausch_regional,0.18,default,0.0,11.1,11.45,11.1,True,O,11.15,measured,11.1,11.15,0.5297,23.6087,17.8392,17.8392,23.6087,17.8392,17.8392,
SFX_A02,27,Dalbergia melanoxylon,Fabaceae,411045.8597,9270909.325,0.8,1.0402531,40.8,15.34,6.14,20120806,A,O,P18,26.35,26.35,feldpausch_regional,0.18,default,0.0,40.8,26.35,40.8,True,O,15.34,measured,40.8,15.34,1.0772,409.1051,312.8851,312.8851,409.1051,312.8851,312.8851,
SFX_A02,28,Dialium guianense,Fabaceae,411050.8597,9270908.325,0.89,,29.7,,,20120806,A,O,P18,22.0,22.0,feldpausch_regional,0.18,default,0.0,29.7,22.0,29.7,True,O,22.0,feldpausch,29.7,22.0,0.8964,312.9578,222.6764,222.6764,312.9578,222.6764,222.6764,
SFX_A02,30,Dalbergia melanoxylon,Fabaceae,411058.8597,9270906.925,0.8,,22.8,,,20120806,A,O,P18,18.68,18.68,feldpausch_regional,0.18,default,0.0,22.8,18.68,22.8,True,O,18.68,feldpausch,22.8,18.68,1.0772,159.2258,114.793,114.793,159.2258,114.793,114.793,
SFX_A02,31,Galipea trifoliata,NI,411050.8597,9270908.525,0.62,,11.0,,,20120806,A,O,P18,11.38,11.38,feldpausch_regional,0.18,default,0.0,11.0,11.38,11.0,True,O,11.38,feldpausch,11.0,11.38,0.997,23.6621,17.8143,17.8143,23.6621,17.8143,17.8143,
SFX_A02,32,Theobroma glaucum,Malvaceae,411049.8597,9270906.925,0.53,0.066990903,15.8,9.95,8.33,20120806,A,O,P18,14.66,14.66,feldpausch_regional,0.18,default,0.0,15.8,14.66,15.8,True,O,9.95,measured,15.8,9.95,0.5297,42.0838,32.9301,32.9301,42.0838,32.9301,32.9301,
SFX_A02,33,Dialium guianense,Fabaceae,411051.8597,9270906.325,0.89,,17.8,,,20120806,A,O,P18,15.89,15.89,feldpausch_regional,0.18,default,0.0,17.8,15.89,17.8,True,O,15.89,feldpausch,17.8,15.89,0.8964,83.8644,61.2941,61.2941,83.8644,61.2941,61.2941,
SFX_A02,34,Protium heptaphyllum,Burseraceae,411047.8597,9270906.325,0.62,,24.5,,,20120806,A,O,P18,19.55,19.55,feldpausch_regional,0.18,default,0.0,24.5,19.55,24.5,True,O,19.55,feldpausch,24.5,19.55,0.6293,191.5456,137.5782,137.5782,191.5456,137.5782,137.5782,
SFX_A02,35,Dalbergia melanoxylon,Fabaceae,411045.8597,9270905.825,0.8,,15.6,,,20120806,A,O,P18,14.54,14.54,feldpausch_regional,0.18,default,0.0,15.6,14.54,15.6,True,O,14.54,feldpausch,15.6,14.54,1.0772,59.4433,43.7811,43.7811,59.4433,43.7811,43.7811,
SFX_A02,36,Dalbergia melanoxylon,Fabaceae,411049.8597,9270904.325,0.8,0.695516714,35.5,13.55,8.73,20120806,A,O,P18,24.4,24.4,feldpausch_regional,0.18,default,0.0,35.5,24.4,35.5,True,O,13.55,measured,35.5,13.55,1.0772,276.2353,214.0142,214.0142,276.2353,214.0142,214.0142,
SFX_A02,37,Galipea trifoliata,NI,411055.8597,9270904.325,0.62,0.029062484,11.3,7.21,5.53,20120806,A,O,P18,11.6,11.6,feldpausch_regional,0.18,default,0.0,11.3,11.6,11.3,True,O,7.21,measured,11.3,7.21,0.997,15.974,12.9422,12.9422,15.974,12.9422,12.9422,
SFX_A02,39,Dalbergia melanoxylon,Fabaceae,411068.8597,9270897.925,0.8,,26.5,,,20120806,A,O,P18,20.53,20.53,feldpausch_regional,0.18,default,0.0,26.5,20.53,26.5,True,O,20.53,feldpausch,26.5,20.53,1.0772,234.1684,167.5272,167.5272,234.1684,167.5272,167.5272,
SFX_A02,40,Dalbergia melanoxylon,Fabaceae,411067.8597,9270897.925,0.8,1.371615946,44.1,17.31,10.5,20120806,A,O,P18,27.46,27.46,feldpausch_regional,0.18,default,0.0,44.1,27.46,44.1,True,O,17.31,measured,44.1,17.31,1.0772,535.7754,403.5187,403.5187,535.7754,403.5187,403.5187,
SFX_A02,41,,,411051.8597,9270901.325,0.7,,25.1,,,20120806,D,o,P18,19.85,19.85,feldpausch_regional,0.18,default,0.0,25.1,19.85,25.1,False,O,19.85,feldpausch,25.1,19.85,0.7175,203.8159,203.8159,242.6696,203.8159,203.8159,242.6696,
SFX_A02,42,,,411051.8597,9270897.825,0.7,,39.0,,,20120806,D,o,P18,25.71,25.71,feldpausch_regional,0.18,default,0.0,39.0,25.71,39.0,False,O,25.71,feldpausch,39.0,25.71,0.7175,620.1238,620.1238,738.3388,620.1238,620.1238,738.3388,
SFX_A02,43,Theobroma glaucum,Malvaceae,411047.8597,9270894.725,0.53,,15.8,,,20120806,A,O,P18,14.66,14.66,feldpausch_regional,0.18,default,0.0,15.8,14.66,15.8,True,O,14.66,feldpausch,15.8,14.66,0.5297,61.4308,45.2138,45.2138,61.4308,45.2138,45.2138,
SFX_A02,44,Jacaratia spinosa,Caricaceae,411052.8597,9270894.525,0.27,,22.8,,,20120806,A,O,P18,18.68,18.68,feldpausch_regional,0.18,default,0.0,22.8,18.68,22.8,True,O,18.68,feldpausch,22.8,18.68,0.265,159.2258,114.793,114.793,159.2258,114.793,114.793,
SFX_A02,45,Tabebuia serratifolia,Bignoniaceae,411057.8597,9270895.325,0.92,2.579578086,44.0,28.45,20.67,20120806,A,O,P18,27.43,27.43,feldpausch_regional,0.18,default,0.0,44.0,27.43,44.0,True,O,28.45,measured,44.0,28.45,0.924,866.2926,603.1205,603.1205,866.2926,603.1205,603.1205,
SFX_A02,46,Theobroma glaucum,Malvaceae,411046.8597,9270913.025,0.53,,11.3,,,20120806,A,O,P18,11.6,11.6,feldpausch_regional,0.18,default,0.0,11.3,11.6,11.3,True,O,11.6,feldpausch,11.3,11.6,0.5297,25.4086,19.096,19.096,25.4086,19.096,19.096,
SFX_A02,47,Dalbergia melanoxylon,Fabaceae,411045.8597,9270883.825,0.8,,13.5,,,20120806,A,O,P18,13.15,13.15,feldpausch_regional,0.18,default,0.0,13.5,13.15,13.5,True,O,13.15,feldpausch,13.5,13.15,1.0772,40.6391,30.2001,30.2001,40.6391,30.2001,30.2001,
SFX_A02,48,Inga marginata,Fabaceae,411049.8597,9270881.325,0.57,,10.4,,,20120806,A,O,P18,10.93,10.93,feldpausch_regional,0.18,default,0.0,10.4,10.93,10.4,True,O,10.93,feldpausch,10.4,10.93,0.5518,20.3893,15.407,15.407,20.3893,15.407,15.407,
SFX_A02,49,Theobroma glaucum,Malvaceae,411043.0597,9270877.025,0.53,,12.6,,,20120806,A,O,P18,12.53,12.53,feldpausch_regional,0.18,default,0.0,12.6,12.53,12.6,True,O,12.53,feldpausch,12.6,12.53,0.5297,33.8832,25.2886,25.2886,33.8832,25.2886,25.2886,
SFX_A02,50,Inga marginata,Fabaceae,411045.1597,9270875.325,0.57,,12.2,,,20120806,A,O,P18,12.25,12.25,feldpausch_regional,0.18,default,0.0,12.2,12.25,12.2,True,O,12.25,feldpausch,12.2,12.25,0.5518,31.1212,23.2742,23.2742,31.1212,23.2742,23.2742,
SFX_A02,1,,,411081.1695,9270758.006,0.45,,14.8,,,20120806,D,o,P19,14.02,14.02,feldpausch_regional,0.18,default,0.0,14.8,14.02,14.8,False,O,14.02,feldpausch,14.8,14.02,0.7175,51.7652,51.7652,61.6332,51.7652,51.7652,61.6332,
SFX_A02,2,Dalbergia melanoxylon,Fabaceae,411079.9695,9270757.206,0.8,0.480251583,37.6,8.34,3.83,20120806,A,O,P19,25.2,25.2,feldpausch_regional,0.18,default,0.0,37.6,25.2,37.6,True,O,8.34,measured,37.6,8.34,1.0772,192.4356,161.4169,161.4169,192.4356,161.4169,161.4169,
SFX_A02,3,Neea oppositifolia,Nyctaginaceae,411078.7695,9270752.206,0.89,,11.8,,,20120806,A,O,P19,11.96,11.96,feldpausch_regional,0.18,default,0.0,11.8,11.96,11.8,True,O,11.96,feldpausch,11.8,11.96,0.893,28.4866,21.3505,21.3505,28.4866,21.3505,21.3505,
SFX_A02,4,Jacaranda copaia,Bignoniaceae,411079.9695,9270746.806,0.35,,14.5,,,20120806,A,O,P19,13.82,13.82,feldpausch_regional,0.18,default,0.0,14.5,13.82,14.5,True,O,13.82,feldpausch,14.5,13.82,0.3507,49.0441,36.2853,36.2853,49.0441,36.2853,36.2853,
SFX_A02,5,Dalbergia melanoxylon,Fabaceae,411075.9695,9270746.906,0.8,0.488894566,44.2,6.14,2.53,20120806,A,O,P19,27.5,27.5,feldpausch_regional,0.18,default,0.0,44.2,27.5,44.2,True,O,6.14,measured,44.2,6.14,1.0772,195.6939,173.6304,173.6304,195.6939,173.6304,173.6304,
SFX_A02,6,Dalbergia melanoxylon,Fabaceae,411068.9695,9270746.106,0.8,0.524753596,37.7,9.06,4.73,20120806,A,O,P19,25.24,25.24,feldpausch_regional,0.18,default,0.0,37.7,25.24,37.7,True,O,9.06,measured,37.7,9.06,1.0772,209.7182,173.6493,173.6493,209.7182,173.6493,173.6493,
SFX_A02,7,Zanthoxylum rhoifolium,Rutaceae,411079.2695,9270745.706,0.49,,10.4,,,20120806,A,O,P19,10.93,10.93,feldpausch_regional,0.18,default,0.0,10.4,10.93,10.4,True,O,10.93,feldpausch,10.4,10.93,0.5692,20.3893,15.407,15.407,20.3893,15.407,15.407,
SFX_A02,8,Diplotropis sp.,Fabaceae,411079.2695,9270745.706,0.75,,13.9,,,20120806,A,O,P19,13.42,13.42,feldpausch_regional,0.18,default,0.0,13.9,13.42,13.9,True,O,13.42,feldpausch,13.9,13.42,0.7378,43.8846,32.553,32.553,43.8846,32.553,32.553,
SFX_A02,9,Ocotea sp.,Lauraceae,411077.7695,9270742.206,0.5,,15.8,,,20120806,A,O,P19,14.66,14.66,feldpausch_regional,0.18,default,0.0,15.8,14.66,15.8,True,O,14.66,feldpausch,15.8,14.66,0.5245,61.4308,45.2138,45.2138,61.4308,45.2138,45.2138,
SFX_A02,10,Licania heteromorpha,Chrysobalanaceae,411080.6695,9270739.706,0.82,,10.6,,,20120806,A,O,P19,11.08,11.08,feldpausch_regional,0.18,default,0.0,10.6,11.08,10.6,True,O,11.08,feldpausch,10.6,11.08,0.8164,21.4451,16.1847,16.1847,21.4451,16.1847,16.1847,
SFX_A02,11,Theobroma glaucum,Malvaceae,411076.9695,9270739.706,0.53,0.038843856,14.0,7.35,4.55,20120806,A,O,P19,13.49,13.49,feldpausch_regional,0.18,default,0.0,14.0,13.49,14.0,True,O,7.35,measured,14.0,7.35,0.5297,24.7286,20.1808,20.1808,24.7286,20.1808,20.1808,
SFX_A02,12,Dalbergia melanoxylon,Fabaceae,411070.9695,9270742.206,0.8,,12.5,,,20120806,A,O,P19,12.46,12.46,feldpausch_regional,0.18,default,0.0,12.5,12.46,12.5,True,O,12.46,feldpausch,12.5,12.46,1.0772,33.1783,24.775,24.775,33.1783,24.775,24.775,
SFX_A02,13,Licania heteromorpha,Chrysobalanaceae,411074.9695,9270737.406,0.82,,10.9,,,20120806,A,O,P19,11.3,11.3,feldpausch_regional,0.18,default,0.0,10.9,11.3,10.9,True,O,11.3,feldpausch,10.9,11.3,0.8164,23.0846,17.3912,17.3912,23.0846,17.3912,17.3912,
SFX_A02,14,Dalbergia melanoxylon,Fabaceae,411077.6695,9270737.306,0.8,1.109938966,47.5,12.07,8.53,20120806,A,O,P19,28.54,28.54,feldpausch_regional,0.18,default,0.0,47.5,28.54,47.5,True,O,12.07,measured,47.5,12.07,1.0772,435.6251,348.5646,348.5646,435.6251,348.5646,348.5646,
SFX_A02,15,Poeppigia sp.,Fabaceae,411060.9695,9270737.806,0.69,,11.2,,,20120806,A,O,P19,11.53,11.53,feldpausch_regional,0.18,default,0.0,11.2,11.53,11.2,True,O,11.53,feldpausch,11.2,11.53,0.735,24.8245,18.6669,18.6669,24.8245,18.6669,18.6669,
SFX_A02,16,Dalbergia melanoxylon,Fabaceae,411059.9695,9270737.206,0.8,,33.7,,,20120806,A,O,P19,23.69,23.69,feldpausch_regional,0.18,default,0.0,33.7,23.69,33.7,True,O,23.69,feldpausch,33.7,23.69,1.0772,430.4966,304.5885,304.5885,430.4966,304.5885,304.5885,
SFX_A02,17,Rinorea guianensis,Violaceae,411057.9695,9270736.606,0.78,,10.4,,,20120806,A,O,P19,10.93,10.93,feldpausch_regional,0.18,default,0.0,10.4,10.93,10.4,True,O,10.93,feldpausch,10.4,10.93,0.78,20.3893,15.407,15.407,20.3893,15.407,15.407,
SFX_A02,19,Rheedia gardneriana,Clusiaceae,411078.9695,9270735.206,0.62,,10.9,,,20120806,A,O,P19,11.3,11.3,feldpausch_regional,0.18,default,0.0,10.9,11.3,10.9,True,O,11.3,feldpausch,10.9,11.3,0.7175,23.0846,17.3912,17.3912,23.0846,17.3912,17.3912,
SFX_A02,20,Poeppigia sp.,Fabaceae,411061.9695,9270734.206,0.69,0.029778538,11.5,6.41,4.79,20120806,A,O,P19,11.75,11.75,feldpausch_regional,0.18,default,0.0,11.5,11.75,11.5,True,O,6.41,measured,11.5,6.41,0.735,14.7379,12.1749,12.1749,14.7379,12.1749,12.1749,
SFX_A02,21,Dalbergia melanoxylon,Fabaceae,411062.9695,9270734.206,0.8,,12.8,,,20120806,A,O,P19,12.67,12.67,feldpausch_regional,0.18,default,0.0,12.8,12.67,12.8,True,O,12.67,feldpausch,12.8,12.67,1.0772,35.3219,26.3361,26.3361,35.3219,26.3361,26.3361,
SFX_A02,22,,,411063.9695,9270732.206,0.58,,16.6,,,20120806,D,o,P19,15.16,15.16,feldpausch_regional,0.18,default,0.0,16.6,15.16,16.6,False,O,15.16,feldpausch,16.6,15.16,0.7175,69.8995,69.8995,83.2245,69.8995,69.8995,83.2245,
SFX_A02,23,Dalbergia melanoxylon,Fabaceae,411078.3695,9270731.206,0.8,,19.8,,,20120806,A,O,P19,17.05,17.05,feldpausch_regional,0.18,default,0.0,19.8,17.05,19.8,True,O,17.05,feldpausch,19.8,17.05,1.0772,110.5896,80.3416,80.3416,110.5896,80.3416,80.3416,
SFX_A02,24,Poeppigia sp.,Fabaceae,411078.3695,9270731.406,0.69,,10.9,,,20120806,A,O,P19,11.3,11.3,feldpausch_regional,0.18,default,0.0,10.9,11.3,10.9,True,O,11.3,feldpausch,10.9,11.3,0.735,23.0846,17.3912,17.3912,23.0846,17.3912,17.3912,
SFX_A02,25,Theobroma glaucum,Malvaceae,411075.9695,9270730.406,0.53,,12.6,,,20120806,A,O,P19,12.53,12.53,feldpausch_regional,0.18,default,0.0,12.6,12.53,12.6,True,O,12.53,feldpausch,12.6,12.53,0.5297,33.8832,25.2886,25.2886,33.8832,25.2886,25.2886,
SFX_A02,26,Pterocarpus sp.,Fabaceae,411075.9695,9270731.006,0.51,,11.4,,,20120806,A,O,P19,11.67,11.67,feldpausch_regional,0.18,default,0.0,11.4,11.67,11.4,True,O,11.67,feldpausch,11.4,11.67,0.5838,26.0016,19.5314,19.5314,26.0016,19.5314,19.5314,
SFX_A02,27,Dalbergia melanoxylon,Fabaceae,411056.9695,9270731.206,0.8,,20.2,,,20120806,A,O,P19,17.28,17.28,feldpausch_regional,0.18,default,0.0,20.2,17.28,20.2,True,O,17.28,feldpausch,20.2,17.28,1.0772,116.5063,84.5421,84.5421,116.5063,84.5421,84.5421,
SFX_A02,28,Dalbergia melanoxylon,Fabaceae,411061.9695,9270730.206,0.8,,30.3,,,20120806,A,O,P19,22.26,22.26,feldpausch_regional,0.18,default,0.0,30.3,22.26,30.3,True,O,22.26,feldpausch,30.3,22.26,1.0772,329.1708,234.0024,234.0024,329.1708,234.0024,234.0024,
SFX_A02,29,Minquartia guianensis,Olacaceae,411062.9695,9270728.206,0.77,,15.2,,,20120806,A,O,P19,14.28,14.28,feldpausch_regional,0.18,default,0.0,15.2,14.28,15.2,True,O,14.28,feldpausch,15.2,14.28,0.7867,55.518,40.9557,40.9557,55.518,40.9557,40.9557,
SFX_A02,30,Dalbergia melanoxylon,Fabaceae,411075.1695,9270724.806,0.8,1.563394956,49.7,15.53,10.41,20120806,A,O,P19,29.19,29.19,feldpausch_regional,0.18,default,0.0,49.7,29.19,49.7,True,O,15.53,measured,49.7,15.53,1.0772,608.5997,468.9759,468.9759,608.5997,468.9759,468.9759,
SFX_A02,31,Cordia scabrifolia,Boraginaceae,411068.9695,9270721.606,0.47,,10.7,,,20120806,A,O,P19,11.15,11.15,feldpausch_regional,0.18,default,0.0,10.7,11.15,10.7,True,O,11.15,feldpausch,10.7,11.15,0.474,21.9765,16.5767,16.5767,21.9765,16.5767,16.5767,
SFX_A02,32,Dalbergia melanoxylon,Fabaceae,411079.1695,9270722.906,0.8,,35.4,,,20120806,A,O,P19,24.36,24.36,feldpausch_regional,0.18,default,0.0,35.4,24.36,35.4,True,O,24.36,feldpausch,35.4,24.36,1.0772,486.9811,343.8492,343.8492,486.9811,343.8492,343.8492,
SFX_A02,33,,,411080.9695,9270721.006,0.45,,20.4,,,20120806,D,o,P19,17.39,17.39,feldpausch_regional,0.18,default,0.0,20.4,17.39,20.4,False,O,17.39,feldpausch,20.4,17.39,0.7175,119.5064,119.5064,142.288,119.5064,119.5064,142.288,
SFX_A02,34,Theobroma glaucum,Malvaceae,411075.9695,9270719.106,0.53,0.025555993,10.7,8.28,5.94,20120806,A,O,P19,11.15,11.15,feldpausch_regional,0.18,default,0.0,10.7,11.15,10.7,True,O,8.28,measured,10.7,8.28,0.5297,16.4367,12.995,12.995,16.4367,12.995,12.995,
SFX_A02,35,Mimosa hostilis,Fabaceae,411077.9695,9270712.206,0.45,2.183463041,52.0,35.25,27.85,20120806,A,O,P19,29.85,29.85,feldpausch_regional,0.18,default,0.0,52.0,29.85,52.0,True,O,35.25,measured,52.0,35.25,0.8235,1479.5393,1003.7887,1003.7887,1479.5393,1003.7887,1003.7887,
SFX_A02,36,Zollernia paraensis,Fabaceae,411083.9695,9270754.606,0.99,,13.5,,,20120806,A,O,P19,13.15,13.15,feldpausch_regional,0.18,default,0.0,13.5,13.15,13.5,True,O,13.15,feldpausch,13.5,13.15,0.99,40.6391,30.2001,30.2001,40.6391,30.2001,30.2001,
SFX_A02,37,Eschweilera parviflora,Lecythidaceae,411086.9695,9270753.606,0.89,,20.2,,,20120806,A,O,P19,17.28,17.28,feldpausch_regional,0.18,default,0.0,20.2,17.28,20.2,True,O,17.28,feldpausch,20.2,17.28,0.918,116.5063,84.5421,84.5421,116.5063,84.5421,84.5421,
SFX_A02,38,Dalbergia melanoxylon,Fabaceae,411082.0695,9270751.706,0.8,,15.1,,,20120806,A,O,P19,14.21,14.21,feldpausch_regional,0.18,default,0.0,15.1,14.21,15.1,True,O,14.21,feldpausch,15.1,14.21,1.0772,54.5451,40.2564,40.2564,54.5451,40.2564,40.2564,
SFX_A02,39,Guarea guidonia,Meliaceae,411089.9695,9270752.906,0.55,,10.2,,,20120806,A,O,P19,10.78,10.78,feldpausch_regional,0.18,default,0.0,10.2,10.78,10.2,True,O,10.78,feldpausch,10.2,10.78,0.5651,19.368,14.6535,14.6535,19.368,14.6535,14.6535,
SFX_A02,40,,,411084.1695,9270748.206,0.28,0.031059124,21.0,5.69,,20120806,D,o,P19,17.72,17.72,feldpausch_regional,0.18,default,0.0,21.0,17.72,21.0,False,O,5.69,measured,21.0,5.69,0.7175,42.5033,42.5033,50.6057,42.5033,42.5033,50.6057,
SFX_A02,41,,,411087.9695,9270745.206,0.45,0.099864939,36.0,3.55,,20120806,D,o,P19,24.6,24.6,feldpausch_regional,0.18,default,0.0,36.0,24.6,36.0,False,O,3.55,measured,36.0,3.55,0.7175,76.8044,76.8044,91.4457,76.8044,76.8044,91.4457,
SFX_A02,42,Neea oppositifolia,Nyctaginaceae,411091.9695,9270744.406,0.89,,11.5,,,20120806,A,O,P19,11.75,11.75,feldpausch_regional,0.18,default,0.0,11.5,11.75,11.5,True,O,11.75,feldpausch,11.5,11.75,0.893,26.6256,19.9869,19.9869,26.6256,19.9869,19.9869,
SFX_A02,43,Thyrsodium paraense,Anacardiaceae,411093.9695,9270743.506,0.61,,13.4,,,20120806,A,O,P19,13.08,13.08,feldpausch_regional,0.18,default,0.0,13.4,13.08,13.4,True,O,13.08,feldpausch,13.4,13.08,0.645,39.8454,29.6247,29.6247,39.8454,29.6247,29.6247,
SFX_A02,44,Cordia scabrifolia,Boraginaceae,411091.9695,9270741.206,0.47,,13.1,,,20120806,A,O,P19,12.88,12.88,feldpausch_regional,0.18,default,0.0,13.1,12.88,13.1,True,O,12.88,feldpausch,13.1,12.88,0.474,37.5536,27.9585,27.9585,37.5536,27.9585,27.9585,
SFX_A02,45,Mimosa hostilis,Fabaceae,411082.9695,9270739.706,0.45,,11.3,,,20120806,A,O,P19,11.6,11.6,feldpausch_regional,0.18,default,0.0,11.3,11.6,11.3,True,O,11.6,feldpausch,11.3,11.6,0.8235,25.4086,19.096,19.096,25.4086,19.096,19.096,
SFX_A02,46,Dalbergia melanoxylon,Fabaceae,411099.9695,9270739.206,0.8,0.785223734,39.5,12.35,3.69,20120806,A,O,P19,25.89,25.89,feldpausch_regional,0.18,default,0.0,39.5,25.89,39.5,True,O,12.35,measured,39.5,12.35,1.0772,310.803,245.605,245.605,310.803,245.605,245.605,
SFX_A02,47,Apeiba echinata,Malvaceae,411104.9695,9270738.806,0.28,,16.1,,,20120806,A,O,P19,14.85,14.85,feldpausch_regional,0.18,default,0.0,16.1,14.85,16.1,True,O,14.85,feldpausch,16.1,14.85,0.2822,64.5342,47.4442,47.4442,64.5342,47.4442,47.4442,
SFX_A02,48,Dalbergia melanoxylon,Fabaceae,411084.2695,9270759.806,0.8,1.805986442,48.9,18.54,2.01,20120806,A,O,P19,28.96,28.96,feldpausch_regional,0.18,default,0.0,48.9,28.96,48.9,True,O,18.54,measured,48.9,18.54,1.0772,700.9171,524.7965,524.7965,700.9171,524.7965,524.7965,
SFX_A02,49,Dalbergia melanoxylon,Fabaceae,411084.4695,9270736.866,0.8,1.867156987,46.1,21.56,12.15,20120806,A,O,P19,28.1,28.1,feldpausch_regional,0.18,default,0.0,46.1,28.1,46.1,True,O,21.56,measured,46.1,21.56,1.0772,723.8458,527.6987,527.6987,723.8458,527.6987,527.6987,
SFX_A02,50,,,411090.9695,9270735.906,0.45,,33.0,,,20120806,D,o,P19,23.4,23.4,feldpausch_regional,0.18,default,0.0,33.0,23.4,33.0,False,O,23.4,feldpausch,33.0,23.4,0.7175,408.2767,408.2767,486.1069,408.2767,408.2767,486.1069,
SFX_A02,51,Poeppigia sp.,Fabaceae,411093.9695,9270735.706,0.69,,12.9,,,20120806,A,O,P19,12.74,12.74,feldpausch_regional,0.18,default,0.0,12.9,12.74,12.9,True,O,12.74,feldpausch,12.9,12.74,0.735,36.056,26.87,26.87,36.056,26.87,26.87,
SFX_A02,52,Dialium guianense,Fabaceae,411082.9695,9270734.106,0.89,,11.9,,,20120806,A,O,P19,12.03,12.03,feldpausch_regional,0.18,default,0.0,11.9,12.03,11.9,True,O,12.03,feldpausch,11.9,12.03,0.8964,29.1251,21.8178,21.8178,29.1251,21.8178,21.8178,
SFX_A02,53,Dalbergia melanoxylon,Fabaceae,411083.9695,9270732.406,0.8,,30.2,,,20120806,A,O,P19,22.22,22.22,feldpausch_regional,0.18,default,0.0,30.2,22.22,30.2,True,O,22.22,feldpausch,30.2,22.22,1.0772,326.4799,232.1186,232.1186,326.4799,232.1186,232.1186,
SFX_A02,54,Poeppigia sp.,Fabaceae,411093.9695,9270732.206,0.69,,11.1,,,20120806,A,O,P19,11.45,11.45,feldpausch_regional,0.18,default,0.0,11.1,11.45,11.1,True,O,11.45,feldpausch,11.1,11.45,0.735,24.2284,18.2309,18.2309,24.2284,18.2309,18.2309,
SFX_A02,55,Simarouba amara,Simaroubaceae,411103.9695,9270731.006,0.38,,17.0,,,20120806,A,O,P19,15.41,15.41,feldpausch_regional,0.18,default,0.0,17.0,15.41,17.0,True,O,15.41,feldpausch,17.0,15.41,0.3833,74.4033,54.523,54.523,74.4033,54.523,54.523,
SFX_A02,56,Jacaranda copaia,Bignoniaceae,411087.9695,9270728.606,0.35,0.147153108,54.5,2.75,2.2,20120806,A,O,P19,30.54,30.54,feldpausch_regional,0.18,default,0.0,54.5,30.54,54.5,True,O,2.75,measured,54.5,2.75,0.3507,134.4917,136.8443,136.8443,134.4917,136.8443,136.8443,
SFX_A02,57,Poeppigia sp.,Fabaceae,411092.9695,9270726.706,0.69,,11.2,,,20120806,A,O,P19,11.53,11.53,feldpausch_regional,0.18,default,0.0,11.2,11.53,11.2,True,O,11.53,feldpausch,11.2,11.53,0.735,24.8245,18.6669,18.6669,24.8245,18.6669,18.6669,
SFX_A02,58,Poeppigia sp.,Fabaceae,411084.9695,9270726.106,0.69,,26.0,,,20120806,A,O,P19,20.29,20.29,feldpausch_regional,0.18,default,0.0,26.0,20.29,26.0,True,O,20.29,feldpausch,26.0,20.29,0.735,223.0468,159.7213,159.7213,223.0468,159.7213,159.7213,
SFX_A02,59,Licania octandra,Chrysobalanaceae,411082.9695,9270725.806,0.83,,11.9,,,20120806,A,O,P19,12.03,12.03,feldpausch_regional,0.18,default,0.0,11.9,12.03,11.9,True,O,12.03,feldpausch,11.9,12.03,0.825,29.1251,21.8178,21.8178,29.1251,21.8178,21.8178,
SFX_A02,60,Rinorea guianensis,Violaceae,411086.9695,9270726.006,0.78,,14.3,,,20120806,A,O,P19,13.69,13.69,feldpausch_regional,0.18,default,0.0,14.3,13.69,14.3,True,O,13.69,feldpausch,14.3,13.69,0.78,47.294,35.0195,35.0195,47.294,35.0195,35.0195,
SFX_A02,61,Dalbergia melanoxylon,Fabaceae,411094.9695,9270722.906,0.8,,14.5,,,20120806,A,O,P19,13.82,13.82,feldpausch_regional,0.18,default,0.0,14.5,13.82,14.5,True,O,13.82,feldpausch,14.5,13.82,1.0772,49.0441,36.2853,36.2853,49.0441,36.2853,36.2853,
SFX_A02,62,Galipea trifoliata,NI,411086.9695,9270722.206,0.62,,19.5,,,20120806,A,O,P19,16.88,16.88,feldpausch_regional,0.18,default,0.0,19.5,16.88,19.5,True,O,16.88,feldpausch,19.5,16.88,0.997,106.2977,77.2893,77.2893,106.2977,77.2893,77.2893,
SFX_A02,63,Protium heptaphyllum,Burseraceae,411090.9695,9270721.006,0.62,,10.9,,,20120806,A,O,P19,11.3,11.3,feldpausch_regional,0.18,default,0.0,10.9,11.3,10.9,True,O,11.3,feldpausch,10.9,11.3,0.6293,23.0846,17.3912,17.3912,23.0846,17.3912,17.3912,
SFX_A02,64,Pouteria gongrijpii,Sapotaceae,411091.9695,9270720.906,0.8,1.07286928,35.2,21.28,14.49,20120806,A,O,P19,24.28,24.28,feldpausch_regional,0.18,default,0.0,35.2,24.28,35.2,True,O,21.28,measured,35.2,21.28,0.7994,422.097,304.3866,304.3866,422.097,304.3866,304.3866,
SFX_A02,65,Dalbergia melanoxylon,Fabaceae,411089.9695,9270717.706,0.8,,23.6,,,20120806,A,O,P19,19.1,19.1,feldpausch_regional,0.18,default,0.0,23.6,19.1,23.6,True,O,19.1,feldpausch,23.6,19.1,1.0772,174.0498,125.2474,125.2474,174.0498,125.2474,125.2474,
SFX_A02,66,,,411083.9695,9270718.206,0.58,1.247784169,60.0,16.38,,20120806,D,o,P19,31.94,31.94,feldpausch_regional,0.18,default,0.0,60.0,31.94,60.0,False,O,16.38,measured,60.0,16.38,0.7175,925.9388,925.9388,1102.4516,925.9388,925.9388,1102.4516,
SFX_A02,67,Inga marginata,Fabaceae,411082.1695,9270718.006,0.57,,10.0,,,20120806,A,O,P19,10.62,10.62,feldpausch_regional,0.18,default,0.0,10.0,10.62,10.0,True,O,10.62,feldpausch,10.0,10.62,0.5518,18.3636,13.9133,13.9133,18.3636,13.9133,13.9133,
SFX_A02,68,Mimosa hostilis,Fabaceae,411086.9695,9270717.906,0.45,0.733193498,36.0,24.7,16.7,20120806,A,O,P19,24.6,24.6,feldpausch_regional,0.18,default,0.0,36.0,24.6,36.0,True,O,24.7,measured,36.0,24.7,0.8235,510.0766,359.6587,359.6587,510.0766,359.6587,359.6587,
SFX_A02,69,Galipea trifoliata,NI,411084.9695,9270715.606,0.62,,13.9,,,20120806,A,O,P19,13.42,13.42,feldpausch_regional,0.18,default,0.0,13.9,13.42,13.9,True,O,13.42,feldpausch,13.9,13.42,0.997,43.8846,32.553,32.553,43.8846,32.553,32.553,
SFX_A02,70,Dalbergia melanoxylon,Fabaceae,411086.9695,9270713.806,0.8,,12.7,,,20120806,A,O,P19,12.6,12.6,feldpausch_regional,0.18,default,0.0,12.7,12.6,12.7,True,O,12.6,feldpausch,12.7,12.6,1.0772,34.5977,25.8089,25.8089,34.5977,25.8089,25.8089,
SFX_A02,71,Dalbergia melanoxylon,Fabaceae,411083.9695,9270712.206,0.8,,21.3,,,20120806,A,O,P19,17.88,17.88,feldpausch_regional,0.18,default,0.0,21.3,17.88,21.3,True,O,17.88,feldpausch,21.3,17.88,1.0772,133.5883,96.6619,96.6619,133.5883,96.6619,96.6619,
SFX_A02,1,Heisteria densifrons,Olacaceae,411077.4881,9270554.005,0.65,,15.1,,,20120806,A,O,P20,14.21,14.21,feldpausch_regional,0.18,default,0.0,15.1,14.21,15.1,True,O,14.21,feldpausch,15.1,14.21,0.65,54.5451,40.2564,40.2564,54.5451,40.2564,40.2564,
SFX_A02,2,Guazuma ulmifolia,Malvaceae,411077.4881,9270547.005,0.5,0.233307842,34.5,7.63,,20120806,A,O,P20,24.01,24.01,feldpausch_regional,0.18,default,0.0,34.5,24.01,34.5,True,O,7.63,measured,34.5,7.63,0.5188,149.1515,126.358,126.358,149.1515,126.358,126.358,
SFX_A02,3,Guazuma ulmifolia,Malvaceae,411077.9881,9270547.005,0.5,1.082284278,45.1,20.71,8.68,20120806,A,O,P20,27.79,27.79,feldpausch_regional,0.18,default,0.0,45.1,27.79,45.1,True,O,20.71,measured,45.1,20.71,0.5188,666.8146,488.7062,488.7062,666.8146,488.7062,488.7062,
SFX_A02,4,Guazuma ulmifolia,Malvaceae,411077.9881,9270546.505,0.5,,25.3,,,20120806,A,O,P20,19.95,19.95,feldpausch_regional,0.18,default,0.0,25.3,19.95,25.3,True,O,19.95,feldpausch,25.3,19.95,0.5188,208.0157,149.1605,149.1605,208.0157,149.1605,149.1605,
SFX_A02,5,Guazuma ulmifolia,Malvaceae,411077.9881,9270546.505,0.5,,28.8,,,20120806,A,O,P20,21.59,21.59,feldpausch_regional,0.18,default,0.0,28.8,21.59,28.8,True,O,21.59,feldpausch,28.8,21.59,0.5188,289.3513,206.1879,206.1879,289.3513,206.1879,206.1879,
SFX_A02,6,Mimosa hostilis,Fabaceae,411072.9881,9270545.005,0.45,0.866755888,36.8,27.94,17.81,20120806,A,O,P20,24.9,24.9,feldpausch_regional,0.18,default,0.0,36.8,24.9,36.8,True,O,27.94,measured,36.8,27.94,0.8235,600.4994,415.6888,415.6888,600.4994,415.6888,415.6888,
SFX_A02,7,Mimosa hostilis,Fabaceae,411074.9881,9270541.505,0.45,0.101695569,14.9,20.0,15.29,20120806,A,O,P20,14.08,14.08,feldpausch_regional,0.18,default,0.0,14.9,14.08,14.9,True,O,20.0,measured,14.9,20.0,0.8235,74.1866,51.8411,51.8411,74.1866,51.8411,51.8411,
SFX_A02,8,Protium heptaphyllum,Burseraceae,411071.9881,9270542.005,0.62,,10.7,,,20120806,A,O,P20,11.15,11.15,feldpausch_regional,0.18,default,0.0,10.7,11.15,10.7,True,O,11.15,feldpausch,10.7,11.15,0.6293,21.9765,16.5767,16.5767,21.9765,16.5767,16.5767,
SFX_A02,9,,,411078.4881,9270539.305,,0.013668383,11.6,,,20120806,A,L,P20,11.82,11.82,feldpausch_regional,0.18,default,0.0,11.6,11.82,11.6,True,L,11.82,feldpausch,11.6,11.82,0.7175,27.2369,20.4351,20.4351,27.2369,20.4351,20.4351,
SFX_A02,10,Pourouma minor,Urticaceae,411074.9881,9270539.305,0.44,,13.0,,,20120806,A,O,P20,12.81,12.81,feldpausch_regional,0.18,default,0.0,13.0,12.81,13.0,True,O,12.81,feldpausch,13.0,12.81,0.436,36.7999,27.4108,27.4108,36.7999,27.4108,27.4108,
SFX_A02,11,Dalbergia melanoxylon,Fabaceae,411070.9881,9270538.405,0.8,1.530458604,56.7,11.68,3.43,20120806,A,O,P20,31.11,31.11,feldpausch_regional,0.18,default,0.0,56.7,31.11,56.7,True,O,11.68,measured,56.7,11.68,1.0772,596.045,483.4971,483.4971,596.045,483.4971,483.4971,
SFX_A02,12,,,411075.9881,9270536.005,0.6,,27.3,,,20120806,D,o,P20,20.91,20.91,feldpausch_regional,0.18,default,0.0,27.3,20.91,27.3,False,O,20.91,feldpausch,27.3,20.91,0.7175,252.6479,252.6479,300.8105,252.6479,252.6479,300.8105,
SFX_A02,13,Theobroma glaucum,Malvaceae,411073.9881,9270534.505,0.53,,10.4,,,20120806,A,O,P20,10.93,10.93,feldpausch_regional,0.18,default,0.0,10.4,10.93,10.4,True,O,10.93,feldpausch,10.4,10.93,0.5297,20.3893,15.407,15.407,20.3893,15.407,15.407,
SFX_A02,14,Dalbergia melanoxylon,Fabaceae,411066.9881,9270535.005,0.8,1.540484154,48.2,16.27,6.51,20120806,A,O,P20,28.75,28.75,feldpausch_regional,0.18,default,0.0,48.2,28.75,48.2,True,O,16.27,measured,48.2,16.27,1.0772,599.9054,458.2142,458.2142,599.9054,458.2142,458.2142,
SFX_A02,15,Pouteria gongrijpii,Sapotaceae,411066.9881,9270533.005,0.8,,27.3,,,20120806,A,O,P20,20.91,20.91,feldpausch_regional,0.18,default,0.0,27.3,20.91,27.3,True,O,20.91,feldpausch,27.3,20.91,0.7994,252.6479,180.4822,180.4822,252.6479,180.4822,180.4822,
SFX_A02,16,Inga thibaudiana,Fabaceae,411061.9881,9270537.005,0.58,0.079176094,13.9,13.97,6.47,20120806,A,O,P20,13.42,13.42,feldpausch_regional,0.18,default,0.0,13.9,13.42,13.9,True,O,13.97,measured,13.9,13.97,0.5786,45.6391,33.6403,33.6403,45.6391,33.6403,33.6403,
SFX_A02,17,Inga thibaudiana,Fabaceae,411061.9881,9270535.005,0.58,,14.8,,,20120806,A,O,P20,14.02,14.02,feldpausch_regional,0.18,default,0.0,14.8,14.02,14.8,True,O,14.02,feldpausch,14.8,14.02,0.5786,51.7652,38.2492,38.2492,51.7652,38.2492,38.2492,
SFX_A02,18,Theobroma glaucum,Malvaceae,411057.9881,9270535.005,0.53,,11.5,,,20120806,A,O,P20,11.75,11.75,feldpausch_regional,0.18,default,0.0,11.5,11.75,11.5,True,O,11.75,feldpausch,11.5,11.75,0.5297,26.6256,19.9869,19.9869,26.6256,19.9869,19.9869,
SFX_A02,19,Cordia scabrifolia,Boraginaceae,411064.9881,9270532.005,0.47,,18.4,,,20120806,A,O,P20,16.25,16.25,feldpausch_regional,0.18,default,0.0,18.4,16.25,18.4,True,O,16.25,feldpausch,18.4,16.25,0.474,91.4488,66.7073,66.7073,91.4488,66.7073,66.7073,
SFX_A02,20,Eriotheca globosa,Malvaceae,411062.9881,9270532.005,0.41,0.863910462,40.0,25.87,18.38,20120806,A,O,P20,26.07,26.07,feldpausch_regional,0.18,default,0.0,40.0,26.07,40.0,True,O,25.87,measured,40.0,25.87,0.41,655.4976,461.155,461.155,655.4976,461.155,461.155,
SFX_A02,21,Oenocarpus bacaba,Arecaceae,411061.9881,9270532.005,,0.097436958,21.7,,,20120806,A,P,P20,18.1,18.1,feldpausch_regional,0.18,default,0.0,21.7,18.1,21.7,True,P,18.1,feldpausch,21.7,18.1,0.65,140.1924,,,140.1924,,,
SFX_A02,22,Virola melinoni,Myristicaceae,411063.9881,9270529.005,0.48,,14.6,,,20120806,A,O,P20,13.89,13.89,feldpausch_regional,0.18,default,0.0,14.6,13.89,14.6,True,O,13.89,feldpausch,14.6,13.89,0.4734,49.9522,36.9399,36.9399,49.9522,36.9399,36.9399,
SFX_A02,23,Dalbergia melanoxylon,Fabaceae,411064.9881,9270528.005,0.8,,12.0,,,20120806,A,O,P20,12.11,12.11,feldpausch_regional,0.18,default,0.0,12.0,12.11,12.0,True,O,12.11,feldpausch,12.0,12.11,1.0772,29.7969,22.3066,22.3066,29.7969,22.3066,22.3066,
SFX_A02,24,NI,NI,411061.9881,9270526.005,0.62,,15.9,,,20120806,A,O,P20,14.73,14.73,feldpausch_regional,0.18,default,0.0,15.9,14.73,15.9,True,O,14.73,feldpausch,15.9,14.73,0.7175,62.4818,45.9667,45.9667,62.4818,45.9667,45.9667,
SFX_A02,25,Attalea maripa,Arecaceae,411062.9881,9270525.005,,0.13924375,26.3,,,20120806,A,P,P20,20.43,20.43,feldpausch_regional,0.18,default,0.0,26.3,20.43,26.3,True,P,20.43,feldpausch,26.3,20.43,0.326,229.634,,,229.634,,,
SFX_A02,26,Dalbergia melanoxylon,Fabaceae,411070.9881,9270525.005,0.8,,26.9,,,20120806,A,O,P20,20.72,20.72,feldpausch_regional,0.18,default,0.0,26.9,20.72,26.9,True,O,20.72,feldpausch,26.9,20.72,1.0772,243.2952,173.9285,173.9285,243.2952,173.9285,173.9285,
SFX_A02,27,Trichilia micrantha,Meliaceae,411067.9881,9270525.005,0.61,,14.2,,,20120806,A,O,P20,13.62,13.62,feldpausch_regional,0.18,default,0.0,14.2,13.62,14.2,True,O,13.62,feldpausch,14.2,13.62,0.6125,46.4178,34.3869,34.3869,46.4178,34.3869,34.3869,
SFX_A02,28,,,411076.9881,9270524.005,0.7,0.180831303,41.0,3.11,,20120806,D,o,P20,26.42,26.42,feldpausch_regional,0.18,default,0.0,41.0,26.42,41.0,False,O,3.11,measured,41.0,3.11,0.7175,87.0059,87.0059,103.592,87.0059,87.0059,103.592,
SFX_A02,29,Licania heteromorpha,Chrysobalanaceae,411072.9881,9270520.005,0.82,,13.9,,,20120806,A,O,P20,13.42,13.42,feldpausch_regional,0.18,default,0.0,13.9,13.42,13.9,True,O,13.42,feldpausch,13.9,13.42,0.8164,43.8846,32.553,32.553,43.8846,32.553,32.553,
SFX_A02,30,Dalbergia melanoxylon,Fabaceae,411069.9881,9270519.005,0.8,,19.9,,,20120806,A,O,P20,17.11,17.11,feldpausch_regional,0.18,default,0.0,19.9,17.11,19.9,True,O,17.11,feldpausch,19.9,17.11,1.0772,112.066,81.3887,81.3887,112.066,81.3887,81.3887,
SFX_A02,31,Dalbergia melanoxylon,Fabaceae,411063.9881,9270519.005,0.8,,21.3,,,20120806,A,O,P20,17.88,17.88,feldpausch_regional,0.18,default,0.0,21.3,17.88,21.3,True,O,17.88,feldpausch,21.3,17.88,1.0772,133.5883,96.6619,96.6619,133.5883,96.6619,96.6619,
SFX_A02,32,Dalbergia melanoxylon,Fabaceae,411066.9881,9270517.805,0.8,,17.3,,,20120806,A,O,P20,15.59,15.59,feldpausch_regional,0.18,default,0.0,17.3,15.59,17.3,True,O,15.59,feldpausch,17.3,15.59,1.0772,77.8654,57.0033,57.0033,77.8654,57.0033,57.0033,
SFX_A02,33,Theobroma glaucum,Malvaceae,411078.3881,9270519.005,0.53,,13.1,,,20120806,A,O,P20,12.88,12.88,feldpausch_regional,0.18,default,0.0,13.1,12.88,13.1,True,O,12.88,feldpausch,13.1,12.88,0.5297,37.5536,27.9585,27.9585,37.5536,27.9585,27.9585,
SFX_A02,34,NI,NI,411077.5381,9270518.005,0.62,,10.5,,,20120806,A,O,P20,11.0,11.0,feldpausch_regional,0.18,default,0.0,10.5,11.0,10.5,True,O,11.0,feldpausch,10.5,11.0,0.7175,20.9036,15.7869,15.7869,20.9036,15.7869,15.7869,
SFX_A02,35,Attalea maripa,Arecaceae,411075.9881,9270517.005,,0.106807801,22.8,,,20120806,A,P,P20,18.68,18.68,feldpausch_regional,0.18,default,0.0,22.8,18.68,22.8,True,P,18.68,feldpausch,22.8,18.68,0.326,159.2258,,,159.2258,,,
SFX_A02,36,Licania heteromorpha,Chrysobalanaceae,411075.9881,9270514.005,0.82,,12.0,,,20120806,A,O,P20,12.11,12.11,feldpausch_regional,0.18,default,0.0,12.0,12.11,12.0,True,O,12.11,feldpausch,12.0,12.11,0.8164,29.7969,22.3066,22.3066,29.7969,22.3066,22.3066,
SFX_A02,37,Licania heteromorpha,Chrysobalanaceae,411075.9881,9270514.005,0.82,0.052646992,14.4,6.11,4.03,20120806,A,O,P20,13.76,13.76,feldpausch_regional,0.18,default,0.0,14.4,13.76,14.4,True,O,6.11,measured,14.4,6.11,0.8164,21.8153,18.3555,18.3555,21.8153,18.3555,18.3555,
SFX_A02,40,,,411072.9881,9270510.505,0.6,0.100002349,43.4,1.59,,20120806,D,o,P20,27.23,27.23,feldpausch_regional,0.18,default,0.0,43.4,27.23,43.4,False,O,1.59,measured,43.4,1.59,0.7175,50.5131,50.5131,60.1425,50.5131,50.5131,60.1425,
SFX_A02,41,Dalbergia melanoxylon,Fabaceae,411074.9881,9270507.005,0.8,,20.2,,,20120806,A,O,P20,17.28,17.28,feldpausch_regional,0.18,default,0.0,20.2,17.28,20.2,True,O,17.28,feldpausch,20.2,17.28,1.0772,116.5063,84.5421,84.5421,116.5063,84.5421,84.5421,
SFX_A02,44,Dalbergia melanoxylon,Fabaceae,411080.9881,9270552.005,0.8,,28.8,,,20120806,A,O,P20,21.59,21.59,feldpausch_regional,0.18,default,0.0,28.8,21.59,28.8,True,O,21.59,feldpausch,28.8,21.59,1.0772,289.3513,206.1879,206.1879,289.3513,206.1879,206.1879,
SFX_A02,45,Guarea guidonia,Meliaceae,411083.9881,9270546.005,0.55,1.139848357,51.5,15.42,8.71,20120806,A,O,P20,29.71,29.71,feldpausch_regional,0.18,default,0.0,51.5,29.71,51.5,True,O,15.42,measured,51.5,15.42,0.5651,647.8564,500.6416,500.6416,647.8564,500.6416,500.6416,
SFX_A02,46,Inga alba,Fabaceae,411088.9881,9270545.005,0.59,2.035186534,46.9,31.02,18.25,20120806,A,O,P20,28.35,28.35,feldpausch_regional,0.18,default,0.0,46.9,28.35,46.9,True,O,31.02,measured,46.9,31.02,0.5861,1067.6588,735.4754,735.4754,1067.6588,735.4754,735.4754,
SFX_A02,47,Hymenaea courbaril,Fabaceae,411083.9881,9270543.505,0.79,,14.9,,,20120806,A,O,P20,14.08,14.08,feldpausch_regional,0.18,default,0.0,14.9,14.08,14.9,True,O,14.08,feldpausch,14.9,14.08,0.7924,52.6692,38.9035,38.9035,52.6692,38.9035,38.9035,
SFX_A02,48,,,411080.1881,9270540.705,0.7,,12.7,,,20120806,D,o,P20,12.6,12.6,feldpausch_regional,0.18,default,0.0,12.7,12.6,12.7,False,O,12.6,feldpausch,12.7,12.6,0.7175,34.5977,34.5977,41.1931,34.5977,34.5977,41.1931,
SFX_A02,49,Dalbergia melanoxylon,Fabaceae,411087.9881,9270540.505,0.8,2.15579384,64.0,12.92,7.59,20120806,A,O,P20,32.87,32.87,feldpausch_regional,0.18,default,0.0,64.0,32.87,64.0,True,O,12.92,measured,64.0,12.92,1.0772,833.1366,669.0093,669.0093,833.1366,669.0093,669.0093,
SFX_A02,50,Dalbergia melanoxylon,Fabaceae,411093.9881,9270540.505,0.8,,20.5,,,20120806,A,O,P20,17.45,17.45,feldpausch_regional,0.18,default,0.0,20.5,17.45,20.5,True,O,17.45,feldpausch,20.5,17.45,1.0772,121.0589,87.772,87.772,121.0589,87.772,87.772,
SFX_A02,51,Heisteria densifrons,Olacaceae,411088.9881,9270540.505,0.65,,12.1,,,20120806,A,O,P20,12.18,12.18,feldpausch_regional,0.18,default,0.0,12.1,12.18,12.1,True,O,12.18,feldpausch,12.1,12.18,0.65,30.4544,22.7871,22.7871,30.4544,22.7871,22.7871,
SFX_A02,52,Pourouma minor,Urticaceae,411094.9881,9270537.005,0.44,,15.1,,,20120806,A,O,P20,14.21,14.21,feldpausch_regional,0.18,default,0.0,15.1,14.21,15.1,True,O,14.21,feldpausch,15.1,14.21,0.436,54.5451,40.2564,40.2564,54.5451,40.2564,40.2564,
SFX_A02,53,Nectandra cuspidata,Lauraceae,411096.9881,9270535.005,0.56,,14.1,,,20120806,A,O,P20,13.56,13.56,feldpausch_regional,0.18,default,0.0,14.1,13.56,14.1,True,O,13.56,feldpausch,14.1,13.56,0.518,45.585,33.7821,33.7821,45.585,33.7821,33.7821,
SFX_A02,54,Hymenaea courbaril,Fabaceae,411097.9881,9270533.505,0.79,,23.8,,,20120806,A,O,P20,19.2,19.2,feldpausch_regional,0.18,default,0.0,23.8,19.2,23.8,True,O,19.2,feldpausch,23.8,19.2,0.7924,177.8447,127.9245,127.9245,177.8447,127.9245,127.9245,
SFX_A02,55,Dalbergia melanoxylon,Fabaceae,411098.9881,9270531.005,0.8,0.737885217,54.85,6.02,3.72,20120806,A,O,P20,30.63,30.63,feldpausch_regional,0.18,default,0.0,54.85,30.63,54.85,True,O,6.02,measured,54.85,6.02,1.0772,292.5632,263.1011,263.1011,292.5632,263.1011,263.1011,
SFX_A02,56,Theobroma glaucum,Malvaceae,411097.9881,9270531.005,0.53,,12.5,,,20120806,A,O,P20,12.46,12.46,feldpausch_regional,0.18,default,0.0,12.5,12.46,12.5,True,O,12.46,feldpausch,12.5,12.46,0.5297,33.1783,24.775,24.775,33.1783,24.775,24.775,
SFX_A02,57,Dalbergia melanoxylon,Fabaceae,411095.9881,9270531.005,0.8,1.496953694,53.7,12.74,8.74,20120806,A,O,P20,30.32,30.32,feldpausch_regional,0.18,default,0.0,53.7,30.32,53.7,True,O,12.74,measured,53.7,12.74,1.0772,583.4664,465.6254,465.6254,583.4664,465.6254,465.6254,
SFX_A02,58,Dalbergia melanoxylon,Fabaceae,411081.9881,9270535.005,0.8,,11.3,,,20120806,A,O,P20,11.6,11.6,feldpausch_regional,0.18,default,0.0,11.3,11.6,11.3,True,O,11.6,feldpausch,11.3,11.6,1.0772,25.4086,19.096,19.096,25.4086,19.096,19.096,
SFX_A02,59,Mimosa hostilis,Fabaceae,411084.9881,9270529.005,0.45,,23.3,,,20120806,A,O,P20,18.94,18.94,feldpausch_regional,0.18,default,0.0,23.3,18.94,23.3,True,O,18.94,feldpausch,23.3,18.94,0.8235,168.3691,121.2462,121.2462,168.3691,121.2462,121.2462,
SFX_A02,60,Ormosia grossa,Fabaceae,411083.9881,9270528.505,0.62,,13.4,,,20120806,A,O,P20,13.08,13.08,feldpausch_regional,0.18,default,0.0,13.4,13.08,13.4,True,O,13.08,feldpausch,13.4,13.08,0.5906,39.8454,29.6247,29.6247,39.8454,29.6247,29.6247,
SFX_A02,61,Theobroma glaucum,Malvaceae,411087.9881,9270526.505,0.53,,16.2,,,20120806,A,O,P20,14.91,14.91,feldpausch_regional,0.18,default,0.0,16.2,14.91,16.2,True,O,14.91,feldpausch,16.2,14.91,0.5297,65.5765,48.1941,48.1941,65.5765,48.1941,48.1941,
SFX_A02,62,Attalea maripa,Arecaceae,411082.9881,9270526.005,,0.132440105,25.6,,,20120806,A,P,P20,20.09,20.09,feldpausch_regional,0.18,default,0.0,25.6,20.09,25.6,True,P,20.09,feldpausch,25.6,20.09,0.326,214.3155,,,214.3155,,,
SFX_A02,63,,,411082.9881,9270524.405,0.7,,12.1,,,20120806,D,o,P20,12.18,12.18,feldpausch_regional,0.18,default,0.0,12.1,12.18,12.1,False,O,12.18,feldpausch,12.1,12.18,0.7175,30.4544,30.4544,36.2599,30.4544,30.4544,36.2599,
SFX_A02,64,Inga marginata,Fabaceae,411089.9881,9270523.505,0.57,0.058440538,12.8,12.23,6.39,20120806,A,O,P20,12.67,12.67,feldpausch_regional,0.18,default,0.0,12.8,12.67,12.8,True,O,12.23,measured,12.8,12.23,0.5518,34.1242,25.5855,25.5855,34.1242,25.5855,25.5855,
SFX_A02,65,Licania heteromorpha,Chrysobalanaceae,411092.9881,9270523.505,0.82,,11.2,,,20120806,A,O,P20,11.53,11.53,feldpausch_regional,0.18,default,0.0,11.2,11.53,11.2,True,O,11.53,feldpausch,11.2,11.53,0.8164,24.8245,18.6669,18.6669,24.8245,18.6669,18.6669,
SFX_A02,66,Dalbergia melanoxylon,Fabaceae,411093.9881,9270523.505,0.8,0.967063292,41.8,13.58,6.07,20120806,A,O,P20,26.7,26.7,feldpausch_regional,0.18,default,0.0,41.8,26.7,41.8,True,O,13.58,measured,41.8,13.58,1.0772,380.8088,297.2515,297.2515,380.8088,297.2515,297.2515,
SFX_A02,67,Dalbergia melanoxylon,Fabaceae,411087.9881,9270521.005,0.8,,23.8,,,20120806,A,O,P20,19.2,19.2,feldpausch_regional,0.18,default,0.0,23.8,19.2,23.8,True,O,19.2,feldpausch,23.8,19.2,1.0772,177.8447,127.9245,127.9245,177.8447,127.9245,127.9245,
SFX_A02,68,Protium heptaphyllum,Burseraceae,411086.9881,9270520.505,0.62,,16.2,,,20120806,A,O,P20,14.91,14.91,feldpausch_regional,0.18,default,0.0,16.2,14.91,16.2,True,O,14.91,feldpausch,16.2,14.91,0.6293,65.5765,48.1941,48.1941,65.5765,48.1941,48.1941,
SFX_A02,69,Dialium guianense,Fabaceae,411081.9881,9270520.505,0.89,,12.7,,,20120806,A,O,P20,12.6,12.6,feldpausch_regional,0.18,default,0.0,12.7,12.6,12.7,True,O,12.6,feldpausch,12.7,12.6,0.8964,34.5977,25.8089,25.8089,34.5977,25.8089,25.8089,
SFX_A02,70,Galipea trifoliata,NI,411093.9881,9270520.005,0.62,,10.8,,,20120806,A,O,P20,11.23,11.23,feldpausch_regional,0.18,default,0.0,10.8,11.23,10.8,True,O,11.23,feldpausch,10.8,11.23,0.997,22.5359,16.987,16.987,22.5359,16.987,16.987,
SFX_A02,71,Attalea maripa,Arecaceae,411096.9881,9270519.005,,0.106807801,22.8,,,20120806,A,P,P20,18.68,18.68,feldpausch_regional,0.18,default,0.0,22.8,18.68,22.8,True,P,18.68,feldpausch,22.8,18.68,0.326,159.2258,,,159.2258,,,
SFX_A02,72,,,411093.9881,9270518.005,,0.012596424,10.0,,,20120806,A,L,P20,10.62,10.62,feldpausch_regional,0.18,default,0.0,10.0,10.62,10.0,True,L,10.62,feldpausch,10.0,10.62,0.7175,18.3636,13.9133,13.9133,18.3636,13.9133,13.9133,
SFX_A02,73,Dalbergia melanoxylon,Fabaceae,411089.9881,9270518.005,0.8,,13.0,,,20120806,A,O,P20,12.81,12.81,feldpausch_regional,0.18,default,0.0,13.0,12.81,13.0,True,O,12.81,feldpausch,13.0,12.81,1.0772,36.7999,27.4108,27.4108,36.7999,27.4108,27.4108,
SFX_A02,74,Galipea trifoliata,NI,411087.9881,9270515.005,0.62,,12.1,,,20120806,A,O,P20,12.18,12.18,feldpausch_regional,0.18,default,0.0,12.1,12.18,12.1,True,O,12.18,feldpausch,12.1,12.18,0.997,30.4544,22.7871,22.7871,30.4544,22.7871,22.7871,
SFX_A02,75,Dalbergia melanoxylon,Fabaceae,411084.9881,9270515.005,0.8,,33.6,,,20120806,A,O,P20,23.65,23.65,feldpausch_regional,0.18,default,0.0,33.6,23.65,33.6,True,O,23.65,feldpausch,33.6,23.65,1.0772,427.3012,302.3653,302.3653,427.3012,302.3653,302.3653,
SFX_A02,76,Dalbergia melanoxylon,Fabaceae,411083.9881,9270511.005,0.8,,17.5,,,20120806,A,O,P20,15.71,15.71,feldpausch_regional,0.18,default,0.0,17.5,15.71,17.5,True,O,15.71,feldpausch,17.5,15.71,1.0772,80.2304,58.6959,58.6959,80.2304,58.6959,58.6959,
SFX_A02,77,NI,NI,411084.9881,9270507.405,0.62,,11.2,,,20120806,A,O,P20,11.53,11.53,feldpausch_regional,0.18,default,0.0,11.2,11.53,11.2,True,O,11.53,feldpausch,11.2,11.53,0.7175,24.8245,18.6669,18.6669,24.8245,18.6669,18.6669,
SFX_A02,78,Jacaratia spinosa,Caricaceae,411083.9881,9270507.405,0.27,0.369061105,42.7,15.01,8.22,20120806,A,O,P20,27.0,27.0,feldpausch_regional,0.18,default,0.0,42.7,27.0,42.7,True,O,15.01,measured,42.7,15.01,0.265,437.7271,336.6624,336.6624,437.7271,336.6624,336.6624,
SFX_A02,1,Enterolobium schomburgkii,Fabaceae,411134.7201,9270398.115,0.71,,10.4,,,20120807,A,O,P21,10.93,10.93,feldpausch_regional,0.18,default,0.0,10.4,10.93,10.4,True,O,10.93,feldpausch,10.4,10.93,0.6989,20.3893,15.407,15.407,20.3893,15.407,15.407,
SFX_A02,2,Cedrela odorata,Meliaceae,411128.0201,9270393.815,0.43,,30.9,,,20120807,A,O,P21,22.52,22.52,feldpausch_regional,0.18,default,0.0,30.9,22.52,30.9,True,O,22.52,feldpausch,30.9,22.52,0.4469,345.9126,245.6843,245.6843,345.9126,245.6843,245.6843,
SFX_A02,3,,,411122.7201,9270391.715,0.7,,11.8,,,20120807,D,o,P21,11.96,11.96,feldpausch_regional,0.18,default,0.0,11.8,11.96,11.8,False,O,11.96,feldpausch,11.8,11.96,0.7175,28.4866,28.4866,33.917,28.4866,28.4866,33.917,
SFX_A02,4,,,411131.3201,9270391.615,0.28,,14.3,,,20120807,D,o,P21,13.69,13.69,feldpausch_regional,0.18,default,0.0,14.3,13.69,14.3,False,O,13.69,feldpausch,14.3,13.69,0.7175,47.294,47.294,56.3098,47.294,47.294,56.3098,
SFX_A02,5,Pourouma minor,Urticaceae,411134.0201,9270388.715,0.44,,24.4,,,20120807,A,O,P21,19.5,19.5,feldpausch_regional,0.18,default,0.0,24.4,19.5,24.4,True,O,19.5,feldpausch,24.4,19.5,0.436,189.5481,136.1719,136.1719,189.5481,136.1719,136.1719,
SFX_A02,6,Zanthoxylum rhoifolium,Rutaceae,411126.0201,9270384.115,0.49,,10.5,,,20120807,A,O,P21,11.0,11.0,feldpausch_regional,0.18,default,0.0,10.5,11.0,10.5,True,O,11.0,feldpausch,10.5,11.0,0.5692,20.9036,15.7869,15.7869,20.9036,15.7869,15.7869,
SFX_A02,7,Inga marginata,Fabaceae,411129.0201,9270383.115,0.57,,11.0,,,20120807,A,O,P21,11.38,11.38,feldpausch_regional,0.18,default,0.0,11.0,11.38,11.0,True,O,11.38,feldpausch,11.0,11.38,0.5518,23.6621,17.8143,17.8143,23.6621,17.8143,17.8143,
SFX_A02,8,,,411135.7201,9270383.115,0.7,0.025741026,13.4,4.42,,20120807,D,o,P21,13.08,13.08,feldpausch_regional,0.18,default,0.0,13.4,13.08,13.4,False,O,4.42,measured,13.4,4.42,0.7175,13.8198,13.8198,16.4543,13.8198,13.8198,16.4543,
SFX_A02,9,Galipea trifoliata,NI,411129.0201,9270378.115,0.62,,14.9,,,20120807,A,O,P21,14.08,14.08,feldpausch_regional,0.18,default,0.0,14.9,14.08,14.9,True,O,14.08,feldpausch,14.9,14.08,0.997,52.6692,38.9035,38.9035,52.6692,38.9035,38.9035,
SFX_A02,10,Bocageopsis pleiosperma,Annonaceae,411116.0201,9270380.115,0.64,0.050130053,13.6,8.32,5.09,20120807,A,O,P21,13.22,13.22,feldpausch_regional,0.18,default,0.0,13.6,13.22,13.6,True,O,8.32,measured,13.6,8.32,0.6402,26.3736,21.0765,21.0765,26.3736,21.0765,21.0765,
SFX_A02,12,Socratea exorrhiza,Arecaceae,411110.0201,9270375.115,,0.029966376,11.5,,,20120807,A,P,P21,11.75,11.75,feldpausch_regional,0.18,default,0.0,11.5,11.75,11.5,True,P,11.75,feldpausch,11.5,11.75,0.23,26.6256,,,26.6256,,,
SFX_A02,13,Pourouma minor,Urticaceae,411133.2201,9270374.915,0.44,,21.9,,,20120807,A,O,P21,18.21,18.21,feldpausch_regional,0.18,default,0.0,21.9,18.21,21.9,True,O,18.21,feldpausch,21.9,18.21,0.436,143.5721,103.7245,103.7245,143.5721,103.7245,103.7245,
SFX_A02,14,Cordia scabrifolia,Boraginaceae,411134.2201,9270373.115,0.47,,18.3,,,20120807,A,O,P21,16.19,16.19,feldpausch_regional,0.18,default,0.0,18.3,16.19,18.3,True,O,16.19,feldpausch,18.3,16.19,0.474,90.1551,65.7848,65.7848,90.1551,65.7848,65.7848,
SFX_A02,15,,,411130.0201,9270370.715,0.7,,19.2,,,20120807,D,o,P21,16.71,16.71,feldpausch_regional,0.18,default,0.0,19.2,16.71,19.2,False,O,16.71,feldpausch,19.2,16.71,0.7175,102.115,102.115,121.5813,102.115,102.115,121.5813,
SFX_A02,16,Attalea maripa,Arecaceae,411135.7201,9270370.715,,0.170173135,29.3,,,20120807,A,P,P21,21.82,21.82,feldpausch_regional,0.18,default,0.0,29.3,21.82,29.3,True,P,21.82,feldpausch,29.3,21.82,0.326,302.349,,,302.349,,,
SFX_A02,17,Theobroma glaucum,Malvaceae,411132.0201,9270369.515,0.53,,11.4,,,20120807,A,O,P21,11.67,11.67,feldpausch_regional,0.18,default,0.0,11.4,11.67,11.4,True,O,11.67,feldpausch,11.4,11.67,0.5297,26.0016,19.5314,19.5314,26.0016,19.5314,19.5314,
SFX_A02,18,Neea oppositifolia,Nyctaginaceae,411133.0201,9270367.415,0.89,,12.6,,,20120807,A,O,P21,12.53,12.53,feldpausch_regional,0.18,default,0.0,12.6,12.53,12.6,True,O,12.53,feldpausch,12.6,12.53,0.893,33.8832,25.2886,25.2886,33.8832,25.2886,25.2886,
SFX_A02,19,,,411132.0201,9270366.115,0.6,,10.4,,,20120807,D,o,P21,10.93,10.93,feldpausch_regional,0.18,default,0.0,10.4,10.93,10.4,False,O,10.93,feldpausch,10.4,10.93,0.7175,20.3893,20.3893,24.2762,20.3893,20.3893,24.2762,
SFX_A02,20,Couepia racemosa,Chrysobalanaceae,411132.8201,9270362.215,0.79,,12.4,,,20120807,A,O,P21,12.39,12.39,feldpausch_regional,0.18,default,0.0,12.4,12.39,12.4,True,O,12.39,feldpausch,12.4,12.39,0.7861,32.4831,24.2681,24.2681,32.4831,24.2681,24.2681,
SFX_A02,21,Strychnos subcordata,Loganiaceae,411133.7201,9270362.215,0.54,,13.8,,,20120807,A,O,P21,13.36,13.36,feldpausch_regional,0.18,default,0.0,13.8,13.36,13.8,True,O,13.36,feldpausch,13.8,13.36,0.6959,43.0816,31.9689,31.9689,43.0816,31.9689,31.9689,
SFX_A02,22,Licania octandra,Chrysobalanaceae,411134.4201,9270358.115,0.83,,31.4,,,20120807,A,O,P21,22.73,22.73,feldpausch_regional,0.18,default,0.0,31.4,22.73,31.4,True,O,22.73,feldpausch,31.4,22.73,0.825,360.1707,255.6331,255.6331,360.1707,255.6331,255.6331,
SFX_A02,23,Inga marginata,Fabaceae,411130.0201,9270357.115,0.57,0.039321326,10.7,11.77,5.77,20120807,A,O,P21,11.15,11.15,feldpausch_regional,0.18,default,0.0,10.7,11.15,10.7,True,O,11.77,measured,10.7,11.77,0.5518,23.1684,17.327,17.327,23.1684,17.327,17.327,
SFX_A02,24,Inga marginata,Fabaceae,411129.7201,9270357.115,0.57,,10.4,,,20120807,A,O,P21,10.93,10.93,feldpausch_regional,0.18,default,0.0,10.4,10.93,10.4,True,O,10.93,feldpausch,10.4,10.93,0.5518,20.3893,15.407,15.407,20.3893,15.407,15.407,
SFX_A02,26,,,411138.0201,9270402.115,0.45,,17.8,,,20120807,D,o,P21,15.89,15.89,feldpausch_regional,0.18,default,0.0,17.8,15.89,17.8,False,O,15.89,feldpausch,17.8,15.89,0.7175,83.8644,83.8644,99.8515,83.8644,83.8644,99.8515,
SFX_A02,27,Astrocaryum aculeatum,Arecaceae,411138.3201,9270401.715,,0.146204379,27.0,,,20120807,A,P,P21,20.76,20.76,feldpausch_regional,0.18,default,0.0,27.0,20.76,27.0,True,P,20.76,feldpausch,27.0,20.76,0.508,245.5255,,,245.5255,,,
SFX_A02,28,Inga marginata,Fabaceae,411136.3201,9270398.815,0.57,,12.3,,,20120807,A,O,P21,12.32,12.32,feldpausch_regional,0.18,default,0.0,12.3,12.32,12.3,True,O,12.32,feldpausch,12.3,12.32,0.5518,31.7974,23.7678,23.7678,31.7974,23.7678,23.7678,
SFX_A02,29,Galipea trifoliata,NI,411140.0201,9270397.715,0.62,,10.7,,,20120807,A,O,P21,11.15,11.15,feldpausch_regional,0.18,default,0.0,10.7,11.15,10.7,True,O,11.15,feldpausch,10.7,11.15,0.997,21.9765,16.5767,16.5767,21.9765,16.5767,16.5767,
SFX_A02,30,Castilla ulei,Moraceae,411140.5201,9270396.115,0.82,,14.7,,,20120807,A,O,P21,13.95,13.95,feldpausch_regional,0.18,default,0.0,14.7,13.95,14.7,True,O,13.95,feldpausch,14.7,13.95,0.5675,50.8357,37.5799,37.5799,50.8357,37.5799,37.5799,
SFX_A02,31,Neea oppositifolia,Nyctaginaceae,411141.3201,9270397.115,0.89,,10.7,,,20120807,A,O,P21,11.15,11.15,feldpausch_regional,0.18,default,0.0,10.7,11.15,10.7,True,O,11.15,feldpausch,10.7,11.15,0.893,21.9765,16.5767,16.5767,21.9765,16.5767,16.5767,
SFX_A02,32,NI,NI,411141.5201,9270396.815,0.62,,15.5,,,20120807,A,O,P21,14.47,14.47,feldpausch_regional,0.18,default,0.0,15.5,14.47,15.5,True,O,14.47,feldpausch,15.5,14.47,0.7175,58.4259,43.0513,43.0513,58.4259,43.0513,43.0513,
SFX_A02,33,Cassia fastuosa,Fabaceae,411141.4201,9270396.815,0.81,,13.0,,,20120807,A,O,P21,12.81,12.81,feldpausch_regional,0.18,default,0.0,13.0,12.81,13.0,True,O,12.81,feldpausch,13.0,12.81,0.805,36.7999,27.4108,27.4108,36.7999,27.4108,27.4108,
SFX_A02,34,,,411142.0201,9270395.115,0.58,,25.6,,,20120807,D,o,P21,20.09,20.09,feldpausch_regional,0.18,default,0.0,25.6,20.09,25.6,False,O,20.09,feldpausch,25.6,20.09,0.7175,214.3155,214.3155,255.1707,214.3155,214.3155,255.1707,
SFX_A02,35,,,411144.0201,9270386.915,0.45,,19.0,,,20120807,D,o,P21,16.6,16.6,feldpausch_regional,0.18,default,0.0,19.0,16.6,19.0,False,O,16.6,feldpausch,19.0,16.6,0.7175,99.4061,99.4061,118.356,99.4061,99.4061,118.356,
SFX_A02,36,,,411146.0201,9270382.115,0.7,,11.4,,,20120807,D,o,P21,11.67,11.67,feldpausch_regional,0.18,default,0.0,11.4,11.67,11.4,False,O,11.67,feldpausch,11.4,11.67,0.7175,26.0016,26.0016,30.9583,26.0016,26.0016,30.9583,
SFX_A02,37,,,411151.0201,9270382.315,0.7,0.013675931,11.4,3.03,,20120807,D,o,P21,11.67,11.67,feldpausch_regional,0.18,default,0.0,11.4,11.67,11.4,False,O,3.03,measured,11.4,3.03,0.7175,6.9731,6.9731,8.3024,6.9731,6.9731,8.3024,
SFX_A02,38,,,411155.0201,9270381.115,0.6,,20.2,,,20120807,D,o,P21,17.28,17.28,feldpausch_regional,0.18,default,0.0,20.2,17.28,20.2,False,O,17.28,feldpausch,20.2,17.28,0.7175,116.5063,116.5063,138.716,116.5063,116.5063,138.716,
SFX_A02,39,Theobroma glaucum,Malvaceae,411159.0201,9270381.115,0.53,,10.8,,,20120807,A,O,P21,11.23,11.23,feldpausch_regional,0.18,default,0.0,10.8,11.23,10.8,True,O,11.23,feldpausch,10.8,11.23,0.5297,22.5359,16.987,16.987,22.5359,16.987,16.987,
SFX_A02,41,Neea oppositifolia,Nyctaginaceae,411144.0201,9270378.315,0.89,,12.7,,,20120807,A,O,P21,12.6,12.6,feldpausch_regional,0.18,default,0.0,12.7,12.6,12.7,True,O,12.6,feldpausch,12.7,12.6,0.893,34.5977,25.8089,25.8089,34.5977,25.8089,25.8089,
SFX_A02,42,Neea oppositifolia,Nyctaginaceae,411143.0201,9270376.315,0.89,,12.8,,,20120807,A,O,P21,12.67,12.67,feldpausch_regional,0.18,default,0.0,12.8,12.67,12.8,True,O,12.67,feldpausch,12.8,12.67,0.893,35.3219,26.3361,26.3361,35.3219,26.3361,26.3361,
SFX_A02,43,Dalbergia melanoxylon,Fabaceae,411161.0201,9270377.115,0.8,,19.2,,,20120807,A,O,P21,16.71,16.71,feldpausch_regional,0.18,default,0.0,19.2,16.71,19.2,True,O,16.71,feldpausch,19.2,16.71,1.0772,102.115,74.3116,74.3116,102.115,74.3116,74.3116,
SFX_A02,44,NI,NI,411156.0201,9270375.115,0.62,0.068700183,14.5,10.35,6.43,20120807,A,O,P21,13.82,13.82,feldpausch_regional,0.18,default,0.0,14.5,13.82,14.5,True,O,10.35,measured,14.5,10.35,0.7175,36.9856,28.6429,28.6429,36.9856,28.6429,28.6429,
SFX_A02,45,Inga marginata,Fabaceae,411150.0201,9270374.515,0.57,,12.2,,,20120807,A,O,P21,12.25,12.25,feldpausch_regional,0.18,default,0.0,12.2,12.25,12.2,True,O,12.25,feldpausch,12.2,12.25,0.5518,31.1212,23.2742,23.2742,31.1212,23.2742,23.2742,
SFX_A02,46,Pourouma minor,Urticaceae,411137.5201,9270374.515,0.44,,10.4,,,20120807,A,O,P21,10.93,10.93,feldpausch_regional,0.18,default,0.0,10.4,10.93,10.4,True,O,10.93,feldpausch,10.4,10.93,0.436,20.3893,15.407,15.407,20.3893,15.407,15.407,
SFX_A02,47,Galipea trifoliata,NI,411137.0201,9270372.915,0.62,,10.9,,,20120807,A,O,P21,11.3,11.3,feldpausch_regional,0.18,default,0.0,10.9,11.3,10.9,True,O,11.3,feldpausch,10.9,11.3,0.997,23.0846,17.3912,17.3912,23.0846,17.3912,17.3912,
SFX_A02,48,Nectandra cuspidata,Lauraceae,411140.0201,9270371.115,0.56,,10.8,,,20120807,A,O,P21,11.23,11.23,feldpausch_regional,0.18,default,0.0,10.8,11.23,10.8,True,O,11.23,feldpausch,10.8,11.23,0.518,22.5359,16.987,16.987,22.5359,16.987,16.987,
SFX_A02,49,Inga marginata,Fabaceae,411148.0201,9270372.115,0.57,,10.6,,,20120807,A,O,P21,11.08,11.08,feldpausch_regional,0.18,default,0.0,10.6,11.08,10.6,True,O,11.08,feldpausch,10.6,11.08,0.5518,21.4451,16.1847,16.1847,21.4451,16.1847,16.1847,
SFX_A02,50,Nectandra cuspidata,Lauraceae,411154.0201,9270370.115,0.56,,11.3,,,20120807,A,O,P21,11.6,11.6,feldpausch_regional,0.18,default,0.0,11.3,11.6,11.3,True,O,11.6,feldpausch,11.3,11.6,0.518,25.4086,19.096,19.096,25.4086,19.096,19.096,
SFX_A02,51,Neea oppositifolia,Nyctaginaceae,411155.0201,9270369.715,0.89,0.021626536,10.4,4.4,2.86,20120807,A,O,P21,10.93,10.93,feldpausch_regional,0.18,default,0.0,10.4,10.93,10.4,True,O,4.4,measured,10.4,4.4,0.893,8.3892,7.3193,7.3193,8.3892,7.3193,7.3193,
SFX_A02,52,Theobroma glaucum,Malvaceae,411153.0201,9270369.815,0.53,,10.4,,,20120807,A,O,P21,10.93,10.93,feldpausch_regional,0.18,default,0.0,10.4,10.93,10.4,True,O,10.93,feldpausch,10.4,10.93,0.5297,20.3893,15.407,15.407,20.3893,15.407,15.407,
SFX_A02,53,Dalbergia melanoxylon,Fabaceae,411151.0201,9270368.115,0.8,0.18612293,23.3,8.41,3.2,20120807,A,O,P21,18.94,18.94,feldpausch_regional,0.18,default,0.0,23.3,18.94,23.3,True,O,8.41,measured,23.3,8.41,1.0772,76.2325,62.41,62.41,76.2325,62.41,62.41,
SFX_A02,54,Euterpe oleracea,Arecaceae,411148.8201,9270369.115,,0.036560084,12.8,,,20120807,A,P,P21,12.67,12.67,feldpausch_regional,0.18,default,0.0,12.8,12.67,12.8,True,P,12.67,feldpausch,12.8,12.67,0.3877,35.3219,,,35.3219,,,
SFX_A02,55,Euterpe oleracea,Arecaceae,411146.0201,9270368.115,,0.032430817,12.0,,,20120807,A,P,P21,12.11,12.11,feldpausch_regional,0.18,default,0.0,12.0,12.11,12.0,True,P,12.11,feldpausch,12.0,12.11,0.3877,29.7969,,,29.7969,,,
SFX_A02,56,Euterpe oleracea,Arecaceae,411146.3201,9270368.115,,0.031930743,11.9,,,20120807,A,P,P21,12.03,12.03,feldpausch_regional,0.18,default,0.0,11.9,12.03,11.9,True,P,12.03,feldpausch,11.9,12.03,0.3877,29.1251,,,29.1251,,,
SFX_A02,57,Sterculia pruriens,Malvaceae,411141.0201,9270368.915,0.49,,25.2,,,20120807,A,O,P21,19.9,19.9,feldpausch_regional,0.18,default,0.0,25.2,19.9,25.2,True,O,19.9,feldpausch,25.2,19.9,0.4862,205.9089,147.6802,147.6802,205.9089,147.6802,147.6802,
SFX_A02,58,Inga marginata,Fabaceae,411141.0201,9270365.815,0.57,,16.3,,,20120807,A,O,P21,14.98,14.98,feldpausch_regional,0.18,default,0.0,16.3,14.98,16.3,True,O,14.98,feldpausch,16.3,14.98,0.5518,66.6731,48.9783,48.9783,66.6731,48.9783,48.9783,
SFX_A02,59,Dalbergia melanoxylon,Fabaceae,411146.0201,9270364.115,0.8,,24.8,,,20120807,A,O,P21,19.7,19.7,feldpausch_regional,0.18,default,0.0,24.8,19.7,24.8,True,O,19.7,feldpausch,24.8,19.7,1.0772,197.6193,141.8522,141.8522,197.6193,141.8522,141.8522,
SFX_A02,60,Attalea maripa,Arecaceae,411139.0201,9270363.115,,0.144199644,26.8,,,20120807,A,P,P21,20.67,20.67,feldpausch_regional,0.18,default,0.0,26.8,20.67,26.8,True,P,20.67,feldpausch,26.8,20.67,0.326,240.964,,,240.964,,,
SFX_A02,61,Oenocarpus bacaba,Arecaceae,411142.0201,9270359.115,,0.086087118,20.3,23.51,19.11,20120807,A,P,P21,17.33,17.33,feldpausch_regional,0.18,default,0.0,20.3,17.33,20.3,True,P,23.51,measured,20.3,23.51,0.65,158.8677,,,158.8677,,,
SFX_A02,62,Oenocarpus bacaba,Arecaceae,411142.0201,9270358.115,,0.093309035,21.2,,,20120807,A,P,P21,17.83,17.83,feldpausch_regional,0.18,default,0.0,21.2,17.83,21.2,True,P,17.83,feldpausch,21.2,17.83,0.65,132.0055,,,132.0055,,,
SFX_A02,63,Pourouma minor,Urticaceae,411142.8201,9270357.115,0.44,,22.2,,,20120807,A,O,P21,18.37,18.37,feldpausch_regional,0.18,default,0.0,22.2,18.37,22.2,True,O,18.37,feldpausch,22.2,18.37,0.436,148.7004,107.3512,107.3512,148.7004,107.3512,107.3512,
SFX_A02,64,Pouteria sp.,Sapotaceae,411138.8201,9270358.615,0.78,,10.4,,,20120807,A,O,P21,10.93,10.93,feldpausch_regional,0.18,default,0.0,10.4,10.93,10.4,True,O,10.93,feldpausch,10.4,10.93,0.7187,20.3893,15.407,15.407,20.3893,15.407,15.407,
SFX_A02,65,Sapium marmieri,Euphorbiaceae,411139.0201,9270355.115,0.41,1.707324754,46.0,38.66,23.5,20120807,A,O,P21,28.07,28.07,feldpausch_regional,0.18,default,0.0,46.0,28.07,46.0,True,O,38.66,measured,46.0,38.66,0.41,1274.4756,847.1403,847.1403,1274.4756,847.1403,847.1403,
SFX_A02,66,Copaifera reticulata,Fabaceae,411139.1201,9270355.115,0.61,0.021841225,11.3,5.53,4.04,20120807,A,O,P21,11.6,11.6,feldpausch_regional,0.18,default,0.0,11.3,11.6,11.3,True,O,5.53,measured,11.3,5.53,0.6075,12.3302,10.4175,10.4175,12.3302,10.4175,10.4175,
SFX_A02,1,Dalbergia melanoxylon,Fabaceae,411353.1875,9270997.835,0.8,1.130865997,40.8,16.67,8.33,20120807,A,O,P22,26.35,26.35,feldpausch_regional,0.18,default,0.0,40.8,26.35,40.8,True,O,16.67,measured,40.8,16.67,1.0772,443.6888,334.9061,334.9061,443.6888,334.9061,334.9061,
SFX_A02,2,Dalbergia melanoxylon,Fabaceae,411353.9875,9270993.835,0.8,0.677957566,37.4,11.9,4.24,20120807,A,O,P22,25.13,25.13,feldpausch_regional,0.18,default,0.0,37.4,25.13,37.4,True,O,11.9,measured,37.4,11.9,1.0772,269.4262,213.5994,213.5994,269.4262,213.5994,213.5994,
SFX_A02,3,Theobroma glaucum,Malvaceae,411347.9875,9270994.635,0.53,,13.4,,,20120807,A,O,P22,13.08,13.08,feldpausch_regional,0.18,default,0.0,13.4,13.08,13.4,True,O,13.08,feldpausch,13.4,13.08,0.5297,39.8454,29.6247,29.6247,39.8454,29.6247,29.6247,
SFX_A02,4,NI,NI,411350.9875,9270987.135,0.62,,16.7,,,20120807,A,O,P22,15.22,15.22,feldpausch_regional,0.18,default,0.0,16.7,15.22,16.7,True,O,15.22,feldpausch,16.7,15.22,0.7175,70.997,52.0844,52.0844,70.997,52.0844,52.0844,
SFX_A02,5,Dalbergia melanoxylon,Fabaceae,411346.9875,9270986.835,0.8,,23.8,,,20120807,A,O,P22,19.2,19.2,feldpausch_regional,0.18,default,0.0,23.8,19.2,23.8,True,O,19.2,feldpausch,23.8,19.2,1.0772,177.8447,127.9245,127.9245,177.8447,127.9245,127.9245,
SFX_A02,6,Dalbergia melanoxylon,Fabaceae,411346.9875,9270986.335,0.8,,21.4,,,20120807,A,O,P22,17.94,17.94,feldpausch_regional,0.18,default,0.0,21.4,17.94,21.4,True,O,17.94,feldpausch,21.4,17.94,1.0772,135.2568,97.8394,97.8394,135.2568,97.8394,97.8394,
SFX_A02,7,Dalbergia melanoxylon,Fabaceae,411341.9875,9270984.435,0.8,,22.7,,,20120807,A,O,P22,18.63,18.63,feldpausch_regional,0.18,default,0.0,22.7,18.63,22.7,True,O,18.63,feldpausch,22.7,18.63,1.0772,157.453,113.5391,113.5391,157.453,113.5391,113.5391,
SFX_A02,8,Theobroma glaucum,Malvaceae,411338.9875,9270985.035,0.53,0.03926409,12.2,9.78,7.02,20120807,A,O,P22,12.25,12.25,feldpausch_regional,0.18,default,0.0,12.2,12.25,12.2,True,O,9.78,measured,12.2,9.78,0.5297,24.9808,19.3587,19.3587,24.9808,19.3587,19.3587,
SFX_A02,9,Annona ambotay,Annonaceae,411337.9875,9270985.135,0.41,,12.9,,,20120807,A,O,P22,12.74,12.74,feldpausch_regional,0.18,default,0.0,12.9,12.74,12.9,True,O,12.74,feldpausch,12.9,12.74,0.5112,36.056,26.87,26.87,36.056,26.87,26.87,
SFX_A02,10,Platymiscium filipes,Fabaceae,411337.9875,9270985.135,0.79,,12.9,,,20120807,A,O,P22,12.74,12.74,feldpausch_regional,0.18,default,0.0,12.9,12.74,12.9,True,O,12.74,feldpausch,12.9,12.74,0.7815,36.056,26.87,26.87,36.056,26.87,26.87,
SFX_A02,11,Dalbergia melanoxylon,Fabaceae,411351.9875,9270981.635,0.8,,24.8,,,20120807,A,O,P22,19.7,19.7,feldpausch_regional,0.18,default,0.0,24.8,19.7,24.8,True,O,19.7,feldpausch,24.8,19.7,1.0772,197.6193,141.8522,141.8522,197.6193,141.8522,141.8522,
SFX_A02,12,Dalbergia melanoxylon,Fabaceae,411351.9875,9270981.535,0.8,,16.6,,,20120807,A,O,P22,15.16,15.16,feldpausch_regional,0.18,default,0.0,16.6,15.16,16.6,True,O,15.16,feldpausch,16.6,15.16,1.0772,69.8995,51.2965,51.2965,69.8995,51.2965,51.2965,
SFX_A02,13,Dalbergia melanoxylon,Fabaceae,411347.9875,9270981.835,0.8,,26.0,,,20120807,A,O,P22,20.29,20.29,feldpausch_regional,0.18,default,0.0,26.0,20.29,26.0,True,O,20.29,feldpausch,26.0,20.29,1.0772,223.0468,159.7213,159.7213,223.0468,159.7213,159.7213,
SFX_A02,14,Couepia racemosa,Chrysobalanaceae,411353.9875,9270979.835,0.79,,19.9,,,20120807,A,O,P22,17.11,17.11,feldpausch_regional,0.18,default,0.0,19.9,17.11,19.9,True,O,17.11,feldpausch,19.9,17.11,0.7861,112.066,81.3887,81.3887,112.066,81.3887,81.3887,
SFX_A02,15,Cordia scabrifolia,Boraginaceae,411341.9875,9270979.835,0.47,,12.0,,,20120807,A,O,P22,12.11,12.11,feldpausch_regional,0.18,default,0.0,12.0,12.11,12.0,True,O,12.11,feldpausch,12.0,12.11,0.474,29.7969,22.3066,22.3066,29.7969,22.3066,22.3066,
SFX_A02,16,Galipea trifoliata,NI,411339.9875,9270977.035,0.62,,12.0,,,20120807,A,O,P22,12.11,12.11,feldpausch_regional,0.18,default,0.0,12.0,12.11,12.0,True,O,12.11,feldpausch,12.0,12.11,0.997,29.7969,22.3066,22.3066,29.7969,22.3066,22.3066,
SFX_A02,17,Theobroma glaucum,Malvaceae,411337.9875,9270977.835,0.53,,10.0,,,20120807,A,O,P22,10.62,10.62,feldpausch_regional,0.18,default,0.0,10.0,10.62,10.0,True,O,10.62,feldpausch,10.0,10.62,0.5297,18.3636,13.9133,13.9133,18.3636,13.9133,13.9133,
SFX_A02,18,Attalea maripa,Arecaceae,411335.9875,9270981.835,,0.218235783,33.5,,,20120807,A,P,P22,23.61,23.61,feldpausch_regional,0.18,default,0.0,33.5,23.61,33.5,True,P,23.61,feldpausch,33.5,23.61,0.326,424.1211,,,424.1211,,,
SFX_A02,20,Guazuma ulmifolia,Malvaceae,411354.7875,9270976.435,0.5,,22.3,,,20120807,A,O,P22,18.42,18.42,feldpausch_regional,0.18,default,0.0,22.3,18.42,22.3,True,O,18.42,feldpausch,22.3,18.42,0.5188,150.4092,108.5616,108.5616,150.4092,108.5616,108.5616,
SFX_A02,21,Dalbergia melanoxylon,Fabaceae,411352.9875,9270974.335,0.8,,31.6,,,20120807,A,O,P22,22.82,22.82,feldpausch_regional,0.18,default,0.0,31.6,22.82,31.6,True,O,22.82,feldpausch,31.6,22.82,1.0772,366.0715,259.7382,259.7382,366.0715,259.7382,259.7382,
SFX_A02,22,Protium heptaphyllum,Burseraceae,411346.9875,9270974.835,0.62,,10.7,,,20120807,A,O,P22,11.15,11.15,feldpausch_regional,0.18,default,0.0,10.7,11.15,10.7,True,O,11.15,feldpausch,10.7,11.15,0.6293,21.9765,16.5767,16.5767,21.9765,16.5767,16.5767,
SFX_A02,23,Mouriri collocarpa,Melastomataceae,411348.9875,9270977.835,0.83,,11.1,,,20120807,A,O,P22,11.45,11.45,feldpausch_regional,0.18,default,0.0,11.1,11.45,11.1,True,O,11.45,feldpausch,11.1,11.45,0.8333,24.2284,18.2309,18.2309,24.2284,18.2309,18.2309,
SFX_A02,24,Galipea trifoliata,NI,411347.9875,9270972.435,0.62,,13.3,,,20120807,A,O,P22,13.02,13.02,feldpausch_regional,0.18,default,0.0,13.3,13.02,13.3,True,O,13.02,feldpausch,13.3,13.02,0.997,39.0912,29.0747,29.0747,39.0912,29.0747,29.0747,
SFX_A02,26,Neea oppositifolia,Nyctaginaceae,411353.1875,9270970.635,0.89,0.315166093,24.4,11.65,4.43,20120807,A,O,P22,19.5,19.5,feldpausch_regional,0.18,default,0.0,24.4,19.5,24.4,True,O,11.65,measured,24.4,11.65,0.893,114.6515,89.3498,89.3498,114.6515,89.3498,89.3498,
SFX_A02,27,Rinorea guianensis,Violaceae,411353.0875,9270970.435,0.78,,10.7,,,20120807,A,O,P22,11.15,11.15,feldpausch_regional,0.18,default,0.0,10.7,11.15,10.7,True,O,11.15,feldpausch,10.7,11.15,0.78,21.9765,16.5767,16.5767,21.9765,16.5767,16.5767,
SFX_A02,28,Dialium guianense,Fabaceae,411344.9875,9270970.835,0.89,,13.3,,,20120807,A,O,P22,13.02,13.02,feldpausch_regional,0.18,default,0.0,13.3,13.02,13.3,True,O,13.02,feldpausch,13.3,13.02,0.8964,39.0912,29.0747,29.0747,39.0912,29.0747,29.0747,
SFX_A02,29,Eriotheca globosa,Malvaceae,411345.9875,9270968.535,0.41,,25.6,,,20120807,A,O,P22,20.09,20.09,feldpausch_regional,0.18,default,0.0,25.6,20.09,25.6,True,O,20.09,feldpausch,25.6,20.09,0.41,214.3155,153.595,153.595,214.3155,153.595,153.595,
SFX_A02,30,Galipea trifoliata,NI,411344.9875,9270968.335,0.62,,13.0,,,20120807,A,O,P22,12.81,12.81,feldpausch_regional,0.18,default,0.0,13.0,12.81,13.0,True,O,12.81,feldpausch,13.0,12.81,0.997,36.7999,27.4108,27.4108,36.7999,27.4108,27.4108,
SFX_A02,31,NI,NI,411347.9875,9270968.435,0.62,,10.5,,,20120807,A,O,P22,11.0,11.0,feldpausch_regional,0.18,default,0.0,10.5,11.0,10.5,True,O,11.0,feldpausch,10.5,11.0,0.7175,20.9036,15.7869,15.7869,20.9036,15.7869,15.7869,
SFX_A02,32,Protium heptaphyllum,Burseraceae,411350.9875,9270967.435,0.62,,15.8,,,20120807,A,O,P22,14.66,14.66,feldpausch_regional,0.18,default,0.0,15.8,14.66,15.8,True,O,14.66,feldpausch,15.8,14.66,0.6293,61.4308,45.2138,45.2138,61.4308,45.2138,45.2138,
SFX_A02,33,Lacunaria jenmanii,Quiinaceae,411347.9875,9270965.835,0.8,,11.0,,,20120807,A,O,P22,11.38,11.38,feldpausch_regional,0.18,default,0.0,11.0,11.38,11.0,True,O,11.38,feldpausch,11.0,11.38,0.8043,23.6621,17.8143,17.8143,23.6621,17.8143,17.8143,
SFX_A02,34,Hymenaea courbaril,Fabaceae,411346.9875,9270965.535,0.79,,14.3,,,20120807,A,O,P22,13.69,13.69,feldpausch_regional,0.18,default,0.0,14.3,13.69,14.3,True,O,13.69,feldpausch,14.3,13.69,0.7924,47.294,35.0195,35.0195,47.294,35.0195,35.0195,
SFX_A02,35,Guarea guidonia,Meliaceae,411339.9875,9270964.835,0.55,,12.0,,,20120807,A,O,P22,12.11,12.11,feldpausch_regional,0.18,default,0.0,12.0,12.11,12.0,True,O,12.11,feldpausch,12.0,12.11,0.5651,29.7969,22.3066,22.3066,29.7969,22.3066,22.3066,
SFX_A02,36,Dalbergia melanoxylon,Fabaceae,411338.9875,9270966.835,0.8,,12.6,,,20120807,A,O,P22,12.53,12.53,feldpausch_regional,0.18,default,0.0,12.6,12.53,12.6,True,O,12.53,feldpausch,12.6,12.53,1.0772,33.8832,25.2886,25.2886,33.8832,25.2886,25.2886,
SFX_A02,37,Enterolobium schomburgkii,Fabaceae,411354.8875,9270964.835,0.71,,22.1,,,20120807,A,O,P22,18.31,18.31,feldpausch_regional,0.18,default,0.0,22.1,18.31,22.1,True,O,18.31,feldpausch,22.1,18.31,0.6989,146.9259,106.1019,106.1019,146.9259,106.1019,106.1019,
SFX_A02,38,Minquartia guianensis,Olacaceae,411349.9875,9270964.835,0.77,,17.2,,,20120807,A,O,P22,15.53,15.53,feldpausch_regional,0.18,default,0.0,17.2,15.53,17.2,True,O,15.53,feldpausch,17.2,15.53,0.7867,76.7,56.1687,56.1687,76.7,56.1687,56.1687,
SFX_A02,39,Copaifera reticulata,Fabaceae,411346.9875,9270964.635,0.61,,14.9,,,20120807,A,O,P22,14.08,14.08,feldpausch_regional,0.18,default,0.0,14.9,14.08,14.9,True,O,14.08,feldpausch,14.9,14.08,0.6075,52.6692,38.9035,38.9035,52.6692,38.9035,38.9035,
SFX_A02,40,Zollernia paraensis,Fabaceae,411350.6875,9270961.835,0.99,,21.7,,,20120807,A,O,P22,18.1,18.1,feldpausch_regional,0.18,default,0.0,21.7,18.1,21.7,True,O,18.1,feldpausch,21.7,18.1,0.99,140.1924,101.3351,101.3351,140.1924,101.3351,101.3351,
SFX_A02,41,NI,NI,411345.9875,9270961.535,0.62,,10.2,,,20120807,A,O,P22,10.78,10.78,feldpausch_regional,0.18,default,0.0,10.2,10.78,10.2,True,O,10.78,feldpausch,10.2,10.78,0.7175,19.368,14.6535,14.6535,19.368,14.6535,14.6535,
SFX_A02,42,Protium heptaphyllum,Burseraceae,411354.4875,9270968.435,0.62,,25.8,,,20120807,A,O,P22,20.19,20.19,feldpausch_regional,0.18,default,0.0,25.8,20.19,25.8,True,O,20.19,feldpausch,25.8,20.19,0.6293,218.653,156.6392,156.6392,218.653,156.6392,156.6392,
SFX_A02,43,Dalbergia melanoxylon,Fabaceae,411348.9875,9270957.835,0.8,,15.0,,,20120807,A,O,P22,14.15,14.15,feldpausch_regional,0.18,default,0.0,15.0,14.15,15.0,True,O,14.15,feldpausch,15.0,14.15,1.0772,53.6203,39.5877,39.5877,53.6203,39.5877,39.5877,
SFX_A02,44,Casearia grandiflora,Salicaceae,411347.9875,9270955.335,0.77,0.792998455,23.7,36.02,26.46,20120807,A,O,P22,19.15,19.15,feldpausch_regional,0.18,default,0.0,23.7,19.15,23.7,True,O,36.02,measured,23.7,36.02,0.77,325.9539,212.231,212.231,325.9539,212.231,212.231,
SFX_A02,45,Protium heptaphyllum,Burseraceae,411349.9875,9270952.835,0.62,,16.0,,,20120807,A,O,P22,14.79,14.79,feldpausch_regional,0.18,default,0.0,16.0,14.79,16.0,True,O,14.79,feldpausch,16.0,14.79,0.6293,63.5026,46.7018,46.7018,63.5026,46.7018,46.7018,
SFX_A02,46,Dalbergia melanoxylon,Fabaceae,411354.7875,9270951.835,0.8,0.889935424,30.5,23.48,10.85,20120807,A,O,P22,22.35,22.35,feldpausch_regional,0.18,default,0.0,30.5,22.35,30.5,True,O,23.48,measured,30.5,23.48,1.0772,351.2492,247.6796,247.6796,351.2492,247.6796,247.6796,
SFX_A02,47,Enterolobium schomburgkii,Fabaceae,411356.9875,9270999.835,0.71,,19.4,,,20120807,A,O,P22,16.83,16.83,feldpausch_regional,0.18,default,0.0,19.4,16.83,19.4,True,O,16.83,feldpausch,19.4,16.83,0.6989,104.932,76.3132,76.3132,104.932,76.3132,76.3132,
SFX_A02,49,Protium heptaphyllum,Burseraceae,411357.9875,9270998.835,0.62,,10.9,,,20120807,A,O,P22,11.3,11.3,feldpausch_regional,0.18,default,0.0,10.9,11.3,10.9,True,O,11.3,feldpausch,10.9,11.3,0.6293,23.0846,17.3912,17.3912,23.0846,17.3912,17.3912,
SFX_A02,50,Dalbergia melanoxylon,Fabaceae,411357.9875,9270991.835,0.8,0.733747892,36.0,13.9,6.02,20120807,A,O,P22,24.6,24.6,feldpausch_regional,0.18,default,0.0,36.0,24.6,36.0,True,O,13.9,measured,36.0,13.9,1.0772,291.0353,224.7246,224.7246,291.0353,224.7246,224.7246,
SFX_A02,51,Dalbergia melanoxylon,Fabaceae,411362.9875,9270989.735,0.8,,11.1,,,20120807,A,O,P22,11.45,11.45,feldpausch_regional,0.18,default,0.0,11.1,11.45,11.1,True,O,11.45,feldpausch,11.1,11.45,1.0772,24.2284,18.2309,18.2309,24.2284,18.2309,18.2309,
SFX_A02,52,Dalbergia melanoxylon,Fabaceae,411362.9875,9270989.735,0.8,,21.2,,,20120807,A,O,P22,17.83,17.83,feldpausch_regional,0.18,default,0.0,21.2,17.83,21.2,True,O,17.83,feldpausch,21.2,17.83,1.0772,132.0055,95.5373,95.5373,132.0055,95.5373,95.5373,
SFX_A02,53,Galipea trifoliata,NI,411361.9875,9270988.435,0.62,,14.5,,,20120807,A,O,P22,13.82,13.82,feldpausch_regional,0.18,default,0.0,14.5,13.82,14.5,True,O,13.82,feldpausch,14.5,13.82,0.997,49.0441,36.2853,36.2853,49.0441,36.2853,36.2853,
SFX_A02,54,Myrcia velutina,Myrtaceae,411362.9875,9270985.535,0.8,,15.4,,,20120807,A,O,P22,14.41,14.41,feldpausch_regional,0.18,default,0.0,15.4,14.41,15.4,True,O,14.41,feldpausch,15.4,14.41,0.8109,57.4589,42.3534,42.3534,57.4589,42.3534,42.3534,
SFX_A02,56,Theobroma glaucum,Malvaceae,411373.9875,9270982.635,0.53,,10.5,,,20120807,A,O,P22,11.0,11.0,feldpausch_regional,0.18,default,0.0,10.5,11.0,10.5,True,O,11.0,feldpausch,10.5,11.0,0.5297,20.9036,15.7869,15.7869,20.9036,15.7869,15.7869,
SFX_A02,57,Dalbergia melanoxylon,Fabaceae,411374.9875,9270981.835,0.8,,11.4,,,20120807,A,O,P22,11.67,11.67,feldpausch_regional,0.18,default,0.0,11.4,11.67,11.4,True,O,11.67,feldpausch,11.4,11.67,1.0772,26.0016,19.5314,19.5314,26.0016,19.5314,19.5314,
SFX_A02,58,Dialium guianense,Fabaceae,411360.9875,9270982.835,0.89,,22.7,,,20120807,A,O,P22,18.63,18.63,feldpausch_regional,0.18,default,0.0,22.7,18.63,22.7,True,O,18.63,feldpausch,22.7,18.63,0.8964,157.453,113.5391,113.5391,157.453,113.5391,113.5391,
SFX_A02,59,Rinorea guianensis,Violaceae,411360.5875,9270982.335,0.78,,13.6,,,20120807,A,O,P22,13.22,13.22,feldpausch_regional,0.18,default,0.0,13.6,13.22,13.6,True,O,13.22,feldpausch,13.6,13.22,0.78,41.4429,30.7826,30.7826,41.4429,30.7826,30.7826,
SFX_A02,60,,,411355.0875,9270983.835,0.45,,20.2,,,20120807,D,o,P22,17.28,17.28,feldpausch_regional,0.18,default,0.0,20.2,17.28,20.2,False,O,17.28,feldpausch,20.2,17.28,0.7175,116.5063,116.5063,138.716,116.5063,116.5063,138.716,
SFX_A02,61,Dalbergia melanoxylon,Fabaceae,411355.4875,9270981.835,0.8,,34.0,,,20120807,A,O,P22,23.81,23.81,feldpausch_regional,0.18,default,0.0,34.0,23.81,34.0,True,O,23.81,feldpausch,34.0,23.81,1.0772,440.1743,311.3196,311.3196,440.1743,311.3196,311.3196,
SFX_A02,62,Theobroma glaucum,Malvaceae,411360.9875,9270981.635,0.53,,10.6,,,20120807,A,O,P22,11.08,11.08,feldpausch_regional,0.18,default,0.0,10.6,11.08,10.6,True,O,11.08,feldpausch,10.6,11.08,0.5297,21.4451,16.1847,16.1847,21.4451,16.1847,16.1847,
SFX_A02,63,Astronium gracile,Anacardiaceae,411360.3875,9270979.835,0.73,,13.9,,,20120807,A,O,P22,13.42,13.42,feldpausch_regional,0.18,default,0.0,13.9,13.42,13.9,True,O,13.42,feldpausch,13.9,13.42,0.73,43.8846,32.553,32.553,43.8846,32.553,32.553,
SFX_A02,64,Dalbergia melanoxylon,Fabaceae,411361.3875,9270977.835,0.8,0.091253512,12.9,13.46,4.78,20120807,A,O,P22,12.74,12.74,feldpausch_regional,0.18,default,0.0,12.9,12.74,12.9,True,O,13.46,measured,12.9,13.46,1.0772,38.0434,28.1059,28.1059,38.0434,28.1059,28.1059,
SFX_A02,65,Dalbergia melanoxylon,Fabaceae,411376.9875,9270978.835,0.8,0.584952935,39.1,9.39,7.51,20120807,A,O,P22,25.75,25.75,feldpausch_regional,0.18,default,0.0,39.1,25.75,39.1,True,O,9.39,measured,39.1,9.39,1.0772,233.1908,192.3328,192.3328,233.1908,192.3328,192.3328,
SFX_A02,66,NI,NI,411376.9875,9270974.835,0.62,,10.9,,,20120807,A,O,P22,11.3,11.3,feldpausch_regional,0.18,default,0.0,10.9,11.3,10.9,True,O,11.3,feldpausch,10.9,11.3,0.7175,23.0846,17.3912,17.3912,23.0846,17.3912,17.3912,
SFX_A02,68,Eriotheca globosa,Malvaceae,411369.9875,9270974.835,0.41,,22.8,,,20120807,A,O,P22,18.68,18.68,feldpausch_regional,0.18,default,0.0,22.8,18.68,22.8,True,O,18.68,feldpausch,22.8,18.68,0.41,159.2258,114.793,114.793,159.2258,114.793,114.793,
SFX_A02,69,Inga marginata,Fabaceae,411359.4875,9270975.035,0.57,,12.5,,,20120807,A,O,P22,12.46,12.46,feldpausch_regional,0.18,default,0.0,12.5,12.46,12.5,True,O,12.46,feldpausch,12.5,12.46,0.5518,33.1783,24.775,24.775,33.1783,24.775,24.775,
SFX_A02,70,Eschweilera parviflora,Lecythidaceae,411359.9875,9270972.835,0.89,,11.2,,,20120807,A,O,P22,11.53,11.53,feldpausch_regional,0.18,default,0.0,11.2,11.53,11.2,True,O,11.53,feldpausch,11.2,11.53,0.918,24.8245,18.6669,18.6669,24.8245,18.6669,18.6669,
SFX_A02,71,Dalbergia melanoxylon,Fabaceae,411360.0875,9270972.735,0.8,,30.8,,,20120807,A,O,P22,22.48,22.48,feldpausch_regional,0.18,default,0.0,30.8,22.48,30.8,True,O,22.48,feldpausch,30.8,22.48,1.0772,343.1349,243.7419,243.7419,343.1349,243.7419,243.7419,
SFX_A02,72,Dalbergia melanoxylon,Fabaceae,411364.9875,9270971.835,0.8,,31.2,,,20120807,A,O,P22,22.65,22.65,feldpausch_regional,0.18,default,0.0,31.2,22.65,31.2,True,O,22.65,feldpausch,31.2,22.65,1.0772,354.4843,251.6601,251.6601,354.4843,251.6601,251.6601,
SFX_A02,73,Dalbergia melanoxylon,Fabaceae,411380.9875,9270973.835,0.8,,15.3,,,20120807,A,O,P22,14.34,14.34,feldpausch_regional,0.18,default,0.0,15.3,14.34,15.3,True,O,14.34,feldpausch,15.3,14.34,1.0772,56.4638,41.6389,41.6389,56.4638,41.6389,41.6389,
SFX_A02,74,,,411377.9875,9270973.335,0.7,,24.0,,,20120807,D,o,P22,19.3,19.3,feldpausch_regional,0.18,default,0.0,24.0,19.3,24.0,False,O,19.3,feldpausch,24.0,19.3,0.7175,181.6925,181.6925,216.3287,181.6925,181.6925,216.3287,
SFX_A02,75,Dalbergia melanoxylon,Fabaceae,411376.9875,9270971.335,0.8,,25.1,,,20120807,A,O,P22,19.85,19.85,feldpausch_regional,0.18,default,0.0,25.1,19.85,25.1,True,O,19.85,feldpausch,25.1,19.85,1.0772,203.8159,146.2093,146.2093,203.8159,146.2093,146.2093,
SFX_A02,76,Dalbergia melanoxylon,Fabaceae,411376.9875,9270971.235,0.8,,15.6,,,20120807,A,O,P22,14.54,14.54,feldpausch_regional,0.18,default,0.0,15.6,14.54,15.6,True,O,14.54,feldpausch,15.6,14.54,1.0772,59.4433,43.7811,43.7811,59.4433,43.7811,43.7811,
SFX_A02,77,Dalbergia melanoxylon,Fabaceae,411378.9875,9270971.835,0.8,0.071328645,12.8,10.69,3.69,20120807,A,O,P22,12.67,12.67,feldpausch_regional,0.18,default,0.0,12.8,12.67,12.8,True,O,10.69,measured,12.8,10.69,1.0772,29.9238,22.9183,22.9183,29.9238,22.9183,22.9183,
SFX_A02,78,Copaifera reticulata,Fabaceae,411376.9875,9270968.835,0.61,,10.7,,,20120807,A,O,P22,11.15,11.15,feldpausch_regional,0.18,default,0.0,10.7,11.15,10.7,True,O,11.15,feldpausch,10.7,11.15,0.6075,21.9765,16.5767,16.5767,21.9765,16.5767,16.5767,
SFX_A02,79,Galipea trifoliata,NI,411369.9875,9270969.835,0.62,,15.7,,,20120807,A,O,P22,14.6,14.6,feldpausch_regional,0.18,default,0.0,15.7,14.6,15.7,True,O,14.6,feldpausch,15.7,14.6,0.997,60.4318,44.4938,44.4938,60.4318,44.4938,44.4938,
SFX_A02,80,Galipea trifoliata,NI,411373.9875,9270968.835,0.62,,21.6,,,20120807,A,O,P22,18.05,18.05,feldpausch_regional,0.18,default,0.0,21.6,18.05,21.6,True,O,18.05,feldpausch,21.6,18.05,0.997,138.5595,100.1764,100.1764,138.5595,100.1764,100.1764,
SFX_A02,82,Dalbergia melanoxylon,Fabaceae,411359.9875,9270967.335,0.8,,26.8,,,20120807,A,O,P22,20.67,20.67,feldpausch_regional,0.18,default,0.0,26.8,20.67,26.8,True,O,20.67,feldpausch,26.8,20.67,1.0772,240.964,172.2969,172.2969,240.964,172.2969,172.2969,
SFX_A02,83,Protium heptaphyllum,Burseraceae,411355.0875,9270963.535,0.62,,13.4,,,20120807,A,O,P22,13.08,13.08,feldpausch_regional,0.18,default,0.0,13.4,13.08,13.4,True,O,13.08,feldpausch,13.4,13.08,0.6293,39.8454,29.6247,29.6247,39.8454,29.6247,29.6247,
SFX_A02,84,Eriotheca globosa,Malvaceae,411358.9875,9270964.835,0.41,,13.3,,,20120807,A,O,P22,13.02,13.02,feldpausch_regional,0.18,default,0.0,13.3,13.02,13.3,True,O,13.02,feldpausch,13.3,13.02,0.41,39.0912,29.0747,29.0747,39.0912,29.0747,29.0747,
SFX_A02,85,Protium heptaphyllum,Burseraceae,411362.9875,9270959.835,0.62,0.990123155,36.9,23.04,11.41,20120807,A,O,P22,24.94,24.94,feldpausch_regional,0.18,default,0.0,36.9,24.94,36.9,True,O,23.04,measured,36.9,23.04,0.6293,500.1256,356.9627,356.9627,500.1256,356.9627,356.9627,
SFX_A02,86,Gustavia poeppigiana,Lecythidaceae,411362.9875,9270957.235,0.66,,13.7,,,20120807,A,O,P22,13.29,13.29,feldpausch_regional,0.18,default,0.0,13.7,13.29,13.7,True,O,13.29,feldpausch,13.7,13.29,0.6414,42.2571,31.3721,31.3721,42.2571,31.3721,31.3721,
SFX_A02,87,Dalbergia melanoxylon,Fabaceae,411360.3875,9270959.035,0.8,1.813191348,46.0,21.03,12.88,20120807,A,O,P22,28.07,28.07,feldpausch_regional,0.18,default,0.0,46.0,28.07,46.0,True,O,21.03,measured,46.0,21.03,1.0772,703.4854,514.8227,514.8227,703.4854,514.8227,514.8227,
SFX_A02,88,Eriotheca globosa,Malvaceae,411357.9875,9270957.335,0.41,3.766355198,70.0,36.83,21.72,20120807,A,O,P22,34.15,34.15,feldpausch_regional,0.18,default,0.0,70.0,34.15,70.0,True,O,36.83,measured,70.0,36.83,0.41,2758.703,1885.4219,1885.4219,2758.703,1885.4219,1885.4219,
SFX_A02,89,Protium heptaphyllum,Burseraceae,411357.9875,9270953.835,0.62,,29.2,,,20120807,A,O,P22,21.77,21.77,feldpausch_regional,0.18,default,0.0,29.2,21.77,29.2,True,O,21.77,feldpausch,29.2,21.77,0.6293,299.6663,213.3995,213.3995,299.6663,213.3995,213.3995,
SFX_A02,1,Bauhinia forficata,Fabaceae,411382.2307,9270831.223,0.6,,11.9,,,20120807,A,O,P23,12.03,12.03,feldpausch_regional,0.18,default,0.0,11.9,12.03,11.9,True,O,12.03,feldpausch,11.9,12.03,0.8086,29.1251,21.8178,21.8178,29.1251,21.8178,21.8178,
SFX_A02,2,Dalbergia melanoxylon,Fabaceae,411383.1307,9270827.223,0.8,1.78576355,49.1,18.18,6.02,20120807,A,O,P23,29.02,29.02,feldpausch_regional,0.18,default,0.0,49.1,29.02,49.1,True,O,18.18,measured,49.1,18.18,1.0772,693.1311,520.6792,520.6792,693.1311,520.6792,520.6792,
SFX_A02,3,Theobroma glaucum,Malvaceae,411377.2307,9270826.223,0.53,,13.9,,,20120807,A,O,P23,13.42,13.42,feldpausch_regional,0.18,default,0.0,13.9,13.42,13.9,True,O,13.42,feldpausch,13.9,13.42,0.5297,43.8846,32.553,32.553,43.8846,32.553,32.553,
SFX_A02,4,Annona ambotay,Annonaceae,411382.9307,9270824.223,0.41,,14.2,,,20120807,A,O,P23,13.62,13.62,feldpausch_regional,0.18,default,0.0,14.2,13.62,14.2,True,O,13.62,feldpausch,14.2,13.62,0.5112,46.4178,34.3869,34.3869,46.4178,34.3869,34.3869,
SFX_A02,5,Theobroma glaucum,Malvaceae,411382.2307,9270821.223,0.53,,14.3,,,20120807,A,O,P23,13.69,13.69,feldpausch_regional,0.18,default,0.0,14.3,13.69,14.3,True,O,13.69,feldpausch,14.3,13.69,0.5297,47.294,35.0195,35.0195,47.294,35.0195,35.0195,
SFX_A02,6,,,411377.2307,9270820.223,0.28,,29.6,,,20120807,D,o,P23,21.95,21.95,feldpausch_regional,0.18,default,0.0,29.6,21.95,29.6,False,O,21.95,feldpausch,29.6,21.95,0.7175,310.2146,310.2146,369.3511,310.2146,310.2146,369.3511,
SFX_A02,7,Protium heptaphyllum,Burseraceae,411377.2307,9270817.423,0.62,0.841243329,36.5,20.01,9.59,20120807,A,O,P23,24.79,24.79,feldpausch_regional,0.18,default,0.0,36.5,24.79,36.5,True,O,20.01,measured,36.5,20.01,0.6293,426.6517,311.2184,311.2184,426.6517,311.2184,311.2184,
SFX_A02,8,Rinorea guianensis,Violaceae,411370.2307,9270817.323,0.78,,10.1,,,20120807,A,O,P23,10.7,10.7,feldpausch_regional,0.18,default,0.0,10.1,10.7,10.1,True,O,10.7,feldpausch,10.1,10.7,0.78,18.8614,14.2803,14.2803,18.8614,14.2803,14.2803,
SFX_A02,9,Annona ambotay,Annonaceae,411369.2307,9270817.223,0.41,,19.7,,,20120807,A,O,P23,17.0,17.0,feldpausch_regional,0.18,default,0.0,19.7,17.0,19.7,True,O,17.0,feldpausch,19.7,17.0,0.5112,109.1885,79.3413,79.3413,109.1885,79.3413,79.3413,
SFX_A02,10,Vitex triflora,Lamiaceae,411371.2307,9270815.223,0.56,,16.0,,,20120807,A,O,P23,14.79,14.79,feldpausch_regional,0.18,default,0.0,16.0,14.79,16.0,True,O,14.79,feldpausch,16.0,14.79,0.5482,63.5026,46.7018,46.7018,63.5026,46.7018,46.7018,
SFX_A02,11,Galipea trifoliata,NI,411373.2307,9270814.823,0.62,,14.9,,,20120807,A,O,P23,14.08,14.08,feldpausch_regional,0.18,default,0.0,14.9,14.08,14.9,True,O,14.08,feldpausch,14.9,14.08,0.997,52.6692,38.9035,38.9035,52.6692,38.9035,38.9035,
SFX_A02,12,Dalbergia melanoxylon,Fabaceae,411381.2307,9270812.923,0.8,,27.3,,,20120807,A,O,P23,20.91,20.91,feldpausch_regional,0.18,default,0.0,27.3,20.91,27.3,True,O,20.91,feldpausch,27.3,20.91,1.0772,252.6479,180.4822,180.4822,252.6479,180.4822,180.4822,
SFX_A02,13,Mayna odorata,Flacourtiaceae,411383.1307,9270832.723,0.62,,11.3,,,20120807,A,O,P23,11.6,11.6,feldpausch_regional,0.18,default,0.0,11.3,11.6,11.3,True,O,11.6,feldpausch,11.3,11.6,0.7175,25.4086,19.096,19.096,25.4086,19.096,19.096,
SFX_A02,14,Galipea trifoliata,NI,411377.2307,9270809.923,0.62,,12.4,,,20120807,A,O,P23,12.39,12.39,feldpausch_regional,0.18,default,0.0,12.4,12.39,12.4,True,O,12.39,feldpausch,12.4,12.39,0.997,32.4831,24.2681,24.2681,32.4831,24.2681,24.2681,
SFX_A02,15,Sterculia pruriens,Malvaceae,411375.2307,9270809.623,0.49,,29.6,,,20120807,A,O,P23,21.95,21.95,feldpausch_regional,0.18,default,0.0,29.6,21.95,29.6,True,O,21.95,feldpausch,29.6,21.95,0.4862,310.2146,220.7681,220.7681,310.2146,220.7681,220.7681,
SFX_A02,16,Dalbergia melanoxylon,Fabaceae,411369.2307,9270810.223,0.8,0.754128864,37.6,13.09,8.06,20120807,A,O,P23,25.2,25.2,feldpausch_regional,0.18,default,0.0,37.6,25.2,37.6,True,O,13.09,measured,37.6,13.09,1.0772,298.7861,233.3951,233.3951,298.7861,233.3951,233.3951,
SFX_A02,17,Dalbergia melanoxylon,Fabaceae,411369.2307,9270810.223,0.8,,36.7,,,20120807,A,O,P23,24.86,24.86,feldpausch_regional,0.18,default,0.0,36.7,24.86,36.7,True,O,24.86,feldpausch,36.7,24.86,1.0772,532.9641,375.7608,375.7608,532.9641,375.7608,375.7608,
SFX_A02,18,Zollernia paraensis,Fabaceae,411358.2307,9270809.223,0.99,,26.4,,,20120807,A,O,P23,20.48,20.48,feldpausch_regional,0.18,default,0.0,26.4,20.48,26.4,True,O,20.48,feldpausch,26.4,20.48,0.99,231.894,165.9339,165.9339,231.894,165.9339,165.9339,
SFX_A02,19,Dalbergia melanoxylon,Fabaceae,411358.9307,9270808.823,0.8,0.748926686,38.4,12.47,7.49,20120807,A,O,P23,25.5,25.5,feldpausch_regional,0.18,default,0.0,38.4,25.5,38.4,True,O,12.47,measured,38.4,12.47,1.0772,296.921,233.9595,233.9595,296.921,233.9595,233.9595,
SFX_A02,20,Galipea trifoliata,NI,411369.2307,9270807.223,0.62,,16.7,,,20120807,A,O,P23,15.22,15.22,feldpausch_regional,0.18,default,0.0,16.7,15.22,16.7,True,O,15.22,feldpausch,16.7,15.22,0.997,70.997,52.0844,52.0844,70.997,52.0844,52.0844,
SFX_A02,21,Dialium guianense,Fabaceae,411373.2307,9270806.223,0.89,,13.2,,,20120807,A,O,P23,12.95,12.95,feldpausch_regional,0.18,default,0.0,13.2,12.95,13.2,True,O,12.95,feldpausch,13.2,12.95,0.8964,38.3174,28.5131,28.5131,38.3174,28.5131,28.5131,
SFX_A02,22,Minquartia guianensis,Olacaceae,411381.4307,9270805.823,0.77,,12.0,,,20120807,A,O,P23,12.11,12.11,feldpausch_regional,0.18,default,0.0,12.0,12.11,12.0,True,O,12.11,feldpausch,12.0,12.11,0.7867,29.7969,22.3066,22.3066,29.7969,22.3066,22.3066,
SFX_A02,23,Theobroma glaucum,Malvaceae,411381.2307,9270805.423,0.53,,14.2,,,20120807,A,O,P23,13.62,13.62,feldpausch_regional,0.18,default,0.0,14.2,13.62,14.2,True,O,13.62,feldpausch,14.2,13.62,0.5297,46.4178,34.3869,34.3869,46.4178,34.3869,34.3869,
SFX_A02,24,Cedrela odorata,Meliaceae,411379.6307,9270803.223,0.43,,31.1,,,20120807,A,O,P23,22.61,22.61,feldpausch_regional,0.18,default,0.0,31.1,22.61,31.1,True,O,22.61,feldpausch,31.1,22.61,0.4469,351.6627,249.6882,249.6882,351.6627,249.6882,249.6882,
SFX_A02,25,Castilla ulei,Moraceae,411380.2307,9270803.223,0.82,4.480157266,59.0,30.84,15.91,20120807,A,O,P23,31.69,31.69,feldpausch_regional,0.18,default,0.0,59.0,31.69,59.0,True,O,30.84,measured,59.0,30.84,0.5675,1661.6496,1158.4013,1158.4013,1661.6496,1158.4013,1158.4013,
SFX_A02,26,Rheedia gardneriana,Clusiaceae,411381.7307,9270801.923,0.62,,25.4,,,20120807,A,O,P23,20.0,20.0,feldpausch_regional,0.18,default,0.0,25.4,20.0,25.4,True,O,20.0,feldpausch,25.4,20.0,0.7175,210.1364,150.6501,150.6501,210.1364,150.6501,150.6501,
SFX_A02,27,Protium heptaphyllum,Burseraceae,411375.2307,9270800.423,0.62,,12.3,,,20120807,A,O,P23,12.32,12.32,feldpausch_regional,0.18,default,0.0,12.3,12.32,12.3,True,O,12.32,feldpausch,12.3,12.32,0.6293,31.7974,23.7678,23.7678,31.7974,23.7678,23.7678,
SFX_A02,28,Pouteria gongrijpii,Sapotaceae,411369.2307,9270801.223,0.8,,21.2,,,20120807,A,O,P23,17.83,17.83,feldpausch_regional,0.18,default,0.0,21.2,17.83,21.2,True,O,17.83,feldpausch,21.2,17.83,0.7994,132.0055,95.5373,95.5373,132.0055,95.5373,95.5373,
SFX_A02,29,Annona ambotay,Annonaceae,411367.2307,9270801.223,0.41,,15.6,,,20120807,A,O,P23,14.54,14.54,feldpausch_regional,0.18,default,0.0,15.6,14.54,15.6,True,O,14.54,feldpausch,15.6,14.54,0.5112,59.4433,43.7811,43.7811,59.4433,43.7811,43.7811,
SFX_A02,30,Dalbergia melanoxylon,Fabaceae,411366.2307,9270801.223,0.8,,22.4,,,20120807,A,O,P23,18.47,18.47,feldpausch_regional,0.18,default,0.0,22.4,18.47,22.4,True,O,18.47,feldpausch,22.4,18.47,1.0772,152.1306,109.7806,109.7806,152.1306,109.7806,109.7806,
SFX_A02,32,Neea oppositifolia,Nyctaginaceae,411367.2307,9270796.223,0.89,,19.7,,,20120807,A,O,P23,17.0,17.0,feldpausch_regional,0.18,default,0.0,19.7,17.0,19.7,True,O,17.0,feldpausch,19.7,17.0,0.893,109.1885,79.3413,79.3413,109.1885,79.3413,79.3413,
SFX_A02,35,Dalbergia melanoxylon,Fabaceae,411381.2307,9270796.223,0.8,2.582990312,52.2,23.27,15.16,20120807,A,O,P23,29.91,29.91,feldpausch_regional,0.18,default,0.0,52.2,29.91,52.2,True,O,23.27,measured,52.2,23.27,1.0772,993.9094,720.1781,720.1781,993.9094,720.1781,720.1781,
SFX_A02,36,Dalbergia melanoxylon,Fabaceae,411380.9307,9270793.923,0.8,2.497695661,51.0,23.57,14.39,20120807,A,O,P23,29.57,29.57,feldpausch_regional,0.18,default,0.0,51.0,29.57,51.0,True,O,23.57,measured,51.0,23.57,1.0772,961.7465,694.6883,694.6883,961.7465,694.6883,694.6883,
SFX_A02,37,Protium heptaphyllum,Burseraceae,411379.2307,9270791.823,0.62,5.384741805,65.0,40.39,26.17,20120807,A,O,P23,33.09,33.09,feldpausch_regional,0.18,default,0.0,65.0,33.09,65.0,True,O,40.39,measured,65.0,40.39,0.6293,2612.1063,1753.1464,1753.1464,2612.1063,1753.1464,1753.1464,
SFX_A02,38,Poeppigia sp.,Fabaceae,411377.2307,9270791.623,0.69,,12.3,,,20120807,A,O,P23,12.32,12.32,feldpausch_regional,0.18,default,0.0,12.3,12.32,12.3,True,O,12.32,feldpausch,12.3,12.32,0.735,31.7974,23.7678,23.7678,31.7974,23.7678,23.7678,
SFX_A02,39,,,411375.2307,9270787.623,0.6,,14.6,,,20120807,D,o,P23,13.89,13.89,feldpausch_regional,0.18,default,0.0,14.6,13.89,14.6,False,O,13.89,feldpausch,14.6,13.89,0.7175,49.9522,49.9522,59.4747,49.9522,49.9522,59.4747,
SFX_A02,40,Pouteria gongrijpii,Sapotaceae,411378.2307,9270786.623,0.8,,20.9,,,20120807,A,O,P23,17.67,17.67,feldpausch_regional,0.18,default,0.0,20.9,17.67,20.9,True,O,17.67,feldpausch,20.9,17.67,0.7994,127.2592,92.1704,92.1704,127.2592,92.1704,92.1704,
SFX_A02,42,Minquartia guianensis,Olacaceae,411387.2307,9270828.623,0.77,,20.5,,,20120807,A,O,P23,17.45,17.45,feldpausch_regional,0.18,default,0.0,20.5,17.45,20.5,True,O,17.45,feldpausch,20.5,17.45,0.7867,121.0589,87.772,87.772,121.0589,87.772,87.772,
SFX_A02,43,Protium heptaphyllum,Burseraceae,411386.2307,9270827.223,0.62,,11.3,,,20120807,A,O,P23,11.6,11.6,feldpausch_regional,0.18,default,0.0,11.3,11.6,11.3,True,O,11.6,feldpausch,11.3,11.6,0.6293,25.4086,19.096,19.096,25.4086,19.096,19.096,
SFX_A02,44,Bauhinia forficata,Fabaceae,411386.2307,9270826.223,0.6,,16.4,,,20120807,A,O,P23,15.04,15.04,feldpausch_regional,0.18,default,0.0,16.4,15.04,16.4,True,O,15.04,feldpausch,16.4,15.04,0.8086,67.7376,49.7434,49.7434,67.7376,49.7434,49.7434,
SFX_A02,45,Dalbergia melanoxylon,Fabaceae,411388.2307,9270818.223,0.8,0.803027646,48.9,8.24,2.52,20120807,A,O,P23,28.96,28.96,feldpausch_regional,0.18,default,0.0,48.9,28.96,48.9,True,O,8.24,measured,48.9,8.24,1.0772,317.641,270.3371,270.3371,317.641,270.3371,270.3371,
SFX_A02,47,Dalbergia melanoxylon,Fabaceae,411396.2307,9270816.223,0.8,,19.3,,,20120807,A,O,P23,16.77,16.77,feldpausch_regional,0.18,default,0.0,19.3,16.77,19.3,True,O,16.77,feldpausch,19.3,16.77,1.0772,103.5173,75.3082,75.3082,103.5173,75.3082,75.3082,
SFX_A02,48,NI,NI,411391.2307,9270815.823,0.62,,11.2,,,20120807,A,O,P23,11.53,11.53,feldpausch_regional,0.18,default,0.0,11.2,11.53,11.2,True,O,11.53,feldpausch,11.2,11.53,0.7175,24.8245,18.6669,18.6669,24.8245,18.6669,18.6669,
SFX_A02,49,Attalea maripa,Arecaceae,411391.2307,9270816.823,,0.122067301,24.5,,,20120807,A,P,P23,19.55,19.55,feldpausch_regional,0.18,default,0.0,24.5,19.55,24.5,True,P,19.55,feldpausch,24.5,19.55,0.326,191.5456,,,191.5456,,,
SFX_A02,50,Myrcia velutina,Myrtaceae,411389.2307,9270816.223,0.8,,14.8,,,20120807,A,O,P23,14.02,14.02,feldpausch_regional,0.18,default,0.0,14.8,14.02,14.8,True,O,14.02,feldpausch,14.8,14.02,0.8109,51.7652,38.2492,38.2492,51.7652,38.2492,38.2492,
SFX_A02,51,Poeppigia sp.,Fabaceae,411386.4307,9270814.923,0.69,,15.3,,,20120807,A,O,P23,14.34,14.34,feldpausch_regional,0.18,default,0.0,15.3,14.34,15.3,True,O,14.34,feldpausch,15.3,14.34,0.735,56.4638,41.6389,41.6389,56.4638,41.6389,41.6389,
SFX_A02,52,Attalea maripa,Arecaceae,411383.5307,9270813.223,,0.129572463,25.3,,,20120807,A,P,P23,19.95,19.95,feldpausch_regional,0.18,default,0.0,25.3,19.95,25.3,True,P,19.95,feldpausch,25.3,19.95,0.326,208.0157,,,208.0157,,,
SFX_A02,53,NI,NI,411389.7307,9270812.623,0.62,,13.4,,,20120807,A,O,P23,13.08,13.08,feldpausch_regional,0.18,default,0.0,13.4,13.08,13.4,True,O,13.08,feldpausch,13.4,13.08,0.7175,39.8454,29.6247,29.6247,39.8454,29.6247,29.6247,
SFX_A02,54,Dalbergia melanoxylon,Fabaceae,411386.8307,9270811.923,0.8,,29.4,,,20120807,A,O,P23,21.86,21.86,feldpausch_regional,0.18,default,0.0,29.4,21.86,29.4,True,O,21.86,feldpausch,29.4,21.86,1.0772,304.9111,217.0641,217.0641,304.9111,217.0641,217.0641,
SFX_A02,55,Protium heptaphyllum,Burseraceae,411392.0307,9270811.223,0.62,,11.5,,,20120807,A,O,P23,11.75,11.75,feldpausch_regional,0.18,default,0.0,11.5,11.75,11.5,True,O,11.75,feldpausch,11.5,11.75,0.6293,26.6256,19.9869,19.9869,26.6256,19.9869,19.9869,
SFX_A02,56,Dalbergia melanoxylon,Fabaceae,411393.2307,9270810.623,0.8,5.015544872,70.4,24.84,8.64,20120807,A,O,P23,34.23,34.23,feldpausch_regional,0.18,default,0.0,70.4,34.23,70.4,True,O,24.84,measured,70.4,24.84,1.0772,1899.2865,1381.7796,1381.7796,1899.2865,1381.7796,1381.7796,
SFX_A02,59,Dalbergia melanoxylon,Fabaceae,411392.2307,9270808.223,0.8,0.907627479,26.8,31.02,12.22,20120807,A,O,P23,20.67,20.67,feldpausch_regional,0.18,default,0.0,26.8,20.67,26.8,True,O,31.02,measured,26.8,31.02,1.0772,358.1147,240.1552,240.1552,358.1147,240.1552,240.1552,
SFX_A02,60,Attalea maripa,Arecaceae,411401.2307,9270807.223,,0.146204379,27.0,,,20120807,A,P,P23,20.76,20.76,feldpausch_regional,0.18,default,0.0,27.0,20.76,27.0,True,P,20.76,feldpausch,27.0,20.76,0.326,245.5255,,,245.5255,,,
SFX_A02,61,Minquartia guianensis,Olacaceae,411386.2307,9270806.223,0.77,,11.8,,,20120807,A,O,P23,11.96,11.96,feldpausch_regional,0.18,default,0.0,11.8,11.96,11.8,True,O,11.96,feldpausch,11.8,11.96,0.7867,28.4866,21.3505,21.3505,28.4866,21.3505,21.3505,
SFX_A02,62,Protium heptaphyllum,Burseraceae,411389.2307,9270804.223,0.62,,24.2,,,20120807,A,O,P23,19.4,19.4,feldpausch_regional,0.18,default,0.0,24.2,19.4,24.2,True,O,19.4,feldpausch,24.2,19.4,0.6293,185.5935,133.3865,133.3865,185.5935,133.3865,133.3865,
SFX_A02,63,Galipea trifoliata,NI,411387.2307,9270803.623,0.62,,15.3,,,20120807,A,O,P23,14.34,14.34,feldpausch_regional,0.18,default,0.0,15.3,14.34,15.3,True,O,14.34,feldpausch,15.3,14.34,0.997,56.4638,41.6389,41.6389,56.4638,41.6389,41.6389,
SFX_A02,67,Theobroma glaucum,Malvaceae,411401.2307,9270799.223,0.53,,11.7,,,20120807,A,O,P23,11.89,11.89,feldpausch_regional,0.18,default,0.0,11.7,11.89,11.7,True,O,11.89,feldpausch,11.7,11.89,0.5297,27.8572,20.8896,20.8896,27.8572,20.8896,20.8896,
SFX_A02,69,Rheedia gardneriana,Clusiaceae,411390.2307,9270798.223,0.62,,11.4,,,20120807,A,O,P23,11.67,11.67,feldpausch_regional,0.18,default,0.0,11.4,11.67,11.4,True,O,11.67,feldpausch,11.4,11.67,0.7175,26.0016,19.5314,19.5314,26.0016,19.5314,19.5314,
SFX_A02,70,Enterolobium schomburgkii,Fabaceae,411390.2307,9270797.723,0.71,,14.7,,,20120807,A,O,P23,13.95,13.95,feldpausch_regional,0.18,default,0.0,14.7,13.95,14.7,True,O,13.95,feldpausch,14.7,13.95,0.6989,50.8357,37.5799,37.5799,50.8357,37.5799,37.5799,
SFX_A02,71,Galipea trifoliata,NI,411390.7307,9270796.723,0.62,,11.3,,,20120807,A,O,P23,11.6,11.6,feldpausch_regional,0.18,default,0.0,11.3,11.6,11.3,True,O,11.6,feldpausch,11.3,11.6,0.997,25.4086,19.096,19.096,25.4086,19.096,19.096,
SFX_A02,72,Zollernia paraensis,Fabaceae,411387.2307,9270796.223,0.99,,11.1,,,20120807,A,O,P23,11.45,11.45,feldpausch_regional,0.18,default,0.0,11.1,11.45,11.1,True,O,11.45,feldpausch,11.1,11.45,0.99,24.2284,18.2309,18.2309,24.2284,18.2309,18.2309,
SFX_A02,73,Protium heptaphyllum,Burseraceae,411397.2307,9270795.223,0.62,,16.6,,,20120807,A,O,P23,15.16,15.16,feldpausch_regional,0.18,default,0.0,16.6,15.16,16.6,True,O,15.16,feldpausch,16.6,15.16,0.6293,69.8995,51.2965,51.2965,69.8995,51.2965,51.2965,
SFX_A02,74,Dalbergia melanoxylon,Fabaceae,411396.2307,9270793.223,0.8,1.951235002,52.7,17.24,10.37,20120807,A,O,P23,30.05,30.05,feldpausch_regional,0.18,default,0.0,52.7,30.05,52.7,True,O,17.24,measured,52.7,17.24,1.0772,755.606,574.3388,574.3388,755.606,574.3388,574.3388,
SFX_A02,75,,,411393.2307,9270792.323,0.58,,28.5,,,20120807,D,o,P23,21.46,21.46,feldpausch_regional,0.18,default,0.0,28.5,21.46,28.5,False,O,21.46,feldpausch,28.5,21.46,0.7175,281.8308,281.8308,335.5565,281.8308,281.8308,335.5565,
SFX_A02,76,Protium heptaphyllum,Burseraceae,411389.2307,9270792.323,0.62,0.454042499,29.0,17.11,10.53,20120807,A,O,P23,21.68,21.68,feldpausch_regional,0.18,default,0.0,29.0,21.68,29.0,True,O,17.11,measured,29.0,17.11,0.6293,233.7295,172.8439,172.8439,233.7295,172.8439,172.8439,
SFX_A02,77,Castilla ulei,Moraceae,411379.6307,9270789.423,0.82,,31.3,,,20120807,A,O,P23,22.69,22.69,feldpausch_regional,0.18,default,0.0,31.3,22.69,31.3,True,O,22.69,feldpausch,31.3,22.69,0.5675,357.3203,253.6418,253.6418,357.3203,253.6418,253.6418,
SFX_A02,78,,,411384.8307,9270786.523,0.6,,13.7,,,20120807,D,o,P23,13.29,13.29,feldpausch_regional,0.18,default,0.0,13.7,13.29,13.7,False,O,13.29,feldpausch,13.7,13.29,0.7175,42.2571,42.2571,50.3126,42.2571,42.2571,50.3126,
SFX_A02,80,Attalea maripa,Arecaceae,411386.2307,9270786.523,,0.13340242,25.7,,,20120807,A,P,P23,20.14,20.14,feldpausch_regional,0.18,default,0.0,25.7,20.14,25.7,True,P,20.14,feldpausch,25.7,20.14,0.326,216.4772,,,216.4772,,,
SFX_A02,81,Protium heptaphyllum,Burseraceae,411384.2307,9270786.223,0.62,,19.2,,,20120807,A,O,P23,16.71,16.71,feldpausch_regional,0.18,default,0.0,19.2,16.71,19.2,True,O,16.71,feldpausch,19.2,16.71,0.6293,102.115,74.3116,74.3116,102.115,74.3116,74.3116,
SFX_A02,82,Castilla ulei,Moraceae,411384.2307,9270781.223,0.82,2.066621631,42.5,27.41,22.04,20120807,A,O,P23,26.93,26.93,feldpausch_regional,0.18,default,0.0,42.5,26.93,42.5,True,O,27.41,measured,42.5,27.41,0.5675,780.6837,545.8168,545.8168,780.6837,545.8168,545.8168,
SFX_A02,1,,,411409.3349,9270663.481,0.6,,15.3,,,20120808,D,o,P24,14.34,14.34,feldpausch_regional,0.18,default,0.0,15.3,14.34,15.3,False,O,14.34,feldpausch,15.3,14.34,0.7175,56.4638,56.4638,67.2276,56.4638,56.4638,67.2276,
SFX_A02,2,Dalbergia melanoxylon,Fabaceae,411408.9349,9270655.381,0.8,,17.5,,,20120808,A,O,P24,15.71,15.71,feldpausch_regional,0.18,default,0.0,17.5,15.71,17.5,True,O,15.71,feldpausch,17.5,15.71,1.0772,80.2304,58.6959,58.6959,80.2304,58.6959,58.6959,
SFX_A02,3,Dalbergia melanoxylon,Fabaceae,411404.9349,9270652.481,0.8,,19.0,,,20120808,A,O,P24,16.6,16.6,feldpausch_regional,0.18,default,0.0,19.0,16.6,19.0,True,O,16.6,feldpausch,19.0,16.6,1.0772,99.4061,72.3794,72.3794,99.4061,72.3794,72.3794,
SFX_A02,4,Poeppigia sp.,Fabaceae,411399.5349,9270650.781,0.69,0.043789225,11.5,9.43,5.76,20120808,A,O,P24,11.75,11.75,feldpausch_regional,0.18,default,0.0,11.5,11.75,11.5,True,O,9.43,measured,11.5,9.43,0.735,21.4816,16.6957,16.6957,21.4816,16.6957,16.6957,
SFX_A02,5,Dalbergia melanoxylon,Fabaceae,411399.5349,9270648.981,0.8,,16.0,,,20120808,A,O,P24,14.79,14.79,feldpausch_regional,0.18,default,0.0,16.0,14.79,16.0,True,O,14.79,feldpausch,16.0,14.79,1.0772,63.5026,46.7018,46.7018,63.5026,46.7018,46.7018,
SFX_A02,6,Apeiba echinata,Malvaceae,411408.3349,9270647.781,0.28,,16.3,,,20120808,A,O,P24,14.98,14.98,feldpausch_regional,0.18,default,0.0,16.3,14.98,16.3,True,O,14.98,feldpausch,16.3,14.98,0.2822,66.6731,48.9783,48.9783,66.6731,48.9783,48.9783,
SFX_A02,7,Virola melinoni,Myristicaceae,411395.5349,9270647.381,0.48,,16.4,,,20120808,A,O,P24,15.04,15.04,feldpausch_regional,0.18,default,0.0,16.4,15.04,16.4,True,O,15.04,feldpausch,16.4,15.04,0.4734,67.7376,49.7434,49.7434,67.7376,49.7434,49.7434,
SFX_A02,9,Jacaranda copaia,Bignoniaceae,411402.5349,9270643.781,0.35,,25.2,,,20120808,A,O,P24,19.9,19.9,feldpausch_regional,0.18,default,0.0,25.2,19.9,25.2,True,O,19.9,feldpausch,25.2,19.9,0.3507,205.9089,147.6802,147.6802,205.9089,147.6802,147.6802,
SFX_A02,10,Mimosa hostilis,Fabaceae,411402.5349,9270643.781,0.45,,20.3,,,20120808,A,O,P24,17.33,17.33,feldpausch_regional,0.18,default,0.0,20.3,17.33,20.3,True,O,17.33,feldpausch,20.3,17.33,0.8235,117.967,85.5832,85.5832,117.967,85.5832,85.5832,
SFX_A02,11,Apeiba echinata,Malvaceae,411402.7349,9270643.281,0.28,,19.6,,,20120808,A,O,P24,16.94,16.94,feldpausch_regional,0.18,default,0.0,19.6,16.94,19.6,True,O,16.94,feldpausch,19.6,16.94,0.2822,107.7368,78.311,78.311,107.7368,78.311,78.311,
SFX_A02,12,Dalbergia melanoxylon,Fabaceae,411408.3349,9270642.281,0.8,1.819487255,53.9,15.37,6.78,20120808,A,O,P24,30.37,30.37,feldpausch_regional,0.18,default,0.0,53.9,30.37,53.9,True,O,15.37,measured,53.9,15.37,1.0772,705.8553,546.9356,546.9356,705.8553,546.9356,546.9356,
SFX_A02,13,Galipea trifoliata,NI,411405.5349,9270639.781,0.62,,10.0,,,20120808,A,O,P24,10.62,10.62,feldpausch_regional,0.18,default,0.0,10.0,10.62,10.0,True,O,10.62,feldpausch,10.0,10.62,0.997,18.3636,13.9133,13.9133,18.3636,13.9133,13.9133,
SFX_A02,14,Dalbergia melanoxylon,Fabaceae,411400.5349,9270641.781,0.8,,17.3,,,20120808,A,O,P24,15.59,15.59,feldpausch_regional,0.18,default,0.0,17.3,15.59,17.3,True,O,15.59,feldpausch,17.3,15.59,1.0772,77.8654,57.0033,57.0033,77.8654,57.0033,57.0033,
SFX_A02,16,Theobroma glaucum,Malvaceae,411389.5349,9270639.781,0.53,,11.9,,,20120808,A,O,P24,12.03,12.03,feldpausch_regional,0.18,default,0.0,11.9,12.03,11.9,True,O,12.03,feldpausch,11.9,12.03,0.5297,29.1251,21.8178,21.8178,29.1251,21.8178,21.8178,
SFX_A02,17,Dalbergia melanoxylon,Fabaceae,411391.5349,9270638.781,0.8,,14.4,,,20120808,A,O,P24,13.76,13.76,feldpausch_regional,0.18,default,0.0,14.4,13.76,14.4,True,O,13.76,feldpausch,14.4,13.76,1.0772,48.181,35.6594,35.6594,48.181,35.6594,35.6594,
SFX_A02,18,Gustavia poeppigiana,Lecythidaceae,411402.5349,9270638.781,0.66,,10.0,,,20120808,A,O,P24,10.62,10.62,feldpausch_regional,0.18,default,0.0,10.0,10.62,10.0,True,O,10.62,feldpausch,10.0,10.62,0.6414,18.3636,13.9133,13.9133,18.3636,13.9133,13.9133,
SFX_A02,19,Dalbergia melanoxylon,Fabaceae,411404.5349,9270637.481,0.8,,26.2,,,20120808,A,O,P24,20.38,20.38,feldpausch_regional,0.18,default,0.0,26.2,20.38,26.2,True,O,20.38,feldpausch,26.2,20.38,1.0772,227.3883,162.7763,162.7763,227.3883,162.7763,162.7763,
SFX_A02,20,Inga marginata,Fabaceae,411396.5349,9270637.481,0.57,,31.4,,,20120808,A,O,P24,22.73,22.73,feldpausch_regional,0.18,default,0.0,31.4,22.73,31.4,True,O,22.73,feldpausch,31.4,22.73,0.5518,360.1707,255.6331,255.6331,360.1707,255.6331,255.6331,
SFX_A02,22,Schizolobium amazonicum,Fabaceae,411386.5349,9270635.381,0.49,,24.3,,,20120808,A,O,P24,19.45,19.45,feldpausch_regional,0.18,default,0.0,24.3,19.45,24.3,True,O,19.45,feldpausch,24.3,19.45,0.58,187.5641,134.7747,134.7747,187.5641,134.7747,134.7747,
SFX_A02,23,,,411384.5349,9270636.781,,0.013542772,11.4,,,20120808,A,L,P24,11.67,11.67,feldpausch_regional,0.18,default,0.0,11.4,11.67,11.4,True,L,11.67,feldpausch,11.4,11.67,0.7175,26.0016,19.5314,19.5314,26.0016,19.5314,19.5314,
SFX_A02,24,Dalbergia melanoxylon,Fabaceae,411386.5349,9270632.781,0.8,,13.5,,,20120808,A,O,P24,13.15,13.15,feldpausch_regional,0.18,default,0.0,13.5,13.15,13.5,True,O,13.15,feldpausch,13.5,13.15,1.0772,40.6391,30.2001,30.2001,40.6391,30.2001,30.2001,
SFX_A02,25,Dialium guianense,Fabaceae,411391.5349,9270631.781,0.89,,11.2,,,20120808,A,O,P24,11.53,11.53,feldpausch_regional,0.18,default,0.0,11.2,11.53,11.2,True,O,11.53,feldpausch,11.2,11.53,0.8964,24.8245,18.6669,18.6669,24.8245,18.6669,18.6669,
SFX_A02,27,Theobroma glaucum,Malvaceae,411395.5349,9270628.481,0.53,,14.6,,,20120808,A,O,P24,13.89,13.89,feldpausch_regional,0.18,default,0.0,14.6,13.89,14.6,True,O,13.89,feldpausch,14.6,13.89,0.5297,49.9522,36.9399,36.9399,49.9522,36.9399,36.9399,
SFX_A02,28,Helicostylis sp.,Moraceae,411394.5349,9270628.281,0.65,,13.2,,,20120808,A,O,P24,12.95,12.95,feldpausch_regional,0.18,default,0.0,13.2,12.95,13.2,True,O,12.95,feldpausch,13.2,12.95,0.643,38.3174,28.5131,28.5131,38.3174,28.5131,28.5131,
SFX_A02,29,Dalbergia melanoxylon,Fabaceae,411402.5349,9270630.781,0.8,,24.4,,,20120808,A,O,P24,19.5,19.5,feldpausch_regional,0.18,default,0.0,24.4,19.5,24.4,True,O,19.5,feldpausch,24.4,19.5,1.0772,189.5481,136.1719,136.1719,189.5481,136.1719,136.1719,
SFX_A02,30,Cordia scabrifolia,Boraginaceae,411407.5349,9270631.781,0.47,,16.9,,,20120808,A,O,P24,15.35,15.35,feldpausch_regional,0.18,default,0.0,16.9,15.35,16.9,True,O,15.35,feldpausch,16.9,15.35,0.474,73.2719,53.7118,53.7118,73.2719,53.7118,53.7118,
SFX_A02,31,Attalea maripa,Arecaceae,411404.9349,9270629.281,,0.101647207,22.2,,,20120808,A,P,P24,18.37,18.37,feldpausch_regional,0.18,default,0.0,22.2,18.37,22.2,True,P,18.37,feldpausch,22.2,18.37,0.326,148.7004,,,148.7004,,,
SFX_A02,32,Inga marginata,Fabaceae,411400.0349,9270629.281,0.57,0.076293631,13.6,14.14,8.18,20120808,A,O,P24,13.22,13.22,feldpausch_regional,0.18,default,0.0,13.6,13.22,13.6,True,O,14.14,measured,13.6,14.14,0.5518,44.2555,32.5241,32.5241,44.2555,32.5241,32.5241,
SFX_A02,33,Licania heteromorpha,Chrysobalanaceae,411404.5349,9270627.481,0.82,,14.6,,,20120808,A,O,P24,13.89,13.89,feldpausch_regional,0.18,default,0.0,14.6,13.89,14.6,True,O,13.89,feldpausch,14.6,13.89,0.8164,49.9522,36.9399,36.9399,49.9522,36.9399,36.9399,
SFX_A02,34,Sterculia pruriens,Malvaceae,411407.5349,9270626.981,0.49,,11.8,,,20120808,A,O,P24,11.96,11.96,feldpausch_regional,0.18,default,0.0,11.8,11.96,11.8,True,O,11.96,feldpausch,11.8,11.96,0.4862,28.4866,21.3505,21.3505,28.4866,21.3505,21.3505,
SFX_A02,35,Casearia grandiflora,Salicaceae,411391.5349,9270627.381,0.77,,11.8,,,20120808,A,O,P24,11.96,11.96,feldpausch_regional,0.18,default,0.0,11.8,11.96,11.8,True,O,11.96,feldpausch,11.8,11.96,0.77,28.4866,21.3505,21.3505,28.4866,21.3505,21.3505,
SFX_A02,36,Dalbergia melanoxylon,Fabaceae,411402.5349,9270624.881,0.8,,26.1,,,20120808,A,O,P24,20.34,20.34,feldpausch_regional,0.18,default,0.0,26.1,20.34,26.1,True,O,20.34,feldpausch,26.1,20.34,1.0772,225.2649,161.2767,161.2767,225.2649,161.2767,161.2767,
SFX_A02,37,Dalbergia melanoxylon,Fabaceae,411394.5349,9270624.081,0.8,,18.8,,,20120808,A,O,P24,16.48,16.48,feldpausch_regional,0.18,default,0.0,18.8,16.48,18.8,True,O,16.48,feldpausch,18.8,16.48,1.0772,96.6868,70.4443,70.4443,96.6868,70.4443,70.4443,
SFX_A02,38,Protium heptaphyllum,Burseraceae,411401.5349,9270623.181,0.62,,19.8,,,20120808,A,O,P24,17.05,17.05,feldpausch_regional,0.18,default,0.0,19.8,17.05,19.8,True,O,17.05,feldpausch,19.8,17.05,0.6293,110.5896,80.3416,80.3416,110.5896,80.3416,80.3416,
SFX_A02,39,Theobroma glaucum,Malvaceae,411406.5349,9270623.781,0.53,,10.3,,,20120808,A,O,P24,10.85,10.85,feldpausch_regional,0.18,default,0.0,10.3,10.85,10.3,True,O,10.85,feldpausch,10.3,10.85,0.5297,19.8654,15.0216,15.0216,19.8654,15.0216,15.0216,
SFX_A02,40,Theobroma glaucum,Malvaceae,411406.5349,9270623.781,0.53,,11.1,,,20120808,A,O,P24,11.45,11.45,feldpausch_regional,0.18,default,0.0,11.1,11.45,11.1,True,O,11.45,feldpausch,11.1,11.45,0.5297,24.2284,18.2309,18.2309,24.2284,18.2309,18.2309,
SFX_A02,41,Dalbergia melanoxylon,Fabaceae,411403.5349,9270618.781,0.8,,24.3,,,20120808,A,O,P24,19.45,19.45,feldpausch_regional,0.18,default,0.0,24.3,19.45,24.3,True,O,19.45,feldpausch,24.3,19.45,1.0772,187.5641,134.7747,134.7747,187.5641,134.7747,134.7747,
SFX_A02,42,Helicostylis sp.,Moraceae,411400.5349,9270618.481,0.65,,11.6,,,20120808,A,O,P24,11.82,11.82,feldpausch_regional,0.18,default,0.0,11.6,11.82,11.6,True,O,11.82,feldpausch,11.6,11.82,0.643,27.2369,20.4351,20.4351,27.2369,20.4351,20.4351,
SFX_A02,43,Dalbergia melanoxylon,Fabaceae,411406.5349,9270616.981,0.8,,26.5,,,20120808,A,O,P24,20.53,20.53,feldpausch_regional,0.18,default,0.0,26.5,20.53,26.5,True,O,20.53,feldpausch,26.5,20.53,1.0772,234.1684,167.5272,167.5272,234.1684,167.5272,167.5272,
SFX_A02,46,Theobroma glaucum,Malvaceae,411419.5349,9270652.881,0.53,,13.2,,,20120808,A,O,P24,12.95,12.95,feldpausch_regional,0.18,default,0.0,13.2,12.95,13.2,True,O,12.95,feldpausch,13.2,12.95,0.5297,38.3174,28.5131,28.5131,38.3174,28.5131,28.5131,
SFX_A02,47,Theobroma glaucum,Malvaceae,411419.5349,9270652.881,0.53,,16.2,,,20120808,A,O,P24,14.91,14.91,feldpausch_regional,0.18,default,0.0,16.2,14.91,16.2,True,O,14.91,feldpausch,16.2,14.91,0.5297,65.5765,48.1941,48.1941,65.5765,48.1941,48.1941,
SFX_A02,48,Rinorea guianensis,Violaceae,411422.5349,9270649.981,0.78,,10.9,,,20120808,A,O,P24,11.3,11.3,feldpausch_regional,0.18,default,0.0,10.9,11.3,10.9,True,O,11.3,feldpausch,10.9,11.3,0.78,23.0846,17.3912,17.3912,23.0846,17.3912,17.3912,
SFX_A02,50,Dalbergia melanoxylon,Fabaceae,411417.5349,9270648.181,0.8,0.098976099,18.6,7.02,2.74,20120808,A,O,P24,16.36,16.36,feldpausch_regional,0.18,default,0.0,18.6,16.36,18.6,True,O,7.02,measured,18.6,7.02,1.0772,41.1694,34.3075,34.3075,41.1694,34.3075,34.3075,
SFX_A02,51,Dalbergia melanoxylon,Fabaceae,411417.5349,9270647.081,0.8,,15.6,,,20120808,A,O,P24,14.54,14.54,feldpausch_regional,0.18,default,0.0,15.6,14.54,15.6,True,O,14.54,feldpausch,15.6,14.54,1.0772,59.4433,43.7811,43.7811,59.4433,43.7811,43.7811,
SFX_A02,52,Inga marginata,Fabaceae,411414.0349,9270647.781,0.57,,19.7,,,20120808,A,O,P24,17.0,17.0,feldpausch_regional,0.18,default,0.0,19.7,17.0,19.7,True,O,17.0,feldpausch,19.7,17.0,0.5518,109.1885,79.3413,79.3413,109.1885,79.3413,79.3413,
SFX_A02,57,Annona ambotay,Annonaceae,411422.5349,9270645.281,0.41,,11.3,,,20120808,A,O,P24,11.6,11.6,feldpausch_regional,0.18,default,0.0,11.3,11.6,11.3,True,O,11.6,feldpausch,11.3,11.6,0.5112,25.4086,19.096,19.096,25.4086,19.096,19.096,
SFX_A02,58,,,411421.5349,9270642.981,0.6,,16.7,,,20120808,D,o,P24,15.22,15.22,feldpausch_regional,0.18,default,0.0,16.7,15.22,16.7,False,O,15.22,feldpausch,16.7,15.22,0.7175,70.997,70.997,84.5312,70.997,70.997,84.5312,
SFX_A02,59,Dalbergia melanoxylon,Fabaceae,411418.5349,9270640.581,0.8,0.413648805,28.6,12.41,5.03,20120808,A,O,P24,21.5,21.5,feldpausch_regional,0.18,default,0.0,28.6,21.5,28.6,True,O,12.41,measured,28.6,12.41,1.0772,166.2679,129.2697,129.2697,166.2679,129.2697,129.2697,
SFX_A02,60,Theobroma glaucum,Malvaceae,411416.5349,9270639.981,0.53,,11.6,,,20120808,A,O,P24,11.82,11.82,feldpausch_regional,0.18,default,0.0,11.6,11.82,11.6,True,O,11.82,feldpausch,11.6,11.82,0.5297,27.2369,20.4351,20.4351,27.2369,20.4351,20.4351,
SFX_A02,61,Theobroma glaucum,Malvaceae,411420.5349,9270638.181,0.53,,10.6,,,20120808,A,O,P24,11.08,11.08,feldpausch_regional,0.18,default,0.0,10.6,11.08,10.6,True,O,11.08,feldpausch,10.6,11.08,0.5297,21.4451,16.1847,16.1847,21.4451,16.1847,16.1847,
SFX_A02,62,Chimarrhis turbinata,Rubiaceae,411422.5349,9270636.781,0.72,,10.5,,,20120808,A,O,P24,11.0,11.0,feldpausch_regional,0.18,default,0.0,10.5,11.0,10.5,True,O,11.0,feldpausch,10.5,11.0,0.72,20.9036,15.7869,15.7869,20.9036,15.7869,15.7869,
SFX_A02,63,Helicostylis sp.,Moraceae,411410.9349,9270635.681,0.65,,11.4,,,20120808,A,O,P24,11.67,11.67,feldpausch_regional,0.18,default,0.0,11.4,11.67,11.4,True,O,11.67,feldpausch,11.4,11.67,0.643,26.0016,19.5314,19.5314,26.0016,19.5314,19.5314,
SFX_A02,64,Attalea maripa,Arecaceae,411414.5349,9270635.681,,0.151272044,27.5,,,20120808,A,P,P24,21.0,21.0,feldpausch_regional,0.18,default,0.0,27.5,21.0,27.5,True,P,21.0,feldpausch,27.5,21.0,0.326,257.35,,,257.35,,,
SFX_A02,65,Dalbergia melanoxylon,Fabaceae,411417.5349,9270636.181,0.8,,34.5,,,20120808,A,O,P24,24.01,24.01,feldpausch_regional,0.18,default,0.0,34.5,24.01,34.5,True,O,24.01,feldpausch,34.5,24.01,1.0772,456.6109,322.7442,322.7442,456.6109,322.7442,322.7442,
SFX_A02,66,Dalbergia melanoxylon,Fabaceae,411424.5349,9270634.081,0.8,,28.8,,,20120808,A,O,P24,21.59,21.59,feldpausch_regional,0.18,default,0.0,28.8,21.59,28.8,True,O,21.59,feldpausch,28.8,21.59,1.0772,289.3513,206.1879,206.1879,289.3513,206.1879,206.1879,
SFX_A02,67,Dalbergia melanoxylon,Fabaceae,411424.5349,9270632.781,0.8,,20.2,,,20120808,A,O,P24,17.28,17.28,feldpausch_regional,0.18,default,0.0,20.2,17.28,20.2,True,O,17.28,feldpausch,20.2,17.28,1.0772,116.5063,84.5421,84.5421,116.5063,84.5421,84.5421,
SFX_A02,68,Rinorea guianensis,Violaceae,411422.5349,9270632.781,0.78,,11.7,,,20120808,A,O,P24,11.89,11.89,feldpausch_regional,0.18,default,0.0,11.7,11.89,11.7,True,O,11.89,feldpausch,11.7,11.89,0.78,27.8572,20.8896,20.8896,27.8572,20.8896,20.8896,
SFX_A02,69,Attalea maripa,Arecaceae,411420.5349,9270632.781,,0.201603294,32.1,,,20120808,A,P,P24,23.03,23.03,feldpausch_regional,0.18,default,0.0,32.1,23.03,32.1,True,P,23.03,feldpausch,32.1,23.03,0.326,380.853,,,380.853,,,
SFX_A02,70,Dalbergia melanoxylon,Fabaceae,411409.8349,9270633.781,0.8,,14.7,,,20120808,A,O,P24,13.95,13.95,feldpausch_regional,0.18,default,0.0,14.7,13.95,14.7,True,O,13.95,feldpausch,14.7,13.95,1.0772,50.8357,37.5799,37.5799,50.8357,37.5799,37.5799,
SFX_A02,71,Dalbergia melanoxylon,Fabaceae,411427.5349,9270630.781,0.8,0.120646136,16.4,11.01,4.68,20120808,A,O,P24,15.04,15.04,feldpausch_regional,0.18,default,0.0,16.4,15.04,16.4,True,O,11.01,measured,16.4,11.01,1.0772,49.9598,38.5416,38.5416,49.9598,38.5416,38.5416,
SFX_A02,73,Hymenaea parviflora,Fabaceae,411412.1349,9270627.781,0.88,,10.8,,,20120808,A,O,P24,11.23,11.23,feldpausch_regional,0.18,default,0.0,10.8,11.23,10.8,True,O,11.23,feldpausch,10.8,11.23,0.7935,22.5359,16.987,16.987,22.5359,16.987,16.987,
SFX_A02,74,Galipea trifoliata,NI,411416.5349,9270626.381,0.62,,15.2,,,20120808,A,O,P24,14.28,14.28,feldpausch_regional,0.18,default,0.0,15.2,14.28,15.2,True,O,14.28,feldpausch,15.2,14.28,0.997,55.518,40.9557,40.9557,55.518,40.9557,40.9557,
SFX_A02,75,Galipea trifoliata,NI,411416.3349,9270625.981,0.62,,12.7,,,20120808,A,O,P24,12.6,12.6,feldpausch_regional,0.18,default,0.0,12.7,12.6,12.7,True,O,12.6,feldpausch,12.7,12.6,0.997,34.5977,25.8089,25.8089,34.5977,25.8089,25.8089,
SFX_A02,76,Dalbergia melanoxylon,Fabaceae,411415.5349,9270622.981,0.8,,27.0,,,20120808,A,O,P24,20.76,20.76,feldpausch_regional,0.18,default,0.0,27.0,20.76,27.0,True,O,20.76,feldpausch,27.0,20.76,1.0772,245.5255,175.5007,175.5007,245.5255,175.5007,175.5007,
SFX_A02,77,Nectandra cuspidata,Lauraceae,411411.2349,9270624.181,0.56,,17.5,,,20120808,A,O,P24,15.71,15.71,feldpausch_regional,0.18,default,0.0,17.5,15.71,17.5,True,O,15.71,feldpausch,17.5,15.71,0.518,80.2304,58.6959,58.6959,80.2304,58.6959,58.6959,
SFX_A02,78,Pouteria sp.,Sapotaceae,411418.2349,9270622.481,0.78,0.199226755,16.3,18.84,8.39,20120808,A,O,P24,14.98,14.98,feldpausch_regional,0.18,default,0.0,16.3,14.98,16.3,True,O,18.84,measured,16.3,18.84,0.7187,83.393,59.0814,59.0814,83.393,59.0814,59.0814,
SFX_A02,79,Galipea trifoliata,NI,411418.5349,9270622.181,0.62,,23.8,,,20120808,A,O,P24,19.2,19.2,feldpausch_regional,0.18,default,0.0,23.8,19.2,23.8,True,O,19.2,feldpausch,23.8,19.2,0.997,177.8447,127.9245,127.9245,177.8447,127.9245,127.9245,
SFX_A02,82,Guarea guidonia,Meliaceae,411420.5349,9270621.381,0.55,,12.3,,,20120808,A,O,P24,12.32,12.32,feldpausch_regional,0.18,default,0.0,12.3,12.32,12.3,True,O,12.32,feldpausch,12.3,12.32,0.5651,31.7974,23.7678,23.7678,31.7974,23.7678,23.7678,
SFX_A02,83,Pouteria sp.,Sapotaceae,411422.5349,9270621.481,0.78,0.14676437,16.7,13.22,4.8,20120808,A,O,P24,15.22,15.22,feldpausch_regional,0.18,default,0.0,16.7,15.22,16.7,True,O,13.22,measured,16.7,13.22,0.7187,61.8764,46.4151,46.4151,61.8764,46.4151,46.4151,
SFX_A02,84,Oenocarpus bacaba,Arecaceae,411417.5349,9270619.581,,0.093309035,21.2,,,20120808,A,P,P24,17.83,17.83,feldpausch_regional,0.18,default,0.0,21.2,17.83,21.2,True,P,17.83,feldpausch,21.2,17.83,0.65,132.0055,,,132.0055,,,
SFX_A02,85,Mimosa hostilis,Fabaceae,411413.5349,9270619.781,0.45,0.937524817,38.0,28.35,18.36,20120808,A,O,P24,25.35,25.35,feldpausch_regional,0.18,default,0.0,38.0,25.35,38.0,True,O,28.35,measured,38.0,28.35,0.8235,648.4703,448.5543,448.5543,648.4703,448.5543,448.5543,
SFX_A02,86,Protium heptaphyllum,Burseraceae,411410.5349,9270618.181,0.62,,12.1,,,20120808,A,O,P24,12.18,12.18,feldpausch_regional,0.18,default,0.0,12.1,12.18,12.1,True,O,12.18,feldpausch,12.1,12.18,0.6293,30.4544,22.7871,22.7871,30.4544,22.7871,22.7871,
SFX_A02,87,Lacunaria jenmanii,Quiinaceae,411414.5349,9270617.381,0.8,,12.1,,,20120808,A,O,P24,12.18,12.18,feldpausch_regional,0.18,default,0.0,12.1,12.18,12.1,True,O,12.18,feldpausch,12.1,12.18,0.8043,30.4544,22.7871,22.7871,30.4544,22.7871,22.7871,
SFX_A02,88,Brosimum rubescens,Moraceae,411416.5349,9270614.781,0.83,,12.5,,,20120808,A,O,P24,12.46,12.46,feldpausch_regional,0.18,default,0.0,12.5,12.46,12.5,True,O,12.46,feldpausch,12.5,12.46,0.8251,33.1783,24.775,24.775,33.1783,24.775,24.775,
SFX_A02,91,Galipea trifoliata,NI,411409.6349,9270616.781,0.62,,11.0,,,20120808,A,O,P24,11.38,11.38,feldpausch_regional,0.18,default,0.0,11.0,11.38,11.0,True,O,11.38,feldpausch,11.0,11.38,0.997,23.6621,17.8143,17.8143,23.6621,17.8143,17.8143,
SFX_A02,92,Dalbergia melanoxylon,Fabaceae,411412.5349,9270611.781,0.8,,14.4,,,20120808,A,O,P24,13.76,13.76,feldpausch_regional,0.18,default,0.0,14.4,13.76,14.4,True,O,13.76,feldpausch,14.4,13.76,1.0772,48.181,35.6594,35.6594,48.181,35.6594,35.6594,
SFX_A02,1,Protium heptaphyllum,Burseraceae,411428.4507,9270483.623,0.62,,12.0,,,20120808,A,O,P25,12.11,12.11,feldpausch_regional,0.18,default,0.0,12.0,12.11,12.0,True,O,12.11,feldpausch,12.0,12.11,0.6293,29.7969,22.3066,22.3066,29.7969,22.3066,22.3066,
SFX_A02,2,Dialium guianense,Fabaceae,411428.7507,9270481.623,0.89,,10.6,,,20120808,A,O,P25,11.08,11.08,feldpausch_regional,0.18,default,0.0,10.6,11.08,10.6,True,O,11.08,feldpausch,10.6,11.08,0.8964,21.4451,16.1847,16.1847,21.4451,16.1847,16.1847,
SFX_A02,3,Pouteria sp.,Sapotaceae,411419.4507,9270473.823,0.78,,18.7,,,20120808,A,O,P25,16.42,16.42,feldpausch_regional,0.18,default,0.0,18.7,16.42,18.7,True,O,16.42,feldpausch,18.7,16.42,0.7187,95.3454,69.4893,69.4893,95.3454,69.4893,69.4893,
SFX_A02,4,Rinorea guianensis,Violaceae,411425.4507,9270483.623,0.78,,12.1,,,20120808,A,O,P25,12.18,12.18,feldpausch_regional,0.18,default,0.0,12.1,12.18,12.1,True,O,12.18,feldpausch,12.1,12.18,0.78,30.4544,22.7871,22.7871,30.4544,22.7871,22.7871,
SFX_A02,5,NI,NI,411422.7507,9270468.223,0.62,,10.6,,,20120808,A,O,P25,11.08,11.08,feldpausch_regional,0.18,default,0.0,10.6,11.08,10.6,True,O,11.08,feldpausch,10.6,11.08,0.7175,21.4451,16.1847,16.1847,21.4451,16.1847,16.1847,
SFX_A02,6,Dalbergia melanoxylon,Fabaceae,411425.4507,9270468.223,0.8,,12.8,,,20120808,A,O,P25,12.67,12.67,feldpausch_regional,0.18,default,0.0,12.8,12.67,12.8,True,O,12.67,feldpausch,12.8,12.67,1.0772,35.3219,26.3361,26.3361,35.3219,26.3361,26.3361,
SFX_A02,7,Dalbergia melanoxylon,Fabaceae,411426.4507,9270467.423,0.8,,18.4,,,20120808,A,O,P25,16.25,16.25,feldpausch_regional,0.18,default,0.0,18.4,16.25,18.4,True,O,16.25,feldpausch,18.4,16.25,1.0772,91.4488,66.7073,66.7073,91.4488,66.7073,66.7073,
SFX_A02,8,Mimosa hostilis,Fabaceae,411421.4507,9270466.823,0.45,,27.9,,,20120808,A,O,P25,21.18,21.18,feldpausch_regional,0.18,default,0.0,27.9,21.18,27.9,True,O,21.18,feldpausch,27.9,21.18,0.8235,266.9217,190.4914,190.4914,266.9217,190.4914,190.4914,
SFX_A02,9,Attalea maripa,Arecaceae,411418.4507,9270467.223,,0.190096376,31.1,,,20120808,A,P,P25,22.61,22.61,feldpausch_regional,0.18,default,0.0,31.1,22.61,31.1,True,P,22.61,feldpausch,31.1,22.61,0.326,351.6627,,,351.6627,,,
SFX_A02,10,,,411414.4507,9270467.823,0.6,,18.0,,,20120808,D,o,P25,16.01,16.01,feldpausch_regional,0.18,default,0.0,18.0,16.01,18.0,False,O,16.01,feldpausch,18.0,16.01,0.7175,86.3453,86.3453,102.8054,86.3453,86.3453,102.8054,
SFX_A02,11,Dalbergia melanoxylon,Fabaceae,411429.7507,9270464.623,0.8,,12.2,,,20120808,A,O,P25,12.25,12.25,feldpausch_regional,0.18,default,0.0,12.2,12.25,12.2,True,O,12.25,feldpausch,12.2,12.25,1.0772,31.1212,23.2742,23.2742,31.1212,23.2742,23.2742,
SFX_A02,12,Dalbergia melanoxylon,Fabaceae,411429.6507,9270464.623,0.8,,15.7,,,20120808,A,O,P25,14.6,14.6,feldpausch_regional,0.18,default,0.0,15.7,14.6,15.7,True,O,14.6,feldpausch,15.7,14.6,1.0772,60.4318,44.4938,44.4938,60.4318,44.4938,44.4938,
SFX_A02,13,Theobroma glaucum,Malvaceae,411412.4507,9270463.123,0.53,,13.4,,,20120808,A,O,P25,13.08,13.08,feldpausch_regional,0.18,default,0.0,13.4,13.08,13.4,True,O,13.08,feldpausch,13.4,13.08,0.5297,39.8454,29.6247,29.6247,39.8454,29.6247,29.6247,
SFX_A02,14,Dalbergia melanoxylon,Fabaceae,411408.4507,9270463.423,0.8,0.684013895,44.9,8.33,3.86,20120808,A,O,P25,27.72,27.72,feldpausch_regional,0.18,default,0.0,44.9,27.72,44.9,True,O,8.33,measured,44.9,8.33,1.0772,271.766,229.9534,229.9534,271.766,229.9534,229.9534,
SFX_A02,15,Dalbergia melanoxylon,Fabaceae,411413.4507,9270470.823,0.8,,12.5,,,20120808,A,O,P25,12.46,12.46,feldpausch_regional,0.18,default,0.0,12.5,12.46,12.5,True,O,12.46,feldpausch,12.5,12.46,1.0772,33.1783,24.775,24.775,33.1783,24.775,24.775,
SFX_A02,16,Dalbergia melanoxylon,Fabaceae,411423.4507,9270460.523,0.8,,17.9,,,20120808,A,O,P25,15.95,15.95,feldpausch_regional,0.18,default,0.0,17.9,15.95,17.9,True,O,15.95,feldpausch,17.9,15.95,1.0772,85.099,62.1761,62.1761,85.099,62.1761,62.1761,
SFX_A02,17,Pourouma minor,Urticaceae,411432.3507,9270460.823,0.44,,11.0,,,20120808,A,O,P25,11.38,11.38,feldpausch_regional,0.18,default,0.0,11.0,11.38,11.0,True,O,11.38,feldpausch,11.0,11.38,0.436,23.6621,17.8143,17.8143,23.6621,17.8143,17.8143,
SFX_A02,18,Pouteria sp.,Sapotaceae,411431.0507,9270455.623,0.78,,10.9,,,20120808,A,O,P25,11.3,11.3,feldpausch_regional,0.18,default,0.0,10.9,11.3,10.9,True,O,11.3,feldpausch,10.9,11.3,0.7187,23.0846,17.3912,17.3912,23.0846,17.3912,17.3912,
SFX_A02,19,Eriotheca globosa,Malvaceae,411432.3507,9270455.423,0.41,,19.0,,,20120808,A,O,P25,16.6,16.6,feldpausch_regional,0.18,default,0.0,19.0,16.6,19.0,True,O,16.6,feldpausch,19.0,16.6,0.41,99.4061,72.3794,72.3794,99.4061,72.3794,72.3794,
SFX_A02,20,Theobroma glaucum,Malvaceae,411427.5507,9270456.523,0.53,,11.4,,,20120808,A,O,P25,11.67,11.67,feldpausch_regional,0.18,default,0.0,11.4,11.67,11.4,True,O,11.67,feldpausch,11.4,11.67,0.5297,26.0016,19.5314,19.5314,26.0016,19.5314,19.5314,
SFX_A02,21,Pourouma minor,Urticaceae,411427.5507,9270455.823,0.44,,17.9,,,20120808,A,O,P25,15.95,15.95,feldpausch_regional,0.18,default,0.0,17.9,15.95,17.9,True,O,15.95,feldpausch,17.9,15.95,0.436,85.099,62.1761,62.1761,85.099,62.1761,62.1761,
SFX_A02,22,Protium heptaphyllum,Burseraceae,411426.9507,9270456.423,0.62,,17.9,,,20120808,A,O,P25,15.95,15.95,feldpausch_regional,0.18,default,0.0,17.9,15.95,17.9,True,O,15.95,feldpausch,17.9,15.95,0.6293,85.099,62.1761,62.1761,85.099,62.1761,62.1761,
SFX_A02,23,Dalbergia melanoxylon,Fabaceae,411423.4507,9270454.623,0.8,,18.4,,,20120808,A,O,P25,16.25,16.25,feldpausch_regional,0.18,default,0.0,18.4,16.25,18.4,True,O,16.25,feldpausch,18.4,16.25,1.0772,91.4488,66.7073,66.7073,91.4488,66.7073,66.7073,
SFX_A02,24,Mimosa hostilis,Fabaceae,411417.4507,9270457.823,0.45,0.924166331,38.4,27.36,17.61,20120808,A,O,P25,25.5,25.5,feldpausch_regional,0.18,default,0.0,38.4,25.5,38.4,True,O,27.36,measured,38.4,27.36,0.8235,639.2939,444.921,444.921,639.2939,444.921,444.921,
SFX_A02,25,Mimosa hostilis,Fabaceae,411423.7507,9270451.823,0.45,,29.4,,,20120808,A,O,P25,21.86,21.86,feldpausch_regional,0.18,default,0.0,29.4,21.86,29.4,True,O,21.86,feldpausch,29.4,21.86,0.8235,304.9111,217.0641,217.0641,304.9111,217.0641,217.0641,
SFX_A02,26,Pouteria sp.,Sapotaceae,411421.8507,9270450.223,0.78,,11.4,,,20120808,A,O,P25,11.67,11.67,feldpausch_regional,0.18,default,0.0,11.4,11.67,11.4,True,O,11.67,feldpausch,11.4,11.67,0.7187,26.0016,19.5314,19.5314,26.0016,19.5314,19.5314,
SFX_A02,27,Attalea maripa,Arecaceae,411422.7507,9270449.623,,0.169096175,29.2,,,20120808,A,P,P25,21.77,21.77,feldpausch_regional,0.18,default,0.0,29.2,21.77,29.2,True,P,21.77,feldpausch,29.2,21.77,0.326,299.6663,,,299.6663,,,
SFX_A02,28,Theobroma glaucum,Malvaceae,411430.4507,9270450.723,0.53,,12.7,,,20120808,A,O,P25,12.6,12.6,feldpausch_regional,0.18,default,0.0,12.7,12.6,12.7,True,O,12.6,feldpausch,12.7,12.6,0.5297,34.5977,25.8089,25.8089,34.5977,25.8089,25.8089,
SFX_A02,29,,,411428.7507,9270447.823,0.6,,14.3,,,20120808,D,o,P25,13.69,13.69,feldpausch_regional,0.18,default,0.0,14.3,13.69,14.3,False,O,13.69,feldpausch,14.3,13.69,0.7175,47.294,47.294,56.3098,47.294,47.294,56.3098,
SFX_A02,30,Inga marginata,Fabaceae,411426.4507,9270446.423,0.57,,28.0,,,20120808,A,O,P25,21.23,21.23,feldpausch_regional,0.18,default,0.0,28.0,21.23,28.0,True,O,21.23,feldpausch,28.0,21.23,0.5518,269.4116,192.2298,192.2298,269.4116,192.2298,192.2298,
SFX_A02,31,Gustavia poeppigiana,Lecythidaceae,411426.1507,9270445.823,0.66,,16.2,,,20120808,A,O,P25,14.91,14.91,feldpausch_regional,0.18,default,0.0,16.2,14.91,16.2,True,O,14.91,feldpausch,16.2,14.91,0.6414,65.5765,48.1941,48.1941,65.5765,48.1941,48.1941,
SFX_A02,32,Cordia scabrifolia,Boraginaceae,411431.7507,9270435.823,0.47,,16.2,,,20120808,A,O,P25,14.91,14.91,feldpausch_regional,0.18,default,0.0,16.2,14.91,16.2,True,O,14.91,feldpausch,16.2,14.91,0.474,65.5765,48.1941,48.1941,65.5765,48.1941,48.1941,
SFX_A02,33,Attalea maripa,Arecaceae,411434.4507,9270486.323,,0.185581109,30.7,,,20120808,A,P,P25,22.43,22.43,feldpausch_regional,0.18,default,0.0,30.7,22.43,30.7,True,P,22.43,feldpausch,30.7,22.43,0.326,340.2234,,,340.2234,,,
SFX_A02,34,Sloanea guianensis,Elaeocarpaceae,411434.0507,9270479.423,0.82,,11.0,,,20120808,A,O,P25,11.38,11.38,feldpausch_regional,0.18,default,0.0,11.0,11.38,11.0,True,O,11.38,feldpausch,11.0,11.38,0.8212,23.6621,17.8143,17.8143,23.6621,17.8143,17.8143,
SFX_A02,35,Zollernia paraensis,Fabaceae,411435.9507,9270474.823,0.99,,10.0,,,20120808,A,O,P25,10.62,10.62,feldpausch_regional,0.18,default,0.0,10.0,10.62,10.0,True,O,10.62,feldpausch,10.0,10.62,0.99,18.3636,13.9133,13.9133,18.3636,13.9133,13.9133,
SFX_A02,36,Dalbergia melanoxylon,Fabaceae,411440.4507,9270474.823,0.8,,13.9,,,20120808,A,O,P25,13.42,13.42,feldpausch_regional,0.18,default,0.0,13.9,13.42,13.9,True,O,13.42,feldpausch,13.9,13.42,1.0772,43.8846,32.553,32.553,43.8846,32.553,32.553,
SFX_A02,37,,,411432.7507,9270472.823,0.7,0.26019872,52.1,2.7,,20120808,D,o,P25,29.88,29.88,feldpausch_regional,0.18,default,0.0,52.1,29.88,52.1,False,O,2.7,measured,52.1,2.7,0.7175,120.9871,120.9871,144.051,120.9871,120.9871,144.051,
SFX_A02,38,,,411440.1507,9270471.523,0.6,,11.2,,,20120808,D,o,P25,11.53,11.53,feldpausch_regional,0.18,default,0.0,11.2,11.53,11.2,False,O,11.53,feldpausch,11.2,11.53,0.7175,24.8245,24.8245,29.5568,24.8245,24.8245,29.5568,
SFX_A02,39,Gustavia poeppigiana,Lecythidaceae,411432.5507,9270468.823,0.66,,11.6,,,20120808,A,O,P25,11.82,11.82,feldpausch_regional,0.18,default,0.0,11.6,11.82,11.6,True,O,11.82,feldpausch,11.6,11.82,0.6414,27.2369,20.4351,20.4351,27.2369,20.4351,20.4351,
SFX_A02,40,Himatanthus sucuuba,Euphorbiaceae,411437.1507,9270466.523,0.46,,10.4,,,20120808,A,O,P25,10.93,10.93,feldpausch_regional,0.18,default,0.0,10.4,10.93,10.4,True,O,10.93,feldpausch,10.4,10.93,0.462,20.3893,15.407,15.407,20.3893,15.407,15.407,
SFX_A02,41,Dalbergia melanoxylon,Fabaceae,411445.4507,9270465.823,0.8,,16.3,,,20120808,A,O,P25,14.98,14.98,feldpausch_regional,0.18,default,0.0,16.3,14.98,16.3,True,O,14.98,feldpausch,16.3,14.98,1.0772,66.6731,48.9783,48.9783,66.6731,48.9783,48.9783,
SFX_A02,42,Inga marginata,Fabaceae,411448.4507,9270465.823,0.57,,10.3,,,20120808,A,O,P25,10.85,10.85,feldpausch_regional,0.18,default,0.0,10.3,10.85,10.3,True,O,10.85,feldpausch,10.3,10.85,0.5518,19.8654,15.0216,15.0216,19.8654,15.0216,15.0216,
SFX_A02,43,Mimosa hostilis,Fabaceae,411451.4507,9270464.823,0.45,,30.1,,,20120808,A,O,P25,22.17,22.17,feldpausch_regional,0.18,default,0.0,30.1,22.17,30.1,True,O,22.17,feldpausch,30.1,22.17,0.8235,323.6606,230.1594,230.1594,323.6606,230.1594,230.1594,
SFX_A02,44,Inga marginata,Fabaceae,411452.4507,9270464.523,0.57,,14.9,,,20120808,A,O,P25,14.08,14.08,feldpausch_regional,0.18,default,0.0,14.9,14.08,14.9,True,O,14.08,feldpausch,14.9,14.08,0.5518,52.6692,38.9035,38.9035,52.6692,38.9035,38.9035,
SFX_A02,45,Apeiba echinata,Malvaceae,411450.4507,9270463.823,0.28,,16.0,,,20120808,A,O,P25,14.79,14.79,feldpausch_regional,0.18,default,0.0,16.0,14.79,16.0,True,O,14.79,feldpausch,16.0,14.79,0.2822,63.5026,46.7018,46.7018,63.5026,46.7018,46.7018,
SFX_A02,46,Theobroma glaucum,Malvaceae,411449.4507,9270463.823,0.53,,12.2,,,20120808,A,O,P25,12.25,12.25,feldpausch_regional,0.18,default,0.0,12.2,12.25,12.2,True,O,12.25,feldpausch,12.2,12.25,0.5297,31.1212,23.2742,23.2742,31.1212,23.2742,23.2742,
SFX_A02,47,Dalbergia melanoxylon,Fabaceae,411454.4507,9270462.823,0.8,0.735796004,45.4,8.76,3.97,20120808,A,O,P25,27.88,27.88,feldpausch_regional,0.18,default,0.0,45.4,27.88,45.4,True,O,8.76,measured,45.4,8.76,1.0772,291.6874,244.985,244.985,291.6874,244.985,244.985,
SFX_A02,48,Dalbergia melanoxylon,Fabaceae,411455.4507,9270462.823,0.8,,11.4,,,20120808,A,O,P25,11.67,11.67,feldpausch_regional,0.18,default,0.0,11.4,11.67,11.4,True,O,11.67,feldpausch,11.4,11.67,1.0772,26.0016,19.5314,19.5314,26.0016,19.5314,19.5314,
SFX_A02,49,Inga marginata,Fabaceae,411450.4507,9270464.823,0.57,,14.0,,,20120808,A,O,P25,13.49,13.49,feldpausch_regional,0.18,default,0.0,14.0,13.49,14.0,True,O,13.49,feldpausch,14.0,13.49,0.5518,44.7295,33.1639,33.1639,44.7295,33.1639,33.1639,
SFX_A02,50,Neea oppositifolia,Nyctaginaceae,411442.4507,9270465.823,0.89,,30.0,,,20120808,A,O,P25,22.13,22.13,feldpausch_regional,0.18,default,0.0,30.0,22.13,30.0,True,O,22.13,feldpausch,30.0,22.13,0.893,320.9987,228.2952,228.2952,320.9987,228.2952,228.2952,
SFX_A02,51,Pourouma minor,Urticaceae,411441.4507,9270463.823,0.44,,13.9,,,20120808,A,O,P25,13.42,13.42,feldpausch_regional,0.18,default,0.0,13.9,13.42,13.9,True,O,13.42,feldpausch,13.9,13.42,0.436,43.8846,32.553,32.553,43.8846,32.553,32.553,
SFX_A02,52,,,411448.4507,9270462.823,0.45,1.200506981,57.9,23.25,,20120808,D,o,P25,31.42,31.42,feldpausch_regional,0.18,default,0.0,57.9,31.42,57.9,False,O,23.25,measured,57.9,23.25,0.7175,1215.7326,1215.7326,1447.489,1215.7326,1215.7326,1447.489,
SFX_A02,53,,,411450.4507,9270461.823,0.45,,12.7,,,20120808,D,o,P25,12.6,12.6,feldpausch_regional,0.18,default,0.0,12.7,12.6,12.7,False,O,12.6,feldpausch,12.7,12.6,0.7175,34.5977,34.5977,41.1931,34.5977,34.5977,41.1931,
SFX_A02,54,Neea oppositifolia,Nyctaginaceae,411444.4507,9270460.823,0.89,,20.0,,,20120808,A,O,P25,17.17,17.17,feldpausch_regional,0.18,default,0.0,20.0,17.17,20.0,True,O,17.17,feldpausch,20.0,17.17,0.893,113.5552,82.4445,82.4445,113.5552,82.4445,82.4445,
SFX_A02,55,Galipea trifoliata,NI,411445.4507,9270460.123,0.62,,11.7,,,20120808,A,O,P25,11.89,11.89,feldpausch_regional,0.18,default,0.0,11.7,11.89,11.7,True,O,11.89,feldpausch,11.7,11.89,0.997,27.8572,20.8896,20.8896,27.8572,20.8896,20.8896,
SFX_A02,56,Castilla ulei,Moraceae,411441.4507,9270459.923,0.82,,27.4,,,20120808,A,O,P25,20.95,20.95,feldpausch_regional,0.18,default,0.0,27.4,20.95,27.4,True,O,20.95,feldpausch,27.4,20.95,0.5675,254.9326,182.0913,182.0913,254.9326,182.0913,182.0913,
SFX_A02,57,NI,NI,411439.4507,9270460.023,0.62,,10.9,,,20120808,A,O,P25,11.3,11.3,feldpausch_regional,0.18,default,0.0,10.9,11.3,10.9,True,O,11.3,feldpausch,10.9,11.3,0.7175,23.0846,17.3912,17.3912,23.0846,17.3912,17.3912,
SFX_A02,58,Inga marginata,Fabaceae,411432.7507,9270457.423,0.57,,12.9,,,20120808,A,O,P25,12.74,12.74,feldpausch_regional,0.18,default,0.0,12.9,12.74,12.9,True,O,12.74,feldpausch,12.9,12.74,0.5518,36.056,26.87,26.87,36.056,26.87,26.87,
SFX_A02,59,Inga marginata,Fabaceae,411432.9507,9270457.323,0.57,,14.1,,,20120808,A,O,P25,13.56,13.56,feldpausch_regional,0.18,default,0.0,14.1,13.56,14.1,True,O,13.56,feldpausch,14.1,13.56,0.5518,45.585,33.7821,33.7821,45.585,33.7821,33.7821,
SFX_A02,60,NI,NI,411436.1507,9270457.323,0.62,,29.4,,,20120808,A,O,P25,21.86,21.86,feldpausch_regional,0.18,default,0.0,29.4,21.86,29.4,True,O,21.86,feldpausch,29.4,21.86,0.7175,304.9111,217.0641,217.0641,304.9111,217.0641,217.0641,
SFX_A02,63,Neea oppositifolia,Nyctaginaceae,411453.4507,9270456.623,0.89,,10.5,,,20120808,A,O,P25,11.0,11.0,feldpausch_regional,0.18,default,0.0,10.5,11.0,10.5,True,O,11.0,feldpausch,10.5,11.0,0.893,20.9036,15.7869,15.7869,20.9036,15.7869,15.7869,
SFX_A02,64,Inga marginata,Fabaceae,411444.4507,9270456.023,0.57,0.857015465,34.5,24.69,13.16,20120808,A,O,P25,24.01,24.01,feldpausch_regional,0.18,default,0.0,34.5,24.01,34.5,True,O,24.69,measured,34.5,24.69,0.5518,469.2282,330.2022,330.2022,469.2282,330.2022,330.2022,
SFX_A02,65,Inga marginata,Fabaceae,411440.4507,9270453.023,0.57,0.032976337,10.6,10.06,5.35,20120808,A,O,P25,11.08,11.08,feldpausch_regional,0.18,default,0.0,10.6,11.08,10.6,True,O,10.06,measured,10.6,10.06,0.5518,19.5161,14.9553,14.9553,19.5161,14.9553,14.9553,
SFX_A02,66,Cordia scabrifolia,Boraginaceae,411439.4507,9270452.923,0.47,,14.0,,,20120808,A,O,P25,13.49,13.49,feldpausch_regional,0.18,default,0.0,14.0,13.49,14.0,True,O,13.49,feldpausch,14.0,13.49,0.474,44.7295,33.1639,33.1639,44.7295,33.1639,33.1639,
SFX_A02,67,Neea oppositifolia,Nyctaginaceae,411434.4507,9270450.523,0.89,,14.0,,,20120808,A,O,P25,13.49,13.49,feldpausch_regional,0.18,default,0.0,14.0,13.49,14.0,True,O,13.49,feldpausch,14.0,13.49,0.893,44.7295,33.1639,33.1639,44.7295,33.1639,33.1639,
SFX_A02,68,Neea oppositifolia,Nyctaginaceae,411434.4507,9270450.423,0.89,,19.5,,,20120808,A,O,P25,16.88,16.88,feldpausch_regional,0.18,default,0.0,19.5,16.88,19.5,True,O,16.88,feldpausch,19.5,16.88,0.893,106.2977,77.2893,77.2893,106.2977,77.2893,77.2893,
SFX_A02,69,Theobroma glaucum,Malvaceae,411433.7507,9270444.823,0.53,0.036222723,11.1,10.9,9.45,20120808,A,O,P25,11.45,11.45,feldpausch_regional,0.18,default,0.0,11.1,11.45,11.1,True,O,10.9,measured,11.1,10.9,0.5297,23.0919,17.5114,17.5114,23.0919,17.5114,17.5114,
SFX_A02,70,Dalbergia melanoxylon,Fabaceae,411436.4507,9270444.323,0.8,,10.1,,,20120808,A,O,P25,10.7,10.7,feldpausch_regional,0.18,default,0.0,10.1,10.7,10.1,True,O,10.7,feldpausch,10.1,10.7,1.0772,18.8614,14.2803,14.2803,18.8614,14.2803,14.2803,
SFX_A02,1,Dalbergia melanoxylon,Fabaceae,411455.7415,9270309.098,0.8,,16.6,,,20120808,A,O,P26,15.16,15.16,feldpausch_regional,0.18,default,0.0,16.6,15.16,16.6,True,O,15.16,feldpausch,16.6,15.16,1.0772,69.8995,51.2965,51.2965,69.8995,51.2965,51.2965,
SFX_A02,2,Mimosa hostilis,Fabaceae,411454.8415,9270305.098,0.45,1.827113295,57.0,24.55,18.12,20120808,A,O,P26,31.19,31.19,feldpausch_regional,0.18,default,0.0,57.0,31.19,57.0,True,O,24.55,measured,57.0,24.55,0.8235,1243.4223,897.1629,897.1629,1243.4223,897.1629,897.1629,
SFX_A02,3,NI,NI,411451.7415,9270305.098,0.62,0.013846831,10.6,3.91,2.22,20120808,A,O,P26,11.08,11.08,feldpausch_regional,0.18,default,0.0,10.6,11.08,10.6,True,O,3.91,measured,10.6,3.91,0.7175,7.7593,6.9035,6.9035,7.7593,6.9035,6.9035,
SFX_A02,4,Guarea guidonia,Meliaceae,411455.7415,9270304.998,0.55,,10.3,,,20120808,A,O,P26,10.85,10.85,feldpausch_regional,0.18,default,0.0,10.3,10.85,10.3,True,O,10.85,feldpausch,10.3,10.85,0.5651,19.8654,15.0216,15.0216,19.8654,15.0216,15.0216,
SFX_A02,5,Galipea trifoliata,NI,411454.7415,9270303.298,0.62,,15.5,,,20120808,A,O,P26,14.47,14.47,feldpausch_regional,0.18,default,0.0,15.5,14.47,15.5,True,O,14.47,feldpausch,15.5,14.47,0.997,58.4259,43.0513,43.0513,58.4259,43.0513,43.0513,
SFX_A02,6,Dalbergia melanoxylon,Fabaceae,411450.7415,9270301.498,0.8,,33.5,,,20120808,A,O,P26,23.61,23.61,feldpausch_regional,0.18,default,0.0,33.5,23.61,33.5,True,O,23.61,feldpausch,33.5,23.61,1.0772,424.1211,300.1522,300.1522,424.1211,300.1522,300.1522,
SFX_A02,7,NI,NI,411447.7415,9270303.098,0.62,,13.2,,,20120808,A,O,P26,12.95,12.95,feldpausch_regional,0.18,default,0.0,13.2,12.95,13.2,True,O,12.95,feldpausch,13.2,12.95,0.7175,38.3174,28.5131,28.5131,38.3174,28.5131,28.5131,
SFX_A02,8,Inga marginata,Fabaceae,411448.0415,9270301.098,0.57,1.237801732,45.7,20.32,22.01,20120808,A,O,P26,27.98,27.98,feldpausch_regional,0.18,default,0.0,45.7,27.98,45.7,True,O,20.32,measured,45.7,20.32,0.5518,671.6618,494.0529,494.0529,671.6618,494.0529,494.0529,
SFX_A02,9,Dalbergia melanoxylon,Fabaceae,411444.7415,9270302.498,0.8,,21.4,,,20120808,A,O,P26,17.94,17.94,feldpausch_regional,0.18,default,0.0,21.4,17.94,21.4,True,O,17.94,feldpausch,21.4,17.94,1.0772,135.2568,97.8394,97.8394,135.2568,97.8394,97.8394,
SFX_A02,10,Cordia scabrifolia,Boraginaceae,411445.7415,9270299.098,0.47,,12.8,,,20120808,A,O,P26,12.67,12.67,feldpausch_regional,0.18,default,0.0,12.8,12.67,12.8,True,O,12.67,feldpausch,12.8,12.67,0.474,35.3219,26.3361,26.3361,35.3219,26.3361,26.3361,
SFX_A02,11,Pourouma minor,Urticaceae,411446.0415,9270299.098,0.44,,15.9,,,20120808,A,O,P26,14.73,14.73,feldpausch_regional,0.18,default,0.0,15.9,14.73,15.9,True,O,14.73,feldpausch,15.9,14.73,0.436,62.4818,45.9667,45.9667,62.4818,45.9667,45.9667,
SFX_A02,15,Attalea maripa,Arecaceae,411454.7415,9270295.998,,0.186705229,30.8,,,20120808,A,P,P26,22.48,22.48,feldpausch_regional,0.18,default,0.0,30.8,22.48,30.8,True,P,22.48,feldpausch,30.8,22.48,0.326,343.1349,,,343.1349,,,
SFX_A02,16,Galipea trifoliata,NI,411446.7415,9270295.098,0.62,,13.2,,,20120808,A,O,P26,12.95,12.95,feldpausch_regional,0.18,default,0.0,13.2,12.95,13.2,True,O,12.95,feldpausch,13.2,12.95,0.997,38.3174,28.5131,28.5131,38.3174,28.5131,28.5131,
SFX_A02,17,Dalbergia melanoxylon,Fabaceae,411448.7415,9270294.098,0.8,0.192295416,19.5,12.41,8.29,20120808,A,O,P26,16.88,16.88,feldpausch_regional,0.18,default,0.0,19.5,16.88,19.5,True,O,12.41,measured,19.5,12.41,1.0772,78.7281,60.0944,60.0944,78.7281,60.0944,60.0944,
SFX_A02,18,Dalbergia melanoxylon,Fabaceae,411455.7415,9270292.798,0.8,,17.1,,,20120808,A,O,P26,15.47,15.47,feldpausch_regional,0.18,default,0.0,17.1,15.47,17.1,True,O,15.47,feldpausch,17.1,15.47,1.0772,75.546,55.342,55.342,75.546,55.342,55.342,
SFX_A02,19,Poeppigia sp.,Fabaceae,411440.7415,9270291.098,0.69,,12.3,,,20120808,A,O,P26,12.32,12.32,feldpausch_regional,0.18,default,0.0,12.3,12.32,12.3,True,O,12.32,feldpausch,12.3,12.32,0.735,31.7974,23.7678,23.7678,31.7974,23.7678,23.7678,
SFX_A02,20,Dalbergia melanoxylon,Fabaceae,411431.7415,9270291.398,0.8,,10.2,,,20120808,A,O,P26,10.78,10.78,feldpausch_regional,0.18,default,0.0,10.2,10.78,10.2,True,O,10.78,feldpausch,10.2,10.78,1.0772,19.368,14.6535,14.6535,19.368,14.6535,14.6535,
SFX_A02,21,Dalbergia melanoxylon,Fabaceae,411437.7415,9270289.098,0.8,,18.3,,,20120808,A,O,P26,16.19,16.19,feldpausch_regional,0.18,default,0.0,18.3,16.19,18.3,True,O,16.19,feldpausch,18.3,16.19,1.0772,90.1551,65.7848,65.7848,90.1551,65.7848,65.7848,
SFX_A02,22,Dalbergia melanoxylon,Fabaceae,411452.7415,9270289.098,0.8,0.846877701,44.8,10.36,5.41,20120808,A,O,P26,27.69,27.69,feldpausch_regional,0.18,default,0.0,44.8,27.69,44.8,True,O,10.36,measured,44.8,10.36,1.0772,334.77,273.6401,273.6401,334.77,273.6401,273.6401,
SFX_A02,23,Cordia scabrifolia,Boraginaceae,411453.7415,9270287.098,0.47,,10.9,,,20120808,A,O,P26,11.3,11.3,feldpausch_regional,0.18,default,0.0,10.9,11.3,10.9,True,O,11.3,feldpausch,10.9,11.3,0.474,23.0846,17.3912,17.3912,23.0846,17.3912,17.3912,
SFX_A02,24,Gustavia poeppigiana,Lecythidaceae,411443.7415,9270286.098,0.66,,13.8,,,20120808,A,O,P26,13.36,13.36,feldpausch_regional,0.18,default,0.0,13.8,13.36,13.8,True,O,13.36,feldpausch,13.8,13.36,0.6414,43.0816,31.9689,31.9689,43.0816,31.9689,31.9689,
SFX_A02,25,Tabebuia serratifolia,Bignoniaceae,411445.7415,9270284.698,0.92,,20.0,,,20120808,A,O,P26,17.17,17.17,feldpausch_regional,0.18,default,0.0,20.0,17.17,20.0,True,O,17.17,feldpausch,20.0,17.17,0.924,113.5552,82.4445,82.4445,113.5552,82.4445,82.4445,
SFX_A02,26,Zollernia paraensis,Fabaceae,411454.2415,9270284.598,0.99,,11.2,,,20120808,A,O,P26,11.53,11.53,feldpausch_regional,0.18,default,0.0,11.2,11.53,11.2,True,O,11.53,feldpausch,11.2,11.53,0.99,24.8245,18.6669,18.6669,24.8245,18.6669,18.6669,
SFX_A02,27,Dalbergia melanoxylon,Fabaceae,411449.7415,9270282.598,0.8,,19.5,,,20120808,A,O,P26,16.88,16.88,feldpausch_regional,0.18,default,0.0,19.5,16.88,19.5,True,O,16.88,feldpausch,19.5,16.88,1.0772,106.2977,77.2893,77.2893,106.2977,77.2893,77.2893,
SFX_A02,28,Theobroma glaucum,Malvaceae,411450.7415,9270282.098,0.53,,12.2,,,20120808,A,O,P26,12.25,12.25,feldpausch_regional,0.18,default,0.0,12.2,12.25,12.2,True,O,12.25,feldpausch,12.2,12.25,0.5297,31.1212,23.2742,23.2742,31.1212,23.2742,23.2742,
SFX_A02,29,Bocageopsis pleiosperma,Annonaceae,411455.2415,9270281.498,0.64,,14.8,,,20120808,A,O,P26,14.02,14.02,feldpausch_regional,0.18,default,0.0,14.8,14.02,14.8,True,O,14.02,feldpausch,14.8,14.02,0.6402,51.7652,38.2492,38.2492,51.7652,38.2492,38.2492,
SFX_A02,30,Theobroma glaucum,Malvaceae,411431.7415,9270287.098,0.53,,10.8,,,20120808,A,O,P26,11.23,11.23,feldpausch_regional,0.18,default,0.0,10.8,11.23,10.8,True,O,11.23,feldpausch,10.8,11.23,0.5297,22.5359,16.987,16.987,22.5359,16.987,16.987,
SFX_A02,33,,,411446.7415,9270275.598,0.6,,13.4,,,20120808,D,o,P26,13.08,13.08,feldpausch_regional,0.18,default,0.0,13.4,13.08,13.4,False,O,13.08,feldpausch,13.4,13.08,0.7175,39.8454,39.8454,47.4412,39.8454,39.8454,47.4412,
SFX_A02,34,Theobroma glaucum,Malvaceae,411447.7415,9270277.898,0.53,,12.6,,,20120808,A,O,P26,12.53,12.53,feldpausch_regional,0.18,default,0.0,12.6,12.53,12.6,True,O,12.53,feldpausch,12.6,12.53,0.5297,33.8832,25.2886,25.2886,33.8832,25.2886,25.2886,
SFX_A02,35,Dalbergia melanoxylon,Fabaceae,411448.7415,9270276.098,0.8,,14.9,,,20120808,A,O,P26,14.08,14.08,feldpausch_regional,0.18,default,0.0,14.9,14.08,14.9,True,O,14.08,feldpausch,14.9,14.08,1.0772,52.6692,38.9035,38.9035,52.6692,38.9035,38.9035,
SFX_A02,36,Cecropia ficifolia,Urticaceae,411451.7415,9270275.098,0.27,,18.4,,,20120808,A,O,P26,16.25,16.25,feldpausch_regional,0.18,default,0.0,18.4,16.25,18.4,True,O,16.25,feldpausch,18.4,16.25,0.266,91.4488,66.7073,66.7073,91.4488,66.7073,66.7073,
SFX_A02,37,Dalbergia melanoxylon,Fabaceae,411455.1415,9270275.398,0.8,,27.1,,,20120808,A,O,P26,20.81,20.81,feldpausch_regional,0.18,default,0.0,27.1,20.81,27.1,True,O,20.81,feldpausch,27.1,20.81,1.0772,247.885,177.1514,177.1514,247.885,177.1514,177.1514,
SFX_A02,38,Pourouma minor,Urticaceae,411456.6415,9270271.098,0.44,,12.2,,,20120808,A,O,P26,12.25,12.25,feldpausch_regional,0.18,default,0.0,12.2,12.25,12.2,True,O,12.25,feldpausch,12.2,12.25,0.436,31.1212,23.2742,23.2742,31.1212,23.2742,23.2742,
SFX_A02,39,NI,NI,411450.7415,9270270.098,0.62,,12.3,,,20120808,A,O,P26,12.32,12.32,feldpausch_regional,0.18,default,0.0,12.3,12.32,12.3,True,O,12.32,feldpausch,12.3,12.32,0.7175,31.7974,23.7678,23.7678,31.7974,23.7678,23.7678,
SFX_A02,40,Annona ambotay,Annonaceae,411456.8415,9270314.098,0.41,,13.2,,,20120808,A,O,P26,12.95,12.95,feldpausch_regional,0.18,default,0.0,13.2,12.95,13.2,True,O,12.95,feldpausch,13.2,12.95,0.5112,38.3174,28.5131,28.5131,38.3174,28.5131,28.5131,
SFX_A02,41,Dalbergia melanoxylon,Fabaceae,411458.3415,9270304.598,0.8,,19.3,,,20120808,A,O,P26,16.77,16.77,feldpausch_regional,0.18,default,0.0,19.3,16.77,19.3,True,O,16.77,feldpausch,19.3,16.77,1.0772,103.5173,75.3082,75.3082,103.5173,75.3082,75.3082,
SFX_A02,42,Castilla ulei,Moraceae,411458.4415,9270299.598,0.82,,13.3,,,20120808,A,O,P26,13.02,13.02,feldpausch_regional,0.18,default,0.0,13.3,13.02,13.3,True,O,13.02,feldpausch,13.3,13.02,0.5675,39.0912,29.0747,29.0747,39.0912,29.0747,29.0747,
SFX_A02,43,Dalbergia melanoxylon,Fabaceae,411468.7415,9270299.098,0.8,,13.9,,,20120808,A,O,P26,13.42,13.42,feldpausch_regional,0.18,default,0.0,13.9,13.42,13.9,True,O,13.42,feldpausch,13.9,13.42,1.0772,43.8846,32.553,32.553,43.8846,32.553,32.553,
SFX_A02,44,Jacaratia spinosa,Caricaceae,411457.7415,9270305.098,0.27,,17.0,,,20120808,A,O,P26,15.41,15.41,feldpausch_regional,0.18,default,0.0,17.0,15.41,17.0,True,O,15.41,feldpausch,17.0,15.41,0.265,74.4033,54.523,54.523,74.4033,54.523,54.523,
SFX_A02,45,Neea oppositifolia,Nyctaginaceae,411469.7415,9270300.298,0.89,,12.6,,,20120808,A,O,P26,12.53,12.53,feldpausch_regional,0.18,default,0.0,12.6,12.53,12.6,True,O,12.53,feldpausch,12.6,12.53,0.893,33.8832,25.2886,25.2886,33.8832,25.2886,25.2886,
SFX_A02,47,Attalea maripa,Arecaceae,411469.7415,9270296.198,,0.101647207,22.2,,,20120808,A,P,P26,18.37,18.37,feldpausch_regional,0.18,default,0.0,22.2,18.37,22.2,True,P,18.37,feldpausch,22.2,18.37,0.326,148.7004,,,148.7004,,,
SFX_A02,48,Neea oppositifolia,Nyctaginaceae,411459.7415,9270297.798,0.89,,19.8,,,20120808,A,O,P26,17.05,17.05,feldpausch_regional,0.18,default,0.0,19.8,17.05,19.8,True,O,17.05,feldpausch,19.8,17.05,0.893,110.5896,80.3416,80.3416,110.5896,80.3416,80.3416,
SFX_A02,49,Mimosa hostilis,Fabaceae,411464.7415,9270294.098,0.45,,15.8,,,20120808,A,O,P26,14.66,14.66,feldpausch_regional,0.18,default,0.0,15.8,14.66,15.8,True,O,14.66,feldpausch,15.8,14.66,0.8235,61.4308,45.2138,45.2138,61.4308,45.2138,45.2138,
SFX_A02,50,NI,NI,411461.7415,9270292.498,0.62,,23.7,,,20120808,A,O,P26,19.15,19.15,feldpausch_regional,0.18,default,0.0,23.7,19.15,23.7,True,O,19.15,feldpausch,23.7,19.15,0.7175,175.9406,126.5815,126.5815,175.9406,126.5815,126.5815,
SFX_A02,51,Protium heptaphyllum,Burseraceae,411456.8415,9270292.198,0.62,,10.7,,,20120808,A,O,P26,11.15,11.15,feldpausch_regional,0.18,default,0.0,10.7,11.15,10.7,True,O,11.15,feldpausch,10.7,11.15,0.6293,21.9765,16.5767,16.5767,21.9765,16.5767,16.5767,
SFX_A02,52,Neea oppositifolia,Nyctaginaceae,411481.7415,9270291.098,0.89,,12.6,,,20120808,A,O,P26,12.53,12.53,feldpausch_regional,0.18,default,0.0,12.6,12.53,12.6,True,O,12.53,feldpausch,12.6,12.53,0.893,33.8832,25.2886,25.2886,33.8832,25.2886,25.2886,
SFX_A02,53,Euterpe oleracea,Arecaceae,411480.7415,9270290.298,,0.024862758,10.4,,,20120808,A,P,P26,10.93,10.93,feldpausch_regional,0.18,default,0.0,10.4,10.93,10.4,True,P,10.93,feldpausch,10.4,10.93,0.3877,20.3893,,,20.3893,,,
SFX_A02,54,Tachigali myrmecophila,Fabaceae,411477.7415,9270290.198,0.48,,10.8,,,20120808,A,O,P26,11.23,11.23,feldpausch_regional,0.18,default,0.0,10.8,11.23,10.8,True,O,11.23,feldpausch,10.8,11.23,0.476,22.5359,16.987,16.987,22.5359,16.987,16.987,
SFX_A02,55,Inga marginata,Fabaceae,411466.7415,9270290.198,0.57,,12.0,,,20120808,A,O,P26,12.11,12.11,feldpausch_regional,0.18,default,0.0,12.0,12.11,12.0,True,O,12.11,feldpausch,12.0,12.11,0.5518,29.7969,22.3066,22.3066,29.7969,22.3066,22.3066,
SFX_A02,56,Neea oppositifolia,Nyctaginaceae,411464.7415,9270290.098,0.89,,18.9,,,20120808,A,O,P26,16.54,16.54,feldpausch_regional,0.18,default,0.0,18.9,16.54,18.9,True,O,16.54,feldpausch,18.9,16.54,0.893,98.0403,71.4077,71.4077,98.0403,71.4077,71.4077,
SFX_A02,57,Guarea guidonia,Meliaceae,411466.7415,9270279.698,0.55,,10.6,,,20120808,A,O,P26,11.08,11.08,feldpausch_regional,0.18,default,0.0,10.6,11.08,10.6,True,O,11.08,feldpausch,10.6,11.08,0.5651,21.4451,16.1847,16.1847,21.4451,16.1847,16.1847,
SFX_A02,58,Dalbergia melanoxylon,Fabaceae,411460.7415,9270281.598,0.8,,14.0,,,20120808,A,O,P26,13.49,13.49,feldpausch_regional,0.18,default,0.0,14.0,13.49,14.0,True,O,13.49,feldpausch,14.0,13.49,1.0772,44.7295,33.1639,33.1639,44.7295,33.1639,33.1639,
SFX_A02,59,,,411469.7415,9270277.598,0.58,,22.5,,,20120808,D,o,P26,18.53,18.53,feldpausch_regional,0.18,default,0.0,22.5,18.53,22.5,False,O,18.53,feldpausch,22.5,18.53,0.7175,153.9456,153.9456,183.2925,153.9456,153.9456,183.2925,
SFX_A02,60,Ocotea sp.,Lauraceae,411459.7415,9270274.898,0.5,,10.2,,,20120808,A,O,P26,10.78,10.78,feldpausch_regional,0.18,default,0.0,10.2,10.78,10.2,True,O,10.78,feldpausch,10.2,10.78,0.5245,19.368,14.6535,14.6535,19.368,14.6535,14.6535,
SFX_A02,61,Mimosa hostilis,Fabaceae,411459.4415,9270272.098,0.45,1.506169383,44.8,32.76,18.12,20120808,A,O,P26,27.69,27.69,feldpausch_regional,0.18,default,0.0,44.8,27.69,44.8,True,O,32.76,measured,44.8,32.76,0.8235,1029.7481,701.7248,701.7248,1029.7481,701.7248,701.7248,
SFX_A02,62,Neea oppositifolia,Nyctaginaceae,411461.7415,9270272.098,0.89,,13.4,,,20120808,A,O,P26,13.08,13.08,feldpausch_regional,0.18,default,0.0,13.4,13.08,13.4,True,O,13.08,feldpausch,13.4,13.08,0.893,39.8454,29.6247,29.6247,39.8454,29.6247,29.6247,
SFX_A02,63,Guarea guidonia,Meliaceae,411465.7415,9270272.098,0.55,,10.6,,,20120808,A,O,P26,11.08,11.08,feldpausch_regional,0.18,default,0.0,10.6,11.08,10.6,True,O,11.08,feldpausch,10.6,11.08,0.5651,21.4451,16.1847,16.1847,21.4451,16.1847,16.1847,
SFX_A02,64,,,411460.0415,9270267.098,0.45,,26.8,,,20120808,D,o,P26,20.67,20.67,feldpausch_regional,0.18,default,0.0,26.8,20.67,26.8,False,O,20.67,feldpausch,26.8,20.67,0.7175,240.964,240.964,286.8992,240.964,240.964,286.8992,
SFX_A02,65,Dalbergia melanoxylon,Fabaceae,411460.2415,9270313.098,0.8,,14.6,,,20120808,A,O,P26,13.89,13.89,feldpausch_regional,0.18,default,0.0,14.6,13.89,14.6,True,O,13.89,feldpausch,14.6,13.89,1.0772,49.9522,36.9399,36.9399,49.9522,36.9399,36.9399,
SFX_A02,1,Castilla ulei,Moraceae,411488.4011,9270155.593,0.82,,10.5,,,20120808,A,O,P27,11.0,11.0,feldpausch_regional,0.18,default,0.0,10.5,11.0,10.5,True,O,11.0,feldpausch,10.5,11.0,0.5675,20.9036,15.7869,15.7869,20.9036,15.7869,15.7869,
SFX_A02,2,Neea oppositifolia,Nyctaginaceae,411489.8011,9270153.593,0.89,,13.9,,,20120808,A,O,P27,13.42,13.42,feldpausch_regional,0.18,default,0.0,13.9,13.42,13.9,True,O,13.42,feldpausch,13.9,13.42,0.893,43.8846,32.553,32.553,43.8846,32.553,32.553,
SFX_A02,3,Tachigali myrmecophila,Fabaceae,411488.3011,9270149.193,0.48,,10.7,,,20120808,A,O,P27,11.15,11.15,feldpausch_regional,0.18,default,0.0,10.7,11.15,10.7,True,O,11.15,feldpausch,10.7,11.15,0.476,21.9765,16.5767,16.5767,21.9765,16.5767,16.5767,
SFX_A02,4,Attalea maripa,Arecaceae,411486.1011,9270150.593,,0.209843487,32.8,,,20120808,A,P,P27,23.32,23.32,feldpausch_regional,0.18,default,0.0,32.8,23.32,32.8,True,P,23.32,feldpausch,32.8,23.32,0.326,402.1143,,,402.1143,,,
SFX_A02,6,NI,NI,411474.1011,9270143.593,0.62,,14.5,,,20120808,A,O,P27,13.82,13.82,feldpausch_regional,0.18,default,0.0,14.5,13.82,14.5,True,O,13.82,feldpausch,14.5,13.82,0.7175,49.0441,36.2853,36.2853,49.0441,36.2853,36.2853,
SFX_A02,7,,,411473.1011,9270142.593,0.7,,10.6,,,20120808,D,o,P27,11.08,11.08,feldpausch_regional,0.18,default,0.0,10.6,11.08,10.6,False,O,11.08,feldpausch,10.6,11.08,0.7175,21.4451,21.4451,25.5332,21.4451,21.4451,25.5332,
SFX_A02,8,Vitex triflora,Lamiaceae,411476.1011,9270142.393,0.56,,12.3,,,20120808,A,O,P27,12.32,12.32,feldpausch_regional,0.18,default,0.0,12.3,12.32,12.3,True,O,12.32,feldpausch,12.3,12.32,0.5482,31.7974,23.7678,23.7678,31.7974,23.7678,23.7678,
SFX_A02,9,Tabebuia serratifolia,Bignoniaceae,411488.3011,9270144.593,0.92,,16.0,,,20120808,A,O,P27,14.79,14.79,feldpausch_regional,0.18,default,0.0,16.0,14.79,16.0,True,O,14.79,feldpausch,16.0,14.79,0.924,63.5026,46.7018,46.7018,63.5026,46.7018,46.7018,
SFX_A02,10,Attalea maripa,Arecaceae,411476.1011,9270136.593,,0.13340242,25.7,,,20120808,A,P,P27,20.14,20.14,feldpausch_regional,0.18,default,0.0,25.7,20.14,25.7,True,P,20.14,feldpausch,25.7,20.14,0.326,216.4772,,,216.4772,,,
SFX_A02,11,Mimosa hostilis,Fabaceae,411467.1011,9270136.293,0.45,,12.2,,,20120808,A,O,P27,12.25,12.25,feldpausch_regional,0.18,default,0.0,12.2,12.25,12.2,True,O,12.25,feldpausch,12.2,12.25,0.8235,31.1212,23.2742,23.2742,31.1212,23.2742,23.2742,
SFX_A02,12,Pourouma minor,Urticaceae,411466.8011,9270136.193,0.44,,21.2,,,20120808,A,O,P27,17.83,17.83,feldpausch_regional,0.18,default,0.0,21.2,17.83,21.2,True,O,17.83,feldpausch,21.2,17.83,0.436,132.0055,95.5373,95.5373,132.0055,95.5373,95.5373,
SFX_A02,13,Pourouma minor,Urticaceae,411466.1011,9270135.993,0.44,,21.1,,,20120808,A,O,P27,17.78,17.78,feldpausch_regional,0.18,default,0.0,21.1,17.78,21.1,True,O,17.78,feldpausch,21.1,17.78,0.436,130.4348,94.421,94.421,130.4348,94.421,94.421,
SFX_A02,14,Jacaranda copaia,Bignoniaceae,411465.1011,9270135.593,0.35,0.834579391,42.2,26.04,19.22,20120808,A,O,P27,26.83,26.83,feldpausch_regional,0.18,default,0.0,42.2,26.83,42.2,True,O,26.04,measured,42.2,26.04,0.3507,732.3795,516.0344,516.0344,732.3795,516.0344,516.0344,
SFX_A02,15,Protium heptaphyllum,Burseraceae,411465.1011,9270134.793,0.62,,15.8,,,20120808,A,O,P27,14.66,14.66,feldpausch_regional,0.18,default,0.0,15.8,14.66,15.8,True,O,14.66,feldpausch,15.8,14.66,0.6293,61.4308,45.2138,45.2138,61.4308,45.2138,45.2138,
SFX_A02,16,Pourouma minor,Urticaceae,411481.1011,9270132.593,0.44,,27.4,,,20120808,A,O,P27,20.95,20.95,feldpausch_regional,0.18,default,0.0,27.4,20.95,27.4,True,O,20.95,feldpausch,27.4,20.95,0.436,254.9326,182.0913,182.0913,254.9326,182.0913,182.0913,
SFX_A02,17,Protium heptaphyllum,Burseraceae,411484.4011,9270129.593,0.62,,15.8,,,20120808,A,O,P27,14.66,14.66,feldpausch_regional,0.18,default,0.0,15.8,14.66,15.8,True,O,14.66,feldpausch,15.8,14.66,0.6293,61.4308,45.2138,45.2138,61.4308,45.2138,45.2138,
SFX_A02,18,Inga marginata,Fabaceae,411488.3011,9270128.593,0.57,,17.8,,,20120808,A,O,P27,15.89,15.89,feldpausch_regional,0.18,default,0.0,17.8,15.89,17.8,True,O,15.89,feldpausch,17.8,15.89,0.5518,83.8644,61.2941,61.2941,83.8644,61.2941,61.2941,
SFX_A02,19,Galipea trifoliata,NI,411489.7011,9270127.493,0.62,0.043171755,11.1,11.1,7.13,20120808,A,O,P27,11.45,11.45,feldpausch_regional,0.18,default,0.0,11.1,11.45,11.1,True,O,11.1,measured,11.1,11.1,0.997,23.5053,17.7738,17.7738,23.5053,17.7738,17.7738,
SFX_A02,20,Pourouma minor,Urticaceae,411482.1011,9270127.893,0.44,,22.7,,,20120808,A,O,P27,18.63,18.63,feldpausch_regional,0.18,default,0.0,22.7,18.63,22.7,True,O,18.63,feldpausch,22.7,18.63,0.436,157.453,113.5391,113.5391,157.453,113.5391,113.5391,
SFX_A02,21,NI,NI,411477.1011,9270127.893,0.62,,22.7,,,20120808,A,O,P27,18.63,18.63,feldpausch_regional,0.18,default,0.0,22.7,18.63,22.7,True,O,18.63,feldpausch,22.7,18.63,0.7175,157.453,113.5391,113.5391,157.453,113.5391,113.5391,
SFX_A02,28,,,411488.1011,9270124.593,0.28,,21.0,,,20120808,D,o,P27,17.72,17.72,feldpausch_regional,0.18,default,0.0,21.0,17.72,21.0,False,O,17.72,feldpausch,21.0,17.72,0.7175,128.8052,128.8052,153.3595,128.8052,128.8052,153.3595,
SFX_A02,29,Galipea trifoliata,NI,411489.9011,9270122.193,0.62,,11.5,,,20120808,A,O,P27,11.75,11.75,feldpausch_regional,0.18,default,0.0,11.5,11.75,11.5,True,O,11.75,feldpausch,11.5,11.75,0.997,26.6256,19.9869,19.9869,26.6256,19.9869,19.9869,
SFX_A02,30,Guarea guidonia,Meliaceae,411483.1011,9270122.193,0.55,,14.7,,,20120808,A,O,P27,13.95,13.95,feldpausch_regional,0.18,default,0.0,14.7,13.95,14.7,True,O,13.95,feldpausch,14.7,13.95,0.5651,50.8357,37.5799,37.5799,50.8357,37.5799,37.5799,
SFX_A02,31,Chimarrhis turbinata,Rubiaceae,411479.3011,9270121.193,0.72,,12.1,,,20120808,A,O,P27,12.18,12.18,feldpausch_regional,0.18,default,0.0,12.1,12.18,12.1,True,O,12.18,feldpausch,12.1,12.18,0.72,30.4544,22.7871,22.7871,30.4544,22.7871,22.7871,
SFX_A02,32,Mimosa hostilis,Fabaceae,411486.1011,9270118.893,0.45,1.70845709,53.0,26.55,17.9,20120808,A,O,P27,30.13,30.13,feldpausch_regional,0.18,default,0.0,53.0,30.13,53.0,True,O,26.55,measured,53.0,26.55,0.8235,1164.4857,826.9819,826.9819,1164.4857,826.9819,826.9819,
SFX_A02,33,,,411489.1011,9270117.793,0.58,,11.6,,,20120808,D,o,P27,11.82,11.82,feldpausch_regional,0.18,default,0.0,11.6,11.82,11.6,False,O,11.82,feldpausch,11.6,11.82,0.7175,27.2369,27.2369,32.4291,27.2369,27.2369,32.4291,
SFX_A02,34,Socratea exorrhiza,Arecaceae,411487.1011,9270117.593,,0.039256426,13.3,22.08,18.47,20120808,A,P,P27,13.02,13.02,feldpausch_regional,0.18,default,0.0,13.3,13.02,13.3,True,P,22.08,measured,13.3,22.08,0.23,65.4579,,,65.4579,,,
SFX_A02,35,Rinorea guianensis,Violaceae,411489.9011,9270115.293,0.78,,10.9,,,20120808,A,O,P27,11.3,11.3,feldpausch_regional,0.18,default,0.0,10.9,11.3,10.9,True,O,11.3,feldpausch,10.9,11.3,0.78,23.0846,17.3912,17.3912,23.0846,17.3912,17.3912,
SFX_A02,36,Socratea exorrhiza,Arecaceae,411489.8011,9270114.593,,0.055974962,16.1,,,20120808,A,P,P27,14.85,14.85,feldpausch_regional,0.18,default,0.0,16.1,14.85,16.1,True,P,14.85,feldpausch,16.1,14.85,0.23,64.5342,,,64.5342,,,
SFX_A02,38,NI,NI,411493.1011,9270158.593,0.62,,10.0,,,20120808,A,O,P27,10.62,10.62,feldpausch_regional,0.18,default,0.0,10.0,10.62,10.0,True,O,10.62,feldpausch,10.0,10.62,0.7175,18.3636,13.9133,13.9133,18.3636,13.9133,13.9133,
SFX_A02,39,NI,NI,411497.1011,9270152.593,0.62,,17.1,,,20120808,A,O,P27,15.47,15.47,feldpausch_regional,0.18,default,0.0,17.1,15.47,17.1,True,O,15.47,feldpausch,17.1,15.47,0.7175,75.546,55.342,55.342,75.546,55.342,55.342,
SFX_A02,40,Rinorea guianensis,Violaceae,411491.1011,9270145.093,0.78,,14.7,,,20120808,A,O,P27,13.95,13.95,feldpausch_regional,0.18,default,0.0,14.7,13.95,14.7,True,O,13.95,feldpausch,14.7,13.95,0.78,50.8357,37.5799,37.5799,50.8357,37.5799,37.5799,
SFX_A02,41,Ormosia sp.,Fabaceae,411493.1011,9270145.093,0.62,,11.4,,,20120808,A,O,P27,11.67,11.67,feldpausch_regional,0.18,default,0.0,11.4,11.67,11.4,True,O,11.67,feldpausch,11.4,11.67,0.5906,26.0016,19.5314,19.5314,26.0016,19.5314,19.5314,
SFX_A02,42,Vitex triflora,Lamiaceae,411493.2011,9270144.593,0.56,0.79559408,42.7,15.31,8.86,20120808,A,O,P27,27.0,27.0,feldpausch_regional,0.18,default,0.0,42.7,27.0,42.7,True,O,15.31,measured,42.7,15.31,0.5482,446.2638,342.1566,342.1566,446.2638,342.1566,342.1566,
SFX_A02,43,Neea oppositifolia,Nyctaginaceae,411499.1011,9270140.593,0.89,,12.0,,,20120808,A,O,P27,12.11,12.11,feldpausch_regional,0.18,default,0.0,12.0,12.11,12.0,True,O,12.11,feldpausch,12.0,12.11,0.893,29.7969,22.3066,22.3066,29.7969,22.3066,22.3066,
SFX_A02,44,Astronium gracile,Anacardiaceae,411508.1011,9270140.293,0.73,,10.2,,,20120808,A,O,P27,10.78,10.78,feldpausch_regional,0.18,default,0.0,10.2,10.78,10.2,True,O,10.78,feldpausch,10.2,10.78,0.73,19.368,14.6535,14.6535,19.368,14.6535,14.6535,
SFX_A02,45,NI,NI,411505.1011,9270139.793,0.62,,18.2,,,20120808,A,O,P27,16.13,16.13,feldpausch_regional,0.18,default,0.0,18.2,16.13,18.2,True,O,16.13,feldpausch,18.2,16.13,0.7175,88.8733,64.8705,64.8705,88.8733,64.8705,64.8705,
SFX_A02,46,NI,NI,411499.8011,9270139.193,0.62,,11.1,,,20120808,A,O,P27,11.45,11.45,feldpausch_regional,0.18,default,0.0,11.1,11.45,11.1,True,O,11.45,feldpausch,11.1,11.45,0.7175,24.2284,18.2309,18.2309,24.2284,18.2309,18.2309,
SFX_A02,47,Attalea maripa,Arecaceae,411499.1011,9270133.993,,0.232975134,34.7,,,20120808,A,P,P27,24.09,24.09,feldpausch_regional,0.18,default,0.0,34.7,24.09,34.7,True,P,24.09,feldpausch,34.7,24.09,0.326,463.2939,,,463.2939,,,
SFX_A02,48,Neea oppositifolia,Nyctaginaceae,411510.1011,9270133.993,0.89,,14.5,,,20120808,A,O,P27,13.82,13.82,feldpausch_regional,0.18,default,0.0,14.5,13.82,14.5,True,O,13.82,feldpausch,14.5,13.82,0.893,49.0441,36.2853,36.2853,49.0441,36.2853,36.2853,
SFX_A02,50,Pourouma minor,Urticaceae,411513.1011,9270129.793,0.44,,11.6,,,20120808,A,O,P27,11.82,11.82,feldpausch_regional,0.18,default,0.0,11.6,11.82,11.6,True,O,11.82,feldpausch,11.6,11.82,0.436,27.2369,20.4351,20.4351,27.2369,20.4351,20.4351,
SFX_A02,51,Licania octandra,Chrysobalanaceae,411494.1011,9270130.593,0.83,,19.4,,,20120808,A,O,P27,16.83,16.83,feldpausch_regional,0.18,default,0.0,19.4,16.83,19.4,True,O,16.83,feldpausch,19.4,16.83,0.825,104.932,76.3132,76.3132,104.932,76.3132,76.3132,
SFX_A02,52,Galipea trifoliata,NI,411492.1011,9270131.593,0.62,,11.8,,,20120808,A,O,P27,11.96,11.96,feldpausch_regional,0.18,default,0.0,11.8,11.96,11.8,True,O,11.96,feldpausch,11.8,11.96,0.997,28.4866,21.3505,21.3505,28.4866,21.3505,21.3505,
SFX_A02,53,Cecropia ficifolia,Urticaceae,411494.7011,9270125.893,0.27,,21.7,,,20120808,A,O,P27,18.1,18.1,feldpausch_regional,0.18,default,0.0,21.7,18.1,21.7,True,O,18.1,feldpausch,21.7,18.1,0.266,140.1924,101.3351,101.3351,140.1924,101.3351,101.3351,
SFX_A02,57,Tabebuia serratifolia,Bignoniaceae,411504.1011,9270125.593,0.92,,13.0,,,20120808,A,O,P27,12.81,12.81,feldpausch_regional,0.18,default,0.0,13.0,12.81,13.0,True,O,12.81,feldpausch,13.0,12.81,0.924,36.7999,27.4108,27.4108,36.7999,27.4108,27.4108,
SFX_A02,58,Theobroma glaucum,Malvaceae,411493.1011,9270123.593,0.53,,11.2,,,20120808,A,O,P27,11.53,11.53,feldpausch_regional,0.18,default,0.0,11.2,11.53,11.2,True,O,11.53,feldpausch,11.2,11.53,0.5297,24.8245,18.6669,18.6669,24.8245,18.6669,18.6669,
SFX_A02,59,Theobroma glaucum,Malvaceae,411493.1011,9270123.393,0.53,,12.0,,,20120808,A,O,P27,12.11,12.11,feldpausch_regional,0.18,default,0.0,12.0,12.11,12.0,True,O,12.11,feldpausch,12.0,12.11,0.5297,29.7969,22.3066,22.3066,29.7969,22.3066,22.3066,
SFX_A02,61,Cordia scabrifolia,Boraginaceae,411495.1011,9270120.293,0.47,,14.0,,,20120808,A,O,P27,13.49,13.49,feldpausch_regional,0.18,default,0.0,14.0,13.49,14.0,True,O,13.49,feldpausch,14.0,13.49,0.474,44.7295,33.1639,33.1639,44.7295,33.1639,33.1639,
SFX_A02,62,Astronium gracile,Anacardiaceae,411493.1011,9270119.093,0.73,0.040135601,12.7,6.7,5.13,20120808,A,O,P27,12.6,12.6,feldpausch_regional,0.18,default,0.0,12.7,12.6,12.7,True,O,6.7,measured,12.7,6.7,0.73,18.6782,15.3956,15.3956,18.6782,15.3956,15.3956,
SFX_A02,63,Protium heptaphyllum,Burseraceae,411497.1011,9270118.093,0.62,,15.7,,,20120808,A,O,P27,14.6,14.6,feldpausch_regional,0.18,default,0.0,15.7,14.6,15.7,True,O,14.6,feldpausch,15.7,14.6,0.6293,60.4318,44.4938,44.4938,60.4318,44.4938,44.4938,
SFX_A02,64,Cordia scabrifolia,Boraginaceae,411493.8011,9270146.393,0.47,,10.2,,,20120808,A,O,P27,10.78,10.78,feldpausch_regional,0.18,default,0.0,10.2,10.78,10.2,True,O,10.78,feldpausch,10.2,10.78,0.474,19.368,14.6535,14.6535,19.368,14.6535,14.6535,
SFX_A02,65,NI,NI,411490.4011,9270113.593,0.62,,13.1,,,20120808,A,O,P27,12.88,12.88,feldpausch_regional,0.18,default,0.0,13.1,12.88,13.1,True,O,12.88,feldpausch,13.1,12.88,0.7175,37.5536,27.9585,27.9585,37.5536,27.9585,27.9585,
SFX_A02,1,Jacaratia spinosa,Caricaceae,411505.9797,9269967.108,0.27,,21.7,,,20120809,A,O,P28,18.1,18.1,feldpausch_regional,0.18,default,0.0,21.7,18.1,21.7,True,O,18.1,feldpausch,21.7,18.1,0.265,140.1924,101.3351,101.3351,140.1924,101.3351,101.3351,
SFX_A02,2,Inga marginata,Fabaceae,411506.2797,9269964.108,0.57,,10.3,,,20120809,A,O,P28,10.85,10.85,feldpausch_regional,0.18,default,0.0,10.3,10.85,10.3,True,O,10.85,feldpausch,10.3,10.85,0.5518,19.8654,15.0216,15.0216,19.8654,15.0216,15.0216,
SFX_A02,3,Zanthoxylum rhoifolium,Rutaceae,411501.6797,9269962.108,0.49,,15.5,,,20120809,A,O,P28,14.47,14.47,feldpausch_regional,0.18,default,0.0,15.5,14.47,15.5,True,O,14.47,feldpausch,15.5,14.47,0.5692,58.4259,43.0513,43.0513,58.4259,43.0513,43.0513,
SFX_A02,4,Zanthoxylum rhoifolium,Rutaceae,411492.9797,9269958.708,0.49,,10.2,,,20120809,A,O,P28,10.78,10.78,feldpausch_regional,0.18,default,0.0,10.2,10.78,10.2,True,O,10.78,feldpausch,10.2,10.78,0.5692,19.368,14.6535,14.6535,19.368,14.6535,14.6535,
SFX_A02,5,Sapium marmieri,Euphorbiaceae,411493.9797,9269958.108,0.41,,10.3,,,20120809,A,O,P28,10.85,10.85,feldpausch_regional,0.18,default,0.0,10.3,10.85,10.3,True,O,10.85,feldpausch,10.3,10.85,0.41,19.8654,15.0216,15.0216,19.8654,15.0216,15.0216,
SFX_A02,6,Neea oppositifolia,Nyctaginaceae,411507.7797,9269958.108,0.89,0.423815205,26.7,13.08,3.79,20120809,A,O,P28,20.62,20.62,feldpausch_regional,0.18,default,0.0,26.7,20.62,26.7,True,O,13.08,measured,26.7,13.08,0.893,153.0452,117.6162,117.6162,153.0452,117.6162,117.6162,
SFX_A02,7,Bocageopsis pleiosperma,Annonaceae,411507.2797,9269955.108,0.64,,10.9,,,20120809,A,O,P28,11.3,11.3,feldpausch_regional,0.18,default,0.0,10.9,11.3,10.9,True,O,11.3,feldpausch,10.9,11.3,0.6402,23.0846,17.3912,17.3912,23.0846,17.3912,17.3912,
SFX_A02,8,Galipea trifoliata,NI,411505.7797,9269954.808,0.62,,11.3,,,20120809,A,O,P28,11.6,11.6,feldpausch_regional,0.18,default,0.0,11.3,11.6,11.3,True,O,11.6,feldpausch,11.3,11.6,0.997,25.4086,19.096,19.096,25.4086,19.096,19.096,
SFX_A02,9,Attalea maripa,Arecaceae,411498.9797,9269954.608,,0.172336515,29.5,,,20120809,A,P,P28,21.91,21.91,feldpausch_regional,0.18,default,0.0,29.5,21.91,29.5,True,P,21.91,feldpausch,29.5,21.91,0.326,307.624,,,307.624,,,
SFX_A02,10,NI,NI,411492.9797,9269957.108,0.62,,10.0,,,20120809,A,O,P28,10.62,10.62,feldpausch_regional,0.18,default,0.0,10.0,10.62,10.0,True,O,10.62,feldpausch,10.0,10.62,0.7175,18.3636,13.9133,13.9133,18.3636,13.9133,13.9133,
SFX_A02,11,Zanthoxylum rhoifolium,Rutaceae,411491.9797,9269957.008,0.49,,12.3,,,20120809,A,O,P28,12.32,12.32,feldpausch_regional,0.18,default,0.0,12.3,12.32,12.3,True,O,12.32,feldpausch,12.3,12.32,0.5692,31.7974,23.7678,23.7678,31.7974,23.7678,23.7678,
SFX_A02,12,Sapium marmieri,Euphorbiaceae,411491.6797,9269956.908,0.41,,12.5,,,20120809,A,O,P28,12.46,12.46,feldpausch_regional,0.18,default,0.0,12.5,12.46,12.5,True,O,12.46,feldpausch,12.5,12.46,0.41,33.1783,24.775,24.775,33.1783,24.775,24.775,
SFX_A02,13,Guarea guidonia,Meliaceae,411492.9797,9269950.108,0.55,,14.0,,,20120809,A,O,P28,13.49,13.49,feldpausch_regional,0.18,default,0.0,14.0,13.49,14.0,True,O,13.49,feldpausch,14.0,13.49,0.5651,44.7295,33.1639,33.1639,44.7295,33.1639,33.1639,
SFX_A02,14,Galipea trifoliata,NI,411492.2797,9269950.108,0.62,,10.1,,,20120809,A,O,P28,10.7,10.7,feldpausch_regional,0.18,default,0.0,10.1,10.7,10.1,True,O,10.7,feldpausch,10.1,10.7,0.997,18.8614,14.2803,14.2803,18.8614,14.2803,14.2803,
SFX_A02,15,NI,NI,411505.9797,9269949.108,0.62,,10.3,,,20120809,A,O,P28,10.85,10.85,feldpausch_regional,0.18,default,0.0,10.3,10.85,10.3,True,O,10.85,feldpausch,10.3,10.85,0.7175,19.8654,15.0216,15.0216,19.8654,15.0216,15.0216,
SFX_A02,16,Protium heptaphyllum,Burseraceae,411498.9797,9269948.708,0.62,,10.5,,,20120809,A,O,P28,11.0,11.0,feldpausch_regional,0.18,default,0.0,10.5,11.0,10.5,True,O,11.0,feldpausch,10.5,11.0,0.6293,20.9036,15.7869,15.7869,20.9036,15.7869,15.7869,
SFX_A02,17,Inga marginata,Fabaceae,411487.9797,9269948.108,0.57,,11.1,,,20120809,A,O,P28,11.45,11.45,feldpausch_regional,0.18,default,0.0,11.1,11.45,11.1,True,O,11.45,feldpausch,11.1,11.45,0.5518,24.2284,18.2309,18.2309,24.2284,18.2309,18.2309,
SFX_A02,18,Theobroma glaucum,Malvaceae,411486.9797,9269947.408,0.53,,14.3,,,20120809,A,O,P28,13.69,13.69,feldpausch_regional,0.18,default,0.0,14.3,13.69,14.3,True,O,13.69,feldpausch,14.3,13.69,0.5297,47.294,35.0195,35.0195,47.294,35.0195,35.0195,
SFX_A02,19,Guarea guidonia,Meliaceae,411507.2797,9269945.908,0.55,,13.0,,,20120809,A,O,P28,12.81,12.81,feldpausch_regional,0.18,default,0.0,13.0,12.81,13.0,True,O,12.81,feldpausch,13.0,12.81,0.5651,36.7999,27.4108,27.4108,36.7999,27.4108,27.4108,
SFX_A02,20,Mimosa hostilis,Fabaceae,411500.9797,9269945.408,0.45,,14.1,,,20120809,A,O,P28,13.56,13.56,feldpausch_regional,0.18,default,0.0,14.1,13.56,14.1,True,O,13.56,feldpausch,14.1,13.56,0.8235,45.585,33.7821,33.7821,45.585,33.7821,33.7821,
SFX_A02,21,Inga marginata,Fabaceae,411500.2797,9269945.308,0.57,,19.6,,,20120809,A,O,P28,16.94,16.94,feldpausch_regional,0.18,default,0.0,19.6,16.94,19.6,True,O,16.94,feldpausch,19.6,16.94,0.5518,107.7368,78.311,78.311,107.7368,78.311,78.311,
SFX_A02,22,Dalbergia melanoxylon,Fabaceae,411501.9797,9269944.108,0.8,0.019721284,10.8,4.15,1.6,20120809,A,O,P28,11.23,11.23,feldpausch_regional,0.18,default,0.0,10.8,11.23,10.8,True,O,4.15,measured,10.8,4.15,1.0772,8.5294,7.5244,7.5244,8.5294,7.5244,7.5244,
SFX_A02,23,Cordia scabrifolia,Boraginaceae,411501.9797,9269943.908,0.47,,14.0,,,20120809,A,O,P28,13.49,13.49,feldpausch_regional,0.18,default,0.0,14.0,13.49,14.0,True,O,13.49,feldpausch,14.0,13.49,0.474,44.7295,33.1639,33.1639,44.7295,33.1639,33.1639,
SFX_A02,24,Theobroma glaucum,Malvaceae,411495.9797,9269945.308,0.53,,11.4,,,20120809,A,O,P28,11.67,11.67,feldpausch_regional,0.18,default,0.0,11.4,11.67,11.4,True,O,11.67,feldpausch,11.4,11.67,0.5297,26.0016,19.5314,19.5314,26.0016,19.5314,19.5314,
SFX_A02,25,NI,NI,411491.9797,9269943.608,0.62,,11.4,,,20120809,A,O,P28,11.67,11.67,feldpausch_regional,0.18,default,0.0,11.4,11.67,11.4,True,O,11.67,feldpausch,11.4,11.67,0.7175,26.0016,19.5314,19.5314,26.0016,19.5314,19.5314,
SFX_A02,26,Bocageopsis pleiosperma,Annonaceae,411492.9797,9269943.108,0.64,,12.1,,,20120809,A,O,P28,12.18,12.18,feldpausch_regional,0.18,default,0.0,12.1,12.18,12.1,True,O,12.18,feldpausch,12.1,12.18,0.6402,30.4544,22.7871,22.7871,30.4544,22.7871,22.7871,
SFX_A02,27,Bocageopsis pleiosperma,Annonaceae,411493.9797,9269942.908,0.64,,12.2,,,20120809,A,O,P28,12.25,12.25,feldpausch_regional,0.18,default,0.0,12.2,12.25,12.2,True,O,12.25,feldpausch,12.2,12.25,0.6402,31.1212,23.2742,23.2742,31.1212,23.2742,23.2742,
SFX_A02,28,Theobroma glaucum,Malvaceae,411490.9797,9269941.108,0.53,,11.6,,,20120809,A,O,P28,11.82,11.82,feldpausch_regional,0.18,default,0.0,11.6,11.82,11.6,True,O,11.82,feldpausch,11.6,11.82,0.5297,27.2369,20.4351,20.4351,27.2369,20.4351,20.4351,
SFX_A02,29,Inga marginata,Fabaceae,411494.9797,9269938.108,0.57,,32.4,,,20120809,A,O,P28,23.15,23.15,feldpausch_regional,0.18,default,0.0,32.4,23.15,32.4,True,O,23.15,feldpausch,32.4,23.15,0.5518,389.804,276.2818,276.2818,389.804,276.2818,276.2818,
SFX_A02,30,Protium heptaphyllum,Burseraceae,411495.0797,9269938.008,0.62,,10.8,,,20120809,A,O,P28,11.23,11.23,feldpausch_regional,0.18,default,0.0,10.8,11.23,10.8,True,O,11.23,feldpausch,10.8,11.23,0.6293,22.5359,16.987,16.987,22.5359,16.987,16.987,
SFX_A02,31,Inga marginata,Fabaceae,411495.1797,9269938.008,0.57,,12.8,,,20120809,A,O,P28,12.67,12.67,feldpausch_regional,0.18,default,0.0,12.8,12.67,12.8,True,O,12.67,feldpausch,12.8,12.67,0.5518,35.3219,26.3361,26.3361,35.3219,26.3361,26.3361,
SFX_A02,32,Inga marginata,Fabaceae,411507.2797,9269941.108,0.57,,17.2,,,20120809,A,O,P28,15.53,15.53,feldpausch_regional,0.18,default,0.0,17.2,15.53,17.2,True,O,15.53,feldpausch,17.2,15.53,0.5518,76.7,56.1687,56.1687,76.7,56.1687,56.1687,
SFX_A02,33,Theobroma glaucum,Malvaceae,411505.9797,9269936.108,0.53,,10.8,,,20120809,A,O,P28,11.23,11.23,feldpausch_regional,0.18,default,0.0,10.8,11.23,10.8,True,O,11.23,feldpausch,10.8,11.23,0.5297,22.5359,16.987,16.987,22.5359,16.987,16.987,
SFX_A02,34,Licania octandra,Chrysobalanaceae,411506.3797,9269935.908,0.83,,23.1,,,20120809,A,O,P28,18.84,18.84,feldpausch_regional,0.18,default,0.0,23.1,18.84,23.1,True,O,18.84,feldpausch,23.1,18.84,0.825,164.7063,118.6587,118.6587,164.7063,118.6587,118.6587,
SFX_A02,35,,,411498.9797,9269937.108,0.6,,10.0,,,20120809,D,o,P28,10.62,10.62,feldpausch_regional,0.18,default,0.0,10.0,10.62,10.0,False,O,10.62,feldpausch,10.0,10.62,0.7175,18.3636,18.3636,21.8643,18.3636,18.3636,21.8643,
SFX_A02,36,Nectandra cuspidata,Lauraceae,411508.7797,9269932.508,0.56,,13.5,,,20120809,A,O,P28,13.15,13.15,feldpausch_regional,0.18,default,0.0,13.5,13.15,13.5,True,O,13.15,feldpausch,13.5,13.15,0.518,40.6391,30.2001,30.2001,40.6391,30.2001,30.2001,
SFX_A02,37,Mayna odorata,Flacourtiaceae,411501.9797,9269929.808,0.62,,11.2,,,20120809,A,O,P28,11.53,11.53,feldpausch_regional,0.18,default,0.0,11.2,11.53,11.2,True,O,11.53,feldpausch,11.2,11.53,0.7175,24.8245,18.6669,18.6669,24.8245,18.6669,18.6669,
SFX_A02,38,Galipea trifoliata,NI,411508.7797,9269927.808,0.62,,12.9,,,20120809,A,O,P28,12.74,12.74,feldpausch_regional,0.18,default,0.0,12.9,12.74,12.9,True,O,12.74,feldpausch,12.9,12.74,0.997,36.056,26.87,26.87,36.056,26.87,26.87,
SFX_A02,39,Schizolobium amazonicum,Fabaceae,411509.0797,9269970.108,0.49,,27.5,,,20120809,A,O,P28,21.0,21.0,feldpausch_regional,0.18,default,0.0,27.5,21.0,27.5,True,O,21.0,feldpausch,27.5,21.0,0.58,257.35,183.7808,183.7808,257.35,183.7808,183.7808,
SFX_A02,40,Jacaratia spinosa,Caricaceae,411509.9797,9269969.708,0.27,,15.8,,,20120809,A,O,P28,14.66,14.66,feldpausch_regional,0.18,default,0.0,15.8,14.66,15.8,True,O,14.66,feldpausch,15.8,14.66,0.265,61.4308,45.2138,45.2138,61.4308,45.2138,45.2138,
SFX_A02,41,Jacaratia spinosa,Caricaceae,411509.9797,9269968.808,0.27,0.046625292,17.2,11.68,8.76,20120809,A,O,P28,15.53,15.53,feldpausch_regional,0.18,default,0.0,17.2,15.53,17.2,True,O,11.68,measured,17.2,11.68,0.265,58.0813,44.4923,44.4923,58.0813,44.4923,44.4923,
SFX_A02,42,Inga marginata,Fabaceae,411512.9797,9269969.108,0.57,,10.2,,,20120809,A,O,P28,10.78,10.78,feldpausch_regional,0.18,default,0.0,10.2,10.78,10.2,True,O,10.78,feldpausch,10.2,10.78,0.5518,19.368,14.6535,14.6535,19.368,14.6535,14.6535,
SFX_A02,43,Zanthoxylum rhoifolium,Rutaceae,411515.9797,9269968.108,0.49,,14.1,,,20120809,A,O,P28,13.56,13.56,feldpausch_regional,0.18,default,0.0,14.1,13.56,14.1,True,O,13.56,feldpausch,14.1,13.56,0.5692,45.585,33.7821,33.7821,45.585,33.7821,33.7821,
SFX_A02,44,NI,NI,411516.3797,9269967.808,0.62,,10.9,,,20120809,A,O,P28,11.3,11.3,feldpausch_regional,0.18,default,0.0,10.9,11.3,10.9,True,O,11.3,feldpausch,10.9,11.3,0.7175,23.0846,17.3912,17.3912,23.0846,17.3912,17.3912,
SFX_A02,45,Sapium marmieri,Euphorbiaceae,411513.9797,9269966.108,0.41,,15.1,,,20120809,A,O,P28,14.21,14.21,feldpausch_regional,0.18,default,0.0,15.1,14.21,15.1,True,O,14.21,feldpausch,15.1,14.21,0.41,54.5451,40.2564,40.2564,54.5451,40.2564,40.2564,
SFX_A02,46,Jacaratia spinosa,Caricaceae,411516.2797,9269961.108,0.27,0.282646926,38.2,14.36,10.81,20120809,A,O,P28,25.42,25.42,feldpausch_regional,0.18,default,0.0,38.2,25.42,38.2,True,O,14.36,measured,38.2,14.36,0.265,337.3115,259.8595,259.8595,337.3115,259.8595,259.8595,
SFX_A02,47,Jacaratia spinosa,Caricaceae,411516.9797,9269961.108,0.27,0.08145814,20.9,13.83,11.29,20120809,A,O,P28,17.67,17.67,feldpausch_regional,0.18,default,0.0,20.9,17.67,20.9,True,O,13.83,measured,20.9,13.83,0.265,100.191,75.4301,75.4301,100.191,75.4301,75.4301,
SFX_A02,49,Sapium marmieri,Euphorbiaceae,411528.9797,9269956.108,0.41,,14.9,,,20120809,A,O,P28,14.08,14.08,feldpausch_regional,0.18,default,0.0,14.9,14.08,14.9,True,O,14.08,feldpausch,14.9,14.08,0.41,52.6692,38.9035,38.9035,52.6692,38.9035,38.9035,
SFX_A02,50,Attalea maripa,Arecaceae,411527.9797,9269956.108,,0.153321405,27.7,,,20120809,A,P,P28,21.09,21.09,feldpausch_regional,0.18,default,0.0,27.7,21.09,27.7,True,P,21.09,feldpausch,27.7,21.09,0.326,262.1078,,,262.1078,,,
SFX_A02,51,,,411518.9797,9269955.808,0.6,,14.4,,,20120809,D,o,P28,13.76,13.76,feldpausch_regional,0.18,default,0.0,14.4,13.76,14.4,False,O,13.76,feldpausch,14.4,13.76,0.7175,48.181,48.181,57.3658,48.181,48.181,57.3658,
SFX_A02,52,Couepia racemosa,Chrysobalanaceae,411517.9797,9269954.108,0.79,0.079454998,16.1,7.63,4.79,20120809,A,O,P28,14.85,14.85,feldpausch_regional,0.18,default,0.0,16.1,14.85,16.1,True,O,7.63,measured,16.1,7.63,0.7861,33.6922,27.518,27.518,33.6922,27.518,27.518,
SFX_A02,53,Pourouma minor,Urticaceae,411517.2797,9269950.408,0.44,,20.9,,,20120809,A,O,P28,17.67,17.67,feldpausch_regional,0.18,default,0.0,20.9,17.67,20.9,True,O,17.67,feldpausch,20.9,17.67,0.436,127.2592,92.1704,92.1704,127.2592,92.1704,92.1704,
SFX_A02,54,Galipea trifoliata,NI,411516.9797,9269949.308,0.62,,10.7,,,20120809,A,O,P28,11.15,11.15,feldpausch_regional,0.18,default,0.0,10.7,11.15,10.7,True,O,11.15,feldpausch,10.7,11.15,0.997,21.9765,16.5767,16.5767,21.9765,16.5767,16.5767,
SFX_A02,55,Galipea trifoliata,NI,411517.3797,9269949.108,0.62,,17.3,,,20120809,A,O,P28,15.59,15.59,feldpausch_regional,0.18,default,0.0,17.3,15.59,17.3,True,O,15.59,feldpausch,17.3,15.59,0.997,77.8654,57.0033,57.0033,77.8654,57.0033,57.0033,
SFX_A02,56,NI,NI,411509.0797,9269951.108,0.62,,15.0,,,20120809,A,O,P28,14.15,14.15,feldpausch_regional,0.18,default,0.0,15.0,14.15,15.0,True,O,14.15,feldpausch,15.0,14.15,0.7175,53.6203,39.5877,39.5877,53.6203,39.5877,39.5877,
SFX_A02,57,Miconia pyrifolia,Melastomataceae,411509.9797,9269948.608,0.63,,13.6,,,20120809,A,O,P28,13.22,13.22,feldpausch_regional,0.18,default,0.0,13.6,13.22,13.6,True,O,13.22,feldpausch,13.6,13.22,0.6228,41.4429,30.7826,30.7826,41.4429,30.7826,30.7826,
SFX_A02,58,Galipea trifoliata,NI,411534.9797,9269950.108,0.62,,15.8,,,20120809,A,O,P28,14.66,14.66,feldpausch_regional,0.18,default,0.0,15.8,14.66,15.8,True,O,14.66,feldpausch,15.8,14.66,0.997,61.4308,45.2138,45.2138,61.4308,45.2138,45.2138,
SFX_A02,59,Dalbergia melanoxylon,Fabaceae,411517.9797,9269945.108,0.8,,18.2,,,20120809,A,O,P28,16.13,16.13,feldpausch_regional,0.18,default,0.0,18.2,16.13,18.2,True,O,16.13,feldpausch,18.2,16.13,1.0772,88.8733,64.8705,64.8705,88.8733,64.8705,64.8705,
SFX_A02,60,Galipea trifoliata,NI,411518.9797,9269945.108,0.62,,11.6,,,20120809,A,O,P28,11.82,11.82,feldpausch_regional,0.18,default,0.0,11.6,11.82,11.6,True,O,11.82,feldpausch,11.6,11.82,0.997,27.2369,20.4351,20.4351,27.2369,20.4351,20.4351,
SFX_A02,61,Ocotea sp.,Lauraceae,411518.9797,9269944.108,0.5,,10.0,,,20120809,A,O,P28,10.62,10.62,feldpausch_regional,0.18,default,0.0,10.0,10.62,10.0,True,O,10.62,feldpausch,10.0,10.62,0.5245,18.3636,13.9133,13.9133,18.3636,13.9133,13.9133,
SFX_A02,62,Galipea trifoliata,NI,411512.6797,9269946.408,0.62,,12.9,,,20120809,A,O,P28,12.74,12.74,feldpausch_regional,0.18,default,0.0,12.9,12.74,12.9,True,O,12.74,feldpausch,12.9,12.74,0.997,36.056,26.87,26.87,36.056,26.87,26.87,
SFX_A02,63,Inga marginata,Fabaceae,411509.1797,9269941.808,0.57,0.045492236,11.9,11.01,9.55,20120809,A,O,P28,12.03,12.03,feldpausch_regional,0.18,default,0.0,11.9,12.03,11.9,True,O,11.01,measured,11.9,11.01,0.5518,26.7124,20.2925,20.2925,26.7124,20.2925,20.2925,
SFX_A02,64,Inga marginata,Fabaceae,411510.9797,9269934.608,0.57,,16.4,,,20120809,A,O,P28,15.04,15.04,feldpausch_regional,0.18,default,0.0,16.4,15.04,16.4,True,O,15.04,feldpausch,16.4,15.04,0.5518,67.7376,49.7434,49.7434,67.7376,49.7434,49.7434,
SFX_A02,65,Galipea trifoliata,NI,411511.2797,9269932.108,0.62,,12.6,,,20120809,A,O,P28,12.53,12.53,feldpausch_regional,0.18,default,0.0,12.6,12.53,12.6,True,O,12.53,feldpausch,12.6,12.53,0.997,33.8832,25.2886,25.2886,33.8832,25.2886,25.2886,
SFX_A02,66,Dalbergia melanoxylon,Fabaceae,411515.9797,9269938.108,0.8,0.038781184,13.5,5.22,3.69,20120809,A,O,P28,13.15,13.15,feldpausch_regional,0.18,default,0.0,13.5,13.15,13.5,True,O,5.22,measured,13.5,5.22,1.0772,16.4937,14.1834,14.1834,16.4937,14.1834,14.1834,
SFX_A02,67,Theobroma glaucum,Malvaceae,411516.9797,9269938.208,0.53,0.019452995,10.5,6.54,5.09,20120809,A,O,P28,11.0,11.0,feldpausch_regional,0.18,default,0.0,10.5,11.0,10.5,True,O,6.54,measured,10.5,6.54,0.5297,12.5842,10.3176,10.3176,12.5842,10.3176,10.3176,
SFX_A02,68,Galipea trifoliata,NI,411516.2797,9269940.108,0.62,,12.1,,,20120809,A,O,P28,12.18,12.18,feldpausch_regional,0.18,default,0.0,12.1,12.18,12.1,True,O,12.18,feldpausch,12.1,12.18,0.997,30.4544,22.7871,22.7871,30.4544,22.7871,22.7871,
SFX_A02,69,,,411516.9797,9269939.108,0.6,,10.6,,,20120809,D,o,P28,11.08,11.08,feldpausch_regional,0.18,default,0.0,10.6,11.08,10.6,False,O,11.08,feldpausch,10.6,11.08,0.7175,21.4451,21.4451,25.5332,21.4451,21.4451,25.5332,
SFX_A02,71,Inga marginata,Fabaceae,411519.9797,9269933.108,0.57,,12.6,,,20120809,A,O,P28,12.53,12.53,feldpausch_regional,0.18,default,0.0,12.6,12.53,12.6,True,O,12.53,feldpausch,12.6,12.53,0.5518,33.8832,25.2886,25.2886,33.8832,25.2886,25.2886,
SFX_A02,72,Rinorea guianensis,Violaceae,411514.9797,9269930.808,0.78,,12.7,,,20120809,A,O,P28,12.6,12.6,feldpausch_regional,0.18,default,0.0,12.7,12.6,12.7,True,O,12.6,feldpausch,12.7,12.6,0.78,34.5977,25.8089,25.8089,34.5977,25.8089,25.8089,
SFX_A02,73,Pourouma minor,Urticaceae,411515.9797,9269929.408,0.44,2.492714363,56.7,34.26,16.86,20120809,A,O,P28,31.11,31.11,feldpausch_regional,0.18,default,0.0,56.7,31.11,56.7,True,O,34.26,measured,56.7,34.26,0.436,1703.7555,1165.9546,1165.9546,1703.7555,1165.9546,1165.9546,
SFX_A02,74,Dalbergia melanoxylon,Fabaceae,411514.9797,9269927.108,0.8,,28.8,,,20120809,A,O,P28,21.59,21.59,feldpausch_regional,0.18,default,0.0,28.8,21.59,28.8,True,O,21.59,feldpausch,28.8,21.59,1.0772,289.3513,206.1879,206.1879,289.3513,206.1879,206.1879,
SFX_A02,76,NI,NI,411509.9797,9269924.108,0.62,,12.0,,,20120809,A,O,P28,12.11,12.11,feldpausch_regional,0.18,default,0.0,12.0,12.11,12.0,True,O,12.11,feldpausch,12.0,12.11,0.7175,29.7969,22.3066,22.3066,29.7969,22.3066,22.3066,
SFX_A02,1,Bagassa guianensis,Moraceae,411525.6283,9269793.99,0.71,,12.1,,,20120809,A,O,P29,12.18,12.18,feldpausch_regional,0.18,default,0.0,12.1,12.18,12.1,True,O,12.18,feldpausch,12.1,12.18,0.7087,30.4544,22.7871,22.7871,30.4544,22.7871,22.7871,
SFX_A02,2,Tachigali myrmecophila,Fabaceae,411525.6283,9269793.89,0.48,,34.4,,,20120809,A,O,P29,23.97,23.97,feldpausch_regional,0.18,default,0.0,34.4,23.97,34.4,True,O,23.97,feldpausch,34.4,23.97,0.476,453.2927,320.4386,320.4386,453.2927,320.4386,320.4386,
SFX_A02,3,Neea oppositifolia,Nyctaginaceae,411525.6283,9269793.79,0.89,,12.0,,,20120809,A,O,P29,12.11,12.11,feldpausch_regional,0.18,default,0.0,12.0,12.11,12.0,True,O,12.11,feldpausch,12.0,12.11,0.893,29.7969,22.3066,22.3066,29.7969,22.3066,22.3066,
SFX_A02,4,Eschweilera parviflora,Lecythidaceae,411529.6283,9269790.49,0.89,1.998851981,37.6,31.25,24.98,20120809,A,O,P29,25.2,25.2,feldpausch_regional,0.18,default,0.0,37.6,25.2,37.6,True,O,31.25,measured,37.6,31.25,0.918,698.5556,475.5788,475.5788,698.5556,475.5788,475.5788,
SFX_A02,5,NI,NI,411520.6283,9269789.89,0.62,,11.0,,,20120809,A,O,P29,11.38,11.38,feldpausch_regional,0.18,default,0.0,11.0,11.38,11.0,True,O,11.38,feldpausch,11.0,11.38,0.7175,23.6621,17.8143,17.8143,23.6621,17.8143,17.8143,
SFX_A02,6,Cedrela odorata,Meliaceae,411523.6283,9269789.49,0.43,,14.5,,,20120809,A,O,P29,13.82,13.82,feldpausch_regional,0.18,default,0.0,14.5,13.82,14.5,True,O,13.82,feldpausch,14.5,13.82,0.4469,49.0441,36.2853,36.2853,49.0441,36.2853,36.2853,
SFX_A02,7,Castilla ulei,Moraceae,411511.6283,9269774.49,0.82,,12.6,,,20120809,A,O,P29,12.53,12.53,feldpausch_regional,0.18,default,0.0,12.6,12.53,12.6,True,O,12.53,feldpausch,12.6,12.53,0.5675,33.8832,25.2886,25.2886,33.8832,25.2886,25.2886,
SFX_A02,8,Protium heptaphyllum,Burseraceae,411524.6283,9269785.29,0.62,,10.4,,,20120809,A,O,P29,10.93,10.93,feldpausch_regional,0.18,default,0.0,10.4,10.93,10.4,True,O,10.93,feldpausch,10.4,10.93,0.6293,20.3893,15.407,15.407,20.3893,15.407,15.407,
SFX_A02,9,Inga marginata,Fabaceae,411520.6283,9269785.09,0.57,,11.8,,,20120809,A,O,P29,11.96,11.96,feldpausch_regional,0.18,default,0.0,11.8,11.96,11.8,True,O,11.96,feldpausch,11.8,11.96,0.5518,28.4866,21.3505,21.3505,28.4866,21.3505,21.3505,
SFX_A02,10,Clarisia racemosa,Moraceae,411521.6283,9269783.79,0.59,,16.9,,,20120809,A,O,P29,15.35,15.35,feldpausch_regional,0.18,default,0.0,16.9,15.35,16.9,True,O,15.35,feldpausch,16.9,15.35,0.5854,73.2719,53.7118,53.7118,73.2719,53.7118,53.7118,
SFX_A02,11,,,411526.6283,9269780.89,0.28,,34.9,,,20120809,D,o,P29,24.17,24.17,feldpausch_regional,0.18,default,0.0,34.9,24.17,34.9,False,O,24.17,feldpausch,34.9,24.17,0.7175,470.039,470.039,559.6431,470.039,470.039,559.6431,
SFX_A02,12,Dalbergia melanoxylon,Fabaceae,411526.3283,9269779.09,0.8,1.21843028,45.1,14.7,10.45,20120809,A,O,P29,27.79,27.79,feldpausch_regional,0.18,default,0.0,45.1,27.79,45.1,True,O,14.7,measured,45.1,14.7,1.0772,477.216,369.214,369.214,477.216,369.214,369.214,
SFX_A02,13,,,411511.6283,9269777.49,0.6,,14.2,,,20120809,D,o,P29,13.62,13.62,feldpausch_regional,0.18,default,0.0,14.2,13.62,14.2,False,O,13.62,feldpausch,14.2,13.62,0.7175,46.4178,46.4178,55.2665,46.4178,46.4178,55.2665,
SFX_A02,14,Theobroma glaucum,Malvaceae,411507.6283,9269777.49,0.53,,10.3,,,20120809,A,O,P29,10.85,10.85,feldpausch_regional,0.18,default,0.0,10.3,10.85,10.3,True,O,10.85,feldpausch,10.3,10.85,0.5297,19.8654,15.0216,15.0216,19.8654,15.0216,15.0216,
SFX_A02,15,Dialium guianense,Fabaceae,411508.6283,9269774.99,0.89,,33.7,,,20120809,A,O,P29,23.69,23.69,feldpausch_regional,0.18,default,0.0,33.7,23.69,33.7,True,O,23.69,feldpausch,33.7,23.69,0.8964,430.4966,304.5885,304.5885,430.4966,304.5885,304.5885,
SFX_A02,16,Castilla ulei,Moraceae,411511.6283,9269774.49,0.82,,12.6,,,20120809,A,O,P29,12.53,12.53,feldpausch_regional,0.18,default,0.0,12.6,12.53,12.6,True,O,12.53,feldpausch,12.6,12.53,0.5675,33.8832,25.2886,25.2886,33.8832,25.2886,25.2886,
SFX_A02,17,Zanthoxylum rhoifolium,Rutaceae,411522.6283,9269773.49,0.49,,11.2,,,20120809,A,O,P29,11.53,11.53,feldpausch_regional,0.18,default,0.0,11.2,11.53,11.2,True,O,11.53,feldpausch,11.2,11.53,0.5692,24.8245,18.6669,18.6669,24.8245,18.6669,18.6669,
SFX_A02,18,,,411528.6283,9269774.89,0.7,,11.3,,,20120809,D,o,P29,11.6,11.6,feldpausch_regional,0.18,default,0.0,11.3,11.6,11.3,False,O,11.6,feldpausch,11.3,11.6,0.7175,25.4086,25.4086,30.2523,25.4086,25.4086,30.2523,
SFX_A02,19,NI,NI,411529.6283,9269770.49,0.62,,14.3,,,20120809,A,O,P29,13.69,13.69,feldpausch_regional,0.18,default,0.0,14.3,13.69,14.3,True,O,13.69,feldpausch,14.3,13.69,0.7175,47.294,35.0195,35.0195,47.294,35.0195,35.0195,
SFX_A02,20,NI,NI,411524.4283,9269770.19,0.62,,11.3,,,20120809,A,O,P29,11.6,11.6,feldpausch_regional,0.18,default,0.0,11.3,11.6,11.3,True,O,11.6,feldpausch,11.3,11.6,0.7175,25.4086,19.096,19.096,25.4086,19.096,19.096,
SFX_A02,21,Pouteria gongrijpii,Sapotaceae,411516.6283,9269770.09,0.8,,10.1,,,20120809,A,O,P29,10.7,10.7,feldpausch_regional,0.18,default,0.0,10.1,10.7,10.1,True,O,10.7,feldpausch,10.1,10.7,0.7994,18.8614,14.2803,14.2803,18.8614,14.2803,14.2803,
SFX_A02,22,Inga marginata,Fabaceae,411515.6283,9269769.49,0.57,,16.2,,,20120809,A,O,P29,14.91,14.91,feldpausch_regional,0.18,default,0.0,16.2,14.91,16.2,True,O,14.91,feldpausch,16.2,14.91,0.5518,65.5765,48.1941,48.1941,65.5765,48.1941,48.1941,
SFX_A02,23,Annona sp.,Annonaceae,411514.6283,9269769.39,0.41,,10.0,,,20120809,A,O,P29,10.62,10.62,feldpausch_regional,0.18,default,0.0,10.0,10.62,10.0,True,O,10.62,feldpausch,10.0,10.62,0.5112,18.3636,13.9133,13.9133,18.3636,13.9133,13.9133,
SFX_A02,24,,,411514.3283,9269768.49,0.7,0.181106408,16.2,30.21,,20120809,D,o,P29,14.91,14.91,feldpausch_regional,0.18,default,0.0,16.2,14.91,16.2,False,O,30.21,measured,16.2,30.21,0.7175,130.6355,130.6355,155.5387,130.6355,130.6355,155.5387,
SFX_A02,25,NI,NI,411514.3283,9269767.49,0.62,,15.8,,,20120809,A,O,P29,14.66,14.66,feldpausch_regional,0.18,default,0.0,15.8,14.66,15.8,True,O,14.66,feldpausch,15.8,14.66,0.7175,61.4308,45.2138,45.2138,61.4308,45.2138,45.2138,
SFX_A02,26,Inga marginata,Fabaceae,411515.6283,9269766.99,0.57,,16.5,,,20120809,A,O,P29,15.1,15.1,feldpausch_regional,0.18,default,0.0,16.5,15.1,16.5,True,O,15.1,feldpausch,16.5,15.1,0.5518,68.8131,50.5162,50.5162,68.8131,50.5162,50.5162,
SFX_A02,27,Inga marginata,Fabaceae,411518.6283,9269767.89,0.57,,12.0,,,20120809,A,O,P29,12.11,12.11,feldpausch_regional,0.18,default,0.0,12.0,12.11,12.0,True,O,12.11,feldpausch,12.0,12.11,0.5518,29.7969,22.3066,22.3066,29.7969,22.3066,22.3066,
SFX_A02,28,Jacaranda copaia,Bignoniaceae,411518.3283,9269766.99,0.35,,31.8,,,20120809,A,O,P29,22.9,22.9,feldpausch_regional,0.18,default,0.0,31.8,22.9,31.8,True,O,22.9,feldpausch,31.8,22.9,0.3507,371.8757,263.7905,263.7905,371.8757,263.7905,263.7905,
SFX_A02,29,Sapium marmieri,Euphorbiaceae,411520.6283,9269765.49,0.41,2.306370734,52.2,40.56,24.25,20120809,A,O,P29,29.91,29.91,feldpausch_regional,0.18,default,0.0,52.2,29.91,52.2,True,O,40.56,measured,52.2,40.56,0.41,1709.4528,1134.5525,1134.5525,1709.4528,1134.5525,1134.5525,
SFX_A02,30,Ocotea sp.,Lauraceae,411521.6283,9269765.69,0.5,,19.1,,,20120809,A,O,P29,16.65,16.65,feldpausch_regional,0.18,default,0.0,19.1,16.65,19.1,True,O,16.65,feldpausch,19.1,16.65,0.5245,100.7252,73.3235,73.3235,100.7252,73.3235,73.3235,
SFX_A02,31,Tetragastris altissima,Burseraceae,411521.6283,9269761.49,0.71,0.224903944,19.1,17.11,11.13,20120809,A,O,P29,16.65,16.65,feldpausch_regional,0.18,default,0.0,19.1,16.65,19.1,True,O,17.11,measured,19.1,17.11,0.7079,103.4403,74.9764,74.9764,103.4403,74.9764,74.9764,
SFX_A02,32,Jacaratia spinosa,Caricaceae,411530.5283,9269761.89,0.27,,29.2,,,20120809,A,O,P29,21.77,21.77,feldpausch_regional,0.18,default,0.0,29.2,21.77,29.2,True,O,21.77,feldpausch,29.2,21.77,0.265,299.6663,213.3995,213.3995,299.6663,213.3995,213.3995,
SFX_A02,33,Rinorea guianensis,Violaceae,411527.6283,9269759.09,0.78,,10.1,,,20120809,A,O,P29,10.7,10.7,feldpausch_regional,0.18,default,0.0,10.1,10.7,10.1,True,O,10.7,feldpausch,10.1,10.7,0.78,18.8614,14.2803,14.2803,18.8614,14.2803,14.2803,
SFX_A02,34,Pourouma minor,Urticaceae,411530.4283,9269756.49,0.44,,25.4,,,20120809,A,O,P29,20.0,20.0,feldpausch_regional,0.18,default,0.0,25.4,20.0,25.4,True,O,20.0,feldpausch,25.4,20.0,0.436,210.1364,150.6501,150.6501,210.1364,150.6501,150.6501,
SFX_A02,35,Pourouma minor,Urticaceae,411528.8283,9269751.49,0.44,,14.4,,,20120809,A,O,P29,13.76,13.76,feldpausch_regional,0.18,default,0.0,14.4,13.76,14.4,True,O,13.76,feldpausch,14.4,13.76,0.436,48.181,35.6594,35.6594,48.181,35.6594,35.6594,
SFX_A02,37,Swartzia corrugata,Fabaceae,411539.6283,9269791.49,1.06,,22.4,,,20120809,A,O,P29,18.47,18.47,feldpausch_regional,0.18,default,0.0,22.4,18.47,22.4,True,O,18.47,feldpausch,22.4,18.47,1.0565,152.1306,109.7806,109.7806,152.1306,109.7806,109.7806,
SFX_A02,38,,,411532.3283,9269789.79,,0.01443557,12.9,,,20120809,A,L,P29,12.74,12.74,feldpausch_regional,0.18,default,0.0,12.9,12.74,12.9,True,L,12.74,feldpausch,12.9,12.74,0.7175,36.056,26.87,26.87,36.056,26.87,26.87,
SFX_A02,39,Dalbergia melanoxylon,Fabaceae,411531.4283,9269789.49,0.8,5.773762897,71.4,27.8,23.63,20120809,A,O,P29,34.43,34.43,feldpausch_regional,0.18,default,0.0,71.4,34.43,71.4,True,O,27.8,measured,71.4,27.8,1.0772,2179.0506,1558.4201,1558.4201,2179.0506,1558.4201,1558.4201,
SFX_A02,40,Brosimum rubescens,Moraceae,411532.8283,9269789.49,0.83,,14.4,,,20120809,A,O,P29,13.76,13.76,feldpausch_regional,0.18,default,0.0,14.4,13.76,14.4,True,O,13.76,feldpausch,14.4,13.76,0.8251,48.181,35.6594,35.6594,48.181,35.6594,35.6594,
SFX_A02,41,Theobroma glaucum,Malvaceae,411535.2283,9269788.49,0.53,,13.7,,,20120809,A,O,P29,13.29,13.29,feldpausch_regional,0.18,default,0.0,13.7,13.29,13.7,True,O,13.29,feldpausch,13.7,13.29,0.5297,42.2571,31.3721,31.3721,42.2571,31.3721,31.3721,
SFX_A02,42,Couepia racemosa,Chrysobalanaceae,411535.3283,9269788.49,0.79,,18.8,,,20120809,A,O,P29,16.48,16.48,feldpausch_regional,0.18,default,0.0,18.8,16.48,18.8,True,O,16.48,feldpausch,18.8,16.48,0.7861,96.6868,70.4443,70.4443,96.6868,70.4443,70.4443,
SFX_A02,43,NI,NI,411540.6283,9269788.89,0.62,,12.9,,,20120809,A,O,P29,12.74,12.74,feldpausch_regional,0.18,default,0.0,12.9,12.74,12.9,True,O,12.74,feldpausch,12.9,12.74,0.7175,36.056,26.87,26.87,36.056,26.87,26.87,
SFX_A02,44,Astronium gracile,Anacardiaceae,411530.7283,9269784.19,0.73,,29.9,,,20120809,A,O,P29,22.09,22.09,feldpausch_regional,0.18,default,0.0,29.9,22.09,29.9,True,O,22.09,feldpausch,29.9,22.09,0.73,318.3507,226.4404,226.4404,318.3507,226.4404,226.4404,
SFX_A02,45,Inga marginata,Fabaceae,411533.3283,9269784.49,0.57,,10.5,,,20120809,A,O,P29,11.0,11.0,feldpausch_regional,0.18,default,0.0,10.5,11.0,10.5,True,O,11.0,feldpausch,10.5,11.0,0.5518,20.9036,15.7869,15.7869,20.9036,15.7869,15.7869,
SFX_A02,46,Dalbergia melanoxylon,Fabaceae,411536.6283,9269787.49,0.8,1.388010958,50.8,13.2,9.01,20120809,A,O,P29,29.51,29.51,feldpausch_regional,0.18,default,0.0,50.8,29.51,50.8,True,O,13.2,measured,50.8,13.2,1.0772,541.9844,428.9596,428.9596,541.9844,428.9596,428.9596,
SFX_A02,48,Galipea trifoliata,NI,411547.6283,9269779.49,0.62,,13.5,,,20120809,A,O,P29,13.15,13.15,feldpausch_regional,0.18,default,0.0,13.5,13.15,13.5,True,O,13.15,feldpausch,13.5,13.15,0.997,40.6391,30.2001,30.2001,40.6391,30.2001,30.2001,
SFX_A02,49,Galipea trifoliata,NI,411538.6283,9269777.79,0.62,,12.3,,,20120809,A,O,P29,12.32,12.32,feldpausch_regional,0.18,default,0.0,12.3,12.32,12.3,True,O,12.32,feldpausch,12.3,12.32,0.997,31.7974,23.7678,23.7678,31.7974,23.7678,23.7678,
SFX_A02,50,Rheedia gardneriana,Clusiaceae,411540.6283,9269777.09,0.62,,13.0,,,20120809,A,O,P29,12.81,12.81,feldpausch_regional,0.18,default,0.0,13.0,12.81,13.0,True,O,12.81,feldpausch,13.0,12.81,0.7175,36.7999,27.4108,27.4108,36.7999,27.4108,27.4108,
SFX_A02,51,Jacaratia spinosa,Caricaceae,411535.6283,9269773.89,0.27,0.93197651,63.3,17.24,10.37,20120809,A,O,P29,32.71,32.71,feldpausch_regional,0.18,default,0.0,63.3,32.71,63.3,True,O,17.24,measured,63.3,17.24,0.265,1080.5904,828.618,828.618,1080.5904,828.618,828.618,
SFX_A02,52,Luehea sp.,Malvaceae,411555.6283,9269774.49,0.51,,24.4,,,20120809,A,O,P29,19.5,19.5,feldpausch_regional,0.18,default,0.0,24.4,19.5,24.4,True,O,19.5,feldpausch,24.4,19.5,0.5766,189.5481,136.1719,136.1719,189.5481,136.1719,136.1719,
SFX_A02,53,Rheedia gardneriana,Clusiaceae,411550.6283,9269773.49,0.62,0.74885348,36.8,17.52,11.8,20120809,A,O,P29,24.9,24.9,feldpausch_regional,0.18,default,0.0,36.8,24.9,36.8,True,O,17.52,measured,36.8,17.52,0.7175,380.7895,283.7697,283.7697,380.7895,283.7697,283.7697,
SFX_A02,54,Dialium guianense,Fabaceae,411548.6283,9269772.89,0.89,,25.2,,,20120809,A,O,P29,19.9,19.9,feldpausch_regional,0.18,default,0.0,25.2,19.9,25.2,True,O,19.9,feldpausch,25.2,19.9,0.8964,205.9089,147.6802,147.6802,205.9089,147.6802,147.6802,
SFX_A02,55,,,411535.2283,9269772.99,0.7,,20.1,,,20120809,D,o,P29,17.22,17.22,feldpausch_regional,0.18,default,0.0,20.1,17.22,20.1,False,O,17.22,feldpausch,20.1,17.22,0.7175,114.992,114.992,136.9131,114.992,114.992,136.9131,
SFX_A02,56,Zollernia paraensis,Fabaceae,411530.8283,9269775.49,0.99,,12.6,,,20120809,A,O,P29,12.53,12.53,feldpausch_regional,0.18,default,0.0,12.6,12.53,12.6,True,O,12.53,feldpausch,12.6,12.53,0.99,33.8832,25.2886,25.2886,33.8832,25.2886,25.2886,
SFX_A02,57,Dalbergia melanoxylon,Fabaceae,411531.6283,9269773.49,0.8,,17.7,,,20120809,A,O,P29,15.83,15.83,feldpausch_regional,0.18,default,0.0,17.7,15.83,17.7,True,O,15.83,feldpausch,17.7,15.83,1.0772,82.6414,60.4201,60.4201,82.6414,60.4201,60.4201,
SFX_A02,58,Licania octandra,Chrysobalanaceae,411530.8283,9269771.89,0.83,,13.7,,,20120809,A,O,P29,13.29,13.29,feldpausch_regional,0.18,default,0.0,13.7,13.29,13.7,True,O,13.29,feldpausch,13.7,13.29,0.825,42.2571,31.3721,31.3721,42.2571,31.3721,31.3721,
SFX_A02,59,Dalbergia melanoxylon,Fabaceae,411534.2283,9269770.49,0.8,0.277527692,23.2,12.66,7.38,20120809,A,O,P29,18.89,18.89,feldpausch_regional,0.18,default,0.0,23.2,18.89,23.2,True,O,12.66,measured,23.2,12.66,1.0772,112.6856,86.4622,86.4622,112.6856,86.4622,86.4622,
SFX_A02,60,Dalbergia melanoxylon,Fabaceae,411534.1283,9269769.49,0.8,,24.2,,,20120809,A,O,P29,19.4,19.4,feldpausch_regional,0.18,default,0.0,24.2,19.4,24.2,True,O,19.4,feldpausch,24.2,19.4,1.0772,185.5935,133.3865,133.3865,185.5935,133.3865,133.3865,
SFX_A02,61,Galipea trifoliata,NI,411530.9283,9269768.09,0.62,,14.1,,,20120809,A,O,P29,13.56,13.56,feldpausch_regional,0.18,default,0.0,14.1,13.56,14.1,True,O,13.56,feldpausch,14.1,13.56,0.997,45.585,33.7821,33.7821,45.585,33.7821,33.7821,
SFX_A02,62,Pouteria gongrijpii,Sapotaceae,411556.6283,9269771.49,0.8,1.046695314,38.0,17.81,12.96,20120809,A,O,P29,25.35,25.35,feldpausch_regional,0.18,default,0.0,38.0,25.35,38.0,True,O,17.81,measured,38.0,17.81,0.7994,411.9517,306.6689,306.6689,411.9517,306.6689,306.6689,
SFX_A02,63,Dalbergia melanoxylon,Fabaceae,411552.6283,9269769.49,0.8,1.076395607,36.5,19.83,12.92,20120809,A,O,P29,24.79,24.79,feldpausch_regional,0.18,default,0.0,36.5,24.79,36.5,True,O,19.83,measured,36.5,19.83,1.0772,422.9055,308.9265,308.9265,422.9055,308.9265,308.9265,
SFX_A02,64,Dalbergia melanoxylon,Fabaceae,411542.6283,9269768.49,0.8,0.681903348,39.0,11.0,4.8,20120809,A,O,P29,25.71,25.71,feldpausch_regional,0.18,default,0.0,39.0,25.71,39.0,True,O,11.0,measured,39.0,11.0,1.0772,270.7809,217.795,217.795,270.7809,217.795,217.795,
SFX_A02,65,NI,NI,411543.6283,9269766.49,0.62,,22.0,,,20120809,A,O,P29,18.26,18.26,feldpausch_regional,0.18,default,0.0,22.0,18.26,22.0,True,O,18.26,feldpausch,22.0,18.26,0.7175,145.2428,104.9089,104.9089,145.2428,104.9089,104.9089,
SFX_A02,66,NI,NI,411544.6283,9269765.49,0.62,,26.5,,,20120809,A,O,P29,20.53,20.53,feldpausch_regional,0.18,default,0.0,26.5,20.53,26.5,True,O,20.53,feldpausch,26.5,20.53,0.7175,234.1684,167.5272,167.5272,234.1684,167.5272,167.5272,
SFX_A02,67,Lacunaria jenmanii,Quiinaceae,411544.6283,9269765.49,0.8,,12.1,,,20120809,A,O,P29,12.18,12.18,feldpausch_regional,0.18,default,0.0,12.1,12.18,12.1,True,O,12.18,feldpausch,12.1,12.18,0.8043,30.4544,22.7871,22.7871,30.4544,22.7871,22.7871,
SFX_A02,68,Galipea trifoliata,NI,411531.6283,9269765.89,0.62,,14.9,,,20120809,A,O,P29,14.08,14.08,feldpausch_regional,0.18,default,0.0,14.9,14.08,14.9,True,O,14.08,feldpausch,14.9,14.08,0.997,52.6692,38.9035,38.9035,52.6692,38.9035,38.9035,
SFX_A02,69,Theobroma glaucum,Malvaceae,411532.2283,9269765.39,0.53,,12.2,,,20120809,A,O,P29,12.25,12.25,feldpausch_regional,0.18,default,0.0,12.2,12.25,12.2,True,O,12.25,feldpausch,12.2,12.25,0.5297,31.1212,23.2742,23.2742,31.1212,23.2742,23.2742,
SFX_A02,70,,,411534.6283,9269764.69,0.45,,10.2,,,20120809,D,o,P29,10.78,10.78,feldpausch_regional,0.18,default,0.0,10.2,10.78,10.2,False,O,10.78,feldpausch,10.2,10.78,0.7175,19.368,19.368,23.0601,19.368,19.368,23.0601,
SFX_A02,71,Castilla ulei,Moraceae,411538.6283,9269762.49,0.82,,21.4,,,20120809,A,O,P29,17.94,17.94,feldpausch_regional,0.18,default,0.0,21.4,17.94,21.4,True,O,17.94,feldpausch,21.4,17.94,0.5675,135.2568,97.8394,97.8394,135.2568,97.8394,97.8394,
SFX_A02,72,Cordia scabrifolia,Boraginaceae,411538.6283,9269762.29,0.47,,16.3,,,20120809,A,O,P29,14.98,14.98,feldpausch_regional,0.18,default,0.0,16.3,14.98,16.3,True,O,14.98,feldpausch,16.3,14.98,0.474,66.6731,48.9783,48.9783,66.6731,48.9783,48.9783,
SFX_A02,74,Couratari stellata,Lecythidaceae,411532.6283,9269759.49,0.63,,14.0,,,20120809,A,O,P29,13.49,13.49,feldpausch_regional,0.18,default,0.0,14.0,13.49,14.0,True,O,13.49,feldpausch,14.0,13.49,0.6331,44.7295,33.1639,33.1639,44.7295,33.1639,33.1639,
SFX_A02,75,Dalbergia melanoxylon,Fabaceae,411538.6283,9269758.79,0.8,,29.8,,,20120809,A,O,P29,22.04,22.04,feldpausch_regional,0.18,default,0.0,29.8,22.04,29.8,True,O,22.04,feldpausch,29.8,22.04,1.0772,315.577,224.5118,224.5118,315.577,224.5118,224.5118,
SFX_A02,76,Attalea maripa,Arecaceae,411539.6283,9269757.69,,0.131481006,25.5,,,20120809,A,P,P29,20.05,20.05,feldpausch_regional,0.18,default,0.0,25.5,20.05,25.5,True,P,20.05,feldpausch,25.5,20.05,0.326,212.271,,,212.271,,,
SFX_A02,77,Dalbergia melanoxylon,Fabaceae,411539.5283,9269756.89,0.8,,17.2,,,20120809,A,O,P29,15.53,15.53,feldpausch_regional,0.18,default,0.0,17.2,15.53,17.2,True,O,15.53,feldpausch,17.2,15.53,1.0772,76.7,56.1687,56.1687,76.7,56.1687,56.1687,
SFX_A02,78,Dalbergia melanoxylon,Fabaceae,411539.3283,9269755.69,0.8,,20.8,,,20120809,A,O,P29,17.61,17.61,feldpausch_regional,0.18,default,0.0,20.8,17.61,20.8,True,O,17.61,feldpausch,20.8,17.61,1.0772,125.6555,91.0369,91.0369,125.6555,91.0369,91.0369,
SFX_A02,79,,,411530.7283,9269751.49,0.6,,23.7,,,20120809,D,o,P29,19.15,19.15,feldpausch_regional,0.18,default,0.0,23.7,19.15,23.7,False,O,19.15,feldpausch,23.7,19.15,0.7175,175.9406,175.9406,209.4804,175.9406,175.9406,209.4804,
SFX_A02,1,Dalbergia melanoxylon,Fabaceae,411866.6451,9270574.854,0.8,,14.8,,,20120811,A,O,P30,14.02,14.02,feldpausch_regional,0.18,default,0.0,14.8,14.02,14.8,True,O,14.02,feldpausch,14.8,14.02,1.0772,51.7652,38.2492,38.2492,51.7652,38.2492,38.2492,
SFX_A02,2,Dalbergia melanoxylon,Fabaceae,411866.8451,9270572.854,0.8,0.119728472,23.3,5.41,4.41,20120811,A,O,P30,18.94,18.94,feldpausch_regional,0.18,default,0.0,23.3,18.94,23.3,True,O,5.41,measured,23.3,5.41,1.0772,49.561,43.5037,43.5037,49.561,43.5037,43.5037,
SFX_A02,3,Socratea exorrhiza,Arecaceae,411867.0451,9270570.854,,0.062602532,17.1,,,20120811,A,P,P30,15.47,15.47,feldpausch_regional,0.18,default,0.0,17.1,15.47,17.1,True,P,15.47,feldpausch,17.1,15.47,0.23,75.546,,,75.546,,,
SFX_A02,4,Guarea guidonia,Meliaceae,411863.1451,9270569.854,0.55,,20.8,,,20120811,A,O,P30,17.61,17.61,feldpausch_regional,0.18,default,0.0,20.8,17.61,20.8,True,O,17.61,feldpausch,20.8,17.61,0.5651,125.6555,91.0369,91.0369,125.6555,91.0369,91.0369,
SFX_A02,5,Apeiba echinata,Malvaceae,411862.5451,9270565.854,0.28,,11.7,,,20120811,A,O,P30,11.89,11.89,feldpausch_regional,0.18,default,0.0,11.7,11.89,11.7,True,O,11.89,feldpausch,11.7,11.89,0.2822,27.8572,20.8896,20.8896,27.8572,20.8896,20.8896,
SFX_A02,6,Mimosa hostilis,Fabaceae,411862.5451,9270564.854,0.45,,26.4,,,20120811,A,O,P30,20.48,20.48,feldpausch_regional,0.18,default,0.0,26.4,20.48,26.4,True,O,20.48,feldpausch,26.4,20.48,0.8235,231.894,165.9339,165.9339,231.894,165.9339,165.9339,
SFX_A02,7,Lacunaria jenmanii,Quiinaceae,411861.1451,9270564.054,0.8,,10.4,,,20120811,A,O,P30,10.93,10.93,feldpausch_regional,0.18,default,0.0,10.4,10.93,10.4,True,O,10.93,feldpausch,10.4,10.93,0.8043,20.3893,15.407,15.407,20.3893,15.407,15.407,
SFX_A02,8,Guarea guidonia,Meliaceae,411860.1451,9270563.354,0.55,,21.6,,,20120811,A,O,P30,18.05,18.05,feldpausch_regional,0.18,default,0.0,21.6,18.05,21.6,True,O,18.05,feldpausch,21.6,18.05,0.5651,138.5595,100.1764,100.1764,138.5595,100.1764,100.1764,
SFX_A02,9,Galipea trifoliata,NI,411860.0451,9270562.054,0.62,,14.4,,,20120811,A,O,P30,13.76,13.76,feldpausch_regional,0.18,default,0.0,14.4,13.76,14.4,True,O,13.76,feldpausch,14.4,13.76,0.997,48.181,35.6594,35.6594,48.181,35.6594,35.6594,
SFX_A02,10,Lacunaria jenmanii,Quiinaceae,411865.1451,9270559.854,0.8,,10.3,,,20120811,A,O,P30,10.85,10.85,feldpausch_regional,0.18,default,0.0,10.3,10.85,10.3,True,O,10.85,feldpausch,10.3,10.85,0.8043,19.8654,15.0216,15.0216,19.8654,15.0216,15.0216,
SFX_A02,11,Licania heteromorpha,Chrysobalanaceae,411863.1451,9270559.554,0.82,,11.1,,,20120811,A,O,P30,11.45,11.45,feldpausch_regional,0.18,default,0.0,11.1,11.45,11.1,True,O,11.45,feldpausch,11.1,11.45,0.8164,24.2284,18.2309,18.2309,24.2284,18.2309,18.2309,
SFX_A02,12,Poeppigia sp.,Fabaceae,411863.1451,9270557.854,0.69,,12.0,,,20120811,A,O,P30,12.11,12.11,feldpausch_regional,0.18,default,0.0,12.0,12.11,12.0,True,O,12.11,feldpausch,12.0,12.11,0.735,29.7969,22.3066,22.3066,29.7969,22.3066,22.3066,
SFX_A02,13,,,411864.1451,9270557.854,,0.014322717,12.7,,,20120811,A,L,P30,12.6,12.6,feldpausch_regional,0.18,default,0.0,12.7,12.6,12.7,True,L,12.6,feldpausch,12.7,12.6,0.7175,34.5977,25.8089,25.8089,34.5977,25.8089,25.8089,
SFX_A02,14,Dalbergia melanoxylon,Fabaceae,411867.0451,9270557.854,0.8,4.074227765,75.6,17.5,5.95,20120811,A,O,P30,35.24,35.24,feldpausch_regional,0.18,default,0.0,75.6,35.24,75.6,True,O,17.5,measured,75.6,17.5,1.0772,1550.7449,1196.4875,1196.4875,1550.7449,1196.4875,1196.4875,
SFX_A02,15,,,411865.1451,9270556.854,0.45,,29.2,,,20120811,D,o,P30,21.77,21.77,feldpausch_regional,0.18,default,0.0,29.2,21.77,29.2,False,O,21.77,feldpausch,29.2,21.77,0.7175,299.6663,299.6663,356.792,299.6663,299.6663,356.792,
SFX_A02,16,Poeppigia sp.,Fabaceae,411865.1451,9270555.854,0.69,,13.6,,,20120811,A,O,P30,13.22,13.22,feldpausch_regional,0.18,default,0.0,13.6,13.22,13.6,True,O,13.22,feldpausch,13.6,13.22,0.735,41.4429,30.7826,30.7826,41.4429,30.7826,30.7826,
SFX_A02,17,Galipea trifoliata,NI,411858.5451,9270557.354,0.62,,14.8,,,20120811,A,O,P30,14.02,14.02,feldpausch_regional,0.18,default,0.0,14.8,14.02,14.8,True,O,14.02,feldpausch,14.8,14.02,0.997,51.7652,38.2492,38.2492,51.7652,38.2492,38.2492,
SFX_A02,18,Ormosia nobilis,Fabaceae,411858.4451,9270557.154,0.58,,30.0,,,20120811,A,O,P30,22.13,22.13,feldpausch_regional,0.18,default,0.0,30.0,22.13,30.0,True,O,22.13,feldpausch,30.0,22.13,0.58,320.9987,228.2952,228.2952,320.9987,228.2952,228.2952,
SFX_A02,19,Apeiba echinata,Malvaceae,411858.1451,9270557.154,0.28,,17.2,,,20120811,A,O,P30,15.53,15.53,feldpausch_regional,0.18,default,0.0,17.2,15.53,17.2,True,O,15.53,feldpausch,17.2,15.53,0.2822,76.7,56.1687,56.1687,76.7,56.1687,56.1687,
SFX_A02,20,NI,NI,411858.1451,9270556.954,0.62,,32.3,,,20120811,A,O,P30,23.11,23.11,feldpausch_regional,0.18,default,0.0,32.3,23.11,32.3,True,O,23.11,feldpausch,32.3,23.11,0.7175,386.8056,274.1908,274.1908,386.8056,274.1908,274.1908,
SFX_A02,21,Dalbergia melanoxylon,Fabaceae,411853.1451,9270557.254,0.8,,15.5,,,20120811,A,O,P30,14.47,14.47,feldpausch_regional,0.18,default,0.0,15.5,14.47,15.5,True,O,14.47,feldpausch,15.5,14.47,1.0772,58.4259,43.0513,43.0513,58.4259,43.0513,43.0513,
SFX_A02,22,NI,NI,411852.6451,9270557.254,0.62,,11.4,,,20120811,A,O,P30,11.67,11.67,feldpausch_regional,0.18,default,0.0,11.4,11.67,11.4,True,O,11.67,feldpausch,11.4,11.67,0.7175,26.0016,19.5314,19.5314,26.0016,19.5314,19.5314,
SFX_A02,23,Guarea guidonia,Meliaceae,411857.1451,9270554.054,0.55,,20.2,,,20120811,A,O,P30,17.28,17.28,feldpausch_regional,0.18,default,0.0,20.2,17.28,20.2,True,O,17.28,feldpausch,20.2,17.28,0.5651,116.5063,84.5421,84.5421,116.5063,84.5421,84.5421,
SFX_A02,24,Annona sp.,Annonaceae,411861.1451,9270554.054,0.41,,12.2,,,20120811,A,O,P30,12.25,12.25,feldpausch_regional,0.18,default,0.0,12.2,12.25,12.2,True,O,12.25,feldpausch,12.2,12.25,0.5112,31.1212,23.2742,23.2742,31.1212,23.2742,23.2742,
SFX_A02,25,Galipea trifoliata,NI,411857.1451,9270553.854,0.62,,10.4,,,20120811,A,O,P30,10.93,10.93,feldpausch_regional,0.18,default,0.0,10.4,10.93,10.4,True,O,10.93,feldpausch,10.4,10.93,0.997,20.3893,15.407,15.407,20.3893,15.407,15.407,
SFX_A02,26,Cordia scabrifolia,Boraginaceae,411856.1451,9270553.854,0.47,0.080473013,17.8,10.53,7.46,20120811,A,O,P30,15.89,15.89,feldpausch_regional,0.18,default,0.0,17.8,15.89,17.8,True,O,10.53,measured,17.8,10.53,0.474,56.1268,43.777,43.777,56.1268,43.777,43.777,
SFX_A02,27,Dalbergia melanoxylon,Fabaceae,411848.1451,9270550.854,0.8,,18.1,,,20120811,A,O,P30,16.07,16.07,feldpausch_regional,0.18,default,0.0,18.1,16.07,18.1,True,O,16.07,feldpausch,18.1,16.07,1.0772,87.6034,63.9643,63.9643,87.6034,63.9643,63.9643,
SFX_A02,28,Neea oppositifolia,Nyctaginaceae,411849.1451,9270550.554,0.89,,12.5,,,20120811,A,O,P30,12.46,12.46,feldpausch_regional,0.18,default,0.0,12.5,12.46,12.5,True,O,12.46,feldpausch,12.5,12.46,0.893,33.1783,24.775,24.775,33.1783,24.775,24.775,
SFX_A02,29,NI,NI,411846.1451,9270548.854,0.62,,11.1,,,20120811,A,O,P30,11.45,11.45,feldpausch_regional,0.18,default,0.0,11.1,11.45,11.1,True,O,11.45,feldpausch,11.1,11.45,0.7175,24.2284,18.2309,18.2309,24.2284,18.2309,18.2309,
SFX_A02,30,Stryphnodendron pulcherrimum,Fabaceae,411862.1451,9270549.254,0.47,,18.6,,,20120811,A,O,P30,16.36,16.36,feldpausch_regional,0.18,default,0.0,18.6,16.36,18.6,True,O,16.36,feldpausch,18.6,16.36,0.475,94.0161,68.5425,68.5425,94.0161,68.5425,68.5425,
SFX_A02,31,Dalbergia melanoxylon,Fabaceae,411854.1451,9270548.454,0.8,,10.8,,,20120811,A,O,P30,11.23,11.23,feldpausch_regional,0.18,default,0.0,10.8,11.23,10.8,True,O,11.23,feldpausch,10.8,11.23,1.0772,22.5359,16.987,16.987,22.5359,16.987,16.987,
SFX_A02,32,Helicostylis sp.,Moraceae,411857.1451,9270548.354,0.65,,14.9,,,20120811,A,O,P30,14.08,14.08,feldpausch_regional,0.18,default,0.0,14.9,14.08,14.9,True,O,14.08,feldpausch,14.9,14.08,0.643,52.6692,38.9035,38.9035,52.6692,38.9035,38.9035,
SFX_A02,33,Galipea trifoliata,NI,411862.1451,9270546.354,0.62,,11.7,,,20120811,A,O,P30,11.89,11.89,feldpausch_regional,0.18,default,0.0,11.7,11.89,11.7,True,O,11.89,feldpausch,11.7,11.89,0.997,27.8572,20.8896,20.8896,27.8572,20.8896,20.8896,
SFX_A02,34,Thyrsodium paraense,Anacardiaceae,411864.1451,9270545.854,0.61,0.032844052,10.6,9.36,8.19,20120811,A,O,P30,11.08,11.08,feldpausch_regional,0.18,default,0.0,10.6,11.08,10.6,True,O,9.36,measured,10.6,9.36,0.645,18.1896,14.0986,14.0986,18.1896,14.0986,14.0986,
SFX_A02,35,Galipea trifoliata,NI,411862.1451,9270544.354,0.62,,10.2,,,20120811,A,O,P30,10.78,10.78,feldpausch_regional,0.18,default,0.0,10.2,10.78,10.2,True,O,10.78,feldpausch,10.2,10.78,0.997,19.368,14.6535,14.6535,19.368,14.6535,14.6535,
SFX_A02,36,Mimosa hostilis,Fabaceae,411853.1451,9270543.854,0.45,0.219310425,20.5,22.78,12.27,20120811,A,O,P30,17.45,17.45,feldpausch_regional,0.18,default,0.0,20.5,17.45,20.5,True,O,22.78,measured,20.5,22.78,0.8235,157.0278,109.1556,109.1556,157.0278,109.1556,109.1556,
SFX_A02,37,Dalbergia melanoxylon,Fabaceae,411851.1451,9270544.854,0.8,,36.3,,,20120811,A,O,P30,24.71,24.71,feldpausch_regional,0.18,default,0.0,36.3,24.71,36.3,True,O,24.71,feldpausch,36.3,24.71,1.0772,518.6116,365.7991,365.7991,518.6116,365.7991,365.7991,
SFX_A02,38,Neea oppositifolia,Nyctaginaceae,411848.1451,9270544.454,0.89,,11.4,,,20120811,A,O,P30,11.67,11.67,feldpausch_regional,0.18,default,0.0,11.4,11.67,11.4,True,O,11.67,feldpausch,11.4,11.67,0.893,26.0016,19.5314,19.5314,26.0016,19.5314,19.5314,
SFX_A02,40,,,411861.1451,9270541.854,0.45,,13.2,,,20120811,D,o,P30,12.95,12.95,feldpausch_regional,0.18,default,0.0,13.2,12.95,13.2,False,O,12.95,feldpausch,13.2,12.95,0.7175,38.3174,38.3174,45.6219,38.3174,38.3174,45.6219,
SFX_A02,41,Lacunaria jenmanii,Quiinaceae,411865.1451,9270540.754,0.8,,13.6,,,20120811,A,O,P30,13.22,13.22,feldpausch_regional,0.18,default,0.0,13.6,13.22,13.6,True,O,13.22,feldpausch,13.6,13.22,0.8043,41.4429,30.7826,30.7826,41.4429,30.7826,30.7826,
SFX_A02,42,Guarea guidonia,Meliaceae,411865.5451,9270539.254,0.55,,12.0,,,20120811,A,O,P30,12.11,12.11,feldpausch_regional,0.18,default,0.0,12.0,12.11,12.0,True,O,12.11,feldpausch,12.0,12.11,0.5651,29.7969,22.3066,22.3066,29.7969,22.3066,22.3066,
SFX_A02,43,Cordia scabrifolia,Boraginaceae,411859.8451,9270539.854,0.47,,20.7,,,20120811,A,O,P30,17.56,17.56,feldpausch_regional,0.18,default,0.0,20.7,17.56,20.7,True,O,17.56,feldpausch,20.7,17.56,0.474,124.134,89.9542,89.9542,124.134,89.9542,89.9542,
SFX_A02,44,Stryphnodendron paniculatum,Fabaceae,411862.6451,9270538.854,0.65,,24.0,,,20120811,A,O,P30,19.3,19.3,feldpausch_regional,0.18,default,0.0,24.0,19.3,24.0,True,O,19.3,feldpausch,24.0,19.3,0.6535,181.6925,130.6375,130.6375,181.6925,130.6375,130.6375,
SFX_A02,45,Aspidosperma parvifolium,Apocynaceae,411863.5451,9270537.254,0.74,,11.0,,,20120811,A,O,P30,11.38,11.38,feldpausch_regional,0.18,default,0.0,11.0,11.38,11.0,True,O,11.38,feldpausch,11.0,11.38,0.781,23.6621,17.8143,17.8143,23.6621,17.8143,17.8143,
SFX_A02,46,,,411863.1451,9270536.854,0.28,,23.0,,,20120811,D,o,P30,18.79,18.79,feldpausch_regional,0.18,default,0.0,23.0,18.79,23.0,False,O,18.79,feldpausch,23.0,18.79,0.7175,162.8943,162.8943,193.9471,162.8943,162.8943,193.9471,
SFX_A02,47,Dalbergia melanoxylon,Fabaceae,411855.1451,9270537.854,0.8,0.620431042,39.0,10.01,7.82,20120811,A,O,P30,25.71,25.71,feldpausch_regional,0.18,default,0.0,39.0,25.71,39.0,True,O,10.01,measured,39.0,10.01,1.0772,246.969,201.6247,201.6247,246.969,201.6247,201.6247,
SFX_A02,48,Dalbergia melanoxylon,Fabaceae,411853.1451,9270538.754,0.8,,10.7,,,20120811,A,O,P30,11.15,11.15,feldpausch_regional,0.18,default,0.0,10.7,11.15,10.7,True,O,11.15,feldpausch,10.7,11.15,1.0772,21.9765,16.5767,16.5767,21.9765,16.5767,16.5767,
SFX_A02,49,Inga marginata,Fabaceae,411854.1451,9270537.854,0.57,1.449119874,40.0,31.05,15.82,20120811,A,O,P30,26.07,26.07,feldpausch_regional,0.18,default,0.0,40.0,26.07,40.0,True,O,31.05,measured,40.0,31.05,0.5518,783.3104,535.4092,535.4092,783.3104,535.4092,535.4092,
SFX_A02,51,Copaifera reticulata,Fabaceae,411862.1451,9270532.854,0.61,0.050519744,11.2,13.02,9.55,20120811,A,O,P30,11.53,11.53,feldpausch_regional,0.18,default,0.0,11.2,11.53,11.2,True,O,13.02,measured,11.2,13.02,0.6075,27.9508,20.618,20.618,27.9508,20.618,20.618,
SFX_A02,52,Pterocarpus sp.,Fabaceae,411860.1451,9270531.254,0.51,,11.6,,,20120811,A,O,P30,11.82,11.82,feldpausch_regional,0.18,default,0.0,11.6,11.82,11.6,True,O,11.82,feldpausch,11.6,11.82,0.5838,27.2369,20.4351,20.4351,27.2369,20.4351,20.4351,
SFX_A02,53,Lacunaria jenmanii,Quiinaceae,411864.8451,9270531.454,0.8,,11.5,,,20120811,A,O,P30,11.75,11.75,feldpausch_regional,0.18,default,0.0,11.5,11.75,11.5,True,O,11.75,feldpausch,11.5,11.75,0.8043,26.6256,19.9869,19.9869,26.6256,19.9869,19.9869,
SFX_A02,54,Dialium guianense,Fabaceae,411866.9451,9270531.454,0.89,,21.1,,,20120811,A,O,P30,17.78,17.78,feldpausch_regional,0.18,default,0.0,21.1,17.78,21.1,True,O,17.78,feldpausch,21.1,17.78,0.8964,130.4348,94.421,94.421,130.4348,94.421,94.421,
SFX_A02,55,,,411864.5451,9270528.854,0.45,,33.8,,,20120811,D,o,P30,23.73,23.73,feldpausch_regional,0.18,default,0.0,33.8,23.73,33.8,False,O,23.73,feldpausch,33.8,23.73,0.7175,433.7072,433.7072,516.3854,433.7072,433.7072,516.3854,
SFX_A02,56,Guarea guidonia,Meliaceae,411865.1451,9270568.454,0.55,0.604315755,31.5,21.85,9.69,20120811,A,O,P30,22.78,22.78,feldpausch_regional,0.18,default,0.0,31.5,22.78,31.5,True,O,21.85,measured,31.5,21.85,0.5651,348.7125,249.0875,249.0875,348.7125,249.0875,249.0875,
SFX_A02,57,Dialium guianense,Fabaceae,411872.1451,9270565.854,0.89,0.047908992,25.1,1.68,1.02,20120811,A,O,P30,19.85,19.85,feldpausch_regional,0.18,default,0.0,25.1,19.85,25.1,True,O,1.68,measured,25.1,1.68,0.8964,18.3031,19.3959,19.3959,18.3031,19.3959,19.3959,
SFX_A02,58,Dalbergia melanoxylon,Fabaceae,411876.1451,9270565.854,0.8,,22.5,,,20120811,A,O,P30,18.53,18.53,feldpausch_regional,0.18,default,0.0,22.5,18.53,22.5,True,O,18.53,feldpausch,22.5,18.53,1.0772,153.9456,111.0572,111.0572,153.9456,111.0572,111.0572,
SFX_A02,59,Dialium guianense,Fabaceae,411875.1451,9270564.054,0.89,1.615091856,37.6,25.21,13.06,20120811,A,O,P30,25.2,25.2,feldpausch_regional,0.18,default,0.0,37.6,25.2,37.6,True,O,25.21,measured,37.6,25.21,0.8964,566.4511,398.953,398.953,566.4511,398.953,398.953,
SFX_A02,60,Galipea trifoliata,NI,411869.8451,9270563.954,0.62,,11.1,,,20120811,A,O,P30,11.45,11.45,feldpausch_regional,0.18,default,0.0,11.1,11.45,11.1,True,O,11.45,feldpausch,11.1,11.45,0.997,24.2284,18.2309,18.2309,24.2284,18.2309,18.2309,
SFX_A02,61,Bertholletia excelsa,Lecythidaceae,411869.6451,9270562.154,0.64,0.462711778,16.0,55.48,43.23,20120811,A,O,P30,14.79,14.79,feldpausch_regional,0.18,default,0.0,16.0,14.79,16.0,True,O,55.48,measured,16.0,55.48,0.638,230.7704,137.7219,137.7219,230.7704,137.7219,137.7219,
SFX_A02,62,Dalbergia melanoxylon,Fabaceae,411876.1451,9270562.154,0.8,,27.0,,,20120811,A,O,P30,20.76,20.76,feldpausch_regional,0.18,default,0.0,27.0,20.76,27.0,True,O,20.76,feldpausch,27.0,20.76,1.0772,245.5255,175.5007,175.5007,245.5255,175.5007,175.5007,
SFX_A02,63,Lacunaria jenmanii,Quiinaceae,411872.1451,9270558.854,0.8,,16.2,,,20120811,A,O,P30,14.91,14.91,feldpausch_regional,0.18,default,0.0,16.2,14.91,16.2,True,O,14.91,feldpausch,16.2,14.91,0.8043,65.5765,48.1941,48.1941,65.5765,48.1941,48.1941,
SFX_A02,64,Castilla ulei,Moraceae,411869.1451,9270558.854,0.82,,26.3,,,20120811,A,O,P30,20.43,20.43,feldpausch_regional,0.18,default,0.0,26.3,20.43,26.3,True,O,20.43,feldpausch,26.3,20.43,0.5675,229.634,164.3503,164.3503,229.634,164.3503,164.3503,
SFX_A02,65,Guazuma ulmifolia,Malvaceae,411869.1451,9270558.654,0.5,0.724888377,41.8,16.15,7.17,20120811,A,O,P30,26.7,26.7,feldpausch_regional,0.18,default,0.0,41.8,26.7,41.8,True,O,16.15,measured,41.8,16.15,0.5188,450.9965,342.5289,342.5289,450.9965,342.5289,342.5289,
SFX_A02,66,Dalbergia melanoxylon,Fabaceae,411881.1451,9270555.254,0.8,1.283319242,42.1,17.77,7.21,20120811,A,O,P30,26.8,26.8,feldpausch_regional,0.18,default,0.0,42.1,26.8,42.1,True,O,17.77,measured,42.1,17.77,1.0772,502.0584,375.7232,375.7232,502.0584,375.7232,375.7232,
SFX_A02,67,Protium heptaphyllum,Burseraceae,411888.7451,9270554.854,0.62,,11.9,,,20120811,A,O,P30,12.03,12.03,feldpausch_regional,0.18,default,0.0,11.9,12.03,11.9,True,O,12.03,feldpausch,11.9,12.03,0.6293,29.1251,21.8178,21.8178,29.1251,21.8178,21.8178,
SFX_A02,69,Annona sp.,Annonaceae,411867.7451,9270552.854,0.41,0.016372542,10.0,7.79,6.16,20120811,A,O,P30,10.62,10.62,feldpausch_regional,0.18,default,0.0,10.0,10.62,10.0,True,O,7.79,measured,10.0,7.79,0.5112,13.5707,10.7978,10.7978,13.5707,10.7978,10.7978,
SFX_A02,70,Lacunaria jenmanii,Quiinaceae,411869.1451,9270550.854,0.8,,11.7,,,20120811,A,O,P30,11.89,11.89,feldpausch_regional,0.18,default,0.0,11.7,11.89,11.7,True,O,11.89,feldpausch,11.7,11.89,0.8043,27.8572,20.8896,20.8896,27.8572,20.8896,20.8896,
SFX_A02,71,,,411873.1451,9270551.554,,0.014491342,13.0,,,20120811,A,L,P30,12.81,12.81,feldpausch_regional,0.18,default,0.0,13.0,12.81,13.0,True,L,12.81,feldpausch,13.0,12.81,0.7175,36.7999,27.4108,27.4108,36.7999,27.4108,27.4108,
SFX_A02,72,Cedrela odorata,Meliaceae,411873.1451,9270551.554,0.43,0.254646106,17.0,40.26,25.81,20120811,A,O,P30,15.41,15.41,feldpausch_regional,0.18,default,0.0,17.0,15.41,17.0,True,O,40.26,measured,17.0,40.26,0.4469,189.9563,119.6035,119.6035,189.9563,119.6035,119.6035,
SFX_A02,73,Guarea guidonia,Meliaceae,411887.1451,9270552.854,0.55,,17.7,,,20120811,A,O,P30,15.83,15.83,feldpausch_regional,0.18,default,0.0,17.7,15.83,17.7,True,O,15.83,feldpausch,17.7,15.83,0.5651,82.6414,60.4201,60.4201,82.6414,60.4201,60.4201,
SFX_A02,74,Rinorea guianensis,Violaceae,411885.1451,9270549.354,0.78,,17.5,,,20120811,A,O,P30,15.71,15.71,feldpausch_regional,0.18,default,0.0,17.5,15.71,17.5,True,O,15.71,feldpausch,17.5,15.71,0.78,80.2304,58.6959,58.6959,80.2304,58.6959,58.6959,
SFX_A02,75,Enterolobium schomburgkii,Fabaceae,411891.1451,9270548.154,0.71,4.73533471,53.3,46.0,33.42,20120811,A,O,P30,30.21,30.21,feldpausch_regional,0.18,default,0.0,53.3,30.21,53.3,True,O,46.0,measured,53.3,46.0,0.6989,2013.1857,1311.1422,1311.1422,2013.1857,1311.1422,1311.1422,
SFX_A02,76,Protium heptaphyllum,Burseraceae,411873.4451,9270548.454,0.62,,10.5,,,20120811,A,O,P30,11.0,11.0,feldpausch_regional,0.18,default,0.0,10.5,11.0,10.5,True,O,11.0,feldpausch,10.5,11.0,0.6293,20.9036,15.7869,15.7869,20.9036,15.7869,15.7869,
SFX_A02,77,Guarea guidonia,Meliaceae,411873.8451,9270548.454,0.55,,11.2,,,20120811,A,O,P30,11.53,11.53,feldpausch_regional,0.18,default,0.0,11.2,11.53,11.2,True,O,11.53,feldpausch,11.2,11.53,0.5651,24.8245,18.6669,18.6669,24.8245,18.6669,18.6669,
SFX_A02,78,Couepia racemosa,Chrysobalanaceae,411877.1451,9270548.254,0.79,,10.1,,,20120811,A,O,P30,10.7,10.7,feldpausch_regional,0.18,default,0.0,10.1,10.7,10.1,True,O,10.7,feldpausch,10.1,10.7,0.7861,18.8614,14.2803,14.2803,18.8614,14.2803,14.2803,
SFX_A02,79,Protium heptaphyllum,Burseraceae,411876.8451,9270545.854,0.62,,11.2,,,20120811,A,O,P30,11.53,11.53,feldpausch_regional,0.18,default,0.0,11.2,11.53,11.2,True,O,11.53,feldpausch,11.2,11.53,0.6293,24.8245,18.6669,18.6669,24.8245,18.6669,18.6669,
SFX_A02,80,Lacunaria jenmanii,Quiinaceae,411891.1451,9270548.154,0.8,,11.8,,,20120811,A,O,P30,11.96,11.96,feldpausch_regional,0.18,default,0.0,11.8,11.96,11.8,True,O,11.96,feldpausch,11.8,11.96,0.8043,28.4866,21.3505,21.3505,28.4866,21.3505,21.3505,
SFX_A02,84,Tetragastris altissima,Burseraceae,411887.1451,9270545.154,0.71,,31.1,,,20120811,A,O,P30,22.61,22.61,feldpausch_regional,0.18,default,0.0,31.1,22.61,31.1,True,O,22.61,feldpausch,31.1,22.61,0.7079,351.6627,249.6882,249.6882,351.6627,249.6882,249.6882,
SFX_A02,85,Rheedia gardneriana,Clusiaceae,411889.1451,9270544.254,0.62,,13.2,,,20120811,A,O,P30,12.95,12.95,feldpausch_regional,0.18,default,0.0,13.2,12.95,13.2,True,O,12.95,feldpausch,13.2,12.95,0.7175,38.3174,28.5131,28.5131,38.3174,28.5131,28.5131,
SFX_A02,86,Protium heptaphyllum,Burseraceae,411887.1451,9270542.854,0.62,,24.6,,,20120811,A,O,P30,19.6,19.6,feldpausch_regional,0.18,default,0.0,24.6,19.6,24.6,True,O,19.6,feldpausch,24.6,19.6,0.6293,193.5566,138.9937,138.9937,193.5566,138.9937,138.9937,
SFX_A02,87,Galipea trifoliata,NI,411872.1451,9270542.854,0.62,,21.1,,,20120811,A,O,P30,17.78,17.78,feldpausch_regional,0.18,default,0.0,21.1,17.78,21.1,True,O,17.78,feldpausch,21.1,17.78,0.997,130.4348,94.421,94.421,130.4348,94.421,94.421,
SFX_A02,88,Guarea guidonia,Meliaceae,411870.7451,9270541.554,0.55,0.937353253,38.0,23.29,12.87,20120811,A,O,P30,25.35,25.35,feldpausch_regional,0.18,default,0.0,38.0,25.35,38.0,True,O,23.29,measured,38.0,23.29,0.5651,535.2488,381.919,381.919,535.2488,381.919,381.919,
SFX_A02,89,Socratea exorrhiza,Arecaceae,411886.1451,9270540.554,,0.043179538,14.0,,,20120811,A,P,P30,13.49,13.49,feldpausch_regional,0.18,default,0.0,14.0,13.49,14.0,True,P,13.49,feldpausch,14.0,13.49,0.23,44.7295,,,44.7295,,,
SFX_A02,91,Lacunaria jenmanii,Quiinaceae,411884.1451,9270538.454,0.8,,17.2,,,20120811,A,O,P30,15.53,15.53,feldpausch_regional,0.18,default,0.0,17.2,15.53,17.2,True,O,15.53,feldpausch,17.2,15.53,0.8043,76.7,56.1687,56.1687,76.7,56.1687,56.1687,
SFX_A02,92,Dalbergia melanoxylon,Fabaceae,411869.7451,9270538.854,0.8,2.511376173,60.0,17.12,9.53,20120811,A,O,P30,31.94,31.94,feldpausch_regional,0.18,default,0.0,60.0,31.94,60.0,True,O,17.12,measured,60.0,17.12,1.0772,966.7443,740.2323,740.2323,966.7443,740.2323,740.2323,
SFX_A02,93,Lacunaria jenmanii,Quiinaceae,411868.4451,9270536.254,0.8,,16.1,,,20120811,A,O,P30,14.85,14.85,feldpausch_regional,0.18,default,0.0,16.1,14.85,16.1,True,O,14.85,feldpausch,16.1,14.85,0.8043,64.5342,47.4442,47.4442,64.5342,47.4442,47.4442,
SFX_A02,94,Astrocaryum aculeatum,Arecaceae,411871.4451,9270531.054,,0.078378686,19.3,,,20120811,A,P,P30,16.77,16.77,feldpausch_regional,0.18,default,0.0,19.3,16.77,19.3,True,P,16.77,feldpausch,19.3,16.77,0.508,103.5173,,,103.5173,,,
SFX_A02,95,Lacunaria jenmanii,Quiinaceae,411874.1451,9270528.854,0.8,,16.4,,,20120811,A,O,P30,15.04,15.04,feldpausch_regional,0.18,default,0.0,16.4,15.04,16.4,True,O,15.04,feldpausch,16.4,15.04,0.8043,67.7376,49.7434,49.7434,67.7376,49.7434,49.7434,
SFX_A02,1,Theobroma glaucum,Malvaceae,411890.0225,9270399.512,0.53,,10.8,,,20120811,A,O,P31,11.23,11.23,feldpausch_regional,0.18,default,0.0,10.8,11.23,10.8,True,O,11.23,feldpausch,10.8,11.23,0.5297,22.5359,16.987,16.987,22.5359,16.987,16.987,
SFX_A02,2,Mimosa hostilis,Fabaceae,411888.2225,9270399.212,0.45,,22.3,,,20120811,A,O,P31,18.42,18.42,feldpausch_regional,0.18,default,0.0,22.3,18.42,22.3,True,O,18.42,feldpausch,22.3,18.42,0.8235,150.4092,108.5616,108.5616,150.4092,108.5616,108.5616,
SFX_A02,3,Guarea guidonia,Meliaceae,411884.2225,9270394.512,0.55,0.022657617,11.5,6.15,1.75,20120811,A,O,P31,11.75,11.75,feldpausch_regional,0.18,default,0.0,11.5,11.75,11.5,True,O,6.15,measured,11.5,6.15,0.5651,14.1542,11.7694,11.7694,14.1542,11.7694,11.7694,
SFX_A02,4,Astronium gracile,Anacardiaceae,411880.2225,9270389.512,0.73,,15.4,,,20120811,A,O,P31,14.41,14.41,feldpausch_regional,0.18,default,0.0,15.4,14.41,15.4,True,O,14.41,feldpausch,15.4,14.41,0.73,57.4589,42.3534,42.3534,57.4589,42.3534,42.3534,
SFX_A02,5,Theobroma glaucum,Malvaceae,411871.2225,9270383.512,0.53,,17.1,,,20120811,A,O,P31,15.47,15.47,feldpausch_regional,0.18,default,0.0,17.1,15.47,17.1,True,O,15.47,feldpausch,17.1,15.47,0.5297,75.546,55.342,55.342,75.546,55.342,55.342,
SFX_A02,6,Virola melinoni,Myristicaceae,411869.2225,9270380.212,0.48,,11.2,,,20120811,A,O,P31,11.53,11.53,feldpausch_regional,0.18,default,0.0,11.2,11.53,11.2,True,O,11.53,feldpausch,11.2,11.53,0.4734,24.8245,18.6669,18.6669,24.8245,18.6669,18.6669,
SFX_A02,7,Guarea guidonia,Meliaceae,411868.2225,9270379.512,0.55,,13.0,,,20120811,A,O,P31,12.81,12.81,feldpausch_regional,0.18,default,0.0,13.0,12.81,13.0,True,O,12.81,feldpausch,13.0,12.81,0.5651,36.7999,27.4108,27.4108,36.7999,27.4108,27.4108,
SFX_A02,8,Theobroma glaucum,Malvaceae,411878.2225,9270379.412,0.53,,12.8,,,20120811,A,O,P31,12.67,12.67,feldpausch_regional,0.18,default,0.0,12.8,12.67,12.8,True,O,12.67,feldpausch,12.8,12.67,0.5297,35.3219,26.3361,26.3361,35.3219,26.3361,26.3361,
SFX_A02,9,Pourouma minor,Urticaceae,411887.2225,9270379.312,0.44,,10.1,,,20120811,A,O,P31,10.7,10.7,feldpausch_regional,0.18,default,0.0,10.1,10.7,10.1,True,O,10.7,feldpausch,10.1,10.7,0.436,18.8614,14.2803,14.2803,18.8614,14.2803,14.2803,
SFX_A02,10,Neea oppositifolia,Nyctaginaceae,411884.2225,9270374.712,0.89,,25.1,,,20120811,A,O,P31,19.85,19.85,feldpausch_regional,0.18,default,0.0,25.1,19.85,25.1,True,O,19.85,feldpausch,25.1,19.85,0.893,203.8159,146.2093,146.2093,203.8159,146.2093,146.2093,
SFX_A02,11,Guazuma ulmifolia,Malvaceae,411874.2225,9270374.512,0.5,,11.6,,,20120811,A,O,P31,11.82,11.82,feldpausch_regional,0.18,default,0.0,11.6,11.82,11.6,True,O,11.82,feldpausch,11.6,11.82,0.5188,27.2369,20.4351,20.4351,27.2369,20.4351,20.4351,
SFX_A02,12,Theobroma glaucum,Malvaceae,411873.2225,9270374.312,0.53,0.050641024,10.8,16.1,8.32,20120811,A,O,P31,11.23,11.23,feldpausch_regional,0.18,default,0.0,10.8,11.23,10.8,True,O,16.1,measured,10.8,16.1,0.5297,32.0307,22.8082,22.8082,32.0307,22.8082,22.8082,
SFX_A02,13,Cecropia ficifolia,Urticaceae,411869.2225,9270373.012,0.27,,19.9,,,20120811,A,O,P31,17.11,17.11,feldpausch_regional,0.18,default,0.0,19.9,17.11,19.9,True,O,17.11,feldpausch,19.9,17.11,0.266,112.066,81.3887,81.3887,112.066,81.3887,81.3887,
SFX_A02,14,Theobroma glaucum,Malvaceae,411885.7225,9270373.312,0.53,,13.2,,,20120811,A,O,P31,12.95,12.95,feldpausch_regional,0.18,default,0.0,13.2,12.95,13.2,True,O,12.95,feldpausch,13.2,12.95,0.5297,38.3174,28.5131,28.5131,38.3174,28.5131,28.5131,
SFX_A02,15,Astrocaryum aculeatum,Arecaceae,411888.0225,9270371.712,,0.13436795,25.8,,,20120811,A,P,P31,20.19,20.19,feldpausch_regional,0.18,default,0.0,25.8,20.19,25.8,True,P,20.19,feldpausch,25.8,20.19,0.508,218.653,,,218.653,,,
SFX_A02,16,Erisma uncinatum,Vochysiaceae,411882.2225,9270367.512,0.51,,10.7,,,20120811,A,O,P31,11.15,11.15,feldpausch_regional,0.18,default,0.0,10.7,11.15,10.7,True,O,11.15,feldpausch,10.7,11.15,0.5231,21.9765,16.5767,16.5767,21.9765,16.5767,16.5767,
SFX_A02,17,Protium heptaphyllum,Burseraceae,411885.2225,9270365.512,0.62,,10.6,,,20120811,A,O,P31,11.08,11.08,feldpausch_regional,0.18,default,0.0,10.6,11.08,10.6,True,O,11.08,feldpausch,10.6,11.08,0.6293,21.4451,16.1847,16.1847,21.4451,16.1847,16.1847,
SFX_A02,18,Cecropia ficifolia,Urticaceae,411883.2225,9270363.912,0.27,,10.4,,,20120811,A,O,P31,10.93,10.93,feldpausch_regional,0.18,default,0.0,10.4,10.93,10.4,True,O,10.93,feldpausch,10.4,10.93,0.266,20.3893,15.407,15.407,20.3893,15.407,15.407,
SFX_A02,19,Jacaranda copaia,Bignoniaceae,411882.9225,9270361.712,0.35,0.026553535,11.2,11.76,8.71,20120811,A,O,P31,11.53,11.53,feldpausch_regional,0.18,default,0.0,11.2,11.53,11.2,True,O,11.76,measured,11.2,11.76,0.3507,25.3076,18.9709,18.9709,25.3076,18.9709,18.9709,
SFX_A02,20,Inga marginata,Fabaceae,411885.2225,9270360.512,0.57,,11.4,,,20120811,A,O,P31,11.67,11.67,feldpausch_regional,0.18,default,0.0,11.4,11.67,11.4,True,O,11.67,feldpausch,11.4,11.67,0.5518,26.0016,19.5314,19.5314,26.0016,19.5314,19.5314,
SFX_A02,21,Cecropia ficifolia,Urticaceae,411888.2225,9270358.112,0.27,,24.6,,,20120811,A,O,P31,19.6,19.6,feldpausch_regional,0.18,default,0.0,24.6,19.6,24.6,True,O,19.6,feldpausch,24.6,19.6,0.266,193.5566,138.9937,138.9937,193.5566,138.9937,138.9937,
SFX_A02,22,Guarea guidonia,Meliaceae,411889.2225,9270357.012,0.55,,11.2,,,20120811,A,O,P31,11.53,11.53,feldpausch_regional,0.18,default,0.0,11.2,11.53,11.2,True,O,11.53,feldpausch,11.2,11.53,0.5651,24.8245,18.6669,18.6669,24.8245,18.6669,18.6669,
SFX_A02,23,Theobroma glaucum,Malvaceae,411891.2225,9270390.512,0.53,0.023673479,12.3,5.8,4.82,20120811,A,O,P31,12.32,12.32,feldpausch_regional,0.18,default,0.0,12.3,12.32,12.3,True,O,5.8,measured,12.3,5.8,0.5297,15.2427,12.8338,12.8338,15.2427,12.8338,12.8338,
SFX_A02,24,Inga marginata,Fabaceae,411891.8225,9270404.512,0.57,0.026147043,13.1,5.22,3.53,20120811,A,O,P31,12.88,12.88,feldpausch_regional,0.18,default,0.0,13.1,12.88,13.1,True,O,5.22,measured,13.1,5.22,0.5518,15.5532,13.3554,13.3554,15.5532,13.3554,13.3554,
SFX_A02,25,Socratea exorrhiza,Arecaceae,411895.2225,9270384.812,,0.023982194,10.2,,,20120811,A,P,P31,10.78,10.78,feldpausch_regional,0.18,default,0.0,10.2,10.78,10.2,True,P,10.78,feldpausch,10.2,10.78,0.23,19.368,,,19.368,,,
SFX_A02,26,Inga marginata,Fabaceae,411897.2225,9270384.512,0.57,,11.7,,,20120811,A,O,P31,11.89,11.89,feldpausch_regional,0.18,default,0.0,11.7,11.89,11.7,True,O,11.89,feldpausch,11.7,11.89,0.5518,27.8572,20.8896,20.8896,27.8572,20.8896,20.8896,
SFX_A02,27,Mimosa hostilis,Fabaceae,411890.4225,9270381.512,0.45,,22.5,,,20120811,A,O,P31,18.53,18.53,feldpausch_regional,0.18,default,0.0,22.5,18.53,22.5,True,O,18.53,feldpausch,22.5,18.53,0.8235,153.9456,111.0572,111.0572,153.9456,111.0572,111.0572,
SFX_A02,28,Pourouma minor,Urticaceae,411891.8225,9270379.512,0.44,,11.9,,,20120811,A,O,P31,12.03,12.03,feldpausch_regional,0.18,default,0.0,11.9,12.03,11.9,True,O,12.03,feldpausch,11.9,12.03,0.436,29.1251,21.8178,21.8178,29.1251,21.8178,21.8178,
SFX_A02,30,,,411914.2225,9270378.512,0.6,,14.2,,,20120811,D,o,P31,13.62,13.62,feldpausch_regional,0.18,default,0.0,14.2,13.62,14.2,False,O,13.62,feldpausch,14.2,13.62,0.7175,46.4178,46.4178,55.2665,46.4178,46.4178,55.2665,
SFX_A02,31,Cordia scabrifolia,Boraginaceae,411895.2225,9270376.012,0.47,,17.9,,,20120811,A,O,P31,15.95,15.95,feldpausch_regional,0.18,default,0.0,17.9,15.95,17.9,True,O,15.95,feldpausch,17.9,15.95,0.474,85.099,62.1761,62.1761,85.099,62.1761,62.1761,
SFX_A02,32,Cecropia ficifolia,Urticaceae,411896.2225,9270370.312,0.27,,24.9,,,20120811,A,O,P31,19.75,19.75,feldpausch_regional,0.18,default,0.0,24.9,19.75,24.9,True,O,19.75,feldpausch,24.9,19.75,0.266,199.6711,143.2953,143.2953,199.6711,143.2953,143.2953,
SFX_A02,33,Schefflera morototoni,Araliaceae,411890.5225,9270370.512,0.45,,10.2,,,20120811,A,O,P31,10.78,10.78,feldpausch_regional,0.18,default,0.0,10.2,10.78,10.2,True,O,10.78,feldpausch,10.2,10.78,0.4559,19.368,14.6535,14.6535,19.368,14.6535,14.6535,
SFX_A02,34,Cecropia ficifolia,Urticaceae,411896.5225,9270367.912,0.27,0.027320014,11.7,14.74,10.32,20120811,A,O,P31,11.89,11.89,feldpausch_regional,0.18,default,0.0,11.7,11.89,11.7,True,O,14.74,measured,11.7,14.74,0.266,34.3568,24.9036,24.9036,34.3568,24.9036,24.9036,
SFX_A02,35,NI,NI,411897.2225,9270364.812,0.62,,16.1,,,20120811,A,O,P31,14.85,14.85,feldpausch_regional,0.18,default,0.0,16.1,14.85,16.1,True,O,14.85,feldpausch,16.1,14.85,0.7175,64.5342,47.4442,47.4442,64.5342,47.4442,47.4442,
SFX_A02,36,NI,NI,411897.7225,9270364.712,0.62,,16.3,,,20120811,A,O,P31,14.98,14.98,feldpausch_regional,0.18,default,0.0,16.3,14.98,16.3,True,O,14.98,feldpausch,16.3,14.98,0.7175,66.6731,48.9783,48.9783,66.6731,48.9783,48.9783,
SFX_A02,37,NI,NI,411897.2225,9270362.512,0.62,,17.8,,,20120811,A,O,P31,15.89,15.89,feldpausch_regional,0.18,default,0.0,17.8,15.89,17.8,True,O,15.89,feldpausch,17.8,15.89,0.7175,83.8644,61.2941,61.2941,83.8644,61.2941,61.2941,
SFX_A02,38,NI,NI,411890.3225,9270365.012,0.62,,12.5,,,20120811,A,O,P31,12.46,12.46,feldpausch_regional,0.18,default,0.0,12.5,12.46,12.5,True,O,12.46,feldpausch,12.5,12.46,0.7175,33.1783,24.775,24.775,33.1783,24.775,24.775,
SFX_A02,1,Dalbergia melanoxylon,Fabaceae,411900.8183,9270219.451,0.8,,20.9,,,20120812,A,O,P32,17.67,17.67,feldpausch_regional,0.18,default,0.0,20.9,17.67,20.9,True,O,17.67,feldpausch,20.9,17.67,1.0772,127.2592,92.1704,92.1704,127.2592,92.1704,92.1704,
SFX_A02,2,Mezilaurus itauba,Lauraceae,411895.3183,9270219.451,0.72,,12.5,,,20120812,A,O,P32,12.46,12.46,feldpausch_regional,0.18,default,0.0,12.5,12.46,12.5,True,O,12.46,feldpausch,12.5,12.46,0.7443,33.1783,24.775,24.775,33.1783,24.775,24.775,
SFX_A02,3,Theobroma glaucum,Malvaceae,411895.3183,9270217.051,0.53,,10.2,,,20120812,A,O,P32,10.78,10.78,feldpausch_regional,0.18,default,0.0,10.2,10.78,10.2,True,O,10.78,feldpausch,10.2,10.78,0.5297,19.368,14.6535,14.6535,19.368,14.6535,14.6535,
SFX_A02,4,Dalbergia melanoxylon,Fabaceae,411891.3183,9270215.351,0.8,,26.9,,,20120812,A,O,P32,20.72,20.72,feldpausch_regional,0.18,default,0.0,26.9,20.72,26.9,True,O,20.72,feldpausch,26.9,20.72,1.0772,243.2952,173.9285,173.9285,243.2952,173.9285,173.9285,
SFX_A02,5,Attalea maripa,Arecaceae,411892.3183,9270213.051,,0.143202068,26.7,,,20120812,A,P,P32,20.62,20.62,feldpausch_regional,0.18,default,0.0,26.7,20.62,26.7,True,P,20.62,feldpausch,26.7,20.62,0.326,238.6472,,,238.6472,,,
SFX_A02,6,Inga marginata,Fabaceae,411901.8183,9270213.051,0.57,,10.3,,,20120812,A,O,P32,10.85,10.85,feldpausch_regional,0.18,default,0.0,10.3,10.85,10.3,True,O,10.85,feldpausch,10.3,10.85,0.5518,19.8654,15.0216,15.0216,19.8654,15.0216,15.0216,
SFX_A02,7,Dalbergia melanoxylon,Fabaceae,411903.6183,9270210.051,0.8,1.109138296,46.6,12.54,6.84,20120812,A,O,P32,28.26,28.26,feldpausch_regional,0.18,default,0.0,46.6,28.26,46.6,True,O,12.54,measured,46.6,12.54,1.0772,435.6005,346.1296,346.1296,435.6005,346.1296,346.1296,
SFX_A02,8,Dalbergia melanoxylon,Fabaceae,411897.3183,9270210.051,0.8,2.404873911,45.5,28.51,11.06,20120812,A,O,P32,27.91,27.91,feldpausch_regional,0.18,default,0.0,45.5,27.91,45.5,True,O,28.51,measured,45.5,28.51,1.0772,926.7791,646.0557,646.0557,926.7791,646.0557,646.0557,
SFX_A02,9,Pourouma minor,Urticaceae,411890.3183,9270209.051,0.44,,17.6,,,20120812,A,O,P32,15.77,15.77,feldpausch_regional,0.18,default,0.0,17.6,15.77,17.6,True,O,15.77,feldpausch,17.6,15.77,0.436,81.4301,59.554,59.554,81.4301,59.554,59.554,
SFX_A02,10,Xylopia sp.,Annonaceae,411887.3183,9270208.551,0.57,,10.2,,,20120812,A,O,P32,10.78,10.78,feldpausch_regional,0.18,default,0.0,10.2,10.78,10.2,True,O,10.78,feldpausch,10.2,10.78,0.5959,19.368,14.6535,14.6535,19.368,14.6535,14.6535,
SFX_A02,11,Swartzia corrugata,Fabaceae,411896.3183,9270204.551,1.06,,13.3,,,20120812,A,O,P32,13.02,13.02,feldpausch_regional,0.18,default,0.0,13.3,13.02,13.3,True,O,13.02,feldpausch,13.3,13.02,1.0565,39.0912,29.0747,29.0747,39.0912,29.0747,29.0747,
SFX_A02,12,NI,NI,411879.3183,9270204.551,0.62,,14.3,,,20120812,A,O,P32,13.69,13.69,feldpausch_regional,0.18,default,0.0,14.3,13.69,14.3,True,O,13.69,feldpausch,14.3,13.69,0.7175,47.294,35.0195,35.0195,47.294,35.0195,35.0195,
SFX_A02,13,Dalbergia melanoxylon,Fabaceae,411884.3183,9270204.551,0.8,0.776275035,34.2,16.29,5.43,20120812,A,O,P32,23.89,23.89,feldpausch_regional,0.18,default,0.0,34.2,23.89,34.2,True,O,16.29,measured,34.2,16.29,1.0772,307.4076,230.9208,230.9208,307.4076,230.9208,230.9208,
SFX_A02,14,Minquartia guianensis,Olacaceae,411884.8183,9270204.051,0.77,,12.1,,,20120812,A,O,P32,12.18,12.18,feldpausch_regional,0.18,default,0.0,12.1,12.18,12.1,True,O,12.18,feldpausch,12.1,12.18,0.7867,30.4544,22.7871,22.7871,30.4544,22.7871,22.7871,
SFX_A02,15,Inga alba,Fabaceae,411887.3183,9270204.051,0.59,0.631663893,37.7,14.9,10.98,20120812,A,O,P32,25.24,25.24,feldpausch_regional,0.18,default,0.0,37.7,25.24,37.7,True,O,14.9,measured,37.7,14.9,0.5861,340.8072,260.8606,260.8606,340.8072,260.8606,260.8606,
SFX_A02,16,Inga marginata,Fabaceae,411886.3183,9270203.051,0.57,,13.6,,,20120812,A,O,P32,13.22,13.22,feldpausch_regional,0.18,default,0.0,13.6,13.22,13.6,True,O,13.22,feldpausch,13.6,13.22,0.5518,41.4429,30.7826,30.7826,41.4429,30.7826,30.7826,
SFX_A02,17,Inga marginata,Fabaceae,411890.3183,9270202.051,0.57,2.04626602,52.5,25.45,14.6,20120812,A,O,P32,29.99,29.99,feldpausch_regional,0.18,default,0.0,52.5,29.99,52.5,True,O,25.45,measured,52.5,25.45,0.5518,1096.8896,783.8459,783.8459,1096.8896,783.8459,783.8459,
SFX_A02,18,,,411890.3183,9270202.051,,0.01301727,10.6,,,20120812,A,L,P32,11.08,11.08,feldpausch_regional,0.18,default,0.0,10.6,11.08,10.6,True,L,11.08,feldpausch,10.6,11.08,0.7175,21.4451,16.1847,16.1847,21.4451,16.1847,16.1847,
SFX_A02,19,Dalbergia melanoxylon,Fabaceae,411895.3183,9270201.051,0.8,0.607851358,30.2,16.36,11.34,20120812,A,O,P32,22.22,22.22,feldpausch_regional,0.18,default,0.0,30.2,22.22,30.2,True,O,16.36,measured,30.2,16.36,1.0772,242.1513,180.6958,180.6958,242.1513,180.6958,180.6958,
SFX_A02,20,Mimosa hostilis,Fabaceae,411890.3183,9270198.951,0.45,,20.4,,,20120812,A,O,P32,17.39,17.39,feldpausch_regional,0.18,default,0.0,20.4,17.39,20.4,True,O,17.39,feldpausch,20.4,17.39,0.8235,119.5064,86.6732,86.6732,119.5064,86.6732,86.6732,
SFX_A02,21,Cassia fastuosa,Fabaceae,411886.3183,9270198.051,0.81,1.758471496,48.1,18.55,12.64,20120812,A,O,P32,28.72,28.72,feldpausch_regional,0.18,default,0.0,48.1,28.72,48.1,True,O,18.55,measured,48.1,18.55,0.805,679.0653,507.9897,507.9897,679.0653,507.9897,507.9897,
SFX_A02,22,Mimosa hostilis,Fabaceae,411880.3183,9270200.751,0.45,,26.4,,,20120812,A,O,P32,20.48,20.48,feldpausch_regional,0.18,default,0.0,26.4,20.48,26.4,True,O,20.48,feldpausch,26.4,20.48,0.8235,231.894,165.9339,165.9339,231.894,165.9339,165.9339,
SFX_A02,23,Bertholletia excelsa,Lecythidaceae,411900.1183,9270198.051,0.64,13.12076051,96.9,42.9,28.74,20120812,A,O,P32,38.57,38.57,feldpausch_regional,0.18,default,0.0,96.9,38.57,96.9,True,O,42.9,measured,96.9,42.9,0.638,6040.0846,4093.1446,4093.1446,6040.0846,4093.1446,4093.1446,
SFX_A02,24,Galipea trifoliata,NI,411904.0183,9270197.851,0.62,0.149375179,17.5,15.46,6.38,20120812,A,O,P32,15.71,15.71,feldpausch_regional,0.18,default,0.0,17.5,15.71,17.5,True,O,15.46,measured,17.5,15.46,0.997,78.9841,57.9307,57.9307,78.9841,57.9307,57.9307,
SFX_A02,25,Dalbergia melanoxylon,Fabaceae,411902.0183,9270197.051,0.8,,22.7,,,20120812,A,O,P32,18.63,18.63,feldpausch_regional,0.18,default,0.0,22.7,18.63,22.7,True,O,18.63,feldpausch,22.7,18.63,1.0772,157.453,113.5391,113.5391,157.453,113.5391,113.5391,
SFX_A02,26,Theobroma glaucum,Malvaceae,411891.3183,9270195.551,0.53,,14.1,,,20120812,A,O,P32,13.56,13.56,feldpausch_regional,0.18,default,0.0,14.1,13.56,14.1,True,O,13.56,feldpausch,14.1,13.56,0.5297,45.585,33.7821,33.7821,45.585,33.7821,33.7821,
SFX_A02,27,NI,NI,411890.3183,9270195.551,0.62,,11.2,,,20120812,A,O,P32,11.53,11.53,feldpausch_regional,0.18,default,0.0,11.2,11.53,11.2,True,O,11.53,feldpausch,11.2,11.53,0.7175,24.8245,18.6669,18.6669,24.8245,18.6669,18.6669,
SFX_A02,28,Inga marginata,Fabaceae,411889.3183,9270195.051,0.57,0.042127281,10.9,12.16,6.29,20120812,A,O,P32,11.3,11.3,feldpausch_regional,0.18,default,0.0,10.9,11.3,10.9,True,O,12.16,measured,10.9,12.16,0.5518,24.7978,18.4667,18.4667,24.7978,18.4667,18.4667,
SFX_A02,29,Tachigali myrmecophila,Fabaceae,411888.3183,9270195.051,0.48,,11.4,,,20120812,A,O,P32,11.67,11.67,feldpausch_regional,0.18,default,0.0,11.4,11.67,11.4,True,O,11.67,feldpausch,11.4,11.67,0.476,26.0016,19.5314,19.5314,26.0016,19.5314,19.5314,
SFX_A02,30,Dialium guianense,Fabaceae,411893.3183,9270192.451,0.89,,14.4,,,20120812,A,O,P32,13.76,13.76,feldpausch_regional,0.18,default,0.0,14.4,13.76,14.4,True,O,13.76,feldpausch,14.4,13.76,0.8964,48.181,35.6594,35.6594,48.181,35.6594,35.6594,
SFX_A02,31,Tetragastris altissima,Burseraceae,411891.3183,9270190.051,0.71,,10.5,,,20120812,A,O,P32,11.0,11.0,feldpausch_regional,0.18,default,0.0,10.5,11.0,10.5,True,O,11.0,feldpausch,10.5,11.0,0.7079,20.9036,15.7869,15.7869,20.9036,15.7869,15.7869,
SFX_A02,32,Theobroma glaucum,Malvaceae,411902.8183,9270190.051,0.53,,11.6,,,20120812,A,O,P32,11.82,11.82,feldpausch_regional,0.18,default,0.0,11.6,11.82,11.6,True,O,11.82,feldpausch,11.6,11.82,0.5297,27.2369,20.4351,20.4351,27.2369,20.4351,20.4351,
SFX_A02,33,Theobroma glaucum,Malvaceae,411902.8183,9270190.051,0.53,,14.9,,,20120812,A,O,P32,14.08,14.08,feldpausch_regional,0.18,default,0.0,14.9,14.08,14.9,True,O,14.08,feldpausch,14.9,14.08,0.5297,52.6692,38.9035,38.9035,52.6692,38.9035,38.9035,
SFX_A02,34,Dalbergia melanoxylon,Fabaceae,411899.3183,9270189.051,0.8,0.863599742,42.4,11.79,6.6,20120812,A,O,P32,26.9,26.9,feldpausch_regional,0.18,default,0.0,42.4,26.9,42.4,True,O,11.79,measured,42.4,11.79,1.0772,341.0958,272.4517,272.4517,341.0958,272.4517,272.4517,
SFX_A02,35,NI,NI,411895.3183,9270185.051,0.62,,14.4,,,20120812,A,O,P32,13.76,13.76,feldpausch_regional,0.18,default,0.0,14.4,13.76,14.4,True,O,13.76,feldpausch,14.4,13.76,0.7175,48.181,35.6594,35.6594,48.181,35.6594,35.6594,
SFX_A02,36,Dalbergia melanoxylon,Fabaceae,411901.7183,9270184.451,0.8,1.501558883,57.0,11.34,6.75,20120812,A,O,P32,31.19,31.19,feldpausch_regional,0.18,default,0.0,57.0,31.19,57.0,True,O,11.34,measured,57.0,11.34,1.0772,585.1009,476.9608,476.9608,585.1009,476.9608,476.9608,
SFX_A02,37,,,411900.6183,9270180.051,0.6,,16.5,,,20120812,D,o,P32,15.1,15.1,feldpausch_regional,0.18,default,0.0,16.5,15.1,16.5,False,O,15.1,feldpausch,16.5,15.1,0.7175,68.8131,68.8131,81.931,68.8131,68.8131,81.931,
SFX_A02,38,Pourouma minor,Urticaceae,411903.0183,9270180.051,0.44,,22.0,,,20120812,A,O,P32,18.26,18.26,feldpausch_regional,0.18,default,0.0,22.0,18.26,22.0,True,O,18.26,feldpausch,22.0,18.26,0.436,145.2428,104.9089,104.9089,145.2428,104.9089,104.9089,
SFX_A02,39,Inga marginata,Fabaceae,411902.9183,9270179.251,0.57,,10.0,,,20120812,A,O,P32,10.62,10.62,feldpausch_regional,0.18,default,0.0,10.0,10.62,10.0,True,O,10.62,feldpausch,10.0,10.62,0.5518,18.3636,13.9133,13.9133,18.3636,13.9133,13.9133,
SFX_A02,40,Dalbergia melanoxylon,Fabaceae,411902.8183,9270178.551,0.8,,16.6,,,20120812,A,O,P32,15.16,15.16,feldpausch_regional,0.18,default,0.0,16.6,15.16,16.6,True,O,15.16,feldpausch,16.6,15.16,1.0772,69.8995,51.2965,51.2965,69.8995,51.2965,51.2965,
SFX_A02,41,Dalbergia melanoxylon,Fabaceae,411905.6183,9270223.051,0.8,,27.4,,,20120812,A,O,P32,20.95,20.95,feldpausch_regional,0.18,default,0.0,27.4,20.95,27.4,True,O,20.95,feldpausch,27.4,20.95,1.0772,254.9326,182.0913,182.0913,254.9326,182.0913,182.0913,
SFX_A02,42,Inga marginata,Fabaceae,411910.3183,9270223.051,0.57,,13.8,,,20120812,A,O,P32,13.36,13.36,feldpausch_regional,0.18,default,0.0,13.8,13.36,13.8,True,O,13.36,feldpausch,13.8,13.36,0.5518,43.0816,31.9689,31.9689,43.0816,31.9689,31.9689,
SFX_A02,43,Protium heptaphyllum,Burseraceae,411915.3183,9270218.751,0.62,,10.6,,,20120812,A,O,P32,11.08,11.08,feldpausch_regional,0.18,default,0.0,10.6,11.08,10.6,True,O,11.08,feldpausch,10.6,11.08,0.6293,21.4451,16.1847,16.1847,21.4451,16.1847,16.1847,
SFX_A02,44,,,411915.3183,9270217.051,0.7,,10.0,,,20120812,D,o,P32,10.62,10.62,feldpausch_regional,0.18,default,0.0,10.0,10.62,10.0,False,O,10.62,feldpausch,10.0,10.62,0.7175,18.3636,18.3636,21.8643,18.3636,18.3636,21.8643,
SFX_A02,45,Helicostylis sp.,Moraceae,411920.3183,9270211.051,0.65,,12.2,,,20120812,A,O,P32,12.25,12.25,feldpausch_regional,0.18,default,0.0,12.2,12.25,12.2,True,O,12.25,feldpausch,12.2,12.25,0.643,31.1212,23.2742,23.2742,31.1212,23.2742,23.2742,
SFX_A02,46,Micropholis venulosa,Sapotaceae,411921.3183,9270208.551,0.67,1.23079608,37.0,26.36,21.59,20120812,A,O,P32,24.98,24.98,feldpausch_regional,0.18,default,0.0,37.0,24.98,37.0,True,O,26.36,measured,37.0,26.36,0.67,573.3676,400.6787,400.6787,573.3676,400.6787,400.6787,
SFX_A02,47,Inga marginata,Fabaceae,411913.3183,9270209.051,0.57,,23.0,,,20120812,A,O,P32,18.79,18.79,feldpausch_regional,0.18,default,0.0,23.0,18.79,23.0,True,O,18.79,feldpausch,23.0,18.79,0.5518,162.8943,117.3781,117.3781,162.8943,117.3781,117.3781,
SFX_A02,48,Pourouma minor,Urticaceae,411905.8183,9270209.051,0.44,,32.6,,,20120812,A,O,P32,23.24,23.24,feldpausch_regional,0.18,default,0.0,32.6,23.24,32.6,True,O,23.24,feldpausch,32.6,23.24,0.436,396.0116,280.5923,280.5923,396.0116,280.5923,280.5923,
SFX_A02,49,Pourouma minor,Urticaceae,411909.9183,9270206.251,0.44,,22.9,,,20120812,A,O,P32,18.73,18.73,feldpausch_regional,0.18,default,0.0,22.9,18.73,22.9,True,O,18.73,feldpausch,22.9,18.73,0.436,161.0113,116.0557,116.0557,161.0113,116.0557,116.0557,
SFX_A02,50,Dalbergia melanoxylon,Fabaceae,411911.3183,9270206.151,0.8,,28.4,,,20120812,A,O,P32,21.41,21.41,feldpausch_regional,0.18,default,0.0,28.4,21.41,28.4,True,O,21.41,feldpausch,28.4,21.41,1.0772,279.2672,199.1318,199.1318,279.2672,199.1318,199.1318,
SFX_A02,51,Protium heptaphyllum,Burseraceae,411924.3183,9270208.651,0.62,,11.2,,,20120812,A,O,P32,11.53,11.53,feldpausch_regional,0.18,default,0.0,11.2,11.53,11.2,True,O,11.53,feldpausch,11.2,11.53,0.6293,24.8245,18.6669,18.6669,24.8245,18.6669,18.6669,
SFX_A02,52,Cordia scabrifolia,Boraginaceae,411923.3183,9270208.051,0.47,,14.3,,,20120812,A,O,P32,13.69,13.69,feldpausch_regional,0.18,default,0.0,14.3,13.69,14.3,True,O,13.69,feldpausch,14.3,13.69,0.474,47.294,35.0195,35.0195,47.294,35.0195,35.0195,
SFX_A02,53,Attalea maripa,Arecaceae,411908.3183,9270202.051,,0.187832481,30.9,,,20120812,A,P,P32,22.52,22.52,feldpausch_regional,0.18,default,0.0,30.9,22.52,30.9,True,P,22.52,feldpausch,30.9,22.52,0.326,345.9126,,,345.9126,,,
SFX_A02,54,NI,NI,411910.3183,9270200.151,0.62,,12.2,,,20120812,A,O,P32,12.25,12.25,feldpausch_regional,0.18,default,0.0,12.2,12.25,12.2,True,O,12.25,feldpausch,12.2,12.25,0.7175,31.1212,23.2742,23.2742,31.1212,23.2742,23.2742,
SFX_A02,55,Inga marginata,Fabaceae,411910.3183,9270199.551,0.57,,11.4,,,20120812,A,O,P32,11.67,11.67,feldpausch_regional,0.18,default,0.0,11.4,11.67,11.4,True,O,11.67,feldpausch,11.4,11.67,0.5518,26.0016,19.5314,19.5314,26.0016,19.5314,19.5314,
SFX_A02,56,Platymiscium filipes,Fabaceae,411912.3183,9270198.551,0.79,,14.0,,,20120812,A,O,P32,13.49,13.49,feldpausch_regional,0.18,default,0.0,14.0,13.49,14.0,True,O,13.49,feldpausch,14.0,13.49,0.7815,44.7295,33.1639,33.1639,44.7295,33.1639,33.1639,
SFX_A02,57,NI,NI,411917.3183,9270198.451,0.62,,23.8,,,20120812,A,O,P32,19.2,19.2,feldpausch_regional,0.18,default,0.0,23.8,19.2,23.8,True,O,19.2,feldpausch,23.8,19.2,0.7175,177.8447,127.9245,127.9245,177.8447,127.9245,127.9245,
SFX_A02,58,Apeiba echinata,Malvaceae,411909.3183,9270196.051,0.28,,19.9,,,20120812,A,O,P32,17.11,17.11,feldpausch_regional,0.18,default,0.0,19.9,17.11,19.9,True,O,17.11,feldpausch,19.9,17.11,0.2822,112.066,81.3887,81.3887,112.066,81.3887,81.3887,
SFX_A02,59,Apeiba echinata,Malvaceae,411909.3183,9270195.851,0.28,,19.6,,,20120812,A,O,P32,16.94,16.94,feldpausch_regional,0.18,default,0.0,19.6,16.94,19.6,True,O,16.94,feldpausch,19.6,16.94,0.2822,107.7368,78.311,78.311,107.7368,78.311,78.311,
SFX_A02,60,Bocageopsis pleiosperma,Annonaceae,411922.3183,9270195.751,0.64,,12.2,,,20120812,A,O,P32,12.25,12.25,feldpausch_regional,0.18,default,0.0,12.2,12.25,12.2,True,O,12.25,feldpausch,12.2,12.25,0.6402,31.1212,23.2742,23.2742,31.1212,23.2742,23.2742,
SFX_A02,64,Attalea maripa,Arecaceae,411913.3183,9270191.451,,0.17560522,29.8,,,20120812,A,P,P32,22.04,22.04,feldpausch_regional,0.18,default,0.0,29.8,22.04,29.8,True,P,22.04,feldpausch,29.8,22.04,0.326,315.577,,,315.577,,,
SFX_A02,65,Theobroma glaucum,Malvaceae,411913.3183,9270190.051,0.53,,10.2,,,20120812,A,O,P32,10.78,10.78,feldpausch_regional,0.18,default,0.0,10.2,10.78,10.2,True,O,10.78,feldpausch,10.2,10.78,0.5297,19.368,14.6535,14.6535,19.368,14.6535,14.6535,
SFX_A02,66,Sapium marmieri,Euphorbiaceae,411909.3183,9270192.051,0.41,1.320732918,40.3,38.97,18.94,20120812,A,O,P32,26.18,26.18,feldpausch_regional,0.18,default,0.0,40.3,26.18,40.3,True,O,38.97,measured,40.3,38.97,0.41,992.131,654.4659,654.4659,992.131,654.4659,654.4659,
SFX_A02,67,Dalbergia melanoxylon,Fabaceae,411908.9183,9270194.051,0.8,,11.2,,,20120812,A,O,P32,11.53,11.53,feldpausch_regional,0.18,default,0.0,11.2,11.53,11.2,True,O,11.53,feldpausch,11.2,11.53,1.0772,24.8245,18.6669,18.6669,24.8245,18.6669,18.6669,
SFX_A02,68,Vitex triflora,Lamiaceae,411907.3183,9270191.651,0.56,,15.8,,,20120812,A,O,P32,14.66,14.66,feldpausch_regional,0.18,default,0.0,15.8,14.66,15.8,True,O,14.66,feldpausch,15.8,14.66,0.5482,61.4308,45.2138,45.2138,61.4308,45.2138,45.2138,
SFX_A02,69,Dalbergia melanoxylon,Fabaceae,411904.4183,9270193.051,0.8,1.057131423,41.2,15.29,7.43,20120812,A,O,P32,26.49,26.49,feldpausch_regional,0.18,default,0.0,41.2,26.49,41.2,True,O,15.29,measured,41.2,15.29,1.0772,415.6442,318.1993,318.1993,415.6442,318.1993,318.1993,
SFX_A02,70,Dipteryx odorata,Fabaceae,411908.3183,9270189.051,0.92,3.895460402,42.5,46.05,39.72,20120812,A,O,P32,26.93,26.93,feldpausch_regional,0.18,default,0.0,42.5,26.93,42.5,True,O,46.05,measured,42.5,46.05,0.9228,1295.3526,834.3709,834.3709,1295.3526,834.3709,834.3709,
SFX_A02,71,Dalbergia melanoxylon,Fabaceae,411909.3183,9270185.051,0.8,0.723557002,37.0,12.97,8.67,20120812,A,O,P32,24.98,24.98,feldpausch_regional,0.18,default,0.0,37.0,24.98,37.0,True,O,12.97,measured,37.0,12.97,1.0772,286.959,224.3096,224.3096,286.959,224.3096,224.3096,
SFX_A02,72,Theobroma glaucum,Malvaceae,411906.3183,9270184.851,0.53,,12.0,,,20120812,A,O,P32,12.11,12.11,feldpausch_regional,0.18,default,0.0,12.0,12.11,12.0,True,O,12.11,feldpausch,12.0,12.11,0.5297,29.7969,22.3066,22.3066,29.7969,22.3066,22.3066,
SFX_A02,73,Theobroma glaucum,Malvaceae,411906.3183,9270184.751,0.53,,15.1,,,20120812,A,O,P32,14.21,14.21,feldpausch_regional,0.18,default,0.0,15.1,14.21,15.1,True,O,14.21,feldpausch,15.1,14.21,0.5297,54.5451,40.2564,40.2564,54.5451,40.2564,40.2564,
SFX_A02,74,Dalbergia melanoxylon,Fabaceae,411906.5183,9270182.051,0.8,,15.9,,,20120812,A,O,P32,14.73,14.73,feldpausch_regional,0.18,default,0.0,15.9,14.73,15.9,True,O,14.73,feldpausch,15.9,14.73,1.0772,62.4818,45.9667,45.9667,62.4818,45.9667,45.9667,
SFX_A02,1,Theobroma glaucum,Malvaceae,411909.8329,9270053.689,0.53,,14.6,,,20120812,A,O,P33,13.89,13.89,feldpausch_regional,0.18,default,0.0,14.6,13.89,14.6,True,O,13.89,feldpausch,14.6,13.89,0.5297,49.9522,36.9399,36.9399,49.9522,36.9399,36.9399,
SFX_A02,2,Galipea trifoliata,NI,411910.8329,9270051.189,0.62,,23.1,,,20120812,A,O,P33,18.84,18.84,feldpausch_regional,0.18,default,0.0,23.1,18.84,23.1,True,O,18.84,feldpausch,23.1,18.84,0.997,164.7063,118.6587,118.6587,164.7063,118.6587,118.6587,
SFX_A02,3,Gustavia poeppigiana,Lecythidaceae,411912.8329,9270047.189,0.66,,11.8,,,20120812,A,O,P33,11.96,11.96,feldpausch_regional,0.18,default,0.0,11.8,11.96,11.8,True,O,11.96,feldpausch,11.8,11.96,0.6414,28.4866,21.3505,21.3505,28.4866,21.3505,21.3505,
SFX_A02,4,Galipea trifoliata,NI,411907.8329,9270045.689,0.62,,11.7,,,20120812,A,O,P33,11.89,11.89,feldpausch_regional,0.18,default,0.0,11.7,11.89,11.7,True,O,11.89,feldpausch,11.7,11.89,0.997,27.8572,20.8896,20.8896,27.8572,20.8896,20.8896,
SFX_A02,5,Dialium guianense,Fabaceae,411909.8329,9270045.189,0.89,,19.0,,,20120812,A,O,P33,16.6,16.6,feldpausch_regional,0.18,default,0.0,19.0,16.6,19.0,True,O,16.6,feldpausch,19.0,16.6,0.8964,99.4061,72.3794,72.3794,99.4061,72.3794,72.3794,
SFX_A02,6,Socratea exorrhiza,Arecaceae,411904.8329,9270044.889,,0.035506379,12.6,,,20120812,A,P,P33,12.53,12.53,feldpausch_regional,0.18,default,0.0,12.6,12.53,12.6,True,P,12.53,feldpausch,12.6,12.53,0.23,33.8832,,,33.8832,,,
SFX_A02,7,Sloanea guianensis,Elaeocarpaceae,411904.8329,9270043.689,0.82,,19.2,,,20120812,A,O,P33,16.71,16.71,feldpausch_regional,0.18,default,0.0,19.2,16.71,19.2,True,O,16.71,feldpausch,19.2,16.71,0.8212,102.115,74.3116,74.3116,102.115,74.3116,74.3116,
SFX_A02,8,Galipea trifoliata,NI,411902.8329,9270040.689,0.62,,25.7,,,20120812,A,O,P33,20.14,20.14,feldpausch_regional,0.18,default,0.0,25.7,20.14,25.7,True,O,20.14,feldpausch,25.7,20.14,0.997,216.4772,155.1123,155.1123,216.4772,155.1123,155.1123,
SFX_A02,9,Socratea exorrhiza,Arecaceae,411910.8329,9270042.789,,0.037092266,12.9,,,20120812,A,P,P33,12.74,12.74,feldpausch_regional,0.18,default,0.0,12.9,12.74,12.9,True,P,12.74,feldpausch,12.9,12.74,0.23,36.056,,,36.056,,,
SFX_A02,10,Inga marginata,Fabaceae,411907.8329,9270040.289,0.57,,17.0,,,20120812,A,O,P33,15.41,15.41,feldpausch_regional,0.18,default,0.0,17.0,15.41,17.0,True,O,15.41,feldpausch,17.0,15.41,0.5518,74.4033,54.523,54.523,74.4033,54.523,54.523,
SFX_A02,11,Galipea trifoliata,NI,411907.8329,9270039.589,0.62,,11.4,,,20120812,A,O,P33,11.67,11.67,feldpausch_regional,0.18,default,0.0,11.4,11.67,11.4,True,O,11.67,feldpausch,11.4,11.67,0.997,26.0016,19.5314,19.5314,26.0016,19.5314,19.5314,
SFX_A02,12,Galipea trifoliata,NI,411900.8329,9270035.189,0.62,,10.2,,,20120812,A,O,P33,10.78,10.78,feldpausch_regional,0.18,default,0.0,10.2,10.78,10.2,True,O,10.78,feldpausch,10.2,10.78,0.997,19.368,14.6535,14.6535,19.368,14.6535,14.6535,
SFX_A02,13,,,411895.8329,9270033.389,0.6,1.859644095,57.0,29.02,,20120812,D,o,P33,31.19,31.19,feldpausch_regional,0.18,default,0.0,57.0,31.19,57.0,False,O,29.02,measured,57.0,29.02,0.7175,1463.9326,1463.9326,1743.0037,1463.9326,1463.9326,1743.0037,
SFX_A02,14,Dialium guianense,Fabaceae,411901.8329,9270031.189,0.89,,26.5,,,20120812,A,O,P33,20.53,20.53,feldpausch_regional,0.18,default,0.0,26.5,20.53,26.5,True,O,20.53,feldpausch,26.5,20.53,0.8964,234.1684,167.5272,167.5272,234.1684,167.5272,167.5272,
SFX_A02,15,Rheedia gardneriana,Clusiaceae,411892.8329,9270031.189,0.62,,30.5,,,20120812,A,O,P33,22.35,22.35,feldpausch_regional,0.18,default,0.0,30.5,22.35,30.5,True,O,22.35,feldpausch,30.5,22.35,0.7175,334.7409,237.8856,237.8856,334.7409,237.8856,237.8856,
SFX_A02,16,Castilla ulei,Moraceae,411908.3329,9270031.189,0.82,2.19322323,48.0,22.81,10.77,20120812,A,O,P33,28.69,28.69,feldpausch_regional,0.18,default,0.0,48.0,28.69,48.0,True,O,22.81,measured,48.0,22.81,0.5675,827.5112,599.085,599.085,827.5112,599.085,599.085,
SFX_A02,17,,,411900.8329,9270030.489,0.58,,15.8,,,20120812,D,o,P33,14.66,14.66,feldpausch_regional,0.18,default,0.0,15.8,14.66,15.8,False,O,14.66,feldpausch,15.8,14.66,0.7175,61.4308,61.4308,73.1414,61.4308,61.4308,73.1414,
SFX_A02,18,Licania octandra,Chrysobalanaceae,411903.8329,9270030.489,0.83,,20.3,,,20120812,A,O,P33,17.33,17.33,feldpausch_regional,0.18,default,0.0,20.3,17.33,20.3,True,O,17.33,feldpausch,20.3,17.33,0.825,117.967,85.5832,85.5832,117.967,85.5832,85.5832,
SFX_A02,19,Dialium guianense,Fabaceae,411905.8329,9270030.489,0.89,,11.0,,,20120812,A,O,P33,11.38,11.38,feldpausch_regional,0.18,default,0.0,11.0,11.38,11.0,True,O,11.38,feldpausch,11.0,11.38,0.8964,23.6621,17.8143,17.8143,23.6621,17.8143,17.8143,
SFX_A02,20,Vitex triflora,Lamiaceae,411911.8329,9270030.189,0.56,,18.0,,,20120812,A,O,P33,16.01,16.01,feldpausch_regional,0.18,default,0.0,18.0,16.01,18.0,True,O,16.01,feldpausch,18.0,16.01,0.5482,86.3453,63.0662,63.0662,86.3453,63.0662,63.0662,
SFX_A02,21,Dialium guianense,Fabaceae,411895.8329,9270027.889,0.89,,20.0,,,20120812,A,O,P33,17.17,17.17,feldpausch_regional,0.18,default,0.0,20.0,17.17,20.0,True,O,17.17,feldpausch,20.0,17.17,0.8964,113.5552,82.4445,82.4445,113.5552,82.4445,82.4445,
SFX_A02,22,Dialium guianense,Fabaceae,411900.8329,9270026.689,0.89,,17.3,,,20120812,A,O,P33,15.59,15.59,feldpausch_regional,0.18,default,0.0,17.3,15.59,17.3,True,O,15.59,feldpausch,17.3,15.59,0.8964,77.8654,57.0033,57.0033,77.8654,57.0033,57.0033,
SFX_A02,23,Theobroma glaucum,Malvaceae,411895.8329,9270027.689,0.53,,11.5,,,20120812,A,O,P33,11.75,11.75,feldpausch_regional,0.18,default,0.0,11.5,11.75,11.5,True,O,11.75,feldpausch,11.5,11.75,0.5297,26.6256,19.9869,19.9869,26.6256,19.9869,19.9869,
SFX_A02,24,Annona sp.,Annonaceae,411896.8329,9270026.189,0.41,,10.7,,,20120812,A,O,P33,11.15,11.15,feldpausch_regional,0.18,default,0.0,10.7,11.15,10.7,True,O,11.15,feldpausch,10.7,11.15,0.5112,21.9765,16.5767,16.5767,21.9765,16.5767,16.5767,
SFX_A02,25,Dialium guianense,Fabaceae,411897.8329,9270025.789,0.89,,12.5,,,20120812,A,O,P33,12.46,12.46,feldpausch_regional,0.18,default,0.0,12.5,12.46,12.5,True,O,12.46,feldpausch,12.5,12.46,0.8964,33.1783,24.775,24.775,33.1783,24.775,24.775,
SFX_A02,26,Annona ambotay,Annonaceae,411898.8329,9270025.189,0.41,,10.3,,,20120812,A,O,P33,10.85,10.85,feldpausch_regional,0.18,default,0.0,10.3,10.85,10.3,True,O,10.85,feldpausch,10.3,10.85,0.5112,19.8654,15.0216,15.0216,19.8654,15.0216,15.0216,
SFX_A02,27,Poeppigia sp.,Fabaceae,411899.8329,9270023.189,0.69,,12.7,,,20120812,A,O,P33,12.6,12.6,feldpausch_regional,0.18,default,0.0,12.7,12.6,12.7,True,O,12.6,feldpausch,12.7,12.6,0.735,34.5977,25.8089,25.8089,34.5977,25.8089,25.8089,
SFX_A02,28,Heisteria densifrons,Olacaceae,411902.8329,9270025.189,0.65,,11.1,,,20120812,A,O,P33,11.45,11.45,feldpausch_regional,0.18,default,0.0,11.1,11.45,11.1,True,O,11.45,feldpausch,11.1,11.45,0.65,24.2284,18.2309,18.2309,24.2284,18.2309,18.2309,
SFX_A02,29,Theobroma glaucum,Malvaceae,411905.8329,9270023.889,0.53,,14.7,,,20120812,A,O,P33,13.95,13.95,feldpausch_regional,0.18,default,0.0,14.7,13.95,14.7,True,O,13.95,feldpausch,14.7,13.95,0.5297,50.8357,37.5799,37.5799,50.8357,37.5799,37.5799,
SFX_A02,30,Chimarrhis turbinata,Rubiaceae,411909.8329,9270024.789,0.72,,14.0,,,20120812,A,O,P33,13.49,13.49,feldpausch_regional,0.18,default,0.0,14.0,13.49,14.0,True,O,13.49,feldpausch,14.0,13.49,0.72,44.7295,33.1639,33.1639,44.7295,33.1639,33.1639,
SFX_A02,31,,,411909.8329,9270024.589,0.58,,24.7,,,20120812,D,o,P33,19.65,19.65,feldpausch_regional,0.18,default,0.0,24.7,19.65,24.7,False,O,19.65,feldpausch,24.7,19.65,0.7175,195.5811,195.5811,232.865,195.5811,195.5811,232.865,
SFX_A02,32,Hymenaea parviflora,Fabaceae,411911.8329,9270022.189,0.88,,27.8,,,20120812,A,O,P33,21.14,21.14,feldpausch_regional,0.18,default,0.0,27.8,21.14,27.8,True,O,21.14,feldpausch,27.8,21.14,0.7935,264.5688,188.8361,188.8361,264.5688,188.8361,188.8361,
SFX_A02,33,Neea oppositifolia,Nyctaginaceae,411911.5329,9270021.589,0.89,,15.9,,,20120812,A,O,P33,14.73,14.73,feldpausch_regional,0.18,default,0.0,15.9,14.73,15.9,True,O,14.73,feldpausch,15.9,14.73,0.893,62.4818,45.9667,45.9667,62.4818,45.9667,45.9667,
SFX_A02,34,Zollernia paraensis,Fabaceae,411906.8329,9270021.189,0.99,,10.0,,,20120812,A,O,P33,10.62,10.62,feldpausch_regional,0.18,default,0.0,10.0,10.62,10.0,True,O,10.62,feldpausch,10.0,10.62,0.99,18.3636,13.9133,13.9133,18.3636,13.9133,13.9133,
SFX_A02,35,Neea oppositifolia,Nyctaginaceae,411911.5329,9270018.789,0.89,,18.8,,,20120812,A,O,P33,16.48,16.48,feldpausch_regional,0.18,default,0.0,18.8,16.48,18.8,True,O,16.48,feldpausch,18.8,16.48,0.893,96.6868,70.4443,70.4443,96.6868,70.4443,70.4443,
SFX_A02,36,Theobroma glaucum,Malvaceae,411912.8329,9270018.789,0.53,,13.6,,,20120812,A,O,P33,13.22,13.22,feldpausch_regional,0.18,default,0.0,13.6,13.22,13.6,True,O,13.22,feldpausch,13.6,13.22,0.5297,41.4429,30.7826,30.7826,41.4429,30.7826,30.7826,
SFX_A02,37,Bertholletia excelsa,Lecythidaceae,411906.8329,9270016.389,0.64,13.5730777,96.0,45.21,31.79,20120812,A,O,P33,38.45,38.45,feldpausch_regional,0.18,default,0.0,96.0,38.45,96.0,True,O,45.21,measured,96.0,45.21,0.638,6242.5642,4193.5687,4193.5687,6242.5642,4193.5687,4193.5687,
SFX_A02,38,Inga marginata,Fabaceae,411908.3329,9270013.889,0.57,,11.6,,,20120812,A,O,P33,11.82,11.82,feldpausch_regional,0.18,default,0.0,11.6,11.82,11.6,True,O,11.82,feldpausch,11.6,11.82,0.5518,27.2369,20.4351,20.4351,27.2369,20.4351,20.4351,
SFX_A02,39,Pouteria sp.,Sapotaceae,411912.8329,9270013.889,0.78,,19.6,,,20120812,A,O,P33,16.94,16.94,feldpausch_regional,0.18,default,0.0,19.6,16.94,19.6,True,O,16.94,feldpausch,19.6,16.94,0.7187,107.7368,78.311,78.311,107.7368,78.311,78.311,
SFX_A02,40,Couepia racemosa,Chrysobalanaceae,411912.6329,9270010.789,0.79,,12.6,,,20120812,A,O,P33,12.53,12.53,feldpausch_regional,0.18,default,0.0,12.6,12.53,12.6,True,O,12.53,feldpausch,12.6,12.53,0.7861,33.8832,25.2886,25.2886,33.8832,25.2886,25.2886,
SFX_A02,41,Vitex triflora,Lamiaceae,411909.2329,9270009.889,0.56,,22.9,,,20120812,A,O,P33,18.73,18.73,feldpausch_regional,0.18,default,0.0,22.9,18.73,22.9,True,O,18.73,feldpausch,22.9,18.73,0.5482,161.0113,116.0557,116.0557,161.0113,116.0557,116.0557,
SFX_A02,42,Hymenaea parviflora,Fabaceae,411916.8329,9270046.189,0.88,,16.7,,,20120812,A,O,P33,15.22,15.22,feldpausch_regional,0.18,default,0.0,16.7,15.22,16.7,True,O,15.22,feldpausch,16.7,15.22,0.7935,70.997,52.0844,52.0844,70.997,52.0844,52.0844,
SFX_A02,43,NI,NI,411922.8329,9270045.559,0.62,,15.2,,,20120812,A,O,P33,14.28,14.28,feldpausch_regional,0.18,default,0.0,15.2,14.28,15.2,True,O,14.28,feldpausch,15.2,14.28,0.7175,55.518,40.9557,40.9557,55.518,40.9557,40.9557,
SFX_A02,44,Strychnos subcordata,Loganiaceae,411927.8329,9270044.189,0.54,,15.0,,,20120812,A,O,P33,14.15,14.15,feldpausch_regional,0.18,default,0.0,15.0,14.15,15.0,True,O,14.15,feldpausch,15.0,14.15,0.6959,53.6203,39.5877,39.5877,53.6203,39.5877,39.5877,
SFX_A02,45,Socratea exorrhiza,Arecaceae,411928.8329,9270041.189,,0.043754036,14.1,,,20120812,A,P,P33,13.56,13.56,feldpausch_regional,0.18,default,0.0,14.1,13.56,14.1,True,P,13.56,feldpausch,14.1,13.56,0.23,45.585,,,45.585,,,
SFX_A02,47,Inga marginata,Fabaceae,411925.8329,9270040.689,0.57,,13.8,,,20120812,A,O,P33,13.36,13.36,feldpausch_regional,0.18,default,0.0,13.8,13.36,13.8,True,O,13.36,feldpausch,13.8,13.36,0.5518,43.0816,31.9689,31.9689,43.0816,31.9689,31.9689,
SFX_A02,48,Galipea trifoliata,NI,411913.9329,9270040.689,0.62,,25.1,,,20120812,A,O,P33,19.85,19.85,feldpausch_regional,0.18,default,0.0,25.1,19.85,25.1,True,O,19.85,feldpausch,25.1,19.85,0.997,203.8159,146.2093,146.2093,203.8159,146.2093,146.2093,
SFX_A02,49,Licania octandra,Chrysobalanaceae,411913.9329,9270040.789,0.83,,21.0,,,20120812,A,O,P33,17.72,17.72,feldpausch_regional,0.18,default,0.0,21.0,17.72,21.0,True,O,17.72,feldpausch,21.0,17.72,0.825,128.8052,93.2699,93.2699,128.8052,93.2699,93.2699,
SFX_A02,50,Bocageopsis pleiosperma,Annonaceae,411920.8329,9270038.189,0.64,0.062761336,11.4,14.82,10.69,20120812,A,O,P33,11.67,11.67,feldpausch_regional,0.18,default,0.0,11.4,11.67,11.4,True,O,14.82,measured,11.4,14.82,0.6402,32.8312,23.7478,23.7478,32.8312,23.7478,23.7478,
SFX_A02,51,Hymenaea parviflora,Fabaceae,411928.8329,9270036.589,0.88,,27.6,,,20120812,A,O,P33,21.05,21.05,feldpausch_regional,0.18,default,0.0,27.6,21.05,27.6,True,O,21.05,feldpausch,27.6,21.05,0.7935,259.7821,185.4803,185.4803,259.7821,185.4803,185.4803,
SFX_A02,52,Galipea trifoliata,NI,411930.2329,9270036.689,0.62,,10.0,,,20120812,A,O,P33,10.62,10.62,feldpausch_regional,0.18,default,0.0,10.0,10.62,10.0,True,O,10.62,feldpausch,10.0,10.62,0.997,18.3636,13.9133,13.9133,18.3636,13.9133,13.9133,
SFX_A02,54,NI,NI,411934.8329,9270035.189,0.62,,19.2,,,20120812,A,O,P33,16.71,16.71,feldpausch_regional,0.18,default,0.0,19.2,16.71,19.2,True,O,16.71,feldpausch,19.2,16.71,0.7175,102.115,74.3116,74.3116,102.115,74.3116,74.3116,
SFX_A02,55,Theobroma glaucum,Malvaceae,411935.4329,9270034.889,0.53,,14.1,,,20120812,A,O,P33,13.56,13.56,feldpausch_regional,0.18,default,0.0,14.1,13.56,14.1,True,O,13.56,feldpausch,14.1,13.56,0.5297,45.585,33.7821,33.7821,45.585,33.7821,33.7821,
SFX_A02,56,Attalea maripa,Arecaceae,411936.8329,9270034.189,,0.188962864,31.0,,,20120812,A,P,P33,22.56,22.56,feldpausch_regional,0.18,default,0.0,31.0,22.56,31.0,True,P,22.56,feldpausch,31.0,22.56,0.326,348.7046,,,348.7046,,,
SFX_A02,57,Theobroma glaucum,Malvaceae,411934.8329,9270033.889,0.53,,11.2,,,20120812,A,O,P33,11.53,11.53,feldpausch_regional,0.18,default,0.0,11.2,11.53,11.2,True,O,11.53,feldpausch,11.2,11.53,0.5297,24.8245,18.6669,18.6669,24.8245,18.6669,18.6669,
SFX_A02,58,Galipea trifoliata,NI,411918.8329,9270036.189,0.62,,16.8,,,20120812,A,O,P33,15.29,15.29,feldpausch_regional,0.18,default,0.0,16.8,15.29,16.8,True,O,15.29,feldpausch,16.8,15.29,0.997,72.1516,52.9082,52.9082,72.1516,52.9082,52.9082,
SFX_A02,59,Hymenaea parviflora,Fabaceae,411917.4329,9270034.189,0.88,3.228535621,44.8,36.02,22.04,20120812,A,O,P33,27.69,27.69,feldpausch_regional,0.18,default,0.0,44.8,27.69,44.8,True,O,36.02,measured,44.8,36.02,0.7935,1129.6451,758.3475,758.3475,1129.6451,758.3475,758.3475,
SFX_A02,60,Galipea trifoliata,NI,411925.8329,9270034.889,0.62,,16.5,,,20120812,A,O,P33,15.1,15.1,feldpausch_regional,0.18,default,0.0,16.5,15.1,16.5,True,O,15.1,feldpausch,16.5,15.1,0.997,68.8131,50.5162,50.5162,68.8131,50.5162,50.5162,
SFX_A02,61,Licania heteromorpha,Chrysobalanaceae,411927.8329,9270034.189,0.82,,24.4,,,20120812,A,O,P33,19.5,19.5,feldpausch_regional,0.18,default,0.0,24.4,19.5,24.4,True,O,19.5,feldpausch,24.4,19.5,0.8164,189.5481,136.1719,136.1719,189.5481,136.1719,136.1719,
SFX_A02,62,Castilla ulei,Moraceae,411918.8329,9270032.189,0.82,,27.9,,,20120812,A,O,P33,21.18,21.18,feldpausch_regional,0.18,default,0.0,27.9,21.18,27.9,True,O,21.18,feldpausch,27.9,21.18,0.5675,266.9217,190.4914,190.4914,266.9217,190.4914,190.4914,
SFX_A02,63,Galipea trifoliata,NI,411919.1329,9270032.189,0.62,,22.7,,,20120812,A,O,P33,18.63,18.63,feldpausch_regional,0.18,default,0.0,22.7,18.63,22.7,True,O,18.63,feldpausch,22.7,18.63,0.997,157.453,113.5391,113.5391,157.453,113.5391,113.5391,
SFX_A02,64,Rinorea guianensis,Violaceae,411921.8329,9270030.889,0.78,,12.3,,,20120812,A,O,P33,12.32,12.32,feldpausch_regional,0.18,default,0.0,12.3,12.32,12.3,True,O,12.32,feldpausch,12.3,12.32,0.78,31.7974,23.7678,23.7678,31.7974,23.7678,23.7678,
SFX_A02,65,Rinorea guianensis,Violaceae,411924.8329,9270030.889,0.78,,16.9,,,20120812,A,O,P33,15.35,15.35,feldpausch_regional,0.18,default,0.0,16.9,15.35,16.9,True,O,15.35,feldpausch,16.9,15.35,0.78,73.2719,53.7118,53.7118,73.2719,53.7118,53.7118,
SFX_A02,66,Lacunaria jenmanii,Quiinaceae,411927.8329,9270030.989,0.8,,16.4,,,20120812,A,O,P33,15.04,15.04,feldpausch_regional,0.18,default,0.0,16.4,15.04,16.4,True,O,15.04,feldpausch,16.4,15.04,0.8043,67.7376,49.7434,49.7434,67.7376,49.7434,49.7434,
SFX_A02,67,,,411938.8329,9270030.189,0.45,,20.0,,,20120812,D,o,P33,17.17,17.17,feldpausch_regional,0.18,default,0.0,20.0,17.17,20.0,False,O,17.17,feldpausch,20.0,17.17,0.7175,113.5552,113.5552,135.2024,113.5552,113.5552,135.2024,
SFX_A02,69,Theobroma glaucum,Malvaceae,411936.8329,9270027.189,0.53,,16.8,,,20120812,A,O,P33,15.29,15.29,feldpausch_regional,0.18,default,0.0,16.8,15.29,16.8,True,O,15.29,feldpausch,16.8,15.29,0.5297,72.1516,52.9082,52.9082,72.1516,52.9082,52.9082,
SFX_A02,70,NI,NI,411923.8329,9270026.689,0.62,0.467866481,28.4,18.38,9.12,20120812,A,O,P33,21.41,21.41,feldpausch_regional,0.18,default,0.0,28.4,21.41,28.4,True,O,18.38,measured,28.4,18.38,0.7175,240.6242,175.7643,175.7643,240.6242,175.7643,175.7643,
SFX_A02,71,Neea oppositifolia,Nyctaginaceae,411919.8329,9270028.289,0.89,,20.2,,,20120812,A,O,P33,17.28,17.28,feldpausch_regional,0.18,default,0.0,20.2,17.28,20.2,True,O,17.28,feldpausch,20.2,17.28,0.893,116.5063,84.5421,84.5421,116.5063,84.5421,84.5421,
SFX_A02,72,Galipea trifoliata,NI,411918.8329,9270027.189,0.62,,14.7,,,20120812,A,O,P33,13.95,13.95,feldpausch_regional,0.18,default,0.0,14.7,13.95,14.7,True,O,13.95,feldpausch,14.7,13.95,0.997,50.8357,37.5799,37.5799,50.8357,37.5799,37.5799,
SFX_A02,74,Hymenaea parviflora,Fabaceae,411928.8329,9270020.189,0.88,,15.4,,,20120812,A,O,P33,14.41,14.41,feldpausch_regional,0.18,default,0.0,15.4,14.41,15.4,True,O,14.41,feldpausch,15.4,14.41,0.7935,57.4589,42.3534,42.3534,57.4589,42.3534,42.3534,
SFX_A02,75,Theobroma glaucum,Malvaceae,411925.8329,9270017.189,0.53,,12.6,,,20120812,A,O,P33,12.53,12.53,feldpausch_regional,0.18,default,0.0,12.6,12.53,12.6,True,O,12.53,feldpausch,12.6,12.53,0.5297,33.8832,25.2886,25.2886,33.8832,25.2886,25.2886,
SFX_A02,76,,,411923.8329,9270017.589,0.45,,16.5,,,20120812,D,o,P33,15.1,15.1,feldpausch_regional,0.18,default,0.0,16.5,15.1,16.5,False,O,15.1,feldpausch,16.5,15.1,0.7175,68.8131,68.8131,81.931,68.8131,68.8131,81.931,
SFX_A02,77,Galipea trifoliata,NI,411923.8329,9270017.389,0.62,,14.0,,,20120812,A,O,P33,13.49,13.49,feldpausch_regional,0.18,default,0.0,14.0,13.49,14.0,True,O,13.49,feldpausch,14.0,13.49,0.997,44.7295,33.1639,33.1639,44.7295,33.1639,33.1639,
SFX_A02,78,NI,NI,411921.8329,9270016.489,0.62,,12.5,,,20120812,A,O,P33,12.46,12.46,feldpausch_regional,0.18,default,0.0,12.5,12.46,12.5,True,O,12.46,feldpausch,12.5,12.46,0.7175,33.1783,24.775,24.775,33.1783,24.775,24.775,
SFX_A02,79,,,411916.8329,9270017.889,0.45,,11.0,,,20120812,D,o,P33,11.38,11.38,feldpausch_regional,0.18,default,0.0,11.0,11.38,11.0,False,O,11.38,feldpausch,11.0,11.38,0.7175,23.6621,23.6621,28.1729,23.6621,23.6621,28.1729,
SFX_A02,80,Galipea trifoliata,NI,411913.9329,9270017.189,0.62,,16.4,,,20120812,A,O,P33,15.04,15.04,feldpausch_regional,0.18,default,0.0,16.4,15.04,16.4,True,O,15.04,feldpausch,16.4,15.04,0.997,67.7376,49.7434,49.7434,67.7376,49.7434,49.7434,
SFX_A02,81,Guarea guidonia,Meliaceae,411919.8329,9270014.889,0.55,,11.0,,,20120812,A,O,P33,11.38,11.38,feldpausch_regional,0.18,default,0.0,11.0,11.38,11.0,True,O,11.38,feldpausch,11.0,11.38,0.5651,23.6621,17.8143,17.8143,23.6621,17.8143,17.8143,
SFX_A02,82,Inga marginata,Fabaceae,411920.8329,9270013.189,0.57,,11.4,,,20120812,A,O,P33,11.67,11.67,feldpausch_regional,0.18,default,0.0,11.4,11.67,11.4,True,O,11.67,feldpausch,11.4,11.67,0.5518,26.0016,19.5314,19.5314,26.0016,19.5314,19.5314,
SFX_A02,83,Galipea trifoliata,NI,411919.8329,9270011.189,0.62,,14.7,,,20120812,A,O,P33,13.95,13.95,feldpausch_regional,0.18,default,0.0,14.7,13.95,14.7,True,O,13.95,feldpausch,14.7,13.95,0.997,50.8357,37.5799,37.5799,50.8357,37.5799,37.5799,
SFX_A02,84,Theobroma glaucum,Malvaceae,411914.0329,9270009.389,0.53,,10.4,,,20120812,A,O,P33,10.93,10.93,feldpausch_regional,0.18,default,0.0,10.4,10.93,10.4,True,O,10.93,feldpausch,10.4,10.93,0.5297,20.3893,15.407,15.407,20.3893,15.407,15.407,
SFX_A02,1,Tapirira guianensis,Anacardiaceae,411951.1239,9269882.403,0.46,0.055573109,12.0,16.59,9.72,20120812,A,O,P34,12.11,12.11,feldpausch_regional,0.18,default,0.0,12.0,12.11,12.0,True,O,16.59,measured,12.0,16.59,0.457,40.5128,28.8573,28.8573,40.5128,28.8573,28.8573,
SFX_A02,2,Helicostylis sp.,Moraceae,411947.1239,9269882.403,0.65,,28.9,,,20120812,A,O,P34,21.64,21.64,feldpausch_regional,0.18,default,0.0,28.9,21.64,28.9,True,O,21.64,feldpausch,28.9,21.64,0.643,291.9741,208.0154,208.0154,291.9741,208.0154,208.0154,
SFX_A02,3,Attalea maripa,Arecaceae,411946.1239,9269882.303,,0.116574306,23.9,,,20120812,A,P,P34,19.25,19.25,feldpausch_regional,0.18,default,0.0,23.9,19.25,23.9,True,P,19.25,feldpausch,23.9,19.25,0.326,179.762,,,179.762,,,
SFX_A02,4,Astrocaryum aculeatum,Arecaceae,411946.1239,9269880.703,,0.091680978,21.0,,,20120812,A,P,P34,17.72,17.72,feldpausch_regional,0.18,default,0.0,21.0,17.72,21.0,True,P,17.72,feldpausch,21.0,17.72,0.508,128.8052,,,128.8052,,,
SFX_A02,5,Inga marginata,Fabaceae,411951.1239,9269880.503,0.57,,12.7,,,20120812,A,O,P34,12.6,12.6,feldpausch_regional,0.18,default,0.0,12.7,12.6,12.7,True,O,12.6,feldpausch,12.7,12.6,0.5518,34.5977,25.8089,25.8089,34.5977,25.8089,25.8089,
SFX_A02,6,Helicostylis sp.,Moraceae,411946.1239,9269878.703,0.65,,17.9,,,20120812,A,O,P34,15.95,15.95,feldpausch_regional,0.18,default,0.0,17.9,15.95,17.9,True,O,15.95,feldpausch,17.9,15.95,0.643,85.099,62.1761,62.1761,85.099,62.1761,62.1761,
SFX_A02,7,Galipea trifoliata,NI,411944.1239,9269880.703,0.62,,14.2,,,20120812,A,O,P34,13.62,13.62,feldpausch_regional,0.18,default,0.0,14.2,13.62,14.2,True,O,13.62,feldpausch,14.2,13.62,0.997,46.4178,34.3869,34.3869,46.4178,34.3869,34.3869,
SFX_A02,8,Abarema jupunba,Fabaceae,411952.0239,9269873.703,0.59,,29.5,,,20120812,A,O,P34,21.91,21.91,feldpausch_regional,0.18,default,0.0,29.5,21.91,29.5,True,O,21.91,feldpausch,29.5,21.91,0.5851,307.624,218.952,218.952,307.624,218.952,218.952,
SFX_A02,9,Cordia scabrifolia,Boraginaceae,411936.1239,9269873.403,0.47,,14.8,,,20120812,A,O,P34,14.02,14.02,feldpausch_regional,0.18,default,0.0,14.8,14.02,14.8,True,O,14.02,feldpausch,14.8,14.02,0.474,51.7652,38.2492,38.2492,51.7652,38.2492,38.2492,
SFX_A02,10,Socratea exorrhiza,Arecaceae,411938.1239,9269871.103,,0.044332036,14.2,,,20120812,A,P,P34,13.62,13.62,feldpausch_regional,0.18,default,0.0,14.2,13.62,14.2,True,P,13.62,feldpausch,14.2,13.62,0.23,46.4178,,,46.4178,,,
SFX_A02,12,Poeppigia sp.,Fabaceae,411942.1239,9269869.703,0.69,,12.0,,,20120812,A,O,P34,12.11,12.11,feldpausch_regional,0.18,default,0.0,12.0,12.11,12.0,True,O,12.11,feldpausch,12.0,12.11,0.735,29.7969,22.3066,22.3066,29.7969,22.3066,22.3066,
SFX_A02,13,Inga marginata,Fabaceae,411948.7239,9269868.703,0.57,,11.2,,,20120812,A,O,P34,11.53,11.53,feldpausch_regional,0.18,default,0.0,11.2,11.53,11.2,True,O,11.53,feldpausch,11.2,11.53,0.5518,24.8245,18.6669,18.6669,24.8245,18.6669,18.6669,
SFX_A02,14,Galipea trifoliata,NI,411948.7239,9269868.603,0.62,,12.0,,,20120812,A,O,P34,12.11,12.11,feldpausch_regional,0.18,default,0.0,12.0,12.11,12.0,True,O,12.11,feldpausch,12.0,12.11,0.997,29.7969,22.3066,22.3066,29.7969,22.3066,22.3066,
SFX_A02,15,Galipea trifoliata,NI,411948.1239,9269866.503,0.62,,11.3,,,20120812,A,O,P34,11.6,11.6,feldpausch_regional,0.18,default,0.0,11.3,11.6,11.3,True,O,11.6,feldpausch,11.3,11.6,0.997,25.4086,19.096,19.096,25.4086,19.096,19.096,
SFX_A02,16,Galipea trifoliata,NI,411951.1239,9269865.403,0.62,,12.1,,,20120812,A,O,P34,12.18,12.18,feldpausch_regional,0.18,default,0.0,12.1,12.18,12.1,True,O,12.18,feldpausch,12.1,12.18,0.997,30.4544,22.7871,22.7871,30.4544,22.7871,22.7871,
SFX_A02,17,Pouteria sp.,Sapotaceae,411952.0239,9269864.703,0.78,,12.0,,,20120812,A,O,P34,12.11,12.11,feldpausch_regional,0.18,default,0.0,12.0,12.11,12.0,True,O,12.11,feldpausch,12.0,12.11,0.7187,29.7969,22.3066,22.3066,29.7969,22.3066,22.3066,
SFX_A02,18,Schizolobium amazonicum,Fabaceae,411946.1239,9269864.403,0.49,7.305215539,80.7,44.98,24.75,20120812,A,O,P34,36.14,36.14,feldpausch_regional,0.18,default,0.0,80.7,36.14,80.7,True,O,44.98,measured,80.7,44.98,0.58,4426.1366,2951.0492,2951.0492,4426.1366,2951.0492,2951.0492,
SFX_A02,19,Attalea maripa,Arecaceae,411927.1239,9269864.703,,0.119306214,24.2,,,20120812,A,P,P34,19.4,19.4,feldpausch_regional,0.18,default,0.0,24.2,19.4,24.2,True,P,19.4,feldpausch,24.2,19.4,0.326,185.5935,,,185.5935,,,
SFX_A02,20,Pourouma minor,Urticaceae,411929.1239,9269863.703,0.44,,29.3,,,20120812,A,O,P34,21.82,21.82,feldpausch_regional,0.18,default,0.0,29.3,21.82,29.3,True,O,21.82,feldpausch,29.3,21.82,0.436,302.349,215.2672,215.2672,302.349,215.2672,215.2672,
SFX_A02,21,Zanthoxylum rhoifolium,Rutaceae,411943.1239,9269862.703,0.49,,16.7,,,20120812,A,O,P34,15.22,15.22,feldpausch_regional,0.18,default,0.0,16.7,15.22,16.7,True,O,15.22,feldpausch,16.7,15.22,0.5692,70.997,52.0844,52.0844,70.997,52.0844,52.0844,
SFX_A02,22,Inga marginata,Fabaceae,411948.1239,9269862.703,0.57,,32.6,,,20120812,A,O,P34,23.24,23.24,feldpausch_regional,0.18,default,0.0,32.6,23.24,32.6,True,O,23.24,feldpausch,32.6,23.24,0.5518,396.0116,280.5923,280.5923,396.0116,280.5923,280.5923,
SFX_A02,23,Astrocaryum aculeatum,Arecaceae,411951.1239,9269861.103,,0.096604778,21.6,,,20120812,A,P,P34,18.05,18.05,feldpausch_regional,0.18,default,0.0,21.6,18.05,21.6,True,P,18.05,feldpausch,21.6,18.05,0.508,138.5595,,,138.5595,,,
SFX_A02,24,Laetia procera,Salicaceae,411944.1239,9269861.503,0.63,,20.2,,,20120812,A,O,P34,17.28,17.28,feldpausch_regional,0.18,default,0.0,20.2,17.28,20.2,True,O,17.28,feldpausch,20.2,17.28,0.6481,116.5063,84.5421,84.5421,116.5063,84.5421,84.5421,
SFX_A02,25,Inga marginata,Fabaceae,411942.1239,9269860.303,0.57,,11.4,,,20120812,A,O,P34,11.67,11.67,feldpausch_regional,0.18,default,0.0,11.4,11.67,11.4,True,O,11.67,feldpausch,11.4,11.67,0.5518,26.0016,19.5314,19.5314,26.0016,19.5314,19.5314,
SFX_A02,26,Galipea trifoliata,NI,411937.1239,9269860.703,0.62,,14.3,,,20120812,A,O,P34,13.69,13.69,feldpausch_regional,0.18,default,0.0,14.3,13.69,14.3,True,O,13.69,feldpausch,14.3,13.69,0.997,47.294,35.0195,35.0195,47.294,35.0195,35.0195,
SFX_A02,27,Attalea maripa,Arecaceae,411934.1239,9269860.203,,0.176701084,29.9,,,20120812,A,P,P34,22.09,22.09,feldpausch_regional,0.18,default,0.0,29.9,22.09,29.9,True,P,22.09,feldpausch,29.9,22.09,0.326,318.3507,,,318.3507,,,
SFX_A02,28,NI,NI,411944.1239,9269859.703,0.62,,24.9,,,20120812,A,O,P34,19.75,19.75,feldpausch_regional,0.18,default,0.0,24.9,19.75,24.9,True,O,19.75,feldpausch,24.9,19.75,0.7175,199.6711,143.2953,143.2953,199.6711,143.2953,143.2953,
SFX_A02,29,Neea oppositifolia,Nyctaginaceae,411947.1239,9269857.703,0.89,,11.4,,,20120812,A,O,P34,11.67,11.67,feldpausch_regional,0.18,default,0.0,11.4,11.67,11.4,True,O,11.67,feldpausch,11.4,11.67,0.893,26.0016,19.5314,19.5314,26.0016,19.5314,19.5314,
SFX_A02,30,Theobroma glaucum,Malvaceae,411949.1239,9269857.403,0.53,,16.8,,,20120812,A,O,P34,15.29,15.29,feldpausch_regional,0.18,default,0.0,16.8,15.29,16.8,True,O,15.29,feldpausch,16.8,15.29,0.5297,72.1516,52.9082,52.9082,72.1516,52.9082,52.9082,
SFX_A02,31,Couratari stellata,Lecythidaceae,411939.1239,9269856.703,0.63,,10.4,,,20120812,A,O,P34,10.93,10.93,feldpausch_regional,0.18,default,0.0,10.4,10.93,10.4,True,O,10.93,feldpausch,10.4,10.93,0.6331,20.3893,15.407,15.407,20.3893,15.407,15.407,
SFX_A02,32,Poeppigia sp.,Fabaceae,411936.1239,9269854.303,0.69,,14.5,,,20120812,A,O,P34,13.82,13.82,feldpausch_regional,0.18,default,0.0,14.5,13.82,14.5,True,O,13.82,feldpausch,14.5,13.82,0.735,49.0441,36.2853,36.2853,49.0441,36.2853,36.2853,
SFX_A02,33,Attalea maripa,Arecaceae,411945.8239,9269855.303,,0.11208611,23.4,22.38,10.64,20120812,A,P,P34,18.99,18.99,feldpausch_regional,0.18,default,0.0,23.4,18.99,23.4,True,P,22.38,measured,23.4,22.38,0.326,199.8175,,,199.8175,,,
SFX_A02,34,Apeiba echinata,Malvaceae,411934.1239,9269853.703,0.28,0.172618823,27.6,16.15,11.97,20120812,A,O,P34,21.05,21.05,feldpausch_regional,0.18,default,0.0,27.6,21.05,27.6,True,O,16.15,measured,27.6,16.15,0.2822,200.5818,149.3354,149.3354,200.5818,149.3354,149.3354,
SFX_A02,35,Bocageopsis pleiosperma,Annonaceae,411949.1239,9269851.703,0.64,,22.3,,,20120812,A,O,P34,18.42,18.42,feldpausch_regional,0.18,default,0.0,22.3,18.42,22.3,True,O,18.42,feldpausch,22.3,18.42,0.6402,150.4092,108.5616,108.5616,150.4092,108.5616,108.5616,
SFX_A02,36,Jacaranda copaia,Bignoniaceae,411944.1239,9269854.203,0.35,,19.4,,,20120812,A,O,P34,16.83,16.83,feldpausch_regional,0.18,default,0.0,19.4,16.83,19.4,True,O,16.83,feldpausch,19.4,16.83,0.3507,104.932,76.3132,76.3132,104.932,76.3132,76.3132,
SFX_A02,37,Clarisia racemosa,Moraceae,411939.1239,9269853.703,0.59,,14.8,,,20120812,A,O,P34,14.02,14.02,feldpausch_regional,0.18,default,0.0,14.8,14.02,14.8,True,O,14.02,feldpausch,14.8,14.02,0.5854,51.7652,38.2492,38.2492,51.7652,38.2492,38.2492,
SFX_A02,38,Pourouma minor,Urticaceae,411936.1239,9269853.403,0.44,,17.6,,,20120812,A,O,P34,15.77,15.77,feldpausch_regional,0.18,default,0.0,17.6,15.77,17.6,True,O,15.77,feldpausch,17.6,15.77,0.436,81.4301,59.554,59.554,81.4301,59.554,59.554,
SFX_A02,39,Castilla ulei,Moraceae,411938.1239,9269851.703,0.82,,18.9,,,20120812,A,O,P34,16.54,16.54,feldpausch_regional,0.18,default,0.0,18.9,16.54,18.9,True,O,16.54,feldpausch,18.9,16.54,0.5675,98.0403,71.4077,71.4077,98.0403,71.4077,71.4077,
SFX_A02,40,Pourouma minor,Urticaceae,411941.1239,9269851.703,0.44,0.19921929,25.2,13.86,8.17,20120812,A,O,P34,19.9,19.9,feldpausch_regional,0.18,default,0.0,25.2,19.9,25.2,True,O,13.86,measured,25.2,13.86,0.436,144.6623,109.8558,109.8558,144.6623,109.8558,109.8558,
SFX_A02,41,Protium paniculatum,Burseraceae,411940.1239,9269848.503,0.49,,10.5,,,20120812,A,O,P34,11.0,11.0,feldpausch_regional,0.18,default,0.0,10.5,11.0,10.5,True,O,11.0,feldpausch,10.5,11.0,0.49,20.9036,15.7869,15.7869,20.9036,15.7869,15.7869,
SFX_A02,42,NI,NI,411950.5239,9269842.703,0.62,,11.6,,,20120812,A,O,P34,11.82,11.82,feldpausch_regional,0.18,default,0.0,11.6,11.82,11.6,True,O,11.82,feldpausch,11.6,11.82,0.7175,27.2369,20.4351,20.4351,27.2369,20.4351,20.4351,
SFX_A02,43,NI,NI,411946.1239,9269841.703,0.62,,13.2,,,20120812,A,O,P34,12.95,12.95,feldpausch_regional,0.18,default,0.0,13.2,12.95,13.2,True,O,12.95,feldpausch,13.2,12.95,0.7175,38.3174,28.5131,28.5131,38.3174,28.5131,28.5131,
SFX_A02,46,Inga marginata,Fabaceae,411952.5239,9269888.703,0.57,,22.7,,,20120812,A,O,P34,18.63,18.63,feldpausch_regional,0.18,default,0.0,22.7,18.63,22.7,True,O,18.63,feldpausch,22.7,18.63,0.5518,157.453,113.5391,113.5391,157.453,113.5391,113.5391,
SFX_A02,47,Cordia scabrifolia,Boraginaceae,411953.3239,9269885.703,0.47,,20.6,,,20120812,A,O,P34,17.5,17.5,feldpausch_regional,0.18,default,0.0,20.6,17.5,20.6,True,O,17.5,feldpausch,20.6,17.5,0.474,122.556,88.8381,88.8381,122.556,88.8381,88.8381,
SFX_A02,48,Neea oppositifolia,Nyctaginaceae,411955.1239,9269885.703,0.89,0.099151846,12.4,14.19,9.41,20120812,A,O,P34,12.39,12.39,feldpausch_regional,0.18,default,0.0,12.4,12.39,12.4,True,O,14.19,measured,12.4,14.19,0.893,37.0813,27.1159,27.1159,37.0813,27.1159,27.1159,
SFX_A02,49,Galipea trifoliata,NI,411955.5239,9269884.703,0.62,,11.9,,,20120812,A,O,P34,12.03,12.03,feldpausch_regional,0.18,default,0.0,11.9,12.03,11.9,True,O,12.03,feldpausch,11.9,12.03,0.997,29.1251,21.8178,21.8178,29.1251,21.8178,21.8178,
SFX_A02,50,Rinorea guianensis,Violaceae,411952.2239,9269882.903,0.78,,16.5,,,20120812,A,O,P34,15.1,15.1,feldpausch_regional,0.18,default,0.0,16.5,15.1,16.5,True,O,15.1,feldpausch,16.5,15.1,0.78,68.8131,50.5162,50.5162,68.8131,50.5162,50.5162,
SFX_A02,51,Inga marginata,Fabaceae,411955.1239,9269877.703,0.57,,15.1,,,20120812,A,O,P34,14.21,14.21,feldpausch_regional,0.18,default,0.0,15.1,14.21,15.1,True,O,14.21,feldpausch,15.1,14.21,0.5518,54.5451,40.2564,40.2564,54.5451,40.2564,40.2564,
SFX_A02,52,Inga marginata,Fabaceae,411958.1239,9269877.503,0.57,,14.7,,,20120812,A,O,P34,13.95,13.95,feldpausch_regional,0.18,default,0.0,14.7,13.95,14.7,True,O,13.95,feldpausch,14.7,13.95,0.5518,50.8357,37.5799,37.5799,50.8357,37.5799,37.5799,
SFX_A02,53,Theobroma glaucum,Malvaceae,411960.1239,9269877.403,0.53,,10.3,,,20120812,A,O,P34,10.85,10.85,feldpausch_regional,0.18,default,0.0,10.3,10.85,10.3,True,O,10.85,feldpausch,10.3,10.85,0.5297,19.8654,15.0216,15.0216,19.8654,15.0216,15.0216,
SFX_A02,54,Guarea guidonia,Meliaceae,411964.1239,9269877.403,0.55,,11.1,,,20120812,A,O,P34,11.45,11.45,feldpausch_regional,0.18,default,0.0,11.1,11.45,11.1,True,O,11.45,feldpausch,11.1,11.45,0.5651,24.2284,18.2309,18.2309,24.2284,18.2309,18.2309,
SFX_A02,55,NI,NI,411962.1239,9269873.703,0.62,,24.9,,,20120812,A,O,P34,19.75,19.75,feldpausch_regional,0.18,default,0.0,24.9,19.75,24.9,True,O,19.75,feldpausch,24.9,19.75,0.7175,199.6711,143.2953,143.2953,199.6711,143.2953,143.2953,
SFX_A02,56,Galipea trifoliata,NI,411957.1239,9269873.703,0.62,,10.3,,,20120812,A,O,P34,10.85,10.85,feldpausch_regional,0.18,default,0.0,10.3,10.85,10.3,True,O,10.85,feldpausch,10.3,10.85,0.997,19.8654,15.0216,15.0216,19.8654,15.0216,15.0216,
SFX_A02,58,Inga marginata,Fabaceae,411969.1239,9269872.703,0.57,,14.1,,,20120812,A,O,P34,13.56,13.56,feldpausch_regional,0.18,default,0.0,14.1,13.56,14.1,True,O,13.56,feldpausch,14.1,13.56,0.5518,45.585,33.7821,33.7821,45.585,33.7821,33.7821,
SFX_A02,59,Pourouma minor,Urticaceae,411967.1239,9269872.003,0.44,,31.9,,,20120812,A,O,P34,22.95,22.95,feldpausch_regional,0.18,default,0.0,31.9,22.95,31.9,True,O,22.95,feldpausch,31.9,22.95,0.436,374.9592,265.9262,265.9262,374.9592,265.9262,265.9262,
SFX_A02,61,Galipea trifoliata,NI,411957.1239,9269869.703,0.62,,10.0,,,20120812,A,O,P34,10.62,10.62,feldpausch_regional,0.18,default,0.0,10.0,10.62,10.0,True,O,10.62,feldpausch,10.0,10.62,0.997,18.3636,13.9133,13.9133,18.3636,13.9133,13.9133,
SFX_A02,62,Tetragastris altissima,Burseraceae,411956.7239,9269866.703,0.71,,28.0,,,20120812,A,O,P34,21.23,21.23,feldpausch_regional,0.18,default,0.0,28.0,21.23,28.0,True,O,21.23,feldpausch,28.0,21.23,0.7079,269.4116,192.2298,192.2298,269.4116,192.2298,192.2298,
SFX_A02,63,,,411956.7239,9269866.703,,0.020032819,28.0,,,20120812,A,L,P34,21.23,21.23,feldpausch_regional,0.18,default,0.0,28.0,21.23,28.0,True,L,21.23,feldpausch,28.0,21.23,0.7175,269.4116,192.2298,192.2298,269.4116,192.2298,192.2298,
SFX_A02,64,NI,NI,411960.1239,9269866.703,0.62,,14.1,,,20120812,A,O,P34,13.56,13.56,feldpausch_regional,0.18,default,0.0,14.1,13.56,14.1,True,O,13.56,feldpausch,14.1,13.56,0.7175,45.585,33.7821,33.7821,45.585,33.7821,33.7821,
SFX_A02,65,Guarea guidonia,Meliaceae,411961.1239,9269867.703,0.55,,19.2,,,20120812,A,O,P34,16.71,16.71,feldpausch_regional,0.18,default,0.0,19.2,16.71,19.2,True,O,16.71,feldpausch,19.2,16.71,0.5651,102.115,74.3116,74.3116,102.115,74.3116,74.3116,
SFX_A02,66,Galipea trifoliata,NI,411964.1239,9269865.703,0.62,,12.4,,,20120812,A,O,P34,12.39,12.39,feldpausch_regional,0.18,default,0.0,12.4,12.39,12.4,True,O,12.39,feldpausch,12.4,12.39,0.997,32.4831,24.2681,24.2681,32.4831,24.2681,24.2681,
SFX_A02,67,,,411965.1239,9269864.703,0.6,,15.2,,,20120812,D,o,P34,14.28,14.28,feldpausch_regional,0.18,default,0.0,15.2,14.28,15.2,False,O,14.28,feldpausch,15.2,14.28,0.7175,55.518,55.518,66.1015,55.518,55.518,66.1015,
SFX_A02,68,Guarea guidonia,Meliaceae,411964.1239,9269863.903,0.55,0.087907574,15.7,12.79,7.08,20120812,A,O,P34,14.6,14.6,feldpausch_regional,0.18,default,0.0,15.7,14.6,15.7,True,O,12.79,measured,15.7,12.79,0.5651,53.1083,39.9281,39.9281,53.1083,39.9281,39.9281,
SFX_A02,69,Galipea trifoliata,NI,411953.1239,9269862.703,0.62,0.058540829,12.2,12.46,9.35,20120812,A,O,P34,12.25,12.25,feldpausch_regional,0.18,default,0.0,12.2,12.25,12.2,True,O,12.46,measured,12.2,12.46,0.997,31.6418,23.6,23.6,31.6418,23.6,23.6,
SFX_A02,70,Xylopia nitida,Annonaceae,411953.3239,9269861.703,0.55,,22.3,,,20120812,A,O,P34,18.42,18.42,feldpausch_regional,0.18,default,0.0,22.3,18.42,22.3,True,O,18.42,feldpausch,22.3,18.42,0.5483,150.4092,108.5616,108.5616,150.4092,108.5616,108.5616,
SFX_A02,71,Annona sp.,Annonaceae,411954.1239,9269860.103,0.41,,10.4,,,20120812,A,O,P34,10.93,10.93,feldpausch_regional,0.18,default,0.0,10.4,10.93,10.4,True,O,10.93,feldpausch,10.4,10.93,0.5112,20.3893,15.407,15.407,20.3893,15.407,15.407,
SFX_A02,72,Vitex triflora,Lamiaceae,411954.2239,9269859.803,0.56,,13.3,,,20120812,A,O,P34,13.02,13.02,feldpausch_regional,0.18,default,0.0,13.3,13.02,13.3,True,O,13.02,feldpausch,13.3,13.02,0.5482,39.0912,29.0747,29.0747,39.0912,29.0747,29.0747,
SFX_A02,73,Theobroma glaucum,Malvaceae,411952.3239,9269859.803,0.53,,10.3,,,20120812,A,O,P34,10.85,10.85,feldpausch_regional,0.18,default,0.0,10.3,10.85,10.3,True,O,10.85,feldpausch,10.3,10.85,0.5297,19.8654,15.0216,15.0216,19.8654,15.0216,15.0216,
SFX_A02,74,Guazuma ulmifolia,Malvaceae,411962.1239,9269859.703,0.5,1.338539533,49.0,21.7,13.6,20120812,A,O,P34,28.99,28.99,feldpausch_regional,0.18,default,0.0,49.0,28.99,49.0,True,O,21.7,measured,49.0,21.7,0.5188,820.5558,599.3433,599.3433,820.5558,599.3433,599.3433,
SFX_A02,75,Galipea trifoliata,NI,411965.1239,9269859.703,0.62,,14.0,,,20120812,A,O,P34,13.49,13.49,feldpausch_regional,0.18,default,0.0,14.0,13.49,14.0,True,O,13.49,feldpausch,14.0,13.49,0.997,44.7295,33.1639,33.1639,44.7295,33.1639,33.1639,
SFX_A02,76,Galipea trifoliata,NI,411970.1239,9269861.703,0.62,,10.9,,,20120812,A,O,P34,11.3,11.3,feldpausch_regional,0.18,default,0.0,10.9,11.3,10.9,True,O,11.3,feldpausch,10.9,11.3,0.997,23.0846,17.3912,17.3912,23.0846,17.3912,17.3912,
SFX_A02,77,Cordia scabrifolia,Boraginaceae,411973.1239,9269860.703,0.47,,27.4,,,20120812,A,O,P34,20.95,20.95,feldpausch_regional,0.18,default,0.0,27.4,20.95,27.4,True,O,20.95,feldpausch,27.4,20.95,0.474,254.9326,182.0913,182.0913,254.9326,182.0913,182.0913,
SFX_A02,78,Eschweilera parviflora,Lecythidaceae,411972.1239,9269858.703,0.89,,20.2,,,20120812,A,O,P34,17.28,17.28,feldpausch_regional,0.18,default,0.0,20.2,17.28,20.2,True,O,17.28,feldpausch,20.2,17.28,0.918,116.5063,84.5421,84.5421,116.5063,84.5421,84.5421,
SFX_A02,79,Galipea trifoliata,NI,411973.1239,9269858.403,0.62,0.110189063,14.4,16.84,6.35,20120812,A,O,P34,13.76,13.76,feldpausch_regional,0.18,default,0.0,14.4,13.76,14.4,True,O,16.84,measured,14.4,16.84,0.997,58.6805,42.0661,42.0661,58.6805,42.0661,42.0661,
SFX_A02,80,Galipea trifoliata,NI,411971.1239,9269856.103,0.62,,12.4,,,20120812,A,O,P34,12.39,12.39,feldpausch_regional,0.18,default,0.0,12.4,12.39,12.4,True,O,12.39,feldpausch,12.4,12.39,0.997,32.4831,24.2681,24.2681,32.4831,24.2681,24.2681,
SFX_A02,81,Zollernia paraensis,Fabaceae,411953.9239,9269856.603,0.99,,14.8,,,20120812,A,O,P34,14.02,14.02,feldpausch_regional,0.18,default,0.0,14.8,14.02,14.8,True,O,14.02,feldpausch,14.8,14.02,0.99,51.7652,38.2492,38.2492,51.7652,38.2492,38.2492,
SFX_A02,82,Galipea trifoliata,NI,411959.1239,9269856.403,0.62,,15.5,,,20120812,A,O,P34,14.47,14.47,feldpausch_regional,0.18,default,0.0,15.5,14.47,15.5,True,O,14.47,feldpausch,15.5,14.47,0.997,58.4259,43.0513,43.0513,58.4259,43.0513,43.0513,
SFX_A02,83,Theobroma glaucum,Malvaceae,411959.1239,9269856.303,0.53,,10.3,,,20120812,A,O,P34,10.85,10.85,feldpausch_regional,0.18,default,0.0,10.3,10.85,10.3,True,O,10.85,feldpausch,10.3,10.85,0.5297,19.8654,15.0216,15.0216,19.8654,15.0216,15.0216,
SFX_A02,84,Swartzia corrugata,Fabaceae,411959.7239,9269855.903,1.06,,15.8,,,20120812,A,O,P34,14.66,14.66,feldpausch_regional,0.18,default,0.0,15.8,14.66,15.8,True,O,14.66,feldpausch,15.8,14.66,1.0565,61.4308,45.2138,45.2138,61.4308,45.2138,45.2138,
SFX_A02,85,Minquartia guianensis,Olacaceae,411960.1239,9269855.103,0.77,,11.6,,,20120812,A,O,P34,11.82,11.82,feldpausch_regional,0.18,default,0.0,11.6,11.82,11.6,True,O,11.82,feldpausch,11.6,11.82,0.7867,27.2369,20.4351,20.4351,27.2369,20.4351,20.4351,
SFX_A02,86,,,411958.1239,9269855.703,0.45,,26.5,,,20120812,D,o,P34,20.53,20.53,feldpausch_regional,0.18,default,0.0,26.5,20.53,26.5,False,O,20.53,feldpausch,26.5,20.53,0.7175,234.1684,234.1684,278.8082,234.1684,234.1684,278.8082,
SFX_A02,87,Galipea trifoliata,NI,411957.1239,9269853.403,0.62,,11.5,,,20120812,A,O,P34,11.75,11.75,feldpausch_regional,0.18,default,0.0,11.5,11.75,11.5,True,O,11.75,feldpausch,11.5,11.75,0.997,26.6256,19.9869,19.9869,26.6256,19.9869,19.9869,
SFX_A02,88,Pouteria gongrijpii,Sapotaceae,411960.1239,9269851.703,0.8,,19.3,,,20120812,A,O,P34,16.77,16.77,feldpausch_regional,0.18,default,0.0,19.3,16.77,19.3,True,O,16.77,feldpausch,19.3,16.77,0.7994,103.5173,75.3082,75.3082,103.5173,75.3082,75.3082,
SFX_A02,89,,,411962.1239,9269849.703,0.6,,25.3,,,20120812,D,o,P34,19.95,19.95,feldpausch_regional,0.18,default,0.0,25.3,19.95,25.3,False,O,19.95,feldpausch,25.3,19.95,0.7175,208.0157,208.0157,247.67,208.0157,208.0157,247.67,
SFX_A02,90,Galipea trifoliata,NI,411966.1239,9269849.703,0.62,,14.8,,,20120812,A,O,P34,14.02,14.02,feldpausch_regional,0.18,default,0.0,14.8,14.02,14.8,True,O,14.02,feldpausch,14.8,14.02,0.997,51.7652,38.2492,38.2492,51.7652,38.2492,38.2492,
SFX_A02,91,Guarea guidonia,Meliaceae,411959.1239,9269848.703,0.55,,12.2,,,20120812,A,O,P34,12.25,12.25,feldpausch_regional,0.18,default,0.0,12.2,12.25,12.2,True,O,12.25,feldpausch,12.2,12.25,0.5651,31.1212,23.2742,23.2742,31.1212,23.2742,23.2742,
SFX_A02,92,Tetragastris altissima,Burseraceae,411960.1239,9269848.003,0.71,0.093958938,16.7,9.35,5.39,20120812,A,O,P34,15.22,15.22,feldpausch_regional,0.18,default,0.0,16.7,15.22,16.7,True,O,9.35,measured,16.7,9.35,0.7079,44.1281,34.9636,34.9636,44.1281,34.9636,34.9636,
SFX_A02,93,Helicostylis sp.,Moraceae,411957.1239,9269847.803,0.65,,13.6,,,20120812,A,O,P34,13.22,13.22,feldpausch_regional,0.18,default,0.0,13.6,13.22,13.6,True,O,13.22,feldpausch,13.6,13.22,0.643,41.4429,30.7826,30.7826,41.4429,30.7826,30.7826,
SFX_A02,94,Theobroma glaucum,Malvaceae,411956.3239,9269846.303,0.53,,15.0,,,20120812,A,O,P34,14.15,14.15,feldpausch_regional,0.18,default,0.0,15.0,14.15,15.0,True,O,14.15,feldpausch,15.0,14.15,0.5297,53.6203,39.5877,39.5877,53.6203,39.5877,39.5877,
SFX_A02,95,Neea oppositifolia,Nyctaginaceae,411952.2239,9269848.103,0.89,,24.4,,,20120812,A,O,P34,19.5,19.5,feldpausch_regional,0.18,default,0.0,24.4,19.5,24.4,True,O,19.5,feldpausch,24.4,19.5,0.893,189.5481,136.1719,136.1719,189.5481,136.1719,136.1719,
SFX_A02,96,Lacunaria jenmanii,Quiinaceae,411953.1239,9269839.703,0.8,,10.6,,,20120812,A,O,P34,11.08,11.08,feldpausch_regional,0.18,default,0.0,10.6,11.08,10.6,True,O,11.08,feldpausch,10.6,11.08,0.8043,21.4451,16.1847,16.1847,21.4451,16.1847,16.1847,
SFX_A02,1,Pourouma minor,Urticaceae,412009.3065,9269533.947,0.44,,29.1,,,20120812,A,O,P35,21.73,21.73,feldpausch_regional,0.18,default,0.0,29.1,21.73,29.1,True,O,21.73,feldpausch,29.1,21.73,0.436,297.1325,211.6217,211.6217,297.1325,211.6217,211.6217,
SFX_A02,2,Protium heptaphyllum,Burseraceae,412009.3065,9269538.547,0.62,,11.1,,,20120812,A,O,P35,11.45,11.45,feldpausch_regional,0.18,default,0.0,11.1,11.45,11.1,True,O,11.45,feldpausch,11.1,11.45,0.6293,24.2284,18.2309,18.2309,24.2284,18.2309,18.2309,
SFX_A02,3,Inga marginata,Fabaceae,412006.3065,9269533.847,0.57,,10.0,,,20120812,A,O,P35,10.62,10.62,feldpausch_regional,0.18,default,0.0,10.0,10.62,10.0,True,O,10.62,feldpausch,10.0,10.62,0.5518,18.3636,13.9133,13.9133,18.3636,13.9133,13.9133,
SFX_A02,4,Mimosa hostilis,Fabaceae,412003.3065,9269532.947,0.45,1.076591496,42.0,26.65,19.28,20120812,A,O,P35,26.77,26.77,feldpausch_regional,0.18,default,0.0,42.0,26.77,42.0,True,O,26.65,measured,42.0,26.65,0.8235,742.2048,520.9288,520.9288,742.2048,520.9288,520.9288,
SFX_A02,5,Galipea trifoliata,NI,412008.3065,9269532.247,0.62,,10.0,,,20120812,A,O,P35,10.62,10.62,feldpausch_regional,0.18,default,0.0,10.0,10.62,10.0,True,O,10.62,feldpausch,10.0,10.62,0.997,18.3636,13.9133,13.9133,18.3636,13.9133,13.9133,
SFX_A02,6,Neea oppositifolia,Nyctaginaceae,412004.3065,9269532.247,0.89,,11.1,,,20120812,A,O,P35,11.45,11.45,feldpausch_regional,0.18,default,0.0,11.1,11.45,11.1,True,O,11.45,feldpausch,11.1,11.45,0.893,24.2284,18.2309,18.2309,24.2284,18.2309,18.2309,
SFX_A02,7,Theobroma glaucum,Malvaceae,412006.3065,9269530.547,0.53,,12.6,,,20120812,A,O,P35,12.53,12.53,feldpausch_regional,0.18,default,0.0,12.6,12.53,12.6,True,O,12.53,feldpausch,12.6,12.53,0.5297,33.8832,25.2886,25.2886,33.8832,25.2886,25.2886,
SFX_A02,8,Inga marginata,Fabaceae,412009.3065,9269528.147,0.57,,20.0,,,20120812,A,O,P35,17.17,17.17,feldpausch_regional,0.18,default,0.0,20.0,17.17,20.0,True,O,17.17,feldpausch,20.0,17.17,0.5518,113.5552,82.4445,82.4445,113.5552,82.4445,82.4445,
SFX_A02,9,Virola melinoni,Myristicaceae,412002.3065,9269529.547,0.48,,16.2,,,20120812,A,O,P35,14.91,14.91,feldpausch_regional,0.18,default,0.0,16.2,14.91,16.2,True,O,14.91,feldpausch,16.2,14.91,0.4734,65.5765,48.1941,48.1941,65.5765,48.1941,48.1941,
SFX_A02,10,Couepia racemosa,Chrysobalanaceae,412002.3065,9269529.347,0.79,,12.5,,,20120812,A,O,P35,12.46,12.46,feldpausch_regional,0.18,default,0.0,12.5,12.46,12.5,True,O,12.46,feldpausch,12.5,12.46,0.7861,33.1783,24.775,24.775,33.1783,24.775,24.775,
SFX_A02,11,Pouteria sp.,Sapotaceae,412003.3065,9269528.747,0.78,0.084910675,11.9,15.07,12.0,20120812,A,O,P35,12.03,12.03,feldpausch_regional,0.18,default,0.0,11.9,12.03,11.9,True,O,15.07,measured,11.9,15.07,0.7187,36.2883,26.2331,26.2331,36.2883,26.2331,26.2331,
SFX_A02,12,Mimosa hostilis,Fabaceae,412003.3065,9269524.747,0.45,0.820103088,37.9,24.93,17.98,20120812,A,O,P35,25.31,25.31,feldpausch_regional,0.18,default,0.0,37.9,25.31,37.9,True,O,24.93,measured,37.9,24.93,0.8235,569.0696,401.6583,401.6583,569.0696,401.6583,401.6583,
SFX_A02,13,Ocotea sp.,Lauraceae,412010.3065,9269524.647,0.5,,10.9,,,20120812,A,O,P35,11.3,11.3,feldpausch_regional,0.18,default,0.0,10.9,11.3,10.9,True,O,11.3,feldpausch,10.9,11.3,0.5245,23.0846,17.3912,17.3912,23.0846,17.3912,17.3912,
SFX_A02,14,NI,NI,412012.0065,9269524.447,0.62,,14.7,,,20120812,A,O,P35,13.95,13.95,feldpausch_regional,0.18,default,0.0,14.7,13.95,14.7,True,O,13.95,feldpausch,14.7,13.95,0.7175,50.8357,37.5799,37.5799,50.8357,37.5799,37.5799,
SFX_A02,15,Galipea trifoliata,NI,412003.3065,9269521.147,0.62,,14.8,,,20120812,A,O,P35,14.02,14.02,feldpausch_regional,0.18,default,0.0,14.8,14.02,14.8,True,O,14.02,feldpausch,14.8,14.02,0.997,51.7652,38.2492,38.2492,51.7652,38.2492,38.2492,
SFX_A02,16,Protium heptaphyllum,Burseraceae,412000.3065,9269521.547,0.62,,12.1,,,20120812,A,O,P35,12.18,12.18,feldpausch_regional,0.18,default,0.0,12.1,12.18,12.1,True,O,12.18,feldpausch,12.1,12.18,0.6293,30.4544,22.7871,22.7871,30.4544,22.7871,22.7871,
SFX_A02,17,NI,NI,411996.3065,9269521.347,0.62,,20.5,,,20120812,A,O,P35,17.45,17.45,feldpausch_regional,0.18,default,0.0,20.5,17.45,20.5,True,O,17.45,feldpausch,20.5,17.45,0.7175,121.0589,87.772,87.772,121.0589,87.772,87.772,
SFX_A02,18,Lecythis pisonis,Lecythidaceae,411994.3065,9269518.547,0.85,,18.7,,,20120812,A,O,P35,16.42,16.42,feldpausch_regional,0.18,default,0.0,18.7,16.42,18.7,True,O,16.42,feldpausch,18.7,16.42,0.857,95.3454,69.4893,69.4893,95.3454,69.4893,69.4893,
SFX_A02,19,Pourouma minor,Urticaceae,411993.3065,9269518.547,0.44,,11.6,,,20120812,A,O,P35,11.82,11.82,feldpausch_regional,0.18,default,0.0,11.6,11.82,11.6,True,O,11.82,feldpausch,11.6,11.82,0.436,27.2369,20.4351,20.4351,27.2369,20.4351,20.4351,
SFX_A02,20,Protium heptaphyllum,Burseraceae,411990.3065,9269520.047,0.62,,12.5,,,20120812,A,O,P35,12.46,12.46,feldpausch_regional,0.18,default,0.0,12.5,12.46,12.5,True,O,12.46,feldpausch,12.5,12.46,0.6293,33.1783,24.775,24.775,33.1783,24.775,24.775,
SFX_A02,21,Zollernia paraensis,Fabaceae,412004.3065,9269519.547,0.99,,11.0,,,20120812,A,O,P35,11.38,11.38,feldpausch_regional,0.18,default,0.0,11.0,11.38,11.0,True,O,11.38,feldpausch,11.0,11.38,0.99,23.6621,17.8143,17.8143,23.6621,17.8143,17.8143,
SFX_A02,22,Attalea maripa,Arecaceae,412007.3065,9269518.247,,0.17560522,29.8,18.12,10.43,20120812,A,P,P35,22.04,22.04,feldpausch_regional,0.18,default,0.0,29.8,22.04,29.8,True,P,18.12,measured,29.8,18.12,0.326,260.6713,,,260.6713,,,
SFX_A02,23,Protium heptaphyllum,Burseraceae,412004.3065,9269515.047,0.62,,10.5,,,20120812,A,O,P35,11.0,11.0,feldpausch_regional,0.18,default,0.0,10.5,11.0,10.5,True,O,11.0,feldpausch,10.5,11.0,0.6293,20.9036,15.7869,15.7869,20.9036,15.7869,15.7869,
SFX_A02,24,Inga marginata,Fabaceae,412006.3065,9269513.247,0.57,,14.4,,,20120812,A,O,P35,13.76,13.76,feldpausch_regional,0.18,default,0.0,14.4,13.76,14.4,True,O,13.76,feldpausch,14.4,13.76,0.5518,48.181,35.6594,35.6594,48.181,35.6594,35.6594,
SFX_A02,25,Galipea trifoliata,NI,412003.3065,9269511.547,0.62,,10.9,,,20120812,A,O,P35,11.3,11.3,feldpausch_regional,0.18,default,0.0,10.9,11.3,10.9,True,O,11.3,feldpausch,10.9,11.3,0.997,23.0846,17.3912,17.3912,23.0846,17.3912,17.3912,
SFX_A02,26,,,412010.0065,9269511.247,0.45,,13.8,,,20120812,D,o,P35,13.36,13.36,feldpausch_regional,0.18,default,0.0,13.8,13.36,13.8,False,O,13.36,feldpausch,13.8,13.36,0.7175,43.0816,43.0816,51.2943,43.0816,43.0816,51.2943,
SFX_A02,27,Theobroma glaucum,Malvaceae,412010.0065,9269508.547,0.53,,13.0,,,20120812,A,O,P35,12.81,12.81,feldpausch_regional,0.18,default,0.0,13.0,12.81,13.0,True,O,12.81,feldpausch,13.0,12.81,0.5297,36.7999,27.4108,27.4108,36.7999,27.4108,27.4108,
SFX_A02,29,Astrocaryum aculeatum,Arecaceae,411992.3065,9269508.547,,0.099111194,21.9,,,20120812,A,P,P35,18.21,18.21,feldpausch_regional,0.18,default,0.0,21.9,18.21,21.9,True,P,18.21,feldpausch,21.9,18.21,0.508,143.5721,,,143.5721,,,
SFX_A02,30,Pourouma minor,Urticaceae,411997.3065,9269505.547,0.44,,25.5,,,20120812,A,O,P35,20.05,20.05,feldpausch_regional,0.18,default,0.0,25.5,20.05,25.5,True,O,20.05,feldpausch,25.5,20.05,0.436,212.271,152.1491,152.1491,212.271,152.1491,152.1491,
SFX_A02,31,Apeiba echinata,Malvaceae,411998.3065,9269503.547,0.28,,28.8,,,20120812,A,O,P35,21.59,21.59,feldpausch_regional,0.18,default,0.0,28.8,21.59,28.8,True,O,21.59,feldpausch,28.8,21.59,0.2822,289.3513,206.1879,206.1879,289.3513,206.1879,206.1879,
SFX_A02,32,Virola melinoni,Myristicaceae,411999.3065,9269507.547,0.48,,10.5,,,20120812,A,O,P35,11.0,11.0,feldpausch_regional,0.18,default,0.0,10.5,11.0,10.5,True,O,11.0,feldpausch,10.5,11.0,0.4734,20.9036,15.7869,15.7869,20.9036,15.7869,15.7869,
SFX_A02,33,NI,NI,412008.3065,9269506.547,0.62,,20.7,,,20120812,A,O,P35,17.56,17.56,feldpausch_regional,0.18,default,0.0,20.7,17.56,20.7,True,O,17.56,feldpausch,20.7,17.56,0.7175,124.134,89.9542,89.9542,124.134,89.9542,89.9542,
SFX_A02,34,,,412011.3065,9269503.547,0.28,,29.3,,,20120812,D,o,P35,21.82,21.82,feldpausch_regional,0.18,default,0.0,29.3,21.82,29.3,False,O,21.82,feldpausch,29.3,21.82,0.7175,302.349,302.349,359.9861,302.349,302.349,359.9861,
SFX_A02,35,Theobroma glaucum,Malvaceae,412008.3065,9269503.247,0.53,,11.0,,,20120812,A,O,P35,11.38,11.38,feldpausch_regional,0.18,default,0.0,11.0,11.38,11.0,True,O,11.38,feldpausch,11.0,11.38,0.5297,23.6621,17.8143,17.8143,23.6621,17.8143,17.8143,
SFX_A02,36,Tetragastris altissima,Burseraceae,412006.1065,9269504.547,0.71,,13.0,,,20120812,A,O,P35,12.81,12.81,feldpausch_regional,0.18,default,0.0,13.0,12.81,13.0,True,O,12.81,feldpausch,13.0,12.81,0.7079,36.7999,27.4108,27.4108,36.7999,27.4108,27.4108,
SFX_A02,37,Protium heptaphyllum,Burseraceae,412006.7065,9269504.547,0.62,,19.4,,,20120812,A,O,P35,16.83,16.83,feldpausch_regional,0.18,default,0.0,19.4,16.83,19.4,True,O,16.83,feldpausch,19.4,16.83,0.6293,104.932,76.3132,76.3132,104.932,76.3132,76.3132,
SFX_A02,38,NI,NI,412008.7065,9269500.547,0.62,,10.9,,,20120812,A,O,P35,11.3,11.3,feldpausch_regional,0.18,default,0.0,10.9,11.3,10.9,True,O,11.3,feldpausch,10.9,11.3,0.7175,23.0846,17.3912,17.3912,23.0846,17.3912,17.3912,
SFX_A02,39,Guarea guidonia,Meliaceae,412007.3065,9269498.547,0.55,,12.2,,,20120812,A,O,P35,12.25,12.25,feldpausch_regional,0.18,default,0.0,12.2,12.25,12.2,True,O,12.25,feldpausch,12.2,12.25,0.5651,31.1212,23.2742,23.2742,31.1212,23.2742,23.2742,
SFX_A02,40,Astronium gracile,Anacardiaceae,412011.3065,9269496.547,0.73,,30.6,,,20120812,A,O,P35,22.39,22.39,feldpausch_regional,0.18,default,0.0,30.6,22.39,30.6,True,O,22.39,feldpausch,30.6,22.39,0.73,337.4751,239.7986,239.7986,337.4751,239.7986,239.7986,
SFX_A02,41,Helicostylis sp.,Moraceae,412008.3065,9269497.247,0.65,,14.3,,,20120812,A,O,P35,13.69,13.69,feldpausch_regional,0.18,default,0.0,14.3,13.69,14.3,True,O,13.69,feldpausch,14.3,13.69,0.643,47.294,35.0195,35.0195,47.294,35.0195,35.0195,
SFX_A02,42,NI,NI,412006.3065,9269497.247,0.62,,16.9,,,20120812,A,O,P35,15.35,15.35,feldpausch_regional,0.18,default,0.0,16.9,15.35,16.9,True,O,15.35,feldpausch,16.9,15.35,0.7175,73.2719,53.7118,53.7118,73.2719,53.7118,53.7118,
SFX_A02,44,Ormosia grossa,Fabaceae,412018.3065,9269533.547,0.62,0.2668334,21.4,18.44,7.87,20120812,A,O,P35,17.94,17.94,feldpausch_regional,0.18,default,0.0,21.4,17.94,21.4,True,O,18.44,measured,21.4,18.44,0.5906,138.9348,100.0644,100.0644,138.9348,100.0644,100.0644,
SFX_A02,45,Attalea maripa,Arecaceae,412014.3065,9269528.547,,0.166951727,29.0,22.29,14.6,20120812,A,P,P35,21.68,21.68,feldpausch_regional,0.18,default,0.0,29.0,21.68,29.0,True,P,22.29,measured,29.0,22.29,0.326,302.5638,,,302.5638,,,
SFX_A02,46,Poecilanthe effusa,Fabaceae,412014.9065,9269528.547,0.71,,14.1,,,20120812,A,O,P35,13.56,13.56,feldpausch_regional,0.18,default,0.0,14.1,13.56,14.1,True,O,13.56,feldpausch,14.1,13.56,0.7125,45.585,33.7821,33.7821,45.585,33.7821,33.7821,
SFX_A02,47,Zollernia paraensis,Fabaceae,412017.5065,9269527.547,0.99,,13.7,,,20120812,A,O,P35,13.29,13.29,feldpausch_regional,0.18,default,0.0,13.7,13.29,13.7,True,O,13.29,feldpausch,13.7,13.29,0.99,42.2571,31.3721,31.3721,42.2571,31.3721,31.3721,
SFX_A02,48,Poecilanthe effusa,Fabaceae,412022.3065,9269529.047,0.71,,15.9,,,20120812,A,O,P35,14.73,14.73,feldpausch_regional,0.18,default,0.0,15.9,14.73,15.9,True,O,14.73,feldpausch,15.9,14.73,0.7125,62.4818,45.9667,45.9667,62.4818,45.9667,45.9667,
SFX_A02,49,Xylopia nitida,Annonaceae,412023.3065,9269526.347,0.55,,11.2,,,20120812,A,O,P35,11.53,11.53,feldpausch_regional,0.18,default,0.0,11.2,11.53,11.2,True,O,11.53,feldpausch,11.2,11.53,0.5483,24.8245,18.6669,18.6669,24.8245,18.6669,18.6669,
SFX_A02,51,Abarema jupunba,Fabaceae,412016.3065,9269524.547,0.59,0.683838089,36.4,17.33,7.82,20120812,A,O,P35,24.75,24.75,feldpausch_regional,0.18,default,0.0,36.4,24.75,36.4,True,O,17.33,measured,36.4,17.33,0.5851,368.806,275.169,275.169,368.806,275.169,275.169,
SFX_A02,52,Licania heteromorpha,Chrysobalanaceae,412016.3065,9269523.547,0.82,,13.3,,,20120812,A,O,P35,13.02,13.02,feldpausch_regional,0.18,default,0.0,13.3,13.02,13.3,True,O,13.02,feldpausch,13.3,13.02,0.8164,39.0912,29.0747,29.0747,39.0912,29.0747,29.0747,
SFX_A02,54,Zollernia paraensis,Fabaceae,412032.3065,9269521.547,0.99,,15.4,,,20120812,A,O,P35,14.41,14.41,feldpausch_regional,0.18,default,0.0,15.4,14.41,15.4,True,O,14.41,feldpausch,15.4,14.41,0.99,57.4589,42.3534,42.3534,57.4589,42.3534,42.3534,
SFX_A02,55,Laetia procera,Salicaceae,412030.3065,9269520.547,0.63,,30.9,,,20120812,A,O,P35,22.52,22.52,feldpausch_regional,0.18,default,0.0,30.9,22.52,30.9,True,O,22.52,feldpausch,30.9,22.52,0.6481,345.9126,245.6843,245.6843,345.9126,245.6843,245.6843,
SFX_A02,56,,,412034.3065,9269518.547,0.6,,18.0,,,20120812,D,o,P35,16.01,16.01,feldpausch_regional,0.18,default,0.0,18.0,16.01,18.0,False,O,16.01,feldpausch,18.0,16.01,0.7175,86.3453,86.3453,102.8054,86.3453,86.3453,102.8054,
SFX_A02,57,Guarea guidonia,Meliaceae,412030.3065,9269517.247,0.55,,19.1,,,20120812,A,O,P35,16.65,16.65,feldpausch_regional,0.18,default,0.0,19.1,16.65,19.1,True,O,16.65,feldpausch,19.1,16.65,0.5651,100.7252,73.3235,73.3235,100.7252,73.3235,73.3235,
SFX_A02,58,Poeppigia sp.,Fabaceae,412026.3065,9269517.547,0.69,,31.0,,,20120812,A,O,P35,22.56,22.56,feldpausch_regional,0.18,default,0.0,31.0,22.56,31.0,True,O,22.56,feldpausch,31.0,22.56,0.735,348.7046,247.6363,247.6363,348.7046,247.6363,247.6363,
SFX_A02,59,Virola melinoni,Myristicaceae,412018.3065,9269517.147,0.48,0.102449135,17.4,13.96,7.46,20120812,A,O,P35,15.65,15.65,feldpausch_regional,0.18,default,0.0,17.4,15.65,17.4,True,O,13.96,measured,17.4,13.96,0.4734,70.7003,52.6835,52.6835,70.7003,52.6835,52.6835,
SFX_A02,60,,,412019.3065,9269516.247,0.58,0.101741296,20.1,11.09,,20120812,D,o,P35,17.22,17.22,feldpausch_regional,0.18,default,0.0,20.1,17.22,20.1,False,O,11.09,measured,20.1,11.09,0.7175,74.8432,74.8432,89.1107,74.8432,74.8432,89.1107,
SFX_A02,61,Attalea maripa,Arecaceae,412016.3065,9269514.747,,0.13340242,25.7,17.22,5.4,20120812,A,P,P35,20.14,20.14,feldpausch_regional,0.18,default,0.0,25.7,20.14,25.7,True,P,17.22,measured,25.7,17.22,0.326,185.7884,,,185.7884,,,
SFX_A02,62,Poecilanthe effusa,Fabaceae,412032.3065,9269514.647,0.71,,29.8,,,20120812,A,O,P35,22.04,22.04,feldpausch_regional,0.18,default,0.0,29.8,22.04,29.8,True,O,22.04,feldpausch,29.8,22.04,0.7125,315.577,224.5118,224.5118,315.577,224.5118,224.5118,
SFX_A02,63,Poecilanthe effusa,Fabaceae,412033.3065,9269513.547,0.71,,11.8,,,20120812,A,O,P35,11.96,11.96,feldpausch_regional,0.18,default,0.0,11.8,11.96,11.8,True,O,11.96,feldpausch,11.8,11.96,0.7125,28.4866,21.3505,21.3505,28.4866,21.3505,21.3505,
SFX_A02,64,Pourouma minor,Urticaceae,412028.3065,9269513.547,0.44,,38.9,,,20120812,A,O,P35,25.68,25.68,feldpausch_regional,0.18,default,0.0,38.9,25.68,38.9,True,O,25.68,feldpausch,38.9,25.68,0.436,616.3211,433.5183,433.5183,616.3211,433.5183,433.5183,
SFX_A02,65,Socratea exorrhiza,Arecaceae,412025.3065,9269513.047,,0.033952526,12.3,,,20120812,A,P,P35,12.32,12.32,feldpausch_regional,0.18,default,0.0,12.3,12.32,12.3,True,P,12.32,feldpausch,12.3,12.32,0.23,31.7974,,,31.7974,,,
SFX_A02,66,,,412017.9065,9269513.547,0.7,,20.0,,,20120812,D,o,P35,17.17,17.17,feldpausch_regional,0.18,default,0.0,20.0,17.17,20.0,False,O,17.17,feldpausch,20.0,17.17,0.7175,113.5552,113.5552,135.2024,113.5552,113.5552,135.2024,
SFX_A02,67,Dialium guianense,Fabaceae,412012.6065,9269507.947,0.89,,10.5,,,20120812,A,O,P35,11.0,11.0,feldpausch_regional,0.18,default,0.0,10.5,11.0,10.5,True,O,11.0,feldpausch,10.5,11.0,0.8964,20.9036,15.7869,15.7869,20.9036,15.7869,15.7869,
SFX_A02,68,Inga marginata,Fabaceae,412021.3065,9269508.047,0.57,,12.0,,,20120812,A,O,P35,12.11,12.11,feldpausch_regional,0.18,default,0.0,12.0,12.11,12.0,True,O,12.11,feldpausch,12.0,12.11,0.5518,29.7969,22.3066,22.3066,29.7969,22.3066,22.3066,
SFX_A02,69,Galipea trifoliata,NI,412020.3065,9269505.547,0.62,,19.2,,,20120812,A,O,P35,16.71,16.71,feldpausch_regional,0.18,default,0.0,19.2,16.71,19.2,True,O,16.71,feldpausch,19.2,16.71,0.997,102.115,74.3116,74.3116,102.115,74.3116,74.3116,
SFX_A02,70,Poecilanthe effusa,Fabaceae,412025.3065,9269505.547,0.71,,17.9,,,20120812,A,O,P35,15.95,15.95,feldpausch_regional,0.18,default,0.0,17.9,15.95,17.9,True,O,15.95,feldpausch,17.9,15.95,0.7125,85.099,62.1761,62.1761,85.099,62.1761,62.1761,
SFX_A02,71,Poecilanthe effusa,Fabaceae,412024.3065,9269502.547,0.71,,15.4,,,20120812,A,O,P35,14.41,14.41,feldpausch_regional,0.18,default,0.0,15.4,14.41,15.4,True,O,14.41,feldpausch,15.4,14.41,0.7125,57.4589,42.3534,42.3534,57.4589,42.3534,42.3534,
SFX_A02,72,Ormosia grossa,Fabaceae,412018.1065,9269502.747,0.62,,11.9,,,20120812,A,O,P35,12.03,12.03,feldpausch_regional,0.18,default,0.0,11.9,12.03,11.9,True,O,12.03,feldpausch,11.9,12.03,0.5906,29.1251,21.8178,21.8178,29.1251,21.8178,21.8178,
SFX_A02,73,Vitex triflora,Lamiaceae,412017.0065,9269502.747,0.56,,28.0,,,20120812,A,O,P35,21.23,21.23,feldpausch_regional,0.18,default,0.0,28.0,21.23,28.0,True,O,21.23,feldpausch,28.0,21.23,0.5482,269.4116,192.2298,192.2298,269.4116,192.2298,192.2298,
SFX_A02,74,Sterculia pruriens,Malvaceae,412012.4065,9269501.547,0.49,,26.5,,,20120812,A,O,P35,20.53,20.53,feldpausch_regional,0.18,default,0.0,26.5,20.53,26.5,True,O,20.53,feldpausch,26.5,20.53,0.4862,234.1684,167.5272,167.5272,234.1684,167.5272,167.5272,
SFX_A02,75,Galipea trifoliata,NI,412014.9065,9269499.847,0.62,,15.8,,,20120812,A,O,P35,14.66,14.66,feldpausch_regional,0.18,default,0.0,15.8,14.66,15.8,True,O,14.66,feldpausch,15.8,14.66,0.997,61.4308,45.2138,45.2138,61.4308,45.2138,45.2138,
SFX_A02,76,Poecilanthe effusa,Fabaceae,412020.3065,9269499.547,0.71,0.077204614,15.6,8.75,4.48,20120812,A,O,P35,14.54,14.54,feldpausch_regional,0.18,default,0.0,15.6,14.54,15.6,True,O,8.75,measured,15.6,8.75,0.7125,36.2109,28.8982,28.8982,36.2109,28.8982,28.8982,
SFX_A02,77,Pouteria gongrijpii,Sapotaceae,412023.3065,9269499.547,0.8,,35.0,,,20120812,A,O,P35,24.21,24.21,feldpausch_regional,0.18,default,0.0,35.0,24.21,35.0,True,O,24.21,feldpausch,35.0,24.21,0.7994,473.4351,334.4285,334.4285,473.4351,334.4285,334.4285,
SFX_A02,78,Stryphnodendron paniculatum,Fabaceae,412023.5065,9269498.947,0.65,,11.6,,,20120812,A,O,P35,11.82,11.82,feldpausch_regional,0.18,default,0.0,11.6,11.82,11.6,True,O,11.82,feldpausch,11.6,11.82,0.6535,27.2369,20.4351,20.4351,27.2369,20.4351,20.4351,
SFX_A02,79,Poecilanthe effusa,Fabaceae,412023.5065,9269498.547,0.71,,12.7,,,20120812,A,O,P35,12.6,12.6,feldpausch_regional,0.18,default,0.0,12.7,12.6,12.7,True,O,12.6,feldpausch,12.7,12.6,0.7125,34.5977,25.8089,25.8089,34.5977,25.8089,25.8089,
SFX_A02,80,Annona sp.,Annonaceae,412021.9065,9269496.947,0.41,,14.3,,,20120812,A,O,P35,13.69,13.69,feldpausch_regional,0.18,default,0.0,14.3,13.69,14.3,True,O,13.69,feldpausch,14.3,13.69,0.5112,47.294,35.0195,35.0195,47.294,35.0195,35.0195,
SFX_A02,81,Licania octandra,Chrysobalanaceae,412013.0065,9269496.847,0.83,,14.5,,,20120812,A,O,P35,13.82,13.82,feldpausch_regional,0.18,default,0.0,14.5,13.82,14.5,True,O,13.82,feldpausch,14.5,13.82,0.825,49.0441,36.2853,36.2853,49.0441,36.2853,36.2853,
SFX_A02,82,NI,NI,412012.4065,9269490.547,0.62,0.144310002,48.8,40.7,26.67,20120812,A,O,P35,28.93,28.93,feldpausch_regional,0.18,default,0.0,48.8,28.93,48.8,True,O,40.7,measured,48.8,40.7,0.7175,1503.9047,994.3685,994.3685,1503.9047,994.3685,994.3685,
SFX_A02,83,,,412012.5065,9269490.547,,0.013730379,11.7,,,20120812,A,L,P35,11.89,11.89,feldpausch_regional,0.18,default,0.0,11.7,11.89,11.7,True,L,11.89,feldpausch,11.7,11.89,0.7175,27.8572,20.8896,20.8896,27.8572,20.8896,20.8896,
SFX_A02,84,Theobroma glaucum,Malvaceae,412015.3065,9269489.547,0.53,,11.7,,,20120812,A,O,P35,11.89,11.89,feldpausch_regional,0.18,default,0.0,11.7,11.89,11.7,True,O,11.89,feldpausch,11.7,11.89,0.5297,27.8572,20.8896,20.8896,27.8572,20.8896,20.8896,
SFX_A02,1,Jacaranda copaia,Bignoniaceae,412034.1349,9269366.944,0.35,,23.6,,,20120813,A,O,P36,19.1,19.1,feldpausch_regional,0.18,default,0.0,23.6,19.1,23.6,True,O,19.1,feldpausch,23.6,19.1,0.3507,174.0498,125.2474,125.2474,174.0498,125.2474,125.2474,
SFX_A02,2,,,412032.1349,9269366.644,0.28,,14.9,,,20120813,D,o,P36,14.08,14.08,feldpausch_regional,0.18,default,0.0,14.9,14.08,14.9,False,O,14.08,feldpausch,14.9,14.08,0.7175,52.6692,52.6692,62.7096,52.6692,52.6692,62.7096,
SFX_A02,3,Pourouma minor,Urticaceae,412031.1349,9269361.944,0.44,,11.4,,,20120813,A,O,P36,11.67,11.67,feldpausch_regional,0.18,default,0.0,11.4,11.67,11.4,True,O,11.67,feldpausch,11.4,11.67,0.436,26.0016,19.5314,19.5314,26.0016,19.5314,19.5314,
SFX_A02,4,Pourouma minor,Urticaceae,412030.8349,9269361.744,0.44,,18.8,,,20120813,A,O,P36,16.48,16.48,feldpausch_regional,0.18,default,0.0,18.8,16.48,18.8,True,O,16.48,feldpausch,18.8,16.48,0.436,96.6868,70.4443,70.4443,96.6868,70.4443,70.4443,
SFX_A02,5,Pterocarpus sp.,Fabaceae,412030.7349,9269361.644,0.51,,10.6,,,20120813,A,O,P36,11.08,11.08,feldpausch_regional,0.18,default,0.0,10.6,11.08,10.6,True,O,11.08,feldpausch,10.6,11.08,0.5838,21.4451,16.1847,16.1847,21.4451,16.1847,16.1847,
SFX_A02,6,NI,NI,412028.6349,9269357.944,0.62,,14.7,,,20120813,A,O,P36,13.95,13.95,feldpausch_regional,0.18,default,0.0,14.7,13.95,14.7,True,O,13.95,feldpausch,14.7,13.95,0.7175,50.8357,37.5799,37.5799,50.8357,37.5799,37.5799,
SFX_A02,7,Theobroma glaucum,Malvaceae,412030.8349,9269357.644,0.53,,10.4,,,20120813,A,O,P36,10.93,10.93,feldpausch_regional,0.18,default,0.0,10.4,10.93,10.4,True,O,10.93,feldpausch,10.4,10.93,0.5297,20.3893,15.407,15.407,20.3893,15.407,15.407,
SFX_A02,8,Nectandra cuspidata,Lauraceae,412032.8349,9269356.944,0.56,,29.1,,,20120813,A,O,P36,21.73,21.73,feldpausch_regional,0.18,default,0.0,29.1,21.73,29.1,True,O,21.73,feldpausch,29.1,21.73,0.518,297.1325,211.6217,211.6217,297.1325,211.6217,211.6217,
SFX_A02,9,NI,NI,412030.3349,9269352.744,0.62,0.219420786,17.0,24.06,10.41,20120813,A,O,P36,15.41,15.41,feldpausch_regional,0.18,default,0.0,17.0,15.41,17.0,True,O,24.06,measured,17.0,24.06,0.7175,114.9321,78.4977,78.4977,114.9321,78.4977,78.4977,
SFX_A02,10,NI,NI,412030.1349,9269357.744,0.62,,12.8,,,20120813,A,O,P36,12.67,12.67,feldpausch_regional,0.18,default,0.0,12.8,12.67,12.8,True,O,12.67,feldpausch,12.8,12.67,0.7175,35.3219,26.3361,26.3361,35.3219,26.3361,26.3361,
SFX_A02,11,Vatairea sp.,Fabaceae,412033.1349,9269348.644,0.67,,12.0,,,20120813,A,O,P36,12.11,12.11,feldpausch_regional,0.18,default,0.0,12.0,12.11,12.0,True,O,12.11,feldpausch,12.0,12.11,0.6785,29.7969,22.3066,22.3066,29.7969,22.3066,22.3066,
SFX_A02,12,Neea oppositifolia,Nyctaginaceae,412037.0349,9269346.544,0.89,,12.3,,,20120813,A,O,P36,12.32,12.32,feldpausch_regional,0.18,default,0.0,12.3,12.32,12.3,True,O,12.32,feldpausch,12.3,12.32,0.893,31.7974,23.7678,23.7678,31.7974,23.7678,23.7678,
SFX_A02,13,Euterpe oleracea,Arecaceae,412019.1349,9269347.444,,0.038167267,13.1,,,20120813,A,P,P36,12.88,12.88,feldpausch_regional,0.18,default,0.0,13.1,12.88,13.1,True,P,12.88,feldpausch,13.1,12.88,0.3877,37.5536,,,37.5536,,,
SFX_A02,14,Guarea guidonia,Meliaceae,412017.1349,9269346.944,0.55,,12.2,,,20120813,A,O,P36,12.25,12.25,feldpausch_regional,0.18,default,0.0,12.2,12.25,12.2,True,O,12.25,feldpausch,12.2,12.25,0.5651,31.1212,23.2742,23.2742,31.1212,23.2742,23.2742,
SFX_A02,15,Neea oppositifolia,Nyctaginaceae,412024.1349,9269346.144,0.89,,19.0,,,20120813,A,O,P36,16.6,16.6,feldpausch_regional,0.18,default,0.0,19.0,16.6,19.0,True,O,16.6,feldpausch,19.0,16.6,0.893,99.4061,72.3794,72.3794,99.4061,72.3794,72.3794,
SFX_A02,16,Cordia scabrifolia,Boraginaceae,412026.1349,9269345.944,0.47,,19.8,,,20120813,A,O,P36,17.05,17.05,feldpausch_regional,0.18,default,0.0,19.8,17.05,19.8,True,O,17.05,feldpausch,19.8,17.05,0.474,110.5896,80.3416,80.3416,110.5896,80.3416,80.3416,
SFX_A02,17,Galipea trifoliata,NI,412027.1349,9269344.544,0.62,,14.6,,,20120813,A,O,P36,13.89,13.89,feldpausch_regional,0.18,default,0.0,14.6,13.89,14.6,True,O,13.89,feldpausch,14.6,13.89,0.997,49.9522,36.9399,36.9399,49.9522,36.9399,36.9399,
SFX_A02,18,NI,NI,412028.1349,9269345.644,0.62,,11.3,,,20120813,A,O,P36,11.6,11.6,feldpausch_regional,0.18,default,0.0,11.3,11.6,11.3,True,O,11.6,feldpausch,11.3,11.6,0.7175,25.4086,19.096,19.096,25.4086,19.096,19.096,
SFX_A02,19,Pourouma minor,Urticaceae,412033.8349,9269340.944,0.44,,13.1,,,20120813,A,O,P36,12.88,12.88,feldpausch_regional,0.18,default,0.0,13.1,12.88,13.1,True,O,12.88,feldpausch,13.1,12.88,0.436,37.5536,27.9585,27.9585,37.5536,27.9585,27.9585,
SFX_A02,20,NI,NI,412032.8349,9269340.944,0.62,,28.8,,,20120813,A,O,P36,21.59,21.59,feldpausch_regional,0.18,default,0.0,28.8,21.59,28.8,True,O,21.59,feldpausch,28.8,21.59,0.7175,289.3513,206.1879,206.1879,289.3513,206.1879,206.1879,
SFX_A02,21,Bocageopsis pleiosperma,Annonaceae,412036.1349,9269339.944,0.64,,17.2,,,20120813,A,O,P36,15.53,15.53,feldpausch_regional,0.18,default,0.0,17.2,15.53,17.2,True,O,15.53,feldpausch,17.2,15.53,0.6402,76.7,56.1687,56.1687,76.7,56.1687,56.1687,
SFX_A02,22,Licania octandra,Chrysobalanaceae,412029.1349,9269340.544,0.83,0.389053445,25.9,13.81,8.67,20120813,A,O,P36,20.24,20.24,feldpausch_regional,0.18,default,0.0,25.9,20.24,25.9,True,O,13.81,measured,25.9,13.81,0.825,152.0726,115.7011,115.7011,152.0726,115.7011,115.7011,
SFX_A02,23,Poecilanthe effusa,Fabaceae,412023.1349,9269340.544,0.71,,15.3,,,20120813,A,O,P36,14.34,14.34,feldpausch_regional,0.18,default,0.0,15.3,14.34,15.3,True,O,14.34,feldpausch,15.3,14.34,0.7125,56.4638,41.6389,41.6389,56.4638,41.6389,41.6389,
SFX_A02,24,Euterpe oleracea,Arecaceae,412022.1349,9269342.644,,0.023982194,10.2,13.9,9.89,20120813,A,P,P36,10.78,10.78,feldpausch_regional,0.18,default,0.0,10.2,10.78,10.2,True,P,13.9,measured,10.2,13.9,0.3877,24.8217,,,24.8217,,,
SFX_A02,25,Poecilanthe effusa,Fabaceae,412021.1349,9269342.644,0.71,,13.8,,,20120813,A,O,P36,13.36,13.36,feldpausch_regional,0.18,default,0.0,13.8,13.36,13.8,True,O,13.36,feldpausch,13.8,13.36,0.7125,43.0816,31.9689,31.9689,43.0816,31.9689,31.9689,
SFX_A02,26,Protium heptaphyllum,Burseraceae,412018.1349,9269340.944,0.62,,16.7,,,20120813,A,O,P36,15.22,15.22,feldpausch_regional,0.18,default,0.0,16.7,15.22,16.7,True,O,15.22,feldpausch,16.7,15.22,0.6293,70.997,52.0844,52.0844,70.997,52.0844,52.0844,
SFX_A02,27,NI,NI,412020.1349,9269338.944,0.62,,10.4,,,20120813,A,O,P36,10.93,10.93,feldpausch_regional,0.18,default,0.0,10.4,10.93,10.4,True,O,10.93,feldpausch,10.4,10.93,0.7175,20.3893,15.407,15.407,20.3893,15.407,15.407,
SFX_A02,28,NI,NI,412023.1349,9269338.744,0.62,,15.1,,,20120813,A,O,P36,14.21,14.21,feldpausch_regional,0.18,default,0.0,15.1,14.21,15.1,True,O,14.21,feldpausch,15.1,14.21,0.7175,54.5451,40.2564,40.2564,54.5451,40.2564,40.2564,
SFX_A02,29,Annona sp.,Annonaceae,412035.1349,9269338.344,0.41,,10.2,,,20120813,A,O,P36,10.78,10.78,feldpausch_regional,0.18,default,0.0,10.2,10.78,10.2,True,O,10.78,feldpausch,10.2,10.78,0.5112,19.368,14.6535,14.6535,19.368,14.6535,14.6535,
SFX_A02,30,Galipea trifoliata,NI,412035.1349,9269335.644,0.62,,14.5,,,20120813,A,O,P36,13.82,13.82,feldpausch_regional,0.18,default,0.0,14.5,13.82,14.5,True,O,13.82,feldpausch,14.5,13.82,0.997,49.0441,36.2853,36.2853,49.0441,36.2853,36.2853,
SFX_A02,31,Rinorea guianensis,Violaceae,412032.1349,9269335.044,0.78,,18.7,,,20120813,A,O,P36,16.42,16.42,feldpausch_regional,0.18,default,0.0,18.7,16.42,18.7,True,O,16.42,feldpausch,18.7,16.42,0.78,95.3454,69.4893,69.4893,95.3454,69.4893,69.4893,
SFX_A02,32,Helicostylis sp.,Moraceae,412027.1349,9269335.944,0.65,,16.9,,,20120813,A,O,P36,15.35,15.35,feldpausch_regional,0.18,default,0.0,16.9,15.35,16.9,True,O,15.35,feldpausch,16.9,15.35,0.643,73.2719,53.7118,53.7118,73.2719,53.7118,53.7118,
SFX_A02,33,Dialium guianense,Fabaceae,412023.1349,9269331.944,0.89,,19.8,,,20120813,A,O,P36,17.05,17.05,feldpausch_regional,0.18,default,0.0,19.8,17.05,19.8,True,O,17.05,feldpausch,19.8,17.05,0.8964,110.5896,80.3416,80.3416,110.5896,80.3416,80.3416,
SFX_A02,35,Guarea guidonia,Meliaceae,412034.1349,9269331.944,0.55,,10.6,,,20120813,A,O,P36,11.08,11.08,feldpausch_regional,0.18,default,0.0,10.6,11.08,10.6,True,O,11.08,feldpausch,10.6,11.08,0.5651,21.4451,16.1847,16.1847,21.4451,16.1847,16.1847,
SFX_A02,36,,,412036.9349,9269329.944,,0.014710222,13.4,,,20120813,A,L,P36,13.08,13.08,feldpausch_regional,0.18,default,0.0,13.4,13.08,13.4,True,L,13.08,feldpausch,13.4,13.08,0.7175,39.8454,29.6247,29.6247,39.8454,29.6247,29.6247,
SFX_A02,37,Lacunaria jenmanii,Quiinaceae,412034.8349,9269326.444,0.8,,54.1,,,20120813,A,O,P36,30.43,30.43,feldpausch_regional,0.18,default,0.0,54.1,30.43,54.1,True,O,30.43,feldpausch,54.1,30.43,0.8043,1384.7279,963.3742,963.3742,1384.7279,963.3742,963.3742,
SFX_A02,38,Tetragastris altissima,Burseraceae,412036.9349,9269321.944,0.71,2.728177431,54.1,25.87,14.73,20120813,A,O,P36,30.43,30.43,feldpausch_regional,0.18,default,0.0,54.1,30.43,54.1,True,O,25.87,measured,54.1,25.87,0.7079,1181.8193,843.5707,843.5707,1181.8193,843.5707,843.5707,
SFX_A02,39,,,412037.4349,9269363.944,0.28,,20.1,,,20120813,D,o,P36,17.22,17.22,feldpausch_regional,0.18,default,0.0,20.1,17.22,20.1,False,O,17.22,feldpausch,20.1,17.22,0.7175,114.992,114.992,136.9131,114.992,114.992,136.9131,
SFX_A02,40,Tachigali myrmecophila,Fabaceae,412044.5349,9269363.944,0.48,,14.9,,,20120813,A,O,P36,14.08,14.08,feldpausch_regional,0.18,default,0.0,14.9,14.08,14.9,True,O,14.08,feldpausch,14.9,14.08,0.476,52.6692,38.9035,38.9035,52.6692,38.9035,38.9035,
SFX_A02,41,NI,NI,412044.1349,9269363.944,0.62,,13.7,,,20120813,A,O,P36,13.29,13.29,feldpausch_regional,0.18,default,0.0,13.7,13.29,13.7,True,O,13.29,feldpausch,13.7,13.29,0.7175,42.2571,31.3721,31.3721,42.2571,31.3721,31.3721,
SFX_A02,42,Attalea maripa,Arecaceae,412045.1349,9269360.144,,0.143202068,26.7,,,20120813,A,P,P36,20.62,20.62,feldpausch_regional,0.18,default,0.0,26.7,20.62,26.7,True,P,20.62,feldpausch,26.7,20.62,0.326,238.6472,,,238.6472,,,
SFX_A02,43,Cordia scabrifolia,Boraginaceae,412041.1349,9269359.944,0.47,,13.4,,,20120813,A,O,P36,13.08,13.08,feldpausch_regional,0.18,default,0.0,13.4,13.08,13.4,True,O,13.08,feldpausch,13.4,13.08,0.474,39.8454,29.6247,29.6247,39.8454,29.6247,29.6247,
SFX_A02,44,Pourouma minor,Urticaceae,412043.9349,9269355.544,0.44,,26.4,,,20120813,A,O,P36,20.48,20.48,feldpausch_regional,0.18,default,0.0,26.4,20.48,26.4,True,O,20.48,feldpausch,26.4,20.48,0.436,231.894,165.9339,165.9339,231.894,165.9339,165.9339,
SFX_A02,45,Pourouma minor,Urticaceae,412043.9349,9269355.344,0.44,,24.1,,,20120813,A,O,P36,19.35,19.35,feldpausch_regional,0.18,default,0.0,24.1,19.35,24.1,True,O,19.35,feldpausch,24.1,19.35,0.436,183.6363,132.0075,132.0075,183.6363,132.0075,132.0075,
SFX_A02,46,NI,NI,412044.1349,9269355.344,0.62,,24.1,,,20120813,A,O,P36,19.35,19.35,feldpausch_regional,0.18,default,0.0,24.1,19.35,24.1,True,O,19.35,feldpausch,24.1,19.35,0.7175,183.6363,132.0075,132.0075,183.6363,132.0075,132.0075,
SFX_A02,47,Cecropia ficifolia,Urticaceae,412043.1349,9269353.644,0.27,0.341086013,32.8,23.42,15.03,20120813,A,O,P36,23.32,23.32,feldpausch_regional,0.18,default,0.0,32.8,23.32,32.8,True,O,23.42,measured,32.8,23.42,0.266,403.7971,285.8441,285.8441,403.7971,285.8441,285.8441,
SFX_A02,48,Tabebuia serratifolia,Bignoniaceae,412041.7349,9269350.344,0.92,,15.5,,,20120813,A,O,P36,14.47,14.47,feldpausch_regional,0.18,default,0.0,15.5,14.47,15.5,True,O,14.47,feldpausch,15.5,14.47,0.924,58.4259,43.0513,43.0513,58.4259,43.0513,43.0513,
SFX_A02,49,NI,NI,412057.1349,9269350.644,0.62,,12.1,,,20120813,A,O,P36,12.18,12.18,feldpausch_regional,0.18,default,0.0,12.1,12.18,12.1,True,O,12.18,feldpausch,12.1,12.18,0.7175,30.4544,22.7871,22.7871,30.4544,22.7871,22.7871,
SFX_A02,51,Galipea trifoliata,NI,412050.1349,9269350.314,0.62,,13.4,,,20120813,A,O,P36,13.08,13.08,feldpausch_regional,0.18,default,0.0,13.4,13.08,13.4,True,O,13.08,feldpausch,13.4,13.08,0.997,39.8454,29.6247,29.6247,39.8454,29.6247,29.6247,
SFX_A02,52,Dalbergia melanoxylon,Fabaceae,412048.1349,9269348.944,0.8,0.216364538,21.0,12.04,5.13,20120813,A,O,P36,17.72,17.72,feldpausch_regional,0.18,default,0.0,21.0,17.72,21.0,True,O,12.04,measured,21.0,12.04,1.0772,88.3332,67.9909,67.9909,88.3332,67.9909,67.9909,
SFX_A02,53,Pouteria sp.,Sapotaceae,412048.1349,9269346.944,0.78,,14.6,,,20120813,A,O,P36,13.89,13.89,feldpausch_regional,0.18,default,0.0,14.6,13.89,14.6,True,O,13.89,feldpausch,14.6,13.89,0.7187,49.9522,36.9399,36.9399,49.9522,36.9399,36.9399,
SFX_A02,55,Mimosa hostilis,Fabaceae,412054.1349,9269347.944,0.45,,27.7,,,20120813,A,O,P36,21.09,21.09,feldpausch_regional,0.18,default,0.0,27.7,21.09,27.7,True,O,21.09,feldpausch,27.7,21.09,0.8235,262.1078,187.1172,187.1172,262.1078,187.1172,187.1172,
SFX_A02,56,Cordia scabrifolia,Boraginaceae,412055.1349,9269347.144,0.47,,11.5,,,20120813,A,O,P36,11.75,11.75,feldpausch_regional,0.18,default,0.0,11.5,11.75,11.5,True,O,11.75,feldpausch,11.5,11.75,0.474,26.6256,19.9869,19.9869,26.6256,19.9869,19.9869,
SFX_A02,57,Pourouma minor,Urticaceae,412056.1349,9269346.944,0.44,,28.6,,,20120813,A,O,P36,21.5,21.5,feldpausch_regional,0.18,default,0.0,28.6,21.5,28.6,True,O,21.5,feldpausch,28.6,21.5,0.436,284.2805,202.6405,202.6405,284.2805,202.6405,202.6405,
SFX_A02,58,Galipea trifoliata,NI,412047.1349,9269345.944,0.62,,13.1,,,20120813,A,O,P36,12.88,12.88,feldpausch_regional,0.18,default,0.0,13.1,12.88,13.1,True,O,12.88,feldpausch,13.1,12.88,0.997,37.5536,27.9585,27.9585,37.5536,27.9585,27.9585,
SFX_A02,59,Rinorea guianensis,Violaceae,412049.1349,9269346.144,0.78,,11.1,,,20120813,A,O,P36,11.45,11.45,feldpausch_regional,0.18,default,0.0,11.1,11.45,11.1,True,O,11.45,feldpausch,11.1,11.45,0.78,24.2284,18.2309,18.2309,24.2284,18.2309,18.2309,
SFX_A02,60,NI,NI,412047.1349,9269344.944,0.62,,21.3,,,20120813,A,O,P36,17.88,17.88,feldpausch_regional,0.18,default,0.0,21.3,17.88,21.3,True,O,17.88,feldpausch,21.3,17.88,0.7175,133.5883,96.6619,96.6619,133.5883,96.6619,96.6619,
SFX_A02,61,Inga marginata,Fabaceae,412046.1349,9269343.944,0.57,,15.8,,,20120813,A,O,P36,14.66,14.66,feldpausch_regional,0.18,default,0.0,15.8,14.66,15.8,True,O,14.66,feldpausch,15.8,14.66,0.5518,61.4308,45.2138,45.2138,61.4308,45.2138,45.2138,
SFX_A02,62,Pourouma minor,Urticaceae,412042.1349,9269346.944,0.44,,15.4,,,20120813,A,O,P36,14.41,14.41,feldpausch_regional,0.18,default,0.0,15.4,14.41,15.4,True,O,14.41,feldpausch,15.4,14.41,0.436,57.4589,42.3534,42.3534,57.4589,42.3534,42.3534,
SFX_A02,63,Dalbergia melanoxylon,Fabaceae,412041.1349,9269344.944,0.8,,22.2,,,20120813,A,O,P36,18.37,18.37,feldpausch_regional,0.18,default,0.0,22.2,18.37,22.2,True,O,18.37,feldpausch,22.2,18.37,1.0772,148.7004,107.3512,107.3512,148.7004,107.3512,107.3512,
SFX_A02,64,Inga marginata,Fabaceae,412037.3349,9269343.144,0.57,,13.4,,,20120813,A,O,P36,13.08,13.08,feldpausch_regional,0.18,default,0.0,13.4,13.08,13.4,True,O,13.08,feldpausch,13.4,13.08,0.5518,39.8454,29.6247,29.6247,39.8454,29.6247,29.6247,
SFX_A02,65,Galipea trifoliata,NI,412051.1349,9269342.944,0.62,,11.2,,,20120813,A,O,P36,11.53,11.53,feldpausch_regional,0.18,default,0.0,11.2,11.53,11.2,True,O,11.53,feldpausch,11.2,11.53,0.997,24.8245,18.6669,18.6669,24.8245,18.6669,18.6669,
SFX_A02,66,Annona sp.,Annonaceae,412060.1349,9269341.944,0.41,,10.7,,,20120813,A,O,P36,11.15,11.15,feldpausch_regional,0.18,default,0.0,10.7,11.15,10.7,True,O,11.15,feldpausch,10.7,11.15,0.5112,21.9765,16.5767,16.5767,21.9765,16.5767,16.5767,
SFX_A02,67,Pouteria gongrijpii,Sapotaceae,412057.1349,9269341.344,0.8,2.595798155,50.5,25.02,14.17,20120813,A,O,P36,29.43,29.43,feldpausch_regional,0.18,default,0.0,50.5,29.43,50.5,True,O,25.02,measured,50.5,25.02,0.7994,1000.0319,715.2226,715.2226,1000.0319,715.2226,715.2226,
SFX_A02,68,Caryocar villosum,Caryocaraceae,412055.1349,9269340.644,0.76,,11.8,,,20120813,A,O,P36,11.96,11.96,feldpausch_regional,0.18,default,0.0,11.8,11.96,11.8,True,O,11.96,feldpausch,11.8,11.96,0.758,28.4866,21.3505,21.3505,28.4866,21.3505,21.3505,
SFX_A02,69,Theobroma glaucum,Malvaceae,412053.1349,9269338.944,0.53,,13.1,,,20120813,A,O,P36,12.88,12.88,feldpausch_regional,0.18,default,0.0,13.1,12.88,13.1,True,O,12.88,feldpausch,13.1,12.88,0.5297,37.5536,27.9585,27.9585,37.5536,27.9585,27.9585,
SFX_A02,70,,,412052.1349,9269338.944,0.6,,11.0,,,20120813,D,o,P36,11.38,11.38,feldpausch_regional,0.18,default,0.0,11.0,11.38,11.0,False,O,11.38,feldpausch,11.0,11.38,0.7175,23.6621,23.6621,28.1729,23.6621,23.6621,28.1729,
SFX_A02,71,Enterolobium schomburgkii,Fabaceae,412051.1349,9269339.544,0.71,,10.0,,,20120813,A,O,P36,10.62,10.62,feldpausch_regional,0.18,default,0.0,10.0,10.62,10.0,True,O,10.62,feldpausch,10.0,10.62,0.6989,18.3636,13.9133,13.9133,18.3636,13.9133,13.9133,
SFX_A02,72,Dalbergia melanoxylon,Fabaceae,412050.1349,9269338.944,0.8,1.899446484,51.9,17.31,3.58,20120813,A,O,P36,29.82,29.82,feldpausch_regional,0.18,default,0.0,51.9,29.82,51.9,True,O,17.31,measured,51.9,17.31,1.0772,736.2839,558.8834,558.8834,736.2839,558.8834,558.8834,
SFX_A02,73,NI,NI,412051.1349,9269338.744,0.62,0.229392024,18.9,20.35,12.85,20120813,A,O,P36,16.54,16.54,feldpausch_regional,0.18,default,0.0,18.9,16.54,18.9,True,O,20.35,measured,18.9,20.35,0.7175,120.0254,84.6036,84.6036,120.0254,84.6036,84.6036,
SFX_A02,74,Socratea exorrhiza,Arecaceae,412041.1349,9269338.444,,0.042041064,13.8,,,20120813,A,P,P36,13.36,13.36,feldpausch_regional,0.18,default,0.0,13.8,13.36,13.8,True,P,13.36,feldpausch,13.8,13.36,0.23,43.0816,,,43.0816,,,
SFX_A02,75,Inga marginata,Fabaceae,412041.1349,9269338.444,0.57,,18.7,,,20120813,A,O,P36,16.42,16.42,feldpausch_regional,0.18,default,0.0,18.7,16.42,18.7,True,O,16.42,feldpausch,18.7,16.42,0.5518,95.3454,69.4893,69.4893,95.3454,69.4893,69.4893,
SFX_A02,76,Jacaranda copaia,Bignoniaceae,412040.1349,9269338.544,0.35,,22.6,,,20120813,A,O,P36,18.58,18.58,feldpausch_regional,0.18,default,0.0,22.6,18.58,22.6,True,O,18.58,feldpausch,22.6,18.58,0.3507,155.693,112.2938,112.2938,155.693,112.2938,112.2938,
SFX_A02,77,NI,NI,412042.1349,9269336.444,0.62,,13.3,,,20120813,A,O,P36,13.02,13.02,feldpausch_regional,0.18,default,0.0,13.3,13.02,13.3,True,O,13.02,feldpausch,13.3,13.02,0.7175,39.0912,29.0747,29.0747,39.0912,29.0747,29.0747,
SFX_A02,78,Bocageopsis pleiosperma,Annonaceae,412047.1349,9269334.944,0.64,,15.8,,,20120813,A,O,P36,14.66,14.66,feldpausch_regional,0.18,default,0.0,15.8,14.66,15.8,True,O,14.66,feldpausch,15.8,14.66,0.6402,61.4308,45.2138,45.2138,61.4308,45.2138,45.2138,
SFX_A02,79,NI,NI,412047.1349,9269332.944,0.62,,17.1,,,20120813,A,O,P36,15.47,15.47,feldpausch_regional,0.18,default,0.0,17.1,15.47,17.1,True,O,15.47,feldpausch,17.1,15.47,0.7175,75.546,55.342,55.342,75.546,55.342,55.342,
SFX_A02,80,Tetragastris altissima,Burseraceae,412053.1349,9269333.944,0.71,,10.7,,,20120813,A,O,P36,11.15,11.15,feldpausch_regional,0.18,default,0.0,10.7,11.15,10.7,True,O,11.15,feldpausch,10.7,11.15,0.7079,21.9765,16.5767,16.5767,21.9765,16.5767,16.5767,
SFX_A02,82,Protium heptaphyllum,Burseraceae,412042.1349,9269332.944,0.62,,24.3,,,20120813,A,O,P36,19.45,19.45,feldpausch_regional,0.18,default,0.0,24.3,19.45,24.3,True,O,19.45,feldpausch,24.3,19.45,0.6293,187.5641,134.7747,134.7747,187.5641,134.7747,134.7747,
SFX_A02,83,Virola melinoni,Myristicaceae,412037.3349,9269331.944,0.48,,20.1,,,20120813,A,O,P36,17.22,17.22,feldpausch_regional,0.18,default,0.0,20.1,17.22,20.1,True,O,17.22,feldpausch,20.1,17.22,0.4734,114.992,83.4693,83.4693,114.992,83.4693,83.4693,
SFX_A02,84,Theobroma glaucum,Malvaceae,412045.1349,9269329.944,0.53,,13.9,,,20120813,A,O,P36,13.42,13.42,feldpausch_regional,0.18,default,0.0,13.9,13.42,13.9,True,O,13.42,feldpausch,13.9,13.42,0.5297,43.8846,32.553,32.553,43.8846,32.553,32.553,
SFX_A02,85,Galipea trifoliata,NI,412046.1349,9269328.944,0.62,,13.1,,,20120813,A,O,P36,12.88,12.88,feldpausch_regional,0.18,default,0.0,13.1,12.88,13.1,True,O,12.88,feldpausch,13.1,12.88,0.997,37.5536,27.9585,27.9585,37.5536,27.9585,27.9585,
SFX_A02,87,Pouteria gongrijpii,Sapotaceae,412041.1349,9269325.444,0.8,2.937367348,55.0,23.86,13.13,20120813,A,O,P36,30.67,30.67,feldpausch_regional,0.18,default,0.0,55.0,30.67,55.0,True,O,23.86,measured,55.0,23.86,0.7994,1127.8595,816.0547,816.0547,1127.8595,816.0547,816.0547,
SFX_A02,90,Mayna odorata,Flacourtiaceae,412039.1349,9269324.944,0.62,,10.9,,,20120813,A,O,P36,11.3,11.3,feldpausch_regional,0.18,default,0.0,10.9,11.3,10.9,True,O,11.3,feldpausch,10.9,11.3,0.7175,23.0846,17.3912,17.3912,23.0846,17.3912,17.3912,
SFX_A02,1,Theobroma glaucum,Malvaceae,412053.4383,9269189.139,0.53,,13.6,,,20120813,A,O,P37,13.22,13.22,feldpausch_regional,0.18,default,0.0,13.6,13.22,13.6,True,O,13.22,feldpausch,13.6,13.22,0.5297,41.4429,30.7826,30.7826,41.4429,30.7826,30.7826,
SFX_A02,2,NI,NI,412058.9383,9269187.039,0.62,,25.5,,,20120813,A,O,P37,20.05,20.05,feldpausch_regional,0.18,default,0.0,25.5,20.05,25.5,True,O,20.05,feldpausch,25.5,20.05,0.7175,212.271,152.1491,152.1491,212.271,152.1491,152.1491,
SFX_A02,3,Galipea trifoliata,NI,412057.5383,9269183.039,0.62,,15.0,,,20120813,A,O,P37,14.15,14.15,feldpausch_regional,0.18,default,0.0,15.0,14.15,15.0,True,O,14.15,feldpausch,15.0,14.15,0.997,53.6203,39.5877,39.5877,53.6203,39.5877,39.5877,
SFX_A02,4,Galipea trifoliata,NI,412055.4383,9269183.239,0.62,,13.1,,,20120813,A,O,P37,12.88,12.88,feldpausch_regional,0.18,default,0.0,13.1,12.88,13.1,True,O,12.88,feldpausch,13.1,12.88,0.997,37.5536,27.9585,27.9585,37.5536,27.9585,27.9585,
SFX_A02,5,Ocotea sp.,Lauraceae,412051.4383,9269187.639,0.5,,18.4,,,20120813,A,O,P37,16.25,16.25,feldpausch_regional,0.18,default,0.0,18.4,16.25,18.4,True,O,16.25,feldpausch,18.4,16.25,0.5245,91.4488,66.7073,66.7073,91.4488,66.7073,66.7073,
SFX_A02,6,Pouteria sp.,Sapotaceae,412051.4383,9269186.039,0.78,,14.7,,,20120813,A,O,P37,13.95,13.95,feldpausch_regional,0.18,default,0.0,14.7,13.95,14.7,True,O,13.95,feldpausch,14.7,13.95,0.7187,50.8357,37.5799,37.5799,50.8357,37.5799,37.5799,
SFX_A02,7,Pouteria sp.,Sapotaceae,412051.4383,9269186.039,0.78,,15.5,,,20120813,A,O,P37,14.47,14.47,feldpausch_regional,0.18,default,0.0,15.5,14.47,15.5,True,O,14.47,feldpausch,15.5,14.47,0.7187,58.4259,43.0513,43.0513,58.4259,43.0513,43.0513,
SFX_A02,8,Socratea exorrhiza,Arecaceae,412048.4383,9269186.039,,0.037092266,12.9,,,20120813,A,P,P37,12.74,12.74,feldpausch_regional,0.18,default,0.0,12.9,12.74,12.9,True,P,12.74,feldpausch,12.9,12.74,0.23,36.056,,,36.056,,,
SFX_A02,9,Socratea exorrhiza,Arecaceae,412053.4383,9269185.739,,0.029966376,11.5,,,20120813,A,P,P37,11.75,11.75,feldpausch_regional,0.18,default,0.0,11.5,11.75,11.5,True,P,11.75,feldpausch,11.5,11.75,0.23,26.6256,,,26.6256,,,
SFX_A02,10,Annona ambotay,Annonaceae,412050.4383,9269184.839,0.41,,15.4,,,20120813,A,O,P37,14.41,14.41,feldpausch_regional,0.18,default,0.0,15.4,14.41,15.4,True,O,14.41,feldpausch,15.4,14.41,0.5112,57.4589,42.3534,42.3534,57.4589,42.3534,42.3534,
SFX_A02,11,Galipea trifoliata,NI,412045.4383,9269182.039,0.62,,11.9,,,20120813,A,O,P37,12.03,12.03,feldpausch_regional,0.18,default,0.0,11.9,12.03,11.9,True,O,12.03,feldpausch,11.9,12.03,0.997,29.1251,21.8178,21.8178,29.1251,21.8178,21.8178,
SFX_A02,12,NI,NI,412049.4383,9269181.739,0.62,,19.5,,,20120813,A,O,P37,16.88,16.88,feldpausch_regional,0.18,default,0.0,19.5,16.88,19.5,True,O,16.88,feldpausch,19.5,16.88,0.7175,106.2977,77.2893,77.2893,106.2977,77.2893,77.2893,
SFX_A02,13,Dalbergia melanoxylon,Fabaceae,412058.4383,9269179.039,0.8,,26.7,,,20120813,A,O,P37,20.62,20.62,feldpausch_regional,0.18,default,0.0,26.7,20.62,26.7,True,O,20.62,feldpausch,26.7,20.62,1.0772,238.6472,170.6751,170.6751,238.6472,170.6751,170.6751,
SFX_A02,14,Galipea trifoliata,NI,412054.4383,9269180.039,0.62,,12.3,,,20120813,A,O,P37,12.32,12.32,feldpausch_regional,0.18,default,0.0,12.3,12.32,12.3,True,O,12.32,feldpausch,12.3,12.32,0.997,31.7974,23.7678,23.7678,31.7974,23.7678,23.7678,
SFX_A02,15,NI,NI,412054.4383,9269176.639,0.62,,27.2,,,20120813,A,O,P37,20.86,20.86,feldpausch_regional,0.18,default,0.0,27.2,20.86,27.2,True,O,20.86,feldpausch,27.2,20.86,0.7175,250.2591,178.8119,178.8119,250.2591,178.8119,178.8119,
SFX_A02,16,Copaifera reticulata,Fabaceae,412049.4383,9269177.639,0.61,,27.1,,,20120813,A,O,P37,20.81,20.81,feldpausch_regional,0.18,default,0.0,27.1,20.81,27.1,True,O,20.81,feldpausch,27.1,20.81,0.6075,247.885,177.1514,177.1514,247.885,177.1514,177.1514,
SFX_A02,17,Dialium guianense,Fabaceae,412048.4383,9269177.539,0.89,,10.7,,,20120813,A,O,P37,11.15,11.15,feldpausch_regional,0.18,default,0.0,10.7,11.15,10.7,True,O,11.15,feldpausch,10.7,11.15,0.8964,21.9765,16.5767,16.5767,21.9765,16.5767,16.5767,
SFX_A02,18,Pouteria gongrijpii,Sapotaceae,412056.4383,9269175.039,0.8,,12.2,,,20120813,A,O,P37,12.25,12.25,feldpausch_regional,0.18,default,0.0,12.2,12.25,12.2,True,O,12.25,feldpausch,12.2,12.25,0.7994,31.1212,23.2742,23.2742,31.1212,23.2742,23.2742,
SFX_A02,19,Dalbergia melanoxylon,Fabaceae,412035.4383,9269176.039,0.8,,15.8,,,20120813,A,O,P37,14.66,14.66,feldpausch_regional,0.18,default,0.0,15.8,14.66,15.8,True,O,14.66,feldpausch,15.8,14.66,1.0772,61.4308,45.2138,45.2138,61.4308,45.2138,45.2138,
SFX_A02,20,Galipea trifoliata,NI,412036.4383,9269175.039,0.62,0.071879452,14.6,10.69,6.19,20120813,A,O,P37,13.89,13.89,feldpausch_regional,0.18,default,0.0,14.6,13.89,14.6,True,O,10.69,measured,14.6,10.69,0.997,38.6865,29.8173,29.8173,38.6865,29.8173,29.8173,
SFX_A02,21,Casearia grandiflora,Salicaceae,412059.1383,9269174.739,0.77,,12.7,,,20120813,A,O,P37,12.6,12.6,feldpausch_regional,0.18,default,0.0,12.7,12.6,12.7,True,O,12.6,feldpausch,12.7,12.6,0.77,34.5977,25.8089,25.8089,34.5977,25.8089,25.8089,
SFX_A02,22,NI,NI,412059.2383,9269174.539,0.62,,23.8,,,20120813,A,O,P37,19.2,19.2,feldpausch_regional,0.18,default,0.0,23.8,19.2,23.8,True,O,19.2,feldpausch,23.8,19.2,0.7175,177.8447,127.9245,127.9245,177.8447,127.9245,127.9245,
SFX_A02,23,Pouteria sp.,Sapotaceae,412057.4383,9269174.039,0.78,,20.5,,,20120813,A,O,P37,17.45,17.45,feldpausch_regional,0.18,default,0.0,20.5,17.45,20.5,True,O,17.45,feldpausch,20.5,17.45,0.7187,121.0589,87.772,87.772,121.0589,87.772,87.772,
SFX_A02,24,Theobroma glaucum,Malvaceae,412049.4383,9269172.039,0.53,,13.2,,,20120813,A,O,P37,12.95,12.95,feldpausch_regional,0.18,default,0.0,13.2,12.95,13.2,True,O,12.95,feldpausch,13.2,12.95,0.5297,38.3174,28.5131,28.5131,38.3174,28.5131,28.5131,
SFX_A02,25,NI,NI,412048.4383,9269169.039,0.62,,11.0,,,20120813,A,O,P37,11.38,11.38,feldpausch_regional,0.18,default,0.0,11.0,11.38,11.0,True,O,11.38,feldpausch,11.0,11.38,0.7175,23.6621,17.8143,17.8143,23.6621,17.8143,17.8143,
SFX_A02,26,Theobroma glaucum,Malvaceae,412037.4383,9269173.039,0.53,,17.1,,,20120813,A,O,P37,15.47,15.47,feldpausch_regional,0.18,default,0.0,17.1,15.47,17.1,True,O,15.47,feldpausch,17.1,15.47,0.5297,75.546,55.342,55.342,75.546,55.342,55.342,
SFX_A02,28,Inga marginata,Fabaceae,412048.4383,9269164.039,0.57,0.039630783,13.4,7.57,7.34,20120813,A,O,P37,13.08,13.08,feldpausch_regional,0.18,default,0.0,13.4,13.08,13.4,True,O,7.57,measured,13.4,7.57,0.5518,23.3651,18.9395,18.9395,23.3651,18.9395,18.9395,
SFX_A02,29,Neea oppositifolia,Nyctaginaceae,412047.9383,9269163.039,0.89,,17.9,,,20120813,A,O,P37,15.95,15.95,feldpausch_regional,0.18,default,0.0,17.9,15.95,17.9,True,O,15.95,feldpausch,17.9,15.95,0.893,85.099,62.1761,62.1761,85.099,62.1761,62.1761,
SFX_A02,30,Oenocarpus bacaba,Arecaceae,412049.4383,9269163.539,,0.146204379,27.0,,,20120813,A,P,P37,20.76,20.76,feldpausch_regional,0.18,default,0.0,27.0,20.76,27.0,True,P,20.76,feldpausch,27.0,20.76,0.65,245.5255,,,245.5255,,,
SFX_A02,31,Theobroma glaucum,Malvaceae,412047.4383,9269165.239,0.53,,13.2,,,20120813,A,O,P37,12.95,12.95,feldpausch_regional,0.18,default,0.0,13.2,12.95,13.2,True,O,12.95,feldpausch,13.2,12.95,0.5297,38.3174,28.5131,28.5131,38.3174,28.5131,28.5131,
SFX_A02,32,,,412045.4383,9269166.039,0.6,,18.8,,,20120813,D,o,P37,16.48,16.48,feldpausch_regional,0.18,default,0.0,18.8,16.48,18.8,False,O,16.48,feldpausch,18.8,16.48,0.7175,96.6868,96.6868,115.1183,96.6868,96.6868,115.1183,
SFX_A02,33,Dialium guianense,Fabaceae,412050.4383,9269167.039,0.89,,10.9,,,20120813,A,O,P37,11.3,11.3,feldpausch_regional,0.18,default,0.0,10.9,11.3,10.9,True,O,11.3,feldpausch,10.9,11.3,0.8964,23.0846,17.3912,17.3912,23.0846,17.3912,17.3912,
SFX_A02,34,NI,NI,412051.4383,9269167.039,0.62,0.071572642,16.5,8.33,1.7,20120813,A,O,P37,15.1,15.1,feldpausch_regional,0.18,default,0.0,16.5,15.1,16.5,True,O,8.33,measured,16.5,8.33,0.7175,38.5069,31.0538,31.0538,38.5069,31.0538,31.0538,
SFX_A02,35,Neea oppositifolia,Nyctaginaceae,412052.4383,9269168.039,0.89,,21.6,,,20120813,A,O,P37,18.05,18.05,feldpausch_regional,0.18,default,0.0,21.6,18.05,21.6,True,O,18.05,feldpausch,21.6,18.05,0.893,138.5595,100.1764,100.1764,138.5595,100.1764,100.1764,
SFX_A02,36,Rinorea guianensis,Violaceae,412053.4383,9269168.039,0.78,,11.8,,,20120813,A,O,P37,11.96,11.96,feldpausch_regional,0.18,default,0.0,11.8,11.96,11.8,True,O,11.96,feldpausch,11.8,11.96,0.78,28.4866,21.3505,21.3505,28.4866,21.3505,21.3505,
SFX_A02,37,Dialium guianense,Fabaceae,412055.4383,9269167.039,0.89,0.07674058,11.8,12.16,9.31,20120813,A,O,P37,11.96,11.96,feldpausch_regional,0.18,default,0.0,11.8,11.96,11.8,True,O,12.16,measured,11.8,12.16,0.8964,28.9514,21.6421,21.6421,28.9514,21.6421,21.6421,
SFX_A02,38,Neea oppositifolia,Nyctaginaceae,412057.4383,9269160.039,0.89,,15.4,,,20120813,A,O,P37,14.41,14.41,feldpausch_regional,0.18,default,0.0,15.4,14.41,15.4,True,O,14.41,feldpausch,15.4,14.41,0.893,57.4589,42.3534,42.3534,57.4589,42.3534,42.3534,
SFX_A02,39,Galipea trifoliata,NI,412050.4383,9269162.039,0.62,,11.0,,,20120813,A,O,P37,11.38,11.38,feldpausch_regional,0.18,default,0.0,11.0,11.38,11.0,True,O,11.38,feldpausch,11.0,11.38,0.997,23.6621,17.8143,17.8143,23.6621,17.8143,17.8143,
SFX_A02,41,Cordia scabrifolia,Boraginaceae,412055.4383,9269155.639,0.47,,18.4,,,20120813,A,O,P37,16.25,16.25,feldpausch_regional,0.18,default,0.0,18.4,16.25,18.4,True,O,16.25,feldpausch,18.4,16.25,0.474,91.4488,66.7073,66.7073,91.4488,66.7073,66.7073,
SFX_A02,42,Attalea maripa,Arecaceae,412056.8383,9269154.039,,0.144199644,26.8,,,20120813,A,P,P37,20.67,20.67,feldpausch_regional,0.18,default,0.0,26.8,20.67,26.8,True,P,20.67,feldpausch,26.8,20.67,0.326,240.964,,,240.964,,,
SFX_A02,44,Couepia racemosa,Chrysobalanaceae,412061.4383,9269196.539,0.79,,11.1,,,20120813,A,O,P37,11.45,11.45,feldpausch_regional,0.18,default,0.0,11.1,11.45,11.1,True,O,11.45,feldpausch,11.1,11.45,0.7861,24.2284,18.2309,18.2309,24.2284,18.2309,18.2309,
SFX_A02,45,Dalbergia melanoxylon,Fabaceae,412061.0383,9269196.039,0.8,0.114195243,14.3,13.71,11.02,20120813,A,O,P37,13.69,13.69,feldpausch_regional,0.18,default,0.0,14.3,13.69,14.3,True,O,13.71,measured,14.3,13.71,1.0772,47.3615,35.0613,35.0613,47.3615,35.0613,35.0613,
SFX_A02,46,Stryphnodendron paniculatum,Fabaceae,412066.8383,9269189.039,0.65,,20.4,,,20120813,A,O,P37,17.39,17.39,feldpausch_regional,0.18,default,0.0,20.4,17.39,20.4,True,O,17.39,feldpausch,20.4,17.39,0.6535,119.5064,86.6732,86.6732,119.5064,86.6732,86.6732,
SFX_A02,47,Pouteria sp.,Sapotaceae,412060.4383,9269187.039,0.78,,10.0,,,20120813,A,O,P37,10.62,10.62,feldpausch_regional,0.18,default,0.0,10.0,10.62,10.0,True,O,10.62,feldpausch,10.0,10.62,0.7187,18.3636,13.9133,13.9133,18.3636,13.9133,13.9133,
SFX_A02,48,Galipea trifoliata,NI,412067.8383,9269187.639,0.62,,11.2,,,20120813,A,O,P37,11.53,11.53,feldpausch_regional,0.18,default,0.0,11.2,11.53,11.2,True,O,11.53,feldpausch,11.2,11.53,0.997,24.8245,18.6669,18.6669,24.8245,18.6669,18.6669,
SFX_A02,49,Galipea trifoliata,NI,412068.4383,9269187.039,0.62,,12.4,,,20120813,A,O,P37,12.39,12.39,feldpausch_regional,0.18,default,0.0,12.4,12.39,12.4,True,O,12.39,feldpausch,12.4,12.39,0.997,32.4831,24.2681,24.2681,32.4831,24.2681,24.2681,
SFX_A02,50,Socratea exorrhiza,Arecaceae,412068.7383,9269185.039,,0.068150049,17.9,,,20120813,A,P,P37,15.95,15.95,feldpausch_regional,0.18,default,0.0,17.9,15.95,17.9,True,P,15.95,feldpausch,17.9,15.95,0.23,85.099,,,85.099,,,
SFX_A02,51,Pourouma minor,Urticaceae,412069.4383,9269183.039,0.44,,17.2,,,20120813,A,O,P37,15.53,15.53,feldpausch_regional,0.18,default,0.0,17.2,15.53,17.2,True,O,15.53,feldpausch,17.2,15.53,0.436,76.7,56.1687,56.1687,76.7,56.1687,56.1687,
SFX_A02,52,,,412071.4383,9269179.339,,0.013284799,11.0,,,20120813,A,L,P37,11.38,11.38,feldpausch_regional,0.18,default,0.0,11.0,11.38,11.0,True,L,11.38,feldpausch,11.0,11.38,0.7175,23.6621,17.8143,17.8143,23.6621,17.8143,17.8143,
SFX_A02,53,Galipea trifoliata,NI,412076.4383,9269180.039,0.62,,15.0,,,20120813,A,O,P37,14.15,14.15,feldpausch_regional,0.18,default,0.0,15.0,14.15,15.0,True,O,14.15,feldpausch,15.0,14.15,0.997,53.6203,39.5877,39.5877,53.6203,39.5877,39.5877,
SFX_A02,54,Pourouma minor,Urticaceae,412081.4383,9269176.039,0.44,,21.6,,,20120813,A,O,P37,18.05,18.05,feldpausch_regional,0.18,default,0.0,21.6,18.05,21.6,True,O,18.05,feldpausch,21.6,18.05,0.436,138.5595,100.1764,100.1764,138.5595,100.1764,100.1764,
SFX_A02,55,Helicostylis sp.,Moraceae,412067.4383,9269177.039,0.65,,11.7,,,20120813,A,O,P37,11.89,11.89,feldpausch_regional,0.18,default,0.0,11.7,11.89,11.7,True,O,11.89,feldpausch,11.7,11.89,0.643,27.8572,20.8896,20.8896,27.8572,20.8896,20.8896,
SFX_A02,56,Helicostylis sp.,Moraceae,412067.7383,9269177.039,0.65,,11.6,,,20120813,A,O,P37,11.82,11.82,feldpausch_regional,0.18,default,0.0,11.6,11.82,11.6,True,O,11.82,feldpausch,11.6,11.82,0.643,27.2369,20.4351,20.4351,27.2369,20.4351,20.4351,
SFX_A02,57,Virola melinoni,Myristicaceae,412064.0383,9269176.539,0.48,,11.85,,,20120813,A,O,P37,12.0,12.0,feldpausch_regional,0.18,default,0.0,11.85,12.0,11.85,True,O,12.0,feldpausch,11.85,12.0,0.4734,28.8164,21.5907,21.5907,28.8164,21.5907,21.5907,
SFX_A02,58,Dalbergia melanoxylon,Fabaceae,412068.4383,9269175.039,0.8,,26.4,,,20120813,A,O,P37,20.48,20.48,feldpausch_regional,0.18,default,0.0,26.4,20.48,26.4,True,O,20.48,feldpausch,26.4,20.48,1.0772,231.894,165.9339,165.9339,231.894,165.9339,165.9339,
SFX_A02,59,Dalbergia melanoxylon,Fabaceae,412068.4383,9269174.339,0.8,,12.9,,,20120813,A,O,P37,12.74,12.74,feldpausch_regional,0.18,default,0.0,12.9,12.74,12.9,True,O,12.74,feldpausch,12.9,12.74,1.0772,36.056,26.87,26.87,36.056,26.87,26.87,
SFX_A02,60,Guarea guidonia,Meliaceae,412064.4383,9269173.039,0.55,,10.5,,,20120813,A,O,P37,11.0,11.0,feldpausch_regional,0.18,default,0.0,10.5,11.0,10.5,True,O,11.0,feldpausch,10.5,11.0,0.5651,20.9036,15.7869,15.7869,20.9036,15.7869,15.7869,
SFX_A02,61,NI,NI,412079.4383,9269173.039,0.62,,27.8,,,20120813,A,O,P37,21.14,21.14,feldpausch_regional,0.18,default,0.0,27.8,21.14,27.8,True,O,21.14,feldpausch,27.8,21.14,0.7175,264.5688,188.8361,188.8361,264.5688,188.8361,188.8361,
SFX_A02,62,Zanthoxylum rhoifolium,Rutaceae,412078.4383,9269171.039,0.49,,21.1,,,20120813,A,O,P37,17.78,17.78,feldpausch_regional,0.18,default,0.0,21.1,17.78,21.1,True,O,17.78,feldpausch,21.1,17.78,0.5692,130.4348,94.421,94.421,130.4348,94.421,94.421,
SFX_A02,63,Mimosa hostilis,Fabaceae,412080.4383,9269170.039,0.45,1.149652513,42.0,28.45,17.02,20120813,A,O,P37,26.77,26.77,feldpausch_regional,0.18,default,0.0,42.0,26.77,42.0,True,O,28.45,measured,42.0,28.45,0.8235,791.0931,549.5375,549.5375,791.0931,549.5375,549.5375,
SFX_A02,64,Inga marginata,Fabaceae,412077.4383,9269169.939,0.57,,13.4,,,20120813,A,O,P37,13.08,13.08,feldpausch_regional,0.18,default,0.0,13.4,13.08,13.4,True,O,13.08,feldpausch,13.4,13.08,0.5518,39.8454,29.6247,29.6247,39.8454,29.6247,29.6247,
SFX_A02,65,Inga marginata,Fabaceae,412076.4383,9269169.839,0.57,0.043342953,11.1,12.06,5.15,20120813,A,O,P37,11.45,11.45,feldpausch_regional,0.18,default,0.0,11.1,11.45,11.1,True,O,12.06,measured,11.1,12.06,0.5518,25.4874,19.0216,19.0216,25.4874,19.0216,19.0216,
SFX_A02,66,Inga marginata,Fabaceae,412076.6383,9269169.639,0.57,,29.1,,,20120813,A,O,P37,21.73,21.73,feldpausch_regional,0.18,default,0.0,29.1,21.73,29.1,True,O,21.73,feldpausch,29.1,21.73,0.5518,297.1325,211.6217,211.6217,297.1325,211.6217,211.6217,
SFX_A02,67,Pouteria sp.,Sapotaceae,412069.4383,9269171.039,0.78,0.107963403,14.4,13.08,10.51,20120813,A,O,P37,13.76,13.76,feldpausch_regional,0.18,default,0.0,14.4,13.76,14.4,True,O,13.08,measured,14.4,13.08,0.7187,45.8557,34.2113,34.2113,45.8557,34.2113,34.2113,
SFX_A02,68,Galipea trifoliata,NI,412064.4383,9269169.039,0.62,,15.4,,,20120813,A,O,P37,14.41,14.41,feldpausch_regional,0.18,default,0.0,15.4,14.41,15.4,True,O,14.41,feldpausch,15.4,14.41,0.997,57.4589,42.3534,42.3534,57.4589,42.3534,42.3534,
SFX_A02,69,Pouteria gongrijpii,Sapotaceae,412065.0383,9269168.239,0.8,,13.7,,,20120813,A,O,P37,13.29,13.29,feldpausch_regional,0.18,default,0.0,13.7,13.29,13.7,True,O,13.29,feldpausch,13.7,13.29,0.7994,42.2571,31.3721,31.3721,42.2571,31.3721,31.3721,
SFX_A02,70,Dialium guianense,Fabaceae,412069.0383,9269167.639,0.89,,12.0,,,20120813,A,O,P37,12.11,12.11,feldpausch_regional,0.18,default,0.0,12.0,12.11,12.0,True,O,12.11,feldpausch,12.0,12.11,0.8964,29.7969,22.3066,22.3066,29.7969,22.3066,22.3066,
SFX_A02,71,Neea oppositifolia,Nyctaginaceae,412067.4383,9269165.539,0.89,,19.3,,,20120813,A,O,P37,16.77,16.77,feldpausch_regional,0.18,default,0.0,19.3,16.77,19.3,True,O,16.77,feldpausch,19.3,16.77,0.893,103.5173,75.3082,75.3082,103.5173,75.3082,75.3082,
SFX_A02,72,Rinorea guianensis,Violaceae,412067.9383,9269164.639,0.78,0.04268221,10.8,9.22,5.4,20120813,A,O,P37,11.23,11.23,feldpausch_regional,0.18,default,0.0,10.8,11.23,10.8,True,O,9.22,measured,10.8,9.22,0.78,18.5901,14.4563,14.4563,18.5901,14.4563,14.4563,
SFX_A02,73,Galipea trifoliata,NI,412065.4383,9269164.639,0.62,,11.5,,,20120813,A,O,P37,11.75,11.75,feldpausch_regional,0.18,default,0.0,11.5,11.75,11.5,True,O,11.75,feldpausch,11.5,11.75,0.997,26.6256,19.9869,19.9869,26.6256,19.9869,19.9869,
SFX_A02,74,Rinorea guianensis,Violaceae,412068.4383,9269162.039,0.78,,11.2,,,20120813,A,O,P37,11.53,11.53,feldpausch_regional,0.18,default,0.0,11.2,11.53,11.2,True,O,11.53,feldpausch,11.2,11.53,0.78,24.8245,18.6669,18.6669,24.8245,18.6669,18.6669,
SFX_A02,75,Helicostylis sp.,Moraceae,412069.0383,9269157.539,0.65,,21.2,,,20120813,A,O,P37,17.83,17.83,feldpausch_regional,0.18,default,0.0,21.2,17.83,21.2,True,O,17.83,feldpausch,21.2,17.83,0.643,132.0055,95.5373,95.5373,132.0055,95.5373,95.5373,
SFX_A02,77,NI,NI,412060.4383,9269154.039,0.62,,26.1,,,20120813,A,O,P37,20.34,20.34,feldpausch_regional,0.18,default,0.0,26.1,20.34,26.1,True,O,20.34,feldpausch,26.1,20.34,0.7175,225.2649,161.2767,161.2767,225.2649,161.2767,161.2767,
SFX_A02,78,Dialium guianense,Fabaceae,412065.4383,9269152.039,0.89,,10.0,,,20120813,A,O,P37,10.62,10.62,feldpausch_regional,0.18,default,0.0,10.0,10.62,10.0,True,O,10.62,feldpausch,10.0,10.62,0.8964,18.3636,13.9133,13.9133,18.3636,13.9133,13.9133,
SFX_A02,79,Neea oppositifolia,Nyctaginaceae,412063.4383,9269151.039,0.89,,23.1,,,20120813,A,O,P37,18.84,18.84,feldpausch_regional,0.18,default,0.0,23.1,18.84,23.1,True,O,18.84,feldpausch,23.1,18.84,0.893,164.7063,118.6587,118.6587,164.7063,118.6587,118.6587,
SFX_A02,80,Rinorea guianensis,Violaceae,412063.1383,9269150.039,0.78,,10.5,,,20120813,A,O,P37,11.0,11.0,feldpausch_regional,0.18,default,0.0,10.5,11.0,10.5,True,O,11.0,feldpausch,10.5,11.0,0.78,20.9036,15.7869,15.7869,20.9036,15.7869,15.7869,
SFX_A02,1,Rinorea guianensis,Violaceae,412080.2555,9269026.571,0.78,,10.5,,,20120813,A,O,P38,11.0,11.0,feldpausch_regional,0.18,default,0.0,10.5,11.0,10.5,True,O,11.0,feldpausch,10.5,11.0,0.78,20.9036,15.7869,15.7869,20.9036,15.7869,15.7869,
SFX_A02,2,Inga marginata,Fabaceae,412077.9555,9269025.271,0.57,,11.6,,,20120813,A,O,P38,11.82,11.82,feldpausch_regional,0.18,default,0.0,11.6,11.82,11.6,True,O,11.82,feldpausch,11.6,11.82,0.5518,27.2369,20.4351,20.4351,27.2369,20.4351,20.4351,
SFX_A02,3,Inga marginata,Fabaceae,412077.5555,9269021.771,0.57,,13.6,,,20120813,A,O,P38,13.22,13.22,feldpausch_regional,0.18,default,0.0,13.6,13.22,13.6,True,O,13.22,feldpausch,13.6,13.22,0.5518,41.4429,30.7826,30.7826,41.4429,30.7826,30.7826,
SFX_A02,4,,,412076.5555,9269019.771,0.45,,14.5,,,20120813,D,o,P38,13.82,13.82,feldpausch_regional,0.18,default,0.0,14.5,13.82,14.5,False,O,13.82,feldpausch,14.5,13.82,0.7175,49.0441,49.0441,58.3934,49.0441,49.0441,58.3934,
SFX_A02,5,Neea oppositifolia,Nyctaginaceae,412077.5555,9269018.971,0.89,0.065055079,13.1,8.34,2.5,20120813,A,O,P38,12.88,12.88,feldpausch_regional,0.18,default,0.0,13.1,12.88,13.1,True,O,8.34,measured,13.1,8.34,0.893,24.5715,19.5937,19.5937,24.5715,19.5937,19.5937,
SFX_A02,6,Protium heptaphyllum,Burseraceae,412075.8555,9269015.771,0.62,,10.0,,,20120813,A,O,P38,10.62,10.62,feldpausch_regional,0.18,default,0.0,10.0,10.62,10.0,True,O,10.62,feldpausch,10.0,10.62,0.6293,18.3636,13.9133,13.9133,18.3636,13.9133,13.9133,
SFX_A02,7,NI,NI,412073.5555,9269012.771,0.62,0.062994482,13.0,11.81,7.38,20120813,A,O,P38,12.81,12.81,feldpausch_regional,0.18,default,0.0,13.0,12.81,13.0,True,O,11.81,measured,13.0,11.81,0.7175,33.9934,25.6476,25.6476,33.9934,25.6476,25.6476,
SFX_A02,8,Astrocaryum aculeatum,Arecaceae,412075.5555,9269011.771,,0.113871629,23.6,,,20120813,A,P,P38,19.1,19.1,feldpausch_regional,0.18,default,0.0,23.6,19.1,23.6,True,P,19.1,feldpausch,23.6,19.1,0.508,174.0498,,,174.0498,,,
SFX_A02,9,Tabebuia serratifolia,Bignoniaceae,412078.0555,9269011.371,0.92,,13.4,,,20120813,A,O,P38,13.08,13.08,feldpausch_regional,0.18,default,0.0,13.4,13.08,13.4,True,O,13.08,feldpausch,13.4,13.08,0.924,39.8454,29.6247,29.6247,39.8454,29.6247,29.6247,
SFX_A02,10,Eschweilera parviflora,Lecythidaceae,412077.9555,9269010.371,0.89,,11.7,,,20120813,A,O,P38,11.89,11.89,feldpausch_regional,0.18,default,0.0,11.7,11.89,11.7,True,O,11.89,feldpausch,11.7,11.89,0.918,27.8572,20.8896,20.8896,27.8572,20.8896,20.8896,
SFX_A02,11,Attalea maripa,Arecaceae,412080.6555,9269010.371,,0.166951727,29.0,,,20120813,A,P,P38,21.68,21.68,feldpausch_regional,0.18,default,0.0,29.0,21.68,29.0,True,P,21.68,feldpausch,29.0,21.68,0.326,294.4798,,,294.4798,,,
SFX_A02,12,Zanthoxylum rhoifolium,Rutaceae,412072.5555,9269008.471,0.49,,25.4,,,20120813,A,O,P38,20.0,20.0,feldpausch_regional,0.18,default,0.0,25.4,20.0,25.4,True,O,20.0,feldpausch,25.4,20.0,0.5692,210.1364,150.6501,150.6501,210.1364,150.6501,150.6501,
SFX_A02,13,Neea oppositifolia,Nyctaginaceae,412059.5555,9269005.771,0.89,0.061930923,13.4,7.59,4.48,20120813,A,O,P38,13.08,13.08,feldpausch_regional,0.18,default,0.0,13.4,13.08,13.4,True,O,7.59,measured,13.4,7.59,0.893,23.4253,18.9805,18.9805,23.4253,18.9805,18.9805,
SFX_A02,14,Guarea guidonia,Meliaceae,412073.5555,9269005.271,0.55,,13.1,,,20120813,A,O,P38,12.88,12.88,feldpausch_regional,0.18,default,0.0,13.1,12.88,13.1,True,O,12.88,feldpausch,13.1,12.88,0.5651,37.5536,27.9585,27.9585,37.5536,27.9585,27.9585,
SFX_A02,15,Pourouma minor,Urticaceae,412076.9555,9269002.371,0.44,0.038336033,14.0,8.64,5.87,20120813,A,O,P38,13.49,13.49,feldpausch_regional,0.18,default,0.0,14.0,13.49,14.0,True,O,8.64,measured,14.0,8.64,0.436,28.9561,23.0348,23.0348,28.9561,23.0348,23.0348,
SFX_A02,16,Inga marginata,Fabaceae,412074.5555,9269003.771,0.57,,14.5,,,20120813,A,O,P38,13.82,13.82,feldpausch_regional,0.18,default,0.0,14.5,13.82,14.5,True,O,13.82,feldpausch,14.5,13.82,0.5518,49.0441,36.2853,36.2853,49.0441,36.2853,36.2853,
SFX_A02,17,Socratea exorrhiza,Arecaceae,412073.9555,9269003.571,,0.066742805,17.7,,,20120813,A,P,P38,15.83,15.83,feldpausch_regional,0.18,default,0.0,17.7,15.83,17.7,True,P,15.83,feldpausch,17.7,15.83,0.23,82.6414,,,82.6414,,,
SFX_A02,18,NI,NI,412069.5555,9269003.171,0.62,,26.8,,,20120813,A,O,P38,20.67,20.67,feldpausch_regional,0.18,default,0.0,26.8,20.67,26.8,True,O,20.67,feldpausch,26.8,20.67,0.7175,240.964,172.2969,172.2969,240.964,172.2969,172.2969,
SFX_A02,20,NI,NI,412072.5555,9268999.171,0.62,,21.4,,,20120813,A,O,P38,17.94,17.94,feldpausch_regional,0.18,default,0.0,21.4,17.94,21.4,True,O,17.94,feldpausch,21.4,17.94,0.7175,135.2568,97.8394,97.8394,135.2568,97.8394,97.8394,
SFX_A02,21,Tachigali myrmecophila,Fabaceae,412071.5555,9268996.771,0.48,,10.7,,,20120813,A,O,P38,11.15,11.15,feldpausch_regional,0.18,default,0.0,10.7,11.15,10.7,True,O,11.15,feldpausch,10.7,11.15,0.476,21.9765,16.5767,16.5767,21.9765,16.5767,16.5767,
SFX_A02,23,,,412074.5555,9268988.771,0.6,,19.5,,,20120813,D,o,P38,16.88,16.88,feldpausch_regional,0.18,default,0.0,19.5,16.88,19.5,False,O,16.88,feldpausch,19.5,16.88,0.7175,106.2977,106.2977,126.5613,106.2977,106.2977,126.5613,
SFX_A02,24,Inga marginata,Fabaceae,412077.5555,9268989.071,0.57,,10.8,,,20120813,A,O,P38,11.23,11.23,feldpausch_regional,0.18,default,0.0,10.8,11.23,10.8,True,O,11.23,feldpausch,10.8,11.23,0.5518,22.5359,16.987,16.987,22.5359,16.987,16.987,
SFX_A02,25,Astronium gracile,Anacardiaceae,412075.5555,9268986.771,0.73,,10.5,,,20120813,A,O,P38,11.0,11.0,feldpausch_regional,0.18,default,0.0,10.5,11.0,10.5,True,O,11.0,feldpausch,10.5,11.0,0.73,20.9036,15.7869,15.7869,20.9036,15.7869,15.7869,
SFX_A02,26,Cecropia ficifolia,Urticaceae,412077.5555,9268983.771,0.27,,16.2,,,20120813,A,O,P38,14.91,14.91,feldpausch_regional,0.18,default,0.0,16.2,14.91,16.2,True,O,14.91,feldpausch,16.2,14.91,0.266,65.5765,48.1941,48.1941,65.5765,48.1941,48.1941,
SFX_A02,28,Citrus reticulata,Rutaceae,412086.5555,9269022.771,0.62,,30.2,,,20120813,A,O,P38,22.22,22.22,feldpausch_regional,0.18,default,0.0,30.2,22.22,30.2,True,O,22.22,feldpausch,30.2,22.22,0.74,326.4799,232.1186,232.1186,326.4799,232.1186,232.1186,
SFX_A02,29,Cecropia ficifolia,Urticaceae,412086.5555,9269020.771,0.27,,34.7,,,20120813,A,O,P38,24.09,24.09,feldpausch_regional,0.18,default,0.0,34.7,24.09,34.7,True,O,24.09,feldpausch,34.7,24.09,0.266,463.2939,327.3866,327.3866,463.2939,327.3866,327.3866,
SFX_A02,30,Schizolobium amazonicum,Fabaceae,412089.5555,9269020.971,0.49,,21.0,,,20120813,A,O,P38,17.72,17.72,feldpausch_regional,0.18,default,0.0,21.0,17.72,21.0,True,O,17.72,feldpausch,21.0,17.72,0.58,128.8052,93.2699,93.2699,128.8052,93.2699,93.2699,
SFX_A02,31,Jacaratia spinosa,Caricaceae,412091.5555,9269020.771,0.27,,33.9,,,20120813,A,O,P38,23.77,23.77,feldpausch_regional,0.18,default,0.0,33.9,23.77,33.9,True,O,23.77,feldpausch,33.9,23.77,0.265,436.9331,309.0656,309.0656,436.9331,309.0656,309.0656,
SFX_A02,32,Schizolobium amazonicum,Fabaceae,412092.5555,9269019.171,0.49,,17.4,,,20120813,A,O,P38,15.65,15.65,feldpausch_regional,0.18,default,0.0,17.4,15.65,17.4,True,O,15.65,feldpausch,17.4,15.65,0.58,79.0422,57.8456,57.8456,79.0422,57.8456,57.8456,
SFX_A02,33,Sapium marmieri,Euphorbiaceae,412095.5555,9269019.171,0.41,,12.4,,,20120813,A,O,P38,12.39,12.39,feldpausch_regional,0.18,default,0.0,12.4,12.39,12.4,True,O,12.39,feldpausch,12.4,12.39,0.41,32.4831,24.2681,24.2681,32.4831,24.2681,24.2681,
SFX_A02,34,Pterocarpus sp.,Fabaceae,412084.5555,9269017.771,0.51,,12.2,,,20120813,A,O,P38,12.25,12.25,feldpausch_regional,0.18,default,0.0,12.2,12.25,12.2,True,O,12.25,feldpausch,12.2,12.25,0.5838,31.1212,23.2742,23.2742,31.1212,23.2742,23.2742,
SFX_A02,35,Dalbergia melanoxylon,Fabaceae,412087.5555,9269015.771,0.8,,17.8,,,20120813,A,O,P38,15.89,15.89,feldpausch_regional,0.18,default,0.0,17.8,15.89,17.8,True,O,15.89,feldpausch,17.8,15.89,1.0772,83.8644,61.2941,61.2941,83.8644,61.2941,61.2941,
SFX_A02,36,Dalbergia melanoxylon,Fabaceae,412091.5555,9269013.971,0.8,,16.9,,,20120813,A,O,P38,15.35,15.35,feldpausch_regional,0.18,default,0.0,16.9,15.35,16.9,True,O,15.35,feldpausch,16.9,15.35,1.0772,73.2719,53.7118,53.7118,73.2719,53.7118,53.7118,
SFX_A02,37,Dalbergia melanoxylon,Fabaceae,412102.5555,9269010.771,0.8,,15.8,,,20120813,A,O,P38,14.66,14.66,feldpausch_regional,0.18,default,0.0,15.8,14.66,15.8,True,O,14.66,feldpausch,15.8,14.66,1.0772,61.4308,45.2138,45.2138,61.4308,45.2138,45.2138,
SFX_A02,38,,,412083.5555,9269012.771,0.6,,32.8,,,20120813,D,o,P38,23.32,23.32,feldpausch_regional,0.18,default,0.0,32.8,23.32,32.8,False,O,23.32,feldpausch,32.8,23.32,0.7175,402.1143,402.1143,478.7698,402.1143,402.1143,478.7698,
SFX_A02,39,Dalbergia melanoxylon,Fabaceae,412083.5555,9269007.471,0.8,,15.5,,,20120813,A,O,P38,14.47,14.47,feldpausch_regional,0.18,default,0.0,15.5,14.47,15.5,True,O,14.47,feldpausch,15.5,14.47,1.0772,58.4259,43.0513,43.0513,58.4259,43.0513,43.0513,
SFX_A02,40,Pourouma minor,Urticaceae,412090.5555,9269007.371,0.44,,12.5,,,20120813,A,O,P38,12.46,12.46,feldpausch_regional,0.18,default,0.0,12.5,12.46,12.5,True,O,12.46,feldpausch,12.5,12.46,0.436,33.1783,24.775,24.775,33.1783,24.775,24.775,
SFX_A02,41,Attalea maripa,Arecaceae,412098.5555,9269005.771,,0.255914891,36.5,23.06,20.05,20120813,A,P,P38,24.79,24.79,feldpausch_regional,0.18,default,0.0,36.5,24.79,36.5,True,P,23.06,measured,36.5,23.06,0.326,490.0124,,,490.0124,,,
SFX_A02,42,Pourouma minor,Urticaceae,412106.5555,9269004.771,0.44,,31.2,,,20120813,A,O,P38,22.65,22.65,feldpausch_regional,0.18,default,0.0,31.2,22.65,31.2,True,O,22.65,feldpausch,31.2,22.65,0.436,354.4843,251.6601,251.6601,354.4843,251.6601,251.6601,
SFX_A02,43,Dalbergia melanoxylon,Fabaceae,412104.5555,9269004.371,0.8,,17.6,,,20120813,A,O,P38,15.77,15.77,feldpausch_regional,0.18,default,0.0,17.6,15.77,17.6,True,O,15.77,feldpausch,17.6,15.77,1.0772,81.4301,59.554,59.554,81.4301,59.554,59.554,
SFX_A02,44,Inga marginata,Fabaceae,412103.5555,9269004.171,0.57,,18.0,,,20120813,A,O,P38,16.01,16.01,feldpausch_regional,0.18,default,0.0,18.0,16.01,18.0,True,O,16.01,feldpausch,18.0,16.01,0.5518,86.3453,63.0662,63.0662,86.3453,63.0662,63.0662,
SFX_A02,45,Ocotea sp.,Lauraceae,412101.5555,9269002.771,0.5,,14.1,,,20120813,A,O,P38,13.56,13.56,feldpausch_regional,0.18,default,0.0,14.1,13.56,14.1,True,O,13.56,feldpausch,14.1,13.56,0.5245,45.585,33.7821,33.7821,45.585,33.7821,33.7821,
SFX_A02,46,Castilla ulei,Moraceae,412095.5555,9269002.271,0.82,,13.9,,,20120813,A,O,P38,13.42,13.42,feldpausch_regional,0.18,default,0.0,13.9,13.42,13.9,True,O,13.42,feldpausch,13.9,13.42,0.5675,43.8846,32.553,32.553,43.8846,32.553,32.553,
SFX_A02,47,Dalbergia melanoxylon,Fabaceae,412093.5555,9269003.271,0.8,,18.8,,,20120813,A,O,P38,16.48,16.48,feldpausch_regional,0.18,default,0.0,18.8,16.48,18.8,True,O,16.48,feldpausch,18.8,16.48,1.0772,96.6868,70.4443,70.4443,96.6868,70.4443,70.4443,
SFX_A02,48,Dalbergia melanoxylon,Fabaceae,412093.5555,9269003.771,0.8,,22.7,,,20120813,A,O,P38,18.63,18.63,feldpausch_regional,0.18,default,0.0,22.7,18.63,22.7,True,O,18.63,feldpausch,22.7,18.63,1.0772,157.453,113.5391,113.5391,157.453,113.5391,113.5391,
SFX_A02,49,Astrocaryum aculeatum,Arecaceae,412089.5555,9269003.371,,0.091680978,21.0,,,20120813,A,P,P38,17.72,17.72,feldpausch_regional,0.18,default,0.0,21.0,17.72,21.0,True,P,17.72,feldpausch,21.0,17.72,0.508,128.8052,,,128.8052,,,
SFX_A02,50,Couepia racemosa,Chrysobalanaceae,412086.5555,9269004.771,0.79,,17.4,,,20120813,A,O,P38,15.65,15.65,feldpausch_regional,0.18,default,0.0,17.4,15.65,17.4,True,O,15.65,feldpausch,17.4,15.65,0.7861,79.0422,57.8456,57.8456,79.0422,57.8456,57.8456,
SFX_A02,51,Clusia insignis,Clusiaceae,412088.5555,9268997.771,0.56,,14.1,,,20120813,A,O,P38,13.56,13.56,feldpausch_regional,0.18,default,0.0,14.1,13.56,14.1,True,O,13.56,feldpausch,14.1,13.56,0.56,45.585,33.7821,33.7821,45.585,33.7821,33.7821,
SFX_A02,52,NI,NI,412088.8555,9268997.571,0.62,,10.0,,,20120813,A,O,P38,10.62,10.62,feldpausch_regional,0.18,default,0.0,10.0,10.62,10.0,True,O,10.62,feldpausch,10.0,10.62,0.7175,18.3636,13.9133,13.9133,18.3636,13.9133,13.9133,
SFX_A02,53,Attalea maripa,Arecaceae,412089.8555,9268996.571,,0.169096175,29.2,,,20120813,A,P,P38,21.77,21.77,feldpausch_regional,0.18,default,0.0,29.2,21.77,29.2,True,P,21.77,feldpausch,29.2,21.77,0.326,299.6663,,,299.6663,,,
SFX_A02,54,Ocotea sp.,Lauraceae,412088.5555,9268992.771,0.5,,12.9,,,20120813,A,O,P38,12.74,12.74,feldpausch_regional,0.18,default,0.0,12.9,12.74,12.9,True,O,12.74,feldpausch,12.9,12.74,0.5245,36.056,26.87,26.87,36.056,26.87,26.87,
SFX_A02,55,Neea oppositifolia,Nyctaginaceae,412088.1555,9268992.571,0.89,,12.6,,,20120813,A,O,P38,12.53,12.53,feldpausch_regional,0.18,default,0.0,12.6,12.53,12.6,True,O,12.53,feldpausch,12.6,12.53,0.893,33.8832,25.2886,25.2886,33.8832,25.2886,25.2886,
SFX_A02,56,Sapium marmieri,Euphorbiaceae,412089.5555,9268992.471,0.41,,15.4,,,20120813,A,O,P38,14.41,14.41,feldpausch_regional,0.18,default,0.0,15.4,14.41,15.4,True,O,14.41,feldpausch,15.4,14.41,0.41,57.4589,42.3534,42.3534,57.4589,42.3534,42.3534,
SFX_A02,57,NI,NI,412090.5555,9268991.771,0.62,,12.6,,,20120813,A,O,P38,12.53,12.53,feldpausch_regional,0.18,default,0.0,12.6,12.53,12.6,True,O,12.53,feldpausch,12.6,12.53,0.7175,33.8832,25.2886,25.2886,33.8832,25.2886,25.2886,
SFX_A02,1,Brosimum rubescens,Moraceae,412106.9865,9268848.195,0.83,,21.2,,,20120813,A,O,P39,17.83,17.83,feldpausch_regional,0.18,default,0.0,21.2,17.83,21.2,True,O,17.83,feldpausch,21.2,17.83,0.8251,132.0055,95.5373,95.5373,132.0055,95.5373,95.5373,
SFX_A02,2,Poeppigia sp.,Fabaceae,412104.9865,9268844.595,0.69,,22.0,,,20120813,A,O,P39,18.26,18.26,feldpausch_regional,0.18,default,0.0,22.0,18.26,22.0,True,O,18.26,feldpausch,22.0,18.26,0.735,145.2428,104.9089,104.9089,145.2428,104.9089,104.9089,
SFX_A02,3,Cordia scabrifolia,Boraginaceae,412104.9865,9268843.195,0.47,,18.4,,,20120813,A,O,P39,16.25,16.25,feldpausch_regional,0.18,default,0.0,18.4,16.25,18.4,True,O,16.25,feldpausch,18.4,16.25,0.474,91.4488,66.7073,66.7073,91.4488,66.7073,66.7073,
SFX_A02,4,Galipea trifoliata,NI,412101.9865,9268840.195,0.62,,14.1,,,20120813,A,O,P39,13.56,13.56,feldpausch_regional,0.18,default,0.0,14.1,13.56,14.1,True,O,13.56,feldpausch,14.1,13.56,0.997,45.585,33.7821,33.7821,45.585,33.7821,33.7821,
SFX_A02,5,Dalbergia melanoxylon,Fabaceae,412100.9865,9268835.195,0.8,1.605699052,42.9,21.41,14.87,20120813,A,O,P39,27.07,27.07,feldpausch_regional,0.18,default,0.0,42.9,27.07,42.9,True,O,21.41,measured,42.9,21.41,1.0772,624.7398,454.3792,454.3792,624.7398,454.3792,454.3792,
SFX_A02,6,Galipea trifoliata,NI,412096.9865,9268833.395,0.62,,16.2,,,20120813,A,O,P39,14.91,14.91,feldpausch_regional,0.18,default,0.0,16.2,14.91,16.2,True,O,14.91,feldpausch,16.2,14.91,0.997,65.5765,48.1941,48.1941,65.5765,48.1941,48.1941,
SFX_A02,7,Jacaranda copaia,Bignoniaceae,412101.9865,9268831.995,0.35,,21.1,,,20120813,A,O,P39,17.78,17.78,feldpausch_regional,0.18,default,0.0,21.1,17.78,21.1,True,O,17.78,feldpausch,21.1,17.78,0.3507,130.4348,94.421,94.421,130.4348,94.421,94.421,
SFX_A02,8,Theobroma glaucum,Malvaceae,412102.9865,9268828.595,0.53,,10.5,,,20120813,A,O,P39,11.0,11.0,feldpausch_regional,0.18,default,0.0,10.5,11.0,10.5,True,O,11.0,feldpausch,10.5,11.0,0.5297,20.9036,15.7869,15.7869,20.9036,15.7869,15.7869,
SFX_A02,9,Minquartia guianensis,Olacaceae,412099.9865,9268828.595,0.77,,14.2,,,20120813,A,O,P39,13.62,13.62,feldpausch_regional,0.18,default,0.0,14.2,13.62,14.2,True,O,13.62,feldpausch,14.2,13.62,0.7867,46.4178,34.3869,34.3869,46.4178,34.3869,34.3869,
SFX_A02,10,Galipea trifoliata,NI,412100.9865,9268828.195,0.62,,14.9,,,20120813,A,O,P39,14.08,14.08,feldpausch_regional,0.18,default,0.0,14.9,14.08,14.9,True,O,14.08,feldpausch,14.9,14.08,0.997,52.6692,38.9035,38.9035,52.6692,38.9035,38.9035,
SFX_A02,11,Jacaranda copaia,Bignoniaceae,412100.6865,9268827.595,0.35,0.509495649,36.4,21.37,13.49,20120813,A,O,P39,24.75,24.75,feldpausch_regional,0.18,default,0.0,36.4,24.75,36.4,True,O,21.37,measured,36.4,21.37,0.3507,452.5013,326.6197,326.6197,452.5013,326.6197,326.6197,
SFX_A02,12,Dalbergia melanoxylon,Fabaceae,412098.9865,9268827.395,0.8,1.335841223,51.7,12.27,8.74,20120813,A,O,P39,29.77,29.77,feldpausch_regional,0.18,default,0.0,51.7,29.77,51.7,True,O,12.27,measured,51.7,12.27,1.0772,522.2838,418.5192,418.5192,522.2838,418.5192,418.5192,
SFX_A02,13,Dalbergia melanoxylon,Fabaceae,412086.9865,9268825.195,0.8,1.587905166,47.0,17.64,6.38,20120813,A,O,P39,28.38,28.38,feldpausch_regional,0.18,default,0.0,47.0,28.38,47.0,True,O,17.64,measured,47.0,17.64,1.0772,617.9856,465.4693,465.4693,617.9856,465.4693,465.4693,
SFX_A02,14,,,412093.9865,9268824.695,0.7,0.327373854,40.4,6.67,,20120813,D,o,P39,26.21,26.21,feldpausch_regional,0.18,default,0.0,40.4,26.21,40.4,False,O,6.67,measured,40.4,6.67,0.7175,178.018,178.018,211.9538,178.018,178.018,211.9538,
SFX_A02,15,Theobroma glaucum,Malvaceae,412087.9865,9268825.195,0.53,,15.2,,,20120813,A,O,P39,14.28,14.28,feldpausch_regional,0.18,default,0.0,15.2,14.28,15.2,True,O,14.28,feldpausch,15.2,14.28,0.5297,55.518,40.9557,40.9557,55.518,40.9557,40.9557,
SFX_A02,16,Bertholletia excelsa,Lecythidaceae,412084.9865,9268824.195,0.64,0.232234135,12.5,45.63,26.87,20120813,A,O,P39,12.46,12.46,feldpausch_regional,0.18,default,0.0,12.5,12.46,12.5,True,O,45.63,measured,12.5,45.63,0.638,117.7762,71.6385,71.6385,117.7762,71.6385,71.6385,
SFX_A02,17,Strychnos subcordata,Loganiaceae,412086.9865,9268824.195,0.54,,16.4,,,20120813,A,O,P39,15.04,15.04,feldpausch_regional,0.18,default,0.0,16.4,15.04,16.4,True,O,15.04,feldpausch,16.4,15.04,0.6959,67.7376,49.7434,49.7434,67.7376,49.7434,49.7434,
SFX_A02,18,Lacunaria jenmanii,Quiinaceae,412094.9865,9268824.195,0.8,,11.4,,,20120813,A,O,P39,11.67,11.67,feldpausch_regional,0.18,default,0.0,11.4,11.67,11.4,True,O,11.67,feldpausch,11.4,11.67,0.8043,26.0016,19.5314,19.5314,26.0016,19.5314,19.5314,
SFX_A02,19,Laetia procera,Salicaceae,412103.3865,9268827.195,0.63,,24.9,,,20120813,A,O,P39,19.75,19.75,feldpausch_regional,0.18,default,0.0,24.9,19.75,24.9,True,O,19.75,feldpausch,24.9,19.75,0.6481,199.6711,143.2953,143.2953,199.6711,143.2953,143.2953,
SFX_A02,20,Bocageopsis pleiosperma,Annonaceae,412104.9865,9268825.195,0.64,0.825950069,35.5,20.11,12.29,20120813,A,O,P39,24.4,24.4,feldpausch_regional,0.18,default,0.0,35.5,24.4,35.5,True,O,20.11,measured,35.5,20.11,0.6402,406.1034,295.6019,295.6019,406.1034,295.6019,295.6019,
SFX_A02,21,Laetia procera,Salicaceae,412104.9865,9268822.795,0.63,,13.7,,,20120813,A,O,P39,13.29,13.29,feldpausch_regional,0.18,default,0.0,13.7,13.29,13.7,True,O,13.29,feldpausch,13.7,13.29,0.6481,42.2571,31.3721,31.3721,42.2571,31.3721,31.3721,
SFX_A02,22,Rinorea guianensis,Violaceae,412102.9865,9268819.195,0.78,,19.2,,,20120813,A,O,P39,16.71,16.71,feldpausch_regional,0.18,default,0.0,19.2,16.71,19.2,True,O,16.71,feldpausch,19.2,16.71,0.78,102.115,74.3116,74.3116,102.115,74.3116,74.3116,
SFX_A02,23,Galipea trifoliata,NI,412100.9865,9268817.195,0.62,,15.1,,,20120813,A,O,P39,14.21,14.21,feldpausch_regional,0.18,default,0.0,15.1,14.21,15.1,True,O,14.21,feldpausch,15.1,14.21,0.997,54.5451,40.2564,40.2564,54.5451,40.2564,40.2564,
SFX_A02,24,Dalbergia melanoxylon,Fabaceae,412098.9865,9268821.195,0.8,,25.2,,,20120813,A,O,P39,19.9,19.9,feldpausch_regional,0.18,default,0.0,25.2,19.9,25.2,True,O,19.9,feldpausch,25.2,19.9,1.0772,205.9089,147.6802,147.6802,205.9089,147.6802,147.6802,
SFX_A02,25,Rheedia gardneriana,Clusiaceae,412098.3865,9268822.195,0.62,,10.4,,,20120813,A,O,P39,10.93,10.93,feldpausch_regional,0.18,default,0.0,10.4,10.93,10.4,True,O,10.93,feldpausch,10.4,10.93,0.7175,20.3893,15.407,15.407,20.3893,15.407,15.407,
SFX_A02,26,Dalbergia melanoxylon,Fabaceae,412095.9865,9268817.195,0.8,1.158503921,42.0,16.12,9.95,20120813,A,O,P39,26.77,26.77,feldpausch_regional,0.18,default,0.0,42.0,26.77,42.0,True,O,16.12,measured,42.0,16.12,1.0772,454.3929,345.2889,345.2889,454.3929,345.2889,345.2889,
SFX_A02,27,Ocotea sp.,Lauraceae,412088.9865,9268820.195,0.5,,12.4,,,20120813,A,O,P39,12.39,12.39,feldpausch_regional,0.18,default,0.0,12.4,12.39,12.4,True,O,12.39,feldpausch,12.4,12.39,0.5245,32.4831,24.2681,24.2681,32.4831,24.2681,24.2681,
SFX_A02,28,Galipea trifoliata,NI,412088.6865,9268819.995,0.62,,12.6,,,20120813,A,O,P39,12.53,12.53,feldpausch_regional,0.18,default,0.0,12.6,12.53,12.6,True,O,12.53,feldpausch,12.6,12.53,0.997,33.8832,25.2886,25.2886,33.8832,25.2886,25.2886,
SFX_A02,29,Dalbergia melanoxylon,Fabaceae,412087.9865,9268820.195,0.8,1.045614544,40.5,15.65,7.14,20120813,A,O,P39,26.25,26.25,feldpausch_regional,0.18,default,0.0,40.5,26.25,40.5,True,O,15.65,measured,40.5,15.65,1.0772,411.2055,313.3879,313.3879,411.2055,313.3879,313.3879,
SFX_A02,30,Theobroma glaucum,Malvaceae,412084.9865,9268819.195,0.53,,11.3,,,20120813,A,O,P39,11.6,11.6,feldpausch_regional,0.18,default,0.0,11.3,11.6,11.3,True,O,11.6,feldpausch,11.3,11.6,0.5297,25.4086,19.096,19.096,25.4086,19.096,19.096,
SFX_A02,31,Pourouma minor,Urticaceae,412091.9865,9268817.195,0.44,,14.2,,,20120813,A,O,P39,13.62,13.62,feldpausch_regional,0.18,default,0.0,14.2,13.62,14.2,True,O,13.62,feldpausch,14.2,13.62,0.436,46.4178,34.3869,34.3869,46.4178,34.3869,34.3869,
SFX_A02,32,Pourouma minor,Urticaceae,412093.9865,9268816.595,0.44,,18.1,,,20120813,A,O,P39,16.07,16.07,feldpausch_regional,0.18,default,0.0,18.1,16.07,18.1,True,O,16.07,feldpausch,18.1,16.07,0.436,87.6034,63.9643,63.9643,87.6034,63.9643,63.9643,
SFX_A02,33,Neea oppositifolia,Nyctaginaceae,412100.9865,9268815.795,0.89,,10.1,,,20120813,A,O,P39,10.7,10.7,feldpausch_regional,0.18,default,0.0,10.1,10.7,10.1,True,O,10.7,feldpausch,10.1,10.7,0.893,18.8614,14.2803,14.2803,18.8614,14.2803,14.2803,
SFX_A02,34,NI,NI,412102.9865,9268815.595,0.62,0.070115135,14.0,11.34,7.14,20120813,A,O,P39,13.49,13.49,feldpausch_regional,0.18,default,0.0,14.0,13.49,14.0,True,O,11.34,measured,14.0,11.34,0.7175,37.7576,28.7733,28.7733,37.7576,28.7733,28.7733,
SFX_A02,35,NI,NI,412105.7865,9268814.795,0.62,,12.0,,,20120813,A,O,P39,12.11,12.11,feldpausch_regional,0.18,default,0.0,12.0,12.11,12.0,True,O,12.11,feldpausch,12.0,12.11,0.7175,29.7969,22.3066,22.3066,29.7969,22.3066,22.3066,
SFX_A02,36,Galipea trifoliata,NI,412104.9865,9268813.795,0.62,,13.6,,,20120813,A,O,P39,13.22,13.22,feldpausch_regional,0.18,default,0.0,13.6,13.22,13.6,True,O,13.22,feldpausch,13.6,13.22,0.997,41.4429,30.7826,30.7826,41.4429,30.7826,30.7826,
SFX_A02,37,Inga marginata,Fabaceae,412102.9865,9268807.195,0.57,,13.5,,,20120813,A,O,P39,13.15,13.15,feldpausch_regional,0.18,default,0.0,13.5,13.15,13.5,True,O,13.15,feldpausch,13.5,13.15,0.5518,40.6391,30.2001,30.2001,40.6391,30.2001,30.2001,
SFX_A02,38,Minquartia guianensis,Olacaceae,412101.9865,9268809.195,0.77,,11.9,,,20120813,A,O,P39,12.03,12.03,feldpausch_regional,0.18,default,0.0,11.9,12.03,11.9,True,O,12.03,feldpausch,11.9,12.03,0.7867,29.1251,21.8178,21.8178,29.1251,21.8178,21.8178,
SFX_A02,39,Theobroma glaucum,Malvaceae,412098.9865,9268810.195,0.53,0.055993911,12.5,13.29,8.53,20120813,A,O,P39,12.46,12.46,feldpausch_regional,0.18,default,0.0,12.5,12.46,12.5,True,O,13.29,measured,12.5,13.29,0.5297,35.3337,26.117,26.117,35.3337,26.117,26.117,
SFX_A02,40,Apeiba echinata,Malvaceae,412092.9865,9268811.195,0.28,,19.4,,,20120813,A,O,P39,16.83,16.83,feldpausch_regional,0.18,default,0.0,19.4,16.83,19.4,True,O,16.83,feldpausch,19.4,16.83,0.2822,104.932,76.3132,76.3132,104.932,76.3132,76.3132,
SFX_A02,42,Mimosa hostilis,Fabaceae,412098.9865,9268808.195,0.45,,31.2,,,20120813,A,O,P39,22.65,22.65,feldpausch_regional,0.18,default,0.0,31.2,22.65,31.2,True,O,22.65,feldpausch,31.2,22.65,0.8235,354.4843,251.6601,251.6601,354.4843,251.6601,251.6601,
SFX_A02,43,Jacaratia spinosa,Caricaceae,412099.9865,9268807.195,0.27,1.116440338,58.8,23.94,17.66,20120813,A,O,P39,31.64,31.64,feldpausch_regional,0.18,default,0.0,58.8,31.64,58.8,True,O,23.94,measured,58.8,23.94,0.265,1289.1706,935.2714,935.2714,1289.1706,935.2714,935.2714,
SFX_A02,44,,,412102.9865,9268804.195,,0.014601611,13.2,,,20120813,A,L,P39,12.95,12.95,feldpausch_regional,0.18,default,0.0,13.2,12.95,13.2,True,L,12.95,feldpausch,13.2,12.95,0.7175,38.3174,28.5131,28.5131,38.3174,28.5131,28.5131,
SFX_A02,45,Theobroma glaucum,Malvaceae,412102.7865,9268834.195,0.53,,12.2,,,20120813,A,O,P39,12.25,12.25,feldpausch_regional,0.18,default,0.0,12.2,12.25,12.2,True,O,12.25,feldpausch,12.2,12.25,0.5297,31.1212,23.2742,23.2742,31.1212,23.2742,23.2742,
SFX_A02,46,Theobroma glaucum,Malvaceae,412102.5865,9268803.895,0.53,,10.3,,,20120813,A,O,P39,10.85,10.85,feldpausch_regional,0.18,default,0.0,10.3,10.85,10.3,True,O,10.85,feldpausch,10.3,10.85,0.5297,19.8654,15.0216,15.0216,19.8654,15.0216,15.0216,
SFX_A02,47,,,412101.2865,9268802.195,0.45,0.359150779,38.2,14.7,,20120813,D,o,P39,25.42,25.42,feldpausch_regional,0.18,default,0.0,38.2,25.42,38.2,False,O,14.7,measured,38.2,14.7,0.7175,345.1041,345.1041,410.8917,345.1041,345.1041,410.8917,
SFX_A02,48,Cecropia ficifolia,Urticaceae,412101.1865,9268802.195,0.27,0.831569249,44.2,31.44,25.31,20120813,A,O,P39,27.5,27.5,feldpausch_regional,0.18,default,0.0,44.2,27.5,44.2,True,O,31.44,measured,44.2,31.44,0.266,963.5359,660.4573,660.4573,963.5359,660.4573,660.4573,
SFX_A02,49,Cordia scabrifolia,Boraginaceae,412103.3865,9268801.195,0.47,,17.6,,,20120813,A,O,P39,15.77,15.77,feldpausch_regional,0.18,default,0.0,17.6,15.77,17.6,True,O,15.77,feldpausch,17.6,15.77,0.474,81.4301,59.554,59.554,81.4301,59.554,59.554,
SFX_A02,50,Theobroma glaucum,Malvaceae,412105.9865,9268799.995,0.53,,12.4,,,20120813,A,O,P39,12.39,12.39,feldpausch_regional,0.18,default,0.0,12.4,12.39,12.4,True,O,12.39,feldpausch,12.4,12.39,0.5297,32.4831,24.2681,24.2681,32.4831,24.2681,24.2681,
SFX_A02,51,Galipea trifoliata,NI,412106.3865,9268799.795,0.62,,12.1,,,20120813,A,O,P39,12.18,12.18,feldpausch_regional,0.18,default,0.0,12.1,12.18,12.1,True,O,12.18,feldpausch,12.1,12.18,0.997,30.4544,22.7871,22.7871,30.4544,22.7871,22.7871,
SFX_A02,54,,,412110.9865,9268846.195,0.28,,34.0,,,20120813,D,o,P39,23.81,23.81,feldpausch_regional,0.18,default,0.0,34.0,23.81,34.0,False,O,23.81,feldpausch,34.0,23.81,0.7175,440.1743,440.1743,524.0853,440.1743,440.1743,524.0853,
SFX_A02,55,Mayna odorata,Flacourtiaceae,412113.9865,9268842.195,0.62,,12.6,,,20120813,A,O,P39,12.53,12.53,feldpausch_regional,0.18,default,0.0,12.6,12.53,12.6,True,O,12.53,feldpausch,12.6,12.53,0.7175,33.8832,25.2886,25.2886,33.8832,25.2886,25.2886,
SFX_A02,56,Zollernia paraensis,Fabaceae,412113.9865,9268841.195,0.99,,13.8,,,20120813,A,O,P39,13.36,13.36,feldpausch_regional,0.18,default,0.0,13.8,13.36,13.8,True,O,13.36,feldpausch,13.8,13.36,0.99,43.0816,31.9689,31.9689,43.0816,31.9689,31.9689,
SFX_A02,57,Dalbergia melanoxylon,Fabaceae,412114.2865,9268840.195,0.8,1.548341676,60.7,10.31,5.45,20120813,A,O,P39,32.1,32.1,feldpausch_regional,0.18,default,0.0,60.7,32.1,60.7,True,O,10.31,measured,60.7,10.31,1.0772,602.817,500.3598,500.3598,602.817,500.3598,500.3598,
SFX_A02,58,Dalbergia melanoxylon,Fabaceae,412117.9865,9268836.195,0.8,2.539360796,49.6,25.33,17.74,20120813,A,O,P39,29.16,29.16,feldpausch_regional,0.18,default,0.0,49.6,29.16,49.6,True,O,25.33,measured,49.6,25.33,1.0772,977.2122,696.9416,696.9416,977.2122,696.9416,696.9416,
SFX_A02,59,Lacunaria jenmanii,Quiinaceae,412116.9865,9268836.195,0.8,,11.7,,,20120813,A,O,P39,11.89,11.89,feldpausch_regional,0.18,default,0.0,11.7,11.89,11.7,True,O,11.89,feldpausch,11.7,11.89,0.8043,27.8572,20.8896,20.8896,27.8572,20.8896,20.8896,
SFX_A02,60,Protium heptaphyllum,Burseraceae,412108.0865,9268839.195,0.62,,12.7,,,20120813,A,O,P39,12.6,12.6,feldpausch_regional,0.18,default,0.0,12.7,12.6,12.7,True,O,12.6,feldpausch,12.7,12.6,0.6293,34.5977,25.8089,25.8089,34.5977,25.8089,25.8089,
SFX_A02,61,Theobroma glaucum,Malvaceae,412110.9865,9268834.195,0.53,,11.2,,,20120813,A,O,P39,11.53,11.53,feldpausch_regional,0.18,default,0.0,11.2,11.53,11.2,True,O,11.53,feldpausch,11.2,11.53,0.5297,24.8245,18.6669,18.6669,24.8245,18.6669,18.6669,
SFX_A02,62,Galipea trifoliata,NI,412109.9865,9268832.195,0.62,,12.0,,,20120813,A,O,P39,12.11,12.11,feldpausch_regional,0.18,default,0.0,12.0,12.11,12.0,True,O,12.11,feldpausch,12.0,12.11,0.997,29.7969,22.3066,22.3066,29.7969,22.3066,22.3066,
SFX_A02,63,Poeppigia sp.,Fabaceae,412113.5865,9268831.195,0.69,,10.0,,,20120813,A,O,P39,10.62,10.62,feldpausch_regional,0.18,default,0.0,10.0,10.62,10.0,True,O,10.62,feldpausch,10.0,10.62,0.735,18.3636,13.9133,13.9133,18.3636,13.9133,13.9133,
SFX_A02,64,Dalbergia melanoxylon,Fabaceae,412114.9865,9268829.595,0.8,,11.0,,,20120813,A,O,P39,11.38,11.38,feldpausch_regional,0.18,default,0.0,11.0,11.38,11.0,True,O,11.38,feldpausch,11.0,11.38,1.0772,23.6621,17.8143,17.8143,23.6621,17.8143,17.8143,
SFX_A02,65,Guarea guidonia,Meliaceae,412115.6865,9268829.595,0.55,,13.2,,,20120813,A,O,P39,12.95,12.95,feldpausch_regional,0.18,default,0.0,13.2,12.95,13.2,True,O,12.95,feldpausch,13.2,12.95,0.5651,38.3174,28.5131,28.5131,38.3174,28.5131,28.5131,
SFX_A02,66,Clarisia racemosa,Moraceae,412117.5865,9268831.395,0.59,,14.2,,,20120813,A,O,P39,13.62,13.62,feldpausch_regional,0.18,default,0.0,14.2,13.62,14.2,True,O,13.62,feldpausch,14.2,13.62,0.5854,46.4178,34.3869,34.3869,46.4178,34.3869,34.3869,
SFX_A02,67,Inga marginata,Fabaceae,412117.9865,9268828.795,0.57,,18.5,,,20120813,A,O,P39,16.31,16.31,feldpausch_regional,0.18,default,0.0,18.5,16.31,18.5,True,O,16.31,feldpausch,18.5,16.31,0.5518,92.7545,67.6379,67.6379,92.7545,67.6379,67.6379,
SFX_A02,68,Dalbergia melanoxylon,Fabaceae,412120.9865,9268828.195,0.8,1.005815157,41.0,14.69,12.78,20120813,A,O,P39,26.42,26.42,feldpausch_regional,0.18,default,0.0,41.0,26.42,41.0,True,O,14.69,measured,41.0,14.69,1.0772,395.9388,304.9657,304.9657,395.9388,304.9657,304.9657,
SFX_A02,69,Sapium marmieri,Euphorbiaceae,412123.9865,9268827.195,0.41,,31.3,,,20120813,A,O,P39,22.69,22.69,feldpausch_regional,0.18,default,0.0,31.3,22.69,31.3,True,O,22.69,feldpausch,31.3,22.69,0.41,357.3203,253.6418,253.6418,357.3203,253.6418,253.6418,
SFX_A02,70,Dalbergia melanoxylon,Fabaceae,412124.9865,9268828.195,0.8,,34.2,,,20120813,A,O,P39,23.89,23.89,feldpausch_regional,0.18,default,0.0,34.2,23.89,34.2,True,O,23.89,feldpausch,34.2,23.89,1.0772,446.7027,315.8584,315.8584,446.7027,315.8584,315.8584,
SFX_A02,71,Zanthoxylum rhoifolium,Rutaceae,412128.9865,9268829.895,0.49,,22.6,,,20120813,A,O,P39,18.58,18.58,feldpausch_regional,0.18,default,0.0,22.6,18.58,22.6,True,O,18.58,feldpausch,22.6,18.58,0.5692,155.693,112.2938,112.2938,155.693,112.2938,112.2938,
SFX_A02,72,Dalbergia melanoxylon,Fabaceae,412129.9865,9268827.495,0.8,,33.0,,,20120813,A,O,P39,23.4,23.4,feldpausch_regional,0.18,default,0.0,33.0,23.4,33.0,True,O,23.4,feldpausch,33.0,23.4,1.0772,408.2767,289.1385,289.1385,408.2767,289.1385,289.1385,
SFX_A02,73,Dimorphandra macrostachya,Fabaceae,412122.9865,9268826.195,0.6,,24.9,,,20120813,A,O,P39,19.75,19.75,feldpausch_regional,0.18,default,0.0,24.9,19.75,24.9,True,O,19.75,feldpausch,24.9,19.75,0.695,199.6711,143.2953,143.2953,199.6711,143.2953,143.2953,
SFX_A02,74,,,412120.9865,9268825.595,0.58,,11.2,,,20120813,D,o,P39,11.53,11.53,feldpausch_regional,0.18,default,0.0,11.2,11.53,11.2,False,O,11.53,feldpausch,11.2,11.53,0.7175,24.8245,24.8245,29.5568,24.8245,24.8245,29.5568,
SFX_A02,75,Neea oppositifolia,Nyctaginaceae,412119.9865,9268825.195,0.89,,12.9,,,20120813,A,O,P39,12.74,12.74,feldpausch_regional,0.18,default,0.0,12.9,12.74,12.9,True,O,12.74,feldpausch,12.9,12.74,0.893,36.056,26.87,26.87,36.056,26.87,26.87,
SFX_A02,76,Dalbergia melanoxylon,Fabaceae,412110.9865,9268826.195,0.8,0.141515402,13.5,19.06,11.24,20120813,A,O,P39,13.15,13.15,feldpausch_regional,0.18,default,0.0,13.5,13.15,13.5,True,O,19.06,measured,13.5,19.06,1.0772,58.3811,40.9136,40.9136,58.3811,40.9136,40.9136,
SFX_A02,77,Dalbergia melanoxylon,Fabaceae,412109.9865,9268822.195,0.8,,12.2,,,20120813,A,O,P39,12.25,12.25,feldpausch_regional,0.18,default,0.0,12.2,12.25,12.2,True,O,12.25,feldpausch,12.2,12.25,1.0772,31.1212,23.2742,23.2742,31.1212,23.2742,23.2742,
SFX_A02,78,,,412111.9865,9268821.595,0.6,,13.2,,,20120813,D,o,P39,12.95,12.95,feldpausch_regional,0.18,default,0.0,13.2,12.95,13.2,False,O,12.95,feldpausch,13.2,12.95,0.7175,38.3174,38.3174,45.6219,38.3174,38.3174,45.6219,
SFX_A02,79,Pourouma minor,Urticaceae,412112.9865,9268821.595,0.44,,23.3,,,20120813,A,O,P39,18.94,18.94,feldpausch_regional,0.18,default,0.0,23.3,18.94,23.3,True,O,18.94,feldpausch,23.3,18.94,0.436,168.3691,121.2462,121.2462,168.3691,121.2462,121.2462,
SFX_A02,80,Dalbergia melanoxylon,Fabaceae,412121.9865,9268821.495,0.8,,23.0,,,20120813,A,O,P39,18.79,18.79,feldpausch_regional,0.18,default,0.0,23.0,18.79,23.0,True,O,18.79,feldpausch,23.0,18.79,1.0772,162.8943,117.3781,117.3781,162.8943,117.3781,117.3781,
SFX_A02,81,Rinorea guianensis,Violaceae,412122.9865,9268822.195,0.78,,11.6,,,20120813,A,O,P39,11.82,11.82,feldpausch_regional,0.18,default,0.0,11.6,11.82,11.6,True,O,11.82,feldpausch,11.6,11.82,0.78,27.2369,20.4351,20.4351,27.2369,20.4351,20.4351,
SFX_A02,82,Zollernia paraensis,Fabaceae,412127.9865,9268822.195,0.99,,13.7,,,20120813,A,O,P39,13.29,13.29,feldpausch_regional,0.18,default,0.0,13.7,13.29,13.7,True,O,13.29,feldpausch,13.7,13.29,0.99,42.2571,31.3721,31.3721,42.2571,31.3721,31.3721,
SFX_A02,83,Rinorea guianensis,Violaceae,412129.9865,9268821.195,0.78,,11.6,,,20120813,A,O,P39,11.82,11.82,feldpausch_regional,0.18,default,0.0,11.6,11.82,11.6,True,O,11.82,feldpausch,11.6,11.82,0.78,27.2369,20.4351,20.4351,27.2369,20.4351,20.4351,
SFX_A02,84,Theobroma glaucum,Malvaceae,412131.9865,9268820.595,0.53,,11.2,,,20120813,A,O,P39,11.53,11.53,feldpausch_regional,0.18,default,0.0,11.2,11.53,11.2,True,O,11.53,feldpausch,11.2,11.53,0.5297,24.8245,18.6669,18.6669,24.8245,18.6669,18.6669,
SFX_A02,86,,,412109.9865,9268817.995,,0.014322717,12.7,,,20120813,A,L,P39,12.6,12.6,feldpausch_regional,0.18,default,0.0,12.7,12.6,12.7,True,L,12.6,feldpausch,12.7,12.6,0.7175,34.5977,25.8089,25.8089,34.5977,25.8089,25.8089,
SFX_A02,87,Dalbergia melanoxylon,Fabaceae,412109.2865,9268816.195,0.8,,16.6,,,20120813,A,O,P39,15.16,15.16,feldpausch_regional,0.18,default,0.0,16.6,15.16,16.6,True,O,15.16,feldpausch,16.6,15.16,1.0772,69.8995,51.2965,51.2965,69.8995,51.2965,51.2965,
SFX_A02,88,Vitex triflora,Lamiaceae,412112.9865,9268816.195,0.56,,11.5,,,20120813,A,O,P39,11.75,11.75,feldpausch_regional,0.18,default,0.0,11.5,11.75,11.5,True,O,11.75,feldpausch,11.5,11.75,0.5482,26.6256,19.9869,19.9869,26.6256,19.9869,19.9869,
SFX_A02,89,NI,NI,412116.9865,9268817.195,0.62,,11.5,,,20120813,A,O,P39,11.75,11.75,feldpausch_regional,0.18,default,0.0,11.5,11.75,11.5,True,O,11.75,feldpausch,11.5,11.75,0.7175,26.6256,19.9869,19.9869,26.6256,19.9869,19.9869,
SFX_A02,90,Capirona huberiana,Rubiaceae,412123.9865,9268816.595,0.59,1.871611634,41.6,35.83,25.1,20120813,A,O,P39,26.63,26.63,feldpausch_regional,0.18,default,0.0,41.6,26.63,41.6,True,O,35.83,measured,41.6,35.83,0.593,972.469,651.0585,651.0585,972.469,651.0585,651.0585,
SFX_A02,91,Theobroma glaucum,Malvaceae,412124.9865,9268815.595,0.53,,15.6,,,20120813,A,O,P39,14.54,14.54,feldpausch_regional,0.18,default,0.0,15.6,14.54,15.6,True,O,14.54,feldpausch,15.6,14.54,0.5297,59.4433,43.7811,43.7811,59.4433,43.7811,43.7811,
SFX_A02,92,Neea oppositifolia,Nyctaginaceae,412125.9865,9268815.195,0.89,,12.8,,,20120813,A,O,P39,12.67,12.67,feldpausch_regional,0.18,default,0.0,12.8,12.67,12.8,True,O,12.67,feldpausch,12.8,12.67,0.893,35.3219,26.3361,26.3361,35.3219,26.3361,26.3361,
SFX_A02,93,Apeiba echinata,Malvaceae,412120.9865,9268814.195,0.28,,14.0,,,20120813,A,O,P39,13.49,13.49,feldpausch_regional,0.18,default,0.0,14.0,13.49,14.0,True,O,13.49,feldpausch,14.0,13.49,0.2822,44.7295,33.1639,33.1639,44.7295,33.1639,33.1639,
SFX_A02,94,Ormosia grossa,Fabaceae,412122.9865,9268812.595,0.62,,13.7,,,20120813,A,O,P39,13.29,13.29,feldpausch_regional,0.18,default,0.0,13.7,13.29,13.7,True,O,13.29,feldpausch,13.7,13.29,0.5906,42.2571,31.3721,31.3721,42.2571,31.3721,31.3721,
SFX_A02,95,Sapium marmieri,Euphorbiaceae,412119.9865,9268810.195,0.41,,32.5,,,20120813,A,O,P39,23.2,23.2,feldpausch_regional,0.18,default,0.0,32.5,23.2,32.5,True,O,23.2,feldpausch,32.5,23.2,0.41,392.9826,278.4809,278.4809,392.9826,278.4809,278.4809,
SFX_A02,96,Zanthoxylum rhoifolium,Rutaceae,412120.9865,9268809.595,0.49,,29.2,,,20120813,A,O,P39,21.77,21.77,feldpausch_regional,0.18,default,0.0,29.2,21.77,29.2,True,O,21.77,feldpausch,29.2,21.77,0.5692,299.6663,213.3995,213.3995,299.6663,213.3995,213.3995,
SFX_A02,97,Laetia procera,Salicaceae,412116.9865,9268809.595,0.63,0.1993392,20.8,14.3,11.97,20120813,A,O,P39,17.61,17.61,feldpausch_regional,0.18,default,0.0,20.8,17.61,20.8,True,O,14.3,measured,20.8,14.3,0.6481,102.5483,76.7805,76.7805,102.5483,76.7805,76.7805,
SFX_A02,98,Miconia surinamensis,Miconia surinamensis,412115.9865,9268808.895,0.61,,19.2,,,20120813,A,O,P39,16.71,16.71,feldpausch_regional,0.18,default,0.0,19.2,16.71,19.2,True,O,16.71,feldpausch,19.2,16.71,0.6228,102.115,74.3116,74.3116,102.115,74.3116,74.3116,
SFX_A02,99,Astrocaryum aculeatum,Arecaceae,412114.9865,9268814.195,,0.089263713,20.7,,,20120813,A,P,P39,17.56,17.56,feldpausch_regional,0.18,default,0.0,20.7,17.56,20.7,True,P,17.56,feldpausch,20.7,17.56,0.508,124.134,,,124.134,,,
SFX_A02,100,Apeiba echinata,Malvaceae,412115.9865,9268810.195,0.28,,14.3,,,20120813,A,O,P39,13.69,13.69,feldpausch_regional,0.18,default,0.0,14.3,13.69,14.3,True,O,13.69,feldpausch,14.3,13.69,0.2822,47.294,35.0195,35.0195,47.294,35.0195,35.0195,
SFX_A02,101,Dalbergia melanoxylon,Fabaceae,412110.9865,9268811.195,0.8,,21.3,,,20120813,A,O,P39,17.88,17.88,feldpausch_regional,0.18,default,0.0,21.3,17.88,21.3,True,O,17.88,feldpausch,21.3,17.88,1.0772,133.5883,96.6619,96.6619,133.5883,96.6619,96.6619,
SFX_A02,102,Brosimum rubescens,Moraceae,412108.0865,9268813.195,0.83,,16.8,,,20120813,A,O,P39,15.29,15.29,feldpausch_regional,0.18,default,0.0,16.8,15.29,16.8,True,O,15.29,feldpausch,16.8,15.29,0.8251,72.1516,52.9082,52.9082,72.1516,52.9082,52.9082,
SFX_A02,103,Galipea trifoliata,NI,412109.9865,9268811.195,0.62,,16.2,,,20120813,A,O,P39,14.91,14.91,feldpausch_regional,0.18,default,0.0,16.2,14.91,16.2,True,O,14.91,feldpausch,16.2,14.91,0.997,65.5765,48.1941,48.1941,65.5765,48.1941,48.1941,
SFX_A02,104,Castilla ulei,Moraceae,412112.9865,9268809.195,0.82,,19.6,,,20120813,A,O,P39,16.94,16.94,feldpausch_regional,0.18,default,0.0,19.6,16.94,19.6,True,O,16.94,feldpausch,19.6,16.94,0.5675,107.7368,78.311,78.311,107.7368,78.311,78.311,
SFX_A02,105,Jacaratia spinosa,Caricaceae,412115.9865,9268804.695,0.27,0.479615724,41.4,20.75,12.08,20120813,A,O,P39,26.56,26.56,feldpausch_regional,0.18,default,0.0,41.4,26.56,41.4,True,O,20.75,measured,41.4,20.75,0.265,565.2688,412.4592,412.4592,565.2688,412.4592,412.4592,
SFX_A02,106,Theobroma glaucum,Malvaceae,412114.9865,9268804.495,0.53,,13.6,,,20120813,A,O,P39,13.22,13.22,feldpausch_regional,0.18,default,0.0,13.6,13.22,13.6,True,O,13.22,feldpausch,13.6,13.22,0.5297,41.4429,30.7826,30.7826,41.4429,30.7826,30.7826,
SFX_A02,107,Clarisia racemosa,Moraceae,412110.9865,9268806.195,0.59,,10.2,,,20120813,A,O,P39,10.78,10.78,feldpausch_regional,0.18,default,0.0,10.2,10.78,10.2,True,O,10.78,feldpausch,10.2,10.78,0.5854,19.368,14.6535,14.6535,19.368,14.6535,14.6535,
SFX_A02,108,Galipea trifoliata,NI,412112.9865,9268800.195,0.62,,15.6,,,20120813,A,O,P39,14.54,14.54,feldpausch_regional,0.18,default,0.0,15.6,14.54,15.6,True,O,14.54,feldpausch,15.6,14.54,0.997,59.4433,43.7811,43.7811,59.4433,43.7811,43.7811,
SFX_A02,109,Castilla ulei,Moraceae,412110.9865,9268799.995,0.82,,28.4,,,20120813,A,O,P39,21.41,21.41,feldpausch_regional,0.18,default,0.0,28.4,21.41,28.4,True,O,21.41,feldpausch,28.4,21.41,0.5675,279.2672,199.1318,199.1318,279.2672,199.1318,199.1318,
SFX_A02,110,Theobroma glaucum,Malvaceae,412109.5865,9268799.895,0.53,,14.1,,,20120813,A,O,P39,13.56,13.56,feldpausch_regional,0.18,default,0.0,14.1,13.56,14.1,True,O,13.56,feldpausch,14.1,13.56,0.5297,45.585,33.7821,33.7821,45.585,33.7821,33.7821,
