site,tree_id,scientific_name,family_name,utm_easting,utm_northing,dbh,htot,hcom,date,dead,type,plot_id,htot_feldpausch,htot_estimated,htot_estimation_method,dbh_incr_cm_yr,dbh_incr_source,gap_anos,dbh_lidar,htot_estimated_gap,dbh_used,dead_used,type_used,htot_used,htot_source,dbh_used_gap,htot_used_gap,rho_w_m3,iagc_m1_kgC,iagc_m2_kgC,iagc_m3_kgC,iagc_m1_kgC_gap,iagc_m2_kgC_gap,iagc_m3_kgC_gap,quadra_id
TAC_A01,1,Theobroma glaucum,Malvaceae,799902.9108,9725867.865,12.3,3.14,0.0,20140812,False,O,P01,12.32,12.32,feldpausch_regional,0.18,default,-1.0,12.12,12.19,12.3,False,O,3.14,measured,12.120000000000001,3.1074052808587647,0.5297,8.3745,8.3745,7.4156,8.0545,8.0545,7.1323,
TAC_A01,2,Euterpe oleracea,Arecaceae,799903.7024,9725868.539,9.3,7.41,3.5,20140812,False,P,P01,10.08,10.08,feldpausch_regional,0.18,default,-1.0,9.12,9.93,9.3,False,P,7.41,measured,9.120000000000001,7.304935016852144,0.3877,11.2171,8.6748,8.6748,10.6478,8.2211,8.2211,
TAC_A01,3,Euterpe oleracea,Arecaceae,799903.8532,9725868.667,10.8,10.08,7.77,20140812,False,P,P01,11.23,11.23,feldpausch_regional,0.18,default,-1.0,10.62,11.09,10.8,False,P,10.08,measured,10.620000000000001,9.958918833167338,0.3877,20.2806,13.0838,13.0838,19.3959,12.4932,12.4932,
TAC_A01,4,Euterpe oleracea,Arecaceae,799904.004,9725868.796,11.4,9.95,6.67,20140812,False,P,P01,11.67,11.67,feldpausch_regional,0.18,default,-1.0,11.22,11.54,11.4,False,P,9.95,measured,11.22,9.8374946143282,0.3877,22.2543,15.1799,15.1799,21.3355,14.5302,14.5302,
TAC_A01,5,Theobroma glaucum,Malvaceae,799905.0595,9725869.695,8.8,2.14,1.65,20140812,False,O,P01,9.68,9.68,feldpausch_regional,0.18,default,-1.0,8.62,9.53,8.8,False,O,2.14,measured,8.620000000000001,2.107755247603476,0.5297,2.9962,2.9962,2.6532,2.8354,2.8354,2.5108,
TAC_A01,6,Euterpe oleracea,Arecaceae,799906.2658,9725870.722,13.0,13.9,6.76,20140812,False,P,P01,12.81,12.81,feldpausch_regional,0.18,default,-1.0,12.82,12.68,13.0,False,P,13.9,measured,12.82,13.764476776351728,0.3877,39.853,21.7785,21.7785,38.4138,20.9597,20.9597,
TAC_A01,7,Euterpe oleracea,Arecaceae,799906.2658,9725870.722,5.9,4.64,1.83,20140812,False,P,P01,7.18,7.18,feldpausch_regional,0.18,default,-1.0,5.72,7.01,5.9,False,P,4.64,measured,5.720000000000001,4.532166957559781,0.3877,2.922,2.4838,2.4838,2.6881,2.281,2.281,
TAC_A01,8,Theobroma glaucum,Malvaceae,799907.3213,9725871.62,13.7,5.1,1.82,20140812,False,O,P01,13.29,13.29,feldpausch_regional,0.18,default,-1.0,13.52,13.17,13.7,False,O,5.1,measured,13.52,5.053157702923245,0.5297,16.5931,16.5931,14.6932,16.0252,16.0252,14.1904,
TAC_A01,9,Theobroma glaucum,Malvaceae,799909.583,9725873.546,9.7,3.32,2.08,20140812,False,O,P01,10.39,10.39,feldpausch_regional,0.18,default,-1.0,9.52,10.25,9.7,False,O,3.32,measured,9.52,3.2750653011460997,0.5297,5.5625,5.5625,4.9256,5.2919,5.2919,4.686,
TAC_A01,10,Euterpe oleracea,Arecaceae,799910.7139,9725874.509,13.6,12.13,6.49,20140812,False,P,P01,13.22,13.22,feldpausch_regional,0.18,default,-1.0,13.42,13.1,13.6,False,P,12.13,measured,13.42,12.017653526937869,0.3877,38.1045,24.6537,24.6537,36.7907,23.7672,23.7672,
TAC_A01,11,Euterpe oleracea,Arecaceae,799910.7139,9725874.509,11.4,9.43,6.16,20140812,False,P,P01,11.67,11.67,feldpausch_regional,0.18,default,-1.0,11.22,11.54,11.4,False,P,9.43,measured,11.22,9.323374292775371,0.3877,21.1185,15.1799,15.1799,20.2465,14.5302,14.5302,
TAC_A01,12,Euterpe oleracea,Arecaceae,799910.7893,9725874.574,9.7,8.92,6.19,20140812,False,P,P01,10.39,10.39,feldpausch_regional,0.18,default,-1.0,9.52,10.25,9.7,False,P,8.92,measured,9.52,8.799271833199763,0.3877,14.5947,9.7392,9.7392,13.8848,9.2505,9.2505,
TAC_A01,13,Euterpe oleracea,Arecaceae,799910.7893,9725874.574,10.1,7.78,3.19,20140812,False,P,P01,10.7,10.7,feldpausch_regional,0.18,default,-1.0,9.92,10.56,10.1,False,P,7.78,measured,9.92,7.679311376573032,0.3877,13.8195,10.8831,10.8831,13.1743,10.3583,10.3583,
TAC_A01,14,Theobroma glaucum,Malvaceae,799911.8448,9725875.472,8.7,3.42,3.19,20140812,False,O,P01,9.6,9.6,feldpausch_regional,0.18,default,-1.0,8.52,9.45,8.7,False,O,3.42,measured,8.52,3.367818226447353,0.5297,4.6303,4.6303,4.1002,4.379,4.379,3.8776,
TAC_A01,15,Theobroma glaucum,Malvaceae,799914.1066,9725877.398,9.6,4.48,2.09,20140812,False,O,P01,10.31,10.31,feldpausch_regional,0.18,default,-1.0,9.42,10.17,9.6,False,O,4.48,measured,9.42,4.418666501887338,0.5297,7.303,7.303,6.4668,6.944,6.944,6.149,
TAC_A01,16,Euterpe oleracea,Arecaceae,799915.4636,9725878.554,12.4,10.91,7.49,20140812,False,P,P01,12.39,12.39,feldpausch_regional,0.18,default,-1.0,12.22,12.26,12.4,False,P,10.91,measured,12.22,10.79778014593303,0.3877,28.6904,19.1261,19.1261,27.6031,18.3728,18.3728,
TAC_A01,17,Euterpe oleracea,Arecaceae,799915.4636,9725878.554,15.6,9.14,6.14,20140812,False,P,P01,14.54,14.54,feldpausch_regional,0.18,default,-1.0,15.42,14.42,15.6,False,P,9.14,measured,15.42,9.06769488797394,0.3877,37.7853,35.9452,35.9452,36.6537,34.8168,34.8168,
TAC_A01,18,Euterpe oleracea,Arecaceae,799915.4636,9725878.554,9.7,9.77,4.04,20140812,False,P,P01,10.39,10.39,feldpausch_regional,0.18,default,-1.0,9.52,10.25,9.7,False,P,9.77,measured,9.52,9.637767467529336,0.3877,15.9506,9.7392,9.7392,15.1747,9.2505,9.2505,
TAC_A01,19,Theobroma glaucum,Malvaceae,799916.5945,9725879.517,5.9,2.33,1.69,20140812,False,O,P01,7.18,7.18,feldpausch_regional,0.18,default,-1.0,5.72,7.01,5.9,False,O,2.33,measured,5.720000000000001,2.275851079981528,0.5297,1.4918,1.4918,1.321,1.3724,1.3724,1.2152,
TAC_A01,20,Euterpe oleracea,Arecaceae,799917.7254,9725880.48,12.2,9.92,6.19,20140812,False,P,P01,12.25,12.25,feldpausch_regional,0.18,default,-1.0,12.02,12.12,12.2,False,P,9.92,measured,12.02,9.816072324168314,0.3877,25.3297,18.2902,18.2902,24.3537,17.5581,17.5581,
TAC_A01,21,Euterpe oleracea,Arecaceae,799917.7254,9725880.48,14.2,8.09,5.69,20140812,False,P,P01,13.62,13.62,feldpausch_regional,0.18,default,-1.0,14.02,13.5,14.2,False,P,8.09,measured,14.02,8.01868000692658,0.3877,27.9181,27.7594,27.7594,26.9971,26.8031,26.8031,
TAC_A01,22,Euterpe oleracea,Arecaceae,799917.7254,9725880.48,18.8,9.92,6.98,20140812,False,P,P01,16.48,16.48,feldpausch_regional,0.18,default,-1.0,18.62,16.38,18.8,False,P,9.92,measured,18.62,9.856932204032969,0.3877,58.9131,60.0267,60.0267,57.4583,58.4604,58.4604,
TAC_A01,23,Euterpe oleracea,Arecaceae,799917.8762,9725880.608,6.8,3.78,1.76,20140812,False,P,P01,7.99,7.99,feldpausch_regional,0.18,default,-1.0,6.62,7.83,6.8,False,P,3.78,measured,6.62,3.7045920384423625,0.3877,3.1561,3.6691,3.6691,2.9367,3.4083,3.4083,
TAC_A01,24,Theobroma glaucum,Malvaceae,799918.6301,9725881.25,10.4,4.26,1.41,20140812,False,O,P01,10.93,10.93,feldpausch_regional,0.18,default,-1.0,10.22,10.79,10.4,False,O,4.26,measured,10.22,4.206631244993715,0.5297,8.1286,8.1286,7.1978,7.7601,7.7601,6.8716,
TAC_A01,25,Theobroma glaucum,Malvaceae,799921.1935,9725883.433,10.2,5.22,1.72,20140812,False,O,P01,10.78,10.78,feldpausch_regional,0.18,default,-1.0,10.02,10.64,10.2,False,O,5.22,measured,10.02,5.153177725034133,0.5297,9.5432,9.5432,8.4505,9.1021,9.1021,8.0599,
TAC_A01,26,Euterpe oleracea,Arecaceae,799922.0982,9725884.203,8.9,6.88,3.69,20140812,False,P,P01,9.76,9.76,feldpausch_regional,0.18,default,-1.0,8.72,9.61,8.9,False,P,6.88,measured,8.72,6.777613343052356,0.3877,9.5754,7.6875,7.6875,9.0673,7.2677,7.2677,
TAC_A01,27,Euterpe oleracea,Arecaceae,799922.3997,9725884.46,11.9,10.67,6.32,20140812,False,P,P01,12.03,12.03,feldpausch_regional,0.18,default,-1.0,11.72,11.9,11.9,False,P,10.67,measured,11.72,10.555033719977732,0.3877,25.907,17.0806,17.0806,24.8831,16.3799,16.3799,
TAC_A01,28,Euterpe oleracea,Arecaceae,799922.3997,9725884.46,11.9,11.4,9.31,20140812,False,P,P01,12.03,12.03,feldpausch_regional,0.18,default,-1.0,11.72,11.9,11.9,False,P,11.4,measured,11.72,11.277168173172086,0.3877,27.6355,17.0806,17.0806,26.5433,16.3799,16.3799,
TAC_A01,29,Euterpe oleracea,Arecaceae,799922.3997,9725884.46,7.2,6.32,2.45,20140812,False,P,P01,8.34,8.34,feldpausch_regional,0.18,default,-1.0,7.02,8.18,7.2,False,P,6.32,measured,7.0200000000000005,6.201479021379597,0.3877,5.8274,4.2932,4.2932,5.4449,4.0047,4.0047,
TAC_A01,30,Euterpe oleracea,Arecaceae,799922.3997,9725884.46,8.2,3.37,1.57,20140812,False,P,P01,9.19,9.19,feldpausch_regional,0.18,default,-1.0,8.02,9.04,8.2,False,P,3.37,measured,8.02,3.3151389286713213,0.3877,4.0662,6.1378,6.1378,3.8319,5.7746,5.7746,
TAC_A01,31,Theobroma glaucum,Malvaceae,799925.8701,9725883.439,9.8,5.28,2.11,20140812,False,O,P01,10.47,10.47,feldpausch_regional,0.18,default,-1.0,9.62,10.33,9.8,False,O,5.28,measured,9.620000000000001,5.2093440507040345,0.5297,8.9253,8.9253,7.9034,8.4957,8.4957,7.5229,
TAC_A01,32,Theobroma glaucum,Malvaceae,799923.4431,9725881.369,11.0,5.6,2.46,20140812,False,O,P01,11.38,11.38,feldpausch_regional,0.18,default,-1.0,10.82,11.24,11.0,False,O,5.6,measured,10.82,5.534097164291668,0.5297,11.8438,11.8438,10.4877,11.3367,11.3367,10.0386,
TAC_A01,33,Theobroma glaucum,Malvaceae,799920.8643,9725879.169,9.4,4.82,2.97,20140812,False,O,P01,10.16,10.16,feldpausch_regional,0.18,default,-1.0,9.22,10.01,9.4,False,O,4.82,measured,9.22,4.752459581393167,0.5297,7.5277,7.5277,6.6658,7.1497,7.1497,6.3311,
TAC_A01,34,Theobroma glaucum,Malvaceae,799919.1957,9725877.745,7.5,3.32,1.86,20140812,False,O,P01,8.6,8.6,feldpausch_regional,0.18,default,-1.0,7.32,8.44,7.5,False,O,3.32,measured,7.32,3.260435839442611,0.5297,3.3668,3.3668,2.9813,3.1546,3.1546,2.7934,
TAC_A01,35,Theobroma glaucum,Malvaceae,799916.3894,9725875.351,9.9,3.84,1.57,20140812,False,O,P01,10.55,10.55,feldpausch_regional,0.18,default,-1.0,9.72,10.41,9.9,False,O,3.84,measured,9.72,3.7891883640358492,0.5297,6.6719,6.6719,5.908,6.354,6.354,5.6265,
TAC_A01,36,Theobroma glaucum,Malvaceae,799914.4174,9725873.669,9.5,5.74,1.4,20140812,False,O,P01,10.23,10.23,feldpausch_regional,0.18,default,-1.0,9.32,10.09,9.5,False,O,5.74,measured,9.32,5.66050211123258,0.5297,9.1133,9.1133,8.0698,8.6606,8.6606,7.669,
TAC_A01,37,Theobroma glaucum,Malvaceae,799911.7628,9725871.404,10.5,3.81,1.42,20140812,False,O,P01,11.0,11.0,feldpausch_regional,0.18,default,-1.0,10.32,10.87,10.5,False,O,3.81,measured,10.32,3.762774387002603,0.5297,7.4269,7.4269,6.5765,7.0935,7.0935,6.2813,
TAC_A01,38,Theobroma glaucum,Malvaceae,799909.3358,9725869.333,11.6,4.68,2.08,20140812,False,O,P01,11.82,11.82,feldpausch_regional,0.18,default,-1.0,11.42,11.69,11.6,False,O,4.68,measured,11.42,4.628105638460642,0.5297,11.0266,11.0266,9.7641,10.5793,10.5793,9.368,
TAC_A01,39,Theobroma glaucum,Malvaceae,799907.2121,9725867.522,15.6,5.11,2.16,20140812,False,O,P01,14.54,14.54,feldpausch_regional,0.18,default,-1.0,15.42,14.42,15.6,False,O,5.11,measured,15.42,5.069575588353045,0.5297,21.4219,21.4219,18.9691,20.7804,20.7804,18.4011,
TAC_A01,40,Theobroma glaucum,Malvaceae,799905.6952,9725866.228,11.7,4.46,1.96,20140812,False,O,P01,11.89,11.89,feldpausch_regional,0.18,default,-1.0,11.52,11.76,11.7,False,O,4.46,measured,11.52,4.411019760692881,0.5297,10.6982,10.6982,9.4733,10.268,10.268,9.0923,
TAC_A01,41,Theobroma glaucum,Malvaceae,799907.7316,9725864.154,8.1,4.01,0.83,20140812,False,O,P01,9.1,9.1,feldpausch_regional,0.18,default,-1.0,7.92,8.95,8.1,False,O,4.01,measured,7.92,3.943839587033238,0.5297,4.7043,4.7043,4.1656,4.4299,4.4299,3.9226,
TAC_A01,42,Euterpe oleracea,Arecaceae,799907.7316,9725864.154,13.4,9.7,6.46,20140812,False,P,P01,13.08,13.08,feldpausch_regional,0.18,default,-1.0,13.22,12.96,13.4,False,P,9.7,measured,13.22,9.608629928206025,0.3877,29.7618,23.67,23.67,28.7198,22.8064,22.8064,
TAC_A01,43,Euterpe oleracea,Arecaceae,799907.7316,9725864.154,13.4,9.42,5.5,20140812,False,P,P01,13.08,13.08,feldpausch_regional,0.18,default,-1.0,13.22,12.96,13.4,False,P,9.42,measured,13.22,9.331267414814512,0.3877,28.923,23.67,23.67,27.9104,22.8064,22.8064,
TAC_A01,44,Euterpe oleracea,Arecaceae,799907.7316,9725864.154,12.2,11.16,7.78,20140812,False,P,P01,12.25,12.25,feldpausch_regional,0.18,default,-1.0,12.02,12.12,12.2,False,P,11.16,measured,12.02,11.043081364689353,0.3877,28.4155,18.2902,18.2902,27.3206,17.5581,17.5581,
TAC_A01,45,Euterpe oleracea,Arecaceae,799907.7316,9725864.154,7.7,5.1,1.98,20140812,False,P,P01,8.77,8.77,feldpausch_regional,0.18,default,-1.0,7.52,8.62,7.7,False,P,5.1,measured,7.5200000000000005,5.011081360882248,0.3877,5.3886,5.1632,5.1632,5.0579,4.8382,4.8382,
TAC_A01,46,Theobroma glaucum,Malvaceae,799909.2571,9725865.458,9.9,3.92,1.15,20140812,False,O,P01,10.55,10.55,feldpausch_regional,0.18,default,-1.0,9.72,10.41,9.9,False,O,3.92,measured,9.72,3.868129788286596,0.5297,6.8075,6.8075,6.0281,6.4832,6.4832,5.7408,
TAC_A01,47,Euterpe oleracea,Arecaceae,799910.0198,9725866.109,12.8,11.56,6.99,20140812,False,P,P01,12.67,12.67,feldpausch_regional,0.18,default,-1.0,12.62,12.55,12.8,False,P,11.56,measured,12.620000000000001,11.445291392700765,0.3877,32.2984,20.87,20.87,31.1135,20.0733,20.0733,
TAC_A01,48,Theobroma glaucum,Malvaceae,799911.5454,9725867.413,11.8,5.3,1.93,20140812,False,O,P01,11.96,11.96,feldpausch_regional,0.18,default,-1.0,11.62,11.83,11.8,False,O,5.3,measured,11.620000000000001,5.242349111074404,0.5297,12.8726,12.8726,11.3987,12.3595,12.3595,10.9443,
TAC_A01,49,Theobroma glaucum,Malvaceae,799913.4523,9725869.043,8.5,3.19,0.78,20140812,False,O,P01,9.43,9.43,feldpausch_regional,0.18,default,-1.0,8.32,9.29,8.5,False,O,3.19,measured,8.32,3.140070759021082,0.5297,4.1341,4.1341,3.6608,3.9044,3.9044,3.4574,
TAC_A01,50,Euterpe oleracea,Arecaceae,799914.5964,9725870.021,15.6,11.43,7.01,20140812,False,P,P01,14.54,14.54,feldpausch_regional,0.18,default,-1.0,15.42,14.42,15.6,False,P,11.43,measured,15.42,11.33957905574859,0.3877,46.9995,35.9452,35.9452,45.5919,34.8168,34.8168,
TAC_A01,51,Theobroma glaucum,Malvaceae,799915.8931,9725871.129,13.3,5.02,1.5,20140812,False,O,P01,13.02,13.02,feldpausch_regional,0.18,default,-1.0,13.12,12.89,13.3,False,O,5.02,measured,13.120000000000001,4.972308649276543,0.5297,15.4208,15.4208,13.6551,14.8768,14.8768,13.1734,
TAC_A01,52,Theobroma glaucum,Malvaceae,799918.4102,9725873.28,10.8,2.1,1.93,20140812,False,O,P01,11.23,11.23,feldpausch_regional,0.18,default,-1.0,10.62,11.09,10.8,False,O,2.1,measured,10.620000000000001,2.0747747569098625,0.5297,4.3872,4.3872,3.8849,4.1958,4.1958,3.7154,
TAC_A01,53,Euterpe oleracea,Arecaceae,799919.7069,9725874.388,14.9,11.3,7.13,20140812,False,P,P01,14.08,14.08,feldpausch_regional,0.18,default,-1.0,14.72,13.97,14.9,False,P,11.3,measured,14.72,11.205739303790034,0.3877,42.4937,31.6843,31.6843,41.1596,30.6435,30.6435,
TAC_A01,54,Euterpe oleracea,Arecaceae,799919.7069,9725874.388,12.7,10.95,7.92,20140812,False,P,P01,12.6,12.6,feldpausch_regional,0.18,default,-1.0,12.52,12.48,12.7,False,P,10.95,measured,12.52,10.840374317940752,0.3877,30.1685,20.4249,20.4249,29.0528,19.6391,19.6391,
TAC_A01,55,Theobroma glaucum,Malvaceae,799920.6985,9725875.236,10.7,4.33,0.75,20140812,False,O,P01,11.15,11.15,feldpausch_regional,0.18,default,-1.0,10.52,11.02,10.7,False,O,4.33,measured,10.52,4.277445420940757,0.5297,8.7303,8.7303,7.7307,8.3459,8.3459,7.3903,
TAC_A01,56,Euterpe oleracea,Arecaceae,799921.6138,9725876.018,8.4,8.3,4.73,20140812,False,P,P01,9.35,9.35,feldpausch_regional,0.18,default,-1.0,8.22,9.2,8.4,False,P,8.3,measured,8.22,8.168395953880049,0.3877,10.2725,6.558,6.558,9.6947,6.179,6.179,
TAC_A01,57,Euterpe oleracea,Arecaceae,799921.6138,9725876.018,12.6,12.0,7.35,20140812,False,P,P01,12.53,12.53,feldpausch_regional,0.18,default,-1.0,12.42,12.4,12.6,False,P,12.0,measured,12.42,11.87878204744244,0.3877,32.4837,19.986,19.986,31.2726,19.211,19.211,
TAC_A01,58,Euterpe oleracea,Arecaceae,799921.6138,9725876.018,12.3,9.05,6.48,20140812,False,P,P01,12.32,12.32,feldpausch_regional,0.18,default,-1.0,12.12,12.19,12.3,False,P,9.05,measured,12.120000000000001,8.956056621583382,0.3877,23.5312,18.7052,18.7052,22.632,17.9625,17.9625,
TAC_A01,59,Theobroma glaucum,Malvaceae,799922.6054,9725876.866,10.3,4.49,2.12,20140812,False,O,P01,10.85,10.85,feldpausch_regional,0.18,default,-1.0,10.12,10.71,10.3,False,O,4.49,measured,10.120000000000001,4.433142260387793,0.5297,8.3968,8.3968,7.4353,8.0124,8.0124,7.095,
TAC_A01,60,Theobroma glaucum,Malvaceae,799925.2751,9725879.147,7.9,4.75,2.01,20140812,False,O,P01,8.94,8.94,feldpausch_regional,0.18,default,-1.0,7.72,8.79,7.9,False,O,4.75,measured,7.720000000000001,4.669463979711626,0.5297,5.2854,5.2854,4.6803,4.9693,4.9693,4.4003,
TAC_A01,61,Euterpe oleracea,Arecaceae,799926.8006,9725880.451,13.7,12.07,8.26,20140812,False,P,P01,13.29,13.29,feldpausch_regional,0.18,default,-1.0,13.52,13.17,13.7,False,P,12.07,measured,13.52,11.959139896918346,0.3877,38.4668,25.1551,25.1551,37.1503,24.2572,24.2572,
TAC_A01,62,Euterpe oleracea,Arecaceae,799926.8006,9725880.451,11.8,11.14,6.74,20140812,False,P,P01,11.96,11.96,feldpausch_regional,0.18,default,-1.0,11.62,11.83,11.8,False,P,11.14,measured,11.620000000000001,11.018824357994125,0.3877,26.5787,16.689,16.689,25.5192,15.9986,15.9986,
TAC_A01,63,Euterpe oleracea,Arecaceae,799926.8006,9725880.451,11.9,12.24,7.25,20140812,False,P,P01,12.03,12.03,feldpausch_regional,0.18,default,-1.0,11.72,11.9,11.9,False,P,12.24,measured,11.72,12.108117406984766,0.3877,29.6212,17.0806,17.0806,28.4505,16.3799,16.3799,
TAC_A01,64,Theobroma glaucum,Malvaceae,799927.5633,9725881.103,11.3,5.15,1.61,20140812,False,O,P01,11.6,11.6,feldpausch_regional,0.18,default,-1.0,11.12,11.47,11.3,False,O,5.15,measured,11.120000000000001,5.091190666468891,0.5297,11.5025,11.5025,10.1855,11.0233,11.0233,9.7612,
TAC_A01,65,Theobroma glaucum,Malvaceae,799929.8247,9725879.052,10.2,4.86,2.12,20140812,False,O,P01,10.78,10.78,feldpausch_regional,0.18,default,-1.0,10.02,10.64,10.2,False,O,4.86,measured,10.02,4.7977861577904,0.5297,8.9003,8.9003,7.8812,8.4889,8.4889,7.5169,
TAC_A01,66,Theobroma glaucum,Malvaceae,799926.7555,9725876.424,6.1,3.41,1.08,20140812,False,O,P01,7.36,7.36,feldpausch_regional,0.18,default,-1.0,5.92,7.2,6.1,False,O,3.41,measured,5.92,3.333534818472351,0.5297,2.3088,2.3088,2.0445,2.13,2.13,1.8862,
TAC_A01,67,Theobroma glaucum,Malvaceae,799925.221,9725875.11,12.0,5.07,1.09,20140812,False,O,P01,12.11,12.11,feldpausch_regional,0.18,default,-1.0,11.82,11.98,12.0,False,O,5.07,measured,11.82,5.015884554737755,0.5297,12.7383,12.7383,11.2797,12.2391,12.2391,10.8377,
TAC_A01,68,Theobroma glaucum,Malvaceae,799922.9191,9725873.139,9.1,4.3,1.57,20140812,False,O,P01,9.92,9.92,feldpausch_regional,0.18,default,-1.0,8.92,9.77,9.1,False,O,4.3,measured,8.92,4.237553376479353,0.5297,6.3208,6.3208,5.5971,5.9929,5.9929,5.3067,
TAC_A01,69,Theobroma glaucum,Malvaceae,799920.6172,9725871.168,13.3,5.7,0.94,20140812,False,O,P01,13.02,13.02,feldpausch_regional,0.18,default,-1.0,13.12,12.89,13.3,False,O,5.7,measured,13.120000000000001,5.645848466310019,0.5297,17.4563,17.4563,15.4576,16.8405,16.8405,14.9123,
TAC_A01,70,Theobroma glaucum,Malvaceae,799917.548,9725868.541,11.1,3.86,0.48,20140812,False,O,P01,11.45,11.45,feldpausch_regional,0.18,default,-1.0,10.92,11.32,11.1,False,O,3.86,measured,10.92,3.8150314766589553,0.5297,8.3838,8.3838,7.4239,8.0281,8.0281,7.1089,
TAC_A01,71,Theobroma glaucum,Malvaceae,799916.0134,9725867.227,10.3,3.42,0.49,20140812,False,O,P01,10.85,10.85,feldpausch_regional,0.18,default,-1.0,10.12,10.71,10.3,False,O,3.42,measured,10.120000000000001,3.376691877622773,0.5297,6.4377,6.4377,5.7006,6.143,6.143,5.4396,
TAC_A01,72,Theobroma glaucum,Malvaceae,799913.3279,9725864.927,9.0,3.56,0.82,20140812,False,O,P01,9.84,9.84,feldpausch_regional,0.18,default,-1.0,8.82,9.69,9.0,False,O,3.56,measured,8.82,3.507667629152302,0.5297,5.1447,5.1447,4.5556,4.8748,4.8748,4.3166,
TAC_A01,73,Theobroma glaucum,Malvaceae,799911.4097,9725863.285,6.6,3.41,1.14,20140812,False,O,P01,7.81,7.81,feldpausch_regional,0.18,default,-1.0,6.42,7.65,6.6,False,O,3.41,measured,6.42,3.339746813283185,0.5297,2.6926,2.6926,2.3843,2.4998,2.4998,2.2136,
TAC_A01,74,Theobroma glaucum,Malvaceae,799909.1078,9725861.314,12.2,5.22,0.98,20140812,False,O,P01,12.25,12.25,feldpausch_regional,0.18,default,-1.0,12.02,12.12,12.2,False,O,5.22,measured,12.02,5.165312251225665,0.5297,13.5357,13.5357,11.9859,13.0142,13.0142,11.5241,
TAC_A01,75,Theobroma glaucum,Malvaceae,799910.9381,9725858.861,10.6,5.44,1.36,20140812,False,O,P01,11.08,11.08,feldpausch_regional,0.18,default,-1.0,10.42,10.94,10.6,False,O,5.44,measured,10.42,5.37327834001363,0.5297,10.7103,10.7103,9.484,10.2342,10.2342,9.0624,
TAC_A01,76,Euterpe oleracea,Arecaceae,799912.3274,9725860.053,9.8,9.72,6.08,20140812,False,P,P01,10.47,10.47,feldpausch_regional,0.18,default,-1.0,9.62,10.33,9.8,False,P,9.72,measured,9.620000000000001,9.589928820614245,0.3877,16.1918,10.0176,10.0176,15.4124,9.52,9.52,
TAC_A01,77,Euterpe oleracea,Arecaceae,799912.3274,9725860.053,11.0,10.73,7.37,20140812,False,P,P01,11.38,11.38,feldpausch_regional,0.18,default,-1.0,10.82,11.24,11.0,False,P,10.73,measured,10.82,10.603725459437431,0.3877,22.3421,13.7606,13.7606,21.3855,13.1505,13.1505,
TAC_A01,78,Euterpe oleracea,Arecaceae,799912.3274,9725860.053,11.2,10.88,7.43,20140812,False,P,P01,11.53,11.53,feldpausch_regional,0.18,default,-1.0,11.02,11.39,11.2,False,P,10.88,measured,11.02,10.754515115855439,0.3877,23.4576,14.4591,14.4591,22.4715,13.8294,13.8294,
TAC_A01,79,Theobroma glaucum,Malvaceae,799913.7167,9725861.244,11.0,5.47,2.35,20140812,False,O,P01,11.38,11.38,feldpausch_regional,0.18,default,-1.0,10.82,11.24,11.0,False,O,5.47,measured,10.82,5.4056270515491835,0.5297,11.5754,11.5754,10.25,11.0798,11.0798,9.8111,
TAC_A01,80,Euterpe oleracea,Arecaceae,799914.3341,9725861.774,13.5,11.34,8.88,20140812,False,P,P01,13.15,13.15,feldpausch_regional,0.18,default,-1.0,13.32,13.03,13.5,False,P,11.34,measured,13.32,11.234082841880946,0.3877,35.1702,24.1587,24.1587,33.9483,23.2837,23.2837,
TAC_A01,81,Euterpe oleracea,Arecaceae,799914.3341,9725861.774,84.0,8.32,7.06,20140812,False,P,P01,36.69,36.69,feldpausch_regional,0.18,default,-1.0,83.82,36.66,84.0,False,P,8.32,measured,83.82,8.313417777704068,0.3877,921.9221,3673.4442,3673.4442,917.3609,3651.851,3651.851,
TAC_A01,82,Theobroma glaucum,Malvaceae,799915.4919,9725862.767,5.1,2.36,1.89,20140812,False,O,P01,6.43,6.43,feldpausch_regional,0.18,default,-1.0,4.92,6.25,5.1,False,O,2.36,measured,4.92,2.295922782970588,0.5297,1.1366,1.1366,1.0064,1.0315,1.0315,0.9134,
TAC_A01,83,Theobroma glaucum,Malvaceae,799917.4214,9725864.422,8.7,2.16,1.68,20140812,False,O,P01,9.6,9.6,feldpausch_regional,0.18,default,-1.0,8.52,9.45,8.7,False,O,2.16,measured,8.52,2.127043090387802,0.5297,2.9568,2.9568,2.6183,2.7963,2.7963,2.4762,
TAC_A01,84,Euterpe oleracea,Arecaceae,799918.9651,9725865.746,8.4,7.17,2.94,20140812,False,P,P01,9.35,9.35,feldpausch_regional,0.18,default,-1.0,8.22,9.2,8.4,False,P,7.17,measured,8.22,7.056313131243367,0.3877,8.9051,6.558,6.558,8.4043,6.179,6.179,
TAC_A01,85,Euterpe oleracea,Arecaceae,799918.9651,9725865.746,98.0,8.57,5.31,20140812,False,P,P01,38.71,38.71,feldpausch_regional,0.18,default,-1.0,97.82,38.69,98.0,False,P,8.57,measured,97.82,8.564851384040514,0.3877,1282.104,5611.2976,5611.2976,1276.7623,5583.0178,5583.0178,
TAC_A01,86,Euterpe oleracea,Arecaceae,799918.9651,9725865.746,11.4,7.21,3.45,20140812,False,P,P01,11.67,11.67,feldpausch_regional,0.18,default,-1.0,11.22,11.54,11.4,False,P,7.21,measured,11.22,7.12847599691521,0.3877,16.2511,15.1799,15.1799,15.5801,14.5302,14.5302,
TAC_A01,87,Theobroma glaucum,Malvaceae,799920.1228,9725866.739,8.2,3.81,1.11,20140812,False,O,P01,9.19,9.19,feldpausch_regional,0.18,default,-1.0,8.02,9.04,8.2,False,O,3.81,measured,8.02,3.7479760588242534,0.5297,4.5836,4.5836,4.0588,4.3195,4.3195,3.8249,
TAC_A01,88,Theobroma glaucum,Malvaceae,799922.4383,9725868.726,10.4,5.03,2.24,20140812,False,O,P01,10.93,10.93,feldpausch_regional,0.18,default,-1.0,10.22,10.79,10.4,False,O,5.03,measured,10.22,4.966984779886945,0.5297,9.5596,9.5596,8.465,9.1263,9.1263,8.0814,
TAC_A01,89,Euterpe oleracea,Arecaceae,799923.596,9725869.719,12.8,10.34,6.5,20140812,False,P,P01,12.67,12.67,feldpausch_regional,0.18,default,-1.0,12.62,12.55,12.8,False,P,10.34,measured,12.620000000000001,10.237397318384595,0.3877,28.9672,20.87,20.87,27.9045,20.0733,20.0733,
TAC_A01,90,Euterpe oleracea,Arecaceae,799923.596,9725869.719,10.3,9.36,6.5,20140812,False,P,P01,10.85,10.85,feldpausch_regional,0.18,default,-1.0,10.12,10.71,10.3,False,P,9.36,measured,10.120000000000001,9.241472507178115,0.3877,17.1982,11.4857,11.4857,16.4111,10.9424,10.9424,
TAC_A01,91,Euterpe oleracea,Arecaceae,799923.596,9725869.719,12.3,9.68,6.24,20140812,False,P,P01,12.32,12.32,feldpausch_regional,0.18,default,-1.0,12.12,12.19,12.3,False,P,9.68,measured,12.120000000000001,9.57951691678753,0.3877,25.1287,18.7052,18.7052,24.1685,17.9625,17.9625,
TAC_A01,92,Theobroma glaucum,Malvaceae,799924.8309,9725870.778,9.1,5.61,1.59,20140812,False,O,P01,9.92,9.92,feldpausch_regional,0.18,default,-1.0,8.92,9.77,9.1,False,O,5.61,measured,8.92,5.528528940011435,0.5297,8.194,8.194,7.2558,7.7689,7.7689,6.8794,
TAC_A01,93,Euterpe oleracea,Arecaceae,799925.9115,9725871.705,6.5,4.98,3.69,20140812,False,P,P01,7.72,7.72,feldpausch_regional,0.18,default,-1.0,6.32,7.56,6.5,False,P,4.98,measured,6.32,4.87569990194597,0.3877,3.7824,3.2412,3.2412,3.5074,3.0005,3.0005,
TAC_A01,94,Euterpe oleracea,Arecaceae,799925.9115,9725871.705,10.1,9.64,5.77,20140812,False,P,P01,10.7,10.7,feldpausch_regional,0.18,default,-1.0,9.92,10.56,10.1,False,P,9.64,measured,9.92,9.515239289224168,0.3877,17.0355,10.8831,10.8831,16.2401,10.3583,10.3583,
TAC_A01,95,Euterpe oleracea,Arecaceae,799925.9115,9725871.705,8.5,8.05,5.24,20140812,False,P,P01,9.43,9.43,feldpausch_regional,0.18,default,-1.0,8.32,9.29,8.5,False,P,8.05,measured,8.32,7.924003012576713,0.3877,10.2034,6.7748,6.7748,9.6363,6.3878,6.3878,
TAC_A01,96,Theobroma glaucum,Malvaceae,799927.4551,9725873.029,10.9,5.25,1.16,20140812,False,O,P01,11.3,11.3,feldpausch_regional,0.18,default,-1.0,10.72,11.17,10.9,False,O,5.25,measured,10.72,5.187582447446597,0.5297,10.9243,10.9243,9.6735,10.4522,10.4522,9.2554,
TAC_A01,97,Theobroma glaucum,Malvaceae,799929.7706,9725875.015,13.0,4.67,0.93,20140812,False,O,P01,12.81,12.81,feldpausch_regional,0.18,default,-1.0,12.82,12.68,13.0,False,O,4.67,measured,12.82,4.624468096803062,0.5297,13.7446,13.7446,12.1708,13.2482,13.2482,11.7313,
TAC_A01,98,Euterpe oleracea,Arecaceae,799930.5424,9725875.677,8.8,7.68,4.5,20140812,False,P,P01,9.68,9.68,feldpausch_regional,0.18,default,-1.0,8.62,9.53,8.8,False,P,7.68,measured,8.620000000000001,7.564280514763875,0.3877,10.4281,7.4524,7.4524,9.8684,7.041,7.041,
TAC_A01,99,Euterpe oleracea,Arecaceae,799930.5424,9725875.677,11.1,10.42,8.36,20140812,False,P,P01,11.45,11.45,feldpausch_regional,0.18,default,-1.0,10.92,11.32,11.1,False,P,10.42,measured,10.92,10.298608286732206,0.3877,22.0989,14.1071,14.1071,21.1613,13.4873,13.4873,
TAC_A01,100,Euterpe oleracea,Arecaceae,799930.5424,9725875.677,10.1,11.05,8.96,20140812,False,P,P01,10.7,10.7,feldpausch_regional,0.18,default,-1.0,9.92,10.56,10.1,False,P,11.05,measured,9.92,10.906991093975835,0.3877,19.4634,10.8831,10.8831,18.5546,10.3583,10.3583,
TAC_A01,101,Euterpe oleracea,Arecaceae,799930.5424,9725875.677,10.3,11.95,9.02,20140812,False,P,P01,10.85,10.85,feldpausch_regional,0.18,default,-1.0,10.12,10.71,10.3,False,P,11.95,measured,10.120000000000001,11.798674835553255,0.3877,21.8288,11.4857,11.4857,20.8297,10.9424,10.9424,
TAC_A01,102,Theobroma glaucum,Malvaceae,799932.0861,9725877.001,8.7,3.68,0.91,20140812,False,O,P01,9.6,9.6,feldpausch_regional,0.18,default,-1.0,8.52,9.45,8.7,False,O,3.68,measured,8.52,3.6238511910310702,0.5297,4.9736,4.9736,4.4041,4.7036,4.7036,4.165,
TAC_A01,103,Theobroma glaucum,Malvaceae,799934.3474,9725874.951,6.9,3.38,0.67,20140812,False,O,P01,8.08,8.08,feldpausch_regional,0.18,default,-1.0,6.72,7.92,6.9,False,O,3.38,measured,6.720000000000001,3.3136266544905437,0.5297,2.9115,2.9115,2.5781,2.7121,2.7121,2.4015,
TAC_A01,104,Theobroma glaucum,Malvaceae,799932.7947,9725873.616,11.2,5.0,0.86,20140812,False,O,P01,11.53,11.53,feldpausch_regional,0.18,default,-1.0,11.02,11.39,11.2,False,O,5.0,measured,11.02,4.9423323142718,0.5297,10.9832,10.9832,9.7256,10.5215,10.5215,9.3168,
TAC_A01,105,Theobroma glaucum,Malvaceae,799929.6893,9725870.948,12.0,6.11,1.89,20140812,False,O,P01,12.11,12.11,feldpausch_regional,0.18,default,-1.0,11.82,11.98,12.0,False,O,6.11,measured,11.82,6.044783950581397,0.5297,15.2827,15.2827,13.5328,14.6838,14.6838,13.0025,
TAC_A01,106,Theobroma glaucum,Malvaceae,799927.3602,9725868.946,11.2,5.61,0.84,20140812,False,O,P01,11.53,11.53,feldpausch_regional,0.18,default,-1.0,11.02,11.39,11.2,False,O,5.61,measured,11.02,5.54529685661296,0.5297,12.2892,12.2892,10.8821,11.7725,11.7725,10.4246,
TAC_A01,107,Theobroma glaucum,Malvaceae,799925.0312,9725866.945,9.8,4.04,1.68,20140812,False,O,P01,10.47,10.47,feldpausch_regional,0.18,default,-1.0,9.62,10.33,9.8,False,O,4.04,measured,9.620000000000001,3.985937493341723,0.5297,6.8733,6.8733,6.0863,6.5424,6.5424,5.7933,
TAC_A01,108,Theobroma glaucum,Malvaceae,799921.9257,9725864.276,11.8,4.57,0.82,20140812,False,O,P01,11.96,11.96,feldpausch_regional,0.18,default,-1.0,11.62,11.83,11.8,False,O,4.57,measured,11.620000000000001,4.520289705209439,0.5297,11.1392,11.1392,9.8637,10.6951,10.6951,9.4705,
TAC_A01,109,Theobroma glaucum,Malvaceae,799919.5967,9725862.275,10.5,4.2,1.31,20140812,False,O,P01,11.0,11.0,feldpausch_regional,0.18,default,-1.0,10.32,10.87,10.5,False,O,4.2,measured,10.32,4.147940269136728,0.5297,8.168,8.168,7.2327,7.8013,7.8013,6.9081,
TAC_A01,110,Theobroma glaucum,Malvaceae,799917.2676,9725860.274,10.2,4.54,1.12,20140812,False,O,P01,10.78,10.78,feldpausch_regional,0.18,default,-1.0,10.02,10.64,10.2,False,O,4.54,measured,10.02,4.481882542462636,0.5297,8.3279,8.3279,7.3744,7.9429,7.9429,7.0335,
TAC_A01,112,Theobroma glaucum,Malvaceae,799914.9385,9725858.272,9.5,5.61,0.63,20140812,False,O,P01,10.23,10.23,feldpausch_regional,0.18,default,-1.0,9.32,10.09,9.5,False,O,5.61,measured,9.32,5.532302586065291,0.5297,8.9118,8.9118,7.8914,8.4691,8.4691,7.4994,
TAC_A01,113,Theobroma glaucum,Malvaceae,799915.5248,9725854.75,8.3,5.27,1.58,20140812,False,O,P01,9.27,9.27,feldpausch_regional,0.18,default,-1.0,8.12,9.12,8.3,False,O,5.27,measured,8.120000000000001,5.18533746001756,0.5297,6.4415,6.4415,5.704,6.0749,6.0749,5.3793,
TAC_A01,114,Euterpe oleracea,Arecaceae,799917.0866,9725856.094,10.9,9.55,6.32,20140812,False,P,P01,11.3,11.3,feldpausch_regional,0.18,default,-1.0,10.72,11.17,10.9,False,P,9.55,measured,10.72,9.436459499640954,0.3877,19.5885,13.4195,13.4195,18.7419,12.8192,12.8192,
TAC_A01,115,Euterpe oleracea,Arecaceae,799917.0866,9725856.094,10.8,11.55,6.95,20140812,False,P,P01,11.23,11.23,feldpausch_regional,0.18,default,-1.0,10.62,11.09,10.8,False,P,11.55,measured,10.620000000000001,11.411261163004243,0.3877,23.1624,13.0838,13.0838,22.152,12.4932,12.4932,
TAC_A01,116,Euterpe oleracea,Arecaceae,799917.0866,9725856.094,9.9,8.99,5.81,20140812,False,P,P01,10.55,10.55,feldpausch_regional,0.18,default,-1.0,9.72,10.41,9.9,False,P,8.99,measured,9.72,8.871042550177679,0.3877,15.3042,10.301,10.301,14.575,9.7944,9.7944,
TAC_A01,117,Theobroma glaucum,Malvaceae,799918.6484,9725857.439,9.0,4.03,1.05,20140812,False,O,P01,9.84,9.84,feldpausch_regional,0.18,default,-1.0,8.82,9.69,9.0,False,O,4.03,measured,8.82,3.9707585801920726,0.5297,5.8066,5.8066,5.1417,5.5019,5.5019,4.872,
TAC_A01,118,Euterpe oleracea,Arecaceae,799920.2102,9725858.783,11.8,12.61,7.25,20140812,False,P,P01,11.96,11.96,feldpausch_regional,0.18,default,-1.0,11.62,11.83,11.8,False,P,12.61,measured,11.620000000000001,12.47283439446193,0.3877,29.9966,16.689,16.689,28.8008,15.9986,15.9986,
TAC_A01,119,Euterpe oleracea,Arecaceae,799920.2102,9725858.783,11.5,10.93,8.64,20140812,False,P,P01,11.75,11.75,feldpausch_regional,0.18,default,-1.0,11.32,11.61,11.5,False,P,10.93,measured,11.32,10.807618523903146,0.3877,24.8105,15.5486,15.5486,23.7952,14.8889,14.8889,
TAC_A01,120,Euterpe oleracea,Arecaceae,799920.2102,9725858.783,11.5,8.95,8.05,20140812,False,P,P01,11.75,11.75,feldpausch_regional,0.18,default,-1.0,11.32,11.61,11.5,False,P,8.95,measured,11.32,8.849788269801753,0.3877,20.4137,15.5486,15.5486,19.5783,14.8889,14.8889,
TAC_A01,121,Theobroma glaucum,Malvaceae,799920.9911,9725859.455,10.2,4.25,1.05,20140812,False,O,P01,10.78,10.78,feldpausch_regional,0.18,default,-1.0,10.02,10.64,10.2,False,O,4.25,measured,10.02,4.195594891071852,0.5297,7.8083,7.8083,6.9142,7.4473,7.4473,6.5946,
TAC_A01,122,Theobroma glaucum,Malvaceae,799923.3337,9725861.472,15.0,5.33,0.94,20140812,False,O,P01,14.15,14.15,feldpausch_regional,0.18,default,-1.0,14.82,14.03,15.0,False,O,5.33,measured,14.82,5.285880401360379,0.5297,20.6765,20.6765,18.309,20.0318,20.0318,17.7381,
TAC_A01,123,Euterpe oleracea,Arecaceae,799924.8955,9725862.816,12.0,10.63,6.64,20140812,False,P,P01,12.11,12.11,feldpausch_regional,0.18,default,-1.0,11.82,11.98,12.0,False,P,10.63,measured,11.82,10.516539017132612,0.3877,26.2373,17.478,17.478,25.2091,16.7668,16.7668,
TAC_A01,124,Euterpe oleracea,Arecaceae,799924.8955,9725862.816,12.2,10.36,6.67,20140812,False,P,P01,12.25,12.25,feldpausch_regional,0.18,default,-1.0,12.02,12.12,12.2,False,P,10.36,measured,12.02,10.251462628869328,0.3877,26.4257,18.2902,18.2902,25.4075,17.5581,17.5581,
TAC_A01,125,Euterpe oleracea,Arecaceae,799924.8955,9725862.816,8.0,6.91,4.04,20140812,False,P,P01,9.02,9.02,feldpausch_regional,0.18,default,-1.0,7.82,8.87,8.0,False,P,6.91,measured,7.82,6.794437026165113,0.3877,7.8095,5.7351,5.7351,7.3482,5.3874,5.3874,
TAC_A01,126,Euterpe oleracea,Arecaceae,799924.8955,9725862.816,10.8,10.17,7.52,20140812,False,P,P01,11.23,11.23,feldpausch_regional,0.18,default,-1.0,10.62,11.09,10.8,False,P,10.17,measured,10.620000000000001,10.04783775132062,0.3877,20.4573,13.0838,13.0838,19.5649,12.4932,12.4932,
TAC_A01,127,Theobroma glaucum,Malvaceae,799925.6764,9725863.489,11.7,5.31,0.99,20140812,False,O,P01,11.89,11.89,feldpausch_regional,0.18,default,-1.0,11.52,11.76,11.7,False,O,5.31,measured,11.52,5.251684961721792,0.5297,12.6839,12.6839,11.2316,12.1738,12.1738,10.7799,
TAC_A01,128,Theobroma glaucum,Malvaceae,799932.7044,9725869.539,9.4,3.83,0.48,20140812,False,O,P01,10.16,10.16,feldpausch_regional,0.18,default,-1.0,9.22,10.01,9.4,False,O,3.83,measured,9.22,3.776331991024031,0.5297,6.0146,6.0146,5.326,5.7126,5.7126,5.0585,
TAC_A01,129,Euterpe oleracea,Arecaceae,799933.4853,9725870.211,11.3,9.11,7.01,20140812,False,P,P01,11.6,11.6,feldpausch_regional,0.18,default,-1.0,11.12,11.47,11.3,False,P,9.11,measured,11.120000000000001,9.00597028573429,0.3877,20.0706,14.8167,14.8167,19.2344,14.1771,14.1771,
TAC_A01,130,Euterpe oleracea,Arecaceae,799934.2661,9725870.883,9.7,7.64,1.68,20140812,False,P,P01,10.39,10.39,feldpausch_regional,0.18,default,-1.0,9.52,10.25,9.7,False,P,7.64,measured,9.52,7.536596054444639,0.3877,12.547,9.7392,9.7392,11.9367,9.2505,9.2505,
TAC_A01,131,Euterpe oleracea,Arecaceae,799934.2661,9725870.883,10.3,9.19,6.77,20140812,False,P,P01,10.85,10.85,feldpausch_regional,0.18,default,-1.0,10.12,10.71,10.3,False,P,9.19,measured,10.120000000000001,9.0736252501033,0.3877,16.8933,11.4857,11.4857,16.1201,10.9424,10.9424,
TAC_A01,132,Theobroma glaucum,Malvaceae,799933.4853,9725870.211,9.4,4.53,0.94,20140812,False,O,P01,10.16,10.16,feldpausch_regional,0.18,default,-1.0,9.22,10.01,9.4,False,O,4.53,measured,9.22,4.466523216537562,0.5297,7.0853,7.0853,6.274,6.7295,6.7295,5.959,
TAC_A01,133,Theobroma glaucum,Malvaceae,799934.8909,9725871.421,10.0,4.85,0.95,20140812,False,O,P01,10.62,10.62,feldpausch_regional,0.18,default,-1.0,9.82,10.48,10.0,False,O,4.85,measured,9.82,4.78653475097666,0.5297,8.5456,8.5456,7.5672,8.1426,8.1426,7.2103,
TAC_A01,134,Theobroma glaucum,Malvaceae,799935.2032,9725871.69,8.7,4.75,1.88,20140812,False,O,P01,9.6,9.6,feldpausch_regional,0.18,default,-1.0,8.52,9.45,8.7,False,O,4.75,measured,8.52,4.677525314510213,0.5297,6.3805,6.3805,5.6499,6.0341,6.0341,5.3432,
TAC_A01,135,Euterpe oleracea,Arecaceae,799935.2032,9725871.69,11.2,10.65,6.49,20140812,False,P,P01,11.53,11.53,feldpausch_regional,0.18,default,-1.0,11.02,11.39,11.2,False,P,10.65,measured,11.02,10.527167829398934,0.3877,22.9735,14.4591,14.4591,22.0077,13.8294,13.8294,
TAC_A01,136,Euterpe oleracea,Arecaceae,799935.2032,9725871.69,10.1,8.23,6.46,20140812,False,P,P01,10.7,10.7,feldpausch_regional,0.18,default,-1.0,9.92,10.56,10.1,False,P,8.23,measured,9.92,8.1234874844725,0.3877,14.5991,10.8831,10.8831,13.9175,10.3583,10.3583,
TAC_A01,137,Euterpe oleracea,Arecaceae,799935.2032,9725871.69,11.3,10.29,7.67,20140812,False,P,P01,11.6,11.6,feldpausch_regional,0.18,default,-1.0,11.12,11.47,11.3,False,P,10.29,measured,11.120000000000001,10.172495525818423,0.3877,22.6041,14.8167,14.8167,21.6624,14.1771,14.1771,
TAC_A01,138,Euterpe oleracea,Arecaceae,799936.6088,9725872.9,13.3,4.91,1.45,20140812,False,P,P01,13.02,13.02,feldpausch_regional,0.18,default,-1.0,13.12,12.89,13.3,False,P,4.91,measured,13.120000000000001,4.863353678874069,0.3877,15.0909,23.1877,23.1877,14.5585,22.3354,22.3354,
TAC_A01,139,Theobroma glaucum,Malvaceae,799938.8702,9725870.849,7.6,4.8,1.18,20140812,False,O,P01,8.68,8.68,feldpausch_regional,0.18,default,-1.0,7.42,8.53,7.6,False,O,4.8,measured,7.42,4.715113667782154,0.5297,4.9511,4.9511,4.3842,4.6432,4.6432,4.1116,
TAC_A01,140,Theobroma glaucum,Malvaceae,799936.5139,9725868.817,12.8,5.77,1.47,20140812,False,O,P01,12.67,12.67,feldpausch_regional,0.18,default,-1.0,12.62,12.55,12.8,False,O,5.77,measured,12.620000000000001,5.71274492524943,0.5297,16.3924,16.3924,14.5155,15.791,15.791,13.9829,
TAC_A01,141,Theobroma glaucum,Malvaceae,799933.3722,9725866.108,11.2,4.0,1.24,20140812,False,O,P01,11.53,11.53,feldpausch_regional,0.18,default,-1.0,11.02,11.39,11.2,False,O,4.0,measured,11.02,3.95386585141744,0.5297,8.8337,8.8337,7.8223,8.4624,8.4624,7.4934,
TAC_A01,142,Theobroma glaucum,Malvaceae,799931.016,9725864.076,7.3,5.16,1.45,20140812,False,O,P01,8.43,8.43,feldpausch_regional,0.18,default,-1.0,7.12,8.27,7.3,False,O,5.16,measured,7.12,5.064668752603619,0.5297,4.9115,4.9115,4.3491,4.5935,4.5935,4.0675,
TAC_A01,143,Theobroma glaucum,Malvaceae,799929.0524,9725862.383,10.5,4.06,0.71,20140812,False,O,P01,11.0,11.0,feldpausch_regional,0.18,default,-1.0,10.32,10.87,10.5,False,O,4.06,measured,10.32,4.009675593498836,0.5297,7.9021,7.9021,6.9973,7.5474,7.5474,6.6832,
TAC_A01,144,Theobroma glaucum,Malvaceae,799926.6962,9725860.351,9.5,4.1,1.2,20140812,False,O,P01,10.23,10.23,feldpausch_regional,0.18,default,-1.0,9.32,10.09,9.5,False,O,4.1,measured,9.32,4.043215793737557,0.5297,6.5623,6.5623,5.8109,6.2363,6.2363,5.5222,
TAC_A01,145,Theobroma glaucum,Malvaceae,799924.497,9725858.454,7.4,4.78,2.35,20140812,False,O,P01,8.51,8.51,feldpausch_regional,0.18,default,-1.0,7.22,8.36,7.4,False,O,4.78,measured,7.220000000000001,4.69298305973416,0.5297,4.6808,4.6808,4.1449,4.3819,4.3819,3.8802,
TAC_A01,146,Theobroma glaucum,Malvaceae,799921.8266,9725856.151,9.9,4.45,1.15,20140812,False,O,P01,10.55,10.55,feldpausch_regional,0.18,default,-1.0,9.72,10.41,9.9,False,O,4.45,measured,9.72,4.391116723947794,0.5297,7.7044,7.7044,6.8223,7.3373,7.3373,6.4972,
TAC_A01,147,Theobroma glaucum,Malvaceae,799919.7059,9725854.323,13.2,5.08,0.46,20140812,False,O,P01,12.95,12.95,feldpausch_regional,0.18,default,-1.0,13.02,12.82,13.2,False,O,5.08,measured,13.02,5.031322488302054,0.5297,15.3725,15.3725,13.6123,14.826,14.826,13.1284,
TAC_A01,148,Theobroma glaucum,Malvaceae,799917.3497,9725852.291,13.8,2.05,1.43,20140812,False,O,P01,13.36,13.36,feldpausch_regional,0.18,default,-1.0,13.62,13.23,13.8,False,O,2.05,measured,13.620000000000001,2.0313269664994316,0.5297,6.9147,6.9147,6.123,6.6799,6.6799,5.915,
TAC_A01,149,Theobroma glaucum,Malvaceae,799919.4869,9725850.101,10.3,4.7,0.74,20140812,False,O,P01,10.85,10.85,feldpausch_regional,0.18,default,-1.0,10.12,10.71,10.3,False,O,4.7,measured,10.120000000000001,4.640482989715507,0.5297,8.7798,8.7798,7.7746,8.378,8.378,7.4187,
TAC_A01,150,Euterpe oleracea,Arecaceae,799920.5928,9725851.056,9.9,7.98,6.14,20140812,False,P,P01,10.55,10.55,feldpausch_regional,0.18,default,-1.0,9.72,10.41,9.9,False,P,7.98,measured,9.72,7.874407069011999,0.3877,13.6237,10.301,10.301,12.9746,9.7944,9.7944,
TAC_A01,151,Euterpe oleracea,Arecaceae,799920.5928,9725851.056,10.4,11.85,6.9,20140812,False,P,P01,10.93,10.93,feldpausch_regional,0.18,default,-1.0,10.22,10.79,10.4,False,P,11.85,measured,10.22,11.701544660369839,0.3877,22.0627,11.7948,11.7948,21.0627,11.2422,11.2422,
TAC_A01,152,Euterpe oleracea,Arecaceae,799920.5928,9725851.056,14.2,11.48,6.39,20140812,False,P,P01,13.62,13.62,feldpausch_regional,0.18,default,-1.0,14.02,13.5,14.2,False,P,11.48,measured,14.02,11.378794373240686,0.3877,39.2854,27.7594,27.7594,37.9894,26.8031,26.8031,
TAC_A01,153,Theobroma glaucum,Malvaceae,799921.8567,9725852.148,7.2,4.0,1.1,20140812,False,O,P01,8.34,8.34,feldpausch_regional,0.18,default,-1.0,7.02,8.18,7.2,False,O,4.0,measured,7.0200000000000005,3.9249867223921497,0.5297,3.7289,3.7289,3.302,3.4841,3.4841,3.0852,
TAC_A01,154,Euterpe oleracea,Arecaceae,799922.9627,9725853.103,12.0,8.91,5.01,20140812,False,P,P01,12.11,12.11,feldpausch_regional,0.18,default,-1.0,11.82,11.98,12.0,False,P,8.91,measured,11.82,8.814897708621972,0.3877,22.0853,17.478,17.478,21.2198,16.7668,16.7668,
TAC_A01,155,Euterpe oleracea,Arecaceae,799922.9627,9725853.103,13.0,6.59,6.05,20140812,False,P,P01,12.81,12.81,feldpausch_regional,0.18,default,-1.0,12.82,12.68,13.0,False,P,6.59,measured,12.82,6.525748342169631,0.3877,19.2358,21.7785,21.7785,18.5412,20.9597,20.9597,
TAC_A01,156,Euterpe oleracea,Arecaceae,799922.9627,9725853.103,8.7,8.0,6.05,20140812,False,P,P01,9.6,9.6,feldpausch_regional,0.18,default,-1.0,8.52,9.45,8.7,False,P,8.0,measured,8.52,7.8779373718066745,0.3877,10.6125,7.222,7.222,10.0364,6.8187,6.8187,
TAC_A01,157,Theobroma glaucum,Malvaceae,799923.7526,9725853.786,11.6,4.92,2.08,20140812,False,O,P01,11.82,11.82,feldpausch_regional,0.18,default,-1.0,11.42,11.69,11.6,False,O,4.92,measured,11.42,4.865444389150932,0.5297,11.5782,11.5782,10.2525,11.1085,11.1085,9.8366,
TAC_A01,158,Theobroma glaucum,Malvaceae,799926.9124,9725856.515,10.6,4.14,1.45,20140812,False,O,P01,11.08,11.08,feldpausch_regional,0.18,default,-1.0,10.42,10.94,10.6,False,O,4.14,measured,10.42,4.089222854348607,0.5297,8.2045,8.2045,7.2651,7.8397,7.8397,6.9421,
TAC_A01,159,Euterpe oleracea,Arecaceae,799928.0974,9725857.539,9.4,9.45,6.85,20140812,False,P,P01,10.16,10.16,feldpausch_regional,0.18,default,-1.0,9.22,10.01,9.4,False,P,9.45,measured,9.22,9.31758154443266,0.3877,14.522,8.9335,8.9335,13.7929,8.4712,8.4712,
TAC_A01,160,Euterpe oleracea,Arecaceae,799928.0974,9725857.539,14.0,11.82,9.63,20140812,False,P,P01,13.49,13.49,feldpausch_regional,0.18,default,-1.0,13.82,13.37,14.0,False,P,11.82,measured,13.82,11.71409070457616,0.3877,39.3167,26.6981,26.6981,38.0007,25.7653,25.7653,
TAC_A01,161,Euterpe oleracea,Arecaceae,799928.0974,9725857.539,10.1,7.4,5.45,20140812,False,P,P01,10.7,10.7,feldpausch_regional,0.18,default,-1.0,9.92,10.56,10.1,False,P,7.4,measured,9.92,7.304229329902369,0.3877,13.1603,10.8831,10.8831,12.5458,10.3583,10.3583,
TAC_A01,162,Theobroma glaucum,Malvaceae,799928.9663,9725858.289,9.1,5.14,2.19,20140812,False,O,P01,9.92,9.92,feldpausch_regional,0.18,default,-1.0,8.92,9.77,9.1,False,O,5.14,measured,8.92,5.065354501186947,0.5297,7.5233,7.5233,6.6619,7.133,7.133,6.3163,
TAC_A01,163,Theobroma glaucum,Malvaceae,799931.1782,9725860.2,8.8,4.96,1.47,20140812,False,O,P01,9.68,9.68,feldpausch_regional,0.18,default,-1.0,8.62,9.53,8.8,False,O,4.96,measured,8.620000000000001,4.885264499118336,0.5297,6.8058,6.8058,6.0266,6.4406,6.4406,5.7031,
TAC_A01,164,Euterpe oleracea,Arecaceae,799932.4421,9725861.292,9.2,6.46,5.08,20140812,False,P,P01,10.0,10.0,feldpausch_regional,0.18,default,-1.0,9.02,9.85,9.2,False,P,6.46,measured,9.02,6.3673070866521915,0.3877,9.6064,8.4208,8.4208,9.1135,7.9757,7.9757,
TAC_A01,165,Euterpe oleracea,Arecaceae,799932.4421,9725861.292,16.6,11.78,7.97,20140812,False,P,P01,15.16,15.16,feldpausch_regional,0.18,default,-1.0,16.42,15.05,16.6,False,P,11.78,measured,16.42,11.693303148807884,0.3877,54.6449,42.6383,42.6383,53.1099,41.3796,41.3796,
TAC_A01,166,Euterpe oleracea,Arecaceae,799932.4421,9725861.292,14.3,10.54,6.17,20140812,False,P,P01,13.69,13.69,feldpausch_regional,0.18,default,-1.0,14.12,13.57,14.3,False,P,10.54,measured,14.120000000000001,10.447825743850345,0.3877,36.6411,28.3,28.3,35.4411,27.3317,27.3317,
TAC_A01,167,Euterpe oleracea,Arecaceae,799932.4421,9725861.292,14.4,10.9,8.23,20140812,False,P,P01,13.76,13.76,feldpausch_regional,0.18,default,-1.0,14.22,13.64,14.4,False,P,10.9,measured,14.22,10.805436509077358,0.3877,38.3807,28.8472,28.8472,37.1326,27.867,27.867,
TAC_A01,168,Theobroma glaucum,Malvaceae,799933.864,9725862.52,11.2,3.75,1.49,20140812,False,O,P01,11.53,11.53,feldpausch_regional,0.18,default,-1.0,11.02,11.39,11.2,False,O,3.75,measured,11.02,3.70674923570385,0.5297,8.2945,8.2945,7.3448,7.9458,7.9458,7.036,
TAC_A01,169,Euterpe oleracea,Arecaceae,799934.8119,9725863.339,11.8,12.82,11.27,20140812,False,P,P01,11.96,11.96,feldpausch_regional,0.18,default,-1.0,11.62,11.83,11.8,False,P,12.82,measured,11.620000000000001,12.680550113957333,0.3877,30.4841,16.689,16.689,29.2689,15.9986,15.9986,
TAC_A01,170,Euterpe oleracea,Arecaceae,799934.8119,9725863.339,11.9,8.74,5.86,20140812,False,P,P01,12.03,12.03,feldpausch_regional,0.18,default,-1.0,11.72,11.9,11.9,False,P,8.74,measured,11.72,8.645828932765266,0.3877,21.3228,17.0806,17.0806,20.48,16.3799,16.3799,
TAC_A01,171,Euterpe oleracea,Arecaceae,799934.8119,9725863.339,11.5,8.36,7.19,20140812,False,P,P01,11.75,11.75,feldpausch_regional,0.18,default,-1.0,11.32,11.61,11.5,False,P,8.36,measured,11.32,8.266394406205883,0.3877,19.0992,15.5486,15.5486,18.3176,14.8889,14.8889,
TAC_A01,172,Theobroma glaucum,Malvaceae,799936.0759,9725864.431,14.9,5.34,1.37,20140812,False,O,P01,14.08,14.08,feldpausch_regional,0.18,default,-1.0,14.72,13.97,14.9,False,O,5.34,measured,14.72,5.295455564799892,0.5297,20.4456,20.4456,18.1046,19.8037,19.8037,17.5362,
TAC_A01,173,Theobroma glaucum,Malvaceae,799938.7617,9725866.751,8.6,4.25,0.93,20140812,False,O,P01,9.52,9.52,feldpausch_regional,0.18,default,-1.0,8.42,9.37,8.6,False,O,4.25,measured,8.42,4.184326896293533,0.5297,5.5964,5.5964,4.9556,5.289,5.289,4.6834,
TAC_A01,174,Euterpe oleracea,Arecaceae,799940.0256,9725867.843,12.3,10.17,7.08,20140812,False,P,P01,12.32,12.32,feldpausch_regional,0.18,default,-1.0,12.12,12.19,12.3,False,P,10.17,measured,12.120000000000001,10.064430479724088,0.3877,26.3694,18.7052,18.7052,25.3618,17.9625,17.9625,
TAC_A01,175,Euterpe oleracea,Arecaceae,799940.0256,9725867.843,14.2,10.01,5.8,20140812,False,P,P01,13.62,13.62,feldpausch_regional,0.18,default,-1.0,14.02,13.5,14.2,False,P,10.01,measured,14.02,9.92175363032572,0.3877,34.3678,27.7594,27.7594,33.234,26.8031,26.8031,
TAC_A01,176,Euterpe oleracea,Arecaceae,799940.0256,9725867.843,13.1,8.78,6.49,20140812,False,P,P01,12.88,12.88,feldpausch_regional,0.18,default,-1.0,12.92,12.75,13.1,False,P,8.78,measured,12.92,8.695137976488626,0.3877,25.836,22.242,22.242,24.9103,21.4121,21.4121,
TAC_A01,177,Euterpe oleracea,Arecaceae,799940.0256,9725867.843,9.6,6.85,5.5,20140812,False,P,P01,10.31,10.31,feldpausch_regional,0.18,default,-1.0,9.42,10.17,9.6,False,P,6.85,measured,9.42,6.756219986144701,0.3877,11.0532,9.4657,9.4657,10.5099,8.9859,8.9859,
TAC_A01,178,Theobroma glaucum,Malvaceae,799941.3685,9725869.003,8.6,4.39,1.36,20140812,False,O,P01,9.52,9.52,feldpausch_regional,0.18,default,-1.0,8.42,9.37,8.6,False,O,4.39,measured,8.42,4.322163546994967,0.5297,5.7763,5.7763,5.1149,5.459,5.459,4.834,
TAC_A01,179,Theobroma glaucum,Malvaceae,799943.3929,9725866.747,9.5,3.76,0.23,20140812,False,O,P01,10.23,10.23,feldpausch_regional,0.18,default,-1.0,9.32,10.09,9.5,False,O,3.76,measured,9.32,3.707924727915418,0.5297,6.0306,6.0306,5.3401,5.731,5.731,5.0748,
TAC_A01,180,Theobroma glaucum,Malvaceae,799941.3273,9725864.96,13.8,3.95,1.47,20140812,False,O,P01,13.36,13.36,feldpausch_regional,0.18,default,-1.0,13.62,13.23,13.8,False,O,3.95,measured,13.620000000000001,3.9140202525232954,0.5297,13.1155,13.1155,11.6138,12.6699,12.6699,11.2192,
TAC_A01,181,Theobroma glaucum,Malvaceae,799938.1493,9725862.21,8.9,4.77,0.64,20140812,False,O,P01,9.76,9.76,feldpausch_regional,0.18,default,-1.0,8.72,9.61,8.9,False,O,4.77,measured,8.72,4.699013902087171,0.5297,6.6974,6.6974,5.9305,6.342,6.342,5.6159,
TAC_A01,182,Theobroma glaucum,Malvaceae,799935.9248,9725860.285,8.2,3.29,1.64,20140812,False,O,P01,9.19,9.19,feldpausch_regional,0.18,default,-1.0,8.02,9.04,8.2,False,O,3.29,measured,8.02,3.2364412686435156,0.5297,3.972,3.972,3.5172,3.7431,3.7431,3.3145,
TAC_A01,183,Theobroma glaucum,Malvaceae,799933.7797,9725858.429,8.8,4.28,1.21,20140812,False,O,P01,9.68,9.68,feldpausch_regional,0.18,default,-1.0,8.62,9.53,8.8,False,O,4.28,measured,8.620000000000001,4.215510495206952,0.5297,5.8936,5.8936,5.2188,5.5773,5.5773,4.9387,
TAC_A01,184,Theobroma glaucum,Malvaceae,799928.6155,9725853.96,9.5,4.39,1.65,20140812,False,O,P01,10.23,10.23,feldpausch_regional,0.18,default,-1.0,9.32,10.09,9.5,False,O,4.39,measured,9.32,4.3291993498799695,0.5297,7.0149,7.0149,6.2117,6.6664,6.6664,5.9031,
TAC_A01,185,Theobroma glaucum,Malvaceae,799926.2321,9725851.898,9.6,4.78,1.12,20140812,False,O,P01,10.31,10.31,feldpausch_regional,0.18,default,-1.0,9.42,10.17,9.6,False,O,4.78,measured,9.42,4.714559347995865,0.5297,7.7799,7.7799,6.8891,7.3975,7.3975,6.5505,
TAC_A01,186,Theobroma glaucum,Malvaceae,799923.5308,9725849.561,10.8,5.01,1.64,20140812,False,O,P01,11.23,11.23,feldpausch_regional,0.18,default,-1.0,10.62,11.09,10.8,False,O,5.01,measured,10.620000000000001,4.9498197771992425,0.5297,10.2505,10.2505,9.0768,9.8034,9.8034,8.6809,
TAC_A01,1,Theobroma glaucum,Malvaceae,799725.2348,9725995.936,8.1,2.58,2.17,20140813,False,O,P03,9.1,9.1,feldpausch_regional,0.18,default,-1.0,7.92,8.95,8.1,False,O,2.58,measured,7.92,2.537432951258293,0.5297,3.0589,3.0589,2.7087,2.8805,2.8805,2.5506,
TAC_A01,2,Theobroma glaucum,Malvaceae,799722.4181,9725998.716,17.0,7.4,1.88,20140813,False,O,P03,15.41,15.41,feldpausch_regional,0.18,default,-1.0,16.82,15.3,17.0,False,O,7.4,measured,16.82,7.347032798648346,0.5297,36.3636,36.3636,32.2,35.367,35.367,31.3175,
TAC_A01,6,Theobroma glaucum,Malvaceae,799709.7428,9726011.225,16.6,7.9,1.94,20140813,False,O,P03,15.16,15.16,feldpausch_regional,0.18,default,-1.0,16.42,15.05,16.6,False,O,7.9,measured,16.42,7.841858648181859,0.5297,36.9995,36.9995,32.7631,35.9602,35.9602,31.8428,
TAC_A01,8,Tabebuia chrysotricha,,799706.5979,9726018.309,20.2,13.44,4.83,20140813,False,O,P03,17.28,17.28,feldpausch_regional,0.18,default,-1.0,20.02,17.18,20.2,False,O,13.44,measured,20.02,13.361561799106509,0.7598,91.1642,91.1642,114.785,89.0749,89.0749,112.1543,
TAC_A01,9,Theobroma glaucum,Malvaceae,799709.0037,9726015.95,12.1,3.83,1.82,20140813,False,O,P03,12.18,12.18,feldpausch_regional,0.18,default,-1.0,11.92,12.05,12.1,False,O,3.83,measured,11.92,3.789500464074089,0.5297,9.846,9.846,8.7186,9.4634,9.4634,8.3799,
TAC_A01,10,Tabebuia chrysotricha,,799710.7018,9726014.285,21.6,14.27,4.39,20140813,False,O,P03,18.05,18.05,feldpausch_regional,0.18,default,-1.0,21.42,17.95,21.6,False,O,14.27,measured,21.42,14.193170227808968,0.7598,110.1621,110.1621,138.7053,107.8077,107.8077,135.7409,
TAC_A01,11,Theobroma glaucum,Malvaceae,799711.8339,9726013.175,9.3,4.15,1.96,20140813,False,O,P03,10.08,10.08,feldpausch_regional,0.18,default,-1.0,9.12,9.93,9.3,False,O,4.15,measured,9.120000000000001,4.091157937913144,0.5297,6.3702,6.3702,5.6408,6.0469,6.0469,5.3545,
TAC_A01,12,Tabebuia chrysotricha,,799714.9472,9726010.123,20.7,14.71,7.02,20140813,False,O,P03,17.56,17.56,feldpausch_regional,0.18,default,-1.0,20.52,17.46,20.7,False,O,14.71,measured,20.52,14.626631544119968,0.7598,104.4299,104.4299,131.4878,102.0967,102.0967,128.5501,
TAC_A01,13,Theobroma glaucum,Malvaceae,799717.4944,9726007.626,12.0,6.58,2.13,20140813,False,O,P03,12.11,12.11,feldpausch_regional,0.18,default,-1.0,11.82,11.98,12.0,False,O,6.58,measured,11.82,6.509767331395351,0.5297,16.429,16.429,14.5479,15.7852,15.7852,13.9778,
TAC_A01,14,Tabebuia chrysotricha,,799719.2634,9726005.891,12.0,11.13,5.74,20140813,False,O,P03,12.11,12.11,feldpausch_regional,0.18,default,-1.0,11.82,11.98,12.0,False,O,11.13,measured,11.82,11.011202188211286,0.7598,27.4411,27.4411,34.5512,26.3658,26.3658,33.1972,
TAC_A01,15,Theobroma glaucum,Malvaceae,799720.3247,9726004.851,10.0,4.97,1.82,20140813,False,O,P03,10.62,10.62,feldpausch_regional,0.18,default,-1.0,9.82,10.48,10.0,False,O,4.97,measured,9.82,4.904964476774021,0.5297,8.7519,8.7519,7.7499,8.3392,8.3392,7.3843,
TAC_A01,16,Tabebuia chrysotricha,,799723.438,9726001.798,9.6,11.06,5.05,20140813,False,O,P03,10.31,10.31,feldpausch_regional,0.18,default,-1.0,9.42,10.17,9.6,False,O,11.06,measured,9.42,10.908582926534365,0.7598,17.6425,17.6425,22.2137,16.7753,16.7753,21.1218,
TAC_A01,17,Tabebuia chrysotricha,,799723.5087,9726001.729,12.0,11.06,4.08,20140813,False,O,P03,12.11,12.11,feldpausch_regional,0.18,default,-1.0,11.82,11.98,12.0,False,O,11.06,measured,11.82,10.941949344260271,0.7598,27.2727,27.2727,34.3391,26.2039,26.2039,32.9934,
TAC_A01,18,Theobroma glaucum,Malvaceae,799725.9852,9725999.301,5.3,2.85,1.9,20140813,False,O,P03,6.62,6.62,feldpausch_regional,0.18,default,-1.0,5.12,6.44,5.3,False,O,2.85,measured,5.12,2.775724224677735,0.5297,1.4729,1.4729,1.3043,1.3418,1.3418,1.1882,
TAC_A01,19,Tabebuia chrysotricha,,799725.9852,9725999.301,7.0,8.13,4.0,20140813,False,O,P03,8.17,8.17,feldpausch_regional,0.18,default,-1.0,6.82,8.01,7.0,False,O,8.13,measured,6.82,7.972814692916759,0.7598,7.0525,7.0525,8.8798,6.5763,6.5763,8.2802,
TAC_A01,21,Theobroma glaucum,Malvaceae,799726.7221,9726002.661,10.2,3.55,1.69,20140813,False,O,P03,10.78,10.78,feldpausch_regional,0.18,default,-1.0,10.02,10.64,10.2,False,O,3.55,measured,10.02,3.5045557325423697,0.5297,6.5504,6.5504,5.8004,6.2476,6.2476,5.5323,
TAC_A01,22,Theobroma glaucum,Malvaceae,799723.8783,9726005.431,17.6,6.03,2.82,20140813,False,O,P03,15.77,15.77,feldpausch_regional,0.18,default,-1.0,17.42,15.66,17.6,False,O,6.03,measured,17.42,5.98855933449047,0.5297,31.8633,31.8633,28.215,31.0208,31.0208,27.469,
TAC_A01,23,Theobroma glaucum,Malvaceae,799721.0345,9726008.201,12.0,6.37,2.31,20140813,False,O,P03,12.11,12.11,feldpausch_regional,0.18,default,-1.0,11.82,11.98,12.0,False,O,6.37,measured,11.82,6.302008799542308,0.5297,15.917,15.917,14.0946,15.2933,15.2933,13.5422,
TAC_A01,24,Theobroma glaucum,Malvaceae,799718.1907,9726010.971,11.0,4.46,1.87,20140813,False,O,P03,11.38,11.38,feldpausch_regional,0.18,default,-1.0,10.82,11.24,11.0,False,O,4.46,measured,10.82,4.407513098703722,0.5297,9.4844,9.4844,8.3984,9.0783,9.0783,8.0389,
TAC_A01,25,Theobroma glaucum,Malvaceae,799715.3469,9726013.741,12.0,6.2,1.92,20140813,False,O,P03,12.11,12.11,feldpausch_regional,0.18,default,-1.0,11.82,11.98,12.0,False,O,6.2,measured,11.82,6.133823321375559,0.5297,15.5023,15.5023,13.7273,14.8948,14.8948,13.1894,
TAC_A01,26,Theobroma glaucum,Malvaceae,799712.5031,9726016.511,14.5,4.97,1.74,20140813,False,O,P03,13.82,13.82,feldpausch_regional,0.18,default,-1.0,14.32,13.7,14.5,False,O,4.97,measured,14.32,4.927223744645693,0.5297,18.0757,18.0757,16.006,17.4921,17.4921,15.4892,
TAC_A01,27,Theobroma glaucum,Malvaceae,799709.6593,9726019.281,8.0,2.55,1.42,20140813,False,O,P03,9.02,9.02,feldpausch_regional,0.18,default,-1.0,7.82,8.87,8.0,False,O,2.55,measured,7.82,2.507353750610859,0.5297,2.9517,2.9517,2.6138,2.7774,2.7774,2.4594,
TAC_A01,28,Tabebuia chrysotricha,,799710.4442,9726022.469,19.8,14.01,7.21,20140813,False,O,P03,17.05,17.05,feldpausch_regional,0.18,default,-1.0,19.62,16.95,19.8,False,O,14.01,measured,19.62,13.92625597755773,0.7598,91.3008,91.3008,114.957,89.1644,89.1644,112.267,
TAC_A01,29,Tabebuia chrysotricha,,799714.5874,9726018.46,22.8,14.69,7.57,20140813,False,O,P03,18.68,18.68,feldpausch_regional,0.18,default,-1.0,22.62,18.59,22.8,False,O,14.69,measured,22.62,14.615935470597783,0.7598,125.9397,125.9397,158.5709,123.396,123.396,155.3681,
TAC_A01,30,Theobroma glaucum,Malvaceae,799716.0161,9726017.077,12.4,6.43,2.11,20140813,False,O,P03,12.39,12.39,feldpausch_regional,0.18,default,-1.0,12.22,12.26,12.4,False,O,6.43,measured,12.22,6.363861259243757,0.5297,17.1251,17.1251,15.1643,16.4761,16.4761,14.5896,
TAC_A01,31,Theobroma glaucum,Malvaceae,799718.9448,9726014.243,27.5,17.58,7.0,20140813,False,O,P03,21.0,21.0,feldpausch_regional,0.18,default,-1.0,27.32,20.92,27.5,False,O,17.58,measured,27.32,17.509729065164777,0.5297,216.3598,216.3598,191.5868,212.7707,212.7707,188.4086,
TAC_A01,32,Theobroma glaucum,Malvaceae,799721.3736,9726011.893,14.2,6.72,2.4,20140813,False,O,P03,13.62,13.62,feldpausch_regional,0.18,default,-1.0,14.02,13.5,14.2,False,O,6.72,measured,14.02,6.660757681896986,0.5297,23.2938,23.2938,20.6267,22.5254,22.5254,19.9462,
TAC_A01,33,Tabebuia chrysotricha,,799723.1594,9726010.164,8.9,10.28,5.22,20140813,False,O,P03,9.76,9.76,feldpausch_regional,0.18,default,-1.0,8.72,9.61,8.9,False,O,10.28,measured,8.72,10.127015285839857,0.7598,14.1702,14.1702,17.8417,13.4183,13.4183,16.8951,
TAC_A01,34,Theobroma glaucum,Malvaceae,799727.5883,9726005.878,14.3,13.53,6.59,20140813,False,O,P03,13.69,13.69,feldpausch_regional,0.18,default,-1.0,14.12,13.57,14.3,False,O,13.53,measured,14.120000000000001,13.411677638927435,0.5297,46.7545,46.7545,41.4011,45.2232,45.2232,40.0452,
TAC_A01,35,Tabebuia chrysotricha,,799729.7313,9726003.804,15.1,6.49,2.06,20140813,False,O,P03,14.21,14.21,feldpausch_regional,0.18,default,-1.0,14.92,14.1,15.1,False,O,6.49,measured,14.92,6.4366884974445355,0.7598,25.3848,25.3848,31.9621,24.5987,24.5987,30.9723,
TAC_A01,36,Tabebuia chrysotricha,,799731.7315,9726001.869,15.0,12.7,6.82,20140813,False,O,P03,14.15,14.15,feldpausch_regional,0.18,default,-1.0,14.82,14.03,15.0,False,O,12.7,measured,14.82,12.594874502303341,0.7598,48.2507,48.2507,60.7525,46.7461,46.7461,58.8581,
TAC_A01,38,Theobroma glaucum,Malvaceae,799730.8108,9726006.814,18.4,4.88,1.47,20140813,False,O,P03,16.25,16.25,feldpausch_regional,0.18,default,-1.0,18.22,16.14,18.4,False,O,4.88,measured,18.22,4.848174630748229,0.5297,28.2672,28.2672,25.0306,27.5534,27.5534,24.3986,
TAC_A01,39,Theobroma glaucum,Malvaceae,799728.0117,9726009.505,12.7,4.27,1.62,20140813,False,O,P03,12.6,12.6,feldpausch_regional,0.18,default,-1.0,12.52,12.48,12.7,False,O,4.27,measured,12.52,4.2272509897358,0.5297,12.0333,12.0333,10.6555,11.5882,11.5882,10.2614,
TAC_A01,40,Theobroma glaucum,Malvaceae,799725.1408,9726012.265,17.2,8.23,2.29,20140813,False,O,P03,15.53,15.53,feldpausch_regional,0.18,default,-1.0,17.02,15.42,17.2,False,O,8.23,measured,17.02,8.171893216806762,0.5297,41.2708,41.2708,36.5453,40.1532,40.1532,35.5557,
TAC_A01,41,Theobroma glaucum,Malvaceae,799722.4135,9726014.888,13.5,6.95,2.11,20140813,False,O,P03,13.15,13.15,feldpausch_regional,0.18,default,-1.0,13.32,13.03,13.5,False,O,6.95,measured,13.32,6.885086045068129,0.5297,21.8097,21.8097,19.3125,21.052,21.052,18.6415,
TAC_A01,42,Theobroma glaucum,Malvaceae,799719.5426,9726017.648,12.7,7.45,2.85,20140813,False,O,P03,12.6,12.6,feldpausch_regional,0.18,default,-1.0,12.52,12.48,12.7,False,O,7.45,measured,12.52,7.375414490288458,0.5297,20.7162,20.7162,18.3442,19.95,19.95,17.6658,
TAC_A01,43,Theobroma glaucum,Malvaceae,799716.6717,9726020.408,7.4,4.35,1.98,20140813,False,O,P03,8.51,8.51,feldpausch_regional,0.18,default,-1.0,7.22,8.36,7.4,False,O,4.35,measured,7.220000000000001,4.270810943481923,0.5297,4.2694,4.2694,3.7806,3.9967,3.9967,3.5391,
TAC_A01,44,Tabebuia chrysotricha,,799713.8008,9726023.169,8.5,3.54,0.91,20140813,False,O,P03,9.43,9.43,feldpausch_regional,0.18,default,-1.0,8.32,9.29,8.5,False,O,3.54,measured,8.32,3.4845926291331133,0.7598,4.5763,4.5763,5.762,4.322,4.322,5.4418,
TAC_A01,45,Theobroma glaucum,Malvaceae,799714.7178,9726026.214,19.7,13.55,6.82,20140813,False,O,P03,17.0,17.0,feldpausch_regional,0.18,default,-1.0,19.52,16.89,19.7,False,O,13.55,measured,19.52,13.468514576208143,0.5297,87.5047,87.5047,77.4855,85.4463,85.4463,75.6628,
TAC_A01,46,Tabebuia chrysotricha,,799717.3138,9726023.735,15.5,7.58,2.26,20140813,False,O,P03,14.47,14.47,feldpausch_regional,0.18,default,-1.0,15.32,14.36,15.5,False,O,7.58,measured,15.32,7.519587719435955,0.7598,31.0846,31.0846,39.1387,30.1475,30.1475,37.9588,
TAC_A01,47,Theobroma glaucum,Malvaceae,799718.9723,9726022.15,18.0,13.09,5.12,20140813,False,O,P03,16.01,16.01,feldpausch_regional,0.18,default,-1.0,17.82,15.9,18.0,False,O,13.09,measured,17.82,13.002388466257102,0.5297,70.9391,70.9391,62.8167,69.1065,69.1065,61.1939,
TAC_A01,48,Tabebuia chrysotricha,,799720.054,9726021.117,11.1,5.4,2.62,20140813,False,O,P03,11.45,11.45,feldpausch_regional,0.18,default,-1.0,10.92,11.32,11.1,False,O,5.4,measured,10.92,5.3370906668285905,0.7598,11.6345,11.6345,14.649,11.1409,11.1409,14.0275,
TAC_A01,49,Tabebuia chrysotricha,,799723.0827,9726018.224,22.7,14.27,5.47,20140813,False,O,P03,18.63,18.63,feldpausch_regional,0.18,default,-1.0,22.52,18.54,22.7,False,O,14.27,measured,22.52,14.197666443171299,0.7598,121.3783,121.3783,152.8276,118.9154,118.9154,149.7265,
TAC_A01,50,Theobroma glaucum,Malvaceae,799725.9671,9726015.468,19.9,8.76,2.93,20140813,False,O,P03,17.11,17.11,feldpausch_regional,0.18,default,-1.0,19.72,17.01,19.9,False,O,8.76,measured,19.72,8.707951742182269,0.5297,58.305,58.305,51.6291,56.9478,56.9478,50.4273,
TAC_A01,51,Tabebuia chrysotricha,,799727.4093,9726014.09,9.2,10.04,7.24,20140813,False,O,P03,10.0,10.0,feldpausch_regional,0.18,default,-1.0,9.02,9.85,9.2,False,O,10.04,measured,9.02,9.895938568109598,0.7598,14.7729,14.7729,18.6006,14.0149,14.0149,17.6462,
TAC_A01,52,Theobroma glaucum,Malvaceae,799728.8515,9726012.713,21.3,6.64,2.75,20140813,False,O,P03,17.88,17.88,feldpausch_regional,0.18,default,-1.0,21.12,17.79,21.3,False,O,6.64,measured,21.12,6.603640975727869,0.5297,50.8035,50.8035,44.9866,49.7018,49.7018,44.011,
TAC_A01,53,Tabebuia chrysotricha,,799731.736,9726009.957,11.6,12.57,5.86,20140813,False,O,P03,11.82,11.82,feldpausch_regional,0.18,default,-1.0,11.42,11.69,11.6,False,O,12.57,measured,11.42,12.430617067403906,0.7598,28.9224,28.9224,36.4162,27.7492,27.7492,34.939,
TAC_A01,54,Theobroma glaucum,Malvaceae,799734.6204,9726007.202,12.4,4.48,2.38,20140813,False,O,P03,12.39,12.39,feldpausch_regional,0.18,default,-1.0,12.22,12.26,12.4,False,O,4.48,measured,12.22,4.433918886689274,0.5297,12.0356,12.0356,10.6575,11.5795,11.5795,10.2536,
TAC_A01,56,Schizolobium amazonicum,Fabaceae,799735.3362,9726009.207,15.1,19.6,13.36,20140813,False,O,P03,14.21,14.21,feldpausch_regional,0.18,default,-1.0,14.92,14.1,15.1,False,O,19.6,measured,14.92,19.43899761940106,0.58,74.6562,74.6562,72.2264,72.3441,72.3441,69.9896,
TAC_A01,57,Theobroma glaucum,Malvaceae,799735.3302,9726010.552,8.8,2.05,1.42,20140813,False,O,P03,9.68,9.68,feldpausch_regional,0.18,default,-1.0,8.62,9.53,8.8,False,O,2.05,measured,8.620000000000001,2.0191113353210866,0.5297,2.8732,2.8732,2.5442,2.719,2.719,2.4077,
TAC_A01,58,Theobroma glaucum,Malvaceae,799732.4322,9726013.303,7.0,4.04,1.85,20140813,False,O,P03,8.17,8.17,feldpausch_regional,0.18,default,-1.0,6.82,8.01,7.0,False,O,4.04,measured,6.82,3.9618906961111566,0.5297,3.5639,3.5639,3.1558,3.3232,3.3232,2.9427,
TAC_A01,59,Theobroma glaucum,Malvaceae,799729.5342,9726016.053,9.0,6.17,1.69,20140813,False,O,P03,9.84,9.84,feldpausch_regional,0.18,default,-1.0,8.82,9.69,9.0,False,O,6.17,measured,8.82,6.079300357266771,0.5297,8.7995,8.7995,7.792,8.3379,8.3379,7.3832,
TAC_A01,60,Theobroma glaucum,Malvaceae,799726.6363,9726018.804,12.9,,,20140813,True,O,P03,12.74,12.74,feldpausch_regional,0.18,default,-1.0,12.72,12.62,12.9,True,O,12.74,feldpausch,12.72,12.614693196677706,0.5297,36.056,26.87,26.87,34.7436,25.915,25.915,
TAC_A01,61,Theobroma glaucum,Malvaceae,799723.7383,9726021.555,24.7,10.1,2.39,20140813,False,O,P03,19.65,19.65,feldpausch_regional,0.18,default,-1.0,24.52,19.56,24.7,False,O,10.1,measured,24.52,10.053842785727422,0.5297,102.1463,102.1463,90.4507,100.2492,100.2492,88.7707,
TAC_A01,62,Theobroma glaucum,Malvaceae,799720.8403,9726024.305,8.2,8.32,3.45,20140813,False,O,P03,9.19,9.19,feldpausch_regional,0.18,default,-1.0,8.02,9.04,8.2,False,O,8.32,measured,8.02,8.184556642891808,0.5297,9.8235,9.8235,8.6987,9.2575,9.2575,8.1975,
TAC_A01,63,Theobroma glaucum,Malvaceae,799717.9423,9726027.056,13.6,7.73,2.85,20140813,False,O,P03,13.22,13.22,feldpausch_regional,0.18,default,-1.0,13.42,13.1,13.6,False,O,7.73,measured,13.42,7.658405751296762,0.5297,24.5466,24.5466,21.7361,23.7002,23.7002,20.9866,
TAC_A01,64,Tabebuia chrysotricha,,799718.7757,9726030.166,21.2,15.18,8.06,20140813,False,O,P03,17.83,17.83,feldpausch_regional,0.18,default,-1.0,21.02,17.73,21.2,False,O,15.18,measured,21.02,15.096404744596244,0.7598,112.8209,112.8209,142.053,110.3622,110.3622,138.9572,
TAC_A01,65,Theobroma glaucum,Malvaceae,799721.4688,9726027.627,9.7,6.58,2.88,20140813,False,O,P03,10.39,10.39,feldpausch_regional,0.18,default,-1.0,9.52,10.25,9.7,False,O,6.58,measured,9.52,6.490942675163054,0.5297,10.845,10.845,9.6032,10.3175,10.3175,9.1361,
TAC_A01,66,Tabebuia chrysotricha,,799722.9246,9726026.254,19.8,14.37,6.17,20140813,False,O,P03,17.05,17.05,feldpausch_regional,0.18,default,-1.0,19.62,16.95,19.8,False,O,14.37,measured,19.62,14.284104096895401,0.7598,93.5899,93.5899,117.8392,91.3999,91.3999,115.0818,
TAC_A01,67,Theobroma glaucum,Malvaceae,799724.3804,9726024.881,13.5,8.18,3.0,20140813,False,O,P03,13.15,13.15,feldpausch_regional,0.18,default,-1.0,13.32,13.03,13.5,False,O,8.18,measured,13.32,8.103597676065798,0.5297,25.5693,25.5693,22.6417,24.681,24.681,21.855,
TAC_A01,68,Tabebuia chrysotricha,,799727.4375,9726021.998,19.8,15.89,7.41,20140813,False,O,P03,17.05,17.05,feldpausch_regional,0.18,default,-1.0,19.62,16.95,19.8,False,O,15.89,measured,19.62,15.79501837854335,0.7598,103.24,103.24,129.9897,100.8242,100.8242,126.9479,
TAC_A01,69,Theobroma glaucum,Malvaceae,799730.2034,9726019.389,12.7,8.15,2.15,20140813,False,O,P03,12.6,12.6,feldpausch_regional,0.18,default,-1.0,12.52,12.48,12.7,False,O,8.15,measured,12.52,8.068406455818916,0.5297,22.6139,22.6139,20.0246,21.7776,21.7776,19.2841,
TAC_A01,70,Tabebuia chrysotricha,,799731.732,9726017.948,21.2,14.52,3.88,20140813,False,O,P03,17.83,17.83,feldpausch_regional,0.18,default,-1.0,21.02,17.73,21.2,False,O,14.52,measured,21.02,14.440039320918146,0.7598,108.0308,108.0308,136.0218,105.6765,105.6765,133.0575,
TAC_A01,71,Theobroma glaucum,Malvaceae,799733.1149,9726016.644,8.2,4.35,2.29,20140813,False,O,P03,9.19,9.19,feldpausch_regional,0.18,default,-1.0,8.02,9.04,8.2,False,O,4.35,measured,8.02,4.279185264011943,0.5297,5.2166,5.2166,4.6193,4.9161,4.9161,4.3532,
TAC_A01,72,Theobroma glaucum,Malvaceae,799738.938,9726011.152,15.5,6.74,2.88,20140813,False,O,P03,14.47,14.47,feldpausch_regional,0.18,default,-1.0,15.32,14.36,15.5,False,O,6.74,measured,15.32,6.68628248403672,0.5297,27.7179,27.7179,24.5442,26.8823,26.8823,23.8043,
TAC_A01,75,Theobroma glaucum,Malvaceae,799739.6342,9726014.498,14.0,4.85,1.91,20140813,False,O,P03,13.49,13.49,feldpausch_regional,0.18,default,-1.0,13.82,13.37,14.0,False,O,4.85,measured,13.82,4.806543140202569,0.5297,16.4811,16.4811,14.594,15.9295,15.9295,14.1056,
TAC_A01,76,Theobroma glaucum,Malvaceae,799736.7092,9726017.239,14.1,5.58,1.95,20140813,False,O,P03,13.56,13.56,feldpausch_regional,0.18,default,-1.0,13.92,13.44,14.1,False,O,5.58,measured,13.92,5.5304078744405105,0.5297,19.1625,19.1625,16.9684,18.5257,18.5257,16.4046,
TAC_A01,77,Theobroma glaucum,Malvaceae,799733.7841,9726019.98,11.6,8.38,2.39,20140813,False,O,P03,11.82,11.82,feldpausch_regional,0.18,default,-1.0,11.42,11.69,11.6,False,O,8.38,measured,11.42,8.287078044935939,0.5297,19.4701,19.4701,17.2408,18.6803,18.6803,16.5415,
TAC_A01,78,Theobroma glaucum,Malvaceae,799730.859,9726022.72,8.9,8.41,2.46,20140813,False,O,P03,9.76,9.76,feldpausch_regional,0.18,default,-1.0,8.72,9.61,8.9,False,O,8.41,measured,8.72,8.284844217306732,0.5297,11.6485,11.6485,10.3148,11.0305,11.0305,9.7675,
TAC_A01,79,Theobroma glaucum,Malvaceae,799727.934,9726025.461,13.0,6.3,2.76,20140813,False,O,P03,12.81,12.81,feldpausch_regional,0.18,default,-1.0,12.82,12.68,13.0,False,O,6.3,measured,12.82,6.238575805109056,0.5297,18.4092,18.4092,16.3013,17.7444,17.7444,15.7127,
TAC_A01,80,Theobroma glaucum,Malvaceae,799725.0089,9726028.202,18.6,7.9,1.35,20140813,False,O,P03,16.36,16.36,feldpausch_regional,0.18,default,-1.0,18.42,16.26,18.6,False,O,7.9,measured,18.42,7.8491341664384935,0.5297,46.1992,46.1992,40.9094,45.0456,45.0456,39.8879,
TAC_A01,81,Theobroma glaucum,Malvaceae,799722.0839,9726030.943,15.4,7.41,2.28,20140813,False,O,P03,14.41,14.41,feldpausch_regional,0.18,default,-1.0,15.22,14.29,15.4,False,O,7.41,measured,15.22,7.350498770273758,0.5297,30.0223,30.0223,26.5848,29.1111,29.1111,25.7779,
TAC_A01,82,Tabebuia chrysotricha,,799723.0526,9726033.913,21.2,15.01,7.53,20140813,False,O,P03,17.83,17.83,feldpausch_regional,0.18,default,-1.0,21.02,17.73,21.2,False,O,15.01,measured,21.02,14.927340923345826,0.7598,111.5876,111.5876,140.5001,109.1557,109.1557,137.4382,
TAC_A01,83,Tabebuia chrysotricha,,799727.0932,9726030.151,22.9,18.84,9.17,20140813,False,O,P03,18.73,18.73,feldpausch_regional,0.18,default,-1.0,22.72,18.64,22.9,False,O,18.84,measured,22.72,18.74551767436011,0.7598,161.9342,161.9342,203.8916,158.6783,158.6783,199.7922,
TAC_A01,84,Theobroma glaucum,Malvaceae,799728.5625,9726028.783,6.5,4.04,2.57,20140813,False,O,P03,7.72,7.72,feldpausch_regional,0.18,default,-1.0,6.32,7.56,6.5,False,O,4.04,measured,6.32,3.955387069048538,0.5297,3.0839,3.0839,2.7308,2.8597,2.8597,2.5322,
TAC_A01,85,Theobroma glaucum,Malvaceae,799731.8684,9726025.705,22.2,15.83,7.78,20140813,False,O,P03,18.37,18.37,feldpausch_regional,0.18,default,-1.0,22.02,18.27,22.2,False,O,15.83,measured,22.02,15.747554867629274,0.5297,128.5983,128.5983,113.8739,125.9274,125.9274,111.5088,
TAC_A01,86,Theobroma glaucum,Malvaceae,799734.4397,9726023.311,15.7,6.0,2.94,20140813,False,O,P03,14.6,14.6,feldpausch_regional,0.18,default,-1.0,15.52,14.48,15.7,False,O,6.0,measured,15.52,5.952885010740878,0.5297,25.3707,25.3707,22.4658,24.6159,24.6159,21.7974,
TAC_A01,87,Tabebuia chrysotricha,,799735.909,9726021.943,22.3,16.86,5.8,20140813,False,O,P03,18.42,18.42,feldpausch_regional,0.18,default,-1.0,22.12,18.32,22.3,False,O,16.86,measured,22.12,16.772668635244564,0.7598,137.9637,137.9637,173.7103,135.1117,135.1117,170.1194,
TAC_A01,88,Theobroma glaucum,Malvaceae,799737.3783,9726020.575,12.3,7.57,2.12,20140813,False,O,P03,12.32,12.32,feldpausch_regional,0.18,default,-1.0,12.12,12.19,12.3,False,O,7.57,measured,12.120000000000001,7.491419737611736,0.5297,19.7676,19.7676,17.5042,19.0122,19.0122,16.8353,
TAC_A01,89,Schizolobium amazonicum,Fabaceae,799742.5209,9726015.786,16.1,18.29,11.76,20140813,False,O,P03,14.85,14.85,feldpausch_regional,0.18,default,-1.0,15.92,14.74,16.1,False,O,18.29,measured,15.920000000000002,18.15051107879428,0.58,79.087,79.087,76.513,76.7943,76.7943,74.2949,
TAC_A01,90,Theobroma glaucum,Malvaceae,799743.2555,9726015.102,10.0,4.82,2.03,20140813,False,O,P03,10.62,10.62,feldpausch_regional,0.18,default,-1.0,9.82,10.48,10.0,False,O,4.82,measured,9.82,4.75692731952732,0.5297,8.494,8.494,7.5215,8.0934,8.0934,7.1667,
TAC_A01,2,Hevea brasiliensis,Euphorbiaceae,799006.2823,9726937.707,32.4,18.96,3.78,20140814,False,O,P05,23.15,23.15,feldpausch_regional,0.18,default,-1.0,32.22,23.08,32.4,False,O,18.96,measured,32.22,18.89855076428775,0.4666,320.7855,320.7855,250.9874,316.3122,316.3122,247.4874,
TAC_A01,3,Hevea brasiliensis,Euphorbiaceae,799003.304,9726934.838,22.0,12.97,1.96,20140814,False,O,P05,18.26,18.26,feldpausch_regional,0.18,default,-1.0,21.82,18.16,22.0,False,O,12.97,measured,21.82,12.901704174024998,0.4666,104.0158,104.0158,81.3835,101.8349,101.8349,79.6772,
TAC_A01,4,Hevea brasiliensis,Euphorbiaceae,799000.3257,9726931.969,23.0,14.73,4.19,20140814,False,O,P05,18.79,18.79,feldpausch_regional,0.18,default,-1.0,22.82,18.69,23.0,False,O,14.73,measured,22.82,14.656521186774624,0.4666,128.4456,128.4456,100.4978,125.8749,125.8749,98.4864,
TAC_A01,5,Hevea brasiliensis,Euphorbiaceae,798994.3691,9726926.231,12.2,6.03,3.7,20140814,False,O,P05,12.25,12.25,feldpausch_regional,0.18,default,-1.0,12.02,12.12,12.2,False,O,6.03,measured,12.02,5.9668262212434415,0.4666,15.5821,15.5821,12.1916,14.9817,14.9817,11.7219,
TAC_A01,6,Theobroma glaucum,Malvaceae,798987.6225,9726924.15,7.6,2.68,2.11,20140814,False,O,P05,8.68,8.68,feldpausch_regional,0.18,default,-1.0,7.42,8.53,7.6,False,O,2.68,measured,7.42,2.6326051311783694,0.5297,2.8033,2.8033,2.4823,2.629,2.629,2.328,
TAC_A01,7,Theobroma glaucum,Malvaceae,798989.5634,9726926.043,10.8,6.11,2.19,20140814,False,O,P05,11.23,11.23,feldpausch_regional,0.18,default,-1.0,10.62,11.09,10.8,False,O,6.11,measured,10.620000000000001,6.036606554628219,0.5297,12.4417,12.4417,11.0171,11.899,11.899,10.5366,
TAC_A01,8,Theobroma glaucum,Malvaceae,798991.6536,9726928.082,9.6,6.07,1.89,20140814,False,O,P05,10.31,10.31,feldpausch_regional,0.18,default,-1.0,9.42,10.17,9.6,False,O,6.07,measured,9.42,5.986898586262531,0.5297,9.823,9.823,8.6983,9.3402,9.3402,8.2708,
TAC_A01,9,Theobroma glaucum,Malvaceae,798998.5213,9726934.782,10.1,3.84,1.43,20140814,False,O,P05,10.7,10.7,feldpausch_regional,0.18,default,-1.0,9.92,10.56,10.1,False,O,3.84,measured,9.92,3.7903027874087964,0.5297,6.9375,6.9375,6.1432,6.6136,6.6136,5.8563,
TAC_A01,10,Theobroma glaucum,Malvaceae,799000.6862,9726936.894,13.6,5.65,1.26,20140814,False,O,P05,13.22,13.22,feldpausch_regional,0.18,default,-1.0,13.42,13.1,13.6,False,O,5.65,measured,13.42,5.597670439175512,0.5297,18.0771,18.0771,16.0073,17.4537,17.4537,15.4553,
TAC_A01,11,Theobroma glaucum,Malvaceae,799002.9256,9726939.079,8.0,4.48,1.29,20140814,False,O,P05,9.02,9.02,feldpausch_regional,0.18,default,-1.0,7.82,8.87,8.0,False,O,4.48,measured,7.82,4.405076393230059,0.5297,5.1161,5.1161,4.5303,4.8139,4.8139,4.2627,
TAC_A01,12,Theobroma glaucum,Malvaceae,799005.0905,9726941.191,9.8,4.16,1.55,20140814,False,O,P05,10.47,10.47,feldpausch_regional,0.18,default,-1.0,9.62,10.33,9.8,False,O,4.16,measured,9.620000000000001,4.1043316763122695,0.5297,7.0724,7.0724,6.2627,6.732,6.732,5.9612,
TAC_A01,13,Theobroma glaucum,Malvaceae,799007.6285,9726943.667,10.0,4.12,1.98,20140814,False,O,P05,10.62,10.62,feldpausch_regional,0.18,default,-1.0,9.82,10.48,10.0,False,O,4.12,measured,9.82,4.06608725237605,0.5297,7.2879,7.2879,6.4534,6.9441,6.9441,6.149,
TAC_A01,15,Hevea brasiliensis,Euphorbiaceae,799004.5776,9726945.371,22.9,13.31,4.79,20140814,False,O,P05,18.73,18.73,feldpausch_regional,0.18,default,-1.0,22.72,18.64,22.9,False,O,13.31,measured,22.72,13.243250543828719,0.4666,115.3606,115.3606,90.2598,113.0411,113.0411,88.4451,
TAC_A01,16,Hevea brasiliensis,Euphorbiaceae,799001.6588,9726942.488,41.8,22.91,12.46,20140814,False,O,P05,26.7,26.7,feldpausch_regional,0.18,default,-1.0,41.62,26.64,41.8,False,O,22.91,measured,41.62,22.857184782348764,0.4666,634.4264,634.4264,496.3847,627.689,627.689,491.1133,
TAC_A01,17,Hevea brasiliensis,Euphorbiaceae,798998.6651,9726939.531,14.6,13.11,6.32,20140814,False,O,P05,13.89,13.89,feldpausch_regional,0.18,default,-1.0,14.42,13.77,14.6,False,O,13.11,measured,14.42,12.998051170012486,0.4666,47.2126,47.2126,36.9398,45.6989,45.6989,35.7555,
TAC_A01,18,Hevea brasiliensis,Euphorbiaceae,798992.5281,9726933.47,34.9,19.63,8.8,20140814,False,O,P05,24.17,24.17,feldpausch_regional,0.18,default,-1.0,34.72,24.1,34.9,False,O,19.63,measured,34.72,19.57228286235363,0.4666,383.6597,383.6597,300.1811,378.7166,378.7166,296.3136,
TAC_A01,19,Hevea brasiliensis,Euphorbiaceae,798989.6841,9726930.66,26.3,14.89,3.15,20140814,False,O,P05,20.43,20.43,feldpausch_regional,0.18,default,-1.0,26.12,20.35,26.3,False,O,14.89,measured,26.12,14.827056530138787,0.4666,168.6396,168.6396,131.9461,165.7074,165.7074,129.652,
TAC_A01,20,Hevea brasiliensis,Euphorbiaceae,798986.6905,9726927.703,34.8,18.72,6.21,20140814,False,O,P05,24.13,24.13,feldpausch_regional,0.18,default,-1.0,34.62,24.06,34.8,False,O,18.72,measured,34.62,18.66474957167396,0.4666,364.2452,364.2452,284.9909,359.538,359.538,281.3079,
TAC_A01,21,Theobroma glaucum,Malvaceae,798983.0641,9726928.596,9.1,3.84,1.9,20140814,False,O,P05,9.92,9.92,feldpausch_regional,0.18,default,-1.0,8.92,9.77,9.1,False,O,3.84,measured,8.92,3.7842337129490033,0.5297,5.66,5.66,5.0119,5.3664,5.3664,4.7519,
TAC_A01,22,Theobroma glaucum,Malvaceae,798987.191,9726932.722,6.6,4.98,2.55,20140814,False,O,P05,7.81,7.81,feldpausch_regional,0.18,default,-1.0,6.42,7.65,6.6,False,O,4.98,measured,6.42,4.877401504442893,0.5297,3.8968,3.8968,3.4506,3.6178,3.6178,3.2035,
TAC_A01,23,Theobroma glaucum,Malvaceae,798989.2919,9726934.823,7.2,3.91,2.17,20140814,False,O,P05,8.34,8.34,feldpausch_regional,0.18,default,-1.0,7.02,8.18,7.2,False,O,3.91,measured,7.0200000000000005,3.8366745211383266,0.5297,3.647,3.647,3.2294,3.4076,3.4076,3.0174,
TAC_A01,24,Theobroma glaucum,Malvaceae,798991.3178,9726936.848,8.6,4.53,1.65,20140814,False,O,P05,9.52,9.52,feldpausch_regional,0.18,default,-1.0,8.42,9.37,8.6,False,O,4.53,measured,8.42,4.460000197696401,0.5297,5.956,5.956,5.274,5.6289,5.6289,4.9844,
TAC_A01,25,Theobroma glaucum,Malvaceae,798993.5688,9726939.099,13.2,5.22,1.51,20140814,False,O,P05,12.95,12.95,feldpausch_regional,0.18,default,-1.0,13.02,12.82,13.2,False,O,5.22,measured,13.02,5.169980982074158,0.5297,15.7858,15.7858,13.9784,15.2246,15.2246,13.4814,
TAC_A01,26,Theobroma glaucum,Malvaceae,798996.3451,9726941.875,11.2,6.66,2.19,20140814,False,O,P05,11.53,11.53,feldpausch_regional,0.18,default,-1.0,11.02,11.39,11.2,False,O,6.66,measured,11.02,6.583186642610038,0.5297,14.5293,14.5293,12.8657,13.9185,13.9185,12.3249,
TAC_A01,27,Theobroma glaucum,Malvaceae,798998.371,9726943.9,7.1,4.05,1.81,20140814,False,O,P05,8.25,8.25,feldpausch_regional,0.18,default,-1.0,6.92,8.1,7.1,False,O,4.05,measured,6.92,3.972889951072737,0.5297,3.6728,3.6728,3.2522,3.4283,3.4283,3.0357,
TAC_A01,28,Theobroma glaucum,Malvaceae,799000.5469,9726946.076,9.5,3.67,0.66,20140814,False,O,P05,10.23,10.23,feldpausch_regional,0.18,default,-1.0,9.32,10.09,9.5,False,O,3.67,measured,9.32,3.6191712104919107,0.5297,5.8897,5.8897,5.2153,5.5971,5.5971,4.9562,
TAC_A01,29,Theobroma glaucum,Malvaceae,799001.4473,9726946.976,10.7,4.04,0.97,20140814,False,O,P05,11.15,11.15,feldpausch_regional,0.18,default,-1.0,10.52,11.02,10.7,False,O,4.04,measured,10.52,3.9909652426329467,0.5297,8.1592,8.1592,7.225,7.7999,7.7999,6.9068,
TAC_A01,32,Hevea brasiliensis,Euphorbiaceae,799000.2684,9726950.534,16.1,13.3,3.5,20140814,False,O,P05,14.85,14.85,feldpausch_regional,0.18,default,-1.0,15.92,14.74,16.1,False,O,13.3,measured,15.920000000000002,13.198567378237504,0.4666,57.9514,57.9514,45.342,56.2714,56.2714,44.0276,
TAC_A01,33,Hevea brasiliensis,Euphorbiaceae,798997.2593,9726947.489,20.4,14.73,5.47,20140814,False,O,P05,17.39,17.39,feldpausch_regional,0.18,default,-1.0,20.22,17.29,20.4,False,O,14.73,measured,20.22,14.645042176023054,0.4666,101.6306,101.6306,79.5173,99.3252,99.3252,77.7135,
TAC_A01,34,Hevea brasiliensis,Euphorbiaceae,798994.1751,9726944.368,16.0,15.1,5.79,20140814,False,O,P05,14.79,14.79,feldpausch_regional,0.18,default,-1.0,15.82,14.68,16.0,False,O,15.1,measured,15.82,14.984002892707277,0.4666,64.8014,64.8014,50.7016,62.9107,62.9107,49.2223,
TAC_A01,35,Hevea brasiliensis,Euphorbiaceae,798991.0156,9726941.171,13.1,12.51,5.12,20140814,False,O,P05,12.88,12.88,feldpausch_regional,0.18,default,-1.0,12.92,12.75,13.1,False,O,12.51,measured,12.92,12.389086114564089,0.4666,36.5004,36.5004,28.5584,35.1926,35.1926,27.5352,
TAC_A01,36,Strychnos subcordata,Loganiaceae,798990.9419,9726936.932,9.9,11.33,4.7,20140814,False,O,P05,10.55,10.55,feldpausch_regional,0.18,default,-1.0,9.72,10.41,9.9,False,O,11.33,measured,9.72,11.180079209512025,0.6959,19.1809,19.1809,22.1691,18.267,18.267,21.1128,
TAC_A01,37,Hevea brasiliensis,Euphorbiaceae,798985.2985,9726935.386,10.5,9.8,4.08,20140814,False,O,P05,11.0,11.0,feldpausch_regional,0.18,default,-1.0,10.32,10.87,10.5,False,O,9.8,measured,10.32,9.678527294652365,0.4666,18.6749,18.6749,14.6115,17.8367,17.8367,13.9557,
TAC_A01,38,Hevea brasiliensis,Euphorbiaceae,798982.2142,9726932.265,27.9,18.88,4.95,20140814,False,O,P05,21.18,21.18,feldpausch_regional,0.18,default,-1.0,27.72,21.1,27.9,False,O,18.88,measured,27.72,18.80589422813819,0.4666,238.5932,238.5932,186.6789,234.6951,234.6951,183.6289,
TAC_A01,39,Theobroma glaucum,Malvaceae,798978.5058,9726933.042,9.6,3.89,1.35,20140814,False,O,P05,10.31,10.31,feldpausch_regional,0.18,default,-1.0,9.42,10.17,9.6,False,O,3.89,measured,9.42,3.836743904540568,0.5297,6.3628,6.3628,5.6342,6.05,6.05,5.3573,
TAC_A01,40,Theobroma glaucum,Malvaceae,798980.1649,9726934.74,7.8,2.82,1.41,20140814,False,O,P05,8.85,8.85,feldpausch_regional,0.18,default,-1.0,7.62,8.7,7.8,False,O,2.82,measured,7.62,2.7715189096040658,0.5297,3.0994,3.0994,2.7445,2.9116,2.9116,2.5782,
TAC_A01,41,Theobroma glaucum,Malvaceae,798982.7291,9726937.366,9.5,4.59,1.54,20140814,False,O,P05,10.23,10.23,feldpausch_regional,0.18,default,-1.0,9.32,10.09,9.5,False,O,4.59,measured,9.32,4.526429388598874,0.5297,7.3267,7.3267,6.4878,6.9627,6.9627,6.1655,
TAC_A01,42,Theobroma glaucum,Malvaceae,798984.9163,9726939.605,8.9,5.86,1.6,20140814,False,O,P05,9.76,9.76,feldpausch_regional,0.18,default,-1.0,8.72,9.61,8.9,False,O,5.86,measured,8.72,5.772792760216106,0.5297,8.1873,8.1873,7.2498,7.7529,7.7529,6.8652,
TAC_A01,43,Theobroma glaucum,Malvaceae,798986.5,9726941.227,12.7,8.22,3.21,20140814,False,O,P05,12.6,12.6,feldpausch_regional,0.18,default,-1.0,12.52,12.48,12.7,False,O,8.22,measured,12.52,8.137705652371963,0.5297,22.8034,22.8034,20.1925,21.9601,21.9601,19.4457,
TAC_A01,44,Theobroma glaucum,Malvaceae,798989.5921,9726944.393,12.2,4.73,1.6,20140814,False,O,P05,12.25,12.25,feldpausch_regional,0.18,default,-1.0,12.02,12.12,12.2,False,O,4.73,measured,12.02,4.6804457755359,0.5297,12.2942,12.2942,10.8865,11.8205,11.8205,10.467,
TAC_A01,45,Theobroma glaucum,Malvaceae,798991.9301,9726946.787,10.4,3.74,1.57,20140814,False,O,P05,10.93,10.93,feldpausch_regional,0.18,default,-1.0,10.22,10.79,10.4,False,O,3.74,measured,10.22,3.693145740909975,0.5297,7.1587,7.1587,6.339,6.8342,6.8342,6.0517,
TAC_A01,46,Theobroma glaucum,Malvaceae,798993.9664,9726948.872,11.0,7.29,2.61,20140814,False,O,P05,11.38,11.38,feldpausch_regional,0.18,default,-1.0,10.82,11.24,11.0,False,O,7.29,measured,10.82,7.2042086299439765,0.5297,15.3208,15.3208,13.5666,14.6648,14.6648,12.9857,
TAC_A01,47,Euterpe oleracea,Arecaceae,798995.2376,9726947.959,12.3,19.66,16.64,20140814,False,P,P05,12.32,12.32,feldpausch_regional,0.18,default,-1.0,12.12,12.19,12.3,False,P,19.66,measured,12.120000000000001,19.455919688434175,0.3877,50.1756,18.7052,18.7052,48.2583,17.9625,17.9625,
TAC_A01,48,Euterpe oleracea,Arecaceae,798995.3129,9726948.036,14.4,14.87,15.39,20140814,False,P,P05,13.76,13.76,feldpausch_regional,0.18,default,-1.0,14.22,13.64,14.4,False,P,14.87,measured,14.22,14.740994577062413,0.3877,51.9708,28.8472,28.8472,50.2809,27.867,27.867,
TAC_A01,49,Euterpe oleracea,Arecaceae,798995.6142,9726948.343,10.7,16.71,12.1,20140814,False,P,P05,11.15,11.15,feldpausch_regional,0.18,default,-1.0,10.52,11.02,10.7,False,P,16.71,measured,10.52,16.507185446632807,0.3877,32.6169,12.7536,12.7536,31.1806,12.1726,12.1726,
TAC_A01,50,Euterpe oleracea,Arecaceae,798995.6142,9726948.343,11.8,15.42,11.9,20140814,False,P,P05,11.96,11.96,feldpausch_regional,0.18,default,-1.0,11.62,11.83,11.8,False,P,15.42,measured,11.620000000000001,15.252268545805153,0.3877,36.5044,16.689,16.689,35.0491,15.9986,15.9986,
TAC_A01,51,Theobroma glaucum,Malvaceae,798996.3043,9726951.265,8.4,5.76,1.57,20140814,False,O,P05,9.35,9.35,feldpausch_regional,0.18,default,-1.0,8.22,9.2,8.4,False,O,5.76,measured,8.22,5.668669963174587,0.5297,7.1916,7.1916,6.3682,6.7872,6.7872,6.01,
TAC_A01,52,Theobroma glaucum,Malvaceae,798998.5668,9726953.582,11.7,5.06,1.7,20140814,False,O,P05,11.89,11.89,feldpausch_regional,0.18,default,-1.0,11.52,11.76,11.7,False,O,5.06,measured,11.52,5.004430490830936,0.5297,12.1007,12.1007,10.7152,11.6141,11.6141,10.2843,
TAC_A01,55,Hevea brasiliensis,Euphorbiaceae,798995.8851,9726955.627,21.3,19.96,7.18,20140814,False,O,P05,17.88,17.88,feldpausch_regional,0.18,default,-1.0,21.12,17.79,21.3,False,O,19.96,measured,21.12,19.850703896916908,0.4666,148.7354,148.7354,116.3728,145.5099,145.5099,113.8491,
TAC_A01,56,Hevea brasiliensis,Euphorbiaceae,798992.8607,9726952.495,21.9,20.01,5.7,20140814,False,O,P05,18.21,18.21,feldpausch_regional,0.18,default,-1.0,21.72,18.11,21.9,False,O,20.01,measured,21.72,19.904050212095285,0.4666,157.4073,157.4073,123.1578,154.0912,154.0912,120.5633,
TAC_A01,57,Theobroma glaucum,Malvaceae,798991.6509,9726951.241,61.0,4.05,1.84,20140814,False,O,P05,32.17,32.17,feldpausch_regional,0.18,default,-1.0,60.82,32.13,61.0,False,O,4.05,measured,60.82,4.044607359854841,0.5297,244.5123,244.5123,216.5158,242.7899,242.7899,214.9907,
TAC_A01,58,Hevea brasiliensis,Euphorbiaceae,798989.8363,9726949.362,13.2,11.36,4.48,20140814,False,O,P05,12.95,12.95,feldpausch_regional,0.18,default,-1.0,13.02,12.82,13.2,False,O,11.36,measured,13.02,11.251146351793569,0.4666,33.7187,33.7187,26.382,32.5199,32.5199,25.4441,
TAC_A01,59,Theobroma glaucum,Malvaceae,798984.5436,9726943.879,6.6,4.38,1.77,20140814,False,O,P05,7.81,7.81,feldpausch_regional,0.18,default,-1.0,6.42,7.65,6.6,False,O,4.38,measured,6.42,4.289762768967845,0.5297,3.4379,3.4379,3.0442,3.1917,3.1917,2.8263,
TAC_A01,60,Hevea brasiliensis,Euphorbiaceae,798983.7875,9726943.096,22.6,16.23,6.86,20140814,False,O,P05,18.58,18.58,feldpausch_regional,0.18,default,-1.0,22.42,18.48,22.6,False,O,16.23,measured,22.42,16.14728764252204,0.4666,136.443,136.443,106.755,133.6616,133.6616,104.5788,
TAC_A01,61,Hevea brasiliensis,Euphorbiaceae,798980.7631,9726939.964,26.0,19.09,5.93,20140814,False,O,P05,20.29,20.29,feldpausch_regional,0.18,default,-1.0,25.82,20.2,26.0,False,O,19.09,measured,25.82,19.00813866613655,0.4666,210.1625,210.1625,164.4343,206.464,206.464,161.5405,
TAC_A01,62,Theobroma glaucum,Malvaceae,798975.994,9726939.632,8.2,5.57,1.99,20140814,False,O,P05,9.19,9.19,feldpausch_regional,0.18,default,-1.0,8.02,9.04,8.2,False,O,5.57,measured,8.02,5.479324579435983,0.5297,6.6402,6.6402,5.8799,6.2576,6.2576,5.5411,
TAC_A01,63,Theobroma glaucum,Malvaceae,798980.3905,9726944.238,10.8,3.38,1.42,20140814,False,O,P05,11.23,11.23,feldpausch_regional,0.18,default,-1.0,10.62,11.09,10.8,False,O,3.38,measured,10.620000000000001,3.3393993706453973,0.5297,6.9811,6.9811,6.1818,6.6766,6.6766,5.9121,
TAC_A01,64,Theobroma glaucum,Malvaceae,798982.7404,9726946.7,8.2,4.56,1.94,20140814,False,O,P05,9.19,9.19,feldpausch_regional,0.18,default,-1.0,8.02,9.04,8.2,False,O,4.56,measured,8.02,4.485766621584933,0.5297,5.4623,5.4623,4.8369,5.1476,5.1476,4.5582,
TAC_A01,65,Theobroma glaucum,Malvaceae,798985.3176,9726949.4,12.0,6.14,2.5,20140814,False,O,P05,12.11,12.11,feldpausch_regional,0.18,default,-1.0,11.82,11.98,12.0,False,O,6.14,measured,11.82,6.0744637408461175,0.5297,15.3559,15.3559,13.5977,14.7541,14.7541,13.0648,
TAC_A01,66,Theobroma glaucum,Malvaceae,798987.4401,9726951.624,8.3,6.86,2.31,20140814,False,O,P05,9.27,9.27,feldpausch_regional,0.18,default,-1.0,8.12,9.12,8.3,False,O,6.86,measured,8.120000000000001,6.749794113039936,0.5297,8.3321,8.3321,7.3781,7.8578,7.8578,6.9581,
TAC_A01,67,Theobroma glaucum,Malvaceae,798989.4867,9726953.768,13.3,6.24,2.04,20140814,False,O,P05,13.02,13.02,feldpausch_regional,0.18,default,-1.0,13.12,12.89,13.3,False,O,6.24,measured,13.120000000000001,6.180718321013074,0.5297,19.0686,19.0686,16.8853,18.3959,18.3959,16.2896,
TAC_A01,68,Theobroma glaucum,Malvaceae,798991.9124,9726956.309,10.7,5.0,1.5,20140814,False,O,P05,11.15,11.15,feldpausch_regional,0.18,default,-1.0,10.52,11.02,10.7,False,O,5.0,measured,10.52,4.9393134191001815,0.5297,10.0464,10.0464,8.8961,9.604,9.604,8.5044,
TAC_A01,71,Hevea brasiliensis,Euphorbiaceae,798988.3868,9726957.424,35.0,17.23,8.4,20140814,False,O,P05,24.21,24.21,feldpausch_regional,0.18,default,-1.0,34.82,24.14,35.0,False,O,17.23,measured,34.82,17.179530602489432,0.4666,339.7003,339.7003,265.7866,335.337,335.337,262.3727,
TAC_A01,72,Hevea brasiliensis,Euphorbiaceae,798979.2676,9726947.762,28.4,18.27,5.31,20140814,False,O,P05,21.41,21.41,feldpausch_regional,0.18,default,-1.0,28.22,21.33,28.4,False,O,18.27,measured,28.22,18.1998812804138,0.4666,239.2186,239.2186,187.1682,235.3829,235.3829,184.1671,
TAC_A01,73,Hevea brasiliensis,Euphorbiaceae,798972.8841,9726940.998,16.0,16.4,9.55,20140814,False,O,P05,14.79,14.79,feldpausch_regional,0.18,default,-1.0,15.82,14.68,16.0,False,O,16.4,measured,15.82,16.274016386781412,0.4666,70.241,70.241,54.9576,68.1916,68.1916,53.3541,
TAC_A01,74,Theobroma glaucum,Malvaceae,798969.4652,9726942.015,6.0,3.35,1.27,20140814,False,O,P05,7.27,7.27,feldpausch_regional,0.18,default,-1.0,5.82,7.11,6.0,False,O,3.35,measured,5.82,3.2735363394283468,0.5297,2.1971,2.1971,1.9456,2.0242,2.0242,1.7924,
TAC_A01,75,Theobroma glaucum,Malvaceae,798970.9127,9726943.565,6.7,3.88,1.6,20140814,False,O,P05,7.9,7.9,feldpausch_regional,0.18,default,-1.0,6.52,7.74,6.7,False,O,3.88,measured,6.5200000000000005,3.8013495790936673,0.5297,3.1453,3.1453,2.7851,2.9234,2.9234,2.5887,
TAC_A01,76,Theobroma glaucum,Malvaceae,798973.1983,9726946.014,8.2,5.42,1.74,20140814,False,O,P05,9.19,9.19,feldpausch_regional,0.18,default,-1.0,8.02,9.04,8.2,False,O,5.42,measured,8.02,5.331766466883846,0.5297,6.4656,6.4656,5.7253,6.0931,6.0931,5.3954,
TAC_A01,77,Theobroma glaucum,Malvaceae,798975.941,9726948.952,10.0,3.41,1.63,20140814,False,O,P05,10.62,10.62,feldpausch_regional,0.18,default,-1.0,9.82,10.48,10.0,False,O,3.41,measured,9.82,3.3653780414083325,0.5297,6.0594,6.0594,5.3656,5.7736,5.7736,5.1125,
TAC_A01,78,Theobroma glaucum,Malvaceae,798978.3027,9726951.482,7.2,2.63,1.41,20140814,False,O,P05,8.34,8.34,feldpausch_regional,0.18,default,-1.0,7.02,8.18,7.2,False,O,2.63,measured,7.0200000000000005,2.580678769972838,0.5297,2.4766,2.4766,2.193,2.314,2.314,2.049,
TAC_A01,79,Theobroma glaucum,Malvaceae,798980.5883,9726953.93,10.2,5.8,2.03,20140814,False,O,P05,10.78,10.78,feldpausch_regional,0.18,default,-1.0,10.02,10.64,10.2,False,O,5.8,measured,10.02,5.725753027815703,0.5297,10.5768,10.5768,9.3658,10.0879,10.0879,8.9328,
TAC_A01,80,Theobroma glaucum,Malvaceae,798982.9501,9726956.461,10.0,6.76,2.1,20140814,False,O,P05,10.62,10.62,feldpausch_regional,0.18,default,-1.0,9.82,10.48,10.0,False,O,6.76,measured,9.82,6.671541219917985,0.5297,11.8165,11.8165,10.4635,11.2592,11.2592,9.97,
TAC_A01,81,Theobroma glaucum,Malvaceae,798985.2357,9726958.909,10.3,4.48,2.11,20140814,False,O,P05,10.85,10.85,feldpausch_regional,0.18,default,-1.0,10.12,10.71,10.3,False,O,4.48,measured,10.120000000000001,4.423268892324568,0.5297,8.3785,8.3785,7.4192,7.995,7.995,7.0796,
TAC_A01,82,Theobroma glaucum,Malvaceae,798987.4451,9726961.276,10.1,4.79,1.79,20140814,False,O,P05,10.7,10.7,feldpausch_regional,0.18,default,-1.0,9.92,10.56,10.1,False,O,4.79,measured,9.92,4.728007904085453,0.5297,8.608,8.608,7.6224,8.2061,8.2061,7.2665,
TAC_A01,83,Theobroma glaucum,Malvaceae,798989.6544,9726963.643,9.9,5.08,1.99,20140814,False,O,P05,10.55,10.55,feldpausch_regional,0.18,default,-1.0,9.72,10.41,9.9,False,O,5.08,measured,9.72,5.012780439922426,0.5297,8.7673,8.7673,7.7634,8.3495,8.3495,7.3935,
TAC_A01,85,Hevea brasiliensis,Euphorbiaceae,798991.5042,9726967.268,21.3,15.15,4.86,20140814,False,O,P05,17.88,17.88,feldpausch_regional,0.18,default,-1.0,21.12,17.79,21.3,False,O,15.15,measured,21.12,15.067042286487531,0.4666,113.6424,113.6424,88.9155,111.1779,111.1779,86.9873,
TAC_A01,86,Hevea brasiliensis,Euphorbiaceae,798988.4542,9726963.989,17.6,14.97,5.02,20140814,False,O,P05,15.77,15.77,feldpausch_regional,0.18,default,-1.0,17.42,15.66,17.6,False,O,14.97,measured,17.42,14.867119939854451,0.4666,77.3959,77.3959,60.5557,75.3494,75.3494,58.9545,
TAC_A01,87,Hevea brasiliensis,Euphorbiaceae,798985.4043,9726960.71,19.1,14.73,12.13,20140814,False,O,P05,16.65,16.65,feldpausch_regional,0.18,default,-1.0,18.92,16.55,19.1,False,O,14.73,measured,18.92,14.638095194640876,0.4666,89.3725,89.3725,69.9263,87.2014,87.2014,68.2277,
TAC_A01,88,Hevea brasiliensis,Euphorbiaceae,798982.3543,9726957.431,10.4,11.46,8.6,20140814,False,O,P05,10.93,10.93,feldpausch_regional,0.18,default,-1.0,10.22,10.79,10.4,False,O,11.46,measured,10.22,11.316430532307036,0.4666,21.3537,21.3537,16.7075,20.3859,20.3859,15.9502,
TAC_A01,89,Banara guianensis,Salicaceae,798978.9993,9726953.823,17.1,12.07,3.36,20140814,False,O,P05,15.47,15.47,feldpausch_regional,0.18,default,-1.0,16.92,15.36,17.1,False,O,12.07,measured,16.92,11.984197326756291,0.61,59.2946,59.2946,60.259,57.6794,57.6794,58.6174,
TAC_A01,90,Hevea brasiliensis,Euphorbiaceae,798976.2543,9726950.872,15.1,14.74,6.0,20140814,False,O,P05,14.21,14.21,feldpausch_regional,0.18,default,-1.0,14.92,14.1,15.1,False,O,14.74,measured,14.92,14.61891963826386,0.4666,56.5298,56.5298,44.2297,54.7791,54.7791,42.86,
TAC_A01,91,Hevea brasiliensis,Euphorbiaceae,798973.2043,9726947.593,23.9,17.51,3.52,20140814,False,O,P05,19.25,19.25,feldpausch_regional,0.18,default,-1.0,23.72,19.16,23.9,False,O,17.51,measured,23.72,17.426665682756283,0.4666,163.8856,163.8856,128.2265,160.7347,160.7347,125.7613,
TAC_A01,1,Theobroma glaucum,Malvaceae,797469.9746,9728493.823,5.0,3.02,0.91,20141003,False,O,P07,6.33,6.33,feldpausch_regional,0.18,default,-1.0,4.82,6.15,5.0,False,O,3.02,measured,4.82,2.9362577479344676,0.5297,1.391,1.391,1.2318,1.2599,1.2599,1.1156,
TAC_A01,2,Theobroma glaucum,Malvaceae,797457.1777,9728503.927,8.3,2.51,1.18,20141003,False,O,P07,9.27,9.27,feldpausch_regional,0.18,default,-1.0,8.12,9.12,8.3,False,O,2.51,measured,8.120000000000001,2.4696768547711714,0.5297,3.1231,3.1231,2.7655,2.9453,2.9453,2.6081,
TAC_A01,3,Theobroma glaucum,Malvaceae,797452.7194,9728507.447,10.6,4.32,1.45,20141003,False,O,P07,11.08,11.08,feldpausch_regional,0.18,default,-1.0,10.42,10.94,10.6,False,O,4.32,measured,10.42,4.267015152363765,0.5297,8.5524,8.5524,7.5732,8.1722,8.1722,7.2365,
TAC_A01,4,Theobroma glaucum,Malvaceae,797449.3344,9728510.119,5.0,3.63,1.31,20141003,False,O,P07,6.33,6.33,feldpausch_regional,0.18,default,-1.0,4.82,6.15,5.0,False,O,3.63,measured,4.82,3.529342922186131,0.5297,1.6646,1.6646,1.474,1.5077,1.5077,1.3351,
TAC_A01,5,Theobroma glaucum,Malvaceae,797459.5199,9728505.771,7.2,3.59,3.22,20141003,False,O,P07,8.34,8.34,feldpausch_regional,0.18,default,-1.0,7.02,8.18,7.2,False,O,3.59,measured,7.0200000000000005,3.5226755833469543,0.5297,3.3554,3.3554,2.9712,3.1352,3.1352,2.7762,
TAC_A01,6,Theobroma glaucum,Malvaceae,797459.4374,9728505.836,5.5,2.1,0.88,20141003,False,O,P07,6.81,6.81,feldpausch_regional,0.18,default,-1.0,5.32,6.64,5.5,False,O,2.1,measured,5.32,2.047390834747276,0.5297,1.1753,1.1753,1.0407,1.0744,1.0744,0.9514,
TAC_A01,7,Carapa guianensis,Meliaceae,797463.6806,9728502.905,34.9,23.18,10.78,20141003,False,O,P07,24.17,24.17,feldpausch_regional,0.18,default,-1.0,34.72,24.1,34.9,False,O,23.18,measured,34.72,23.111844969401794,0.53,451.239,451.239,399.7829,445.4253,445.4253,394.6322,
TAC_A01,8,Theobroma glaucum,Malvaceae,797467.7725,9728499.325,6.4,3.15,1.1,20141003,False,O,P07,7.64,7.64,feldpausch_regional,0.18,default,-1.0,6.22,7.47,6.4,False,O,3.15,measured,6.220000000000001,3.082916735101317,0.5297,2.3468,2.3468,2.0781,2.1735,2.1735,1.9247,
TAC_A01,9,Theobroma glaucum,Malvaceae,797467.8389,9728499.402,13.4,5.28,2.46,20141003,False,O,P07,13.08,13.08,feldpausch_regional,0.18,default,-1.0,13.22,12.96,13.4,False,O,5.28,measured,13.22,5.2302645382399815,0.5297,16.4384,16.4384,14.5562,15.8629,15.8629,14.0466,
TAC_A01,10,Carapa guianensis,Meliaceae,797468.6017,9728499.97,44.4,30.43,8.36,20141003,False,O,P07,27.56,27.56,feldpausch_regional,0.18,default,-1.0,44.22,27.5,44.4,False,O,30.43,measured,44.22,30.365486821211825,0.53,941.5751,941.5751,834.2046,932.2053,932.2053,825.9033,
TAC_A01,11,Theobroma glaucum,Malvaceae,797475.9426,9728492.943,16.4,6.42,2.59,20141003,False,O,P07,15.04,15.04,feldpausch_regional,0.18,default,-1.0,16.22,14.93,16.4,False,O,6.42,measured,16.22,6.37207849302347,0.5297,29.5114,29.5114,26.1324,28.672,28.672,25.3891,
TAC_A01,12,Theobroma glaucum,Malvaceae,797477.9315,9728495.337,22.0,5.63,2.14,20141003,False,O,P07,18.26,18.26,feldpausch_regional,0.18,default,-1.0,21.82,18.16,22.0,False,O,5.63,measured,21.82,5.600354240536679,0.5297,46.0645,46.0645,40.7901,45.0986,45.0986,39.9349,
TAC_A01,13,Theobroma glaucum,Malvaceae,797474.1369,9728498.268,12.0,4.51,1.26,20141003,False,O,P07,12.11,12.11,feldpausch_regional,0.18,default,-1.0,11.82,11.98,12.0,False,O,4.51,measured,11.82,4.46186180312964,0.5297,11.3632,11.3632,10.0621,10.9179,10.9179,9.6678,
TAC_A01,14,Theobroma glaucum,Malvaceae,797461.5158,9728508.017,5.2,2.97,1.54,20141003,False,O,P07,6.52,6.52,feldpausch_regional,0.18,default,-1.0,5.02,6.35,5.2,False,O,2.97,measured,5.0200000000000005,2.89101005887704,0.5297,1.4774,1.4774,1.3083,1.3434,1.3434,1.1896,
TAC_A01,15,Theobroma glaucum,Malvaceae,797453.2667,9728514.389,5.0,2.73,1.05,20141003,False,O,P07,6.33,6.33,feldpausch_regional,0.18,default,-1.0,4.82,6.15,5.0,False,O,2.73,measured,4.82,2.6542992224705615,0.5297,1.2605,1.2605,1.1162,1.1417,1.1417,1.011,
TAC_A01,16,Theobroma glaucum,Malvaceae,797459.224,9728513.537,5.5,3.49,1.49,20141003,False,O,P07,6.81,6.81,feldpausch_regional,0.18,default,-1.0,5.32,6.64,5.5,False,O,3.49,measured,5.32,3.402568577746663,0.5297,1.9295,1.9295,1.7086,1.7639,1.7639,1.562,
TAC_A01,17,Tabebuia roseo-alba,Bignoniaceae,797460.2135,9728512.781,21.7,17.53,8.12,20141003,False,O,P07,18.1,18.1,feldpausch_regional,0.18,default,-1.0,21.52,18.0,21.7,False,O,17.53,measured,21.52,17.436144327295086,0.7598,135.8818,135.8818,171.089,132.9917,132.9917,167.45,
TAC_A01,18,Carapa guianensis,Meliaceae,797467.5041,9728507.593,42.8,28.78,8.08,20141003,False,O,P07,27.04,27.04,feldpausch_regional,0.18,default,-1.0,42.62,26.98,42.8,False,O,28.78,measured,42.62,28.715785141613832,0.53,830.0639,830.0639,735.4094,821.4704,821.4704,727.7958,
TAC_A01,19,Carapa guianensis,Meliaceae,797471.4778,9728504.434,47.5,6.14,2.6,20141003,False,O,P07,28.54,28.54,feldpausch_regional,0.18,default,-1.0,47.32,28.48,47.5,False,O,6.14,measured,47.32,6.128166093428663,0.53,225.2262,225.2262,199.543,223.1427,223.1427,197.6971,
TAC_A01,20,Theobroma glaucum,Malvaceae,797477.7882,9728503.235,6.0,3.02,1.56,20141003,False,O,P07,7.27,7.27,feldpausch_regional,0.18,default,-1.0,5.82,7.11,6.0,False,O,3.02,measured,5.82,2.9510685806189874,0.5297,1.9856,1.9856,1.7583,1.8293,1.8293,1.6199,
TAC_A01,21,Theobroma glaucum,Malvaceae,797477.7058,9728503.298,16.8,4.48,1.46,20141003,False,O,P07,15.29,15.29,feldpausch_regional,0.18,default,-1.0,16.62,15.18,16.8,False,O,4.48,measured,16.62,4.447486540847253,0.5297,21.7727,21.7727,19.2797,21.1686,21.1686,18.7448,
TAC_A01,22,Theobroma glaucum,Malvaceae,797469.0517,9728509.832,6.5,1.73,1.2,20141003,False,O,P07,7.72,7.72,feldpausch_regional,0.18,default,-1.0,6.32,7.56,6.5,False,O,1.73,measured,6.32,1.693767235013359,0.5297,1.3477,1.3477,1.1934,1.2497,1.2497,1.1067,
TAC_A01,23,Theobroma glaucum,Malvaceae,797461.1236,9728515.942,5.7,3.12,1.47,20141003,False,O,P07,6.99,6.99,feldpausch_regional,0.18,default,-1.0,5.52,6.83,5.7,False,O,3.12,measured,5.5200000000000005,3.0447648745484814,0.5297,1.8545,1.8545,1.6421,1.7009,1.7009,1.5061,
TAC_A01,24,,,797461.1902,9728516.015,15.8,2.82,,20141003,True,O,P07,14.66,14.66,feldpausch_regional,0.18,default,-1.0,15.62,14.55,15.8,True,O,2.82,measured,15.620000000000001,2.7980183636919795,0.544,12.2937,11.7403,11.7403,11.9303,11.4011,11.4011,
TAC_A01,25,Carapa guianensis,Meliaceae,797471.6893,9728511.755,57.7,30.96,5.7,20141003,False,O,P07,31.37,31.37,feldpausch_regional,0.18,default,-1.0,57.52,31.32,57.7,False,O,30.96,measured,57.52,30.915132653143928,0.53,1596.9731,1596.9731,1414.8658,1585.0178,1585.0178,1404.2737,
TAC_A01,26,Theobroma glaucum,Malvaceae,797475.9068,9728508.482,8.6,3.64,1.46,20141003,False,O,P07,9.52,9.52,feldpausch_regional,0.18,default,-1.0,8.42,9.37,8.6,False,O,3.64,measured,8.42,3.583752918237285,0.5297,4.811,4.811,4.2602,4.5468,4.5468,4.0262,
TAC_A01,27,Theobroma glaucum,Malvaceae,797479.7629,9728505.732,13.0,4.71,1.12,20141003,False,O,P07,12.81,12.81,feldpausch_regional,0.18,default,-1.0,12.82,12.68,13.0,False,O,4.71,measured,12.82,4.664078101914866,0.5297,13.8595,13.8595,12.2726,13.359,13.359,11.8294,
TAC_A01,28,Theobroma glaucum,Malvaceae,797479.6965,9728505.653,7.1,1.18,0.5,20141003,False,O,P07,8.25,8.25,feldpausch_regional,0.18,default,-1.0,6.92,8.1,7.1,False,O,1.18,measured,6.92,1.1575333684606988,0.5297,1.1022,1.1022,0.976,1.0289,1.0289,0.9111,
TAC_A01,29,Theobroma glaucum,Malvaceae,797483.8157,9728502.579,7.0,6.01,2.42,20141003,False,O,P07,8.17,8.17,feldpausch_regional,0.18,default,-1.0,6.82,8.01,7.0,False,O,6.01,measured,6.82,5.89380274347229,0.5297,5.2514,5.2514,4.6501,4.8968,4.8968,4.3361,
TAC_A01,30,Theobroma glaucum,Malvaceae,797483.9483,9728502.739,6.2,3.66,2.43,20141003,False,O,P07,7.45,7.45,feldpausch_regional,0.18,default,-1.0,6.02,7.29,6.2,False,O,3.66,measured,6.0200000000000005,3.579349293116524,0.5297,2.5537,2.5537,2.2613,2.3591,2.3591,2.089,
TAC_A01,31,Theobroma grandiflorum,Malvaceae,797483.2352,9728501.72,18.4,10.2,2.64,20141003,False,O,P07,16.25,16.25,feldpausch_regional,0.18,default,-1.0,18.22,16.14,18.4,False,O,10.2,measured,18.22,10.13347976099015,0.5297,58.0469,58.0469,51.4006,56.5811,56.5811,50.1026,
TAC_A01,32,Theobroma glaucum,Malvaceae,797485.887,9728504.911,6.1,3.7,1.6,20141003,False,O,P07,7.36,7.36,feldpausch_regional,0.18,default,-1.0,5.92,7.2,6.1,False,O,3.7,measured,5.92,3.617031914471466,0.5297,2.5003,2.5003,2.214,2.3067,2.3067,2.0426,
TAC_A01,33,Theobroma glaucum,Malvaceae,797481.5225,9728508.13,7.5,3.89,1.6,20141003,False,O,P07,8.6,8.6,feldpausch_regional,0.18,default,-1.0,7.32,8.44,7.5,False,O,3.89,measured,7.32,3.8202094624794456,0.5297,3.9298,3.9298,3.4798,3.6822,3.6822,3.2606,
TAC_A01,34,Theobroma glaucum,Malvaceae,797469.2524,9728517.181,10.4,4.42,1.26,20141003,False,O,P07,10.93,10.93,feldpausch_regional,0.18,default,-1.0,10.22,10.79,10.4,False,O,4.42,measured,10.22,4.364626784711788,0.5297,8.4264,8.4264,7.4616,8.0445,8.0445,7.1234,
TAC_A01,35,Theobroma glaucum,Malvaceae,797465.2997,9728520.097,15.3,6.67,2.05,20141003,False,O,P07,14.34,14.34,feldpausch_regional,0.18,default,-1.0,15.12,14.23,15.3,False,O,6.67,measured,15.120000000000001,6.61603601577066,0.5297,26.7501,26.7501,23.6872,25.9328,25.9328,22.9635,
TAC_A01,36,Theobroma glaucum,Malvaceae,797463.264,9728525.244,5.4,4.29,1.43,20141003,False,O,P07,6.71,6.71,feldpausch_regional,0.18,default,-1.0,5.22,6.54,5.4,False,O,4.29,measured,5.220000000000001,4.180401702801514,0.5297,2.277,2.277,2.0163,2.0781,2.0781,1.8401,
TAC_A01,37,Theobroma glaucum,Malvaceae,797463.3307,9728525.316,12.6,1.73,0.63,20141003,False,O,P07,12.53,12.53,feldpausch_regional,0.18,default,-1.0,12.42,12.4,12.6,False,O,1.73,measured,12.42,1.7125244118396186,0.5297,4.9059,4.9059,4.3442,4.723,4.723,4.1822,
TAC_A01,38,Theobroma glaucum,Malvaceae,797466.9681,9728522.544,6.4,3.67,1.65,20141003,False,O,P07,7.64,7.64,feldpausch_regional,0.18,default,-1.0,6.22,7.47,6.4,False,O,3.67,measured,6.220000000000001,3.591842672324392,0.5297,2.7242,2.7242,2.4123,2.5231,2.5231,2.2342,
TAC_A01,39,Theobroma glaucum,Malvaceae,797467.0347,9728522.618,10.8,5.64,3.11,20141003,False,O,P07,11.23,11.23,feldpausch_regional,0.18,default,-1.0,10.62,11.09,10.8,False,O,5.64,measured,10.620000000000001,5.572252204272202,0.5297,11.5067,11.5067,10.1892,11.0048,11.0048,9.7448,
TAC_A01,40,Theobroma glaucum,Malvaceae,797471.2485,9728519.424,12.6,8.89,3.59,20141003,False,O,P07,12.53,12.53,feldpausch_regional,0.18,default,-1.0,12.42,12.4,12.6,False,O,8.89,measured,12.42,8.800197700146942,0.5297,24.2389,24.2389,21.4635,23.3352,23.3352,20.6633,
TAC_A01,41,Tabebuia roseo-alba,Bignoniaceae,797483.3486,9728510.605,24.1,13.38,6.96,20141003,False,O,P07,19.35,19.35,feldpausch_regional,0.18,default,-1.0,23.92,19.26,24.1,False,O,13.38,measured,23.92,13.316970572583587,0.7598,128.1088,128.1088,161.3021,125.6673,125.6673,158.2279,
TAC_A01,42,Theobroma glaucum,Malvaceae,797487.8759,9728507.305,15.5,2.39,1.66,20141003,False,O,P07,14.47,14.47,feldpausch_regional,0.18,default,-1.0,15.32,14.36,15.5,False,O,2.39,measured,15.32,2.3709518007192525,0.5297,10.0764,10.0764,8.9226,9.7726,9.7726,8.6537,
TAC_A01,43,Theobroma glaucum,Malvaceae,797488.6051,9728508.182,8.5,3.82,1.89,20141003,False,O,P07,9.43,9.43,feldpausch_regional,0.18,default,-1.0,8.32,9.29,8.5,False,O,3.82,measured,8.32,3.760210125222738,0.5297,4.9292,4.9292,4.3649,4.6553,4.6553,4.1223,
TAC_A01,44,Theobroma glaucum,Malvaceae,797489.8647,9728509.698,8.2,4.57,2.87,20141003,False,O,P07,9.19,9.19,feldpausch_regional,0.18,default,-1.0,8.02,9.04,8.2,False,O,4.57,measured,8.02,4.4956038290884095,0.5297,5.474,5.474,4.8472,5.1586,5.1586,4.5679,
TAC_A01,45,Theobroma glaucum,Malvaceae,797485.504,9728512.839,7.7,3.2,1.69,20141003,False,O,P07,8.77,8.77,feldpausch_regional,0.18,default,-1.0,7.52,8.62,7.7,False,O,3.2,measured,7.5200000000000005,3.144207912710431,0.5297,3.4191,3.4191,3.0277,3.2093,3.2093,2.8418,
TAC_A01,46,Theobroma glaucum,Malvaceae,797485.6367,9728512.996,13.1,6.05,3.01,20141003,False,O,P07,12.88,12.88,feldpausch_regional,0.18,default,-1.0,12.92,12.75,13.1,False,O,6.05,measured,12.92,5.991524459881115,0.5297,17.9625,17.9625,15.9058,17.3189,17.3189,15.3359,
TAC_A01,47,Ambelania acida,Apocynaceae,797483.0356,9728514.616,31.0,28.93,13.74,20141003,False,O,P07,22.56,22.56,feldpausch_regional,0.18,default,-1.0,30.82,22.49,31.0,False,O,28.93,measured,30.82,28.830722413339572,0.5247,444.5031,444.5031,389.9469,438.0069,438.0069,384.248,
TAC_A01,48,Theobroma glaucum,Malvaceae,797482.3774,9728515.09,8.6,3.59,1.61,20141003,False,O,P07,9.52,9.52,feldpausch_regional,0.18,default,-1.0,8.42,9.37,8.6,False,O,3.59,measured,8.42,3.534525542986773,0.5297,4.7465,4.7465,4.203,4.4858,4.4858,3.9722,
TAC_A01,49,Carapa guianensis,Meliaceae,797476.8266,9728518.097,45.7,24.51,11.25,20141003,False,O,P07,27.98,27.98,feldpausch_regional,0.18,default,-1.0,45.52,27.92,45.7,False,O,24.51,measured,45.52,24.460101834051056,0.53,806.5219,806.5219,714.552,798.7424,798.7424,707.6596,
TAC_A01,50,Clitoria fairchildiana,Fabaceae,797470.0433,9728525.188,9.0,11.39,6.95,20141003,False,O,P07,9.84,9.84,feldpausch_regional,0.18,default,-1.0,8.82,9.69,9.0,False,O,11.39,measured,8.82,11.22256581349571,0.544,16.007,16.007,14.5459,15.1672,15.1672,13.7828,
TAC_A01,51,Clitoria fairchildiana,Fabaceae,797469.2128,9728524.571,35.0,20.1,6.54,20141003,False,O,P07,24.21,24.21,feldpausch_regional,0.18,default,-1.0,34.82,24.14,35.0,False,O,20.1,measured,34.82,20.04112391816817,0.544,394.8216,394.8216,358.7827,389.7502,389.7502,354.1743,
TAC_A01,52,Theobroma glaucum,Malvaceae,797465.2635,9728527.415,18.5,3.94,1.37,20141003,False,O,P07,16.31,16.31,feldpausch_regional,0.18,default,-1.0,18.32,16.2,18.5,False,O,3.94,measured,18.32,3.9144691030951044,0.5297,23.1838,23.1838,20.5293,22.6016,22.6016,20.0138,
TAC_A01,54,Theobroma glaucum,Malvaceae,797475.4872,9728523.735,15.4,6.46,2.05,20141003,False,O,P07,14.41,14.41,feldpausch_regional,0.18,default,-1.0,15.22,14.29,15.4,False,O,6.46,measured,15.22,6.408127133059173,0.5297,26.2596,26.2596,23.2529,25.4627,25.4627,22.5472,
TAC_A01,55,Theobroma glaucum,Malvaceae,797475.4872,9728523.735,6.5,3.34,1.74,20141003,False,O,P07,7.72,7.72,feldpausch_regional,0.18,default,-1.0,6.32,7.56,6.5,False,O,3.34,measured,6.32,3.270047725401514,0.5297,2.5612,2.5612,2.2679,2.375,2.375,2.1031,
TAC_A01,56,Theobroma glaucum,Malvaceae,797483.7116,9728517.884,13.8,4.29,1.74,20141003,False,O,P07,13.36,13.36,feldpausch_regional,0.18,default,-1.0,13.62,13.23,13.8,False,O,4.29,measured,13.620000000000001,4.25092326160125,0.5297,14.2162,14.2162,12.5884,13.7333,13.7333,12.1608,
TAC_A01,57,Theobroma glaucum,Malvaceae,797483.778,9728517.962,6.0,1.95,1.69,20141003,False,O,P07,7.27,7.27,feldpausch_regional,0.18,default,-1.0,5.82,7.11,6.0,False,O,1.95,measured,5.82,1.9054913020553061,0.5297,1.2956,1.2956,1.1473,1.1937,1.1937,1.057,
TAC_A01,58,Theobroma glaucum,Malvaceae,797487.8237,9728514.959,9.6,4.64,2.14,20141003,False,O,P07,10.31,10.31,feldpausch_regional,0.18,default,-1.0,9.42,10.17,9.6,False,O,4.64,measured,9.42,4.576476019811885,0.5297,7.5575,7.5575,6.6921,7.186,7.186,6.3632,
TAC_A01,59,Carapa guianensis,Meliaceae,797489.973,9728515.95,47.8,7.19,1.81,20141003,False,O,P07,28.63,28.63,feldpausch_regional,0.18,default,-1.0,47.62,28.57,47.8,False,O,7.19,measured,47.62,7.176266253558053,0.53,265.9937,265.9937,235.6617,263.5497,263.5497,233.4964,
TAC_A01,60,Theobroma glaucum,Malvaceae,797491.8536,9728512.092,14.4,2.98,1.98,20141003,False,O,P07,13.76,13.76,feldpausch_regional,0.18,default,-1.0,14.22,13.64,14.4,False,O,2.98,measured,14.22,2.954146862114727,0.5297,10.8248,10.8248,9.5854,10.4728,10.4728,9.2737,
TAC_A01,61,Theobroma glaucum,Malvaceae,797491.8536,9728512.092,7.5,1.2,,20141003,False,O,P07,8.6,8.6,feldpausch_regional,0.18,default,-1.0,7.32,8.44,7.5,False,O,1.2,measured,7.32,1.1784707853407028,0.5297,1.247,1.247,1.1042,1.1684,1.1684,1.0346,
TAC_A01,63,Theobroma glaucum,Malvaceae,797493.6781,9728514.601,6.7,2.95,1.11,20141003,False,O,P07,7.9,7.9,feldpausch_regional,0.18,default,-1.0,6.52,7.74,6.7,False,O,2.95,measured,6.5200000000000005,2.890201355238742,0.5297,2.4072,2.4072,2.1315,2.2374,2.2374,1.9812,
TAC_A01,64,Theobroma glaucum,Malvaceae,797489.8143,9728517.316,7.8,5.11,2.58,20141003,False,O,P07,8.85,8.85,feldpausch_regional,0.18,default,-1.0,7.62,8.7,7.8,False,O,5.11,measured,7.62,5.022149513502404,0.5297,5.5367,5.5367,4.9027,5.2012,5.2012,4.6057,
TAC_A01,66,Theobroma glaucum,Malvaceae,797472.3624,9728528.496,9.0,3.53,2.05,20141003,False,O,P07,9.84,9.84,feldpausch_regional,0.18,default,-1.0,8.82,9.69,9.0,False,O,3.53,measured,8.82,3.478108632277423,0.5297,5.1023,5.1023,4.5181,4.8347,4.8347,4.2811,
TAC_A01,1,Euterpe oleracea,Arecaceae,798627.8847,9727487.854,11.2,14.26,9.51,20141003,False,P,P08,11.53,11.53,feldpausch_regional,0.18,default,-1.0,11.02,11.39,11.2,False,P,14.26,measured,11.02,14.095531760303174,0.3877,30.546,14.4591,14.4591,29.2619,13.8294,13.8294,
TAC_A01,2,Euterpe oleracea,Arecaceae,798626.0837,9727489.564,7.0,9.63,4.23,20141003,False,P,P08,8.17,8.17,feldpausch_regional,0.18,default,-1.0,6.82,8.01,7.0,False,P,9.63,measured,6.82,9.44381371375011,0.3877,8.3198,3.9734,3.9734,7.758,3.6988,3.6988,
TAC_A01,3,Euterpe oleracea,Arecaceae,798625.8586,9727489.778,10.3,12.79,9.37,20141003,False,P,P08,10.85,10.85,feldpausch_regional,0.18,default,-1.0,10.12,10.71,10.3,False,P,12.79,measured,10.120000000000001,12.628037752864111,0.3877,23.3252,11.4857,11.4857,22.2575,10.9424,10.9424,
TAC_A01,4,Bertholletia excelsa,Lecythidaceae,798624.1327,9727491.417,55.5,17.88,6.21,20141003,False,O,P08,30.8,30.8,feldpausch_regional,0.18,default,-1.0,55.32,30.75,55.5,False,O,17.88,measured,55.32,17.852532210583274,0.638,866.2261,866.2261,919.7306,859.4601,859.4601,912.5467,
TAC_A01,5,Euterpe oleracea,Arecaceae,798622.1065,9727493.34,8.6,11.51,7.76,20141003,False,P,P08,9.52,9.52,feldpausch_regional,0.18,default,-1.0,8.42,9.37,8.6,False,P,11.51,measured,8.42,11.332141782667899,0.3877,14.7983,6.9961,6.9961,13.9855,6.601,6.601,
TAC_A01,6,Euterpe oleracea,Arecaceae,798618.2838,9727496.826,10.6,13.79,8.08,20141003,False,P,P08,11.08,11.08,feldpausch_regional,0.18,default,-1.0,10.42,10.94,10.6,False,P,13.79,measured,10.42,13.62086549793896,0.3877,26.5505,12.4287,12.4287,25.3701,11.8572,11.8572,
TAC_A01,7,,,798616.5535,9727498.613,9.7,8.04,,20141003,True,O,P08,10.39,10.39,feldpausch_regional,0.18,default,-1.0,9.52,10.25,9.7,True,O,8.04,measured,9.52,7.931182235305615,0.544,13.1877,10.4256,10.4256,12.5462,9.931,9.931,
TAC_A01,8,,,798616.4785,9727498.685,8.6,8.49,,20141003,True,O,P08,9.52,9.52,feldpausch_regional,0.18,default,-1.0,8.42,9.37,8.6,True,O,8.49,measured,8.42,8.358808317536964,0.544,10.9955,8.5685,8.5685,10.3916,8.1096,8.1096,
TAC_A01,9,Euterpe oleracea,Arecaceae,798614.3773,9727500.68,9.7,12.85,9.27,20141003,False,P,P08,10.39,10.39,feldpausch_regional,0.18,default,-1.0,9.52,10.25,9.7,False,P,12.85,measured,9.52,12.67608106015885,0.3877,20.8415,9.7392,9.7392,19.8277,9.2505,9.2505,
TAC_A01,10,Bertholletia excelsa,Lecythidaceae,798612.7264,9727502.247,53.0,22.32,8.96,20141003,False,O,P08,30.13,30.13,feldpausch_regional,0.18,default,-1.0,52.82,30.08,53.0,False,O,22.32,measured,52.82,22.2832895761021,0.638,983.0435,983.0435,1043.7634,974.9693,974.9693,1035.1906,
TAC_A01,12,Theobroma glaucum,Malvaceae,798610.8024,9727507.508,5.7,3.34,1.45,20141003,False,O,P08,6.99,6.99,feldpausch_regional,0.18,default,-1.0,5.52,6.83,5.7,False,O,3.34,measured,5.5200000000000005,3.259459833651259,0.5297,1.982,1.982,1.7551,1.8178,1.8178,1.6097,
TAC_A01,13,Theobroma grandiflorum,Malvaceae,798612.4567,9727505.943,13.7,3.38,0.27,20141003,False,O,P08,13.29,13.29,feldpausch_regional,0.18,default,-1.0,13.52,13.17,13.7,False,O,3.38,measured,13.52,3.3489554972314837,0.5297,11.1061,11.1061,9.8345,10.726,10.726,9.4979,
TAC_A01,14,Theobroma glaucum,Malvaceae,798614.4119,9727504.093,11.0,4.73,2.47,20141003,False,O,P08,11.38,11.38,feldpausch_regional,0.18,default,-1.0,10.82,11.24,11.0,False,O,4.73,measured,10.82,4.674335640553499,0.5297,10.0444,10.0444,8.8943,9.6143,9.6143,8.5135,
TAC_A01,15,,,798616.1414,9727502.456,11.1,1.8,,20141003,True,O,P08,11.45,11.45,feldpausch_regional,0.18,default,-1.0,10.92,11.32,11.1,True,O,1.8,measured,10.92,1.779030222276197,0.544,3.9818,4.0135,4.0135,3.8129,3.8473,3.8473,
TAC_A01,16,Theobroma glaucum,Malvaceae,798618.1718,9727500.535,8.9,3.35,1.26,20141003,False,O,P08,9.76,9.76,feldpausch_regional,0.18,default,-1.0,8.72,9.61,8.9,False,O,3.35,measured,8.72,3.300146031864156,0.5297,4.7437,4.7437,4.2005,4.492,4.492,3.9776,
TAC_A01,17,Theobroma grandiflorum,Malvaceae,798620.2021,9727498.614,14.1,5.37,0.5,20141003,False,O,P08,13.56,13.56,feldpausch_regional,0.18,default,-1.0,13.92,13.44,14.1,False,O,5.37,measured,13.92,5.322274244757265,0.5297,18.4583,18.4583,16.3448,17.845,17.845,15.8017,
TAC_A01,18,Theobroma glaucum,Malvaceae,798621.7813,9727497.12,6.8,3.75,1.54,20141003,False,O,P08,7.99,7.99,feldpausch_regional,0.18,default,-1.0,6.62,7.83,6.8,False,O,3.75,measured,6.62,3.6751905143277406,0.5297,3.1316,3.1316,2.7731,2.914,2.914,2.5803,
TAC_A01,19,Theobroma grandiflorum,Malvaceae,798623.9579,9727495.205,11.4,5.91,1.98,20141003,False,O,P08,11.67,11.67,feldpausch_regional,0.18,default,-1.0,11.22,11.54,11.4,False,O,5.91,measured,11.22,5.843175193033133,0.5297,13.3847,13.3847,11.8522,12.8321,12.8321,11.3628,
TAC_A01,20,Theobroma glaucum,Malvaceae,798625.6164,9727493.491,7.0,6.09,4.21,20141003,False,O,P08,8.17,8.17,feldpausch_regional,0.18,default,-1.0,6.82,8.01,7.0,False,O,6.09,measured,6.82,5.972256024583402,0.5297,5.3196,5.3196,4.7105,4.9604,4.9604,4.3925,
TAC_A01,21,Theobroma glaucum,Malvaceae,798629.2259,9727490.076,9.1,4.71,1.14,20141003,False,O,P08,9.92,9.92,feldpausch_regional,0.18,default,-1.0,8.92,9.77,9.1,False,O,4.71,measured,8.92,4.641599163539012,0.5297,6.9084,6.9084,6.1174,6.55,6.55,5.8,
TAC_A01,22,Theobroma grandiflorum,Malvaceae,798631.4066,9727488.013,10.2,4.89,1.7,20141003,False,O,P08,10.78,10.78,feldpausch_regional,0.18,default,-1.0,10.02,10.64,10.2,False,O,4.89,measured,10.02,4.827402121727377,0.5297,8.9539,8.9539,7.9287,8.54,8.54,7.5622,
TAC_A01,23,Theobroma glaucum,Malvaceae,798633.2866,9727486.234,8.2,5.07,1.92,20141003,False,O,P08,9.19,9.19,feldpausch_regional,0.18,default,-1.0,8.02,9.04,8.2,False,O,5.07,measured,8.02,4.987464204262196,0.5297,6.0578,6.0578,5.3642,5.7087,5.7087,5.0551,
TAC_A01,24,Euterpe oleracea,Arecaceae,798635.0832,9727488.184,11.2,14.75,10.84,20141003,False,P,P08,11.53,11.53,feldpausch_regional,0.18,default,-1.0,11.02,11.39,11.2,False,P,14.75,measured,11.02,14.57988032710181,0.3877,31.5701,14.4591,14.4591,30.2429,13.8294,13.8294,
TAC_A01,25,Euterpe oleracea,Arecaceae,798633.1992,9727489.96,9.6,9.95,5.56,20141003,False,P,P08,10.31,10.31,feldpausch_regional,0.18,default,-1.0,9.42,10.17,9.6,False,P,9.95,measured,9.42,9.813779395932814,0.3877,15.9122,9.4657,9.4657,15.13,8.9859,8.9859,
TAC_A01,26,Euterpe oleracea,Arecaceae,798633.2746,9727489.889,6.8,5.8,1.36,20141003,False,P,P08,7.99,7.99,feldpausch_regional,0.18,default,-1.0,6.62,7.83,6.8,False,P,5.8,measured,6.62,5.684294662160239,0.3877,4.7932,3.6691,3.6691,4.4601,3.4083,3.4083,
TAC_A01,27,Euterpe oleracea,Arecaceae,798633.1238,9727490.031,10.2,12.01,8.37,20141003,False,P,P08,10.78,10.78,feldpausch_regional,0.18,default,-1.0,10.02,10.64,10.2,False,P,12.01,measured,10.02,11.856257562770102,0.3877,21.522,11.1818,11.1818,20.5271,10.6478,10.6478,
TAC_A01,28,Euterpe oleracea,Arecaceae,798631.3905,9727491.665,11.8,13.01,9.02,20141003,False,P,P08,11.96,11.96,feldpausch_regional,0.18,default,-1.0,11.62,11.83,11.8,False,P,13.01,measured,11.620000000000001,12.868483383976981,0.3877,30.925,16.689,16.689,29.6922,15.9986,15.9986,
TAC_A01,29,Euterpe oleracea,Arecaceae,798631.2398,9727491.807,9.3,12.11,7.34,20141003,False,P,P08,10.08,10.08,feldpausch_regional,0.18,default,-1.0,9.12,9.93,9.3,False,P,12.11,measured,9.120000000000001,11.938294609187512,0.3877,18.1171,8.6748,8.6748,17.1975,8.2211,8.2211,
TAC_A01,30,Theobroma glaucum,Malvaceae,798629.5065,9727493.441,11.2,6.41,1.84,20141003,False,O,P08,11.53,11.53,feldpausch_regional,0.18,default,-1.0,11.02,11.39,11.2,False,O,6.41,measured,11.02,6.336070026896448,0.5297,13.9968,13.9968,12.3942,13.4084,13.4084,11.8731,
TAC_A01,31,Euterpe oleracea,Arecaceae,798627.6225,9727495.217,7.8,5.12,1.49,20141003,False,P,P08,8.85,8.85,feldpausch_regional,0.18,default,-1.0,7.62,8.7,7.8,False,P,5.12,measured,7.62,5.031977594742134,0.3877,5.5472,5.3496,5.3496,5.2112,5.0171,5.0171,
TAC_A01,32,Euterpe oleracea,Arecaceae,798625.6631,9727497.064,10.2,13.26,9.25,20141003,False,P,P08,10.78,10.78,feldpausch_regional,0.18,default,-1.0,10.02,10.64,10.2,False,P,13.26,measured,10.02,13.090256060144176,0.3877,23.7056,11.1818,11.1818,22.6098,10.6478,10.6478,
TAC_A01,33,Euterpe oleracea,Arecaceae,798621.7443,9727500.758,12.9,15.01,9.78,20141003,False,P,P08,12.74,12.74,feldpausch_regional,0.18,default,-1.0,12.72,12.62,12.9,False,P,15.01,measured,12.72,14.862366160292964,0.3877,42.3135,21.3211,21.3211,40.7734,20.5134,20.5134,
TAC_A01,34,Euterpe oleracea,Arecaceae,798619.9356,9727502.463,10.3,13.23,10.2,20141003,False,P,P08,10.85,10.85,feldpausch_regional,0.18,default,-1.0,10.12,10.71,10.3,False,P,13.23,measured,10.120000000000001,13.062465947645991,0.3877,24.108,11.4857,11.4857,23.0045,10.9424,10.9424,
TAC_A01,35,Euterpe oleracea,Arecaceae,798619.8602,9727502.534,8.4,13.02,8.58,20141003,False,P,P08,9.35,9.35,feldpausch_regional,0.18,default,-1.0,8.22,9.2,8.4,False,P,13.02,measured,8.22,12.813556062592557,0.3877,15.9409,6.558,6.558,15.0444,6.179,6.179,
TAC_A01,36,Euterpe oleracea,Arecaceae,798617.8255,9727504.452,11.8,13.47,10.89,20141003,False,P,P08,11.96,11.96,feldpausch_regional,0.18,default,-1.0,11.62,11.83,11.8,False,P,13.47,measured,11.620000000000001,13.323479721919288,0.3877,31.9917,16.689,16.689,30.7164,15.9986,15.9986,
TAC_A01,37,Euterpe oleracea,Arecaceae,798616.0168,9727506.158,9.5,10.65,7.13,20141003,False,P,P08,10.23,10.23,feldpausch_regional,0.18,default,-1.0,9.32,10.09,9.5,False,P,10.65,measured,9.32,10.502499561781702,0.3877,16.6598,9.1972,9.1972,15.8322,8.7261,8.7261,
TAC_A01,38,Euterpe oleracea,Arecaceae,798615.9415,9727506.229,8.9,8.17,6.08,20141003,False,P,P08,9.76,9.76,feldpausch_regional,0.18,default,-1.0,8.72,9.61,8.9,False,P,8.17,measured,8.72,8.048415844874674,0.3877,11.324,7.6875,7.6875,10.7231,7.2677,7.2677,
TAC_A01,41,Theobroma glaucum,Malvaceae,798615.6575,9727510.066,11.5,5.85,0.48,20141003,False,O,P08,11.75,11.75,feldpausch_regional,0.18,default,-1.0,11.32,11.61,11.5,False,O,5.85,measured,11.32,5.784498478026844,0.5297,13.4799,13.4799,11.9365,12.9283,12.9283,11.448,
TAC_A01,42,Theobroma glaucum,Malvaceae,798617.9232,9727507.938,7.0,3.56,1.33,20141003,False,O,P08,8.17,8.17,feldpausch_regional,0.18,default,-1.0,6.82,8.01,7.0,False,O,3.56,measured,6.82,3.4911710094444848,0.5297,3.15,3.15,2.7893,2.9373,2.9373,2.601,
TAC_A01,43,Theobroma grandiflorum,Malvaceae,798619.6603,9727506.306,15.1,4.59,1.37,20141003,False,O,P08,14.21,14.21,feldpausch_regional,0.18,default,-1.0,14.92,14.1,15.1,False,O,4.59,measured,14.92,4.552295871074024,0.5297,18.1031,18.1031,16.0303,17.5425,17.5425,15.5339,
TAC_A01,44,Theobroma glaucum,Malvaceae,798621.6995,9727504.391,9.2,4.41,1.99,20141003,False,O,P08,10.0,10.0,feldpausch_regional,0.18,default,-1.0,9.02,9.85,9.2,False,O,4.41,measured,9.02,4.346722020454514,0.5297,6.6183,6.6183,5.8605,6.2787,6.2787,5.5598,
TAC_A01,45,Theobroma grandiflorum,Malvaceae,798623.5876,9727502.618,17.0,6.46,2.37,20141003,False,O,P08,15.41,15.41,feldpausch_regional,0.18,default,-1.0,16.82,15.3,17.0,False,O,6.46,measured,16.82,6.413761064765988,0.5297,31.8481,31.8481,28.2016,30.9753,30.9753,27.4286,
TAC_A01,46,Theobroma glaucum,Malvaceae,798625.2491,9727501.057,5.8,3.71,0.88,20141003,False,O,P08,7.09,7.09,feldpausch_regional,0.18,default,-1.0,5.62,6.92,5.8,False,O,3.71,measured,5.62,3.6221871153478404,0.5297,2.2719,2.2719,2.0117,2.0869,2.0869,1.848,
TAC_A01,47,Theobroma glaucum,Malvaceae,798627.4393,9727499.0,9.4,5.5,1.93,20141003,False,O,P08,10.16,10.16,feldpausch_regional,0.18,default,-1.0,9.22,10.01,9.4,False,O,5.5,measured,9.22,5.422931057606311,0.5297,8.5625,8.5625,7.5821,8.1326,8.1326,7.2014,
TAC_A01,48,Theobroma glaucum,Malvaceae,798629.1009,9727497.439,6.7,4.47,2.45,20141003,False,O,P08,7.9,7.9,feldpausch_regional,0.18,default,-1.0,6.52,7.74,6.7,False,O,4.47,measured,6.5200000000000005,4.379389850141416,0.5297,3.6113,3.6113,3.1978,3.3565,3.3565,2.9722,
TAC_A01,49,Theobroma glaucum,Malvaceae,798632.8771,9727493.893,9.6,4.58,1.34,20141003,False,O,P08,10.31,10.31,feldpausch_regional,0.18,default,-1.0,9.42,10.17,9.6,False,O,4.58,measured,9.42,4.51729745059018,0.5297,7.4621,7.4621,6.6077,7.0953,7.0953,6.2829,
TAC_A01,50,Theobroma glaucum,Malvaceae,798636.8799,9727490.133,8.5,6.24,3.75,20141003,False,O,P08,9.43,9.43,feldpausch_regional,0.18,default,-1.0,8.32,9.29,8.5,False,O,6.24,measured,8.32,6.142332769997353,0.5297,7.9577,7.9577,7.0465,7.5154,7.5154,6.6549,
TAC_A01,51,Euterpe oleracea,Arecaceae,798638.6766,9727492.083,10.5,11.58,6.92,20141003,False,P,P08,11.0,11.0,feldpausch_regional,0.18,default,-1.0,10.32,10.87,10.5,False,P,11.58,measured,10.32,11.43646388490555,0.3877,21.9787,12.1091,12.1091,20.9921,11.5471,11.5471,
TAC_A01,52,Euterpe oleracea,Arecaceae,798638.6009,9727492.154,11.9,12.44,8.34,20141003,False,P,P08,12.03,12.03,feldpausch_regional,0.18,default,-1.0,11.72,11.9,11.9,False,P,12.44,measured,11.72,12.30596246265445,0.3877,30.0935,17.0806,17.0806,28.9041,16.3799,16.3799,
TAC_A01,53,Euterpe oleracea,Arecaceae,798638.5252,9727492.224,9.0,8.95,5.87,20141003,False,P,P08,9.84,9.84,feldpausch_regional,0.18,default,-1.0,8.82,9.69,9.0,False,P,8.95,measured,8.82,8.81843406767222,0.3877,12.6509,7.9272,7.9272,11.9872,7.4991,7.4991,
TAC_A01,54,Euterpe oleracea,Arecaceae,798636.7087,9727493.924,12.8,13.83,9.45,20141003,False,P,P08,12.67,12.67,feldpausch_regional,0.18,default,-1.0,12.62,12.55,12.8,False,P,13.83,measured,12.620000000000001,13.692766432616919,0.3877,38.4749,20.87,20.87,37.0633,20.0733,20.0733,
TAC_A01,55,Euterpe oleracea,Arecaceae,798634.6651,9727495.837,11.1,13.39,12.95,20141003,False,P,P08,11.45,11.45,feldpausch_regional,0.18,default,-1.0,10.92,11.32,11.1,False,P,13.39,measured,10.92,13.234008153487931,0.3877,28.2273,14.1071,14.1071,27.0298,13.4873,13.4873,
TAC_A01,56,Theobroma glaucum,Malvaceae,798634.211,9727496.262,9.7,5.8,1.5,20141003,False,O,P08,10.39,10.39,feldpausch_regional,0.18,default,-1.0,9.52,10.25,9.7,False,O,5.8,measured,9.52,5.72149962248415,0.5297,9.5884,9.5884,8.4905,9.122,9.122,8.0775,
TAC_A01,57,Euterpe oleracea,Arecaceae,798630.9564,9727499.307,10.2,11.86,8.05,20141003,False,P,P08,10.78,10.78,feldpausch_regional,0.18,default,-1.0,10.02,10.64,10.2,False,P,11.86,measured,10.02,11.708177743085212,0.3877,21.2596,11.1818,11.1818,20.2768,10.6478,10.6478,
TAC_A01,58,Euterpe oleracea,Arecaceae,798630.8807,9727499.378,8.6,7.98,5.18,20141003,False,P,P08,9.52,9.52,feldpausch_regional,0.18,default,-1.0,8.42,9.37,8.6,False,P,7.98,measured,8.42,7.8566890899817405,0.3877,10.3504,6.9961,6.9961,9.7819,6.601,6.601,
TAC_A01,59,Theobroma glaucum,Malvaceae,798628.9885,9727501.149,9.0,4.69,2.53,20141003,False,O,P08,9.84,9.84,feldpausch_regional,0.18,default,-1.0,8.82,9.69,9.0,False,O,4.69,measured,8.82,4.621056511439409,0.5297,6.733,6.733,5.9621,6.3797,6.3797,5.6493,
TAC_A01,60,Theobroma glaucum,Malvaceae,798625.3555,9727504.548,8.5,6.3,3.47,20141003,False,O,P08,9.43,9.43,feldpausch_regional,0.18,default,-1.0,8.32,9.29,8.5,False,O,6.3,measured,8.32,6.2013936620165575,0.5297,8.0324,8.0324,7.1127,7.586,7.586,6.7174,
TAC_A01,61,Euterpe oleracea,Arecaceae,798622.9335,9727506.815,10.1,13.01,9.51,20141003,False,P,P08,10.7,10.7,feldpausch_regional,0.18,default,-1.0,9.92,10.56,10.1,False,P,13.01,measured,9.92,12.841624808382408,0.3877,22.826,10.8831,10.8831,21.7603,10.3583,10.3583,
TAC_A01,62,Euterpe oleracea,Arecaceae,798623.0092,9727506.744,11.2,13.28,9.39,20141003,False,P,P08,11.53,11.53,feldpausch_regional,0.18,default,-1.0,11.02,11.39,11.2,False,P,13.28,measured,11.02,13.1268346267059,0.3877,28.4955,14.4591,14.4591,27.2975,13.8294,13.8294,
TAC_A01,63,Euterpe oleracea,Arecaceae,798623.0849,9727506.673,10.0,10.1,7.39,20141003,False,P,P08,10.62,10.62,feldpausch_regional,0.18,default,-1.0,9.82,10.48,10.0,False,P,10.1,measured,9.82,9.96783525461119,0.3877,17.4855,10.5895,10.5895,16.6608,10.0739,10.0739,
TAC_A01,64,Theobroma glaucum,Malvaceae,798621.4954,9727508.16,9.3,6.33,2.42,20141003,False,O,P08,10.08,10.08,feldpausch_regional,0.18,default,-1.0,9.12,9.93,9.3,False,O,6.33,measured,9.120000000000001,6.240248131804868,0.5297,9.6185,9.6185,8.5172,9.1304,9.1304,8.0849,
TAC_A01,65,Theobroma glaucum,Malvaceae,798617.7867,9727511.631,7.3,4.66,1.98,20141003,False,O,P08,8.43,8.43,feldpausch_regional,0.18,default,-1.0,7.12,8.27,7.3,False,O,4.66,measured,7.12,4.573906276576136,0.5297,4.4464,4.4464,3.9373,4.1586,4.1586,3.6824,
TAC_A01,67,Theobroma glaucum,Malvaceae,798618.0972,9727514.894,9.1,4.23,1.79,20141003,False,O,P08,9.92,9.92,feldpausch_regional,0.18,default,-1.0,8.92,9.77,9.1,False,O,4.23,measured,8.92,4.1685699494203865,0.5297,6.2204,6.2204,5.5082,5.8977,5.8977,5.2224,
TAC_A01,68,Theobroma grandiflorum,Malvaceae,798619.4625,9727513.621,18.2,6.38,1.96,20141003,False,O,P08,16.13,16.13,feldpausch_regional,0.18,default,-1.0,18.02,16.02,18.2,False,O,6.38,measured,18.02,6.3378515659955035,0.5297,35.9439,35.9439,31.8283,35.0259,35.0259,31.0155,
TAC_A01,69,Theobroma glaucum,Malvaceae,798621.6622,9727511.571,11.9,7.07,2.7,20141003,False,O,P08,12.03,12.03,feldpausch_regional,0.18,default,-1.0,11.72,11.9,11.9,False,O,7.07,measured,11.72,6.99382271792339,0.5297,17.3365,17.3365,15.3515,16.6513,16.6513,14.7448,
TAC_A01,70,Theobroma grandiflorum,Malvaceae,798623.3309,9727510.015,13.2,6.46,1.97,20141003,False,O,P08,12.95,12.95,feldpausch_regional,0.18,default,-1.0,13.02,12.82,13.2,False,O,6.46,measured,13.02,6.398099069769935,0.5297,19.436,19.436,17.2106,18.7451,18.7451,16.5988,
TAC_A01,71,Theobroma glaucum,Malvaceae,798625.3789,9727508.105,9.1,3.11,1.13,20141003,False,O,P08,9.92,9.92,feldpausch_regional,0.18,default,-1.0,8.92,9.77,9.1,False,O,3.11,measured,8.92,3.064835116476927,0.5297,4.6073,4.6073,4.0797,4.3682,4.3682,3.8681,
TAC_A01,72,Theobroma grandiflorum,Malvaceae,798627.1235,9727506.479,14.3,5.46,1.62,20141003,False,O,P08,13.69,13.69,feldpausch_regional,0.18,default,-1.0,14.12,13.57,14.3,False,O,5.46,measured,14.120000000000001,5.412251286662513,0.5297,19.2831,19.2831,17.0752,18.6515,18.6515,16.516,
TAC_A01,73,Theobroma glaucum,Malvaceae,798628.9439,9727504.782,6.9,4.53,1.98,20141003,False,O,P08,8.08,8.08,feldpausch_regional,0.18,default,-1.0,6.72,7.92,6.9,False,O,4.53,measured,6.720000000000001,4.441044007349753,0.5297,3.8748,3.8748,3.4311,3.6094,3.6094,3.1961,
TAC_A01,74,Theobroma grandiflorum,Malvaceae,798630.7643,9727503.084,18.3,6.57,2.64,20141003,False,O,P08,16.19,16.19,feldpausch_regional,0.18,default,-1.0,18.12,16.08,18.3,False,O,6.57,measured,18.12,6.526876309291332,0.5297,37.386,37.386,33.1053,36.4366,36.4366,32.2647,
TAC_A01,75,Theobroma glaucum,Malvaceae,798632.6606,9727501.316,7.2,3.89,1.4,20141003,False,O,P08,8.34,8.34,feldpausch_regional,0.18,default,-1.0,7.02,8.18,7.2,False,O,3.89,measured,7.0200000000000005,3.8170495875263657,0.5297,3.6288,3.6288,3.2133,3.3906,3.3906,3.0024,
TAC_A01,76,Theobroma grandiflorum,Malvaceae,798634.481,9727499.619,11.0,2.72,1.62,20141003,False,O,P08,11.38,11.38,feldpausch_regional,0.18,default,-1.0,10.82,11.24,11.0,False,O,2.72,measured,10.82,2.687990051227382,0.5297,5.8533,5.8533,5.1831,5.6027,5.6027,4.9612,
TAC_A01,77,Theobroma glaucum,Malvaceae,798636.4532,9727497.781,7.0,3.11,1.41,20141003,False,O,P08,8.17,8.17,feldpausch_regional,0.18,default,-1.0,6.82,8.01,7.0,False,O,3.11,measured,6.82,3.0498713031944793,0.5297,2.7607,2.7607,2.4446,2.5743,2.5743,2.2796,
TAC_A01,78,Theobroma grandiflorum,Malvaceae,798638.577,9727495.8,16.3,5.38,1.97,20141003,False,O,P08,14.98,14.98,feldpausch_regional,0.18,default,-1.0,16.12,14.86,16.3,False,O,5.38,measured,16.12,5.339554416320888,0.5297,24.5411,24.5411,21.7312,23.8387,23.8387,21.1092,
TAC_A01,79,Theobroma glaucum,Malvaceae,798640.4733,9727494.032,8.7,4.6,2.22,20141003,False,O,P08,9.6,9.6,feldpausch_regional,0.18,default,-1.0,8.52,9.45,8.7,False,O,4.6,measured,8.52,4.529813988788837,0.5297,6.1838,6.1838,5.4757,5.8481,5.8481,5.1785,
TAC_A01,80,Theobroma glaucum,Malvaceae,798642.27,9727495.982,6.0,2.76,1.21,20141003,False,O,P08,7.27,7.27,feldpausch_regional,0.18,default,-1.0,5.82,7.11,6.0,False,O,2.76,measured,5.82,2.6970030736782795,0.5297,1.8186,1.8186,1.6104,1.6754,1.6754,1.4836,
TAC_A01,81,Euterpe oleracea,Arecaceae,798638.3172,9727499.654,9.2,10.29,6.19,20141003,False,P,P08,10.0,10.0,feldpausch_regional,0.18,default,-1.0,9.02,9.85,9.2,False,P,10.29,measured,9.02,10.142351381060534,0.3877,15.1318,8.4208,8.4208,14.3554,7.9757,7.9757,
TAC_A01,82,Euterpe oleracea,Arecaceae,798638.2412,9727499.724,8.2,6.88,2.5,20141003,False,P,P08,9.19,9.19,feldpausch_regional,0.18,default,-1.0,8.02,9.04,8.2,False,P,6.88,measured,8.02,6.7679987623913025,0.3877,8.1604,6.1378,6.1378,7.6902,5.7746,5.7746,
TAC_A01,83,Euterpe oleracea,Arecaceae,798638.1652,9727499.795,10.7,12.97,8.05,20141003,False,P,P08,11.15,11.15,feldpausch_regional,0.18,default,-1.0,10.52,11.02,10.7,False,P,12.97,measured,10.52,12.812579009145871,0.3877,25.4711,12.7536,12.7536,24.3494,12.1726,12.1726,
TAC_A01,84,Euterpe oleracea,Arecaceae,798636.2648,9727501.56,11.1,13.19,8.31,20141003,False,P,P08,11.45,11.45,feldpausch_regional,0.18,default,-1.0,10.92,11.32,11.1,False,P,13.19,measured,10.92,13.036338128790575,0.3877,27.8157,14.1071,14.1071,26.6356,13.4873,13.4873,
TAC_A01,85,Euterpe oleracea,Arecaceae,798634.5925,9727503.114,12.8,16.0,11.31,20141003,False,P,P08,12.67,12.67,feldpausch_regional,0.18,default,-1.0,12.62,12.55,12.8,False,P,16.0,measured,12.620000000000001,15.84123376152355,0.3877,44.3563,20.87,20.87,42.729,20.0733,20.0733,
TAC_A01,86,Theobroma glaucum,Malvaceae,798630.7158,9727506.715,9.0,6.44,2.75,20141003,False,O,P08,9.84,9.84,feldpausch_regional,0.18,default,-1.0,8.82,9.69,9.0,False,O,6.44,measured,8.82,6.345331329140682,0.5297,9.1752,9.1752,8.1246,8.6938,8.6938,7.6984,
TAC_A01,87,Euterpe oleracea,Arecaceae,798629.1089,9727508.493,10.3,12.41,7.78,20141003,False,P,P08,10.85,10.85,feldpausch_regional,0.18,default,-1.0,10.12,10.71,10.3,False,P,12.41,measured,10.120000000000001,12.252849766461583,0.3877,22.6485,11.4857,11.4857,21.6119,10.9424,10.9424,
TAC_A01,88,Euterpe oleracea,Arecaceae,798629.1036,9727508.641,10.2,12.77,8.36,20141003,False,P,P08,10.78,10.78,feldpausch_regional,0.18,default,-1.0,10.02,10.64,10.2,False,P,12.77,measured,10.02,12.606528649173539,0.3877,22.8502,11.1818,11.1818,21.7939,10.6478,10.6478,
TAC_A01,89,Euterpe oleracea,Arecaceae,798629.0275,9727508.712,10.0,12.64,8.55,20141003,False,P,P08,10.62,10.62,feldpausch_regional,0.18,default,-1.0,9.82,10.48,10.0,False,P,12.64,measured,9.82,12.474597783988658,0.3877,21.7654,10.5895,10.5895,20.7388,10.0739,10.0739,
TAC_A01,90,Euterpe oleracea,Arecaceae,798625.2258,9727512.242,12.9,12.12,8.56,20141003,False,P,P08,12.74,12.74,feldpausch_regional,0.18,default,-1.0,12.72,12.62,12.9,False,P,12.12,measured,12.72,12.000791329963405,0.3877,34.3424,21.3211,21.3211,33.0924,20.5134,20.5134,
TAC_A01,91,Euterpe oleracea,Arecaceae,798625.0737,9727512.383,9.4,8.95,3.66,20141003,False,P,P08,10.16,10.16,feldpausch_regional,0.18,default,-1.0,9.22,10.01,9.4,False,P,8.95,measured,9.22,8.824587811922996,0.3877,13.7716,8.9335,8.9335,13.0802,8.4712,8.4712,
TAC_A01,92,Euterpe oleracea,Arecaceae,798624.9273,9727512.376,10.9,10.4,6.67,20141003,False,P,P08,11.3,11.3,feldpausch_regional,0.18,default,-1.0,10.72,11.17,10.9,False,P,10.4,measured,10.72,10.276353800656118,0.3877,21.2883,13.4195,13.4195,20.3683,12.8192,12.8192,
TAC_A01,93,Euterpe oleracea,Arecaceae,798623.1143,9727513.776,10.9,11.13,9.19,20141003,False,P,P08,11.3,11.3,feldpausch_regional,0.18,default,-1.0,10.72,11.17,10.9,False,P,11.13,measured,10.72,10.997674788586787,0.3877,22.7456,13.4195,13.4195,21.7626,12.8192,12.8192,
TAC_A01,94,Euterpe oleracea,Arecaceae,798621.0619,9727515.682,12.3,12.42,9.22,20141003,False,P,P08,12.32,12.32,feldpausch_regional,0.18,default,-1.0,12.12,12.19,12.3,False,P,12.42,measured,12.120000000000001,12.29107439116747,0.3877,32.0493,18.7052,18.7052,30.8246,17.9625,17.9625,
TAC_A01,95,Theobroma glaucum,Malvaceae,798619.7696,9727516.883,7.8,4.66,1.69,20141003,False,O,P08,8.85,8.85,feldpausch_regional,0.18,default,-1.0,7.62,8.7,7.8,False,O,4.66,measured,7.62,4.579885857714521,0.5297,5.0603,5.0603,4.4809,4.7537,4.7537,4.2094,
TAC_A01,96,Theobroma glaucum,Malvaceae,798621.3656,9727518.941,9.5,3.94,1.32,20141003,False,O,P08,10.23,10.23,feldpausch_regional,0.18,default,-1.0,9.32,10.09,9.5,False,O,3.94,measured,9.32,3.8854317627624324,0.5297,6.3122,6.3122,5.5895,5.9986,5.9986,5.3118,
TAC_A01,97,Theobroma glaucum,Malvaceae,798624.5651,9727515.98,9.3,5.25,1.62,20141003,False,O,P08,10.08,10.08,feldpausch_regional,0.18,default,-1.0,9.12,9.93,9.3,False,O,5.25,measured,9.120000000000001,5.175561246757592,0.5297,8.0134,8.0134,7.0958,7.6066,7.6066,6.7357,
TAC_A01,98,Theobroma grandiflorum,Malvaceae,798626.7743,9727513.936,18.6,4.86,1.66,20141003,False,O,P08,16.36,16.36,feldpausch_regional,0.18,default,-1.0,18.42,16.26,18.6,False,O,4.86,measured,18.42,4.82870785429001,0.5297,28.7546,28.7546,25.4622,28.0366,28.0366,24.8264,
TAC_A01,99,Theobroma glaucum,Malvaceae,798628.7549,9727512.103,8.9,2.97,1.97,20141003,False,O,P08,9.76,9.76,feldpausch_regional,0.18,default,-1.0,8.72,9.61,8.9,False,O,2.97,measured,8.72,2.9258011088467297,0.5297,4.2177,4.2177,3.7348,3.994,3.994,3.5367,
TAC_A01,100,,,798630.7355,9727510.27,15.9,1.97,,20141003,True,O,P08,14.73,14.73,feldpausch_regional,0.18,default,-1.0,15.72,14.61,15.9,True,O,1.97,measured,15.72,1.9547560330506624,0.544,8.7697,8.866,8.866,8.5122,8.6115,8.6115,
TAC_A01,101,Theobroma glaucum,Malvaceae,798632.7162,9727508.437,8.7,2.98,1.41,20141003,False,O,P08,9.6,9.6,feldpausch_regional,0.18,default,-1.0,8.52,9.45,8.7,False,O,2.98,measured,8.52,2.9345316709979863,0.5297,4.048,4.048,3.5845,3.8282,3.8282,3.3899,
TAC_A01,102,Theobroma grandiflorum,Malvaceae,798634.5444,9727506.744,14.7,3.31,1.26,20141003,False,O,P08,13.95,13.95,feldpausch_regional,0.18,default,-1.0,14.52,13.84,14.7,False,O,3.31,measured,14.52,3.2819562438287884,0.5297,12.4858,12.4858,11.0562,12.0883,12.0883,10.7042,
TAC_A01,103,Theobroma glaucum,Malvaceae,798636.3727,9727505.052,7.8,2.84,1.24,20141003,False,O,P08,8.85,8.85,feldpausch_regional,0.18,default,-1.0,7.62,8.7,7.8,False,O,2.84,measured,7.62,2.791175072083527,0.5297,3.1208,3.1208,2.7635,2.9317,2.9317,2.5961,
TAC_A01,104,Theobroma grandiflorum,Malvaceae,798638.4295,9727503.149,8.5,3.09,1.24,20141003,False,O,P08,9.43,9.43,feldpausch_regional,0.18,default,-1.0,8.32,9.29,8.5,False,O,3.09,measured,8.32,3.0416359389890735,0.5297,4.0076,4.0076,3.5487,3.7849,3.7849,3.3515,
TAC_A01,105,Theobroma glaucum,Malvaceae,798640.1816,9727501.527,6.6,3.57,1.07,20141003,False,O,P08,7.81,7.81,feldpausch_regional,0.18,default,-1.0,6.42,7.65,6.6,False,O,3.57,measured,6.42,3.496450476076531,0.5297,2.8159,2.8159,2.4935,2.6143,2.6143,2.3149,
TAC_A01,106,Theobroma grandiflorum,Malvaceae,798642.2384,9727499.624,14.6,5.77,1.77,20141003,False,O,P08,13.89,13.89,feldpausch_regional,0.18,default,-1.0,14.42,13.77,14.6,False,O,5.77,measured,14.42,5.720728852095503,0.5297,21.1926,21.1926,18.7661,20.5132,20.5132,18.1645,
TAC_A01,107,Theobroma glaucum,Malvaceae,798644.0667,9727497.932,7.9,4.23,1.8,20141003,False,O,P08,8.94,8.94,feldpausch_regional,0.18,default,-1.0,7.72,8.79,7.9,False,O,4.23,measured,7.720000000000001,4.158280554564248,0.5297,4.7199,4.7199,4.1795,4.4376,4.4376,3.9295,
TAC_A01,108,Theobroma glaucum,Malvaceae,798645.8634,9727499.881,9.3,5.57,1.89,20141003,False,O,P08,10.08,10.08,feldpausch_regional,0.18,default,-1.0,9.12,9.93,9.3,False,O,5.57,measured,9.120000000000001,5.49102402751234,0.5297,8.4897,8.4897,7.5177,8.0588,8.0588,7.1361,
TAC_A01,109,Theobroma glaucum,Malvaceae,798641.8173,9727503.612,8.7,4.01,2.48,20141003,False,O,P08,9.6,9.6,feldpausch_regional,0.18,default,-1.0,8.52,9.45,8.7,False,O,4.01,measured,8.52,3.948816107618095,0.5297,5.4084,5.4084,4.7892,5.1148,5.1148,4.5292,
TAC_A01,110,Bertholletia excelsa,Lecythidaceae,798637.9239,9727507.202,58.9,21.73,9.22,20141003,False,O,P08,31.67,31.67,feldpausch_regional,0.18,default,-1.0,58.72,31.62,58.9,False,O,21.73,measured,58.72,21.699475228472693,0.638,1176.7821,1176.7821,1249.4688,1168.1685,1168.1685,1240.3232,
TAC_A01,111,Theobroma glaucum,Malvaceae,798632.1983,9727512.482,6.7,5.0,1.5,20141003,False,O,P08,7.9,7.9,feldpausch_regional,0.18,default,-1.0,6.52,7.74,6.7,False,O,5.0,measured,6.5200000000000005,4.898646364811427,0.5297,4.0286,4.0286,3.5673,3.7444,3.7444,3.3157,
TAC_A01,112,Theobroma glaucum,Malvaceae,798630.3661,9727514.171,5.9,2.14,0.68,20141003,False,O,P08,7.18,7.18,feldpausch_regional,0.18,default,-1.0,5.72,7.01,5.9,False,O,2.14,measured,5.720000000000001,2.0902666571504165,0.5297,1.3729,1.3729,1.2157,1.263,1.263,1.1184,
TAC_A01,113,Bertholletia excelsa,Lecythidaceae,798626.3963,9727517.832,48.0,19.71,8.25,20141003,False,O,P08,28.69,28.69,feldpausch_regional,0.18,default,-1.0,47.82,28.63,48.0,False,O,19.71,measured,47.82,19.672575429000652,0.638,717.5592,717.5592,761.8809,710.9959,710.9959,754.9123,
TAC_A01,114,Euterpe oleracea,Arecaceae,798624.5641,9727519.521,12.2,12.85,8.37,20141003,False,P,P08,12.25,12.25,feldpausch_regional,0.18,default,-1.0,12.02,12.12,12.2,False,P,12.85,measured,12.02,12.715375944109157,0.3877,32.608,18.2902,18.2902,31.3516,17.5581,17.5581,
TAC_A01,115,Theobroma glaucum,Malvaceae,798624.7852,9727522.846,9.6,3.12,1.35,20141003,False,O,P08,10.31,10.31,feldpausch_regional,0.18,default,-1.0,9.42,10.17,9.6,False,O,3.12,measured,9.42,3.0772855995286816,0.5297,5.1304,5.1304,4.543,4.8782,4.8782,4.3197,
TAC_A01,116,,,798626.3152,9727521.441,16.6,2.44,,20141003,True,O,P08,15.16,15.16,feldpausch_regional,0.18,default,-1.0,16.42,15.05,16.6,True,O,2.44,measured,16.42,2.4220424179194597,0.544,11.7545,11.5123,11.5123,11.4243,11.1961,11.1961,
TAC_A01,117,Theobroma grandiflorum,Malvaceae,798630.4465,9727517.645,15.3,4.41,1.22,20141003,False,O,P08,14.34,14.34,feldpausch_regional,0.18,default,-1.0,15.12,14.23,15.3,False,O,4.41,measured,15.120000000000001,4.3743206641002415,0.5297,17.8628,17.8628,15.8176,17.3171,17.3171,15.3343,
TAC_A01,118,Theobroma glaucum,Malvaceae,798632.2061,9727516.029,5.6,4.28,1.44,20141003,False,O,P08,6.9,6.9,feldpausch_regional,0.18,default,-1.0,5.42,6.73,5.6,False,O,4.28,measured,5.42,4.1748213835665,0.5297,2.439,2.439,2.1597,2.2334,2.2334,1.9777,
TAC_A01,119,Theobroma grandiflorum,Malvaceae,798634.0422,9727514.342,15.6,7.25,2.04,20141003,False,O,P08,14.54,14.54,feldpausch_regional,0.18,default,-1.0,15.42,14.42,15.6,False,O,7.25,measured,15.42,7.192646382692676,0.5297,30.1391,30.1391,26.6882,29.2365,29.2365,25.8889,
TAC_A01,120,Theobroma glaucum,Malvaceae,798636.3374,9727512.233,7.6,4.33,2.03,20141003,False,O,P08,8.68,8.68,feldpausch_regional,0.18,default,-1.0,7.42,8.53,7.6,False,O,4.33,measured,7.42,4.253425454478484,0.5297,4.4773,4.4773,3.9647,4.1989,4.1989,3.7182,
TAC_A01,121,Theobroma grandiflorum,Malvaceae,798637.944,9727510.757,12.9,6.17,2.11,20141003,False,O,P08,12.74,12.74,feldpausch_regional,0.18,default,-1.0,12.72,12.62,12.9,False,O,6.17,measured,12.72,6.109313738108433,0.5297,17.7685,17.7685,15.734,17.1217,17.1217,15.1613,
TAC_A01,122,Theobroma glaucum,Malvaceae,798640.2391,9727508.649,5.9,3.67,1.54,20141003,False,O,P08,7.18,7.18,feldpausch_regional,0.18,default,-1.0,5.72,7.01,5.9,False,O,3.67,measured,5.720000000000001,3.5847096410009476,0.5297,2.3242,2.3242,2.0581,2.1382,2.1382,1.8934,
TAC_A01,123,Theobroma grandiflorum,Malvaceae,798641.6927,9727507.313,14.2,2.42,0.7,20141003,False,O,P08,13.62,13.62,feldpausch_regional,0.18,default,-1.0,14.02,13.5,14.2,False,O,2.42,measured,14.02,2.398665712825998,0.5297,8.5967,8.5967,7.6124,8.3131,8.3131,7.3613,
TAC_A01,124,Theobroma glaucum,Malvaceae,798643.7583,9727505.416,7.9,5.85,2.37,20141003,False,O,P08,8.94,8.94,feldpausch_regional,0.18,default,-1.0,7.72,8.79,7.9,False,O,5.85,measured,7.720000000000001,5.750813532908002,0.5297,6.477,6.477,5.7354,6.0896,6.0896,5.3923,
TAC_A01,125,,,798645.6709,9727503.658,10.6,1.55,,20141003,True,O,P08,11.08,11.08,feldpausch_regional,0.18,default,-1.0,10.42,10.94,10.6,True,O,1.55,measured,10.42,1.5309892329082953,0.544,3.145,3.2386,3.2386,3.0052,3.0981,3.0981,
TAC_A01,126,Theobroma glaucum,Malvaceae,798647.66,9727501.831,10.6,4.69,2.11,20141003,False,O,P08,11.08,11.08,feldpausch_regional,0.18,default,-1.0,10.42,10.94,10.6,False,O,4.69,measured,10.42,4.632477098283809,0.5297,9.2666,9.2666,8.2056,8.8547,8.8547,7.8408,
TAC_A01,127,Theobroma glaucum,Malvaceae,798649.4567,9727503.781,7.2,3.38,1.6,20141003,False,O,P08,8.34,8.34,feldpausch_regional,0.18,default,-1.0,7.02,8.18,7.2,False,O,3.38,measured,7.0200000000000005,3.3166137804213665,0.5297,3.1637,3.1637,2.8015,2.956,2.956,2.6176,
TAC_A01,128,Euterpe oleracea,Arecaceae,798647.31,9727505.746,13.5,12.05,8.15,20141003,False,P,P08,13.15,13.15,feldpausch_regional,0.18,default,-1.0,13.32,13.03,13.5,False,P,12.05,measured,13.32,11.937451344326755,0.3877,37.3178,24.1587,24.1587,36.0212,23.2837,23.2837,
TAC_A01,129,Euterpe oleracea,Arecaceae,798645.3933,9727507.5,10.9,11.94,8.8,20141003,False,P,P08,11.3,11.3,feldpausch_regional,0.18,default,-1.0,10.72,11.17,10.9,False,P,11.94,measured,10.72,11.798044651907118,0.3877,24.3598,13.4195,13.4195,23.3071,12.8192,12.8192,
TAC_A01,130,Theobroma glaucum,Malvaceae,798643.5533,9727509.184,9.7,4.61,1.94,20141003,False,O,P08,10.39,10.39,feldpausch_regional,0.18,default,-1.0,9.52,10.25,9.7,False,O,4.61,measured,9.52,4.547605734422747,0.5297,7.6632,7.6632,6.7858,7.2905,7.2905,6.4557,
TAC_A01,131,Euterpe oleracea,Arecaceae,798641.6366,9727510.939,11.2,12.5,9.08,20141003,False,P,P08,11.53,11.53,feldpausch_regional,0.18,default,-1.0,11.02,11.39,11.2,False,P,12.5,measured,11.02,12.355830785679501,0.3877,26.8608,14.4591,14.4591,25.7316,13.8294,13.8294,
TAC_A01,132,Theobroma glaucum,Malvaceae,798638.3399,9727513.956,10.6,8.23,1.75,20141003,False,O,P08,11.08,11.08,feldpausch_regional,0.18,default,-1.0,10.42,10.94,10.6,False,O,8.23,measured,10.42,8.12905895924856,0.5297,16.0431,16.0431,14.2062,15.3298,15.3298,13.5746,
TAC_A01,133,Euterpe oleracea,Arecaceae,798635.9632,9727516.132,12.6,13.0,8.36,20141003,False,P,P08,12.53,12.53,feldpausch_regional,0.18,default,-1.0,12.42,12.4,12.6,False,P,13.0,measured,12.42,12.868680551395977,0.3877,35.1231,19.986,19.986,33.8136,19.211,19.211,
TAC_A01,134,Theobroma glaucum,Malvaceae,798634.1998,9727517.746,10.2,6.9,2.61,20141003,False,O,P08,10.78,10.78,feldpausch_regional,0.18,default,-1.0,10.02,10.64,10.2,False,O,6.9,measured,10.02,6.811671705504889,0.5297,12.5304,12.5304,11.0957,11.9512,11.9512,10.5828,
TAC_A01,135,Euterpe oleracea,Arecaceae,798632.2064,9727519.57,12.2,14.26,10.77,20141003,False,P,P08,12.25,12.25,feldpausch_regional,0.18,default,-1.0,12.02,12.12,12.2,False,P,14.26,measured,12.02,14.11060396599195,0.3877,36.0957,18.2902,18.2902,34.7049,17.5581,17.5581,
TAC_A01,136,Euterpe oleracea,Arecaceae,798632.1298,9727519.641,10.6,4.77,1.87,20141003,False,P,P08,11.08,11.08,feldpausch_regional,0.18,default,-1.0,10.42,10.94,10.6,False,P,4.77,measured,10.42,4.711495897401656,0.3877,9.4209,12.4287,12.4287,9.0021,11.8572,11.8572,
TAC_A01,137,Euterpe oleracea,Arecaceae,798632.0531,9727519.711,8.4,8.6,4.94,20141003,False,P,P08,9.35,9.35,feldpausch_regional,0.18,default,-1.0,8.22,9.2,8.4,False,P,8.6,measured,8.22,8.463639181128723,0.3877,10.6347,6.558,6.558,10.0366,6.179,6.179,
TAC_A01,138,Euterpe oleracea,Arecaceae,798627.3763,9727523.992,6.6,6.57,2.9,20141003,False,P,P08,7.81,7.81,feldpausch_regional,0.18,default,-1.0,6.42,7.65,6.6,False,P,6.57,measured,6.42,6.434644153451767,0.3877,5.1069,3.3801,3.3801,4.7412,3.1327,3.1327,
TAC_A01,139,Theobroma glaucum,Malvaceae,798630.1364,9727521.465,6.1,3.35,1.36,20141003,False,O,P08,7.36,7.36,feldpausch_regional,0.18,default,-1.0,5.92,7.2,6.1,False,O,3.35,measured,5.92,3.274880246886327,0.5297,2.2692,2.2692,2.0094,2.0935,2.0935,1.8538,
TAC_A01,140,Euterpe oleracea,Arecaceae,798628.0664,9727523.36,8.3,9.05,5.73,20141003,False,P,P08,9.27,9.27,feldpausch_regional,0.18,default,-1.0,8.12,9.12,8.3,False,P,9.05,measured,8.120000000000001,8.904611767202832,0.3877,10.9192,6.3457,6.3457,10.2977,5.9746,5.9746,
TAC_A01,141,Euterpe oleracea,Arecaceae,798627.9897,9727523.43,10.9,10.81,7.99,20141003,False,P,P08,11.3,11.3,feldpausch_regional,0.18,default,-1.0,10.72,11.17,10.9,False,P,10.81,measured,10.72,10.681479287028138,0.3877,22.1071,13.4195,13.4195,21.1517,12.8192,12.8192,
TAC_A01,144,Theobroma grandiflorum,Malvaceae,798629.6638,9727525.42,11.4,4.02,1.35,20141003,False,O,P08,11.67,11.67,feldpausch_regional,0.18,default,-1.0,11.22,11.54,11.4,False,O,4.02,measured,11.22,3.9745455627738058,0.5297,9.1889,9.1889,8.1368,8.8095,8.8095,7.8008,
TAC_A01,145,Theobroma glaucum,Malvaceae,798631.5078,9727523.738,6.9,3.66,1.48,20141003,False,O,P08,8.08,8.08,feldpausch_regional,0.18,default,-1.0,6.72,7.92,6.9,False,O,3.66,measured,6.720000000000001,3.588128270838873,0.5297,3.1467,3.1467,2.7864,2.9311,2.9311,2.5955,
TAC_A01,146,Theobroma grandiflorum,Malvaceae,798633.9664,9727521.496,18.7,4.12,0.89,20141003,False,O,P08,16.42,16.42,feldpausch_regional,0.18,default,-1.0,18.52,16.32,18.7,False,O,4.12,measured,18.52,4.093640426441637,0.5297,24.7306,24.7306,21.899,24.1165,24.1165,21.3552,
TAC_A01,147,Theobroma glaucum,Malvaceae,798635.7335,9727519.884,5.7,2.22,1.23,20141003,False,O,P08,6.99,6.99,feldpausch_regional,0.18,default,-1.0,5.52,6.83,5.7,False,O,2.22,measured,5.5200000000000005,2.1664673145825732,0.5297,1.3304,1.3304,1.178,1.2202,1.2202,1.0805,
TAC_A01,148,Theobroma grandiflorum,Malvaceae,798637.6543,9727518.132,14.3,5.24,2.61,20141003,False,O,P08,13.69,13.69,feldpausch_regional,0.18,default,-1.0,14.12,13.57,14.3,False,O,5.24,measured,14.120000000000001,5.194175227492962,0.5297,18.5244,18.5244,16.4034,17.9177,17.9177,15.8661,
TAC_A01,149,Theobroma glaucum,Malvaceae,798640.1129,9727515.89,14.4,6.11,2.32,20141003,False,O,P08,13.76,13.76,feldpausch_regional,0.18,default,-1.0,14.22,13.64,14.4,False,O,6.11,measured,14.22,6.056992391785565,0.5297,21.8153,21.8153,19.3174,21.1059,21.1059,18.6893,
TAC_A01,150,Theobroma glaucum,Malvaceae,798643.3398,9727512.947,9.2,2.47,0.69,20141003,False,O,P08,10.0,10.0,feldpausch_regional,0.18,default,-1.0,9.02,9.85,9.2,False,O,2.47,measured,9.02,2.4345585919552497,0.5297,3.7588,3.7588,3.3284,3.5659,3.5659,3.1576,
TAC_A01,151,Theobroma grandiflorum,Malvaceae,798645.4142,9727511.056,14.1,4.7,1.34,20141003,False,O,P08,13.56,13.56,feldpausch_regional,0.18,default,-1.0,13.92,13.44,14.1,False,O,4.7,measured,13.92,4.6582288548154835,0.5297,16.207,16.207,14.3514,15.6685,15.6685,13.8745,
TAC_A01,152,Theobroma glaucum,Malvaceae,798647.2582,9727509.374,8.1,2.57,0.81,20141003,False,O,P08,9.1,9.1,feldpausch_regional,0.18,default,-1.0,7.92,8.95,8.1,False,O,2.57,measured,7.92,2.527597939819307,0.5297,3.0473,3.0473,2.6984,2.8696,2.8696,2.541,
TAC_A01,153,Theobroma grandiflorum,Malvaceae,798649.3326,9727507.482,15.0,7.47,2.14,20141003,False,O,P08,14.15,14.15,feldpausch_regional,0.18,default,-1.0,14.82,14.03,15.0,False,O,7.47,measured,14.82,7.40816634111858,0.5297,28.7443,28.7443,25.4531,27.848,27.848,24.6594,
TAC_A01,154,Theobroma glaucum,Malvaceae,798651.2534,9727505.73,13.1,6.84,2.75,20141003,False,O,P08,12.88,12.88,feldpausch_regional,0.18,default,-1.0,12.92,12.75,13.1,False,O,6.84,measured,12.92,6.7738888108407975,0.5297,20.2483,20.2483,17.9299,19.5228,19.5228,17.2875,
TAC_A01,155,Euterpe oleracea,Arecaceae,798651.4332,9727509.149,9.4,9.81,5.54,20141003,False,P,P08,10.16,10.16,feldpausch_regional,0.18,default,-1.0,9.22,10.01,9.4,False,P,9.81,measured,9.22,9.67253703183962,0.3877,15.0617,8.9335,8.9335,14.3055,8.4712,8.4712,
TAC_A01,156,Euterpe oleracea,Arecaceae,798651.3562,9727509.219,11.3,11.86,7.09,20141003,False,P,P08,11.6,11.6,feldpausch_regional,0.18,default,-1.0,11.12,11.47,11.3,False,P,11.86,measured,11.120000000000001,11.724567243557484,0.3877,25.9643,14.8167,14.8167,24.8826,14.1771,14.1771,
TAC_A01,157,Euterpe oleracea,Arecaceae,798649.3544,9727511.038,11.6,9.07,,20141003,False,P,P08,11.82,11.82,feldpausch_regional,0.18,default,-1.0,11.42,11.69,11.6,False,P,9.07,measured,11.42,8.96942695317052,0.3877,21.0333,15.9231,15.9231,20.1801,15.2532,15.2532,
TAC_A01,158,Euterpe oleracea,Arecaceae,798649.3544,9727511.038,10.5,9.87,6.67,20141003,False,P,P08,11.0,11.0,feldpausch_regional,0.18,default,-1.0,10.32,10.87,10.5,False,P,9.87,measured,10.32,9.74765963247131,0.3877,18.8051,12.1091,12.1091,17.961,11.5471,11.5471,
TAC_A01,159,Euterpe oleracea,Arecaceae,798649.2774,9727511.108,10.0,10.36,6.63,20141003,False,P,P08,10.62,10.62,feldpausch_regional,0.18,default,-1.0,9.82,10.48,10.0,False,P,10.36,measured,9.82,10.224432993838803,0.3877,17.9247,10.5895,10.5895,17.0793,10.0739,10.0739,
TAC_A01,160,Euterpe oleracea,Arecaceae,798649.2004,9727511.178,10.0,10.28,6.53,20141003,False,P,P08,10.62,10.62,feldpausch_regional,0.18,default,-1.0,9.82,10.48,10.0,False,P,10.28,measured,9.82,10.14547984330723,0.3877,17.7896,10.5895,10.5895,16.9506,10.0739,10.0739,
TAC_A01,161,Euterpe oleracea,Arecaceae,798647.1215,9727513.067,11.1,11.29,8.95,20141003,False,P,P08,11.45,11.45,feldpausch_regional,0.18,default,-1.0,10.92,11.32,11.1,False,P,11.29,measured,10.92,11.1584728941657,0.3877,23.8979,14.1071,14.1071,22.8841,13.4873,13.4873,
TAC_A01,162,Theobroma glaucum,Malvaceae,798645.2736,9727514.746,7.4,5.66,2.02,20141003,False,O,P08,8.51,8.51,feldpausch_regional,0.18,default,-1.0,7.22,8.36,7.4,False,O,5.66,measured,7.220000000000001,5.556963204622456,0.5297,5.5201,5.5201,4.8881,5.1676,5.1676,4.5759,
TAC_A01,1,Tectona grandis,Lamiaceae,798302.9728,9728395.39,24.4,19.03,8.77,20141004,False,O,P09,19.5,19.5,feldpausch_regional,0.18,default,-1.0,24.22,19.41,24.4,False,O,19.03,measured,24.22,18.94171075951384,0.6014,185.0878,185.0878,185.5227,181.6058,181.6058,182.0325,
TAC_A01,2,Tectona grandis,Lamiaceae,798298.7051,9728399.667,27.1,18.94,7.97,20141004,False,O,P09,20.81,20.81,feldpausch_regional,0.18,default,-1.0,26.92,20.73,27.1,False,O,18.94,measured,26.92,18.862885115956605,0.6014,226.1203,226.1203,226.6516,222.3109,222.3109,222.8332,
TAC_A01,3,Tectona grandis,Lamiaceae,798294.2974,9728404.085,30.4,18.08,9.19,20141004,False,O,P09,22.3,22.3,feldpausch_regional,0.18,default,-1.0,30.22,22.23,30.4,False,O,18.08,measured,30.22,18.01637686247985,0.6014,270.4304,270.4304,271.0658,266.3955,266.3955,267.0214,
TAC_A01,4,Tectona grandis,Lamiaceae,798290.1697,9728408.221,25.8,17.83,10.8,20141004,False,O,P09,20.19,20.19,feldpausch_regional,0.18,default,-1.0,25.62,20.1,25.8,False,O,17.83,measured,25.62,17.752802757296333,0.6014,193.6717,193.6717,194.1267,190.2355,190.2355,190.6825,
TAC_A01,5,Tectona grandis,Lamiaceae,798285.9719,9728412.428,22.0,18.73,6.96,20141004,False,O,P09,18.26,18.26,feldpausch_regional,0.18,default,-1.0,21.82,18.16,22.0,False,O,18.73,measured,21.82,18.631373876598936,0.6014,148.8904,148.8904,149.2402,145.7687,145.7687,146.1112,
TAC_A01,6,Tectona grandis,Lamiaceae,798289.1399,9728416.187,37.1,19.7,6.41,20141004,False,O,P09,25.01,25.01,feldpausch_regional,0.18,default,-1.0,36.92,24.95,37.1,False,O,19.7,measured,36.92,19.64659912526573,0.6014,433.7881,433.7881,434.8073,428.5525,428.5525,429.5594,
TAC_A01,7,Tectona grandis,Lamiaceae,798293.3963,9728411.998,28.4,18.77,10.1,20141004,False,O,P09,21.41,21.41,feldpausch_regional,0.18,default,-1.0,28.22,21.33,28.4,False,O,18.77,measured,28.22,18.697962322570717,0.6014,245.6061,245.6061,246.1832,241.668,241.668,242.2358,
TAC_A01,8,Tectona grandis,Lamiaceae,798297.5817,9728407.879,27.2,17.29,7.3,20141004,False,O,P09,20.86,20.86,feldpausch_regional,0.18,default,-1.0,27.02,20.77,27.2,False,O,17.29,measured,27.02,17.21992810397882,0.6014,208.3661,208.3661,208.8557,204.8694,204.8694,205.3507,
TAC_A01,9,Tectona grandis,Lamiaceae,798302.0509,9728403.48,25.3,19.18,7.56,20141004,False,O,P09,19.95,19.95,feldpausch_regional,0.18,default,-1.0,25.12,19.86,25.3,False,O,19.18,measured,25.12,19.094913378622483,0.6014,200.1761,200.1761,200.6464,196.5507,196.5507,197.0125,
TAC_A01,10,Tectona grandis,Lamiaceae,798306.4491,9728399.151,34.3,24.5,8.78,20141004,False,O,P09,23.93,23.93,feldpausch_regional,0.18,default,-1.0,34.12,23.86,34.3,False,O,24.5,measured,34.12,24.426298151508956,0.6014,460.4483,460.4483,461.5302,454.4053,454.4053,455.4729,
TAC_A01,11,Tectona grandis,Lamiaceae,798309.925,9728403.06,32.4,18.73,8.03,20141004,False,O,P09,23.15,23.15,feldpausch_regional,0.18,default,-1.0,32.22,23.08,32.4,False,O,18.73,measured,32.22,18.669296192780042,0.6014,316.987,316.987,317.7318,312.5666,312.5666,313.301,
TAC_A01,12,Tectona grandis,Lamiaceae,798305.465,9728407.37,30.5,19.17,6.47,20141004,False,O,P09,22.35,22.35,feldpausch_regional,0.18,default,-1.0,30.32,22.27,30.5,False,O,19.17,measured,30.32,19.102824969748482,0.6014,288.1729,288.1729,288.85,283.8882,283.8882,284.5552,
TAC_A01,13,Tectona grandis,Lamiaceae,798301.0049,9728411.68,34.3,18.78,8.68,20141004,False,O,P09,23.93,23.93,feldpausch_regional,0.18,default,-1.0,34.12,23.86,34.3,False,O,18.78,measured,34.12,18.72350527695258,0.6014,355.2072,355.2072,356.0417,350.5453,350.5453,351.3689,
TAC_A01,14,Tectona grandis,Lamiaceae,798296.6888,9728415.851,26.1,19.5,9.53,20141004,False,O,P09,20.34,20.34,feldpausch_regional,0.18,default,-1.0,25.92,20.25,26.1,False,O,19.5,measured,25.92,19.416779818713607,0.6014,216.1806,216.1806,216.6885,212.3915,212.3915,212.8905,
TAC_A01,15,Tectona grandis,Lamiaceae,798292.4445,9728419.953,29.3,18.52,8.03,20141004,False,O,P09,21.82,21.82,feldpausch_regional,0.18,default,-1.0,29.12,21.74,29.3,False,O,18.52,measured,29.12,18.451683730009563,0.6014,257.6344,257.6344,258.2397,253.6375,253.6375,254.2334,
TAC_A01,16,Tectona grandis,Lamiaceae,798295.6053,9728423.858,27.9,19.14,10.9,20141004,False,O,P09,21.18,21.18,feldpausch_regional,0.18,default,-1.0,27.72,21.1,27.9,False,O,19.14,measured,27.72,19.06487370373755,0.6014,241.7995,241.7995,242.3676,237.849,237.849,238.4079,
TAC_A01,17,Tectona grandis,Lamiaceae,798299.9083,9728419.774,25.0,17.73,5.51,20141004,False,O,P09,19.8,19.8,feldpausch_regional,0.18,default,-1.0,24.82,19.71,25.0,False,O,17.73,measured,24.82,17.650174428947143,0.6014,181.1254,181.1254,181.5509,177.8037,177.8037,178.2215,
TAC_A01,18,Tectona grandis,Lamiaceae,798304.2843,9728415.621,26.1,17.34,7.45,20141004,False,O,P09,20.34,20.34,feldpausch_regional,0.18,default,-1.0,25.92,20.25,26.1,False,O,17.34,measured,25.92,17.265998054179178,0.6014,192.7768,192.7768,193.2298,189.398,189.398,189.843,
TAC_A01,19,Tectona grandis,Lamiaceae,798308.879,9728411.261,25.4,18.58,8.78,20141004,False,O,P09,20.0,20.0,feldpausch_regional,0.18,default,-1.0,25.22,19.91,25.4,False,O,18.58,measured,25.22,18.497977650734803,0.6014,195.5621,195.5621,196.0216,192.035,192.035,192.4862,
TAC_A01,20,Tectona grandis,Lamiaceae,798313.4009,9728406.969,24.1,17.08,9.45,20141004,False,O,P09,19.35,19.35,feldpausch_regional,0.18,default,-1.0,23.92,19.26,24.1,False,O,17.08,measured,23.92,16.999540910293547,0.6014,162.5796,162.5796,162.9616,159.4811,159.4811,159.8558,
TAC_A01,21,Tectona grandis,Lamiaceae,798316.8767,9728410.878,35.9,18.53,11.08,20141004,False,O,P09,24.56,24.56,feldpausch_regional,0.18,default,-1.0,35.72,24.49,35.9,False,O,18.53,measured,35.72,18.47751858483988,0.6014,383.2229,383.2229,384.1233,378.4322,378.4322,379.3213,
TAC_A01,22,Tectona grandis,Lamiaceae,798312.2931,9728415.151,30.2,19.26,5.66,20141004,False,O,P09,22.22,22.22,feldpausch_regional,0.18,default,-1.0,30.02,22.14,30.2,False,O,19.26,measured,30.02,19.191648305125966,0.6014,283.9611,283.9611,284.6282,279.6945,279.6945,280.3517,
TAC_A01,23,Tectona grandis,Lamiaceae,798307.6356,9728419.493,24.6,17.14,11.43,20141004,False,O,P09,19.6,19.6,feldpausch_regional,0.18,default,-1.0,24.42,19.51,24.6,False,O,17.14,measured,24.42,17.061276348625917,0.6014,169.8089,169.8089,170.2079,166.6416,166.6416,167.0331,
TAC_A01,24,Tectona grandis,Lamiaceae,798303.2737,9728423.559,30.4,20.48,11.92,20141004,False,O,P09,22.3,22.3,feldpausch_regional,0.18,default,-1.0,30.22,22.23,30.4,False,O,20.48,measured,30.22,20.407931313251513,0.6014,305.4133,305.4133,306.1309,300.8564,300.8564,301.5633,
TAC_A01,25,Tectona grandis,Lamiaceae,798298.838,9728427.694,28.7,19.45,8.37,20141004,False,O,P09,21.55,21.55,feldpausch_regional,0.18,default,-1.0,28.52,21.47,28.7,False,O,19.45,measured,28.52,19.376340444385225,0.6014,259.5564,259.5564,260.1662,255.4405,255.4405,256.0407,
TAC_A01,26,Tectona grandis,Lamiaceae,798302.0707,9728431.529,31.6,19.36,7.3,20141004,False,O,P09,22.82,22.82,feldpausch_regional,0.18,default,-1.0,31.42,22.74,31.6,False,O,19.36,measured,31.42,19.295187036086674,0.6014,311.7953,311.7953,312.5278,307.3303,307.3303,308.0524,
TAC_A01,27,Tectona grandis,Lamiaceae,798306.5662,9728427.412,27.8,19.05,9.39,20141004,False,O,P09,21.14,21.14,feldpausch_regional,0.18,default,-1.0,27.62,21.05,27.8,False,O,19.05,measured,27.62,18.97488736242026,0.6014,239.0087,239.0087,239.5702,235.0889,235.0889,235.6413,
TAC_A01,28,Tectona grandis,Lamiaceae,798311.0618,9728423.295,23.3,17.55,6.51,20141004,False,O,P09,18.94,18.94,feldpausch_regional,0.18,default,-1.0,23.12,18.85,23.3,False,O,17.55,measured,23.12,17.463830029590056,0.6014,156.2982,156.2982,156.6654,153.2121,153.2121,153.5721,
TAC_A01,29,Tectona grandis,Lamiaceae,798315.7072,9728419.041,27.2,19.17,18.53,20141004,False,O,P09,20.86,20.86,feldpausch_regional,0.18,default,-1.0,27.02,20.77,27.2,False,O,19.17,measured,27.02,19.092308950449624,0.6014,230.4509,230.4509,230.9923,226.5835,226.5835,227.1159,
TAC_A01,30,Tectona grandis,Lamiaceae,798320.3526,9728414.787,30.8,18.92,10.53,20141004,False,O,P09,22.48,22.48,feldpausch_regional,0.18,default,-1.0,30.62,22.4,30.8,False,O,18.92,measured,30.62,18.854529912241265,0.6014,289.9925,289.9925,290.6738,285.7252,285.7252,286.3965,
TAC_A01,1,Tectona grandis,Lamiaceae,796792.2915,9729225.256,25.0,17.41,7.18,20141004,False,O,P10,19.8,19.8,feldpausch_regional,0.18,default,-1.0,24.82,19.71,25.0,False,O,17.41,measured,24.82,17.331615161194005,0.6014,177.9341,177.9341,178.3522,174.6709,174.6709,175.0813,
TAC_A01,2,Tectona grandis,Lamiaceae,796789.7971,9729226.051,17.8,18.36,9.29,20141004,False,O,P10,15.89,15.89,feldpausch_regional,0.18,default,-1.0,17.62,15.78,17.8,False,O,18.36,measured,17.62,18.23548831318013,0.6014,96.5651,96.5651,96.792,94.0415,94.0415,94.2625,
TAC_A01,3,Tectona grandis,Lamiaceae,796787.7823,9729226.693,17.0,17.91,10.98,20141004,False,O,P10,15.41,15.41,feldpausch_regional,0.18,default,-1.0,16.82,15.3,17.0,False,O,17.91,measured,16.82,17.78180505726917,0.6014,86.1625,86.1625,86.3649,83.801,83.801,83.9979,
TAC_A01,4,Tectona grandis,Lamiaceae,796785.2879,9729227.487,22.7,17.88,9.25,20141004,False,O,P10,18.63,18.63,feldpausch_regional,0.18,default,-1.0,22.52,18.54,22.7,False,O,17.88,measured,22.52,17.789367624660322,0.6014,151.2634,151.2634,151.6188,148.1941,148.1941,148.5423,
TAC_A01,5,Tectona grandis,Lamiaceae,796783.465,9729228.068,21.0,19.21,13.21,20141004,False,O,P10,17.72,17.72,feldpausch_regional,0.18,default,-1.0,20.82,17.62,21.0,False,O,19.21,measured,20.82,19.102996372852136,0.6014,139.3656,139.3656,139.693,136.2982,136.2982,136.6184,
TAC_A01,6,Tectona grandis,Lamiaceae,796781.6422,9729228.649,24.0,20.0,11.1,20141004,False,O,P10,19.3,19.3,feldpausch_regional,0.18,default,-1.0,23.82,19.21,24.0,False,O,20.0,measured,23.82,19.90530247822896,0.6014,188.1214,188.1214,188.5634,184.5205,184.5205,184.954,
TAC_A01,7,Tectona grandis,Lamiaceae,796779.4356,9729229.352,14.0,16.93,10.01,20141004,False,O,P10,13.49,13.49,feldpausch_regional,0.18,default,-1.0,13.82,13.37,14.0,False,O,16.93,measured,13.82,16.778304198686495,0.6014,55.8305,55.8305,55.9617,53.9618,53.9618,54.0886,
TAC_A01,8,Tectona grandis,Lamiaceae,796777.0371,9729230.116,17.1,18.15,13.09,20141004,False,O,P10,15.47,15.47,feldpausch_regional,0.18,default,-1.0,16.92,15.36,17.1,False,O,18.15,measured,16.92,18.02097609615797,0.6014,88.2943,88.2943,88.5018,85.8891,85.8891,86.0909,
TAC_A01,9,Tectona grandis,Lamiaceae,796775.1183,9729230.727,20.1,19.42,11.19,20141004,False,O,P10,17.22,17.22,feldpausch_regional,0.18,default,-1.0,19.92,17.12,20.1,False,O,19.42,measured,19.92,19.305986109883726,0.6014,129.3096,129.3096,129.6134,126.3307,126.3307,126.6275,
TAC_A01,10,Tectona grandis,Lamiaceae,796773.0076,9729231.4,16.2,19.46,15.29,20141004,False,O,P10,14.91,14.91,feldpausch_regional,0.18,default,-1.0,16.02,14.8,16.2,False,O,19.46,measured,16.02,19.312652833344753,0.6014,85.0428,85.0428,85.2426,82.5931,82.5931,82.7871,
TAC_A01,11,Tectona grandis,Lamiaceae,796770.9928,9729232.042,23.9,22.67,16.07,20141004,False,O,P10,19.25,19.25,feldpausch_regional,0.18,default,-1.0,23.72,19.16,23.9,False,O,22.67,measured,23.72,22.562107997035117,0.6014,210.8696,210.8696,211.3651,206.8155,206.8155,207.3014,
TAC_A01,12,Tectona grandis,Lamiaceae,796768.6903,9729232.775,16.7,18.61,10.95,20141004,False,O,P10,15.22,15.22,feldpausch_regional,0.18,default,-1.0,16.52,15.11,16.7,False,O,18.61,measured,16.52,18.473993394609703,0.6014,86.3924,86.3924,86.5954,83.9807,83.9807,84.178,
TAC_A01,13,Tectona grandis,Lamiaceae,796766.8674,9729233.356,15.6,14.52,12.47,20141004,False,O,P10,14.54,14.54,feldpausch_regional,0.18,default,-1.0,15.42,14.42,15.6,False,O,14.52,measured,15.42,14.40513454851002,0.6014,59.3635,59.3635,59.503,57.5857,57.5857,57.721,
TAC_A01,14,Tectona grandis,Lamiaceae,796770.2255,9729235.495,10.4,12.06,,20141004,False,O,P10,10.93,10.93,feldpausch_regional,0.18,default,-1.0,10.22,10.79,10.4,False,O,12.06,measured,10.22,11.908913806249812,0.6014,22.4442,22.4442,22.497,21.4269,21.4269,21.4773,
TAC_A01,15,Tectona grandis,Lamiaceae,796772.5968,9729234.743,17.7,20.3,14.85,20141004,False,O,P10,15.83,15.83,feldpausch_regional,0.18,default,-1.0,17.52,15.72,17.7,False,O,20.3,measured,17.52,20.161416232787698,0.6014,105.3466,105.3466,105.5941,102.5774,102.5774,102.8184,
TAC_A01,16,Tectona grandis,Lamiaceae,796774.6837,9729234.081,16.4,17.42,12.92,20141004,False,O,P10,15.04,15.04,feldpausch_regional,0.18,default,-1.0,16.22,14.93,16.4,False,O,17.42,measured,16.22,17.289969991973344,0.6014,78.1806,78.1806,78.3643,75.9569,75.9569,76.1353,
TAC_A01,17,Tectona grandis,Lamiaceae,796776.5808,9729233.479,16.3,16.14,11.92,20141004,False,O,P10,14.98,14.98,feldpausch_regional,0.18,default,-1.0,16.12,14.86,16.3,False,O,16.14,measured,16.12,16.018663248962664,0.6014,71.7075,71.7075,71.876,69.655,69.655,69.8187,
TAC_A01,18,Tectona grandis,Lamiaceae,796778.4779,9729232.878,18.9,19.02,12.69,20141004,False,O,P10,16.54,16.54,feldpausch_regional,0.18,default,-1.0,18.72,16.43,18.9,False,O,19.02,measured,18.72,18.899836130142475,0.6014,112.3631,112.3631,112.6271,109.6036,109.6036,109.8611,
TAC_A01,19,Tectona grandis,Lamiaceae,796782.7463,9729231.524,14.4,16.89,11.62,20141004,False,O,P10,13.76,13.76,feldpausch_regional,0.18,default,-1.0,14.22,13.64,14.4,False,O,16.89,measured,14.22,16.743469966818033,0.6014,58.8506,58.8506,58.9889,56.9369,56.9369,57.0707,
TAC_A01,20,Tectona grandis,Lamiaceae,796785.3074,9729230.712,16.7,18.94,9.23,20141004,False,O,P10,15.22,15.22,feldpausch_regional,0.18,default,-1.0,16.52,15.11,16.7,False,O,18.94,measured,16.52,18.801581670817185,0.6014,87.8873,87.8873,88.0938,85.4339,85.4339,85.6346,
TAC_A01,21,Tectona grandis,Lamiaceae,796788.7222,9729229.629,22.5,22.64,16.0,20141004,False,O,P10,18.53,18.53,feldpausch_regional,0.18,default,-1.0,22.32,18.43,22.5,False,O,22.64,measured,22.32,22.523995973033273,0.6014,187.189,187.189,187.6288,183.3554,183.3554,183.7862,
TAC_A01,22,Tectona grandis,Lamiaceae,796790.9039,9729228.937,13.5,17.38,9.63,20141004,False,O,P10,13.15,13.15,feldpausch_regional,0.18,default,-1.0,13.32,13.03,13.5,False,O,17.38,measured,13.32,17.21766841198332,0.6014,53.3532,53.3532,53.4786,51.4996,51.4996,51.6206,
TAC_A01,23,Tectona grandis,Lamiaceae,796794.8655,9729231.016,21.5,19.7,11.62,20141004,False,O,P10,17.99,17.99,feldpausch_regional,0.18,default,-1.0,21.32,17.9,21.5,False,O,19.7,measured,21.32,19.593338345814953,0.6014,149.5477,149.5477,149.899,146.336,146.336,146.6798,
TAC_A01,24,Tectona grandis,Lamiaceae,796793.4594,9729231.46,21.5,19.64,11.28,20141004,False,O,P10,17.99,17.99,feldpausch_regional,0.18,default,-1.0,21.32,17.9,21.5,False,O,19.64,measured,21.32,19.53366320364496,0.6014,149.1031,149.1031,149.4534,145.901,145.901,146.2438,
TAC_A01,25,Tectona grandis,Lamiaceae,796790.366,9729232.436,16.1,16.87,12.65,20141004,False,O,P10,14.85,14.85,feldpausch_regional,0.18,default,-1.0,15.92,14.74,16.1,False,O,16.87,measured,15.920000000000002,16.741340727132837,0.6014,73.0885,73.0885,73.2602,70.9697,70.9697,71.1364,
TAC_A01,26,Tectona grandis,Lamiaceae,796788.3038,9729233.087,18.1,24.42,14.28,20141004,False,O,P10,16.07,16.07,feldpausch_regional,0.18,default,-1.0,17.92,15.96,18.1,False,O,24.42,measured,17.92,24.25762092262283,0.6014,131.792,131.792,132.1016,128.4069,128.4069,128.7086,
TAC_A01,27,Tectona grandis,Lamiaceae,796786.054,9729233.797,17.6,19.23,8.78,20141004,False,O,P10,15.77,15.77,feldpausch_regional,0.18,default,-1.0,17.42,15.66,17.6,False,O,19.23,measured,17.42,19.097843449792993,0.6014,98.8246,98.8246,99.0568,96.2116,96.2116,96.4376,
TAC_A01,28,Tectona grandis,Lamiaceae,796783.9918,9729234.448,13.9,15.47,9.96,20141004,False,O,P10,13.42,13.42,feldpausch_regional,0.18,default,-1.0,13.72,13.3,13.9,False,O,15.47,measured,13.72,15.33024490879869,0.6014,50.416,50.416,50.5344,48.716,48.716,48.8305,
TAC_A01,29,Tectona grandis,Lamiaceae,796782.2108,9729235.01,21.5,21.28,13.85,20141004,False,O,P10,17.99,17.99,feldpausch_regional,0.18,default,-1.0,21.32,17.9,21.5,False,O,21.28,measured,21.32,21.164783756291484,0.6014,161.243,161.243,161.6218,157.7802,157.7802,158.1509,
TAC_A01,30,Tectona grandis,Lamiaceae,796778.0863,9729236.312,21.7,21.33,13.96,20141004,False,O,P10,18.1,18.1,feldpausch_regional,0.18,default,-1.0,21.52,18.0,21.7,False,O,21.33,measured,21.52,21.215799115870173,0.6014,164.5603,164.5603,164.947,161.0602,161.0602,161.4387,
TAC_A01,31,Tectona grandis,Lamiaceae,796776.024,9729236.963,19.6,17.92,13.53,20141004,False,O,P10,16.94,16.94,feldpausch_regional,0.18,default,-1.0,19.42,16.84,19.6,False,O,17.92,measured,19.42,17.811578586405787,0.6014,113.8158,113.8158,114.0832,111.1242,111.1242,111.3853,
TAC_A01,32,Tectona grandis,Lamiaceae,796774.0555,9729237.584,22.8,20.7,13.1,20141004,False,O,P10,18.68,18.68,feldpausch_regional,0.18,default,-1.0,22.62,18.59,22.8,False,O,20.7,measured,22.62,20.595634053190885,0.6014,176.0097,176.0097,176.4232,172.4546,172.4546,172.8598,
TAC_A01,33,Tectona grandis,Lamiaceae,796772.087,9729238.206,16.6,16.73,7.9,20141004,False,O,P10,15.16,15.16,feldpausch_regional,0.18,default,-1.0,16.42,15.05,16.6,False,O,16.73,measured,16.42,16.606872808111707,0.6014,76.9562,76.9562,77.137,74.7946,74.7946,74.9703,
TAC_A01,34,Tectona grandis,Lamiaceae,796770.306,9729238.768,18.9,17.83,10.37,20141004,False,O,P10,16.54,16.54,feldpausch_regional,0.18,default,-1.0,18.72,16.43,18.9,False,O,17.83,measured,18.72,17.717354269213477,0.6014,105.4964,105.4964,105.7443,102.9056,102.9056,103.1474,
TAC_A01,35,Tectona grandis,Lamiaceae,796767.7751,9729239.566,15.2,17.34,14.18,20141004,False,O,P10,14.28,14.28,feldpausch_regional,0.18,default,-1.0,15.02,14.16,15.2,False,O,17.34,measured,15.02,17.19864320805574,0.6014,67.1014,67.1014,67.259,65.0373,65.0373,65.1901,
TAC_A01,36,Tectona grandis,Lamiaceae,796769.4977,9729242.879,16.7,20.55,13.98,20141004,False,O,P10,15.22,15.22,feldpausch_regional,0.18,default,-1.0,16.52,15.11,16.7,False,O,20.55,measured,16.52,20.399815382011255,0.6014,95.1716,95.1716,95.3953,92.5149,92.5149,92.7322,
TAC_A01,37,Tectona grandis,Lamiaceae,796769.0356,9729243.024,14.8,16.14,8.81,20141004,False,O,P10,14.02,14.02,feldpausch_regional,0.18,default,-1.0,14.62,13.9,14.8,False,O,16.14,measured,14.620000000000001,16.00431757770132,0.6014,59.3917,59.3917,59.5312,57.514,57.514,57.6491,
TAC_A01,38,Tectona grandis,Lamiaceae,796773.6571,9729241.574,19.2,19.1,10.79,20141004,False,O,P10,16.71,16.71,feldpausch_regional,0.18,default,-1.0,19.02,16.61,19.2,False,O,19.1,measured,19.02,18.981566858586426,0.6014,116.3465,116.3465,116.6198,113.5355,113.5355,113.8023,
TAC_A01,39,Tectona grandis,Lamiaceae,796775.8754,9729240.878,19.4,19.43,9.03,20141004,False,O,P10,16.83,16.83,feldpausch_regional,0.18,default,-1.0,19.22,16.72,19.4,False,O,19.43,measured,19.22,19.310997082576222,0.6014,120.7255,120.7255,121.0092,117.84,117.84,118.1169,
TAC_A01,40,Tectona grandis,Lamiaceae,796777.8164,9729240.269,17.0,24.09,9.42,20141004,False,O,P10,15.41,15.41,feldpausch_regional,0.18,default,-1.0,16.82,15.3,17.0,False,O,24.09,measured,16.82,23.917570286410626,0.6014,115.072,115.072,115.3424,111.9182,111.9182,112.1812,
TAC_A01,41,Tectona grandis,Lamiaceae,796779.8499,9729239.63,15.7,20.01,11.94,20141004,False,O,P10,14.6,14.6,feldpausch_regional,0.18,default,-1.0,15.52,14.48,15.7,False,O,20.01,measured,15.52,19.85287151082083,0.6014,82.2004,82.2004,82.3935,79.7548,79.7548,79.9422,
TAC_A01,42,Tectona grandis,Lamiaceae,796781.6985,9729239.05,15.4,18.73,8.85,20141004,False,O,P10,14.41,14.41,feldpausch_regional,0.18,default,-1.0,15.22,14.29,15.4,False,O,18.73,measured,15.22,18.579600805293857,0.6014,74.2161,74.2161,74.3905,71.9637,71.9637,72.1328,
TAC_A01,43,Tectona grandis,Lamiaceae,796783.732,9729238.412,21.3,20.63,12.33,20141004,False,O,P10,17.88,17.88,feldpausch_regional,0.18,default,-1.0,21.12,17.79,21.3,False,O,20.63,measured,21.12,20.517035139949687,0.6014,153.6063,153.6063,153.9672,150.2751,150.2751,150.6282,
TAC_A01,44,Tectona grandis,Lamiaceae,796785.7654,9729237.774,21.3,19.14,11.52,20141004,False,O,P10,17.88,17.88,feldpausch_regional,0.18,default,-1.0,21.12,17.79,21.3,False,O,19.14,measured,21.12,19.03519401738425,0.6014,142.7687,142.7687,143.1041,139.6726,139.6726,140.0007,
TAC_A01,45,Tectona grandis,Lamiaceae,796787.7989,9729237.136,17.5,19.59,18.92,20141004,False,O,P10,15.71,15.71,feldpausch_regional,0.18,default,-1.0,17.32,15.6,17.5,False,O,19.59,measured,17.32,19.454465053275698,0.6014,99.5168,99.5168,99.7507,96.8699,96.8699,97.0975,
TAC_A01,46,Tectona grandis,Lamiaceae,796790.4794,9729236.295,22.5,21.85,11.48,20141004,False,O,P10,18.53,18.53,feldpausch_regional,0.18,default,-1.0,22.32,18.43,22.5,False,O,21.85,measured,22.32,21.738043816730436,0.6014,180.8113,180.8113,181.2361,177.1083,177.1083,177.5244,
TAC_A01,47,Tectona grandis,Lamiaceae,796791.8658,9729235.86,14.8,17.08,10.03,20141004,False,O,P10,14.02,14.02,feldpausch_regional,0.18,default,-1.0,14.62,13.9,14.8,False,O,17.08,measured,14.620000000000001,16.936415379624442,0.6014,62.7653,62.7653,62.9128,60.781,60.781,60.9238,
TAC_A01,48,Tectona grandis,Lamiaceae,796793.9917,9729235.193,19.7,18.9,11.75,20141004,False,O,P10,17.0,17.0,feldpausch_regional,0.18,default,-1.0,19.52,16.89,19.7,False,O,18.9,measured,19.52,18.786341364600286,0.6014,121.0836,121.0836,121.3681,118.2353,118.2353,118.5131,
TAC_A01,49,Tectona grandis,Lamiaceae,796796.3025,9729234.468,17.2,17.73,8.77,20141004,False,O,P10,15.53,15.53,feldpausch_regional,0.18,default,-1.0,17.02,15.42,17.2,False,O,17.73,measured,17.02,17.60481977326657,0.6014,87.2875,87.2875,87.4926,84.9239,84.9239,85.1235,
TAC_A01,50,Tectona grandis,Lamiaceae,796797.6632,9729237.277,21.3,18.71,13.2,20141004,False,O,P10,17.88,17.88,feldpausch_regional,0.18,default,-1.0,21.12,17.79,21.3,False,O,18.71,measured,21.12,18.607548592751268,0.6014,139.6374,139.6374,139.9655,136.6092,136.6092,136.9301,
TAC_A01,51,Tectona grandis,Lamiaceae,796795.3796,9729237.99,18.5,16.68,11.4,20141004,False,O,P10,16.31,16.31,feldpausch_regional,0.18,default,-1.0,18.32,16.2,18.5,False,O,16.68,measured,18.32,16.571914883153894,0.6014,94.8076,94.8076,95.0304,92.427,92.427,92.6442,
TAC_A01,52,Tectona grandis,Lamiaceae,796793.4613,9729238.589,18.9,19.01,14.98,20141004,False,O,P10,16.54,16.54,feldpausch_regional,0.18,default,-1.0,18.72,16.43,18.9,False,O,19.01,measured,18.72,18.88989930778173,0.6014,112.3054,112.3054,112.5693,109.5473,109.5473,109.8047,
TAC_A01,53,Tectona grandis,Lamiaceae,796789.9902,9729239.673,19.8,20.32,10.98,20141004,False,O,P10,17.05,17.05,feldpausch_regional,0.18,default,-1.0,19.62,16.95,19.8,False,O,20.32,measured,19.62,20.198538291504146,0.6014,131.2456,131.2456,131.5539,128.1744,128.1744,128.4756,
TAC_A01,54,Tectona grandis,Lamiaceae,796787.5239,9729240.443,19.5,20.26,12.69,20141004,False,O,P10,16.88,16.88,feldpausch_regional,0.18,default,-1.0,19.32,16.78,19.5,False,O,20.26,measured,19.32,20.13667119606649,0.6014,127.0247,127.0247,127.3232,124.0048,124.0048,124.2962,
TAC_A01,55,Tectona grandis,Lamiaceae,796786.1537,9729240.871,14.0,16.6,8.7,20141004,False,O,P10,13.49,13.49,feldpausch_regional,0.18,default,-1.0,13.82,13.37,14.0,False,O,16.6,measured,13.82,16.451261057188177,0.6014,54.7682,54.7682,54.8968,52.935,52.935,53.0594,
TAC_A01,56,Tectona grandis,Lamiaceae,796784.0528,9729241.527,16.9,20.99,9.31,20141004,False,O,P10,15.35,15.35,feldpausch_regional,0.18,default,-1.0,16.72,15.24,16.9,False,O,20.99,measured,16.72,20.83871882477428,0.6014,99.4442,99.4442,99.6779,96.7021,96.7021,96.9293,
TAC_A01,57,Tectona grandis,Lamiaceae,796782.0432,9729242.154,16.5,19.54,11.9,20141004,False,O,P10,15.1,15.1,feldpausch_regional,0.18,default,-1.0,16.32,14.99,16.5,False,O,19.54,measured,16.32,19.395175135198627,0.6014,88.4976,88.4976,88.7056,85.9962,85.9962,86.1983,
TAC_A01,58,Tectona grandis,Lamiaceae,796779.9422,9729242.81,20.2,20.03,12.2,20141004,False,O,P10,17.28,17.28,feldpausch_regional,0.18,default,-1.0,20.02,17.18,20.2,False,O,20.03,measured,20.02,19.91310140149579,0.6014,134.5697,134.5697,134.8858,131.4856,131.4856,131.7945,
TAC_A01,59,Tectona grandis,Lamiaceae,796777.9326,9729243.438,18.1,18.83,9.6,20141004,False,O,P10,16.07,16.07,feldpausch_regional,0.18,default,-1.0,17.92,15.96,18.1,False,O,18.83,measured,17.92,18.704791235585088,0.6014,102.2594,102.2594,102.4997,99.6328,99.6328,99.8669,
TAC_A01,60,Tectona grandis,Lamiaceae,796775.7403,9729244.122,14.6,17.63,12.87,20141004,False,O,P10,13.89,13.89,feldpausch_regional,0.18,default,-1.0,14.42,13.77,14.6,False,O,17.63,measured,14.42,17.47945401428834,0.6014,63.0405,63.0405,63.1886,61.0194,61.0194,61.1628,
TAC_A01,61,Tectona grandis,Lamiaceae,796774.3702,9729244.55,16.0,20.49,13.59,20141004,False,O,P10,14.79,14.79,feldpausch_regional,0.18,default,-1.0,15.82,14.68,16.0,False,O,20.49,measured,15.82,20.33259730275312,0.6014,87.2907,87.2907,87.4958,84.7438,84.7438,84.9429,
TAC_A01,62,Tectona grandis,Lamiaceae,796772.2692,9729245.206,16.9,18.32,9.65,20141004,False,O,P10,15.35,15.35,feldpausch_regional,0.18,default,-1.0,16.72,15.24,16.9,False,O,18.32,measured,16.72,18.187962309188414,0.6014,87.0785,87.0785,87.2831,84.6773,84.6773,84.8763,
TAC_A01,63,Tectona grandis,Lamiaceae,796773.8853,9729247.989,21.6,19.05,9.13,20141004,False,O,P10,18.05,18.05,feldpausch_regional,0.18,default,-1.0,21.42,17.95,21.6,False,O,19.05,measured,21.42,18.947434676927884,0.6014,146.0468,146.0468,146.3899,142.9254,142.9254,143.2612,
TAC_A01,64,Tectona grandis,Lamiaceae,796775.329,9729247.541,18.7,16.14,9.58,20141004,False,O,P10,16.42,16.42,feldpausch_regional,0.18,default,-1.0,18.52,16.32,18.7,False,O,16.14,measured,18.52,16.03673701038059,0.6014,93.7582,93.7582,93.9785,91.4301,91.4301,91.6449,
TAC_A01,65,Tectona grandis,Lamiaceae,796777.4042,9729246.897,16.1,18.02,11.67,20141004,False,O,P10,14.85,14.85,feldpausch_regional,0.18,default,-1.0,15.92,14.74,16.1,False,O,18.02,measured,15.920000000000002,17.88257023728119,0.6014,77.9474,77.9474,78.1305,75.6877,75.6877,75.8655,
TAC_A01,66,,,796779.5697,9729246.224,13.2,13.09,,20141004,True,O,P10,12.95,12.95,feldpausch_regional,0.18,default,-1.0,13.02,12.82,13.2,True,O,13.09,measured,13.02,12.96456916769171,0.544,38.7217,28.765,28.765,37.3451,27.7663,27.7663,
TAC_A01,67,Tectona grandis,Lamiaceae,796781.284,9729245.692,16.2,17.01,7.5,20141004,False,O,P10,14.91,14.91,feldpausch_regional,0.18,default,-1.0,16.02,14.8,16.2,False,O,17.01,measured,16.02,16.881203735621494,0.6014,74.5764,74.5764,74.7516,72.4282,72.4282,72.5984,
TAC_A01,68,Tectona grandis,Lamiaceae,796783.4495,9729245.019,16.6,15.18,6.11,20141004,False,O,P10,15.16,15.16,feldpausch_regional,0.18,default,-1.0,16.42,15.05,16.6,False,O,15.18,measured,16.42,15.06828028853172,0.6014,69.9895,69.9895,70.154,68.0235,68.0235,68.1834,
TAC_A01,69,Tectona grandis,Lamiaceae,796785.3443,9729244.43,15.1,16.9,6.55,20141004,False,O,P10,14.21,14.21,feldpausch_regional,0.18,default,-1.0,14.92,14.1,15.1,False,O,16.9,measured,14.92,16.76117651876928,0.6014,64.6013,64.6013,64.7531,62.6006,62.6006,62.7477,
TAC_A01,70,Tectona grandis,Lamiaceae,796787.6903,9729243.702,18.6,18.53,12.49,20141004,False,O,P10,16.36,16.36,feldpausch_regional,0.18,default,-1.0,18.42,16.26,18.6,False,O,18.53,measured,18.42,18.410690646089275,0.6014,106.1687,106.1687,106.4181,103.5177,103.5177,103.7609,
TAC_A01,71,Tectona grandis,Lamiaceae,796789.1339,9729243.253,16.0,16.68,12.69,20141004,False,O,P10,14.79,14.79,feldpausch_regional,0.18,default,-1.0,15.82,14.68,16.0,False,O,16.68,measured,15.82,16.551865447043536,0.6014,71.4112,71.4112,71.579,69.3276,69.3276,69.4905,
TAC_A01,72,Tectona grandis,Lamiaceae,796791.1189,9729242.637,22.4,19.08,12.92,20141004,False,O,P10,18.47,18.47,feldpausch_regional,0.18,default,-1.0,22.22,18.38,22.4,False,O,19.08,measured,22.22,18.981705642918595,0.6014,157.0324,157.0324,157.4014,153.8014,153.8014,154.1628,
TAC_A01,73,Tectona grandis,Lamiaceae,796793.4649,9729241.908,19.2,19.26,13.37,20141004,False,O,P10,16.71,16.71,feldpausch_regional,0.18,default,-1.0,19.02,16.61,19.2,False,O,19.26,measured,19.02,19.140574748501287,0.6014,117.2976,117.2976,117.5732,114.4637,114.4637,114.7326,
TAC_A01,74,Tectona grandis,Lamiaceae,796795.089,9729241.404,21.9,20.45,14.33,20141004,False,O,P10,18.21,18.21,feldpausch_regional,0.18,default,-1.0,21.72,18.11,21.9,False,O,20.45,measured,21.72,20.341720481626613,0.6014,160.7845,160.7845,161.1623,157.3974,157.3974,157.7672,
TAC_A01,75,Tectona grandis,Lamiaceae,796797.1642,9729240.759,14.0,12.12,8.68,20141004,False,O,P10,13.49,13.49,feldpausch_regional,0.18,default,-1.0,13.82,13.37,14.0,False,O,12.12,measured,13.82,12.011402651392812,0.6014,40.2904,40.2904,40.385,38.9418,38.9418,39.0333,
TAC_A01,76,Tectona grandis,Lamiaceae,796798.9688,9729240.199,15.6,17.17,8.87,20141004,False,O,P10,14.54,14.54,feldpausch_regional,0.18,default,-1.0,15.42,14.42,15.6,False,O,17.17,measured,15.42,17.034170812528725,0.6014,69.9159,69.9159,70.0801,67.822,67.822,67.9814,
TAC_A01,77,Tectona grandis,Lamiaceae,796800.2744,9729243.121,19.0,15.67,8.85,20141004,False,O,P10,16.6,16.6,feldpausch_regional,0.18,default,-1.0,18.82,16.49,19.0,False,O,15.67,measured,18.82,15.571618766405319,0.6014,93.9669,93.9669,94.1877,91.6718,91.6718,91.8872,
TAC_A01,78,Tectona grandis,Lamiaceae,796798.4031,9729243.699,21.6,16.81,11.5,20141004,False,O,P10,18.05,18.05,feldpausch_regional,0.18,default,-1.0,21.42,17.95,21.6,False,O,16.81,measured,21.42,16.719494851399354,0.6014,129.2613,129.2613,129.565,126.4987,126.4987,126.7959,
TAC_A01,79,Tectona grandis,Lamiaceae,796796.5317,9729244.277,18.2,21.54,10.27,20141004,False,O,P10,16.13,16.13,feldpausch_regional,0.18,default,-1.0,18.02,16.02,18.2,False,O,21.54,measured,18.02,21.39769948770269,0.6014,117.8604,117.8604,118.1373,114.8503,114.8503,115.1202,
TAC_A01,80,Tectona grandis,Lamiaceae,796794.2148,9729244.992,14.9,13.94,9.38,20141004,False,O,P10,14.08,14.08,feldpausch_regional,0.18,default,-1.0,14.72,13.97,14.9,False,O,13.94,measured,14.72,13.823717335825934,0.6014,52.158,52.158,52.2805,50.5204,50.5204,50.6391,
TAC_A01,81,Tectona grandis,Lamiaceae,796790.5613,9729246.121,15.1,14.63,7.87,20141004,False,O,P10,14.21,14.21,feldpausch_regional,0.18,default,-1.0,14.92,14.1,15.1,False,O,14.63,measured,14.92,14.509823223052935,0.6014,56.118,56.118,56.2498,54.3801,54.3801,54.5078,
TAC_A01,82,Tectona grandis,Lamiaceae,796788.9573,9729246.617,17.5,18.1,8.45,20141004,False,O,P10,15.71,15.71,feldpausch_regional,0.18,default,-1.0,17.32,15.6,17.5,False,O,18.1,measured,17.32,17.974773734777447,0.6014,92.1224,92.1224,92.3388,89.6722,89.6722,89.8829,
TAC_A01,83,Tectona grandis,Lamiaceae,796786.7295,9729247.305,12.9,15.52,10.51,20141004,False,O,P10,12.74,12.74,feldpausch_regional,0.18,default,-1.0,12.72,12.62,12.9,False,O,15.52,measured,12.72,15.367349953880533,0.6014,43.7162,43.7162,43.8189,42.125,42.125,42.224,
TAC_A01,84,,,796785.0363,9729247.828,12.8,10.4,,20141004,True,O,P10,12.67,12.67,feldpausch_regional,0.18,default,-1.0,12.62,12.55,12.8,True,O,10.4,measured,12.620000000000001,10.296801944990309,0.544,29.1312,22.4085,22.4085,28.0625,21.6057,21.6057,
TAC_A01,85,Tectona grandis,Lamiaceae,796782.9868,9729248.461,14.5,17.65,12.47,20141004,False,O,P10,13.82,13.82,feldpausch_regional,0.18,default,-1.0,14.32,13.7,14.5,False,O,17.65,measured,14.32,17.498088348691446,0.6014,62.2693,62.2693,62.4156,60.2588,60.2588,60.4004,
TAC_A01,86,Tectona grandis,Lamiaceae,796781.0263,9729249.066,17.6,17.44,13.77,20141004,False,O,P10,15.77,15.77,feldpausch_regional,0.18,default,-1.0,17.42,15.66,17.6,False,O,17.44,measured,17.42,17.320145073551213,0.6014,89.8361,89.8361,90.0472,87.4607,87.4607,87.6662,
TAC_A01,87,Tectona grandis,Lamiaceae,796778.5312,9729249.837,16.9,16.43,9.42,20141004,False,O,P10,15.35,15.35,feldpausch_regional,0.18,default,-1.0,16.72,15.24,16.9,False,O,16.43,measured,16.72,16.311584101526506,0.6014,78.2993,78.2993,78.4833,76.1402,76.1402,76.3191,
TAC_A01,88,Tectona grandis,Lamiaceae,796776.8381,9729250.36,18.5,18.39,12.15,20141004,False,O,P10,16.31,16.31,feldpausch_regional,0.18,default,-1.0,18.32,16.2,18.5,False,O,18.39,measured,18.32,18.270834214700248,0.6014,104.2826,104.2826,104.5276,101.664,101.664,101.9029,
TAC_A01,89,Tectona grandis,Lamiaceae,796775.4123,9729250.801,22.0,18.12,13.4,20141004,False,O,P10,18.26,18.26,feldpausch_regional,0.18,default,-1.0,21.82,18.16,22.0,False,O,18.12,measured,21.82,18.024585939347183,0.6014,144.1558,144.1558,144.4945,141.1334,141.1334,141.465,
TAC_A01,90,Tectona grandis,Lamiaceae,796777.0295,9729253.584,17.8,18.71,12.78,20141004,False,O,P10,15.89,15.89,feldpausch_regional,0.18,default,-1.0,17.62,15.78,17.8,False,O,18.71,measured,17.62,18.5831147243791,0.6014,98.3614,98.3614,98.5925,95.7908,95.7908,96.0159,
TAC_A01,91,Tectona grandis,Lamiaceae,796778.7014,9729253.07,12.8,14.3,8.75,20141004,False,O,P10,12.67,12.67,feldpausch_regional,0.18,default,-1.0,12.62,12.55,12.8,False,O,14.3,measured,12.620000000000001,14.158102674361674,0.6014,39.7505,39.7505,39.8439,38.2921,38.2921,38.3821,
TAC_A01,92,Tectona grandis,Lamiaceae,796780.7253,9729252.448,21.3,18.7,12.61,20141004,False,O,P10,17.88,17.88,feldpausch_regional,0.18,default,-1.0,21.12,17.79,21.3,False,O,18.7,measured,21.12,18.597603350317943,0.6014,139.5645,139.5645,139.8925,136.5379,136.5379,136.8587,
TAC_A01,93,,,796782.7492,9729251.827,11.0,13.85,,20141004,True,O,P10,11.38,11.38,feldpausch_regional,0.18,default,-1.0,10.82,11.24,11.0,True,O,13.85,measured,10.82,13.687008165257074,0.544,28.6625,20.9195,20.9195,27.4353,20.0454,20.0454,
TAC_A01,94,Tectona grandis,Lamiaceae,796786.5329,9729250.664,12.5,15.82,9.34,20141004,False,O,P10,12.46,12.46,feldpausch_regional,0.18,default,-1.0,12.32,12.33,12.5,False,O,15.82,measured,12.32,15.658747069836233,0.6014,41.8846,41.8846,41.983,40.3103,40.3103,40.405,
TAC_A01,95,Tectona grandis,Lamiaceae,796788.4688,9729250.07,14.8,15.09,10.28,20141004,False,O,P10,14.02,14.02,feldpausch_regional,0.18,default,-1.0,14.62,13.9,14.8,False,O,15.09,measured,14.620000000000001,14.963144501085061,0.6014,55.6176,55.6176,55.7483,53.8592,53.8592,53.9858,
TAC_A01,96,Tectona grandis,Lamiaceae,796790.5807,9729249.421,12.9,18.72,11.34,20141004,False,O,P10,12.74,12.74,feldpausch_regional,0.18,default,-1.0,12.72,12.62,12.9,False,O,18.72,measured,12.72,18.53587571756724,0.6014,52.4931,52.4931,52.6164,50.5825,50.5825,50.7014,
TAC_A01,97,Tectona grandis,Lamiaceae,796791.9886,9729248.989,20.7,15.73,13.1,20141004,False,O,P10,17.56,17.56,feldpausch_regional,0.18,default,-1.0,20.52,17.46,20.7,False,O,15.73,measured,20.52,15.64085072664902,0.6014,111.4916,111.4916,111.7535,109.0006,109.0006,109.2567,
TAC_A01,98,Tectona grandis,Lamiaceae,796793.7485,9729248.448,18.3,16.32,8.72,20141004,False,O,P10,16.19,16.19,feldpausch_regional,0.18,default,-1.0,18.12,16.08,18.3,False,O,16.32,measured,18.12,16.21287996463235,0.6014,90.8615,90.8615,91.075,88.5542,88.5542,88.7622,
TAC_A01,99,Tectona grandis,Lamiaceae,796796.2124,9729247.691,13.3,13.07,8.42,20141004,False,O,P10,13.02,13.02,feldpausch_regional,0.18,default,-1.0,13.12,12.89,13.3,False,O,13.07,measured,13.120000000000001,12.94583148327578,0.6014,39.2377,39.2377,39.3299,37.8535,37.8535,37.9425,
TAC_A01,100,Tectona grandis,Lamiaceae,796797.6203,9729247.259,11.6,13.97,9.52,20141004,False,O,P10,11.82,11.82,feldpausch_regional,0.18,default,-1.0,11.42,11.69,11.6,False,O,13.97,measured,11.42,13.815093113097262,0.6014,32.0623,32.0623,32.1376,30.7617,30.7617,30.834,
TAC_A01,101,Tectona grandis,Lamiaceae,796799.7321,9729246.61,14.5,14.7,7.2,20141004,False,O,P10,13.82,13.82,feldpausch_regional,0.18,default,-1.0,14.32,13.7,14.5,False,O,14.7,measured,14.32,14.573478681346417,0.6014,52.0898,52.0898,52.2122,50.408,50.408,50.5264,
TAC_A01,102,Tectona grandis,Lamiaceae,796801.58,9729246.042,15.5,16.54,9.68,20141004,False,O,P10,14.47,14.47,feldpausch_regional,0.18,default,-1.0,15.32,14.36,15.5,False,O,16.54,measured,15.32,16.408176897027797,0.6014,66.57,66.57,66.7265,64.5631,64.5631,64.7148,
TAC_A01,103,Tectona grandis,Lamiaceae,796802.8857,9729248.964,13.0,14.66,10.31,20141004,False,O,P10,12.81,12.81,feldpausch_regional,0.18,default,-1.0,12.82,12.68,13.0,False,O,14.66,measured,12.82,14.517066873475994,0.6014,41.9783,41.9783,42.0769,40.4624,40.4624,40.5575,
TAC_A01,104,Tectona grandis,Lamiaceae,796800.8875,9729249.574,13.8,16.34,7.46,20141004,False,O,P10,13.36,13.36,feldpausch_regional,0.18,default,-1.0,13.62,13.23,13.8,False,O,16.34,measured,13.620000000000001,16.19116225980523,0.6014,52.4371,52.4371,52.5603,50.6559,50.6559,50.7749,
TAC_A01,105,Tectona grandis,Lamiaceae,796799.2368,9729250.079,16.3,14.98,5.75,20141004,False,O,P10,14.98,14.98,feldpausch_regional,0.18,default,-1.0,16.12,14.86,16.3,False,O,14.98,measured,16.12,14.867383858083068,0.6014,66.6731,66.6731,66.8297,64.7647,64.7647,64.9168,
TAC_A01,106,Tectona grandis,Lamiaceae,796796.978,9729250.768,15.0,13.6,7.11,20141004,False,O,P10,14.15,14.15,feldpausch_regional,0.18,default,-1.0,14.82,14.03,15.0,False,O,13.6,measured,14.82,13.487424663883893,0.6014,51.5852,51.5852,51.7064,49.9766,49.9766,50.0941,
TAC_A01,107,Tectona grandis,Lamiaceae,796795.2404,9729251.299,18.8,15.25,6.63,20141004,False,O,P10,16.48,16.48,feldpausch_regional,0.18,default,-1.0,18.62,16.38,18.8,False,O,15.25,measured,18.62,15.153045978982133,0.6014,89.6372,89.6372,89.8478,87.4237,87.4237,87.6291,
TAC_A01,108,Tectona grandis,Lamiaceae,796793.2422,9729251.909,27.4,19.83,12.49,20141004,False,O,P10,20.95,20.95,feldpausch_regional,0.18,default,-1.0,27.22,20.87,27.4,False,O,19.83,measured,27.22,19.750371057878453,0.6014,241.6222,241.6222,242.1899,237.5985,237.5985,238.1568,
TAC_A01,109,Tectona grandis,Lamiaceae,796791.3309,9729252.493,17.2,15.64,8.08,20141004,False,O,P10,15.53,15.53,feldpausch_regional,0.18,default,-1.0,17.02,15.42,17.2,False,O,15.64,measured,17.02,15.529575930845413,0.6014,77.2302,77.2302,77.4117,75.139,75.139,75.3156,
TAC_A01,110,Tectona grandis,Lamiaceae,796789.6802,9729252.997,14.5,16.05,7.49,20141004,False,O,P10,13.82,13.82,feldpausch_regional,0.18,default,-1.0,14.32,13.7,14.5,False,O,16.05,measured,14.32,15.91185937657211,0.6014,56.7538,56.7538,56.8871,54.9213,54.9213,55.0504,
TAC_A01,111,Tectona grandis,Lamiaceae,796787.9426,9729253.528,14.7,13.12,5.99,20141004,False,O,P10,13.95,13.95,feldpausch_regional,0.18,default,-1.0,14.52,13.84,14.7,False,O,13.12,measured,14.52,13.008841667381782,0.6014,47.8815,47.8815,47.994,46.3571,46.3571,46.466,
TAC_A01,112,Tectona grandis,Lamiaceae,796785.7707,9729254.191,16.6,16.38,6.09,20141004,False,O,P10,15.16,15.16,feldpausch_regional,0.18,default,-1.0,16.42,15.05,16.6,False,O,16.38,measured,16.42,16.259448690787192,0.6014,75.3845,75.3845,75.5616,73.267,73.267,73.4391,
TAC_A01,113,Tectona grandis,Lamiaceae,796783.9463,9729254.748,16.0,13.62,8.04,20141004,False,O,P10,14.79,14.79,feldpausch_regional,0.18,default,-1.0,15.82,14.68,16.0,False,O,13.62,measured,15.82,13.51537214560749,0.6014,58.5949,58.5949,58.7326,56.8853,56.8853,57.0189,
TAC_A01,114,Tectona grandis,Lamiaceae,796781.7743,9729255.412,14.9,12.14,6.98,20141004,False,O,P10,14.08,14.08,feldpausch_regional,0.18,default,-1.0,14.72,13.97,14.9,False,O,12.14,measured,14.72,12.038732313983276,0.6014,45.5741,45.5741,45.6811,44.1432,44.1432,44.2469,
TAC_A01,115,Tectona grandis,Lamiaceae,796780.1236,9729255.916,14.3,16.22,12.35,20141004,False,O,P10,13.69,13.69,feldpausch_regional,0.18,default,-1.0,14.12,13.57,14.3,False,O,16.22,measured,14.120000000000001,16.07815308968241,0.6014,55.8067,55.8067,55.9378,53.979,53.979,54.1058,
TAC_A01,116,Tectona grandis,Lamiaceae,796778.4729,9729256.42,15.2,15.53,10.73,20141004,False,O,P10,14.28,14.28,feldpausch_regional,0.18,default,-1.0,15.02,14.16,15.2,False,O,15.53,measured,15.02,15.403398444123736,0.6014,60.2563,60.2563,60.3979,58.4029,58.4029,58.5401,
TAC_A01,1,Elaeis oleifera,Arecaceae,797470.8498,9728947.311,83.5,11.96,4.14,20141006,False,P,P11,36.61,36.61,feldpausch_regional,0.18,default,-1.0,83.32,36.58,83.5,False,P,11.96,measured,83.32,11.950440039883514,0.544,1298.5489,3613.6628,3613.6628,1292.0816,3592.294,3592.294,
TAC_A01,2,Elaeis oleifera,Arecaceae,797456.1869,9728953.995,95.2,10.4,3.75,20141006,False,P,P11,38.34,38.34,feldpausch_regional,0.18,default,-1.0,95.02,38.32,95.2,False,P,10.4,measured,95.02,10.393410781139167,0.544,1463.4725,5181.6086,5181.6086,1457.1744,5154.7276,5154.7276,
TAC_A01,3,Elaeis oleifera,Arecaceae,797450.7458,9728961.557,108.9,9.9,2.68,20141006,False,P,P11,40.0,40.0,feldpausch_regional,0.18,default,-1.0,108.72,39.98,108.9,False,P,9.9,measured,108.72,9.895127897490317,0.544,1813.3392,7497.9131,7497.9131,1806.625,7463.902,7463.902,
TAC_A01,4,Elaeis oleifera,Arecaceae,797465.4647,9728954.818,82.4,10.05,2.81,20141006,False,P,P11,36.43,36.43,feldpausch_regional,0.18,default,-1.0,82.22,36.4,82.4,False,P,10.05,measured,82.22,10.041781474714115,0.544,1067.738,3484.3313,3484.3313,1062.3412,3463.4528,3463.4528,
TAC_A01,5,Elaeis oleifera,Arecaceae,797474.9274,9728955.627,10.4,12.32,2.8,20141006,False,P,P11,10.93,10.93,feldpausch_regional,0.18,default,-1.0,10.22,10.79,10.4,False,P,12.32,measured,10.22,12.165656558291682,0.544,22.9164,11.7948,11.7948,21.8777,11.2422,11.2422,
TAC_A01,6,Elaeis oleifera,Arecaceae,797460.2017,9728962.509,85.2,12.86,4.72,20141006,False,P,P11,36.88,36.88,feldpausch_regional,0.18,default,-1.0,85.02,36.85,85.2,False,P,12.86,measured,85.02,12.85007312623805,0.544,1449.7662,3819.4763,3819.4763,1442.7057,3797.3403,3797.3403,
TAC_A01,7,Elaeis oleifera,Arecaceae,797469.3794,9728963.451,82.0,11.44,2.62,20141006,False,P,P11,36.36,36.36,feldpausch_regional,0.18,default,-1.0,81.82,36.33,82.0,False,P,11.44,measured,81.82,11.430566464677371,0.544,1200.1876,3438.0429,3438.0429,1194.0885,3417.3415,3417.3415,
TAC_A01,8,Elaeis oleifera,Arecaceae,797478.4676,9728964.293,103.8,11.15,2.88,20141006,False,P,P11,39.42,39.42,feldpausch_regional,0.18,default,-1.0,103.62,39.4,103.8,False,P,11.15,measured,103.61999999999999,11.143984392936671,0.544,1854.4631,6571.914,6571.914,1847.2178,6540.6407,6540.6407,
TAC_A01,9,Elaeis oleifera,Arecaceae,797464.2984,9728971.196,99.5,10.2,3.47,20141006,False,P,P11,38.9,38.9,feldpausch_regional,0.18,default,-1.0,99.32,38.88,99.5,False,P,10.2,measured,99.32,10.194042149174978,0.544,1565.3271,5850.5117,5850.5117,1558.9151,5821.4701,5821.4701,
TAC_A01,10,Elaeis oleifera,Arecaceae,797459.3994,9728978.996,93.3,9.39,3.2,20141006,False,P,P11,38.08,38.08,feldpausch_regional,0.18,default,-1.0,93.12,38.05,93.3,False,P,9.39,measured,93.11999999999999,9.383829052368627,0.544,1273.4775,4902.3284,4902.3284,1267.8723,4876.3792,4876.3792,
TAC_A01,11,Elaeis oleifera,Arecaceae,797473.294,9728972.084,103.3,11.49,3.38,20141006,False,P,P11,39.37,39.37,feldpausch_regional,0.18,default,-1.0,103.12,39.34,103.3,False,P,11.49,measured,103.11999999999999,11.483744034775691,0.544,1891.72,6485.278,6485.278,1884.2891,6454.2679,6454.2679,
TAC_A01,1,Swietenia macrophylla ,Meliaceae,797767.1269,9728855.402,19.0,10.03,3.66,20141007,False,O,P12,16.6,16.6,feldpausch_regional,0.18,default,-1.0,18.82,16.49,19.0,False,O,10.03,measured,18.82,9.967028476518529,0.5195,60.7935,60.7935,52.8239,59.3087,59.3087,51.5337,
TAC_A01,2,Theobroma glaucum,Malvaceae,797762.5053,9728857.252,15.0,4.23,1.68,20141007,False,O,P12,14.15,14.15,feldpausch_regional,0.18,default,-1.0,14.82,14.03,15.0,False,O,4.23,measured,14.82,4.194985759428594,0.5297,16.5006,16.5006,14.6113,15.9861,15.9861,14.1557,
TAC_A01,3,Theobroma glaucum,Malvaceae,797757.8837,9728859.102,14.6,4.2,1.26,20141007,False,O,P12,13.89,13.89,feldpausch_regional,0.18,default,-1.0,14.42,13.77,14.6,False,O,4.2,measured,14.42,4.164135386274023,0.5297,15.5442,15.5442,13.7644,15.0459,15.0459,13.3231,
TAC_A01,4,Swietenia macrophylla ,Meliaceae,797753.3565,9728860.915,21.8,9.75,4.88,20141007,False,O,P12,18.15,18.15,feldpausch_regional,0.18,default,-1.0,21.62,18.06,21.8,False,O,9.75,measured,21.62,9.69808824254106,0.5195,77.3386,77.3386,67.2,75.7015,75.7015,65.7775,
TAC_A01,5,Theobroma glaucum,Malvaceae,797748.5463,9728862.841,8.8,1.6,1.46,20141007,False,O,P12,9.68,9.68,feldpausch_regional,0.18,default,-1.0,8.62,9.53,8.8,False,O,1.6,measured,8.620000000000001,1.5758917739091407,0.5297,2.2559,2.2559,1.9976,2.1348,2.1348,1.8904,
TAC_A01,6,Theobroma glaucum,Malvaceae,797744.0191,9728864.653,8.4,2.14,1.68,20141007,False,O,P12,9.35,9.35,feldpausch_regional,0.18,default,-1.0,8.22,9.2,8.4,False,O,2.14,measured,8.22,2.106068354373892,0.5297,2.7361,2.7361,2.4229,2.5823,2.5823,2.2866,
TAC_A01,7,Swietenia macrophylla ,Meliaceae,797739.3947,9728866.715,17.0,8.84,2.9,20141007,False,O,P12,15.41,15.41,feldpausch_regional,0.18,default,-1.0,16.82,15.3,17.0,False,O,8.84,measured,16.82,8.77672566757451,0.5195,43.2548,43.2548,37.5844,42.0693,42.0693,36.5543,
TAC_A01,8,Theobroma glaucum,Malvaceae,797740.9943,9728869.956,8.7,2.97,1.41,20141007,False,O,P12,9.6,9.6,feldpausch_regional,0.18,default,-1.0,8.52,9.45,8.7,False,O,2.97,measured,8.52,2.924684249283228,0.5297,4.0347,4.0347,3.5727,3.8157,3.8157,3.3788,
TAC_A01,9,Theobroma glaucum,Malvaceae,797745.9772,9728867.978,10.5,3.04,0.96,20141007,False,O,P12,11.0,11.0,feldpausch_regional,0.18,default,-1.0,10.32,10.87,10.5,False,O,3.04,measured,10.32,3.0023186709942027,0.5297,5.9581,5.9581,5.2759,5.6906,5.6906,5.0391,
TAC_A01,10,Theobroma glaucum,Malvaceae,797750.396,9728866.224,6.9,2.82,1.26,20141007,False,O,P12,8.08,8.08,feldpausch_regional,0.18,default,-1.0,6.72,7.92,6.9,False,O,2.82,measured,6.720000000000001,2.7646234217938854,0.5297,2.4397,2.4397,2.1604,2.2726,2.2726,2.0124,
TAC_A01,11,Theobroma glaucum,Malvaceae,797755.1908,9728864.32,8.7,3.11,1.16,20141007,False,O,P12,9.6,9.6,feldpausch_regional,0.18,default,-1.0,8.52,9.45,8.7,False,O,3.11,measured,8.52,3.0625481532898444,0.5297,4.2202,4.2202,3.737,3.9911,3.9911,3.5341,
TAC_A01,12,Theobroma glaucum,Malvaceae,797759.7036,9728862.529,13.3,3.43,0.91,20141007,False,O,P12,13.02,13.02,feldpausch_regional,0.18,default,-1.0,13.12,12.89,13.3,False,O,3.43,measured,13.120000000000001,3.3974140770953274,0.5297,10.6333,10.6333,9.4158,10.2581,10.2581,9.0836,
TAC_A01,13,Theobroma glaucum,Malvaceae,797764.0284,9728860.812,6.4,2.97,1.4,20141007,False,O,P12,7.64,7.64,feldpausch_regional,0.18,default,-1.0,6.22,7.47,6.4,False,O,2.97,measured,6.220000000000001,2.9067500645240996,0.5297,2.2158,2.2158,1.9621,2.0522,2.0522,1.8172,
TAC_A01,14,Theobroma glaucum,Malvaceae,797768.8233,9728858.909,9.5,2.89,0.87,20141007,False,O,P12,10.23,10.23,feldpausch_regional,0.18,default,-1.0,9.32,10.09,9.5,False,O,2.89,measured,9.32,2.8499740594881806,0.5297,4.6646,4.6646,4.1305,4.4329,4.4329,3.9253,
TAC_A01,15,Theobroma glaucum,Malvaceae,797770.4761,9728862.326,7.6,2.11,0.84,20141007,False,O,P12,8.68,8.68,feldpausch_regional,0.18,default,-1.0,7.42,8.53,7.6,False,O,2.11,measured,7.42,2.0726853831292384,0.5297,2.2198,2.2198,1.9656,2.0817,2.0817,1.8434,
TAC_A01,16,Theobroma glaucum,Malvaceae,797765.784,9728864.386,8.1,3.08,1.22,20141007,False,O,P12,9.1,9.1,feldpausch_regional,0.18,default,-1.0,7.92,8.95,8.1,False,O,3.08,measured,7.92,3.0291835232075743,0.5297,3.6362,3.6362,3.2199,3.4241,3.4241,3.032,
TAC_A01,17,Theobroma glaucum,Malvaceae,797761.5619,9728866.26,7.4,2.69,1.42,20141007,False,O,P12,8.51,8.51,feldpausch_regional,0.18,default,-1.0,7.22,8.36,7.4,False,O,2.69,measured,7.220000000000001,2.6410302156244536,0.5297,2.6708,2.6708,2.365,2.5002,2.5002,2.2139,
TAC_A01,18,Theobroma glaucum,Malvaceae,797757.1584,9728867.992,5.0,3.52,1.81,20141007,False,O,P12,6.33,6.33,feldpausch_regional,0.18,default,-1.0,4.82,6.15,5.0,False,O,3.52,measured,4.82,3.4223931366653395,0.5297,1.6154,1.6154,1.4304,1.4631,1.4631,1.2956,
TAC_A01,19,Theobroma glaucum,Malvaceae,797757.3457,9728867.918,7.4,1.36,1.06,20141007,False,O,P12,8.51,8.51,feldpausch_regional,0.18,default,-1.0,7.22,8.36,7.4,False,O,1.36,measured,7.220000000000001,1.3352420421000957,0.5297,1.3726,1.3726,1.2154,1.2849,1.2849,1.1378,
TAC_A01,20,Theobroma glaucum,Malvaceae,797754.8201,9728868.7,1.6,4.35,1.86,20141007,False,O,P12,2.59,2.59,feldpausch_regional,0.18,default,-1.0,1.42,2.35,1.6,False,O,4.35,measured,1.4200000000000002,3.9532435679216387,0.5297,0.2148,0.2148,0.1902,0.155,0.155,0.1373,
TAC_A01,21,Theobroma glaucum,Malvaceae,797747.8857,9728871.428,9.7,4.18,1.4,20141007,False,O,P12,10.39,10.39,feldpausch_regional,0.18,default,-1.0,9.52,10.25,9.7,False,O,4.18,measured,9.52,4.123425589997198,0.5297,6.9648,6.9648,6.1673,6.626,6.626,5.8673,
TAC_A01,22,Theobroma glaucum,Malvaceae,797742.9192,9728873.382,11.0,3.78,1.35,20141007,False,O,P12,11.38,11.38,feldpausch_regional,0.18,default,-1.0,10.82,11.24,11.0,False,O,3.78,measured,10.82,3.7355155858968763,0.5297,8.0703,8.0703,7.1463,7.7248,7.7248,6.8403,
TAC_A01,23,Tabebuia chrysotricha,,797744.7501,9728876.845,7.3,2.98,1.23,20141007,False,O,P12,8.43,8.43,feldpausch_regional,0.18,default,-1.0,7.12,8.27,7.3,False,O,2.98,measured,7.12,2.924944357123795,0.7598,2.8741,2.8741,3.6188,2.688,2.688,3.3845,
TAC_A01,24,Theobroma glaucum,Malvaceae,797749.5135,9728874.988,9.0,2.94,0.97,20141007,False,O,P12,9.84,9.84,feldpausch_regional,0.18,default,-1.0,8.82,9.69,9.0,False,O,2.94,measured,8.82,2.896781693738137,0.5297,4.2682,4.2682,3.7795,4.0443,4.0443,3.5812,
TAC_A01,25,Theobroma glaucum,Malvaceae,797753.9032,9728873.277,13.2,4.38,1.58,20141007,False,O,P12,12.95,12.95,feldpausch_regional,0.18,default,-1.0,13.02,12.82,13.2,False,O,4.38,measured,13.02,4.338030019441534,0.5297,13.3015,13.3015,11.7785,12.8286,12.8286,11.3597,
TAC_A01,26,Tabebuia chrysotricha,,797758.76,9728871.383,6.0,3.43,1.47,20141007,False,O,P12,7.27,7.27,feldpausch_regional,0.18,default,-1.0,5.82,7.11,6.0,False,O,3.43,measured,5.82,3.3517103415639493,0.7598,2.2483,2.2483,2.8309,2.0713,2.0713,2.608,
TAC_A01,27,Theobroma glaucum,Malvaceae,797763.1498,9728869.672,9.0,4.48,2.1,20141007,False,O,P12,9.84,9.84,feldpausch_regional,0.18,default,-1.0,8.82,9.69,9.0,False,O,4.48,measured,8.82,4.414143533315257,0.5297,6.4386,6.4386,5.7014,6.1008,6.1008,5.4022,
TAC_A01,28,Theobroma glaucum,Malvaceae,797767.5396,9728867.961,10.1,3.84,1.65,20141007,False,O,P12,10.7,10.7,feldpausch_regional,0.18,default,-1.0,9.92,10.56,10.1,False,O,3.84,measured,9.92,3.7903027874087964,0.5297,6.9375,6.9375,6.1432,6.6136,6.6136,5.8563,
TAC_A01,29,Tabebuia chrysotricha,,797772.303,9728866.104,7.0,4.54,2.05,20141007,False,O,P12,8.17,8.17,feldpausch_regional,0.18,default,-1.0,6.82,8.01,7.0,False,O,4.54,measured,6.82,4.452223703055607,0.7598,3.9937,3.9937,5.0285,3.7241,3.7241,4.689,
TAC_A01,30,Theobroma glaucum,Malvaceae,797773.9559,9728869.521,11.4,3.52,1.11,20141007,False,O,P12,11.67,11.67,feldpausch_regional,0.18,default,-1.0,11.22,11.54,11.4,False,O,3.52,measured,11.22,3.4801990997422383,0.5297,8.0717,8.0717,7.1475,7.7384,7.7384,6.8524,
TAC_A01,31,Theobroma glaucum,Malvaceae,797769.7168,9728871.266,16.6,3.53,1.23,20141007,False,O,P12,15.16,15.16,feldpausch_regional,0.18,default,-1.0,16.42,15.05,16.6,False,O,3.53,measured,16.42,3.5040203833015133,0.5297,16.8554,16.8554,14.9255,16.382,16.382,14.5063,
TAC_A01,32,Theobroma glaucum,Malvaceae,797766.3163,9728872.685,13.5,3.93,1.52,20141007,False,O,P12,13.15,13.15,feldpausch_regional,0.18,default,-1.0,13.32,13.03,13.5,False,O,3.93,measured,13.32,3.8932932600169416,0.5297,12.5026,12.5026,11.071,12.0682,12.0682,10.6864,
TAC_A01,33,Theobroma glaucum,Malvaceae,797760.8239,9728874.807,7.5,2.39,1.4,20141007,False,O,P12,8.6,8.6,feldpausch_regional,0.18,default,-1.0,7.32,8.44,7.5,False,O,2.39,measured,7.32,2.3471209808035667,0.5297,2.4428,2.4428,2.1631,2.2889,2.2889,2.0268,
TAC_A01,34,Theobroma glaucum,Malvaceae,797756.1244,9728876.517,12.9,4.51,1.14,20141007,False,O,P12,12.74,12.74,feldpausch_regional,0.18,default,-1.0,12.72,12.62,12.9,False,O,4.51,measured,12.72,4.465640998195954,0.5297,13.086,13.086,11.5877,12.6097,12.6097,11.1659,
TAC_A01,35,Theobroma glaucum,Malvaceae,797751.7941,9728878.295,12.3,4.2,1.26,20141007,False,O,P12,12.32,12.32,feldpausch_regional,0.18,default,-1.0,12.12,12.19,12.3,False,O,4.2,measured,12.120000000000001,4.156401968027647,0.5297,11.1236,11.1236,9.85,10.6986,10.6986,9.4736,
TAC_A01,36,Theobroma glaucum,Malvaceae,797746.5809,9728880.309,7.3,1.9,1.06,20141007,False,O,P12,8.43,8.43,feldpausch_regional,0.18,default,-1.0,7.12,8.27,7.3,False,O,1.9,measured,7.12,1.864897408904433,0.5297,1.8524,1.8524,1.6403,1.7325,1.7325,1.5341,
TAC_A01,37,Theobroma glaucum,Malvaceae,797748.3203,9728883.599,9.9,3.25,1.6,20141007,False,O,P12,10.55,10.55,feldpausch_regional,0.18,default,-1.0,9.72,10.41,9.9,False,O,3.25,measured,9.72,3.2069953601865913,0.5297,5.6694,5.6694,5.0203,5.3993,5.3993,4.7811,
TAC_A01,38,Theobroma glaucum,Malvaceae,797753.6077,9728881.784,7.9,3.01,1.3,20141007,False,O,P12,8.94,8.94,feldpausch_regional,0.18,default,-1.0,7.72,8.79,7.9,False,O,3.01,measured,7.720000000000001,2.95896559556463,0.5297,3.3862,3.3862,2.9985,3.1836,3.1836,2.8191,
TAC_A01,39,Theobroma glaucum,Malvaceae,797757.9685,9728880.115,7.7,2.16,0.81,20141007,False,O,P12,8.77,8.77,feldpausch_regional,0.18,default,-1.0,7.52,8.62,7.7,False,O,2.16,measured,7.5200000000000005,2.122340341079541,0.5297,2.3298,2.3298,2.063,2.1868,2.1868,1.9364,
TAC_A01,40,Theobroma glaucum,Malvaceae,797762.6076,9728878.34,12.8,3.36,1.51,20141007,False,O,P12,12.67,12.67,feldpausch_regional,0.18,default,-1.0,12.62,12.55,12.8,False,O,3.36,measured,12.620000000000001,3.3266590899199455,0.5297,9.6703,9.6703,8.5631,9.3156,9.3156,8.2489,
TAC_A01,41,Theobroma glaucum,Malvaceae,797767.154,9728876.6,7.2,2.08,0.91,20141007,False,O,P12,8.34,8.34,feldpausch_regional,0.18,default,-1.0,7.02,8.18,7.2,False,O,2.08,measured,7.0200000000000005,2.040993095643918,0.5297,1.9697,1.9697,1.7442,1.8404,1.8404,1.6297,
TAC_A01,42,Theobroma glaucum,Malvaceae,797771.422,9728874.967,10.6,3.11,1.16,20141007,False,O,P12,11.08,11.08,feldpausch_regional,0.18,default,-1.0,10.42,10.94,10.6,False,O,3.11,measured,10.42,3.071855815706321,0.5297,6.2057,6.2057,5.4952,5.9298,5.9298,5.2509,
TAC_A01,43,Theobroma glaucum,Malvaceae,797775.7828,9728873.298,9.8,2.84,0.65,20141007,False,O,P12,10.47,10.47,feldpausch_regional,0.18,default,-1.0,9.62,10.33,9.8,False,O,2.84,measured,9.620000000000001,2.8019956636362604,0.5297,4.8727,4.8727,4.3148,4.6382,4.6382,4.1071,
TAC_A01,44,Swietenia macrophylla ,Meliaceae,797777.5227,9728876.895,19.7,10.78,4.73,20141007,False,O,P12,17.0,17.0,feldpausch_regional,0.18,default,-1.0,19.52,16.89,19.7,False,O,10.78,measured,19.52,10.715172482031274,0.5195,69.9995,69.9995,60.823,68.3528,68.3528,59.3922,
TAC_A01,45,Theobroma glaucum,Malvaceae,797773.1764,9728878.543,10.2,2.53,1.58,20141007,False,O,P12,10.78,10.78,feldpausch_regional,0.18,default,-1.0,10.02,10.64,10.2,False,O,2.53,measured,10.02,2.4976129586851252,0.5297,4.7065,4.7065,4.1676,4.4889,4.4889,3.9749,
TAC_A01,46,Theobroma glaucum,Malvaceae,797769.8473,9728879.805,10.8,3.72,1.58,20141007,False,O,P12,11.23,11.23,feldpausch_regional,0.18,default,-1.0,10.62,11.09,10.8,False,O,3.72,measured,10.620000000000001,3.675315283668899,0.5297,7.6657,7.6657,6.788,7.3313,7.3313,6.4919,
TAC_A01,47,Swietenia macrophylla ,Meliaceae,797764.2988,9728881.908,16.8,9.26,5.36,20141007,False,O,P12,15.29,15.29,feldpausch_regional,0.18,default,-1.0,16.62,15.18,16.8,False,O,9.26,measured,16.62,9.192795841126241,0.5195,44.2259,44.2259,38.4282,42.9989,42.9989,37.362,
TAC_A01,48,Theobroma glaucum,Malvaceae,797759.7676,9728883.625,11.7,3.38,1.6,20141007,False,O,P12,11.89,11.89,feldpausch_regional,0.18,default,-1.0,11.52,11.76,11.7,False,O,3.38,measured,11.52,3.34288044644438,0.5297,8.1617,8.1617,7.2272,7.8335,7.8335,6.9366,
TAC_A01,49,Theobroma glaucum,Malvaceae,797755.4213,9728885.273,12.7,3.38,1.6,20141007,False,O,P12,12.6,12.6,feldpausch_regional,0.18,default,-1.0,12.52,12.48,12.7,False,O,3.38,measured,12.52,3.3461612049899307,0.5297,9.5787,9.5787,8.482,9.2245,9.2245,8.1683,
TAC_A01,50,Swietenia macrophylla ,Meliaceae,797750.4277,9728887.165,20.7,11.49,4.82,20141007,False,O,P12,17.56,17.56,feldpausch_regional,0.18,default,-1.0,20.52,17.46,20.7,False,O,11.49,measured,20.52,11.424880791430214,0.5195,82.0554,82.0554,71.2985,80.2221,80.2221,69.7055,
TAC_A01,51,Theobroma glaucum,Malvaceae,797751.7074,9728890.006,12.2,3.75,1.51,20141007,False,O,P12,12.25,12.25,feldpausch_regional,0.18,default,-1.0,12.02,12.12,12.2,False,O,3.75,measured,12.02,3.710712824156369,0.5297,9.8014,9.8014,8.6792,9.4238,9.4238,8.3448,
TAC_A01,52,Theobroma glaucum,Malvaceae,797762.1316,9728885.876,5.7,2.54,1.64,20141007,False,O,P12,6.99,6.99,feldpausch_regional,0.18,default,-1.0,5.52,6.83,5.7,False,O,2.54,measured,5.5200000000000005,2.4787508914593404,0.5297,1.5172,1.5172,1.3435,1.3915,1.3915,1.2322,
TAC_A01,53,,,797762.1316,9728885.876,5.7,2.65,,20141007,True,O,P12,6.99,6.99,feldpausch_regional,0.18,default,-1.0,5.52,6.83,5.7,True,O,2.65,measured,5.5200000000000005,2.586098371010729,0.544,1.5813,1.4522,1.4522,1.4503,1.335,1.335,
TAC_A01,54,Theobroma glaucum,Malvaceae,797770.249,9728882.821,10.1,3.27,1.77,20141007,False,O,P12,10.7,10.7,feldpausch_regional,0.18,default,-1.0,9.92,10.56,10.1,False,O,3.27,measured,9.92,3.2276797174028036,0.5297,5.9305,5.9305,5.2515,5.6536,5.6536,5.0063,
TAC_A01,55,Theobroma glaucum,Malvaceae,797774.5844,9728881.19,13.4,1.72,0.39,20141007,False,O,P12,13.08,13.08,feldpausch_regional,0.18,default,-1.0,13.22,12.96,13.4,False,O,1.72,measured,13.22,1.7037982965478726,0.5297,5.501,5.501,4.8712,5.3085,5.3085,4.7006,
TAC_A01,56,Theobroma glaucum,Malvaceae,797778.8276,9728879.593,5.6,1.71,0.66,20141007,False,O,P12,6.9,6.9,feldpausch_regional,0.18,default,-1.0,5.42,6.73,5.6,False,O,1.71,measured,5.42,1.6679777023127837,0.5297,0.9962,0.9962,0.8821,0.9122,0.9122,0.8077,
TAC_A01,1,Euterpe oleracea,Arecaceae,797968.0115,9729045.783,8.5,8.62,4.38,20141008,False,P,P13,9.43,9.43,feldpausch_regional,0.18,default,-1.0,8.32,9.29,8.5,False,P,8.62,measured,8.32,8.485081486759162,0.3877,10.9079,6.7748,6.7748,10.3017,6.3878,6.3878,
TAC_A01,2,,,797967.9574,9729045.918,8.7,1.85,,20141008,True,O,P13,9.6,9.6,feldpausch_regional,0.18,default,-1.0,8.52,9.45,8.7,True,O,1.85,measured,8.52,1.8217730172302935,0.544,2.5419,2.5214,2.5214,2.4039,2.3879,2.3879,
TAC_A01,3,Euterpe oleracea,Arecaceae,797967.9166,9729045.832,5.6,5.82,1.64,20141008,False,P,P13,6.9,6.9,feldpausch_regional,0.18,default,-1.0,5.42,6.73,5.6,False,P,5.82,measured,5.42,5.676976741204913,0.3877,3.2922,2.1519,2.1519,3.0147,1.9671,1.9671,
TAC_A01,4,Euterpe oleracea,Arecaceae,797967.8217,9729045.882,6.7,6.47,1.81,20141008,False,P,P13,7.9,7.9,feldpausch_regional,0.18,default,-1.0,6.52,7.74,6.7,False,P,6.47,measured,6.5200000000000005,6.338848396065987,0.3877,5.1809,3.5227,3.5227,4.8154,3.2687,3.2687,
TAC_A01,5,Euterpe oleracea,Arecaceae,797967.632,9729045.981,8.1,8.42,3.72,20141008,False,P,P13,9.1,9.1,feldpausch_regional,0.18,default,-1.0,7.92,8.95,8.1,False,P,8.42,measured,7.92,8.281079631625902,0.3877,9.7035,5.9343,5.9343,9.1375,5.5788,5.5788,
TAC_A01,6,Euterpe oleracea,Arecaceae,797964.8801,9729047.416,5.6,3.8,1.35,20141008,False,P,P13,6.9,6.9,feldpausch_regional,0.18,default,-1.0,5.42,6.73,5.6,False,P,3.8,measured,5.42,3.7066171162506305,0.3877,2.1717,2.1519,2.1519,1.9886,1.9671,1.9671,
TAC_A01,7,Euterpe oleracea,Arecaceae,797964.8272,9729047.55,5.5,3.76,1.14,20141008,False,P,P13,6.81,6.81,feldpausch_regional,0.18,default,-1.0,5.32,6.64,5.5,False,P,3.76,measured,5.32,3.665804542214169,0.3877,2.0751,2.0479,2.0479,1.897,1.869,1.869,
TAC_A01,8,Euterpe oleracea,Arecaceae,797962.4988,9729048.871,6.3,5.21,1.37,20141008,False,P,P13,7.54,7.54,feldpausch_regional,0.18,default,-1.0,6.12,7.38,6.3,False,P,5.21,measured,6.12,5.097151068397434,0.3877,3.7188,2.9744,2.9744,3.4399,2.7467,2.7467,
TAC_A01,9,Euterpe oleracea,Arecaceae,797961.697,9729049.183,7.8,8.11,3.66,20141008,False,P,P13,8.85,8.85,feldpausch_regional,0.18,default,-1.0,7.62,8.7,7.8,False,P,8.11,measured,7.62,7.970573885421622,0.3877,8.6903,5.3496,5.3496,8.1638,5.0171,5.0171,
TAC_A01,10,Euterpe oleracea,Arecaceae,797960.2232,9729050.058,7.3,7.84,4.04,20141008,False,P,P13,8.43,8.43,feldpausch_regional,0.18,default,-1.0,7.12,8.27,7.3,False,P,7.84,measured,7.12,7.6951556241109245,0.3877,7.3879,4.4591,4.4591,6.9096,4.1634,4.1634,
TAC_A01,11,Ximenia americana,Olacaceae,797957.9923,9729051.327,19.2,10.09,4.72,20141008,False,O,P13,16.71,16.71,feldpausch_regional,0.18,default,-1.0,19.02,16.61,19.2,False,O,10.09,measured,19.02,10.027435057755865,0.8667,62.4112,62.4112,89.3574,60.9033,60.9033,87.1985,
TAC_A01,12,Euterpe oleracea,Arecaceae,797953.0185,9729053.604,5.7,8.7,2.78,20141008,False,P,P13,6.99,6.99,feldpausch_regional,0.18,default,-1.0,5.52,6.83,5.7,False,P,8.7,measured,5.5200000000000005,8.49020974633711,0.3877,5.0454,2.2592,2.2592,4.6275,2.0685,2.0685,
TAC_A01,13,Ximenia americana,Olacaceae,797951.5475,9729054.477,28.8,13.2,4.34,20141008,False,O,P13,21.59,21.59,feldpausch_regional,0.18,default,-1.0,28.62,21.51,28.8,False,O,13.2,measured,28.62,13.150230224788853,0.8667,179.009,179.009,256.2967,176.1809,176.1809,252.2474,
TAC_A01,14,Ximenia americana,Olacaceae,797948.7967,9729055.911,20.4,11.96,3.84,20141008,False,O,P13,17.39,17.39,feldpausch_regional,0.18,default,-1.0,20.22,17.29,20.4,False,O,11.96,measured,20.22,11.891018630362236,0.8667,82.9324,82.9324,118.7387,81.0512,81.0512,116.0452,
TAC_A01,16,Euterpe oleracea,Arecaceae,797947.371,9729056.445,6.8,7.05,3.37,20141008,False,P,P13,7.99,7.99,feldpausch_regional,0.18,default,-1.0,6.62,7.83,6.8,False,P,7.05,measured,6.62,6.909358166936152,0.3877,5.799,3.6691,3.6691,5.3959,3.4083,3.4083,
TAC_A01,17,Cordia goeldiana,Boraginaceae,797946.2812,9729057.118,25.9,13.2,5.58,20141008,False,O,P13,20.24,20.24,feldpausch_regional,0.18,default,-1.0,25.72,20.15,25.9,False,O,13.2,measured,25.72,13.143123577829622,0.498,145.5131,145.5131,121.3172,142.9419,142.9419,119.1735,
TAC_A01,18,Clarisia racemosa,Moraceae,797945.9016,9729057.316,13.7,10.75,7.71,20141008,False,O,P13,13.29,13.29,feldpausch_regional,0.18,default,-1.0,13.52,13.17,13.7,False,O,10.75,measured,13.52,10.651263785573507,0.5854,34.3553,34.3553,33.5408,33.1796,33.1796,32.3929,
TAC_A01,19,Clarisia racemosa,Moraceae,797945.8067,9729057.366,8.2,5.99,4.41,20141008,False,O,P13,9.19,9.19,feldpausch_regional,0.18,default,-1.0,8.02,9.04,8.2,False,O,5.99,measured,8.02,5.892487294581963,0.5854,7.1284,7.1284,6.9594,6.7177,6.7177,6.5584,
TAC_A01,20,Clarisia racemosa,Moraceae,797945.7613,9729057.494,7.7,6.7,4.06,20141008,False,O,P13,8.77,8.77,feldpausch_regional,0.18,default,-1.0,7.52,8.62,7.7,False,O,6.7,measured,7.5200000000000005,6.583185317237464,0.5854,7.033,7.033,6.8662,6.6013,6.6013,6.4448,
TAC_A01,21,Clarisia racemosa,Moraceae,797943.7191,9729058.455,6.6,5.25,2.75,20141008,False,O,P13,7.81,7.81,feldpausch_regional,0.18,default,-1.0,6.42,7.65,6.6,False,O,5.25,measured,6.42,5.141838935406663,0.5854,4.1029,4.1029,4.0056,3.8091,3.8091,3.7188,
TAC_A01,22,Clarisia racemosa,Moraceae,797943.7191,9729058.455,13.7,8.25,2.75,20141008,False,O,P13,13.29,13.29,feldpausch_regional,0.18,default,-1.0,13.52,13.17,13.7,False,O,8.25,measured,13.52,8.17422569590525,0.5854,26.5337,26.5337,25.9046,25.6257,25.6257,25.0181,
TAC_A01,23,Euterpe oleracea,Arecaceae,797941.8212,9729059.445,7.3,5.79,2.58,20141008,False,P,P13,8.43,8.43,feldpausch_regional,0.18,default,-1.0,7.12,8.27,7.3,False,P,5.79,measured,7.12,5.683029472398246,0.3877,5.4959,4.4591,4.4591,5.1401,4.1634,4.1634,
TAC_A01,28,Euterpe oleracea,Arecaceae,797944.5086,9729063.169,7.1,6.3,3.93,20141008,False,P,P13,8.25,8.25,feldpausch_regional,0.18,default,-1.0,6.92,8.1,7.1,False,P,6.3,measured,6.92,6.180051035002036,0.3877,5.6529,4.1313,4.1313,5.2766,3.8498,3.8498,
TAC_A01,29,Euterpe oleracea,Arecaceae,797944.5086,9729063.169,6.2,7.36,3.2,20141008,False,P,P13,7.45,7.45,feldpausch_regional,0.18,default,-1.0,6.02,7.29,6.2,False,P,7.36,measured,6.0200000000000005,7.197817157742518,0.3877,5.0499,2.8465,2.8465,4.6651,2.6251,2.6251,
TAC_A01,30,Banara guianensis,Salicaceae,797944.2294,9729063.314,9.8,7.6,1.64,20141008,False,O,P13,10.47,10.47,feldpausch_regional,0.18,default,-1.0,9.62,10.33,9.8,False,O,7.6,measured,9.620000000000001,7.49829825480126,0.61,12.7353,12.7353,12.9424,12.1222,12.1222,12.3194,
TAC_A01,31,Euterpe oleracea,Arecaceae,797949.7202,9729060.471,7.3,6.28,2.3,20141008,False,P,P13,8.43,8.43,feldpausch_regional,0.18,default,-1.0,7.12,8.27,7.3,False,P,6.28,measured,7.12,6.163976698905179,0.3877,5.9494,4.4591,4.4591,5.5642,4.1634,4.1634,
TAC_A01,32,Euterpe oleracea,Arecaceae,797949.9064,9729060.374,7.3,6.32,2.97,20141008,False,P,P13,8.43,8.43,feldpausch_regional,0.18,default,-1.0,7.12,8.27,7.3,False,P,6.32,measured,7.12,6.203237696987378,0.3877,5.9864,4.4591,4.4591,5.5988,4.1634,4.1634,
TAC_A01,33,Euterpe oleracea,Arecaceae,797949.8133,9729060.422,9.2,8.9,4.25,20141008,False,P,P13,10.0,10.0,feldpausch_regional,0.18,default,-1.0,9.02,9.85,9.2,False,P,8.9,measured,9.02,8.77229614105333,0.3877,13.1335,8.4208,8.4208,12.4596,7.9757,7.9757,
TAC_A01,34,Euterpe oleracea,Arecaceae,797952.7914,9729058.88,9.0,5.61,2.4,20141008,False,P,P13,9.84,9.84,feldpausch_regional,0.18,default,-1.0,8.82,9.69,9.0,False,P,5.61,measured,8.82,5.527532415602364,0.3877,8.0192,7.9272,7.9272,7.5985,7.4991,7.4991,
TAC_A01,35,Euterpe oleracea,Arecaceae,797954.7458,9729057.868,8.3,7.87,3.59,20141008,False,P,P13,9.27,9.27,feldpausch_regional,0.18,default,-1.0,8.12,9.12,8.3,False,P,7.87,measured,8.120000000000001,7.74356846495981,0.3877,9.5274,6.3457,6.3457,8.9851,5.9746,5.9746,
TAC_A01,36,Banara guianensis,Salicaceae,797956.2344,9729057.308,16.2,9.45,1.87,20141008,False,O,P13,14.91,14.91,feldpausch_regional,0.18,default,-1.0,16.02,14.8,16.2,False,O,9.45,measured,16.02,9.378446519789717,0.61,42.0199,42.0199,42.7033,40.8095,40.8095,41.4732,
TAC_A01,37,Ximenia americana,Olacaceae,797959.2129,9729055.555,11.5,8.25,4.86,20141008,False,O,P13,11.75,11.75,feldpausch_regional,0.18,default,-1.0,11.32,11.61,11.5,False,O,8.25,measured,11.32,8.157626058755806,0.8667,18.8539,18.8539,26.9942,18.0824,18.0824,25.8895,
TAC_A01,38,Ximenia americana,Olacaceae,797959.0268,9729055.651,23.1,7.64,3.59,20141008,False,O,P13,18.84,18.84,feldpausch_regional,0.18,default,-1.0,22.92,18.75,23.1,False,O,7.64,measured,22.92,7.60209025285633,0.8667,68.2544,68.2544,97.7234,66.8945,66.8945,95.7763,
TAC_A01,39,Euterpe oleracea,Arecaceae,797962.3772,9729053.916,5.5,5.15,1.79,20141008,False,P,P13,6.81,6.81,feldpausch_regional,0.18,default,-1.0,5.32,6.64,5.5,False,P,5.15,measured,5.32,5.020982285213557,0.3877,2.8208,2.0479,2.0479,2.5788,1.869,1.869,
TAC_A01,40,Euterpe oleracea,Arecaceae,797966.0067,9729052.037,8.4,7.21,3.08,20141008,False,P,P13,9.35,9.35,feldpausch_regional,0.18,default,-1.0,8.22,9.2,8.4,False,P,7.21,measured,8.22,7.0956788948765235,0.3877,8.9536,6.558,6.558,8.4501,6.179,6.179,
TAC_A01,41,Banara guianensis,Salicaceae,797967.775,9729051.121,14.6,12.63,3.47,20141008,False,O,P13,13.89,13.89,feldpausch_regional,0.18,default,-1.0,14.42,13.77,14.6,False,O,12.63,measured,14.42,12.522149983009742,0.61,45.5247,45.5247,46.2651,44.0652,44.0652,44.7818,
TAC_A01,42,Euterpe oleracea,Arecaceae,797968.6126,9729050.688,6.6,6.3,2.37,20141008,False,P,P13,7.81,7.81,feldpausch_regional,0.18,default,-1.0,6.42,7.65,6.6,False,P,6.3,measured,6.42,6.170206722487996,0.3877,4.9019,3.3801,3.3801,4.5509,3.1327,3.1327,
TAC_A01,43,Euterpe oleracea,Arecaceae,797968.6126,9729050.688,5.0,4.28,1.39,20141008,False,P,P13,6.33,6.33,feldpausch_regional,0.18,default,-1.0,4.82,6.15,5.0,False,P,4.28,measured,4.82,4.161318927536265,0.3877,1.955,1.576,1.576,1.7707,1.4249,1.4249,
TAC_A01,44,Banara guianensis,Salicaceae,797970.0978,9729054.915,7.5,7.7,3.07,20141008,False,O,P13,8.6,8.6,feldpausch_regional,0.18,default,-1.0,7.32,8.44,7.5,False,O,7.7,measured,7.32,7.561854205936177,0.61,7.6524,7.6524,7.7768,7.1701,7.1701,7.2867,
TAC_A01,45,Banara guianensis,Salicaceae,797969.1923,9729055.168,10.2,7.18,2.19,20141008,False,O,P13,10.78,10.78,feldpausch_regional,0.18,default,-1.0,10.02,10.64,10.2,False,O,7.18,measured,10.02,7.08808736891668,0.61,13.0264,13.0264,13.2383,12.4243,12.4243,12.6263,
TAC_A01,46,Banara guianensis,Salicaceae,797967.6387,9729055.967,8.8,9.91,2.39,20141008,False,O,P13,9.68,9.68,feldpausch_regional,0.18,default,-1.0,8.62,9.53,8.8,False,O,9.91,measured,8.620000000000001,9.76067967464974,0.61,13.3739,13.3739,13.5914,12.6562,12.6562,12.862,
TAC_A01,47,Banara guianensis,Salicaceae,797967.1331,9729056.333,9.4,8.3,5.16,20141008,False,O,P13,10.16,10.16,feldpausch_regional,0.18,default,-1.0,9.22,10.01,9.4,False,O,8.3,measured,9.22,8.183695959660433,0.61,12.7946,12.7946,13.0027,12.1522,12.1522,12.3498,
TAC_A01,48,Banara guianensis,Salicaceae,797967.1391,9729056.118,8.7,8.66,6.09,20141008,False,O,P13,9.6,9.6,feldpausch_regional,0.18,default,-1.0,8.52,9.45,8.7,False,O,8.66,measured,8.52,8.527867204980724,0.61,11.4662,11.4662,11.6527,10.8437,10.8437,11.0201,
TAC_A01,49,Banara guianensis,Salicaceae,797963.0721,9729058.104,6.4,10.64,5.39,20141008,False,O,P13,7.64,7.64,feldpausch_regional,0.18,default,-1.0,6.22,7.47,6.4,False,O,10.64,measured,6.220000000000001,10.41340763856445,0.61,7.6987,7.6987,7.8239,7.1303,7.1303,7.2463,
TAC_A01,50,Banara guianensis,Salicaceae,797963.1164,9729058.186,7.8,10.64,6.86,20141008,False,O,P13,8.85,8.85,feldpausch_regional,0.18,default,-1.0,7.62,8.7,7.8,False,O,10.64,measured,7.62,10.457078439073499,0.61,11.3272,11.3272,11.5115,10.641,10.641,10.814,
TAC_A01,51,Banara guianensis,Salicaceae,797963.1554,9729058.694,9.1,8.24,3.27,20141008,False,O,P13,9.92,9.92,feldpausch_regional,0.18,default,-1.0,8.92,9.77,9.1,False,O,8.24,measured,8.92,8.120334842369736,0.61,11.9249,11.9249,12.1188,11.3062,11.3062,11.4901,
TAC_A01,52,Ximenia americana,Olacaceae,797958.2749,9729061.307,10.2,7.37,1.89,20141008,False,O,P13,10.78,10.78,feldpausch_regional,0.18,default,-1.0,10.02,10.64,10.2,False,O,7.37,measured,10.02,7.27565514051754,0.8667,13.3628,13.3628,19.1322,12.7451,12.7451,18.2478,
TAC_A01,53,Ximenia americana,Olacaceae,797957.4096,9729061.857,15.4,8.9,2.98,20141008,False,O,P13,14.41,14.41,feldpausch_regional,0.18,default,-1.0,15.22,14.29,15.4,False,O,8.9,measured,15.22,8.828534285484,0.8667,35.9009,35.9009,51.4013,34.8114,34.8114,49.8413,
TAC_A01,54,Ximenia americana,Olacaceae,797956.9981,9729061.963,11.2,6.18,2.38,20141008,False,O,P13,11.53,11.53,feldpausch_regional,0.18,default,-1.0,11.02,11.39,11.2,False,O,6.18,measured,11.02,6.108722740439944,0.8667,13.5064,13.5064,19.3378,12.9386,12.9386,18.5249,
TAC_A01,55,Euterpe oleracea,Arecaceae,797956.4101,9729062.58,7.2,5.66,3.73,20141008,False,P,P13,8.34,8.34,feldpausch_regional,0.18,default,-1.0,7.02,8.18,7.2,False,P,5.66,measured,7.0200000000000005,5.5538562121848924,0.3877,5.2327,4.2932,4.2932,4.8892,4.0047,4.0047,
TAC_A01,56,Euterpe oleracea,Arecaceae,797956.319,9729062.627,6.3,5.82,1.73,20141008,False,P,P13,7.54,7.54,feldpausch_regional,0.18,default,-1.0,6.12,7.38,6.3,False,P,5.82,measured,6.12,5.693938429572565,0.3877,4.1432,2.9744,2.9744,3.8325,2.7467,2.7467,
TAC_A01,57,Ximenia americana,Olacaceae,797954.4911,9729074.005,17.8,8.78,4.48,20141008,False,O,P13,15.89,15.89,feldpausch_regional,0.18,default,-1.0,17.62,15.78,17.8,False,O,8.78,measured,17.62,8.720456829505531,0.8667,47.0036,47.0036,67.2975,45.7752,45.7752,65.5388,
TAC_A01,58,Ximenia americana,Olacaceae,797949.3051,9729066.229,17.7,9.34,4.3,20141008,False,O,P13,15.83,15.83,feldpausch_regional,0.18,default,-1.0,17.52,15.72,17.7,False,O,9.34,measured,17.52,9.276237813509216,0.8667,49.3814,49.3814,70.7019,48.0833,48.0833,68.8434,
TAC_A01,59,Ximenia americana,Olacaceae,797949.214,9729066.276,17.5,6.96,2.2,20141008,False,O,P13,15.71,15.71,feldpausch_regional,0.18,default,-1.0,17.32,15.6,17.5,False,O,6.96,measured,17.32,6.9118466958039235,0.8667,36.2458,36.2458,51.895,35.2817,35.2817,50.5147,
TAC_A01,60,Myrciaria floribunda,Myrtaceae,797948.2699,9729072.38,9.9,6.6,2.92,20141008,False,O,P13,10.55,10.55,feldpausch_regional,0.18,default,-1.0,9.72,10.41,9.9,False,O,6.6,measured,9.72,6.512667500686615,0.785,11.3192,11.3192,14.7141,10.7799,10.7799,14.013,
TAC_A01,61,Myrciaria floribunda,Myrtaceae,797949.123,9729072.05,12.4,7.9,2.81,20141008,False,O,P13,12.39,12.39,feldpausch_regional,0.18,default,-1.0,12.22,12.26,12.4,False,O,7.9,measured,12.22,7.818740893938675,0.785,20.9365,20.9365,27.2158,20.143,20.143,26.1844,
TAC_A01,62,Euterpe oleracea,Arecaceae,797961.9877,9729065.398,6.3,8.31,4.13,20141008,False,P,P13,7.54,7.54,feldpausch_regional,0.18,default,-1.0,6.12,7.38,6.3,False,P,8.31,measured,6.12,8.130004871090724,0.3877,5.8655,2.9744,2.9744,5.4256,2.7467,2.7467,
TAC_A01,63,Euterpe oleracea,Arecaceae,797961.8096,9729065.489,8.5,8.98,4.87,20141008,False,P,P13,9.43,9.43,feldpausch_regional,0.18,default,-1.0,8.32,9.29,8.5,False,P,8.98,measured,8.32,8.839446838874395,0.3877,11.3523,6.7748,6.7748,10.7214,6.3878,6.3878,
TAC_A01,64,Euterpe oleracea,Arecaceae,797961.9446,9729065.525,7.1,6.93,3.21,20141008,False,P,P13,8.25,8.25,feldpausch_regional,0.18,default,-1.0,6.92,8.1,7.1,False,P,6.93,measured,6.92,6.798056138502239,0.3877,6.204,4.1313,4.1313,5.791,3.8498,3.8498,
TAC_A01,65,Euterpe oleracea,Arecaceae,797962.1227,9729065.435,10.0,8.59,3.93,20141008,False,P,P13,10.62,10.62,feldpausch_regional,0.18,default,-1.0,9.82,10.48,10.0,False,P,8.59,measured,9.82,8.477594538327734,0.3877,14.9293,10.5895,10.5895,14.2251,10.0739,10.0739,
TAC_A01,66,Euterpe oleracea,Arecaceae,797962.3008,9729065.344,7.7,5.57,1.89,20141008,False,P,P13,8.77,8.77,feldpausch_regional,0.18,default,-1.0,7.52,8.62,7.7,False,P,5.57,measured,7.5200000000000005,5.472886898061594,0.3877,5.8728,5.1632,5.1632,5.5124,4.8382,4.8382,
TAC_A01,67,Euterpe oleracea,Arecaceae,797962.657,9729065.163,6.6,6.12,3.27,20141008,False,P,P13,7.81,7.81,feldpausch_regional,0.18,default,-1.0,6.42,7.65,6.6,False,P,6.12,measured,6.42,5.993915101845482,0.3877,4.7652,3.3801,3.3801,4.424,3.1327,3.1327,
TAC_A01,68,Euterpe oleracea,Arecaceae,797962.746,9729065.117,7.9,8.24,4.13,20141008,False,P,P13,8.94,8.94,feldpausch_regional,0.18,default,-1.0,7.72,8.79,7.9,False,P,8.24,measured,7.720000000000001,8.10029119848922,0.3877,9.0484,5.5402,5.5402,8.5072,5.2001,5.2001,
TAC_A01,69,Euterpe oleracea,Arecaceae,797965.5953,9729063.667,7.2,5.75,2.56,20141008,False,P,P13,8.34,8.34,feldpausch_regional,0.18,default,-1.0,7.02,8.18,7.2,False,P,5.75,measured,7.0200000000000005,5.642168413438715,0.3877,5.3139,4.2932,4.2932,4.965,4.0047,4.0047,
TAC_A01,70,Banara guianensis,Salicaceae,797964.4396,9729061.517,12.5,8.72,3.14,20141008,False,O,P13,12.46,12.46,feldpausch_regional,0.18,default,-1.0,12.32,12.33,12.5,False,O,8.72,measured,12.32,8.631117221806065,0.61,23.4193,23.4193,23.8001,22.539,22.539,22.9055,
TAC_A01,71,Banara guianensis,Salicaceae,797966.502,9729061.097,7.0,10.41,3.17,20141008,False,O,P13,8.17,8.17,feldpausch_regional,0.18,default,-1.0,6.82,8.01,7.0,False,O,10.41,measured,6.82,10.208733204583451,0.61,8.9769,8.9769,9.1228,8.3707,8.3707,8.5069,
TAC_A01,72,Euterpe oleracea,Arecaceae,797967.8212,9729062.535,7.6,6.81,2.6,20141008,False,P,P13,8.68,8.68,feldpausch_regional,0.18,default,-1.0,7.42,8.53,7.6,False,P,6.81,measured,7.42,6.68956751616593,0.3877,6.9656,4.981,4.981,6.5325,4.6635,4.6635,
TAC_A01,73,Euterpe oleracea,Arecaceae,797967.9103,9729062.489,7.9,5.62,2.6,20141008,False,P,P13,8.94,8.94,feldpausch_regional,0.18,default,-1.0,7.72,8.79,7.9,False,P,5.62,measured,7.720000000000001,5.524713171785123,0.3877,6.2283,5.5402,5.5402,5.8558,5.2001,5.2001,
TAC_A01,74,Euterpe oleracea,Arecaceae,797967.9993,9729062.444,6.9,6.44,3.42,20141008,False,P,P13,8.08,8.08,feldpausch_regional,0.18,default,-1.0,6.72,7.92,6.9,False,P,6.44,measured,6.720000000000001,6.313537176011569,0.3877,5.4622,3.8193,3.8193,5.0881,3.5517,3.5517,
TAC_A01,75,Banara guianensis,Salicaceae,797966.9103,9729060.571,8.0,8.72,3.47,20141008,False,O,P13,9.02,9.02,feldpausch_regional,0.18,default,-1.0,7.82,8.87,8.0,False,O,8.72,measured,7.82,8.574166551108508,0.61,9.8002,9.8002,9.9596,9.2214,9.2214,9.3713,
TAC_A01,76,Banara guianensis,Salicaceae,797967.4497,9729060.296,8.0,8.11,3.59,20141008,False,O,P13,9.02,9.02,feldpausch_regional,0.18,default,-1.0,7.82,8.87,8.0,False,O,8.11,measured,7.82,7.974368202923164,0.61,9.1305,9.1305,9.279,8.5912,8.5912,8.731,
TAC_A01,77,Banara guianensis,Salicaceae,797967.4497,9729060.296,10.4,10.73,6.28,20141008,False,O,P13,10.93,10.93,feldpausch_regional,0.18,default,-1.0,10.22,10.79,10.4,False,O,10.73,measured,10.22,10.595575882343324,0.61,20.0251,20.0251,20.3508,19.1175,19.1175,19.4284,
TAC_A01,78,Banara guianensis,Salicaceae,797970.8954,9729060.865,9.7,9.68,6.27,20141008,False,O,P13,10.39,10.39,feldpausch_regional,0.18,default,-1.0,9.52,10.25,9.7,False,O,9.68,measured,9.52,9.548985576835616,0.61,15.8071,15.8071,16.0642,15.0383,15.0383,15.2829,
TAC_A01,79,Banara guianensis,Salicaceae,797972.766,9729059.912,11.1,8.85,4.04,20141008,False,O,P13,11.45,11.45,feldpausch_regional,0.18,default,-1.0,10.92,11.32,11.1,False,O,8.85,measured,10.92,8.746898592857967,0.61,18.8429,18.8429,19.1494,18.0435,18.0435,18.337,
TAC_A01,80,Banara guianensis,Salicaceae,797972.8551,9729059.867,8.1,5.98,3.14,20141008,False,O,P13,9.1,9.1,feldpausch_regional,0.18,default,-1.0,7.92,8.95,8.1,False,O,5.98,measured,7.92,5.881336840513408,0.61,6.9484,6.9484,7.0614,6.5431,6.5431,6.6495,
TAC_A01,81,Banara guianensis,Salicaceae,797974.3694,9729059.096,7.6,9.48,4.98,20141008,False,O,P13,8.68,8.68,feldpausch_regional,0.18,default,-1.0,7.42,8.53,7.6,False,O,9.48,measured,7.42,9.312349493869753,0.61,9.62,9.62,9.7764,9.0218,9.0218,9.1685,
TAC_A01,82,Euterpe oleracea,Arecaceae,797974.3694,9729059.096,5.9,7.06,2.21,20141008,False,P,P13,7.18,7.18,feldpausch_regional,0.18,default,-1.0,5.72,7.01,5.9,False,P,7.06,measured,5.720000000000001,6.895926448356046,0.3877,4.4015,2.4838,2.4838,4.0492,2.281,2.281,
TAC_A01,83,Euterpe oleracea,Arecaceae,797949.893,9729074.462,6.1,6.98,2.98,20141008,False,P,P13,7.36,7.36,feldpausch_regional,0.18,default,-1.0,5.92,7.2,6.1,False,P,6.98,measured,5.92,6.823481827840765,0.3877,4.6454,2.7221,2.7221,4.2857,2.507,2.507,
TAC_A01,84,Euterpe oleracea,Arecaceae,797949.9446,9729074.539,7.1,8.82,3.9,20141008,False,P,P13,8.25,8.25,feldpausch_regional,0.18,default,-1.0,6.92,8.1,7.1,False,P,8.82,measured,6.92,8.65207144900285,0.3877,7.8504,4.1313,4.1313,7.3279,3.8498,3.8498,
TAC_A01,85,Euterpe oleracea,Arecaceae,797950.524,9729074.349,6.8,8.03,3.5,20141008,False,P,P13,7.99,7.99,feldpausch_regional,0.18,default,-1.0,6.62,7.83,6.8,False,P,8.03,measured,6.62,7.869807954680468,0.3877,6.5845,3.6691,3.6691,6.1268,3.4083,3.4083,
TAC_A01,86,Euterpe oleracea,Arecaceae,797950.5606,9729074.227,7.7,7.51,4.57,20141008,False,P,P13,8.77,8.77,feldpausch_regional,0.18,default,-1.0,7.52,8.62,7.7,False,P,7.51,measured,7.5200000000000005,7.379062945142292,0.3877,7.8617,5.1632,5.1632,7.3792,4.8382,4.8382,
TAC_A01,87,Euterpe oleracea,Arecaceae,797950.5606,9729074.227,6.6,4.78,2.02,20141008,False,P,P13,7.81,7.81,feldpausch_regional,0.18,default,-1.0,6.42,7.65,6.6,False,P,4.78,measured,6.42,4.68152192595121,0.3877,3.744,3.3801,3.3801,3.4759,3.1327,3.1327,
TAC_A01,88,Euterpe oleracea,Arecaceae,797949.2768,9729074.774,5.9,6.11,1.75,20141008,False,P,P13,7.18,7.18,feldpausch_regional,0.18,default,-1.0,5.72,7.01,5.9,False,P,6.11,measured,5.720000000000001,5.968004334200488,0.3877,3.8224,2.4838,2.4838,3.5165,2.281,2.281,
TAC_A01,89,Euterpe oleracea,Arecaceae,797950.0691,9729074.372,5.7,3.85,2.04,20141008,False,P,P13,6.99,6.99,feldpausch_regional,0.18,default,-1.0,5.52,6.83,5.7,False,P,3.85,measured,5.5200000000000005,3.757161784298607,0.3877,2.2769,2.2592,2.2592,2.0883,2.0685,2.0685,
TAC_A01,90,Ximenia americana,Olacaceae,797953.2382,9729072.767,15.1,10.33,4.97,20141008,False,O,P13,14.21,14.21,feldpausch_regional,0.18,default,-1.0,14.92,14.1,15.1,False,O,10.33,measured,14.92,10.24514517389862,0.8667,39.9563,39.9563,57.2076,38.7189,38.7189,55.4359,
TAC_A01,91,Ximenia americana,Olacaceae,797953.3263,9729072.723,19.9,9.45,4.31,20141008,False,O,P13,17.11,17.11,feldpausch_regional,0.18,default,-1.0,19.72,17.01,19.9,False,O,9.45,measured,19.72,9.393852050641831,0.8667,62.7832,62.7832,89.89,61.3217,61.3217,87.7976,
TAC_A01,92,Euterpe oleracea,Arecaceae,797957.4242,9729070.751,10.6,4.19,2.37,20141008,False,P,P13,11.08,11.08,feldpausch_regional,0.18,default,-1.0,10.42,10.94,10.6,False,P,4.19,measured,10.42,4.138609603797263,0.3877,8.3012,12.4287,12.4287,7.9321,11.8572,11.8572,
TAC_A01,93,Banara guianensis,Salicaceae,797978.3596,9729067.673,8.6,7.03,4.49,20141008,False,O,P13,9.52,9.52,feldpausch_regional,0.18,default,-1.0,8.42,9.37,8.6,False,O,7.03,measured,8.42,6.92136896022201,0.61,9.146,9.146,9.2947,8.6437,8.6437,8.7842,
TAC_A01,94,Banara guianensis,Salicaceae,797978.3596,9729067.673,8.0,6.6,4.46,20141008,False,O,P13,9.02,9.02,feldpausch_regional,0.18,default,-1.0,7.82,8.87,8.0,False,O,6.6,measured,7.82,6.489621472169283,0.61,7.4674,7.4674,7.5888,7.0263,7.0263,7.1406,
TAC_A01,95,Banara guianensis,Salicaceae,797978.2743,9729067.716,13.7,10.89,2.48,20141008,False,O,P13,13.29,13.29,feldpausch_regional,0.18,default,-1.0,13.52,13.17,13.7,False,O,10.89,measured,13.52,10.789977918594928,0.61,34.7919,34.7919,35.3578,33.6012,33.6012,34.1477,
TAC_A01,96,Ximenia americana,Olacaceae,797974.7326,9729069.381,15.3,10.23,5.07,20141008,False,O,P13,14.34,14.34,feldpausch_regional,0.18,default,-1.0,15.12,14.23,15.3,False,O,10.23,measured,15.120000000000001,10.14723364937539,0.8667,40.6085,40.6085,58.1413,39.3678,39.3678,56.3649,
TAC_A01,97,Euterpe oleracea,Arecaceae,797974.6472,9729069.424,8.8,7.81,4.58,20141008,False,P,P13,9.68,9.68,feldpausch_regional,0.18,default,-1.0,8.62,9.53,8.8,False,P,7.81,measured,8.620000000000001,7.692321721393992,0.3877,10.6003,7.4524,7.4524,10.0314,7.041,7.041,
TAC_A01,98,Euterpe oleracea,Arecaceae,797974.5618,9729069.467,7.5,7.25,4.29,20141008,False,P,P13,8.6,8.6,feldpausch_regional,0.18,default,-1.0,7.32,8.44,7.5,False,P,7.25,measured,7.32,7.1199276614334135,0.3877,7.2156,4.8029,4.8029,6.7609,4.4928,4.4928,
TAC_A01,99,Euterpe oleracea,Arecaceae,797974.4765,9729069.509,7.6,6.94,3.26,20141008,False,P,P13,8.68,8.68,feldpausch_regional,0.18,default,-1.0,7.42,8.53,7.6,False,P,6.94,measured,7.42,6.817268511335031,0.3877,7.0954,4.981,4.981,6.6542,4.6635,4.6635,
TAC_A01,100,Euterpe oleracea,Arecaceae,797974.3911,9729069.552,6.5,8.73,4.93,20141008,False,P,P13,7.72,7.72,feldpausch_regional,0.18,default,-1.0,6.32,7.56,6.5,False,P,8.73,measured,6.32,8.547160671483597,0.3877,6.5418,3.2412,3.2412,6.0662,3.0005,3.0005,
TAC_A01,101,Euterpe oleracea,Arecaceae,797974.3486,9729069.468,10.0,9.09,6.02,20141008,False,P,P13,10.62,10.62,feldpausch_regional,0.18,default,-1.0,9.82,10.48,10.0,False,P,9.09,measured,9.82,8.971051729150071,0.3877,15.7768,10.5895,10.5895,15.0327,10.0739,10.0739,
TAC_A01,102,Euterpe oleracea,Arecaceae,797974.3057,9729069.595,7.3,6.82,4.11,20141008,False,P,P13,8.43,8.43,feldpausch_regional,0.18,default,-1.0,7.12,8.27,7.3,False,P,6.82,measured,7.12,6.69400017301486,0.3877,6.4482,4.4591,4.4591,6.0307,4.1634,4.1634,
TAC_A01,103,Euterpe oleracea,Arecaceae,797974.4336,9729069.636,6.8,7.2,4.58,20141008,False,P,P13,7.99,7.99,feldpausch_regional,0.18,default,-1.0,6.62,7.83,6.8,False,P,7.2,measured,6.62,7.056365787509262,0.3877,5.9194,3.6691,3.6691,5.508,3.4083,3.4083,
TAC_A01,104,Euterpe oleracea,Arecaceae,797974.6043,9729069.551,7.8,8.66,2.9,20141008,False,P,P13,8.85,8.85,feldpausch_regional,0.18,default,-1.0,7.62,8.7,7.8,False,P,8.66,measured,7.62,8.511118353606813,0.3877,9.265,5.3496,5.3496,8.7037,5.0171,5.0171,
TAC_A01,105,Euterpe oleracea,Arecaceae,797974.0068,9729069.849,7.1,6.76,2.2,20141008,False,P,P13,8.25,8.25,feldpausch_regional,0.18,default,-1.0,6.92,8.1,7.1,False,P,6.76,measured,6.92,6.631292856605358,0.3877,6.0554,4.1313,4.1313,5.6523,3.8498,3.8498,
TAC_A01,106,Cecropia ficifolia,Urticaceae,797973.4947,9729070.105,18.3,10.01,8.12,20141008,False,O,P13,16.19,16.19,feldpausch_regional,0.18,default,-1.0,18.12,16.08,18.3,False,O,10.01,measured,18.12,9.94429708615011,0.266,56.3883,56.3883,25.4916,54.9563,54.9563,24.8443,
TAC_A01,107,Euterpe oleracea,Arecaceae,797956.9371,9729078.383,6.4,5.93,2.18,20141008,False,P,P13,7.64,7.64,feldpausch_regional,0.18,default,-1.0,6.22,7.47,6.4,False,P,5.93,measured,6.220000000000001,5.803713091793909,0.3877,4.3514,3.106,3.106,4.0301,2.8718,2.8718,
TAC_A01,108,Euterpe oleracea,Arecaceae,797956.8517,9729078.426,7.2,6.25,2.58,20141008,False,P,P13,8.34,8.34,feldpausch_regional,0.18,default,-1.0,7.02,8.18,7.2,False,P,6.25,measured,7.0200000000000005,6.132791753737734,0.3877,5.7644,4.2932,4.2932,5.386,4.0047,4.0047,
TAC_A01,109,Euterpe oleracea,Arecaceae,797956.8517,9729078.426,5.7,5.52,2.01,20141008,False,P,P13,6.99,6.99,feldpausch_regional,0.18,default,-1.0,5.52,6.83,5.7,False,P,5.52,measured,5.5200000000000005,5.386891701124235,0.3877,3.2364,2.2592,2.2592,2.9683,2.0685,2.0685,
TAC_A01,110,Euterpe oleracea,Arecaceae,797956.8517,9729078.426,6.0,4.46,1.2,20141008,False,P,P13,7.27,7.27,feldpausch_regional,0.18,default,-1.0,5.82,7.11,6.0,False,P,4.46,measured,5.82,4.358200619059828,0.3877,2.9051,2.6012,2.6012,2.6764,2.3923,2.3923,
TAC_A01,111,Euterpe oleracea,Arecaceae,797957.5024,9729082.552,6.6,6.35,2.01,20141008,False,P,P13,7.81,7.81,feldpausch_regional,0.18,default,-1.0,6.42,7.65,6.6,False,P,6.35,measured,6.42,6.219176617110916,0.3877,4.9399,3.3801,3.3801,4.5862,3.1327,3.1327,
TAC_A01,112,Euterpe oleracea,Arecaceae,797957.4186,9729082.594,6.6,6.63,1.97,20141008,False,P,P13,7.81,7.81,feldpausch_regional,0.18,default,-1.0,6.42,7.65,6.6,False,P,6.63,measured,6.42,6.493408026999272,0.3877,5.1524,3.3801,3.3801,4.7835,3.1327,3.1327,
TAC_A01,113,Euterpe oleracea,Arecaceae,797957.3349,9729082.635,6.4,4.52,2.12,20141008,False,P,P13,7.64,7.64,feldpausch_regional,0.18,default,-1.0,6.22,7.47,6.4,False,P,4.52,measured,6.220000000000001,4.4237408389390325,0.3877,3.3384,3.106,3.106,3.0919,2.8718,2.8718,
TAC_A01,114,Euterpe oleracea,Arecaceae,797957.5024,9729082.552,6.9,6.95,2.23,20141008,False,P,P13,8.08,8.08,feldpausch_regional,0.18,default,-1.0,6.72,7.92,6.9,False,P,6.95,measured,6.720000000000001,6.813522262931739,0.3877,5.884,3.8193,3.8193,5.481,3.5517,3.5517,
TAC_A01,115,Euterpe oleracea,Arecaceae,797963.3646,9729079.646,7.2,5.71,2.47,20141008,False,P,P13,8.34,8.34,feldpausch_regional,0.18,default,-1.0,7.02,8.18,7.2,False,P,5.71,measured,7.0200000000000005,5.602918546214794,0.3877,5.2778,4.2932,4.2932,4.9313,4.0047,4.0047,
TAC_A01,116,Euterpe oleracea,Arecaceae,797963.1843,9729079.528,8.3,7.51,4.1,20141008,False,P,P13,9.27,9.27,feldpausch_regional,0.18,default,-1.0,8.12,9.12,8.3,False,P,7.51,measured,8.120000000000001,7.389351864275498,0.3877,9.1018,6.3457,6.3457,8.5837,5.9746,5.9746,
TAC_A01,117,Euterpe oleracea,Arecaceae,797963.1488,9729079.649,8.4,5.59,2.44,20141008,False,P,P13,9.35,9.35,feldpausch_regional,0.18,default,-1.0,8.22,9.2,8.4,False,P,5.59,measured,8.22,5.50136546773367,0.3877,6.9844,6.558,6.558,6.5916,6.179,6.179,
TAC_A01,1,Euterpe oleracea,Arecaceae,797885.5829,9729472.986,6.5,7.12,3.31,20141009,False,P,P14,7.72,7.72,feldpausch_regional,0.18,default,-1.0,6.32,7.56,6.5,False,P,7.12,measured,6.32,6.970880181095443,0.3877,5.3615,3.2412,3.2412,4.9717,3.0005,3.0005,
TAC_A01,2,Ximenia americana,Olacaceae,797885.4955,9729473.035,13.2,6.95,3.71,20141009,False,O,P14,12.95,12.95,feldpausch_regional,0.18,default,-1.0,13.02,12.82,13.2,False,O,6.95,measured,13.02,6.883403797972298,0.8667,20.8736,20.8736,29.8859,20.1316,20.1316,28.8234,
TAC_A01,3,Ximenia americana,Olacaceae,797885.4772,9729473.174,13.0,7.0,4.87,20141009,False,O,P14,12.81,12.81,feldpausch_regional,0.18,default,-1.0,12.82,12.68,13.0,False,O,7.0,measured,12.82,6.931750894565618,0.8667,20.403,20.403,29.212,19.6662,19.6662,28.1572,
TAC_A01,4,Ximenia americana,Olacaceae,797884.7963,9729473.432,20.9,10.74,3.44,20141009,False,O,P14,17.67,17.67,feldpausch_regional,0.18,default,-1.0,20.72,17.57,20.9,False,O,10.74,measured,20.72,10.679831225638765,0.8667,78.2792,78.2792,112.0765,76.5477,76.5477,109.5974,
TAC_A01,5,Ximenia americana,Olacaceae,797884.8899,9729474.524,19.4,13.48,5.47,20141009,False,O,P14,16.83,16.83,feldpausch_regional,0.18,default,-1.0,19.22,16.72,19.4,False,O,13.48,measured,19.22,13.397439046481084,0.8667,84.4942,84.4942,120.9748,82.4747,82.4747,118.0833,
TAC_A01,6,Ximenia americana,Olacaceae,797884.0516,9729474.742,14.4,8.34,2.96,20141009,False,O,P14,13.76,13.76,feldpausch_regional,0.18,default,-1.0,14.22,13.64,14.4,False,O,8.34,measured,14.22,8.26764591611974,0.8667,29.5558,29.5558,42.3166,28.5947,28.5947,40.9405,
TAC_A01,7,Ximenia americana,Olacaceae,797883.808,9729474.753,12.8,8.53,4.86,20141009,False,O,P14,12.67,12.67,feldpausch_regional,0.18,default,-1.0,12.62,12.55,12.8,False,O,8.53,measured,12.620000000000001,8.445357749112242,0.8667,24.0072,24.0072,34.3723,23.1264,23.1264,33.1113,
TAC_A01,8,Ximenia americana,Olacaceae,797882.4744,9729475.63,13.2,11.76,6.34,20141009,False,O,P14,12.95,12.95,feldpausch_regional,0.18,default,-1.0,13.02,12.82,13.2,False,O,11.76,measured,13.02,11.647313476856723,0.8667,34.877,34.877,49.9352,33.637,33.637,48.1599,
TAC_A01,9,Ximenia americana,Olacaceae,797881.5707,9729475.763,16.4,11.42,5.73,20141009,False,O,P14,15.04,15.04,feldpausch_regional,0.18,default,-1.0,16.22,14.93,16.4,False,O,11.42,measured,16.22,11.334756447091593,0.8667,51.7747,51.7747,74.1286,50.3021,50.3021,72.0202,
TAC_A01,10,Ximenia americana,Olacaceae,797880.5001,9729476.492,16.9,13.05,5.91,20141009,False,O,P14,15.35,15.35,feldpausch_regional,0.18,default,-1.0,16.72,15.24,16.9,False,O,13.05,measured,16.72,12.955944767189346,0.8667,62.5362,62.5362,89.5364,60.8118,60.8118,87.0674,
TAC_A01,11,Ximenia americana,Olacaceae,797880.5672,9729476.579,10.0,11.4,3.92,20141009,False,O,P14,10.62,10.62,feldpausch_regional,0.18,default,-1.0,9.82,10.48,10.0,False,O,11.4,measured,9.82,11.250823950749265,0.8667,19.6789,19.6789,28.1753,18.7507,18.7507,26.8464,
TAC_A01,12,Euterpe oleracea,Arecaceae,797880.2425,9729477.133,8.1,11.42,5.06,20141009,False,P,P14,9.1,9.1,feldpausch_regional,0.18,default,-1.0,7.92,8.95,8.1,False,P,11.42,measured,7.92,11.23158306332159,0.3877,13.0649,5.9343,5.9343,12.3028,5.5788,5.5788,
TAC_A01,13,Ximenia americana,Olacaceae,797879.9794,9729477.28,6.8,10.52,3.91,20141009,False,O,P14,7.99,7.99,feldpausch_regional,0.18,default,-1.0,6.62,7.83,6.8,False,O,10.52,measured,6.62,10.310134456194088,0.8667,8.5705,8.5705,12.2708,7.9748,7.9748,11.418,
TAC_A01,14,Ximenia americana,Olacaceae,797879.4952,9729477.306,7.1,10.19,3.91,20141009,False,O,P14,8.25,8.25,feldpausch_regional,0.18,default,-1.0,6.92,8.1,7.1,False,O,10.19,measured,6.92,9.995987308995355,0.8667,9.0385,9.0385,12.9409,8.4368,8.4368,12.0794,
TAC_A01,15,Ximenia americana,Olacaceae,797879.562,9729477.391,7.2,8.11,3.91,20141009,False,O,P14,8.34,8.34,feldpausch_regional,0.18,default,-1.0,7.02,8.18,7.2,False,O,8.11,measured,7.0200000000000005,7.957910579650083,0.8667,7.4332,7.4332,10.6426,6.9453,6.9453,9.9439,
TAC_A01,16,Ximenia americana,Olacaceae,797873.5641,9729480.046,14.7,8.92,3.94,20141009,False,O,P14,13.95,13.95,feldpausch_regional,0.18,default,-1.0,14.52,13.84,14.7,False,O,8.92,measured,14.52,8.844425889713834,0.8667,32.8564,32.8564,47.0423,31.8104,31.8104,45.5446,
TAC_A01,17,Ximenia americana,Olacaceae,797873.6288,9729480.129,17.6,10.5,5.05,20141009,False,O,P14,15.77,15.77,feldpausch_regional,0.18,default,-1.0,17.42,15.66,17.6,False,O,10.5,measured,17.42,10.427839637172461,0.8667,54.7498,54.7498,78.3881,53.3021,53.3021,76.3154,
TAC_A01,18,Ximenia americana,Olacaceae,797873.4538,9729480.228,15.6,11.66,4.42,20141009,False,O,P14,14.54,14.54,feldpausch_regional,0.18,default,-1.0,15.42,14.42,15.6,False,O,11.66,measured,15.42,11.567759561682289,0.8667,47.9223,47.9223,68.6129,46.4871,46.4871,66.5581,
TAC_A01,19,Ximenia americana,Olacaceae,797873.3663,9729480.278,15.8,9.61,5.33,20141009,False,O,P14,14.66,14.66,feldpausch_regional,0.18,default,-1.0,15.62,14.55,15.8,False,O,9.61,measured,15.620000000000001,9.535090948609902,0.8667,40.6797,40.6797,58.2432,39.4773,39.4773,56.5217,
TAC_A01,20,Ximenia americana,Olacaceae,797873.2788,9729480.327,7.1,4.4,2.82,20141009,False,O,P14,8.25,8.25,feldpausch_regional,0.18,default,-1.0,6.92,8.1,7.1,False,O,4.4,measured,6.92,4.316226119683962,0.8667,3.9822,3.9822,5.7016,3.7171,3.7171,5.322,
TAC_A01,21,Ximenia americana,Olacaceae,797870.2646,9729481.797,7.1,4.0,1.71,20141009,False,O,P14,8.25,8.25,feldpausch_regional,0.18,default,-1.0,6.92,8.1,7.1,False,O,4.0,measured,6.92,3.9238419269854194,0.8667,3.6285,3.6285,5.1951,3.387,3.387,4.8493,
TAC_A01,22,Ximenia americana,Olacaceae,797870.1772,9729481.847,17.8,11.05,4.69,20141009,False,O,P14,15.89,15.89,feldpausch_regional,0.18,default,-1.0,17.62,15.78,17.8,False,O,11.05,measured,17.62,10.975062410710265,0.8667,58.8304,58.8304,84.2306,57.293,57.293,82.0294,
TAC_A01,23,Ximenia americana,Olacaceae,797870.4156,9729481.829,11.0,9.44,4.69,20141009,False,O,P14,11.38,11.38,feldpausch_regional,0.18,default,-1.0,10.82,11.24,11.0,False,O,9.44,measured,10.82,9.328906648377384,0.8667,19.7166,19.7166,28.2293,18.8724,18.8724,27.0206,
TAC_A01,24,Ximenia americana,Olacaceae,797870.0657,9729482.027,12.4,10.45,1.73,20141009,False,O,P14,12.39,12.39,feldpausch_regional,0.18,default,-1.0,12.22,12.26,12.4,False,O,10.45,measured,12.22,10.342511688817615,0.8667,27.5092,27.5092,39.3863,26.4666,26.4666,37.8937,
TAC_A01,25,Ximenia americana,Olacaceae,797868.4171,9729483.307,11.4,4.58,2.55,20141009,False,O,P14,11.67,11.67,feldpausch_regional,0.18,default,-1.0,11.22,11.54,11.4,False,O,4.58,measured,11.22,4.5282136013691625,0.8667,10.4362,10.4362,14.9421,10.0053,10.0053,14.3252,
TAC_A01,26,Ximenia americana,Olacaceae,797868.3046,9729483.486,18.9,13.05,5.7,20141009,False,O,P14,16.54,16.54,feldpausch_regional,0.18,default,-1.0,18.72,16.43,18.9,False,O,13.05,measured,18.72,12.96755318077599,0.8667,77.7947,77.7947,111.3828,75.8842,75.8842,108.6474,
TAC_A01,27,Ximenia americana,Olacaceae,797867.8542,9729483.394,9.6,9.56,2.51,20141009,False,O,P14,10.31,10.31,feldpausch_regional,0.18,default,-1.0,9.42,10.17,9.6,False,O,9.56,measured,9.42,9.42911869599173,0.8667,15.3032,15.3032,21.9103,14.551,14.551,20.8334,
TAC_A01,28,Ximenia americana,Olacaceae,797868.1788,9729484.133,10.9,12.15,4.37,20141009,False,O,P14,11.3,11.3,feldpausch_regional,0.18,default,-1.0,10.72,11.17,10.9,False,O,12.15,measured,10.72,12.005547949804983,0.8667,24.7779,24.7779,35.4758,23.7071,23.7071,33.9427,
TAC_A01,29,Euterpe oleracea,Arecaceae,797866.4178,9729483.978,6.5,8.16,2.8,20141009,False,P,P14,7.72,7.72,feldpausch_regional,0.18,default,-1.0,6.32,7.56,6.5,False,P,8.16,measured,6.32,7.989098634513878,0.3877,6.1246,3.2412,3.2412,5.6793,3.0005,3.0005,
TAC_A01,30,Euterpe oleracea,Arecaceae,797866.3304,9729484.027,7.6,9.82,3.37,20141009,False,P,P14,8.68,8.68,feldpausch_regional,0.18,default,-1.0,7.42,8.53,7.6,False,P,9.82,measured,7.42,9.646336712004324,0.3877,9.9566,4.981,4.981,9.3374,4.6635,4.6635,
TAC_A01,31,Euterpe oleracea,Arecaceae,797866.2429,9729484.077,6.1,7.05,2.61,20141009,False,P,P14,7.36,7.36,feldpausch_regional,0.18,default,-1.0,5.92,7.2,6.1,False,P,7.05,measured,5.92,6.8919121613577925,0.3877,4.6909,2.7221,2.7221,4.3277,2.507,2.507,
TAC_A01,32,Euterpe oleracea,Arecaceae,797863.7337,9729491.674,7.7,8.9,3.4,20141009,False,P,P14,8.77,8.77,feldpausch_regional,0.18,default,-1.0,7.52,8.62,7.7,False,P,8.9,measured,7.5200000000000005,8.744828257225885,0.3877,9.2789,5.1632,5.1632,8.7094,4.8382,4.8382,
TAC_A01,33,Euterpe oleracea,Arecaceae,797864.12,9729491.362,6.4,7.59,3.09,20141009,False,P,P14,7.64,7.64,feldpausch_regional,0.18,default,-1.0,6.22,7.47,6.4,False,P,7.59,measured,6.220000000000001,7.428361276006031,0.3877,5.5366,3.106,3.106,5.1278,2.8718,2.8718,
TAC_A01,34,Euterpe oleracea,Arecaceae,797864.5369,9729491.25,6.2,7.23,2.04,20141009,False,P,P14,7.45,7.45,feldpausch_regional,0.18,default,-1.0,6.02,7.29,6.2,False,P,7.23,measured,6.0200000000000005,7.07068180033674,0.3877,4.9628,2.8465,2.8465,4.5847,2.6251,2.6251,
TAC_A01,35,Euterpe oleracea,Arecaceae,797864.2692,9729491.392,6.2,8.7,4.03,20141009,False,P,P14,7.45,7.45,feldpausch_regional,0.18,default,-1.0,6.02,7.29,6.2,False,P,8.7,measured,6.0200000000000005,8.50828930330977,0.3877,5.9454,2.8465,2.8465,5.4924,2.6251,2.6251,
TAC_A01,36,Ximenia americana,Olacaceae,797865.6365,9729490.56,16.4,9.43,3.74,20141009,False,O,P14,15.04,15.04,feldpausch_regional,0.18,default,-1.0,16.22,14.93,16.4,False,O,9.43,measured,16.22,9.35961062137248,0.8667,42.9496,42.9496,61.4932,41.728,41.728,59.7442,
TAC_A01,37,Ximenia americana,Olacaceae,797865.7544,9729490.389,21.7,13.59,4.59,20141009,False,O,P14,18.1,18.1,feldpausch_regional,0.18,default,-1.0,21.52,18.0,21.7,False,O,13.59,measured,21.52,13.517239099140912,0.8667,105.9869,105.9869,151.7471,103.7327,103.7327,148.5195,
TAC_A01,38,Ximenia americana,Olacaceae,797866.2325,9729490.355,18.0,14.26,6.83,20141009,False,O,P14,16.01,16.01,feldpausch_regional,0.18,default,-1.0,17.82,15.9,18.0,False,O,14.26,measured,17.82,14.164557641621565,0.8667,77.1211,77.1211,110.4184,75.1288,75.1288,107.5659,
TAC_A01,39,Ximenia americana,Olacaceae,797865.6078,9729490.685,22.0,12.23,5.15,20141009,False,O,P14,18.26,18.26,feldpausch_regional,0.18,default,-1.0,21.82,18.16,22.0,False,O,12.23,measured,21.82,12.165600774735983,0.8667,98.2196,98.2196,140.6261,96.1602,96.1602,137.6777,
TAC_A01,40,Ximenia americana,Olacaceae,797867.7775,9729489.428,10.6,8.33,4.18,20141009,False,O,P14,11.08,11.08,feldpausch_regional,0.18,default,-1.0,10.42,10.94,10.6,False,O,8.33,measured,10.42,8.22783245814587,0.8667,16.2333,16.2333,23.2421,15.5116,15.5116,22.2088,
TAC_A01,41,Ximenia americana,Olacaceae,797876.3416,9729484.901,9.6,6.06,3.14,20141009,False,O,P14,10.31,10.31,feldpausch_regional,0.18,default,-1.0,9.42,10.17,9.6,False,O,6.06,measured,9.42,5.977035491392247,0.8667,9.8073,9.8073,14.0416,9.3252,9.3252,13.3514,
TAC_A01,42,Ximenia americana,Olacaceae,797870.6859,9729487.665,9.0,9.73,4.81,20141009,False,O,P14,9.84,9.84,feldpausch_regional,0.18,default,-1.0,8.82,9.69,9.0,False,O,9.73,measured,8.82,9.586967986419074,0.8667,13.7259,13.7259,19.6521,13.0058,13.0058,18.6211,
TAC_A01,43,Ximenia americana,Olacaceae,797870.9533,9729487.523,7.6,6.73,3.51,20141009,False,O,P14,8.68,8.68,feldpausch_regional,0.18,default,-1.0,7.42,8.53,7.6,False,O,6.73,measured,7.42,6.610982288369562,0.8667,6.8858,6.8858,9.8587,6.4576,6.4576,9.2456,
TAC_A01,44,Ximenia americana,Olacaceae,797871.4711,9729487.702,15.0,12.24,5.9,20141009,False,O,P14,14.15,14.15,feldpausch_regional,0.18,default,-1.0,14.82,14.03,15.0,False,O,12.24,measured,14.82,12.138682197495505,0.8667,46.5442,46.5442,66.6398,45.0929,45.0929,64.5618,
TAC_A01,45,Ximenia americana,Olacaceae,797871.3818,9729487.749,15.4,10.6,4.48,20141009,False,O,P14,14.41,14.41,feldpausch_regional,0.18,default,-1.0,15.22,14.29,15.4,False,O,10.6,measured,15.22,10.514883531025887,0.8667,42.5794,42.5794,60.9632,41.2872,41.2872,59.113,
TAC_A01,46,Ximenia americana,Olacaceae,797873.5263,9729485.814,11.9,13.48,6.49,20141009,False,O,P14,12.03,12.03,feldpausch_regional,0.18,default,-1.0,11.72,11.9,11.9,False,O,13.48,measured,11.72,13.334756752136817,0.8667,32.5466,32.5466,46.5987,31.2603,31.2603,44.757,
TAC_A01,47,Ximenia americana,Olacaceae,797874.2262,9729485.904,8.1,7.72,2.25,20141009,False,O,P14,9.1,9.1,feldpausch_regional,0.18,default,-1.0,7.92,8.95,8.1,False,O,7.72,measured,7.92,7.592628830896907,0.8667,8.9153,8.9153,12.7646,8.3953,8.3953,12.02,
TAC_A01,48,Ximenia americana,Olacaceae,797874.4427,9729486.02,6.2,7.58,3.65,20141009,False,O,P14,7.45,7.45,feldpausch_regional,0.18,default,-1.0,6.02,7.29,6.2,False,O,7.58,measured,6.0200000000000005,7.412969301044604,0.8667,5.1972,5.1972,7.4411,4.8012,4.8012,6.8741,
TAC_A01,49,Ximenia americana,Olacaceae,797874.5319,9729485.973,10.7,9.2,3.75,20141009,False,O,P14,11.15,11.15,feldpausch_regional,0.18,default,-1.0,10.52,11.02,10.7,False,O,9.2,measured,10.52,9.088336691144333,0.8667,18.2169,18.2169,26.0821,17.4147,17.4147,24.9336,
TAC_A01,50,Ximenia americana,Olacaceae,797876.4704,9729485.066,17.3,9.08,1.86,20141009,False,O,P14,15.59,15.59,feldpausch_regional,0.18,default,-1.0,17.12,15.48,17.3,False,O,9.08,measured,17.12,9.016326117968214,0.8667,45.9429,45.9429,65.7789,44.7063,44.7063,64.0084,
TAC_A01,51,Cecropia ficifolia,Urticaceae,797876.7231,9729484.582,12.6,12.56,9.39,20141009,False,O,P14,12.53,12.53,feldpausch_regional,0.18,default,-1.0,12.42,12.4,12.6,False,O,12.56,measured,12.42,12.433125209656422,0.266,33.9624,33.9624,15.3535,32.6961,32.6961,14.781,
TAC_A01,52,Cecropia ficifolia,Urticaceae,797876.5694,9729484.546,10.8,10.71,7.04,20141009,False,O,P14,11.23,11.23,feldpausch_regional,0.18,default,-1.0,10.62,11.09,10.8,False,O,10.71,measured,10.620000000000001,10.581351260240298,0.266,21.5168,21.5168,9.7272,20.5782,20.5782,9.3029,
TAC_A01,53,Cecropia ficifolia,Urticaceae,797876.594,9729484.416,11.7,8.48,5.92,20141009,False,O,P14,11.89,11.89,feldpausch_regional,0.18,default,-1.0,11.52,11.76,11.7,False,O,8.48,measured,11.52,8.386871652617854,0.266,20.0297,20.0297,9.0549,19.2243,19.2243,8.6908,
TAC_A01,54,Cecropia ficifolia,Urticaceae,797876.6185,9729484.286,11.8,8.86,7.07,20141009,False,O,P14,11.96,11.96,feldpausch_regional,0.18,default,-1.0,11.62,11.83,11.8,False,O,8.86,measured,11.620000000000001,8.763625117758343,0.266,21.2554,21.2554,9.609,20.4081,20.4081,9.226,
TAC_A01,55,Euterpe oleracea,Arecaceae,797876.6831,9729484.369,10.8,9.02,6.16,20141009,False,P,P14,11.23,11.23,feldpausch_regional,0.18,default,-1.0,10.62,11.09,10.8,False,P,9.02,measured,10.620000000000001,8.911651574917599,0.3877,18.1964,13.0838,13.0838,17.4026,12.4932,12.4932,
TAC_A01,56,Euterpe oleracea,Arecaceae,797877.7446,9729484.276,7.2,9.42,4.4,20141009,False,P,P14,8.34,8.34,feldpausch_regional,0.18,default,-1.0,7.02,8.18,7.2,False,P,9.42,measured,7.0200000000000005,9.243343731233512,0.3877,8.603,4.2932,4.2932,8.0382,4.0047,4.0047,
TAC_A01,57,Euterpe oleracea,Arecaceae,797877.8339,9729484.229,6.0,7.98,4.27,20141009,False,P,P14,7.27,7.27,feldpausch_regional,0.18,default,-1.0,5.82,7.11,6.0,False,P,7.98,measured,5.82,7.797856713026331,0.3877,5.1259,2.6012,2.6012,4.7224,2.3923,2.3923,
TAC_A01,58,Euterpe oleracea,Arecaceae,797877.9881,9729484.265,6.7,8.9,3.77,20141009,False,P,P14,7.9,7.9,feldpausch_regional,0.18,default,-1.0,6.52,7.74,6.7,False,P,8.9,measured,6.5200000000000005,8.719590529364341,0.3877,7.0723,3.5227,3.5227,6.5735,3.2687,3.2687,
TAC_A01,59,Euterpe oleracea,Arecaceae,797878.1016,9729484.088,7.3,11.07,5.92,20141009,False,P,P14,8.43,8.43,feldpausch_regional,0.18,default,-1.0,7.12,8.27,7.3,False,P,11.07,measured,7.12,10.86548121924846,0.3877,10.3456,4.4591,4.4591,9.6758,4.1634,4.1634,
TAC_A01,60,Euterpe oleracea,Arecaceae,797878.1016,9729484.088,6.6,8.04,4.3,20141009,False,P,P14,7.81,7.81,feldpausch_regional,0.18,default,-1.0,6.42,7.65,6.6,False,P,8.04,measured,6.42,7.874359055365632,0.3877,6.2193,3.3801,3.3801,5.774,3.1327,3.1327,
TAC_A01,61,Ximenia americana,Olacaceae,797882.1175,9729481.967,17.9,12.05,3.2,20141009,False,O,P14,15.95,15.95,feldpausch_regional,0.18,default,-1.0,17.72,15.84,17.9,False,O,12.05,measured,17.72,11.968818019403168,0.8667,64.7252,64.7252,92.6704,63.0434,63.0434,90.2626,
TAC_A01,62,Ximenia americana,Olacaceae,797882.7647,9729481.505,14.2,11.59,6.34,20141009,False,O,P14,13.62,13.62,feldpausch_regional,0.18,default,-1.0,14.02,13.5,14.2,False,O,11.59,measured,14.02,11.487824632914593,0.8667,39.6527,39.6527,56.7729,38.3447,38.3447,54.9001,
TAC_A01,63,Ximenia americana,Olacaceae,797882.9206,9729481.543,16.6,8.93,3.65,20141009,False,O,P14,15.16,15.16,feldpausch_regional,0.18,default,-1.0,16.42,15.05,16.6,False,O,8.93,measured,16.42,8.864278193451138,0.8667,41.7006,41.7006,59.705,40.5293,40.5293,58.0279,
TAC_A01,64,Ximenia americana,Olacaceae,797885.0624,9729480.412,21.5,9.55,4.27,20141009,False,O,P14,17.99,17.99,feldpausch_regional,0.18,default,-1.0,21.32,17.9,21.5,False,O,9.55,measured,21.32,9.498293462057504,0.8667,73.7673,73.7673,105.6165,72.1831,72.1831,103.3483,
TAC_A01,65,Ximenia americana,Olacaceae,797885.1517,9729480.365,22.2,12.44,4.62,20141009,False,O,P14,18.37,18.37,feldpausch_regional,0.18,default,-1.0,22.02,18.27,22.2,False,O,12.44,measured,22.02,12.37521052137133,0.8667,101.6451,101.6451,145.5306,99.534,99.534,142.5081,
TAC_A01,66,Ximenia americana,Olacaceae,797885.5979,9729480.13,10.1,6.54,1.86,20141009,False,O,P14,10.7,10.7,feldpausch_regional,0.18,default,-1.0,9.92,10.56,10.1,False,O,6.54,measured,9.92,6.455359434805607,0.8667,11.6654,11.6654,16.702,11.1207,11.1207,15.9222,
TAC_A01,67,Euterpe oleracea,Arecaceae,797887.8289,9729478.952,5.6,6.73,1.89,20141009,False,P,P14,6.9,6.9,feldpausch_regional,0.18,default,-1.0,5.42,6.73,5.6,False,P,6.73,measured,5.42,6.564613997991248,0.3877,3.7937,2.1519,2.1519,3.4739,1.9671,1.9671,
TAC_A01,68,Euterpe oleracea,Arecaceae,797883.2781,9729486.367,7.2,6.67,2.53,20141009,False,P,P14,8.34,8.34,feldpausch_regional,0.18,default,-1.0,7.02,8.18,7.2,False,P,6.67,measured,7.0200000000000005,6.544915359588909,0.3877,6.1422,4.2932,4.2932,5.739,4.0047,4.0047,
TAC_A01,69,Euterpe oleracea,Arecaceae,797883.1875,9729486.412,7.2,7.96,3.14,20141009,False,P,P14,8.34,8.34,feldpausch_regional,0.18,default,-1.0,7.02,8.18,7.2,False,P,7.96,measured,7.0200000000000005,7.810723577560378,0.3877,7.299,4.2932,4.2932,6.8199,4.0047,4.0047,
TAC_A01,70,Euterpe oleracea,Arecaceae,797874.671,9729490.67,10.0,9.88,4.92,20141009,False,P,P14,10.62,10.62,feldpausch_regional,0.18,default,-1.0,9.82,10.48,10.0,False,P,9.88,measured,9.82,9.750714090649362,0.3877,17.1137,10.5895,10.5895,16.3065,10.0739,10.0739,
TAC_A01,71,Ximenia americana,Olacaceae,797874.3992,9729490.806,16.7,11.77,2.8,20141009,False,O,P14,15.22,15.22,feldpausch_regional,0.18,default,-1.0,16.52,15.11,16.7,False,O,11.77,measured,16.52,11.68398185140012,0.8667,55.2435,55.2435,79.095,53.7013,53.7013,76.887,
TAC_A01,72,Ximenia americana,Olacaceae,797874.5246,9729490.966,15.2,8.41,2.97,20141009,False,O,P14,14.28,14.28,feldpausch_regional,0.18,default,-1.0,15.02,14.16,15.2,False,O,8.41,measured,15.02,8.34144114070062,0.8667,33.1147,33.1147,47.412,32.0961,32.0961,45.9536,
TAC_A01,73,Ximenia americana,Olacaceae,797874.1338,9729491.272,20.6,12.04,7.0,20141009,False,O,P14,17.5,17.5,feldpausch_regional,0.18,default,-1.0,20.42,17.4,20.6,False,O,12.04,measured,20.42,11.971365539981658,0.8667,85.0787,85.0787,121.8117,83.1683,83.1683,119.0764,
TAC_A01,74,Ximenia americana,Olacaceae,797874.0368,9729490.987,15.0,13.0,6.35,20141009,False,O,P14,14.15,14.15,feldpausch_regional,0.18,default,-1.0,14.82,14.03,15.0,False,O,13.0,measured,14.82,12.892391222830193,0.8667,49.3628,49.3628,70.6753,47.8236,47.8236,68.4715,
TAC_A01,75,Ximenia americana,Olacaceae,797874.3778,9729491.262,18.0,11.07,5.39,20141009,False,O,P14,16.01,16.01,feldpausch_regional,0.18,default,-1.0,17.82,15.9,18.0,False,O,11.07,measured,17.82,10.995908351525296,0.8667,60.2339,60.2339,86.24,58.6778,58.6778,84.0122,
TAC_A01,76,Ximenia americana,Olacaceae,797868.8131,9729494.137,10.8,6.92,3.3,20141009,False,O,P14,11.23,11.23,feldpausch_regional,0.18,default,-1.0,10.62,11.09,10.8,False,O,6.92,measured,10.620000000000001,6.836876818007736,0.8667,14.0491,14.0491,20.1148,13.4362,13.4362,19.2373,
TAC_A01,77,Ximenia americana,Olacaceae,797869.4485,9729493.822,14.0,12.92,5.05,20141009,False,O,P14,13.49,13.49,feldpausch_regional,0.18,default,-1.0,13.82,13.37,14.0,False,O,12.92,measured,13.82,12.804234509570556,0.8667,42.884,42.884,61.3992,41.4486,41.4486,59.3441,
TAC_A01,78,Ximenia americana,Olacaceae,797868.9039,9729494.092,20.1,11.41,4.53,20141009,False,O,P14,17.22,17.22,feldpausch_regional,0.18,default,-1.0,19.92,17.12,20.1,False,O,11.41,measured,19.92,11.343012436342601,0.8667,76.9503,76.9503,110.1738,75.1776,75.1776,107.6357,
TAC_A01,79,Ximenia americana,Olacaceae,797868.2989,9729494.285,10.1,5.86,3.3,20141009,False,O,P14,10.7,10.7,feldpausch_regional,0.18,default,-1.0,9.92,10.56,10.1,False,O,5.86,measured,9.92,5.7841599828686325,0.8667,10.4801,10.4801,15.0049,9.9907,9.9907,14.3043,
TAC_A01,80,Ximenia americana,Olacaceae,797867.724,9729494.678,6.5,3.56,2.16,20141009,False,O,P14,7.72,7.72,feldpausch_regional,0.18,default,-1.0,6.32,7.56,6.5,False,O,3.56,measured,6.32,3.4854400905477214,0.8667,2.7257,2.7257,3.9026,2.5276,2.5276,3.6189,
TAC_A01,81,Euterpe oleracea,Arecaceae,797868.779,9729498.601,8.0,6.65,2.28,20141009,False,P,P14,9.02,9.02,feldpausch_regional,0.18,default,-1.0,7.82,8.87,8.0,False,P,6.65,measured,7.82,6.538785271200869,0.3877,7.5226,5.7351,5.7351,7.0782,5.3874,5.3874,
TAC_A01,82,Euterpe oleracea,Arecaceae,797868.6869,9729498.645,9.2,9.19,4.57,20141009,False,P,P14,10.0,10.0,feldpausch_regional,0.18,default,-1.0,9.02,9.85,9.2,False,P,9.19,measured,9.02,9.058135004076414,0.3877,13.551,8.4208,8.4208,12.8556,7.9757,7.9757,
TAC_A01,83,Euterpe oleracea,Arecaceae,797868.5948,9729498.688,9.0,9.84,3.83,20141009,False,P,P14,9.84,9.84,feldpausch_regional,0.18,default,-1.0,8.82,9.69,9.0,False,P,9.84,measured,8.82,9.695350974960295,0.3877,13.8773,7.9272,7.9272,13.1493,7.4991,7.4991,
TAC_A01,84,Euterpe oleracea,Arecaceae,797868.4431,9729498.655,9.7,8.56,4.33,20141009,False,P,P14,10.39,10.39,feldpausch_regional,0.18,default,-1.0,9.52,10.25,9.7,False,P,8.56,measured,9.52,8.444144270424884,0.3877,14.0195,9.7392,9.7392,13.3376,9.2505,9.2505,
TAC_A01,85,Ximenia americana,Olacaceae,797868.9956,9729498.395,9.2,7.57,2.53,20141009,False,O,P14,10.0,10.0,feldpausch_regional,0.18,default,-1.0,9.02,9.85,9.2,False,O,7.57,measured,9.02,7.4613799761543484,0.8667,11.2143,11.2143,16.0561,10.6389,10.6389,15.2322,
TAC_A01,86,Euterpe oleracea,Arecaceae,797877.4386,9729494.536,6.6,8.15,2.98,20141009,False,P,P14,7.81,7.81,feldpausch_regional,0.18,default,-1.0,6.42,7.65,6.6,False,P,8.15,measured,6.42,7.982092823536059,0.3877,6.3023,3.3801,3.3801,5.8511,3.1327,3.1327,
TAC_A01,87,Euterpe oleracea,Arecaceae,797877.468,9729494.413,8.5,9.76,4.96,20141009,False,P,P14,9.43,9.43,feldpausch_regional,0.18,default,-1.0,8.32,9.29,8.5,False,P,9.76,measured,8.32,9.607238435124064,0.3877,12.3137,6.7748,6.7748,11.6294,6.3878,6.3878,
TAC_A01,88,Euterpe oleracea,Arecaceae,797877.6229,9729494.45,5.3,7.01,2.78,20141009,False,P,P14,6.62,6.62,feldpausch_regional,0.18,default,-1.0,5.12,6.44,5.3,False,P,7.01,measured,5.12,6.827307654382779,0.3877,3.5454,1.8497,1.8497,3.2299,1.6821,1.6821,
TAC_A01,89,Euterpe oleracea,Arecaceae,797877.715,9729494.407,7.8,9.52,4.34,20141009,False,P,P14,8.85,8.85,feldpausch_regional,0.18,default,-1.0,7.62,8.7,7.8,False,P,9.52,measured,7.62,9.356333340223655,0.3877,10.162,5.3496,5.3496,9.5463,5.0171,5.0171,
TAC_A01,90,Ximenia americana,Olacaceae,797881.7684,9729492.504,18.1,12.2,5.27,20141009,False,O,P14,16.07,16.07,feldpausch_regional,0.18,default,-1.0,17.92,15.96,18.1,False,O,12.2,measured,17.92,12.118876955610093,0.8667,66.9478,66.9478,95.8527,65.2283,65.2283,93.3907,
TAC_A01,91,Ximenia americana,Olacaceae,797882.0813,9729492.582,17.4,9.81,4.35,20141009,False,O,P14,15.65,15.65,feldpausch_regional,0.18,default,-1.0,17.22,15.54,17.4,False,O,9.81,measured,17.22,9.741670565123009,0.8667,50.1051,50.1051,71.7381,48.7645,48.7645,69.8187,
TAC_A01,92,Ximenia americana,Olacaceae,797889.7329,9729489.0,7.1,10.98,4.48,20141009,False,O,P14,8.25,8.25,feldpausch_regional,0.18,default,-1.0,6.92,8.1,7.1,False,O,10.98,measured,6.92,10.770946089574977,0.8667,9.7218,9.7218,13.9192,9.0746,9.0746,12.9926,
TAC_A01,93,Ximenia americana,Olacaceae,797889.9173,9729488.914,20.1,11.99,7.03,20141009,False,O,P14,17.22,17.22,feldpausch_regional,0.18,default,-1.0,19.92,17.12,20.1,False,O,11.99,measured,19.92,11.919607284114617,0.8667,80.7657,80.7657,115.6365,78.9051,78.9051,112.9726,
TAC_A01,94,Ximenia americana,Olacaceae,797889.7329,9729489.0,10.4,4.13,0.22,20141009,False,O,P14,10.93,10.93,feldpausch_regional,0.18,default,-1.0,10.22,10.79,10.4,False,O,4.13,measured,10.22,4.07825986897278,0.8667,7.8864,7.8864,11.2913,7.5289,7.5289,10.7795,
TAC_A01,95,Ximenia americana,Olacaceae,797890.3782,9729488.698,19.9,14.03,4.74,20141009,False,O,P14,17.11,17.11,feldpausch_regional,0.18,default,-1.0,19.72,17.01,19.9,False,O,14.03,measured,19.72,13.946639605344432,0.8667,92.3316,92.3316,132.196,90.1823,90.1823,129.1187,
TAC_A01,96,Ximenia americana,Olacaceae,797891.2079,9729488.31,18.9,11.89,5.09,20141009,False,O,P14,16.54,16.54,feldpausch_regional,0.18,default,-1.0,18.72,16.43,18.9,False,O,11.89,measured,18.72,11.814881786929234,0.8667,71.0381,71.0381,101.7091,69.2935,69.2935,99.2112,
TAC_A01,97,Ximenia americana,Olacaceae,797899.6898,9729491.133,24.2,13.19,5.45,20141009,False,O,P14,19.4,19.4,feldpausch_regional,0.18,default,-1.0,24.02,19.31,24.2,False,O,13.19,measured,24.02,13.128181514871844,0.8667,127.3583,127.3583,182.3456,124.9415,124.9415,178.8854,
TAC_A01,98,Euterpe oleracea,Arecaceae,797888.1276,9729496.142,5.8,8.58,3.49,20141009,False,P,P14,7.09,7.09,feldpausch_regional,0.18,default,-1.0,5.62,6.92,5.8,False,P,8.58,measured,5.62,8.376917910966165,0.3877,5.1494,2.3698,2.3698,4.7302,2.1731,2.1731,
TAC_A01,99,Ximenia americana,Olacaceae,797886.8116,9729496.712,17.9,13.16,4.44,20141009,False,O,P14,15.95,15.95,feldpausch_regional,0.18,default,-1.0,17.72,15.84,17.9,False,O,13.16,measured,17.72,13.071339845256903,0.8667,70.5381,70.5381,100.9931,68.7053,68.7053,98.369,
TAC_A01,100,Ximenia americana,Olacaceae,797886.5296,9729496.834,13.7,12.94,4.17,20141009,False,O,P14,13.29,13.29,feldpausch_regional,0.18,default,-1.0,13.52,13.17,13.7,False,O,12.94,measured,13.52,12.8211491521229,0.8667,41.1706,41.1706,58.9461,39.7616,39.7616,56.9288,
TAC_A01,101,Ximenia americana,Olacaceae,797886.3416,9729496.916,7.2,9.85,5.4,20141009,False,O,P14,8.34,8.34,feldpausch_regional,0.18,default,-1.0,7.02,8.18,7.2,False,O,9.85,measured,7.0200000000000005,9.665279803890668,0.8667,8.986,8.986,12.8658,8.3961,8.3961,12.0212,
TAC_A01,102,Ximenia americana,Olacaceae,797885.9707,9729497.408,8.7,6.93,4.62,20141009,False,O,P14,9.6,9.6,feldpausch_regional,0.18,default,-1.0,8.52,9.45,8.7,False,O,6.93,measured,8.52,6.824263248327531,0.8667,9.2248,9.2248,13.2077,8.724,8.724,12.4907,
TAC_A01,103,Ximenia americana,Olacaceae,797885.6836,9729497.201,10.8,7.25,3.07,20141009,False,O,P14,11.23,11.23,feldpausch_regional,0.18,default,-1.0,10.62,11.09,10.8,False,O,7.25,measured,10.620000000000001,7.162912851236429,0.8667,14.7026,14.7026,21.0505,14.0612,14.0612,20.1322,
TAC_A01,104,Ximenia americana,Olacaceae,797885.4956,9729497.282,9.6,6.1,3.66,20141009,False,O,P14,10.31,10.31,feldpausch_regional,0.18,default,-1.0,9.42,10.17,9.6,False,O,6.1,measured,9.42,6.016487870873384,0.8667,9.8704,9.8704,14.132,9.3853,9.3853,13.4374,
TAC_A01,105,Ximenia americana,Olacaceae,797885.3076,9729497.364,15.8,13.91,4.64,20141009,False,O,P14,14.66,14.66,feldpausch_regional,0.18,default,-1.0,15.62,14.55,15.8,False,O,13.91,measured,15.620000000000001,13.801572850693418,0.8667,58.3615,58.3615,83.5593,56.6365,56.6365,81.0895,
TAC_A01,106,Ximenia americana,Olacaceae,797885.0897,9729497.568,19.7,12.94,5.91,20141009,False,O,P14,17.0,17.0,feldpausch_regional,0.18,default,-1.0,19.52,16.89,19.7,False,O,12.94,measured,19.52,12.862182923699878,0.8667,83.6578,83.6578,119.7773,81.6899,81.6899,116.9598,
TAC_A01,107,Ximenia americana,Olacaceae,797884.9957,9729497.609,6.1,4.43,2.29,20141009,False,O,P14,7.36,7.36,feldpausch_regional,0.18,default,-1.0,5.92,7.2,6.1,False,O,4.43,measured,5.92,4.3306625354347545,0.8667,2.9807,2.9807,4.2676,2.7499,2.7499,3.9371,
TAC_A01,108,Ximenia americana,Olacaceae,797884.9016,9729497.649,16.9,11.66,4.89,20141009,False,O,P14,15.35,15.35,feldpausch_regional,0.18,default,-1.0,16.72,15.24,16.9,False,O,11.66,measured,16.72,11.575962910760747,0.8667,56.0265,56.0265,80.2161,54.4816,54.4816,78.0041,
TAC_A01,109,Ximenia americana,Olacaceae,797883.115,9729498.422,7.0,5.01,3.95,20141009,False,O,P14,8.17,8.17,feldpausch_regional,0.18,default,-1.0,6.82,8.01,7.0,False,O,5.01,measured,6.82,4.91313672958339,0.8667,4.3968,4.3968,6.2951,4.0999,4.0999,5.8701,
TAC_A01,110,Ximenia americana,Olacaceae,797883.021,9729498.463,5.1,5.46,2.93,20141009,False,O,P14,6.43,6.43,feldpausch_regional,0.18,default,-1.0,4.92,6.25,5.1,False,O,5.46,measured,4.92,5.311753557211615,0.8667,2.5771,2.5771,3.6898,2.3389,2.3389,3.3487,
TAC_A01,111,Ximenia americana,Olacaceae,797881.2343,9729499.236,21.2,11.07,5.39,20141009,False,O,P14,17.83,17.83,feldpausch_regional,0.18,default,-1.0,21.02,17.73,21.2,False,O,11.07,measured,21.02,11.00903824260082,0.8667,82.9004,82.9004,118.6928,81.0937,81.0937,116.1061,
TAC_A01,112,Ximenia americana,Olacaceae,797881.0149,9729499.438,7.0,3.84,3.35,20141009,False,O,P14,8.17,8.17,feldpausch_regional,0.18,default,-1.0,6.82,8.01,7.0,False,O,3.84,measured,6.82,3.7657574933333766,0.8667,3.3916,3.3916,4.8559,3.1626,3.1626,4.528,
TAC_A01,113,Euterpe oleracea,Arecaceae,797875.7804,9729501.595,7.1,9.5,5.47,20141009,False,P,P14,8.25,8.25,feldpausch_regional,0.18,default,-1.0,6.92,8.1,7.1,False,P,9.5,measured,6.92,9.31912457659037,0.3877,8.4406,4.1313,4.1313,7.8788,3.8498,3.8498,
TAC_A01,114,Euterpe oleracea,Arecaceae,797875.6864,9729501.636,7.9,9.88,4.63,20141009,False,P,P14,8.94,8.94,feldpausch_regional,0.18,default,-1.0,7.72,8.79,7.9,False,P,9.88,measured,7.720000000000001,9.712485077800181,0.3877,10.8022,5.5402,5.5402,10.156,5.2001,5.2001,
TAC_A01,115,Euterpe oleracea,Arecaceae,797875.7473,9729501.713,7.0,9.38,4.23,20141009,False,P,P14,8.17,8.17,feldpausch_regional,0.18,default,-1.0,6.82,8.01,7.0,False,P,9.38,measured,6.82,9.198647210277885,0.3877,8.1089,3.9734,3.9734,7.5614,3.6988,3.6988,
TAC_A01,116,Euterpe oleracea,Arecaceae,797875.5924,9729501.676,6.6,9.17,4.47,20141009,False,P,P14,7.81,7.81,feldpausch_regional,0.18,default,-1.0,6.42,7.65,6.6,False,P,9.17,measured,6.42,8.981078673843639,0.3877,7.071,3.3801,3.3801,6.5647,3.1327,3.1327,
TAC_A01,117,Euterpe oleracea,Arecaceae,797875.4983,9729501.717,9.1,9.95,5.11,20141009,False,P,P14,9.92,9.92,feldpausch_regional,0.18,default,-1.0,8.92,9.77,9.1,False,P,9.95,measured,8.92,9.805501417667339,0.3877,14.3346,8.1717,8.1717,13.5909,7.7351,7.7351,
TAC_A01,118,Euterpe oleracea,Arecaceae,797875.5258,9729501.913,8.4,7.43,2.83,20141009,False,P,P14,9.35,9.35,feldpausch_regional,0.18,default,-1.0,8.22,9.2,8.4,False,P,7.43,measured,8.22,7.312190594858886,0.3877,9.2202,6.558,6.558,8.7016,6.179,6.179,
TAC_A01,119,Euterpe oleracea,Arecaceae,797875.4043,9729501.758,5.2,5.55,2.18,20141009,False,P,P14,6.52,6.52,feldpausch_regional,0.18,default,-1.0,5.02,6.35,5.2,False,P,5.55,measured,5.0200000000000005,5.402392534265175,0.3877,2.7198,1.7554,1.7554,2.4731,1.5934,1.5934,
TAC_A01,120,Euterpe oleracea,Arecaceae,797874.652,9729502.083,6.0,7.38,2.81,20141009,False,P,P14,7.27,7.27,feldpausch_regional,0.18,default,-1.0,5.82,7.11,6.0,False,P,7.38,measured,5.82,7.2115516970093125,0.3877,4.7494,2.6012,2.6012,4.3755,2.3923,2.3923,
TAC_A01,121,Euterpe oleracea,Arecaceae,797875.4043,9729501.758,5.3,4.68,2.2,20141009,False,P,P14,6.62,6.62,feldpausch_regional,0.18,default,-1.0,5.12,6.44,5.3,False,P,4.68,measured,5.12,4.558031358418175,0.3877,2.3901,1.8497,1.8497,2.1773,1.6821,1.6821,
TAC_A01,122,Euterpe oleracea,Arecaceae,797875.5591,9729501.795,5.9,7.56,3.26,20141009,False,P,P14,7.18,7.18,feldpausch_regional,0.18,default,-1.0,5.72,7.01,5.9,False,P,7.56,measured,5.720000000000001,7.384306508437919,0.3877,4.7054,2.4838,2.4838,4.3288,2.281,2.281,
TAC_A01,123,Euterpe oleracea,Arecaceae,797873.0535,9729502.774,7.0,8.55,5.01,20141009,False,P,P14,8.17,8.17,feldpausch_regional,0.18,default,-1.0,6.82,8.01,7.0,False,P,8.55,measured,6.82,8.384694418750097,0.3877,7.4078,3.9734,3.9734,6.9077,3.6988,3.6988,
TAC_A01,124,Euterpe oleracea,Arecaceae,797872.9594,9729502.815,6.2,8.3,4.1,20141009,False,P,P14,7.45,7.45,feldpausch_regional,0.18,default,-1.0,6.02,7.29,6.2,False,P,8.3,measured,6.0200000000000005,8.117103588215068,0.3877,5.6784,2.8465,2.8465,5.2458,2.6251,2.6251,
TAC_A01,125,Ximenia americana,Olacaceae,797873.0535,9729502.774,24.5,10.21,4.97,20141009,False,O,P14,19.55,19.55,feldpausch_regional,0.18,default,-1.0,24.32,19.46,24.5,False,O,10.21,measured,24.32,10.162869317805397,0.8667,101.6066,101.6066,145.4756,99.7033,99.7033,142.7505,
TAC_A01,126,Euterpe oleracea,Arecaceae,797873.0193,9729502.892,8.0,9.69,4.84,20141009,False,P,P14,9.02,9.02,feldpausch_regional,0.18,default,-1.0,7.82,8.87,8.0,False,P,9.69,measured,7.82,9.527944252321264,0.3877,10.8629,5.7351,5.7351,10.2212,5.3874,5.3874,
TAC_A01,127,Euterpe oleracea,Arecaceae,797872.549,9729503.095,5.9,9.46,3.86,20141009,False,P,P14,7.18,7.18,feldpausch_regional,0.18,default,-1.0,5.72,7.01,5.9,False,P,9.46,measured,5.720000000000001,9.240150736749037,0.3877,5.8564,2.4838,2.4838,5.3877,2.281,2.281,
TAC_A01,128,Euterpe oleracea,Arecaceae,797872.455,9729503.136,6.6,7.85,3.54,20141009,False,P,P14,7.81,7.81,feldpausch_regional,0.18,default,-1.0,6.42,7.65,6.6,False,P,7.85,measured,6.42,7.688273455798534,0.3877,6.0758,3.3801,3.3801,5.6408,3.1327,3.1327,
TAC_A01,129,Euterpe oleracea,Arecaceae,797872.4206,9729503.252,7.4,7.25,4.64,20141009,False,P,P14,8.51,8.51,feldpausch_regional,0.18,default,-1.0,7.22,8.36,7.4,False,P,7.25,measured,7.220000000000001,7.118018239136538,0.3877,7.029,4.629,4.629,6.58,4.3261,4.3261,
TAC_A01,130,Zanthoxylum rhoifolium,Rutaceae,797877.361,9729502.168,8.8,9.01,4.64,20141009,False,O,P14,9.68,9.68,feldpausch_regional,0.18,default,-1.0,8.62,9.53,8.8,False,O,9.01,measured,8.620000000000001,8.874240551825848,0.5692,12.1872,12.1872,11.5772,11.5331,11.5331,10.9559,
TAC_A01,131,Myrciaria floribunda,Myrtaceae,797874.7853,9729503.058,7.9,7.26,2.92,20141009,False,O,P14,8.94,8.94,feldpausch_regional,0.18,default,-1.0,7.72,8.79,7.9,False,O,7.26,measured,7.720000000000001,7.136907051096085,0.785,7.9966,7.9966,10.3949,7.5182,7.5182,9.7731,
TAC_A01,132,Myrciaria floribunda,Myrtaceae,797880.3556,9729504.872,7.3,5.95,3.41,20141009,False,O,P14,8.43,8.43,feldpausch_regional,0.18,default,-1.0,7.12,8.27,7.3,False,O,5.95,measured,7.12,5.840073464727041,0.785,5.6441,5.6441,7.3369,5.2787,5.2787,6.8619,
TAC_A01,133,Myrciaria floribunda,Myrtaceae,797880.26,9729504.91,6.1,4.83,3.71,20141009,False,O,P14,7.36,7.36,feldpausch_regional,0.18,default,-1.0,5.92,7.2,6.1,False,O,4.83,measured,5.92,4.721693012674914,0.785,3.2431,3.2431,4.2157,2.9919,2.9919,3.8893,
TAC_A01,134,Euterpe oleracea,Arecaceae,797884.5209,9729504.249,7.1,6.96,3.69,20141009,False,P,P14,8.25,8.25,feldpausch_regional,0.18,default,-1.0,6.92,8.1,7.1,False,P,6.96,measured,6.92,6.82748495295463,0.3877,6.2302,4.1313,4.1313,5.8155,3.8498,3.8498,
TAC_A01,135,Euterpe oleracea,Arecaceae,797884.6168,9729504.211,35.4,8.8,6.01,20141009,False,P,P14,24.36,24.36,feldpausch_regional,0.18,default,-1.0,35.22,24.29,35.4,False,P,8.8,measured,35.22,8.774608094347068,0.3877,180.2728,341.7451,341.7451,177.9851,336.9907,336.9907,
TAC_A01,136,Euterpe oleracea,Arecaceae,797884.5209,9729504.249,7.6,7.38,3.01,20141009,False,P,P14,8.68,8.68,feldpausch_regional,0.18,default,-1.0,7.42,8.53,7.6,False,P,7.38,measured,7.42,7.249487264215062,0.3877,7.5341,4.981,4.981,7.0656,4.6635,4.6635,
TAC_A01,137,Euterpe oleracea,Arecaceae,797884.6168,9729504.211,7.7,9.45,4.73,20141009,False,P,P14,8.77,8.77,feldpausch_regional,0.18,default,-1.0,7.52,8.62,7.7,False,P,9.45,measured,7.5200000000000005,9.28523899222299,0.3877,9.8381,5.1632,5.1632,9.2343,4.8382,4.8382,
TAC_A01,138,Euterpe oleracea,Arecaceae,797884.7755,9729504.253,6.7,8.91,3.94,20141009,False,P,P14,7.9,7.9,feldpausch_regional,0.18,default,-1.0,6.52,7.74,6.7,False,P,8.91,measured,6.5200000000000005,8.729387822093964,0.3877,7.0801,3.5227,3.5227,6.5807,3.2687,3.2687,
TAC_A01,139,Euterpe oleracea,Arecaceae,797885.0967,9729504.02,6.5,6.82,2.31,20141009,False,P,P14,7.72,7.72,feldpausch_regional,0.18,default,-1.0,6.32,7.56,6.5,False,P,6.82,measured,6.32,6.677163319532433,0.3877,5.1409,3.2412,3.2412,4.7672,3.0005,3.0005,
TAC_A01,140,Ximenia americana,Olacaceae,797888.6798,9729502.492,20.1,13.1,5.91,20141009,False,O,P14,17.22,17.22,feldpausch_regional,0.18,default,-1.0,19.92,17.12,20.1,False,O,13.1,measured,19.92,13.023090527264511,0.8667,88.0554,88.0554,126.0736,86.0269,86.0269,123.1693,
TAC_A01,141,Ximenia americana,Olacaceae,797888.8716,9729502.416,13.5,12.5,7.94,20141009,False,O,P14,13.15,13.15,feldpausch_regional,0.18,default,-1.0,13.32,13.03,13.5,False,O,12.5,measured,13.32,12.383248282496634,0.8667,38.6773,38.6773,55.3764,37.3336,37.3336,53.4524,
TAC_A01,142,Ximenia americana,Olacaceae,797888.8716,9729502.416,21.1,13.34,6.61,20141009,False,O,P14,17.78,17.78,feldpausch_regional,0.18,default,-1.0,20.92,17.68,21.1,False,O,13.34,measured,20.92,13.266117544581679,0.8667,98.5399,98.5399,141.0848,96.3818,96.3818,137.9949,
TAC_A01,143,Ximenia americana,Olacaceae,797885.1837,9729497.527,13.4,6.92,4.23,20141009,False,O,P14,13.08,13.08,feldpausch_regional,0.18,default,-1.0,13.22,12.96,13.4,False,O,6.92,measured,13.22,6.854816402390278,0.8667,21.4049,21.4049,30.6465,20.6555,20.6555,29.5736,
TAC_A01,144,Ximenia americana,Olacaceae,797886.5002,9729496.958,16.4,10.48,5.4,20141009,False,O,P14,15.04,15.04,feldpausch_regional,0.18,default,-1.0,16.22,14.93,16.4,False,O,10.48,measured,16.22,10.401772991726787,0.8667,47.6111,47.6111,68.1674,46.2569,46.2569,66.2285,
TAC_A01,145,Myrciaria floribunda,Myrtaceae,797886.7176,9729496.753,6.7,5.77,3.88,20141009,False,O,P14,7.9,7.9,feldpausch_regional,0.18,default,-1.0,6.52,7.74,6.7,False,O,5.77,measured,6.5200000000000005,5.653037904992386,0.785,4.633,4.633,6.0226,4.3062,4.3062,5.5978,
TAC_A01,146,Ximenia americana,Olacaceae,797888.1928,9729496.226,11.4,8.26,5.58,20141009,False,O,P14,11.67,11.67,feldpausch_regional,0.18,default,-1.0,11.22,11.54,11.4,False,O,8.26,measured,11.22,8.166603569281502,0.8667,18.5572,18.5572,26.5693,17.791,17.791,25.4722,
TAC_A01,147,Euterpe oleracea,Arecaceae,797893.3646,9729493.988,8.0,9.42,5.72,20141009,False,P,P14,9.02,9.02,feldpausch_regional,0.18,default,-1.0,7.82,8.87,8.0,False,P,9.42,measured,7.82,9.262459737550703,0.3877,10.5673,5.7351,5.7351,9.9432,5.3874,5.3874,
TAC_A01,148,Euterpe oleracea,Arecaceae,797893.4587,9729493.948,6.6,7.38,5.21,20141009,False,P,P14,7.81,7.81,feldpausch_regional,0.18,default,-1.0,6.42,7.65,6.6,False,P,7.38,measured,6.42,7.2279564463430805,0.3877,5.7205,3.3801,3.3801,5.3109,3.1327,3.1327,
TAC_A01,149,Ximenia americana,Olacaceae,797894.2109,9729493.622,21.0,12.25,6.87,20141009,False,O,P14,17.72,17.72,feldpausch_regional,0.18,default,-1.0,20.82,17.62,21.0,False,O,12.25,measured,20.82,12.181764995702167,0.8667,89.8367,89.8367,128.6239,87.8594,87.8594,125.7929,
TAC_A01,150,Ximenia americana,Olacaceae,797894.305,9729493.582,18.3,11.49,4.79,20141009,False,O,P14,16.19,16.19,feldpausch_regional,0.18,default,-1.0,18.12,16.08,18.3,False,O,11.49,measured,18.12,11.41458276921726,0.8667,64.5116,64.5116,92.3646,62.8733,62.8733,90.0191,
TAC_A01,151,Ximenia americana,Olacaceae,797894.5871,9729493.46,16.8,9.01,3.48,20141009,False,O,P14,15.29,15.29,feldpausch_regional,0.18,default,-1.0,16.62,15.18,16.8,False,O,9.01,measured,16.62,8.944610208266461,0.8667,43.0602,43.0602,61.6515,41.8655,41.8655,59.9411,
TAC_A01,152,Ximenia americana,Olacaceae,797894.6544,9729493.546,21.4,9.12,4.07,20141009,False,O,P14,17.94,17.94,feldpausch_regional,0.18,default,-1.0,21.22,17.84,21.4,False,O,9.12,measured,21.22,9.070342701796413,0.8667,69.8849,69.8849,100.0579,68.3767,68.3767,97.8986,
TAC_A01,153,Ximenia americana,Olacaceae,797897.22,9729492.321,19.3,11.47,4.69,20141009,False,O,P14,16.77,16.77,feldpausch_regional,0.18,default,-1.0,19.12,16.67,19.3,False,O,11.47,measured,19.12,11.399316216810385,0.8667,71.45,71.45,102.2988,69.7331,69.7331,99.8405,
TAC_A01,154,Ximenia americana,Olacaceae,797897.4081,9729492.239,17.7,12.32,7.37,20141009,False,O,P14,15.83,15.83,feldpausch_regional,0.18,default,-1.0,17.52,15.72,17.7,False,O,12.32,measured,17.52,12.235893989553913,0.8667,64.7054,64.7054,92.6421,63.0045,63.0045,90.2069,
TAC_A01,155,Ximenia americana,Olacaceae,797898.5365,9729491.751,18.8,9.61,4.65,20141009,False,O,P14,16.48,16.48,feldpausch_regional,0.18,default,-1.0,18.62,16.38,18.8,False,O,9.61,measured,18.62,9.548903072656937,0.8667,57.1156,57.1156,81.7754,55.7052,55.7052,79.7561,
TAC_A01,156,Euterpe oleracea,Arecaceae,797899.7589,9729491.222,6.1,6.58,3.32,20141009,False,P,P14,7.36,7.36,feldpausch_regional,0.18,default,-1.0,5.92,7.2,6.1,False,P,6.58,measured,5.92,6.432451350600607,0.3877,4.3854,2.7221,2.7221,4.0458,2.507,2.507,
TAC_A01,157,Euterpe oleracea,Arecaceae,797899.8281,9729491.311,5.0,5.2,2.67,20141009,False,P,P14,6.33,6.33,feldpausch_regional,0.18,default,-1.0,4.82,6.15,5.0,False,P,5.2,measured,4.82,5.05580804280107,0.3877,2.3641,1.576,1.576,2.1413,1.4249,1.4249,
TAC_A01,158,Euterpe oleracea,Arecaceae,797899.6898,9729491.133,8.7,8.07,4.84,20141009,False,P,P14,9.6,9.6,feldpausch_regional,0.18,default,-1.0,8.52,9.45,8.7,False,P,8.07,measured,8.52,7.946869323809983,0.3877,10.7031,7.222,7.222,10.1221,6.8187,6.8187,
TAC_A01,1,Theobroma grandiflorum,Malvaceae,798934.7132,9727963.252,19.2,1.58,1.54,20141009,False,O,P15,16.71,16.71,feldpausch_regional,0.18,default,-1.0,19.02,16.61,19.2,False,O,1.58,measured,19.02,1.5702029129092436,0.5297,10.2177,10.2177,9.0478,9.9709,9.9709,8.8292,
TAC_A01,2,Theobroma grandiflorum,Malvaceae,798931.747,9727966.134,16.2,3.72,1.4,20141009,False,O,P15,14.91,14.91,feldpausch_regional,0.18,default,-1.0,16.02,14.8,16.2,False,O,3.72,measured,16.02,3.6918329157267467,0.5297,16.9155,16.9155,14.9787,16.4282,16.4282,14.5472,
TAC_A01,3,Theobroma grandiflorum,Malvaceae,798926.0266,9727971.692,17.9,5.02,1.35,20141009,False,O,P15,15.95,15.95,feldpausch_regional,0.18,default,-1.0,17.72,15.84,17.9,False,O,5.02,measured,17.72,4.986179788996174,0.5297,27.537,27.537,24.384,26.8215,26.8215,23.7505,
TAC_A01,4,Theobroma grandiflorum,Malvaceae,798923.2017,9727974.436,22.9,5.8,2.06,20141009,False,O,P15,18.73,18.73,feldpausch_regional,0.18,default,-1.0,22.72,18.64,22.9,False,O,5.8,measured,22.72,5.770913084463303,0.5297,51.282,51.282,45.4103,50.251,50.251,44.4973,
TAC_A01,5,Theobroma grandiflorum,Malvaceae,798920.3062,9727977.249,5.5,3.68,1.16,20141009,False,O,P15,6.81,6.81,feldpausch_regional,0.18,default,-1.0,5.32,6.64,5.5,False,O,3.68,measured,5.32,3.5878087008904638,0.5297,2.032,2.032,1.7993,1.8576,1.8576,1.6449,
TAC_A01,6,Theobroma grandiflorum,Malvaceae,798917.4107,9727980.062,18.5,5.21,1.47,20141009,False,O,P15,16.31,16.31,feldpausch_regional,0.18,default,-1.0,18.32,16.2,18.5,False,O,5.21,measured,18.32,5.176239600793273,0.5297,30.4518,30.4518,26.9651,29.6872,29.6872,26.288,
TAC_A01,7,Theobroma grandiflorum,Malvaceae,798914.7977,9727982.601,23.0,4.76,1.84,20141009,False,O,P15,18.79,18.79,feldpausch_regional,0.18,default,-1.0,22.82,18.69,23.0,False,O,4.76,measured,22.82,4.73625531901203,0.5297,42.6479,42.6479,37.7648,41.7943,41.7943,37.0089,
TAC_A01,8,Theobroma grandiflorum,Malvaceae,798918.6172,9727986.481,24.1,5.03,2.65,20141009,False,O,P15,19.35,19.35,feldpausch_regional,0.18,default,-1.0,23.92,19.26,24.1,False,O,5.03,measured,23.92,5.006305080724622,0.5297,49.3047,49.3047,43.6594,48.365,48.365,42.8273,
TAC_A01,9,Theobroma grandiflorum,Malvaceae,798921.4344,9727983.734,21.9,6.37,2.71,20141009,False,O,P15,18.21,18.21,feldpausch_regional,0.18,default,-1.0,21.72,18.11,21.9,False,O,6.37,measured,21.72,6.336271856624036,0.5297,51.5048,51.5048,45.6076,50.4198,50.4198,44.6468,
TAC_A01,10,Theobroma grandiflorum,Malvaceae,798924.1106,9727981.124,23.4,5.64,2.0,20141009,False,O,P15,18.99,18.99,feldpausch_regional,0.18,default,-1.0,23.22,18.9,23.4,False,O,5.64,measured,23.22,5.612452579650126,0.5297,52.0497,52.0497,46.0901,51.0266,51.0266,45.1841,
TAC_A01,11,Theobroma grandiflorum,Malvaceae,798926.9982,9727978.308,20.0,5.97,1.68,20141009,False,O,P15,17.17,17.17,feldpausch_regional,0.18,default,-1.0,19.82,17.07,20.0,False,O,5.97,measured,19.82,5.934740668168242,0.5297,40.4969,40.4969,35.8601,39.5592,39.5592,35.0297,
TAC_A01,12,Theobroma grandiflorum,Malvaceae,798930.1674,9727975.217,20.0,4.58,1.54,20141009,False,O,P15,17.17,17.17,feldpausch_regional,0.18,default,-1.0,19.82,17.07,20.0,False,O,4.58,measured,19.82,4.552950127338451,0.5297,31.2663,31.2663,27.6863,30.5422,30.5422,27.0452,
TAC_A01,13,Theobroma grandiflorum,Malvaceae,798932.8437,9727972.607,14.5,1.48,0.99,20141009,False,O,P15,13.82,13.82,feldpausch_regional,0.18,default,-1.0,14.32,13.7,14.5,False,O,1.48,measured,14.32,1.4672617992103876,0.5297,5.5415,5.5415,4.907,5.3626,5.3626,4.7486,
TAC_A01,14,Theobroma grandiflorum,Malvaceae,798935.8017,9727969.723,18.8,3.17,1.89,20141009,False,O,P15,16.48,16.48,feldpausch_regional,0.18,default,-1.0,18.62,16.38,18.8,False,O,3.17,measured,18.62,3.149846278909729,0.5297,19.3486,19.3486,17.1332,18.8708,18.8708,16.7102,
TAC_A01,15,Theobroma grandiflorum,Malvaceae,798938.6188,9727966.976,15.0,3.72,0.96,20141009,False,O,P15,14.15,14.15,feldpausch_regional,0.18,default,-1.0,14.82,14.03,15.0,False,O,3.72,measured,14.82,3.6892073345329477,0.5297,14.556,14.556,12.8893,14.1021,14.1021,12.4874,
TAC_A01,16,Theobroma grandiflorum,Malvaceae,798943.2894,9727971.765,22.6,6.42,2.03,20141009,False,O,P15,18.58,18.58,feldpausch_regional,0.18,default,-1.0,22.42,18.48,22.6,False,O,6.42,measured,22.42,6.387281987984689,0.5297,55.1867,55.1867,48.8679,54.0617,54.0617,47.8717,
TAC_A01,17,Theobroma grandiflorum,Malvaceae,798940.2714,9727974.722,19.0,5.58,2.81,20141009,False,O,P15,16.6,16.6,feldpausch_regional,0.18,default,-1.0,18.82,16.49,19.0,False,O,5.58,measured,18.82,5.544966988930548,0.5297,34.3007,34.3007,30.3733,33.4629,33.4629,29.6314,
TAC_A01,18,Theobroma grandiflorum,Malvaceae,798937.3236,9727977.611,19.3,5.4,1.79,20141009,False,O,P15,16.77,16.77,feldpausch_regional,0.18,default,-1.0,19.12,16.67,19.3,False,O,5.4,measured,19.12,5.366722543223721,0.5297,34.2519,34.2519,30.3301,33.4288,33.4288,29.6013,
TAC_A01,19,Theobroma grandiflorum,Malvaceae,798934.9372,9727979.949,24.3,4.08,1.52,20141009,False,O,P15,19.45,19.45,feldpausch_regional,0.18,default,-1.0,24.12,19.36,24.3,False,O,4.08,measured,24.12,4.060974868756663,0.5297,40.8478,40.8478,36.1708,40.076,40.076,35.4873,
TAC_A01,20,Theobroma grandiflorum,Malvaceae,798931.849,9727982.975,19.7,6.42,1.98,20141009,False,O,P15,17.0,17.0,feldpausch_regional,0.18,default,-1.0,19.52,16.89,19.7,False,O,6.42,measured,19.52,6.381392146070573,0.5297,42.2098,42.2098,37.3768,41.2168,41.2168,36.4976,
TAC_A01,21,Theobroma grandiflorum,Malvaceae,798928.9011,9727985.863,21.0,5.54,1.57,20141009,False,O,P15,17.72,17.72,feldpausch_regional,0.18,default,-1.0,20.82,17.62,21.0,False,O,5.54,measured,20.82,5.509141067444082,0.5297,41.4093,41.4093,36.668,40.4979,40.4979,35.861,
TAC_A01,22,Theobroma grandiflorum,Malvaceae,798926.3042,9727988.408,20.3,5.72,2.27,20141009,False,O,P15,17.33,17.33,feldpausch_regional,0.18,default,-1.0,20.12,17.23,20.3,False,O,5.72,measured,20.12,5.686813984026624,0.5297,39.9863,39.9863,35.4079,39.0746,39.0746,34.6006,
TAC_A01,23,Theobroma grandiflorum,Malvaceae,798923.3564,9727991.296,21.1,4.11,1.18,20141009,False,O,P15,17.78,17.78,feldpausch_regional,0.18,default,-1.0,20.92,17.68,21.1,False,O,4.11,measured,20.92,4.087237114560023,0.5297,31.2298,31.2298,27.654,30.5459,30.5459,27.0484,
TAC_A01,24,Theobroma grandiflorum,Malvaceae,798928.0224,9727995.617,7.0,3.73,1.07,20141009,False,O,P15,8.17,8.17,feldpausch_regional,0.18,default,-1.0,6.82,8.01,7.0,False,O,3.73,measured,6.82,3.6578842318055975,0.5297,3.2967,3.2967,2.9192,3.0741,3.0741,2.7221,
TAC_A01,25,Theobroma grandiflorum,Malvaceae,798933.407,9727989.612,18.2,4.78,1.96,20141009,False,O,P15,16.13,16.13,feldpausch_regional,0.18,default,-1.0,18.02,16.02,18.2,False,O,4.78,measured,18.02,4.748421706184719,0.5297,27.117,27.117,24.0121,26.4245,26.4245,23.3989,
TAC_A01,26,Theobroma grandiflorum,Malvaceae,798936.1362,9727986.927,14.5,3.74,1.57,20141009,False,O,P15,13.82,13.82,feldpausch_regional,0.18,default,-1.0,14.32,13.7,14.5,False,O,3.74,measured,14.32,3.7078102223289524,0.5297,13.6954,13.6954,12.1273,13.2532,13.2532,11.7357,
TAC_A01,27,Theobroma grandiflorum,Malvaceae,798939.0053,9727984.104,18.6,3.67,1.26,20141009,False,O,P15,16.36,16.36,feldpausch_regional,0.18,default,-1.0,18.42,16.26,18.6,False,O,3.67,measured,18.42,3.646369922889781,0.5297,21.8607,21.8607,19.3577,21.3148,21.3148,18.8743,
TAC_A01,28,Theobroma grandiflorum,Malvaceae,798941.8044,9727981.35,20.6,4.83,1.68,20141009,False,O,P15,17.5,17.5,feldpausch_regional,0.18,default,-1.0,20.42,17.4,20.6,False,O,4.83,measured,20.42,4.802466408481014,0.5297,34.8869,34.8869,30.8924,34.1035,34.1035,30.1987,
TAC_A01,29,Theobroma grandiflorum,Malvaceae,798944.6035,9727978.597,26.2,4.33,1.69,20141009,False,O,P15,20.38,20.38,feldpausch_regional,0.18,default,-1.0,26.02,20.3,26.2,False,O,4.33,measured,26.02,4.3116088173670475,0.5297,50.1415,50.1415,44.4003,49.2661,49.2661,43.6252,
TAC_A01,30,Theobroma grandiflorum,Malvaceae,798947.4726,9727975.774,19.0,3.96,1.54,20141009,False,O,P15,16.6,16.6,feldpausch_regional,0.18,default,-1.0,18.82,16.49,19.0,False,O,3.96,measured,18.82,3.9351378631120015,0.5297,24.5436,24.5436,21.7334,23.9441,23.9441,21.2026,
TAC_A01,31,Theobroma grandiflorum,Malvaceae,798951.6549,9727980.063,23.2,4.72,1.64,20141009,False,O,P15,18.89,18.89,feldpausch_regional,0.18,default,-1.0,23.02,18.8,23.2,False,O,4.72,measured,23.02,4.696702676486282,0.5297,43.019,43.019,38.0934,42.1658,42.1658,37.3379,
TAC_A01,32,Theobroma grandiflorum,Malvaceae,798948.7248,9727982.958,12.4,1.58,0.53,20141009,False,O,P15,12.39,12.39,feldpausch_regional,0.18,default,-1.0,12.22,12.26,12.4,False,O,1.58,measured,12.22,1.5637481787877352,0.5297,4.3522,4.3522,3.8539,4.1873,4.1873,3.7078,
TAC_A01,33,Theobroma grandiflorum,Malvaceae,798946.0739,9727985.577,7.3,2.7,1.01,20141009,False,O,P15,8.43,8.43,feldpausch_regional,0.18,default,-1.0,7.12,8.27,7.3,False,O,2.7,measured,7.12,2.650117370548405,0.5297,2.6102,2.6102,2.3114,2.4412,2.4412,2.1617,
TAC_A01,34,Theobroma grandiflorum,Malvaceae,798943.2834,9727988.334,15.8,4.28,1.37,20141009,False,O,P15,14.66,14.66,feldpausch_regional,0.18,default,-1.0,15.62,14.55,15.8,False,O,4.28,measured,15.620000000000001,4.24663780021336,0.5297,18.4726,18.4726,16.3575,17.9266,17.9266,15.874,
TAC_A01,35,Theobroma grandiflorum,Malvaceae,798940.4231,9727991.16,22.1,5.51,1.79,20141009,False,O,P15,18.31,18.31,feldpausch_regional,0.18,default,-1.0,21.92,18.22,22.1,False,O,5.51,measured,21.92,5.481145325510459,0.5297,45.507,45.507,40.2965,44.5574,44.5574,39.4556,
TAC_A01,36,Theobroma grandiflorum,Malvaceae,798937.6326,9727993.917,7.0,4.01,1.94,20141009,False,O,P15,8.17,8.17,feldpausch_regional,0.18,default,-1.0,6.82,8.01,7.0,False,O,4.01,measured,6.82,3.9324707156944894,0.5297,3.538,3.538,3.1329,3.2991,3.2991,2.9214,
TAC_A01,37,Theobroma grandiflorum,Malvaceae,798934.8422,9727996.674,16.1,6.08,2.91,20141009,False,O,P15,14.85,14.85,feldpausch_regional,0.18,default,-1.0,15.92,14.74,16.1,False,O,6.08,measured,15.920000000000002,6.033630801480002,0.5297,26.9945,26.9945,23.9036,26.2119,26.2119,23.2107,
TAC_A01,38,Theobroma grandiflorum,Malvaceae,798931.9819,9727999.5,16.2,5.13,2.36,20141009,False,O,P15,14.91,14.91,feldpausch_regional,0.18,default,-1.0,16.02,14.8,16.2,False,O,5.13,measured,16.02,5.091156682171561,0.5297,23.1477,23.1477,20.4973,22.481,22.481,19.9069,
TAC_A01,43,Theobroma grandiflorum,Malvaceae,798947.422,9727992.701,19.6,6.13,1.65,20141009,False,O,P15,16.94,16.94,feldpausch_regional,0.18,default,-1.0,19.42,16.84,19.6,False,O,6.13,measured,19.42,6.092911648139925,0.5297,39.949,39.949,35.3749,39.0043,39.0043,34.5383,
TAC_A01,44,Theobroma grandiflorum,Malvaceae,798950.3429,9727989.803,17.7,5.11,1.82,20141009,False,O,P15,15.83,15.83,feldpausch_regional,0.18,default,-1.0,17.52,15.72,17.7,False,O,5.11,measured,17.52,5.075115120667248,0.5297,27.4109,27.4109,24.2724,26.6904,26.6904,23.6343,
TAC_A01,45,Theobroma grandiflorum,Malvaceae,798953.0552,9727987.112,13.8,2.9,1.26,20141009,False,O,P15,13.36,13.36,feldpausch_regional,0.18,default,-1.0,13.62,13.23,13.8,False,O,2.9,measured,13.620000000000001,2.873584489194318,0.5297,9.7007,9.7007,8.59,9.3712,9.3712,8.2982,
TAC_A01,1,Swietenia macrophylla ,Meliaceae,797623.0542,9728920.768,10.3,3.91,2.76,20141007,False,O,P16,10.85,10.85,feldpausch_regional,0.18,default,-1.0,10.12,10.71,10.3,False,O,3.91,measured,10.120000000000001,3.8604869127207726,0.5195,7.3364,7.3364,6.3747,7.0006,7.0006,6.0829,
TAC_A01,2,Theobroma glaucum,Malvaceae,797618.4813,9728922.828,13.5,4.25,1.28,20141007,False,O,P16,13.15,13.15,feldpausch_regional,0.18,default,-1.0,13.32,13.03,13.5,False,O,4.25,measured,13.32,4.210304416048856,0.5297,13.4952,13.4952,11.95,13.0264,13.0264,11.5349,
TAC_A01,3,Theobroma glaucum,Malvaceae,797613.9998,9728924.848,8.4,4.25,1.66,20141007,False,O,P16,9.35,9.35,feldpausch_regional,0.18,default,-1.0,8.22,9.2,8.4,False,O,4.25,measured,8.22,4.182612386022916,0.5297,5.3452,5.3452,4.7332,5.0446,5.0446,4.467,
TAC_A01,4,Swietenia macrophylla ,Meliaceae,797609.5184,9728926.867,20.1,9.86,4.15,20141007,False,O,P16,17.22,17.22,feldpausch_regional,0.18,default,-1.0,19.92,17.12,20.1,False,O,9.86,measured,19.92,9.80211241212428,0.5195,66.7303,66.7303,57.9824,65.1931,65.1931,56.6467,
TAC_A01,5,Theobroma glaucum,Malvaceae,797604.8027,9728929.095,11.2,3.64,1.56,20141007,False,O,P16,11.53,11.53,feldpausch_regional,0.18,default,-1.0,11.02,11.39,11.2,False,O,3.64,measured,11.02,3.5980179247898705,0.5297,8.0569,8.0569,7.1344,7.7182,7.7182,6.8345,
TAC_A01,6,Theobroma glaucum,Malvaceae,797600.5038,9728931.032,13.0,3.42,0.98,20141007,False,O,P16,12.81,12.81,feldpausch_regional,0.18,default,-1.0,12.82,12.68,13.0,False,O,3.42,measured,12.82,3.386655437059202,0.5297,10.1412,10.1412,8.98,9.775,9.775,8.6557,
TAC_A01,7,Swietenia macrophylla ,Meliaceae,797595.9305,9728933.093,23.2,11.06,2.96,20141007,False,O,P16,18.89,18.89,feldpausch_regional,0.18,default,-1.0,23.02,18.8,23.2,False,O,11.06,measured,23.02,11.005409237698789,0.5195,98.7639,98.7639,85.8166,96.805,96.805,84.1145,
TAC_A01,8,Theobroma glaucum,Malvaceae,797597.3088,9728936.066,13.2,3.68,0.79,20141007,False,O,P16,12.95,12.95,feldpausch_regional,0.18,default,-1.0,13.02,12.82,13.2,False,O,3.68,measured,13.02,3.6447375505810156,0.5297,11.2225,11.2225,9.9375,10.8235,10.8235,9.5842,
TAC_A01,9,Theobroma glaucum,Malvaceae,797601.9744,9728934.162,7.1,2.4,0.73,20141007,False,O,P16,8.25,8.25,feldpausch_regional,0.18,default,-1.0,6.92,8.1,7.1,False,O,2.4,measured,6.92,2.3543051561912516,0.5297,2.204,2.204,1.9516,2.0572,2.0572,1.8217,
TAC_A01,10,Theobroma glaucum,Malvaceae,797606.4695,9728932.129,6.6,2.16,1.44,20141007,False,O,P16,7.81,7.81,feldpausch_regional,0.18,default,-1.0,6.42,7.65,6.6,False,O,2.16,measured,6.42,2.11549944771017,0.5297,1.7244,1.7244,1.527,1.6009,1.6009,1.4176,
TAC_A01,11,Theobroma glaucum,Malvaceae,797610.873,9728930.137,10.9,2.64,0.33,20141007,False,O,P16,11.3,11.3,feldpausch_regional,0.18,default,-1.0,10.72,11.17,10.9,False,O,2.64,measured,10.72,2.6086128878588606,0.5297,5.5847,5.5847,4.9453,5.3434,5.3434,4.7316,
TAC_A01,12,Theobroma glaucum,Malvaceae,797610.8325,9728930.053,6.3,3.18,3.0,20141007,False,O,P16,7.54,7.54,feldpausch_regional,0.18,default,-1.0,6.12,7.38,6.3,False,O,3.18,measured,6.12,3.1111209976015046,0.5297,2.2969,2.2969,2.0339,2.1246,2.1246,1.8814,
TAC_A01,13,Theobroma glaucum,Malvaceae,797615.4598,9728928.062,12.8,4.36,1.4,20141007,False,O,P16,12.67,12.67,feldpausch_regional,0.18,default,-1.0,12.62,12.55,12.8,False,O,4.36,measured,12.620000000000001,4.316736200015168,0.5297,12.4702,12.4702,11.0424,12.0127,12.0127,10.6373,
TAC_A01,14,Theobroma glaucum,Malvaceae,797620.0467,9728925.988,11.6,4.22,1.53,20141007,False,O,P16,11.82,11.82,feldpausch_regional,0.18,default,-1.0,11.42,11.69,11.6,False,O,4.22,measured,11.42,4.173206366304255,0.5297,9.9675,9.9675,8.8263,9.5632,9.5632,8.4682,
TAC_A01,15,Theobroma glaucum,Malvaceae,797624.6336,9728923.913,8.5,1.82,1.0,20141007,False,O,P16,9.43,9.43,feldpausch_regional,0.18,default,-1.0,8.32,9.29,8.5,False,O,1.82,measured,8.32,1.7915137245825612,0.5297,2.3907,2.3907,2.1169,2.2578,2.2578,1.9993,
TAC_A01,16,Theobroma glaucum,Malvaceae,797621.777,9728929.48,10.7,3.53,1.41,20141007,False,O,P16,11.15,11.15,feldpausch_regional,0.18,default,-1.0,10.52,11.02,10.7,False,O,3.53,measured,10.52,3.487155273884728,0.5297,7.1523,7.1523,6.3334,6.8373,6.8373,6.0545,
TAC_A01,17,Theobroma glaucum,Malvaceae,797616.9906,9728931.653,5.9,2.14,0.9,20141007,False,O,P16,7.18,7.18,feldpausch_regional,0.18,default,-1.0,5.72,7.01,5.9,False,O,2.14,measured,5.720000000000001,2.0902666571504165,0.5297,1.3729,1.3729,1.2157,1.263,1.263,1.1184,
TAC_A01,18,Theobroma glaucum,Malvaceae,797612.5723,9728933.66,12.2,3.13,1.26,20141007,False,O,P16,12.25,12.25,feldpausch_regional,0.18,default,-1.0,12.02,12.12,12.2,False,O,3.13,measured,12.02,3.097208303895849,0.5297,8.2165,8.2165,7.2757,7.8999,7.8999,6.9954,
TAC_A01,19,Theobroma glaucum,Malvaceae,797608.01,9728935.834,9.9,4.07,1.99,20141007,False,O,P16,10.55,10.55,feldpausch_regional,0.18,default,-1.0,9.72,10.41,9.9,False,O,4.07,measured,9.72,4.016144958756747,0.5297,7.0616,7.0616,6.2531,6.7252,6.7252,5.9551,
TAC_A01,20,Theobroma glaucum,Malvaceae,797603.3676,9728937.84,13.9,4.08,1.52,20141007,False,O,P16,13.42,13.42,feldpausch_regional,0.18,default,-1.0,13.72,13.3,13.9,False,O,4.08,measured,13.72,4.043141514408445,0.5297,13.7287,13.7287,12.1568,13.2658,13.2658,11.7469,
TAC_A01,22,Theobroma glaucum,Malvaceae,797600.2214,9728943.073,6.0,4.6,1.85,20141007,False,O,P16,7.27,7.27,feldpausch_regional,0.18,default,-1.0,5.82,7.11,6.0,False,O,4.6,measured,5.82,4.495005122797132,0.5297,2.9941,2.9941,2.6513,2.7584,2.7584,2.4426,
TAC_A01,23,Tabebuia chrysotricha,,797604.8374,9728940.97,9.5,2.97,1.27,20141007,False,O,P16,10.23,10.23,feldpausch_regional,0.18,default,-1.0,9.32,10.09,9.5,False,O,2.97,measured,9.32,2.9288660749757427,0.7598,4.7906,4.7906,6.0318,4.5526,4.5526,5.7322,
TAC_A01,24,Theobroma glaucum,Malvaceae,797609.044,9728938.95,9.1,3.5,1.16,20141007,False,O,P16,9.92,9.92,feldpausch_regional,0.18,default,-1.0,8.92,9.77,9.1,False,O,3.5,measured,8.92,3.4491713529483103,0.5297,5.1703,5.1703,4.5783,4.9021,4.9021,4.3408,
TAC_A01,25,Theobroma glaucum,Malvaceae,797613.7924,9728936.889,6.5,3.18,2.2,20141007,False,O,P16,7.72,7.72,feldpausch_regional,0.18,default,-1.0,6.32,7.56,6.5,False,O,3.18,measured,6.32,3.1133987325679087,0.5297,2.4414,2.4414,2.1618,2.2639,2.2639,2.0047,
TAC_A01,26,Theobroma glaucum,Malvaceae,797618.4083,9728934.786,9.6,2.8,0.64,20141007,False,O,P16,10.31,10.31,feldpausch_regional,0.18,default,-1.0,9.42,10.17,9.6,False,O,2.8,measured,9.42,2.761666563679586,0.5297,4.6162,4.6162,4.0876,4.3893,4.3893,3.8867,
TAC_A01,27,Theobroma glaucum,Malvaceae,797623.3013,9728932.556,5.0,2.09,0.87,20141007,False,O,P16,6.33,6.33,feldpausch_regional,0.18,default,-1.0,4.82,6.15,5.0,False,O,2.09,measured,4.82,2.032045924895045,0.5297,0.9712,0.9712,0.86,0.8797,0.8797,0.7789,
TAC_A01,30,Theobroma glaucum,Malvaceae,797625.2682,9728935.837,6.2,1.86,0.81,20141007,False,O,P16,7.45,7.45,feldpausch_regional,0.18,default,-1.0,6.02,7.29,6.2,False,O,1.86,measured,6.0200000000000005,1.8190135751903647,0.5297,1.319,1.319,1.168,1.2185,1.2185,1.079,
TAC_A01,31,Theobroma glaucum,Malvaceae,797620.3593,9728938.083,15.5,4.2,1.72,20141007,False,O,P16,14.47,14.47,feldpausch_regional,0.18,default,-1.0,15.32,14.36,15.5,False,O,4.2,measured,15.32,4.166526176996176,0.5297,17.4695,17.4695,15.4692,16.9428,16.9428,15.0029,
TAC_A01,32,Theobroma glaucum,Malvaceae,797611.2824,9728942.235,6.4,2.31,0.94,20141007,False,O,P16,7.64,7.64,feldpausch_regional,0.18,default,-1.0,6.22,7.47,6.4,False,O,2.31,measured,6.220000000000001,2.2608056057409662,0.5297,1.7338,1.7338,1.5353,1.6058,1.6058,1.422,
TAC_A01,33,Theobroma glaucum,Malvaceae,797606.6514,9728944.354,10.5,4.16,1.63,20141007,False,O,P16,11.0,11.0,feldpausch_regional,0.18,default,-1.0,10.32,10.87,10.5,False,O,4.16,measured,10.32,4.10843607609733,0.5297,8.092,8.092,7.1655,7.7288,7.7288,6.8439,
TAC_A01,34,Theobroma glaucum,Malvaceae,797601.8351,9728946.557,8.9,1.5,0.81,20141007,False,O,P16,9.76,9.76,feldpausch_regional,0.18,default,-1.0,8.72,9.61,8.9,False,O,1.5,measured,8.72,1.4776773277003685,0.5297,2.1654,2.1654,1.9175,2.0505,2.0505,1.8157,
TAC_A01,35,Theobroma glaucum,Malvaceae,797603.477,9728949.616,7.2,3.26,1.47,20141007,False,O,P16,8.34,8.34,feldpausch_regional,0.18,default,-1.0,7.02,8.18,7.2,False,O,3.26,measured,7.0200000000000005,3.1988641787496017,0.5297,3.054,3.054,2.7044,2.8536,2.8536,2.5268,
TAC_A01,36,Theobroma glaucum,Malvaceae,797607.9359,9728947.569,11.4,4.04,1.68,20141007,False,O,P16,11.67,11.67,feldpausch_regional,0.18,default,-1.0,11.22,11.54,11.4,False,O,4.04,measured,11.22,3.994319421295069,0.5297,9.2335,9.2335,8.1763,8.8523,8.8523,7.8387,
TAC_A01,37,Theobroma glaucum,Malvaceae,797612.5806,9728945.437,9.5,2.91,1.53,20141007,False,O,P16,10.23,10.23,feldpausch_regional,0.18,default,-1.0,9.32,10.09,9.5,False,O,2.91,measured,9.32,2.869697063360071,0.5297,4.6961,4.6961,4.1584,4.4628,4.4628,3.9518,
TAC_A01,38,Theobroma glaucum,Malvaceae,797616.9466,9728943.433,10.6,3.52,1.73,20141007,False,O,P16,11.08,11.08,feldpausch_regional,0.18,default,-1.0,10.42,10.94,10.6,False,O,3.52,measured,10.42,3.4768271611852897,0.5297,7.003,7.003,6.2012,6.6916,6.6916,5.9255,
TAC_A01,39,Theobroma glaucum,Malvaceae,797626.4217,9728939.083,10.1,3.12,1.3,20141007,False,O,P16,10.7,10.7,feldpausch_regional,0.18,default,-1.0,9.92,10.56,10.1,False,O,3.12,measured,9.92,3.0796210147696477,0.5297,5.6649,5.6649,5.0163,5.4004,5.4004,4.782,
TAC_A01,40,Theobroma glaucum,Malvaceae,797631.1593,9728936.909,9.5,2.61,0.69,20141007,False,O,P16,10.23,10.23,feldpausch_regional,0.18,default,-1.0,9.32,10.09,9.5,False,O,2.61,measured,9.32,2.573852005281713,0.5297,4.223,4.223,3.7394,4.0132,4.0132,3.5537,
TAC_A01,41,Theobroma glaucum,Malvaceae,797628.2664,9728942.114,8.3,2.71,0.64,20141007,False,O,P16,9.27,9.27,feldpausch_regional,0.18,default,-1.0,8.12,9.12,8.3,False,O,2.71,measured,8.120000000000001,2.6664638551513447,0.5297,3.3657,3.3657,2.9804,3.1741,3.1741,2.8107,
TAC_A01,42,Theobroma glaucum,Malvaceae,797623.4622,9728944.429,10.3,2.68,1.73,20141007,False,O,P16,10.85,10.85,feldpausch_regional,0.18,default,-1.0,10.12,10.71,10.3,False,O,2.68,measured,10.120000000000001,2.6460626409441614,0.5297,5.0743,5.0743,4.4933,4.8421,4.8421,4.2877,
TAC_A01,43,Theobroma glaucum,Malvaceae,797619.0423,9728946.363,5.0,3.45,2.36,20141007,False,O,P16,6.33,6.33,feldpausch_regional,0.18,default,-1.0,4.82,6.15,5.0,False,O,3.45,measured,4.82,3.3543341822430177,0.5297,1.584,1.584,1.4027,1.4347,1.4347,1.2704,
TAC_A01,44,Theobroma glaucum,Malvaceae,797614.3836,9728948.509,6.3,2.67,0.89,20141007,False,O,P16,7.54,7.54,feldpausch_regional,0.18,default,-1.0,6.12,7.38,6.3,False,O,2.67,measured,6.12,2.6121676300616405,0.5297,1.9366,1.9366,1.7149,1.7914,1.7914,1.5863,
TAC_A01,45,Theobroma glaucum,Malvaceae,797609.6318,9728950.698,10.5,2.73,1.66,20141007,False,O,P16,11.0,11.0,feldpausch_regional,0.18,default,-1.0,10.32,10.87,10.5,False,O,2.73,measured,10.32,2.6961611749388728,0.5297,5.3643,5.3643,4.7501,5.1236,5.1236,4.5369,
TAC_A01,46,Theobroma glaucum,Malvaceae,797605.2526,9728952.715,23.6,11.85,3.63,20141007,False,O,P16,19.1,19.1,feldpausch_regional,0.18,default,-1.0,23.42,19.0,23.6,False,O,11.85,measured,23.42,11.792721639825857,0.5297,109.228,109.228,96.7215,107.1,107.1,94.8372,
TAC_A01,48,Theobroma glaucum,Malvaceae,797611.0344,9728954.168,10.5,3.02,1.43,20141007,False,O,P16,11.0,11.0,feldpausch_regional,0.18,default,-1.0,10.32,10.87,10.5,False,O,3.02,measured,10.32,2.9825665744745042,0.5297,5.9198,5.9198,5.242,5.6541,5.6541,5.0067,
TAC_A01,49,Theobroma glaucum,Malvaceae,797615.8947,9728951.921,6.1,0.83,0.95,20141007,False,O,P16,7.36,7.36,feldpausch_regional,0.18,default,-1.0,5.92,7.2,6.1,False,O,0.83,measured,5.92,0.8113882402733288,0.5297,0.5814,0.5814,0.5148,0.5363,0.5363,0.4749,
TAC_A01,50,Swietenia macrophylla ,Meliaceae,797620.4746,9728949.804,10.4,3.51,1.11,20141007,False,O,P16,10.93,10.93,feldpausch_regional,0.18,default,-1.0,10.22,10.79,10.4,False,O,3.51,measured,10.22,3.4660271525652435,0.5195,6.7287,6.7287,5.8466,6.4237,6.4237,5.5816,
TAC_A01,51,Theobroma glaucum,Malvaceae,797625.0546,9728947.686,6.8,2.09,1.11,20141007,False,O,P16,7.99,7.99,feldpausch_regional,0.18,default,-1.0,6.62,7.83,6.8,False,O,2.09,measured,6.62,2.0483061799853273,0.5297,1.77,1.77,1.5674,1.647,1.647,1.4584,
