tree_id,scientific_name,family_name,utm_easting,utm_northing,dbh,dead,type,plot_id,htot_feldpausch,htot_estimated,htot_estimation_method,dbh_incr_cm_yr,dbh_incr_source,gap_anos,dbh_lidar,htot_estimated_gap,dbh_used,dead_used,type_used,htot_used,htot_source,dbh_used_gap,htot_used_gap,rho_w_m3,iagc_m1_kgC,iagc_m2_kgC,iagc_m3_kgC,iagc_m1_kgC_gap,iagc_m2_kgC_gap,iagc_m3_kgC_gap,quadra_id
1,Tapirira guianensis,Anacardiaceae,799293.4777,9725892.604,11.5,False,O,1,11.75,11.75,feldpausch_regional,0.18,default,-2.0,11.14,11.48,11.5,False,O,11.75,feldpausch,11.14,11.486025455548704,0.457,26.6256,26.6256,20.4128,24.4741,24.4741,18.7633,
2,Inga sp.,Fabaceae,799294.5195,9725892.813,11.1,False,O,1,11.45,11.45,feldpausch_regional,0.18,default,-2.0,10.74,11.18,11.1,False,O,11.45,feldpausch,10.74,11.182340299273735,0.5786,24.2284,24.2284,23.3831,22.1998,22.1998,21.4252,
3,Xylopia nitida,Annonaceae,799292.2284,9725893.779,18.2,False,O,1,16.13,16.13,feldpausch_regional,0.18,default,-2.0,17.84,15.92,18.2,False,O,16.13,feldpausch,17.84,15.916334995085252,0.5483,88.8733,88.8733,81.396,84.3689,84.3689,77.2706,
4,Tapirira guianensis,Anacardiaceae,799293.1607,9725894.68,14.7,False,O,1,13.95,13.95,feldpausch_regional,0.18,default,-2.0,14.34,13.72,14.7,False,O,13.95,feldpausch,14.34,13.712948981304246,0.457,50.8357,50.8357,38.9737,47.6304,47.6304,36.5163,
5,Tapirira guianensis,Anacardiaceae,799293.1456,9725894.778,10.8,False,O,1,11.23,11.23,feldpausch_regional,0.18,default,-2.0,10.44,10.96,10.8,False,O,11.23,feldpausch,10.440000000000001,10.95930894767477,0.457,22.5359,22.5359,17.2773,20.5965,20.5965,15.7905,
6,Xylopia amazonica,Annonaceae,799296.7208,9725899.073,12.3,False,O,1,12.32,12.32,feldpausch_regional,0.18,default,-2.0,11.94,12.06,12.3,False,O,12.32,feldpausch,11.940000000000001,12.063429349784986,0.787,31.7974,31.7974,41.4369,29.396,29.396,38.3075,
7,Tapirira guianensis,Anacardiaceae,799295.7428,9725898.568,12.2,False,O,1,12.25,12.25,feldpausch_regional,0.18,default,-2.0,11.84,11.99,12.2,False,O,12.25,feldpausch,11.84,11.992521947516652,0.457,31.1212,31.1212,23.8593,28.7515,28.7515,22.0426,
8,Xylopia nitida,Annonaceae,799294.4186,9725900.237,23.0,False,O,1,18.79,18.79,feldpausch_regional,0.18,default,-2.0,22.64,18.6,23.0,False,O,18.79,feldpausch,22.64,18.60210565778387,0.5483,162.8943,162.8943,149.1894,156.4127,156.4127,143.2531,
9,Xylopia nitida,Annonaceae,799293.2127,9725901.214,16.6,False,O,1,15.16,15.16,feldpausch_regional,0.18,default,-2.0,16.24,14.94,16.6,False,O,15.16,feldpausch,16.240000000000002,14.936259251144145,0.5483,69.8995,69.8995,64.0186,66.0062,66.0062,60.4528,
10,Nectandra cuspidata,Lauraceae,799292.1193,9725901.5,11.6,False,O,1,11.82,11.82,feldpausch_regional,0.18,default,-2.0,11.24,11.56,11.6,False,O,11.82,feldpausch,11.24,11.557025370127894,0.518,27.2369,27.2369,23.5976,25.055,25.055,21.7072,
11,,,799291.923,9725902.785,22.9,True,O,1,18.73,18.73,feldpausch_regional,0.18,default,-2.0,22.54,18.55,22.9,True,O,18.73,feldpausch,22.54,18.541705831625148,0.5847,161.0113,116.0557,116.0557,154.5756,111.51,111.51,
12,Strychnos subcordata,Loganiaceae,799290.8804,9725902.774,10.2,False,O,1,10.78,10.78,feldpausch_regional,0.18,default,-2.0,9.84,10.5,10.2,False,O,10.78,feldpausch,9.84,10.503054040815368,0.6959,19.368,19.368,22.3853,17.6032,17.6032,20.3456,
13,Nectandra cuspidata,Lauraceae,799295.0895,9725902.62,16.2,False,O,1,14.91,14.91,feldpausch_regional,0.18,default,-2.0,15.84,14.69,16.2,False,O,14.91,feldpausch,15.84,14.683599054839801,0.518,65.5765,65.5765,56.8144,61.8317,61.8317,53.57,
14,Xylopia nitida,Annonaceae,799295.191,9725902.641,18.2,False,O,1,16.13,16.13,feldpausch_regional,0.18,default,-2.0,17.84,15.92,18.2,False,O,16.13,feldpausch,17.84,15.916334995085252,0.5483,88.8733,88.8733,81.396,84.3689,84.3689,77.2706,
15,Hevea brasiliensis,Euphorbiaceae,799301.1808,9725903.871,31.0,False,O,1,22.56,22.56,feldpausch_regional,0.18,default,-2.0,30.64,22.41,31.0,False,O,22.56,feldpausch,30.64,22.40484904872567,0.4666,348.7046,348.7046,272.8317,338.5557,338.5557,264.8911,
16,Xylopia amazonica,Annonaceae,799298.8092,9725905.43,15.6,False,O,1,14.54,14.54,feldpausch_regional,0.18,default,-2.0,15.24,14.3,15.6,False,O,14.54,feldpausch,15.24,14.30931957470061,0.787,59.4433,59.4433,77.4637,55.9154,55.9154,72.8664,
17,Tapirira guianensis,Anacardiaceae,799299.7842,9725905.836,10.4,False,O,1,10.93,10.93,feldpausch_regional,0.18,default,-2.0,10.04,10.65,10.4,False,O,10.93,feldpausch,10.040000000000001,10.655206304765878,0.457,20.3893,20.3893,15.6317,18.5672,18.5672,14.2347,
18,Xylopia nitida,Annonaceae,799291.7117,9725904.169,23.9,False,O,1,19.25,19.25,feldpausch_regional,0.18,default,-2.0,23.54,19.07,23.9,False,O,19.25,feldpausch,23.54,19.066354741719486,0.5483,179.762,179.762,164.6379,172.8893,172.8893,158.3434,
19,Nectandra cuspidata,Lauraceae,799290.436,9725905.74,17.0,False,O,1,15.41,15.41,feldpausch_regional,0.18,default,-2.0,16.64,15.19,17.0,False,O,15.41,feldpausch,16.64,15.188816561640074,0.518,74.4033,74.4033,64.4618,70.3589,70.3589,60.9578,
20,Nectandra cuspidata,Lauraceae,799290.5364,9725905.761,18.0,False,O,1,16.01,16.01,feldpausch_regional,0.18,default,-2.0,17.64,15.8,18.0,False,O,16.01,feldpausch,17.64,15.795139296795606,0.518,86.3453,86.3453,74.8081,81.919,81.919,70.9733,
21,Nectandra cuspidata,Lauraceae,799290.4622,9725906.255,14.0,False,O,1,13.49,13.49,feldpausch_regional,0.18,default,-2.0,13.64,13.25,14.0,False,O,13.49,feldpausch,13.64,13.247551872280896,0.518,44.7295,44.7295,38.7529,41.766,41.766,36.1854,
22,Xylopia nitida,Annonaceae,799290.4296,9725909.205,11.0,False,O,1,11.38,11.38,feldpausch_regional,0.18,default,-2.0,10.64,11.11,11.0,False,O,11.38,feldpausch,10.64,11.111266572550116,0.5483,23.6621,23.6621,21.6714,21.6629,21.6629,19.8403,
23,Xylopia amazonica,Annonaceae,799295.9653,9725909.954,18.0,False,O,1,16.01,16.01,feldpausch_regional,0.18,default,-2.0,17.64,15.8,18.0,False,O,16.01,feldpausch,17.64,15.795139296795606,0.787,86.3453,86.3453,112.5212,81.919,81.919,106.7531,
24,Inga sp.,Fabaceae,799298.9521,9725910.578,16.5,False,O,1,15.1,15.1,feldpausch_regional,0.18,default,-2.0,16.14,14.88,16.5,False,O,15.1,feldpausch,16.14,14.875566975989804,0.5786,68.8131,68.8131,66.4121,64.9565,64.9565,62.6901,
25,Inga alba,Fabaceae,799293.1773,9725914.479,37.6,False,O,1,25.2,25.2,feldpausch_regional,0.18,default,-2.0,37.24,25.07,37.6,False,O,25.2,feldpausch,37.24,25.06555744455696,0.5861,566.2318,566.2318,553.4356,552.8039,552.8039,540.3111,
26,Xylopia nitida,Annonaceae,799298.1719,9725915.023,16.6,False,O,1,15.16,15.16,feldpausch_regional,0.18,default,-2.0,16.24,14.94,16.6,False,O,15.16,feldpausch,16.240000000000002,14.936259251144145,0.5483,69.8995,69.8995,64.0186,66.0062,66.0062,60.4528,
27,Euterpe oleracea,Arecaceae,799298.8907,9725916.713,10.7,False,P,1,11.15,11.15,feldpausch_regional,0.18,default,-2.0,10.34,10.88,10.7,False,P,11.15,feldpausch,10.34,10.878429139290521,0.3877,21.9765,12.7536,12.7536,20.0675,11.6087,11.6087,
28,Xylopia amazonica,Annonaceae,799295.7866,9725917.078,12.2,False,O,1,12.25,12.25,feldpausch_regional,0.18,default,-2.0,11.84,11.99,12.2,False,O,12.25,feldpausch,11.84,11.992521947516652,0.787,31.1212,31.1212,40.5557,28.7515,28.7515,37.4676,
29,Hevea brasiliensis,Euphorbiaceae,799295.7698,9725917.177,21.0,False,O,1,17.72,17.72,feldpausch_regional,0.18,default,-2.0,20.64,17.52,21.0,False,O,17.72,feldpausch,20.64,17.522119502180754,0.4666,128.8052,128.8052,100.7791,123.1727,123.1727,96.3722,
30,Xylopia amazonica,Annonaceae,799294.8106,9725916.871,13.4,False,O,1,13.08,13.08,feldpausch_regional,0.18,default,-2.0,13.04,12.84,13.4,False,O,13.08,feldpausch,13.040000000000001,12.832850878590625,0.787,39.8454,39.8454,51.9247,37.0857,37.0857,48.3283,
31,Xylopia amazonica,Annonaceae,799294.713,9725916.85,26.5,False,O,1,20.53,20.53,feldpausch_regional,0.18,default,-2.0,26.14,20.36,26.5,False,O,20.53,feldpausch,26.14,20.35769318792778,0.787,234.1684,234.1684,305.1574,226.1311,226.1311,294.6836,
32,Strychnos subcordata,Loganiaceae,799294.6154,9725916.829,14.0,False,O,1,13.49,13.49,feldpausch_regional,0.18,default,-2.0,13.64,13.25,14.0,False,O,13.49,feldpausch,13.64,13.247551872280896,0.6959,44.7295,44.7295,51.6979,41.766,41.766,48.2727,
33,Xylopia nitida,Annonaceae,799292.5399,9725918.432,20.4,False,O,1,17.39,17.39,feldpausch_regional,0.18,default,-2.0,20.04,17.19,20.4,False,O,17.39,feldpausch,20.04,17.188913960417164,0.5483,119.5064,119.5064,109.4519,114.1215,114.1215,104.52,
34,Xylopia nitida,Annonaceae,799293.4293,9725919.134,23.1,False,O,1,18.84,18.84,feldpausch_regional,0.18,default,-2.0,22.74,18.65,23.1,False,O,18.84,feldpausch,22.740000000000002,18.652602367939707,0.5483,164.7063,164.7063,150.8489,158.1821,158.1821,144.8736,
35,Guatteria schomburgkiana,Annonaceae,799293.5866,9725921.214,11.8,False,O,1,11.96,11.96,feldpausch_regional,0.18,default,-2.0,11.44,11.7,11.8,False,O,11.96,feldpausch,11.440000000000001,11.698981982587213,0.6,28.4866,28.4866,28.4866,26.2434,26.2434,26.2434,
36,Vismia guianensis,Hypericaceae,799288.157,9725939.771,10.8,False,O,1,11.23,11.23,feldpausch_regional,0.18,default,-2.0,10.44,10.96,10.8,False,O,11.23,feldpausch,10.440000000000001,10.95930894767477,0.475,22.5359,22.5359,17.9412,20.5965,20.5965,16.3972,
37,Euterpe oleracea,Arecaceae,799289.9755,9725940.183,11.0,False,P,1,11.38,11.38,feldpausch_regional,0.18,default,-2.0,10.64,11.11,11.0,False,P,11.38,feldpausch,10.64,11.111266572550116,0.3877,23.6621,13.7606,13.7606,21.6629,12.558,12.558,
38,Vismia guianensis,Hypericaceae,799290.4295,9725937.416,12.0,False,O,1,12.11,12.11,feldpausch_regional,0.18,default,-2.0,11.64,11.85,12.0,False,O,12.11,feldpausch,11.64,11.85066919732659,0.475,29.7969,29.7969,23.7218,27.49,27.49,21.8852,
39,Xylopia amazonica,Annonaceae,799305.621,9725938.245,18.8,False,O,1,16.48,16.48,feldpausch_regional,0.18,default,-2.0,18.44,16.27,18.8,False,O,16.48,feldpausch,18.44,16.269924771303348,0.787,96.6868,96.6868,125.9977,91.9472,91.9472,119.8213,
40,Cordia goeldiana,Boraginaceae,799307.7244,9725937.473,18.8,False,O,1,16.48,16.48,feldpausch_regional,0.18,default,-2.0,18.44,16.27,18.8,False,O,16.48,feldpausch,18.44,16.269924771303348,0.498,96.6868,96.6868,80.6097,91.9472,91.9472,76.6582,
41,Inga alba,Fabaceae,799306.7969,9725937.267,11.2,False,O,1,11.53,11.53,feldpausch_regional,0.18,default,-2.0,10.84,11.26,11.2,False,O,11.53,feldpausch,10.84,11.263166132148207,0.5861,24.8245,24.8245,24.2634,22.7645,22.7645,22.2501,
42,Zanthoxylum rhoifolium,Rutaceae,799306.1799,9725935.58,15.8,False,O,1,14.66,14.66,feldpausch_regional,0.18,default,-2.0,15.44,14.43,15.8,False,O,14.66,feldpausch,15.440000000000001,14.43082832275704,0.5692,61.4308,61.4308,58.3561,57.832,57.832,54.9375,
43,Strychnos subcordata,Loganiaceae,799307.9088,9725932.035,16.0,False,O,1,14.79,14.79,feldpausch_regional,0.18,default,-2.0,15.64,14.56,16.0,False,O,14.79,feldpausch,15.64,14.562150985682587,0.6959,63.5026,63.5026,73.3957,59.83,59.83,69.1509,
44,Guatteria schomburgkiana,Annonaceae,799307.9717,9725931.739,11.6,False,O,1,11.82,11.82,feldpausch_regional,0.18,default,-2.0,11.24,11.56,11.6,False,O,11.82,feldpausch,11.24,11.557025370127894,0.6,27.2369,27.2369,27.2369,25.055,25.055,25.055,
45,Xylopia amazonica,Annonaceae,799308.1604,9725931.781,12.3,False,O,1,12.32,12.32,feldpausch_regional,0.18,default,-2.0,11.94,12.06,12.3,False,O,12.32,feldpausch,11.940000000000001,12.063429349784986,0.787,31.7974,31.7974,41.4369,29.396,29.396,38.3075,
46,Xylopia nitida,Annonaceae,799306.0649,9725931.425,17.8,False,O,1,15.89,15.89,feldpausch_regional,0.18,default,-2.0,17.44,15.68,17.8,False,O,15.89,feldpausch,17.44,15.673921658561875,0.5483,83.8644,83.8644,76.8085,79.5157,79.5157,72.8257,
47,,,799306.0853,9725931.326,21.0,True,O,1,17.72,17.72,feldpausch_regional,0.18,default,-2.0,20.64,17.52,21.0,True,O,17.72,feldpausch,20.64,17.522119502180754,0.5847,128.8052,93.2699,93.2699,123.1727,89.2756,89.2756,
48,Xylopia amazonica,Annonaceae,799307.2769,9725930.348,26.1,False,O,1,20.34,20.34,feldpausch_regional,0.18,default,-2.0,25.74,20.16,26.1,False,O,20.34,feldpausch,25.740000000000002,20.16601145734849,0.787,225.2649,225.2649,293.5548,217.4091,217.4091,283.3175,
49,Guatteria schomburgkiana,Annonaceae,799306.9064,9725929.751,22.1,False,O,1,18.31,18.31,feldpausch_regional,0.18,default,-2.0,21.74,18.12,22.1,False,O,18.31,feldpausch,21.740000000000002,18.117780288134792,0.6,146.9259,146.9259,146.9259,140.8321,140.8321,140.8321,
50,Guatteria schomburgkiana,Annonaceae,799306.4914,9725924.505,22.1,False,O,1,18.31,18.31,feldpausch_regional,0.18,default,-2.0,21.74,18.12,22.1,False,O,18.31,feldpausch,21.740000000000002,18.117780288134792,0.6,146.9259,146.9259,146.9259,140.8321,140.8321,140.8321,
51,Xylopia amazonica,Annonaceae,799304.3717,9725925.078,24.9,False,O,1,19.75,19.75,feldpausch_regional,0.18,default,-2.0,24.54,19.57,24.9,False,O,19.75,feldpausch,24.54,19.570877888370134,0.787,199.6711,199.6711,260.2022,192.3568,192.3568,250.6705,
52,Hevea brasiliensis,Euphorbiaceae,799305.8274,9725922.816,19.9,False,O,1,17.11,17.11,feldpausch_regional,0.18,default,-2.0,19.54,16.91,19.9,False,O,17.11,feldpausch,19.54,16.906180529985804,0.4666,112.066,112.066,87.6821,106.8853,106.8853,83.6286,
53,Xylopia amazonica,Annonaceae,799310.0067,9725922.165,13.5,False,O,1,13.15,13.15,feldpausch_regional,0.18,default,-2.0,13.14,12.91,13.5,False,O,13.15,feldpausch,13.14,12.90362698059947,0.787,40.6391,40.6391,52.959,37.8454,37.8454,49.3184,
54,Nectandra cuspidata,Lauraceae,799311.5299,9725919.806,19.4,False,O,1,16.83,16.83,feldpausch_regional,0.18,default,-2.0,19.04,16.62,19.4,False,O,16.83,feldpausch,19.04,16.623331207310667,0.518,104.932,104.932,90.9113,99.952,99.952,86.5968,
55,Tapirira guianensis,Anacardiaceae,799311.87,9725918.227,10.5,False,O,1,11.0,11.0,feldpausch_regional,0.18,default,-2.0,10.14,10.73,10.5,False,O,11.0,feldpausch,10.14,10.726380861779772,0.457,20.9036,20.9036,16.026,19.0533,19.0533,14.6074,
56,Xylopia amazonica,Annonaceae,799312.1889,9725916.747,22.8,False,O,1,18.68,18.68,feldpausch_regional,0.18,default,-2.0,22.44,18.49,22.8,False,O,18.68,feldpausch,22.44,18.49120231954788,0.787,159.2258,159.2258,207.4957,152.8323,152.8323,199.1641,
57,Xylopia amazonica,Annonaceae,799311.4543,9725915.354,17.5,False,O,1,15.71,15.71,feldpausch_regional,0.18,default,-2.0,17.14,15.49,17.5,False,O,15.71,feldpausch,17.14,15.492052454653425,0.787,80.2304,80.2304,104.5526,75.9969,75.9969,99.0357,
58,Xylopia amazonica,Annonaceae,799308.5859,9725914.237,18.3,False,O,1,16.19,16.19,feldpausch_regional,0.18,default,-2.0,17.94,15.98,18.3,False,O,16.19,feldpausch,17.94,15.976924836595087,0.787,90.1551,90.1551,117.4859,85.6114,85.6114,111.5648,
59,Tapirira guianensis,Anacardiaceae,799312.1676,9725911.998,17.5,False,O,1,15.71,15.71,feldpausch_regional,0.18,default,-2.0,17.14,15.49,17.5,False,O,15.71,feldpausch,17.14,15.492052454653425,0.457,80.2304,80.2304,61.5094,75.9969,75.9969,58.2638,
60,Vismia guianensis,Hypericaceae,799309.4116,9725910.19,10.2,False,O,1,10.78,10.78,feldpausch_regional,0.18,default,-2.0,9.84,10.5,10.2,False,O,10.78,feldpausch,9.84,10.503054040815368,0.475,19.368,19.368,15.4192,17.6032,17.6032,14.0142,
61,Tapirira guianensis,Anacardiaceae,799307.4651,9725909.477,12.2,False,O,1,12.25,12.25,feldpausch_regional,0.18,default,-2.0,11.84,11.99,12.2,False,O,12.25,feldpausch,11.84,11.992521947516652,0.457,31.1212,31.1212,23.8593,28.7515,28.7515,22.0426,
62,Xylopia nitida,Annonaceae,799308.7572,9725902.96,13.9,False,O,1,13.42,13.42,feldpausch_regional,0.18,default,-2.0,13.54,13.18,13.9,False,O,13.42,feldpausch,13.540000000000001,13.176821729950944,0.5483,43.8846,43.8846,40.1924,40.9558,40.9558,37.51,
63,Vismia guianensis,Hypericaceae,799310.206,9725895.654,15.5,False,O,1,14.47,14.47,feldpausch_regional,0.18,default,-2.0,15.14,14.24,15.5,False,O,14.47,feldpausch,15.14,14.238712647529205,0.475,58.4259,58.4259,46.5139,54.9356,54.9356,43.7352,
64,Hevea brasiliensis,Euphorbiaceae,799310.2256,9725895.555,27.0,False,O,1,20.76,20.76,feldpausch_regional,0.18,default,-2.0,26.64,20.59,27.0,False,O,20.76,feldpausch,26.64,20.58979841361608,0.4666,245.5255,245.5255,192.1028,237.2619,237.2619,185.6372,
65,Inga alba,Fabaceae,799309.2212,9725895.148,25.4,False,O,1,20.0,20.0,feldpausch_regional,0.18,default,-2.0,25.04,19.82,25.4,False,O,20.0,feldpausch,25.04,19.823028683971163,0.5861,210.1364,210.1364,205.3876,202.5969,202.5969,198.0184,
1,Jacaranda copaia,Bignoniaceae,799326.2269,9725897.213,12.7,False,O,1,12.6,12.6,feldpausch_regional,0.18,default,-2.0,12.34,12.35,12.7,False,O,12.6,feldpausch,12.34,12.346939344095293,0.3507,34.5977,34.5977,20.4828,32.0678,32.0678,18.985,
2,Vismia latifolia,Hypericaceae,799328.1509,9725898.322,21.2,False,O,1,17.83,17.83,feldpausch_regional,0.18,default,-2.0,20.84,17.63,21.2,False,O,17.83,feldpausch,20.84,17.633154733902426,0.43,132.0055,132.0055,95.3634,126.2895,126.2895,91.234,
3,Vismia latifolia,Hypericaceae,799330.7576,9725901.02,16.1,False,O,1,14.85,14.85,feldpausch_regional,0.18,default,-2.0,15.74,14.62,16.1,False,O,14.85,feldpausch,15.740000000000002,14.622878814173308,0.43,64.5342,64.5342,46.6208,60.8255,60.8255,43.9416,
4,Jacaranda copaia,Bignoniaceae,799329.0708,9725903.375,15.0,False,O,1,14.15,14.15,feldpausch_regional,0.18,default,-2.0,14.64,13.91,15.0,False,O,14.15,feldpausch,14.64,13.915086591517273,0.3507,53.6203,53.6203,31.7446,50.3082,50.3082,29.7838,
5,Tapirira guianensis,Anacardiaceae,799324.8238,9725903.032,17.4,False,O,1,15.65,15.65,feldpausch_regional,0.18,default,-2.0,17.04,15.43,17.4,False,O,15.65,feldpausch,17.04,15.431417602903213,0.457,79.0422,79.0422,60.5984,74.8468,74.8468,57.382,
6,,,799325.1805,9725901.553,10.7,False,O,1,11.15,11.15,feldpausch_regional,0.18,default,-2.0,10.34,10.88,10.7,False,O,11.15,feldpausch,10.34,10.878429139290521,0.5847,21.9765,21.9765,21.4282,20.0675,20.0675,19.5669,
7,Hevea brasiliensis,Euphorbiaceae,799318.1548,9725899.103,30.3,False,O,1,22.26,22.26,feldpausch_regional,0.18,default,-2.0,29.94,22.1,30.3,False,O,22.26,feldpausch,29.94,22.102348523263547,0.4666,329.1708,329.1708,257.5481,319.3567,319.3567,249.8695,
8,,,799315.7545,9725909.958,26.4,False,O,1,20.48,20.48,feldpausch_regional,0.18,default,-2.0,26.04,20.31,26.4,False,O,20.48,feldpausch,26.04,20.3072978184369,0.5847,231.894,231.894,226.1089,223.9032,223.9032,218.3175,
9,Xylopia nitida,Annonaceae,799313.3045,9725916.362,27.2,False,O,1,20.86,20.86,feldpausch_regional,0.18,default,-2.0,26.84,20.69,27.2,False,O,20.86,feldpausch,26.84,20.69055726543763,0.5483,250.2591,250.2591,229.2038,241.9011,241.9011,221.549,
10,Euterpe oleracea,Arecaceae,799312.8873,9725919.681,11.0,False,P,1,11.38,11.38,feldpausch_regional,0.18,default,-2.0,10.64,11.11,11.0,False,P,11.38,feldpausch,10.64,11.111266572550116,0.3877,23.6621,13.7606,13.7606,21.6629,12.558,12.558,
11,Xylopia nitida,Annonaceae,799314.5513,9725920.034,10.3,False,O,1,10.85,10.85,feldpausch_regional,0.18,default,-2.0,9.94,10.58,10.3,False,O,10.85,feldpausch,9.940000000000001,10.57426605405682,0.5483,19.8654,19.8654,18.1941,18.0729,18.0729,16.5523,
12,Hevea brasiliensis,Euphorbiaceae,799314.1093,9725922.008,28.1,False,O,1,21.28,21.28,feldpausch_regional,0.18,default,-2.0,27.74,21.11,28.1,False,O,21.28,feldpausch,27.740000000000002,21.114098440195708,0.4666,271.9166,271.9166,212.7516,263.1403,263.1403,205.8849,
13,Zanthoxylum rhoifolium,Rutaceae,799313.6942,9725922.953,13.4,False,O,1,13.08,13.08,feldpausch_regional,0.18,default,-2.0,13.04,12.84,13.4,False,O,13.08,feldpausch,13.040000000000001,12.832850878590625,0.5692,39.8454,39.8454,37.8511,37.0857,37.0857,35.2295,
14,Xylopia nitida,Annonaceae,799312.2386,9725922.642,13.8,False,O,1,13.36,13.36,feldpausch_regional,0.18,default,-2.0,13.44,13.11,13.8,False,O,13.36,feldpausch,13.440000000000001,13.11590038072233,0.5483,43.0816,43.0816,39.457,40.1853,40.1853,36.8043,
15,Xylopia nitida,Annonaceae,799314.411,9725925.175,12.7,False,O,1,12.6,12.6,feldpausch_regional,0.18,default,-2.0,12.34,12.35,12.7,False,O,12.6,feldpausch,12.34,12.346939344095293,0.5483,34.5977,34.5977,31.6869,32.0678,32.0678,29.3698,
16,Simarouba amara,Simaroubaceae,799315.829,9725923.409,28.7,False,O,1,21.55,21.55,feldpausch_regional,0.18,default,-2.0,28.34,21.39,28.7,False,O,21.55,feldpausch,28.34,21.386432655187303,0.3833,286.8737,286.8737,185.2618,277.8179,277.8179,179.4136,
17,Xylopia nitida,Annonaceae,799321.2088,9725918.025,17.6,False,O,1,15.77,15.77,feldpausch_regional,0.18,default,-2.0,17.24,15.55,17.6,False,O,15.77,feldpausch,17.240000000000002,15.55268134894128,0.5483,81.4301,81.4301,74.5791,77.1584,77.1584,70.6668,
18,Inga alba,Fabaceae,799323.4722,9725913.005,11.5,False,O,1,11.75,11.75,feldpausch_regional,0.18,default,-2.0,11.14,11.48,11.5,False,O,11.75,feldpausch,11.14,11.486025455548704,0.5861,26.6256,26.6256,26.0239,24.4741,24.4741,23.921,
19,,,799323.4527,9725917.355,16.3,False,O,1,14.98,14.98,feldpausch_regional,0.18,default,-2.0,15.94,14.75,16.3,False,O,14.98,feldpausch,15.940000000000001,14.75416108478031,0.5847,66.6731,66.6731,65.0098,62.8895,62.8895,61.3206,
20,Hevea brasiliensis,Euphorbiaceae,799326.0824,9725915.207,30.5,False,O,1,22.35,22.35,feldpausch_regional,0.18,default,-2.0,30.14,22.19,30.5,False,O,22.35,feldpausch,30.14,22.193042714473396,0.4666,334.7409,334.7409,261.9063,324.8299,324.8299,254.1517,
21,Xylopia nitida,Annonaceae,799322.1858,9725921.653,19.7,False,O,1,17.0,17.0,feldpausch_regional,0.18,default,-2.0,19.34,16.79,19.7,False,O,17.0,feldpausch,19.34,16.7950310773082,0.5483,109.1885,109.1885,100.002,104.0879,104.0879,95.3306,
22,Simarouba amara,Simaroubaceae,799319.9342,9725926.258,12.4,False,O,1,12.39,12.39,feldpausch_regional,0.18,default,-2.0,12.04,12.13,12.4,False,O,12.39,feldpausch,12.040000000000001,12.13432450561637,0.3833,32.4831,32.4831,20.9774,30.0499,30.0499,19.4061,
23,Hevea brasiliensis,Euphorbiaceae,799317.0731,9725926.783,45.0,False,O,1,27.76,27.76,feldpausch_regional,0.18,default,-2.0,44.64,27.64,45.0,False,O,27.76,feldpausch,44.64,27.644283839959087,0.4666,883.7083,883.7083,691.4266,866.4213,866.4213,677.901,
24,Zanthoxylum rhoifolium,Rutaceae,799314.9917,9725929.235,16.3,False,O,1,14.98,14.98,feldpausch_regional,0.18,default,-2.0,15.94,14.75,16.3,False,O,14.98,feldpausch,15.940000000000001,14.75416108478031,0.5692,66.6731,66.6731,63.336,62.8895,62.8895,59.7418,
25,,,799311.8047,9725931.855,12.6,False,O,1,12.53,12.53,feldpausch_regional,0.18,default,-2.0,12.24,12.28,12.6,False,O,12.53,feldpausch,12.24,12.276079226857474,0.5847,33.8832,33.8832,33.0379,31.3857,31.3857,30.6027,
26,Xylopia nitida,Annonaceae,799313.1096,9725935.249,16.6,False,O,1,15.16,15.16,feldpausch_regional,0.18,default,-2.0,16.24,14.94,16.6,False,O,15.16,feldpausch,16.240000000000002,14.936259251144145,0.5483,69.8995,69.8995,64.0186,66.0062,66.0062,60.4528,
27,Inga alba,Fabaceae,799318.0417,9725943.203,23.5,False,O,1,19.05,19.05,feldpausch_regional,0.18,default,-2.0,23.14,18.86,23.5,False,O,19.05,feldpausch,23.14,18.86445625378704,0.5861,172.1721,172.1721,168.2812,165.4729,165.4729,161.7334,
28,Xylopia nitida,Annonaceae,799313.3808,9725942.469,18.2,False,O,1,16.13,16.13,feldpausch_regional,0.18,default,-2.0,17.84,15.92,18.2,False,O,16.13,feldpausch,17.84,15.916334995085252,0.5483,88.8733,88.8733,81.396,84.3689,84.3689,77.2706,
29,Guatteria schomburgkiana,Annonaceae,799314.7875,9725944.656,18.7,False,O,1,16.42,16.42,feldpausch_regional,0.18,default,-2.0,18.34,16.21,18.7,False,O,16.42,feldpausch,18.34,16.209361053609186,0.6,95.3454,95.3454,95.3454,90.6458,90.6458,90.6458,
30,Zanthoxylum rhoifolium,Rutaceae,799317.2208,9725942.602,10.4,False,O,1,10.93,10.93,feldpausch_regional,0.18,default,-2.0,10.04,10.65,10.4,False,O,10.93,feldpausch,10.040000000000001,10.655206304765878,0.5692,20.3893,20.3893,19.3688,18.5672,18.5672,17.6378,
31,Zanthoxylum rhoifolium,Rutaceae,799318.365,9725937.967,19.8,False,O,1,17.05,17.05,feldpausch_regional,0.18,default,-2.0,19.44,16.85,19.8,False,O,17.05,feldpausch,19.44,16.84566814870777,0.5692,110.5896,110.5896,105.0544,105.4504,105.4504,100.1725,
32,Tapirira guianensis,Anacardiaceae,799318.034,9725935.295,42.2,False,O,1,26.83,26.83,feldpausch_regional,0.18,default,-2.0,41.84,26.71,42.2,False,O,26.83,feldpausch,41.84,26.707688801932175,0.457,754.0573,754.0573,578.1053,738.2521,738.2521,565.9881,
33,Xylopia nitida,Annonaceae,799321.2633,9725938.192,30.2,False,O,1,22.22,22.22,feldpausch_regional,0.18,default,-2.0,29.84,22.06,30.2,False,O,22.22,feldpausch,29.84,22.061963025934254,0.5483,326.4799,326.4799,299.0118,316.7121,316.7121,290.0659,
34,Tapirira guianensis,Anacardiaceae,799322.4007,9725937.61,12.0,False,O,1,12.11,12.11,feldpausch_regional,0.18,default,-2.0,11.64,11.85,12.0,False,O,12.11,feldpausch,11.64,11.85066919732659,0.457,29.7969,29.7969,22.8441,27.49,27.49,21.0754,
35,Xylopia nitida,Annonaceae,799324.7612,9725939.905,11.8,False,O,1,11.96,11.96,feldpausch_regional,0.18,default,-2.0,11.44,11.7,11.8,False,O,11.96,feldpausch,11.440000000000001,11.698981982587213,0.5483,28.4866,28.4866,26.0899,26.2434,26.2434,24.0355,
36,Xylopia nitida,Annonaceae,799327.663,9725943.687,36.1,False,O,1,24.63,24.63,feldpausch_regional,0.18,default,-2.0,35.74,24.5,36.1,False,O,24.63,feldpausch,35.74,24.49124489531334,0.5483,511.4274,511.4274,468.399,498.7616,498.7616,456.7988,
37,Xylopia nitida,Annonaceae,799323.9643,9725946.518,24.0,False,O,1,19.3,19.3,feldpausch_regional,0.18,default,-2.0,23.64,19.12,24.0,False,O,19.3,feldpausch,23.64,19.116821105203144,0.5483,181.6925,181.6925,166.406,174.7762,174.7762,160.0716,
38,Xylopia nitida,Annonaceae,799324.1848,9725946.777,14.0,False,O,1,13.49,13.49,feldpausch_regional,0.18,default,-2.0,13.64,13.25,14.0,False,O,13.49,feldpausch,13.64,13.247551872280896,0.5483,44.7295,44.7295,40.9663,41.766,41.766,38.252,
39,Xylopia nitida,Annonaceae,799324.0137,9725947.053,16.7,False,O,1,15.22,15.22,feldpausch_regional,0.18,default,-2.0,16.34,15.0,16.7,False,O,15.22,feldpausch,16.34,14.99694458011119,0.5483,70.997,70.997,65.0237,67.0668,67.0668,61.4242,
40,Xylopia nitida,Annonaceae,799330.5831,9725947.172,30.0,False,O,1,22.13,22.13,feldpausch_regional,0.18,default,-2.0,29.64,21.97,30.0,False,O,22.13,feldpausch,29.64,21.97125707943626,0.5483,320.9987,320.9987,293.9918,311.3274,311.3274,285.1342,
41,,,799329.9282,9725942.622,12.1,False,O,1,12.18,12.18,feldpausch_regional,0.18,default,-2.0,11.74,11.92,12.1,False,O,12.18,feldpausch,11.74,11.921601999718774,0.5847,30.4544,30.4544,29.6946,28.1161,28.1161,27.4147,
42,,,799330.1416,9725942.564,19.4,False,O,1,16.83,16.83,feldpausch_regional,0.18,default,-2.0,19.04,16.62,19.4,False,O,16.83,feldpausch,19.04,16.623331207310667,0.5847,104.932,104.932,102.3142,99.952,99.952,97.4585,
43,Xylopia nitida,Annonaceae,799331.2816,9725940.303,23.8,False,O,1,19.2,19.2,feldpausch_regional,0.18,default,-2.0,23.44,19.01,23.8,False,O,19.2,feldpausch,23.44,19.015885115510656,0.5483,177.8447,177.8447,162.8819,171.0156,171.0156,156.6274,
44,Xylopia nitida,Annonaceae,799330.7191,9725936.306,14.7,False,O,1,13.95,13.95,feldpausch_regional,0.18,default,-2.0,14.34,13.72,14.7,False,O,13.95,feldpausch,14.34,13.712948981304246,0.5483,50.8357,50.8357,46.5587,47.6304,47.6304,43.6231,
45,Hevea brasiliensis,Euphorbiaceae,799330.8022,9725936.01,10.6,False,O,1,11.08,11.08,feldpausch_regional,0.18,default,-2.0,10.24,10.81,10.6,False,O,11.08,feldpausch,10.24,10.807290020466903,0.4666,21.4451,21.4451,16.779,19.5647,19.5647,15.3077,
46,Zanthoxylum rhoifolium,Rutaceae,799332.8363,9725901.438,14.0,False,O,1,13.49,13.49,feldpausch_regional,0.18,default,-2.0,13.64,13.25,14.0,False,O,13.49,feldpausch,13.64,13.247551872280896,0.5692,44.7295,44.7295,42.4908,41.766,41.766,39.6755,
47,Xylopia nitida,Annonaceae,799330.2692,9725930.669,22.5,False,O,1,18.53,18.53,feldpausch_regional,0.18,default,-2.0,22.14,18.34,22.5,False,O,18.53,feldpausch,22.14,18.33966916817512,0.5483,153.9456,153.9456,140.9936,147.6786,147.6786,135.2538,
48,Xylopia nitida,Annonaceae,799330.461,9725930.711,30.5,False,O,1,22.35,22.35,feldpausch_regional,0.18,default,-2.0,30.14,22.19,30.5,False,O,22.35,feldpausch,30.14,22.193042714473396,0.5483,334.7409,334.7409,306.5779,324.8299,324.8299,297.5006,
49,Cordia scabrifolia,Boraginaceae,799333.1423,9725928.781,16.6,False,O,1,15.16,15.16,feldpausch_regional,0.18,default,-2.0,16.24,14.94,16.6,False,O,15.16,feldpausch,16.240000000000002,14.936259251144145,0.474,69.8995,69.8995,55.5339,66.0062,66.0062,52.4407,
50,Xylopia nitida,Annonaceae,799330.116,9725927.505,19.1,False,O,1,16.65,16.65,feldpausch_regional,0.18,default,-2.0,18.74,16.45,19.1,False,O,16.65,feldpausch,18.740000000000002,16.441712399625455,0.5483,100.7252,100.7252,92.2508,95.8675,95.8675,87.8018,
51,Euterpe oleracea,Arecaceae,799335.3569,9725922.775,10.6,False,P,1,11.08,11.08,feldpausch_regional,0.18,default,-2.0,10.24,10.81,10.6,False,P,11.08,feldpausch,10.24,10.807290020466903,0.3877,21.4451,12.4287,12.4287,19.5647,11.3027,11.3027,
52,Xylopia nitida,Annonaceae,799336.5659,9725922.195,11.0,False,O,1,11.38,11.38,feldpausch_regional,0.18,default,-2.0,10.64,11.11,11.0,False,O,11.38,feldpausch,10.64,11.111266572550116,0.5483,23.6621,23.6621,21.6714,21.6629,21.6629,19.8403,
53,Vismia latifolia,Hypericaceae,799338.5877,9725908.321,10.8,False,O,1,11.23,11.23,feldpausch_regional,0.18,default,-2.0,10.44,10.96,10.8,False,O,11.23,feldpausch,10.440000000000001,10.95930894767477,0.43,22.5359,22.5359,16.2804,20.5965,20.5965,14.8793,
54,Vismia latifolia,Hypericaceae,799338.56,9725908.42,10.4,False,O,1,10.93,10.93,feldpausch_regional,0.18,default,-2.0,10.04,10.65,10.4,False,O,10.93,feldpausch,10.040000000000001,10.655206304765878,0.43,20.3893,20.3893,14.7297,18.5672,18.5672,13.4133,
55,Vismia latifolia,Hypericaceae,799337.2621,9725909.196,12.5,False,O,1,12.46,12.46,feldpausch_regional,0.18,default,-2.0,12.14,12.21,12.5,False,O,12.46,feldpausch,12.14,12.205207704531016,0.43,33.1783,33.1783,23.9687,30.7131,30.7131,22.1877,
56,Inga alba,Fabaceae,799338.413,9725901.104,23.8,False,O,1,19.2,19.2,feldpausch_regional,0.18,default,-2.0,23.44,19.01,23.8,False,O,19.2,feldpausch,23.44,19.015885115510656,0.5861,177.8447,177.8447,173.8256,171.0156,171.0156,167.1508,
1,Xylopia amazonica,Annonaceae,798732.4921,9726460.575,22.0,False,O,2,18.26,18.26,feldpausch_regional,0.18,default,-2.0,21.64,18.07,22.0,False,O,18.26,feldpausch,21.64,18.067246632339895,0.787,145.2428,145.2428,189.2737,139.1904,139.1904,181.3866,
2,Banara guianensis,Salicaceae,798734.7654,9726462.634,11.8,False,O,2,11.96,11.96,feldpausch_regional,0.18,default,-2.0,11.44,11.7,11.8,False,O,11.96,feldpausch,11.440000000000001,11.698981982587213,0.61,28.4866,28.4866,28.9498,26.2434,26.2434,26.6703,
3,Xylopia nitida,Annonaceae,798735.7897,9726466.587,14.4,False,O,2,13.76,13.76,feldpausch_regional,0.18,default,-2.0,14.04,13.52,14.4,False,O,13.76,feldpausch,14.040000000000001,13.520564939096525,0.5483,48.181,48.181,44.1273,45.0788,45.0788,41.2861,
4,Euterpe oleracea,Arecaceae,798736.3017,9726468.561,11.2,False,P,2,11.53,11.53,feldpausch_regional,0.18,default,-2.0,10.84,11.26,11.2,False,P,11.53,feldpausch,10.84,11.263166132148207,0.3877,24.8245,14.4591,14.4591,22.7645,13.2174,13.2174,
5,Euterpe oleracea,Arecaceae,798736.3877,9726468.51,12.2,False,P,2,12.25,12.25,feldpausch_regional,0.18,default,-2.0,11.84,11.99,12.2,False,P,12.25,feldpausch,11.84,11.992521947516652,0.3877,31.1212,18.2902,18.2902,28.7515,16.8449,16.8449,
6,Euterpe oleracea,Arecaceae,798736.4737,9726468.459,13.1,False,P,2,12.88,12.88,feldpausch_regional,0.18,default,-2.0,12.74,12.63,13.1,False,P,12.88,feldpausch,12.74,12.630270902047103,0.3877,37.5536,22.242,22.242,34.8923,20.6022,20.6022,
7,Xylopia amazonica,Annonaceae,798736.5372,9726468.99,28.5,False,O,2,21.46,21.46,feldpausch_regional,0.18,default,-2.0,28.14,21.29,28.5,False,O,21.46,feldpausch,28.14,21.295663739136725,0.787,281.8308,281.8308,367.2689,272.8686,272.8686,355.5897,
8,Xylopia amazonica,Annonaceae,798735.9575,9726468.766,21.5,False,O,2,17.99,17.99,feldpausch_regional,0.18,default,-2.0,21.14,17.8,21.5,False,O,17.99,feldpausch,21.14,17.79473220995257,0.787,136.8646,136.8646,178.3556,131.0238,131.0238,170.7441,
9,Euterpe oleracea,Arecaceae,798735.722,9726468.337,12.4,False,P,2,12.39,12.39,feldpausch_regional,0.18,default,-2.0,12.04,12.13,12.4,False,P,12.39,feldpausch,12.040000000000001,12.13432450561637,0.3877,32.4831,19.1261,19.1261,30.0499,17.6385,17.6385,
10,Tapirira guianensis,Anacardiaceae,798737.0677,9726467.877,13.2,False,O,2,12.95,12.95,feldpausch_regional,0.18,default,-2.0,12.84,12.7,13.2,False,O,12.95,feldpausch,12.84,12.701077780635362,0.457,38.3174,38.3174,29.3764,35.6228,35.6228,27.3106,
11,Xylopia amazonica,Annonaceae,798741.9758,9726467.471,15.4,False,O,2,14.41,14.41,feldpausch_regional,0.18,default,-2.0,15.04,14.18,15.4,False,O,14.41,feldpausch,15.040000000000001,14.177938610859414,0.787,57.4589,57.4589,74.8778,54.0036,54.0036,70.375,
12,Tapirira guianensis,Anacardiaceae,798747.3026,9726468.899,33.0,False,O,2,23.4,23.4,feldpausch_regional,0.18,default,-2.0,32.64,23.25,33.0,False,O,23.4,feldpausch,32.64,23.25160931953095,0.457,408.2767,408.2767,313.0092,397.1542,397.1542,304.4821,
13,Tapirira guianensis,Anacardiaceae,798746.3479,9726469.232,26.7,False,O,2,20.62,20.62,feldpausch_regional,0.18,default,-2.0,26.34,20.45,26.7,False,O,20.62,feldpausch,26.34,20.448559873577288,0.457,238.6472,238.6472,182.9612,230.5205,230.5205,176.7307,
14,Tapirira guianensis,Anacardiaceae,798744.6269,9726470.246,19.9,False,O,2,17.11,17.11,feldpausch_regional,0.18,default,-2.0,19.54,16.91,19.9,False,O,17.11,feldpausch,19.54,16.906180529985804,0.457,112.066,112.066,85.9165,106.8853,106.8853,81.9446,
15,Xylopia amazonica,Annonaceae,798745.9587,9726470.605,11.2,False,O,2,11.53,11.53,feldpausch_regional,0.18,default,-2.0,10.84,11.26,11.2,False,O,11.53,feldpausch,10.84,11.263166132148207,0.787,24.8245,24.8245,32.3501,22.7645,22.7645,29.6657,
16,Tapirira guianensis,Anacardiaceae,798747.3848,9726471.138,18.1,False,O,2,16.07,16.07,feldpausch_regional,0.18,default,-2.0,17.74,15.86,18.1,False,O,16.07,feldpausch,17.740000000000002,15.855739843979478,0.457,87.6034,87.6034,67.162,83.1381,83.1381,63.7386,
17,Xylopia amazonica,Annonaceae,798749.6594,9726473.235,17.4,False,O,2,15.65,15.65,feldpausch_regional,0.18,default,-2.0,17.04,15.43,17.4,False,O,15.65,feldpausch,17.04,15.431417602903213,0.787,79.0422,79.0422,103.0041,74.8468,74.8468,97.5369,
18,Guatteria schomburgkiana,Annonaceae,798745.1206,9726475.314,22.6,False,O,2,18.58,18.58,feldpausch_regional,0.18,default,-2.0,22.24,18.39,22.6,False,O,18.58,feldpausch,22.240000000000002,18.39018403683091,0.6,155.693,155.693,155.693,149.3839,149.3839,149.3839,
19,Vochysia vismiifolia,Vochysiaceae,798744.4956,9726476.247,17.5,False,O,2,15.71,15.71,feldpausch_regional,0.18,default,-2.0,17.14,15.49,17.5,False,O,15.71,feldpausch,17.14,15.492052454653425,0.4668,80.2304,80.2304,62.7915,75.9969,75.9969,59.4783,
20,Xylopia amazonica,Annonaceae,798753.1248,9726475.446,20.8,False,O,2,17.61,17.61,feldpausch_regional,0.18,default,-2.0,20.44,17.41,20.8,False,O,17.61,feldpausch,20.44,17.41106794193607,0.787,125.6555,125.6555,163.7484,120.1061,120.1061,156.5167,
21,Euterpe oleracea,Arecaceae,798754.291,9726479.678,11.5,False,P,2,11.75,11.75,feldpausch_regional,0.18,default,-2.0,11.14,11.48,11.5,False,P,11.75,feldpausch,11.14,11.486025455548704,0.3877,26.6256,15.5486,15.5486,24.4741,14.2473,14.2473,
22,Euterpe oleracea,Arecaceae,798754.7215,9726479.43,10.1,False,P,2,10.7,10.7,feldpausch_regional,0.18,default,-2.0,9.74,10.42,10.1,False,P,10.7,feldpausch,9.74,10.422080815603511,0.3877,18.8614,10.8831,10.8831,17.1258,9.8499,9.8499,
23,Euterpe oleracea,Arecaceae,798756.5661,9726481.79,11.0,False,P,2,11.38,11.38,feldpausch_regional,0.18,default,-2.0,10.64,11.11,11.0,False,P,11.38,feldpausch,10.64,11.111266572550116,0.3877,23.6621,13.7606,13.7606,21.6629,12.558,12.558,
24,,,798754.8442,9726482.774,19.1,False,O,2,16.65,16.65,feldpausch_regional,0.18,default,-2.0,18.74,16.45,19.1,False,O,16.65,feldpausch,18.740000000000002,16.441712399625455,0.5847,100.7252,100.7252,98.2124,95.8675,95.8675,93.4758,
25,Euterpe oleracea,Arecaceae,798746.6651,9726487.448,11.0,False,P,2,11.38,11.38,feldpausch_regional,0.18,default,-2.0,10.64,11.11,11.0,False,P,11.38,feldpausch,10.64,11.111266572550116,0.3877,23.6621,13.7606,13.7606,21.6629,12.558,12.558,
26,Euterpe oleracea,Arecaceae,798749.7598,9726487.939,12.4,False,P,2,12.39,12.39,feldpausch_regional,0.18,default,-2.0,12.04,12.13,12.4,False,P,12.39,feldpausch,12.040000000000001,12.13432450561637,0.3877,32.4831,19.1261,19.1261,30.0499,17.6385,17.6385,
27,Euterpe oleracea,Arecaceae,798748.2961,9726488.773,11.4,False,P,2,11.67,11.67,feldpausch_regional,0.18,default,-2.0,11.04,11.41,11.4,False,P,11.67,feldpausch,11.040000000000001,11.405237510778715,0.3877,26.0016,15.1799,15.1799,23.882,13.8985,13.8985,
28,Euterpe oleracea,Arecaceae,798755.0075,9726487.219,12.1,False,P,2,12.18,12.18,feldpausch_regional,0.18,default,-2.0,11.74,11.92,12.1,False,P,12.18,feldpausch,11.74,11.921601999718774,0.3877,30.4544,17.8812,17.8812,28.1161,16.4568,16.4568,
29,Euterpe oleracea,Arecaceae,798755.438,9726486.975,11.2,False,P,2,11.53,11.53,feldpausch_regional,0.18,default,-2.0,10.84,11.26,11.2,False,P,11.53,feldpausch,10.84,11.263166132148207,0.3877,24.8245,14.4591,14.4591,22.7645,13.2174,13.2174,
30,Euterpe oleracea,Arecaceae,798754.9214,9726487.268,11.1,False,P,2,11.45,11.45,feldpausch_regional,0.18,default,-2.0,10.74,11.18,11.1,False,P,11.45,feldpausch,10.74,11.182340299273735,0.3877,24.2284,14.1071,14.1071,22.1998,12.885,12.885,
31,Euterpe oleracea,Arecaceae,798755.8087,9726488.691,10.7,False,P,2,11.15,11.15,feldpausch_regional,0.18,default,-2.0,10.34,10.88,10.7,False,P,11.15,feldpausch,10.34,10.878429139290521,0.3877,21.9765,12.7536,12.7536,20.0675,11.6087,11.6087,
32,Euterpe oleracea,Arecaceae,798760.1833,9726490.529,11.0,False,P,2,11.38,11.38,feldpausch_regional,0.18,default,-2.0,10.64,11.11,11.0,False,P,11.38,feldpausch,10.64,11.111266572550116,0.3877,23.6621,13.7606,13.7606,21.6629,12.558,12.558,
33,Simarouba amara,Simaroubaceae,798755.7227,9726494.723,23.8,False,O,2,19.2,19.2,feldpausch_regional,0.18,default,-2.0,23.44,19.01,23.8,False,O,19.2,feldpausch,23.44,19.015885115510656,0.3833,177.8447,177.8447,114.8513,171.0156,171.0156,110.4411,
34,Euterpe oleracea,Arecaceae,798758.3878,9726495.488,11.9,False,P,2,12.03,12.03,feldpausch_regional,0.18,default,-2.0,11.54,11.77,11.9,False,P,12.03,feldpausch,11.540000000000001,11.769939397609964,0.3877,29.1251,17.0806,17.0806,26.8511,15.6977,15.6977,
35,Euterpe oleracea,Arecaceae,798758.2935,9726495.315,11.5,False,P,2,11.75,11.75,feldpausch_regional,0.18,default,-2.0,11.14,11.48,11.5,False,P,11.75,feldpausch,11.14,11.486025455548704,0.3877,26.6256,15.5486,15.5486,24.4741,14.2473,14.2473,
36,Jacaranda copaia,Bignoniaceae,798759.8015,9726498.081,17.9,False,O,2,15.95,15.95,feldpausch_regional,0.18,default,-2.0,17.54,15.74,17.9,False,O,15.95,feldpausch,17.54,15.734533265121735,0.3507,85.099,85.099,50.3809,80.7116,80.7116,47.7834,
37,Xylopia nitida,Annonaceae,798755.0233,9726499.608,13.4,False,O,2,13.08,13.08,feldpausch_regional,0.18,default,-2.0,13.04,12.84,13.4,False,O,13.08,feldpausch,13.040000000000001,12.832850878590625,0.5483,39.8454,39.8454,36.4931,37.0857,37.0857,33.9655,
38,Eriotheca globosa,Malvaceae,798765.1523,9726496.586,19.5,False,O,2,16.88,16.88,feldpausch_regional,0.18,default,-2.0,19.14,16.68,19.5,False,O,16.88,feldpausch,19.14,16.673983990177966,0.41,106.2977,106.2977,73.3036,101.2796,101.2796,69.8431,
39,Tapirira guianensis,Anacardiaceae,798764.863,9726497.085,34.0,False,O,2,23.81,23.81,feldpausch_regional,0.18,default,-2.0,33.64,23.66,34.0,False,O,23.81,feldpausch,33.64,23.664799359228816,0.457,440.1743,440.1743,337.4639,428.5564,428.5564,328.5568,
40,Pourouma minor,Urticaceae,798764.068,9726494.587,14.4,False,O,2,13.76,13.76,feldpausch_regional,0.18,default,-2.0,14.04,13.52,14.4,False,O,13.76,feldpausch,14.040000000000001,13.520564939096525,0.436,48.181,48.181,35.2809,45.0788,45.0788,33.0092,
41,Euterpe oleracea,Arecaceae,798769.6672,9726491.478,12.1,False,P,2,12.18,12.18,feldpausch_regional,0.18,default,-2.0,11.74,11.92,12.1,False,P,12.18,feldpausch,11.74,11.921601999718774,0.3877,30.4544,17.8812,17.8812,28.1161,16.4568,16.4568,
42,Euterpe oleracea,Arecaceae,798770.5286,9726491.0,12.2,False,P,2,12.25,12.25,feldpausch_regional,0.18,default,-2.0,11.84,11.99,12.2,False,P,12.25,feldpausch,11.84,11.992521947516652,0.3877,31.1212,18.2902,18.2902,28.7515,16.8449,16.8449,
43,Euterpe oleracea,Arecaceae,798772.4872,9726490.483,11.4,False,P,2,11.67,11.67,feldpausch_regional,0.18,default,-2.0,11.04,11.41,11.4,False,P,11.67,feldpausch,11.040000000000001,11.405237510778715,0.3877,26.0016,15.1799,15.1799,23.882,13.8985,13.8985,
44,Guatteria schomburgkiana,Annonaceae,798774.0563,9726491.324,18.0,False,O,2,16.01,16.01,feldpausch_regional,0.18,default,-2.0,17.64,15.8,18.0,False,O,16.01,feldpausch,17.64,15.795139296795606,0.6,86.3453,86.3453,86.3453,81.919,81.919,81.919,
45,Xylopia amazonica,Annonaceae,798770.7644,9726491.438,23.2,False,O,2,18.89,18.89,feldpausch_regional,0.18,default,-2.0,22.84,18.7,23.2,False,O,18.89,feldpausch,22.84,18.703095477464036,0.787,166.5312,166.5312,217.0158,159.9643,159.9643,208.4581,
46,Guatteria schomburgkiana,Annonaceae,798770.1636,9726488.241,12.8,False,O,2,12.67,12.67,feldpausch_regional,0.18,default,-2.0,12.44,12.42,12.8,False,O,12.67,feldpausch,12.440000000000001,12.417788319260666,0.6,35.3219,35.3219,35.3219,32.7595,32.7595,32.7595,
47,Guatteria schomburgkiana,Annonaceae,798770.2497,9726488.193,19.6,False,O,2,16.94,16.94,feldpausch_regional,0.18,default,-2.0,19.24,16.73,19.6,False,O,16.94,feldpausch,19.240000000000002,16.734509659584937,0.6,107.7368,107.7368,107.7368,102.6775,102.6775,102.6775,
48,Euterpe oleracea,Arecaceae,798770.7541,9726485.17,10.6,False,P,2,11.08,11.08,feldpausch_regional,0.18,default,-2.0,10.24,10.81,10.6,False,P,11.08,feldpausch,10.24,10.807290020466903,0.3877,21.4451,12.4287,12.4287,19.5647,11.3027,11.3027,
49,Euterpe oleracea,Arecaceae,798771.0492,9726483.631,10.2,False,P,2,10.78,10.78,feldpausch_regional,0.18,default,-2.0,9.84,10.5,10.2,False,P,10.78,feldpausch,9.84,10.503054040815368,0.3877,19.368,11.1818,11.1818,17.6032,10.1304,10.1304,
50,Euterpe oleracea,Arecaceae,798769.4452,9726480.639,10.3,False,P,2,10.85,10.85,feldpausch_regional,0.18,default,-2.0,9.94,10.58,10.3,False,P,10.85,feldpausch,9.940000000000001,10.57426605405682,0.3877,19.8654,11.4857,11.4857,18.0729,10.4158,10.4158,
51,Simarouba amara,Simaroubaceae,798765.3404,9726481.36,18.0,False,O,2,16.01,16.01,feldpausch_regional,0.18,default,-2.0,17.64,15.8,18.0,False,O,16.01,feldpausch,17.64,15.795139296795606,0.3833,86.3453,86.3453,55.7614,81.919,81.919,52.903,
52,Guatteria schomburgkiana,Annonaceae,798763.1466,9726481.462,15.4,False,O,2,14.41,14.41,feldpausch_regional,0.18,default,-2.0,15.04,14.18,15.4,False,O,14.41,feldpausch,15.040000000000001,14.177938610859414,0.6,57.4589,57.4589,57.4589,54.0036,54.0036,54.0036,
53,Jacaranda copaia,Bignoniaceae,798766.6617,9726475.447,31.3,False,O,2,22.69,22.69,feldpausch_regional,0.18,default,-2.0,30.94,22.54,31.3,False,O,22.69,feldpausch,30.94,22.53588217675492,0.3507,357.3203,357.3203,211.5432,347.0259,347.0259,205.4487,
54,Euterpe oleracea,Arecaceae,798765.9541,9726474.127,11.5,False,P,2,11.75,11.75,feldpausch_regional,0.18,default,-2.0,11.14,11.48,11.5,False,P,11.75,feldpausch,11.14,11.486025455548704,0.3877,26.6256,15.5486,15.5486,24.4741,14.2473,14.2473,
55,Euterpe oleracea,Arecaceae,798766.0402,9726474.077,11.6,False,P,2,11.82,11.82,feldpausch_regional,0.18,default,-2.0,11.24,11.56,11.6,False,P,11.82,feldpausch,11.24,11.557025370127894,0.3877,27.2369,15.9231,15.9231,25.055,14.6015,14.6015,
56,Euterpe oleracea,Arecaceae,798766.1262,9726474.028,11.7,False,P,2,11.89,11.89,feldpausch_regional,0.18,default,-2.0,11.34,11.63,11.7,False,P,11.89,feldpausch,11.34,11.628010757572445,0.3877,27.8572,16.3032,16.3032,25.6448,14.9613,14.9613,
57,Euterpe oleracea,Arecaceae,798762.9819,9726468.582,10.2,False,P,2,10.78,10.78,feldpausch_regional,0.18,default,-2.0,9.84,10.5,10.2,False,P,10.78,feldpausch,9.84,10.503054040815368,0.3877,19.368,11.1818,11.1818,17.6032,10.1304,10.1304,
58,Xylopia nitida,Annonaceae,798759.4447,9726470.405,19.0,False,O,2,16.6,16.6,feldpausch_regional,0.18,default,-2.0,18.64,16.39,19.0,False,O,16.6,feldpausch,18.64,16.391037822045284,0.5483,99.4061,99.4061,91.0427,94.586,94.586,86.6281,
59,Xylopia nitida,Annonaceae,798759.2089,9726469.967,10.6,False,O,2,11.08,11.08,feldpausch_regional,0.18,default,-2.0,10.24,10.81,10.6,False,O,11.08,feldpausch,10.24,10.807290020466903,0.5483,21.4451,21.4451,19.6409,19.5647,19.5647,17.9187,
60,Xylopia nitida,Annonaceae,798759.1262,9726467.712,10.2,False,O,2,10.78,10.78,feldpausch_regional,0.18,default,-2.0,9.84,10.5,10.2,False,O,10.78,feldpausch,9.84,10.503054040815368,0.5483,19.368,19.368,17.7385,17.6032,17.6032,16.1222,
61,Euterpe oleracea,Arecaceae,798759.5566,9726467.461,10.6,False,P,2,11.08,11.08,feldpausch_regional,0.18,default,-2.0,10.24,10.81,10.6,False,P,11.08,feldpausch,10.24,10.807290020466903,0.3877,21.4451,12.4287,12.4287,19.5647,11.3027,11.3027,
62,,,798757.3223,9726466.462,18.7,False,O,2,16.42,16.42,feldpausch_regional,0.18,default,-2.0,18.34,16.21,18.7,False,O,16.42,feldpausch,18.34,16.209361053609186,0.5847,95.3454,95.3454,92.9668,90.6458,90.6458,88.3844,
63,Cecropia palmata,Urticaceae,798758.2772,9726466.133,18.2,False,O,2,16.13,16.13,feldpausch_regional,0.18,default,-2.0,17.84,15.92,18.2,False,O,16.13,feldpausch,17.84,15.916334995085252,0.3404,88.8733,88.8733,51.1083,84.3689,84.3689,48.518,
64,Simarouba amara,Simaroubaceae,798758.5717,9726464.576,24.5,False,O,2,19.55,19.55,feldpausch_regional,0.18,default,-2.0,24.14,19.37,24.5,False,O,19.55,feldpausch,24.14,19.369105347321096,0.3833,191.5456,191.5456,123.6993,184.4093,184.4093,119.0907,
65,,,798755.4357,9726462.956,11.6,False,O,2,11.82,11.82,feldpausch_regional,0.18,default,-2.0,11.24,11.56,11.6,False,O,11.82,feldpausch,11.24,11.557025370127894,0.5847,27.2369,27.2369,26.5574,25.055,25.055,24.4299,
66,Simarouba amara,Simaroubaceae,798758.017,9726461.434,11.7,False,O,2,11.89,11.89,feldpausch_regional,0.18,default,-2.0,11.34,11.63,11.7,False,O,11.89,feldpausch,11.34,11.628010757572445,0.3833,27.8572,27.8572,17.99,25.6448,25.6448,16.5613,
67,Simarouba amara,Simaroubaceae,798758.4057,9726460.046,15.1,False,O,2,14.21,14.21,feldpausch_regional,0.18,default,-2.0,14.74,13.98,15.1,False,O,14.21,feldpausch,14.74,13.975893597095732,0.3833,54.5451,54.5451,35.225,51.1986,51.1986,33.0638,
68,Tapirira guianensis,Anacardiaceae,798753.5491,9726459.451,13.5,False,O,2,13.15,13.15,feldpausch_regional,0.18,default,-2.0,13.14,12.91,13.5,False,O,13.15,feldpausch,13.14,12.90362698059947,0.457,40.6391,40.6391,31.1563,37.8454,37.8454,29.0146,
69,Tapirira guianensis,Anacardiaceae,798755.3641,9726458.604,13.5,False,O,2,13.15,13.15,feldpausch_regional,0.18,default,-2.0,13.14,12.91,13.5,False,O,13.15,feldpausch,13.14,12.90362698059947,0.457,40.6391,40.6391,31.1563,37.8454,37.8454,29.0146,
70,Euterpe oleracea,Arecaceae,798755.2503,9726453.1,10.8,False,P,2,11.23,11.23,feldpausch_regional,0.18,default,-2.0,10.44,10.96,10.8,False,P,11.23,feldpausch,10.440000000000001,10.95930894767477,0.3877,22.5359,13.0838,13.0838,20.5965,11.9199,11.9199,
71,Lecythis lurida,Lecythidaceae,798754.8729,9726452.395,15.0,False,O,2,14.15,14.15,feldpausch_regional,0.18,default,-2.0,14.64,13.91,15.0,False,O,14.15,feldpausch,14.64,13.915086591517273,0.8633,53.6203,53.6203,76.4828,50.3082,50.3082,71.7586,
72,Zanthoxylum rhoifolium,Rutaceae,798754.6925,9726452.271,28.7,False,O,2,21.55,21.55,feldpausch_regional,0.18,default,-2.0,28.34,21.39,28.7,False,O,21.55,feldpausch,28.34,21.386432655187303,0.5692,286.8737,286.8737,272.5153,277.8179,277.8179,263.9127,
73,Inga marginata,Fabaceae,798753.7823,9726451.421,12.9,False,O,2,12.74,12.74,feldpausch_regional,0.18,default,-2.0,12.54,12.49,12.9,False,O,12.74,feldpausch,12.540000000000001,12.488626407215895,0.5518,36.056,36.056,33.2262,33.4608,33.4608,30.8347,
74,Euterpe oleracea,Arecaceae,798751.0243,9726450.524,10.8,False,P,2,11.23,11.23,feldpausch_regional,0.18,default,-2.0,10.44,10.96,10.8,False,P,11.23,feldpausch,10.440000000000001,10.95930894767477,0.3877,22.5359,13.0838,13.0838,20.5965,11.9199,11.9199,
75,Euterpe oleracea,Arecaceae,798758.2656,9726468.214,10.2,False,P,2,10.78,10.78,feldpausch_regional,0.18,default,-2.0,9.84,10.5,10.2,False,P,10.78,feldpausch,9.84,10.503054040815368,0.3877,19.368,11.1818,11.1818,17.6032,10.1304,10.1304,
1,Euterpe oleracea,Arecaceae,798754.7226,9726448.291,10.0,False,P,2,10.62,10.62,feldpausch_regional,0.18,default,-2.0,9.64,10.34,10.0,False,P,10.62,feldpausch,9.64,10.341091793253828,0.3877,18.3636,10.5895,10.5895,16.657,9.5745,9.5745,
2,Simarouba amara,Simaroubaceae,798755.5498,9726450.475,15.2,False,O,2,14.28,14.28,feldpausch_regional,0.18,default,-2.0,14.84,14.05,15.2,False,O,14.28,feldpausch,14.84,14.04652800373012,0.3833,55.518,55.518,35.8533,52.1347,52.1347,33.6684,
3,Inga alba,Fabaceae,798762.63,9726444.572,12.8,False,O,2,12.67,12.67,feldpausch_regional,0.18,default,-2.0,12.44,12.42,12.8,False,O,12.67,feldpausch,12.440000000000001,12.417788319260666,0.5861,35.3219,35.3219,34.5237,32.7595,32.7595,32.0192,
4,Euterpe oleracea,Arecaceae,798758.0722,9726450.942,11.0,False,P,2,11.38,11.38,feldpausch_regional,0.18,default,-2.0,10.64,11.11,11.0,False,P,11.38,feldpausch,10.64,11.111266572550116,0.3877,23.6621,13.7606,13.7606,21.6629,12.558,12.558,
5,Xylopia nitida,Annonaceae,798756.9928,9726451.473,29.8,False,O,2,22.04,22.04,feldpausch_regional,0.18,default,-2.0,29.44,21.88,29.8,False,O,22.04,feldpausch,29.44,21.880543308170807,0.5483,315.577,315.577,289.0263,306.0018,306.0018,280.2567,
6,Guatteria schomburgkiana,Annonaceae,798756.954,9726451.613,15.6,False,O,2,14.54,14.54,feldpausch_regional,0.18,default,-2.0,15.24,14.3,15.6,False,O,14.54,feldpausch,15.24,14.30931957470061,0.6,59.4433,59.4433,59.4433,55.9154,55.9154,55.9154,
7,Guatteria schomburgkiana,Annonaceae,798762.1631,9726452.232,13.2,False,O,2,12.95,12.95,feldpausch_regional,0.18,default,-2.0,12.84,12.7,13.2,False,O,12.95,feldpausch,12.84,12.701077780635362,0.6,38.3174,38.3174,38.3174,35.6228,35.6228,35.6228,
8,Xylopia nitida,Annonaceae,798765.6986,9726450.358,23.9,False,O,2,19.25,19.25,feldpausch_regional,0.18,default,-2.0,23.54,19.07,23.9,False,O,19.25,feldpausch,23.54,19.066354741719486,0.5483,179.762,179.762,164.6379,172.8893,172.8893,158.3434,
9,Xylopia nitida,Annonaceae,798771.1971,9726460.088,16.7,False,O,2,15.22,15.22,feldpausch_regional,0.18,default,-2.0,16.34,15.0,16.7,False,O,15.22,feldpausch,16.34,14.99694458011119,0.5483,70.997,70.997,65.0237,67.0668,67.0668,61.4242,
10,Simarouba amara,Simaroubaceae,798767.9396,9726453.944,11.4,False,O,2,11.67,11.67,feldpausch_regional,0.18,default,-2.0,11.04,11.41,11.4,False,O,11.67,feldpausch,11.040000000000001,11.405237510778715,0.3833,26.0016,26.0016,16.7917,23.882,23.882,15.4229,
11,Euterpe oleracea,Arecaceae,798768.3614,9726453.461,10.7,False,P,2,11.15,11.15,feldpausch_regional,0.18,default,-2.0,10.34,10.88,10.7,False,P,11.15,feldpausch,10.34,10.878429139290521,0.3877,21.9765,12.7536,12.7536,20.0675,11.6087,11.6087,
12,Xylopia nitida,Annonaceae,798765.4992,9726452.116,22.6,False,O,2,18.58,18.58,feldpausch_regional,0.18,default,-2.0,22.24,18.39,22.6,False,O,18.58,feldpausch,22.240000000000002,18.39018403683091,0.5483,155.693,155.693,142.5939,149.3839,149.3839,136.8156,
13,Tapirira guianensis,Anacardiaceae,798760.751,9726458.079,31.8,False,O,2,22.9,22.9,feldpausch_regional,0.18,default,-2.0,31.44,22.75,31.8,False,O,22.9,feldpausch,31.44,22.7476122789254,0.457,371.8757,371.8757,285.1021,361.3399,361.3399,277.0247,
14,Euterpe oleracea,Arecaceae,798760.726,9726460.995,11.7,False,P,2,11.89,11.89,feldpausch_regional,0.18,default,-2.0,11.34,11.63,11.7,False,P,11.89,feldpausch,11.34,11.628010757572445,0.3877,27.8572,16.3032,16.3032,25.6448,14.9613,14.9613,
15,Euterpe oleracea,Arecaceae,798767.3549,9726461.983,10.4,False,P,2,10.93,10.93,feldpausch_regional,0.18,default,-2.0,10.04,10.65,10.4,False,P,10.93,feldpausch,10.040000000000001,10.655206304765878,0.3877,20.3893,11.7948,11.7948,18.5672,10.7064,10.7064,
16,Euterpe oleracea,Arecaceae,798767.4021,9726462.071,10.4,False,P,2,10.93,10.93,feldpausch_regional,0.18,default,-2.0,10.04,10.65,10.4,False,P,10.93,feldpausch,10.040000000000001,10.655206304765878,0.3877,20.3893,11.7948,11.7948,18.5672,10.7064,10.7064,
17,Euterpe oleracea,Arecaceae,798767.7325,9726462.692,11.6,False,P,2,11.82,11.82,feldpausch_regional,0.18,default,-2.0,11.24,11.56,11.6,False,P,11.82,feldpausch,11.24,11.557025370127894,0.3877,27.2369,15.9231,15.9231,25.055,14.6015,14.6015,
18,Euterpe oleracea,Arecaceae,798770.1728,9726460.919,10.3,False,P,2,10.85,10.85,feldpausch_regional,0.18,default,-2.0,9.94,10.58,10.3,False,P,10.85,feldpausch,9.940000000000001,10.57426605405682,0.3877,19.8654,11.4857,11.4857,18.0729,10.4158,10.4158,
19,Euterpe oleracea,Arecaceae,798770.198,9726465.207,10.4,False,P,2,10.93,10.93,feldpausch_regional,0.18,default,-2.0,10.04,10.65,10.4,False,P,10.93,feldpausch,10.040000000000001,10.655206304765878,0.3877,20.3893,11.7948,11.7948,18.5672,10.7064,10.7064,
20,Inga alba,Fabaceae,798770.8033,9726466.133,17.4,False,O,2,15.65,15.65,feldpausch_regional,0.18,default,-2.0,17.04,15.43,17.4,False,O,15.65,feldpausch,17.04,15.431417602903213,0.5861,79.0422,79.0422,77.2559,74.8468,74.8468,73.1554,
21,Euterpe oleracea,Arecaceae,798770.3868,9726465.562,10.1,False,P,2,10.7,10.7,feldpausch_regional,0.18,default,-2.0,9.74,10.42,10.1,False,P,10.7,feldpausch,9.74,10.422080815603511,0.3877,18.8614,10.8831,10.8831,17.1258,9.8499,9.8499,
22,Euterpe oleracea,Arecaceae,798768.1235,9726469.765,10.1,False,P,2,10.7,10.7,feldpausch_regional,0.18,default,-2.0,9.74,10.42,10.1,False,P,10.7,feldpausch,9.74,10.422080815603511,0.3877,18.8614,10.8831,10.8831,17.1258,9.8499,9.8499,
23,Guatteria schomburgkiana,Annonaceae,798767.0906,9726470.361,10.4,False,O,2,10.93,10.93,feldpausch_regional,0.18,default,-2.0,10.04,10.65,10.4,False,O,10.93,feldpausch,10.040000000000001,10.655206304765878,0.6,20.3893,20.3893,20.3893,18.5672,18.5672,18.5672,
24,Sacoglottis guianensis,Humiriaceae,798775.5072,9726470.967,13.7,False,O,2,13.29,13.29,feldpausch_regional,0.18,default,-2.0,13.34,13.04,13.7,False,O,13.29,feldpausch,13.34,13.045151535255012,0.8359,42.2571,42.2571,58.4016,39.3952,39.3952,54.4463,
25,Euterpe oleracea,Arecaceae,798776.5344,9726475.012,10.9,False,P,2,11.3,11.3,feldpausch_regional,0.18,default,-2.0,10.54,11.03,10.9,False,P,11.3,feldpausch,10.540000000000001,11.030414500637347,0.3877,23.0846,13.4195,13.4195,21.1162,12.2363,12.2363,
26,Euterpe oleracea,Arecaceae,798776.912,9726475.723,10.1,False,P,2,10.7,10.7,feldpausch_regional,0.18,default,-2.0,9.74,10.42,10.1,False,P,10.7,feldpausch,9.74,10.422080815603511,0.3877,18.8614,10.8831,10.8831,17.1258,9.8499,9.8499,
27,Xylopia nitida,Annonaceae,798771.1792,9726477.589,21.1,False,O,2,17.78,17.78,feldpausch_regional,0.18,default,-2.0,20.74,17.58,21.1,False,O,17.78,feldpausch,20.740000000000002,17.582583614354764,0.5483,130.4348,130.4348,119.4608,124.7591,124.7591,114.2626,
28,Tapirira guianensis,Anacardiaceae,798772.5004,9726480.061,16.1,False,O,2,14.85,14.85,feldpausch_regional,0.18,default,-2.0,15.74,14.62,16.1,False,O,14.85,feldpausch,15.740000000000002,14.622878814173308,0.457,64.5342,64.5342,49.4758,60.8255,60.8255,46.6325,
29,Euterpe oleracea,Arecaceae,798773.0312,9726478.956,10.6,False,P,2,11.08,11.08,feldpausch_regional,0.18,default,-2.0,10.24,10.81,10.6,False,P,11.08,feldpausch,10.24,10.807290020466903,0.3877,21.4451,12.4287,12.4287,19.5647,11.3027,11.3027,
30,Xylopia nitida,Annonaceae,798774.3643,9726479.354,15.0,False,O,2,14.15,14.15,feldpausch_regional,0.18,default,-2.0,14.64,13.91,15.0,False,O,14.15,feldpausch,14.64,13.915086591517273,0.5483,53.6203,53.6203,49.109,50.3082,50.3082,46.0756,
31,,,798774.9778,9726480.504,27.1,True,O,2,20.81,20.81,feldpausch_regional,0.18,default,-2.0,26.74,20.64,27.1,True,O,20.81,feldpausch,26.740000000000002,20.640178964537867,0.5847,247.885,177.1514,177.1514,239.5742,171.3239,171.3239,
32,Tapirira guianensis,Anacardiaceae,798772.9462,9726483.827,23.7,False,O,2,19.15,19.15,feldpausch_regional,0.18,default,-2.0,23.34,18.96,23.7,False,O,19.15,feldpausch,23.34,18.965412186244883,0.457,175.9406,175.9406,134.8866,169.155,169.155,129.6843,
33,Euterpe oleracea,Arecaceae,798773.385,9726483.81,11.3,False,P,2,11.6,11.6,feldpausch_regional,0.18,default,-2.0,10.94,11.33,11.3,False,P,11.6,feldpausch,10.940000000000001,11.334209651177257,0.3877,25.4086,14.8167,14.8167,23.3189,13.5553,13.5553,
34,Simarouba amara,Simaroubaceae,798773.0427,9726485.261,19.7,False,O,2,17.0,17.0,feldpausch_regional,0.18,default,-2.0,19.34,16.79,19.7,False,O,17.0,feldpausch,19.34,16.7950310773082,0.3833,109.1885,109.1885,70.5135,104.0879,104.0879,67.2195,
35,Euterpe oleracea,Arecaceae,798776.5584,9726487.653,10.0,False,P,2,10.62,10.62,feldpausch_regional,0.18,default,-2.0,9.64,10.34,10.0,False,P,10.62,feldpausch,9.64,10.341091793253828,0.3877,18.3636,10.5895,10.5895,16.657,9.5745,9.5745,
36,Euterpe oleracea,Arecaceae,798780.004,9726485.74,11.6,False,P,2,11.82,11.82,feldpausch_regional,0.18,default,-2.0,11.24,11.56,11.6,False,P,11.82,feldpausch,11.24,11.557025370127894,0.3877,27.2369,15.9231,15.9231,25.055,14.6015,14.6015,
37,Tapirira guianensis,Anacardiaceae,798786.8706,9726477.644,27.3,False,O,2,20.91,20.91,feldpausch_regional,0.18,default,-2.0,26.94,20.74,27.3,False,O,20.91,feldpausch,26.94,20.740933340229653,0.457,252.6479,252.6479,193.695,244.2425,244.2425,187.2508,
38,Euterpe oleracea,Arecaceae,798793.3976,9726479.467,11.0,False,P,2,11.38,11.38,feldpausch_regional,0.18,default,-2.0,10.64,11.11,11.0,False,P,11.38,feldpausch,10.64,11.111266572550116,0.3877,23.6621,13.7606,13.7606,21.6629,12.558,12.558,
39,Euterpe oleracea,Arecaceae,798793.4448,9726479.557,11.1,False,P,2,11.45,11.45,feldpausch_regional,0.18,default,-2.0,10.74,11.18,11.1,False,P,11.45,feldpausch,10.74,11.182340299273735,0.3877,24.2284,14.1071,14.1071,22.1998,12.885,12.885,
40,Euterpe oleracea,Arecaceae,798793.492,9726479.647,10.2,False,P,2,10.78,10.78,feldpausch_regional,0.18,default,-2.0,9.84,10.5,10.2,False,P,10.78,feldpausch,9.84,10.503054040815368,0.3877,19.368,11.1818,11.1818,17.6032,10.1304,10.1304,
41,Euterpe oleracea,Arecaceae,798790.1653,9726471.607,10.9,False,P,2,11.3,11.3,feldpausch_regional,0.18,default,-2.0,10.54,11.03,10.9,False,P,11.3,feldpausch,10.540000000000001,11.030414500637347,0.3877,23.0846,13.4195,13.4195,21.1162,12.2363,12.2363,
42,Euterpe oleracea,Arecaceae,798785.0932,9726461.508,10.1,False,P,2,10.7,10.7,feldpausch_regional,0.18,default,-2.0,9.74,10.42,10.1,False,P,10.7,feldpausch,9.74,10.422080815603511,0.3877,18.8614,10.8831,10.8831,17.1258,9.8499,9.8499,
43,Euterpe oleracea,Arecaceae,798785.046,9726461.418,10.2,False,P,2,10.78,10.78,feldpausch_regional,0.18,default,-2.0,9.84,10.5,10.2,False,P,10.78,feldpausch,9.84,10.503054040815368,0.3877,19.368,11.1818,11.1818,17.6032,10.1304,10.1304,
44,Inga alba,Fabaceae,798785.068,9726460.818,16.1,False,O,2,14.85,14.85,feldpausch_regional,0.18,default,-2.0,15.74,14.62,16.1,False,O,14.85,feldpausch,15.740000000000002,14.622878814173308,0.5861,64.5342,64.5342,63.0758,60.8255,60.8255,59.451,
45,Euterpe oleracea,Arecaceae,798778.0283,9726463.005,10.1,False,P,2,10.7,10.7,feldpausch_regional,0.18,default,-2.0,9.74,10.42,10.1,False,P,10.7,feldpausch,9.74,10.422080815603511,0.3877,18.8614,10.8831,10.8831,17.1258,9.8499,9.8499,
46,Xylopia nitida,Annonaceae,798782.4474,9726456.461,11.1,False,O,2,11.45,11.45,feldpausch_regional,0.18,default,-2.0,10.74,11.18,11.1,False,O,11.45,feldpausch,10.74,11.182340299273735,0.5483,24.2284,24.2284,22.19,22.1998,22.1998,20.332,
47,Cordia scabrifolia,Boraginaceae,798775.6776,9726456.417,11.9,False,O,2,12.03,12.03,feldpausch_regional,0.18,default,-2.0,11.54,11.77,11.9,False,O,12.03,feldpausch,11.540000000000001,11.769939397609964,0.474,29.1251,29.1251,23.1394,26.8511,26.8511,21.3327,
48,Simarouba amara,Simaroubaceae,798775.562,9726460.463,18.3,False,O,2,16.19,16.19,feldpausch_regional,0.18,default,-2.0,17.94,15.98,18.3,False,O,16.19,feldpausch,17.94,15.976924836595087,0.3833,90.1551,90.1551,58.2218,85.6114,85.6114,55.2875,
49,Nectandra cuspidata,Lauraceae,798773.5051,9726452.298,14.1,False,O,2,13.56,13.56,feldpausch_regional,0.18,default,-2.0,13.74,13.32,14.1,False,O,13.56,feldpausch,13.74,13.31827369396353,0.518,45.585,45.585,39.4941,42.5865,42.5865,36.8962,
50,Euterpe oleracea,Arecaceae,798773.6468,9726452.566,11.0,False,P,2,11.38,11.38,feldpausch_regional,0.18,default,-2.0,10.64,11.11,11.0,False,P,11.38,feldpausch,10.64,11.111266572550116,0.3877,23.6621,13.7606,13.7606,21.6629,12.558,12.558,
51,Xylopia nitida,Annonaceae,798773.4209,9726449.997,11.7,False,O,2,11.89,11.89,feldpausch_regional,0.18,default,-2.0,11.34,11.63,11.7,False,O,11.89,feldpausch,11.34,11.628010757572445,0.5483,27.8572,27.8572,25.5134,25.6448,25.6448,23.4872,
52,Euterpe oleracea,Arecaceae,798777.9963,9726450.12,11.1,False,P,2,11.45,11.45,feldpausch_regional,0.18,default,-2.0,10.74,11.18,11.1,False,P,11.45,feldpausch,10.74,11.182340299273735,0.3877,24.2284,14.1071,14.1071,22.1998,12.885,12.885,
53,Euterpe oleracea,Arecaceae,798777.949,9726450.03,12.9,False,P,2,12.74,12.74,feldpausch_regional,0.18,default,-2.0,12.54,12.49,12.9,False,P,12.74,feldpausch,12.540000000000001,12.488626407215895,0.3877,36.056,21.3211,21.3211,33.4608,19.7255,19.7255,
54,Simarouba amara,Simaroubaceae,798773.1477,9726447.333,17.2,False,O,2,15.53,15.53,feldpausch_regional,0.18,default,-2.0,16.84,15.31,17.2,False,O,15.53,feldpausch,16.84,15.31012961987348,0.3833,76.7,76.7,49.5325,72.5805,72.5805,46.8722,
55,Euterpe oleracea,Arecaceae,798770.2834,9726448.331,12.0,False,P,2,12.11,12.11,feldpausch_regional,0.18,default,-2.0,11.64,11.85,12.0,False,P,12.11,feldpausch,11.64,11.85066919732659,0.3877,29.7969,17.478,17.478,27.49,16.0744,16.0744,
56,Inga alba,Fabaceae,798776.6932,9726443.332,16.3,False,O,2,14.98,14.98,feldpausch_regional,0.18,default,-2.0,15.94,14.75,16.3,False,O,14.98,feldpausch,15.940000000000001,14.75416108478031,0.5861,66.6731,66.6731,65.1663,62.8895,62.8895,61.4683,
57,Xylopia nitida,Annonaceae,798777.2785,9726442.509,19.1,False,O,2,16.65,16.65,feldpausch_regional,0.18,default,-2.0,18.74,16.45,19.1,False,O,16.65,feldpausch,18.740000000000002,16.441712399625455,0.5483,100.7252,100.7252,92.2508,95.8675,95.8675,87.8018,
58,Euterpe oleracea,Arecaceae,798776.8665,9726440.859,10.9,False,P,2,11.3,11.3,feldpausch_regional,0.18,default,-2.0,10.54,11.03,10.9,False,P,11.3,feldpausch,10.540000000000001,11.030414500637347,0.3877,23.0846,13.4195,13.4195,21.1162,12.2363,12.2363,
59,Euterpe oleracea,Arecaceae,798776.9525,9726440.807,10.9,False,P,2,11.3,11.3,feldpausch_regional,0.18,default,-2.0,10.54,11.03,10.9,False,P,11.3,feldpausch,10.540000000000001,11.030414500637347,0.3877,23.0846,13.4195,13.4195,21.1162,12.2363,12.2363,
60,Tapirira guianensis,Anacardiaceae,798773.7069,9726439.79,18.7,False,O,2,16.42,16.42,feldpausch_regional,0.18,default,-2.0,18.34,16.21,18.7,False,O,16.42,feldpausch,18.34,16.209361053609186,0.457,95.3454,95.3454,73.0975,90.6458,90.6458,69.4945,
61,Cordia scabrifolia,Boraginaceae,798773.7541,9726439.88,14.6,False,O,2,13.89,13.89,feldpausch_regional,0.18,default,-2.0,14.24,13.65,14.6,False,O,13.89,feldpausch,14.24,13.652106386641979,0.474,49.9522,49.9522,39.6861,46.7807,46.7807,37.1665,
62,Xylopia nitida,Annonaceae,798773.45,9726437.573,18.3,False,O,2,16.19,16.19,feldpausch_regional,0.18,default,-2.0,17.94,15.98,18.3,False,O,16.19,feldpausch,17.94,15.976924836595087,0.5483,90.1551,90.1551,82.57,85.6114,85.6114,78.4085,
63,Tapirira guianensis,Anacardiaceae,798772.522,9726436.234,15.6,False,O,2,14.54,14.54,feldpausch_regional,0.18,default,-2.0,15.24,14.3,15.6,False,O,14.54,feldpausch,15.24,14.30931957470061,0.457,59.4433,59.4433,45.5728,55.9154,55.9154,42.8681,
64,Euterpe oleracea,Arecaceae,798771.3568,9726436.82,10.1,False,P,2,10.7,10.7,feldpausch_regional,0.18,default,-2.0,9.74,10.42,10.1,False,P,10.7,feldpausch,9.74,10.422080815603511,0.3877,18.8614,10.8831,10.8831,17.1258,9.8499,9.8499,
65,Euterpe oleracea,Arecaceae,798771.0988,9726436.976,10.7,False,P,2,11.15,11.15,feldpausch_regional,0.18,default,-2.0,10.34,10.88,10.7,False,P,11.15,feldpausch,10.34,10.878429139290521,0.3877,21.9765,12.7536,12.7536,20.0675,11.6087,11.6087,
1,Helicostylis sp.,Moraceae,798655.2042,9728344.701,7.8,False,O,3,8.85,8.85,feldpausch_regional,0.18,default,-2.0,7.44,8.55,7.8,False,O,8.85,feldpausch,7.4399999999999995,8.544472260985149,0.643,9.4634,9.4634,10.1247,8.3387,8.3387,8.9214,
2,Helicostylis sp.,Moraceae,798655.2824,9728344.6,6.9,False,O,3,8.08,8.08,feldpausch_regional,0.18,default,-2.0,6.54,7.76,6.9,False,O,8.08,feldpausch,6.54,7.761276711772535,0.643,6.816,6.816,7.2923,5.9026,5.9026,6.3151,
3,Miconia poeppigii,Melastomataceae,798653.5656,9728345.192,7.0,False,O,3,8.17,8.17,feldpausch_regional,0.18,default,-2.0,6.64,7.85,7.0,False,O,8.17,feldpausch,6.64,7.852713610028152,0.5967,7.0863,7.0863,7.0479,6.15,6.15,6.1166,
4,Tetragastris panamensis,Burseraceae,798655.0519,9728348.253,6.7,False,O,3,7.9,7.9,feldpausch_regional,0.18,default,-2.0,6.34,7.58,6.7,False,O,7.9,feldpausch,6.34,7.57829467188752,0.7173,6.2957,6.2957,7.4946,5.4275,5.4275,6.4611,
5,Pourouma villosa,Urticaceae,798660.5972,9728352.29,16.5,False,O,3,15.1,15.1,feldpausch_regional,0.18,default,-2.0,16.14,14.88,16.5,False,O,15.1,feldpausch,16.14,14.875566975989804,0.34,68.8131,68.8131,39.5293,64.9565,64.9565,37.3139,
6,Banara guianensis,Salicaceae,798657.852,9728353.221,11.0,False,O,3,11.38,11.38,feldpausch_regional,0.18,default,-2.0,10.64,11.11,11.0,False,O,11.38,feldpausch,10.64,11.111266572550116,0.61,23.6621,23.6621,24.047,21.6629,21.6629,22.0152,
7,Banara guianensis,Salicaceae,798658.8756,9728353.516,12.7,False,O,3,12.6,12.6,feldpausch_regional,0.18,default,-2.0,12.34,12.35,12.7,False,O,12.6,feldpausch,12.34,12.346939344095293,0.61,34.5977,34.5977,35.1604,32.0678,32.0678,32.5894,
8,Pourouma villosa,Urticaceae,798659.0372,9728354.425,13.6,False,O,3,13.22,13.22,feldpausch_regional,0.18,default,-2.0,13.24,12.98,13.6,False,O,13.22,feldpausch,13.24,12.974393799722383,0.34,41.4429,41.4429,23.8067,38.6153,38.6153,22.1823,
9,,,798661.0751,9728357.632,32.7,True,O,3,23.28,23.28,feldpausch_regional,0.18,default,-2.0,32.34,23.13,32.7,True,O,23.28,feldpausch,32.34,23.13060110438706,0.5847,399.0555,282.7138,282.7138,388.0785,275.0707,275.0707,
10,Helicostylis sp.,Moraceae,798654.9593,9728359.08,11.7,False,O,3,11.89,11.89,feldpausch_regional,0.18,default,-2.0,11.34,11.63,11.7,False,O,11.89,feldpausch,11.34,11.628010757572445,0.643,27.8572,27.8572,29.804,25.6448,25.6448,27.437,
11,,,798657.3704,9728361.683,13.0,False,L,3,12.81,12.81,feldpausch_regional,0.18,default,-2.0,12.64,12.56,13.0,False,L,12.81,feldpausch,12.64,12.559453854983726,0.5847,36.7999,36.7999,35.8818,34.1717,34.1717,33.3192,
12,,,798658.5022,9728361.957,30.2,True,O,3,22.22,22.22,feldpausch_regional,0.18,default,-2.0,29.84,22.06,30.2,True,O,22.22,feldpausch,29.84,22.061963025934254,0.5847,326.4799,232.1186,232.1186,316.7121,225.2984,225.2984,
13,Inga alba,Fabaceae,798658.6003,9728361.954,25.0,False,O,3,19.8,19.8,feldpausch_regional,0.18,default,-2.0,24.64,19.62,25.0,False,O,19.8,feldpausch,24.64,19.62131370234897,0.5861,201.7367,201.7367,197.1776,194.3775,194.3775,189.9848,
14,Euterpe oleracea,Arecaceae,798660.2762,9728361.399,13.4,False,P,3,13.08,13.08,feldpausch_regional,0.18,default,-2.0,13.04,12.84,13.4,False,P,13.08,feldpausch,13.040000000000001,12.832850878590625,0.3877,39.8454,23.67,23.67,37.0857,21.9631,21.9631,
15,Tapirira guianensis,Anacardiaceae,798659.5098,9728362.641,20.0,False,O,3,17.17,17.17,feldpausch_regional,0.18,default,-2.0,19.64,16.96,20.0,False,O,17.17,feldpausch,19.64,16.966688851135235,0.457,113.5552,113.5552,87.0582,108.3327,108.3327,83.0543,
16,Euterpe oleracea,Arecaceae,798660.2763,9728366.996,13.1,False,P,3,12.88,12.88,feldpausch_regional,0.18,default,-2.0,12.74,12.63,13.1,False,P,12.88,feldpausch,12.74,12.630270902047103,0.3877,37.5536,22.242,22.242,34.8923,20.6022,20.6022,
17,Helicostylis sp.,Moraceae,798658.4418,9728367.889,11.0,False,O,3,11.38,11.38,feldpausch_regional,0.18,default,-2.0,10.64,11.11,11.0,False,O,11.38,feldpausch,10.64,11.111266572550116,0.643,23.6621,23.6621,25.3158,21.6629,21.6629,23.1768,
18,Helicostylis sp.,Moraceae,798658.4594,9728367.99,14.3,False,O,3,13.69,13.69,feldpausch_regional,0.18,default,-2.0,13.94,13.45,14.3,False,O,13.69,feldpausch,13.940000000000001,13.449868465022146,0.643,47.294,47.294,50.5993,44.2273,44.2273,47.3183,
19,Goupia glabra,Goupiaceae,798662.8745,9728364.866,19.9,False,O,3,17.11,17.11,feldpausch_regional,0.18,default,-2.0,19.54,16.91,19.9,False,O,17.11,feldpausch,19.54,16.906180529985804,0.7272,112.066,112.066,135.1964,106.8853,106.8853,128.9464,
20,Euterpe oleracea,Arecaceae,798661.1498,9728371.959,12.7,False,P,3,12.6,12.6,feldpausch_regional,0.18,default,-2.0,12.34,12.35,12.7,False,P,12.6,feldpausch,12.34,12.346939344095293,0.3877,34.5977,20.4249,20.4249,32.0678,18.8729,18.8729,
21,Euterpe oleracea,Arecaceae,798659.1795,9728372.162,11.9,False,P,3,12.03,12.03,feldpausch_regional,0.18,default,-2.0,11.54,11.77,11.9,False,P,12.03,feldpausch,11.540000000000001,11.769939397609964,0.3877,29.1251,17.0806,17.0806,26.8511,15.6977,15.6977,
22,Inga alba,Fabaceae,798668.2709,9728367.179,16.2,False,O,3,14.91,14.91,feldpausch_regional,0.18,default,-2.0,15.84,14.69,16.2,False,O,14.91,feldpausch,15.84,14.683599054839801,0.5861,65.5765,65.5765,64.0945,61.8317,61.8317,60.4344,
23,Inga alba,Fabaceae,798673.4455,9728373.228,12.6,False,O,3,12.53,12.53,feldpausch_regional,0.18,default,-2.0,12.24,12.28,12.6,False,O,12.53,feldpausch,12.24,12.276079226857474,0.5861,33.8832,33.8832,33.1175,31.3857,31.3857,30.6764,
24,Euterpe oleracea,Arecaceae,798668.8383,9728375.495,12.7,False,P,3,12.6,12.6,feldpausch_regional,0.18,default,-2.0,12.34,12.35,12.7,False,P,12.6,feldpausch,12.34,12.346939344095293,0.3877,34.5977,20.4249,20.4249,32.0678,18.8729,18.8729,
25,Euterpe oleracea,Arecaceae,798664.024,9728376.8,13.8,False,P,3,13.36,13.36,feldpausch_regional,0.18,default,-2.0,13.44,13.11,13.8,False,P,13.36,feldpausch,13.440000000000001,13.11590038072233,0.3877,43.0816,25.6629,25.6629,40.1853,23.8647,23.8647,
26,Euterpe oleracea,Arecaceae,798664.0601,9728377.001,14.4,False,P,3,13.76,13.76,feldpausch_regional,0.18,default,-2.0,14.04,13.52,14.4,False,P,13.76,feldpausch,14.040000000000001,13.520564939096525,0.3877,48.181,28.8472,28.8472,45.0788,26.9083,26.9083,
27,Euterpe oleracea,Arecaceae,798664.1144,9728377.304,14.8,False,P,3,14.02,14.02,feldpausch_regional,0.18,default,-2.0,14.44,13.78,14.8,False,P,14.02,feldpausch,14.440000000000001,13.783613149683013,0.3877,51.7652,31.1033,31.1033,48.5237,29.068,29.068,
28,Euterpe oleracea,Arecaceae,798663.1313,9728377.467,14.0,False,P,3,13.49,13.49,feldpausch_regional,0.18,default,-2.0,13.64,13.25,14.0,False,P,13.49,feldpausch,13.64,13.247551872280896,0.3877,44.7295,26.6981,26.6981,41.766,24.8535,24.8535,
29,Euterpe oleracea,Arecaceae,798659.1791,9728378.024,13.0,False,P,3,12.81,12.81,feldpausch_regional,0.18,default,-2.0,12.64,12.56,13.0,False,P,12.81,feldpausch,12.64,12.559453854983726,0.3877,36.7999,21.7785,21.7785,34.1717,20.1608,20.1608,
30,Croton matourensis,Euphorbiaceae,798656.9258,9728374.857,9.0,False,O,3,9.84,9.84,feldpausch_regional,0.18,default,-2.0,8.64,9.55,9.0,False,O,9.84,feldpausch,8.64,9.549628609842348,0.3883,13.8773,13.8773,9.076,12.4452,12.4452,8.1394,
31,Croton matourensis,Euphorbiaceae,798661.5858,9728386.1,20.8,False,O,3,17.61,17.61,feldpausch_regional,0.18,default,-2.0,20.44,17.41,20.8,False,O,17.61,feldpausch,20.44,17.41106794193607,0.3883,125.6555,125.6555,82.1807,120.1061,120.1061,78.5513,
32,Pourouma villosa,Urticaceae,798676.5313,9728383.697,18.1,False,O,3,16.07,16.07,feldpausch_regional,0.18,default,-2.0,17.74,15.86,18.1,False,O,16.07,feldpausch,17.740000000000002,15.855739843979478,0.34,87.6034,87.6034,50.3232,83.1381,83.1381,47.7582,
33,Lecythis pisonis,Lecythidaceae,798670.4453,9728348.195,11.8,False,O,3,11.96,11.96,feldpausch_regional,0.18,default,-2.0,11.44,11.7,11.8,False,O,11.96,feldpausch,11.440000000000001,11.698981982587213,0.857,28.4866,28.4866,40.3417,26.2434,26.2434,37.165,
34,Inga alba,Fabaceae,798675.8284,9728380.157,14.5,False,O,3,13.82,13.82,feldpausch_regional,0.18,default,-2.0,14.14,13.58,14.5,False,O,13.82,feldpausch,14.14,13.581426401191216,0.5861,49.0441,49.0441,47.9358,45.9085,45.9085,44.871,
35,Inga alba,Fabaceae,798679.1044,9728381.214,14.1,False,O,3,13.56,13.56,feldpausch_regional,0.18,default,-2.0,13.74,13.32,14.1,False,O,13.56,feldpausch,13.74,13.31827369396353,0.5861,45.585,45.585,44.5548,42.5865,42.5865,41.6241,
36,Euterpe oleracea,Arecaceae,798678.3874,9728377.698,12.1,False,P,3,12.18,12.18,feldpausch_regional,0.18,default,-2.0,11.74,11.92,12.1,False,P,12.18,feldpausch,11.74,11.921601999718774,0.3877,30.4544,17.8812,17.8812,28.1161,16.4568,16.4568,
37,Euterpe oleracea,Arecaceae,798681.822,9728379.539,12.1,False,P,3,12.18,12.18,feldpausch_regional,0.18,default,-2.0,11.74,11.92,12.1,False,P,12.18,feldpausch,11.74,11.921601999718774,0.3877,30.4544,17.8812,17.8812,28.1161,16.4568,16.4568,
38,Guatteria schomburgkiana,Annonaceae,798683.2976,9728381.694,11.0,False,O,3,11.38,11.38,feldpausch_regional,0.18,default,-2.0,10.64,11.11,11.0,False,O,11.38,feldpausch,10.64,11.111266572550116,0.6,23.6621,23.6621,23.6621,21.6629,21.6629,21.6629,
39,Euterpe oleracea,Arecaceae,798677.5614,9728383.717,11.5,False,P,3,11.75,11.75,feldpausch_regional,0.18,default,-2.0,11.14,11.48,11.5,False,P,11.75,feldpausch,11.14,11.486025455548704,0.3877,26.6256,15.5486,15.5486,24.4741,14.2473,14.2473,
40,Banara guianensis,Salicaceae,798676.6875,9728384.484,14.2,False,O,3,13.62,13.62,feldpausch_regional,0.18,default,-2.0,13.84,13.38,14.2,False,O,13.62,feldpausch,13.84,13.379164192092759,0.61,46.4178,46.4178,47.1727,43.3863,43.3863,44.092,
41,Eschweilera coriacea,Lecythidaceae,798677.3319,9728387.73,20.4,False,O,3,17.39,17.39,feldpausch_regional,0.18,default,-2.0,20.04,17.19,20.4,False,O,17.39,feldpausch,20.04,17.188913960417164,0.8521,119.5064,119.5064,168.293,114.1215,114.1215,160.7098,
42,Eschweilera coriacea,Lecythidaceae,798677.1288,9728387.747,10.2,False,O,3,10.78,10.78,feldpausch_regional,0.18,default,-2.0,9.84,10.5,10.2,False,O,10.78,feldpausch,9.84,10.503054040815368,0.8521,19.368,19.368,27.2746,17.6032,17.6032,24.7894,
43,Cordia scabrifolia,Boraginaceae,798679.1458,9728386.477,27.8,False,O,3,21.14,21.14,feldpausch_regional,0.18,default,-2.0,27.44,20.97,27.8,False,O,21.14,feldpausch,27.44,20.972939187419566,0.474,264.5688,264.5688,210.1951,255.9328,255.9328,203.334,
44,Vismia guianensis,Hypericaceae,798680.1801,9728386.489,15.1,False,O,3,14.21,14.21,feldpausch_regional,0.18,default,-2.0,14.74,13.98,15.1,False,O,14.21,feldpausch,14.74,13.975893597095732,0.475,54.5451,54.5451,43.4243,51.1986,51.1986,40.7601,
45,Eschweilera coriacea,Lecythidaceae,798679.9374,9728390.393,12.1,False,O,3,12.18,12.18,feldpausch_regional,0.18,default,-2.0,11.74,11.92,12.1,False,O,12.18,feldpausch,11.74,11.921601999718774,0.8521,30.4544,30.4544,42.8869,28.1161,28.1161,39.5941,
46,Nectandra cuspidata,Lauraceae,798682.3775,9728392.153,19.4,False,O,3,16.83,16.83,feldpausch_regional,0.18,default,-2.0,19.04,16.62,19.4,False,O,16.83,feldpausch,19.04,16.623331207310667,0.518,104.932,104.932,90.9113,99.952,99.952,86.5968,
47,Hymenaea parvifolia,Fabaceae,798677.0532,9728391.564,11.0,False,O,3,11.38,11.38,feldpausch_regional,0.18,default,-2.0,10.64,11.11,11.0,False,O,11.38,feldpausch,10.64,11.111266572550116,0.8774,23.6621,23.6621,34.2878,21.6629,21.6629,31.3907,
48,Hymenaea parvifolia,Fabaceae,798677.0144,9728391.367,23.1,False,O,3,18.84,18.84,feldpausch_regional,0.18,default,-2.0,22.74,18.65,23.1,False,O,18.84,feldpausch,22.740000000000002,18.652602367939707,0.8774,164.7063,164.7063,238.6687,158.1821,158.1821,229.2148,
49,Euterpe oleracea,Arecaceae,798679.6462,9728368.67,14.0,False,P,3,13.49,13.49,feldpausch_regional,0.18,default,-2.0,13.64,13.25,14.0,False,P,13.49,feldpausch,13.64,13.247551872280896,0.3877,44.7295,26.6981,26.6981,41.766,24.8535,24.8535,
50,Guatteria schomburgkiana,Annonaceae,798677.9509,9728365.803,11.4,False,O,3,11.67,11.67,feldpausch_regional,0.18,default,-2.0,11.04,11.41,11.4,False,O,11.67,feldpausch,11.040000000000001,11.405237510778715,0.6,26.0016,26.0016,26.0016,23.882,23.882,23.882,
51,Pourouma minor,Urticaceae,798677.3481,9728355.378,13.9,False,O,3,13.42,13.42,feldpausch_regional,0.18,default,-2.0,13.54,13.18,13.9,False,O,13.42,feldpausch,13.540000000000001,13.176821729950944,0.436,43.8846,43.8846,32.1348,40.9558,40.9558,29.9902,
52,Virola michelii,Myristicaceae,798673.8457,9728355.428,13.0,False,O,3,12.81,12.81,feldpausch_regional,0.18,default,-2.0,12.64,12.56,13.0,False,O,12.81,feldpausch,12.64,12.559453854983726,0.4701,36.7999,36.7999,29.0035,34.1717,34.1717,26.9322,
53,Euterpe oleracea,Arecaceae,798675.0785,9728347.335,12.5,False,P,3,12.46,12.46,feldpausch_regional,0.18,default,-2.0,12.14,12.21,12.5,False,P,12.46,feldpausch,12.14,12.205207704531016,0.3877,33.1783,19.553,19.553,30.7131,18.0441,18.0441,
54,Euterpe oleracea,Arecaceae,798675.0582,9728347.238,10.4,False,P,3,10.93,10.93,feldpausch_regional,0.18,default,-2.0,10.04,10.65,10.4,False,P,10.93,feldpausch,10.040000000000001,10.655206304765878,0.3877,20.3893,11.7948,11.7948,18.5672,10.7064,10.7064,
55,Euterpe oleracea,Arecaceae,798674.9417,9728347.141,10.0,False,P,3,10.62,10.62,feldpausch_regional,0.18,default,-2.0,9.64,10.34,10.0,False,P,10.62,feldpausch,9.64,10.341091793253828,0.3877,18.3636,10.5895,10.5895,16.657,9.5745,9.5745,
56,Euterpe oleracea,Arecaceae,798674.7441,9728346.655,10.0,False,P,3,10.62,10.62,feldpausch_regional,0.18,default,-2.0,9.64,10.34,10.0,False,P,10.62,feldpausch,9.64,10.341091793253828,0.3877,18.3636,10.5895,10.5895,16.657,9.5745,9.5745,
57,Ormosia flava,Fabaceae,798654.4209,9728349.066,10.4,False,O,3,10.93,10.93,feldpausch_regional,0.18,default,-2.0,10.04,10.65,10.4,False,O,10.93,feldpausch,10.040000000000001,10.655206304765878,0.58,20.3893,20.3893,19.7257,18.5672,18.5672,17.9629,
58,Virola michelii,Myristicaceae,798671.6262,9728349.274,16.4,False,O,3,15.04,15.04,feldpausch_regional,0.18,default,-2.0,16.04,14.81,16.4,False,O,15.04,feldpausch,16.04,14.814867629828917,0.4701,67.7376,67.7376,53.3869,63.9176,63.9176,50.3762,
1,Neea oppositifolia,Nyctaginaceae,798680.4107,9728351.964,12.6,False,O,3,12.53,12.53,feldpausch_regional,0.18,default,-2.0,12.24,12.28,12.6,False,O,12.53,feldpausch,12.24,12.276079226857474,0.893,33.8832,33.8832,49.9505,31.3857,31.3857,46.2687,
2,Pourouma minor,Urticaceae,798681.8042,9728357.913,16.0,False,O,3,14.79,14.79,feldpausch_regional,0.18,default,-2.0,15.64,14.56,16.0,False,O,14.79,feldpausch,15.64,14.562150985682587,0.436,63.5026,63.5026,46.5002,59.83,59.83,43.8109,
3,Tapirira guianensis,Anacardiaceae,798688.5044,9728355.501,23.4,False,O,3,18.99,18.99,feldpausch_regional,0.18,default,-2.0,23.04,18.81,23.4,False,O,18.99,feldpausch,23.04,18.804071075318802,0.457,170.2199,170.2199,130.5007,163.5672,163.5672,125.4004,
4,Inga alba,Fabaceae,798689.3456,9728354.922,22.7,False,O,3,18.63,18.63,feldpausch_regional,0.18,default,-2.0,22.34,18.44,22.7,False,O,18.63,feldpausch,22.34,18.44069507080865,0.5861,157.453,157.453,153.8947,151.1018,151.1018,147.6871,
5,Inga alba,Fabaceae,798689.1255,9728353.982,46.4,False,O,3,28.2,28.2,feldpausch_regional,0.18,default,-2.0,46.04,28.09,46.4,False,O,28.2,feldpausch,46.04,28.08742181955885,0.5861,952.6797,952.6797,931.1502,934.6487,934.6487,913.5267,
6,,,798684.2893,9728362.954,22.5,False,O,3,18.53,18.53,feldpausch_regional,0.18,default,-2.0,22.14,18.34,22.5,False,O,18.53,feldpausch,22.14,18.33966916817512,0.5847,153.9456,153.9456,150.1051,147.6786,147.6786,143.9944,
7,Banara guianensis,Salicaceae,798684.3877,9728362.951,11.0,False,O,3,11.38,11.38,feldpausch_regional,0.18,default,-2.0,10.64,11.11,11.0,False,O,11.38,feldpausch,10.64,11.111266572550116,0.61,23.6621,23.6621,24.047,21.6629,21.6629,22.0152,
8,Cassia fastuosa,Fabaceae,798693.0639,9728366.545,26.8,False,O,3,20.67,20.67,feldpausch_regional,0.18,default,-2.0,26.44,20.5,26.8,False,O,20.67,feldpausch,26.44,20.49894771038075,0.805,240.964,240.964,321.0209,232.7904,232.7904,310.1317,
9,Inga thibaudiana,Fabaceae,798693.2853,9728367.483,18.2,False,O,3,16.13,16.13,feldpausch_regional,0.18,default,-2.0,17.84,15.92,18.2,False,O,16.13,feldpausch,17.84,15.916334995085252,0.5786,88.8733,88.8733,85.7724,84.3689,84.3689,81.4252,
10,Inga thibaudiana,Fabaceae,798693.3075,9728367.577,17.4,False,O,3,15.65,15.65,feldpausch_regional,0.18,default,-2.0,17.04,15.43,17.4,False,O,15.65,feldpausch,17.04,15.431417602903213,0.5786,79.0422,79.0422,76.2843,74.8468,74.8468,72.2354,
11,Guatteria schomburgkiana,Annonaceae,798691.4366,9728368.136,10.7,False,O,3,11.15,11.15,feldpausch_regional,0.18,default,-2.0,10.34,10.88,10.7,False,O,11.15,feldpausch,10.34,10.878429139290521,0.6,21.9765,21.9765,21.9765,20.0675,20.0675,20.0675,
12,Pourouma minor,Urticaceae,798681.0399,9728369.584,20.0,False,O,3,17.17,17.17,feldpausch_regional,0.18,default,-2.0,19.64,16.96,20.0,False,O,17.17,feldpausch,19.64,16.966688851135235,0.436,113.5552,113.5552,83.1515,108.3327,108.3327,79.3273,
13,,,798687.4328,9728377.205,11.1,False,O,3,11.45,11.45,feldpausch_regional,0.18,default,-2.0,10.74,11.18,11.1,False,O,11.45,feldpausch,10.74,11.182340299273735,0.5847,24.2284,24.2284,23.624,22.1998,22.1998,21.646,
14,Inga alba,Fabaceae,798694.4526,9728376.745,40.4,False,O,3,26.21,26.21,feldpausch_regional,0.18,default,-2.0,40.04,26.09,40.4,False,O,26.21,feldpausch,40.04,26.08313859507615,0.5861,676.9256,676.9256,661.6278,662.0584,662.0584,647.0966,
15,,,798696.2801,9728375.864,11.2,False,O,3,11.53,11.53,feldpausch_regional,0.18,default,-2.0,10.84,11.26,11.2,False,O,11.53,feldpausch,10.84,11.263166132148207,0.5847,24.8245,24.8245,24.2052,22.7645,22.7645,22.1966,
16,Euterpe oleracea,Arecaceae,798693.6686,9728377.753,11.2,False,P,3,11.53,11.53,feldpausch_regional,0.18,default,-2.0,10.84,11.26,11.2,False,P,11.53,feldpausch,10.84,11.263166132148207,0.3877,24.8245,14.4591,14.4591,22.7645,13.2174,13.2174,
17,Guatteria schomburgkiana,Annonaceae,798692.7514,9728378.199,12.1,False,O,3,12.18,12.18,feldpausch_regional,0.18,default,-2.0,11.74,11.92,12.1,False,O,12.18,feldpausch,11.74,11.921601999718774,0.6,30.4544,30.4544,30.4544,28.1161,28.1161,28.1161,
18,Euterpe oleracea,Arecaceae,798692.4819,9728381.489,12.3,False,P,3,12.32,12.32,feldpausch_regional,0.18,default,-2.0,11.94,12.06,12.3,False,P,12.32,feldpausch,11.940000000000001,12.063429349784986,0.3877,31.7974,18.7052,18.7052,29.396,17.2388,17.2388,
19,Euterpe oleracea,Arecaceae,798692.59,9728381.963,11.0,False,P,3,11.38,11.38,feldpausch_regional,0.18,default,-2.0,10.64,11.11,11.0,False,P,11.38,feldpausch,10.64,11.111266572550116,0.3877,23.6621,13.7606,13.7606,21.6629,12.558,12.558,
20,Diplotropis sp.,Fabaceae,798688.2977,9728381.126,10.8,False,O,3,11.23,11.23,feldpausch_regional,0.18,default,-2.0,10.44,10.96,10.8,False,O,11.23,feldpausch,10.440000000000001,10.95930894767477,0.7378,22.5359,22.5359,27.5726,20.5965,20.5965,25.1997,
21,Banara guianensis,Salicaceae,798685.004,9728380.099,11.1,False,O,3,11.45,11.45,feldpausch_regional,0.18,default,-2.0,10.74,11.18,11.1,False,O,11.45,feldpausch,10.74,11.182340299273735,0.61,24.2284,24.2284,24.6225,22.1998,22.1998,22.5608,
22,Ormosia coccinea,Fabaceae,798684.2855,9728381.522,13.7,False,O,3,13.29,13.29,feldpausch_regional,0.18,default,-2.0,13.34,13.04,13.7,False,O,13.29,feldpausch,13.34,13.045151535255012,0.625,42.2571,42.2571,43.9747,39.3952,39.3952,40.9965,
23,,,798683.4993,9728381.679,23.7,True,O,3,19.15,19.15,feldpausch_regional,0.18,default,-2.0,23.34,18.96,23.7,True,O,19.15,feldpausch,23.34,18.965412186244883,0.5847,175.9406,126.5815,126.5815,169.155,121.7964,121.7964,
24,Ormosia coccinea,Fabaceae,798687.9185,9728384.077,14.9,False,O,3,14.08,14.08,feldpausch_regional,0.18,default,-2.0,14.54,13.85,14.9,False,O,14.08,feldpausch,14.540000000000001,13.844437604821394,0.625,52.6692,52.6692,54.81,49.3937,49.3937,51.4013,
25,Ormosia coccinea,Fabaceae,798687.8976,9728383.981,16.8,False,O,3,15.29,15.29,feldpausch_regional,0.18,default,-2.0,16.44,15.06,16.8,False,O,15.29,feldpausch,16.44,15.067477550109134,0.625,72.1516,72.1516,75.0843,68.1818,68.1818,70.9532,
26,Ormosia coccinea,Fabaceae,798688.1,9728383.965,14.2,False,O,3,13.62,13.62,feldpausch_regional,0.18,default,-2.0,13.84,13.38,14.2,False,O,13.62,feldpausch,13.84,13.379164192092759,0.625,46.4178,46.4178,48.3045,43.3863,43.3863,45.1498,
27,Cecropia palmata,Urticaceae,798685.7668,9728388.474,14.2,False,O,3,13.62,13.62,feldpausch_regional,0.18,default,-2.0,13.84,13.38,14.2,False,O,13.62,feldpausch,13.84,13.379164192092759,0.3404,46.4178,46.4178,26.6935,43.3863,43.3863,24.9502,
28,Banara guianensis,Salicaceae,798709.9297,9728389.294,10.3,False,O,3,10.85,10.85,feldpausch_regional,0.18,default,-2.0,9.94,10.58,10.3,False,O,10.85,feldpausch,9.940000000000001,10.57426605405682,0.61,19.8654,19.8654,20.1885,18.0729,18.0729,18.3668,
29,Pouteria venosa,Sapotaceae,798708.7143,9728382.584,14.6,False,O,3,13.89,13.89,feldpausch_regional,0.18,default,-2.0,14.24,13.65,14.6,False,O,13.89,feldpausch,14.24,13.652106386641979,0.92,49.9522,49.9522,75.8117,46.7807,46.7807,70.9984,
30,Ocotea canaliculata,Lauraceae,798705.5884,9728384.528,16.2,False,O,3,14.91,14.91,feldpausch_regional,0.18,default,-2.0,15.84,14.69,16.2,False,O,14.91,feldpausch,15.84,14.683599054839801,0.4793,65.5765,65.5765,52.6714,61.8317,61.8317,49.6636,
31,Neea oppositifolia,Nyctaginaceae,798698.2402,9728384.102,10.2,False,O,3,10.78,10.78,feldpausch_regional,0.18,default,-2.0,9.84,10.5,10.2,False,O,10.78,feldpausch,9.84,10.503054040815368,0.893,19.368,19.368,28.5522,17.6032,17.6032,25.9505,
32,Luehea speciosa,Malvaceae,798698.7606,9728381.964,17.9,False,O,3,15.95,15.95,feldpausch_regional,0.18,default,-2.0,17.54,15.74,17.9,False,O,15.95,feldpausch,17.54,15.734533265121735,0.5766,85.099,85.099,81.8543,80.7116,80.7116,77.6342,
33,,,798697.9764,9728378.696,11.8,False,O,3,11.96,11.96,feldpausch_regional,0.18,default,-2.0,11.44,11.7,11.8,False,O,11.96,feldpausch,11.440000000000001,11.698981982587213,0.5847,28.4866,28.4866,27.7759,26.2434,26.2434,25.5887,
34,Xylopia nitida,Annonaceae,798706.7752,9728375.102,10.6,False,O,3,11.08,11.08,feldpausch_regional,0.18,default,-2.0,10.24,10.81,10.6,False,O,11.08,feldpausch,10.24,10.807290020466903,0.5483,21.4451,21.4451,19.6409,19.5647,19.5647,17.9187,
35,Aspidosperma parvifolium,Apocynaceae,798703.4315,9728371.957,12.8,False,O,3,12.67,12.67,feldpausch_regional,0.18,default,-2.0,12.44,12.42,12.8,False,O,12.67,feldpausch,12.440000000000001,12.417788319260666,0.781,35.3219,35.3219,45.6874,32.7595,32.7595,42.373,
36,,,798695.1886,9728371.278,16.6,False,O,3,15.16,15.16,feldpausch_regional,0.18,default,-2.0,16.24,14.94,16.6,False,O,15.16,feldpausch,16.240000000000002,14.936259251144145,0.5847,69.8995,69.8995,68.1557,66.0062,66.0062,64.3595,
37,Inga thibaudiana,Fabaceae,798700.3538,9728367.732,12.5,False,O,3,12.46,12.46,feldpausch_regional,0.18,default,-2.0,12.14,12.21,12.5,False,O,12.46,feldpausch,12.14,12.205207704531016,0.5786,33.1783,33.1783,32.0207,30.7131,30.7131,29.6415,
38,Guatteria schomburgkiana,Annonaceae,798702.8571,9728365.765,13.8,False,O,3,13.36,13.36,feldpausch_regional,0.18,default,-2.0,13.44,13.11,13.8,False,O,13.36,feldpausch,13.440000000000001,13.11590038072233,0.6,43.0816,43.0816,43.0816,40.1853,40.1853,40.1853,
39,,,798701.0279,9728358.622,35.5,True,O,3,24.4,24.4,feldpausch_regional,0.18,default,-2.0,35.14,24.26,35.5,True,O,24.4,feldpausch,35.14,24.25944475551066,0.5847,490.4547,346.259,346.259,478.0898,337.6724,337.6724,
40,,,798697.4944,9728356.292,12.6,False,O,3,12.53,12.53,feldpausch_regional,0.18,default,-2.0,12.24,12.28,12.6,False,O,12.53,feldpausch,12.24,12.276079226857474,0.5847,33.8832,33.8832,33.0379,31.3857,31.3857,30.6027,
41,Pouteria guianensis,Sapotaceae,798697.1276,9728356.391,15.8,False,O,3,14.66,14.66,feldpausch_regional,0.18,default,-2.0,15.44,14.43,15.8,False,O,14.66,feldpausch,15.440000000000001,14.43082832275704,0.9295,61.4308,61.4308,94.172,57.832,57.832,88.6552,
42,Tapirira guianensis,Anacardiaceae,798695.1121,9728354.564,29.9,False,O,3,22.09,22.09,feldpausch_regional,0.18,default,-2.0,29.54,21.93,29.9,False,O,22.09,feldpausch,29.54,21.930865161766395,0.457,318.3507,318.3507,244.0667,308.7254,308.7254,236.6873,
43,Lacunaria jenmanii,Ochnaceae,798694.4669,9728353.921,10.2,False,O,3,10.78,10.78,feldpausch_regional,0.18,default,-2.0,9.84,10.5,10.2,False,O,10.78,feldpausch,9.84,10.503054040815368,0.8043,19.368,19.368,25.7819,17.6032,17.6032,23.4326,
44,Inga thibaudiana,Fabaceae,798697.4022,9728352.041,14.7,False,O,3,13.95,13.95,feldpausch_regional,0.18,default,-2.0,14.34,13.72,14.7,False,O,13.95,feldpausch,14.34,13.712948981304246,0.5786,50.8357,50.8357,49.062,47.6304,47.6304,45.9685,
45,Croton matourensis,Euphorbiaceae,798693.8126,9728349.28,29.5,False,O,3,21.91,21.91,feldpausch_regional,0.18,default,-2.0,29.14,21.75,29.5,False,O,21.91,feldpausch,29.14,21.749420996897758,0.3883,307.624,307.624,201.1909,298.1901,298.1901,195.021,
46,Croton matourensis,Euphorbiaceae,798689.8427,9728348.811,36.0,False,O,3,24.6,24.6,feldpausch_regional,0.18,default,-2.0,35.64,24.46,36.0,False,O,24.6,feldpausch,35.64,24.460901303128107,0.3883,508.061,508.061,332.2798,495.4413,495.4413,324.0263,
47,Lecythis lurida,Lecythidaceae,798694.6167,9728348.633,10.8,False,O,3,11.23,11.23,feldpausch_regional,0.18,default,-2.0,10.44,10.96,10.8,False,O,11.23,feldpausch,10.440000000000001,10.95930894767477,0.8633,22.5359,22.5359,32.1447,20.5965,20.5965,29.3783,
48,Banara guianensis,Salicaceae,798694.3187,9728347.43,14.5,False,O,3,13.82,13.82,feldpausch_regional,0.18,default,-2.0,14.14,13.58,14.5,False,O,13.82,feldpausch,14.14,13.581426401191216,0.61,49.0441,49.0441,49.8417,45.9085,45.9085,46.6551,
1,Talisia longifolia,Sapindaceae,799886.7292,9726898.763,13.5,False,O,4,13.15,13.15,feldpausch_regional,0.18,default,-2.0,13.14,12.91,13.5,False,O,13.15,feldpausch,13.14,12.90362698059947,0.8499,40.6391,40.6391,57.0855,37.8454,37.8454,53.1613,
2,Tapirira guianensis,Anacardiaceae,799885.3109,9726898.929,7.4,False,O,4,8.51,8.51,feldpausch_regional,0.18,default,-2.0,7.04,8.2,7.4,False,O,8.51,feldpausch,7.04,8.198865428237733,0.457,8.2189,8.2189,6.3011,7.1903,7.1903,5.5125,
3,Goupia glabra,Goupiaceae,799888.9231,9726902.647,21.4,False,O,4,17.94,17.94,feldpausch_regional,0.18,default,-2.0,21.04,17.74,21.4,False,O,17.94,feldpausch,21.04,17.744174084088684,0.7272,135.2568,135.2568,163.1738,129.4567,129.4567,156.1765,
4,Protium paniculatum,Burseraceae,799894.8701,9726901.336,23.3,False,O,4,18.94,18.94,feldpausch_regional,0.18,default,-2.0,22.94,18.76,23.3,False,O,18.94,feldpausch,22.94,18.753585031725716,0.49,168.3691,168.3691,138.1714,161.7593,161.7593,132.7471,
5,Guatteria schomburgkiana,Annonaceae,799884.7364,9726902.683,17.9,False,O,4,15.95,15.95,feldpausch_regional,0.18,default,-2.0,17.54,15.74,17.9,False,O,15.95,feldpausch,17.54,15.734533265121735,0.6,85.099,85.099,85.099,80.7116,80.7116,80.7116,
6,Tetragastris altissima,Burseraceae,799884.9775,9726904.794,15.8,False,O,4,14.66,14.66,feldpausch_regional,0.18,default,-2.0,15.44,14.43,15.8,False,O,14.66,feldpausch,15.440000000000001,14.43082832275704,0.7079,61.4308,61.4308,72.1867,57.832,57.832,67.9579,
7,Lacunaria jenmanii,Ochnaceae,799885.8621,9726902.015,5.2,False,O,4,6.52,6.52,feldpausch_regional,0.18,default,-2.0,4.84,6.17,5.2,False,O,6.52,feldpausch,4.84,6.171353632193371,0.8043,3.1828,3.1828,4.2368,2.6223,2.6223,3.4908,
8,Strychnos subcordata,Loganiaceae,799886.4161,9726905.1,5.4,False,O,4,6.71,6.71,feldpausch_regional,0.18,default,-2.0,5.04,6.37,5.4,False,O,6.71,feldpausch,5.04,6.3653868994101055,0.6959,3.5235,3.5235,4.0724,2.9251,2.9251,3.3808,
9,Virola michelii,Myristicaceae,799890.0744,9726899.706,12.7,False,O,4,12.6,12.6,feldpausch_regional,0.18,default,-2.0,12.34,12.35,12.7,False,O,12.6,feldpausch,12.34,12.346939344095293,0.4701,34.5977,34.5977,27.2679,32.0678,32.0678,25.274,
10,Astronium gracile,Anacardiaceae,799889.4634,9726911.706,24.1,False,O,4,19.35,19.35,feldpausch_regional,0.18,default,-2.0,23.74,19.17,24.1,False,O,19.35,feldpausch,23.740000000000002,19.167284245624835,0.73,183.6363,183.6363,222.3751,176.6763,176.6763,213.9467,
11,Nectandra cuspidata,Lauraceae,799896.2516,9726913.85,13.5,False,O,4,13.15,13.15,feldpausch_regional,0.18,default,-2.0,13.14,12.91,13.5,False,O,13.15,feldpausch,13.14,12.90362698059947,0.518,40.6391,40.6391,35.209,37.8454,37.8454,32.7887,
12,Pseudopiptadenia suaveolens,Fabaceae,799891.4753,9726914.804,11.9,False,O,4,12.03,12.03,feldpausch_regional,0.18,default,-2.0,11.54,11.77,11.9,False,O,12.03,feldpausch,11.540000000000001,11.769939397609964,0.6797,29.1251,29.1251,32.896,26.8511,26.8511,30.3275,
13,Rinorea guianensis,Violaceae,799887.5499,9726911.934,9.0,False,O,4,9.84,9.84,feldpausch_regional,0.18,default,-2.0,8.64,9.55,9.0,False,O,9.84,feldpausch,8.64,9.549628609842348,0.78,13.8773,13.8773,17.9273,12.4452,12.4452,16.0772,
14,Rinorea guianensis,Violaceae,799887.6486,9726912.037,10.3,False,O,4,10.85,10.85,feldpausch_regional,0.18,default,-2.0,9.94,10.58,10.3,False,O,10.85,feldpausch,9.940000000000001,10.57426605405682,0.78,19.8654,19.8654,25.663,18.0729,18.0729,23.3473,
15,Licania heteromorpha,Chrysobalanaceae,799887.5924,9726913.552,7.9,False,O,4,8.94,8.94,feldpausch_regional,0.18,default,-2.0,7.54,8.63,7.9,False,O,8.94,feldpausch,7.54,8.635628206046846,0.8164,9.7979,9.7979,13.2335,8.6479,8.6479,11.6803,
16,Guatteria schomburgkiana,Annonaceae,799888.7114,9726919.336,6.8,False,O,4,7.99,7.99,feldpausch_regional,0.18,default,-2.0,6.44,7.67,6.8,False,O,7.99,feldpausch,6.4399999999999995,7.66980425820082,0.6,6.5525,6.5525,6.5525,5.6618,5.6618,5.6618,
17,Nectandra cuspidata,Lauraceae,799887.8353,9726922.783,5.8,False,O,4,7.09,7.09,feldpausch_regional,0.18,default,-2.0,5.44,6.75,5.8,False,O,7.09,feldpausch,5.4399999999999995,6.7527231059298405,0.518,4.2747,4.2747,3.7035,3.5968,3.5968,3.1162,
18,Lecythis idatimon,Lecythidaceae,799888.8616,9726924.853,9.2,False,O,4,10.0,10.0,feldpausch_regional,0.18,default,-2.0,8.84,9.71,9.2,False,O,10.0,feldpausch,8.84,9.711974072740517,0.7986,14.7155,14.7155,19.4517,13.2296,13.2296,17.4876,
19,,,799886.4154,9726924.197,8.1,False,O,4,9.1,9.1,feldpausch_regional,0.18,default,-2.0,7.74,8.8,8.1,False,O,9.1,feldpausch,7.739999999999999,8.798533546303183,0.5847,10.4676,10.4676,10.2065,9.2689,9.2689,9.0377,
20,Pterocarpus sp.,Fabaceae,799887.0496,9726930.04,20.5,False,O,4,17.45,17.45,feldpausch_regional,0.18,default,-2.0,20.14,17.24,20.5,False,O,17.45,feldpausch,20.14,17.249401486858044,0.5838,121.0589,121.0589,117.8699,115.6315,115.6315,112.5855,
21,Guatteria schomburgkiana,Annonaceae,799889.8321,9726931.759,13.5,False,O,4,13.15,13.15,feldpausch_regional,0.18,default,-2.0,13.14,12.91,13.5,False,O,13.15,feldpausch,13.14,12.90362698059947,0.6,40.6391,40.6391,40.6391,37.8454,37.8454,37.8454,
22,Inga sp.,Fabaceae,799891.498,9726931.879,15.7,False,O,4,14.6,14.6,feldpausch_regional,0.18,default,-2.0,15.34,14.37,15.7,False,O,14.6,feldpausch,15.34,14.370078027679671,0.5786,60.4318,60.4318,58.3232,56.8685,56.8685,54.8843,
23,Tapirira guianensis,Anacardiaceae,799885.5954,9726930.505,5.3,False,O,4,6.62,6.62,feldpausch_regional,0.18,default,-2.0,4.94,6.27,5.3,False,O,6.62,feldpausch,4.9399999999999995,6.273141577122804,0.457,3.3528,3.3528,2.5704,2.7731,2.7731,2.126,
24,Euterpe oleracea,Arecaceae,799888.1183,9726933.536,8.4,False,P,4,9.35,9.35,feldpausch_regional,0.18,default,-2.0,8.04,9.05,8.4,False,P,9.35,feldpausch,8.040000000000001,9.052347890361588,0.3877,11.5389,6.558,6.558,10.2641,5.8142,5.8142,
25,Euterpe oleracea,Arecaceae,799887.1704,9726934.799,8.6,False,P,4,9.52,9.52,feldpausch_regional,0.18,default,-2.0,8.24,9.22,8.6,False,P,9.52,feldpausch,8.24,9.224662819036187,0.3877,12.2956,6.9961,6.9961,10.9684,6.2204,6.2204,
26,,,799885.9933,9726934.811,8.1,False,O,4,9.1,9.1,feldpausch_regional,0.18,default,-2.0,7.74,8.8,8.1,False,O,9.1,feldpausch,7.739999999999999,8.798533546303183,0.5847,10.4676,10.4676,10.2065,9.2689,9.2689,9.0377,
27,Euterpe oleracea,Arecaceae,799888.1934,9726936.391,5.5,False,P,4,6.81,6.81,feldpausch_regional,0.18,default,-2.0,5.14,6.46,5.5,False,P,6.81,feldpausch,5.14,6.4670554896766355,0.3877,3.7051,2.0479,2.0479,3.0868,1.7003,1.7003,
28,Euterpe oleracea,Arecaceae,799889.8798,9726936.984,10.9,False,P,4,11.3,11.3,feldpausch_regional,0.18,default,-2.0,10.54,11.03,10.9,False,P,11.3,feldpausch,10.540000000000001,11.030414500637347,0.3877,23.0846,13.4195,13.4195,21.1162,12.2363,12.2363,
29,Euterpe oleracea,Arecaceae,799889.8825,9726937.079,5.3,False,P,4,6.62,6.62,feldpausch_regional,0.18,default,-2.0,4.94,6.27,5.3,False,P,6.62,feldpausch,4.9399999999999995,6.273141577122804,0.3877,3.3528,1.8497,1.8497,2.7731,1.5246,1.5246,
30,Euterpe oleracea,Arecaceae,799889.9863,9726937.276,5.6,False,P,4,6.9,6.9,feldpausch_regional,0.18,default,-2.0,5.24,6.56,5.6,False,P,6.9,feldpausch,5.239999999999999,6.5591680686676135,0.3877,3.8872,2.1519,2.1519,3.2497,1.7927,1.7927,
31,Euterpe oleracea,Arecaceae,799889.7867,9726937.167,5.0,False,P,4,6.33,6.33,feldpausch_regional,0.18,default,-2.0,4.64,5.98,5.0,False,P,6.33,feldpausch,4.64,5.977038124092504,0.3877,2.8643,1.576,1.576,2.3407,1.2834,1.2834,
32,Tachigali myrmecophila,Fabaceae,799891.1185,9726935.647,11.0,False,O,4,11.38,11.38,feldpausch_regional,0.18,default,-2.0,10.64,11.11,11.0,False,O,11.38,feldpausch,10.64,11.111266572550116,0.476,23.6621,23.6621,18.8766,21.6629,21.6629,17.2816,
33,Virola michelii,Myristicaceae,799891.3235,9726935.946,12.2,False,O,4,12.25,12.25,feldpausch_regional,0.18,default,-2.0,11.84,11.99,12.2,False,O,12.25,feldpausch,11.84,11.992521947516652,0.4701,31.1212,31.1212,24.5279,28.7515,28.7515,22.6602,
34,Protium hebetatum,Burseraceae,799895.1452,9726938.773,28.8,False,O,4,21.59,21.59,feldpausch_regional,0.18,default,-2.0,28.44,21.43,28.8,False,O,21.59,feldpausch,28.44,21.426851544503265,0.5773,289.3513,289.3513,278.6663,280.2506,280.2506,269.9017,
35,Himatanthus sucuuba,Apocynaceae,799895.2074,9726940.672,35.5,False,O,4,24.4,24.4,feldpausch_regional,0.18,default,-2.0,35.14,24.26,35.5,False,O,24.4,feldpausch,35.14,24.25944475551066,0.462,490.4547,490.4547,380.0265,478.0898,478.0898,370.4456,
36,Brosimum rubescens,Moraceae,799890.2421,9726939.382,17.8,False,O,4,15.89,15.89,feldpausch_regional,0.18,default,-2.0,17.44,15.68,17.8,False,O,15.89,feldpausch,17.44,15.673921658561875,0.8251,83.8644,83.8644,114.4549,79.5157,79.5157,108.52,
37,Sacoglottis guianensis,Humiriaceae,799889.2553,9726939.314,10.1,False,O,4,10.7,10.7,feldpausch_regional,0.18,default,-2.0,9.74,10.42,10.1,False,O,10.7,feldpausch,9.74,10.422080815603511,0.8359,18.8614,18.8614,26.0675,17.1258,17.1258,23.6688,
38,Banara guianensis,Salicaceae,799887.2454,9726937.75,11.1,False,O,4,11.45,11.45,feldpausch_regional,0.18,default,-2.0,10.74,11.18,11.1,False,O,11.45,feldpausch,10.74,11.182340299273735,0.61,24.2284,24.2284,24.6225,22.1998,22.1998,22.5608,
39,Banara guianensis,Salicaceae,799887.3518,9726941.938,9.7,False,O,4,10.39,10.39,feldpausch_regional,0.18,default,-2.0,9.34,10.11,9.7,False,O,10.39,feldpausch,9.34,10.107753486426017,0.61,16.9378,16.9378,17.2132,15.3151,15.3151,15.5642,
40,Lecythis lurida,Lecythidaceae,799886.4661,9726942.068,10.0,False,O,4,10.62,10.62,feldpausch_regional,0.18,default,-2.0,9.64,10.34,10.0,False,O,10.62,feldpausch,9.64,10.341091793253828,0.8633,18.3636,18.3636,26.1935,16.657,16.657,23.7591,
41,,,799886.6734,9726942.462,11.6,False,O,4,11.82,11.82,feldpausch_regional,0.18,default,-2.0,11.24,11.56,11.6,False,O,11.82,feldpausch,11.24,11.557025370127894,0.5847,27.2369,27.2369,26.5574,25.055,25.055,24.4299,
42,Cordia scabrifolia,Boraginaceae,799888.183,9726943.514,21.0,False,O,4,17.72,17.72,feldpausch_regional,0.18,default,-2.0,20.64,17.52,21.0,False,O,17.72,feldpausch,20.64,17.522119502180754,0.474,128.8052,128.8052,102.3334,123.1727,123.1727,97.8585,
43,Lecythis lurida,Lecythidaceae,799889.4366,9726945.973,14.0,False,O,4,13.49,13.49,feldpausch_regional,0.18,default,-2.0,13.64,13.25,14.0,False,O,13.49,feldpausch,13.64,13.247551872280896,0.8633,44.7295,44.7295,63.8012,41.766,41.766,59.5741,
44,Protium hebetatum,Burseraceae,799899.1581,9726940.944,31.5,False,O,4,22.78,22.78,feldpausch_regional,0.18,default,-2.0,31.14,22.62,31.5,False,O,22.78,feldpausch,31.14,22.6265393545077,0.5773,363.1912,363.1912,349.7795,352.7978,352.7978,339.7699,
45,Guatteria schomburgkiana,Annonaceae,799899.2616,9726943.79,32.1,False,O,4,23.03,23.03,feldpausch_regional,0.18,default,-2.0,31.74,22.88,32.1,False,O,23.03,feldpausch,31.740000000000002,22.87860222192072,0.6,380.853,380.853,380.853,370.1695,370.1695,370.1695,
46,Jacaranda copaia,Bignoniaceae,799902.1954,9726943.043,12.6,False,O,4,12.53,12.53,feldpausch_regional,0.18,default,-2.0,12.24,12.28,12.6,False,O,12.53,feldpausch,12.24,12.276079226857474,0.3507,33.8832,33.8832,20.0598,31.3857,31.3857,18.5812,
47,Banara guianensis,Salicaceae,799903.1278,9726941.689,11.0,False,O,4,11.38,11.38,feldpausch_regional,0.18,default,-2.0,10.64,11.11,11.0,False,O,11.38,feldpausch,10.64,11.111266572550116,0.61,23.6621,23.6621,24.047,21.6629,21.6629,22.0152,
48,Tapirira guianensis,Anacardiaceae,799905.2826,9726946.087,14.3,False,O,4,13.69,13.69,feldpausch_regional,0.18,default,-2.0,13.94,13.45,14.3,False,O,13.69,feldpausch,13.940000000000001,13.449868465022146,0.457,47.294,47.294,36.2584,44.2273,44.2273,33.9073,
49,Eschweilera coriacea,Lecythidaceae,799909.2506,9726946.353,22.0,False,O,4,18.26,18.26,feldpausch_regional,0.18,default,-2.0,21.64,18.07,22.0,False,O,18.26,feldpausch,21.64,18.067246632339895,0.8521,145.2428,145.2428,204.5358,139.1904,139.1904,196.0127,
50,Brosimum rubescens,Moraceae,799909.1083,9726945.4,21.0,False,O,4,17.72,17.72,feldpausch_regional,0.18,default,-2.0,20.64,17.52,21.0,False,O,17.72,feldpausch,20.64,17.522119502180754,0.8251,128.8052,128.8052,175.7884,123.1727,123.1727,168.1014,
51,Brosimum rubescens,Moraceae,799909.1988,9726945.218,11.0,False,O,4,11.38,11.38,feldpausch_regional,0.18,default,-2.0,10.64,11.11,11.0,False,O,11.38,feldpausch,10.64,11.111266572550116,0.8251,23.6621,23.6621,32.2932,21.6629,21.6629,29.5647,
52,Brosimum rubescens,Moraceae,799909.1945,9726945.123,12.7,False,O,4,12.6,12.6,feldpausch_regional,0.18,default,-2.0,12.34,12.35,12.7,False,O,12.6,feldpausch,12.34,12.346939344095293,0.8251,34.5977,34.5977,47.2176,32.0678,32.0678,43.765,
53,Brosimum rubescens,Moraceae,799910.0951,9726945.373,10.8,False,O,4,11.23,11.23,feldpausch_regional,0.18,default,-2.0,10.44,10.96,10.8,False,O,11.23,feldpausch,10.440000000000001,10.95930894767477,0.8251,22.5359,22.5359,30.7561,20.5965,20.5965,28.1093,
54,Nectandra cuspidata,Lauraceae,799908.0431,9726941.46,32.0,False,O,4,22.99,22.99,feldpausch_regional,0.18,default,-2.0,31.64,22.84,32.0,False,O,22.99,feldpausch,31.64,22.838251947604746,0.518,377.8988,377.8988,327.4053,367.2631,367.2631,318.1907,
55,Nectandra cuspidata,Lauraceae,799908.0346,9726941.271,45.0,False,O,4,27.76,27.76,feldpausch_regional,0.18,default,-2.0,44.64,27.64,45.0,False,O,27.76,feldpausch,44.64,27.644283839959087,0.518,883.7083,883.7083,765.6303,866.4213,866.4213,750.6532,
56,Nectandra cuspidata,Lauraceae,799908.022,9726940.987,46.0,False,O,4,28.07,28.07,feldpausch_regional,0.18,default,-2.0,45.64,27.96,46.0,False,O,28.07,feldpausch,45.64,27.95655968342372,0.518,932.4994,932.4994,807.9022,914.6849,914.6849,792.468,
57,Banara guianensis,Salicaceae,799905.9301,9726938.105,13.9,False,O,4,13.42,13.42,feldpausch_regional,0.18,default,-2.0,13.54,13.18,13.9,False,O,13.42,feldpausch,13.540000000000001,13.176821729950944,0.61,43.8846,43.8846,44.5983,40.9558,40.9558,41.6219,
58,Tapirira guianensis,Anacardiaceae,799908.8496,9726937.555,10.6,False,O,4,11.08,11.08,feldpausch_regional,0.18,default,-2.0,10.24,10.81,10.6,False,O,11.08,feldpausch,10.24,10.807290020466903,0.457,21.4451,21.4451,16.4411,19.5647,19.5647,14.9995,
59,Licania octandra,Chrysobalanaceae,799909.2041,9726936.731,18.4,False,O,4,16.25,16.25,feldpausch_regional,0.18,default,-2.0,18.04,16.03,18.4,False,O,16.25,feldpausch,18.04,16.037509453113827,0.825,91.4488,91.4488,124.7847,86.8656,86.8656,118.5309,
60,Ormosia coccinea,Fabaceae,799907.7938,9726935.877,13.5,False,O,4,13.15,13.15,feldpausch_regional,0.18,default,-2.0,13.14,12.91,13.5,False,O,13.15,feldpausch,13.14,12.90362698059947,0.625,40.6391,40.6391,42.2909,37.8454,37.8454,39.3837,
61,Tapirira guianensis,Anacardiaceae,799904.8264,9726935.195,19.4,False,O,4,16.83,16.83,feldpausch_regional,0.18,default,-2.0,19.04,16.62,19.4,False,O,16.83,feldpausch,19.04,16.623331207310667,0.457,104.932,104.932,80.4471,99.952,99.952,76.6291,
62,Eschweilera coriacea,Lecythidaceae,799901.8059,9726933.09,12.8,False,O,4,12.67,12.67,feldpausch_regional,0.18,default,-2.0,12.44,12.42,12.8,False,O,12.67,feldpausch,12.440000000000001,12.417788319260666,0.8521,35.3219,35.3219,49.7416,32.7595,32.7595,46.133,
63,Bertholletia excelsa,Lecythidaceae,799904.6637,9726931.312,60.5,False,O,4,32.06,32.06,feldpausch_regional,0.18,default,-2.0,60.14,31.97,60.5,False,O,32.06,feldpausch,60.14,31.973398812837466,0.638,1812.4564,1812.4564,1924.407,1786.7408,1786.7408,1897.1031,
64,Brosimum rubescens,Moraceae,799900.5176,9726924.961,11.9,False,O,4,12.03,12.03,feldpausch_regional,0.18,default,-2.0,11.54,11.77,11.9,False,O,12.03,feldpausch,11.540000000000001,11.769939397609964,0.8251,29.1251,29.1251,39.7488,26.8511,26.8511,36.6454,
65,Cordia scabrifolia,Boraginaceae,799900.7,9726922.138,19.1,False,O,4,16.65,16.65,feldpausch_regional,0.18,default,-2.0,18.74,16.45,19.1,False,O,16.65,feldpausch,18.740000000000002,16.441712399625455,0.474,100.7252,100.7252,80.0244,95.8675,95.8675,76.165,
66,Rinorea guianensis,Violaceae,799908.302,9726925.54,10.0,False,O,4,10.62,10.62,feldpausch_regional,0.18,default,-2.0,9.64,10.34,10.0,False,O,10.62,feldpausch,9.64,10.341091793253828,0.78,18.3636,18.3636,23.7229,16.657,16.657,21.5181,
67,Tachigali myrmecophila,Fabaceae,799908.9452,9726918.519,20.9,False,O,4,17.67,17.67,feldpausch_regional,0.18,default,-2.0,20.54,17.47,20.9,False,O,17.67,feldpausch,20.54,17.471539634295524,0.476,127.2592,127.2592,101.5215,121.6668,121.6668,97.0601,
68,Cordia scabrifolia,Boraginaceae,799901.2681,9726919.346,15.3,False,O,4,14.34,14.34,feldpausch_regional,0.18,default,-2.0,14.94,14.11,15.3,False,O,14.34,feldpausch,14.940000000000001,14.10731821422537,0.474,56.4638,56.4638,44.8595,53.0458,53.0458,42.1439,
69,Cordia scabrifolia,Boraginaceae,799901.2905,9726917.457,15.2,False,O,4,14.28,14.28,feldpausch_regional,0.18,default,-2.0,14.84,14.05,15.2,False,O,14.28,feldpausch,14.84,14.04652800373012,0.474,55.518,55.518,44.1081,52.1347,52.1347,41.4201,
70,Guatteria schomburgkiana,Annonaceae,799901.6957,9726917.961,11.5,False,O,4,11.75,11.75,feldpausch_regional,0.18,default,-2.0,11.14,11.48,11.5,False,O,11.75,feldpausch,11.14,11.486025455548704,0.6,26.6256,26.6256,26.6256,24.4741,24.4741,24.4741,
71,Apeiba petoumo,Malvaceae,799907.8406,9726915.417,20.4,False,O,4,17.39,17.39,feldpausch_regional,0.18,default,-2.0,20.04,17.19,20.4,False,O,17.39,feldpausch,20.04,17.188913960417164,0.2822,119.5064,119.5064,57.2446,114.1215,114.1215,54.6652,
72,Apeiba petoumo,Malvaceae,799907.8277,9726915.133,21.4,False,O,4,17.94,17.94,feldpausch_regional,0.18,default,-2.0,21.04,17.74,21.4,False,O,17.94,feldpausch,21.04,17.744174084088684,0.2822,135.2568,135.2568,64.7891,129.4567,129.4567,62.0108,
73,Annona sp.,Annonaceae,799904.8154,9726912.067,12.3,False,O,4,12.32,12.32,feldpausch_regional,0.18,default,-2.0,11.94,12.06,12.3,False,O,12.32,feldpausch,11.940000000000001,12.063429349784986,0.5112,31.7974,31.7974,27.1933,29.396,29.396,25.1397,
74,Ormosia coccinea,Fabaceae,799904.6938,9726909.226,13.6,False,O,4,13.22,13.22,feldpausch_regional,0.18,default,-2.0,13.24,12.98,13.6,False,O,13.22,feldpausch,13.24,12.974393799722383,0.625,41.4429,41.4429,43.1275,38.6153,38.6153,40.1848,
75,,,799902.7381,9726908.125,10.0,False,O,4,10.62,10.62,feldpausch_regional,0.18,default,-2.0,9.64,10.34,10.0,False,O,10.62,feldpausch,9.64,10.341091793253828,0.5847,18.3636,18.3636,17.9055,16.657,16.657,16.2414,
76,Banara guianensis,Salicaceae,799907.4526,9726906.902,11.4,False,O,4,11.67,11.67,feldpausch_regional,0.18,default,-2.0,11.04,11.41,11.4,False,O,11.67,feldpausch,11.040000000000001,11.405237510778715,0.61,26.0016,26.0016,26.4245,23.882,23.882,24.2704,
77,Banara guianensis,Salicaceae,799907.7782,9726903.63,15.4,False,O,4,14.41,14.41,feldpausch_regional,0.18,default,-2.0,15.04,14.18,15.4,False,O,14.41,feldpausch,15.040000000000001,14.177938610859414,0.61,57.4589,57.4589,58.3934,54.0036,54.0036,54.8819,
78,Banara guianensis,Salicaceae,799903.4576,9726902.519,11.5,False,O,4,11.75,11.75,feldpausch_regional,0.18,default,-2.0,11.14,11.48,11.5,False,O,11.75,feldpausch,11.14,11.486025455548704,0.61,26.6256,26.6256,27.0587,24.4741,24.4741,24.8721,
79,Virola michelii,Myristicaceae,799902.9893,9726902.669,10.3,False,O,4,10.85,10.85,feldpausch_regional,0.18,default,-2.0,9.94,10.58,10.3,False,O,10.85,feldpausch,9.940000000000001,10.57426605405682,0.4701,19.8654,19.8654,15.6568,18.0729,18.0729,14.244,
80,Apeiba petoumo,Malvaceae,799902.7909,9726902.464,22.0,False,O,4,18.26,18.26,feldpausch_regional,0.18,default,-2.0,21.64,18.07,22.0,False,O,18.26,feldpausch,21.64,18.067246632339895,0.2822,145.2428,145.2428,69.5725,139.1904,139.1904,66.6734,
81,Protium hebetatum,Burseraceae,799902.9571,9726937.425,21.1,False,O,4,17.78,17.78,feldpausch_regional,0.18,default,-2.0,20.74,17.58,21.1,False,O,17.78,feldpausch,20.740000000000002,17.582583614354764,0.5773,130.4348,130.4348,125.6182,124.7591,124.7591,120.152,
82,Ormosia grossa,Fabaceae,799900.6004,9726902.283,11.0,False,O,4,11.38,11.38,feldpausch_regional,0.18,default,-2.0,10.64,11.11,11.0,False,O,11.38,feldpausch,10.64,11.111266572550116,0.5906,23.6621,23.6621,23.2997,21.6629,21.6629,21.331,
83,Sterculia pruriens,Malvaceae,799900.5634,9726901.335,10.7,False,O,4,11.15,11.15,feldpausch_regional,0.18,default,-2.0,10.34,10.88,10.7,False,O,11.15,feldpausch,10.34,10.878429139290521,0.4862,21.9765,21.9765,17.8984,20.0675,20.0675,16.3437,
84,Guatteria schomburgkiana,Annonaceae,799898.9432,9726908.765,17.5,False,O,4,15.71,15.71,feldpausch_regional,0.18,default,-2.0,17.14,15.49,17.5,False,O,15.71,feldpausch,17.14,15.492052454653425,0.6,80.2304,80.2304,80.2304,75.9969,75.9969,75.9969,
85,Pourouma villosa,Urticaceae,799898.8371,9726905.92,13.2,False,O,4,12.95,12.95,feldpausch_regional,0.18,default,-2.0,12.84,12.7,13.2,False,O,12.95,feldpausch,12.84,12.701077780635362,0.34,38.3174,38.3174,22.0112,35.6228,35.6228,20.4633,
1,Protium hebetatum,Burseraceae,799914.8563,9726902.897,11.0,False,O,4,11.38,11.38,feldpausch_regional,0.18,default,-2.0,10.64,11.11,11.0,False,O,11.38,feldpausch,10.64,11.111266572550116,0.5773,23.6621,23.6621,22.7884,21.6629,21.6629,20.8629,
2,Lecythis pisonis,Lecythidaceae,799919.5288,9726901.784,10.2,False,O,4,10.78,10.78,feldpausch_regional,0.18,default,-2.0,9.84,10.5,10.2,False,O,10.78,feldpausch,9.84,10.503054040815368,0.857,19.368,19.368,27.4282,17.6032,17.6032,24.929,
3,Lecythis pisonis,Lecythidaceae,799919.7189,9726901.799,10.4,False,O,4,10.93,10.93,feldpausch_regional,0.18,default,-2.0,10.04,10.65,10.4,False,O,10.93,feldpausch,10.040000000000001,10.655206304765878,0.857,20.3893,20.3893,28.8746,18.5672,18.5672,26.2941,
4,Inga thibaudiana,Fabaceae,799916.1134,9726908.638,13.4,False,O,4,13.08,13.08,feldpausch_regional,0.18,default,-2.0,13.04,12.84,13.4,False,O,13.08,feldpausch,13.040000000000001,12.832850878590625,0.5786,39.8454,39.8454,38.4552,37.0857,37.0857,35.7917,
5,Inga thibaudiana,Fabaceae,799916.3048,9726908.654,13.9,False,O,4,13.42,13.42,feldpausch_regional,0.18,default,-2.0,13.54,13.18,13.9,False,O,13.42,feldpausch,13.540000000000001,13.176821729950944,0.5786,43.8846,43.8846,42.3534,40.9558,40.9558,39.5268,
6,Sacoglottis guianensis,Humiriaceae,799915.1514,9726908.467,12.4,False,O,4,12.39,12.39,feldpausch_regional,0.18,default,-2.0,12.04,12.13,12.4,False,O,12.39,feldpausch,12.040000000000001,12.13432450561637,0.8359,32.4831,32.4831,44.8934,30.0499,30.0499,41.5306,
7,Eschweilera coriacea,Lecythidaceae,799915.8669,9726912.941,10.3,False,O,4,10.85,10.85,feldpausch_regional,0.18,default,-2.0,9.94,10.58,10.3,False,O,10.85,feldpausch,9.940000000000001,10.57426605405682,0.8521,19.8654,19.8654,27.9752,18.0729,18.0729,25.4508,
8,Tapirira guianensis,Anacardiaceae,799915.5364,9726915.735,13.4,False,O,4,13.08,13.08,feldpausch_regional,0.18,default,-2.0,13.04,12.84,13.4,False,O,13.08,feldpausch,13.040000000000001,12.832850878590625,0.457,39.8454,39.8454,30.5479,37.0857,37.0857,28.4321,
9,Tapirira guianensis,Anacardiaceae,799914.5875,9726915.943,47.9,False,O,4,28.66,28.66,feldpausch_regional,0.18,default,-2.0,47.54,28.55,47.9,False,O,28.66,feldpausch,47.54,28.550648650692292,0.457,1029.8576,1029.8576,789.5502,1011.0238,1011.0238,775.1112,
10,Matayba guianensis,Sapindaceae,799909.7997,9726916.229,20.4,False,O,4,17.39,17.39,feldpausch_regional,0.18,default,-2.0,20.04,17.19,20.4,False,O,17.39,feldpausch,20.04,17.188913960417164,0.82,119.5064,119.5064,162.1055,114.1215,114.1215,154.8012,
11,Lecythis lurida,Lecythidaceae,799908.7473,9726914.263,29.0,False,O,4,21.68,21.68,feldpausch_regional,0.18,default,-2.0,28.64,21.52,29.0,False,O,21.68,feldpausch,28.64,21.51760683387633,0.8633,294.4798,294.4798,420.0394,285.285,285.285,406.9242,
12,,,799913.1056,9726924.673,22.1,False,O,4,18.31,18.31,feldpausch_regional,0.18,default,-2.0,21.74,18.12,22.1,False,O,18.31,feldpausch,21.740000000000002,18.117780288134792,0.5847,146.9259,146.9259,143.2605,140.8321,140.8321,137.3188,
13,Guatteria schomburgkiana,Annonaceae,799917.8256,9726922.49,33.0,False,O,4,23.4,23.4,feldpausch_regional,0.18,default,-2.0,32.64,23.25,33.0,False,O,23.4,feldpausch,32.64,23.25160931953095,0.6,408.2767,408.2767,408.2767,397.1542,397.1542,397.1542,
14,Lecythis lurida,Lecythidaceae,799917.0595,9726926.191,13.4,False,O,4,13.08,13.08,feldpausch_regional,0.18,default,-2.0,13.04,12.84,13.4,False,O,13.08,feldpausch,13.040000000000001,12.832850878590625,0.8633,39.8454,39.8454,56.8346,37.0857,37.0857,52.8982,
15,Lecythis lurida,Lecythidaceae,799918.1619,9726928.622,21.3,False,O,4,17.88,17.88,feldpausch_regional,0.18,default,-2.0,20.94,17.69,21.3,False,O,17.88,feldpausch,20.94,17.683721254697815,0.8633,133.5883,133.5883,190.5474,127.8318,127.8318,182.3365,
16,Goupia glabra,Goupiaceae,799921.2015,9726930.817,44.4,False,O,4,27.56,27.56,feldpausch_regional,0.18,default,-2.0,44.04,27.45,44.4,False,O,27.56,feldpausch,44.04,27.44293441114827,0.7272,854.8005,854.8005,1031.2312,837.8357,837.8357,1010.7648,
17,Eschweilera coriacea,Lecythidaceae,799918.3946,9726932.867,13.0,False,O,4,12.81,12.81,feldpausch_regional,0.18,default,-2.0,12.64,12.56,13.0,False,O,12.81,feldpausch,12.64,12.559453854983726,0.8521,36.7999,36.7999,51.8228,34.1717,34.1717,48.1217,
18,Eschweilera coriacea,Lecythidaceae,799918.405,9726933.056,11.0,False,O,4,11.38,11.38,feldpausch_regional,0.18,default,-2.0,10.64,11.11,11.0,False,O,11.38,feldpausch,10.64,11.111266572550116,0.8521,23.6621,23.6621,33.3218,21.6629,21.6629,30.5064,
19,Apeiba petoumo,Malvaceae,799918.5239,9726935.226,13.1,False,O,4,12.88,12.88,feldpausch_regional,0.18,default,-2.0,12.74,12.63,13.1,False,O,12.88,feldpausch,12.74,12.630270902047103,0.2822,37.5536,37.5536,17.9885,34.8923,34.8923,16.7137,
20,Xylopia nitida,Annonaceae,799914.4059,9726931.169,15.8,False,O,4,14.66,14.66,feldpausch_regional,0.18,default,-2.0,15.44,14.43,15.8,False,O,14.66,feldpausch,15.440000000000001,14.43082832275704,0.5483,61.4308,61.4308,56.2624,57.832,57.832,52.9664,
21,Eschweilera coriacea,Lecythidaceae,799919.4263,9726933.881,14.8,False,O,4,14.02,14.02,feldpausch_regional,0.18,default,-2.0,14.44,13.78,14.8,False,O,14.02,feldpausch,14.440000000000001,13.783613149683013,0.8521,51.7652,51.7652,72.8975,48.5237,48.5237,68.3328,
22,Matayba guianensis,Sapindaceae,799909.6269,9726933.179,13.9,False,O,4,13.42,13.42,feldpausch_regional,0.18,default,-2.0,13.54,13.18,13.9,False,O,13.42,feldpausch,13.540000000000001,13.176821729950944,0.82,43.8846,43.8846,59.5276,40.9558,40.9558,55.5549,
23,Miconia poeppigii,Melastomataceae,799910.5002,9726935.126,10.7,False,O,4,11.15,11.15,feldpausch_regional,0.18,default,-2.0,10.34,10.88,10.7,False,O,11.15,feldpausch,10.34,10.878429139290521,0.5967,21.9765,21.9765,21.8573,20.0675,20.0675,19.9587,
24,Lacunaria jenmanii,Ochnaceae,799917.7614,9726939.214,14.6,False,O,4,13.89,13.89,feldpausch_regional,0.18,default,-2.0,14.24,13.65,14.6,False,O,13.89,feldpausch,14.24,13.652106386641979,0.8043,49.9522,49.9522,66.4944,46.7807,46.7807,62.2726,
25,Swartzia corrugata,Fabaceae,799915.1687,9726946.091,13.4,False,O,4,13.08,13.08,feldpausch_regional,0.18,default,-2.0,13.04,12.84,13.4,False,O,13.08,feldpausch,13.040000000000001,12.832850878590625,1.0565,39.8454,39.8454,69.2149,37.0857,37.0857,64.4209,
26,Guatteria schomburgkiana,Annonaceae,799925.999,9726945.602,15.9,False,O,4,14.73,14.73,feldpausch_regional,0.18,default,-2.0,15.54,14.5,15.9,False,O,14.73,feldpausch,15.540000000000001,14.501415428522947,0.6,62.4818,62.4818,62.4818,58.845,58.845,58.845,
27,,,799927.92,9726944.795,37.2,False,O,4,25.05,25.05,feldpausch_regional,0.18,default,-2.0,36.84,24.92,37.2,False,O,25.05,feldpausch,36.84,24.91442551912858,0.5847,551.3112,551.3112,537.5576,538.0872,538.0872,524.6634,
28,Thyrsodium spruceanum,Anacardiaceae,799928.8319,9726946.73,11.9,False,O,4,12.03,12.03,feldpausch_regional,0.18,default,-2.0,11.54,11.77,11.9,False,O,12.03,feldpausch,11.540000000000001,11.769939397609964,0.64,29.1251,29.1251,31.0187,26.8511,26.8511,28.5968,
29,Inga alba,Fabaceae,799932.6757,9726942.312,55.9,False,O,4,30.91,30.91,feldpausch_regional,0.18,default,-2.0,55.54,30.81,55.9,False,O,30.91,feldpausch,55.54,30.815887795492685,0.5861,1498.8051,1498.8051,1464.9337,1475.6231,1475.6231,1442.2756,
30,Matayba guianensis,Sapindaceae,799932.8437,9726940.453,16.6,False,O,4,15.16,15.16,feldpausch_regional,0.18,default,-2.0,16.24,14.94,16.6,False,O,15.16,feldpausch,16.240000000000002,14.936259251144145,0.82,69.8995,69.8995,94.8158,66.0062,66.0062,89.5347,
31,,,799933.5333,9726940.502,29.3,False,O,4,21.82,21.82,feldpausch_regional,0.18,default,-2.0,28.94,21.66,29.3,False,O,21.82,feldpausch,28.94,21.658686661799177,0.5847,302.349,302.349,294.8062,293.0102,293.0102,285.7004,
32,Matayba guianensis,Sapindaceae,799933.9586,9726942.401,14.6,False,O,4,13.89,13.89,feldpausch_regional,0.18,default,-2.0,14.24,13.65,14.6,False,O,13.89,feldpausch,14.24,13.652106386641979,0.82,49.9522,49.9522,67.7582,46.7807,46.7807,63.4562,
33,Lecythis lurida,Lecythidaceae,799933.1649,9726935.147,12.5,False,O,4,12.46,12.46,feldpausch_regional,0.18,default,-2.0,12.14,12.21,12.5,False,O,12.46,feldpausch,12.14,12.205207704531016,0.8633,33.1783,33.1783,47.3249,30.7131,30.7131,43.8085,
34,Couratari stellata,Lecythidaceae,799930.0071,9726931.645,11.9,False,O,4,12.03,12.03,feldpausch_regional,0.18,default,-2.0,11.54,11.77,11.9,False,O,12.03,feldpausch,11.540000000000001,11.769939397609964,0.6331,29.1251,29.1251,30.6943,26.8511,26.8511,28.2978,
35,Matayba guianensis,Sapindaceae,799929.8271,9726928.918,13.3,False,O,4,13.02,13.02,feldpausch_regional,0.18,default,-2.0,12.94,12.77,13.3,False,O,13.02,feldpausch,12.940000000000001,12.771874715997479,0.82,39.0912,39.0912,53.0257,36.3631,36.3631,49.3251,
36,Inga thibaudiana,Fabaceae,799929.9785,9726928.275,20.4,False,O,4,17.39,17.39,feldpausch_regional,0.18,default,-2.0,20.04,17.19,20.4,False,O,17.39,feldpausch,20.04,17.188913960417164,0.5786,119.5064,119.5064,115.3367,114.1215,114.1215,110.1397,
37,Pouteria sp.,Sapotaceae,799929.6657,9726926.474,18.5,False,O,4,16.31,16.31,feldpausch_regional,0.18,default,-2.0,18.14,16.09,18.5,False,O,16.31,feldpausch,18.14,16.098088927419887,0.7187,92.7545,92.7545,110.6284,88.1318,88.1318,105.1148,
38,Inga alba,Fabaceae,799932.0977,9726925.253,56.3,False,O,4,31.01,31.01,feldpausch_regional,0.18,default,-2.0,55.94,30.92,56.3,False,O,31.01,feldpausch,55.94,30.916585484101603,0.5861,1524.6101,1524.6101,1490.1556,1501.2114,1501.2114,1467.2857,
39,,,799925.3481,9726919.312,21.7,False,O,4,18.1,18.1,feldpausch_regional,0.18,default,-2.0,21.34,17.91,21.7,False,O,18.1,feldpausch,21.34,17.90572793510301,0.5847,140.1924,140.1924,136.695,134.2667,134.2667,130.9171,
40,Eschweilera ovata,Lecythidaceae,799924.3819,9726919.237,12.1,False,O,4,12.18,12.18,feldpausch_regional,0.18,default,-2.0,11.74,11.92,12.1,False,O,12.18,feldpausch,11.74,11.921601999718774,0.9,30.4544,30.4544,45.2392,28.1161,28.1161,41.7658,
41,Apeiba petoumo,Malvaceae,799922.6177,9726921.915,18.1,False,O,4,16.07,16.07,feldpausch_regional,0.18,default,-2.0,17.74,15.86,18.1,False,O,16.07,feldpausch,17.740000000000002,15.855739843979478,0.2822,87.6034,87.6034,41.9627,83.1381,83.1381,39.8239,
42,Abarema jupunba,Fabaceae,799928.9955,9726916.319,38.5,False,O,4,25.53,25.53,feldpausch_regional,0.18,default,-2.0,38.14,25.4,38.5,False,O,25.53,feldpausch,38.14,25.398069705740806,0.5851,600.5672,600.5672,586.0486,586.68,586.68,572.4971,
43,Talisia longifolia,Sapindaceae,799927.8978,9726914.174,17.9,False,O,4,15.95,15.95,feldpausch_regional,0.18,default,-2.0,17.54,15.74,17.9,False,O,15.95,feldpausch,17.54,15.734533265121735,0.8499,85.099,85.099,119.538,80.7116,80.7116,113.3751,
44,Goupia glabra,Goupiaceae,799922.2535,9726915.791,14.3,False,O,4,13.69,13.69,feldpausch_regional,0.18,default,-2.0,13.94,13.45,14.3,False,O,13.69,feldpausch,13.940000000000001,13.449868465022146,0.7272,47.294,47.294,57.0555,44.2273,44.2273,53.3558,
45,Bertholletia excelsa,Lecythidaceae,799921.2903,9726915.716,20.1,False,O,4,17.22,17.22,feldpausch_regional,0.18,default,-2.0,19.74,17.02,20.1,False,O,17.22,feldpausch,19.740000000000002,17.0173108766495,0.638,114.992,114.992,122.0948,109.7306,109.7306,116.5084,
46,Bertholletia excelsa,Lecythidaceae,799921.3866,9726915.723,14.1,False,O,4,13.56,13.56,feldpausch_regional,0.18,default,-2.0,13.74,13.32,14.1,False,O,13.56,feldpausch,13.74,13.31827369396353,0.638,45.585,45.585,48.4007,42.5865,42.5865,45.217,
47,Bertholletia excelsa,Lecythidaceae,799921.4829,9726915.731,21.7,False,O,4,18.1,18.1,feldpausch_regional,0.18,default,-2.0,21.34,17.91,21.7,False,O,18.1,feldpausch,21.34,17.90572793510301,0.638,140.1924,140.1924,148.8517,134.2667,134.2667,142.56,
48,Tetragastris panamensis,Burseraceae,799921.042,9726911.475,28.2,False,O,4,21.32,21.32,feldpausch_regional,0.18,default,-2.0,27.84,21.16,28.2,False,O,21.32,feldpausch,27.84,21.154532063397653,0.7173,274.311,274.311,326.5512,265.4904,265.4904,316.0508,
49,Banara guianensis,Salicaceae,799931.5941,9726912.318,11.9,False,O,4,12.03,12.03,feldpausch_regional,0.18,default,-2.0,11.54,11.77,11.9,False,O,12.03,feldpausch,11.540000000000001,11.769939397609964,0.61,29.1251,29.1251,29.5988,26.8511,26.8511,27.2878,
50,Goupia glabra,Goupiaceae,799931.1367,9726907.049,17.5,False,O,4,15.71,15.71,feldpausch_regional,0.18,default,-2.0,17.14,15.49,17.5,False,O,15.71,feldpausch,17.14,15.492052454653425,0.7272,80.2304,80.2304,96.7899,75.9969,75.9969,91.6827,
51,Banara guianensis,Salicaceae,799928.133,9726903.249,13.9,False,O,4,13.42,13.42,feldpausch_regional,0.18,default,-2.0,13.54,13.18,13.9,False,O,13.42,feldpausch,13.540000000000001,13.176821729950944,0.61,43.8846,43.8846,44.5983,40.9558,40.9558,41.6219,
52,Xylopia nitida,Annonaceae,799925.3864,9726904.706,33.8,False,O,4,23.73,23.73,feldpausch_regional,0.18,default,-2.0,33.44,23.58,33.8,False,O,23.73,feldpausch,33.44,23.584161753383217,0.5483,433.7072,433.7072,397.2177,422.1881,422.1881,386.6678,
53,Protium hebetatum,Burseraceae,799925.2021,9726901.789,42.9,False,O,4,27.07,27.07,feldpausch_regional,0.18,default,-2.0,42.54,26.95,42.9,False,O,27.07,feldpausch,42.54,26.949374099013248,0.5773,785.4632,785.4632,756.458,769.2879,769.2879,740.88,
1,Pouteria gongrijpii,Sapotaceae,799067.8823,9728426.583,13.3,False,O,5,13.02,13.02,feldpausch_regional,0.18,default,-2.0,12.94,12.77,13.3,False,O,13.02,feldpausch,12.940000000000001,12.771874715997479,0.7994,39.0912,39.0912,51.7251,36.3631,36.3631,48.1153,
2,Neea oppositifolia,Nyctaginaceae,799064.1458,9728430.097,19.0,False,O,5,16.6,16.6,feldpausch_regional,0.18,default,-2.0,18.64,16.39,19.0,False,O,16.6,feldpausch,18.64,16.391037822045284,0.893,99.4061,99.4061,146.5442,94.586,94.586,139.4384,
3,Neea oppositifolia,Nyctaginaceae,799064.1681,9728431.085,10.6,False,O,5,11.08,11.08,feldpausch_regional,0.18,default,-2.0,10.24,10.81,10.6,False,O,11.08,feldpausch,10.24,10.807290020466903,0.893,21.4451,21.4451,31.6143,19.5647,19.5647,28.8423,
4,,,799065.9556,9728428.187,9.0,False,O,5,9.84,9.84,feldpausch_regional,0.18,default,-2.0,8.64,9.55,9.0,False,O,9.84,feldpausch,8.64,9.549628609842348,0.5847,13.8773,13.8773,13.5311,12.4452,12.4452,12.1347,
5,Stryphnodendron paniculatum,Fabaceae,799065.8526,9728428.183,11.2,False,O,5,11.53,11.53,feldpausch_regional,0.18,default,-2.0,10.84,11.26,11.2,False,O,11.53,feldpausch,10.84,11.263166132148207,0.6535,24.8245,24.8245,26.9826,22.7645,22.7645,24.7436,
6,Strychnos subcordata,Loganiaceae,799067.446,9728430.796,22.9,False,O,5,18.73,18.73,feldpausch_regional,0.18,default,-2.0,22.54,18.55,22.9,False,O,18.73,feldpausch,22.54,18.541705831625148,0.6959,161.0113,161.0113,186.0953,154.5756,154.5756,178.6569,
7,Eriotheca globosa,Malvaceae,799069.0186,9728432.713,24.7,False,O,5,19.65,19.65,feldpausch_regional,0.18,default,-2.0,24.34,19.47,24.7,False,O,19.65,feldpausch,24.34,19.469997544168105,0.41,195.5811,195.5811,134.8741,188.356,188.356,129.8916,
8,Pouteria gongrijpii,Sapotaceae,799066.9668,9728432.552,6.4,False,O,5,7.64,7.64,feldpausch_regional,0.18,default,-2.0,6.04,7.31,6.4,False,O,7.64,feldpausch,6.04,7.313097976740602,0.7994,5.5722,5.5722,7.373,4.7688,4.7688,6.31,
9,Inga thibaudiana,Fabaceae,799064.8867,9728431.108,11.8,False,O,5,11.96,11.96,feldpausch_regional,0.18,default,-2.0,11.44,11.7,11.8,False,O,11.96,feldpausch,11.440000000000001,11.698981982587213,0.5786,28.4866,28.4866,27.4926,26.2434,26.2434,25.3278,
10,Quiina florida,Ochnaceae,799064.9296,9728433.081,12.8,False,O,5,12.67,12.67,feldpausch_regional,0.18,default,-2.0,12.44,12.42,12.8,False,O,12.67,feldpausch,12.440000000000001,12.417788319260666,0.728,35.3219,35.3219,42.6588,32.7595,32.7595,39.5642,
11,Eschweilera coriacea,Lecythidaceae,799064.8272,9728433.078,7.5,False,O,5,8.6,8.6,feldpausch_regional,0.18,default,-2.0,7.14,8.29,7.5,False,O,8.6,feldpausch,7.14,8.290134696048403,0.8521,8.5241,8.5241,12.004,7.4713,7.4713,10.5213,
12,Eschweilera coriacea,Lecythidaceae,799063.9098,9728433.248,6.5,False,O,5,7.72,7.72,feldpausch_regional,0.18,default,-2.0,6.14,7.4,6.5,False,O,7.72,feldpausch,6.14,7.395157304554543,0.8521,5.8021,5.8021,8.1707,4.978,4.978,7.0102,
13,Sterculia pruriens,Malvaceae,799072.14,9728436.234,22.9,False,O,5,18.73,18.73,feldpausch_regional,0.18,default,-2.0,22.54,18.55,22.9,False,O,18.73,feldpausch,22.54,18.541705831625148,0.4862,161.0113,161.0113,131.1331,154.5756,154.5756,125.8916,
14,Inga alba,Fabaceae,799075.1592,9728432.021,45.3,False,O,5,27.85,27.85,feldpausch_regional,0.18,default,-2.0,44.94,27.74,45.3,False,O,27.85,feldpausch,44.94,27.734988289987648,0.5861,898.0774,898.0774,877.7818,880.6346,880.6346,860.7332,
15,Stryphnodendron paniculatum,Fabaceae,799073.128,9728433.62,12.6,False,O,5,12.53,12.53,feldpausch_regional,0.18,default,-2.0,12.24,12.28,12.6,False,O,12.53,feldpausch,12.24,12.276079226857474,0.6535,33.8832,33.8832,36.8289,31.3857,31.3857,34.1143,
16,Anacardium spruceanum,Anacardiaceae,799073.334,9728433.724,12.3,False,O,5,12.32,12.32,feldpausch_regional,0.18,default,-2.0,11.94,12.06,12.3,False,O,12.32,feldpausch,11.940000000000001,12.063429349784986,0.4792,31.7974,31.7974,25.5312,29.396,29.396,23.603,
17,Simaba cedron,Simaroubaceae,799069.0438,9728434.187,11.5,False,O,5,11.75,11.75,feldpausch_regional,0.18,default,-2.0,11.14,11.48,11.5,False,O,11.75,feldpausch,11.14,11.486025455548704,0.4743,26.6256,26.6256,21.1681,24.4741,24.4741,19.4576,
18,Eschweilera coriacea,Lecythidaceae,799075.2144,9728437.489,21.0,False,O,5,17.72,17.72,feldpausch_regional,0.18,default,-2.0,20.64,17.52,21.0,False,O,17.72,feldpausch,20.64,17.522119502180754,0.8521,128.8052,128.8052,181.3879,123.1727,123.1727,173.456,
19,Lecythis idatimon,Lecythidaceae,799067.0547,9728437.081,6.7,False,O,5,7.9,7.9,feldpausch_regional,0.18,default,-2.0,6.34,7.58,6.7,False,O,7.9,feldpausch,6.34,7.57829467188752,0.7986,6.2957,6.2957,8.322,5.4275,5.4275,7.1744,
20,Nectandra cuspidata,Lauraceae,799065.0689,9728439.495,8.8,False,O,5,9.68,9.68,feldpausch_regional,0.18,default,-2.0,8.44,9.38,8.8,False,O,9.68,feldpausch,8.440000000000001,9.38719358459114,0.518,13.0709,13.0709,11.3244,11.6917,11.6917,10.1295,
21,Parkia gigantocarpa,Fabaceae,799065.0689,9728439.495,69.3,False,O,5,34.01,34.01,feldpausch_regional,0.18,default,-2.0,68.94,33.94,69.3,False,O,34.01,feldpausch,68.94,33.935757917430344,0.26,2502.7648,2502.7648,1106.5178,2472.1704,2472.1704,1092.9915,
22,,,799065.0903,9728440.482,6.0,False,O,5,7.27,7.27,feldpausch_regional,0.18,default,-2.0,5.64,6.94,6.0,False,O,7.27,feldpausch,5.64,6.936533189358115,0.5847,4.6803,4.6803,4.5635,3.962,3.962,3.8631,
23,Cordia scabrifolia,Boraginaceae,799068.1894,9728443.403,24.6,False,O,5,19.6,19.6,feldpausch_regional,0.18,default,-2.0,24.24,19.42,24.6,False,O,19.6,feldpausch,24.240000000000002,19.41955294493037,0.474,193.5566,193.5566,153.7772,186.3759,186.3759,148.0723,
24,Apeiba petoumo,Malvaceae,799065.5658,9728443.746,17.4,False,O,5,15.65,15.65,feldpausch_regional,0.18,default,-2.0,17.04,15.43,17.4,False,O,15.65,feldpausch,17.04,15.431417602903213,0.2822,79.0422,79.0422,37.8619,74.8468,74.8468,35.8523,
25,Inga alba,Fabaceae,799065.1073,9728445.907,17.8,False,O,5,15.89,15.89,feldpausch_regional,0.18,default,-2.0,17.44,15.68,17.8,False,O,15.89,feldpausch,17.44,15.673921658561875,0.5861,83.8644,83.8644,81.9691,79.5157,79.5157,77.7187,
26,Pseudopiptadenia suaveolens,Fabaceae,799065.2103,9728446.008,6.1,False,O,5,7.36,7.36,feldpausch_regional,0.18,default,-2.0,5.74,7.03,6.1,False,O,7.36,feldpausch,5.739999999999999,7.028355955041076,0.6797,4.8921,4.8921,5.5255,4.1532,4.1532,4.691,
27,Sterculia pruriens,Malvaceae,799063.9651,9728444.505,7.0,False,O,5,8.17,8.17,feldpausch_regional,0.18,default,-2.0,6.64,7.85,7.0,False,O,8.17,feldpausch,6.64,7.852713610028152,0.4862,7.0863,7.0863,5.7713,6.15,6.15,5.0087,
28,,,799065.0085,9728446.004,6.6,False,O,5,7.81,7.81,feldpausch_regional,0.18,default,-2.0,6.24,7.49,6.6,False,O,7.81,feldpausch,6.239999999999999,7.48674627953358,0.5847,6.0456,6.0456,5.8948,5.1996,5.1996,5.0699,
29,Parkia gigantocarpa,Fabaceae,799064.217,9728446.682,9.6,False,O,5,10.31,10.31,feldpausch_regional,0.18,default,-2.0,9.24,10.03,9.6,False,O,10.31,feldpausch,9.24,10.026693234293807,0.26,16.4738,16.4738,7.2834,14.8793,14.8793,6.5784,
30,Inga thibaudiana,Fabaceae,799064.0153,9728446.679,6.3,False,O,5,7.54,7.54,feldpausch_regional,0.18,default,-2.0,5.94,7.22,6.3,False,O,7.54,feldpausch,5.9399999999999995,7.211849934515828,0.5786,5.3344,5.3344,5.1483,4.5535,4.5535,4.3946,
31,Licania heteromorpha,Chrysobalanaceae,799066.2783,9728448.883,6.8,False,O,5,7.99,7.99,feldpausch_regional,0.18,default,-2.0,6.44,7.67,6.8,False,O,7.99,feldpausch,6.4399999999999995,7.66980425820082,0.8164,6.5525,6.5525,8.85,5.6618,5.6618,7.6471,
32,Parkia gigantocarpa,Fabaceae,799067.2841,9728448.897,9.5,False,O,5,10.23,10.23,feldpausch_regional,0.18,default,-2.0,9.14,9.95,9.5,False,O,10.23,feldpausch,9.14,9.945614561657207,0.26,16.0183,16.0183,7.082,14.4516,14.4516,6.3893,
33,Apeiba petoumo,Malvaceae,799067.787,9728448.904,7.5,False,O,5,8.6,8.6,feldpausch_regional,0.18,default,-2.0,7.14,8.29,7.5,False,O,8.6,feldpausch,7.14,8.290134696048403,0.2822,8.5241,8.5241,4.0831,7.4713,7.4713,3.5788,
34,Guatteria schomburgkiana,Annonaceae,799069.3462,9728451.873,14.0,False,O,5,13.49,13.49,feldpausch_regional,0.18,default,-2.0,13.64,13.25,14.0,False,O,13.49,feldpausch,13.64,13.247551872280896,0.6,44.7295,44.7295,44.7295,41.766,41.766,41.766,
35,Hymenaea parvifolia,Fabaceae,799070.3485,9728451.884,29.0,False,O,5,21.68,21.68,feldpausch_regional,0.18,default,-2.0,28.64,21.52,29.0,False,O,21.68,feldpausch,28.64,21.51760683387633,0.8774,294.4798,294.4798,426.7177,285.285,285.285,413.394,
36,Apeiba petoumo,Malvaceae,799068.36,9728452.747,10.6,False,O,5,11.08,11.08,feldpausch_regional,0.18,default,-2.0,10.24,10.81,10.6,False,O,11.08,feldpausch,10.24,10.807290020466903,0.2822,21.4451,21.4451,10.2724,19.5647,19.5647,9.3717,
37,Guatteria schomburgkiana,Annonaceae,799073.3714,9728453.188,13.4,False,O,5,13.08,13.08,feldpausch_regional,0.18,default,-2.0,13.04,12.84,13.4,False,O,13.08,feldpausch,13.040000000000001,12.832850878590625,0.6,39.8454,39.8454,39.8454,37.0857,37.0857,37.0857,
38,Talisia longifolia,Sapindaceae,799063.8958,9728454.482,5.3,False,O,5,6.62,6.62,feldpausch_regional,0.18,default,-2.0,4.94,6.27,5.3,False,O,6.62,feldpausch,4.9399999999999995,6.273141577122804,0.8499,3.3528,3.3528,4.7096,2.7731,2.7731,3.8953,
39,Byrsonima spicata,Malpighiaceae,799066.4202,9728455.783,6.0,False,O,5,7.27,7.27,feldpausch_regional,0.18,default,-2.0,5.64,6.94,6.0,False,O,7.27,feldpausch,5.64,6.936533189358115,0.6137,4.6803,4.6803,4.7843,3.962,3.962,4.05,
40,Neea oppositifolia,Nyctaginaceae,799066.8292,9728456.279,10.2,False,O,5,10.78,10.78,feldpausch_regional,0.18,default,-2.0,9.84,10.5,10.2,False,O,10.78,feldpausch,9.84,10.503054040815368,0.893,19.368,19.368,28.5522,17.6032,17.6032,25.9505,
41,Aspidosperma parvifolium,Apocynaceae,799069.2241,9728456.392,11.8,False,O,5,11.96,11.96,feldpausch_regional,0.18,default,-2.0,11.44,11.7,11.8,False,O,11.96,feldpausch,11.440000000000001,11.698981982587213,0.781,28.4866,28.4866,36.8461,26.2434,26.2434,33.9447,
42,Pouteria gongrijpii,Sapotaceae,799069.4235,9728456.393,28.1,False,O,5,21.28,21.28,feldpausch_regional,0.18,default,-2.0,27.74,21.11,28.1,False,O,21.28,feldpausch,27.740000000000002,21.114098440195708,0.7994,271.9166,271.9166,359.7973,263.1403,263.1403,348.1845,
43,Lecythis idatimon,Lecythidaceae,799076.4322,9728459.751,30.7,False,O,5,22.43,22.43,feldpausch_regional,0.18,default,-2.0,30.34,22.28,30.7,False,O,22.43,feldpausch,30.34,22.273799091605838,0.7986,340.2234,340.2234,449.7247,330.2192,330.2192,436.5007,
44,Abarema jupunba,Fabaceae,799067.9724,9728458.746,36.9,False,O,5,24.94,24.94,feldpausch_regional,0.18,default,-2.0,36.54,24.8,36.9,False,O,24.94,feldpausch,36.54,24.80354918203941,0.5851,540.34,540.34,527.2773,527.2667,527.2667,514.5201,
45,Aspidosperma parvifolium,Apocynaceae,799067.4791,9728458.941,5.6,False,O,5,6.9,6.9,feldpausch_regional,0.18,default,-2.0,5.24,6.56,5.6,False,O,6.9,feldpausch,5.239999999999999,6.5591680686676135,0.781,3.8872,3.8872,5.028,3.2497,3.2497,4.2033,
46,Pouteria gongrijpii,Sapotaceae,799064.3591,9728457.251,5.9,False,O,5,7.18,7.18,feldpausch_regional,0.18,default,-2.0,5.54,6.84,5.9,False,O,7.18,feldpausch,5.54,6.8446564986798535,0.7994,4.4745,4.4745,5.9206,3.7765,3.7765,4.9971,
47,Apeiba petoumo,Malvaceae,799071.4812,9728460.719,12.4,False,O,5,12.39,12.39,feldpausch_regional,0.18,default,-2.0,12.04,12.13,12.4,False,O,12.39,feldpausch,12.040000000000001,12.13432450561637,0.2822,32.4831,32.4831,15.5597,30.0499,30.0499,14.3941,
48,Cecropia palmata,Urticaceae,799070.5675,9728465.625,19.9,False,O,5,17.11,17.11,feldpausch_regional,0.18,default,-2.0,19.54,16.91,19.9,False,O,17.11,feldpausch,19.54,16.906180529985804,0.3404,112.066,112.066,64.4458,106.8853,106.8853,61.4665,
49,Helicostylis sp.,Moraceae,799067.5632,9728463.273,11.0,False,O,5,11.38,11.38,feldpausch_regional,0.18,default,-2.0,10.64,11.11,11.0,False,O,11.38,feldpausch,10.64,11.111266572550116,0.643,23.6621,23.6621,25.3158,21.6629,21.6629,23.1768,
50,Pouteria retinervis,Sapotaceae,799065.9537,9728466.629,6.8,False,O,5,7.99,7.99,feldpausch_regional,0.18,default,-2.0,6.44,7.67,6.8,False,O,7.99,feldpausch,6.4399999999999995,7.66980425820082,0.7187,6.5525,6.5525,7.8151,5.6618,5.6618,6.7528,
51,Apeiba petoumo,Malvaceae,799071.6203,9728470.132,21.0,False,O,5,17.72,17.72,feldpausch_regional,0.18,default,-2.0,20.64,17.52,21.0,False,O,17.72,feldpausch,20.64,17.522119502180754,0.2822,128.8052,128.8052,61.6988,123.1727,123.1727,59.0008,
52,Pouteria gongrijpii,Sapotaceae,799071.6406,9728471.505,10.1,False,O,5,10.7,10.7,feldpausch_regional,0.18,default,-2.0,9.74,10.42,10.1,False,O,10.7,feldpausch,9.74,10.422080815603511,0.7994,18.8614,18.8614,24.9573,17.1258,17.1258,22.6607,
53,Tetragastris panamensis,Burseraceae,799070.6739,9728472.3,11.2,False,O,5,11.53,11.53,feldpausch_regional,0.18,default,-2.0,10.84,11.26,11.2,False,O,11.53,feldpausch,10.84,11.263166132148207,0.7173,24.8245,24.8245,29.5521,22.7645,22.7645,27.0998,
54,Sagotia racemosa,Euphorbiaceae,799066.7446,9728471.555,10.0,False,O,5,10.62,10.62,feldpausch_regional,0.18,default,-2.0,9.64,10.34,10.0,False,O,10.62,feldpausch,9.64,10.341091793253828,0.58,18.3636,18.3636,17.7659,16.657,16.657,16.1148,
55,Neea oppositifolia,Nyctaginaceae,799067.0583,9728472.537,12.1,False,O,5,12.18,12.18,feldpausch_regional,0.18,default,-2.0,11.74,11.92,12.1,False,O,12.18,feldpausch,11.74,11.921601999718774,0.893,30.4544,30.4544,44.8957,28.1161,28.1161,41.4487,
56,Eschweilera coriacea,Lecythidaceae,799064.872,9728475.328,16.4,False,O,5,15.04,15.04,feldpausch_regional,0.18,default,-2.0,16.04,14.81,16.4,False,O,15.04,feldpausch,16.04,14.814867629828917,0.8521,67.7376,67.7376,95.3904,63.9176,63.9176,90.011,
57,Apeiba petoumo,Malvaceae,799069.741,9728474.964,21.4,False,O,5,17.94,17.94,feldpausch_regional,0.18,default,-2.0,21.04,17.74,21.4,False,O,17.94,feldpausch,21.04,17.744174084088684,0.2822,135.2568,135.2568,64.7891,129.4567,129.4567,62.0108,
58,Apeiba petoumo,Malvaceae,799078.5077,9728473.381,13.8,False,O,5,13.36,13.36,feldpausch_regional,0.18,default,-2.0,13.44,13.11,13.8,False,O,13.36,feldpausch,13.440000000000001,13.11590038072233,0.2822,43.0816,43.0816,20.6364,40.1853,40.1853,19.2491,
59,Apeiba petoumo,Malvaceae,799080.4672,9728474.717,11.1,False,O,5,11.45,11.45,feldpausch_regional,0.18,default,-2.0,10.74,11.18,11.1,False,O,11.45,feldpausch,10.74,11.182340299273735,0.2822,24.2284,24.2284,11.6056,22.1998,22.1998,10.6339,
60,Parkia paraensis,Fabaceae,799083.3924,9728473.805,18.0,False,O,5,16.01,16.01,feldpausch_regional,0.18,default,-2.0,17.64,15.8,18.0,False,O,16.01,feldpausch,17.64,15.795139296795606,0.415,86.3453,86.3453,60.2529,81.919,81.919,57.1642,
61,Xylopia nitida,Annonaceae,799086.3282,9728471.451,16.8,False,O,5,15.29,15.29,feldpausch_regional,0.18,default,-2.0,16.44,15.06,16.8,False,O,15.29,feldpausch,16.44,15.067477550109134,0.5483,72.1516,72.1516,66.0812,68.1818,68.1818,62.4454,
62,Sapium marmieri,Euphorbiaceae,799086.3343,9728469.425,18.6,False,O,5,16.36,16.36,feldpausch_regional,0.18,default,-2.0,18.24,16.15,18.6,False,O,16.36,feldpausch,18.240000000000002,16.148792440489622,0.41,94.0161,94.0161,64.8342,89.3564,89.3564,61.6208,
63,Tachigali myrmecophila,Fabaceae,799082.41,9728470.426,14.7,False,O,5,13.95,13.95,feldpausch_regional,0.18,default,-2.0,14.34,13.72,14.7,False,O,13.95,feldpausch,14.34,13.712948981304246,0.476,50.8357,50.8357,40.5543,47.6304,47.6304,37.9973,
64,Apeiba petoumo,Malvaceae,799077.5112,9728470.86,21.7,False,O,5,18.1,18.1,feldpausch_regional,0.18,default,-2.0,21.34,17.91,21.7,False,O,18.1,feldpausch,21.34,17.90572793510301,0.2822,140.1924,140.1924,67.1533,134.2667,134.2667,64.3149,
65,Tetragastris panamensis,Burseraceae,799077.4856,9728467.548,16.6,False,O,5,15.16,15.16,feldpausch_regional,0.18,default,-2.0,16.24,14.94,16.6,False,O,15.16,feldpausch,16.240000000000002,14.936259251144145,0.7173,69.8995,69.8995,83.2113,66.0062,66.0062,78.5765,
66,Apeiba petoumo,Malvaceae,799081.4209,9728467.525,16.2,False,O,5,14.91,14.91,feldpausch_regional,0.18,default,-2.0,15.84,14.69,16.2,False,O,14.91,feldpausch,15.84,14.683599054839801,0.2822,65.5765,65.5765,31.4117,61.8317,61.8317,29.6179,
67,,,799080.4269,9728465.103,21.3,False,O,5,17.88,17.88,feldpausch_regional,0.18,default,-2.0,20.94,17.69,21.3,False,O,17.88,feldpausch,20.94,17.683721254697815,0.5847,133.5883,133.5883,130.2556,127.8318,127.8318,124.6428,
68,Abarema jupunba,Fabaceae,799084.3737,9728465.186,12.9,False,O,5,12.74,12.74,feldpausch_regional,0.18,default,-2.0,12.54,12.49,12.9,False,O,12.74,feldpausch,12.540000000000001,12.488626407215895,0.5851,36.056,36.056,35.1843,33.4608,33.4608,32.6519,
69,Diospyros guianensis,Ebenaceae,799087.3295,9728466.14,20.7,False,O,5,17.56,17.56,feldpausch_regional,0.18,default,-2.0,20.34,17.36,20.7,False,O,17.56,feldpausch,20.34,17.360479083022682,0.73,124.134,124.134,150.3205,118.6244,118.6244,143.6486,
70,Cordia scabrifolia,Boraginaceae,799086.3573,9728461.706,18.4,False,O,5,16.25,16.25,feldpausch_regional,0.18,default,-2.0,18.04,16.03,18.4,False,O,16.25,feldpausch,18.04,16.037509453113827,0.474,91.4488,91.4488,72.6544,86.8656,86.8656,69.0132,
71,Apeiba petoumo,Malvaceae,799083.3856,9728462.673,11.2,False,O,5,11.53,11.53,feldpausch_regional,0.18,default,-2.0,10.84,11.26,11.2,False,O,11.53,feldpausch,10.84,11.263166132148207,0.2822,24.8245,24.8245,11.8911,22.7645,22.7645,10.9044,
72,,,799081.4078,9728463.159,35.6,True,O,5,24.44,24.44,feldpausch_regional,0.18,default,-2.0,35.24,24.3,35.6,True,O,24.44,feldpausch,35.24,24.29973880386329,0.5847,493.9442,348.6794,348.6794,481.5284,340.0583,340.0583,
73,Guatteria schomburgkiana,Annonaceae,799082.3918,9728460.348,14.0,False,O,5,13.49,13.49,feldpausch_regional,0.18,default,-2.0,13.64,13.25,14.0,False,O,13.49,feldpausch,13.64,13.247551872280896,0.6,44.7295,44.7295,44.7295,41.766,41.766,41.766,
74,Tetragastris panamensis,Burseraceae,799079.4036,9728458.301,12.4,False,O,5,12.39,12.39,feldpausch_regional,0.18,default,-2.0,12.04,12.13,12.4,False,O,12.39,feldpausch,12.040000000000001,12.13432450561637,0.7173,32.4831,32.4831,38.6692,30.0499,30.0499,35.7726,
75,Parkia gigantocarpa,Fabaceae,799081.3889,9728456.854,22.5,False,O,5,18.53,18.53,feldpausch_regional,0.18,default,-2.0,22.14,18.34,22.5,False,O,18.53,feldpausch,22.14,18.33966916817512,0.26,153.9456,153.9456,68.0622,147.6786,147.6786,65.2914,
76,Apeiba petoumo,Malvaceae,799087.8513,9728460.069,16.2,False,O,5,14.91,14.91,feldpausch_regional,0.18,default,-2.0,15.84,14.69,16.2,False,O,14.91,feldpausch,15.84,14.683599054839801,0.2822,65.5765,65.5765,31.4117,61.8317,61.8317,29.6179,
77,Apeiba petoumo,Malvaceae,799087.3602,9728458.815,16.1,False,O,5,14.85,14.85,feldpausch_regional,0.18,default,-2.0,15.74,14.62,16.1,False,O,14.85,feldpausch,15.740000000000002,14.622878814173308,0.2822,64.5342,64.5342,30.9124,60.8255,60.8255,29.1359,
78,Abarema jupunba,Fabaceae,799086.3889,9728451.093,12.7,False,O,5,12.6,12.6,feldpausch_regional,0.18,default,-2.0,12.34,12.35,12.7,False,O,12.6,feldpausch,12.34,12.346939344095293,0.5851,34.5977,34.5977,33.7613,32.0678,32.0678,31.2926,
79,Parkia gigantocarpa,Fabaceae,799085.3854,9728451.081,14.7,False,O,5,13.95,13.95,feldpausch_regional,0.18,default,-2.0,14.34,13.72,14.7,False,O,13.95,feldpausch,14.34,13.712948981304246,0.26,50.8357,50.8357,22.4754,47.6304,47.6304,21.0583,
80,Ormosia flava,Fabaceae,799083.3777,9728449.799,20.0,False,O,5,17.17,17.17,feldpausch_regional,0.18,default,-2.0,19.64,16.96,20.0,False,O,17.17,feldpausch,19.64,16.966688851135235,0.58,113.5552,113.5552,109.8594,108.3327,108.3327,104.8069,
81,Apeiba petoumo,Malvaceae,799081.3627,9728448.123,13.9,False,O,5,13.42,13.42,feldpausch_regional,0.18,default,-2.0,13.54,13.18,13.9,False,O,13.42,feldpausch,13.540000000000001,13.176821729950944,0.2822,43.8846,43.8846,21.0211,40.9558,40.9558,19.6182,
82,Cordia scabrifolia,Boraginaceae,799079.3644,9728451.01,13.9,False,O,5,13.42,13.42,feldpausch_regional,0.18,default,-2.0,13.54,13.18,13.9,False,O,13.42,feldpausch,13.540000000000001,13.176821729950944,0.474,43.8846,43.8846,34.8655,40.9558,40.9558,32.5387,
83,Guatteria schomburgkiana,Annonaceae,799077.3499,9728450.011,15.1,False,O,5,14.21,14.21,feldpausch_regional,0.18,default,-2.0,14.74,13.98,15.1,False,O,14.21,feldpausch,14.74,13.975893597095732,0.6,54.5451,54.5451,54.5451,51.1986,51.1986,51.1986,
84,Tapirira guianensis,Anacardiaceae,799076.3217,9728447.365,20.7,False,O,5,17.56,17.56,feldpausch_regional,0.18,default,-2.0,20.34,17.36,20.7,False,O,17.56,feldpausch,20.34,17.360479083022682,0.457,124.134,124.134,95.1685,118.6244,118.6244,90.9445,
85,Apeiba petoumo,Malvaceae,799073.2704,9728445.068,15.0,False,O,5,14.15,14.15,feldpausch_regional,0.18,default,-2.0,14.64,13.91,15.0,False,O,14.15,feldpausch,14.64,13.915086591517273,0.2822,53.6203,53.6203,25.6846,50.3082,50.3082,24.0981,
86,Apeiba petoumo,Malvaceae,799075.2794,9728443.932,12.9,False,O,5,12.74,12.74,feldpausch_regional,0.18,default,-2.0,12.54,12.49,12.9,False,O,12.74,feldpausch,12.540000000000001,12.488626407215895,0.2822,36.056,36.056,17.2711,33.4608,33.4608,16.028,
87,Tachigali myrmecophila,Fabaceae,799080.3476,9728446.166,25.7,False,O,5,20.14,20.14,feldpausch_regional,0.18,default,-2.0,25.34,19.97,25.7,False,O,20.14,feldpausch,25.34,19.964373334572795,0.476,216.4772,216.4772,172.6955,208.8049,208.8049,166.5749,
88,Apeiba petoumo,Malvaceae,799078.3226,9728445.158,12.0,False,O,5,12.11,12.11,feldpausch_regional,0.18,default,-2.0,11.64,11.85,12.0,False,O,12.11,feldpausch,11.64,11.85066919732659,0.2822,29.7969,29.7969,14.273,27.49,27.49,13.1679,
89,Apeiba petoumo,Malvaceae,799084.385,9728445.751,19.0,False,O,5,16.6,16.6,feldpausch_regional,0.18,default,-2.0,18.64,16.39,19.0,False,O,16.6,feldpausch,18.64,16.391037822045284,0.2822,99.4061,99.4061,47.6164,94.586,94.586,45.3075,
90,Sapium marmieri,Euphorbiaceae,799087.4231,9728443.78,19.0,False,O,5,16.6,16.6,feldpausch_regional,0.18,default,-2.0,18.64,16.39,19.0,False,O,16.6,feldpausch,18.64,16.391037822045284,0.41,99.4061,99.4061,68.5511,94.586,94.586,65.2272,
91,Parkia gigantocarpa,Fabaceae,799087.4417,9728439.346,11.3,False,O,5,11.6,11.6,feldpausch_regional,0.18,default,-2.0,10.94,11.33,11.3,False,O,11.6,feldpausch,10.940000000000001,11.334209651177257,0.26,25.4086,25.4086,11.2336,23.3189,23.3189,10.3097,
92,Parkia gigantocarpa,Fabaceae,799077.282,9728441.243,14.2,False,O,5,13.62,13.62,feldpausch_regional,0.18,default,-2.0,13.84,13.38,14.2,False,O,13.62,feldpausch,13.84,13.379164192092759,0.26,46.4178,46.4178,20.5221,43.3863,43.3863,19.1819,
93,Vismia floribunda,Hypericaceae,799079.2913,9728437.399,15.4,False,O,5,14.41,14.41,feldpausch_regional,0.18,default,-2.0,15.04,14.18,15.4,False,O,14.41,feldpausch,15.040000000000001,14.177938610859414,0.4909,57.4589,57.4589,47.2356,54.0036,54.0036,44.3951,
94,Diplotropis sp.,Fabaceae,799083.3695,9728436.537,19.2,False,O,5,16.71,16.71,feldpausch_regional,0.18,default,-2.0,18.84,16.5,19.2,False,O,16.71,feldpausch,18.84,16.50225650315437,0.7378,102.115,102.115,124.9377,97.2167,97.2167,118.9446,
95,Hymenaea courbaril,Fabaceae,799083.0623,9728435.561,20.2,False,O,5,17.28,17.28,feldpausch_regional,0.18,default,-2.0,19.84,17.08,20.2,False,O,17.28,feldpausch,19.84,17.07781055505458,0.7924,116.5063,116.5063,152.8328,111.2028,111.2028,145.8758,
96,Rinorea guianensis,Violaceae,799081.3161,9728432.602,17.9,False,O,5,15.95,15.95,feldpausch_regional,0.18,default,-2.0,17.54,15.74,17.9,False,O,15.95,feldpausch,17.54,15.734533265121735,0.78,85.099,85.099,109.9342,80.7116,80.7116,104.2664,
97,Parkia gigantocarpa,Fabaceae,799088.5024,9728431.38,118.7,False,O,5,41.0,41.0,feldpausch_regional,0.18,default,-2.0,118.34,40.97,118.7,False,O,41.0,feldpausch,118.34,40.96592834448397,0.26,8587.476,8587.476,3796.6792,8529.7864,8529.7864,3771.1736,
98,Strychnos subcordata,Loganiaceae,799088.1118,9728427.225,25.7,False,O,5,20.14,20.14,feldpausch_regional,0.18,default,-2.0,25.34,19.97,25.7,False,O,20.14,feldpausch,25.34,19.964373334572795,0.6959,216.4772,216.4772,250.2022,208.8049,208.8049,241.3347,
99,,,799085.4276,9728427.417,12.6,False,O,5,12.53,12.53,feldpausch_regional,0.18,default,-2.0,12.24,12.28,12.6,False,O,12.53,feldpausch,12.24,12.276079226857474,0.5847,33.8832,33.8832,33.0379,31.3857,31.3857,30.6027,
1,Neea oppositifolia,Nyctaginaceae,799089.5436,9728429.297,11.2,False,O,5,11.53,11.53,feldpausch_regional,0.18,default,-2.0,10.84,11.26,11.2,False,O,11.53,feldpausch,10.84,11.263166132148207,0.893,24.8245,24.8245,36.5961,22.7645,22.7645,33.5594,
2,Hymenaea courbaril,Fabaceae,799094.7034,9728428.614,19.2,False,O,5,16.71,16.71,feldpausch_regional,0.18,default,-2.0,18.84,16.5,19.2,False,O,16.71,feldpausch,18.84,16.50225650315437,0.7924,102.115,102.115,133.9544,97.2167,97.2167,127.5288,
3,Eschweilera coriacea,Lecythidaceae,799092.6084,9728431.801,25.7,False,O,5,20.14,20.14,feldpausch_regional,0.18,default,-2.0,25.34,19.97,25.7,False,O,20.14,feldpausch,25.34,19.964373334572795,0.8521,216.4772,216.4772,304.8506,208.8049,208.8049,294.0462,
4,Rinorea guianensis,Violaceae,799092.5907,9728433.526,18.7,False,O,5,16.42,16.42,feldpausch_regional,0.18,default,-2.0,18.34,16.21,18.7,False,O,16.42,feldpausch,18.34,16.209361053609186,0.78,95.3454,95.3454,123.171,90.6458,90.6458,117.0999,
5,Manilkara bidentata,Sapotaceae,799093.6001,9728434.898,26.0,False,O,5,20.29,20.29,feldpausch_regional,0.18,default,-2.0,25.64,20.11,26.0,False,O,20.29,feldpausch,25.64,20.115605777331606,0.8729,223.0468,223.0468,321.6013,215.237,215.237,310.3408,
6,Neea oppositifolia,Nyctaginaceae,799092.5396,9728438.511,30.6,False,O,5,22.39,22.39,feldpausch_regional,0.18,default,-2.0,30.24,22.23,30.6,False,O,22.39,feldpausch,30.240000000000002,22.23342197228025,0.893,337.4751,337.4751,497.5046,327.5175,327.5175,482.8252,
7,Rinorea guianensis,Violaceae,799090.5306,9728434.809,10.1,False,O,5,10.7,10.7,feldpausch_regional,0.18,default,-2.0,9.74,10.42,10.1,False,O,10.7,feldpausch,9.74,10.422080815603511,0.78,18.8614,18.8614,24.3659,17.1258,17.1258,22.1238,
8,Sterculia pruriens,Malvaceae,799089.2789,9728438.525,25.7,False,O,5,20.14,20.14,feldpausch_regional,0.18,default,-2.0,25.34,19.97,25.7,False,O,20.14,feldpausch,25.34,19.964373334572795,0.4862,216.4772,216.4772,176.3064,208.8049,208.8049,170.0578,
9,,,799089.2783,9728438.621,26.4,False,O,5,20.48,20.48,feldpausch_regional,0.18,default,-2.0,26.04,20.31,26.4,False,O,20.48,feldpausch,26.04,20.3072978184369,0.5847,231.894,231.894,226.1089,223.9032,223.9032,218.3175,
10,Guatteria schomburgkiana,Annonaceae,799091.4584,9728445.395,13.8,False,O,5,13.36,13.36,feldpausch_regional,0.18,default,-2.0,13.44,13.11,13.8,False,O,13.36,feldpausch,13.440000000000001,13.11590038072233,0.6,43.0816,43.0816,43.0816,40.1853,40.1853,40.1853,
11,Luehea speciosa,Malvaceae,799101.6034,9728443.678,22.1,False,O,5,18.31,18.31,feldpausch_regional,0.18,default,-2.0,21.74,18.12,22.1,False,O,18.31,feldpausch,21.740000000000002,18.117780288134792,0.5766,146.9259,146.9259,141.3238,140.8321,140.8321,135.4624,
12,Trattinnickia burserifolia,Burseraceae,799098.5484,9728444.569,10.9,False,O,5,11.3,11.3,feldpausch_regional,0.18,default,-2.0,10.54,11.03,10.9,False,O,11.3,feldpausch,10.540000000000001,11.030414500637347,0.46,23.0846,23.0846,17.8114,21.1162,21.1162,16.2926,
13,Apeiba petoumo,Malvaceae,799098.54,9728445.046,16.5,False,O,5,15.1,15.1,feldpausch_regional,0.18,default,-2.0,16.14,14.88,16.5,False,O,15.1,feldpausch,16.14,14.875566975989804,0.2822,68.8131,68.8131,32.962,64.9565,64.9565,31.1147,
14,Sapium marmieri,Euphorbiaceae,799102.5691,9728445.784,14.6,False,O,5,13.89,13.89,feldpausch_regional,0.18,default,-2.0,14.24,13.65,14.6,False,O,13.89,feldpausch,14.24,13.652106386641979,0.41,49.9522,49.9522,34.4474,46.7807,46.7807,32.2603,
15,Apeiba petoumo,Malvaceae,799096.4529,9728449.303,14.5,False,O,5,13.82,13.82,feldpausch_regional,0.18,default,-2.0,14.14,13.58,14.5,False,O,13.82,feldpausch,14.14,13.581426401191216,0.2822,49.0441,49.0441,23.4925,45.9085,45.9085,21.9905,
16,Guatteria schomburgkiana,Annonaceae,799095.4338,9728450.245,11.0,False,O,5,11.38,11.38,feldpausch_regional,0.18,default,-2.0,10.64,11.11,11.0,False,O,11.38,feldpausch,10.64,11.111266572550116,0.6,23.6621,23.6621,23.6621,21.6629,21.6629,21.6629,
17,Guatteria schomburgkiana,Annonaceae,799094.9696,9728447.37,27.8,False,O,5,21.14,21.14,feldpausch_regional,0.18,default,-2.0,27.44,20.97,27.8,False,O,21.14,feldpausch,27.44,20.972939187419566,0.6,264.5688,264.5688,264.5688,255.9328,255.9328,255.9328,
18,Nectandra cuspidata,Lauraceae,799093.4684,9728446.389,10.6,False,O,5,11.08,11.08,feldpausch_regional,0.18,default,-2.0,10.24,10.81,10.6,False,O,11.08,feldpausch,10.24,10.807290020466903,0.518,21.4451,21.4451,18.5797,19.5647,19.5647,16.9506,
19,Apeiba petoumo,Malvaceae,799090.448,9728445.376,22.7,False,O,5,18.63,18.63,feldpausch_regional,0.18,default,-2.0,22.34,18.44,22.7,False,O,18.63,feldpausch,22.34,18.44069507080865,0.2822,157.453,157.453,75.4213,151.1018,151.1018,72.379,
20,Nectandra cuspidata,Lauraceae,799088.6292,9728445.344,20.3,False,O,5,17.33,17.33,feldpausch_regional,0.18,default,-2.0,19.94,17.13,20.3,False,O,17.33,feldpausch,19.94,17.128422670463497,0.518,117.967,117.967,102.2046,112.6244,112.6244,97.5759,
21,Apeiba petoumo,Malvaceae,799089.7072,9728450.171,20.5,False,O,5,17.45,17.45,feldpausch_regional,0.18,default,-2.0,20.14,17.24,20.5,False,O,17.45,feldpausch,20.14,17.249401486858044,0.2822,121.0589,121.0589,57.9882,115.6315,115.6315,55.3885,
22,Apeiba petoumo,Malvaceae,799089.8846,9728453.442,18.6,False,O,5,16.36,16.36,feldpausch_regional,0.18,default,-2.0,18.24,16.15,18.6,False,O,16.36,feldpausch,18.240000000000002,16.148792440489622,0.2822,94.0161,94.0161,45.0345,89.3564,89.3564,42.8025,
23,Apeiba petoumo,Malvaceae,799091.3839,9728453.648,17.3,False,O,5,15.59,15.59,feldpausch_regional,0.18,default,-2.0,16.94,15.37,17.3,False,O,15.59,feldpausch,16.94,15.370776692492882,0.2822,77.8654,77.8654,37.2982,73.708,73.708,35.3068,
24,Apeiba petoumo,Malvaceae,799091.8842,9728453.652,16.4,False,O,5,15.04,15.04,feldpausch_regional,0.18,default,-2.0,16.04,14.81,16.4,False,O,15.04,feldpausch,16.04,14.814867629828917,0.2822,67.7376,67.7376,32.4469,63.9176,63.9176,30.6171,
25,Diospyros guianensis,Ebenaceae,799103.3583,9728455.084,10.6,False,O,5,11.08,11.08,feldpausch_regional,0.18,default,-2.0,10.24,10.81,10.6,False,O,11.08,feldpausch,10.24,10.807290020466903,0.73,21.4451,21.4451,25.969,19.5647,19.5647,23.692,
26,Apeiba petoumo,Malvaceae,799095.354,9728455.977,21.9,False,O,5,18.21,18.21,feldpausch_regional,0.18,default,-2.0,21.54,18.01,21.9,False,O,18.21,feldpausch,21.54,18.0167088369022,0.2822,143.5721,143.5721,68.7722,137.5611,137.5611,65.8929,
27,Nectandra cuspidata,Lauraceae,799102.2631,9728459.343,21.2,False,O,5,17.83,17.83,feldpausch_regional,0.18,default,-2.0,20.84,17.63,21.2,False,O,17.83,feldpausch,20.84,17.633154733902426,0.518,132.0055,132.0055,114.3674,126.2895,126.2895,109.4151,
28,Nectandra cuspidata,Lauraceae,799100.2319,9728461.522,14.9,False,O,5,14.08,14.08,feldpausch_regional,0.18,default,-2.0,14.54,13.85,14.9,False,O,14.08,feldpausch,14.540000000000001,13.844437604821394,0.518,52.6692,52.6692,45.6317,49.3937,49.3937,42.7938,
29,,,799094.3114,9728459.51,12.2,False,O,5,12.25,12.25,feldpausch_regional,0.18,default,-2.0,11.84,11.99,12.2,False,O,12.25,feldpausch,11.84,11.992521947516652,0.5847,31.1212,31.1212,30.3448,28.7515,28.7515,28.0342,
30,Tetragastris panamensis,Burseraceae,799093.3179,9728459.507,49.4,False,O,5,29.11,29.11,feldpausch_regional,0.18,default,-2.0,49.04,29.0,49.4,False,O,29.11,feldpausch,49.04,29.00373914263509,0.7173,1110.5059,1110.5059,1321.9924,1090.8632,1090.8632,1298.6089,
31,Apeiba petoumo,Malvaceae,799088.5305,9728462.862,16.0,False,O,5,14.79,14.79,feldpausch_regional,0.18,default,-2.0,15.64,14.56,16.0,False,O,14.79,feldpausch,15.64,14.562150985682587,0.2822,63.5026,63.5026,30.4183,59.83,59.83,28.6591,
32,Stryphnodendron paniculatum,Fabaceae,799091.2973,9728463.244,11.8,False,O,5,11.96,11.96,feldpausch_regional,0.18,default,-2.0,11.44,11.7,11.8,False,O,11.96,feldpausch,11.440000000000001,11.698981982587213,0.6535,28.4866,28.4866,30.9631,26.2434,26.2434,28.5249,
33,,,799092.2852,9728463.339,14.3,False,O,5,13.69,13.69,feldpausch_regional,0.18,default,-2.0,13.94,13.45,14.3,False,O,13.69,feldpausch,13.940000000000001,13.449868465022146,0.5847,47.294,47.294,46.1142,44.2273,44.2273,43.124,
34,,,799096.2115,9728465.242,17.1,False,O,5,15.47,15.47,feldpausch_regional,0.18,default,-2.0,16.74,15.25,17.1,False,O,15.47,feldpausch,16.740000000000002,15.249476279075992,0.5847,75.546,75.546,73.6614,71.4641,71.4641,69.6813,
35,,,799098.1342,9728468.092,14.5,False,O,5,13.82,13.82,feldpausch_regional,0.18,default,-2.0,14.14,13.58,14.5,False,O,13.82,feldpausch,14.14,13.581426401191216,0.5847,49.0441,49.0441,47.8206,45.9085,45.9085,44.7632,
36,Eschweilera coriacea,Lecythidaceae,799093.2005,9728469.753,11.1,False,O,5,11.45,11.45,feldpausch_regional,0.18,default,-2.0,10.74,11.18,11.1,False,O,11.45,feldpausch,10.74,11.182340299273735,0.8521,24.2284,24.2284,34.1193,22.1998,22.1998,31.2625,
37,Parkia gigantocarpa,Fabaceae,799089.2953,9728466.901,23.7,False,O,5,19.15,19.15,feldpausch_regional,0.18,default,-2.0,23.34,18.96,23.7,False,O,19.15,feldpausch,23.34,18.965412186244883,0.26,175.9406,175.9406,77.7866,169.155,169.155,74.7865,
38,Parkia gigantocarpa,Fabaceae,799089.0984,9728466.902,11.1,False,O,5,11.45,11.45,feldpausch_regional,0.18,default,-2.0,10.74,11.18,11.1,False,O,11.45,feldpausch,10.74,11.182340299273735,0.26,24.2284,24.2284,10.7118,22.1998,22.1998,9.8149,
39,,,799088.2687,9728474.705,15.0,False,O,5,14.15,14.15,feldpausch_regional,0.18,default,-2.0,14.64,13.91,15.0,False,O,14.15,feldpausch,14.64,13.915086591517273,0.5847,53.6203,53.6203,52.2826,50.3082,50.3082,49.0532,
40,Nectandra cuspidata,Lauraceae,799090.2363,9728472.468,13.3,False,O,5,13.02,13.02,feldpausch_regional,0.18,default,-2.0,12.94,12.77,13.3,False,O,13.02,feldpausch,12.940000000000001,12.771874715997479,0.518,39.0912,39.0912,33.868,36.3631,36.3631,31.5044,
42,,,799107.7858,9728473.961,11.3,False,O,5,11.6,11.6,feldpausch_regional,0.18,default,-2.0,10.94,11.33,11.3,False,O,11.6,feldpausch,10.940000000000001,11.334209651177257,0.5847,25.4086,25.4086,24.7747,23.3189,23.3189,22.7372,
43,Apeiba petoumo,Malvaceae,799112.1766,9728473.902,12.0,False,O,5,12.11,12.11,feldpausch_regional,0.18,default,-2.0,11.64,11.85,12.0,False,O,12.11,feldpausch,11.64,11.85066919732659,0.2822,29.7969,29.7969,14.273,27.49,27.49,13.1679,
44,Guatteria schomburgkiana,Annonaceae,799112.1766,9728473.902,14.2,False,O,5,13.62,13.62,feldpausch_regional,0.18,default,-2.0,13.84,13.38,14.2,False,O,13.62,feldpausch,13.84,13.379164192092759,0.6,46.4178,46.4178,46.4178,43.3863,43.3863,43.3863,
45,Xylopia nitida,Annonaceae,799112.4964,9728473.148,13.1,False,O,5,12.88,12.88,feldpausch_regional,0.18,default,-2.0,12.74,12.63,13.1,False,O,12.88,feldpausch,12.74,12.630270902047103,0.5483,37.5536,37.5536,34.3941,34.8923,34.8923,31.9567,
46,Ocotea canaliculata,Lauraceae,799111.8536,9728469.22,11.7,False,O,5,11.89,11.89,feldpausch_regional,0.18,default,-2.0,11.34,11.63,11.7,False,O,11.89,feldpausch,11.34,11.628010757572445,0.4793,27.8572,27.8572,22.375,25.6448,25.6448,20.598,
47,,,799110.783,9728471.856,11.1,False,O,5,11.45,11.45,feldpausch_regional,0.18,default,-2.0,10.74,11.18,11.1,False,O,11.45,feldpausch,10.74,11.182340299273735,0.5847,24.2284,24.2284,23.624,22.1998,22.1998,21.646,
48,Abuta grandifolia,Menispermaceae,799110.5873,9728471.858,10.6,False,O,5,11.08,11.08,feldpausch_regional,0.18,default,-2.0,10.24,10.81,10.6,False,O,11.08,feldpausch,10.24,10.807290020466903,0.45,21.4451,21.4451,16.1953,19.5647,19.5647,14.7752,
49,Inga alba,Fabaceae,799102.0299,9728469.678,30.5,False,O,5,22.35,22.35,feldpausch_regional,0.18,default,-2.0,30.14,22.19,30.5,False,O,22.35,feldpausch,30.14,22.193042714473396,0.5861,334.7409,334.7409,327.1762,324.8299,324.8299,317.4891,
50,Eschweilera coriacea,Lecythidaceae,799100.1289,9728466.654,14.2,False,O,5,13.62,13.62,feldpausch_regional,0.18,default,-2.0,13.84,13.38,14.2,False,O,13.62,feldpausch,13.84,13.379164192092759,0.8521,46.4178,46.4178,65.3671,43.3863,43.3863,61.0981,
51,Apeiba petoumo,Malvaceae,799106.0504,9728466.152,14.7,False,O,5,13.95,13.95,feldpausch_regional,0.18,default,-2.0,14.34,13.72,14.7,False,O,13.95,feldpausch,14.34,13.712948981304246,0.2822,50.8357,50.8357,24.3507,47.6304,47.6304,22.8154,
52,Schefflera morototoni,Araliaceae,799105.1571,9728462.66,27.1,False,O,5,20.81,20.81,feldpausch_regional,0.18,default,-2.0,26.74,20.64,27.1,False,O,20.81,feldpausch,26.740000000000002,20.640178964537867,0.4559,247.885,247.885,189.6122,239.5742,239.5742,183.2551,
53,Schefflera morototoni,Araliaceae,799105.1919,9728461.337,35.6,False,O,5,24.44,24.44,feldpausch_regional,0.18,default,-2.0,35.24,24.3,35.6,False,O,24.44,feldpausch,35.24,24.29973880386329,0.4559,493.9442,493.9442,377.8277,481.5284,481.5284,368.3307,
54,Aspidosperma parvifolium,Apocynaceae,799106.105,9728464.17,10.3,False,O,5,10.85,10.85,feldpausch_regional,0.18,default,-2.0,9.94,10.58,10.3,False,O,10.85,feldpausch,9.940000000000001,10.57426605405682,0.781,19.8654,19.8654,25.6951,18.0729,18.0729,23.3765,
55,Tapirira guianensis,Anacardiaceae,799105.9823,9728461.432,28.1,False,O,5,21.28,21.28,feldpausch_regional,0.18,default,-2.0,27.74,21.11,28.1,False,O,21.28,feldpausch,27.740000000000002,21.114098440195708,0.457,271.9166,271.9166,208.4675,263.1403,263.1403,201.739,
56,Apeiba petoumo,Malvaceae,799104.2339,9728460.011,14.8,False,O,5,14.02,14.02,feldpausch_regional,0.18,default,-2.0,14.44,13.78,14.8,False,O,14.02,feldpausch,14.440000000000001,13.783613149683013,0.2822,51.7652,51.7652,24.7959,48.5237,48.5237,23.2433,
57,Lecythis idatimon,Lecythidaceae,799105.2566,9728458.88,28.2,False,O,5,21.32,21.32,feldpausch_regional,0.18,default,-2.0,27.84,21.16,28.2,False,O,21.32,feldpausch,27.84,21.154532063397653,0.7986,274.311,274.311,362.5984,265.4904,265.4904,350.9388,
58,Nectandra cuspidata,Lauraceae,799106.3133,9728456.618,31.3,False,O,5,22.69,22.69,feldpausch_regional,0.18,default,-2.0,30.94,22.54,31.3,False,O,22.69,feldpausch,30.94,22.53588217675492,0.518,357.3203,357.3203,309.5765,347.0259,347.0259,300.6576,
59,Guatteria schomburgkiana,Annonaceae,799107.3266,9728456.058,27.0,False,O,5,20.76,20.76,feldpausch_regional,0.18,default,-2.0,26.64,20.59,27.0,False,O,20.76,feldpausch,26.64,20.58979841361608,0.6,245.5255,245.5255,245.5255,237.2619,237.2619,237.2619,
60,Stryphnodendron pulcherrimum,Fabaceae,799109.2365,9728458.8,19.3,False,O,5,16.77,16.77,feldpausch_regional,0.18,default,-2.0,18.94,16.56,19.3,False,O,16.77,feldpausch,18.94,16.56279608301031,0.475,103.5173,103.5173,82.4119,98.5782,98.5782,78.4799,
61,,,799111.152,9728460.966,28.6,True,O,5,21.5,21.5,feldpausch_regional,0.18,default,-2.0,28.24,21.34,28.6,True,O,21.5,feldpausch,28.240000000000002,21.336087441319343,0.5847,284.2805,202.6405,202.6405,275.2736,196.3382,196.3382,
62,Byrsonima spicata,Malpighiaceae,799112.2624,9728457.592,14.8,False,O,5,14.02,14.02,feldpausch_regional,0.18,default,-2.0,14.44,13.78,14.8,False,O,14.02,feldpausch,14.440000000000001,13.783613149683013,0.6137,51.7652,51.7652,52.9157,48.5237,48.5237,49.6022,
63,,,799112.3086,9728456.279,11.3,False,O,5,11.6,11.6,feldpausch_regional,0.18,default,-2.0,10.94,11.33,11.3,False,O,11.6,feldpausch,10.940000000000001,11.334209651177257,0.5847,25.4086,25.4086,24.7747,23.3189,23.3189,22.7372,
64,Ocotea canaliculata,Lauraceae,799110.3811,9728454.198,11.8,False,O,5,11.96,11.96,feldpausch_regional,0.18,default,-2.0,11.44,11.7,11.8,False,O,11.96,feldpausch,11.440000000000001,11.698981982587213,0.4793,28.4866,28.4866,22.8806,26.2434,26.2434,21.0789,
65,Dipteryx odorata,Fabaceae,799110.4301,9728452.695,17.5,False,O,5,15.71,15.71,feldpausch_regional,0.18,default,-2.0,17.14,15.49,17.5,False,O,15.71,feldpausch,17.14,15.492052454653425,0.9228,80.2304,80.2304,122.1196,75.9969,75.9969,115.6758,
66,Quiina florida,Ochnaceae,799106.5007,9728449.821,13.8,False,O,5,13.36,13.36,feldpausch_regional,0.18,default,-2.0,13.44,13.11,13.8,False,O,13.36,feldpausch,13.440000000000001,13.11590038072233,0.728,43.0816,43.0816,52.0303,40.1853,40.1853,48.5324,
67,Apeiba petoumo,Malvaceae,799109.6672,9728445.063,18.1,False,O,5,16.07,16.07,feldpausch_regional,0.18,default,-2.0,17.74,15.86,18.1,False,O,16.07,feldpausch,17.740000000000002,15.855739843979478,0.2822,87.6034,87.6034,41.9627,83.1381,83.1381,39.8239,
68,Pradosia cochlearia,Sapotaceae,799111.6865,9728445.195,33.7,False,O,5,23.69,23.69,feldpausch_regional,0.18,default,-2.0,33.34,23.54,33.7,False,O,23.69,feldpausch,33.34,23.543840546598666,0.73,430.4966,430.4966,521.3114,419.0268,419.0268,507.422,
69,Lecythis pisonis,Lecythidaceae,799112.6977,9728445.213,11.0,False,O,5,11.38,11.38,feldpausch_regional,0.18,default,-2.0,10.64,11.11,11.0,False,O,11.38,feldpausch,10.64,11.111266572550116,0.857,23.6621,23.6621,33.5095,21.6629,21.6629,30.6782,
70,Schefflera morototoni,Araliaceae,799110.89,9728438.597,22.9,False,O,5,18.73,18.73,feldpausch_regional,0.18,default,-2.0,22.54,18.55,22.9,False,O,18.73,feldpausch,22.54,18.541705831625148,0.4559,161.0113,161.0113,123.1608,154.5756,154.5756,118.2379,
71,Xylopia nitida,Annonaceae,799103.7643,9728438.036,12.4,False,O,5,12.39,12.39,feldpausch_regional,0.18,default,-2.0,12.04,12.13,12.4,False,O,12.39,feldpausch,12.040000000000001,12.13432450561637,0.5483,32.4831,32.4831,29.7502,30.0499,30.0499,27.5217,
72,,,799112.0047,9728435.807,13.6,False,O,5,13.22,13.22,feldpausch_regional,0.18,default,-2.0,13.24,12.98,13.6,False,O,13.22,feldpausch,13.24,12.974393799722383,0.5847,41.4429,41.4429,40.4091,38.6153,38.6153,37.6519,
73,Sterculia pruriens,Malvaceae,799101.818,9728433.616,13.1,False,O,5,12.88,12.88,feldpausch_regional,0.18,default,-2.0,12.74,12.63,13.1,False,O,12.88,feldpausch,12.74,12.630270902047103,0.4862,37.5536,37.5536,30.585,34.8923,34.8923,28.4175,
74,Lecythis idatimon,Lecythidaceae,799101.82,9728433.521,10.5,False,O,5,11.0,11.0,feldpausch_regional,0.18,default,-2.0,10.14,10.73,10.5,False,O,11.0,feldpausch,10.14,10.726380861779772,0.7986,20.9036,20.9036,27.6315,19.0533,19.0533,25.1856,
75,Eschweilera coriacea,Lecythidaceae,799112.0969,9728433.084,40.0,False,O,5,26.07,26.07,feldpausch_regional,0.18,default,-2.0,39.64,25.94,40.0,False,O,26.07,feldpausch,39.64,25.94209034322581,0.8521,660.4431,660.4431,930.0586,645.7827,645.7827,909.4133,
76,,,799112.98,9728431.328,15.4,False,O,5,14.41,14.41,feldpausch_regional,0.18,default,-2.0,15.04,14.18,15.4,False,O,14.41,feldpausch,15.040000000000001,14.177938610859414,0.5847,57.4589,57.4589,56.0254,54.0036,54.0036,52.6564,
77,Stryphnodendron pulcherrimum,Fabaceae,799110.148,9728429.727,17.2,False,O,5,15.53,15.53,feldpausch_regional,0.18,default,-2.0,16.84,15.31,17.2,False,O,15.53,feldpausch,16.84,15.31012961987348,0.475,76.7,76.7,61.0623,72.5805,72.5805,57.7826,
78,Virola michelii,Myristicaceae,799103.9898,9728428.564,11.0,False,O,5,11.38,11.38,feldpausch_regional,0.18,default,-2.0,10.64,11.11,11.0,False,O,11.38,feldpausch,10.64,11.111266572550116,0.4701,23.6621,23.6621,18.6491,21.6629,21.6629,17.0734,
1,Thyrsodium spruceanum,Anacardiaceae,799866.3202,9727817.777,10.6,False,O,6,11.08,11.08,feldpausch_regional,0.18,default,-2.0,10.24,10.81,10.6,False,O,11.08,feldpausch,10.24,10.807290020466903,0.64,21.4451,21.4451,22.8394,19.5647,19.5647,20.8367,
2,Jacaranda copaia,Bignoniaceae,799864.082,9727815.273,15.6,False,O,6,14.54,14.54,feldpausch_regional,0.18,default,-2.0,15.24,14.3,15.6,False,O,14.54,feldpausch,15.24,14.30931957470061,0.3507,59.4433,59.4433,35.192,55.9154,55.9154,33.1034,
3,Tachigali myrmecophila,Fabaceae,799860.7997,9727815.684,13.0,False,O,6,12.81,12.81,feldpausch_regional,0.18,default,-2.0,12.64,12.56,13.0,False,O,12.81,feldpausch,12.64,12.559453854983726,0.476,36.7999,36.7999,29.3572,34.1717,34.1717,27.2606,
4,Neea oppositifolia,Nyctaginaceae,799857.4007,9727810.541,17.4,False,O,6,15.65,15.65,feldpausch_regional,0.18,default,-2.0,17.04,15.43,17.4,False,O,15.65,feldpausch,17.04,15.431417602903213,0.893,79.0422,79.0422,116.5237,74.8468,74.8468,110.3389,
5,Virola michelii,Myristicaceae,799857.0574,9727811.512,24.8,False,O,6,19.7,19.7,feldpausch_regional,0.18,default,-2.0,24.44,19.52,24.8,False,O,19.7,feldpausch,24.44,19.52043918038634,0.4701,197.6193,197.6193,155.7521,190.3496,190.3496,150.0226,
6,Vitex triflora,Lamiaceae,799855.5564,9727809.843,15.3,False,O,6,14.34,14.34,feldpausch_regional,0.18,default,-2.0,14.94,14.11,15.3,False,O,14.34,feldpausch,14.940000000000001,14.10731821422537,0.5482,56.4638,56.4638,51.7033,53.0458,53.0458,48.5735,
7,Guatteria schomburgkiana,Annonaceae,799857.7096,9727809.666,30.7,False,O,6,22.43,22.43,feldpausch_regional,0.18,default,-2.0,30.34,22.28,30.7,False,O,22.43,feldpausch,30.34,22.273799091605838,0.6,340.2234,340.2234,340.2234,330.2192,330.2192,330.2192,
8,Diplotropis sp.,Fabaceae,799857.5037,9727810.249,12.3,False,O,6,12.32,12.32,feldpausch_regional,0.18,default,-2.0,11.94,12.06,12.3,False,O,12.32,feldpausch,11.940000000000001,12.063429349784986,0.7378,31.7974,31.7974,38.9041,29.396,29.396,35.966,
9,Ormosia grossa,Fabaceae,799869.4239,9727814.976,20.0,False,O,6,17.17,17.17,feldpausch_regional,0.18,default,-2.0,19.64,16.96,20.0,False,O,17.17,feldpausch,19.64,16.966688851135235,0.5906,113.5552,113.5552,111.8158,108.3327,108.3327,106.6733,
10,Miconia poeppigii,Melastomataceae,799868.8521,9727813.655,14.1,False,O,6,13.56,13.56,feldpausch_regional,0.18,default,-2.0,13.74,13.32,14.1,False,O,13.56,feldpausch,13.74,13.31827369396353,0.5967,45.585,45.585,45.3378,42.5865,42.5865,42.3556,
11,Licania heteromorpha,Chrysobalanaceae,799867.3207,9727812.084,11.8,False,O,6,11.96,11.96,feldpausch_regional,0.18,default,-2.0,11.44,11.7,11.8,False,O,11.96,feldpausch,11.440000000000001,11.698981982587213,0.8164,28.4866,28.4866,38.4753,26.2434,26.2434,35.4456,
12,Pouteria sp.,Sapotaceae,799865.9613,9727810.026,12.7,False,O,6,12.6,12.6,feldpausch_regional,0.18,default,-2.0,12.34,12.35,12.7,False,O,12.6,feldpausch,12.34,12.346939344095293,0.7187,34.5977,34.5977,41.2647,32.0678,32.0678,38.2474,
13,Inga thibaudiana,Fabaceae,799863.6388,9727807.718,22.5,False,O,6,18.53,18.53,feldpausch_regional,0.18,default,-2.0,22.14,18.34,22.5,False,O,18.53,feldpausch,22.14,18.33966916817512,0.5786,153.9456,153.9456,148.5743,147.6786,147.6786,142.5259,
14,,,799859.22,9727805.393,35.3,False,O,6,24.32,24.32,feldpausch_regional,0.18,default,-2.0,34.94,24.18,35.3,False,O,24.32,feldpausch,34.94,24.178852471686728,0.5847,483.5232,483.5232,471.4607,471.2596,471.2596,459.503,
15,Ormosia coccinea,Fabaceae,799861.1768,9727802.827,20.9,False,O,6,17.67,17.67,feldpausch_regional,0.18,default,-2.0,20.54,17.47,20.9,False,O,17.67,feldpausch,20.54,17.471539634295524,0.625,127.2592,127.2592,132.4318,121.6668,121.6668,126.6121,
16,Ormosia coccinea,Fabaceae,799866.7394,9727804.917,15.8,False,O,6,14.66,14.66,feldpausch_regional,0.18,default,-2.0,15.44,14.43,15.8,False,O,14.66,feldpausch,15.440000000000001,14.43082832275704,0.625,61.4308,61.4308,63.9277,57.832,57.832,60.1827,
17,Aspidosperma spruceanum,Apocynaceae,799868.5588,9727805.71,10.1,False,O,6,10.7,10.7,feldpausch_regional,0.18,default,-2.0,9.74,10.42,10.1,False,O,10.7,feldpausch,9.74,10.422080815603511,0.7533,18.8614,18.8614,23.5526,17.1258,17.1258,21.3853,
18,Cordia scabrifolia,Boraginaceae,799869.127,9727805.593,19.8,False,O,6,17.05,17.05,feldpausch_regional,0.18,default,-2.0,19.44,16.85,19.8,False,O,17.05,feldpausch,19.44,16.84566814870777,0.474,110.5896,110.5896,87.8614,105.4504,105.4504,83.7785,
19,Cordia scabrifolia,Boraginaceae,799869.5906,9727805.767,22.2,False,O,6,18.37,18.37,feldpausch_regional,0.18,default,-2.0,21.84,18.18,22.2,False,O,18.37,feldpausch,21.84,18.17820545278476,0.474,148.7004,148.7004,118.1398,142.5619,142.5619,113.2629,
20,Miconia poeppigii,Melastomataceae,799869.6697,9727807.01,10.9,False,O,6,11.3,11.3,feldpausch_regional,0.18,default,-2.0,10.54,11.03,10.9,False,O,11.3,feldpausch,10.540000000000001,11.030414500637347,0.5967,23.0846,23.0846,22.9594,21.1162,21.1162,21.0017,
21,Hymenolobium petraeum,Fabaceae,799870.133,9727807.184,39.0,False,O,6,25.71,25.71,feldpausch_regional,0.18,default,-2.0,38.64,25.58,39.0,False,O,25.71,feldpausch,38.64,25.579439382765074,0.7125,620.1238,620.1238,733.3661,605.9807,605.9807,716.6402,
22,,,799870.3429,9727806.601,15.0,False,L,6,14.15,14.15,feldpausch_regional,0.18,default,-2.0,14.64,13.91,15.0,False,L,14.15,feldpausch,14.64,13.915086591517273,0.5847,53.6203,53.6203,52.2826,50.3082,50.3082,49.0532,
23,Lecythis lurida,Lecythidaceae,799872.7319,9727801.43,16.1,False,O,6,14.85,14.85,feldpausch_regional,0.18,default,-2.0,15.74,14.62,16.1,False,O,14.85,feldpausch,15.740000000000002,14.622878814173308,0.8633,64.5342,64.5342,92.0501,60.8255,60.8255,86.7602,
24,Anacardium spruceanum,Anacardiaceae,799873.2571,9727799.972,17.1,False,O,6,15.47,15.47,feldpausch_regional,0.18,default,-2.0,16.74,15.25,17.1,False,O,15.47,feldpausch,16.740000000000002,15.249476279075992,0.4792,75.546,75.546,60.6584,71.4641,71.4641,57.3809,
25,Ormosia grossa,Fabaceae,799871.0423,9727795.839,16.4,False,O,6,15.04,15.04,feldpausch_regional,0.18,default,-2.0,16.04,14.81,16.4,False,O,15.04,feldpausch,16.04,14.814867629828917,0.5906,67.7376,67.7376,66.7,63.9176,63.9176,62.9385,
26,Ormosia coccinea,Fabaceae,799870.1094,9727795.492,13.6,False,O,6,13.22,13.22,feldpausch_regional,0.18,default,-2.0,13.24,12.98,13.6,False,O,13.22,feldpausch,13.24,12.974393799722383,0.625,41.4429,41.4429,43.1275,38.6153,38.6153,40.1848,
27,Ormosia grossa,Fabaceae,799870.4569,9727794.52,12.0,False,O,6,12.11,12.11,feldpausch_regional,0.18,default,-2.0,11.64,11.85,12.0,False,O,12.11,feldpausch,11.64,11.85066919732659,0.5906,29.7969,29.7969,29.3405,27.49,27.49,27.0689,
28,Dipteryx odorata,Fabaceae,799870.4916,9727794.423,63.0,False,O,6,32.64,32.64,feldpausch_regional,0.18,default,-2.0,62.64,32.56,63.0,False,O,32.64,feldpausch,62.64,32.557173116128716,0.9228,1996.1519,1996.1519,3038.3654,1969.0578,1969.0578,2997.1252,
29,Lecythis lurida,Lecythidaceae,799866.0099,9727806.075,11.0,False,O,6,11.38,11.38,feldpausch_regional,0.18,default,-2.0,10.64,11.11,11.0,False,O,11.38,feldpausch,10.64,11.111266572550116,0.8633,23.6621,23.6621,33.7512,21.6629,21.6629,30.8994,
30,,,799872.194,9727789.662,33.5,False,O,6,23.61,23.61,feldpausch_regional,0.18,default,-2.0,33.14,23.46,33.5,False,O,23.61,feldpausch,33.14,23.463193255523848,0.5847,424.1211,424.1211,413.5404,412.7495,412.7495,402.4526,
31,,,799872.1003,9727789.627,23.8,False,O,6,19.2,19.2,feldpausch_regional,0.18,default,-2.0,23.44,19.01,23.8,False,O,19.2,feldpausch,23.44,19.015885115510656,0.5847,177.8447,177.8447,173.408,171.0156,171.0156,166.7492,
32,,,799872.0067,9727789.592,13.0,False,O,6,12.81,12.81,feldpausch_regional,0.18,default,-2.0,12.64,12.56,13.0,False,O,12.81,feldpausch,12.64,12.559453854983726,0.5847,36.7999,36.7999,35.8818,34.1717,34.1717,33.3192,
33,,,799871.913,9727789.558,17.9,False,O,6,15.95,15.95,feldpausch_regional,0.18,default,-2.0,17.54,15.74,17.9,False,O,15.95,feldpausch,17.54,15.734533265121735,0.5847,85.099,85.099,82.976,80.7116,80.7116,78.6981,
34,,,799876.5258,9727792.37,24.5,False,O,6,19.55,19.55,feldpausch_regional,0.18,default,-2.0,24.14,19.37,24.5,False,O,19.55,feldpausch,24.14,19.369105347321096,0.5847,191.5456,191.5456,186.7671,184.4093,184.4093,179.8088,
35,Chimarrhis turbinata,Rubiaceae,799876.9937,9727792.544,48.4,False,O,6,28.81,28.81,feldpausch_regional,0.18,default,-2.0,48.04,28.7,48.4,False,O,28.81,feldpausch,48.04,28.701697612372502,0.72,1056.314,1056.314,1262.0424,1037.212,1037.212,1239.2201,
36,Cordia scabrifolia,Boraginaceae,799873.6872,9727788.454,16.8,False,O,6,15.29,15.29,feldpausch_regional,0.18,default,-2.0,16.44,15.06,16.8,False,O,15.29,feldpausch,16.44,15.067477550109134,0.474,72.1516,72.1516,57.3232,68.1818,68.1818,54.1692,
37,Pourouma minor,Urticaceae,799875.8065,9727788.469,17.8,False,O,6,15.89,15.89,feldpausch_regional,0.18,default,-2.0,17.44,15.68,17.8,False,O,15.89,feldpausch,17.44,15.673921658561875,0.436,83.8644,83.8644,61.4102,79.5157,79.5157,58.2259,
38,Manilkara huberi,Sapotaceae,799877.0985,9727784.873,13.3,False,O,6,13.02,13.02,feldpausch_regional,0.18,default,-2.0,12.94,12.77,13.3,False,O,13.02,feldpausch,12.940000000000001,12.771874715997479,0.9214,39.0912,39.0912,59.414,36.3631,36.3631,55.2675,
39,Inga thibaudiana,Fabaceae,799875.7562,9727787.129,11.8,False,O,6,11.96,11.96,feldpausch_regional,0.18,default,-2.0,11.44,11.7,11.8,False,O,11.96,feldpausch,11.440000000000001,11.698981982587213,0.5786,28.4866,28.4866,27.4926,26.2434,26.2434,25.3278,
40,Protium paniculatum,Burseraceae,799875.3925,9727783.693,22.2,False,O,6,18.37,18.37,feldpausch_regional,0.18,default,-2.0,21.84,18.18,22.2,False,O,18.37,feldpausch,21.84,18.17820545278476,0.49,148.7004,148.7004,122.0304,142.5619,142.5619,116.9929,
41,Talisia longifolia,Sapindaceae,799871.5998,9727777.899,14.4,False,O,6,13.76,13.76,feldpausch_regional,0.18,default,-2.0,14.04,13.52,14.4,False,O,13.76,feldpausch,14.040000000000001,13.520564939096525,0.8499,48.181,48.181,67.6796,45.0788,45.0788,63.3219,
42,Oenocarpus bacaba,Arecaceae,799872.9337,9727775.644,22.0,False,P,6,18.26,18.26,feldpausch_regional,0.18,default,-2.0,21.64,18.07,22.0,False,P,18.26,feldpausch,21.64,18.067246632339895,0.65,145.2428,92.4606,92.4606,139.1904,88.3617,88.3617,
43,Strychnos subcordata,Loganiaceae,799879.4377,9727781.332,11.0,False,O,6,11.38,11.38,feldpausch_regional,0.18,default,-2.0,10.64,11.11,11.0,False,O,11.38,feldpausch,10.64,11.111266572550116,0.6959,23.6621,23.6621,27.3485,21.6629,21.6629,25.0377,
44,Guatteria schomburgkiana,Annonaceae,799880.3123,9727778.903,26.8,False,O,6,20.67,20.67,feldpausch_regional,0.18,default,-2.0,26.44,20.5,26.8,False,O,20.67,feldpausch,26.44,20.49894771038075,0.6,240.964,240.964,240.964,232.7904,232.7904,232.7904,
45,Lecythis lurida,Lecythidaceae,799878.9474,9727776.752,15.3,False,O,6,14.34,14.34,feldpausch_regional,0.18,default,-2.0,14.94,14.11,15.3,False,O,14.34,feldpausch,14.940000000000001,14.10731821422537,0.8633,56.4638,56.4638,80.5388,53.0458,53.0458,75.6633,
46,Guatteria schomburgkiana,Annonaceae,799875.8608,9727773.423,16.6,False,O,6,15.16,15.16,feldpausch_regional,0.18,default,-2.0,16.24,14.94,16.6,False,O,15.16,feldpausch,16.240000000000002,14.936259251144145,0.6,69.8995,69.8995,69.8995,66.0062,66.0062,66.0062,
47,Lecythis pisonis,Lecythidaceae,799873.3673,9727771.412,16.2,False,O,6,14.91,14.91,feldpausch_regional,0.18,default,-2.0,15.84,14.69,16.2,False,O,14.91,feldpausch,15.84,14.683599054839801,0.857,65.5765,65.5765,92.8671,61.8317,61.8317,87.5639,
48,Stryphnodendron paniculatum,Fabaceae,799869.9232,9727769.056,13.4,False,O,6,13.08,13.08,feldpausch_regional,0.18,default,-2.0,13.04,12.84,13.4,False,O,13.08,feldpausch,13.040000000000001,12.832850878590625,0.6535,39.8454,39.8454,43.3094,37.0857,37.0857,40.3097,
49,Strychnos subcordata,Loganiaceae,799882.9358,9727771.614,17.9,False,O,6,15.95,15.95,feldpausch_regional,0.18,default,-2.0,17.54,15.74,17.9,False,O,15.95,feldpausch,17.54,15.734533265121735,0.6959,85.099,85.099,98.3565,80.7116,80.7116,93.2856,
50,,,799881.0391,9727770.921,10.4,False,O,6,10.93,10.93,feldpausch_regional,0.18,default,-2.0,10.04,10.65,10.4,False,O,10.93,feldpausch,10.040000000000001,10.655206304765878,0.5847,20.3893,20.3893,19.8807,18.5672,18.5672,18.104,
51,,,799880.5649,9727770.748,10.2,False,O,6,10.78,10.78,feldpausch_regional,0.18,default,-2.0,9.84,10.5,10.2,False,O,10.78,feldpausch,9.84,10.503054040815368,0.5847,19.368,19.368,18.8848,17.6032,17.6032,17.164,
52,Miconia poeppigii,Melastomataceae,799880.1951,9727770.284,10.2,False,O,6,10.78,10.78,feldpausch_regional,0.18,default,-2.0,9.84,10.5,10.2,False,O,10.78,feldpausch,9.84,10.503054040815368,0.5967,19.368,19.368,19.2629,17.6032,17.6032,17.5077,
53,Pouteria sp.,Sapotaceae,799884.0229,9727777.512,20.1,False,O,6,17.22,17.22,feldpausch_regional,0.18,default,-2.0,19.74,17.02,20.1,False,O,17.22,feldpausch,19.740000000000002,17.0173108766495,0.7187,114.992,114.992,137.1511,109.7306,109.7306,130.8758,
54,Bagassa guianensis,Moraceae,799883.1828,9727776.874,22.4,False,O,6,18.47,18.47,feldpausch_regional,0.18,default,-2.0,22.04,18.28,22.4,False,O,18.47,feldpausch,22.04,18.279253688104635,0.7087,152.1306,152.1306,178.9667,145.9087,145.9087,171.6473,
55,Xylopia nitida,Annonaceae,799882.1321,9727776.819,43.6,False,O,6,27.3,27.3,feldpausch_regional,0.18,default,-2.0,43.24,27.18,43.6,False,O,27.3,feldpausch,43.24,27.181056360335425,0.5483,817.397,817.397,748.6262,800.8543,800.8543,733.4752,
56,,,799870.6073,9727767.114,12.2,False,O,6,12.25,12.25,feldpausch_regional,0.18,default,-2.0,11.84,11.99,12.2,False,O,12.25,feldpausch,11.84,11.992521947516652,0.5847,31.1212,31.1212,30.3448,28.7515,28.7515,28.0342,
57,Thyrsodium spruceanum,Anacardiaceae,799867.0817,9727768.017,21.3,False,O,6,17.88,17.88,feldpausch_regional,0.18,default,-2.0,20.94,17.69,21.3,False,O,17.88,feldpausch,20.94,17.683721254697815,0.64,133.5883,133.5883,142.2736,127.8318,127.8318,136.1429,
58,Xylopia nitida,Annonaceae,799863.7902,9727762.438,40.0,False,O,6,26.07,26.07,feldpausch_regional,0.18,default,-2.0,39.64,25.94,40.0,False,O,26.07,feldpausch,39.64,25.94209034322581,0.5483,660.4431,660.4431,604.8774,645.7827,645.7827,591.4505,
59,Endlicheria ruforamula,Lauraceae,799863.2103,9727764.414,32.6,False,O,6,23.24,23.24,feldpausch_regional,0.18,default,-2.0,32.24,23.09,32.6,False,O,23.24,feldpausch,32.24,23.09026151631663,0.5043,396.0116,396.0116,334.2387,385.083,385.083,325.0148,
60,Protium hebetatum,Burseraceae,799863.1529,9727773.15,36.9,False,O,6,24.94,24.94,feldpausch_regional,0.18,default,-2.0,36.54,24.8,36.9,False,O,24.94,feldpausch,36.54,24.80354918203941,0.5773,540.34,540.34,520.3866,527.2667,527.2667,507.7961,
61,Licania heteromorpha,Chrysobalanaceae,799862.9833,9727773.635,18.6,False,O,6,16.36,16.36,feldpausch_regional,0.18,default,-2.0,18.24,16.15,18.6,False,O,16.36,feldpausch,18.240000000000002,16.148792440489622,0.8164,94.0161,94.0161,126.9826,89.3564,89.3564,120.689,
62,Ormosia coccinea,Fabaceae,799863.2853,9727774.294,13.7,False,O,6,13.29,13.29,feldpausch_regional,0.18,default,-2.0,13.34,13.04,13.7,False,O,13.29,feldpausch,13.34,13.045151535255012,0.625,42.2571,42.2571,43.9747,39.3952,39.3952,40.9965,
63,Ormosia grossa,Fabaceae,799862.4747,9727775.091,11.6,False,O,6,11.82,11.82,feldpausch_regional,0.18,default,-2.0,11.24,11.56,11.6,False,O,11.82,feldpausch,11.24,11.557025370127894,0.5906,27.2369,27.2369,26.8197,25.055,25.055,24.6712,
64,Ormosia grossa,Fabaceae,799862.5086,9727774.994,10.5,False,O,6,11.0,11.0,feldpausch_regional,0.18,default,-2.0,10.14,10.73,10.5,False,O,11.0,feldpausch,10.14,10.726380861779772,0.5906,20.9036,20.9036,20.5834,19.0533,19.0533,18.7614,
65,Couepia racemosa,Chrysobalanaceae,799862.398,9727778.351,11.3,False,O,6,11.6,11.6,feldpausch_regional,0.18,default,-2.0,10.94,11.33,11.3,False,O,11.6,feldpausch,10.940000000000001,11.334209651177257,0.7861,25.4086,25.4086,33.0757,23.3189,23.3189,30.3555,
66,,,799862.1466,9727788.131,14.7,False,O,6,13.95,13.95,feldpausch_regional,0.18,default,-2.0,14.34,13.72,14.7,False,O,13.95,feldpausch,14.34,13.712948981304246,0.5847,50.8357,50.8357,49.5675,47.6304,47.6304,46.4422,
67,Swartzia corrugata,Fabaceae,799859.5955,9727789.378,18.5,False,O,6,16.31,16.31,feldpausch_regional,0.18,default,-2.0,18.14,16.09,18.5,False,O,16.31,feldpausch,18.14,16.098088927419887,1.0565,92.7545,92.7545,161.1224,88.1318,88.1318,153.0923,
68,Aniba parviflora,Lauraceae,799859.0838,9727784.8,31.1,False,O,6,22.61,22.61,feldpausch_regional,0.18,default,-2.0,30.74,22.45,31.1,False,O,22.61,feldpausch,30.740000000000002,22.455149612891514,0.54,351.6627,351.6627,317.2978,341.4625,341.4625,308.0943,
69,Bowdichia nitida,Fabaceae,799858.5874,9727783.19,14.6,False,O,6,13.89,13.89,feldpausch_regional,0.18,default,-2.0,14.24,13.65,14.6,False,O,13.89,feldpausch,14.24,13.652106386641979,0.8033,49.9522,49.9522,66.4137,46.7807,46.7807,62.197,
80,Lecythis lurida,Lecythidaceae,799853.6692,9727791.558,25.0,False,O,6,19.8,19.8,feldpausch_regional,0.18,default,-2.0,24.64,19.62,25.0,False,O,19.8,feldpausch,24.64,19.62131370234897,0.8633,201.7367,201.7367,287.7527,194.3775,194.3775,277.2557,
81,Couepia racemosa,Chrysobalanaceae,799853.325,9727795.268,14.1,False,O,6,13.56,13.56,feldpausch_regional,0.18,default,-2.0,13.74,13.32,14.1,False,O,13.56,feldpausch,13.74,13.31827369396353,0.7861,45.585,45.585,59.3404,42.5865,42.5865,55.4371,
82,Eschweilera coriacea,Lecythidaceae,799857.6662,9727797.882,14.9,False,O,6,14.08,14.08,feldpausch_regional,0.18,default,-2.0,14.54,13.85,14.9,False,O,14.08,feldpausch,14.540000000000001,13.844437604821394,0.8521,52.6692,52.6692,74.1705,49.3937,49.3937,69.5578,
83,Miconia poeppigii,Melastomataceae,799853.7469,9727797.073,15.4,False,O,6,14.41,14.41,feldpausch_regional,0.18,default,-2.0,15.04,14.18,15.4,False,O,14.41,feldpausch,15.040000000000001,14.177938610859414,0.5967,57.4589,57.4589,57.1473,54.0036,54.0036,53.7108,
84,Astronium gracile,Anacardiaceae,799848.4323,9727797.273,29.2,False,O,6,21.77,21.77,feldpausch_regional,0.18,default,-2.0,28.84,21.61,29.2,False,O,21.77,feldpausch,28.84,21.608353485727548,0.73,299.6663,299.6663,362.8819,290.377,290.377,351.633,
85,Lecythis lurida,Lecythidaceae,799848.0968,9727798.244,20.1,False,O,6,17.22,17.22,feldpausch_regional,0.18,default,-2.0,19.74,17.02,20.1,False,O,17.22,feldpausch,19.740000000000002,17.0173108766495,0.8633,114.992,114.992,164.0221,109.7306,109.7306,156.5173,
86,Inga thibaudiana,Fabaceae,799855.5869,9727803.805,17.2,False,O,6,15.53,15.53,feldpausch_regional,0.18,default,-2.0,16.84,15.31,17.2,False,O,15.53,feldpausch,16.84,15.31012961987348,0.5786,76.7,76.7,74.0239,72.5805,72.5805,70.0481,
87,Diospyros guianensis,Ebenaceae,799854.7347,9727806.233,14.1,False,O,6,13.56,13.56,feldpausch_regional,0.18,default,-2.0,13.74,13.32,14.1,False,O,13.56,feldpausch,13.74,13.31827369396353,0.73,45.585,45.585,55.2013,42.5865,42.5865,51.5703,
88,Licania heteromorpha,Chrysobalanaceae,799850.6065,9727809.071,12.2,False,O,6,12.25,12.25,feldpausch_regional,0.18,default,-2.0,11.84,11.99,12.2,False,O,12.25,feldpausch,11.84,11.992521947516652,0.8164,31.1212,31.1212,42.0337,28.7515,28.7515,38.8331,
1,Inga heterophylla,Fabaceae,799845.3936,9727809.074,13.5,False,O,6,13.15,13.15,feldpausch_regional,0.18,default,-2.0,13.14,12.91,13.5,False,O,13.15,feldpausch,13.14,12.90362698059947,0.56,40.6391,40.6391,37.9927,37.8454,37.8454,35.3809,
2,Myrcia fallax,Myrtaceae,799842.4984,9727808.416,26.2,False,O,6,20.38,20.38,feldpausch_regional,0.18,default,-2.0,25.84,20.21,26.2,False,O,20.38,feldpausch,25.84,20.20649975041551,0.82,227.3883,227.3883,308.4429,219.4901,219.4901,297.7294,
3,Matayba guianensis,Sapindaceae,799837.8699,9727803.703,16.5,False,O,6,15.1,15.1,feldpausch_regional,0.18,default,-2.0,16.14,14.88,16.5,False,O,15.1,feldpausch,16.14,14.875566975989804,0.82,68.8131,68.8131,93.3421,64.9565,64.9565,88.1108,
4,Eschweilera coriacea,Lecythidaceae,799838.2197,9727803.288,16.5,False,O,6,15.1,15.1,feldpausch_regional,0.18,default,-2.0,16.14,14.88,16.5,False,O,15.1,feldpausch,16.14,14.875566975989804,0.8521,68.8131,68.8131,96.9049,64.9565,64.9565,91.4739,
5,Myrcia fallax,Myrtaceae,799841.6664,9727801.742,29.6,False,O,6,21.95,21.95,feldpausch_regional,0.18,default,-2.0,29.24,21.79,29.6,False,O,21.95,feldpausch,29.240000000000002,21.78982155823748,0.82,310.2146,310.2146,420.7934,300.7351,300.7351,407.9348,
6,Inga heterophylla,Fabaceae,799842.0987,9727800.481,10.1,False,O,6,10.7,10.7,feldpausch_regional,0.18,default,-2.0,9.74,10.42,10.1,False,O,10.7,feldpausch,9.74,10.422080815603511,0.56,18.8614,18.8614,17.6332,17.1258,17.1258,16.0106,
7,Lecythis lurida,Lecythidaceae,799843.7806,9727796.184,11.6,False,O,6,11.82,11.82,feldpausch_regional,0.18,default,-2.0,11.24,11.56,11.6,False,O,11.82,feldpausch,11.24,11.557025370127894,0.8633,27.2369,27.2369,38.8501,25.055,25.055,35.7379,
8,Inga alba,Fabaceae,799846.0758,9727798.033,39.1,False,O,6,25.75,25.75,feldpausch_regional,0.18,default,-2.0,38.74,25.62,39.1,False,O,25.75,feldpausch,38.74,25.619689460981427,0.5861,624.1778,624.1778,610.072,609.9811,609.9811,596.1961,
9,Myrcia fallax,Myrtaceae,799846.3856,9727803.193,27.8,False,O,6,21.14,21.14,feldpausch_regional,0.18,default,-2.0,27.44,20.97,27.8,False,O,21.14,feldpausch,27.44,20.972939187419566,0.82,264.5688,264.5688,358.8767,255.9328,255.9328,347.1624,
10,Abuta grandifolia,Menispermaceae,799847.9977,9727804.57,13.3,False,O,6,13.02,13.02,feldpausch_regional,0.18,default,-2.0,12.94,12.77,13.3,False,O,13.02,feldpausch,12.940000000000001,12.771874715997479,0.45,39.0912,39.0912,29.5216,36.3631,36.3631,27.4613,
11,Sterculia pruriens,Malvaceae,799850.8775,9727799.288,44.1,False,O,6,27.46,27.46,feldpausch_regional,0.18,default,-2.0,43.74,27.35,44.1,False,O,27.46,feldpausch,43.74,27.342247831225958,0.4862,840.5751,840.5751,684.5928,823.7705,823.7705,670.9066,
12,Licania canescens,Chrysobalanaceae,799848.6018,9727797.995,10.7,False,O,6,11.15,11.15,feldpausch_regional,0.18,default,-2.0,10.34,10.88,10.7,False,O,11.15,feldpausch,10.34,10.878429139290521,0.88,21.9765,21.9765,31.9373,20.0675,20.0675,29.163,
13,Lecythis lurida,Lecythidaceae,799854.9252,9727787.64,15.8,False,O,6,14.66,14.66,feldpausch_regional,0.18,default,-2.0,15.44,14.43,15.8,False,O,14.66,feldpausch,15.440000000000001,14.43082832275704,0.8633,61.4308,61.4308,87.6235,57.832,57.832,82.4903,
14,Bombax paraense,Malvaceae,799852.9641,9727781.107,27.0,False,O,6,20.76,20.76,feldpausch_regional,0.18,default,-2.0,26.64,20.59,27.0,False,O,20.76,feldpausch,26.64,20.58979841361608,0.39,245.5255,245.5255,161.2501,237.2619,237.2619,155.8229,
15,Matayba guianensis,Sapindaceae,799846.5787,9727781.255,15.2,False,O,6,14.28,14.28,feldpausch_regional,0.18,default,-2.0,14.84,14.05,15.2,False,O,14.28,feldpausch,14.84,14.04652800373012,0.82,55.518,55.518,75.3079,52.1347,52.1347,70.7186,
16,Protium hebetatum,Burseraceae,799844.9813,9727782.848,22.7,False,O,6,18.63,18.63,feldpausch_regional,0.18,default,-2.0,22.34,18.44,22.7,False,O,18.63,feldpausch,22.34,18.44069507080865,0.5773,157.453,157.453,151.6386,151.1018,151.1018,145.522,
17,Protium paniculatum,Burseraceae,799843.4416,9727781.183,11.1,False,O,6,11.45,11.45,feldpausch_regional,0.18,default,-2.0,10.74,11.18,11.1,False,O,11.45,feldpausch,10.74,11.182340299273735,0.49,24.2284,24.2284,19.883,22.1998,22.1998,18.2182,
18,Licania canescens,Chrysobalanaceae,799847.8465,9727780.632,13.0,False,O,6,12.81,12.81,feldpausch_regional,0.18,default,-2.0,12.64,12.56,13.0,False,O,12.81,feldpausch,12.64,12.559453854983726,0.88,36.7999,36.7999,53.4793,34.1717,34.1717,49.6599,
19,Licania canescens,Chrysobalanaceae,799856.5191,9727776.949,11.6,False,O,6,11.82,11.82,feldpausch_regional,0.18,default,-2.0,11.24,11.56,11.6,False,O,11.82,feldpausch,11.24,11.557025370127894,0.88,27.2369,27.2369,39.5819,25.055,25.055,36.4111,
20,Guatteria schomburgkiana,Annonaceae,799856.1493,9727774.952,29.0,False,O,6,21.68,21.68,feldpausch_regional,0.18,default,-2.0,28.64,21.52,29.0,False,O,21.68,feldpausch,28.64,21.51760683387633,0.6,294.4798,294.4798,294.4798,285.285,285.285,285.285,
21,,,799856.2164,9727774.758,23.6,True,O,6,19.1,19.1,feldpausch_regional,0.18,default,-2.0,23.24,18.91,23.6,True,O,19.1,feldpausch,23.240000000000002,18.914935912907623,0.5847,174.0498,125.2474,125.2474,167.3074,120.492,120.492,
22,Matayba guianensis,Sapindaceae,799853.9326,9727775.229,17.0,False,O,6,15.41,15.41,feldpausch_regional,0.18,default,-2.0,16.64,15.19,17.0,False,O,15.41,feldpausch,16.64,15.188816561640074,0.82,74.4033,74.4033,100.9251,70.3589,70.3589,95.439,
23,Matayba guianensis,Sapindaceae,799854.0329,9727774.937,13.2,False,O,6,12.95,12.95,feldpausch_regional,0.18,default,-2.0,12.84,12.7,13.2,False,O,12.95,feldpausch,12.84,12.701077780635362,0.82,38.3174,38.3174,51.976,35.6228,35.6228,48.3209,
24,Oenocarpus bacaba,Arecaceae,799856.8203,9727773.011,12.6,False,P,6,12.53,12.53,feldpausch_regional,0.18,default,-2.0,12.24,12.28,12.6,False,P,12.53,feldpausch,12.24,12.276079226857474,0.65,33.8832,19.986,19.986,31.3857,18.4555,18.4555,
25,Sterculia pruriens,Malvaceae,799851.7758,9727772.247,21.7,False,O,6,18.1,18.1,feldpausch_regional,0.18,default,-2.0,21.34,17.91,21.7,False,O,18.1,feldpausch,21.34,17.90572793510301,0.4862,140.1924,140.1924,114.1774,134.2667,134.2667,109.3513,
26,Matayba guianensis,Sapindaceae,799851.4545,9727772.566,14.0,False,O,6,13.49,13.49,feldpausch_regional,0.18,default,-2.0,13.64,13.25,14.0,False,O,13.49,feldpausch,13.64,13.247551872280896,0.82,44.7295,44.7295,60.6738,41.766,41.766,56.6538,
27,Stryphnodendron paniculatum,Fabaceae,799852.1084,9727771.277,20.5,False,O,6,17.45,17.45,feldpausch_regional,0.18,default,-2.0,20.14,17.24,20.5,False,O,17.45,feldpausch,20.14,17.249401486858044,0.6535,121.0589,121.0589,131.5833,115.6315,115.6315,125.6841,
28,Matayba guianensis,Sapindaceae,799853.6837,9727769.78,13.7,False,O,6,13.29,13.29,feldpausch_regional,0.18,default,-2.0,13.34,13.04,13.7,False,O,13.29,feldpausch,13.34,13.045151535255012,0.82,42.2571,42.2571,57.32,39.3952,39.3952,53.438,
29,,,799858.1624,9727769.129,21.0,True,O,6,17.72,17.72,feldpausch_regional,0.18,default,-2.0,20.64,17.52,21.0,True,O,17.72,feldpausch,20.64,17.522119502180754,0.5847,128.8052,93.2699,93.2699,123.1727,89.2756,89.2756,
30,Bagassa guianensis,Moraceae,799859.0227,9727767.257,11.8,False,O,6,11.96,11.96,feldpausch_regional,0.18,default,-2.0,11.44,11.7,11.8,False,O,11.96,feldpausch,11.440000000000001,11.698981982587213,0.7087,28.4866,28.4866,33.5116,26.2434,26.2434,30.8728,
31,Protium hebetatum,Burseraceae,799857.9891,9727764.693,19.5,False,O,6,16.88,16.88,feldpausch_regional,0.18,default,-2.0,19.14,16.68,19.5,False,O,16.88,feldpausch,19.14,16.673983990177966,0.5773,106.2977,106.2977,102.3724,101.2796,101.2796,97.5396,
32,Parkia pendula,Fabaceae,799861.2247,9727763.361,19.1,False,O,6,16.65,16.65,feldpausch_regional,0.18,default,-2.0,18.74,16.45,19.1,False,O,16.65,feldpausch,18.740000000000002,16.441712399625455,0.5212,100.7252,100.7252,87.7928,95.8675,95.8675,83.5587,
33,Chimarrhis turbinata,Rubiaceae,799854.4855,9727761.229,25.8,False,O,6,20.19,20.19,feldpausch_regional,0.18,default,-2.0,25.44,20.02,25.8,False,O,20.19,feldpausch,25.44,20.014786744922866,0.72,218.653,218.653,261.238,210.935,210.935,252.0168,
34,Protium hebetatum,Burseraceae,799847.8471,9727758.806,16.5,False,O,6,15.1,15.1,feldpausch_regional,0.18,default,-2.0,16.14,14.88,16.5,False,O,15.1,feldpausch,16.14,14.875566975989804,0.5773,68.8131,68.8131,66.272,64.9565,64.9565,62.5578,
35,Inga heterophylla,Fabaceae,799844.9369,9727757.961,10.8,False,O,6,11.23,11.23,feldpausch_regional,0.18,default,-2.0,10.44,10.96,10.8,False,O,11.23,feldpausch,10.440000000000001,10.95930894767477,0.56,22.5359,22.5359,21.0683,20.5965,20.5965,19.2552,
36,,,799848.4671,9727760.122,16.2,False,L,6,14.91,14.91,feldpausch_regional,0.18,default,-2.0,15.84,14.69,16.2,False,L,14.91,feldpausch,15.84,14.683599054839801,0.5847,65.5765,65.5765,63.9405,61.8317,61.8317,60.2892,
37,Inga heterophylla,Fabaceae,799844.0241,9727760.676,18.7,False,O,6,16.42,16.42,feldpausch_regional,0.18,default,-2.0,18.34,16.21,18.7,False,O,16.42,feldpausch,18.34,16.209361053609186,0.56,95.3454,95.3454,89.1365,90.6458,90.6458,84.743,
38,,,799844.0537,9727757.421,71.4,True,O,6,34.43,34.43,feldpausch_regional,0.18,default,-2.0,71.04,34.36,71.4,True,O,34.43,feldpausch,71.04,34.358378111177,0.5847,2684.9125,1856.3949,1856.3949,2653.1532,1834.5945,1834.5945,
39,Protium hebetatum,Burseraceae,799840.5243,9727759.069,13.8,False,O,6,13.36,13.36,feldpausch_regional,0.18,default,-2.0,13.44,13.11,13.8,False,O,13.36,feldpausch,13.440000000000001,13.11590038072233,0.5773,43.0816,43.0816,41.4907,40.1853,40.1853,38.7013,
40,Protium hebetatum,Burseraceae,799840.619,9727759.104,13.1,False,O,6,12.88,12.88,feldpausch_regional,0.18,default,-2.0,12.74,12.63,13.1,False,O,12.88,feldpausch,12.74,12.630270902047103,0.5773,37.5536,37.5536,36.1669,34.8923,34.8923,33.6039,
41,Inga thibaudiana,Fabaceae,799842.9809,9727763.779,16.0,False,O,6,14.79,14.79,feldpausch_regional,0.18,default,-2.0,15.64,14.56,16.0,False,O,14.79,feldpausch,15.64,14.562150985682587,0.5786,63.5026,63.5026,61.287,59.83,59.83,57.7425,
42,Helicostylis sp.,Moraceae,799843.3377,9727765.871,32.0,False,O,6,22.99,22.99,feldpausch_regional,0.18,default,-2.0,31.64,22.84,32.0,False,O,22.99,feldpausch,31.64,22.838251947604746,0.643,377.8988,377.8988,404.3093,367.2631,367.2631,392.9303,
43,Talisia longifolia,Sapindaceae,799840.3371,9727769.125,15.8,False,O,6,14.66,14.66,feldpausch_regional,0.18,default,-2.0,15.44,14.43,15.8,False,O,14.66,feldpausch,15.440000000000001,14.43082832275704,0.8499,61.4308,61.4308,86.2915,57.832,57.832,81.2363,
44,Diplotropis sp.,Fabaceae,799835.8672,9727769.219,15.5,False,O,6,14.47,14.47,feldpausch_regional,0.18,default,-2.0,15.14,14.24,15.5,False,O,14.47,feldpausch,15.14,14.238712647529205,0.7378,58.4259,58.4259,71.4841,54.9356,54.9356,67.2137,
46,Diplotropis sp.,Fabaceae,799832.7197,9727779.923,37.6,False,O,6,25.2,25.2,feldpausch_regional,0.18,default,-2.0,37.24,25.07,37.6,False,O,25.2,feldpausch,37.24,25.06555744455696,0.7378,566.2318,566.2318,692.7843,552.8039,552.8039,676.3552,
47,Strychnos subcordata,Loganiaceae,799832.7548,9727784.842,16.0,False,O,6,14.79,14.79,feldpausch_regional,0.18,default,-2.0,15.64,14.56,16.0,False,O,14.79,feldpausch,15.64,14.562150985682587,0.6959,63.5026,63.5026,73.3957,59.83,59.83,69.1509,
48,Strychnos subcordata,Loganiaceae,799832.5686,9727784.772,14.5,False,O,6,13.82,13.82,feldpausch_regional,0.18,default,-2.0,14.14,13.58,14.5,False,O,13.82,feldpausch,14.14,13.581426401191216,0.6959,49.0441,49.0441,56.6847,45.9085,45.9085,53.0605,
49,Lecythis lurida,Lecythidaceae,799837.0802,9727781.328,26.4,False,O,6,20.48,20.48,feldpausch_regional,0.18,default,-2.0,26.04,20.31,26.4,False,O,20.48,feldpausch,26.04,20.3072978184369,0.8633,231.894,231.894,330.7685,223.9032,223.9032,319.3706,
50,Strychnos subcordata,Loganiaceae,799839.4586,9727787.346,21.1,False,O,6,17.78,17.78,feldpausch_regional,0.18,default,-2.0,20.74,17.58,21.1,False,O,17.78,feldpausch,20.740000000000002,17.582583614354764,0.6959,130.4348,130.4348,150.7552,124.7591,124.7591,144.1953,
51,Lecythis lurida,Lecythidaceae,799842.9967,9727788.668,11.2,False,O,6,11.53,11.53,feldpausch_regional,0.18,default,-2.0,10.84,11.26,11.2,False,O,11.53,feldpausch,10.84,11.263166132148207,0.8633,24.8245,24.8245,35.4091,22.7645,22.7645,32.4708,
52,Swartzia sp.,Fabaceae,799843.5965,9727789.986,41.4,False,O,6,26.56,26.56,feldpausch_regional,0.18,default,-2.0,41.04,26.44,41.4,False,O,26.56,feldpausch,41.04,26.43568268465724,0.8398,719.27,719.27,998.6698,703.8813,703.8813,977.3033,
53,Myrcia fallax,Myrtaceae,799843.2651,9727790.956,23.1,False,O,6,18.84,18.84,feldpausch_regional,0.18,default,-2.0,22.74,18.65,23.1,False,O,18.84,feldpausch,22.740000000000002,18.652602367939707,0.82,164.7063,164.7063,223.4174,158.1821,158.1821,214.5676,
54,Licania octandra,Chrysobalanaceae,799837.1753,9727805.741,12.7,False,O,6,12.6,12.6,feldpausch_regional,0.18,default,-2.0,12.34,12.35,12.7,False,O,12.6,feldpausch,12.34,12.346939344095293,0.825,34.5977,34.5977,47.2096,32.0678,32.0678,43.7576,
55,,,799832.5592,9727794.154,10.5,False,O,6,11.0,11.0,feldpausch_regional,0.18,default,-2.0,10.14,10.73,10.5,False,O,11.0,feldpausch,10.14,10.726380861779772,0.5847,20.9036,20.9036,20.3821,19.0533,19.0533,18.5779,
56,,,799832.6518,9727794.189,19.4,False,O,6,16.83,16.83,feldpausch_regional,0.18,default,-2.0,19.04,16.62,19.4,False,O,16.83,feldpausch,19.04,16.623331207310667,0.5847,104.932,104.932,102.3142,99.952,99.952,97.4585,
57,,,799832.7444,9727794.224,14.0,False,O,6,13.49,13.49,feldpausch_regional,0.18,default,-2.0,13.64,13.25,14.0,False,O,13.49,feldpausch,13.64,13.247551872280896,0.5847,44.7295,44.7295,43.6136,41.766,41.766,40.724,
58,,,799829.3642,9727791.861,12.7,False,O,6,12.6,12.6,feldpausch_regional,0.18,default,-2.0,12.34,12.35,12.7,False,O,12.6,feldpausch,12.34,12.346939344095293,0.5847,34.5977,34.5977,33.7346,32.0678,32.0678,31.2678,
59,Apeiba petoumo,Malvaceae,799831.3629,9727795.233,30.5,False,O,6,22.35,22.35,feldpausch_regional,0.18,default,-2.0,30.14,22.19,30.5,False,O,22.35,feldpausch,30.14,22.193042714473396,0.2822,334.7409,334.7409,160.3437,324.8299,324.8299,155.5962,
60,Strychnos subcordata,Loganiaceae,799832.0924,9727796.163,11.0,False,O,6,11.38,11.38,feldpausch_regional,0.18,default,-2.0,10.64,11.11,11.0,False,O,11.38,feldpausch,10.64,11.111266572550116,0.6959,23.6621,23.6621,27.3485,21.6629,21.6629,25.0377,
61,Matayba guianensis,Sapindaceae,799833.0498,9727796.414,20.6,False,O,6,17.5,17.5,feldpausch_regional,0.18,default,-2.0,20.24,17.3,20.6,False,O,17.5,feldpausch,20.240000000000002,17.29999958884892,0.82,122.556,122.556,166.2422,117.0891,117.0891,158.8266,
62,Matayba guianensis,Sapindaceae,799833.0172,9727796.511,17.2,False,O,6,15.53,15.53,feldpausch_regional,0.18,default,-2.0,16.84,15.31,17.2,False,O,15.53,feldpausch,16.84,15.31012961987348,0.82,76.7,76.7,104.0405,72.5805,72.5805,98.4524,
63,Myrcia fallax,Myrtaceae,799834.3346,9727795.696,22.2,False,O,6,18.37,18.37,feldpausch_regional,0.18,default,-2.0,21.84,18.18,22.2,False,O,18.37,feldpausch,21.84,18.17820545278476,0.82,148.7004,148.7004,201.7061,142.5619,142.5619,193.3794,
64,Eschweilera ovata,Lecythidaceae,799832.7233,9727797.384,10.4,False,O,6,10.93,10.93,feldpausch_regional,0.18,default,-2.0,10.04,10.65,10.4,False,O,10.93,feldpausch,10.040000000000001,10.655206304765878,0.9,20.3893,20.3893,30.2878,18.5672,18.5672,27.581,
65,,,799833.5884,9727800.99,12.3,False,O,6,12.32,12.32,feldpausch_regional,0.18,default,-2.0,11.94,12.06,12.3,False,O,12.32,feldpausch,11.940000000000001,12.063429349784986,0.5847,31.7974,31.7974,31.0041,29.396,29.396,28.6627,
66,,,799832.9931,9727799.672,13.3,False,O,6,13.02,13.02,feldpausch_regional,0.18,default,-2.0,12.94,12.77,13.3,False,O,13.02,feldpausch,12.940000000000001,12.771874715997479,0.5847,39.0912,39.0912,38.116,36.3631,36.3631,35.4559,
67,Matayba guianensis,Sapindaceae,799831.4454,9727799.634,15.3,False,O,6,14.34,14.34,feldpausch_regional,0.18,default,-2.0,14.94,14.11,15.3,False,O,14.34,feldpausch,14.940000000000001,14.10731821422537,0.82,56.4638,56.4638,76.5909,53.0458,53.0458,71.9544,
68,Inga alba,Fabaceae,799828.4072,9727800.015,18.7,False,O,6,16.42,16.42,feldpausch_regional,0.18,default,-2.0,18.34,16.21,18.7,False,O,16.42,feldpausch,18.34,16.209361053609186,0.5861,95.3454,95.3454,93.1907,90.6458,90.6458,88.5973,
69,Apeiba petoumo,Malvaceae,799828.4889,9727800.701,23.2,False,O,6,18.89,18.89,feldpausch_regional,0.18,default,-2.0,22.84,18.7,23.2,False,O,18.89,feldpausch,22.84,18.703095477464036,0.2822,166.5312,166.5312,79.7698,159.9643,159.9643,76.6242,
70,Matayba guianensis,Sapindaceae,799829.4518,9727804.017,14.2,False,O,6,13.62,13.62,feldpausch_regional,0.18,default,-2.0,13.84,13.38,14.2,False,O,13.62,feldpausch,13.84,13.379164192092759,0.82,46.4178,46.4178,62.9638,43.3863,43.3863,58.8518,
71,Bagassa guianensis,Moraceae,799828.7271,9727803.086,11.3,False,O,6,11.6,11.6,feldpausch_regional,0.18,default,-2.0,10.94,11.33,11.3,False,O,11.6,feldpausch,10.940000000000001,11.334209651177257,0.7087,25.4086,25.4086,29.8907,23.3189,23.3189,27.4324,
72,Lecythis idatimon,Lecythidaceae,799832.4411,9727804.384,14.8,False,O,6,14.02,14.02,feldpausch_regional,0.18,default,-2.0,14.44,13.78,14.8,False,O,14.02,feldpausch,14.440000000000001,13.783613149683013,0.7986,51.7652,51.7652,68.4259,48.5237,48.5237,64.1412,
73,Annona ambotay,Annonaceae,799833.8212,9727803.375,21.5,False,O,6,17.99,17.99,feldpausch_regional,0.18,default,-2.0,21.14,17.8,21.5,False,O,17.99,feldpausch,21.14,17.79473220995257,0.5112,136.8646,136.8646,117.0474,131.0238,131.0238,112.0523,
74,Laetia procera,Salicaceae,799834.1174,9727805.567,11.4,False,O,6,11.67,11.67,feldpausch_regional,0.18,default,-2.0,11.04,11.41,11.4,False,O,11.67,feldpausch,11.040000000000001,11.405237510778715,0.6481,26.0016,26.0016,28.0341,23.882,23.882,25.7488,
1,Banara guianensis,Salicaceae,797132.4206,9729441.929,7.1,False,O,7,8.25,8.25,feldpausch_regional,0.18,default,-2.0,6.74,7.94,7.1,False,O,8.25,feldpausch,6.739999999999999,7.934498866917606,0.61,7.3549,7.3549,7.4745,6.3964,6.3964,6.5004,
2,Inga alba,Fabaceae,797128.1963,9729441.89,40.1,False,O,7,26.11,26.11,feldpausch_regional,0.18,default,-2.0,39.74,25.98,40.1,False,O,26.11,feldpausch,39.74,25.982329649401247,0.5861,664.6638,664.6638,649.6431,649.949,649.949,635.2609,
3,Guatteria schomburgkiana,Annonaceae,797128.1767,9729442.082,22.9,False,O,7,18.73,18.73,feldpausch_regional,0.18,default,-2.0,22.54,18.55,22.9,False,O,18.73,feldpausch,22.54,18.541705831625148,0.6,161.0113,161.0113,161.0113,154.5756,154.5756,154.5756,
4,Inga alba,Fabaceae,797127.8523,9729445.257,11.6,False,O,7,11.82,11.82,feldpausch_regional,0.18,default,-2.0,11.24,11.56,11.6,False,O,11.82,feldpausch,11.24,11.557025370127894,0.5861,27.2369,27.2369,26.6214,25.055,25.055,24.4888,
5,Guatteria schomburgkiana,Annonaceae,797130.9455,9729446.105,6.4,False,O,7,7.64,7.64,feldpausch_regional,0.18,default,-2.0,6.04,7.31,6.4,False,O,7.64,feldpausch,6.04,7.313097976740602,0.6,5.5722,5.5722,5.5722,4.7688,4.7688,4.7688,
6,Guatteria schomburgkiana,Annonaceae,797127.7639,9729446.123,19.1,False,O,7,16.65,16.65,feldpausch_regional,0.18,default,-2.0,18.74,16.45,19.1,False,O,16.65,feldpausch,18.740000000000002,16.441712399625455,0.6,100.7252,100.7252,100.7252,95.8675,95.8675,95.8675,
7,Guatteria schomburgkiana,Annonaceae,797127.7442,9729446.315,16.2,False,O,7,14.91,14.91,feldpausch_regional,0.18,default,-2.0,15.84,14.69,16.2,False,O,14.91,feldpausch,15.84,14.683599054839801,0.6,65.5765,65.5765,65.5765,61.8317,61.8317,61.8317,
8,Guatteria schomburgkiana,Annonaceae,797127.7344,9729446.411,29.1,False,O,7,21.73,21.73,feldpausch_regional,0.18,default,-2.0,28.74,21.57,29.1,False,O,21.73,feldpausch,28.740000000000002,21.56794394010814,0.6,297.1325,297.1325,297.1325,287.8884,287.8884,287.8884,
9,Cordia scabrifolia,Boraginaceae,797127.0661,9729452.953,13.3,False,O,7,13.02,13.02,feldpausch_regional,0.18,default,-2.0,12.94,12.77,13.3,False,O,13.02,feldpausch,12.940000000000001,12.771874715997479,0.474,39.0912,39.0912,31.0573,36.3631,36.3631,28.8898,
10,Banara guianensis,Salicaceae,797127.8026,9729456.187,14.7,False,O,7,13.95,13.95,feldpausch_regional,0.18,default,-2.0,14.34,13.72,14.7,False,O,13.95,feldpausch,14.34,13.712948981304246,0.61,50.8357,50.8357,51.6624,47.6304,47.6304,48.405,
11,Guatteria schomburgkiana,Annonaceae,797126.4273,9729459.207,22.0,False,O,7,18.26,18.26,feldpausch_regional,0.18,default,-2.0,21.64,18.07,22.0,False,O,18.26,feldpausch,21.64,18.067246632339895,0.6,145.2428,145.2428,145.2428,139.1904,139.1904,139.1904,
12,,,797126.2799,9729460.65,8.1,False,O,7,9.1,9.1,feldpausch_regional,0.18,default,-2.0,7.74,8.8,8.1,False,O,9.1,feldpausch,7.739999999999999,8.798533546303183,0.5847,10.4676,10.4676,10.2065,9.2689,9.2689,9.0377,
13,Parkia paraensis,Fabaceae,797126.2307,9729461.131,14.0,False,O,7,13.49,13.49,feldpausch_regional,0.18,default,-2.0,13.64,13.25,14.0,False,O,13.49,feldpausch,13.64,13.247551872280896,0.415,44.7295,44.7295,31.2129,41.766,41.766,29.1449,
14,Inga thibaudiana,Fabaceae,797126.2013,9729461.42,8.3,False,O,7,9.27,9.27,feldpausch_regional,0.18,default,-2.0,7.94,8.97,8.3,False,O,9.27,feldpausch,7.94,8.970994726965278,0.5786,11.1782,11.1782,10.7882,9.9285,9.9285,9.5821,
15,Tapirira guianensis,Anacardiaceae,797125.8966,9729464.402,12.9,False,O,7,12.74,12.74,feldpausch_regional,0.18,default,-2.0,12.54,12.49,12.9,False,O,12.74,feldpausch,12.540000000000001,12.488626407215895,0.457,36.056,36.056,27.6427,33.4608,33.4608,25.653,
16,Aspidosperma parvifolium,Apocynaceae,797127.9517,9729465.291,5.7,False,O,7,6.99,6.99,feldpausch_regional,0.18,default,-2.0,5.34,6.66,5.7,False,O,6.99,feldpausch,5.34,6.6512147096117795,0.781,4.0751,4.0751,5.271,3.418,3.418,4.421,
17,,,797125.7787,9729465.556,7.5,False,O,7,8.6,8.6,feldpausch_regional,0.18,default,-2.0,7.14,8.29,7.5,False,O,8.6,feldpausch,7.14,8.290134696048403,0.5847,8.5241,8.5241,8.3115,7.4713,7.4713,7.2849,
18,,,797125.7688,9729465.653,9.4,False,O,7,10.16,10.16,feldpausch_regional,0.18,default,-2.0,9.04,9.87,9.4,False,O,10.16,feldpausch,9.040000000000001,9.874235624771373,0.5847,15.586,15.586,15.1972,14.0455,14.0455,13.6951,
19,Inga alba,Fabaceae,797126.8067,9729466.001,33.8,False,O,7,23.73,23.73,feldpausch_regional,0.18,default,-2.0,33.44,23.58,33.8,False,O,23.73,feldpausch,33.44,23.584161753383217,0.5861,433.7072,433.7072,423.9059,422.1881,422.1881,412.6471,
20,,,797125.7394,9729465.941,8.6,False,O,7,9.52,9.52,feldpausch_regional,0.18,default,-2.0,8.24,9.22,8.6,False,O,9.52,feldpausch,8.24,9.224662819036187,0.5847,12.2956,12.2956,11.9889,10.9684,10.9684,10.6947,
21,Byrsonima spicata,Malpighiaceae,797125.7295,9729466.037,15.1,False,O,7,14.21,14.21,feldpausch_regional,0.18,default,-2.0,14.74,13.98,15.1,False,O,14.21,feldpausch,14.74,13.975893597095732,0.6137,54.5451,54.5451,55.7573,51.1986,51.1986,52.3365,
22,Strychnos subcordata,Loganiaceae,797129.8652,9729467.624,15.0,False,O,7,14.15,14.15,feldpausch_regional,0.18,default,-2.0,14.64,13.91,15.0,False,O,14.15,feldpausch,14.64,13.915086591517273,0.6959,53.6203,53.6203,61.9738,50.3082,50.3082,58.1458,
23,Aspidosperma parvifolium,Apocynaceae,797125.5428,9729467.865,5.5,False,O,7,6.81,6.81,feldpausch_regional,0.18,default,-2.0,5.14,6.46,5.5,False,O,6.81,feldpausch,5.14,6.4670554896766355,0.781,3.7051,3.7051,4.7924,3.0868,3.0868,3.9927,
24,Aspidosperma parvifolium,Apocynaceae,797127.5346,9729469.429,6.9,False,O,7,8.08,8.08,feldpausch_regional,0.18,default,-2.0,6.54,7.76,6.9,False,O,8.08,feldpausch,6.54,7.761276711772535,0.781,6.816,6.816,8.8162,5.9026,5.9026,7.6348,
25,Apeiba petoumo,Malvaceae,797128.4212,9729471.317,12.0,False,O,7,12.11,12.11,feldpausch_regional,0.18,default,-2.0,11.64,11.85,12.0,False,O,12.11,feldpausch,11.64,11.85066919732659,0.2822,29.7969,29.7969,14.273,27.49,27.49,13.1679,
26,Casearia grandiflora,Salicaceae,797128.4982,9729470.547,9.8,False,O,7,10.47,10.47,feldpausch_regional,0.18,default,-2.0,9.44,10.19,9.8,False,O,10.47,feldpausch,9.440000000000001,10.18879587397964,0.77,17.4101,17.4101,22.2096,15.7592,15.7592,20.1036,
27,Tapirira guianensis,Anacardiaceae,797129.3867,9729472.436,9.9,False,O,7,10.55,10.55,feldpausch_regional,0.18,default,-2.0,9.54,10.27,9.9,False,O,10.55,feldpausch,9.540000000000001,10.269820930409036,0.457,17.891,17.891,13.7163,16.2115,16.2115,12.4287,
28,Guatteria schomburgkiana,Annonaceae,797125.1595,9729471.617,23.0,False,O,7,18.79,18.79,feldpausch_regional,0.18,default,-2.0,22.64,18.6,23.0,False,O,18.79,feldpausch,22.64,18.60210565778387,0.6,162.8943,162.8943,162.8943,156.4127,156.4127,156.4127,
29,Tetragastris panamensis,Burseraceae,797125.1399,9729471.81,9.7,False,O,7,10.39,10.39,feldpausch_regional,0.18,default,-2.0,9.34,10.11,9.7,False,O,10.39,feldpausch,9.34,10.107753486426017,0.7173,16.9378,16.9378,20.1634,15.3151,15.3151,18.2318,
30,Minquartia guianensis,Olacaceae,797125.4886,9729478.99,5.2,False,O,7,6.52,6.52,feldpausch_regional,0.18,default,-2.0,4.84,6.17,5.2,False,O,6.52,feldpausch,4.84,6.171353632193371,0.7867,3.1828,3.1828,4.1462,2.6223,2.6223,3.4161,
31,,,797125.0981,9729482.839,18.5,False,O,7,16.31,16.31,feldpausch_regional,0.18,default,-2.0,18.14,16.09,18.5,False,O,16.31,feldpausch,18.14,16.098088927419887,0.5847,92.7545,92.7545,90.4405,88.1318,88.1318,85.9331,
33,Tapirira guianensis,Anacardiaceae,797127.9129,9729487.257,11.4,False,O,7,11.67,11.67,feldpausch_regional,0.18,default,-2.0,11.04,11.41,11.4,False,O,11.67,feldpausch,11.040000000000001,11.405237510778715,0.457,26.0016,26.0016,19.9344,23.882,23.882,18.3093,
34,Casearia grandiflora,Salicaceae,797138.5846,9729489.413,10.2,False,O,7,10.78,10.78,feldpausch_regional,0.18,default,-2.0,9.84,10.5,10.2,False,O,10.78,feldpausch,9.84,10.503054040815368,0.77,19.368,19.368,24.7072,17.6032,17.6032,22.4559,
35,Nectandra cuspidata,Lauraceae,797149.4922,9729489.066,25.0,False,O,7,19.8,19.8,feldpausch_regional,0.18,default,-2.0,24.64,19.62,25.0,False,O,19.8,feldpausch,24.64,19.62131370234897,0.518,201.7367,201.7367,174.7813,194.3775,194.3775,168.4055,
36,Jacaranda copaia,Bignoniaceae,797147.4295,9729487.786,12.0,False,O,7,12.11,12.11,feldpausch_regional,0.18,default,-2.0,11.64,11.85,12.0,False,O,12.11,feldpausch,11.64,11.85066919732659,0.3507,29.7969,29.7969,17.6406,27.49,27.49,16.2748,
37,Guatteria schomburgkiana,Annonaceae,797136.6007,9729487.364,13.9,False,O,7,13.42,13.42,feldpausch_regional,0.18,default,-2.0,13.54,13.18,13.9,False,O,13.42,feldpausch,13.540000000000001,13.176821729950944,0.6,43.8846,43.8846,43.8846,40.9558,40.9558,40.9558,
38,Banara guianensis,Salicaceae,797135.6107,9729486.339,10.1,False,O,7,10.7,10.7,feldpausch_regional,0.18,default,-2.0,9.74,10.42,10.1,False,O,10.7,feldpausch,9.74,10.422080815603511,0.61,18.8614,18.8614,19.1682,17.1258,17.1258,17.4043,
39,Schefflera morototoni,Araliaceae,797135.7019,9729485.376,29.5,False,O,7,21.91,21.91,feldpausch_regional,0.18,default,-2.0,29.14,21.75,29.5,False,O,21.91,feldpausch,29.14,21.749420996897758,0.4559,307.624,307.624,235.3077,298.1901,298.1901,228.0916,
40,Xylopia nitida,Annonaceae,797139.9329,9729486.585,19.4,False,O,7,16.83,16.83,feldpausch_regional,0.18,default,-2.0,19.04,16.62,19.4,False,O,16.83,feldpausch,19.04,16.623331207310667,0.5483,104.932,104.932,96.1036,99.952,99.952,91.5426,
41,Nectandra cuspidata,Lauraceae,797139.2095,9729482.671,26.6,False,O,7,20.58,20.58,feldpausch_regional,0.18,default,-2.0,26.24,20.4,26.6,False,O,20.58,feldpausch,26.240000000000002,20.408086150022772,0.518,236.4571,236.4571,204.8625,228.3732,228.3732,197.8588,
42,Lacmellea aculeata,Apocynaceae,797142.6792,9729480.253,12.5,False,O,7,12.46,12.46,feldpausch_regional,0.18,default,-2.0,12.14,12.21,12.5,False,O,12.46,feldpausch,12.14,12.205207704531016,0.5048,33.1783,33.1783,28.03,30.7131,30.7131,25.9473,
43,Strychnos subcordata,Loganiaceae,797149.3871,9729477.727,10.0,False,O,7,10.62,10.62,feldpausch_regional,0.18,default,-2.0,9.64,10.34,10.0,False,O,10.62,feldpausch,9.64,10.341091793253828,0.6959,18.3636,18.3636,21.2245,16.657,16.657,19.252,
44,Nectandra cuspidata,Lauraceae,797150.6519,9729475.57,24.4,False,O,7,19.5,19.5,feldpausch_regional,0.18,default,-2.0,24.04,19.32,24.4,False,O,19.5,feldpausch,24.04,19.318654715409657,0.518,189.5481,189.5481,164.2214,182.456,182.456,158.0769,
45,,,797148.4558,9729476.028,20.1,True,O,7,17.22,17.22,feldpausch_regional,0.18,default,-2.0,19.74,17.02,20.1,True,O,17.22,feldpausch,19.740000000000002,17.0173108766495,0.5847,114.992,83.4693,83.4693,109.7306,79.7301,79.7301,
46,Guatteria schomburgkiana,Annonaceae,797147.5436,9729474.136,14.7,False,O,7,13.95,13.95,feldpausch_regional,0.18,default,-2.0,14.34,13.72,14.7,False,O,13.95,feldpausch,14.34,13.712948981304246,0.6,50.8357,50.8357,50.8357,47.6304,47.6304,47.6304,
47,Stryphnodendron pulcherrimum,Fabaceae,797145.5115,9729472.763,14.6,False,O,7,13.89,13.89,feldpausch_regional,0.18,default,-2.0,14.24,13.65,14.6,False,O,13.89,feldpausch,14.24,13.652106386641979,0.475,49.9522,49.9522,39.7679,46.7807,46.7807,37.243,
48,Guatteria schomburgkiana,Annonaceae,797140.0665,9729473.424,11.7,False,O,7,11.89,11.89,feldpausch_regional,0.18,default,-2.0,11.34,11.63,11.7,False,O,11.89,feldpausch,11.34,11.628010757572445,0.6,27.8572,27.8572,27.8572,25.6448,25.6448,25.6448,
49,Banara guianensis,Salicaceae,797133.9523,9729469.789,11.6,False,O,7,11.82,11.82,feldpausch_regional,0.18,default,-2.0,11.24,11.56,11.6,False,O,11.82,feldpausch,11.24,11.557025370127894,0.61,27.2369,27.2369,27.6798,25.055,25.055,25.4625,
50,Pseudopiptadenia psilostachya,Fabaceae,797135.3919,9729465.998,70.8,False,O,7,34.31,34.31,feldpausch_regional,0.18,default,-2.0,70.44,34.24,70.8,False,O,34.31,feldpausch,70.44,34.237644701346774,0.6642,2632.0627,2632.0627,2906.6885,2600.6376,2600.6376,2871.9846,
51,Pseudopiptadenia psilostachya,Fabaceae,797136.4589,9729466.058,79.4,False,O,7,35.92,35.92,feldpausch_regional,0.18,default,-2.0,79.04,35.86,79.4,False,O,35.92,feldpausch,79.04,35.85733060787051,0.6642,3442.8537,3442.8537,3802.0763,3406.638,3406.638,3762.0819,
52,Banara guianensis,Salicaceae,797142.4212,9729471.233,10.2,False,O,7,10.78,10.78,feldpausch_regional,0.18,default,-2.0,9.84,10.5,10.2,False,O,10.78,feldpausch,9.84,10.503054040815368,0.61,19.368,19.368,19.683,17.6032,17.6032,17.8895,
53,Banara guianensis,Salicaceae,797147.3428,9729464.246,11.4,False,O,7,11.67,11.67,feldpausch_regional,0.18,default,-2.0,11.04,11.41,11.4,False,O,11.67,feldpausch,11.040000000000001,11.405237510778715,0.61,26.0016,26.0016,26.4245,23.882,23.882,24.2704,
54,Nectandra cuspidata,Lauraceae,797150.5558,9729464.232,23.7,False,O,7,19.15,19.15,feldpausch_regional,0.18,default,-2.0,23.34,18.96,23.7,False,O,19.15,feldpausch,23.34,18.965412186244883,0.518,175.9406,175.9406,152.4321,169.155,169.155,146.5531,
55,Guatteria schomburgkiana,Annonaceae,797148.6202,9729461.897,21.8,False,O,7,18.15,18.15,feldpausch_regional,0.18,default,-2.0,21.44,17.96,21.8,False,O,18.15,feldpausch,21.44,17.956273582240566,0.6,141.8376,141.8376,141.8376,135.8709,135.8709,135.8709,
56,Pseudopiptadenia psilostachya,Fabaceae,797140.0646,9729461.903,59.5,False,O,7,31.81,31.81,feldpausch_regional,0.18,default,-2.0,59.14,31.73,59.5,False,O,31.81,feldpausch,59.14,31.721856456589745,0.6642,1741.0849,1741.0849,1922.7473,1715.9278,1715.9278,1894.9654,
57,,,797134.567,9729463.435,10.7,False,O,7,11.15,11.15,feldpausch_regional,0.18,default,-2.0,10.34,10.88,10.7,False,O,11.15,feldpausch,10.34,10.878429139290521,0.5847,21.9765,21.9765,21.4282,20.0675,20.0675,19.5669,
58,Pseudopiptadenia psilostachya,Fabaceae,797133.7923,9729460.392,53.2,False,O,7,30.18,30.18,feldpausch_regional,0.18,default,-2.0,52.84,30.09,53.2,False,O,30.18,feldpausch,52.84,30.08110694334005,0.6642,1329.3709,1329.3709,1468.0756,1307.6721,1307.6721,1444.1128,
59,Aspidosperma parvifolium,Apocynaceae,797131.8367,9729458.541,10.5,False,O,7,11.0,11.0,feldpausch_regional,0.18,default,-2.0,10.14,10.73,10.5,False,O,11.0,feldpausch,10.14,10.726380861779772,0.781,20.9036,20.9036,27.0379,19.0533,19.0533,24.6446,
60,Aspidosperma parvifolium,Apocynaceae,797131.8557,9729458.348,12.1,False,O,7,12.18,12.18,feldpausch_regional,0.18,default,-2.0,11.74,11.92,12.1,False,O,12.18,feldpausch,11.74,11.921601999718774,0.781,30.4544,30.4544,39.3914,28.1161,28.1161,36.367,
61,Enterolobium schomburgkii,Fabaceae,797143.5562,9729458.806,17.2,False,O,7,15.53,15.53,feldpausch_regional,0.18,default,-2.0,16.84,15.31,17.2,False,O,15.53,feldpausch,16.84,15.31012961987348,0.6989,76.7,76.7,89.0183,72.5805,72.5805,84.2371,
62,Guatteria schomburgkiana,Annonaceae,797149.9364,9729459.064,13.1,False,O,7,12.88,12.88,feldpausch_regional,0.18,default,-2.0,12.74,12.63,13.1,False,O,12.88,feldpausch,12.74,12.630270902047103,0.6,37.5536,37.5536,37.5536,34.8923,34.8923,34.8923,
63,Cordia scabrifolia,Boraginaceae,797150.9148,9729460.087,22.3,False,O,7,18.42,18.42,feldpausch_regional,0.18,default,-2.0,21.94,18.23,22.3,False,O,18.42,feldpausch,21.94,18.228731562011177,0.474,150.4092,150.4092,119.4974,144.2291,144.2291,114.5874,
64,Ormosia grossa,Fabaceae,797149.9448,9729458.968,11.2,False,O,7,11.53,11.53,feldpausch_regional,0.18,default,-2.0,10.84,11.26,11.2,False,O,11.53,feldpausch,10.84,11.263166132148207,0.5906,24.8245,24.8245,24.4442,22.7645,22.7645,22.4158,
65,Cordia scabrifolia,Boraginaceae,797145.8882,9729456.612,14.2,False,O,7,13.62,13.62,feldpausch_regional,0.18,default,-2.0,13.84,13.38,14.2,False,O,13.62,feldpausch,13.84,13.379164192092759,0.474,46.4178,46.4178,36.8781,43.3863,43.3863,34.4697,
66,Guatteria schomburgkiana,Annonaceae,797143.9785,9729454.182,23.8,False,O,7,19.2,19.2,feldpausch_regional,0.18,default,-2.0,23.44,19.01,23.8,False,O,19.2,feldpausch,23.44,19.015885115510656,0.6,177.8447,177.8447,177.8447,171.0156,171.0156,171.0156,
67,Strychnos subcordata,Loganiaceae,797139.7521,9729453.851,13.8,False,O,7,13.36,13.36,feldpausch_regional,0.18,default,-2.0,13.44,13.11,13.8,False,O,13.36,feldpausch,13.440000000000001,13.11590038072233,0.6959,43.0816,43.0816,49.7933,40.1853,40.1853,46.4457,
68,Guatteria schomburgkiana,Annonaceae,797136.7977,9729451.364,15.4,False,O,7,14.41,14.41,feldpausch_regional,0.18,default,-2.0,15.04,14.18,15.4,False,O,14.41,feldpausch,15.040000000000001,14.177938610859414,0.6,57.4589,57.4589,57.4589,54.0036,54.0036,54.0036,
69,Guatteria schomburgkiana,Annonaceae,797140.1506,9729449.613,13.8,False,O,7,13.36,13.36,feldpausch_regional,0.18,default,-2.0,13.44,13.11,13.8,False,O,13.36,feldpausch,13.440000000000001,13.11590038072233,0.6,43.0816,43.0816,43.0816,40.1853,40.1853,40.1853,
70,Xylopia amazonica,Annonaceae,797143.1944,9729451.137,27.0,False,O,7,20.76,20.76,feldpausch_regional,0.18,default,-2.0,26.64,20.59,27.0,False,O,20.76,feldpausch,26.64,20.58979841361608,0.787,245.5255,245.5255,319.9576,237.2619,237.2619,309.1887,
71,Guatteria schomburgkiana,Annonaceae,797146.4344,9729450.542,30.7,False,O,7,22.43,22.43,feldpausch_regional,0.18,default,-2.0,30.34,22.28,30.7,False,O,22.43,feldpausch,30.34,22.273799091605838,0.6,340.2234,340.2234,340.2234,330.2192,330.2192,330.2192,
72,Thyrsodium spruceanum,Anacardiaceae,797147.7834,9729447.324,20.1,False,O,7,17.22,17.22,feldpausch_regional,0.18,default,-2.0,19.74,17.02,20.1,False,O,17.22,feldpausch,19.740000000000002,17.0173108766495,0.64,114.992,114.992,122.4683,109.7306,109.7306,116.8649,
73,Inga alba,Fabaceae,797148.1276,9729443.47,36.4,False,O,7,24.75,24.75,feldpausch_regional,0.18,default,-2.0,36.04,24.61,36.4,False,O,24.75,feldpausch,36.04,24.612098134234824,0.5861,522.2278,522.2278,510.426,509.4079,509.4079,497.8958,
74,,,797149.2219,9729443.046,20.8,True,O,7,17.61,17.61,feldpausch_regional,0.18,default,-2.0,20.44,17.41,20.8,True,O,17.61,feldpausch,20.44,17.41106794193607,0.5847,125.6555,91.0369,91.0369,120.1061,87.0997,87.0997,
75,Strychnos subcordata,Loganiaceae,797150.7776,9729449.426,18.6,False,O,7,16.36,16.36,feldpausch_regional,0.18,default,-2.0,18.24,16.15,18.6,False,O,16.36,feldpausch,18.240000000000002,16.148792440489622,0.6959,94.0161,94.0161,108.6629,89.3564,89.3564,103.2773,
76,Cordia scabrifolia,Boraginaceae,797151.9166,9729448.521,10.9,False,O,7,11.3,11.3,feldpausch_regional,0.18,default,-2.0,10.54,11.03,10.9,False,O,11.3,feldpausch,10.540000000000001,11.030414500637347,0.474,23.0846,23.0846,18.3403,21.1162,21.1162,16.7764,
77,Inga alba,Fabaceae,797152.8057,9729450.507,39.5,False,O,7,25.89,25.89,feldpausch_regional,0.18,default,-2.0,39.14,25.76,39.5,False,O,25.89,feldpausch,39.14,25.760779233074746,0.5861,640.0812,640.0812,625.6161,625.6803,625.6803,611.5406,
78,,,797150.4411,9729453.282,11.5,False,O,7,11.75,11.75,feldpausch_regional,0.18,default,-2.0,11.14,11.48,11.5,False,O,11.75,feldpausch,11.14,11.486025455548704,0.5847,26.6256,26.6256,25.9614,24.4741,24.4741,23.8635,
79,Apeiba petoumo,Malvaceae,797152.3089,9729443.99,22.3,False,O,7,18.42,18.42,feldpausch_regional,0.18,default,-2.0,21.94,18.23,22.3,False,O,18.42,feldpausch,21.94,18.228731562011177,0.2822,150.4092,150.4092,72.0473,144.2291,144.2291,69.0869,
80,Lecythis lurida,Lecythidaceae,797152.3757,9729443.219,17.2,False,O,7,15.53,15.53,feldpausch_regional,0.18,default,-2.0,16.84,15.31,17.2,False,O,15.53,feldpausch,16.84,15.31012961987348,0.8633,76.7,76.7,109.4032,72.5805,72.5805,103.5272,
81,Inga marginata,Fabaceae,797152.3924,9729443.026,26.0,False,O,7,20.29,20.29,feldpausch_regional,0.18,default,-2.0,25.64,20.11,26.0,False,O,20.29,feldpausch,25.64,20.115605777331606,0.5518,223.0468,223.0468,205.5414,215.237,215.237,198.3446,
82,Abarema jupunba,Fabaceae,797139.5324,9729444.933,25.9,False,O,7,20.24,20.24,feldpausch_regional,0.18,default,-2.0,25.54,20.07,25.9,False,O,20.24,feldpausch,25.54,20.065197549441685,0.5851,220.8428,220.8428,215.504,213.079,213.079,207.9279,
83,Apeiba petoumo,Malvaceae,797136.6065,9729442.352,15.3,False,O,7,14.34,14.34,feldpausch_regional,0.18,default,-2.0,14.94,14.11,15.3,False,O,14.34,feldpausch,14.940000000000001,14.10731821422537,0.2822,56.4638,56.4638,27.0466,53.0458,53.0458,25.4094,
84,Couratari stellata,Lecythidaceae,797134.1735,9729445.605,14.4,False,O,7,13.76,13.76,feldpausch_regional,0.18,default,-2.0,14.04,13.52,14.4,False,O,13.76,feldpausch,14.040000000000001,13.520564939096525,0.6331,48.181,48.181,50.7769,45.0788,45.0788,47.5075,
1,Inga alba,Fabaceae,797156.5404,9729443.933,20.3,False,O,7,17.33,17.33,feldpausch_regional,0.18,default,-2.0,19.94,17.13,20.3,False,O,17.33,feldpausch,19.94,17.128422670463497,0.5861,117.967,117.967,115.301,112.6244,112.6244,110.0792,
2,Licania canescens,Chrysobalanaceae,797153.4118,9729447.15,14.9,False,O,7,14.08,14.08,feldpausch_regional,0.18,default,-2.0,14.54,13.85,14.9,False,O,14.08,feldpausch,14.540000000000001,13.844437604821394,0.88,52.6692,52.6692,76.5413,49.3937,49.3937,71.7812,
3,Strychnos subcordata,Loganiaceae,797153.8454,9729450.758,11.2,False,O,7,11.53,11.53,feldpausch_regional,0.18,default,-2.0,10.84,11.26,11.2,False,O,11.53,feldpausch,10.84,11.263166132148207,0.6959,24.8245,24.8245,28.6919,22.7645,22.7645,26.311,
4,Lecythis pisonis,Lecythidaceae,797155.9174,9729451.357,10.5,False,O,7,11.0,11.0,feldpausch_regional,0.18,default,-2.0,10.14,10.73,10.5,False,O,11.0,feldpausch,10.14,10.726380861779772,0.857,20.9036,20.9036,29.603,19.0533,19.0533,26.9825,
5,Inga alba,Fabaceae,797160.3394,9729449.179,23.4,False,O,7,18.99,18.99,feldpausch_regional,0.18,default,-2.0,23.04,18.81,23.4,False,O,18.99,feldpausch,23.04,18.804071075318802,0.5861,170.2199,170.2199,166.3731,163.5672,163.5672,159.8708,
6,Guatteria schomburgkiana,Annonaceae,797159.4582,9729446.999,13.6,False,O,7,13.22,13.22,feldpausch_regional,0.18,default,-2.0,13.24,12.98,13.6,False,O,13.22,feldpausch,13.24,12.974393799722383,0.6,41.4429,41.4429,41.4429,38.6153,38.6153,38.6153,
7,Banara guianensis,Salicaceae,797167.7831,9729448.815,11.4,False,O,7,11.67,11.67,feldpausch_regional,0.18,default,-2.0,11.04,11.41,11.4,False,O,11.67,feldpausch,11.040000000000001,11.405237510778715,0.61,26.0016,26.0016,26.4245,23.882,23.882,24.2704,
8,Mayna odorata,Achariaceae,797160.5901,9729446.093,11.7,False,O,7,11.89,11.89,feldpausch_regional,0.18,default,-2.0,11.34,11.63,11.7,False,O,11.89,feldpausch,11.34,11.628010757572445,0.5847,27.8572,27.8572,27.1622,25.6448,25.6448,25.005,
9,Inga alba,Fabaceae,797161.2157,9729451.456,25.7,False,O,7,20.14,20.14,feldpausch_regional,0.18,default,-2.0,25.34,19.97,25.7,False,O,20.14,feldpausch,25.34,19.964373334572795,0.5861,216.4772,216.4772,211.5851,208.8049,208.8049,204.0862,
10,Tapirira guianensis,Anacardiaceae,797162.1411,9729453.155,34.2,False,O,7,23.89,23.89,feldpausch_regional,0.18,default,-2.0,33.84,23.74,34.2,False,O,23.89,feldpausch,33.84,23.745430645917743,0.457,446.7027,446.7027,342.4689,434.9856,434.9856,333.4859,
11,Banara guianensis,Salicaceae,797159.016,9729452.4,10.7,False,O,7,11.15,11.15,feldpausch_regional,0.18,default,-2.0,10.34,10.88,10.7,False,O,11.15,feldpausch,10.34,10.878429139290521,0.61,21.9765,21.9765,22.3339,20.0675,20.0675,20.3939,
12,Inga alba,Fabaceae,797160.0731,9729452.459,29.9,False,O,7,22.09,22.09,feldpausch_regional,0.18,default,-2.0,29.54,21.93,29.9,False,O,22.09,feldpausch,29.54,21.930865161766395,0.5861,318.3507,318.3507,311.1564,308.7254,308.7254,301.7486,
13,Inga thibaudiana,Fabaceae,797156.693,9729454.791,16.3,False,O,7,14.98,14.98,feldpausch_regional,0.18,default,-2.0,15.94,14.75,16.3,False,O,14.98,feldpausch,15.940000000000001,14.75416108478031,0.5786,66.6731,66.6731,64.3468,62.8895,62.8895,60.6953,
14,Inga alba,Fabaceae,797153.6152,9729453.457,10.8,False,O,7,11.23,11.23,feldpausch_regional,0.18,default,-2.0,10.44,10.96,10.8,False,O,11.23,feldpausch,10.440000000000001,10.95930894767477,0.5861,22.5359,22.5359,22.0266,20.5965,20.5965,20.131,
15,Strychnos subcordata,Loganiaceae,797155.5938,9729455.214,20.9,False,O,7,17.67,17.67,feldpausch_regional,0.18,default,-2.0,20.54,17.47,20.9,False,O,17.67,feldpausch,20.54,17.471539634295524,0.6959,127.2592,127.2592,147.0849,121.6668,121.6668,140.6212,
16,Nectandra cuspidata,Lauraceae,797160.9282,9729455.025,14.7,False,O,7,13.95,13.95,feldpausch_regional,0.18,default,-2.0,14.34,13.72,14.7,False,O,13.95,feldpausch,14.34,13.712948981304246,0.518,50.8357,50.8357,44.0432,47.6304,47.6304,41.2662,
17,Pterocarpus sp.,Fabaceae,797154.1023,9729457.746,14.1,False,O,7,13.56,13.56,feldpausch_regional,0.18,default,-2.0,13.74,13.32,14.1,False,O,13.56,feldpausch,13.74,13.31827369396353,0.5838,45.585,45.585,44.3842,42.5865,42.5865,41.4647,
18,Tapirira guianensis,Anacardiaceae,797165.4924,9729464.776,17.7,False,O,7,15.83,15.83,feldpausch_regional,0.18,default,-2.0,17.34,15.62,17.7,False,O,15.83,feldpausch,17.34,15.613304384679866,0.457,82.6414,82.6414,63.3579,78.3313,78.3313,60.0535,
19,Rollinia exsucca,Annonaceae,797163.1349,9729467.552,10.1,False,O,7,10.7,10.7,feldpausch_regional,0.18,default,-2.0,9.74,10.42,10.1,False,O,10.7,feldpausch,9.74,10.422080815603511,0.3748,18.8614,18.8614,11.9144,17.1258,17.1258,10.818,
20,Guatteria schomburgkiana,Annonaceae,797163.1492,9729464.645,10.5,False,O,7,11.0,11.0,feldpausch_regional,0.18,default,-2.0,10.14,10.73,10.5,False,O,11.0,feldpausch,10.14,10.726380861779772,0.6,20.9036,20.9036,20.9036,19.0533,19.0533,19.0533,
21,Guatteria schomburgkiana,Annonaceae,797155.6656,9729467.134,12.4,False,O,7,12.39,12.39,feldpausch_regional,0.18,default,-2.0,12.04,12.13,12.4,False,O,12.39,feldpausch,12.040000000000001,12.13432450561637,0.6,32.4831,32.4831,32.4831,30.0499,30.0499,30.0499,
22,Ocotea canaliculata,Lauraceae,797156.4938,9729470.086,10.5,False,O,7,11.0,11.0,feldpausch_regional,0.18,default,-2.0,10.14,10.73,10.5,False,O,11.0,feldpausch,10.14,10.726380861779772,0.4793,20.9036,20.9036,16.7899,19.0533,19.0533,15.3037,
23,Platymiscium filipes,Fabaceae,797155.6655,9729471.009,32.2,False,O,7,23.07,23.07,feldpausch_regional,0.18,default,-2.0,31.84,22.92,32.2,False,O,23.07,feldpausch,31.840000000000003,22.918950630839454,0.7815,383.8219,383.8219,496.7671,373.0905,373.0905,482.8778,
24,Xylopia nitida,Annonaceae,797158.4203,9729472.811,15.7,False,O,7,14.6,14.6,feldpausch_regional,0.18,default,-2.0,15.34,14.37,15.7,False,O,14.6,feldpausch,15.34,14.370078027679671,0.5483,60.4318,60.4318,55.3474,56.8685,56.8685,52.0839,
25,Xylopia nitida,Annonaceae,797154.1132,9729472.859,11.9,False,O,7,12.03,12.03,feldpausch_regional,0.18,default,-2.0,11.54,11.77,11.9,False,O,12.03,feldpausch,11.540000000000001,11.769939397609964,0.5483,29.1251,29.1251,26.6747,26.8511,26.8511,24.592,
26,Guatteria schomburgkiana,Annonaceae,797155.0235,9729474.848,11.2,False,O,7,11.53,11.53,feldpausch_regional,0.18,default,-2.0,10.84,11.26,11.2,False,O,11.53,feldpausch,10.84,11.263166132148207,0.6,24.8245,24.8245,24.8245,22.7645,22.7645,22.7645,
27,Guatteria schomburgkiana,Annonaceae,797151.807,9729474.667,19.1,False,O,7,16.65,16.65,feldpausch_regional,0.18,default,-2.0,18.74,16.45,19.1,False,O,16.65,feldpausch,18.740000000000002,16.441712399625455,0.6,100.7252,100.7252,100.7252,95.8675,95.8675,95.8675,
28,Xylopia nitida,Annonaceae,797152.3431,9729474.697,30.6,False,O,7,22.39,22.39,feldpausch_regional,0.18,default,-2.0,30.24,22.23,30.6,False,O,22.39,feldpausch,30.240000000000002,22.23342197228025,0.5483,337.4751,337.4751,309.082,327.5175,327.5175,299.9621,
29,Guatteria schomburgkiana,Annonaceae,797151.7248,9729475.631,12.6,False,O,7,12.53,12.53,feldpausch_regional,0.18,default,-2.0,12.24,12.28,12.6,False,O,12.53,feldpausch,12.24,12.276079226857474,0.6,33.8832,33.8832,33.8832,31.3857,31.3857,31.3857,
30,Xylopia nitida,Annonaceae,797159.1414,9729477.212,20.1,False,O,7,17.22,17.22,feldpausch_regional,0.18,default,-2.0,19.74,17.02,20.1,False,O,17.22,feldpausch,19.740000000000002,17.0173108766495,0.5483,114.992,114.992,105.3173,109.7306,109.7306,100.4986,
31,Xylopia nitida,Annonaceae,797155.7772,9729478.766,38.3,False,O,7,25.46,25.46,feldpausch_regional,0.18,default,-2.0,37.94,25.33,38.3,False,O,25.46,feldpausch,37.94,25.327502821012818,0.5483,592.9014,592.9014,543.0183,579.115,579.115,530.3918,
32,Xylopia sp.,Annonaceae,797151.4782,9729478.523,17.8,False,O,7,15.89,15.89,feldpausch_regional,0.18,default,-2.0,17.44,15.68,17.8,False,O,15.89,feldpausch,17.44,15.673921658561875,0.5959,83.8644,83.8644,83.3073,79.5157,79.5157,78.9875,
33,Guatteria schomburgkiana,Annonaceae,797151.4618,9729478.716,17.5,False,O,7,15.71,15.71,feldpausch_regional,0.18,default,-2.0,17.14,15.49,17.5,False,O,15.71,feldpausch,17.14,15.492052454653425,0.6,80.2304,80.2304,80.2304,75.9969,75.9969,75.9969,
34,Byrsonima spicata,Malpighiaceae,797158.9238,9729479.913,16.9,False,O,7,15.35,15.35,feldpausch_regional,0.18,default,-2.0,16.54,15.13,16.9,False,O,15.35,feldpausch,16.54,15.12815035654019,0.6137,73.2719,73.2719,74.9004,69.2649,69.2649,70.8043,
35,Xylopia nitida,Annonaceae,797160.769,9729483.893,14.7,False,O,7,13.95,13.95,feldpausch_regional,0.18,default,-2.0,14.34,13.72,14.7,False,O,13.95,feldpausch,14.34,13.712948981304246,0.5483,50.8357,50.8357,46.5587,47.6304,47.6304,43.6231,
36,Strychnos subcordata,Loganiaceae,797161.6314,9729483.942,12.8,False,O,7,12.67,12.67,feldpausch_regional,0.18,default,-2.0,12.44,12.42,12.8,False,O,12.67,feldpausch,12.440000000000001,12.417788319260666,0.6959,35.3219,35.3219,40.8247,32.7595,32.7595,37.8631,
37,Guatteria schomburgkiana,Annonaceae,797159.4599,9729486.726,13.9,False,O,7,13.42,13.42,feldpausch_regional,0.18,default,-2.0,13.54,13.18,13.9,False,O,13.42,feldpausch,13.540000000000001,13.176821729950944,0.6,43.8846,43.8846,43.8846,40.9558,40.9558,40.9558,
38,Banara guianensis,Salicaceae,797155.0288,9729487.831,10.1,False,O,7,10.7,10.7,feldpausch_regional,0.18,default,-2.0,9.74,10.42,10.1,False,O,10.7,feldpausch,9.74,10.422080815603511,0.61,18.8614,18.8614,19.1682,17.1258,17.1258,17.4043,
39,Strychnos subcordata,Loganiaceae,797152.5921,9729490.986,21.0,False,O,7,17.72,17.72,feldpausch_regional,0.18,default,-2.0,20.64,17.52,21.0,False,O,17.72,feldpausch,20.64,17.522119502180754,0.6959,128.8052,128.8052,148.8717,123.1727,123.1727,142.3618,
40,Xylopia nitida,Annonaceae,797155.9833,9729489.436,22.2,False,O,7,18.37,18.37,feldpausch_regional,0.18,default,-2.0,21.84,18.18,22.2,False,O,18.37,feldpausch,21.84,18.17820545278476,0.5483,148.7004,148.7004,136.1897,142.5619,142.5619,130.5676,
41,Strychnos subcordata,Loganiaceae,797165.7198,9729489.99,18.4,False,O,7,16.25,16.25,feldpausch_regional,0.18,default,-2.0,18.04,16.03,18.4,False,O,16.25,feldpausch,18.04,16.037509453113827,0.6959,91.4488,91.4488,105.6956,86.8656,86.8656,100.3984,
42,Inga alba,Fabaceae,797163.7796,9729486.972,11.5,False,O,7,11.75,11.75,feldpausch_regional,0.18,default,-2.0,11.14,11.48,11.5,False,O,11.75,feldpausch,11.14,11.486025455548704,0.5861,26.6256,26.6256,26.0239,24.4741,24.4741,23.921,
43,Xylopia nitida,Annonaceae,797168.8941,9729491.14,19.3,False,O,7,16.77,16.77,feldpausch_regional,0.18,default,-2.0,18.94,16.56,19.3,False,O,16.77,feldpausch,18.94,16.56279608301031,0.5483,103.5173,103.5173,94.808,98.5782,98.5782,90.2844,
44,Xylopia nitida,Annonaceae,797174.3405,9729490.966,14.6,False,O,7,13.89,13.89,feldpausch_regional,0.18,default,-2.0,14.24,13.65,14.6,False,O,13.89,feldpausch,14.24,13.652106386641979,0.5483,49.9522,49.9522,45.7495,46.7807,46.7807,42.8449,
45,Xylopia nitida,Annonaceae,797171.2829,9729488.174,31.5,False,O,7,22.78,22.78,feldpausch_regional,0.18,default,-2.0,31.14,22.62,31.5,False,O,22.78,feldpausch,31.14,22.6265393545077,0.5483,363.1912,363.1912,332.6345,352.7978,352.7978,323.1156,
46,Sapium marmieri,Euphorbiaceae,797163.9285,9729485.042,10.1,False,O,7,10.7,10.7,feldpausch_regional,0.18,default,-2.0,9.74,10.42,10.1,False,O,10.7,feldpausch,9.74,10.422080815603511,0.41,18.8614,18.8614,13.007,17.1258,17.1258,11.8101,
47,Inga alba,Fabaceae,797164.003,9729484.077,13.2,False,O,7,12.95,12.95,feldpausch_regional,0.18,default,-2.0,12.84,12.7,13.2,False,O,12.95,feldpausch,12.84,12.701077780635362,0.5861,38.3174,38.3174,37.4515,35.6228,35.6228,34.8178,
48,Xylopia nitida,Annonaceae,797165.0071,9729485.103,14.4,False,O,7,13.76,13.76,feldpausch_regional,0.18,default,-2.0,14.04,13.52,14.4,False,O,13.76,feldpausch,14.040000000000001,13.520564939096525,0.5483,48.181,48.181,44.1273,45.0788,45.0788,41.2861,
49,Guatteria schomburgkiana,Annonaceae,797166.6283,9729482.287,11.3,False,O,7,11.6,11.6,feldpausch_regional,0.18,default,-2.0,10.94,11.33,11.3,False,O,11.6,feldpausch,10.940000000000001,11.334209651177257,0.6,25.4086,25.4086,25.4086,23.3189,23.3189,23.3189,
50,Guatteria schomburgkiana,Annonaceae,797166.5206,9729482.281,11.9,False,O,7,12.03,12.03,feldpausch_regional,0.18,default,-2.0,11.54,11.77,11.9,False,O,12.03,feldpausch,11.540000000000001,11.769939397609964,0.6,29.1251,29.1251,29.1251,26.8511,26.8511,26.8511,
51,Xylopia nitida,Annonaceae,797163.1503,9729481.121,17.7,False,O,7,15.83,15.83,feldpausch_regional,0.18,default,-2.0,17.34,15.62,17.7,False,O,15.83,feldpausch,17.34,15.613304384679866,0.5483,82.6414,82.6414,75.6885,78.3313,78.3313,71.741,
52,Strychnos subcordata,Loganiaceae,797169.5568,9729482.162,13.1,False,O,7,12.88,12.88,feldpausch_regional,0.18,default,-2.0,12.74,12.63,13.1,False,O,12.88,feldpausch,12.74,12.630270902047103,0.6959,37.5536,37.5536,43.4041,34.8923,34.8923,40.3282,
53,Apeiba petoumo,Malvaceae,797177.2916,9729476.587,13.3,False,O,7,13.02,13.02,feldpausch_regional,0.18,default,-2.0,12.94,12.77,13.3,False,O,13.02,feldpausch,12.940000000000001,12.771874715997479,0.2822,39.0912,39.0912,18.725,36.3631,36.3631,17.4182,
54,Xylopia nitida,Annonaceae,797176.6425,9729473.545,19.5,False,O,7,16.88,16.88,feldpausch_regional,0.18,default,-2.0,19.14,16.68,19.5,False,O,16.88,feldpausch,19.14,16.673983990177966,0.5483,106.2977,106.2977,97.3544,101.2796,101.2796,92.7585,
55,Banara guianensis,Salicaceae,797162.7561,9729472.376,15.1,False,O,7,14.21,14.21,feldpausch_regional,0.18,default,-2.0,14.74,13.98,15.1,False,O,14.21,feldpausch,14.74,13.975893597095732,0.61,54.5451,54.5451,55.4322,51.1986,51.1986,52.0313,
56,Xylopia nitida,Annonaceae,797171.4594,9729470.926,17.2,False,O,7,15.53,15.53,feldpausch_regional,0.18,default,-2.0,16.84,15.31,17.2,False,O,15.53,feldpausch,16.84,15.31012961987348,0.5483,76.7,76.7,70.247,72.5805,72.5805,66.474,
57,Inga alba,Fabaceae,797172.5284,9729470.986,50.2,False,O,7,29.34,29.34,feldpausch_regional,0.18,default,-2.0,49.84,29.23,50.2,False,O,29.34,feldpausch,49.84,29.235356304201318,0.5861,1154.7166,1154.7166,1128.6213,1134.6439,1134.6439,1109.0022,
58,,,797165.269,9729467.671,26.0,True,O,7,20.29,20.29,feldpausch_regional,0.18,default,-2.0,25.64,20.11,26.0,True,O,20.29,feldpausch,25.64,20.115605777331606,0.5847,223.0468,159.7213,159.7213,215.237,154.2359,154.2359,
59,Nectandra cuspidata,Lauraceae,797166.373,9729467.249,16.0,False,O,7,14.79,14.79,feldpausch_regional,0.18,default,-2.0,15.64,14.56,16.0,False,O,14.79,feldpausch,15.64,14.562150985682587,0.518,63.5026,63.5026,55.0177,59.83,59.83,51.8357,
60,Banara guianensis,Salicaceae,797167.4543,9729467.115,10.0,False,O,7,10.62,10.62,feldpausch_regional,0.18,default,-2.0,9.64,10.34,10.0,False,O,10.62,feldpausch,9.64,10.341091793253828,0.61,18.3636,18.3636,18.6623,16.657,16.657,16.9279,
61,Strychnos subcordata,Loganiaceae,797169.5731,9729467.428,19.4,False,O,7,16.83,16.83,feldpausch_regional,0.18,default,-2.0,19.04,16.62,19.4,False,O,16.83,feldpausch,19.04,16.623331207310667,0.6959,104.932,104.932,121.2793,99.952,99.952,115.5235,
62,Xylopia nitida,Annonaceae,797169.681,9729465.98,37.3,False,O,7,25.09,25.09,feldpausch_regional,0.18,default,-2.0,36.94,24.95,37.3,False,O,25.09,feldpausch,36.94,24.954696957611006,0.5483,555.0716,555.0716,508.3712,541.7953,541.7953,496.212,
63,Oenocarpus bacaba,Arecaceae,797173.9301,9729466.411,18.4,False,P,7,16.25,16.25,feldpausch_regional,0.18,default,-2.0,18.04,16.03,18.4,False,P,16.25,feldpausch,18.04,16.037509453113827,0.65,91.4488,56.5816,56.5816,86.8656,53.591,53.591,
64,Xylopia nitida,Annonaceae,797175.2158,9729463.381,20.2,False,O,7,17.28,17.28,feldpausch_regional,0.18,default,-2.0,19.84,17.08,20.2,False,O,17.28,feldpausch,19.84,17.07781055505458,0.5483,116.5063,116.5063,106.7041,111.2028,111.2028,101.8469,
65,Xylopia nitida,Annonaceae,797171.9749,9729463.878,10.5,False,O,7,11.0,11.0,feldpausch_regional,0.18,default,-2.0,10.14,10.73,10.5,False,O,11.0,feldpausch,10.14,10.726380861779772,0.5483,20.9036,20.9036,19.1449,19.0533,19.0533,17.4502,
66,Euterpe oleracea,Arecaceae,797162.4346,9729462.861,10.5,False,P,7,11.0,11.0,feldpausch_regional,0.18,default,-2.0,10.14,10.73,10.5,False,P,11.0,feldpausch,10.14,10.726380861779772,0.3877,20.9036,12.1091,12.1091,19.0533,11.002,11.002,
67,Cecropia palmata,Urticaceae,797175.3532,9729461.449,15.8,False,O,7,14.66,14.66,feldpausch_regional,0.18,default,-2.0,15.44,14.43,15.8,False,O,14.66,feldpausch,15.440000000000001,14.43082832275704,0.3404,61.4308,61.4308,35.327,57.832,57.832,33.2574,
68,Xylopia nitida,Annonaceae,797174.4293,9729459.459,25.2,False,O,7,19.9,19.9,feldpausch_regional,0.18,default,-2.0,24.84,19.72,25.2,False,O,19.9,feldpausch,24.84,19.72217678249784,0.5483,205.9089,205.9089,188.585,198.4598,198.4598,181.7626,
69,Matayba guianensis,Sapindaceae,797167.4435,9729453.255,10.1,False,O,7,10.7,10.7,feldpausch_regional,0.18,default,-2.0,9.74,10.42,10.1,False,O,10.7,feldpausch,9.74,10.422080815603511,0.82,18.8614,18.8614,25.5848,17.1258,17.1258,23.2305,
70,Byrsonima spicata,Malpighiaceae,797169.522,9729453.854,16.9,False,O,7,15.35,15.35,feldpausch_regional,0.18,default,-2.0,16.54,15.13,16.9,False,O,15.35,feldpausch,16.54,15.12815035654019,0.6137,73.2719,73.2719,74.9004,69.2649,69.2649,70.8043,
71,Xylopia sp.,Annonaceae,797167.6354,9729450.745,11.7,False,O,7,11.89,11.89,feldpausch_regional,0.18,default,-2.0,11.34,11.63,11.7,False,O,11.89,feldpausch,11.34,11.628010757572445,0.5959,27.8572,27.8572,27.6721,25.6448,25.6448,25.4744,
72,Strychnos subcordata,Loganiaceae,797169.8484,9729449.511,11.9,False,O,7,12.03,12.03,feldpausch_regional,0.18,default,-2.0,11.54,11.77,11.9,False,O,12.03,feldpausch,11.540000000000001,11.769939397609964,0.6959,29.1251,29.1251,33.6625,26.8511,26.8511,31.0342,
73,Guatteria schomburgkiana,Annonaceae,797168.8668,9729448.487,12.6,False,O,7,12.53,12.53,feldpausch_regional,0.18,default,-2.0,12.24,12.28,12.6,False,O,12.53,feldpausch,12.24,12.276079226857474,0.6,33.8832,33.8832,33.8832,31.3857,31.3857,31.3857,
74,Inga alba,Fabaceae,797175.9713,9729452.757,16.0,False,O,7,14.79,14.79,feldpausch_regional,0.18,default,-2.0,15.64,14.56,16.0,False,O,14.79,feldpausch,15.64,14.562150985682587,0.5861,63.5026,63.5026,62.0676,59.83,59.83,58.4779,
75,Guatteria schomburgkiana,Annonaceae,797178.2465,9729450.556,18.6,False,O,7,16.36,16.36,feldpausch_regional,0.18,default,-2.0,18.24,16.15,18.6,False,O,16.36,feldpausch,18.240000000000002,16.148792440489622,0.6,94.0161,94.0161,94.0161,89.3564,89.3564,89.3564,
76,Inga alba,Fabaceae,797177.9976,9729449.573,28.1,False,O,7,21.28,21.28,feldpausch_regional,0.18,default,-2.0,27.74,21.11,28.1,False,O,21.28,feldpausch,27.740000000000002,21.114098440195708,0.5861,271.9166,271.9166,265.7716,263.1403,263.1403,257.1936,
77,Cassia fastuosa,Fabaceae,797175.1918,9729448.836,21.4,False,O,7,17.94,17.94,feldpausch_regional,0.18,default,-2.0,21.04,17.74,21.4,False,O,17.94,feldpausch,21.04,17.744174084088684,0.805,135.2568,135.2568,180.194,129.4567,129.4567,172.4668,
78,Cassia fastuosa,Fabaceae,797179.4085,9729449.069,22.0,False,O,7,18.26,18.26,feldpausch_regional,0.18,default,-2.0,21.64,18.07,22.0,False,O,18.26,feldpausch,21.64,18.067246632339895,0.805,145.2428,145.2428,193.4976,139.1904,139.1904,185.4345,
80,Inga alba,Fabaceae,797178.5566,9729446.113,16.0,False,O,7,14.79,14.79,feldpausch_regional,0.18,default,-2.0,15.64,14.56,16.0,False,O,14.79,feldpausch,15.64,14.562150985682587,0.5861,63.5026,63.5026,62.0676,59.83,59.83,58.4779,
81,Cassia fastuosa,Fabaceae,797178.4986,9729445.431,17.6,False,O,7,15.77,15.77,feldpausch_regional,0.18,default,-2.0,17.24,15.55,17.6,False,O,15.77,feldpausch,17.240000000000002,15.55268134894128,0.805,81.4301,81.4301,108.4842,77.1584,77.1584,102.7932,
82,Nectandra cuspidata,Lauraceae,797171.234,9729445.128,19.6,False,O,7,16.94,16.94,feldpausch_regional,0.18,default,-2.0,19.24,16.73,19.6,False,O,16.94,feldpausch,19.240000000000002,16.734509659584937,0.518,107.7368,107.7368,93.3414,102.6775,102.6775,88.9581,
83,Inga alba,Fabaceae,797167.1159,9729443.739,14.5,False,O,7,13.82,13.82,feldpausch_regional,0.18,default,-2.0,14.14,13.58,14.5,False,O,13.82,feldpausch,14.14,13.581426401191216,0.5861,49.0441,49.0441,47.9358,45.9085,45.9085,44.871,
84,Inga alba,Fabaceae,797167.3262,9729443.75,16.2,False,O,7,14.91,14.91,feldpausch_regional,0.18,default,-2.0,15.84,14.69,16.2,False,O,14.91,feldpausch,15.84,14.683599054839801,0.5861,65.5765,65.5765,64.0945,61.8317,61.8317,60.4344,
85,Eschweilera coriacea,Lecythidaceae,797161.8527,9729443.546,15.0,False,O,7,14.15,14.15,feldpausch_regional,0.18,default,-2.0,14.64,13.91,15.0,False,O,14.15,feldpausch,14.64,13.915086591517273,0.8521,53.6203,53.6203,75.5099,50.3082,50.3082,70.8458,
86,Eschweilera coriacea,Lecythidaceae,797161.9579,9729443.552,11.4,False,O,7,11.67,11.67,feldpausch_regional,0.18,default,-2.0,11.04,11.41,11.4,False,O,11.67,feldpausch,11.040000000000001,11.405237510778715,0.8521,26.0016,26.0016,36.6163,23.882,23.882,33.6314,
87,Guatteria schomburgkiana,Annonaceae,797159.7583,9729443.334,32.6,False,O,7,23.24,23.24,feldpausch_regional,0.18,default,-2.0,32.24,23.09,32.6,False,O,23.24,feldpausch,32.24,23.09026151631663,0.6,396.0116,396.0116,396.0116,385.083,385.083,385.083,
1,Tapirira guianensis,Anacardiaceae,797785.1735,9727570.859,6.2,False,O,8,7.45,7.45,feldpausch_regional,0.18,default,-2.0,5.84,7.12,6.2,False,O,7.45,feldpausch,5.84,7.120127392891332,0.457,5.1102,5.1102,3.9177,4.3504,4.3504,3.3353,
2,Siparuna decipiens,Siparunaceae,797785.1876,9727570.758,5.5,False,O,8,6.81,6.81,feldpausch_regional,0.18,default,-2.0,5.14,6.46,5.5,False,O,6.81,feldpausch,5.14,6.4670554896766355,0.6405,3.7051,3.7051,3.949,3.0868,3.0868,3.29,
3,Banara guianensis,Salicaceae,797780.5207,9727571.622,8.4,False,O,8,9.35,9.35,feldpausch_regional,0.18,default,-2.0,8.04,9.05,8.4,False,O,9.35,feldpausch,8.040000000000001,9.052347890361588,0.61,11.5389,11.5389,11.7266,10.2641,10.2641,10.431,
4,Cordia scabrifolia,Boraginaceae,797781.3414,9727572.233,10.2,False,O,8,10.78,10.78,feldpausch_regional,0.18,default,-2.0,9.84,10.5,10.2,False,O,10.78,feldpausch,9.84,10.503054040815368,0.474,19.368,19.368,15.3875,17.6032,17.6032,13.9854,
5,Inga alba,Fabaceae,797790.1971,9727570.957,26.0,False,O,8,20.29,20.29,feldpausch_regional,0.18,default,-2.0,25.64,20.11,26.0,False,O,20.29,feldpausch,25.64,20.115605777331606,0.5861,223.0468,223.0468,218.0062,215.237,215.237,210.3729,
6,Inga alba,Fabaceae,797790.4943,9727570.994,21.1,False,O,8,17.78,17.78,feldpausch_regional,0.18,default,-2.0,20.74,17.58,21.1,False,O,17.78,feldpausch,20.740000000000002,17.582583614354764,0.5861,130.4348,130.4348,127.4871,124.7591,124.7591,121.9396,
7,,,797792.375,9727569.684,14.1,False,O,8,13.56,13.56,feldpausch_regional,0.18,default,-2.0,13.74,13.32,14.1,False,O,13.56,feldpausch,13.74,13.31827369396353,0.5847,45.585,45.585,44.4478,42.5865,42.5865,41.5241,
8,Tapirira guianensis,Anacardiaceae,797789.8158,9727566.3,10.7,False,O,8,11.15,11.15,feldpausch_regional,0.18,default,-2.0,10.34,10.88,10.7,False,O,11.15,feldpausch,10.34,10.878429139290521,0.457,21.9765,21.9765,16.8485,20.0675,20.0675,15.3849,
9,Inga alba,Fabaceae,797791.3534,9727573.662,22.3,False,O,8,18.42,18.42,feldpausch_regional,0.18,default,-2.0,21.94,18.23,22.3,False,O,18.42,feldpausch,21.94,18.228731562011177,0.5861,150.4092,150.4092,147.0101,144.2291,144.2291,140.9697,
10,Cecropia ficifolia,Urticaceae,797792.3259,9727577.884,16.8,False,O,8,15.29,15.29,feldpausch_regional,0.18,default,-2.0,16.44,15.06,16.8,False,O,15.29,feldpausch,16.44,15.067477550109134,0.266,72.1516,72.1516,32.6178,68.1818,68.1818,30.8232,
11,,,797785.497,9727583.189,22.6,False,O,8,18.58,18.58,feldpausch_regional,0.18,default,-2.0,22.24,18.39,22.6,False,O,18.58,feldpausch,22.240000000000002,18.39018403683091,0.5847,155.693,155.693,151.8089,149.3839,149.3839,145.6572,
12,,,797785.6573,9727583.517,14.0,False,O,8,13.49,13.49,feldpausch_regional,0.18,default,-2.0,13.64,13.25,14.0,False,O,13.49,feldpausch,13.64,13.247551872280896,0.5847,44.7295,44.7295,43.6136,41.766,41.766,40.724,
13,,,797785.5426,9727583.605,23.2,False,O,8,18.89,18.89,feldpausch_regional,0.18,default,-2.0,22.84,18.7,23.2,False,O,18.89,feldpausch,22.84,18.703095477464036,0.5847,166.5312,166.5312,162.3767,159.9643,159.9643,155.9736,
14,,,797785.7168,9727583.832,11.4,False,O,8,11.67,11.67,feldpausch_regional,0.18,default,-2.0,11.04,11.41,11.4,False,O,11.67,feldpausch,11.040000000000001,11.405237510778715,0.5847,26.0016,26.0016,25.3529,23.882,23.882,23.2862,
15,Zanthoxylum rhoifolium,Rutaceae,797785.8728,9727583.441,16.1,False,O,8,14.85,14.85,feldpausch_regional,0.18,default,-2.0,15.74,14.62,16.1,False,O,14.85,feldpausch,15.740000000000002,14.622878814173308,0.5692,64.5342,64.5342,61.3042,60.8255,60.8255,57.7811,
16,Banara guianensis,Salicaceae,797788.3884,9727584.576,10.1,False,O,8,10.7,10.7,feldpausch_regional,0.18,default,-2.0,9.74,10.42,10.1,False,O,10.7,feldpausch,9.74,10.422080815603511,0.61,18.8614,18.8614,19.1682,17.1258,17.1258,17.4043,
17,Vismia guianensis,Hypericaceae,797789.332,9727585.207,12.6,False,O,8,12.53,12.53,feldpausch_regional,0.18,default,-2.0,12.24,12.28,12.6,False,O,12.53,feldpausch,12.24,12.276079226857474,0.475,33.8832,33.8832,26.975,31.3857,31.3857,24.9867,
18,Banara guianensis,Salicaceae,797790.3804,9727593.036,17.8,False,O,8,15.89,15.89,feldpausch_regional,0.18,default,-2.0,17.44,15.68,17.8,False,O,15.89,feldpausch,17.44,15.673921658561875,0.61,83.8644,83.8644,85.2283,79.5157,79.5157,80.8089,
19,Xylopia amazonica,Annonaceae,797787.1826,9727593.655,21.8,False,O,8,18.15,18.15,feldpausch_regional,0.18,default,-2.0,21.44,17.96,21.8,False,O,18.15,feldpausch,21.44,17.956273582240566,0.787,141.8376,141.8376,184.8362,135.8709,135.8709,177.0607,
20,Banara guianensis,Salicaceae,797789.154,9727597.704,12.3,False,O,8,12.32,12.32,feldpausch_regional,0.18,default,-2.0,11.94,12.06,12.3,False,O,12.32,feldpausch,11.940000000000001,12.063429349784986,0.61,31.7974,31.7974,32.3145,29.396,29.396,29.8741,
21,Banara guianensis,Salicaceae,797784.7814,9727596.015,11.4,False,O,8,11.67,11.67,feldpausch_regional,0.18,default,-2.0,11.04,11.41,11.4,False,O,11.67,feldpausch,11.040000000000001,11.405237510778715,0.61,26.0016,26.0016,26.4245,23.882,23.882,24.2704,
22,Strychnos subcordata,Loganiaceae,797779.6205,9727595.559,8.8,False,O,8,9.68,9.68,feldpausch_regional,0.18,default,-2.0,8.44,9.38,8.8,False,O,9.68,feldpausch,8.440000000000001,9.38719358459114,0.6959,13.0709,13.0709,15.1072,11.6917,11.6917,13.5131,
23,Cecropia ficifolia,Urticaceae,797776.8766,9727596.435,20.8,False,O,8,17.61,17.61,feldpausch_regional,0.18,default,-2.0,20.44,17.41,20.8,False,O,17.61,feldpausch,20.44,17.41106794193607,0.266,125.6555,125.6555,56.8055,120.1061,120.1061,54.2968,
24,Cecropia ficifolia,Urticaceae,797776.9647,9727596.549,12.6,False,O,8,12.53,12.53,feldpausch_regional,0.18,default,-2.0,12.24,12.28,12.6,False,O,12.53,feldpausch,12.24,12.276079226857474,0.266,33.8832,33.8832,15.3177,31.3857,31.3857,14.1887,
25,Banara guianensis,Salicaceae,797777.3028,9727597.104,10.4,False,O,8,10.93,10.93,feldpausch_regional,0.18,default,-2.0,10.04,10.65,10.4,False,O,10.93,feldpausch,10.040000000000001,10.655206304765878,0.61,20.3893,20.3893,20.7209,18.5672,18.5672,18.8691,
26,Guatteria schomburgkiana,Annonaceae,797785.8428,9727603.743,13.8,False,O,8,13.36,13.36,feldpausch_regional,0.18,default,-2.0,13.44,13.11,13.8,False,O,13.36,feldpausch,13.440000000000001,13.11590038072233,0.6,43.0816,43.0816,43.0816,40.1853,40.1853,40.1853,
27,Cecropia ficifolia,Urticaceae,797776.3338,9727603.736,10.8,False,O,8,11.23,11.23,feldpausch_regional,0.18,default,-2.0,10.44,10.96,10.8,False,O,11.23,feldpausch,10.440000000000001,10.95930894767477,0.266,22.5359,22.5359,10.1879,20.5965,20.5965,9.3111,
28,Cecropia ficifolia,Urticaceae,797780.9401,9727601.056,18.0,False,O,8,16.01,16.01,feldpausch_regional,0.18,default,-2.0,17.64,15.8,18.0,False,O,16.01,feldpausch,17.64,15.795139296795606,0.266,86.3453,86.3453,39.0344,81.919,81.919,37.0334,
29,Zanthoxylum rhoifolium,Rutaceae,797782.3171,9727606.361,11.8,False,O,8,11.96,11.96,feldpausch_regional,0.18,default,-2.0,11.44,11.7,11.8,False,O,11.96,feldpausch,11.440000000000001,11.698981982587213,0.5692,28.4866,28.4866,27.0608,26.2434,26.2434,24.9299,
30,Xylopia amazonica,Annonaceae,797785.3069,9727607.778,12.9,False,O,8,12.74,12.74,feldpausch_regional,0.18,default,-2.0,12.54,12.49,12.9,False,O,12.74,feldpausch,12.540000000000001,12.488626407215895,0.787,36.056,36.056,46.9865,33.4608,33.4608,43.6045,
31,Dimorphandra macrostachya,Fabaceae,797793.6239,9727609.072,22.4,False,O,8,18.47,18.47,feldpausch_regional,0.18,default,-2.0,22.04,18.28,22.4,False,O,18.47,feldpausch,22.04,18.279253688104635,0.695,152.1306,152.1306,175.5974,145.9087,145.9087,168.4158,
32,Tapirira guianensis,Anacardiaceae,797786.3496,9727607.914,13.6,False,O,8,13.22,13.22,feldpausch_regional,0.18,default,-2.0,13.24,12.98,13.6,False,O,13.22,feldpausch,13.24,12.974393799722383,0.457,41.4429,41.4429,31.7726,38.6153,38.6153,29.6048,
33,Trattinnickia burserifolia,Burseraceae,797787.9161,9727612.227,19.8,False,O,8,17.05,17.05,feldpausch_regional,0.18,default,-2.0,19.44,16.85,19.8,False,O,17.05,feldpausch,19.44,16.84566814870777,0.46,110.5896,110.5896,85.3277,105.4504,105.4504,81.3625,
34,Zanthoxylum rhoifolium,Rutaceae,797778.6231,9727609.977,12.4,False,O,8,12.39,12.39,feldpausch_regional,0.18,default,-2.0,12.04,12.13,12.4,False,O,12.39,feldpausch,12.040000000000001,12.13432450561637,0.5692,32.4831,32.4831,30.8573,30.0499,30.0499,28.5458,
35,Vismia guianensis,Hypericaceae,797779.9826,9727613.232,15.0,False,O,8,14.15,14.15,feldpausch_regional,0.18,default,-2.0,14.64,13.91,15.0,False,O,14.15,feldpausch,14.64,13.915086591517273,0.475,53.6203,53.6203,42.6881,50.3082,50.3082,40.0513,
36,Vismia guianensis,Hypericaceae,797779.3879,9727612.128,6.1,False,O,8,7.36,7.36,feldpausch_regional,0.18,default,-2.0,5.74,7.03,6.1,False,O,7.36,feldpausch,5.739999999999999,7.028355955041076,0.475,4.8921,4.8921,3.8947,4.1532,4.1532,3.3065,
37,Cordia scabrifolia,Boraginaceae,797777.1442,9727612.857,7.4,False,O,8,8.51,8.51,feldpausch_regional,0.18,default,-2.0,7.04,8.2,7.4,False,O,8.51,feldpausch,7.04,8.198865428237733,0.474,8.2189,8.2189,6.5297,7.1903,7.1903,5.7126,
38,Byrsonima spicata,Malpighiaceae,797794.3277,9727612.044,11.5,False,O,8,11.75,11.75,feldpausch_regional,0.18,default,-2.0,11.14,11.48,11.5,False,O,11.75,feldpausch,11.14,11.486025455548704,0.6137,26.6256,26.6256,27.2174,24.4741,24.4741,25.018,
39,Zanthoxylum rhoifolium,Rutaceae,797799.1635,9727616.285,13.7,False,O,8,13.29,13.29,feldpausch_regional,0.18,default,-2.0,13.34,13.04,13.7,False,O,13.29,feldpausch,13.34,13.045151535255012,0.5692,42.2571,42.2571,40.1421,39.3952,39.3952,37.4234,
40,Vismia guianensis,Hypericaceae,797794.9334,9727606.98,11.1,False,O,8,11.45,11.45,feldpausch_regional,0.18,default,-2.0,10.74,11.18,11.1,False,O,11.45,feldpausch,10.74,11.182340299273735,0.475,24.2284,24.2284,19.2887,22.1998,22.1998,17.6737,
41,Guatteria schomburgkiana,Annonaceae,797794.9576,9727606.778,14.2,False,O,8,13.62,13.62,feldpausch_regional,0.18,default,-2.0,13.84,13.38,14.2,False,O,13.62,feldpausch,13.84,13.379164192092759,0.6,46.4178,46.4178,46.4178,43.3863,43.3863,43.3863,
42,Inga alba,Fabaceae,797795.1756,9727604.955,32.2,False,O,8,23.07,23.07,feldpausch_regional,0.18,default,-2.0,31.84,22.92,32.2,False,O,23.07,feldpausch,31.840000000000003,22.918950630839454,0.5861,383.8219,383.8219,375.148,373.0905,373.0905,364.659,
43,Cordia scabrifolia,Boraginaceae,797796.9309,9727599.011,10.1,False,O,8,10.7,10.7,feldpausch_regional,0.18,default,-2.0,9.74,10.42,10.1,False,O,10.7,feldpausch,9.74,10.422080815603511,0.474,18.8614,18.8614,14.9851,17.1258,17.1258,13.6062,
44,Inga sp.,Fabaceae,797796.2659,9727595.84,28.0,False,O,8,21.23,21.23,feldpausch_regional,0.18,default,-2.0,27.64,21.06,28.0,False,O,21.23,feldpausch,27.64,21.06374041058077,0.5786,269.4116,269.4116,260.0116,260.6835,260.6835,251.588,
45,Guatteria schomburgkiana,Annonaceae,797793.7453,9727590.998,15.0,False,O,8,14.15,14.15,feldpausch_regional,0.18,default,-2.0,14.64,13.91,15.0,False,O,14.15,feldpausch,14.64,13.915086591517273,0.6,53.6203,53.6203,53.6203,50.3082,50.3082,50.3082,
46,Dimorphandra macrostachya,Fabaceae,797802.0022,9727591.014,34.9,False,O,8,24.17,24.17,feldpausch_regional,0.18,default,-2.0,34.54,24.02,34.9,False,O,24.17,feldpausch,34.54,24.027591910783933,0.695,470.039,470.039,542.5446,457.9722,457.9722,528.6164,
47,Inga sp.,Fabaceae,797801.4706,9727586.624,13.2,False,O,8,12.95,12.95,feldpausch_regional,0.18,default,-2.0,12.84,12.7,13.2,False,O,12.95,feldpausch,12.84,12.701077780635362,0.5786,38.3174,38.3174,36.9805,35.6228,35.6228,34.3799,
48,Banara guianensis,Salicaceae,797797.7413,9727587.802,10.0,False,O,8,10.62,10.62,feldpausch_regional,0.18,default,-2.0,9.64,10.34,10.0,False,O,10.62,feldpausch,9.64,10.341091793253828,0.61,18.3636,18.3636,18.6623,16.657,16.657,16.9279,
49,Cecropia ficifolia,Urticaceae,797797.8618,9727586.789,10.2,False,O,8,10.78,10.78,feldpausch_regional,0.18,default,-2.0,9.84,10.5,10.2,False,O,10.78,feldpausch,9.84,10.503054040815368,0.266,19.368,19.368,8.7557,17.6032,17.6032,7.9579,
50,Apeiba petoumo,Malvaceae,797800.6821,9727584.571,12.9,False,O,8,12.74,12.74,feldpausch_regional,0.18,default,-2.0,12.54,12.49,12.9,False,O,12.74,feldpausch,12.540000000000001,12.488626407215895,0.2822,36.056,36.056,17.2711,33.4608,33.4608,16.028,
51,Guatteria schomburgkiana,Annonaceae,797797.8407,9727582.675,14.9,False,O,8,14.08,14.08,feldpausch_regional,0.18,default,-2.0,14.54,13.85,14.9,False,O,14.08,feldpausch,14.540000000000001,13.844437604821394,0.6,52.6692,52.6692,52.6692,49.3937,49.3937,49.3937,
52,Cecropia ficifolia,Urticaceae,797800.8574,9727583.05,,False,O,8,,,feldpausch_regional,0.18,default,-2.0,,,,False,O,,feldpausch,,,0.266,,,,,,,
53,Dimorphandra macrostachya,Fabaceae,797802.8442,9727574.552,26.6,False,O,8,20.58,20.58,feldpausch_regional,0.18,default,-2.0,26.24,20.4,26.6,False,O,20.58,feldpausch,26.240000000000002,20.408086150022772,0.695,236.4571,236.4571,272.9316,228.3732,228.3732,263.6008,
54,Xylopia amazonica,Annonaceae,797804.4647,9727569.091,13.9,False,O,8,13.42,13.42,feldpausch_regional,0.18,default,-2.0,13.54,13.18,13.9,False,O,13.42,feldpausch,13.540000000000001,13.176821729950944,0.787,43.8846,43.8846,57.1884,40.9558,40.9558,53.3717,
1,Xylopia nitida,Annonaceae,797808.4505,9727569.16,21.8,False,O,8,18.15,18.15,feldpausch_regional,0.18,default,-2.0,21.44,17.96,21.8,False,O,18.15,feldpausch,21.44,17.956273582240566,0.5483,141.8376,141.8376,129.9042,135.8709,135.8709,124.4396,
2,Cecropia palmata,Urticaceae,797810.5576,9727568.075,21.7,False,O,8,18.1,18.1,feldpausch_regional,0.18,default,-2.0,21.34,17.91,21.7,False,O,18.1,feldpausch,21.34,17.90572793510301,0.3404,140.1924,140.1924,80.6204,134.2667,134.2667,77.2127,
3,Cecropia palmata,Urticaceae,797810.8526,9727568.11,18.3,False,O,8,16.19,16.19,feldpausch_regional,0.18,default,-2.0,17.94,15.98,18.3,False,O,16.19,feldpausch,17.94,15.976924836595087,0.3404,90.1551,90.1551,51.8454,85.6114,85.6114,49.2325,
4,Tapirira guianensis,Anacardiaceae,797810.544,9727570.134,20.0,False,O,8,17.17,17.17,feldpausch_regional,0.18,default,-2.0,19.64,16.96,20.0,False,O,17.17,feldpausch,19.64,16.966688851135235,0.457,113.5552,113.5552,87.0582,108.3327,108.3327,83.0543,
5,Stryphnodendron pulcherrimum,Fabaceae,797809.5071,9727574.335,25.7,False,O,8,20.14,20.14,feldpausch_regional,0.18,default,-2.0,25.34,19.97,25.7,False,O,20.14,feldpausch,25.34,19.964373334572795,0.475,216.4772,216.4772,172.3414,208.8049,208.8049,166.2333,
6,Inga thibaudiana,Fabaceae,797808.9012,9727574.365,16.4,False,O,8,15.04,15.04,feldpausch_regional,0.18,default,-2.0,16.04,14.81,16.4,False,O,15.04,feldpausch,16.04,14.814867629828917,0.5786,67.7376,67.7376,65.3742,63.9176,63.9176,61.6875,
7,Inga thibaudiana,Fabaceae,797807.5314,9727571.212,14.4,False,O,8,13.76,13.76,feldpausch_regional,0.18,default,-2.0,14.04,13.52,14.4,False,O,13.76,feldpausch,14.040000000000001,13.520564939096525,0.5786,48.181,48.181,46.4999,45.0788,45.0788,43.506,
8,Inga alba,Fabaceae,797807.6302,9727571.223,22.3,False,O,8,18.42,18.42,feldpausch_regional,0.18,default,-2.0,21.94,18.23,22.3,False,O,18.42,feldpausch,21.94,18.228731562011177,0.5861,150.4092,150.4092,147.0101,144.2291,144.2291,140.9697,
9,Xylopia nitida,Annonaceae,797805.041,9727574.717,22.3,False,O,8,18.42,18.42,feldpausch_regional,0.18,default,-2.0,21.94,18.23,22.3,False,O,18.42,feldpausch,21.94,18.228731562011177,0.5483,150.4092,150.4092,137.7547,144.2291,144.2291,132.0945,
10,Stryphnodendron pulcherrimum,Fabaceae,797804.9737,9727575.327,12.6,False,O,8,12.53,12.53,feldpausch_regional,0.18,default,-2.0,12.24,12.28,12.6,False,O,12.53,feldpausch,12.24,12.276079226857474,0.475,33.8832,33.8832,26.975,31.3857,31.3857,24.9867,
11,Stryphnodendron pulcherrimum,Fabaceae,797806.2243,9727579.598,16.3,False,O,8,14.98,14.98,feldpausch_regional,0.18,default,-2.0,15.94,14.75,16.3,False,O,14.98,feldpausch,15.940000000000001,14.75416108478031,0.475,66.6731,66.6731,53.0796,62.8895,62.8895,50.0675,
12,Banara guianensis,Salicaceae,797809.4716,9727578.556,11.2,False,O,8,11.53,11.53,feldpausch_regional,0.18,default,-2.0,10.84,11.26,11.2,False,O,11.53,feldpausch,10.84,11.263166132148207,0.61,24.8245,24.8245,25.2282,22.7645,22.7645,23.1347,
13,Inga alba,Fabaceae,797809.834,9727577.982,17.1,False,O,8,15.47,15.47,feldpausch_regional,0.18,default,-2.0,16.74,15.25,17.1,False,O,15.47,feldpausch,16.740000000000002,15.249476279075992,0.5861,75.546,75.546,73.8388,71.4641,71.4641,69.8491,
14,Inga alba,Fabaceae,797817.4077,9727580.048,13.2,False,O,8,12.95,12.95,feldpausch_regional,0.18,default,-2.0,12.84,12.7,13.2,False,O,12.95,feldpausch,12.84,12.701077780635362,0.5861,38.3174,38.3174,37.4515,35.6228,35.6228,34.8178,
15,Inga alba,Fabaceae,797815.6836,9727587.682,25.4,False,O,8,20.0,20.0,feldpausch_regional,0.18,default,-2.0,25.04,19.82,25.4,False,O,20.0,feldpausch,25.04,19.823028683971163,0.5861,210.1364,210.1364,205.3876,202.5969,202.5969,198.0184,
16,Inga alba,Fabaceae,797814.3932,9727590.514,28.7,False,O,8,21.55,21.55,feldpausch_regional,0.18,default,-2.0,28.34,21.39,28.7,False,O,21.55,feldpausch,28.34,21.386432655187303,0.5861,286.8737,286.8737,280.3906,277.8179,277.8179,271.5395,
17,Stryphnodendron pulcherrimum,Fabaceae,797804.6353,9727585.785,31.9,False,O,8,22.95,22.95,feldpausch_regional,0.18,default,-2.0,31.54,22.79,31.9,False,O,22.95,feldpausch,31.54,22.797899790767342,0.475,374.9592,374.9592,298.5117,364.3712,364.3712,290.0824,
18,Astrocaryum aculeatum,Arecaceae,797805.0405,9727591.5,12.8,False,P,8,12.67,12.67,feldpausch_regional,0.18,default,-2.0,12.44,12.42,12.8,False,P,12.67,feldpausch,12.440000000000001,12.417788319260666,0.508,35.3219,20.87,20.87,32.7595,19.2962,19.2962,
19,Banara guianensis,Salicaceae,797805.0405,9727591.5,11.3,False,O,8,11.6,11.6,feldpausch_regional,0.18,default,-2.0,10.94,11.33,11.3,False,O,11.6,feldpausch,10.940000000000001,11.334209651177257,0.61,25.4086,25.4086,25.8218,23.3189,23.3189,23.6982,
20,Zanthoxylum rhoifolium,Rutaceae,797802.5548,9727613.539,11.1,False,O,8,11.45,11.45,feldpausch_regional,0.18,default,-2.0,10.74,11.18,11.1,False,O,11.45,feldpausch,10.74,11.182340299273735,0.5692,24.2284,24.2284,23.0158,22.1998,22.1998,21.0887,
21,Guatteria schomburgkiana,Annonaceae,797802.318,9727614.745,14.5,False,O,8,13.82,13.82,feldpausch_regional,0.18,default,-2.0,14.14,13.58,14.5,False,O,13.82,feldpausch,14.14,13.581426401191216,0.6,49.0441,49.0441,49.0441,45.9085,45.9085,45.9085,
22,Inga alba,Fabaceae,797803.4363,9727616.232,28.6,False,O,8,21.5,21.5,feldpausch_regional,0.18,default,-2.0,28.24,21.34,28.6,False,O,21.5,feldpausch,28.240000000000002,21.336087441319343,0.5861,284.2805,284.2805,277.8561,275.2736,275.2736,269.0527,
23,Cecropia palmata,Urticaceae,797808.8841,9727614.992,12.1,False,O,8,12.18,12.18,feldpausch_regional,0.18,default,-2.0,11.74,11.92,12.1,False,O,12.18,feldpausch,11.74,11.921601999718774,0.3404,30.4544,30.4544,17.5134,28.1161,28.1161,16.1687,
24,Abarema jupunba,Fabaceae,797818.408,9727615.213,12.8,False,O,8,12.67,12.67,feldpausch_regional,0.18,default,-2.0,12.44,12.42,12.8,False,O,12.67,feldpausch,12.440000000000001,12.417788319260666,0.5851,35.3219,35.3219,34.468,32.7595,32.7595,31.9675,
25,Abarema jupunba,Fabaceae,797818.7221,9727615.254,14.2,False,O,8,13.62,13.62,feldpausch_regional,0.18,default,-2.0,13.84,13.38,14.2,False,O,13.62,feldpausch,13.84,13.379164192092759,0.5851,46.4178,46.4178,45.2956,43.3863,43.3863,42.3375,
26,Abarema jupunba,Fabaceae,797818.8268,9727615.268,16.0,False,O,8,14.79,14.79,feldpausch_regional,0.18,default,-2.0,15.64,14.56,16.0,False,O,14.79,feldpausch,15.64,14.562150985682587,0.5851,63.5026,63.5026,61.9675,59.83,59.83,58.3836,
27,,,797819.1074,9727619.444,53.3,False,O,8,30.21,30.21,feldpausch_regional,0.18,default,-2.0,52.94,30.11,53.3,False,O,30.21,feldpausch,52.94,30.111282098505097,0.5847,1335.5474,1335.5474,1302.2293,1313.7922,1313.7922,1281.0168,
28,,,797819.3439,9727619.165,46.5,False,O,8,28.23,28.23,feldpausch_regional,0.18,default,-2.0,46.14,28.12,46.5,False,O,28.23,feldpausch,46.14,28.117645297613926,0.5847,957.685,957.685,933.7934,939.6013,939.6013,916.1609,
29,Euterpe oleracea,Arecaceae,797821.2295,9727619.518,11.2,False,P,8,11.53,11.53,feldpausch_regional,0.18,default,-2.0,10.84,11.26,11.2,False,P,11.53,feldpausch,10.84,11.263166132148207,0.3877,24.8245,14.4591,14.4591,22.7645,13.2174,13.2174,
30,,,797822.3645,9727618.633,24.2,False,O,8,19.4,19.4,feldpausch_regional,0.18,default,-2.0,23.84,19.22,24.2,False,O,19.4,feldpausch,23.84,19.217744201993025,0.5847,185.5935,185.5935,180.9635,178.5895,178.5895,174.1342,
31,Eperua bijuga,Fabaceae,797821.9724,9727616.925,21.1,False,O,8,17.78,17.78,feldpausch_regional,0.18,default,-2.0,20.74,17.58,21.1,False,O,17.78,feldpausch,20.740000000000002,17.582583614354764,0.729,130.4348,130.4348,157.7393,124.7591,124.7591,150.8754,
32,,,797821.9259,9727616.194,59.0,False,O,8,31.69,31.69,feldpausch_regional,0.18,default,-2.0,58.64,31.6,59.0,False,O,31.69,feldpausch,58.64,31.60105335984484,0.5847,1706.3335,1706.3335,1663.7653,1681.4503,1681.4503,1639.5029,
33,Euterpe oleracea,Arecaceae,797825.8621,9727614.536,10.3,False,P,8,10.85,10.85,feldpausch_regional,0.18,default,-2.0,9.94,10.58,10.3,False,P,10.85,feldpausch,9.940000000000001,10.57426605405682,0.3877,19.8654,11.4857,11.4857,18.0729,10.4158,10.4158,
34,Euterpe oleracea,Arecaceae,797826.0266,9727612.382,12.2,False,P,8,12.25,12.25,feldpausch_regional,0.18,default,-2.0,11.84,11.99,12.2,False,P,12.25,feldpausch,11.84,11.992521947516652,0.3877,31.1212,18.2902,18.2902,28.7515,16.8449,16.8449,
35,Euterpe oleracea,Arecaceae,797826.0501,9727612.074,11.4,False,P,8,11.67,11.67,feldpausch_regional,0.18,default,-2.0,11.04,11.41,11.4,False,P,11.67,feldpausch,11.040000000000001,11.405237510778715,0.3877,26.0016,15.1799,15.1799,23.882,13.8985,13.8985,
36,Euterpe oleracea,Arecaceae,797825.8576,9727611.842,11.2,False,P,8,11.53,11.53,feldpausch_regional,0.18,default,-2.0,10.84,11.26,11.2,False,P,11.53,feldpausch,10.84,11.263166132148207,0.3877,24.8245,14.4591,14.4591,22.7645,13.2174,13.2174,
37,,,797820.1501,9727607.165,12.2,False,O,8,12.25,12.25,feldpausch_regional,0.18,default,-2.0,11.84,11.99,12.2,False,O,12.25,feldpausch,11.84,11.992521947516652,0.5847,31.1212,31.1212,30.3448,28.7515,28.7515,28.0342,
38,Cecropia ficifolia,Urticaceae,797818.2226,9727605.26,12.6,False,O,8,12.53,12.53,feldpausch_regional,0.18,default,-2.0,12.24,12.28,12.6,False,O,12.53,feldpausch,12.24,12.276079226857474,0.266,33.8832,33.8832,15.3177,31.3857,31.3857,14.1887,
39,Inga alba,Fabaceae,797817.2076,9727604.922,14.6,False,O,8,13.89,13.89,feldpausch_regional,0.18,default,-2.0,14.24,13.65,14.6,False,O,13.89,feldpausch,14.24,13.652106386641979,0.5861,49.9522,49.9522,48.8234,46.7807,46.7807,45.7235,
40,Sapium marmieri,Euphorbiaceae,797817.2623,9727604.309,23.3,False,O,8,18.94,18.94,feldpausch_regional,0.18,default,-2.0,22.94,18.76,23.3,False,O,18.94,feldpausch,22.94,18.753585031725716,0.41,168.3691,168.3691,116.1084,161.7593,161.7593,111.5503,
41,,,797819.9095,9727597.825,37.4,True,O,8,25.13,25.13,feldpausch_regional,0.18,default,-2.0,37.04,24.99,37.4,True,O,25.13,feldpausch,37.04,24.99496719347146,0.5847,558.8483,393.6952,393.6952,545.5198,384.4544,384.4544,
42,Inga alba,Fabaceae,797819.9889,9727596.904,18.0,False,O,8,16.01,16.01,feldpausch_regional,0.18,default,-2.0,17.64,15.8,18.0,False,O,16.01,feldpausch,17.64,15.795139296795606,0.5861,86.3453,86.3453,84.394,81.919,81.919,80.0678,
43,Inga alba,Fabaceae,797820.1932,9727596.93,28.8,False,O,8,21.59,21.59,feldpausch_regional,0.18,default,-2.0,28.44,21.43,28.8,False,O,21.59,feldpausch,28.44,21.426851544503265,0.5861,289.3513,289.3513,282.8123,280.2506,280.2506,273.9173,
44,Inga alba,Fabaceae,797825.1205,9727597.247,12.3,False,O,8,12.32,12.32,feldpausch_regional,0.18,default,-2.0,11.94,12.06,12.3,False,O,12.32,feldpausch,11.940000000000001,12.063429349784986,0.5861,31.7974,31.7974,31.0788,29.396,29.396,28.7317,
45,Inga alba,Fabaceae,797828.2784,9727589.567,16.3,False,O,8,14.98,14.98,feldpausch_regional,0.18,default,-2.0,15.94,14.75,16.3,False,O,14.98,feldpausch,15.940000000000001,14.75416108478031,0.5861,66.6731,66.6731,65.1663,62.8895,62.8895,61.4683,
46,Inga alba,Fabaceae,797827.7735,9727589.504,16.4,False,O,8,15.04,15.04,feldpausch_regional,0.18,default,-2.0,16.04,14.81,16.4,False,O,15.04,feldpausch,16.04,14.814867629828917,0.5861,67.7376,67.7376,66.2068,63.9176,63.9176,62.4732,
47,Inga thibaudiana,Fabaceae,797817.3043,9727592.326,14.1,False,O,8,13.56,13.56,feldpausch_regional,0.18,default,-2.0,13.74,13.32,14.1,False,O,13.56,feldpausch,13.74,13.31827369396353,0.5786,45.585,45.585,43.9945,42.5865,42.5865,41.1006,
48,Astrocaryum aculeatum,Arecaceae,797826.0785,9727585.151,11.0,False,P,8,11.38,11.38,feldpausch_regional,0.18,default,-2.0,10.64,11.11,11.0,False,P,11.38,feldpausch,10.64,11.111266572550116,0.508,23.6621,13.7606,13.7606,21.6629,12.558,12.558,
49,Astrocaryum aculeatum,Arecaceae,797825.8776,9727585.126,12.5,False,P,8,12.46,12.46,feldpausch_regional,0.18,default,-2.0,12.14,12.21,12.5,False,P,12.46,feldpausch,12.14,12.205207704531016,0.508,33.1783,19.553,19.553,30.7131,18.0441,18.0441,
50,Sapium marmieri,Euphorbiaceae,797819.2955,9727581.52,21.7,False,O,8,18.1,18.1,feldpausch_regional,0.18,default,-2.0,21.34,17.91,21.7,False,O,18.1,feldpausch,21.34,17.90572793510301,0.41,140.1924,140.1924,96.6776,134.2667,134.2667,92.5912,
51,,,797823.7497,9727576.588,16.4,False,O,8,15.04,15.04,feldpausch_regional,0.18,default,-2.0,16.04,14.81,16.4,False,O,15.04,feldpausch,16.04,14.814867629828917,0.5847,67.7376,67.7376,66.0477,63.9176,63.9176,62.3231,
52,,,797823.8352,9727575.564,13.1,False,O,8,12.88,12.88,feldpausch_regional,0.18,default,-2.0,12.74,12.63,13.1,False,O,12.88,feldpausch,12.74,12.630270902047103,0.5847,37.5536,37.5536,36.6168,34.8923,34.8923,34.0219,
53,Pourouma villosa,Urticaceae,797826.1317,9727575.637,20.8,False,O,8,17.61,17.61,feldpausch_regional,0.18,default,-2.0,20.44,17.41,20.8,False,O,17.61,feldpausch,20.44,17.41106794193607,0.34,125.6555,125.6555,72.1821,120.1061,120.1061,68.9942,
54,Pourouma minor,Urticaceae,797826.4773,9727573.816,30.0,False,O,8,22.13,22.13,feldpausch_regional,0.18,default,-2.0,29.64,21.97,30.0,False,O,22.13,feldpausch,29.64,21.97125707943626,0.436,320.9987,320.9987,235.0533,311.3274,311.3274,227.9715,
55,Guatteria schomburgkiana,Annonaceae,797826.675,9727573.84,15.0,False,O,8,14.15,14.15,feldpausch_regional,0.18,default,-2.0,14.64,13.91,15.0,False,O,14.15,feldpausch,14.64,13.915086591517273,0.6,53.6203,53.6203,53.6203,50.3082,50.3082,50.3082,
56,Tapirira guianensis,Anacardiaceae,797828.925,9727574.423,14.0,False,O,8,13.49,13.49,feldpausch_regional,0.18,default,-2.0,13.64,13.25,14.0,False,O,13.49,feldpausch,13.64,13.247551872280896,0.457,44.7295,44.7295,34.2923,41.766,41.766,32.0203,
57,Euterpe oleracea,Arecaceae,797818.1792,9727573.843,10.4,False,P,8,10.93,10.93,feldpausch_regional,0.18,default,-2.0,10.04,10.65,10.4,False,P,10.93,feldpausch,10.040000000000001,10.655206304765878,0.3877,20.3893,11.7948,11.7948,18.5672,10.7064,10.7064,
58,Euterpe oleracea,Arecaceae,797818.2782,9727573.855,12.1,False,P,8,12.18,12.18,feldpausch_regional,0.18,default,-2.0,11.74,11.92,12.1,False,P,12.18,feldpausch,11.74,11.921601999718774,0.3877,30.4544,17.8812,17.8812,28.1161,16.4568,16.4568,
59,Euterpe oleracea,Arecaceae,797818.3772,9727573.867,12.0,False,P,8,12.11,12.11,feldpausch_regional,0.18,default,-2.0,11.64,11.85,12.0,False,P,12.11,feldpausch,11.64,11.85066919732659,0.3877,29.7969,17.478,17.478,27.49,16.0744,16.0744,
60,Virola elongata,Myristicaceae,797819.4157,9727569.036,11.5,False,O,8,11.75,11.75,feldpausch_regional,0.18,default,-2.0,11.14,11.48,11.5,False,O,11.75,feldpausch,11.14,11.486025455548704,0.5233,26.6256,26.6256,23.2998,24.4741,24.4741,21.417,
1,Guatteria schomburgkiana,Annonaceae,798658.2581,9728223.225,5.5,False,O,9,6.81,6.81,feldpausch_regional,0.18,default,-2.0,5.14,6.46,5.5,False,O,6.81,feldpausch,5.14,6.4670554896766355,0.6,3.7051,3.7051,3.7051,3.0868,3.0868,3.0868,
2,Ormosia coccinea,Fabaceae,798656.8049,9728223.647,6.6,False,O,9,7.81,7.81,feldpausch_regional,0.18,default,-2.0,6.24,7.49,6.6,False,O,7.81,feldpausch,6.239999999999999,7.48674627953358,0.625,6.0456,6.0456,6.2913,5.1996,5.1996,5.411,
3,Guatteria schomburgkiana,Annonaceae,798659.8452,9728226.118,7.0,False,O,9,8.17,8.17,feldpausch_regional,0.18,default,-2.0,6.64,7.85,7.0,False,O,8.17,feldpausch,6.64,7.852713610028152,0.6,7.0863,7.0863,7.0863,6.15,6.15,6.15,
4,Tapirira guianensis,Anacardiaceae,798655.935,9728229.234,9.1,False,O,9,9.92,9.92,feldpausch_regional,0.18,default,-2.0,8.74,9.63,9.1,False,O,9.92,feldpausch,8.74,9.630812171708895,0.457,14.2924,14.2924,10.9574,12.8335,12.8335,9.8389,
5,Inga thibaudiana,Fabaceae,798657.435,9728231.244,6.8,False,O,9,7.99,7.99,feldpausch_regional,0.18,default,-2.0,6.44,7.67,6.8,False,O,7.99,feldpausch,6.4399999999999995,7.66980425820082,0.5786,6.5525,6.5525,6.3238,5.6618,5.6618,5.4643,
6,Casearia grandiflora,Salicaceae,798656.4899,9728231.192,6.3,False,O,9,7.54,7.54,feldpausch_regional,0.18,default,-2.0,5.94,7.22,6.3,False,O,7.54,feldpausch,5.9399999999999995,7.211849934515828,0.77,5.3344,5.3344,6.805,4.5535,4.5535,5.8088,
7,Banara guianensis,Salicaceae,798656.4685,9728231.397,7.4,False,O,9,8.51,8.51,feldpausch_regional,0.18,default,-2.0,7.04,8.2,7.4,False,O,8.51,feldpausch,7.04,8.198865428237733,0.61,8.2189,8.2189,8.3525,7.1903,7.1903,7.3072,
8,Croton matourensis,Euphorbiaceae,798658.3275,9728231.81,21.9,False,O,9,18.21,18.21,feldpausch_regional,0.18,default,-2.0,21.54,18.01,21.9,False,O,18.21,feldpausch,21.54,18.0167088369022,0.3883,143.5721,143.5721,93.8984,137.5611,137.5611,89.9671,
9,Croton matourensis,Euphorbiaceae,798660.1355,9728232.735,15.2,False,O,9,14.28,14.28,feldpausch_regional,0.18,default,-2.0,14.84,14.05,15.2,False,O,14.28,feldpausch,14.84,14.04652800373012,0.3883,55.518,55.518,36.3097,52.1347,52.1347,34.0969,
10,Couratari stellata,Lecythidaceae,798659.7079,9728235.143,12.8,False,O,9,12.67,12.67,feldpausch_regional,0.18,default,-2.0,12.44,12.42,12.8,False,O,12.67,feldpausch,12.440000000000001,12.417788319260666,0.6331,35.3219,35.3219,37.225,32.7595,32.7595,34.5245,
11,Croton matourensis,Euphorbiaceae,798658.6683,9728237.914,20.3,False,O,9,17.33,17.33,feldpausch_regional,0.18,default,-2.0,19.94,17.13,20.3,False,O,17.33,feldpausch,19.94,17.128422670463497,0.3883,117.967,117.967,77.1522,112.6244,112.6244,73.6581,
12,Inga sp.,Fabaceae,798656.8335,9728237.104,6.5,False,O,9,7.72,7.72,feldpausch_regional,0.18,default,-2.0,6.14,7.4,6.5,False,O,7.72,feldpausch,6.14,7.395157304554543,0.5786,5.8021,5.8021,5.5996,4.978,4.978,4.8043,
13,Croton matourensis,Euphorbiaceae,798657.5584,9728239.409,10.4,False,O,9,10.93,10.93,feldpausch_regional,0.18,default,-2.0,10.04,10.65,10.4,False,O,10.93,feldpausch,10.040000000000001,10.655206304765878,0.3883,20.3893,20.3893,13.3349,18.5672,18.5672,12.1432,
14,Inga marginata,Fabaceae,798657.9851,9728239.944,5.9,False,O,9,7.18,7.18,feldpausch_regional,0.18,default,-2.0,5.54,6.84,5.9,False,O,7.18,feldpausch,5.54,6.8446564986798535,0.5518,4.4745,4.4745,4.1233,3.7765,3.7765,3.4802,
15,Guatteria schomburgkiana,Annonaceae,798658.4124,9728240.478,12.5,False,O,9,12.46,12.46,feldpausch_regional,0.18,default,-2.0,12.14,12.21,12.5,False,O,12.46,feldpausch,12.14,12.205207704531016,0.6,33.1783,33.1783,33.1783,30.7131,30.7131,30.7131,
16,Croton matourensis,Euphorbiaceae,798659.2287,9728241.955,14.0,False,O,9,13.49,13.49,feldpausch_regional,0.18,default,-2.0,13.64,13.25,14.0,False,O,13.49,feldpausch,13.64,13.247551872280896,0.3883,44.7295,44.7295,29.2538,41.766,41.766,27.3156,
17,Croton matourensis,Euphorbiaceae,798658.9398,9728242.931,14.8,False,O,9,14.02,14.02,feldpausch_regional,0.18,default,-2.0,14.44,13.78,14.8,False,O,14.02,feldpausch,14.440000000000001,13.783613149683013,0.3883,51.7652,51.7652,33.8552,48.5237,48.5237,31.7353,
18,Inga thibaudiana,Fabaceae,798657.3609,9728241.36,6.0,False,O,9,7.27,7.27,feldpausch_regional,0.18,default,-2.0,5.64,6.94,6.0,False,O,7.27,feldpausch,5.64,6.936533189358115,0.5786,4.6803,4.6803,4.517,3.962,3.962,3.8237,
19,Croton matourensis,Euphorbiaceae,798656.2004,9728243.272,16.6,False,O,9,15.16,15.16,feldpausch_regional,0.18,default,-2.0,16.24,14.94,16.6,False,O,15.16,feldpausch,16.240000000000002,14.936259251144145,0.3883,69.8995,69.8995,45.7154,66.0062,66.0062,43.1691,
20,Banara guianensis,Salicaceae,798656.085,9728243.454,8.3,False,O,9,9.27,9.27,feldpausch_regional,0.18,default,-2.0,7.94,8.97,8.3,False,O,9.27,feldpausch,7.94,8.970994726965278,0.61,11.1782,11.1782,11.36,9.9285,9.9285,10.09,
21,Couratari stellata,Lecythidaceae,798655.6974,9728243.459,9.8,False,O,9,10.47,10.47,feldpausch_regional,0.18,default,-2.0,9.44,10.19,9.8,False,O,10.47,feldpausch,9.440000000000001,10.18879587397964,0.6331,17.4101,17.4101,18.3481,15.7592,15.7592,16.6083,
22,Croton matourensis,Euphorbiaceae,798655.5285,9728244.155,18.4,False,O,9,16.25,16.25,feldpausch_regional,0.18,default,-2.0,18.04,16.03,18.4,False,O,16.25,feldpausch,18.04,16.037509453113827,0.3883,91.4488,91.4488,59.8089,86.8656,86.8656,56.8115,
23,Croton matourensis,Euphorbiaceae,798656.9348,9728245.57,9.0,False,O,9,9.84,9.84,feldpausch_regional,0.18,default,-2.0,8.64,9.55,9.0,False,O,9.84,feldpausch,8.64,9.549628609842348,0.3883,13.8773,13.8773,9.076,12.4452,12.4452,8.1394,
24,Croton matourensis,Euphorbiaceae,798656.8828,9728246.083,15.4,False,O,9,14.41,14.41,feldpausch_regional,0.18,default,-2.0,15.04,14.18,15.4,False,O,14.41,feldpausch,15.040000000000001,14.177938610859414,0.3883,57.4589,57.4589,37.579,54.0036,54.0036,35.3192,
25,Croton matourensis,Euphorbiaceae,798658.8257,9728246.053,16.7,False,O,9,15.22,15.22,feldpausch_regional,0.18,default,-2.0,16.34,15.0,16.7,False,O,15.22,feldpausch,16.34,14.99694458011119,0.3883,70.997,70.997,46.4331,67.0668,67.0668,43.8627,
26,Croton matourensis,Euphorbiaceae,798659.7612,9728246.397,16.0,False,O,9,14.79,14.79,feldpausch_regional,0.18,default,-2.0,15.64,14.56,16.0,False,O,14.79,feldpausch,15.64,14.562150985682587,0.3883,63.5026,63.5026,41.5317,59.83,59.83,39.1298,
27,Platymiscium filipes,Fabaceae,798654.1007,9728247.596,9.5,False,O,9,10.23,10.23,feldpausch_regional,0.18,default,-2.0,9.14,9.95,9.5,False,O,10.23,feldpausch,9.14,9.945614561657207,0.7815,16.0183,16.0183,20.7319,14.4516,14.4516,18.7042,
28,Byrsonima spicata,Malpighiaceae,798654.5433,9728248.024,23.0,False,O,9,18.79,18.79,feldpausch_regional,0.18,default,-2.0,22.64,18.6,23.0,False,O,18.79,feldpausch,22.64,18.60210565778387,0.6137,162.8943,162.8943,166.5147,156.4127,156.4127,159.889,
29,Miconia poeppigii,Melastomataceae,798655.2296,9728252.731,7.4,False,O,9,8.51,8.51,feldpausch_regional,0.18,default,-2.0,7.04,8.2,7.4,False,O,8.51,feldpausch,7.04,8.198865428237733,0.5967,8.2189,8.2189,8.1743,7.1903,7.1903,7.1513,
30,Croton matourensis,Euphorbiaceae,798657.2252,9728252.376,19.3,False,O,9,16.77,16.77,feldpausch_regional,0.18,default,-2.0,18.94,16.56,19.3,False,O,16.77,feldpausch,18.94,16.56279608301031,0.3883,103.5173,103.5173,67.7019,98.5782,98.5782,64.4717,
31,Croton matourensis,Euphorbiaceae,798658.1506,9728252.917,18.2,False,O,9,16.13,16.13,feldpausch_regional,0.18,default,-2.0,17.84,15.92,18.2,False,O,16.13,feldpausch,17.84,15.916334995085252,0.3883,88.8733,88.8733,58.1245,84.3689,84.3689,55.1786,
32,Croton matourensis,Euphorbiaceae,798658.0301,9728252.153,13.9,False,O,9,13.42,13.42,feldpausch_regional,0.18,default,-2.0,13.54,13.18,13.9,False,O,13.42,feldpausch,13.540000000000001,13.176821729950944,0.3883,43.8846,43.8846,28.7012,40.9558,40.9558,26.7857,
33,Croton matourensis,Euphorbiaceae,798655.9994,9728254.812,16.1,False,O,9,14.85,14.85,feldpausch_regional,0.18,default,-2.0,15.74,14.62,16.1,False,O,14.85,feldpausch,15.740000000000002,14.622878814173308,0.3883,64.5342,64.5342,42.2064,60.8255,60.8255,39.7809,
34,Strychnos subcordata,Loganiaceae,798656.4689,9728255.03,6.1,False,O,9,7.36,7.36,feldpausch_regional,0.18,default,-2.0,5.74,7.03,6.1,False,O,7.36,feldpausch,5.739999999999999,7.028355955041076,0.6959,4.8921,4.8921,5.6543,4.1532,4.1532,4.8003,
35,Croton matourensis,Euphorbiaceae,798657.3119,9728257.436,18.6,False,O,9,16.36,16.36,feldpausch_regional,0.18,default,-2.0,18.24,16.15,18.6,False,O,16.36,feldpausch,18.240000000000002,16.148792440489622,0.3883,94.0161,94.0161,61.488,89.3564,89.3564,58.4405,
36,Neea oppositifolia,Nyctaginaceae,798655.7603,9728257.174,13.6,False,O,9,13.22,13.22,feldpausch_regional,0.18,default,-2.0,13.24,12.98,13.6,False,O,13.22,feldpausch,13.24,12.974393799722383,0.893,41.4429,41.4429,61.095,38.6153,38.6153,56.9265,
37,Platymiscium filipes,Fabaceae,798653.2161,9728254.143,26.2,False,O,9,20.38,20.38,feldpausch_regional,0.18,default,-2.0,25.84,20.21,26.2,False,O,20.38,feldpausch,25.84,20.20649975041551,0.7815,227.3883,227.3883,294.3006,219.4901,219.4901,284.0783,
38,Platymiscium filipes,Fabaceae,798653.1293,9728254.967,25.5,False,O,9,20.05,20.05,feldpausch_regional,0.18,default,-2.0,25.14,19.87,25.5,False,O,20.05,feldpausch,25.14,19.873450522682205,0.7815,212.271,212.271,274.7349,204.6861,204.6861,264.918,
39,Inga sp.,Fabaceae,798653.748,9728258.49,8.1,False,O,9,9.1,9.1,feldpausch_regional,0.18,default,-2.0,7.74,8.8,8.1,False,O,9.1,feldpausch,7.739999999999999,8.798533546303183,0.5786,10.4676,10.4676,10.1024,9.2689,9.2689,8.9455,
40,Croton matourensis,Euphorbiaceae,798653.7267,9728258.696,15.8,False,O,9,14.66,14.66,feldpausch_regional,0.18,default,-2.0,15.44,14.43,15.8,False,O,14.66,feldpausch,15.440000000000001,14.43082832275704,0.3883,61.4308,61.4308,40.1767,57.832,57.832,37.8231,
41,Croton matourensis,Euphorbiaceae,798664.2517,9728261.257,17.0,False,O,9,15.41,15.41,feldpausch_regional,0.18,default,-2.0,16.64,15.19,17.0,False,O,15.41,feldpausch,16.64,15.188816561640074,0.3883,74.4033,74.4033,48.6609,70.3589,70.3589,46.0159,
42,Virola sebifera,Myristicaceae,798655.355,9728261.179,5.8,False,O,9,7.09,7.09,feldpausch_regional,0.18,default,-2.0,5.44,6.75,5.8,False,O,7.09,feldpausch,5.4399999999999995,6.7527231059298405,0.4454,4.2747,4.2747,3.1958,3.5968,3.5968,2.6891,
43,Croton matourensis,Euphorbiaceae,798657.0121,9728264.493,15.2,False,O,9,14.28,14.28,feldpausch_regional,0.18,default,-2.0,14.84,14.05,15.2,False,O,14.28,feldpausch,14.84,14.04652800373012,0.3883,55.518,55.518,36.3097,52.1347,52.1347,34.0969,
44,Croton matourensis,Euphorbiaceae,798656.9617,9728265.006,15.9,False,O,9,14.73,14.73,feldpausch_regional,0.18,default,-2.0,15.54,14.5,15.9,False,O,14.73,feldpausch,15.540000000000001,14.501415428522947,0.3883,62.4818,62.4818,40.8641,58.845,58.845,38.4856,
45,Croton matourensis,Euphorbiaceae,798657.2136,9728262.445,14.2,False,O,9,13.62,13.62,feldpausch_regional,0.18,default,-2.0,13.84,13.38,14.2,False,O,13.62,feldpausch,13.84,13.379164192092759,0.3883,46.4178,46.4178,30.358,43.3863,43.3863,28.3753,
46,,,798656.0247,9728267.416,10.0,False,O,9,10.62,10.62,feldpausch_regional,0.18,default,-2.0,9.64,10.34,10.0,False,O,10.62,feldpausch,9.64,10.341091793253828,0.5847,18.3636,18.3636,17.9055,16.657,16.657,16.2414,
47,Nectandra cuspidata,Lauraceae,798656.5587,9728269.104,32.2,False,O,9,23.07,23.07,feldpausch_regional,0.18,default,-2.0,31.84,22.92,32.2,False,O,23.07,feldpausch,31.840000000000003,22.918950630839454,0.518,383.8219,383.8219,332.537,373.0905,373.0905,323.2395,
48,Nectandra cuspidata,Lauraceae,798656.5285,9728269.411,23.1,False,O,9,18.84,18.84,feldpausch_regional,0.18,default,-2.0,22.74,18.65,23.1,False,O,18.84,feldpausch,22.740000000000002,18.652602367939707,0.518,164.7063,164.7063,142.6988,158.1821,158.1821,137.0464,
49,Croton matourensis,Euphorbiaceae,798653.6678,9728267.946,22.3,False,O,9,18.42,18.42,feldpausch_regional,0.18,default,-2.0,21.94,18.23,22.3,False,O,18.42,feldpausch,21.94,18.228731562011177,0.3883,150.4092,150.4092,98.37,144.2291,144.2291,94.3281,
50,Croton matourensis,Euphorbiaceae,798652.965,9728269.896,14.5,False,O,9,13.82,13.82,feldpausch_regional,0.18,default,-2.0,14.14,13.58,14.5,False,O,13.82,feldpausch,14.14,13.581426401191216,0.3883,49.0441,49.0441,32.0756,45.9085,45.9085,30.0248,
51,Croton matourensis,Euphorbiaceae,798652.2676,9728270.798,15.4,False,O,9,14.41,14.41,feldpausch_regional,0.18,default,-2.0,15.04,14.18,15.4,False,O,14.41,feldpausch,15.040000000000001,14.177938610859414,0.3883,57.4589,57.4589,37.579,54.0036,54.0036,35.3192,
52,Nectandra cuspidata,Lauraceae,798654.2325,9728272.269,33.5,False,O,9,23.61,23.61,feldpausch_regional,0.18,default,-2.0,33.14,23.46,33.5,False,O,23.61,feldpausch,33.14,23.463193255523848,0.518,424.1211,424.1211,367.4515,412.7495,412.7495,357.5994,
53,Lecythis lurida,Lecythidaceae,798654.2013,9728272.577,11.0,False,O,9,11.38,11.38,feldpausch_regional,0.18,default,-2.0,10.64,11.11,11.0,False,O,11.38,feldpausch,10.64,11.111266572550116,0.8633,23.6621,23.6621,33.7512,21.6629,21.6629,30.8994,
55,Nectandra cuspidata,Lauraceae,798654.5446,9728273.174,13.3,False,O,9,13.02,13.02,feldpausch_regional,0.18,default,-2.0,12.94,12.77,13.3,False,O,13.02,feldpausch,12.940000000000001,12.771874715997479,0.518,39.0912,39.0912,33.868,36.3631,36.3631,31.5044,
56,Nectandra cuspidata,Lauraceae,798661.2327,9728272.722,26.6,False,O,9,20.58,20.58,feldpausch_regional,0.18,default,-2.0,26.24,20.4,26.6,False,O,20.58,feldpausch,26.240000000000002,20.408086150022772,0.518,236.4571,236.4571,204.8625,228.3732,228.3732,197.8588,
57,Croton matourensis,Euphorbiaceae,798661.0564,9728274.657,44.5,False,O,9,27.59,27.59,feldpausch_regional,0.18,default,-2.0,44.14,27.48,44.5,False,O,27.59,feldpausch,44.14,27.473175608487214,0.3883,859.4747,859.4747,562.1099,842.4584,842.4584,550.9809,
58,Guatteria schomburgkiana,Annonaceae,798665.2599,9728272.553,17.4,False,O,9,15.65,15.65,feldpausch_regional,0.18,default,-2.0,17.04,15.43,17.4,False,O,15.65,feldpausch,17.04,15.431417602903213,0.6,79.0422,79.0422,79.0422,74.8468,74.8468,74.8468,
59,Guatteria schomburgkiana,Annonaceae,798669.9581,9728276.437,22.7,False,O,9,18.63,18.63,feldpausch_regional,0.18,default,-2.0,22.34,18.44,22.7,False,O,18.63,feldpausch,22.34,18.44069507080865,0.6,157.453,157.453,157.453,151.1018,151.1018,151.1018,
61,Annona scandens,Annonaceae,798671.0692,9728275.036,15.3,False,O,9,14.34,14.34,feldpausch_regional,0.18,default,-2.0,14.94,14.11,15.3,False,O,14.34,feldpausch,14.940000000000001,14.10731821422537,0.5112,56.4638,56.4638,48.2882,53.0458,53.0458,45.3651,
62,Ormosia coccinea,Fabaceae,798673.9608,9728276.572,14.9,False,O,9,14.08,14.08,feldpausch_regional,0.18,default,-2.0,14.54,13.85,14.9,False,O,14.08,feldpausch,14.540000000000001,13.844437604821394,0.625,52.6692,52.6692,54.81,49.3937,49.3937,51.4013,
63,Guatteria schomburgkiana,Annonaceae,798675.2369,9728272.676,25.5,False,O,9,20.05,20.05,feldpausch_regional,0.18,default,-2.0,25.14,19.87,25.5,False,O,20.05,feldpausch,25.14,19.873450522682205,0.6,212.271,212.271,212.271,204.6861,204.6861,204.6861,
64,Guatteria schomburgkiana,Annonaceae,798675.4758,9728270.694,17.1,False,O,9,15.47,15.47,feldpausch_regional,0.18,default,-2.0,16.74,15.25,17.1,False,O,15.47,feldpausch,16.740000000000002,15.249476279075992,0.6,75.546,75.546,75.546,71.4641,71.4641,71.4641,
65,Guatteria schomburgkiana,Annonaceae,798674.9448,9728264.261,37.2,False,O,9,25.05,25.05,feldpausch_regional,0.18,default,-2.0,36.84,24.92,37.2,False,O,25.05,feldpausch,36.84,24.91442551912858,0.6,551.3112,551.3112,551.3112,538.0872,538.0872,538.0872,
66,,,798671.9229,9728263.865,13.6,False,O,9,13.22,13.22,feldpausch_regional,0.18,default,-2.0,13.24,12.98,13.6,False,O,13.22,feldpausch,13.24,12.974393799722383,0.5847,41.4429,41.4429,40.4091,38.6153,38.6153,37.6519,
67,Platymiscium filipes,Fabaceae,798668.6191,9728268.141,17.0,False,O,9,15.41,15.41,feldpausch_regional,0.18,default,-2.0,16.64,15.19,17.0,False,O,15.41,feldpausch,16.64,15.188816561640074,0.7815,74.4033,74.4033,96.2976,70.3589,70.3589,91.0631,
68,Platymiscium filipes,Fabaceae,798667.9238,9728265.72,23.2,False,O,9,18.89,18.89,feldpausch_regional,0.18,default,-2.0,22.84,18.7,23.2,False,O,18.89,feldpausch,22.84,18.703095477464036,0.7815,166.5312,166.5312,215.5354,159.9643,159.9643,207.0361,
69,Platymiscium filipes,Fabaceae,798667.0072,9728263.654,13.3,False,O,9,13.02,13.02,feldpausch_regional,0.18,default,-2.0,12.94,12.77,13.3,False,O,13.02,feldpausch,12.940000000000001,12.771874715997479,0.7815,39.0912,39.0912,50.5944,36.3631,36.3631,47.0635,
70,Platymiscium filipes,Fabaceae,798663.1209,9728262.862,19.2,False,O,9,16.71,16.71,feldpausch_regional,0.18,default,-2.0,18.84,16.5,19.2,False,O,16.71,feldpausch,18.84,16.50225650315437,0.7815,102.115,102.115,132.1639,97.2167,97.2167,125.8241,
71,Croton matourensis,Euphorbiaceae,798663.1757,9728262.252,18.2,False,O,9,16.13,16.13,feldpausch_regional,0.18,default,-2.0,17.84,15.92,18.2,False,O,16.13,feldpausch,17.84,15.916334995085252,0.3883,88.8733,88.8733,58.1245,84.3689,84.3689,55.1786,
72,Eschweilera coriacea,Lecythidaceae,798662.3464,9728260.5,13.1,False,O,9,12.88,12.88,feldpausch_regional,0.18,default,-2.0,12.74,12.63,13.1,False,O,12.88,feldpausch,12.74,12.630270902047103,0.8521,37.5536,37.5536,52.8843,34.8923,34.8923,49.1366,
73,Platymiscium filipes,Fabaceae,798670.3075,9728259.381,17.2,False,O,9,15.53,15.53,feldpausch_regional,0.18,default,-2.0,16.84,15.31,17.2,False,O,15.53,feldpausch,16.84,15.31012961987348,0.7815,76.7,76.7,99.2701,72.5805,72.5805,93.9383,
74,,,798672.4074,9728257.525,13.9,False,O,9,13.42,13.42,feldpausch_regional,0.18,default,-2.0,13.54,13.18,13.9,False,O,13.42,feldpausch,13.540000000000001,13.176821729950944,0.5847,43.8846,43.8846,42.7898,40.9558,40.9558,39.9341,
75,Stryphnodendron pulcherrimum,Fabaceae,798677.3483,9728256.485,18.0,False,O,9,16.01,16.01,feldpausch_regional,0.18,default,-2.0,17.64,15.8,18.0,False,O,16.01,feldpausch,17.64,15.795139296795606,0.475,86.3453,86.3453,68.741,81.919,81.919,65.2172,
76,Stryphnodendron pulcherrimum,Fabaceae,798677.1713,9728256.238,13.5,False,O,9,13.15,13.15,feldpausch_regional,0.18,default,-2.0,13.14,12.91,13.5,False,O,13.15,feldpausch,13.14,12.90362698059947,0.475,40.6391,40.6391,32.3535,37.8454,37.8454,30.1294,
77,Platymiscium filipes,Fabaceae,798676.4857,9728254.948,18.7,False,O,9,16.42,16.42,feldpausch_regional,0.18,default,-2.0,18.34,16.21,18.7,False,O,16.42,feldpausch,18.34,16.209361053609186,0.7815,95.3454,95.3454,123.4022,90.6458,90.6458,117.3197,
78,Dimorphandra macrostachya,Fabaceae,798671.0363,9728250.201,40.5,False,O,9,26.25,26.25,feldpausch_regional,0.18,default,-2.0,40.14,26.12,40.5,False,O,26.25,feldpausch,40.14,26.12337374620135,0.695,681.2133,681.2133,786.2934,666.2915,666.2915,769.0699,
79,Croton matourensis,Euphorbiaceae,798668.1528,9728249.986,15.0,False,O,9,14.15,14.15,feldpausch_regional,0.18,default,-2.0,14.64,13.91,15.0,False,O,14.15,feldpausch,14.64,13.915086591517273,0.3883,53.6203,53.6203,35.0685,50.3082,50.3082,32.9024,
80,Croton matourensis,Euphorbiaceae,798666.6533,9728244.94,23.4,False,O,9,18.99,18.99,feldpausch_regional,0.18,default,-2.0,23.04,18.81,23.4,False,O,18.99,feldpausch,23.04,18.804071075318802,0.3883,170.2199,170.2199,111.3265,163.5672,163.5672,106.9755,
81,Nectandra cuspidata,Lauraceae,798672.9688,9728250.179,14.5,False,O,9,13.82,13.82,feldpausch_regional,0.18,default,-2.0,14.14,13.58,14.5,False,O,13.82,feldpausch,14.14,13.581426401191216,0.518,49.0441,49.0441,42.491,45.9085,45.9085,39.7743,
82,Croton matourensis,Euphorbiaceae,798674.0883,9728248.107,25.0,False,O,9,19.8,19.8,feldpausch_regional,0.18,default,-2.0,24.64,19.62,25.0,False,O,19.8,feldpausch,24.64,19.62131370234897,0.3883,201.7367,201.7367,131.9389,194.3775,194.3775,127.1259,
83,Guatteria schomburgkiana,Annonaceae,798672.2738,9728246.713,17.4,False,O,9,15.65,15.65,feldpausch_regional,0.18,default,-2.0,17.04,15.43,17.4,False,O,15.65,feldpausch,17.04,15.431417602903213,0.6,79.0422,79.0422,79.0422,74.8468,74.8468,74.8468,
84,Croton matourensis,Euphorbiaceae,798672.5636,9728245.453,19.1,False,O,9,16.65,16.65,feldpausch_regional,0.18,default,-2.0,18.74,16.45,19.1,False,O,16.65,feldpausch,18.740000000000002,16.441712399625455,0.3883,100.7252,100.7252,65.8759,95.8675,95.8675,62.6988,
85,Croton matourensis,Euphorbiaceae,798672.5171,9728243.59,17.1,False,O,9,15.47,15.47,feldpausch_regional,0.18,default,-2.0,16.74,15.25,17.1,False,O,15.47,feldpausch,16.740000000000002,15.249476279075992,0.3883,75.546,75.546,49.4083,71.4641,71.4641,46.7387,
86,Inga sp.,Fabaceae,798673.4456,9728243.939,11.6,False,O,9,11.82,11.82,feldpausch_regional,0.18,default,-2.0,11.24,11.56,11.6,False,O,11.82,feldpausch,11.24,11.557025370127894,0.5786,27.2369,27.2369,26.2866,25.055,25.055,24.1808,
87,Croton matourensis,Euphorbiaceae,798674.2841,9728245.494,20.5,False,O,9,17.45,17.45,feldpausch_regional,0.18,default,-2.0,20.14,17.24,20.5,False,O,17.45,feldpausch,20.14,17.249401486858044,0.3883,121.0589,121.0589,79.1744,115.6315,115.6315,75.6248,
88,Croton matourensis,Euphorbiaceae,798676.2404,9728244.885,29.1,False,O,9,21.73,21.73,feldpausch_regional,0.18,default,-2.0,28.74,21.57,29.1,False,O,21.73,feldpausch,28.740000000000002,21.56794394010814,0.3883,297.1325,297.1325,194.3293,287.8884,287.8884,188.2835,
89,Inga marginata,Fabaceae,798677.036,9728247.136,13.6,False,O,9,13.22,13.22,feldpausch_regional,0.18,default,-2.0,13.24,12.98,13.6,False,O,13.22,feldpausch,13.24,12.974393799722383,0.5518,41.4429,41.4429,38.1904,38.6153,38.6153,35.5846,
90,Croton matourensis,Euphorbiaceae,798677.6454,9728245.257,13.3,False,O,9,13.02,13.02,feldpausch_regional,0.18,default,-2.0,12.94,12.77,13.3,False,O,13.02,feldpausch,12.940000000000001,12.771874715997479,0.3883,39.0912,39.0912,25.5663,36.3631,36.3631,23.782,
91,Croton matourensis,Euphorbiaceae,798677.6803,9728244.756,13.9,False,O,9,13.42,13.42,feldpausch_regional,0.18,default,-2.0,13.54,13.18,13.9,False,O,13.42,feldpausch,13.540000000000001,13.176821729950944,0.3883,43.8846,43.8846,28.7012,40.9558,40.9558,26.7857,
92,Banara guianensis,Salicaceae,798677.3323,9728242.929,11.4,False,O,9,11.67,11.67,feldpausch_regional,0.18,default,-2.0,11.04,11.41,11.4,False,O,11.67,feldpausch,11.040000000000001,11.405237510778715,0.61,26.0016,26.0016,26.4245,23.882,23.882,24.2704,
93,Croton matourensis,Euphorbiaceae,798673.4918,9728243.335,15.7,False,O,9,14.6,14.6,feldpausch_regional,0.18,default,-2.0,15.34,14.37,15.7,False,O,14.6,feldpausch,15.34,14.370078027679671,0.3883,60.4318,60.4318,39.5233,56.8685,56.8685,37.1929,
94,Croton matourensis,Euphorbiaceae,798674.5929,9728241.373,21.1,False,O,9,17.78,17.78,feldpausch_regional,0.18,default,-2.0,20.74,17.58,21.1,False,O,17.78,feldpausch,20.740000000000002,17.582583614354764,0.3883,130.4348,130.4348,85.3064,124.7591,124.7591,81.5944,
95,Croton matourensis,Euphorbiaceae,798675.5617,9728241.123,17.2,False,O,9,15.53,15.53,feldpausch_regional,0.18,default,-2.0,16.84,15.31,17.2,False,O,15.53,feldpausch,16.84,15.31012961987348,0.3883,76.7,76.7,50.163,72.5805,72.5805,47.4688,
96,Dimorphandra macrostachya,Fabaceae,798676.565,9728240.372,24.5,False,O,9,19.55,19.55,feldpausch_regional,0.18,default,-2.0,24.14,19.37,24.5,False,O,19.55,feldpausch,24.14,19.369105347321096,0.695,191.5456,191.5456,221.0923,184.4093,184.4093,212.8552,
97,Inga sp.,Fabaceae,798676.8438,9728240.448,12.8,False,O,9,12.67,12.67,feldpausch_regional,0.18,default,-2.0,12.44,12.42,12.8,False,O,12.67,feldpausch,12.440000000000001,12.417788319260666,0.5786,35.3219,35.3219,34.0895,32.7595,32.7595,31.6165,
98,Xylopia amazonica,Annonaceae,798676.8725,9728240.047,12.1,False,O,9,12.18,12.18,feldpausch_regional,0.18,default,-2.0,11.74,11.92,12.1,False,O,12.18,feldpausch,11.74,11.921601999718774,0.787,30.4544,30.4544,39.6867,28.1161,28.1161,36.6396,
99,Croton matourensis,Euphorbiaceae,798678.0988,9728238.75,11.1,False,O,9,11.45,11.45,feldpausch_regional,0.18,default,-2.0,10.74,11.18,11.1,False,O,11.45,feldpausch,10.74,11.182340299273735,0.3883,24.2284,24.2284,15.8458,22.1998,22.1998,14.519,
100,Annona scandens,Annonaceae,798678.3767,9728238.827,20.6,False,O,9,17.5,17.5,feldpausch_regional,0.18,default,-2.0,20.24,17.3,20.6,False,O,17.5,feldpausch,20.240000000000002,17.29999958884892,0.5112,122.556,122.556,104.8106,117.0891,117.0891,100.1353,
101,Croton matourensis,Euphorbiaceae,798666.2056,9728239.107,15.0,False,O,9,14.15,14.15,feldpausch_regional,0.18,default,-2.0,14.64,13.91,15.0,False,O,14.15,feldpausch,14.64,13.915086591517273,0.3883,53.6203,53.6203,35.0685,50.3082,50.3082,32.9024,
102,Croton matourensis,Euphorbiaceae,798667.2695,9728237.837,20.8,False,O,9,17.61,17.61,feldpausch_regional,0.18,default,-2.0,20.44,17.41,20.8,False,O,17.61,feldpausch,20.44,17.41106794193607,0.3883,125.6555,125.6555,82.1807,120.1061,120.1061,78.5513,
103,Croton matourensis,Euphorbiaceae,798667.3136,9728237.329,19.0,False,O,9,16.6,16.6,feldpausch_regional,0.18,default,-2.0,18.64,16.39,19.0,False,O,16.6,feldpausch,18.64,16.391037822045284,0.3883,99.4061,99.4061,65.0132,94.586,94.586,61.8607,
104,Croton matourensis,Euphorbiaceae,798665.6841,9728234.278,15.8,False,O,9,14.66,14.66,feldpausch_regional,0.18,default,-2.0,15.44,14.43,15.8,False,O,14.66,feldpausch,15.440000000000001,14.43082832275704,0.3883,61.4308,61.4308,40.1767,57.832,57.832,37.8231,
1,Croton matourensis,Euphorbiaceae,798690.2071,9728231.499,11.4,False,O,9,11.67,11.67,feldpausch_regional,0.18,default,-2.0,11.04,11.41,11.4,False,O,11.67,feldpausch,11.040000000000001,11.405237510778715,0.3883,26.0016,26.0016,17.0055,23.882,23.882,15.6192,
2,Croton matourensis,Euphorbiaceae,798687.4021,9728232.079,15.1,False,O,9,14.21,14.21,feldpausch_regional,0.18,default,-2.0,14.74,13.98,15.1,False,O,14.21,feldpausch,14.74,13.975893597095732,0.3883,54.5451,54.5451,35.6733,51.1986,51.1986,33.4847,
3,,,798689.9627,9728236.33,10.1,False,O,9,10.7,10.7,feldpausch_regional,0.18,default,-2.0,9.74,10.42,10.1,False,O,10.7,feldpausch,9.74,10.422080815603511,0.5847,18.8614,18.8614,18.3909,17.1258,17.1258,16.6986,
4,,,798689.7692,9728236.475,11.0,False,O,9,11.38,11.38,feldpausch_regional,0.18,default,-2.0,10.64,11.11,11.0,False,O,11.38,feldpausch,10.64,11.111266572550116,0.5847,23.6621,23.6621,23.0718,21.6629,21.6629,21.1224,
5,,,798690.0395,9728236.652,11.6,False,O,9,11.82,11.82,feldpausch_regional,0.18,default,-2.0,11.24,11.56,11.6,False,O,11.82,feldpausch,11.24,11.557025370127894,0.5847,27.2369,27.2369,26.5574,25.055,25.055,24.4299,
6,,,798690.1263,9728236.777,13.8,False,O,9,13.36,13.36,feldpausch_regional,0.18,default,-2.0,13.44,13.11,13.8,False,O,13.36,feldpausch,13.440000000000001,13.11590038072233,0.5847,43.0816,43.0816,42.0068,40.1853,40.1853,39.1828,
7,Croton matourensis,Euphorbiaceae,798687.1015,9728237.521,18.6,False,O,9,16.36,16.36,feldpausch_regional,0.18,default,-2.0,18.24,16.15,18.6,False,O,16.36,feldpausch,18.240000000000002,16.148792440489622,0.3883,94.0161,94.0161,61.488,89.3564,89.3564,58.4405,
8,Croton matourensis,Euphorbiaceae,798681.4502,9728237.952,20.3,False,O,9,17.33,17.33,feldpausch_regional,0.18,default,-2.0,19.94,17.13,20.3,False,O,17.33,feldpausch,19.94,17.128422670463497,0.3883,117.967,117.967,77.1522,112.6244,112.6244,73.6581,
9,Himatanthus sucuuba,Apocynaceae,798679.5153,9728238.735,21.1,False,O,9,17.78,17.78,feldpausch_regional,0.18,default,-2.0,20.74,17.58,21.1,False,O,17.78,feldpausch,20.740000000000002,17.582583614354764,0.462,130.4348,130.4348,101.0668,124.7591,124.7591,96.669,
10,Himatanthus sucuuba,Apocynaceae,798679.3302,9728238.683,10.1,False,O,9,10.7,10.7,feldpausch_regional,0.18,default,-2.0,9.74,10.42,10.1,False,O,10.7,feldpausch,9.74,10.422080815603511,0.462,18.8614,18.8614,14.6147,17.1258,17.1258,13.2699,
11,Abarema jupunba,Fabaceae,798689.4788,9728245.894,11.6,False,O,9,11.82,11.82,feldpausch_regional,0.18,default,-2.0,11.24,11.56,11.6,False,O,11.82,feldpausch,11.24,11.557025370127894,0.5851,27.2369,27.2369,26.5784,25.055,25.055,24.4493,
12,Guatteria schomburgkiana,Annonaceae,798687.4648,9728248.159,18.0,False,O,9,16.01,16.01,feldpausch_regional,0.18,default,-2.0,17.64,15.8,18.0,False,O,16.01,feldpausch,17.64,15.795139296795606,0.6,86.3453,86.3453,86.3453,81.919,81.919,81.919,
13,Xylopia nitida,Annonaceae,798679.4749,9728239.334,11.6,False,O,9,11.82,11.82,feldpausch_regional,0.18,default,-2.0,11.24,11.56,11.6,False,O,11.82,feldpausch,11.24,11.557025370127894,0.5483,27.2369,27.2369,24.9453,25.055,25.055,22.947,
14,,,798687.5619,9728251.691,49.0,True,O,9,28.99,28.99,feldpausch_regional,0.18,default,-2.0,48.64,28.88,49.0,True,O,28.99,feldpausch,48.64,28.8829313567199,0.5847,1088.6235,759.575,759.575,1069.1977,746.193,746.193,
15,Banara guianensis,Salicaceae,798678.7001,9728250.825,10.1,False,O,9,10.7,10.7,feldpausch_regional,0.18,default,-2.0,9.74,10.42,10.1,False,O,10.7,feldpausch,9.74,10.422080815603511,0.61,18.8614,18.8614,19.1682,17.1258,17.1258,17.4043,
16,Inga thibaudiana,Fabaceae,798680.6187,9728255.366,13.3,False,O,9,13.02,13.02,feldpausch_regional,0.18,default,-2.0,12.94,12.77,13.3,False,O,13.02,feldpausch,12.940000000000001,12.771874715997479,0.5786,39.0912,39.0912,37.7273,36.3631,36.3631,35.0944,
17,Croton matourensis,Euphorbiaceae,798684.1212,9728256.541,18.1,False,O,9,16.07,16.07,feldpausch_regional,0.18,default,-2.0,17.74,15.86,18.1,False,O,16.07,feldpausch,17.740000000000002,15.855739843979478,0.3883,87.6034,87.6034,57.294,83.1381,83.1381,54.3736,
18,Inga thibaudiana,Fabaceae,798683.0149,9728258.886,12.4,False,O,9,12.39,12.39,feldpausch_regional,0.18,default,-2.0,12.04,12.13,12.4,False,O,12.39,feldpausch,12.040000000000001,12.13432450561637,0.5786,32.4831,32.4831,31.3497,30.0499,30.0499,29.0014,
19,Guatteria schomburgkiana,Annonaceae,798677.9889,9728255.626,27.7,False,O,9,21.09,21.09,feldpausch_regional,0.18,default,-2.0,27.34,20.92,27.7,False,O,21.09,feldpausch,27.34,20.922574616850373,0.6,262.1078,262.1078,262.1078,253.5197,253.5197,253.5197,
20,Mayna odorata,Achariaceae,798677.4291,9728259.555,13.3,False,O,9,13.02,13.02,feldpausch_regional,0.18,default,-2.0,12.94,12.77,13.3,False,O,13.02,feldpausch,12.940000000000001,12.771874715997479,0.5847,39.0912,39.0912,38.116,36.3631,36.3631,35.4559,
21,Xylopia nitida,Annonaceae,798685.6095,9728264.535,18.0,False,O,9,16.01,16.01,feldpausch_regional,0.18,default,-2.0,17.64,15.8,18.0,False,O,16.01,feldpausch,17.64,15.795139296795606,0.5483,86.3453,86.3453,79.0807,81.919,81.919,75.0269,
22,Banara guianensis,Salicaceae,798685.904,9728264.504,10.7,False,O,9,11.15,11.15,feldpausch_regional,0.18,default,-2.0,10.34,10.88,10.7,False,O,11.15,feldpausch,10.34,10.878429139290521,0.61,21.9765,21.9765,22.3339,20.0675,20.0675,20.3939,
23,Platymiscium filipes,Fabaceae,798685.9734,9728265.021,10.2,False,O,9,10.78,10.78,feldpausch_regional,0.18,default,-2.0,9.84,10.5,10.2,False,O,10.78,feldpausch,9.84,10.503054040815368,0.7815,19.368,19.368,25.0673,17.6032,17.6032,22.7832,
24,Banara guianensis,Salicaceae,798685.8661,9728265.196,14.0,False,O,9,13.49,13.49,feldpausch_regional,0.18,default,-2.0,13.64,13.25,14.0,False,O,13.49,feldpausch,13.64,13.247551872280896,0.61,44.7295,44.7295,45.457,41.766,41.766,42.4452,
25,Platymiscium filipes,Fabaceae,798687.5166,9728265.384,28.5,False,O,9,21.46,21.46,feldpausch_regional,0.18,default,-2.0,28.14,21.29,28.5,False,O,21.46,feldpausch,28.14,21.295663739136725,0.7815,281.8308,281.8308,364.7636,272.8686,272.8686,353.1641,
26,Pourouma villosa,Urticaceae,798687.7295,9728266.933,18.6,False,O,9,16.36,16.36,feldpausch_regional,0.18,default,-2.0,18.24,16.15,18.6,False,O,16.36,feldpausch,18.240000000000002,16.148792440489622,0.34,94.0161,94.0161,54.007,89.3564,89.3564,51.3303,
27,Platymiscium filipes,Fabaceae,798685.4236,9728267.899,27.3,False,O,9,20.91,20.91,feldpausch_regional,0.18,default,-2.0,26.94,20.74,27.3,False,O,20.91,feldpausch,26.94,20.740933340229653,0.7815,252.6479,252.6479,326.9932,244.2425,244.2425,316.1144,
28,Eschweilera coriacea,Lecythidaceae,798679.7556,9728264.266,14.0,False,O,9,13.49,13.49,feldpausch_regional,0.18,default,-2.0,13.64,13.25,14.0,False,O,13.49,feldpausch,13.64,13.247551872280896,0.8521,44.7295,44.7295,62.9896,41.766,41.766,58.8163,
29,Mayna odorata,Achariaceae,798678.5307,9728264.993,22.0,False,O,9,18.26,18.26,feldpausch_regional,0.18,default,-2.0,21.64,18.07,22.0,False,O,18.26,feldpausch,21.64,18.067246632339895,0.5847,145.2428,145.2428,141.6194,139.1904,139.1904,135.718,
30,Banara guianensis,Salicaceae,798680.5647,9728266.981,10.0,False,O,9,10.62,10.62,feldpausch_regional,0.18,default,-2.0,9.64,10.34,10.0,False,O,10.62,feldpausch,9.64,10.341091793253828,0.61,18.3636,18.3636,18.6623,16.657,16.657,16.9279,
31,Croton matourensis,Euphorbiaceae,798679.5052,9728268.153,21.8,False,O,9,18.15,18.15,feldpausch_regional,0.18,default,-2.0,21.44,17.96,21.8,False,O,18.15,feldpausch,21.44,17.956273582240566,0.3883,141.8376,141.8376,92.764,135.8709,135.8709,88.8617,
32,Croton matourensis,Euphorbiaceae,798679.7904,9728268.319,22.0,False,O,9,18.26,18.26,feldpausch_regional,0.18,default,-2.0,21.64,18.07,22.0,False,O,18.26,feldpausch,21.64,18.067246632339895,0.3883,145.2428,145.2428,94.991,139.1904,139.1904,91.0327,
33,Platymiscium filipes,Fabaceae,798684.4804,9728270.692,28.0,False,O,9,21.23,21.23,feldpausch_regional,0.18,default,-2.0,27.64,21.06,28.0,False,O,21.23,feldpausch,27.64,21.06374041058077,0.7815,269.4116,269.4116,348.6899,260.6835,260.6835,337.3935,
34,Miconia poeppigii,Melastomataceae,798684.2575,9728271.143,14.6,False,O,9,13.89,13.89,feldpausch_regional,0.18,default,-2.0,14.24,13.65,14.6,False,O,13.89,feldpausch,14.24,13.652106386641979,0.5967,49.9522,49.9522,49.6814,46.7807,46.7807,46.5271,
35,Platymiscium filipes,Fabaceae,798685.1832,9728272.253,33.5,False,O,9,23.61,23.61,feldpausch_regional,0.18,default,-2.0,33.14,23.46,33.5,False,O,23.61,feldpausch,33.14,23.463193255523848,0.7815,424.1211,424.1211,548.9249,412.7495,412.7495,534.2071,
36,Banara guianensis,Salicaceae,798686.0958,9728273.657,10.3,False,O,9,10.85,10.85,feldpausch_regional,0.18,default,-2.0,9.94,10.58,10.3,False,O,10.85,feldpausch,9.940000000000001,10.57426605405682,0.61,19.8654,19.8654,20.1885,18.0729,18.0729,18.3668,
37,Guatteria schomburgkiana,Annonaceae,798686.3682,9728274.117,11.0,False,O,9,11.38,11.38,feldpausch_regional,0.18,default,-2.0,10.64,11.11,11.0,False,O,11.38,feldpausch,10.64,11.111266572550116,0.6,23.6621,23.6621,23.6621,21.6629,21.6629,21.6629,
38,Platymiscium filipes,Fabaceae,798684.9864,9728275.815,18.0,False,O,9,16.01,16.01,feldpausch_regional,0.18,default,-2.0,17.64,15.8,18.0,False,O,16.01,feldpausch,17.64,15.795139296795606,0.7815,86.3453,86.3453,111.7536,81.919,81.919,106.0249,
39,Banara guianensis,Salicaceae,798680.2955,9728271.262,14.5,False,O,9,13.82,13.82,feldpausch_regional,0.18,default,-2.0,14.14,13.58,14.5,False,O,13.82,feldpausch,14.14,13.581426401191216,0.61,49.0441,49.0441,49.8417,45.9085,45.9085,46.6551,
40,Platymiscium filipes,Fabaceae,798676.4874,9728270.412,29.1,False,O,9,21.73,21.73,feldpausch_regional,0.18,default,-2.0,28.74,21.57,29.1,False,O,21.73,feldpausch,28.740000000000002,21.56794394010814,0.7815,297.1325,297.1325,384.568,287.8884,287.8884,372.6038,
41,Banara guianensis,Salicaceae,798676.3842,9728271.912,11.4,False,O,9,11.67,11.67,feldpausch_regional,0.18,default,-2.0,11.04,11.41,11.4,False,O,11.67,feldpausch,11.040000000000001,11.405237510778715,0.61,26.0016,26.0016,26.4245,23.882,23.882,24.2704,
42,Platymiscium filipes,Fabaceae,798677.2112,9728272.906,11.9,False,O,9,12.03,12.03,feldpausch_regional,0.18,default,-2.0,11.54,11.77,11.9,False,O,12.03,feldpausch,11.540000000000001,11.769939397609964,0.7815,29.1251,29.1251,37.6956,26.8511,26.8511,34.7524,
43,,,798685.8623,9728278.005,10.4,False,O,9,10.93,10.93,feldpausch_regional,0.18,default,-2.0,10.04,10.65,10.4,False,O,10.93,feldpausch,10.040000000000001,10.655206304765878,0.5847,20.3893,20.3893,19.8807,18.5672,18.5672,18.104,
44,Apeiba petoumo,Malvaceae,798695.9817,9728273.09,33.3,False,O,9,23.53,23.53,feldpausch_regional,0.18,default,-2.0,32.94,23.38,33.3,False,O,23.53,feldpausch,32.94,23.382539366111985,0.2822,417.8062,417.8062,200.1327,406.5326,406.5326,194.7325,
45,Talisia longifolia,Sapindaceae,798694.2118,9728268.344,18.5,False,O,9,16.31,16.31,feldpausch_regional,0.18,default,-2.0,18.14,16.09,18.5,False,O,16.31,feldpausch,18.14,16.098088927419887,0.8499,92.7545,92.7545,130.2917,88.1318,88.1318,123.7982,
46,Inga thibaudiana,Fabaceae,798694.5652,9728264.475,21.6,False,O,9,18.05,18.05,feldpausch_regional,0.18,default,-2.0,21.24,17.85,21.6,False,O,18.05,feldpausch,21.240000000000002,17.855177983198676,0.5786,138.5595,138.5595,133.725,132.6747,132.6747,128.0456,
47,Inga thibaudiana,Fabaceae,798694.6573,9728264.596,19.6,False,O,9,16.94,16.94,feldpausch_regional,0.18,default,-2.0,19.24,16.73,19.6,False,O,16.94,feldpausch,19.240000000000002,16.734509659584937,0.5786,107.7368,107.7368,103.9778,102.6775,102.6775,99.095,
48,Euterpe oleracea,Arecaceae,798695.3762,9728263.584,10.5,False,P,9,11.0,11.0,feldpausch_regional,0.18,default,-2.0,10.14,10.73,10.5,False,P,11.0,feldpausch,10.14,10.726380861779772,0.3877,20.9036,12.1091,12.1091,19.0533,11.002,11.002,
49,Euterpe oleracea,Arecaceae,798695.3723,9728263.682,10.2,False,P,9,10.78,10.78,feldpausch_regional,0.18,default,-2.0,9.84,10.5,10.2,False,P,10.78,feldpausch,9.84,10.503054040815368,0.3877,19.368,11.1818,11.1818,17.6032,10.1304,10.1304,
50,Croton matourensis,Euphorbiaceae,798694.5829,9728259.34,22.0,False,O,9,18.26,18.26,feldpausch_regional,0.18,default,-2.0,21.64,18.07,22.0,False,O,18.26,feldpausch,21.64,18.067246632339895,0.3883,145.2428,145.2428,94.991,139.1904,139.1904,91.0327,
51,Inga alba,Fabaceae,798692.1056,9728250.38,18.5,False,O,9,16.31,16.31,feldpausch_regional,0.18,default,-2.0,18.14,16.09,18.5,False,O,16.31,feldpausch,18.14,16.098088927419887,0.5861,92.7545,92.7545,90.6583,88.1318,88.1318,86.1401,
52,Guatteria schomburgkiana,Annonaceae,798693.9831,9728250.873,18.3,False,O,9,16.19,16.19,feldpausch_regional,0.18,default,-2.0,17.94,15.98,18.3,False,O,16.19,feldpausch,17.94,15.976924836595087,0.6,90.1551,90.1551,90.1551,85.6114,85.6114,85.6114,
53,Abarema jupunba,Fabaceae,798693.1096,9728249.155,35.3,False,O,9,24.32,24.32,feldpausch_regional,0.18,default,-2.0,34.94,24.18,35.3,False,O,24.32,feldpausch,34.94,24.178852471686728,0.5851,483.5232,483.5232,471.8341,471.2596,471.2596,459.867,
54,Swartzia corrugata,Fabaceae,798690.7687,9728248.534,21.0,False,O,9,17.72,17.72,feldpausch_regional,0.18,default,-2.0,20.64,17.52,21.0,False,O,17.72,feldpausch,20.64,17.522119502180754,1.0565,128.8052,128.8052,223.7455,123.1727,123.1727,213.9615,
55,Guatteria schomburgkiana,Annonaceae,798696.9295,9728248.195,26.4,False,O,9,20.48,20.48,feldpausch_regional,0.18,default,-2.0,26.04,20.31,26.4,False,O,20.48,feldpausch,26.04,20.3072978184369,0.6,231.894,231.894,231.894,223.9032,223.9032,223.9032,
56,Eschweilera coriacea,Lecythidaceae,798696.5312,9728246.312,18.9,False,O,9,16.54,16.54,feldpausch_regional,0.18,default,-2.0,18.54,16.33,18.9,False,O,16.54,feldpausch,18.54,16.330483669377777,0.8521,98.0403,98.0403,138.0637,93.2605,93.2605,131.3327,
57,Guatteria schomburgkiana,Annonaceae,798696.535,9728246.214,16.2,False,O,9,14.91,14.91,feldpausch_regional,0.18,default,-2.0,15.84,14.69,16.2,False,O,14.91,feldpausch,15.84,14.683599054839801,0.6,65.5765,65.5765,65.5765,61.8317,61.8317,61.8317,
58,Guatteria schomburgkiana,Annonaceae,798699.8133,9728246.419,23.9,False,O,9,19.25,19.25,feldpausch_regional,0.18,default,-2.0,23.54,19.07,23.9,False,O,19.25,feldpausch,23.54,19.066354741719486,0.6,179.762,179.762,179.762,172.8893,172.8893,172.8893,
59,Guatteria schomburgkiana,Annonaceae,798700.7947,9728245.021,12.8,False,O,9,12.67,12.67,feldpausch_regional,0.18,default,-2.0,12.44,12.42,12.8,False,O,12.67,feldpausch,12.440000000000001,12.417788319260666,0.6,35.3219,35.3219,35.3219,32.7595,32.7595,32.7595,
60,Croton matourensis,Euphorbiaceae,798696.2792,9728240.809,26.1,False,O,9,20.34,20.34,feldpausch_regional,0.18,default,-2.0,25.74,20.16,26.1,False,O,20.34,feldpausch,25.740000000000002,20.16601145734849,0.3883,225.2649,225.2649,147.3268,217.4091,217.4091,142.1889,
61,Xylopia nitida,Annonaceae,798689.9527,9728236.528,27.0,False,O,9,20.76,20.76,feldpausch_regional,0.18,default,-2.0,26.64,20.59,27.0,False,O,20.76,feldpausch,26.64,20.58979841361608,0.5483,245.5255,245.5255,224.8685,237.2619,237.2619,217.3001,
62,Banara guianensis,Salicaceae,798691.788,9728237.053,10.2,False,O,9,10.78,10.78,feldpausch_regional,0.18,default,-2.0,9.84,10.5,10.2,False,O,10.78,feldpausch,9.84,10.503054040815368,0.61,19.368,19.368,19.683,17.6032,17.6032,17.8895,
63,Abarema jupunba,Fabaceae,798690.0276,9728235.049,30.5,False,O,9,22.35,22.35,feldpausch_regional,0.18,default,-2.0,30.14,22.19,30.5,False,O,22.35,feldpausch,30.14,22.193042714473396,0.5851,334.7409,334.7409,326.6486,324.8299,324.8299,316.9771,
64,Guatteria schomburgkiana,Annonaceae,798695.5109,9728236.831,12.5,False,O,9,12.46,12.46,feldpausch_regional,0.18,default,-2.0,12.14,12.21,12.5,False,O,12.46,feldpausch,12.14,12.205207704531016,0.6,33.1783,33.1783,33.1783,30.7131,30.7131,30.7131,
65,Byrsonima spicata,Malpighiaceae,798695.9766,9728236.767,11.1,False,O,9,11.45,11.45,feldpausch_regional,0.18,default,-2.0,10.74,11.18,11.1,False,O,11.45,feldpausch,10.74,11.182340299273735,0.6137,24.2284,24.2284,24.7669,22.1998,22.1998,22.6932,
66,,,798700.2183,9728234.261,23.5,True,O,9,19.05,19.05,feldpausch_regional,0.18,default,-2.0,23.14,18.86,23.5,True,O,19.05,feldpausch,23.14,18.86445625378704,0.5847,172.1721,123.9222,123.9222,165.4729,119.1964,119.1964,
68,Croton matourensis,Euphorbiaceae,798695.6683,9728233.014,16.0,False,O,9,14.79,14.79,feldpausch_regional,0.18,default,-2.0,15.64,14.56,16.0,False,O,14.79,feldpausch,15.64,14.562150985682587,0.3883,63.5026,63.5026,41.5317,59.83,59.83,39.1298,
1,Pseudopiptadenia suaveolens,Fabaceae,798912.9287,9728280.145,10.2,False,O,10,10.78,10.78,feldpausch_regional,0.18,default,-2.0,9.84,10.5,10.2,False,O,10.78,feldpausch,9.84,10.503054040815368,0.6797,19.368,19.368,21.8756,17.6032,17.6032,19.8823,
2,Pseudopiptadenia suaveolens,Fabaceae,798916.3775,9728282.351,12.1,False,O,10,12.18,12.18,feldpausch_regional,0.18,default,-2.0,11.74,11.92,12.1,False,O,12.18,feldpausch,11.74,11.921601999718774,0.6797,30.4544,30.4544,34.3973,28.1161,28.1161,31.7563,
3,Nectandra cuspidata,Lauraceae,798914.0992,9728281.029,16.0,False,O,10,14.79,14.79,feldpausch_regional,0.18,default,-2.0,15.64,14.56,16.0,False,O,14.79,feldpausch,15.64,14.562150985682587,0.518,63.5026,63.5026,55.0177,59.83,59.83,51.8357,
4,Eschweilera coriacea,Lecythidaceae,798913.5775,9728284.524,10.2,False,O,10,10.78,10.78,feldpausch_regional,0.18,default,-2.0,9.84,10.5,10.2,False,O,10.78,feldpausch,9.84,10.503054040815368,0.8521,19.368,19.368,27.2746,17.6032,17.6032,24.7894,
5,Tetragastris altissima,Burseraceae,798915.5876,9728286.557,18.1,False,O,10,16.07,16.07,feldpausch_regional,0.18,default,-2.0,17.74,15.86,18.1,False,O,16.07,feldpausch,17.740000000000002,15.855739843979478,0.7079,87.6034,87.6034,102.9419,83.1381,83.1381,97.6948,
6,Ocotea canaliculata,Lauraceae,798915.5214,9728288.48,7.6,False,O,10,8.68,8.68,feldpausch_regional,0.18,default,-2.0,7.24,8.38,7.6,False,O,8.68,feldpausch,7.239999999999999,8.371731633471073,0.4793,8.8268,8.8268,7.0897,7.7506,7.7506,6.2254,
7,Virola sebifera,Myristicaceae,798918.2327,9728288.532,13.0,False,O,10,12.81,12.81,feldpausch_regional,0.18,default,-2.0,12.64,12.56,13.0,False,O,12.81,feldpausch,12.64,12.559453854983726,0.4454,36.7999,36.7999,27.5123,34.1717,34.1717,25.5474,
8,Rinorea guianensis,Violaceae,798912.3183,9728289.242,6.1,False,O,10,7.36,7.36,feldpausch_regional,0.18,default,-2.0,5.74,7.03,6.1,False,O,7.36,feldpausch,5.739999999999999,7.028355955041076,0.78,4.8921,4.8921,6.3198,4.1532,4.1532,5.3653,
9,Pouteria gongrijpii,Sapotaceae,798915.2011,9728292.092,9.9,False,O,10,10.55,10.55,feldpausch_regional,0.18,default,-2.0,9.54,10.27,9.9,False,O,10.55,feldpausch,9.540000000000001,10.269820930409036,0.7994,17.891,17.891,23.6732,16.2115,16.2115,21.451,
10,Tetragastris altissima,Burseraceae,798913.8978,9728294.976,8.1,False,O,10,9.1,9.1,feldpausch_regional,0.18,default,-2.0,7.74,8.8,8.1,False,O,9.1,feldpausch,7.739999999999999,8.798533546303183,0.7079,10.4676,10.4676,12.3004,9.2689,9.2689,10.8918,
11,Rinorea guianensis,Violaceae,798912.801,9728295.524,9.0,False,O,10,9.84,9.84,feldpausch_regional,0.18,default,-2.0,8.64,9.55,9.0,False,O,9.84,feldpausch,8.64,9.549628609842348,0.78,13.8773,13.8773,17.9273,12.4452,12.4452,16.0772,
12,Rinorea guianensis,Violaceae,798912.905,9728295.533,5.6,False,O,10,6.9,6.9,feldpausch_regional,0.18,default,-2.0,5.24,6.56,5.6,False,O,6.9,feldpausch,5.239999999999999,6.5591680686676135,0.78,3.8872,3.8872,5.0217,3.2497,3.2497,4.1981,
13,Stryphnodendron paniculatum,Fabaceae,798912.7342,9728296.27,27.6,False,O,10,21.05,21.05,feldpausch_regional,0.18,default,-2.0,27.24,20.88,27.6,False,O,21.05,feldpausch,27.240000000000002,20.88212819099749,0.6535,259.7821,259.7821,282.3666,251.2379,251.2379,273.0796,
14,,,798912.2223,9728297.301,16.0,False,O,10,14.79,14.79,feldpausch_regional,0.18,default,-2.0,15.64,14.56,16.0,False,O,14.79,feldpausch,15.64,14.562150985682587,0.5847,63.5026,63.5026,61.9184,59.83,59.83,58.3374,
15,,,798912.268,9728299.131,26.0,True,O,10,20.29,20.29,feldpausch_regional,0.18,default,-2.0,25.64,20.11,26.0,True,O,20.29,feldpausch,25.64,20.115605777331606,0.5847,223.0468,159.7213,159.7213,215.237,154.2359,154.2359,
16,Tetragastris altissima,Burseraceae,798914.5038,9728299.954,7.2,False,O,10,8.34,8.34,feldpausch_regional,0.18,default,-2.0,6.84,8.03,7.2,False,O,8.34,feldpausch,6.84,8.025863273791368,0.7079,7.6389,7.6389,8.9764,6.6569,6.6569,7.8225,
17,Rinorea guianensis,Violaceae,798914.3625,9728301.547,5.8,False,O,10,7.09,7.09,feldpausch_regional,0.18,default,-2.0,5.44,6.75,5.8,False,O,7.09,feldpausch,5.4399999999999995,6.7527231059298405,0.78,4.2747,4.2747,5.5222,3.5968,3.5968,4.6465,
18,Carapa guianensis,Meliaceae,798914.4968,9728303.589,19.7,False,O,10,17.0,17.0,feldpausch_regional,0.18,default,-2.0,19.34,16.79,19.7,False,O,17.0,feldpausch,19.34,16.7950310773082,0.53,109.1885,109.1885,96.7374,104.0879,104.0879,92.2185,
19,Carapa guianensis,Meliaceae,798920.6311,9728301.926,16.6,False,O,10,15.16,15.16,feldpausch_regional,0.18,default,-2.0,16.24,14.94,16.6,False,O,15.16,feldpausch,16.240000000000002,14.936259251144145,0.53,69.8995,69.8995,61.9287,66.0062,66.0062,58.4793,
20,Tetragastris altissima,Burseraceae,798914.1843,9728304.742,25.0,False,O,10,19.8,19.8,feldpausch_regional,0.18,default,-2.0,24.64,19.62,25.0,False,O,19.8,feldpausch,24.64,19.62131370234897,0.7079,201.7367,201.7367,237.0588,194.3775,194.3775,228.4111,
21,Licania heteromorpha,Chrysobalanaceae,798915.1249,9728304.81,11.2,False,O,10,11.53,11.53,feldpausch_regional,0.18,default,-2.0,10.84,11.26,11.2,False,O,11.53,feldpausch,10.84,11.263166132148207,0.8164,24.8245,24.8245,33.5291,22.7645,22.7645,30.7468,
22,Eschweilera coriacea,Lecythidaceae,798917.2798,9728304.221,7.7,False,O,10,8.77,8.77,feldpausch_regional,0.18,default,-2.0,7.34,8.46,7.7,False,O,8.77,feldpausch,7.34,8.462941976829288,0.8521,9.1466,9.1466,12.8805,8.0456,8.0456,11.3301,
23,Bagassa guianensis,Moraceae,798920.3414,9728305.293,33.2,False,O,10,23.48,23.48,feldpausch_regional,0.18,default,-2.0,32.84,23.34,33.2,False,O,23.48,feldpausch,32.84,23.332272826935704,0.7087,414.4991,414.4991,487.6176,403.2791,403.2791,474.4184,
24,Diplotropis sp.,Fabaceae,798913.9762,9728305.903,25.8,False,O,10,20.19,20.19,feldpausch_regional,0.18,default,-2.0,25.44,20.02,25.8,False,O,20.19,feldpausch,25.44,20.014786744922866,0.7378,218.653,218.653,267.5218,210.935,210.935,258.0788,
25,Pouteria retinervis,Sapotaceae,798910.2419,9728304.134,12.8,False,O,10,12.67,12.67,feldpausch_regional,0.18,default,-2.0,12.44,12.42,12.8,False,O,12.67,feldpausch,12.440000000000001,12.417788319260666,0.7187,35.3219,35.3219,42.1285,32.7595,32.7595,39.0723,
26,Sloanea guianensis,Elaeocarpaceae,798910.2485,9728306.393,8.2,False,O,10,9.19,9.19,feldpausch_regional,0.18,default,-2.0,7.84,8.89,8.2,False,O,9.19,feldpausch,7.839999999999999,8.889613198904737,0.8212,10.8248,10.8248,14.7044,9.6001,9.6001,13.0407,
27,Nectandra cuspidata,Lauraceae,798912.4076,9728308.15,10.7,False,O,10,11.15,11.15,feldpausch_regional,0.18,default,-2.0,10.34,10.88,10.7,False,O,11.15,feldpausch,10.34,10.878429139290521,0.518,21.9765,21.9765,19.0401,20.0675,20.0675,17.3862,
28,Rinorea guianensis,Violaceae,798914.2658,9728309.769,10.6,False,O,10,11.08,11.08,feldpausch_regional,0.18,default,-2.0,10.24,10.81,10.6,False,O,11.08,feldpausch,10.24,10.807290020466903,0.78,21.4451,21.4451,27.7037,19.5647,19.5647,25.2745,
29,Cordia scabrifolia,Boraginaceae,798917.673,9728311.793,32.0,False,O,10,22.99,22.99,feldpausch_regional,0.18,default,-2.0,31.64,22.84,32.0,False,O,22.99,feldpausch,31.64,22.838251947604746,0.474,377.8988,377.8988,300.2338,367.2631,367.2631,291.7839,
30,Neea oppositifolia,Nyctaginaceae,798917.4436,9728314.432,10.2,False,O,10,10.78,10.78,feldpausch_regional,0.18,default,-2.0,9.84,10.5,10.2,False,O,10.78,feldpausch,9.84,10.503054040815368,0.893,19.368,19.368,28.5522,17.6032,17.6032,25.9505,
31,Neea oppositifolia,Nyctaginaceae,798909.4531,9728310.534,17.5,False,O,10,15.71,15.71,feldpausch_regional,0.18,default,-2.0,17.14,15.49,17.5,False,O,15.71,feldpausch,17.14,15.492052454653425,0.893,80.2304,80.2304,118.2754,75.9969,75.9969,112.0344,
32,Pouteria gongrijpii,Sapotaceae,798910.3681,9728310.913,6.4,False,O,10,7.64,7.64,feldpausch_regional,0.18,default,-2.0,6.04,7.31,6.4,False,O,7.64,feldpausch,6.04,7.313097976740602,0.7994,5.5722,5.5722,7.373,4.7688,4.7688,6.31,
33,Pouteria gongrijpii,Sapotaceae,798910.473,9728310.92,11.6,False,O,10,11.82,11.82,feldpausch_regional,0.18,default,-2.0,11.24,11.56,11.6,False,O,11.82,feldpausch,11.24,11.557025370127894,0.7994,27.2369,27.2369,36.0396,25.055,25.055,33.1525,
34,Rinorea guianensis,Violaceae,798909.6906,9728311.408,7.7,False,O,10,8.77,8.77,feldpausch_regional,0.18,default,-2.0,7.34,8.46,7.7,False,O,8.77,feldpausch,7.34,8.462941976829288,0.78,9.1466,9.1466,11.8159,8.0456,8.0456,10.3937,
35,,,798909.4381,9728316.549,10.5,False,O,10,11.0,11.0,feldpausch_regional,0.18,default,-2.0,10.14,10.73,10.5,False,O,11.0,feldpausch,10.14,10.726380861779772,0.5847,20.9036,20.9036,20.3821,19.0533,19.0533,18.5779,
36,Miconia poeppigii,Melastomataceae,798911.413,9728322.856,5.7,False,O,10,6.99,6.99,feldpausch_regional,0.18,default,-2.0,5.34,6.66,5.7,False,O,6.99,feldpausch,5.34,6.6512147096117795,0.5967,4.0751,4.0751,4.053,3.418,3.418,3.3995,
37,Sterculia pruriens,Malvaceae,798912.0055,9728320.96,6.5,False,O,10,7.72,7.72,feldpausch_regional,0.18,default,-2.0,6.14,7.4,6.5,False,O,7.72,feldpausch,6.14,7.395157304554543,0.4862,5.8021,5.8021,4.7254,4.978,4.978,4.0543,
38,Apeiba petoumo,Malvaceae,798911.0784,9728324.23,29.7,False,O,10,22.0,22.0,feldpausch_regional,0.18,default,-2.0,29.34,21.84,29.7,False,O,22.0,feldpausch,29.34,21.84014711011574,0.2822,312.9578,312.9578,149.9094,303.4284,303.4284,145.3448,
39,Eschweilera coriacea,Lecythidaceae,798909.2152,9728323.724,7.9,False,O,10,8.94,8.94,feldpausch_regional,0.18,default,-2.0,7.54,8.63,7.9,False,O,8.94,feldpausch,7.54,8.635628206046846,0.8521,9.7979,9.7979,13.7978,8.6479,8.6479,12.1783,
40,Apeiba petoumo,Malvaceae,798908.6384,9728327.773,14.1,False,O,10,13.56,13.56,feldpausch_regional,0.18,default,-2.0,13.74,13.32,14.1,False,O,13.56,feldpausch,13.74,13.31827369396353,0.2822,45.585,45.585,21.8356,42.5865,42.5865,20.3993,
41,Tapirira guianensis,Anacardiaceae,798910.1395,9728327.613,6.2,False,O,10,7.45,7.45,feldpausch_regional,0.18,default,-2.0,5.84,7.12,6.2,False,O,7.45,feldpausch,5.84,7.120127392891332,0.457,5.1102,5.1102,3.9177,4.3504,4.3504,3.3353,
42,Apeiba petoumo,Malvaceae,798911.4985,9728329.049,26.0,False,O,10,20.29,20.29,feldpausch_regional,0.18,default,-2.0,25.64,20.11,26.0,False,O,20.29,feldpausch,25.64,20.115605777331606,0.2822,223.0468,223.0468,106.8413,215.237,215.237,103.1003,
43,Apeiba petoumo,Malvaceae,798909.7846,9728329.204,12.2,False,O,10,12.25,12.25,feldpausch_regional,0.18,default,-2.0,11.84,11.99,12.2,False,O,12.25,feldpausch,11.84,11.992521947516652,0.2822,31.1212,31.1212,14.9073,28.7515,28.7515,13.7722,
44,Helicostylis sp.,Moraceae,798916.0489,9728330.477,19.7,False,O,10,17.0,17.0,feldpausch_regional,0.18,default,-2.0,19.34,16.79,19.7,False,O,17.0,feldpausch,19.34,16.7950310773082,0.643,109.1885,109.1885,116.8195,104.0879,104.0879,111.3624,
45,Pseudopiptadenia suaveolens,Fabaceae,798918.0059,9728332.439,11.0,False,O,10,11.38,11.38,feldpausch_regional,0.18,default,-2.0,10.64,11.11,11.0,False,O,11.38,feldpausch,10.64,11.111266572550116,0.6797,23.6621,23.6621,26.7257,21.6629,21.6629,24.4676,
46,Pouteria retinervis,Sapotaceae,798922.4175,9728330.579,13.2,False,O,10,12.95,12.95,feldpausch_regional,0.18,default,-2.0,12.84,12.7,13.2,False,O,12.95,feldpausch,12.84,12.701077780635362,0.7187,38.3174,38.3174,45.7012,35.6228,35.6228,42.4873,
47,Apeiba petoumo,Malvaceae,798924.6155,9728329.71,22.7,False,O,10,18.63,18.63,feldpausch_regional,0.18,default,-2.0,22.34,18.44,22.7,False,O,18.63,feldpausch,22.34,18.44069507080865,0.2822,157.453,157.453,75.4213,151.1018,151.1018,72.379,
48,Lecythis idatimon,Lecythidaceae,798925.6059,9728330.579,11.1,False,O,10,11.45,11.45,feldpausch_regional,0.18,default,-2.0,10.74,11.18,11.1,False,O,11.45,feldpausch,10.74,11.182340299273735,0.7986,24.2284,24.2284,32.0264,22.1998,22.1998,29.3448,
49,Cordia scabrifolia,Boraginaceae,798928.0265,9728330.866,25.6,False,O,10,20.09,20.09,feldpausch_regional,0.18,default,-2.0,25.24,19.92,25.6,False,O,20.09,feldpausch,25.240000000000002,19.91395728873388,0.474,214.3155,214.3155,170.2698,206.6888,206.6888,164.2105,
50,Inga thibaudiana,Fabaceae,798928.7432,9728331.2,11.0,False,O,10,11.38,11.38,feldpausch_regional,0.18,default,-2.0,10.64,11.11,11.0,False,O,11.38,feldpausch,10.64,11.111266572550116,0.5786,23.6621,23.6621,22.8365,21.6629,21.6629,20.907,
51,Tetragastris panamensis,Burseraceae,798928.7854,9728330.683,15.4,False,O,10,14.41,14.41,feldpausch_regional,0.18,default,-2.0,15.04,14.18,15.4,False,O,14.41,feldpausch,15.040000000000001,14.177938610859414,0.7173,57.4589,57.4589,68.4014,54.0036,54.0036,64.2882,
52,,,798929.03,9728327.681,62.0,True,O,10,32.41,32.41,feldpausch_regional,0.18,default,-2.0,61.64,32.33,62.0,True,O,32.41,feldpausch,61.64,32.32569216130286,0.5847,1921.4629,1332.2272,1332.2272,1894.9215,1313.9985,1313.9985,
53,Thyrsodium spruceanum,Anacardiaceae,798932.9756,9728331.439,12.2,False,O,10,12.25,12.25,feldpausch_regional,0.18,default,-2.0,11.84,11.99,12.2,False,O,12.25,feldpausch,11.84,11.992521947516652,0.64,31.1212,31.1212,33.1445,28.7515,28.7515,30.6208,
54,Sterculia pruriens,Malvaceae,798933.4894,9728331.661,19.0,False,O,10,16.6,16.6,feldpausch_regional,0.18,default,-2.0,18.64,16.39,19.0,False,O,16.6,feldpausch,18.64,16.391037822045284,0.4862,99.4061,99.4061,80.9597,94.586,94.586,77.0341,
55,Dialium guianense,Fabaceae,798929.1228,9728326.542,19.0,False,O,10,16.6,16.6,feldpausch_regional,0.18,default,-2.0,18.64,16.39,19.0,False,O,16.6,feldpausch,18.64,16.391037822045284,0.8964,99.4061,99.4061,147.0863,94.586,94.586,139.9542,
56,Sterculia pruriens,Malvaceae,798926.3817,9728321.216,15.6,False,O,10,14.54,14.54,feldpausch_regional,0.18,default,-2.0,15.24,14.3,15.6,False,O,14.54,feldpausch,15.24,14.30931957470061,0.4862,59.4433,59.4433,48.4126,55.9154,55.9154,45.5394,
57,Caraipa grandifolia,Calophyllaceae,798926.2332,9728321.732,15.8,False,O,10,14.66,14.66,feldpausch_regional,0.18,default,-2.0,15.44,14.43,15.8,False,O,14.66,feldpausch,15.440000000000001,14.43082832275704,0.78,61.4308,61.4308,79.3587,57.832,57.832,74.7097,
58,Cordia scabrifolia,Boraginaceae,798924.2119,9728321.847,22.9,False,O,10,18.73,18.73,feldpausch_regional,0.18,default,-2.0,22.54,18.55,22.9,False,O,18.73,feldpausch,22.54,18.541705831625148,0.474,161.0113,161.0113,127.9206,154.5756,154.5756,122.8075,
59,Guatteria schomburgkiana,Annonaceae,798921.021,9728322.015,21.7,False,O,10,18.1,18.1,feldpausch_regional,0.18,default,-2.0,21.34,17.91,21.7,False,O,18.1,feldpausch,21.34,17.90572793510301,0.6,140.1924,140.1924,140.1924,134.2667,134.2667,134.2667,
60,Sterculia pruriens,Malvaceae,798922.3862,9728318.398,24.4,False,O,10,19.5,19.5,feldpausch_regional,0.18,default,-2.0,24.04,19.32,24.4,False,O,19.5,feldpausch,24.04,19.318654715409657,0.4862,189.5481,189.5481,154.3744,182.456,182.456,148.5983,
61,Goupia glabra,Goupiaceae,798920.2807,9728318.289,13.1,False,O,10,12.88,12.88,feldpausch_regional,0.18,default,-2.0,12.74,12.63,13.1,False,O,12.88,feldpausch,12.74,12.630270902047103,0.7272,37.5536,37.5536,45.3047,34.8923,34.8923,42.0941,
62,Rinorea guianensis,Violaceae,798927.7784,9728317.112,10.1,False,O,10,10.7,10.7,feldpausch_regional,0.18,default,-2.0,9.74,10.42,10.1,False,O,10.7,feldpausch,9.74,10.422080815603511,0.78,18.8614,18.8614,24.3659,17.1258,17.1258,22.1238,
63,Eschweilera coriacea,Lecythidaceae,798930.8166,9728318.73,10.5,False,O,10,11.0,11.0,feldpausch_regional,0.18,default,-2.0,10.14,10.73,10.5,False,O,11.0,feldpausch,10.14,10.726380861779772,0.8521,20.9036,20.9036,29.4372,19.0533,19.0533,26.8314,
64,Sterculia pruriens,Malvaceae,798927.0714,9728312.895,32.4,False,O,10,23.15,23.15,feldpausch_regional,0.18,default,-2.0,32.04,23.0,32.4,False,O,23.15,feldpausch,32.04,22.999641919925796,0.4862,389.804,389.804,317.4696,378.9765,378.9765,308.6512,
65,,,798930.3882,9728311.016,21.6,False,O,10,18.05,18.05,feldpausch_regional,0.18,default,-2.0,21.24,17.85,21.6,False,O,18.05,feldpausch,21.240000000000002,17.855177983198676,0.5847,138.5595,138.5595,135.1028,132.6747,132.6747,129.3649,
66,,,798924.3107,9728308.104,16.0,False,O,10,14.79,14.79,feldpausch_regional,0.18,default,-2.0,15.64,14.56,16.0,False,O,14.79,feldpausch,15.64,14.562150985682587,0.5847,63.5026,63.5026,61.9184,59.83,59.83,58.3374,
67,Virola sebifera,Myristicaceae,798924.3636,9728307.476,17.0,False,O,10,15.41,15.41,feldpausch_regional,0.18,default,-2.0,16.64,15.19,17.0,False,O,15.41,feldpausch,16.64,15.188816561640074,0.4454,74.4033,74.4033,55.6254,70.3589,70.3589,52.6017,
68,Lecythis idatimon,Lecythidaceae,798927.8679,9728307.091,17.7,False,O,10,15.83,15.83,feldpausch_regional,0.18,default,-2.0,17.34,15.62,17.7,False,O,15.83,feldpausch,17.34,15.613304384679866,0.7986,82.6414,82.6414,109.2397,78.3313,78.3313,103.5424,
69,,,798926.543,9728306.579,13.9,False,L,10,13.42,13.42,feldpausch_regional,0.18,default,-2.0,13.54,13.18,13.9,False,L,13.42,feldpausch,13.540000000000001,13.176821729950944,0.5847,43.8846,43.8846,42.7898,40.9558,40.9558,39.9341,
70,,,798923.4237,9728306.148,19.0,False,O,10,16.6,16.6,feldpausch_regional,0.18,default,-2.0,18.64,16.39,19.0,False,O,16.6,feldpausch,18.64,16.391037822045284,0.5847,99.4061,99.4061,96.9262,94.586,94.586,92.2264,
71,Tetragastris panamensis,Burseraceae,798926.6211,9728305.641,37.1,False,O,10,25.01,25.01,feldpausch_regional,0.18,default,-2.0,36.74,24.88,37.1,False,O,25.01,feldpausch,36.74,24.87415286864735,0.7173,547.5673,547.5673,651.8469,534.3953,534.3953,636.1664,
72,Pterocarpus sp.,Fabaceae,798927.9334,9728302.492,11.6,False,O,10,11.82,11.82,feldpausch_regional,0.18,default,-2.0,11.24,11.56,11.6,False,O,11.82,feldpausch,11.24,11.557025370127894,0.5838,27.2369,27.2369,26.5194,25.055,25.055,24.395,
73,Lecythis idatimon,Lecythidaceae,798928.9766,9728302.573,41.4,False,O,10,26.56,26.56,feldpausch_regional,0.18,default,-2.0,41.04,26.44,41.4,False,O,26.56,feldpausch,41.04,26.43568268465724,0.7986,719.27,719.27,950.768,703.8813,703.8813,930.4264,
74,Virola sebifera,Myristicaceae,798935.072,9728305.115,17.5,False,O,10,15.71,15.71,feldpausch_regional,0.18,default,-2.0,17.14,15.49,17.5,False,O,15.71,feldpausch,17.14,15.492052454653425,0.4454,80.2304,80.2304,59.9818,75.9969,75.9969,56.8168,
75,,,798936.149,9728304.782,24.6,False,O,10,19.6,19.6,feldpausch_regional,0.18,default,-2.0,24.24,19.42,24.6,False,O,19.6,feldpausch,24.240000000000002,19.41955294493037,0.5847,193.5566,193.5566,188.7279,186.3759,186.3759,181.7264,
76,Dialium guianense,Fabaceae,798935.2358,9728303.058,24.5,False,O,10,19.55,19.55,feldpausch_regional,0.18,default,-2.0,24.14,19.37,24.5,False,O,19.55,feldpausch,24.14,19.369105347321096,0.8964,191.5456,191.5456,283.4204,184.4093,184.4093,272.8611,
77,,,798930.7954,9728299.587,12.1,False,O,10,12.18,12.18,feldpausch_regional,0.18,default,-2.0,11.74,11.92,12.1,False,O,12.18,feldpausch,11.74,11.921601999718774,0.5847,30.4544,30.4544,29.6946,28.1161,28.1161,27.4147,
78,Lecythis idatimon,Lecythidaceae,798928.1921,9728299.372,21.4,False,O,10,17.94,17.94,feldpausch_regional,0.18,default,-2.0,21.04,17.74,21.4,False,O,17.94,feldpausch,21.04,17.744174084088684,0.7986,135.2568,135.2568,178.7894,129.4567,129.4567,171.1225,
79,Virola michelii,Myristicaceae,798921.1742,9728295.613,14.4,False,O,10,13.76,13.76,feldpausch_regional,0.18,default,-2.0,14.04,13.52,14.4,False,O,13.76,feldpausch,14.040000000000001,13.520564939096525,0.4701,48.181,48.181,37.9735,45.0788,45.0788,35.5285,
80,Virola michelii,Myristicaceae,798921.8541,9728299.906,11.0,False,O,10,11.38,11.38,feldpausch_regional,0.18,default,-2.0,10.64,11.11,11.0,False,O,11.38,feldpausch,10.64,11.111266572550116,0.4701,23.6621,23.6621,18.6491,21.6629,21.6629,17.0734,
81,Inga thibaudiana,Fabaceae,798924.2927,9728295.887,15.3,False,O,10,14.34,14.34,feldpausch_regional,0.18,default,-2.0,14.94,14.11,15.3,False,O,14.34,feldpausch,14.940000000000001,14.10731821422537,0.5786,56.4638,56.4638,54.4938,53.0458,53.0458,51.195,
82,Lecythis idatimon,Lecythidaceae,798925.2794,9728296.605,18.7,False,O,10,16.42,16.42,feldpausch_regional,0.18,default,-2.0,18.34,16.21,18.7,False,O,16.42,feldpausch,18.34,16.209361053609186,0.7986,95.3454,95.3454,126.0324,90.6458,90.6458,119.8203,
83,Brosimum rubescens,Moraceae,798925.3658,9728296.823,17.0,False,O,10,15.41,15.41,feldpausch_regional,0.18,default,-2.0,16.64,15.19,17.0,False,O,15.41,feldpausch,16.64,15.188816561640074,0.8251,74.4033,74.4033,101.5428,70.3589,70.3589,96.0232,
84,Quiina florida,Ochnaceae,798924.204,9728296.934,18.8,False,O,10,16.48,16.48,feldpausch_regional,0.18,default,-2.0,18.44,16.27,18.8,False,O,16.48,feldpausch,18.44,16.269924771303348,0.728,96.6868,96.6868,116.7701,91.9472,91.9472,111.046,
85,Couratari stellata,Lecythidaceae,798921.1742,9728295.613,18.5,False,O,10,16.31,16.31,feldpausch_regional,0.18,default,-2.0,18.14,16.09,18.5,False,O,16.31,feldpausch,18.14,16.098088927419887,0.6331,92.7545,92.7545,97.7519,88.1318,88.1318,92.8801,
86,Tetragastris panamensis,Burseraceae,798924.7361,9728290.651,28.3,False,O,10,21.37,21.37,feldpausch_regional,0.18,default,-2.0,27.94,21.2,28.3,False,O,21.37,feldpausch,27.94,21.204885730514096,0.7173,276.8452,276.8452,329.5681,267.9761,267.9761,319.0099,
87,Simarouba amara,Simaroubaceae,798925.7901,9728290.542,16.7,False,O,10,15.22,15.22,feldpausch_regional,0.18,default,-2.0,16.34,15.0,16.7,False,O,15.22,feldpausch,16.34,14.99694458011119,0.3833,70.997,70.997,45.8495,67.0668,67.0668,43.3114,
88,Stryphnodendron paniculatum,Fabaceae,798923.7711,9728289.713,37.0,False,O,10,24.98,24.98,feldpausch_regional,0.18,default,-2.0,36.64,24.84,37.0,False,O,24.98,feldpausch,36.64,24.843824482871536,0.6535,544.0523,544.0523,591.3502,530.9272,530.9272,577.084,
89,Tetragastris altissima,Burseraceae,798921.7174,9728289.3,14.4,False,O,10,13.76,13.76,feldpausch_regional,0.18,default,-2.0,14.04,13.52,14.4,False,O,13.76,feldpausch,14.040000000000001,13.520564939096525,0.7079,48.181,48.181,56.617,45.0788,45.0788,52.9717,
90,Pseudopiptadenia suaveolens,Fabaceae,798920.8638,9728287.091,15.0,False,O,10,14.15,14.15,feldpausch_regional,0.18,default,-2.0,14.64,13.91,15.0,False,O,14.15,feldpausch,14.64,13.915086591517273,0.6797,53.6203,53.6203,60.5625,50.3082,50.3082,56.8217,
91,Tetragastris panamensis,Burseraceae,798921.8531,9728287.722,10.8,False,O,10,11.23,11.23,feldpausch_regional,0.18,default,-2.0,10.44,10.96,10.8,False,O,11.23,feldpausch,10.440000000000001,10.95930894767477,0.7173,22.5359,22.5359,26.8276,20.5965,20.5965,24.5189,
92,Sterculia pruriens,Malvaceae,798923.4454,9728281.313,13.0,False,O,10,12.81,12.81,feldpausch_regional,0.18,default,-2.0,12.64,12.56,13.0,False,O,12.81,feldpausch,12.64,12.559453854983726,0.4862,36.7999,36.7999,29.971,34.1717,34.1717,27.8306,
93,,,798927.5521,9728281.98,18.9,False,O,10,16.54,16.54,feldpausch_regional,0.18,default,-2.0,18.54,16.33,18.9,False,O,16.54,feldpausch,18.54,16.330483669377777,0.5847,98.0403,98.0403,95.5945,93.2605,93.2605,90.934,
94,Pouteria gongrijpii,Sapotaceae,798923.4634,9728281.103,21.1,False,O,10,17.78,17.78,feldpausch_regional,0.18,default,-2.0,20.74,17.58,21.1,False,O,17.78,feldpausch,20.740000000000002,17.582583614354764,0.7994,130.4348,130.4348,172.59,124.7591,124.7591,165.0799,
95,Eschweilera coriacea,Lecythidaceae,798936.6689,9728285.063,19.3,False,O,10,16.77,16.77,feldpausch_regional,0.18,default,-2.0,18.94,16.56,19.3,False,O,16.77,feldpausch,18.94,16.56279608301031,0.8521,103.5173,103.5173,145.7766,98.5782,98.5782,138.8212,
96,,,798936.6771,9728284.96,35.7,False,O,10,24.48,24.48,feldpausch_regional,0.18,default,-2.0,35.34,24.34,35.7,False,O,24.48,feldpausch,35.34,24.340031471659465,0.5847,497.4495,497.4495,485.0395,484.9829,484.9829,472.8839,
97,Pterocarpus sp.,Fabaceae,798933.7845,9728323.942,19.1,False,O,10,16.65,16.65,feldpausch_regional,0.18,default,-2.0,18.74,16.45,19.1,False,O,16.65,feldpausch,18.740000000000002,16.441712399625455,0.5838,100.7252,100.7252,98.0719,95.8675,95.8675,93.3421,
98,Stryphnodendron pulcherrimum,Fabaceae,798910.7986,9728322.615,12.7,False,O,10,12.6,12.6,feldpausch_regional,0.18,default,-2.0,12.34,12.35,12.7,False,O,12.6,feldpausch,12.34,12.346939344095293,0.475,34.5977,34.5977,27.5438,32.0678,32.0678,25.5298,
1,Hymenaea courbaril,Fabaceae,798946.0751,9728284.54,10.8,False,O,10,11.23,11.23,feldpausch_regional,0.18,default,-2.0,10.44,10.96,10.8,False,O,11.23,feldpausch,10.440000000000001,10.95930894767477,0.7924,22.5359,22.5359,29.5626,20.5965,20.5965,27.0184,
2,Virola sebifera,Myristicaceae,798948.1155,9728285.07,11.8,False,O,10,11.96,11.96,feldpausch_regional,0.18,default,-2.0,11.44,11.7,11.8,False,O,11.96,feldpausch,11.440000000000001,11.698981982587213,0.4454,28.4866,28.4866,21.2971,26.2434,26.2434,19.6201,
3,Eschweilera coriacea,Lecythidaceae,798953.1946,9728286.735,14.2,False,O,10,13.62,13.62,feldpausch_regional,0.18,default,-2.0,13.84,13.38,14.2,False,O,13.62,feldpausch,13.84,13.379164192092759,0.8521,46.4178,46.4178,65.3671,43.3863,43.3863,61.0981,
4,Parkia pendula,Fabaceae,798947.8075,9728289.209,55.2,False,O,10,30.72,30.72,feldpausch_regional,0.18,default,-2.0,54.84,30.63,55.2,False,O,30.72,feldpausch,54.84,30.624691045095243,0.5212,1453.6132,1453.6132,1266.9794,1430.8197,1430.8197,1247.1123,
5,,,798941.894,9728284.801,15.6,False,O,10,14.54,14.54,feldpausch_regional,0.18,default,-2.0,15.24,14.3,15.6,False,O,14.54,feldpausch,15.24,14.30931957470061,0.5847,59.4433,59.4433,57.9603,55.9154,55.9154,54.5205,
6,Parkia paraensis,Fabaceae,798941.295,9728292.551,10.8,False,O,10,11.23,11.23,feldpausch_regional,0.18,default,-2.0,10.44,10.96,10.8,False,O,11.23,feldpausch,10.440000000000001,10.95930894767477,0.415,22.5359,22.5359,15.7258,20.5965,20.5965,14.3725,
7,Stryphnodendron paniculatum,Fabaceae,798942.4098,9728291.632,10.6,False,O,10,11.08,11.08,feldpausch_regional,0.18,default,-2.0,10.24,10.81,10.6,False,O,11.08,feldpausch,10.24,10.807290020466903,0.6535,21.4451,21.4451,23.3095,19.5647,19.5647,21.2656,
8,,,798942.2026,9728291.612,39.4,True,O,10,25.86,25.86,feldpausch_regional,0.18,default,-2.0,39.04,25.73,39.4,True,O,25.86,feldpausch,39.04,25.730483545980913,0.5847,636.2016,447.2826,447.2826,621.8491,437.3463,437.3463,
9,Eschweilera coriacea,Lecythidaceae,798944.1509,9728296.197,12.1,False,O,10,12.18,12.18,feldpausch_regional,0.18,default,-2.0,11.74,11.92,12.1,False,O,12.18,feldpausch,11.74,11.921601999718774,0.8521,30.4544,30.4544,42.8869,28.1161,28.1161,39.5941,
10,Sterculia pruriens,Malvaceae,798945.1361,9728296.999,12.1,False,O,10,12.18,12.18,feldpausch_regional,0.18,default,-2.0,11.74,11.92,12.1,False,O,12.18,feldpausch,11.74,11.921601999718774,0.4862,30.4544,30.4544,24.8031,28.1161,28.1161,22.8987,
11,,,798944.7434,9728296.658,15.0,False,O,10,14.15,14.15,feldpausch_regional,0.18,default,-2.0,14.64,13.91,15.0,False,O,14.15,feldpausch,14.64,13.915086591517273,0.5847,53.6203,53.6203,52.2826,50.3082,50.3082,49.0532,
12,Manilkara huberi,Sapotaceae,798945.8,9728295.122,12.5,False,O,10,12.46,12.46,feldpausch_regional,0.18,default,-2.0,12.14,12.21,12.5,False,O,12.46,feldpausch,12.14,12.205207704531016,0.9214,33.1783,33.1783,50.4271,30.7131,30.7131,46.6802,
13,Sterculia pruriens,Malvaceae,798945.9114,9728295.031,13.7,False,O,10,13.29,13.29,feldpausch_regional,0.18,default,-2.0,13.34,13.04,13.7,False,O,13.29,feldpausch,13.34,13.045151535255012,0.4862,42.2571,42.2571,34.4156,39.3952,39.3952,32.0848,
14,Guatteria schomburgkiana,Annonaceae,798944.7391,9728302.267,28.3,False,O,10,21.37,21.37,feldpausch_regional,0.18,default,-2.0,27.94,21.2,28.3,False,O,21.37,feldpausch,27.94,21.204885730514096,0.6,276.8452,276.8452,276.8452,267.9761,267.9761,267.9761,
15,Capirona huberiana,Rubiaceae,798944.8865,9728303.093,23.5,False,O,10,19.05,19.05,feldpausch_regional,0.18,default,-2.0,23.14,18.86,23.5,False,O,19.05,feldpausch,23.14,18.86445625378704,0.593,172.1721,172.1721,170.2113,165.4729,165.4729,163.5884,
16,Licania canescens,Chrysobalanaceae,798945.4406,9728306.9,18.5,False,O,10,16.31,16.31,feldpausch_regional,0.18,default,-2.0,18.14,16.09,18.5,False,O,16.31,feldpausch,18.14,16.098088927419887,0.88,92.7545,92.7545,134.7952,88.1318,88.1318,128.0772,
17,Lacunaria jenmanii,Ochnaceae,798943.3505,9728306.749,13.5,False,O,10,13.15,13.15,feldpausch_regional,0.18,default,-2.0,13.14,12.91,13.5,False,O,13.15,feldpausch,13.14,12.90362698059947,0.8043,40.6391,40.6391,54.0971,37.8454,37.8454,50.3783,
18,Cordia scabrifolia,Boraginaceae,798942.5149,9728303.929,15.8,False,O,10,14.66,14.66,feldpausch_regional,0.18,default,-2.0,15.44,14.43,15.8,False,O,14.66,feldpausch,15.440000000000001,14.43082832275704,0.474,61.4308,61.4308,48.8057,57.832,57.832,45.9465,
19,Parkia pendula,Fabaceae,798941.5341,9728303.034,14.0,False,O,10,13.49,13.49,feldpausch_regional,0.18,default,-2.0,13.64,13.25,14.0,False,O,13.49,feldpausch,13.64,13.247551872280896,0.5212,44.7295,44.7295,38.9866,41.766,41.766,36.4035,
20,Capirona huberiana,Rubiaceae,798941.1431,9728308.125,50.7,False,O,10,29.48,29.48,feldpausch_regional,0.18,default,-2.0,50.34,29.38,50.7,False,O,29.48,feldpausch,50.34,29.37635706487033,0.593,1182.7557,1182.7557,1169.2862,1162.4152,1162.4152,1149.1773,
21,Eschweilera coriacea,Lecythidaceae,798946.2603,9728310.005,50.2,False,O,10,29.34,29.34,feldpausch_regional,0.18,default,-2.0,49.84,29.23,50.2,False,O,29.34,feldpausch,49.84,29.235356304201318,0.8521,1154.7166,1154.7166,1626.1114,1134.6439,1134.6439,1597.8444,
22,Pouteria gongrijpii,Sapotaceae,798947.2625,9728310.68,11.5,False,O,10,11.75,11.75,feldpausch_regional,0.18,default,-2.0,11.14,11.48,11.5,False,O,11.75,feldpausch,11.14,11.486025455548704,0.7994,26.6256,26.6256,35.2308,24.4741,24.4741,32.3838,
23,,,798947.2327,9728311.083,45.3,False,O,10,27.85,27.85,feldpausch_regional,0.18,default,-2.0,44.94,27.74,45.3,False,O,27.85,feldpausch,44.94,27.734988289987648,0.5847,898.0774,898.0774,875.6729,880.6346,880.6346,858.6653,
24,,,798945.0619,9728311.957,17.4,False,O,10,15.65,15.65,feldpausch_regional,0.18,default,-2.0,17.04,15.43,17.4,False,O,15.65,feldpausch,17.04,15.431417602903213,0.5847,79.0422,79.0422,77.0703,74.8468,74.8468,72.9796,
25,Carapa guianensis,Meliaceae,798942.5039,9728317.91,13.5,False,O,10,13.15,13.15,feldpausch_regional,0.18,default,-2.0,13.14,12.91,13.5,False,O,13.15,feldpausch,13.14,12.90362698059947,0.53,40.6391,40.6391,36.0049,37.8454,37.8454,33.5298,
26,Lecythis idatimon,Lecythidaceae,798941.5452,9728316.633,13.0,False,O,10,12.81,12.81,feldpausch_regional,0.18,default,-2.0,12.64,12.56,13.0,False,O,12.81,feldpausch,12.64,12.559453854983726,0.7986,36.7999,36.7999,48.6439,34.1717,34.1717,45.1699,
27,Manilkara huberi,Sapotaceae,798941.1248,9728316.61,55.0,False,O,10,30.67,30.67,feldpausch_regional,0.18,default,-2.0,54.64,30.57,55.0,False,O,30.67,feldpausch,54.64,30.574330730831527,0.9214,1441.0575,1441.0575,2190.2334,1418.3713,1418.3713,2155.7533,
28,Annona ambotay,Annonaceae,798941.1325,9728316.508,38.0,False,O,10,25.35,25.35,feldpausch_regional,0.18,default,-2.0,37.64,25.22,38.0,False,O,25.35,feldpausch,37.64,25.21666905834143,0.5112,581.4077,581.4077,497.2234,567.7746,567.7746,485.5643,
29,Sterculia pruriens,Malvaceae,798941.1248,9728316.61,39.4,False,O,10,25.86,25.86,feldpausch_regional,0.18,default,-2.0,39.04,25.73,39.4,False,O,25.86,feldpausch,39.04,25.730483545980913,0.4862,636.2016,636.2016,518.1441,621.8491,621.8491,506.4549,
30,,,798936.6769,9728311.419,60.7,False,O,10,32.1,32.1,feldpausch_regional,0.18,default,-2.0,60.34,32.02,60.7,False,O,32.1,feldpausch,60.34,32.01372859257873,0.5847,1826.3917,1826.3917,1780.8284,1800.5718,1800.5718,1755.6526,
31,Eschweilera coriacea,Lecythidaceae,798935.6451,9728311.146,33.3,False,O,10,23.53,23.53,feldpausch_regional,0.18,default,-2.0,32.94,23.38,33.3,False,O,23.53,feldpausch,32.94,23.382539366111985,0.8521,417.8062,417.8062,588.3689,406.5326,406.5326,572.4932,
32,Inga thibaudiana,Fabaceae,798935.0837,9728320.909,19.3,False,O,10,16.77,16.77,feldpausch_regional,0.18,default,-2.0,18.94,16.56,19.3,False,O,16.77,feldpausch,18.94,16.56279608301031,0.5786,103.5173,103.5173,99.9055,98.5782,98.5782,95.1387,
33,Eschweilera ovata,Lecythidaceae,798940.0719,9728322.072,25.2,False,O,10,19.9,19.9,feldpausch_regional,0.18,default,-2.0,24.84,19.72,25.2,False,O,19.9,feldpausch,24.84,19.72217678249784,0.9,205.9089,205.9089,305.8723,198.4598,198.4598,294.8069,
34,Licania heteromorpha,Chrysobalanaceae,798943.2351,9728322.221,15.4,False,O,10,14.41,14.41,feldpausch_regional,0.18,default,-2.0,15.04,14.18,15.4,False,O,14.41,feldpausch,15.040000000000001,14.177938610859414,0.8164,57.4589,57.4589,77.6066,54.0036,54.0036,72.9398,
35,Pouteria gongrijpii,Sapotaceae,798943.4384,9728322.332,31.8,False,O,10,22.9,22.9,feldpausch_regional,0.18,default,-2.0,31.44,22.75,31.8,False,O,22.9,feldpausch,31.44,22.7476122789254,0.7994,371.8757,371.8757,492.0622,361.3399,361.3399,478.1214,
36,Minquartia guianensis,Olacaceae,798945.3439,9728322.321,30.6,False,O,10,22.39,22.39,feldpausch_regional,0.18,default,-2.0,30.24,22.23,30.6,False,O,22.39,feldpausch,30.240000000000002,22.23342197228025,0.7867,337.4751,337.4751,439.6261,327.5175,327.5175,426.6545,
37,Brosimum rubescens,Moraceae,798945.5923,9728321.826,26.2,False,O,10,20.38,20.38,feldpausch_regional,0.18,default,-2.0,25.84,20.21,26.2,False,O,20.38,feldpausch,25.84,20.20649975041551,0.8251,227.3883,227.3883,310.3308,219.4901,219.4901,299.5517,
38,Anacardium spruceanum,Anacardiaceae,798945.4873,9728323.239,22.2,False,O,10,18.37,18.37,feldpausch_regional,0.18,default,-2.0,21.84,18.18,22.2,False,O,18.37,feldpausch,21.84,18.17820545278476,0.4792,148.7004,148.7004,119.3965,142.5619,142.5619,114.4677,
39,Lecythis idatimon,Lecythidaceae,798940.7927,9728326.492,10.8,False,O,10,11.23,11.23,feldpausch_regional,0.18,default,-2.0,10.44,10.96,10.8,False,O,11.23,feldpausch,10.440000000000001,10.95930894767477,0.7986,22.5359,22.5359,29.7891,20.5965,20.5965,27.2254,
40,Himatanthus sucuuba,Apocynaceae,798944.698,9728331.003,16.8,False,O,10,15.29,15.29,feldpausch_regional,0.18,default,-2.0,16.44,15.06,16.8,False,O,15.29,feldpausch,16.44,15.067477550109134,0.462,72.1516,72.1516,55.9063,68.1818,68.1818,52.8304,
41,Eschweilera ovata,Lecythidaceae,798942.487,9728332.148,16.1,False,O,10,14.85,14.85,feldpausch_regional,0.18,default,-2.0,15.74,14.62,16.1,False,O,14.85,feldpausch,15.740000000000002,14.622878814173308,0.9,64.5342,64.5342,95.8639,60.8255,60.8255,90.3548,
42,Protium heptaphyllum,Burseraceae,798942.5807,9728328.088,12.5,False,O,10,12.46,12.46,feldpausch_regional,0.18,default,-2.0,12.14,12.21,12.5,False,O,12.46,feldpausch,12.14,12.205207704531016,0.6293,33.1783,33.1783,34.7588,30.7131,30.7131,32.1761,
43,Eschweilera ovata,Lecythidaceae,798942.5251,9728331.641,17.4,False,O,10,15.65,15.65,feldpausch_regional,0.18,default,-2.0,17.04,15.43,17.4,False,O,15.65,feldpausch,17.04,15.431417602903213,0.9,79.0422,79.0422,117.4151,74.8468,74.8468,111.183,
44,Simarouba amara,Simaroubaceae,798942.487,9728332.148,21.5,False,O,10,17.99,17.99,feldpausch_regional,0.18,default,-2.0,21.14,17.8,21.5,False,O,17.99,feldpausch,21.14,17.79473220995257,0.3833,136.8646,136.8646,88.3865,131.0238,131.0238,84.6146,
45,Pourouma minor,Urticaceae,798942.9111,9728332.161,17.5,False,O,10,15.71,15.71,feldpausch_regional,0.18,default,-2.0,17.14,15.49,17.5,False,O,15.71,feldpausch,17.14,15.492052454653425,0.436,80.2304,80.2304,58.7492,75.9969,75.9969,55.6493,
46,,,798949.8381,9728333.38,43.0,True,O,10,27.1,27.1,feldpausch_regional,0.18,default,-2.0,42.64,26.98,43.0,True,O,27.1,feldpausch,42.64,26.97963003569375,0.5847,789.8946,553.5607,553.5607,773.6686,542.3521,542.3521,
47,Stryphnodendron paniculatum,Fabaceae,798948.8497,9728332.346,12.8,False,O,10,12.67,12.67,feldpausch_regional,0.18,default,-2.0,12.44,12.42,12.8,False,O,12.67,feldpausch,12.440000000000001,12.417788319260666,0.6535,35.3219,35.3219,38.3927,32.7595,32.7595,35.6075,
48,Sterculia pruriens,Malvaceae,798956.2046,9728333.569,15.3,False,O,10,14.34,14.34,feldpausch_regional,0.18,default,-2.0,14.94,14.11,15.3,False,O,14.34,feldpausch,14.940000000000001,14.10731821422537,0.4862,56.4638,56.4638,45.9861,53.0458,53.0458,43.2023,
49,Helicostylis sp.,Moraceae,798954.4302,9728328.535,17.3,False,O,10,15.59,15.59,feldpausch_regional,0.18,default,-2.0,16.94,15.37,17.3,False,O,15.59,feldpausch,16.94,15.370776692492882,0.643,77.8654,77.8654,83.3072,73.708,73.708,78.8593,
50,Inga alba,Fabaceae,798954.4094,9728328.833,36.0,False,O,10,24.6,24.6,feldpausch_regional,0.18,default,-2.0,35.64,24.46,36.0,False,O,24.6,feldpausch,35.64,24.460901303128107,0.5861,508.061,508.061,496.5793,495.4413,495.4413,484.2448,
51,Neea oppositifolia,Nyctaginaceae,798954.6782,9728329.541,10.5,False,O,10,11.0,11.0,feldpausch_regional,0.18,default,-2.0,10.14,10.73,10.5,False,O,11.0,feldpausch,10.14,10.726380861779772,0.893,20.9036,20.9036,30.816,19.0533,19.0533,28.0882,
52,Cordia scabrifolia,Boraginaceae,798959.4543,9728332.677,14.3,False,O,10,13.69,13.69,feldpausch_regional,0.18,default,-2.0,13.94,13.45,14.3,False,O,13.69,feldpausch,13.940000000000001,13.449868465022146,0.474,47.294,47.294,37.5743,44.2273,44.2273,35.1378,
53,Sterculia pruriens,Malvaceae,798957.6584,9728327.864,10.2,False,O,10,10.78,10.78,feldpausch_regional,0.18,default,-2.0,9.84,10.5,10.2,False,O,10.78,feldpausch,9.84,10.503054040815368,0.4862,19.368,19.368,15.7739,17.6032,17.6032,14.3366,
54,Sterculia pruriens,Malvaceae,798958.7964,9728326.72,13.7,False,O,10,13.29,13.29,feldpausch_regional,0.18,default,-2.0,13.34,13.04,13.7,False,O,13.29,feldpausch,13.34,13.045151535255012,0.4862,42.2571,42.2571,34.4156,39.3952,39.3952,32.0848,
55,,,798953.5126,9728326.503,28.0,True,O,10,21.23,21.23,feldpausch_regional,0.18,default,-2.0,27.64,21.06,28.0,True,O,21.23,feldpausch,27.64,21.06374041058077,0.5847,269.4116,192.2298,192.2298,260.6835,186.1177,186.1177,
56,Virola sebifera,Myristicaceae,798953.5828,9728325.508,13.5,False,O,10,13.15,13.15,feldpausch_regional,0.18,default,-2.0,13.14,12.91,13.5,False,O,13.15,feldpausch,13.14,12.90362698059947,0.4454,40.6391,40.6391,30.3826,37.8454,37.8454,28.294,
57,Inga thibaudiana,Fabaceae,798954.4974,9728324.549,25.5,False,O,10,20.05,20.05,feldpausch_regional,0.18,default,-2.0,25.14,19.87,25.5,False,O,20.05,feldpausch,25.14,19.873450522682205,0.5786,212.271,212.271,204.8647,204.6861,204.6861,197.5445,
58,Pouteria reticulata,Sapotaceae,798950.5152,9728323.971,46.0,False,O,10,28.07,28.07,feldpausch_regional,0.18,default,-2.0,45.64,27.96,46.0,False,O,28.07,feldpausch,45.64,27.95655968342372,0.794,932.4994,932.4994,1225.7383,914.6849,914.6849,1202.3217,
59,Pradosia cochlearia,Sapotaceae,798949.6342,9728321.517,49.0,False,O,10,28.99,28.99,feldpausch_regional,0.18,default,-2.0,48.64,28.88,49.0,False,O,28.99,feldpausch,48.64,28.8829313567199,0.73,1088.6235,1088.6235,1318.2725,1069.1977,1069.1977,1294.7487,
60,Stryphnodendron paniculatum,Fabaceae,798954.8754,9728322.172,12.3,False,O,10,12.32,12.32,feldpausch_regional,0.18,default,-2.0,11.94,12.06,12.3,False,O,12.32,feldpausch,11.940000000000001,12.063429349784986,0.6535,31.7974,31.7974,34.5617,29.396,29.396,31.9516,
61,Simarouba amara,Simaroubaceae,798957.0245,9728321.68,48.0,False,O,10,28.69,28.69,feldpausch_regional,0.18,default,-2.0,47.64,28.58,48.0,False,O,28.69,feldpausch,47.64,28.58085998943803,0.3833,1035.115,1035.115,668.4728,1016.2277,1016.2277,656.2755,
62,Caryocar glabrum,Caryocaraceae,798956.8469,9728324.256,15.4,False,O,10,14.41,14.41,feldpausch_regional,0.18,default,-2.0,15.04,14.18,15.4,False,O,14.41,feldpausch,15.040000000000001,14.177938610859414,0.6536,57.4589,57.4589,62.4608,54.0036,54.0036,58.7048,
63,Ormosia grossa,Fabaceae,798954.0969,9728325.729,12.9,False,O,10,12.74,12.74,feldpausch_regional,0.18,default,-2.0,12.54,12.49,12.9,False,O,12.74,feldpausch,12.540000000000001,12.488626407215895,0.5906,36.056,36.056,35.5037,33.4608,33.4608,32.9482,
64,Pouteria anibifolia,Sapotaceae,798959.313,9728319.118,13.2,False,O,10,12.95,12.95,feldpausch_regional,0.18,default,-2.0,12.84,12.7,13.2,False,O,12.95,feldpausch,12.84,12.701077780635362,0.66,38.3174,38.3174,42.0529,35.6228,35.6228,39.0955,
65,Nectandra cuspidata,Lauraceae,798945.8847,9728315.052,11.7,False,O,10,11.89,11.89,feldpausch_regional,0.18,default,-2.0,11.34,11.63,11.7,False,O,11.89,feldpausch,11.34,11.628010757572445,0.518,27.8572,27.8572,24.135,25.6448,25.6448,22.2182,
66,Pradosia cochlearia,Sapotaceae,798949.4742,9728309.212,41.0,False,O,10,26.42,26.42,feldpausch_regional,0.18,default,-2.0,40.64,26.3,41.0,False,O,26.42,feldpausch,40.64,26.294677859256776,0.73,702.1359,702.1359,850.254,686.9567,686.9567,831.8726,
67,Guarea guidonia,Meliaceae,798957.6668,9728312.367,10.9,False,O,10,11.3,11.3,feldpausch_regional,0.18,default,-2.0,10.54,11.03,10.9,False,O,11.3,feldpausch,10.540000000000001,11.030414500637347,0.5651,23.0846,23.0846,21.7731,21.1162,21.1162,19.9165,
68,Lecythis idatimon,Lecythidaceae,798959.937,9728309.935,25.0,False,O,10,19.8,19.8,feldpausch_regional,0.18,default,-2.0,24.64,19.62,25.0,False,O,19.8,feldpausch,24.64,19.62131370234897,0.7986,201.7367,201.7367,266.6659,194.3775,194.3775,256.9381,
69,Aspidosperma parvifolium,Apocynaceae,798946.5157,9728306.572,12.1,False,O,10,12.18,12.18,feldpausch_regional,0.18,default,-2.0,11.74,11.92,12.1,False,O,12.18,feldpausch,11.74,11.921601999718774,0.781,30.4544,30.4544,39.3914,28.1161,28.1161,36.367,
70,,,798961.3688,9728304.291,11.5,False,O,10,11.75,11.75,feldpausch_regional,0.18,default,-2.0,11.14,11.48,11.5,False,O,11.75,feldpausch,11.14,11.486025455548704,0.5847,26.6256,26.6256,25.9614,24.4741,24.4741,23.8635,
71,Sterculia pruriens,Malvaceae,798962.4142,9728301.207,13.1,False,O,10,12.88,12.88,feldpausch_regional,0.18,default,-2.0,12.74,12.63,13.1,False,O,12.88,feldpausch,12.74,12.630270902047103,0.4862,37.5536,37.5536,30.585,34.8923,34.8923,28.4175,
72,Virola sebifera,Myristicaceae,798955.3653,9728300.213,14.7,False,O,10,13.95,13.95,feldpausch_regional,0.18,default,-2.0,14.34,13.72,14.7,False,O,13.95,feldpausch,14.34,13.712948981304246,0.4454,50.8357,50.8357,38.0058,47.6304,47.6304,35.6094,
73,Capirona huberiana,Rubiaceae,798956.5171,9728298.71,30.4,False,O,10,22.3,22.3,feldpausch_regional,0.18,default,-2.0,30.04,22.15,30.4,False,O,22.3,feldpausch,30.04,22.142731821370823,0.593,331.8757,331.8757,328.0962,322.0154,322.0154,318.3482,
74,Pouteria oppositifolia,Sapotaceae,798960.9166,9728295.52,68.0,False,O,10,33.74,33.74,feldpausch_regional,0.18,default,-2.0,67.64,33.66,68.0,False,O,33.74,feldpausch,67.64,33.66408064555568,0.65,2393.2479,2393.2479,2587.7094,2363.3763,2363.3763,2555.4106,
75,Sagotia racemosa,Euphorbiaceae,798961.2118,9728291.176,23.0,False,O,10,18.79,18.79,feldpausch_regional,0.18,default,-2.0,22.64,18.6,23.0,False,O,18.79,feldpausch,22.64,18.60210565778387,0.58,162.8943,162.8943,157.5927,156.4127,156.4127,151.322,
77,,,798962.3793,9728289.31,23.4,False,O,10,18.99,18.99,feldpausch_regional,0.18,default,-2.0,23.04,18.81,23.4,False,O,18.99,feldpausch,23.04,18.804071075318802,0.5847,170.2199,170.2199,165.9734,163.5672,163.5672,159.4867,
78,Inga thibaudiana,Fabaceae,798956.446,9728284.876,21.3,False,O,10,17.88,17.88,feldpausch_regional,0.18,default,-2.0,20.94,17.69,21.3,False,O,17.88,feldpausch,20.94,17.683721254697815,0.5786,133.5883,133.5883,128.9273,127.8318,127.8318,123.3717,
79,Virola sebifera,Myristicaceae,798959.293,9728288.787,13.5,False,O,10,13.15,13.15,feldpausch_regional,0.18,default,-2.0,13.14,12.91,13.5,False,O,13.15,feldpausch,13.14,12.90362698059947,0.4454,40.6391,40.6391,30.3826,37.8454,37.8454,28.294,
80,Parkia pendula,Fabaceae,798958.2253,9728289.175,22.2,False,O,10,18.37,18.37,feldpausch_regional,0.18,default,-2.0,21.84,18.18,22.2,False,O,18.37,feldpausch,21.84,18.17820545278476,0.5212,148.7004,148.7004,129.6083,142.5619,142.5619,124.258,
81,Iryanthera paraensis,Myristicaceae,798954.1698,9728287.645,20.8,False,O,10,17.61,17.61,feldpausch_regional,0.18,default,-2.0,20.44,17.41,20.8,False,O,17.61,feldpausch,20.44,17.41106794193607,0.65,125.6555,125.6555,135.8655,120.1061,120.1061,129.8652,
82,Lecythis idatimon,Lecythidaceae,798952.9713,9728289.838,32.9,False,O,10,23.36,23.36,feldpausch_regional,0.18,default,-2.0,32.54,23.21,32.9,False,O,23.36,feldpausch,32.54,23.21127499036665,0.7986,405.188,405.188,535.5983,394.1141,394.1141,520.9602,
83,Eschweilera coriacea,Lecythidaceae,798955.8986,9728292.644,50.0,False,O,10,29.28,29.28,feldpausch_regional,0.18,default,-2.0,49.64,29.18,50.0,False,O,29.28,feldpausch,49.64,29.174965313824956,0.8521,1143.4667,1143.4667,1610.2688,1123.5034,1123.5034,1582.156,
84,Pradosia cochlearia,Sapotaceae,798955.7583,9728294.636,43.0,False,O,10,27.1,27.1,feldpausch_regional,0.18,default,-2.0,42.64,26.98,43.0,False,O,27.1,feldpausch,42.64,26.97963003569375,0.73,789.8946,789.8946,956.5257,773.6686,773.6686,936.8768,
85,Endopleura uchi,Humiriaceae,798954.6505,9728295.535,23.0,False,O,10,18.79,18.79,feldpausch_regional,0.18,default,-2.0,22.64,18.6,23.0,False,O,18.79,feldpausch,22.64,18.60210565778387,0.7944,162.8943,162.8943,214.2318,156.4127,156.4127,205.7074,
86,Pouteria guianensis,Sapotaceae,798950.4266,9728296.155,10.4,False,O,10,10.93,10.93,feldpausch_regional,0.18,default,-2.0,10.04,10.65,10.4,False,O,10.93,feldpausch,10.040000000000001,10.655206304765878,0.9295,20.3893,20.3893,31.2564,18.5672,18.5672,28.463,
87,Brosimum rubescens,Moraceae,798947.7625,9728289.814,13.2,False,O,10,12.95,12.95,feldpausch_regional,0.18,default,-2.0,12.84,12.7,13.2,False,O,12.95,feldpausch,12.84,12.701077780635362,0.8251,38.3174,38.3174,52.2942,35.6228,35.6228,48.6166,
1,Xylopia nitida,Annonaceae,800390.2598,9726998.138,22.6,False,O,11,18.58,18.58,feldpausch_regional,0.18,default,-2.0,22.24,18.39,22.6,False,O,18.58,feldpausch,22.240000000000002,18.39018403683091,0.5483,155.693,155.693,142.5939,149.3839,149.3839,136.8156,
2,Xylopia amazonica,Annonaceae,800390.4223,9727000.392,11.8,False,O,11,11.96,11.96,feldpausch_regional,0.18,default,-2.0,11.44,11.7,11.8,False,O,11.96,feldpausch,11.440000000000001,11.698981982587213,0.787,28.4866,28.4866,37.1224,26.2434,26.2434,34.1992,
3,Banara guianensis,Salicaceae,800389.2598,9727004.29,15.8,False,O,11,14.66,14.66,feldpausch_regional,0.18,default,-2.0,15.44,14.43,15.8,False,O,14.66,feldpausch,15.440000000000001,14.43082832275704,0.61,61.4308,61.4308,62.4299,57.832,57.832,58.7726,
4,Simarouba amara,Simaroubaceae,800392.3964,9727003.773,34.6,False,O,11,24.05,24.05,feldpausch_regional,0.18,default,-2.0,34.24,23.91,34.6,False,O,24.05,feldpausch,34.24,23.906674687941734,0.3833,459.9446,459.9446,297.0302,448.0281,448.0281,289.3346,
5,Nectandra cuspidata,Lauraceae,800396.6606,9727001.275,12.1,False,O,11,12.18,12.18,feldpausch_regional,0.18,default,-2.0,11.74,11.92,12.1,False,O,12.18,feldpausch,11.74,11.921601999718774,0.518,30.4544,30.4544,26.3852,28.1161,28.1161,24.3593,
6,Inga alba,Fabaceae,800391.732,9727004.595,12.6,False,O,11,12.53,12.53,feldpausch_regional,0.18,default,-2.0,12.24,12.28,12.6,False,O,12.53,feldpausch,12.24,12.276079226857474,0.5861,33.8832,33.8832,33.1175,31.3857,31.3857,30.6764,
7,Xylopia nitida,Annonaceae,800396.2525,9727004.518,22.1,False,O,11,18.31,18.31,feldpausch_regional,0.18,default,-2.0,21.74,18.12,22.1,False,O,18.31,feldpausch,21.740000000000002,18.117780288134792,0.5483,146.9259,146.9259,134.5644,140.8321,140.8321,128.9834,
8,Inga alba,Fabaceae,800389.9706,9727008.406,10.3,False,O,11,10.85,10.85,feldpausch_regional,0.18,default,-2.0,9.94,10.58,10.3,False,O,10.85,feldpausch,9.940000000000001,10.57426605405682,0.5861,19.8654,19.8654,19.4165,18.0729,18.0729,17.6644,
9,Nectandra cuspidata,Lauraceae,800392.8096,9727008.38,16.9,False,O,11,15.35,15.35,feldpausch_regional,0.18,default,-2.0,16.54,15.13,16.9,False,O,15.35,feldpausch,16.54,15.12815035654019,0.518,73.2719,73.2719,63.4816,69.2649,69.2649,60.0099,
10,Vismia guianensis,Hypericaceae,800392.2417,9727013.013,11.9,False,O,11,12.03,12.03,feldpausch_regional,0.18,default,-2.0,11.54,11.77,11.9,False,O,12.03,feldpausch,11.540000000000001,11.769939397609964,0.475,29.1251,29.1251,23.187,26.8511,26.8511,21.3766,
11,,,800393.5324,9727015.001,21.3,True,O,11,17.88,17.88,feldpausch_regional,0.18,default,-2.0,20.94,17.69,21.3,True,O,17.88,feldpausch,20.94,17.683721254697815,0.5847,133.5883,96.6619,96.6619,127.8318,92.5823,92.5823,
12,,,800401.4193,9727015.384,24.2,True,O,11,19.4,19.4,feldpausch_regional,0.18,default,-2.0,23.84,19.22,24.2,True,O,19.4,feldpausch,23.84,19.217744201993025,0.5847,185.5935,133.3865,133.3865,178.5895,128.4519,128.4519,
13,Nectandra cuspidata,Lauraceae,800405.5927,9727012.921,24.1,False,O,11,19.35,19.35,feldpausch_regional,0.18,default,-2.0,23.74,19.17,24.1,False,O,19.35,feldpausch,23.740000000000002,19.167284245624835,0.518,183.6363,183.6363,159.0995,176.6763,176.6763,153.0694,
14,Nectandra cuspidata,Lauraceae,800405.8077,9727012.907,10.2,False,O,11,10.78,10.78,feldpausch_regional,0.18,default,-2.0,9.84,10.5,10.2,False,O,10.78,feldpausch,9.84,10.503054040815368,0.518,19.368,19.368,16.7801,17.6032,17.6032,15.2511,
15,Xylopia amazonica,Annonaceae,800406.0732,9727013.762,26.0,False,O,11,20.29,20.29,feldpausch_regional,0.18,default,-2.0,25.64,20.11,26.0,False,O,20.29,feldpausch,25.64,20.115605777331606,0.787,223.0468,223.0468,290.6643,215.237,215.237,280.487,
16,Xylopia nitida,Annonaceae,800405.3759,9727016.433,15.5,False,O,11,14.47,14.47,feldpausch_regional,0.18,default,-2.0,15.14,14.24,15.5,False,O,14.47,feldpausch,15.14,14.238712647529205,0.5483,58.4259,58.4259,53.5103,54.9356,54.9356,50.3136,
17,Guatteria schomburgkiana,Annonaceae,800406.6873,9727016.78,16.9,False,O,11,15.35,15.35,feldpausch_regional,0.18,default,-2.0,16.54,15.13,16.9,False,O,15.35,feldpausch,16.54,15.12815035654019,0.6,73.2719,73.2719,73.2719,69.2649,69.2649,69.2649,
18,Nectandra cuspidata,Lauraceae,800397.6187,9727006.879,13.9,False,O,11,13.42,13.42,feldpausch_regional,0.18,default,-2.0,13.54,13.18,13.9,False,O,13.42,feldpausch,13.540000000000001,13.176821729950944,0.518,43.8846,43.8846,38.0209,40.9558,40.9558,35.4834,
19,Xylopia amazonica,Annonaceae,800400.4402,9727023.271,27.7,False,O,11,21.09,21.09,feldpausch_regional,0.18,default,-2.0,27.34,20.92,27.7,False,O,21.09,feldpausch,27.34,20.922574616850373,0.787,262.1078,262.1078,341.5668,253.5197,253.5197,330.3752,
20,Zanthoxylum rhoifolium,Rutaceae,800402.6889,9727030.089,10.4,False,O,11,10.93,10.93,feldpausch_regional,0.18,default,-2.0,10.04,10.65,10.4,False,O,10.93,feldpausch,10.040000000000001,10.655206304765878,0.5692,20.3893,20.3893,19.3688,18.5672,18.5672,17.6378,
21,Nectandra cuspidata,Lauraceae,800405.603,9727028.284,28.5,False,O,11,21.46,21.46,feldpausch_regional,0.18,default,-2.0,28.14,21.29,28.5,False,O,21.46,feldpausch,28.14,21.295663739136725,0.518,281.8308,281.8308,244.1736,272.8686,272.8686,236.4089,
22,Inga alba,Fabaceae,800406.3461,9727029.553,16.3,False,O,11,14.98,14.98,feldpausch_regional,0.18,default,-2.0,15.94,14.75,16.3,False,O,14.98,feldpausch,15.940000000000001,14.75416108478031,0.5861,66.6731,66.6731,65.1663,62.8895,62.8895,61.4683,
23,Banara guianensis,Salicaceae,800415.2195,9727024.026,14.9,False,O,11,14.08,14.08,feldpausch_regional,0.18,default,-2.0,14.54,13.85,14.9,False,O,14.08,feldpausch,14.540000000000001,13.844437604821394,0.61,52.6692,52.6692,53.5258,49.3937,49.3937,50.197,
24,,,800415.6944,9727024.865,11.8,False,O,11,11.96,11.96,feldpausch_regional,0.18,default,-2.0,11.44,11.7,11.8,False,O,11.96,feldpausch,11.440000000000001,11.698981982587213,0.5847,28.4866,28.4866,27.7759,26.2434,26.2434,25.5887,
25,Lecythis pisonis,Lecythidaceae,800406.7292,9727033.947,21.1,False,O,11,17.78,17.78,feldpausch_regional,0.18,default,-2.0,20.74,17.58,21.1,False,O,17.78,feldpausch,20.740000000000002,17.582583614354764,0.857,130.4348,130.4348,184.7171,124.7591,124.7591,176.6793,
26,Lecythis pisonis,Lecythidaceae,800406.8091,9727033.897,19.9,False,O,11,17.11,17.11,feldpausch_regional,0.18,default,-2.0,19.54,16.91,19.9,False,O,17.11,feldpausch,19.54,16.906180529985804,0.857,112.066,112.066,158.7039,106.8853,106.8853,151.3671,
27,Lecythis pisonis,Lecythidaceae,800407.2283,9727034.795,20.4,False,O,11,17.39,17.39,feldpausch_regional,0.18,default,-2.0,20.04,17.19,20.4,False,O,17.39,feldpausch,20.04,17.188913960417164,0.857,119.5064,119.5064,169.2407,114.1215,114.1215,161.6148,
28,Nectandra cuspidata,Lauraceae,800410.9702,9727031.844,10.4,False,O,11,10.93,10.93,feldpausch_regional,0.18,default,-2.0,10.04,10.65,10.4,False,O,10.93,feldpausch,10.040000000000001,10.655206304765878,0.518,20.3893,20.3893,17.665,18.5672,18.5672,16.0863,
29,Lecythis pisonis,Lecythidaceae,800412.3843,9727036.151,13.0,False,O,11,12.81,12.81,feldpausch_regional,0.18,default,-2.0,12.64,12.56,13.0,False,O,12.81,feldpausch,12.64,12.559453854983726,0.857,36.7999,36.7999,52.1146,34.1717,34.1717,48.3927,
30,Guatteria schomburgkiana,Annonaceae,800427.0601,9727027.833,11.4,False,O,11,11.67,11.67,feldpausch_regional,0.18,default,-2.0,11.04,11.41,11.4,False,O,11.67,feldpausch,11.040000000000001,11.405237510778715,0.6,26.0016,26.0016,26.0016,23.882,23.882,23.882,
31,,,800426.373,9727026.583,12.5,False,O,11,12.46,12.46,feldpausch_regional,0.18,default,-2.0,12.14,12.21,12.5,False,O,12.46,feldpausch,12.14,12.205207704531016,0.5847,33.1783,33.1783,32.3506,30.7131,30.7131,29.9469,
32,Nectandra cuspidata,Lauraceae,800420.9243,9727028.376,17.8,False,O,11,15.89,15.89,feldpausch_regional,0.18,default,-2.0,17.44,15.68,17.8,False,O,15.89,feldpausch,17.44,15.673921658561875,0.518,83.8644,83.8644,72.6587,79.5157,79.5157,68.8911,
33,,,800421.115,9727024.856,13.4,False,O,11,13.08,13.08,feldpausch_regional,0.18,default,-2.0,13.04,12.84,13.4,False,O,13.08,feldpausch,13.040000000000001,12.832850878590625,0.5847,39.8454,39.8454,38.8514,37.0857,37.0857,36.1605,
34,Xylopia amazonica,Annonaceae,800423.2863,9727019.001,10.2,False,O,11,10.78,10.78,feldpausch_regional,0.18,default,-2.0,9.84,10.5,10.2,False,O,10.78,feldpausch,9.84,10.503054040815368,0.787,19.368,19.368,25.2394,17.6032,17.6032,22.9397,
35,Nectandra cuspidata,Lauraceae,800413.6668,9727011.487,12.4,False,O,11,12.39,12.39,feldpausch_regional,0.18,default,-2.0,12.04,12.13,12.4,False,O,12.39,feldpausch,12.040000000000001,12.13432450561637,0.518,32.4831,32.4831,28.1428,30.0499,30.0499,26.0347,
36,Nectandra cuspidata,Lauraceae,800410.8969,9727012.468,13.8,False,O,11,13.36,13.36,feldpausch_regional,0.18,default,-2.0,13.44,13.11,13.8,False,O,13.36,feldpausch,13.440000000000001,13.11590038072233,0.518,43.0816,43.0816,37.3252,40.1853,40.1853,34.8159,
37,Tapirira guianensis,Anacardiaceae,800415.6942,9727009.17,33.0,False,O,11,23.4,23.4,feldpausch_regional,0.18,default,-2.0,32.64,23.25,33.0,False,O,23.4,feldpausch,32.64,23.25160931953095,0.457,408.2767,408.2767,313.0092,397.1542,397.1542,304.4821,
38,,,800413.6893,9727008.143,12.0,False,O,11,12.11,12.11,feldpausch_regional,0.18,default,-2.0,11.64,11.85,12.0,False,O,12.11,feldpausch,11.64,11.85066919732659,0.5847,29.7969,29.7969,29.0536,27.49,27.49,26.8042,
39,Xylopia amazonica,Annonaceae,800410.4548,9727005.722,24.3,False,O,11,19.45,19.45,feldpausch_regional,0.18,default,-2.0,23.94,19.27,24.3,False,O,19.45,feldpausch,23.94,19.268201012674933,0.787,187.5641,187.5641,244.4249,180.5161,180.5161,235.2403,
40,Banara guianensis,Salicaceae,800411.4461,9727003.491,12.5,False,O,11,12.46,12.46,feldpausch_regional,0.18,default,-2.0,12.14,12.21,12.5,False,O,12.46,feldpausch,12.14,12.205207704531016,0.61,33.1783,33.1783,33.7179,30.7131,30.7131,31.2126,
41,Nectandra cuspidata,Lauraceae,800406.4684,9727004.596,11.6,False,O,11,11.82,11.82,feldpausch_regional,0.18,default,-2.0,11.24,11.56,11.6,False,O,11.82,feldpausch,11.24,11.557025370127894,0.518,27.2369,27.2369,23.5976,25.055,25.055,21.7072,
42,Nectandra cuspidata,Lauraceae,800409.0117,9727003.132,25.1,False,O,11,19.85,19.85,feldpausch_regional,0.18,default,-2.0,24.74,19.67,25.1,False,O,19.85,feldpausch,24.740000000000002,19.671746656007798,0.518,203.8159,203.8159,176.5828,196.4118,196.4118,170.168,
43,Xylopia amazonica,Annonaceae,800412.0822,9727000.597,22.0,False,O,11,18.26,18.26,feldpausch_regional,0.18,default,-2.0,21.64,18.07,22.0,False,O,18.26,feldpausch,21.64,18.067246632339895,0.787,145.2428,145.2428,189.2737,139.1904,139.1904,181.3866,
44,Schefflera morototoni,Araliaceae,800410.8774,9726999.424,11.0,False,O,11,11.38,11.38,feldpausch_regional,0.18,default,-2.0,10.64,11.11,11.0,False,O,11.38,feldpausch,10.64,11.111266572550116,0.4559,23.6621,23.6621,18.0996,21.6629,21.6629,16.5704,
45,Nectandra cuspidata,Lauraceae,800410.5706,9726997.848,16.1,False,O,11,14.85,14.85,feldpausch_regional,0.18,default,-2.0,15.74,14.62,16.1,False,O,14.85,feldpausch,15.740000000000002,14.622878814173308,0.518,64.5342,64.5342,55.9114,60.8255,60.8255,52.6983,
46,Nectandra cuspidata,Lauraceae,800408.306,9726997.818,10.2,False,O,11,10.78,10.78,feldpausch_regional,0.18,default,-2.0,9.84,10.5,10.2,False,O,10.78,feldpausch,9.84,10.503054040815368,0.518,19.368,19.368,16.7801,17.6032,17.6032,15.2511,
47,Xylopia amazonica,Annonaceae,800404.7823,9726999.589,12.3,False,O,11,12.32,12.32,feldpausch_regional,0.18,default,-2.0,11.94,12.06,12.3,False,O,12.32,feldpausch,11.940000000000001,12.063429349784986,0.787,31.7974,31.7974,41.4369,29.396,29.396,38.3075,
48,Xylopia amazonica,Annonaceae,800404.1722,9726998.501,10.1,False,O,11,10.7,10.7,feldpausch_regional,0.18,default,-2.0,9.74,10.42,10.1,False,O,10.7,feldpausch,9.74,10.422080815603511,0.787,18.8614,18.8614,24.5793,17.1258,17.1258,22.3176,
49,Xylopia nitida,Annonaceae,800407.4748,9726996.316,23.8,False,O,11,19.2,19.2,feldpausch_regional,0.18,default,-2.0,23.44,19.01,23.8,False,O,19.2,feldpausch,23.44,19.015885115510656,0.5483,177.8447,177.8447,162.8819,171.0156,171.0156,156.6274,
50,Vismia guianensis,Hypericaceae,800407.3644,9726992.018,11.3,False,O,11,11.6,11.6,feldpausch_regional,0.18,default,-2.0,10.94,11.33,11.3,False,O,11.6,feldpausch,10.940000000000001,11.334209651177257,0.475,25.4086,25.4086,20.2282,23.3189,23.3189,18.5646,
51,Nectandra cuspidata,Lauraceae,800405.6238,9726988.853,21.5,False,O,11,17.99,17.99,feldpausch_regional,0.18,default,-2.0,21.14,17.8,21.5,False,O,17.99,feldpausch,21.14,17.79473220995257,0.518,136.8646,136.8646,118.5772,131.0238,131.0238,113.5168,
52,Nectandra cuspidata,Lauraceae,800402.1222,9726990.766,20.5,False,O,11,17.45,17.45,feldpausch_regional,0.18,default,-2.0,20.14,17.24,20.5,False,O,17.45,feldpausch,20.14,17.249401486858044,0.518,121.0589,121.0589,104.8834,115.6315,115.6315,100.1812,
53,Nectandra cuspidata,Lauraceae,800400.2775,9726991.555,19.4,False,O,11,16.83,16.83,feldpausch_regional,0.18,default,-2.0,19.04,16.62,19.4,False,O,16.83,feldpausch,19.04,16.623331207310667,0.518,104.932,104.932,90.9113,99.952,99.952,86.5968,
54,Nectandra cuspidata,Lauraceae,800399.1662,9726991.615,15.1,False,O,11,14.21,14.21,feldpausch_regional,0.18,default,-2.0,14.74,13.98,15.1,False,O,14.21,feldpausch,14.74,13.975893597095732,0.518,54.5451,54.5451,47.257,51.1986,51.1986,44.3576,
1,Vismia latifolia,Hypericaceae,800409.0097,9726988.188,19.12,False,O,11,16.67,16.67,feldpausch_regional,0.18,default,-2.0,18.76,16.46,19.12,False,O,16.67,feldpausch,18.76,16.461721631916532,0.43,101.0495,101.0495,73.0002,96.1814,96.1814,69.4833,
2,Tapirira guianensis,Anacardiaceae,800412.4498,9726984.696,36.2,False,O,11,24.67,24.67,feldpausch_regional,0.18,default,-2.0,35.84,24.53,36.2,False,O,24.67,feldpausch,35.84,24.53153061876062,0.457,515.0115,515.0115,394.8385,502.2943,502.2943,385.0888,
3,Tapirira guianensis,Anacardiaceae,800413.326,9726984.218,11.2,False,O,11,11.53,11.53,feldpausch_regional,0.18,default,-2.0,10.84,11.26,11.2,False,O,11.53,feldpausch,10.84,11.263166132148207,0.457,24.8245,24.8245,19.0319,22.7645,22.7645,17.4526,
4,Xylopia nitida,Annonaceae,800414.7379,9726986.864,20.8,False,O,11,17.61,17.61,feldpausch_regional,0.18,default,-2.0,20.44,17.41,20.8,False,O,17.61,feldpausch,20.44,17.41106794193607,0.5483,125.6555,125.6555,115.0836,120.1061,120.1061,110.0011,
5,Xylopia nitida,Annonaceae,800412.1274,9726988.304,20.2,False,O,11,17.28,17.28,feldpausch_regional,0.18,default,-2.0,19.84,17.08,20.2,False,O,17.28,feldpausch,19.84,17.07781055505458,0.5483,116.5063,116.5063,106.7041,111.2028,111.2028,101.8469,
6,Guatteria schomburgkiana,Annonaceae,800415.0444,9726991.634,15.16,False,O,11,14.25,14.25,feldpausch_regional,0.18,default,-2.0,14.8,14.02,15.16,False,O,14.25,feldpausch,14.8,14.016307821754108,0.6,55.12,55.12,55.12,51.7519,51.7519,51.7519,
7,Xylopia nitida,Annonaceae,800415.0765,9726993.775,22.4,False,O,11,18.47,18.47,feldpausch_regional,0.18,default,-2.0,22.04,18.28,22.4,False,O,18.47,feldpausch,22.04,18.279253688104635,0.5483,152.1306,152.1306,139.3312,145.9087,145.9087,133.6328,
8,Xylopia nitida,Annonaceae,800410.6479,9726991.822,23.6,False,O,11,19.1,19.1,feldpausch_regional,0.18,default,-2.0,23.24,18.91,23.6,False,O,19.1,feldpausch,23.240000000000002,18.914935912907623,0.5483,174.0498,174.0498,159.4063,167.3074,167.3074,153.2312,
9,Schefflera morototoni,Araliaceae,800409.9187,9726992.553,24.0,False,O,11,19.3,19.3,feldpausch_regional,0.18,default,-2.0,23.64,19.12,24.0,False,O,19.3,feldpausch,23.64,19.116821105203144,0.4559,181.6925,181.6925,138.9802,174.7762,174.7762,133.6898,
10,Nectandra cuspidata,Lauraceae,800412.0052,9726994.315,11.0,False,O,11,11.38,11.38,feldpausch_regional,0.18,default,-2.0,10.64,11.11,11.0,False,O,11.38,feldpausch,10.64,11.111266572550116,0.518,23.6621,23.6621,20.5005,21.6629,21.6629,18.7684,
11,Guatteria schomburgkiana,Annonaceae,800419.5915,9726995.961,29.7,False,O,11,22.0,22.0,feldpausch_regional,0.18,default,-2.0,29.34,21.84,29.7,False,O,22.0,feldpausch,29.34,21.84014711011574,0.6,312.9578,312.9578,312.9578,303.4284,303.4284,303.4284,
12,Xylopia nitida,Annonaceae,800420.2533,9726997.201,21.7,False,O,11,18.1,18.1,feldpausch_regional,0.18,default,-2.0,21.34,17.91,21.7,False,O,18.1,feldpausch,21.34,17.90572793510301,0.5483,140.1924,140.1924,128.3974,134.2667,134.2667,122.9703,
13,Xylopia nitida,Annonaceae,800415.9414,9727001.544,23.1,False,O,11,18.84,18.84,feldpausch_regional,0.18,default,-2.0,22.74,18.65,23.1,False,O,18.84,feldpausch,22.740000000000002,18.652602367939707,0.5483,164.7063,164.7063,150.8489,158.1821,158.1821,144.8736,
14,Nectandra cuspidata,Lauraceae,800416.5749,9727002.707,13.9,False,O,11,13.42,13.42,feldpausch_regional,0.18,default,-2.0,13.54,13.18,13.9,False,O,13.42,feldpausch,13.540000000000001,13.176821729950944,0.518,43.8846,43.8846,38.0209,40.9558,40.9558,35.4834,
15,,,800423.1282,9726998.454,12.12,False,O,11,12.19,12.19,feldpausch_regional,0.18,default,-2.0,11.76,11.93,12.12,False,O,12.19,feldpausch,11.76,11.931871709262959,0.5847,30.5772,30.5772,29.8144,28.2334,28.2334,27.5291,
16,Guatteria schomburgkiana,Annonaceae,800423.956,9727002.084,14.6,False,O,11,13.89,13.89,feldpausch_regional,0.18,default,-2.0,14.24,13.65,14.6,False,O,13.89,feldpausch,14.24,13.652106386641979,0.6,49.9522,49.9522,49.9522,46.7807,46.7807,46.7807,
17,Nectandra cuspidata,Lauraceae,800424.445,9727005.058,24.6,False,O,11,19.6,19.6,feldpausch_regional,0.18,default,-2.0,24.24,19.42,24.6,False,O,19.6,feldpausch,24.240000000000002,19.41955294493037,0.518,193.5566,193.5566,167.6942,186.3759,186.3759,161.4731,
18,Xylopia nitida,Annonaceae,800424.8862,9727005.885,25.4,False,O,11,20.0,20.0,feldpausch_regional,0.18,default,-2.0,25.04,19.82,25.4,False,O,20.0,feldpausch,25.04,19.823028683971163,0.5483,210.1364,210.1364,192.4568,202.5969,202.5969,185.5516,
19,Nectandra cuspidata,Lauraceae,800427.5032,9727006.711,19.8,False,O,11,17.05,17.05,feldpausch_regional,0.18,default,-2.0,19.44,16.85,19.8,False,O,17.05,feldpausch,19.44,16.84566814870777,0.518,110.5896,110.5896,95.813,105.4504,105.4504,91.3605,
20,Myrciaria floribunda,Myrtaceae,800428.1433,9727007.305,15.0,False,O,11,14.15,14.15,feldpausch_regional,0.18,default,-2.0,14.64,13.91,15.0,False,O,14.15,feldpausch,14.64,13.915086591517273,0.785,53.6203,53.6203,69.7022,50.3082,50.3082,65.3968,
21,Myrciaria floribunda,Myrtaceae,800428.187,9727007.387,12.3,False,O,11,12.32,12.32,feldpausch_regional,0.18,default,-2.0,11.94,12.06,12.3,False,O,12.32,feldpausch,11.940000000000001,12.063429349784986,0.785,31.7974,31.7974,41.3341,29.396,29.396,38.2125,
22,Himatanthus sucuuba,Apocynaceae,800430.1124,9727009.596,20.1,False,O,11,17.22,17.22,feldpausch_regional,0.18,default,-2.0,19.74,17.02,20.1,False,O,17.22,feldpausch,19.740000000000002,17.0173108766495,0.462,114.992,114.992,89.101,109.7306,109.7306,85.0243,
23,Nectandra cuspidata,Lauraceae,800431.2314,9727009.674,29.1,False,O,11,21.73,21.73,feldpausch_regional,0.18,default,-2.0,28.74,21.57,29.1,False,O,21.73,feldpausch,28.740000000000002,21.56794394010814,0.518,297.1325,297.1325,257.4307,287.8884,287.8884,249.4218,
24,Nectandra cuspidata,Lauraceae,800432.1752,9727009.421,17.1,False,O,11,15.47,15.47,feldpausch_regional,0.18,default,-2.0,16.74,15.25,17.1,False,O,15.47,feldpausch,16.740000000000002,15.249476279075992,0.518,75.546,75.546,65.4518,71.4641,71.4641,61.9154,
25,Strychnos subcordata,Loganiaceae,800433.0318,9727009.004,27.1,False,O,11,20.81,20.81,feldpausch_regional,0.18,default,-2.0,26.74,20.64,27.1,False,O,20.81,feldpausch,26.740000000000002,20.640178964537867,0.6959,247.885,247.885,286.503,239.5742,239.5742,276.8975,
26,Nectandra cuspidata,Lauraceae,800422.6933,9727017.919,18.6,False,O,11,16.36,16.36,feldpausch_regional,0.18,default,-2.0,18.24,16.15,18.6,False,O,16.36,feldpausch,18.240000000000002,16.148792440489622,0.518,94.0161,94.0161,81.454,89.3564,89.3564,77.417,
27,Nectandra cuspidata,Lauraceae,800424.5473,9727019.33,30.1,False,O,11,22.17,22.17,feldpausch_regional,0.18,default,-2.0,29.74,22.01,30.1,False,O,22.17,feldpausch,29.740000000000002,22.011646734733052,0.518,323.6606,323.6606,280.4142,313.9432,313.9432,271.9953,
28,Simarouba amara,Simaroubaceae,800426.4832,9727020.904,39.6,False,O,11,25.93,25.93,feldpausch_regional,0.18,default,-2.0,39.24,25.8,39.6,False,O,25.93,feldpausch,39.24,25.801023824457367,0.3833,644.2181,644.2181,416.0333,629.7633,629.7633,406.6984,
29,Licania octandra,Chrysobalanaceae,800428.7566,9727021.139,11.1,False,O,11,11.45,11.45,feldpausch_regional,0.18,default,-2.0,10.74,11.18,11.1,False,O,11.45,feldpausch,10.74,11.182340299273735,0.825,24.2284,24.2284,33.0604,22.1998,22.1998,30.2923,
30,Inga heterophylla,Fabaceae,800434.1637,9727017.269,14.1,False,O,11,13.56,13.56,feldpausch_regional,0.18,default,-2.0,13.74,13.32,14.1,False,O,13.56,feldpausch,13.74,13.31827369396353,0.56,45.585,45.585,42.6165,42.5865,42.5865,39.8133,
31,Zanthoxylum rhoifolium,Rutaceae,800431.3412,9727023.949,13.1,False,O,11,12.88,12.88,feldpausch_regional,0.18,default,-2.0,12.74,12.63,13.1,False,O,12.88,feldpausch,12.74,12.630270902047103,0.5692,37.5536,37.5536,35.674,34.8923,34.8923,33.1459,
32,Xylopia nitida,Annonaceae,800439.6681,9727019.688,12.1,False,O,11,12.18,12.18,feldpausch_regional,0.18,default,-2.0,11.74,11.92,12.1,False,O,12.18,feldpausch,11.74,11.921601999718774,0.5483,30.4544,30.4544,27.8921,28.1161,28.1161,25.7506,
33,Schefflera morototoni,Araliaceae,800439.6681,9727019.688,27.4,False,O,11,20.95,20.95,feldpausch_regional,0.18,default,-2.0,27.04,20.78,27.4,False,O,20.95,feldpausch,27.04,20.781387695680323,0.4559,254.9326,254.9326,195.003,246.4836,246.4836,188.5402,
34,Xylopia nitida,Annonaceae,800439.8593,9727018.028,17.1,False,O,11,15.47,15.47,feldpausch_regional,0.18,default,-2.0,16.74,15.25,17.1,False,O,15.47,feldpausch,16.740000000000002,15.249476279075992,0.5483,75.546,75.546,69.19,71.4641,71.4641,65.4516,
35,Tapirira guianensis,Anacardiaceae,800439.9708,9727016.207,21.7,False,O,11,18.1,18.1,feldpausch_regional,0.18,default,-2.0,21.34,17.91,21.7,False,O,18.1,feldpausch,21.34,17.90572793510301,0.457,140.1924,140.1924,107.4798,134.2667,134.2667,102.9369,
36,Licania octandra,Chrysobalanaceae,800441.9787,9727016.012,15.7,False,O,11,14.6,14.6,feldpausch_regional,0.18,default,-2.0,15.34,14.37,15.7,False,O,14.6,feldpausch,15.34,14.370078027679671,0.825,60.4318,60.4318,82.461,56.8685,56.8685,77.5989,
37,Nectandra cuspidata,Lauraceae,800443.5662,9727017.061,12.1,False,O,11,12.18,12.18,feldpausch_regional,0.18,default,-2.0,11.74,11.92,12.1,False,O,12.18,feldpausch,11.74,11.921601999718774,0.518,30.4544,30.4544,26.3852,28.1161,28.1161,24.3593,
38,Zanthoxylum rhoifolium,Rutaceae,800446.6779,9727014.943,17.7,False,O,11,15.83,15.83,feldpausch_regional,0.18,default,-2.0,17.34,15.62,17.7,False,O,15.83,feldpausch,17.34,15.613304384679866,0.5692,82.6414,82.6414,78.5051,78.3313,78.3313,74.4107,
39,Nectandra cuspidata,Lauraceae,800436.5769,9727011.701,23.7,False,O,11,19.15,19.15,feldpausch_regional,0.18,default,-2.0,23.34,18.96,23.7,False,O,19.15,feldpausch,23.34,18.965412186244883,0.518,175.9406,175.9406,152.4321,169.155,169.155,146.5531,
40,Nectandra cuspidata,Lauraceae,800437.6877,9727007.651,19.0,False,O,11,16.6,16.6,feldpausch_regional,0.18,default,-2.0,18.64,16.39,19.0,False,O,16.6,feldpausch,18.64,16.391037822045284,0.518,99.4061,99.4061,86.1239,94.586,94.586,81.9478,
41,Nectandra cuspidata,Lauraceae,800437.2002,9727004.611,17.3,False,O,11,15.59,15.59,feldpausch_regional,0.18,default,-2.0,16.94,15.37,17.3,False,O,15.59,feldpausch,16.94,15.370776692492882,0.518,77.8654,77.8654,67.4613,73.708,73.708,63.8594,
42,Nectandra cuspidata,Lauraceae,800438.0862,9727002.141,19.3,False,O,11,16.77,16.77,feldpausch_regional,0.18,default,-2.0,18.94,16.56,19.3,False,O,16.77,feldpausch,18.94,16.56279608301031,0.518,103.5173,103.5173,89.6857,98.5782,98.5782,85.4065,
43,Xylopia nitida,Annonaceae,800437.756,9727001.913,10.6,False,O,11,11.08,11.08,feldpausch_regional,0.18,default,-2.0,10.24,10.81,10.6,False,O,11.08,feldpausch,10.24,10.807290020466903,0.5483,21.4451,21.4451,19.6409,19.5647,19.5647,17.9187,
44,Xylopia nitida,Annonaceae,800437.1328,9727000.686,22.0,False,O,11,18.26,18.26,feldpausch_regional,0.18,default,-2.0,21.64,18.07,22.0,False,O,18.26,feldpausch,21.64,18.067246632339895,0.5483,145.2428,145.2428,133.0229,139.1904,139.1904,127.4798,
45,Xylopia nitida,Annonaceae,800434.7291,9726999.778,31.5,False,O,11,22.78,22.78,feldpausch_regional,0.18,default,-2.0,31.14,22.62,31.5,False,O,22.78,feldpausch,31.14,22.6265393545077,0.5483,363.1912,363.1912,332.6345,352.7978,352.7978,323.1156,
46,Nectandra cuspidata,Lauraceae,800435.0976,9726996.253,17.5,False,O,11,15.71,15.71,feldpausch_regional,0.18,default,-2.0,17.14,15.49,17.5,False,O,15.71,feldpausch,17.14,15.492052454653425,0.518,80.2304,80.2304,69.5103,75.9969,75.9969,65.8425,
47,Xylopia nitida,Annonaceae,800428.8357,9726998.882,13.5,False,O,11,13.15,13.15,feldpausch_regional,0.18,default,-2.0,13.14,12.91,13.5,False,O,13.15,feldpausch,13.14,12.90362698059947,0.5483,40.6391,40.6391,37.2199,37.8454,37.8454,34.6614,
48,Xylopia nitida,Annonaceae,800430.5062,9726997.897,15.8,False,O,11,14.66,14.66,feldpausch_regional,0.18,default,-2.0,15.44,14.43,15.8,False,O,14.66,feldpausch,15.440000000000001,14.43082832275704,0.5483,61.4308,61.4308,56.2624,57.832,57.832,52.9664,
49,Guatteria schomburgkiana,Annonaceae,800431.8459,9726991.999,23.5,False,O,11,19.05,19.05,feldpausch_regional,0.18,default,-2.0,23.14,18.86,23.5,False,O,19.05,feldpausch,23.14,18.86445625378704,0.6,172.1721,172.1721,172.1721,165.4729,165.4729,165.4729,
50,Nectandra cuspidata,Lauraceae,800433.9888,9726991.919,20.7,False,O,11,17.56,17.56,feldpausch_regional,0.18,default,-2.0,20.34,17.36,20.7,False,O,17.56,feldpausch,20.34,17.360479083022682,0.518,124.134,124.134,107.5477,118.6244,118.6244,102.7742,
51,Vismia latifolia,Hypericaceae,800430.5591,9726985.137,14.0,False,O,11,13.49,13.49,feldpausch_regional,0.18,default,-2.0,13.64,13.25,14.0,False,O,13.49,feldpausch,13.64,13.247551872280896,0.43,44.7295,44.7295,32.3135,41.766,41.766,30.1726,
52,Xylopia nitida,Annonaceae,800428.677,9726985.779,15.5,False,O,11,14.47,14.47,feldpausch_regional,0.18,default,-2.0,15.14,14.24,15.5,False,O,14.47,feldpausch,15.14,14.238712647529205,0.5483,58.4259,58.4259,53.5103,54.9356,54.9356,50.3136,
53,Nectandra cuspidata,Lauraceae,800424.7691,9726988.727,26.3,False,O,11,20.43,20.43,feldpausch_regional,0.18,default,-2.0,25.94,20.26,26.3,False,O,20.43,feldpausch,25.94,20.256900014938434,0.518,229.634,229.634,198.9512,221.6896,221.6896,192.0682,
54,Nectandra cuspidata,Lauraceae,800424.8548,9726988.678,17.8,False,O,11,15.89,15.89,feldpausch_regional,0.18,default,-2.0,17.44,15.68,17.8,False,O,15.89,feldpausch,17.44,15.673921658561875,0.518,83.8644,83.8644,72.6587,79.5157,79.5157,68.8911,
55,Inga alba,Fabaceae,800424.0574,9726981.091,33.1,False,O,11,23.44,23.44,feldpausch_regional,0.18,default,-2.0,32.74,23.3,33.1,False,O,23.44,feldpausch,32.74,23.291941926667235,0.5861,411.3804,411.3804,402.0836,400.2092,400.2092,391.1649,
56,Xylopia nitida,Annonaceae,800419.7366,9726985.699,29.8,False,O,11,22.04,22.04,feldpausch_regional,0.18,default,-2.0,29.44,21.88,29.8,False,O,22.04,feldpausch,29.44,21.880543308170807,0.5483,315.577,315.577,289.0263,306.0018,306.0018,280.2567,
57,,,800419.0989,9726982.337,29.2,False,O,11,21.77,21.77,feldpausch_regional,0.18,default,-2.0,28.84,21.61,29.2,False,O,21.77,feldpausch,28.84,21.608353485727548,0.5847,299.6663,299.6663,292.1904,290.377,290.377,283.1329,
1,Sterculia pruriens,Malvaceae,800107.9129,9727077.671,7.5,False,O,12,8.6,8.6,feldpausch_regional,0.18,default,-2.0,7.14,8.29,7.5,False,O,8.6,feldpausch,7.14,8.290134696048403,0.4862,8.5241,8.5241,6.9424,7.4713,7.4713,6.0849,
2,Pourouma villosa,Urticaceae,800110.6953,9727077.715,13.2,False,O,12,12.95,12.95,feldpausch_regional,0.18,default,-2.0,12.84,12.7,13.2,False,O,12.95,feldpausch,12.84,12.701077780635362,0.34,38.3174,38.3174,22.0112,35.6228,35.6228,20.4633,
3,Pourouma minor,Urticaceae,800110.6033,9727077.723,13.0,False,O,12,12.81,12.81,feldpausch_regional,0.18,default,-2.0,12.64,12.56,13.0,False,O,12.81,feldpausch,12.64,12.559453854983726,0.436,36.7999,36.7999,26.9469,34.1717,34.1717,25.0224,
4,Pourouma minor,Urticaceae,800110.4334,9727077.943,12.7,False,O,12,12.6,12.6,feldpausch_regional,0.18,default,-2.0,12.34,12.35,12.7,False,O,12.6,feldpausch,12.34,12.346939344095293,0.436,34.5977,34.5977,25.3344,32.0678,32.0678,23.4819,
5,Licania heteromorpha,Chrysobalanaceae,800111.7369,9727079.346,12.1,False,O,12,12.18,12.18,feldpausch_regional,0.18,default,-2.0,11.74,11.92,12.1,False,O,12.18,feldpausch,11.74,11.921601999718774,0.8164,30.4544,30.4544,41.1331,28.1161,28.1161,37.9749,
6,Guatteria schomburgkiana,Annonaceae,800115.5277,9727080.519,17.0,False,O,12,15.41,15.41,feldpausch_regional,0.18,default,-2.0,16.64,15.19,17.0,False,O,15.41,feldpausch,16.64,15.188816561640074,0.6,74.4033,74.4033,74.4033,70.3589,70.3589,70.3589,
7,Apeiba petoumo,Malvaceae,800117.3913,9727080.651,37.2,False,O,12,25.05,25.05,feldpausch_regional,0.18,default,-2.0,36.84,24.92,37.2,False,O,25.05,feldpausch,36.84,24.91442551912858,0.2822,551.3112,551.3112,264.0827,538.0872,538.0872,257.7483,
8,Pourouma minor,Urticaceae,800120.1689,9727080.596,12.2,False,O,12,12.25,12.25,feldpausch_regional,0.18,default,-2.0,11.84,11.99,12.2,False,O,12.25,feldpausch,11.84,11.992521947516652,0.436,31.1212,31.1212,22.7887,28.7515,28.7515,21.0534,
9,Sagotia racemosa,Euphorbiaceae,800109.0738,9727081.018,6.3,False,O,12,7.54,7.54,feldpausch_regional,0.18,default,-2.0,5.94,7.22,6.3,False,O,7.54,feldpausch,5.9399999999999995,7.211849934515828,0.58,5.3344,5.3344,5.1608,4.5535,4.5535,4.4053,
10,Lecythis idatimon,Lecythidaceae,800109.8105,9727082.271,9.5,False,O,12,10.23,10.23,feldpausch_regional,0.18,default,-2.0,9.14,9.95,9.5,False,O,10.23,feldpausch,9.14,9.945614561657207,0.7986,16.0183,16.0183,21.1738,14.4516,14.4516,19.1029,
11,Lecythis idatimon,Lecythidaceae,800107.1327,9727081.097,6.2,False,O,12,7.45,7.45,feldpausch_regional,0.18,default,-2.0,5.84,7.12,6.2,False,O,7.45,feldpausch,5.84,7.120127392891332,0.7986,5.1102,5.1102,6.7549,4.3504,4.3504,5.7505,
12,Inga thibaudiana,Fabaceae,800107.3022,9727082.199,12.0,False,O,12,12.11,12.11,feldpausch_regional,0.18,default,-2.0,11.64,11.85,12.0,False,O,12.11,feldpausch,11.64,11.85066919732659,0.5786,29.7969,29.7969,28.7573,27.49,27.49,26.5308,
13,Bowdichia nitida,Fabaceae,800107.2447,9727084.033,5.4,False,O,12,6.71,6.71,feldpausch_regional,0.18,default,-2.0,5.04,6.37,5.4,False,O,6.71,feldpausch,5.04,6.3653868994101055,0.8033,3.5235,3.5235,4.6847,2.9251,2.9251,3.889,
14,Sapium marmieri,Euphorbiaceae,800106.9104,9727085.893,10.3,False,O,12,10.85,10.85,feldpausch_regional,0.18,default,-2.0,9.94,10.58,10.3,False,O,10.85,feldpausch,9.940000000000001,10.57426605405682,0.41,19.8654,19.8654,13.6993,18.0729,18.0729,12.4632,
15,Licania heteromorpha,Chrysobalanaceae,800109.4206,9727084.645,15.8,False,O,12,14.66,14.66,feldpausch_regional,0.18,default,-2.0,15.44,14.43,15.8,False,O,14.66,feldpausch,15.440000000000001,14.43082832275704,0.8164,61.4308,61.4308,82.9713,57.832,57.832,78.1106,
16,Apeiba petoumo,Malvaceae,800119.5528,9727084.933,28.6,False,O,12,21.5,21.5,feldpausch_regional,0.18,default,-2.0,28.24,21.34,28.6,False,O,21.5,feldpausch,28.240000000000002,21.336087441319343,0.2822,284.2805,284.2805,136.1728,275.2736,275.2736,131.8584,
17,Pourouma villosa,Urticaceae,800110.4201,9727086.993,6.4,False,O,12,7.64,7.64,feldpausch_regional,0.18,default,-2.0,6.04,7.31,6.4,False,O,7.64,feldpausch,6.04,7.313097976740602,0.34,5.5722,5.5722,3.2009,4.7688,4.7688,2.7394,
18,Talisia longifolia,Sapindaceae,800109.0227,9727088.239,5.9,False,O,12,7.18,7.18,feldpausch_regional,0.18,default,-2.0,5.54,6.84,5.9,False,O,7.18,feldpausch,5.54,6.8446564986798535,0.8499,4.4745,4.4745,6.2853,3.7765,3.7765,5.3049,
19,Cecropia palmata,Urticaceae,800110.6045,9727089.619,16.4,False,O,12,15.04,15.04,feldpausch_regional,0.18,default,-2.0,16.04,14.81,16.4,False,O,15.04,feldpausch,16.04,14.814867629828917,0.3404,67.7376,67.7376,38.9538,63.9176,63.9176,36.7571,
20,Trattinnickia burserifolia,Burseraceae,800108.6674,9727089.796,6.3,False,O,12,7.54,7.54,feldpausch_regional,0.18,default,-2.0,5.94,7.22,6.3,False,O,7.54,feldpausch,5.9399999999999995,7.211849934515828,0.46,5.3344,5.3344,4.1159,4.5535,4.5535,3.5133,
21,Tapirira guianensis,Anacardiaceae,800108.8373,9727090.898,11.7,False,O,12,11.89,11.89,feldpausch_regional,0.18,default,-2.0,11.34,11.63,11.7,False,O,11.89,feldpausch,11.34,11.628010757572445,0.457,27.8572,27.8572,21.357,25.6448,25.6448,19.6608,
22,Tetragastris panamensis,Burseraceae,800107.3321,9727091.949,7.4,False,O,12,8.51,8.51,feldpausch_regional,0.18,default,-2.0,7.04,8.2,7.4,False,O,8.51,feldpausch,7.04,8.198865428237733,0.7173,8.2189,8.2189,9.7841,7.1903,7.1903,8.5596,
23,Guatteria schomburgkiana,Annonaceae,800111.6691,9727091.556,16.2,False,O,12,14.91,14.91,feldpausch_regional,0.18,default,-2.0,15.84,14.69,16.2,False,O,14.91,feldpausch,15.84,14.683599054839801,0.6,65.5765,65.5765,65.5765,61.8317,61.8317,61.8317,
24,Pourouma minor,Urticaceae,800111.6975,9727091.96,17.1,False,O,12,15.47,15.47,feldpausch_regional,0.18,default,-2.0,16.74,15.25,17.1,False,O,15.47,feldpausch,16.740000000000002,15.249476279075992,0.436,75.546,75.546,55.3191,71.4641,71.4641,52.3301,
25,Inga alba,Fabaceae,800111.6692,9727094.199,20.1,False,O,12,17.22,17.22,feldpausch_regional,0.18,default,-2.0,19.74,17.02,20.1,False,O,17.22,feldpausch,19.740000000000002,17.0173108766495,0.5861,114.992,114.992,112.3933,109.7306,109.7306,107.2508,
26,Banara guianensis,Salicaceae,800113.7645,9727094.926,12.3,False,O,12,12.32,12.32,feldpausch_regional,0.18,default,-2.0,11.94,12.06,12.3,False,O,12.32,feldpausch,11.940000000000001,12.063429349784986,0.61,31.7974,31.7974,32.3145,29.396,29.396,29.8741,
27,Inga thibaudiana,Fabaceae,800112.8768,9727095.514,15.5,False,O,12,14.47,14.47,feldpausch_regional,0.18,default,-2.0,15.14,14.24,15.5,False,O,14.47,feldpausch,15.14,14.238712647529205,0.5786,58.4259,58.4259,56.3874,54.9356,54.9356,53.0188,
28,Brosimum rubescens,Moraceae,800110.0499,9727094.955,24.9,False,O,12,19.75,19.75,feldpausch_regional,0.18,default,-2.0,24.54,19.57,24.9,False,O,19.75,feldpausch,24.54,19.570877888370134,0.8251,199.6711,199.6711,272.5035,192.3568,192.3568,262.5212,
29,Guatteria schomburgkiana,Annonaceae,800110.0141,9727095.771,14.4,False,O,12,13.76,13.76,feldpausch_regional,0.18,default,-2.0,14.04,13.52,14.4,False,O,13.76,feldpausch,14.040000000000001,13.520564939096525,0.6,48.181,48.181,48.181,45.0788,45.0788,45.0788,
30,Nectandra cuspidata,Lauraceae,800107.8471,9727096.676,7.0,False,O,12,8.17,8.17,feldpausch_regional,0.18,default,-2.0,6.64,7.85,7.0,False,O,8.17,feldpausch,6.64,7.852713610028152,0.518,7.0863,7.0863,6.1395,6.15,6.15,5.3282,
31,Licania heteromorpha,Chrysobalanaceae,800111.0866,9727096.488,9.4,False,O,12,10.16,10.16,feldpausch_regional,0.18,default,-2.0,9.04,9.87,9.4,False,O,10.16,feldpausch,9.040000000000001,9.874235624771373,0.8164,15.586,15.586,21.0512,14.0455,14.0455,18.9705,
32,Guatteria schomburgkiana,Annonaceae,800111.3135,9727099.72,6.5,False,O,12,7.72,7.72,feldpausch_regional,0.18,default,-2.0,6.14,7.4,6.5,False,O,7.72,feldpausch,6.14,7.395157304554543,0.6,5.8021,5.8021,5.8021,4.978,4.978,4.978,
33,Pouteria guianensis,Sapotaceae,800108.4056,9727100.689,8.6,False,O,12,9.52,9.52,feldpausch_regional,0.18,default,-2.0,8.24,9.22,8.6,False,O,9.52,feldpausch,8.24,9.224662819036187,0.9295,12.2956,12.2956,18.8489,10.9684,10.9684,16.8143,
34,Inga thibaudiana,Fabaceae,800110.538,9727101.923,6.8,False,O,12,7.99,7.99,feldpausch_regional,0.18,default,-2.0,6.44,7.67,6.8,False,O,7.99,feldpausch,6.4399999999999995,7.66980425820082,0.5786,6.5525,6.5525,6.3238,5.6618,5.6618,5.4643,
35,Trattinnickia burserifolia,Burseraceae,800114.2644,9727102.001,17.0,False,O,12,15.41,15.41,feldpausch_regional,0.18,default,-2.0,16.64,15.19,17.0,False,O,15.41,feldpausch,16.64,15.188816561640074,0.46,74.4033,74.4033,57.4075,70.3589,70.3589,54.2869,
36,,,800115.2963,9727103.436,51.0,False,O,12,29.57,29.57,feldpausch_regional,0.18,default,-2.0,50.64,29.47,51.0,False,O,29.57,feldpausch,50.64,29.466928140462976,0.5847,1200.0202,1200.0202,1170.0831,1179.5143,1179.5143,1150.0888,
37,Pseudopiptadenia suaveolens,Fabaceae,800117.1819,9727103.78,20.3,False,O,12,17.33,17.33,feldpausch_regional,0.18,default,-2.0,19.94,17.13,20.3,False,O,17.33,feldpausch,19.94,17.128422670463497,0.6797,117.967,117.967,133.2402,112.6244,112.6244,127.2059,
38,Guatteria schomburgkiana,Annonaceae,800115.4037,9727104.953,19.9,False,O,12,17.11,17.11,feldpausch_regional,0.18,default,-2.0,19.54,16.91,19.9,False,O,17.11,feldpausch,19.54,16.906180529985804,0.6,112.066,112.066,112.066,106.8853,106.8853,106.8853,
39,Protium paniculatum,Burseraceae,800108.4658,9727105.558,12.9,False,O,12,12.74,12.74,feldpausch_regional,0.18,default,-2.0,12.54,12.49,12.9,False,O,12.74,feldpausch,12.540000000000001,12.488626407215895,0.49,36.056,36.056,29.5892,33.4608,33.4608,27.4594,
40,Guatteria schomburgkiana,Annonaceae,800108.9776,9727106.224,33.5,False,O,12,23.61,23.61,feldpausch_regional,0.18,default,-2.0,33.14,23.46,33.5,False,O,23.61,feldpausch,33.14,23.463193255523848,0.6,424.1211,424.1211,424.1211,412.7495,412.7495,412.7495,
41,Pouteria guianensis,Sapotaceae,800111.1631,9727104.205,7.0,False,O,12,8.17,8.17,feldpausch_regional,0.18,default,-2.0,6.64,7.85,7.0,False,O,8.17,feldpausch,6.64,7.852713610028152,0.9295,7.0863,7.0863,10.8632,6.15,6.15,9.4277,
42,Inga sp.,Fabaceae,800112.5286,9727107.745,8.9,False,O,12,9.76,9.76,feldpausch_regional,0.18,default,-2.0,8.54,9.47,8.9,False,O,9.76,feldpausch,8.540000000000001,9.468422665598206,0.5786,13.4702,13.4702,13.0002,12.0646,12.0646,11.6437,
43,Tetragastris panamensis,Burseraceae,800110.6268,9727109.84,16.1,False,O,12,14.85,14.85,feldpausch_regional,0.18,default,-2.0,15.74,14.62,16.1,False,O,14.85,feldpausch,15.740000000000002,14.622878814173308,0.7173,64.5342,64.5342,76.8242,60.8255,60.8255,72.4093,
44,Bagassa guianensis,Moraceae,800114.0523,9727112.188,18.1,False,O,12,16.07,16.07,feldpausch_regional,0.18,default,-2.0,17.74,15.86,18.1,False,O,16.07,feldpausch,17.740000000000002,15.855739843979478,0.7087,87.6034,87.6034,103.0568,83.1381,83.1381,97.8039,
45,Bagassa guianensis,Moraceae,800114.2447,9727112.273,24.9,False,O,12,19.75,19.75,feldpausch_regional,0.18,default,-2.0,24.54,19.57,24.9,False,O,19.75,feldpausch,24.54,19.570877888370134,0.7087,199.6711,199.6711,234.8935,192.3568,192.3568,226.2889,
46,Licania heteromorpha,Chrysobalanaceae,800115.171,9727112.194,10.0,False,O,12,10.62,10.62,feldpausch_regional,0.18,default,-2.0,9.64,10.34,10.0,False,O,10.62,feldpausch,9.64,10.341091793253828,0.8164,18.3636,18.3636,24.8028,16.657,16.657,22.4977,
47,Thyrsodium spruceanum,Anacardiaceae,800118.561,9727110.072,25.7,False,O,12,20.14,20.14,feldpausch_regional,0.18,default,-2.0,25.34,19.97,25.7,False,O,20.14,feldpausch,25.34,19.964373334572795,0.64,216.4772,216.4772,230.5516,208.8049,208.8049,222.3805,
48,Licania heteromorpha,Chrysobalanaceae,800122.2211,9727109.146,14.1,False,O,12,13.56,13.56,feldpausch_regional,0.18,default,-2.0,13.74,13.32,14.1,False,O,13.56,feldpausch,13.74,13.31827369396353,0.8164,45.585,45.585,61.5692,42.5865,42.5865,57.5193,
49,Euterpe oleracea,Arecaceae,800111.5862,9727114.227,10.0,False,P,12,10.62,10.62,feldpausch_regional,0.18,default,-2.0,9.64,10.34,10.0,False,P,10.62,feldpausch,9.64,10.341091793253828,0.3877,18.3636,10.5895,10.5895,16.657,9.5745,9.5745,
50,Euterpe oleracea,Arecaceae,800111.5006,9727114.336,7.9,False,P,12,8.94,8.94,feldpausch_regional,0.18,default,-2.0,7.54,8.63,7.9,False,P,8.94,feldpausch,7.54,8.635628206046846,0.3877,9.7979,5.5402,5.5402,8.6479,4.8737,4.8737,
51,Euterpe oleracea,Arecaceae,800111.536,9727114.841,9.4,False,P,12,10.16,10.16,feldpausch_regional,0.18,default,-2.0,9.04,9.87,9.4,False,P,10.16,feldpausch,9.040000000000001,9.874235624771373,0.3877,15.586,8.9335,8.9335,14.0455,8.0244,8.0244,
52,Euterpe oleracea,Arecaceae,800111.8069,9727114.717,7.7,False,P,12,8.77,8.77,feldpausch_regional,0.18,default,-2.0,7.34,8.46,7.7,False,P,8.77,feldpausch,7.34,8.462941976829288,0.3877,9.1466,5.1632,5.1632,8.0456,4.5266,4.5266,
53,Euterpe oleracea,Arecaceae,800112.3275,9727114.164,5.9,False,P,12,7.18,7.18,feldpausch_regional,0.18,default,-2.0,5.54,6.84,5.9,False,P,7.18,feldpausch,5.54,6.8446564986798535,0.3877,4.4745,2.4838,2.4838,3.7765,2.0891,2.0891,
54,Euterpe oleracea,Arecaceae,800112.249,9727114.374,7.5,False,P,12,8.6,8.6,feldpausch_regional,0.18,default,-2.0,7.14,8.29,7.5,False,P,8.6,feldpausch,7.14,8.290134696048403,0.3877,8.5241,4.8029,4.8029,7.4713,4.1956,4.1956,
55,Euterpe oleracea,Arecaceae,800112.1634,9727114.483,9.1,False,P,12,9.92,9.92,feldpausch_regional,0.18,default,-2.0,8.74,9.63,9.1,False,P,9.92,feldpausch,8.74,9.630812171708895,0.3877,14.2924,8.1717,8.1717,12.8335,7.3136,7.3136,
56,Pouteria sp.,Sapotaceae,800113.3393,9727115.298,17.0,False,O,12,15.41,15.41,feldpausch_regional,0.18,default,-2.0,16.64,15.19,17.0,False,O,15.41,feldpausch,16.64,15.188816561640074,0.7187,74.4033,74.4033,88.7409,70.3589,70.3589,83.9172,
57,Pouteria sp.,Sapotaceae,800113.5389,9727115.484,15.2,False,O,12,14.28,14.28,feldpausch_regional,0.18,default,-2.0,14.84,14.05,15.2,False,O,14.28,feldpausch,14.84,14.04652800373012,0.7187,55.518,55.518,66.2164,52.1347,52.1347,62.1811,
58,Inga thibaudiana,Fabaceae,800112.6111,9727118.205,8.1,False,O,12,9.1,9.1,feldpausch_regional,0.18,default,-2.0,7.74,8.8,8.1,False,O,9.1,feldpausch,7.739999999999999,8.798533546303183,0.5786,10.4676,10.4676,10.1024,9.2689,9.2689,8.9455,
59,Diospyros artanthifolia,Ebenaceae,800109.9606,9727122.997,13.5,False,O,12,13.15,13.15,feldpausch_regional,0.18,default,-2.0,13.14,12.91,13.5,False,O,13.15,feldpausch,13.14,12.90362698059947,0.6952,40.6391,40.6391,46.9184,37.8454,37.8454,43.6931,
60,,,800112.087,9727124.039,7.7,False,O,12,8.77,8.77,feldpausch_regional,0.18,default,-2.0,7.34,8.46,7.7,False,O,8.77,feldpausch,7.34,8.462941976829288,0.5847,9.1466,9.1466,8.9184,8.0456,8.0456,7.8449,
61,Licania heteromorpha,Chrysobalanaceae,800113.157,9727125.982,7.8,False,O,12,8.85,8.85,feldpausch_regional,0.18,default,-2.0,7.44,8.55,7.8,False,O,8.85,feldpausch,7.4399999999999995,8.544472260985149,0.8164,9.4634,9.4634,12.7817,8.3387,8.3387,11.2626,
62,Swartzia corrugata,Fabaceae,800110.0898,9727122.174,10.0,False,O,12,10.62,10.62,feldpausch_regional,0.18,default,-2.0,9.64,10.34,10.0,False,O,10.62,feldpausch,9.64,10.341091793253828,1.0565,18.3636,18.3636,31.8992,16.657,16.657,28.9346,
63,Inga thibaudiana,Fabaceae,800120.6576,9727126.383,13.2,False,O,12,12.95,12.95,feldpausch_regional,0.18,default,-2.0,12.84,12.7,13.2,False,O,12.95,feldpausch,12.84,12.701077780635362,0.5786,38.3174,38.3174,36.9805,35.6228,35.6228,34.3799,
64,Guatteria schomburgkiana,Annonaceae,800121.5863,9727126.307,18.6,False,O,12,16.36,16.36,feldpausch_regional,0.18,default,-2.0,18.24,16.15,18.6,False,O,16.36,feldpausch,18.240000000000002,16.148792440489622,0.6,94.0161,94.0161,94.0161,89.3564,89.3564,89.3564,
66,Inga thibaudiana,Fabaceae,800122.1375,9727120.968,11.0,False,O,12,11.38,11.38,feldpausch_regional,0.18,default,-2.0,10.64,11.11,11.0,False,O,11.38,feldpausch,10.64,11.111266572550116,0.5786,23.6621,23.6621,22.8365,21.6629,21.6629,20.907,
67,,,800121.8471,9727116.919,45.4,True,O,12,27.88,27.88,feldpausch_regional,0.18,default,-2.0,45.04,27.77,45.4,True,O,27.88,feldpausch,45.04,27.765221259719453,0.5847,902.8996,631.5688,631.5688,885.4047,619.4984,619.4984,
68,Lecythis lurida,Lecythidaceae,800120.862,9727116.187,13.0,False,O,12,12.81,12.81,feldpausch_regional,0.18,default,-2.0,12.64,12.56,13.0,False,O,12.81,feldpausch,12.64,12.559453854983726,0.8633,36.7999,36.7999,52.4905,34.1717,34.1717,48.7417,
69,Banara guianensis,Salicaceae,800123.5701,9727114.94,15.3,False,O,12,14.34,14.34,feldpausch_regional,0.18,default,-2.0,14.94,14.11,15.3,False,O,14.34,feldpausch,14.940000000000001,14.10731821422537,0.61,56.4638,56.4638,57.3821,53.0458,53.0458,53.9085,
70,Bagassa guianensis,Moraceae,800127.6308,9727119.491,26.0,False,O,12,20.29,20.29,feldpausch_regional,0.18,default,-2.0,25.64,20.11,26.0,False,O,20.29,feldpausch,25.64,20.115605777331606,0.7087,223.0468,223.0468,262.3927,215.237,215.237,253.2053,
71,Bagassa guianensis,Moraceae,800127.8237,9727119.576,32.0,False,O,12,22.99,22.99,feldpausch_regional,0.18,default,-2.0,31.64,22.84,32.0,False,O,22.99,feldpausch,31.64,22.838251947604746,0.7087,377.8988,377.8988,444.5609,367.2631,367.2631,432.049,
72,Bagassa guianensis,Moraceae,800127.9238,9727119.67,45.0,False,O,12,27.76,27.76,feldpausch_regional,0.18,default,-2.0,44.64,27.64,45.0,False,O,27.76,feldpausch,44.64,27.644283839959087,0.7087,883.7083,883.7083,1039.5962,866.4213,866.4213,1019.2598,
73,Guatteria schomburgkiana,Annonaceae,800125.7535,9727119.342,24.9,False,O,12,19.75,19.75,feldpausch_regional,0.18,default,-2.0,24.54,19.57,24.9,False,O,19.75,feldpausch,24.54,19.570877888370134,0.6,199.6711,199.6711,199.6711,192.3568,192.3568,192.3568,
74,Eschweilera coriacea,Lecythidaceae,800127.94,9727123.747,10.0,False,O,12,10.62,10.62,feldpausch_regional,0.18,default,-2.0,9.64,10.34,10.0,False,O,10.62,feldpausch,9.64,10.341091793253828,0.8521,18.3636,18.3636,25.8603,16.657,16.657,23.4569,
75,,,800132.623,9727125.198,14.8,False,O,12,14.02,14.02,feldpausch_regional,0.18,default,-2.0,14.44,13.78,14.8,False,O,14.02,feldpausch,14.440000000000001,13.783613149683013,0.5847,51.7652,51.7652,50.4738,48.5237,48.5237,47.3132,
76,Dipteryx odorata,Fabaceae,800132.158,9727120.133,30.5,False,O,12,22.35,22.35,feldpausch_regional,0.18,default,-2.0,30.14,22.19,30.5,False,O,22.35,feldpausch,30.14,22.193042714473396,0.9228,334.7409,334.7409,509.513,324.8299,324.8299,494.4272,
77,Guatteria schomburgkiana,Annonaceae,800129.7204,9727116.154,26.6,False,O,12,20.58,20.58,feldpausch_regional,0.18,default,-2.0,26.24,20.4,26.6,False,O,20.58,feldpausch,26.240000000000002,20.408086150022772,0.6,236.4571,236.4571,236.4571,228.3732,228.3732,228.3732,
78,Guatteria schomburgkiana,Annonaceae,800131.7775,9727112.407,35.5,False,O,12,24.4,24.4,feldpausch_regional,0.18,default,-2.0,35.14,24.26,35.5,False,O,24.4,feldpausch,35.14,24.25944475551066,0.6,490.4547,490.4547,490.4547,478.0898,478.0898,478.0898,
79,Guatteria schomburgkiana,Annonaceae,800131.5434,9727110.488,10.6,False,O,12,11.08,11.08,feldpausch_regional,0.18,default,-2.0,10.24,10.81,10.6,False,O,11.08,feldpausch,10.24,10.807290020466903,0.6,21.4451,21.4451,21.4451,19.5647,19.5647,19.5647,
80,Protium paniculatum,Burseraceae,800130.6132,9727109.24,12.4,False,O,12,12.39,12.39,feldpausch_regional,0.18,default,-2.0,12.04,12.13,12.4,False,O,12.39,feldpausch,12.040000000000001,12.13432450561637,0.49,32.4831,32.4831,26.6571,30.0499,30.0499,24.6603,
81,Attalea maripa,Arecaceae,800127.9312,9727110.797,30.9,False,P,12,22.52,22.52,feldpausch_regional,0.18,default,-2.0,30.54,22.36,30.9,False,P,22.52,feldpausch,30.54,22.36447793659077,0.326,345.9126,235.1958,235.1958,335.8106,227.7415,227.7415,
82,Attalea maripa,Arecaceae,800125.1599,9727111.136,33.9,False,P,12,23.77,23.77,feldpausch_regional,0.18,default,-2.0,33.54,23.62,33.9,False,P,23.77,feldpausch,33.54,23.62448135299593,0.326,436.9331,303.4062,303.4062,425.3646,294.6332,294.6332,
83,,,800125.3504,9727113.77,13.5,False,O,12,13.15,13.15,feldpausch_regional,0.18,default,-2.0,13.14,12.91,13.5,False,O,13.15,feldpausch,13.14,12.90362698059947,0.5847,40.6391,40.6391,39.6252,37.8454,37.8454,36.9013,
84,,,800126.3782,9727104.811,34.0,False,O,12,23.81,23.81,feldpausch_regional,0.18,default,-2.0,33.64,23.66,34.0,False,O,23.81,feldpausch,33.64,23.664799359228816,0.5847,440.1743,440.1743,429.1932,428.5564,428.5564,417.8651,
85,Casearia javitensis,Salicaceae,800126.4675,9727103.478,11.9,False,O,12,12.03,12.03,feldpausch_regional,0.18,default,-2.0,11.54,11.77,11.9,False,O,12.03,feldpausch,11.540000000000001,11.769939397609964,0.753,29.1251,29.1251,36.3533,26.8511,26.8511,33.5149,
86,,,800126.6894,9727103.968,11.1,False,O,12,11.45,11.45,feldpausch_regional,0.18,default,-2.0,10.74,11.18,11.1,False,O,11.45,feldpausch,10.74,11.182340299273735,0.5847,24.2284,24.2284,23.624,22.1998,22.1998,21.646,
87,Apeiba petoumo,Malvaceae,800124.5518,9727096.304,40.0,False,O,12,26.07,26.07,feldpausch_regional,0.18,default,-2.0,39.64,25.94,40.0,False,O,26.07,feldpausch,39.64,25.94209034322581,0.2822,660.4431,660.4431,316.3578,645.7827,645.7827,309.3353,
88,Neea oppositifolia,Nyctaginaceae,800124.6045,9727094.464,10.0,False,O,12,10.62,10.62,feldpausch_regional,0.18,default,-2.0,9.64,10.34,10.0,False,O,10.62,feldpausch,9.64,10.341091793253828,0.893,18.3636,18.3636,27.0716,16.657,16.657,24.5556,
89,Talisia longifolia,Sapindaceae,800125.8786,9727095.37,29.3,False,O,12,21.82,21.82,feldpausch_regional,0.18,default,-2.0,28.94,21.66,29.3,False,O,21.82,feldpausch,28.94,21.658686661799177,0.8499,302.349,302.349,424.7079,293.0102,293.0102,411.5898,
90,Talisia longifolia,Sapindaceae,800126.0633,9727095.353,33.9,False,O,12,23.77,23.77,feldpausch_regional,0.18,default,-2.0,33.54,23.62,33.9,False,O,23.77,feldpausch,33.54,23.62448135299593,0.8499,436.9331,436.9331,613.7575,425.3646,425.3646,597.5073,
91,Licania heteromorpha,Chrysobalanaceae,800125.6577,9727092.329,11.2,False,O,12,11.53,11.53,feldpausch_regional,0.18,default,-2.0,10.84,11.26,11.2,False,O,11.53,feldpausch,10.84,11.263166132148207,0.8164,24.8245,24.8245,33.5291,22.7645,22.7645,30.7468,
92,Attalea maripa,Arecaceae,800124.6097,9727090.69,27.7,False,P,12,21.09,21.09,feldpausch_regional,0.18,default,-2.0,27.34,20.92,27.7,False,P,21.09,feldpausch,27.34,20.922574616850373,0.326,262.1078,174.1582,174.1582,253.5197,168.008,168.008,
93,Attalea maripa,Arecaceae,800130.3119,9727094.974,39.2,False,P,12,25.79,25.79,feldpausch_regional,0.18,default,-2.0,38.84,25.66,39.2,False,P,25.79,feldpausch,38.84,25.659938495221375,0.326,628.2487,452.2773,452.2773,613.9984,440.9535,440.9535,
94,,,800127.0157,9727085.471,10.6,False,O,12,11.08,11.08,feldpausch_regional,0.18,default,-2.0,10.24,10.81,10.6,False,O,11.08,feldpausch,10.24,10.807290020466903,0.5847,21.4451,21.4451,20.9101,19.5647,19.5647,19.0766,
95,Attalea maripa,Arecaceae,800126.0642,9727085.15,20.5,False,P,12,17.45,17.45,feldpausch_regional,0.18,default,-2.0,20.14,17.24,20.5,False,P,17.45,feldpausch,20.14,17.249401486858044,0.326,121.0589,76.15,76.15,115.6315,72.5309,72.5309,
96,Apeiba petoumo,Malvaceae,800127.9006,9727084.88,16.4,False,O,12,15.04,15.04,feldpausch_regional,0.18,default,-2.0,16.04,14.81,16.4,False,O,15.04,feldpausch,16.04,14.814867629828917,0.2822,67.7376,67.7376,32.4469,63.9176,63.9176,30.6171,
97,Eschweilera coriacea,Lecythidaceae,800128.83,9727084.897,25.8,False,O,12,20.19,20.19,feldpausch_regional,0.18,default,-2.0,25.44,20.02,25.8,False,O,20.19,feldpausch,25.44,20.014786744922866,0.8521,218.653,218.653,307.9146,210.935,210.935,297.0459,
98,Lecythis idatimon,Lecythidaceae,800128.2207,9727076.579,15.5,False,O,12,14.47,14.47,feldpausch_regional,0.18,default,-2.0,15.14,14.24,15.5,False,O,14.47,feldpausch,15.14,14.238712647529205,0.7986,58.4259,58.4259,77.2304,54.9356,54.9356,72.6167,
99,Apeiba petoumo,Malvaceae,800123.6328,9727077.213,17.8,False,O,12,15.89,15.89,feldpausch_regional,0.18,default,-2.0,17.44,15.68,17.8,False,O,15.89,feldpausch,17.44,15.673921658561875,0.2822,83.8644,83.8644,40.1717,79.5157,79.5157,38.0887,
100,,,800118.9429,9727076.43,10.8,False,O,12,11.23,11.23,feldpausch_regional,0.18,default,-2.0,10.44,10.96,10.8,False,O,11.23,feldpausch,10.440000000000001,10.95930894767477,0.5847,22.5359,22.5359,21.9737,20.5965,20.5965,20.0826,
1,Abarema mataybifolia,Fabaceae,800130.9448,9727075.812,17.6,False,O,12,15.77,15.77,feldpausch_regional,0.18,default,-2.0,17.24,15.55,17.6,False,O,15.77,feldpausch,17.240000000000002,15.55268134894128,0.5668,81.4301,81.4301,77.0229,77.1584,77.1584,72.9824,
2,Abarema mataybifolia,Fabaceae,800130.9523,9727075.914,12.0,False,O,12,12.11,12.11,feldpausch_regional,0.18,default,-2.0,11.64,11.85,12.0,False,O,12.11,feldpausch,11.64,11.85066919732659,0.5668,29.7969,29.7969,28.1842,27.49,27.49,26.0021,
3,Eschweilera coriacea,Lecythidaceae,800134.7398,9727076.99,13.1,False,O,12,12.88,12.88,feldpausch_regional,0.18,default,-2.0,12.74,12.63,13.1,False,O,12.88,feldpausch,12.74,12.630270902047103,0.8521,37.5536,37.5536,52.8843,34.8923,34.8923,49.1366,
4,Inga thibaudiana,Fabaceae,800129.4838,9727081.16,11.0,False,O,12,11.38,11.38,feldpausch_regional,0.18,default,-2.0,10.64,11.11,11.0,False,O,11.38,feldpausch,10.64,11.111266572550116,0.5786,23.6621,23.6621,22.8365,21.6629,21.6629,20.907,
5,Brosimum rubescens,Moraceae,800137.8363,9727081.204,21.6,False,O,12,18.05,18.05,feldpausch_regional,0.18,default,-2.0,21.24,17.85,21.6,False,O,18.05,feldpausch,21.240000000000002,17.855177983198676,0.8251,138.5595,138.5595,189.1006,132.6747,132.6747,181.0694,
6,,,800138.0281,9727081.289,38.6,True,O,12,25.57,25.57,feldpausch_regional,0.18,default,-2.0,38.24,25.44,38.6,True,O,25.57,feldpausch,38.24,25.438325483044462,0.5847,604.539,425.3611,425.3611,590.5986,415.7046,415.7046,
7,,,800138.0358,9727081.391,14.7,False,L,12,13.95,13.95,feldpausch_regional,0.18,default,-2.0,14.34,13.72,14.7,False,L,13.95,feldpausch,14.34,13.712948981304246,0.5847,50.8357,50.8357,49.5675,47.6304,47.6304,46.4422,
8,Aspidosperma spruceanum,Apocynaceae,800130.6246,9727092.903,17.6,False,O,12,15.77,15.77,feldpausch_regional,0.18,default,-2.0,17.24,15.55,17.6,False,O,15.77,feldpausch,17.240000000000002,15.55268134894128,0.7533,81.4301,81.4301,101.6832,77.1584,77.1584,96.349,
9,,,800132.0072,9727090.225,14.3,False,O,12,13.69,13.69,feldpausch_regional,0.18,default,-2.0,13.94,13.45,14.3,False,O,13.69,feldpausch,13.940000000000001,13.449868465022146,0.5847,47.294,47.294,46.1142,44.2273,44.2273,43.124,
10,Guatteria schomburgkiana,Annonaceae,800135.1598,9727095.154,31.4,False,O,12,22.73,22.73,feldpausch_regional,0.18,default,-2.0,31.04,22.58,31.4,False,O,22.73,feldpausch,31.04,22.576245441928616,0.6,360.1707,360.1707,360.1707,349.8291,349.8291,349.8291,
11,Pourouma minor,Urticaceae,800144.1505,9727091.074,15.9,False,O,12,14.73,14.73,feldpausch_regional,0.18,default,-2.0,15.54,14.5,15.9,False,O,14.73,feldpausch,15.540000000000001,14.501415428522947,0.436,62.4818,62.4818,45.7527,58.845,58.845,43.0896,
12,Euterpe oleracea,Arecaceae,800135.3406,9727097.592,10.4,False,P,12,10.93,10.93,feldpausch_regional,0.18,default,-2.0,10.04,10.65,10.4,False,P,10.93,feldpausch,10.040000000000001,10.655206304765878,0.3877,20.3893,11.7948,11.7948,18.5672,10.7064,10.7064,
13,Euterpe oleracea,Arecaceae,800138.1433,9727097.753,11.0,False,P,12,11.38,11.38,feldpausch_regional,0.18,default,-2.0,10.64,11.11,11.0,False,P,11.38,feldpausch,10.64,11.111266572550116,0.3877,23.6621,13.7606,13.7606,21.6629,12.558,12.558,
14,Pourouma villosa,Urticaceae,800142.9943,9727100.395,10.8,False,O,12,11.23,11.23,feldpausch_regional,0.18,default,-2.0,10.44,10.96,10.8,False,O,11.23,feldpausch,10.440000000000001,10.95930894767477,0.34,22.5359,22.5359,12.9456,20.5965,20.5965,11.8315,
15,Miconia poeppigii,Melastomataceae,800133.1668,9727105.957,10.9,False,O,12,11.3,11.3,feldpausch_regional,0.18,default,-2.0,10.54,11.03,10.9,False,O,11.3,feldpausch,10.540000000000001,11.030414500637347,0.5967,23.0846,23.0846,22.9594,21.1162,21.1162,21.0017,
16,Pseudopiptadenia suaveolens,Fabaceae,800134.6171,9727112.983,30.0,False,O,12,22.13,22.13,feldpausch_regional,0.18,default,-2.0,29.64,21.97,30.0,False,O,22.13,feldpausch,29.64,21.97125707943626,0.6797,320.9987,320.9987,362.5586,311.3274,311.3274,351.6351,
17,Guatteria schomburgkiana,Annonaceae,800134.9171,9727117.044,11.6,False,O,12,11.82,11.82,feldpausch_regional,0.18,default,-2.0,11.24,11.56,11.6,False,O,11.82,feldpausch,11.24,11.557025370127894,0.6,27.2369,27.2369,27.2369,25.055,25.055,25.055,
18,Pseudopiptadenia suaveolens,Fabaceae,800134.087,9727118.441,16.0,False,O,12,14.79,14.79,feldpausch_regional,0.18,default,-2.0,15.64,14.56,16.0,False,O,14.79,feldpausch,15.64,14.562150985682587,0.6797,63.5026,63.5026,71.7244,59.83,59.83,67.5762,
19,Aspidosperma spruceanum,Apocynaceae,800132.4959,9727120.922,11.7,False,O,12,11.89,11.89,feldpausch_regional,0.18,default,-2.0,11.34,11.63,11.7,False,O,11.89,feldpausch,11.34,11.628010757572445,0.7533,27.8572,27.8572,34.7857,25.6448,25.6448,32.023,
20,Tapirira guianensis,Anacardiaceae,800139.1334,9727123.54,10.5,False,O,12,11.0,11.0,feldpausch_regional,0.18,default,-2.0,10.14,10.73,10.5,False,O,11.0,feldpausch,10.14,10.726380861779772,0.457,20.9036,20.9036,16.026,19.0533,19.0533,14.6074,
21,Zanthoxylum rhoifolium,Rutaceae,800142.7939,9727122.522,13.3,False,O,12,13.02,13.02,feldpausch_regional,0.18,default,-2.0,12.94,12.77,13.3,False,O,13.02,feldpausch,12.940000000000001,12.771874715997479,0.5692,39.0912,39.0912,37.1347,36.3631,36.3631,34.5431,
22,Cecropia palmata,Urticaceae,800142.5649,9727119.472,21.3,False,O,12,17.88,17.88,feldpausch_regional,0.18,default,-2.0,20.94,17.69,21.3,False,O,17.88,feldpausch,20.94,17.683721254697815,0.3404,133.5883,133.5883,76.8226,127.8318,127.8318,73.5122,
23,Eschweilera coriacea,Lecythidaceae,800149.0599,9727118.931,19.0,False,O,12,16.6,16.6,feldpausch_regional,0.18,default,-2.0,18.64,16.39,19.0,False,O,16.6,feldpausch,18.64,16.391037822045284,0.8521,99.4061,99.4061,139.9871,94.586,94.586,133.1993,
24,Eschweilera coriacea,Lecythidaceae,800149.0754,9727119.135,13.0,False,O,12,12.81,12.81,feldpausch_regional,0.18,default,-2.0,12.64,12.56,13.0,False,O,12.81,feldpausch,12.64,12.559453854983726,0.8521,36.7999,36.7999,51.8228,34.1717,34.1717,48.1217,
25,Inga marginata,Fabaceae,800151.1492,9727121.833,11.4,False,O,12,11.67,11.67,feldpausch_regional,0.18,default,-2.0,11.04,11.41,11.4,False,O,11.67,feldpausch,11.040000000000001,11.405237510778715,0.5518,26.0016,26.0016,23.9609,23.882,23.882,22.0076,
26,Calycophyllum megistocaulum,Rubiaceae,800145.6216,9727110.512,14.0,False,O,12,13.49,13.49,feldpausch_regional,0.18,default,-2.0,13.64,13.25,14.0,False,O,13.49,feldpausch,13.64,13.247551872280896,0.7254,44.7295,44.7295,53.8291,41.766,41.766,50.2627,
27,Lecythis pisonis,Lecythidaceae,800146.4786,9727109.517,17.4,False,O,12,15.65,15.65,feldpausch_regional,0.18,default,-2.0,17.04,15.43,17.4,False,O,15.65,feldpausch,17.04,15.431417602903213,0.857,79.0422,79.0422,111.9367,74.8468,74.8468,105.9954,
28,Apeiba petoumo,Malvaceae,800146.3782,9727108.194,27.6,False,O,12,21.05,21.05,feldpausch_regional,0.18,default,-2.0,27.24,20.88,27.6,False,O,21.05,feldpausch,27.240000000000002,20.88212819099749,0.2822,259.7821,259.7821,124.4378,251.2379,251.2379,120.3451,
29,Sacoglottis guianensis,Humiriaceae,800143.5464,9727107.72,11.3,False,O,12,11.6,11.6,feldpausch_regional,0.18,default,-2.0,10.94,11.33,11.3,False,O,11.6,feldpausch,10.940000000000001,11.334209651177257,0.8359,25.4086,25.4086,35.1161,23.3189,23.3189,32.228,
30,Guatteria schomburgkiana,Annonaceae,800145.198,9727104.915,28.3,False,O,12,21.37,21.37,feldpausch_regional,0.18,default,-2.0,27.94,21.2,28.3,False,O,21.37,feldpausch,27.94,21.204885730514096,0.6,276.8452,276.8452,276.8452,267.9761,267.9761,267.9761,
31,Matayba guianensis,Sapindaceae,800148.8999,9727104.594,22.7,False,O,12,18.63,18.63,feldpausch_regional,0.18,default,-2.0,22.34,18.44,22.7,False,O,18.63,feldpausch,22.34,18.44069507080865,0.82,157.453,157.453,213.5785,151.1018,151.1018,204.9634,
32,Bagassa guianensis,Moraceae,800152.5234,9727103.254,22.1,False,O,12,18.31,18.31,feldpausch_regional,0.18,default,-2.0,21.74,18.12,22.1,False,O,18.31,feldpausch,21.740000000000002,18.117780288134792,0.7087,146.9259,146.9259,172.8439,140.8321,140.8321,165.6752,
33,Vochysia guianensis,Vochysiaceae,800154.226,9727107.212,55.3,False,O,12,30.75,30.75,feldpausch_regional,0.18,default,-2.0,54.94,30.65,55.3,False,O,30.75,feldpausch,54.94,30.654854832571232,0.5087,1460.1484,1460.1484,1242.8766,1437.2974,1437.2974,1223.4259,
34,Bombax paraense,Malvaceae,800152.1864,9727098.87,18.2,False,O,12,16.13,16.13,feldpausch_regional,0.18,default,-2.0,17.84,15.92,18.2,False,O,16.13,feldpausch,17.84,15.916334995085252,0.39,88.8733,88.8733,58.368,84.3689,84.3689,55.4097,
35,,,800149.2024,9727096.364,15.5,False,O,12,14.47,14.47,feldpausch_regional,0.18,default,-2.0,15.14,14.24,15.5,False,O,14.47,feldpausch,15.14,14.238712647529205,0.5847,58.4259,58.4259,56.9683,54.9356,54.9356,53.5651,
36,Banara guianensis,Salicaceae,800147.2534,9727095.204,12.5,False,O,12,12.46,12.46,feldpausch_regional,0.18,default,-2.0,12.14,12.21,12.5,False,O,12.46,feldpausch,12.14,12.205207704531016,0.61,33.1783,33.1783,33.7179,30.7131,30.7131,31.2126,
37,Inga thibaudiana,Fabaceae,800144.2429,9727092.295,25.1,False,O,12,19.85,19.85,feldpausch_regional,0.18,default,-2.0,24.74,19.67,25.1,False,O,19.85,feldpausch,24.740000000000002,19.671746656007798,0.5786,203.8159,203.8159,196.7046,196.4118,196.4118,189.5588,
38,Pourouma minor,Urticaceae,800142.4882,9727093.681,11.3,False,O,12,11.6,11.6,feldpausch_regional,0.18,default,-2.0,10.94,11.33,11.3,False,O,11.6,feldpausch,10.940000000000001,11.334209651177257,0.436,25.4086,25.4086,18.6056,23.3189,23.3189,17.0754,
39,Pourouma villosa,Urticaceae,800141.3121,9727090.408,11.0,False,O,12,11.38,11.38,feldpausch_regional,0.18,default,-2.0,10.64,11.11,11.0,False,O,11.38,feldpausch,10.64,11.111266572550116,0.34,23.6621,23.6621,13.5926,21.6629,21.6629,12.4441,
40,Handroanthus serratifolius,Bignoniaceae,800143.9117,9727087.919,29.2,False,O,12,21.77,21.77,feldpausch_regional,0.18,default,-2.0,28.84,21.61,29.2,False,O,21.77,feldpausch,28.84,21.608353485727548,0.5847,299.6663,299.6663,292.1904,290.377,290.377,283.1329,
41,Apeiba petoumo,Malvaceae,800143.827,9727086.799,36.0,False,O,12,24.6,24.6,feldpausch_regional,0.18,default,-2.0,35.64,24.46,36.0,False,O,24.6,feldpausch,35.64,24.460901303128107,0.2822,508.061,508.061,243.3655,495.4413,495.4413,237.3205,
42,,,800143.7348,9727086.808,12.5,False,L,12,12.46,12.46,feldpausch_regional,0.18,default,-2.0,12.14,12.21,12.5,False,L,12.46,feldpausch,12.14,12.205207704531016,0.5847,33.1783,33.1783,32.3506,30.7131,30.7131,29.9469,
43,Pouteria retinervis,Sapotaceae,800152.0559,9727093.545,10.5,False,O,12,11.0,11.0,feldpausch_regional,0.18,default,-2.0,10.14,10.73,10.5,False,O,11.0,feldpausch,10.14,10.726380861779772,0.7187,20.9036,20.9036,24.9318,19.0533,19.0533,22.7248,
44,Inga alba,Fabaceae,800152.9951,9727088.84,42.2,False,O,12,26.83,26.83,feldpausch_regional,0.18,default,-2.0,41.84,26.71,42.2,False,O,26.83,feldpausch,41.84,26.707688801932175,0.5861,754.0573,754.0573,737.0165,738.2521,738.2521,721.5684,
45,Apeiba petoumo,Malvaceae,800151.9465,9727087.292,14.0,False,O,12,13.49,13.49,feldpausch_regional,0.18,default,-2.0,13.64,13.25,14.0,False,O,13.49,feldpausch,13.64,13.247551872280896,0.2822,44.7295,44.7295,21.4258,41.766,41.766,20.0063,
47,Brosimum rubescens,Moraceae,800150.9872,9727083.273,24.2,False,O,12,19.4,19.4,feldpausch_regional,0.18,default,-2.0,23.84,19.22,24.2,False,O,19.4,feldpausch,23.84,19.217744201993025,0.8251,185.5935,185.5935,253.2909,178.5895,178.5895,243.7322,
48,,,800147.645,9727075.988,37.7,True,O,12,25.24,25.24,feldpausch_regional,0.18,default,-2.0,37.34,25.1,37.7,True,O,25.24,feldpausch,37.34,25.105823937689628,0.5847,570.0569,401.4683,401.4683,556.5765,392.1242,392.1242,
49,Dipteryx odorata,Fabaceae,800147.5671,9727074.969,28.2,False,O,12,21.32,21.32,feldpausch_regional,0.18,default,-2.0,27.84,21.16,28.2,False,O,21.32,feldpausch,27.84,21.154532063397653,0.9228,274.311,274.311,417.5319,265.4904,265.4904,404.1059,
1,Inga alba,Fabaceae,799480.4193,9726751.409,20.2,False,O,13,17.28,17.28,feldpausch_regional,0.18,default,-2.0,19.84,17.08,20.2,False,O,17.28,feldpausch,19.84,17.07781055505458,0.5861,116.5063,116.5063,113.8733,111.2028,111.2028,108.6898,
2,Eschweilera micrantha,Lecythidaceae,799482.1983,9726751.956,16.8,False,O,13,15.29,15.29,feldpausch_regional,0.18,default,-2.0,16.44,15.06,16.8,False,O,15.29,feldpausch,16.44,15.067477550109134,0.86,72.1516,72.1516,102.5276,68.1818,68.1818,96.8865,
3,Tetragastris panamensis,Burseraceae,799482.0528,9726754.127,15.6,False,O,13,14.54,14.54,feldpausch_regional,0.18,default,-2.0,15.24,14.3,15.6,False,O,14.54,feldpausch,15.24,14.30931957470061,0.7173,59.4433,59.4433,70.7638,55.9154,55.9154,66.564,
4,Brosimum rubescens,Moraceae,799485.0404,9726752.305,5.2,False,O,13,6.52,6.52,feldpausch_regional,0.18,default,-2.0,4.84,6.17,5.2,False,O,6.52,feldpausch,4.84,6.171353632193371,0.8251,3.1828,3.1828,4.3437,2.6223,2.6223,3.5789,
5,Sagotia racemosa,Euphorbiaceae,799482.8815,9726756.069,10.0,False,O,13,10.62,10.62,feldpausch_regional,0.18,default,-2.0,9.64,10.34,10.0,False,O,10.62,feldpausch,9.64,10.341091793253828,0.58,18.3636,18.3636,17.7659,16.657,16.657,16.1148,
6,Sagotia racemosa,Euphorbiaceae,799483.2573,9726756.184,6.2,False,O,13,7.45,7.45,feldpausch_regional,0.18,default,-2.0,5.84,7.12,6.2,False,O,7.45,feldpausch,5.84,7.120127392891332,0.58,5.1102,5.1102,4.9438,4.3504,4.3504,4.2088,
7,Simarouba amara,Simaroubaceae,799490.3982,9726758.372,18.6,False,O,13,16.36,16.36,feldpausch_regional,0.18,default,-2.0,18.24,16.15,18.6,False,O,16.36,feldpausch,18.240000000000002,16.148792440489622,0.3833,94.0161,94.0161,60.7152,89.3564,89.3564,57.706,
8,Sagotia racemosa,Euphorbiaceae,799493.0998,9726761.301,22.6,False,O,13,18.58,18.58,feldpausch_regional,0.18,default,-2.0,22.24,18.39,22.6,False,O,18.58,feldpausch,22.240000000000002,18.39018403683091,0.58,155.693,155.693,150.6257,149.3839,149.3839,144.522,
9,Tetragastris panamensis,Burseraceae,799486.4454,9726760.32,28.0,False,O,13,21.23,21.23,feldpausch_regional,0.18,default,-2.0,27.64,21.06,28.0,False,O,21.23,feldpausch,27.64,21.06374041058077,0.7173,269.4116,269.4116,320.7188,260.6835,260.6835,310.3285,
10,Lecythis idatimon,Lecythidaceae,799485.5425,9726759.413,11.8,False,O,13,11.96,11.96,feldpausch_regional,0.18,default,-2.0,11.44,11.7,11.8,False,O,11.96,feldpausch,11.440000000000001,11.698981982587213,0.7986,28.4866,28.4866,37.655,26.2434,26.2434,34.6899,
11,Nectandra cuspidata,Lauraceae,799486.2509,9726763.42,26.0,False,O,13,20.29,20.29,feldpausch_regional,0.18,default,-2.0,25.64,20.11,26.0,False,O,20.29,feldpausch,25.64,20.115605777331606,0.518,223.0468,223.0468,193.2441,215.237,215.237,186.4778,
12,Nectandra cuspidata,Lauraceae,799484.361,9726762.845,10.5,False,O,13,11.0,11.0,feldpausch_regional,0.18,default,-2.0,10.14,10.73,10.5,False,O,11.0,feldpausch,10.14,10.726380861779772,0.518,20.9036,20.9036,18.1106,19.0533,19.0533,16.5074,
13,Diospyros guianensis,Ebenaceae,799480.5602,9726762.006,13.4,False,O,13,13.08,13.08,feldpausch_regional,0.18,default,-2.0,13.04,12.84,13.4,False,O,13.08,feldpausch,13.040000000000001,12.832850878590625,0.73,39.8454,39.8454,48.251,37.0857,37.0857,44.909,
14,Pouteria gongrijpii,Sapotaceae,799480.8446,9726764.94,5.4,False,O,13,6.71,6.71,feldpausch_regional,0.18,default,-2.0,5.04,6.37,5.4,False,O,6.71,feldpausch,5.04,6.3653868994101055,0.7994,3.5235,3.5235,4.6623,2.9251,2.9251,3.8704,
15,Manilkara huberi,Sapotaceae,799482.9841,9726769.172,46.4,False,O,13,28.2,28.2,feldpausch_regional,0.18,default,-2.0,46.04,28.09,46.4,False,O,28.2,feldpausch,46.04,28.08742181955885,0.9214,952.6797,952.6797,1447.9582,934.6487,934.6487,1420.5532,
16,Tetragastris panamensis,Burseraceae,799482.9099,9726770.309,7.4,False,O,13,8.51,8.51,feldpausch_regional,0.18,default,-2.0,7.04,8.2,7.4,False,O,8.51,feldpausch,7.04,8.198865428237733,0.7173,8.2189,8.2189,9.7841,7.1903,7.1903,8.5596,
17,Astronium gracile,Anacardiaceae,799491.6233,9726770.307,16.7,False,O,13,15.22,15.22,feldpausch_regional,0.18,default,-2.0,16.34,15.0,16.7,False,O,15.22,feldpausch,16.34,14.99694458011119,0.73,70.997,70.997,85.9741,67.0668,67.0668,81.2147,
18,Pterocarpus sp.,Fabaceae,799492.5434,9726771.111,38.2,False,O,13,25.42,25.42,feldpausch_regional,0.18,default,-2.0,37.84,25.29,38.2,False,O,25.42,feldpausch,37.84,25.287243554467167,0.5838,588.9789,588.9789,573.4639,575.2454,575.2454,560.0922,
19,Bombax paraense,Malvaceae,799485.6805,9726772.512,11.8,False,O,13,11.96,11.96,feldpausch_regional,0.18,default,-2.0,11.44,11.7,11.8,False,O,11.96,feldpausch,11.440000000000001,11.698981982587213,0.39,28.4866,28.4866,18.7087,26.2434,26.2434,17.2355,
20,Sagotia racemosa,Euphorbiaceae,799485.8889,9726773.838,13.7,False,O,13,13.29,13.29,feldpausch_regional,0.18,default,-2.0,13.34,13.04,13.7,False,O,13.29,feldpausch,13.34,13.045151535255012,0.58,42.2571,42.2571,40.8818,39.3952,39.3952,38.113,
21,Sagotia racemosa,Euphorbiaceae,799486.3009,9726778.171,13.8,False,O,13,13.36,13.36,feldpausch_regional,0.18,default,-2.0,13.44,13.11,13.8,False,O,13.36,feldpausch,13.440000000000001,13.11590038072233,0.58,43.0816,43.0816,41.6794,40.1853,40.1853,38.8774,
22,Sagotia racemosa,Euphorbiaceae,799482.5049,9726776.509,16.4,False,O,13,15.04,15.04,feldpausch_regional,0.18,default,-2.0,16.04,14.81,16.4,False,O,15.04,feldpausch,16.04,14.814867629828917,0.58,67.7376,67.7376,65.533,63.9176,63.9176,61.8373,
23,Sagotia racemosa,Euphorbiaceae,799481.8556,9726771.572,9.0,False,O,13,9.84,9.84,feldpausch_regional,0.18,default,-2.0,8.64,9.55,9.0,False,O,9.84,feldpausch,8.64,9.549628609842348,0.58,13.8773,13.8773,13.4257,12.4452,12.4452,12.0402,
24,Pouteria guianensis,Sapotaceae,799479.4944,9726770.546,7.5,False,O,13,8.6,8.6,feldpausch_regional,0.18,default,-2.0,7.14,8.29,7.5,False,O,8.6,feldpausch,7.14,8.290134696048403,0.9295,8.5241,8.5241,13.0673,7.4713,7.4713,11.4533,
25,Tetragastris panamensis,Burseraceae,799479.0565,9726771.258,12.0,False,O,13,12.11,12.11,feldpausch_regional,0.18,default,-2.0,11.64,11.85,12.0,False,O,12.11,feldpausch,11.64,11.85066919732659,0.7173,29.7969,29.7969,35.4715,27.49,27.49,32.7252,
26,Eschweilera coriacea,Lecythidaceae,799478.9074,9726773.429,25.5,False,O,13,20.05,20.05,feldpausch_regional,0.18,default,-2.0,25.14,19.87,25.5,False,O,20.05,feldpausch,25.14,19.873450522682205,0.8521,212.271,212.271,298.9273,204.6861,204.6861,288.246,
27,Rinorea guianensis,Violaceae,799479.3569,9726773.986,6.7,False,O,13,7.9,7.9,feldpausch_regional,0.18,default,-2.0,6.34,7.58,6.7,False,O,7.9,feldpausch,6.34,7.57829467188752,0.78,6.2957,6.2957,8.133,5.4275,5.4275,7.0115,
28,Brosimum rubescens,Moraceae,799479.1907,9726774.991,12.8,False,O,13,12.67,12.67,feldpausch_regional,0.18,default,-2.0,12.44,12.42,12.8,False,O,12.67,feldpausch,12.440000000000001,12.417788319260666,0.8251,35.3219,35.3219,48.206,32.7595,32.7595,44.7089,
29,Rinorea guianensis,Violaceae,799480.3484,9726779.555,5.1,False,O,13,6.43,6.43,feldpausch_regional,0.18,default,-2.0,4.74,6.07,5.1,False,O,6.43,feldpausch,4.739999999999999,6.078960257651648,0.78,3.0231,3.0231,3.9054,2.4808,2.4808,3.2048,
30,Inga sp.,Fabaceae,799480.1752,9726782.139,6.1,False,O,13,7.36,7.36,feldpausch_regional,0.18,default,-2.0,5.74,7.03,6.1,False,O,7.36,feldpausch,5.739999999999999,7.028355955041076,0.5786,4.8921,4.8921,4.7214,4.1532,4.1532,4.0083,
31,,,799482.751,9726781.745,5.4,False,O,13,6.71,6.71,feldpausch_regional,0.18,default,-2.0,5.04,6.37,5.4,False,O,6.71,feldpausch,5.04,6.3653868994101055,0.5847,3.5235,3.5235,3.4356,2.9251,2.9251,2.8521,
32,Sterculia pruriens,Malvaceae,799481.715,9726782.596,6.1,False,O,13,7.36,7.36,feldpausch_regional,0.18,default,-2.0,5.74,7.03,6.1,False,O,7.36,feldpausch,5.739999999999999,7.028355955041076,0.4862,4.8921,4.8921,3.9843,4.1532,4.1532,3.3825,
33,Eschweilera coriacea,Lecythidaceae,799481.9987,9726784.26,13.4,False,O,13,13.08,13.08,feldpausch_regional,0.18,default,-2.0,13.04,12.84,13.4,False,O,13.08,feldpausch,13.040000000000001,12.832850878590625,0.8521,39.8454,39.8454,56.1117,37.0857,37.0857,52.2253,
34,Tachigali paniculata,Fabaceae,799482.9624,9726784.546,7.0,False,O,13,8.17,8.17,feldpausch_regional,0.18,default,-2.0,6.64,7.85,7.0,False,O,8.17,feldpausch,6.64,7.852713610028152,0.5545,7.0863,7.0863,6.5613,6.15,6.15,5.6944,
35,Rinorea guianensis,Violaceae,799488.0108,9726782.151,23.1,False,O,13,18.84,18.84,feldpausch_regional,0.18,default,-2.0,22.74,18.65,23.1,False,O,18.84,feldpausch,22.740000000000002,18.652602367939707,0.78,164.7063,164.7063,212.7742,158.1821,158.1821,204.346,
36,Eschweilera coriacea,Lecythidaceae,799492.8301,9726783.271,17.8,False,O,13,15.89,15.89,feldpausch_regional,0.18,default,-2.0,17.44,15.68,17.8,False,O,15.89,feldpausch,17.44,15.673921658561875,0.8521,83.8644,83.8644,118.1007,79.5157,79.5157,111.9767,
37,Sagotia racemosa,Euphorbiaceae,799491.7528,9726785.05,11.9,False,O,13,12.03,12.03,feldpausch_regional,0.18,default,-2.0,11.54,11.77,11.9,False,O,12.03,feldpausch,11.540000000000001,11.769939397609964,0.58,29.1251,29.1251,28.1772,26.8511,26.8511,25.9772,
38,Sagotia racemosa,Euphorbiaceae,799492.6571,9726786.368,13.2,False,O,13,12.95,12.95,feldpausch_regional,0.18,default,-2.0,12.84,12.7,13.2,False,O,12.95,feldpausch,12.84,12.701077780635362,0.58,38.3174,38.3174,37.0703,35.6228,35.6228,34.4634,
39,Rinorea guianensis,Violaceae,799493.4495,9726789.751,18.8,False,O,13,16.48,16.48,feldpausch_regional,0.18,default,-2.0,18.44,16.27,18.8,False,O,16.48,feldpausch,18.44,16.269924771303348,0.78,96.6868,96.6868,124.9038,91.9472,91.9472,118.781,
40,Sagotia racemosa,Euphorbiaceae,799494.3871,9726790.552,10.2,False,O,13,10.78,10.78,feldpausch_regional,0.18,default,-2.0,9.84,10.5,10.2,False,O,10.78,feldpausch,9.84,10.503054040815368,0.58,19.368,19.368,18.7376,17.6032,17.6032,17.0303,
41,,,799495.2155,9726793.418,12.5,False,O,13,12.46,12.46,feldpausch_regional,0.18,default,-2.0,12.14,12.21,12.5,False,O,12.46,feldpausch,12.14,12.205207704531016,0.5847,33.1783,33.1783,32.3506,30.7131,30.7131,29.9469,
42,Inga heterophylla,Fabaceae,799494.2474,9726793.133,12.0,False,O,13,12.11,12.11,feldpausch_regional,0.18,default,-2.0,11.64,11.85,12.0,False,O,12.11,feldpausch,11.64,11.85066919732659,0.56,29.7969,29.7969,27.8565,27.49,27.49,25.6998,
43,Eschweilera coriacea,Lecythidaceae,799486.5335,9726790.336,51.5,False,O,13,29.71,29.71,feldpausch_regional,0.18,default,-2.0,51.14,29.61,51.5,False,O,29.71,feldpausch,51.14,29.607901320979494,0.8521,1228.7439,1228.7439,1730.3592,1207.9681,1207.9681,1701.102,
44,Lecythis idatimon,Lecythidaceae,799482.6294,9726789.713,6.7,False,O,13,7.9,7.9,feldpausch_regional,0.18,default,-2.0,6.34,7.58,6.7,False,O,7.9,feldpausch,6.34,7.57829467188752,0.7986,6.2957,6.2957,8.322,5.4275,5.4275,7.1744,
45,,,799480.7067,9726788.936,5.7,False,O,13,6.99,6.99,feldpausch_regional,0.18,default,-2.0,5.34,6.66,5.7,False,O,6.99,feldpausch,5.34,6.6512147096117795,0.5847,4.0751,4.0751,3.9734,3.418,3.418,3.3327,
46,Virola elongata,Myristicaceae,799478.4823,9726786.804,5.6,False,O,13,6.9,6.9,feldpausch_regional,0.18,default,-2.0,5.24,6.56,5.6,False,O,6.9,feldpausch,5.239999999999999,6.5591680686676135,0.5233,3.8872,3.8872,3.4017,3.2497,3.2497,2.8438,
47,Rinorea pubiflora,Violaceae,799478.5339,9726784.605,10.5,False,O,13,11.0,11.0,feldpausch_regional,0.18,default,-2.0,10.14,10.73,10.5,False,O,11.0,feldpausch,10.14,10.726380861779772,0.75,20.9036,20.9036,25.99,19.0533,19.0533,23.6894,
48,Inga alba,Fabaceae,799481.9042,9726785.707,8.0,False,O,13,9.02,9.02,feldpausch_regional,0.18,default,-2.0,7.64,8.72,8.0,False,O,9.02,feldpausch,7.64,8.717096642838985,0.5861,10.1292,10.1292,9.9003,8.9549,8.9549,8.7526,
49,Inga sp.,Fabaceae,799482.8292,9726786.612,6.1,False,O,13,7.36,7.36,feldpausch_regional,0.18,default,-2.0,5.74,7.03,6.1,False,O,7.36,feldpausch,5.739999999999999,7.028355955041076,0.5786,4.8921,4.8921,4.7214,4.1532,4.1532,4.0083,
50,Ocotea canaliculata,Lauraceae,799478.3676,9726789.934,6.7,False,O,13,7.9,7.9,feldpausch_regional,0.18,default,-2.0,6.34,7.58,6.7,False,O,7.9,feldpausch,6.34,7.57829467188752,0.4793,6.2957,6.2957,5.0567,5.4275,5.4275,4.3594,
51,Sagotia racemosa,Euphorbiaceae,799477.8505,9726793.157,14.0,False,O,13,13.49,13.49,feldpausch_regional,0.18,default,-2.0,13.64,13.25,14.0,False,O,13.49,feldpausch,13.64,13.247551872280896,0.58,44.7295,44.7295,43.2737,41.766,41.766,40.4066,
52,,,799477.4859,9726795.581,54.0,True,O,13,30.4,30.4,feldpausch_regional,0.18,default,-2.0,53.64,30.3,54.0,True,O,30.4,feldpausch,53.64,30.30255646503433,0.5847,1378.4084,959.0419,959.0419,1356.2712,943.8154,943.8154,
53,Diospyros artanthifolia,Ebenaceae,799478.2654,9726795.809,17.7,False,O,13,15.83,15.83,feldpausch_regional,0.18,default,-2.0,17.34,15.62,17.7,False,O,15.83,feldpausch,17.34,15.613304384679866,0.6952,82.6414,82.6414,95.4107,78.3313,78.3313,90.4346,
54,,,799478.2304,9726796.325,22.3,False,O,13,18.42,18.42,feldpausch_regional,0.18,default,-2.0,21.94,18.23,22.3,False,O,18.42,feldpausch,21.94,18.228731562011177,0.5847,150.4092,150.4092,146.6569,144.2291,144.2291,140.631,
55,Sagotia racemosa,Euphorbiaceae,799478.1953,9726796.842,10.0,False,O,13,10.62,10.62,feldpausch_regional,0.18,default,-2.0,9.64,10.34,10.0,False,O,10.62,feldpausch,9.64,10.341091793253828,0.58,18.3636,18.3636,17.7659,16.657,16.657,16.1148,
56,Tetragastris panamensis,Burseraceae,799482.0299,9726799.013,61.0,False,O,13,32.17,32.17,feldpausch_regional,0.18,default,-2.0,60.64,32.09,61.0,False,O,32.17,feldpausch,60.64,32.084192685760925,0.7173,1847.9779,1847.9779,2199.9097,1821.9932,1821.9932,2168.9765,
57,Parkia pendula,Fabaceae,799488.0097,9726798.653,10.5,False,O,13,11.0,11.0,feldpausch_regional,0.18,default,-2.0,10.14,10.73,10.5,False,O,11.0,feldpausch,10.14,10.726380861779772,0.5212,20.9036,20.9036,18.2197,19.0533,19.0533,16.6069,
58,Nectandra cuspidata,Lauraceae,799493.7444,9726802.424,12.5,False,O,13,12.46,12.46,feldpausch_regional,0.18,default,-2.0,12.14,12.21,12.5,False,O,12.46,feldpausch,12.14,12.205207704531016,0.518,33.1783,33.1783,28.7452,30.7131,30.7131,26.6093,
59,Nectandra cuspidata,Lauraceae,799487.6545,9726804.643,19.9,False,O,13,17.11,17.11,feldpausch_regional,0.18,default,-2.0,19.54,16.91,19.9,False,O,17.11,feldpausch,19.54,16.906180529985804,0.518,112.066,112.066,97.0922,106.8853,106.8853,92.6036,
60,Guatteria schomburgkiana,Annonaceae,799486.6935,9726804.049,30.5,False,O,13,22.35,22.35,feldpausch_regional,0.18,default,-2.0,30.14,22.19,30.5,False,O,22.35,feldpausch,30.14,22.193042714473396,0.6,334.7409,334.7409,334.7409,324.8299,324.8299,324.8299,
61,Pouteria gongrijpii,Sapotaceae,799479.9407,9726800.512,8.6,False,O,13,9.52,9.52,feldpausch_regional,0.18,default,-2.0,8.24,9.22,8.6,False,O,9.52,feldpausch,8.24,9.224662819036187,0.7994,12.2956,12.2956,16.2695,10.9684,10.9684,14.5132,
62,Inga sp.,Fabaceae,799480.0091,9726799.478,6.1,False,O,13,7.36,7.36,feldpausch_regional,0.18,default,-2.0,5.74,7.03,6.1,False,O,7.36,feldpausch,5.739999999999999,7.028355955041076,0.5786,4.8921,4.8921,4.7214,4.1532,4.1532,4.0083,
63,Licania canescens,Chrysobalanaceae,799480.0433,9726798.961,6.1,False,O,13,7.36,7.36,feldpausch_regional,0.18,default,-2.0,5.74,7.03,6.1,False,O,7.36,feldpausch,5.739999999999999,7.028355955041076,0.88,4.8921,4.8921,7.1095,4.1532,4.1532,6.0357,
64,Rinorea guianensis,Violaceae,799497.6493,9726803.561,18.0,False,O,13,16.01,16.01,feldpausch_regional,0.18,default,-2.0,17.64,15.8,18.0,False,O,16.01,feldpausch,17.64,15.795139296795606,0.78,86.3453,86.3453,111.5443,81.919,81.919,105.8263,
65,Lecythis idatimon,Lecythidaceae,799498.6358,9726803.639,10.5,False,O,13,11.0,11.0,feldpausch_regional,0.18,default,-2.0,10.14,10.73,10.5,False,O,11.0,feldpausch,10.14,10.726380861779772,0.7986,20.9036,20.9036,27.6315,19.0533,19.0533,25.1856,
66,,,799498.7026,9726802.297,42.5,False,O,13,26.93,26.93,feldpausch_regional,0.18,default,-2.0,42.14,26.81,42.5,False,O,26.93,feldpausch,42.14,26.808429819866607,0.5847,767.3377,767.3377,748.1948,751.3759,751.3759,732.6312,
67,Nectandra cuspidata,Lauraceae,799500.692,9726802.041,12.6,False,O,13,12.53,12.53,feldpausch_regional,0.18,default,-2.0,12.24,12.28,12.6,False,O,12.53,feldpausch,12.24,12.276079226857474,0.518,33.8832,33.8832,29.3558,31.3857,31.3857,27.1921,
68,,,799501.6957,9726799.615,24.0,False,O,13,19.3,19.3,feldpausch_regional,0.18,default,-2.0,23.64,19.12,24.0,False,O,19.3,feldpausch,23.64,19.116821105203144,0.5847,181.6925,181.6925,177.1598,174.7762,174.7762,170.416,
69,Thyrsodium spruceanum,Anacardiaceae,799497.8271,9726800.052,12.0,False,O,13,12.11,12.11,feldpausch_regional,0.18,default,-2.0,11.64,11.85,12.0,False,O,12.11,feldpausch,11.64,11.85066919732659,0.64,29.7969,29.7969,31.7342,27.49,27.49,29.2772,
70,Pouteria oppositifolia,Sapotaceae,799496.0214,9726796.8,27.8,False,O,13,21.14,21.14,feldpausch_regional,0.18,default,-2.0,27.44,20.97,27.8,False,O,21.14,feldpausch,27.44,20.972939187419566,0.65,264.5688,264.5688,286.0661,255.9328,255.9328,276.7284,
71,Inga sp.,Fabaceae,799497.1625,9726793.782,11.5,False,O,13,11.75,11.75,feldpausch_regional,0.18,default,-2.0,11.14,11.48,11.5,False,O,11.75,feldpausch,11.14,11.486025455548704,0.5786,26.6256,26.6256,25.6966,24.4741,24.4741,23.6202,
72,Tachigali myrmecophila,Fabaceae,799499.2065,9726792.185,12.4,False,O,13,12.39,12.39,feldpausch_regional,0.18,default,-2.0,12.04,12.13,12.4,False,O,12.39,feldpausch,12.040000000000001,12.13432450561637,0.476,32.4831,32.4831,25.9135,30.0499,30.0499,23.9724,
73,,,799500.0564,9726794.843,10.2,False,O,13,10.78,10.78,feldpausch_regional,0.18,default,-2.0,9.84,10.5,10.2,False,O,10.78,feldpausch,9.84,10.503054040815368,0.5847,19.368,19.368,18.8848,17.6032,17.6032,17.164,
74,Bagassa guianensis,Moraceae,799501.6414,9726792.486,35.7,False,O,13,24.48,24.48,feldpausch_regional,0.18,default,-2.0,35.34,24.34,35.7,False,O,24.48,feldpausch,35.34,24.340031471659465,0.7087,497.4495,497.4495,585.2006,484.9829,484.9829,570.5349,
75,Sterculia pruriens,Malvaceae,799501.3819,9726787.701,59.4,False,O,13,31.79,31.79,feldpausch_regional,0.18,default,-2.0,59.04,31.7,59.4,False,O,31.79,feldpausch,59.04,31.70168572477488,0.4862,1734.3126,1734.3126,1412.4828,1709.2073,1709.2073,1392.0362,
76,Tetragastris panamensis,Burseraceae,799501.4216,9726786.875,12.7,False,O,13,12.6,12.6,feldpausch_regional,0.18,default,-2.0,12.34,12.35,12.7,False,O,12.6,feldpausch,12.34,12.346939344095293,0.7173,34.5977,34.5977,41.1865,32.0678,32.0678,38.1749,
77,Sagotia racemosa,Euphorbiaceae,799495.1056,9726795.483,10.2,False,O,13,10.78,10.78,feldpausch_regional,0.18,default,-2.0,9.84,10.5,10.2,False,O,10.78,feldpausch,9.84,10.503054040815368,0.58,19.368,19.368,18.7376,17.6032,17.6032,17.0303,
78,Lecythis idatimon,Lecythidaceae,799495.4905,9726788.257,33.5,False,O,13,23.61,23.61,feldpausch_regional,0.18,default,-2.0,33.14,23.46,33.5,False,O,23.61,feldpausch,33.14,23.463193255523848,0.7986,424.1211,424.1211,560.625,412.7495,412.7495,545.5935,
79,Bombax paraense,Malvaceae,799496.6165,9726785.446,68.0,False,O,13,33.74,33.74,feldpausch_regional,0.18,default,-2.0,67.64,33.66,68.0,False,O,33.74,feldpausch,67.64,33.66408064555568,0.39,2393.2479,2393.2479,1571.7777,2363.3763,2363.3763,1552.1594,
80,,,799497.7371,9726782.636,31.4,False,O,13,22.73,22.73,feldpausch_regional,0.18,default,-2.0,31.04,22.58,31.4,False,O,22.73,feldpausch,31.04,22.576245441928616,0.5847,360.1707,360.1707,351.1855,349.8291,349.8291,341.1019,
81,Virola sebifera,Myristicaceae,799497.9127,9726779.23,21.0,False,O,13,17.72,17.72,feldpausch_regional,0.18,default,-2.0,20.64,17.52,21.0,False,O,17.72,feldpausch,20.64,17.522119502180754,0.4454,128.8052,128.8052,96.2973,123.1727,123.1727,92.0864,
82,Anacardium spruceanum,Anacardiaceae,799500.8142,9726779.367,44.7,False,O,13,27.66,27.66,feldpausch_regional,0.18,default,-2.0,44.34,27.54,44.7,False,O,27.66,feldpausch,44.34,27.54361302933057,0.4792,869.1779,869.1779,697.8916,852.0524,852.0524,684.1409,
83,,,799499.8852,9726778.565,11.5,False,O,13,11.75,11.75,feldpausch_regional,0.18,default,-2.0,11.14,11.48,11.5,False,O,11.75,feldpausch,11.14,11.486025455548704,0.5847,26.6256,26.6256,25.9614,24.4741,24.4741,23.8635,
84,Eschweilera coriacea,Lecythidaceae,799500.9658,9726776.272,47.3,False,O,13,28.48,28.48,feldpausch_regional,0.18,default,-2.0,46.94,28.37,47.3,False,O,28.48,feldpausch,46.94,28.3693640139329,0.8521,998.6669,998.6669,1406.3569,980.1533,980.1533,1380.2854,
85,Sagotia racemosa,Euphorbiaceae,799497.9606,9726778.302,11.5,False,O,13,11.75,11.75,feldpausch_regional,0.18,default,-2.0,11.14,11.48,11.5,False,O,11.75,feldpausch,11.14,11.486025455548704,0.58,26.6256,26.6256,25.7591,24.4741,24.4741,23.6775,
86,Ecclinusa sp.,Sapotaceae,799497.2927,9726772.545,95.0,False,O,13,38.31,38.31,feldpausch_regional,0.18,default,-2.0,94.64,38.26,95.0,False,O,38.31,feldpausch,94.64,38.26120017255001,0.6691,5203.4313,5203.4313,5787.5326,5158.5892,5158.5892,5737.6569,
87,Pouteria guianensis,Sapotaceae,799497.3468,9726771.513,13.7,False,O,13,13.29,13.29,feldpausch_regional,0.18,default,-2.0,13.34,13.04,13.7,False,O,13.29,feldpausch,13.34,13.045151535255012,0.9295,42.2571,42.2571,64.7792,39.3952,39.3952,60.3919,
88,Pouteria reticulata,Sapotaceae,799495.5327,9726769.391,24.0,False,O,13,19.3,19.3,feldpausch_regional,0.18,default,-2.0,23.64,19.12,24.0,False,O,19.3,feldpausch,23.64,19.116821105203144,0.794,181.6925,181.6925,238.8285,174.7762,174.7762,229.7373,
89,Eschweilera coriacea,Lecythidaceae,799502.0668,9726773.464,40.9,False,O,13,26.39,26.39,feldpausch_regional,0.18,default,-2.0,40.54,26.26,40.9,False,O,26.39,feldpausch,40.54,26.26440021887073,0.8521,698.0225,698.0225,982.9792,682.8926,682.8926,961.6727,
90,Simarouba amara,Simaroubaceae,799501.8618,9726771.727,14.6,False,O,13,13.89,13.89,feldpausch_regional,0.18,default,-2.0,14.24,13.65,14.6,False,O,13.89,feldpausch,14.24,13.652106386641979,0.3833,49.9522,49.9522,32.2589,46.7807,46.7807,30.2108,
91,Pouteria gongrijpii,Sapotaceae,799502.2306,9726770.059,16.5,False,O,13,15.1,15.1,feldpausch_regional,0.18,default,-2.0,16.14,14.88,16.5,False,O,15.1,feldpausch,16.14,14.875566975989804,0.7994,68.8131,68.8131,91.0527,64.9565,64.9565,85.9498,
92,Tetragastris panamensis,Burseraceae,799499.5115,9726766.824,10.5,False,O,13,11.0,11.0,feldpausch_regional,0.18,default,-2.0,10.14,10.73,10.5,False,O,11.0,feldpausch,10.14,10.726380861779772,0.7173,20.9036,20.9036,24.8845,19.0533,19.0533,22.6818,
93,Pouteria guianensis,Sapotaceae,799495.8121,9726764.229,10.5,False,O,13,11.0,11.0,feldpausch_regional,0.18,default,-2.0,10.14,10.73,10.5,False,O,11.0,feldpausch,10.14,10.726380861779772,0.9295,20.9036,20.9036,32.0448,19.0533,19.0533,29.2082,
94,Pterocarpus sp.,Fabaceae,799495.9015,9726762.577,39.0,False,O,13,25.71,25.71,feldpausch_regional,0.18,default,-2.0,38.64,25.58,39.0,False,O,25.71,feldpausch,38.64,25.579439382765074,0.5838,620.1238,620.1238,603.7884,605.9807,605.9807,590.0178,
95,Simarouba amara,Simaroubaceae,799496.9752,9726760.388,21.4,False,O,13,17.94,17.94,feldpausch_regional,0.18,default,-2.0,21.04,17.74,21.4,False,O,17.94,feldpausch,21.04,17.744174084088684,0.3833,135.2568,135.2568,87.3482,129.4567,129.4567,83.6026,
96,Cecropia palmata,Urticaceae,799496.0636,9726759.584,16.4,False,O,13,15.04,15.04,feldpausch_regional,0.18,default,-2.0,16.04,14.81,16.4,False,O,15.04,feldpausch,16.04,14.814867629828917,0.3404,67.7376,67.7376,38.9538,63.9176,63.9176,36.7571,
97,Cecropia palmata,Urticaceae,799501.6226,9726762.859,18.0,False,O,13,16.01,16.01,feldpausch_regional,0.18,default,-2.0,17.64,15.8,18.0,False,O,16.01,feldpausch,17.64,15.795139296795606,0.3404,86.3453,86.3453,49.6545,81.919,81.919,47.1091,
98,Inga alba,Fabaceae,799502.7517,9726759.227,23.1,False,O,13,18.84,18.84,feldpausch_regional,0.18,default,-2.0,22.74,18.65,23.1,False,O,18.84,feldpausch,22.740000000000002,18.652602367939707,0.5861,164.7063,164.7063,160.9841,158.1821,158.1821,154.6074,
1,,,799507.9996,9726758.646,24.3,False,O,13,19.45,19.45,feldpausch_regional,0.18,default,-2.0,23.94,19.27,24.3,False,O,19.45,feldpausch,23.94,19.268201012674933,0.5847,187.5641,187.5641,182.8849,180.5161,180.5161,176.0128,
2,Inga alba,Fabaceae,799511.1106,9726763.676,41.7,False,O,13,26.66,26.66,feldpausch_regional,0.18,default,-2.0,41.34,26.54,41.7,False,O,26.66,feldpausch,41.34,26.536448605314646,0.5861,732.1596,732.1596,715.6136,716.6159,716.6159,700.4211,
3,,,799513.1273,9726760.645,19.0,False,O,13,16.6,16.6,feldpausch_regional,0.18,default,-2.0,18.64,16.39,19.0,False,O,16.6,feldpausch,18.64,16.391037822045284,0.5847,99.4061,99.4061,96.9262,94.586,94.586,92.2264,
4,Licania heteromorpha,Chrysobalanaceae,799515.7669,9726766.146,10.0,False,O,13,10.62,10.62,feldpausch_regional,0.18,default,-2.0,9.64,10.34,10.0,False,O,10.62,feldpausch,9.64,10.341091793253828,0.8164,18.3636,18.3636,24.8028,16.657,16.657,22.4977,
5,Apeiba petoumo,Malvaceae,799512.8287,9726768.375,13.4,False,O,13,13.08,13.08,feldpausch_regional,0.18,default,-2.0,13.04,12.84,13.4,False,O,13.08,feldpausch,13.040000000000001,12.832850878590625,0.2822,39.8454,39.8454,19.0863,37.0857,37.0857,17.7643,
6,Tapirira guianensis,Anacardiaceae,799514.2037,9726769.837,13.8,False,O,13,13.36,13.36,feldpausch_regional,0.18,default,-2.0,13.44,13.11,13.8,False,O,13.36,feldpausch,13.440000000000001,13.11590038072233,0.457,43.0816,43.0816,33.0289,40.1853,40.1853,30.8084,
7,,,799514.7133,9726768.95,20.2,False,O,13,17.28,17.28,feldpausch_regional,0.18,default,-2.0,19.84,17.08,20.2,False,O,17.28,feldpausch,19.84,17.07781055505458,0.5847,116.5063,116.5063,113.5998,111.2028,111.2028,108.4286,
8,Pseudopiptadenia suaveolens,Fabaceae,799507.3558,9726762.524,11.2,False,O,13,11.53,11.53,feldpausch_regional,0.18,default,-2.0,10.84,11.26,11.2,False,O,11.53,feldpausch,10.84,11.263166132148207,0.6797,24.8245,24.8245,28.0385,22.7645,22.7645,25.7119,
9,Apeiba petoumo,Malvaceae,799503.6463,9726762.432,18.8,False,O,13,16.48,16.48,feldpausch_regional,0.18,default,-2.0,18.44,16.27,18.8,False,O,16.48,feldpausch,18.44,16.269924771303348,0.2822,96.6868,96.6868,46.3138,91.9472,91.9472,44.0435,
10,Pouteria gongrijpii,Sapotaceae,799503.9273,9726774.863,16.6,False,O,13,15.16,15.16,feldpausch_regional,0.18,default,-2.0,16.24,14.94,16.6,False,O,15.16,feldpausch,16.240000000000002,14.936259251144145,0.7994,69.8995,69.8995,92.4903,66.0062,66.0062,87.3387,
11,Eschweilera coriacea,Lecythidaceae,799503.9178,9726775.069,31.0,False,O,13,22.56,22.56,feldpausch_regional,0.18,default,-2.0,30.64,22.41,31.0,False,O,22.56,feldpausch,30.64,22.40484904872567,0.8521,348.7046,348.7046,491.0577,338.5557,338.5557,476.7657,
12,Pouteria gongrijpii,Sapotaceae,799505.5821,9726776.617,22.5,False,O,13,18.53,18.53,feldpausch_regional,0.18,default,-2.0,22.14,18.34,22.5,False,O,18.53,feldpausch,22.14,18.33966916817512,0.7994,153.9456,153.9456,203.6993,147.6786,147.6786,195.4068,
13,Eschweilera coriacea,Lecythidaceae,799506.257,9726776.611,23.0,False,O,13,18.79,18.79,feldpausch_regional,0.18,default,-2.0,22.64,18.6,23.0,False,O,18.79,feldpausch,22.64,18.60210565778387,0.8521,162.8943,162.8943,229.3934,156.4127,156.4127,220.2657,
14,,,799506.9042,9726772.836,25.7,True,O,13,20.14,20.14,feldpausch_regional,0.18,default,-2.0,25.34,19.97,25.7,True,O,20.14,feldpausch,25.34,19.964373334572795,0.5847,216.4772,155.1123,155.1123,208.8049,149.7207,149.7207,
15,Pouteria gongrijpii,Sapotaceae,799508.6693,9726776.503,19.5,False,O,13,16.88,16.88,feldpausch_regional,0.18,default,-2.0,19.14,16.68,19.5,False,O,16.88,feldpausch,19.14,16.673983990177966,0.7994,106.2977,106.2977,140.652,101.2796,101.2796,134.0121,
16,,,799511.6423,9726774.272,22.9,False,O,13,18.73,18.73,feldpausch_regional,0.18,default,-2.0,22.54,18.55,22.9,False,O,18.73,feldpausch,22.54,18.541705831625148,0.5847,161.0113,161.0113,156.9945,154.5756,154.5756,150.7193,
17,,,799512.6098,9726774.043,16.0,False,O,13,14.79,14.79,feldpausch_regional,0.18,default,-2.0,15.64,14.56,16.0,False,O,14.79,feldpausch,15.64,14.562150985682587,0.5847,63.5026,63.5026,61.9184,59.83,59.83,58.3374,
18,Inga thibaudiana,Fabaceae,799509.7895,9726772.666,15.0,False,O,13,14.15,14.15,feldpausch_regional,0.18,default,-2.0,14.64,13.91,15.0,False,O,14.15,feldpausch,14.64,13.915086591517273,0.5786,53.6203,53.6203,51.7494,50.3082,50.3082,48.5529,
19,Inga alba,Fabaceae,799509.6002,9726772.609,11.3,False,O,13,11.6,11.6,feldpausch_regional,0.18,default,-2.0,10.94,11.33,11.3,False,O,11.6,feldpausch,10.940000000000001,11.334209651177257,0.5861,25.4086,25.4086,24.8344,23.3189,23.3189,22.7919,
20,Astronium gracile,Anacardiaceae,799516.2355,9726779.828,19.0,False,O,13,16.6,16.6,feldpausch_regional,0.18,default,-2.0,18.64,16.39,19.0,False,O,16.6,feldpausch,18.64,16.391037822045284,0.73,99.4061,99.4061,120.3762,94.586,94.586,114.5393,
21,Apeiba petoumo,Malvaceae,799518.1034,9726781.432,17.8,False,O,13,15.89,15.89,feldpausch_regional,0.18,default,-2.0,17.44,15.68,17.8,False,O,15.89,feldpausch,17.44,15.673921658561875,0.2822,83.8644,83.8644,40.1717,79.5157,79.5157,38.0887,
22,Tetragastris panamensis,Burseraceae,799516.1992,9726780.859,11.4,False,O,13,11.67,11.67,feldpausch_regional,0.18,default,-2.0,11.04,11.41,11.4,False,O,11.67,feldpausch,11.040000000000001,11.405237510778715,0.7173,26.0016,26.0016,30.9534,23.882,23.882,28.4301,
23,Eschweilera coriacea,Lecythidaceae,799514.257,9726781.316,10.8,False,O,13,11.23,11.23,feldpausch_regional,0.18,default,-2.0,10.44,10.96,10.8,False,O,11.23,feldpausch,10.440000000000001,10.95930894767477,0.8521,22.5359,22.5359,31.7358,20.5965,20.5965,29.0046,
24,Sagotia racemosa,Euphorbiaceae,799513.1484,9726785.152,11.5,False,O,13,11.75,11.75,feldpausch_regional,0.18,default,-2.0,11.14,11.48,11.5,False,O,11.75,feldpausch,11.14,11.486025455548704,0.58,26.6256,26.6256,25.7591,24.4741,24.4741,23.6775,
25,Protium paniculatum,Burseraceae,799509.3222,9726784.007,15.9,False,O,13,14.73,14.73,feldpausch_regional,0.18,default,-2.0,15.54,14.5,15.9,False,O,14.73,feldpausch,15.540000000000001,14.501415428522947,0.49,62.4818,62.4818,51.2755,58.845,58.845,48.2909,
26,Sagotia racemosa,Euphorbiaceae,799507.4534,9726782.403,11.5,False,O,13,11.75,11.75,feldpausch_regional,0.18,default,-2.0,11.14,11.48,11.5,False,O,11.75,feldpausch,11.14,11.486025455548704,0.58,26.6256,26.6256,25.7591,24.4741,24.4741,23.6775,
27,Sagotia racemosa,Euphorbiaceae,799504.5864,9726781.544,10.2,False,O,13,10.78,10.78,feldpausch_regional,0.18,default,-2.0,9.84,10.5,10.2,False,O,10.78,feldpausch,9.84,10.503054040815368,0.58,19.368,19.368,18.7376,17.6032,17.6032,17.0303,
28,,,799504.4455,9726784.638,25.8,False,O,13,20.19,20.19,feldpausch_regional,0.18,default,-2.0,25.44,20.02,25.8,False,O,20.19,feldpausch,25.44,20.014786744922866,0.5847,218.653,218.653,213.1982,210.935,210.935,205.6728,
29,Tetragastris panamensis,Burseraceae,799507.3427,9726784.981,22.1,False,O,13,18.31,18.31,feldpausch_regional,0.18,default,-2.0,21.74,18.12,22.1,False,O,18.31,feldpausch,21.740000000000002,18.117780288134792,0.7173,146.9259,146.9259,174.9066,140.8321,140.8321,167.6524,
30,Apeiba petoumo,Malvaceae,799508.2052,9726787.535,15.4,False,O,13,14.41,14.41,feldpausch_regional,0.18,default,-2.0,15.04,14.18,15.4,False,O,14.41,feldpausch,15.040000000000001,14.177938610859414,0.2822,57.4589,57.4589,27.5233,54.0036,54.0036,25.8682,
31,Inga alba,Fabaceae,799510.1124,9726788.416,13.1,False,O,13,12.88,12.88,feldpausch_regional,0.18,default,-2.0,12.74,12.63,13.1,False,O,12.88,feldpausch,12.74,12.630270902047103,0.5861,37.5536,37.5536,36.705,34.8923,34.8923,34.1038,
32,,,799513.0706,9726787.213,10.4,False,O,13,10.93,10.93,feldpausch_regional,0.18,default,-2.0,10.04,10.65,10.4,False,O,10.93,feldpausch,10.040000000000001,10.655206304765878,0.5847,20.3893,20.3893,19.8807,18.5672,18.5672,18.104,
33,Apeiba petoumo,Malvaceae,799513.8769,9726791.621,29.2,False,O,13,21.77,21.77,feldpausch_regional,0.18,default,-2.0,28.84,21.61,29.2,False,O,21.77,feldpausch,28.84,21.608353485727548,0.2822,299.6663,299.6663,143.5426,290.377,290.377,139.093,
34,Brosimum rubescens,Moraceae,799508.9398,9726793.285,10.0,False,O,13,10.62,10.62,feldpausch_regional,0.18,default,-2.0,9.64,10.34,10.0,False,O,10.62,feldpausch,9.64,10.341091793253828,0.8251,18.3636,18.3636,25.062,16.657,16.657,22.7328,
35,Pouteria gongrijpii,Sapotaceae,799512.5259,9726801.641,15.6,False,O,13,14.54,14.54,feldpausch_regional,0.18,default,-2.0,15.24,14.3,15.6,False,O,14.54,feldpausch,15.24,14.30931957470061,0.7994,59.4433,59.4433,78.6547,55.9154,55.9154,73.9867,
36,Eschweilera coriacea,Lecythidaceae,799505.1275,9726791.112,10.8,False,O,13,11.23,11.23,feldpausch_regional,0.18,default,-2.0,10.44,10.96,10.8,False,O,11.23,feldpausch,10.440000000000001,10.95930894767477,0.8521,22.5359,22.5359,31.7358,20.5965,20.5965,29.0046,
37,,,799502.8197,9726788.232,10.0,False,O,13,10.62,10.62,feldpausch_regional,0.18,default,-2.0,9.64,10.34,10.0,False,O,10.62,feldpausch,9.64,10.341091793253828,0.5847,18.3636,18.3636,17.9055,16.657,16.657,16.2414,
38,Eschweilera coriacea,Lecythidaceae,799503.0087,9726794.667,24.8,False,O,13,19.7,19.7,feldpausch_regional,0.18,default,-2.0,24.44,19.52,24.8,False,O,19.7,feldpausch,24.44,19.52043918038634,0.8521,197.6193,197.6193,278.2943,190.3496,190.3496,268.0569,
39,Parkia gigantocarpa,Fabaceae,799507.6716,9726800.217,22.6,False,O,13,18.58,18.58,feldpausch_regional,0.18,default,-2.0,22.24,18.39,22.6,False,O,18.58,feldpausch,22.240000000000002,18.39018403683091,0.26,155.693,155.693,68.8347,149.3839,149.3839,66.0453,
40,Eschweilera coriacea,Lecythidaceae,799507.5849,9726802.279,13.2,False,O,13,12.95,12.95,feldpausch_regional,0.18,default,-2.0,12.84,12.7,13.2,False,O,12.95,feldpausch,12.84,12.701077780635362,0.8521,38.3174,38.3174,53.9599,35.6228,35.6228,50.1652,
41,Abarema jupunba,Fabaceae,799506.5237,9726804.057,19.8,False,O,13,17.05,17.05,feldpausch_regional,0.18,default,-2.0,19.44,16.85,19.8,False,O,17.05,feldpausch,19.44,16.84566814870777,0.5851,110.5896,110.5896,107.9161,105.4504,105.4504,102.9012,
42,Helicostylis sp.,Moraceae,799515.3297,9726805.586,18.9,False,O,13,16.54,16.54,feldpausch_regional,0.18,default,-2.0,18.54,16.33,18.9,False,O,16.54,feldpausch,18.54,16.330483669377777,0.643,98.0403,98.0403,104.8922,93.2605,93.2605,99.7783,
43,Sterculia pruriens,Malvaceae,799515.2935,9726806.616,44.2,False,O,13,27.5,27.5,feldpausch_regional,0.18,default,-2.0,43.84,27.38,44.2,False,O,27.5,feldpausch,43.84,27.38244908833674,0.4862,845.5001,845.5001,688.6038,828.6382,828.6382,674.8709,
44,Eschweilera coriacea,Lecythidaceae,799517.2251,9726807.7,18.6,False,O,13,16.36,16.36,feldpausch_regional,0.18,default,-2.0,18.24,16.15,18.6,False,O,16.36,feldpausch,18.240000000000002,16.148792440489622,0.8521,94.0161,94.0161,132.3968,89.3564,89.3564,125.8348,
45,Pouteria gongrijpii,Sapotaceae,799517.2148,9726808.009,23.4,False,O,13,18.99,18.99,feldpausch_regional,0.18,default,-2.0,23.04,18.81,23.4,False,O,18.99,feldpausch,23.04,18.804071075318802,0.7994,170.2199,170.2199,225.2333,163.5672,163.5672,216.4305,
46,,,799517.1803,9726809.04,16.9,False,O,13,15.35,15.35,feldpausch_regional,0.18,default,-2.0,16.54,15.13,16.9,False,O,15.35,feldpausch,16.54,15.12815035654019,0.5847,73.2719,73.2719,71.444,69.2649,69.2649,67.5369,
47,Lacmellea aculeata,Apocynaceae,799501.5642,9726806.792,11.2,False,O,13,11.53,11.53,feldpausch_regional,0.18,default,-2.0,10.84,11.26,11.2,False,O,11.53,feldpausch,10.84,11.263166132148207,0.5048,24.8245,24.8245,20.9724,22.7645,22.7645,19.2321,
48,Tetragastris panamensis,Burseraceae,799504.4884,9726807.641,24.2,False,O,13,19.4,19.4,feldpausch_regional,0.18,default,-2.0,23.84,19.22,24.2,False,O,19.4,feldpausch,23.84,19.217744201993025,0.7173,185.5935,185.5935,220.9382,178.5895,178.5895,212.6004,
49,,,799520.1338,9726809.068,18.0,False,O,13,16.01,16.01,feldpausch_regional,0.18,default,-2.0,17.64,15.8,18.0,False,O,16.01,feldpausch,17.64,15.795139296795606,0.5847,86.3453,86.3453,84.1912,81.919,81.919,79.8754,
50,Virola sebifera,Myristicaceae,799519.1912,9726807.754,33.3,False,O,13,23.53,23.53,feldpausch_regional,0.18,default,-2.0,32.94,23.38,33.3,False,O,23.53,feldpausch,32.94,23.382539366111985,0.4454,417.8062,417.8062,312.3602,406.5326,406.5326,303.9319,
51,Eschweilera coriacea,Lecythidaceae,799520.1974,9726807.009,27.0,False,O,13,20.76,20.76,feldpausch_regional,0.18,default,-2.0,26.64,20.59,27.0,False,O,20.76,feldpausch,26.64,20.58979841361608,0.8521,245.5255,245.5255,345.7574,237.2619,237.2619,334.1203,
52,Pseudopiptadenia suaveolens,Fabaceae,799520.2926,9726803.919,55.0,False,O,13,30.67,30.67,feldpausch_regional,0.18,default,-2.0,54.64,30.57,55.0,False,O,30.67,feldpausch,54.64,30.574330730831527,0.6797,1441.0575,1441.0575,1627.6321,1418.3713,1418.3713,1602.0088,
53,Sagotia racemosa,Euphorbiaceae,799524.0351,9726810.206,11.5,False,O,13,11.75,11.75,feldpausch_regional,0.18,default,-2.0,11.14,11.48,11.5,False,O,11.75,feldpausch,11.14,11.486025455548704,0.58,26.6256,26.6256,25.7591,24.4741,24.4741,23.6775,
54,,,799525.0814,9726807.814,28.4,False,O,13,21.41,21.41,feldpausch_regional,0.18,default,-2.0,28.04,21.25,28.4,False,O,21.41,feldpausch,28.04,21.24531434307773,0.5847,279.2672,279.2672,272.3003,270.3536,270.3536,263.6091,
55,,,799519.5177,9726797.455,11.6,False,O,13,11.82,11.82,feldpausch_regional,0.18,default,-2.0,11.24,11.56,11.6,False,O,11.82,feldpausch,11.24,11.557025370127894,0.5847,27.2369,27.2369,26.5574,25.055,25.055,24.4299,
56,Sloanea guianensis,Elaeocarpaceae,799522.4142,9726798.311,30.0,False,O,13,22.13,22.13,feldpausch_regional,0.18,default,-2.0,29.64,21.97,30.0,False,O,22.13,feldpausch,29.64,21.97125707943626,0.8212,320.9987,320.9987,436.0435,311.3274,311.3274,422.906,
57,Rinorea guianensis,Violaceae,799521.6031,9726792.876,12.5,False,O,13,12.46,12.46,feldpausch_regional,0.18,default,-2.0,12.14,12.21,12.5,False,O,12.46,feldpausch,12.14,12.205207704531016,0.78,33.1783,33.1783,42.8611,30.7131,30.7131,39.6764,
58,,,799525.3107,9726799.167,17.6,False,L,13,15.77,15.77,feldpausch_regional,0.18,default,-2.0,17.24,15.55,17.6,False,L,15.77,feldpausch,17.240000000000002,15.55268134894128,0.5847,81.4301,81.4301,79.3987,77.1584,77.1584,75.2335,
59,Tetragastris panamensis,Burseraceae,799525.5291,9726790.931,12.5,False,O,13,12.46,12.46,feldpausch_regional,0.18,default,-2.0,12.14,12.21,12.5,False,O,12.46,feldpausch,12.14,12.205207704531016,0.7173,33.1783,33.1783,39.4969,30.7131,30.7131,36.5622,
60,Virola sebifera,Myristicaceae,799524.6271,9726788.586,12.9,False,O,13,12.74,12.74,feldpausch_regional,0.18,default,-2.0,12.54,12.49,12.9,False,O,12.74,feldpausch,12.540000000000001,12.488626407215895,0.4454,36.056,36.056,26.9562,33.4608,33.4608,25.0159,
61,Tetragastris panamensis,Burseraceae,799522.744,9726786.984,10.8,False,O,13,11.23,11.23,feldpausch_regional,0.18,default,-2.0,10.44,10.96,10.8,False,O,11.23,feldpausch,10.440000000000001,10.95930894767477,0.7173,22.5359,22.5359,26.8276,20.5965,20.5965,24.5189,
62,,,799523.816,9726783.152,17.0,False,O,13,15.41,15.41,feldpausch_regional,0.18,default,-2.0,16.64,15.19,17.0,False,O,15.41,feldpausch,16.64,15.188816561640074,0.5847,74.4033,74.4033,72.5472,70.3589,70.3589,68.6037,
63,Virola sebifera,Myristicaceae,799522.9838,9726778.747,23.9,False,O,13,19.25,19.25,feldpausch_regional,0.18,default,-2.0,23.54,19.07,23.9,False,O,19.25,feldpausch,23.54,19.066354741719486,0.4454,179.762,179.762,134.3936,172.8893,172.8893,129.2555,
64,Stryphnodendron paniculatum,Fabaceae,799522.0661,9726777.43,17.9,False,O,13,15.95,15.95,feldpausch_regional,0.18,default,-2.0,17.54,15.74,17.9,False,O,15.95,feldpausch,17.54,15.734533265121735,0.6535,85.099,85.099,92.4971,80.7116,80.7116,87.7283,
65,Virola sebifera,Myristicaceae,799524.0777,9726773.886,11.4,False,O,13,11.67,11.67,feldpausch_regional,0.18,default,-2.0,11.04,11.41,11.4,False,O,11.67,feldpausch,11.040000000000001,11.405237510778715,0.4454,26.0016,26.0016,19.4393,23.882,23.882,17.8546,
66,Tachigali myrmecophila,Fabaceae,799526.0204,9726772.402,12.7,False,O,13,12.6,12.6,feldpausch_regional,0.18,default,-2.0,12.34,12.35,12.7,False,O,12.6,feldpausch,12.34,12.346939344095293,0.476,34.5977,34.5977,27.6004,32.0678,32.0678,25.5822,
67,,,799526.8274,9726770.573,13.0,False,O,13,12.81,12.81,feldpausch_regional,0.18,default,-2.0,12.64,12.56,13.0,False,O,12.81,feldpausch,12.64,12.559453854983726,0.5847,36.7999,36.7999,35.8818,34.1717,34.1717,33.3192,
68,,,799525.0781,9726772.114,14.0,False,O,13,13.49,13.49,feldpausch_regional,0.18,default,-2.0,13.64,13.25,14.0,False,O,13.49,feldpausch,13.64,13.247551872280896,0.5847,44.7295,44.7295,43.6136,41.766,41.766,40.724,
69,Apeiba petoumo,Malvaceae,799521.3091,9726770.964,16.6,False,O,13,15.16,15.16,feldpausch_regional,0.18,default,-2.0,16.24,14.94,16.6,False,O,15.16,feldpausch,16.240000000000002,14.936259251144145,0.2822,69.8995,69.8995,33.4824,66.0062,66.0062,31.6175,
70,,,799526.2279,9726764.578,37.7,False,O,13,25.24,25.24,feldpausch_regional,0.18,default,-2.0,37.34,25.1,37.7,False,O,25.24,feldpausch,37.34,25.105823937689628,0.5847,570.0569,570.0569,555.8356,556.5765,556.5765,542.6915,
71,Pouteria gongrijpii,Sapotaceae,799526.1296,9726768.284,10.5,False,O,13,11.0,11.0,feldpausch_regional,0.18,default,-2.0,10.14,10.73,10.5,False,O,11.0,feldpausch,10.14,10.726380861779772,0.7994,20.9036,20.9036,27.6595,19.0533,19.0533,25.2111,
72,Pouteria gongrijpii,Sapotaceae,799526.3173,9726768.342,10.1,False,O,13,10.7,10.7,feldpausch_regional,0.18,default,-2.0,9.74,10.42,10.1,False,O,10.7,feldpausch,9.74,10.422080815603511,0.7994,18.8614,18.8614,24.9573,17.1258,17.1258,22.6607,
