site,tree_id,scientific_name,family_name,utm_easting,utm_northing,type,dbh_2015,dead_2015,hcom_2015,htot_2015,date_2015,dbh_2016,dead_2016,date_2016,dbh_2018,dead_2018,date_2018,plot_id,htot_feldpausch,htot_estimated,htot_estimation_method,dbh_incr_cm_yr,dbh_incr_source,gap_anos,dbh_lidar,htot_estimated_gap,dbh_used,dead_used,type_used,htot_used,htot_source,dbh_used_gap,htot_used_gap,rho_w_m3,iagc_m1_kgC,iagc_m2_kgC,iagc_m3_kgC,iagc_m1_kgC_gap,iagc_m2_kgC_gap,iagc_m3_kgC_gap,quadra_id
TAP_A01,001a,Amaioua guianensis,Rubiaceae,726091.4554028,9683369.432992,O,18.6,False,13.03,16.91,20151210.0,18.8,False,20161011.0,19.1,False,20180829,1,16.65,16.91,measured,0.167,observed,-3.0,18.6,16.62,18.6,False,O,16.91,measured,18.099,16.605584093291778,0.625,97.0998,97.0998,101.0465,90.4421,90.4421,94.1182,
TAP_A01,001b,Couratari stellata,Lecythidaceae,726114.3534831118,9683379.10468088,O,80.0,False,28.7,50.4,20151210.0,80.0,False,20161011.0,82.8,False,20180829,1,36.49,50.4,measured,0.933,observed,-3.0,80.0,49.75,80.0,False,O,50.4,measured,77.201,49.71122463955479,0.6331,4862.5552,4862.5552,5124.5366,4475.4859,4475.4859,4716.613,
TAP_A01,002a,Tetragastris panamensis,Burseraceae,726095.913291472,9683371.78395728,O,34.1,False,13.81,19.34,20151210.0,34.5,False,20161011.0,,True,20180829,1,,19.34,measured,0.167,site_median,-3.0,,,34.1,False,O,19.34,measured,33.599000000000004,19.176245928054154,0.7173,361.3922,361.3922,430.2163,348.1986,348.1986,414.5101,
TAP_A01,002b,Lecythis pisonis,Lecythidaceae,726118.3581828718,9683375.57670328,O,78.0,False,32.73,44.83,20151210.0,78.0,False,20161011.0,79.59999999999998,False,20180829,1,35.95,44.83,measured,0.533,observed,-3.0,78.0,44.48,78.0,False,O,44.83,measured,76.401,44.46832617776398,0.857,4128.1973,4128.1973,5846.2059,3933.3952,3933.3952,5570.3341,
TAP_A01,003a,Tachigali paniculata,Fabaceae,726096.9200179199,9683371.8400808,O,10.0,False,1.78,2.79,20151210.0,10.1,False,20161011.0,,True,20180829,1,,2.79,measured,0.167,site_median,-3.0,,,10.0,False,O,2.79,measured,9.499,2.687748510831428,0.5545,4.9816,4.9816,4.6126,4.3448,4.3448,4.0229,
TAP_A01,003b,Astronium graveolens,Anacardiaceae,726119.9084536,9683373.583664,O,22.2,False,10.95,14.86,20151210.0,23.2,False,20161011.0,23.2,False,20180829,1,18.89,14.86,measured,0.333,observed,-3.0,22.2,14.45,22.2,False,O,14.86,measured,21.201,14.425858656435857,0.8677,120.9016,120.9016,173.3011,107.357,107.357,153.8863,
TAP_A01,004a,Tetragastris panamensis,Burseraceae,726101.82261716,9683372.5890284,O,37.1,False,13.92,20.75,20151210.0,37.6,False,20161011.0,38.2,False,20180829,1,25.42,20.75,measured,0.367,observed,-3.0,37.1,20.42,37.1,False,O,20.75,measured,35.999,20.402583521108077,0.7173,456.3397,456.3397,543.2457,423.2455,423.2455,503.849,
TAP_A01,004b,Tachigali myrmecophila,Fabaceae,726122.023682784,9683373.28435616,O,36.6,False,15.74,24.01,20151210.0,36.6,False,20161011.0,10.0,False,20180829,1,10.62,24.01,measured,0.0,observed,-3.0,10.0,24.01,36.6,False,O,24.01,measured,36.6,24.01,0.476,512.4347,512.4347,408.7966,512.4347,512.4347,408.7966,
TAP_A01,005a,Quiina florida,Ochnaceae,726101.9530636,9683372.113604,O,13.1,False,5.92,8.08,20151210.0,14.5,False,20161011.0,14.3,False,20180829,1,13.69,8.08,measured,0.4,observed,-3.0,13.1,7.6,13.1,False,O,8.08,measured,11.899999999999999,7.550294404641798,0.728,23.8236,23.8236,28.7722,18.4851,18.4851,22.3247,
TAP_A01,005b,Swartzia corrugata,Fabaceae,726122.175240344,9683376.54816056,O,40.0,False,7.67,14.6,20151210.0,40.1,False,20161011.0,40.6,False,20180829,1,26.28,14.6,measured,0.2,observed,-3.0,40.0,14.48,40.0,False,O,14.6,measured,39.4,14.480316031907062,1.0565,375.0509,375.0509,651.4952,361.2341,361.2341,627.4942,
TAP_A01,006a,Chamaecrista scleroxylon,Fabaceae,726099.8503719838,9683376.04844416,O,34.0,False,,,20151210.0,34.4,False,20161011.0,35.2,False,20180829,1,24.28,23.16,local_fit,0.4,observed,-3.0,34.0,22.71,34.0,False,O,24.28,feldpausch,32.8,23.781879379665043,0.955,448.6527,448.6527,706.1841,409.8856,409.8856,645.1644,
TAP_A01,006b,Aspidosperma parvifolium,Apocynaceae,726126.58673024,9683375.2646776,O,100.0,False,28.13,48.13,20151210.0,100.2,False,20161011.0,84.4,False,20180829,1,36.75,48.13,measured,0.0,observed,-3.0,84.4,48.13,100.0,False,O,48.13,measured,100.0,48.13,0.781,7186.1879,7186.1879,9295.0206,7186.1879,7186.1879,9295.0206,
TAP_A01,007a,Strychnos subcordata,Loganiaceae,726091.426950272,9683376.87790928,O,13.8,False,,,20151210.0,14.0,False,20161011.0,,True,20180829,1,,13.73,local_fit,0.167,site_median,-3.0,,,13.8,False,O,,feldpausch,13.299000000000001,,0.6959,,,,,,,
TAP_A01,007b,Pouteria gongrijpii,Sapotaceae,726135.17308592,9683377.4259808,O,44.4,False,17.59,25.72,20151210.0,46.6,False,20161011.0,46.4,False,20180829,1,28.2,25.72,measured,0.667,observed,-3.0,44.4,25.14,44.4,False,O,25.72,measured,42.399,25.102732797065357,0.7994,799.0551,799.0551,1057.3016,713.1593,713.1593,943.6452,
TAP_A01,008a,,,726090.7215501278,9683378.30594072,O,24.9,True,,,20151210.0,24.9,True,20161011.0,,True,20180829,1,,19.33,local_fit,0.167,site_median,-3.0,,,24.9,True,O,,feldpausch,24.398999999999997,,0.6697,,,,,,,
TAP_A01,008b,Pouteria gongrijpii,Sapotaceae,726106.386202296,9683374.57585304,O,21.5,False,13.73,20.77,20151210.0,23.5,False,20161011.0,19.4,False,20180829,1,16.83,20.77,measured,0.0,observed,-3.0,19.4,20.77,21.5,False,O,20.77,measured,21.5,20.77,0.7994,157.4703,157.4703,208.3631,157.4703,157.4703,208.3631,
TAP_A01,009a,Quiina florida,Ochnaceae,726100.482001784,9683381.21118616,O,11.0,False,,,20151210.0,11.3,False,20161011.0,11.4,False,20180829,1,11.67,12.03,local_fit,0.133,observed,-3.0,11.0,11.73,11.0,False,O,11.67,feldpausch,10.600999999999999,11.364344224867647,0.728,24.2505,24.2505,29.2877,21.9861,21.9861,26.553,
TAP_A01,009b,Vochysia guianensis,Vochysiaceae,726137.178091518,9683384.610455208,O,18.7,False,17.62,23.92,20151210.0,19.1,False,20161011.0,19.2,False,20180829,1,16.71,23.92,measured,0.167,observed,-3.0,18.7,23.5,18.7,False,O,23.92,measured,18.198999999999998,23.492119879466625,0.5087,137.6469,137.6469,117.1649,128.2607,128.2607,109.1753,
TAP_A01,010a,Duguetia surinamensis,Annonaceae,726101.2547556,9683382.133124,O,29.0,False,,,20151210.0,29.3,False,20161011.0,29.7,False,20180829,1,22.0,21.12,local_fit,0.233,observed,-3.0,29.0,20.81,29.0,False,O,22.0,feldpausch,28.301,21.678768535684558,0.8,298.7212,298.7212,395.5545,280.768,280.768,371.7815,
TAP_A01,010b,Quiina florida,Ochnaceae,726133.68114828,9683387.0923372,O,11.4,False,6.11,11.2,20151210.0,12.2,False,20161011.0,11.8,False,20180829,1,11.96,11.2,measured,0.133,observed,-3.0,11.4,10.93,11.4,False,O,11.2,measured,11.001000000000001,10.918174818486145,0.728,24.979,24.979,30.1676,22.7285,22.7285,27.4496,
TAP_A01,011a,Guatteria poeppigiana,Annonaceae,726100.221206664,9683382.16321736,O,40.7,False,30.07,38.34,20151210.0,41.2,False,20161011.0,41.9,False,20180829,1,26.73,38.34,measured,0.4,observed,-3.0,40.7,37.75,40.7,False,O,38.34,measured,39.5,37.72235798287177,0.5626,995.4821,995.4821,934.8269,924.2271,924.2271,867.9135,
TAP_A01,011b,Quiina florida,Ochnaceae,726133.29494136,9683388.5806864,O,12.1,False,4.86,12.74,20151210.0,11.2,False,20161011.0,12.1,False,20180829,1,12.18,12.74,measured,0.0,observed,-3.0,12.1,12.74,12.1,False,O,12.74,measured,12.1,12.74,0.728,31.8202,31.8202,38.4298,31.8202,31.8202,38.4298,
TAP_A01,012a,Guatteria poeppigiana,Annonaceae,726102.1233690399,9683386.4664696,O,45.7,False,30.84,40.7,20151210.0,46.0,False,20161011.0,47.1,False,20180829,1,28.41,40.7,measured,0.467,observed,-3.0,45.7,40.08,45.7,False,O,40.7,measured,44.299,40.04729142812952,0.5626,1323.0652,1323.0652,1242.4503,1225.5556,1225.5556,1150.882,
TAP_A01,012b,Eschweilera coriacea,Lecythidaceae,726125.73231192,9683382.3759608,O,11.1,False,,,20151210.0,11.2,False,20161011.0,11.1,False,20180829,1,11.45,12.1,local_fit,0.0,observed,-3.0,11.1,12.1,11.1,False,O,11.45,feldpausch,11.1,11.45,0.8521,24.2284,24.2284,34.1193,24.2284,24.2284,34.1193,
TAP_A01,013a,Chamaecrista scleroxylon,Fabaceae,726094.660656264,9683383.72222136,O,15.9,False,,,20151210.0,16.1,False,20161011.0,16.2,False,20180829,1,14.91,14.9,local_fit,0.1,observed,-3.0,15.9,14.72,15.9,False,O,14.91,feldpausch,15.6,14.717360286289871,0.955,63.2269,63.2269,99.5199,60.1509,60.1509,94.6781,
TAP_A01,013b,Swartzia corrugata,Fabaceae,726123.04722432,9683384.8167968,O,40.4,False,10.71,18.11,20151210.0,41.1,False,20161011.0,41.1,False,20180829,1,26.46,18.11,measured,0.233,observed,-3.0,40.4,17.94,40.4,False,O,18.11,measured,39.701,17.939208905474825,1.0565,471.8952,471.8952,819.7219,451.8904,451.8904,784.9719,
TAP_A01,014a,Chamaecrista scleroxylon,Fabaceae,726089.86992688,9683386.1676912,O,18.6,False,,,20151210.0,18.7,False,20161011.0,19.1,False,20180829,1,16.65,16.32,local_fit,0.167,observed,-3.0,18.6,16.04,18.6,False,O,16.65,feldpausch,18.099,16.350264645375994,0.955,95.6424,95.6424,150.5421,89.0846,89.0846,140.2201,
TAP_A01,014b,"Pouteria sp,",Sapotaceae,726124.6210088799,9683390.4865712,O,27.2,False,,,20151210.0,27.1,False,20161011.0,26.3,False,20180829,1,20.43,20.34,local_fit,0.0,observed,-3.0,26.3,20.34,27.2,False,O,20.43,feldpausch,27.2,20.43,0.7187,245.223,245.223,292.4777,245.223,245.223,292.4777,
TAP_A01,015a,Amaioua guianensis,Rubiaceae,726095.3448068,9683388.698932,O,24.1,False,,,20151210.0,24.5,False,20161011.0,25.1,False,20180829,1,19.85,18.97,local_fit,0.333,observed,-3.0,24.1,18.49,24.1,False,O,19.85,feldpausch,23.101000000000003,19.325660459262576,0.625,188.2661,188.2661,195.9185,168.8632,168.8632,175.7269,
TAP_A01,015b,Quararibea guianensis,Malvaceae,726129.063444552,9683393.06126648,O,14.5,False,,,20151210.0,15.4,False,20161011.0,14.6,False,20180829,1,13.89,14.13,local_fit,0.033,observed,-3.0,14.5,14.06,14.5,False,O,13.89,feldpausch,14.401,13.824331621387884,0.56,49.2866,49.2866,46.077,48.4074,48.4074,45.2551,
TAP_A01,016a,Quiina florida,Ochnaceae,726096.0399086399,9683389.9135736,O,12.1,False,,,20151210.0,12.4,False,20161011.0,12.4,False,20180829,1,12.39,12.72,local_fit,0.1,observed,-3.0,12.1,12.5,12.1,False,O,12.39,feldpausch,11.799999999999999,12.171184833103933,0.728,30.9667,30.9667,37.399,28.9774,28.9774,34.9964,
TAP_A01,016b,Quiina florida,Ochnaceae,726132.4484415998,9683395.787744,O,13.0,False,,,20151210.0,13.2,False,20161011.0,,True,20180829,1,,13.26,local_fit,0.167,site_median,-3.0,,,13.0,False,O,,feldpausch,12.499,,0.728,,,,,,,
TAP_A01,017a,Ceiba pentandra,Malvaceae,726096.813473864,9683390.84532536,O,11.8,False,,,20151210.0,11.8,False,20161011.0,,True,20180829,1,,12.53,local_fit,0.167,site_median,-3.0,,,11.8,False,O,,feldpausch,11.299000000000001,,0.3052,,,,,,,
TAP_A01,017b,Quiina florida,Ochnaceae,726129.037668096,9683393.16013504,O,11.0,False,,,20151210.0,11.1,False,20161011.0,11.1,False,20180829,1,11.45,12.03,local_fit,0.033,observed,-3.0,11.0,11.96,11.0,False,O,11.45,feldpausch,10.901,11.375998150567245,0.728,23.8042,23.8042,28.7487,23.2402,23.2402,28.0676,
TAP_A01,018a,Tachigali paniculata,Fabaceae,726093.47456276,9683391.7495124,O,15.5,False,,,20151210.0,15.6,False,20161011.0,15.8,False,20180829,1,14.66,14.68,local_fit,0.1,observed,-3.0,15.5,14.49,15.5,False,O,14.66,feldpausch,15.2,14.464909405042496,0.5545,59.1745,59.1745,54.7907,56.2196,56.2196,52.0547,
TAP_A01,018b,Quiina florida,Ochnaceae,726125.423846,9683399.15078,O,80.0,False,47.73,52.91,20151210.0,80.0,False,20161011.0,85.9,False,20180829,1,36.99,52.91,measured,1.967,observed,-3.0,80.0,51.52,80.0,False,O,52.91,measured,74.099,51.34535901345557,0.728,5098.7674,5098.7674,6157.8599,4263.6697,4263.6697,5149.2996,
TAP_A01,019a,Tetragastris panamensis,Burseraceae,726091.8649183199,9683393.8456968,O,16.5,False,,,20151210.0,16.7,False,20161011.0,16.7,False,20180829,1,15.22,15.22,local_fit,0.067,observed,-3.0,16.5,15.1,16.5,False,O,15.22,feldpausch,16.299,15.093993777634534,0.7173,69.3467,69.3467,82.5532,67.1602,67.1602,79.9503,
TAP_A01,019b,Lacmellea aculeata,Apocynaceae,726125.346457976,9683399.44667624,O,12.5,False,,,20151210.0,13.4,False,20161011.0,11.9,False,20180829,1,12.03,12.96,local_fit,0.0,observed,-3.0,11.9,12.96,12.5,False,O,12.03,feldpausch,12.5,12.03,0.5048,32.0604,32.0604,27.0855,32.0604,32.0604,27.0855,
TAP_A01,020a,Inga heterophylla,Fabaceae,726093.517188,9683395.33832,O,45.3,False,15.41,29.29,20151210.0,45.7,False,20161011.0,46.2,False,20180829,1,28.14,29.29,measured,0.3,observed,-3.0,45.3,28.99,45.3,False,O,29.29,measured,44.4,28.98599000066838,0.56,943.3709,943.3709,881.9387,897.9411,897.9411,839.4673,
TAP_A01,020b,,,726128.47629088,9683403.1932912,O,11.0,True,,,20151210.0,11.0,True,20161011.0,,True,20180829,1,,12.03,local_fit,0.167,site_median,-3.0,,,11.0,True,O,,feldpausch,10.499,,0.6697,,,,,,,
TAP_A01,021a,Dialium guianense,Fabaceae,726097.552853088,9683395.66875712,O,12.6,False,,,20151210.0,13.0,False,20161011.0,13.4,False,20180829,1,13.08,13.02,local_fit,0.267,observed,-3.0,12.6,12.47,12.6,False,O,13.08,feldpausch,11.799,12.485732445528745,0.8964,35.334,35.334,52.282,29.7032,29.7032,43.9503,
TAP_A01,021b,Protium paniculatum,Burseraceae,726120.0230519999,9683392.38918,O,13.3,False,,,20151210.0,13.7,False,20161011.0,14.2,False,20180829,1,13.62,13.44,local_fit,0.3,observed,-3.0,13.3,12.85,13.3,False,O,13.62,feldpausch,12.4,12.965205629520096,0.49,40.8485,40.8485,33.5221,33.9541,33.9541,27.8643,
TAP_A01,022a,Tachigali myrmecophila,Fabaceae,726096.074564256,9683397.30051344,O,11.1,False,,,20151210.0,11.5,False,20161011.0,12.4,False,20180829,1,12.39,12.1,local_fit,0.433,observed,-3.0,11.1,11.18,11.1,False,O,12.39,feldpausch,9.801,11.326426438426,0.476,26.1679,26.1679,20.8755,18.8025,18.8025,14.9997,
TAP_A01,022b,Swartzia corrugata,Fabaceae,726119.7644076,9683393.367224,O,64.4,False,6.38,28.18,20151210.0,64.8,False,20161011.0,63.3,False,20180829,1,32.71,28.18,measured,0.0,observed,-3.0,63.3,28.18,64.4,False,O,28.18,measured,64.4,28.18,1.0565,1805.2955,1805.2955,3135.9514,1805.2955,1805.2955,3135.9514,
TAP_A01,023a,Chamaecrista scleroxylon,Fabaceae,726086.243850416,9683395.494011842,O,12.3,False,,,20151210.0,12.4,False,20161011.0,12.7,False,20180829,1,12.6,12.84,local_fit,0.133,observed,-3.0,12.3,12.55,12.3,False,O,12.6,feldpausch,11.901,12.30897483701684,0.955,32.5025,32.5025,51.1593,29.789,29.789,46.8882,
TAP_A01,023b,Parahancornia fasciculata,Apocynaceae,726115.992626848,9683392.122119522,O,12.1,False,,,20151210.0,12.1,False,20161011.0,12.4,False,20180829,1,12.39,12.72,local_fit,0.1,observed,-3.0,12.1,12.5,12.1,False,O,12.39,feldpausch,11.799999999999999,12.171184833103933,0.4733,30.9667,30.9667,24.5687,28.9774,28.9774,22.9904,
TAP_A01,024a,Virola michelii,Myristicaceae,726087.58236432,9683398.1193768,O,28.2,False,,,20151210.0,28.4,False,20161011.0,28.8,False,20180829,1,21.59,20.78,local_fit,0.2,observed,-3.0,28.2,20.52,28.2,False,O,21.59,feldpausch,27.599999999999998,21.309938625336727,0.4701,277.7011,277.7011,218.8679,262.9126,262.9126,207.2125,
TAP_A01,024b,"Pouteria sp,",Sapotaceae,726113.176860368,9683391.14104432,O,11.6,False,,,20151210.0,11.6,True,20161011.0,,True,20180829,1,,12.41,local_fit,0.167,site_median,-3.0,,,11.6,False,O,,feldpausch,11.099,,0.7187,,,,,,,
TAP_A01,025a,Couratari stellata,Lecythidaceae,726082.301535072,9683405.92304128,O,16.0,False,,,20151210.0,16.1,False,20161011.0,16.1,False,20180829,1,14.85,14.96,local_fit,0.033,observed,-3.0,16.0,14.9,16.0,False,O,14.85,feldpausch,15.901,14.787334189427623,0.6331,63.7541,63.7541,67.189,62.7269,62.7269,66.1064,
TAP_A01,025b,Protium paniculatum,Burseraceae,726113.199486768,9683394.89860032,O,15.2,False,,,20151210.0,15.4,False,20161011.0,16.7,False,20180829,1,15.22,14.52,local_fit,0.5,observed,-3.0,15.2,13.62,15.2,False,O,15.22,feldpausch,13.7,14.164375996156702,0.49,59.0821,59.0821,48.4855,44.9685,44.9685,36.9032,
TAP_A01,026a,Quiina florida,Ochnaceae,726087.24889576,9683406.8027424,O,10.3,False,,,20151210.0,10.6,False,20161011.0,10.5,False,20180829,1,11.0,11.58,local_fit,0.067,observed,-3.0,10.3,11.42,10.3,False,O,11.0,feldpausch,10.099,10.84439182645531,0.728,20.1335,20.1335,24.3155,19.1061,19.1061,23.0747,
TAP_A01,026b,Swartzia corrugata,Fabaceae,726115.9106285519,9683373.30026648,O,13.6,False,,,20151210.0,15.2,False,20161011.0,8.3,False,20180829,1,9.27,13.61,local_fit,0.0,observed,-3.0,8.3,13.61,13.6,False,O,9.27,feldpausch,13.6,9.27,1.0565,29.3088,29.3088,50.9119,29.3088,29.3088,50.9119,
TAP_A01,027a,Eschweilera coriacea,Lecythidaceae,726088.20694344,9683407.0913656,O,11.1,False,,,20151210.0,11.3,False,20161011.0,11.4,False,20180829,1,11.67,12.1,local_fit,0.1,observed,-3.0,11.1,11.87,11.1,False,O,11.67,feldpausch,10.799999999999999,11.442913880242052,0.8521,24.6827,24.6827,34.759,22.9528,22.9528,32.3229,
TAP_A01,027b,Protium paniculatum,Burseraceae,726115.6020283198,9683397.4518768,O,16.6,False,,,20151210.0,17.24,False,20161011.0,17.3,False,20180829,1,15.59,15.28,local_fit,0.233,observed,-3.0,16.6,14.86,16.6,False,O,15.59,feldpausch,15.901000000000002,15.140984557979213,0.49,71.8339,71.8339,58.9502,64.1906,64.1906,52.6778,
TAP_A01,028a,Chrysophyllum sanguinolentum,Sapotaceae,726092.3000270398,9683407.2950096,O,23.0,False,,,20151210.0,23.5,False,20161011.0,23.6,False,20180829,1,19.1,18.46,local_fit,0.2,observed,-3.0,23.0,18.16,23.0,False,O,19.1,feldpausch,22.4,18.78069640166023,0.6714,165.5168,165.5168,184.7141,154.6277,154.6277,172.5622,
TAP_A01,028b,Myrcia splendens,Myrtaceae,726116.29957416,9683398.6960784,O,17.5,False,,,20151210.0,18.4,False,20161011.0,17.8,False,20180829,1,15.89,15.75,local_fit,0.1,observed,-3.0,17.5,15.57,17.5,False,O,15.89,feldpausch,17.2,15.706455399066636,0.8,81.1275,81.1275,107.4257,77.5505,77.5505,102.6892,
TAP_A01,029a,Coussarea brevicaulis,Rubiaceae,726084.5480688,9683409.053212,O,31.6,False,,,20151210.0,31.9,False,20161011.0,32.1,False,20180829,1,23.03,22.19,local_fit,0.167,observed,-3.0,31.6,21.99,31.6,False,O,23.03,feldpausch,31.099,22.814632952357957,0.6182,369.3591,369.3591,380.2901,354.7465,354.7465,365.2451,
TAP_A01,029b,Virola sebifera,Myristicaceae,726122.220492,9683403.53588,O,27.5,False,,,20151210.0,28.2,False,20161011.0,29.6,False,20180829,1,21.95,20.47,local_fit,0.7,observed,-3.0,27.5,19.58,27.5,False,O,21.95,feldpausch,25.4,20.902549052909034,0.4454,268.7065,268.7065,200.8903,219.3868,219.3868,164.0179,
TAP_A01,030a,Quiina florida,Ochnaceae,726080.9766732,9683406.946688,O,17.6,False,,,20151210.0,17.7,False,20161011.0,,True,20180829,1,,15.81,local_fit,0.167,site_median,-3.0,,,17.6,False,O,,feldpausch,17.099,,0.728,,,,,,,
TAP_A01,030b,Protium paniculatum,Burseraceae,726122.19467644,9683403.6342756,O,23.9,False,,,20151210.0,23.2,False,20161011.0,23.6,False,20180829,1,19.1,18.87,local_fit,0.0,observed,-3.0,23.6,18.87,23.9,False,O,19.1,feldpausch,23.9,19.1,0.49,178.3947,178.3947,146.3989,178.3947,178.3947,146.3989,
TAP_A01,031a,Mezilaurus itauba,Lauraceae,726080.71470496,9683407.8845304,O,24.6,False,,,20151210.0,25.0,False,20161011.0,25.5,False,20180829,1,20.05,19.19,local_fit,0.3,observed,-3.0,24.6,18.76,24.6,False,O,20.05,feldpausch,23.700000000000003,19.585407101168514,0.7443,197.8926,197.8926,244.2194,179.8439,179.8439,221.9454,
TAP_A01,031b,Quiina florida,Ochnaceae,726129.10258584,9683408.7021416,O,17.8,False,,,20151210.0,18.3,False,20161011.0,18.1,False,20180829,1,16.07,15.91,local_fit,0.1,observed,-3.0,17.8,15.73,17.8,False,O,16.07,feldpausch,17.5,15.88805163156087,0.728,84.7914,84.7914,102.4039,81.1178,81.1178,97.9672,
TAP_A01,032a,Chamaecrista scleroxylon,Fabaceae,726085.2449303198,9683410.2891368,O,64.4,False,8.04,33.63,20151210.0,64.6,False,20161011.0,64.9,False,20180829,1,33.07,33.63,measured,0.167,observed,-3.0,64.4,33.52,64.4,False,O,33.63,measured,63.89900000000001,33.515096167232315,0.955,2145.3163,2145.3163,3376.7507,2105.813,2105.813,3314.5721,
TAP_A01,032b,Quiina florida,Ochnaceae,726122.97322524,9683408.5208276,O,11.0,False,8.04,33.63,20151210.0,11.2,False,20161011.0,11.4,False,20180829,1,11.67,33.63,measured,0.133,observed,-3.0,11.0,32.79,11.0,False,O,33.63,measured,10.600999999999999,32.74917705932297,0.728,68.131,68.131,82.2828,61.7694,61.7694,74.5998,
TAP_A01,033a,Quiina florida,Ochnaceae,726088.5565084,9683413.359516,O,15.6,False,,,20151210.0,16.0,False,20161011.0,16.0,False,20180829,1,14.79,14.74,local_fit,0.133,observed,-3.0,15.6,14.49,15.6,False,O,14.79,feldpausch,15.201,14.52977785599094,0.728,60.4406,60.4406,72.9951,56.4729,56.4729,68.2032,
TAP_A01,033b,Protium paniculatum,Burseraceae,726129.67374228,9683410.4708372,O,23.5,False,,,20151210.0,23.5,False,20161011.0,33.1,False,20180829,1,23.44,18.69,local_fit,3.2,observed,-3.0,23.5,15.19,23.5,False,O,23.44,feldpausch,13.899999999999999,16.521064676378575,0.49,210.7967,210.7967,172.9894,53.7565,53.7565,44.115,
TAP_A01,034a,Myrcia splendens,Myrtaceae,726098.9231831998,9683413.435768,O,12.5,False,,,20151210.0,12.7,False,20161011.0,13.0,False,20180829,1,12.81,12.96,local_fit,0.167,observed,-3.0,12.5,12.61,12.5,False,O,12.81,feldpausch,11.999,12.44456864269187,0.8,34.0876,34.0876,45.1375,30.5951,30.5951,40.5128,
TAP_A01,034b,Ocotea cernua,Lauraceae,726118.500404248,9683413.77830552,O,10.6,False,,,20151210.0,11.6,False,20161011.0,14.3,False,20180829,1,13.69,11.78,local_fit,1.233,observed,-3.0,10.6,9.53,10.6,False,O,13.69,feldpausch,6.901,9.98419724620147,0.4535,26.3626,26.3626,20.06,8.382,8.382,6.3781,
TAP_A01,035a,Lecythis pisonis,Lecythidaceae,726102.9879463998,9683417.602036,O,55.5,False,17.56,41.4,20151210.0,55.7,False,20161011.0,53.2,False,20180829,1,30.18,41.4,measured,0.0,observed,-3.0,53.2,41.4,55.5,False,O,41.4,measured,55.5,41.4,0.857,1965.6805,1965.6805,2783.7266,1965.6805,1965.6805,2783.7266,
TAP_A01,035b,Swartzia corrugata,Fabaceae,726116.32501168,9683410.2766832,O,78.0,False,7.37,15.71,20151210.0,78.4,False,20161011.0,87.9,False,20180829,1,37.3,15.71,measured,3.3,observed,-3.0,78.0,15.02,78.0,False,O,15.71,measured,68.1,14.867741476600292,1.0565,1483.5333,1483.5333,2577.0232,1078.6362,1078.6362,1873.6824,
TAP_A01,036a,Coussarea brevicaulis,Rubiaceae,726101.597610224,9683407.38210176,O,54.5,False,30.51,42.95,20151210.0,54.4,False,20161011.0,55.5,False,20180829,1,30.8,42.95,measured,0.333,observed,-3.0,54.5,42.59,54.5,False,O,42.95,measured,53.501,42.570905149700344,0.6182,1966.431,1966.431,2024.6269,1880.3439,1880.3439,1935.9921,
TAP_A01,036b,Protium paniculatum,Burseraceae,726116.247447688,9683410.570451122,O,11.7,False,30.51,42.95,20151210.0,11.7,False,20161011.0,12.4,False,20180829,1,12.39,42.95,measured,0.233,observed,-3.0,11.7,41.22,11.7,False,O,42.95,measured,11.001,41.10126588248723,0.49,97.5734,97.5734,80.0732,82.8818,82.8818,68.0166,
TAP_A01,037a,Maquira coriacea,Moraceae,726099.0889518398,9683405.1878816,O,16.8,False,,,20151210.0,17.1,False,20161011.0,17.3,False,20180829,1,15.59,15.38,local_fit,0.167,observed,-3.0,16.8,15.08,16.8,False,O,15.59,feldpausch,16.299,15.273587993011867,0.5112,73.533,73.533,62.8914,67.94,67.94,58.1078,
TAP_A01,037b,Lecythis lurida,Lecythidaceae,726110.5796584,9683408.580416,O,44.6,False,8.779999999999998,30.01,20151210.0,44.9,False,20161011.0,45.8,False,20180829,1,28.01,30.01,measured,0.4,observed,-3.0,44.6,29.6,44.6,False,O,30.01,measured,43.4,29.58422455149236,0.8633,937.0741,937.0741,1336.6218,876.1841,876.1841,1249.7697,
TAP_A01,038a,Maquira coriacea,Moraceae,726105.5355484718,9683404.27854728,O,14.4,False,,,20151210.0,14.6,False,20161011.0,15.0,False,20180829,1,14.15,14.07,local_fit,0.2,observed,-3.0,14.4,13.68,14.4,False,O,14.15,feldpausch,13.8,13.738053259350602,0.5112,49.5134,49.5134,42.3479,44.271,44.271,37.8642,
TAP_A01,038b,Bertholletia excelsa,Lecythidaceae,726110.5010755198,9683412.7563848,O,12.5,False,30.61,46.77,20151210.0,12.6,False,20161011.0,12.7,False,20180829,1,12.6,46.77,measured,0.067,observed,-3.0,12.5,46.25,12.5,False,O,46.77,measured,12.299,46.237465642550106,0.638,120.6472,120.6472,128.0992,115.5901,115.5901,122.7298,
TAP_A01,039a,Chamaecrista scleroxylon,Fabaceae,726105.071906832,9683402.16770368,O,13.7,False,,,20151210.0,13.8,False,20161011.0,14.3,False,20180829,1,13.69,13.67,local_fit,0.2,observed,-3.0,13.7,13.27,13.7,False,O,13.69,feldpausch,13.1,13.267978227916235,0.955,43.498,43.498,68.4663,38.6573,38.6573,60.847,
TAP_A01,039b,Alexa grandiflora,Fabaceae,726107.004836832,9683414.22150368,O,14.0,False,,,20151210.0,14.3,False,20161011.0,,True,20180829,1,,13.84,local_fit,0.167,site_median,-3.0,,,14.0,False,O,,feldpausch,13.499,,0.66,,,,,,,
TAP_A01,040a,Chamaecrista scleroxylon,Fabaceae,726105.617523624,9683400.14360776,O,11.3,False,,,20151210.0,11.6,False,20161011.0,12.0,False,20180829,1,12.11,12.22,local_fit,0.233,observed,-3.0,11.3,11.71,11.3,False,O,12.11,feldpausch,10.601,11.567890740243591,0.955,26.4983,26.4983,41.7087,22.3704,22.3704,35.2113,
TAP_A01,040b,Quiina florida,Ochnaceae,726105.4161039708,9683416.67262149,O,10.6,False,,,20151210.0,10.8,False,20161011.0,10.8,False,20180829,1,11.23,11.78,local_fit,0.067,observed,-3.0,10.6,11.62,10.6,False,O,11.23,feldpausch,10.399,11.076134444587545,0.728,21.7284,21.7284,26.2418,20.6515,20.6515,24.9411,
TAP_A01,041a,Abarema mataybifolia,Fabaceae,726105.8253776398,9683399.3725236,O,14.4,False,,,20151210.0,15.1,False,20161011.0,16.1,False,20180829,1,14.85,14.07,local_fit,0.567,observed,-3.0,14.4,13.04,14.4,False,O,14.85,feldpausch,12.699,13.602139348848114,0.5668,51.9026,51.9026,49.0935,37.2752,37.2752,35.2577,
TAP_A01,041b,Lecythis lurida,Lecythidaceae,726105.3721434398,9683416.4495456,O,21.6,False,,,20151210.0,21.6,False,20161011.0,22.2,False,20180829,1,18.37,17.8,local_fit,0.2,observed,-3.0,21.6,17.49,21.6,False,O,18.37,feldpausch,21.0,18.03849433438776,0.8633,140.9564,140.9564,201.0572,131.0642,131.0642,186.9471,
TAP_A01,042a,Eschweilera coriacea,Lecythidaceae,726100.058383152,9683397.82514048,O,11.0,False,,,20151210.0,11.0,False,20161011.0,10.9,False,20180829,1,11.3,12.03,local_fit,0.0,observed,-3.0,10.9,12.03,11.0,False,O,11.3,feldpausch,11.0,11.3,0.8521,23.4998,23.4998,33.0932,23.4998,23.4998,33.0932,
TAP_A01,042b,Protium paniculatum,Burseraceae,726107.0297899198,9683418.007200802,O,20.5,False,,,20151210.0,20.6,False,20161011.0,21.3,False,20180829,1,17.88,17.27,local_fit,0.267,observed,-3.0,20.5,16.85,20.5,False,O,17.88,feldpausch,19.699,17.419938093256533,0.49,123.9695,123.9695,101.7351,111.8091,111.8091,91.7557,
TAP_A01,043a,,,726106.1371586638,9683398.21589736,O,11.1,False,,,20151210.0,11.2,False,20161011.0,11.0,False,20180829,1,11.38,12.1,local_fit,0.0,observed,-3.0,11.0,12.1,11.1,False,O,11.38,feldpausch,11.1,11.38,0.6697,24.0839,24.0839,26.8115,24.0839,24.0839,26.8115,
TAP_A01,043b,Symphonia globulifera,Clusiaceae,726126.45779528,9683422.9033072,O,13.4,False,,,20151210.0,13.4,False,20161011.0,14.3,False,20180829,1,13.69,13.49,local_fit,0.3,observed,-3.0,13.4,12.89,13.4,False,O,13.69,feldpausch,12.5,13.037460404583614,0.6004,41.6581,41.6581,41.6852,34.6783,34.6783,34.7008,
TAP_A01,044a,Maquira coriacea,Moraceae,726107.0938670319,9683398.48832168,O,34.7,False,,,20151210.0,35.0,False,20161011.0,35.0,False,20180829,1,24.21,23.43,local_fit,0.1,observed,-3.0,34.7,23.31,34.7,False,O,24.21,feldpausch,34.400000000000006,24.090302317509252,0.5112,465.5461,465.5461,398.173,455.513,455.513,389.5918,
TAP_A01,045a,Aspidosperma parvifolium,Apocynaceae,726105.8822215518,9683395.34425648,O,13.8,False,,,20151210.0,14.0,False,20161011.0,13.8,False,20180829,1,13.36,13.73,local_fit,0.0,observed,-3.0,13.8,13.73,13.8,False,O,13.36,feldpausch,13.8,13.36,0.781,43.0816,43.0816,55.7242,43.0816,43.0816,55.7242,
TAP_A01,046a,,,726109.2188744,9683394.412756,O,15.8,True,,,20151210.0,15.8,True,20161011.0,,True,20180829,1,,14.85,local_fit,0.167,site_median,-3.0,,,15.8,True,O,,feldpausch,15.299000000000001,,0.6697,,,,,,,
TAP_A01,047a,Quiina florida,Ochnaceae,726104.85370944,9683391.5407456,O,12.2,False,,,20151210.0,12.5,False,20161011.0,12.7,False,20180829,1,12.6,12.78,local_fit,0.167,observed,-3.0,12.2,12.42,12.2,False,O,12.6,feldpausch,11.699,12.2305318199843,0.728,31.9887,31.9887,38.6333,28.6308,28.6308,34.5779,
TAP_A01,048a,Aspidosperma parvifolium,Apocynaceae,726108.98982128,9683391.4435472,O,13.0,False,,,20151210.0,13.2,False,20161011.0,13.4,False,20180829,1,13.08,13.26,local_fit,0.133,observed,-3.0,13.0,12.99,13.0,False,O,13.08,feldpausch,12.600999999999999,12.796272445153559,0.781,37.5567,37.5567,48.5779,34.5911,34.5911,44.7421,
TAP_A01,049a,Chrysophyllum sanguinolentum,Sapotaceae,726108.5534616,9683389.252044,O,20.0,False,,,20151210.0,20.4,False,20161011.0,20.5,False,20180829,1,17.45,17.02,local_fit,0.167,observed,-3.0,20.0,16.75,20.0,False,O,17.45,feldpausch,19.499,17.161891924489037,0.6714,115.3622,115.3622,128.7424,108.0191,108.0191,120.5476,
TAP_A01,050a,Virola michelii,Myristicaceae,726110.8804552,9683388.228948,O,14.3,False,,,20151210.0,14.5,False,20161011.0,15.2,False,20180829,1,14.28,14.01,local_fit,0.3,observed,-3.0,14.3,13.43,14.3,False,O,14.28,feldpausch,13.4,13.648324335130345,0.4701,49.2823,49.2823,38.8415,41.5343,41.5343,32.7349,
TAP_A01,051a,Abarema mataybifolia,Fabaceae,726109.488804672,9683385.78216528,O,18.2,False,,,20151210.0,19.1,False,20161011.0,20.7,False,20180829,1,17.56,16.12,local_fit,0.833,observed,-3.0,18.2,14.81,18.2,False,O,17.56,feldpausch,15.701,15.894241177112642,0.5668,96.5553,96.5553,91.3294,65.663,65.663,62.1091,
TAP_A01,052a,Abarema mataybifolia,Fabaceae,726104.0347719198,9683386.9869608,O,42.3,False,9.81,22.24,20151210.0,42.5,False,20161011.0,43.0,False,20180829,1,27.1,22.24,measured,0.233,observed,-3.0,42.3,22.05,42.3,False,O,22.24,measured,41.601,22.043111968082144,0.5668,630.7839,630.7839,596.6438,605.3208,605.3208,572.5588,
TAP_A01,053a,Quiina florida,Ochnaceae,726102.38387088,9683385.5108912,O,15.6,False,,,20151210.0,16.0,False,20161011.0,16.2,False,20180829,1,14.91,14.74,local_fit,0.2,observed,-3.0,15.6,14.37,15.6,False,O,14.91,feldpausch,15.0,14.514293698877283,0.728,60.9192,60.9192,73.573,54.9672,54.9672,66.3847,
TAP_A01,054a,Quiina florida,Ochnaceae,726107.92301688,9683380.2091112,O,15.5,False,,,20151210.0,16.0,False,20161011.0,15.4,False,20180829,1,14.41,14.68,local_fit,0.0,observed,-3.0,15.4,14.68,15.5,False,O,14.41,feldpausch,15.5,14.41,0.728,58.1894,58.1894,70.2763,58.1894,58.1894,70.2763,
TAP_A01,055a,Quiina florida,Ochnaceae,726107.2542878318,9683378.90281368,O,13.5,False,,,20151210.0,13.8,False,20161011.0,14.0,False,20180829,1,13.49,13.55,local_fit,0.167,observed,-3.0,13.5,13.21,13.5,False,O,13.49,feldpausch,12.999,13.137446082581578,0.728,41.6643,41.6643,50.3186,37.712,37.712,45.5454,
TAP_A01,056a,Dialium guianense,Fabaceae,726107.4187540798,9683374.5336992,O,16.0,False,,,20151210.0,16.7,False,20161011.0,18.2,False,20180829,1,16.13,14.96,local_fit,0.733,observed,-3.0,16.0,13.72,16.0,False,O,16.13,feldpausch,13.801,14.568263887643285,0.8964,69.1121,69.1121,102.2617,46.887,46.887,69.3763,
TAP_A01,057a,Vitex triflora,Lamiaceae,726113.742692888,9683373.78335912,O,26.6,False,,,20151210.0,27.0,False,20161011.0,28.0,False,20180829,1,21.23,20.08,local_fit,0.467,observed,-3.0,26.6,19.47,26.6,False,O,21.23,feldpausch,25.199,20.53108254559465,0.5482,243.7434,243.7434,223.1932,212.2633,212.2633,194.3672,
TAP_A01,058a,Coussarea brevicaulis,Rubiaceae,726112.27613744,9683371.6625056,O,11.7,False,,,20151210.0,11.7,False,20161011.0,11.8,False,20180829,1,11.96,12.47,local_fit,0.033,observed,-3.0,11.7,12.4,11.7,False,O,11.96,feldpausch,11.600999999999999,11.887862780171302,0.6182,28.0172,28.0172,28.8464,27.3941,27.3941,28.2048,
TAP_A01,059a,Quiina florida,Ochnaceae,726103.420729454,9683369.738711849,O,,,,,,,,,10.3,False,20180829,1,10.85,10.85,feldpausch_regional,0.167,site_median,-3.0,9.8,10.47,,False,O,10.85,feldpausch,,,0.728,,,,,,,
TAP_A01,060a,Neea oppositifolia,Nyctaginaceae,726103.07963712,9683375.4606288,O,,,,,,,,,10.3,False,20180829,1,10.85,10.85,feldpausch_regional,0.167,site_median,-3.0,9.8,10.47,,False,O,10.85,feldpausch,,,0.893,,,,,,,
TAP_A01,061a,Quiina florida,Ochnaceae,726099.69057144,9683387.8524056,O,,,,,,,,,12.7,False,20180829,1,12.6,12.6,feldpausch_regional,0.167,site_median,-3.0,12.2,12.25,,False,O,12.6,feldpausch,,,0.728,,,,,,,
TAP_A01,062a,Ocotea cernua,Lauraceae,726098.178526752,9683393.38104448,O,,,,,,,,,10.1,False,20180829,1,10.7,10.7,feldpausch_regional,0.167,site_median,-3.0,9.6,10.31,,False,O,10.7,feldpausch,,,0.4535,,,,,,,
TAP_A01,001a,Dialium guianense,Fabaceae,726247.3136438,9682928.593574,O,22.7,False,16.21,22.29,20151210.0,,,,,True,20180830,2,,22.29,measured,0.167,site_median,-3.0,,,22.7,False,O,22.29,measured,22.198999999999998,21.974221630338203,0.8964,187.5766,187.5766,277.5476,177.097,177.097,262.0414,
TAP_A01,001b,Ormosia grossa,Fabaceae,726265.7813821998,9682943.452046,O,24.7,False,14.24,22.94,20151210.0,,,,49.7,False,20180830,2,29.19,22.94,measured,5.0,observed,-3.0,34.7,18.93,24.7,False,O,22.94,measured,9.7,12.129244300179373,0.5906,227.4806,227.4806,223.996,19.6998,19.6998,19.398,
TAP_A01,002a,Eschweilera coriacea,Lecythidaceae,726248.19554556,9682931.4854028,O,23.5,False,16.57,23.76,20151210.0,,,,34.1,False,20180830,2,23.85,23.76,measured,3.533,observed,-3.0,23.5,18.98,23.5,False,O,23.76,measured,12.901,15.89564780426004,0.8521,213.6049,213.6049,300.8058,44.7554,44.7554,63.026,
TAP_A01,002b,Inga marginata,Fabaceae,726266.585602156,9682942.58033028,O,17.0,False,15.76,21.42,20151210.0,,,,17.5,False,20180830,2,15.71,21.42,measured,0.167,observed,-3.0,17.0,21.01,17.0,False,O,21.42,measured,16.499,20.991249394189076,0.5518,102.607,102.607,94.554,94.8959,94.8959,87.4482,
TAP_A01,003a,Aspidosperma parvifolium,Apocynaceae,726249.7840908798,9682929.9921944,O,10.4,False,9.13,14.04,20151210.0,,,,10.9,False,20180830,2,11.3,14.04,measured,0.167,observed,-3.0,10.4,13.58,10.4,False,O,14.04,measured,9.899000000000001,13.547443989889398,0.781,26.0339,26.0339,33.6738,22.8322,22.8322,29.5325,
TAP_A01,003b,Oenocarpus bacaba,Arecaceae,726266.8437048598,9682941.8475618,P,14.8,False,5.34,10.43,20151210.0,,,,14.3,False,20180830,2,13.69,10.43,measured,0.0,observed,-3.0,14.3,10.43,14.8,False,P,10.43,measured,14.8,10.43,0.65,38.7844,31.1033,31.1033,38.7844,31.1033,31.1033,
TAP_A01,004a,Quiina florida,Ochnaceae,726253.07802032,9682931.8570216,O,11.4,False,,,20151210.0,,,,11.7,False,20180830,2,11.89,12.29,local_fit,0.1,observed,-3.0,11.4,12.06,11.4,False,O,11.89,feldpausch,11.1,11.665448130337476,0.728,26.4799,26.4799,31.9802,24.6733,24.6733,29.7983,
TAP_A01,004b,Nectandra cuspidata,Lauraceae,726266.2942168,9682944.821464,O,50.6,False,22.88,37.65,20151210.0,,,,51.6,False,20180830,2,29.74,37.65,measured,0.333,observed,-3.0,50.6,37.28,50.6,False,O,37.65,measured,49.601,37.27938736294465,0.518,1495.9226,1495.9226,1296.0428,1424.9891,1424.9891,1234.5872,
TAP_A01,005a,Licania octandra,Chrysobalanaceae,726254.8260022,9682935.169726,O,19.4,False,14.22,19.7,20151210.0,,,,20.8,False,20180830,2,17.61,19.7,measured,0.467,observed,-3.0,19.4,18.83,19.4,False,O,19.7,measured,17.999,18.74479878112057,0.825,122.3626,122.3626,166.9676,100.7018,100.7018,137.4107,
TAP_A01,005b,Manilkara huberi,Sapotaceae,726269.1179094,9682945.271542,O,46.5,False,18.89,30.54,20151210.0,,,,49.0,False,20180830,2,28.99,30.54,measured,0.833,observed,-3.0,46.5,29.74,46.5,False,O,30.54,measured,44.001,29.678316268305487,0.9214,1034.0964,1034.0964,1571.7017,902.8182,902.8182,1372.1747,
TAP_A01,006a,Aspidosperma parvifolium,Apocynaceae,726258.9700376,9682937.472428,O,12.2,False,13.16,17.55,20151210.0,,,,13.0,False,20180830,2,12.81,17.55,measured,0.267,observed,-3.0,12.2,16.78,12.2,False,O,17.55,measured,11.399,16.722882788694744,0.781,44.2028,44.2028,57.1744,36.9331,36.9331,47.7714,
TAP_A01,006b,Eschweilera coriacea,Lecythidaceae,726273.36241864,9682944.406903202,O,18.6,False,12.75,19.7,20151210.0,,,,19.4,False,20180830,2,16.83,19.7,measured,0.267,observed,-3.0,18.6,19.15,18.6,False,O,19.7,measured,17.799000000000003,19.130585742313702,0.8521,112.7065,112.7065,158.7172,100.5078,100.5078,141.5385,
TAP_A01,007a,Neea oppositifolia,Nyctaginaceae,726257.08948104,9682939.8490152,O,23.3,False,,,20151210.0,,,,23.6,False,20180830,2,19.1,18.6,local_fit,0.1,observed,-3.0,23.3,18.44,23.3,False,O,19.1,feldpausch,23.0,18.94346122290097,0.893,169.7571,169.7571,250.2554,164.1927,164.1927,242.0523,
TAP_A01,007b,Vochysia guianensis,Vochysiaceae,726271.070723328,9682948.25174464,O,16.0,False,14.01,17.68,20151210.0,,,,16.5,False,20180830,2,15.1,17.68,measured,0.167,observed,-3.0,16.0,17.32,16.0,False,O,17.68,measured,15.499,17.300139934943026,0.5087,75.5867,75.5867,64.3393,69.5456,69.5456,59.1972,
TAP_A01,008a,Virola michelii,Myristicaceae,726255.558255872,9682938.56438336,O,11.2,False,,,20151210.0,,,,12.0,False,20180830,2,12.11,12.16,local_fit,0.267,observed,-3.0,11.2,11.58,11.2,False,O,12.11,feldpausch,10.399,11.481354490992576,0.4701,26.0425,26.0425,20.5252,21.3886,21.3886,16.8572,
TAP_A01,008b,Quiina florida,Ochnaceae,726265.489818596,9682944.27768548,O,11.6,False,5.56,12.36,20151210.0,,,,,True,20180830,2,,12.36,measured,0.167,site_median,-3.0,,,11.6,False,O,12.36,measured,11.099,11.976339462476911,0.728,28.4507,28.4507,34.3603,25.3104,25.3104,30.5678,
TAP_A01,009a,Neea oppositifolia,Nyctaginaceae,726254.103537,9682937.08381,O,21.1,False,,,20151210.0,,,,21.4,False,20180830,2,17.94,17.56,local_fit,0.1,observed,-3.0,21.1,17.4,21.1,False,O,17.94,feldpausch,20.8,17.77413798726241,0.893,131.5803,131.5803,193.9752,126.7984,126.7984,186.9258,
TAP_A01,009b,,,726264.48554396,9682947.1215548,O,11.7,True,,,20151210.0,,,,,True,20180830,2,,12.47,local_fit,0.167,site_median,-3.0,,,11.7,True,O,,feldpausch,11.199,,0.6697,,,,,,,
TAP_A01,010a,Erisma uncinatum,Vochysiaceae,726238.4406354,9682940.682642,O,92.0,False,31.98,45.02,20151210.0,,,,101.5,False,20180830,2,39.15,45.02,measured,3.167,observed,-3.0,92.0,43.58,92.0,False,O,45.02,measured,82.499,43.29324757507359,0.5231,5721.347,5721.347,5004.352,4451.5843,4451.5843,3893.715,
TAP_A01,010b,Albizia pedicellaris,Fabaceae,726264.557472082,9682947.48530621,O,73.3,False,23.14,39.58,20151210.0,,,,75.4,False,20180830,2,35.2,39.58,measured,0.7,observed,-3.0,73.3,39.14,73.3,False,O,39.58,measured,71.2,39.1130205043723,0.5446,3238.0237,3238.0237,2946.136,3024.1775,3024.1775,2751.5668,
TAP_A01,011a,Goupia glabra,Goupiaceae,726242.35921856,9682943.7978928,O,45.5,False,15.8,24.19,20151210.0,,,,48.8,False,20180830,2,28.93,24.19,measured,1.1,observed,-3.0,45.5,23.34,45.5,False,O,24.19,measured,42.2,23.252944687489922,0.7272,789.4553,789.4553,952.3987,655.7723,655.7723,791.1236,
TAP_A01,011b,,,726266.6114284398,9682952.5198972,O,85.2,True,,37.57,20151210.0,,,,,True,20180830,2,,37.57,measured,0.167,site_median,-3.0,,,85.2,True,O,37.57,measured,84.699,37.48907118422882,0.6697,4127.8488,2838.9566,2838.9566,4072.0215,2800.7224,2800.7224,
TAP_A01,012a,Quiina florida,Ochnaceae,726247.5397251198,9682946.3401456,O,14.0,False,,,20151210.0,,,,14.5,False,20180830,2,13.82,13.84,local_fit,0.167,observed,-3.0,14.0,13.51,14.0,False,O,13.82,feldpausch,13.499,13.473548741372579,0.728,45.7972,45.7972,55.3099,41.6087,41.6087,50.2514,
TAP_A01,012b,Dipteryx odorata,Fabaceae,726265.6612060159,9682952.36035208,O,12.4,False,,,20151210.0,,,,13.1,False,20180830,2,12.88,12.9,local_fit,0.233,observed,-3.0,12.4,12.41,12.4,False,O,12.88,feldpausch,11.701,12.360888781974639,0.9228,33.7363,33.7363,51.3504,28.9383,28.9383,44.0473,
TAP_A01,013a,"Eschweilera sp,",Lecythidaceae,726238.04212976,9682941.6793488,O,58.0,False,27.49,38.71,20151210.0,,,,68.8,False,20180830,2,33.91,38.71,measured,3.6,observed,-3.0,58.0,35.89,58.0,False,O,38.71,measured,47.2,35.019913836826476,0.8314,2006.2615,2006.2615,2758.3014,1216.8778,1216.8778,1673.0201,
TAP_A01,013b,Protium paniculatum,Burseraceae,726268.196152774,9682951.41378707,O,21.0,False,,,20151210.0,,,,21.6,False,20180830,2,18.05,17.51,local_fit,0.2,observed,-3.0,21.0,17.19,21.0,False,O,18.05,feldpausch,20.4,17.712980622721442,0.49,131.1458,131.1458,107.6243,121.6722,121.6722,99.8498,
TAP_A01,014a,Aspidosperma parvifolium,Apocynaceae,726235.65109592,9682947.6595896,O,13.0,False,,,20151210.0,,,,13.1,False,20180830,2,12.88,13.26,local_fit,0.033,observed,-3.0,13.0,13.19,13.0,False,O,12.88,feldpausch,12.901,12.81102517396335,0.781,36.9961,36.9961,47.8528,36.2576,36.2576,46.8977,
TAP_A01,014b,Tachigali myrmecophila,Fabaceae,726269.17772048,9682953.8165224,O,67.0,False,16.69,32.26,20151210.0,,,,,True,20180830,2,,32.26,measured,0.167,site_median,-3.0,,,67.0,False,O,32.26,measured,66.499,32.15644410008418,0.476,2225.4361,2225.4361,1775.3496,2186.1974,2186.1974,1744.0468,
TAP_A01,015a,Pouteria gongrijpii,Sapotaceae,726238.47052244,9682951.060101202,O,26.0,False,,,20151210.0,,,,26.7,False,20180830,2,20.62,19.82,local_fit,0.233,observed,-3.0,26.0,19.5,26.0,False,O,20.62,feldpausch,25.301,20.27445545519892,0.7994,226.5867,226.5867,299.8172,211.3333,211.3333,279.6341,
TAP_A01,015b,Quiina florida,Ochnaceae,726267.8603117,9682954.734881,O,12.7,False,,,20151210.0,,,,13.7,False,20180830,2,13.29,13.08,local_fit,0.333,observed,-3.0,12.7,12.4,12.7,False,O,13.29,feldpausch,11.700999999999999,12.541114397582252,0.728,36.4457,36.4457,44.016,29.35,29.35,35.4464,
TAP_A01,016a,Quiina florida,Ochnaceae,726237.1177159998,9682951.84434,O,12.8,False,,,20151210.0,,,,,True,20180830,2,,13.14,local_fit,0.167,site_median,-3.0,,,12.8,False,O,,feldpausch,12.299000000000001,,0.728,,,,,,,
TAP_A01,016b,Neea oppositifolia,Nyctaginaceae,726267.706319,9682955.18507,O,15.6,False,,,20151210.0,,,,,True,20180830,2,,14.74,local_fit,0.167,site_median,-3.0,,,15.6,False,O,,feldpausch,15.099,,0.893,,,,,,,
TAP_A01,017a,Protium robustum,Burseraceae,726240.933140384,9682952.75336792,O,11.8,False,,,20151210.0,,,,12.2,False,20180830,2,12.25,12.53,local_fit,0.133,observed,-3.0,11.8,12.23,11.8,False,O,12.25,feldpausch,11.401,11.953485581245051,0.5773,29.1605,29.1605,28.0837,26.6224,26.6224,25.6393,
TAP_A01,017b,Brosimum guianense,Moraceae,726267.2443408999,9682956.535637,O,30.5,False,,,20151210.0,,,,31.2,False,20180830,2,22.65,21.74,local_fit,0.233,observed,-3.0,30.5,21.45,30.5,False,O,22.65,feldpausch,29.801,22.339954806580323,0.8435,339.1256,339.1256,472.8724,319.7891,319.7891,445.9098,
TAP_A01,018a,Quiina florida,Ochnaceae,726237.2293826,9682954.213298,O,11.0,False,,,20151210.0,,,,11.8,False,20180830,2,11.96,12.03,local_fit,0.267,observed,-3.0,11.0,11.45,11.0,False,O,11.96,feldpausch,10.199,11.326426627311367,0.728,24.8385,24.8385,29.9978,20.3217,20.3217,24.5428,
TAP_A01,018b,Theobroma glaucum,Malvaceae,726264.950884804,9682957.32193252,O,12.0,False,,,20151210.0,,,,12.3,False,20180830,2,12.32,12.66,local_fit,0.1,observed,-3.0,12.0,12.44,12.0,False,O,12.32,feldpausch,11.7,12.100374442317166,0.5297,30.3011,30.3011,26.8317,28.3381,28.3381,25.0934,
TAP_A01,019a,Quiina florida,Ochnaceae,726244.5859676799,9682954.0644784,O,12.9,False,,,20151210.0,,,,,True,20180830,2,,13.2,local_fit,0.167,site_median,-3.0,,,12.9,False,O,,feldpausch,12.399000000000001,,0.728,,,,,,,
TAP_A01,019b,"Parkia sp,",Fabaceae,726260.8202757998,9682951.772734,O,33.3,False,,,20151210.0,,,,,True,20180830,2,,22.88,local_fit,0.167,site_median,-3.0,,,33.3,False,O,,feldpausch,32.799,,0.4553,,,,,,,
TAP_A01,020a,Tetragastris panamensis,Burseraceae,726244.216748,9682955.03002,O,16.0,False,,,20151210.0,,,,16.9,False,20180830,2,15.35,14.96,local_fit,0.3,observed,-3.0,16.0,14.41,16.0,False,O,15.35,feldpausch,15.1,14.753930744142087,0.7173,65.8483,65.8483,78.3886,56.5819,56.5819,67.3575,
TAP_A01,020b,Endopleura uchi,Humiriaceae,726258.56200736,9682956.0992888,O,28.0,False,,,20151210.0,,,,29.9,False,20180830,2,22.09,20.69,local_fit,0.633,observed,-3.0,28.0,19.88,28.0,False,O,22.09,feldpausch,26.101,21.160594268749183,0.7944,280.0581,280.0581,368.3207,234.1481,234.1481,307.9417,
TAP_A01,021a,Protium robustum,Burseraceae,726242.362475696,9682957.14958448,O,12.5,False,,,20151210.0,,,,,True,20180830,2,,12.96,local_fit,0.167,site_median,-3.0,,,12.5,False,O,,feldpausch,11.999,,0.5773,,,,,,,
TAP_A01,021b,Virola sebifera,Myristicaceae,726259.7718836399,9682963.3867072,O,14.8,False,,,20151210.0,,,,26.1,False,20180830,2,20.34,14.29,local_fit,3.767,observed,-3.0,14.8,9.85,14.8,False,O,20.34,feldpausch,3.4990000000000006,6.96648314381619,0.4454,74.4324,74.4324,55.6471,1.5668,1.5668,1.1714,
TAP_A01,022a,,,726242.21372288,9682957.5369344,O,49.7,True,,22.1,20151210.0,,,,,True,20180830,2,,22.1,measured,0.167,site_median,-3.0,,,49.7,True,O,22.1,measured,49.199000000000005,21.988557813390866,0.6697,858.7667,625.8714,625.8714,837.8058,610.7858,610.7858,
TAP_A01,022b,Couratari stellata,Lecythidaceae,726262.22508676,9682965.2045188,O,56.0,False,27.27,36.1,20151210.0,,,,,True,20180830,2,,36.1,measured,0.167,site_median,-3.0,,,56.0,False,O,36.1,measured,55.499,35.94724686920286,0.6331,1750.0512,1750.0512,1844.3392,1712.5173,1712.5173,1804.7831,
TAP_A01,023a,Duguetia surinamensis,Annonaceae,726234.2644324,9682956.401332,O,21.7,False,,,20151210.0,,,,19.4,False,20180830,2,16.83,17.85,local_fit,0.0,observed,-3.0,19.4,17.85,21.7,False,O,16.83,feldpausch,21.7,16.83,0.8,130.5835,130.5835,172.9133,130.5835,130.5835,172.9133,
TAP_A01,023b,Vochysia guianensis,Vochysiaceae,726261.7327034238,9682966.03262112,O,37.0,False,19.77,30.93,20151210.0,,,,,True,20180830,2,,30.93,measured,0.167,site_median,-3.0,,,37.0,False,O,30.93,measured,36.499,30.694999164397174,0.5087,670.1951,670.1951,570.4693,647.7555,647.7555,551.3688,
TAP_A01,024a,Pouteria gongrijpii,Sapotaceae,726238.19808272,9682959.7868636,O,40.5,False,,16.87,20151210.0,,,,39.8,False,20180830,2,26.0,16.87,measured,0.0,observed,-3.0,39.8,16.87,40.5,False,O,16.87,measured,40.5,16.87,0.7994,442.4633,442.4633,585.4629,442.4633,442.4633,585.4629,
TAP_A01,024b,Pouteria macrophylla,Sapotaceae,726264.239728448,9682967.12381024,O,27.6,False,,,20151210.0,,,,,True,20180830,2,,20.52,local_fit,0.167,site_median,-3.0,,,27.6,False,O,,feldpausch,27.099,,0.737,,,,,,,
TAP_A01,025a,,,726233.99356752,9682959.7499976,L,22.5,False,,,20151210.0,,,,,True,20180830,2,,18.23,local_fit,0.167,site_median,-3.0,,,22.5,False,L,,feldpausch,21.999,,0.6697,,,,,,,
TAP_A01,025b,,,726264.52764328,9682969.3052104,O,15.1,False,,,20151210.0,,,,16.1,False,20180830,2,14.85,14.46,local_fit,0.333,observed,-3.0,15.1,13.84,15.1,False,O,14.85,feldpausch,14.100999999999999,14.164252879780435,0.6697,56.9415,56.9415,63.3904,47.5731,47.5731,52.961,
TAP_A01,026a,Couratari stellata,Lecythidaceae,726234.9022454,9682960.125542002,O,46.0,False,,44.77,20151210.0,,,,,True,20180830,2,,44.77,measured,0.167,site_median,-3.0,,,46.0,False,O,44.77,measured,45.499,44.5178570955662,0.6331,1470.7111,1470.7111,1549.9491,1431.6924,1431.6924,1508.8282,
TAP_A01,026b,Quiina florida,Ochnaceae,726264.856264868,9682970.46790284,O,11.0,False,,,20151210.0,,,,11.8,False,20180830,2,11.96,12.03,local_fit,0.267,observed,-3.0,11.0,11.45,11.0,False,O,11.96,feldpausch,10.199,11.326426627311367,0.728,24.8385,24.8385,29.9978,20.3217,20.3217,24.5428,
TAP_A01,027a,Ormosia nobilis,Fabaceae,726233.60304896,9682960.7382048,O,24.7,False,,,20151210.0,,,,26.1,False,20180830,2,20.34,19.24,local_fit,0.467,observed,-3.0,24.7,18.59,24.7,False,O,20.34,feldpausch,23.299,19.605396721960876,0.58,202.2813,202.2813,195.6977,174.1252,174.1252,168.4581,
TAP_A01,027b,Chamaecrista xinguensis,Fabaceae,726256.12845856,9682967.8428528,O,41.2,False,13.79,24.84,20151210.0,,,,41.7,False,20180830,2,26.66,24.84,measured,0.167,observed,-3.0,41.2,24.68,41.2,False,O,24.84,measured,40.699000000000005,24.676881306333012,0.9035,667.4335,667.4335,995.2181,647.5055,647.5055,965.5032,
TAP_A01,028a,Chamaecrista scleroxylon,Fabaceae,726231.9053468799,9682962.3475744,O,10.5,False,,,20151210.0,,,,,True,20180830,2,,11.71,local_fit,0.167,site_median,-3.0,,,10.5,False,O,,feldpausch,9.999,,0.955,,,,,,,
TAP_A01,028b,Quiina florida,Ochnaceae,726254.89315876,9682968.3875188,O,13.5,False,,,20151210.0,,,,13.7,False,20180830,2,13.29,13.55,local_fit,0.067,observed,-3.0,13.5,13.41,13.5,False,O,13.29,feldpausch,13.299,13.151339984795385,0.728,41.0613,41.0613,49.5904,39.4703,39.4703,47.6689,
TAP_A01,029a,Diospyros guianensis,Ebenaceae,726236.48867168,9682964.1827984,O,19.0,False,,,20151210.0,,,,,True,20180830,2,,16.52,local_fit,0.167,site_median,-3.0,,,19.0,False,O,,feldpausch,18.499,,0.73,,,,,,,
TAP_A01,029b,Quiina florida,Ochnaceae,726257.6191924,9682969.514152,O,11.6,False,,,20151210.0,,,,9.2,False,20180830,2,10.0,12.41,local_fit,0.0,observed,-3.0,9.2,12.41,11.6,False,O,10.0,feldpausch,11.6,10.0,0.728,23.1357,23.1357,27.9413,23.1357,23.1357,27.9413,
TAP_A01,030a,Quiina florida,Ochnaceae,726241.0980767598,9682960.4420588,O,12.8,False,,,20151210.0,,,,,True,20180830,2,,13.14,local_fit,0.167,site_median,-3.0,,,12.8,False,O,,feldpausch,12.299000000000001,,0.728,,,,,,,
TAP_A01,030b,Quiina florida,Ochnaceae,726257.8906006,9682971.713118,O,11.6,False,,,20151210.0,,,,12.1,False,20180830,2,12.18,12.41,local_fit,0.167,observed,-3.0,11.6,12.04,11.6,False,O,12.18,feldpausch,11.099,11.801926751858316,0.728,28.0462,28.0462,33.8719,24.9506,24.9506,30.1332,
TAP_A01,031a,Ocotea canaliculata,Lauraceae,726240.8937708798,9682963.719894402,O,42.6,False,,26.15,20151210.0,,,,,True,20180830,2,,26.15,measured,0.167,site_median,-3.0,,,42.6,False,O,26.15,measured,42.099000000000004,25.986016578233954,0.4793,749.0669,749.0669,601.6547,727.4869,727.4869,584.3215,
TAP_A01,031b,Virola sebifera,Myristicaceae,726259.43654816,9682970.2652408,O,10.5,False,,,20151210.0,,,,11.5,False,20180830,2,11.75,11.71,local_fit,0.333,observed,-3.0,10.5,10.96,10.5,False,O,11.75,feldpausch,9.501,10.928947779222234,0.4454,22.2935,22.2935,16.6671,17.0891,17.0891,12.7761,
TAP_A01,032a,Copaifera reticulata,Fabaceae,726241.26087152,9682968.3048176,O,98.6,False,,24.82,20151210.0,,,,,True,20180830,2,,24.82,measured,0.167,site_median,-3.0,,,98.6,False,O,24.82,measured,98.09899999999999,24.778860726709475,0.6075,3662.9835,3662.9835,3707.6652,3620.8733,3620.8733,3665.0414,
TAP_A01,032b,Chamaecrista xinguensis,Fabaceae,726258.03029824,9682972.8083512,O,16.6,False,,,20151210.0,,,,17.8,False,20180830,2,15.89,15.28,local_fit,0.4,observed,-3.0,16.6,14.58,16.6,False,O,15.89,feldpausch,15.400000000000002,15.098372476906231,0.9035,73.1827,73.1827,109.1236,60.1363,60.1363,89.67,
TAP_A01,033a,Chamaecrista scleroxylon,Fabaceae,726242.1828611998,9682968.666196,O,17.3,False,,,20151210.0,,,,17.5,False,20180830,2,15.71,15.65,local_fit,0.067,observed,-3.0,17.3,15.53,17.3,False,O,15.71,feldpausch,17.099,15.586942693346606,0.955,78.4503,78.4503,123.4816,76.0947,76.0947,119.7738,
TAP_A01,033b,Maytenus myrsinoides,Celastraceae,726255.6914091998,9682975.001416,O,57.5,False,24.37,33.12,20151210.0,,,,57.3,False,20180830,2,31.27,33.12,measured,0.0,observed,-3.0,57.3,33.12,57.5,False,O,33.12,measured,57.5,33.12,0.75,1694.1056,1694.1056,2106.3215,1694.1056,1694.1056,2106.3215,
TAP_A01,034a,,,726242.74628064,9682969.9817832,L,12.3,False,,,20151210.0,,,,13.1,False,20180830,2,12.88,12.84,local_fit,0.267,observed,-3.0,12.3,12.28,12.3,False,L,12.88,feldpausch,11.499,12.278572993925737,0.6697,33.2073,33.2073,36.9682,27.7893,27.7893,30.9366,
TAP_A01,034b,Tachigali myrmecophila,Fabaceae,726252.25888452,9682975.7718676,O,42.8,False,2.27,3.85,20151210.0,,,,58.3,False,20180830,2,31.52,3.85,measured,5.0,observed,-3.0,43.3,3.32,42.8,False,O,3.85,measured,27.799999999999997,3.0101742656370667,0.476,116.5329,116.5329,92.9645,39.4768,39.4768,31.4927,
TAP_A01,035a,Tetragastris panamensis,Burseraceae,726231.7993958,9682968.008534,O,11.2,False,,,20151210.0,,,,,True,20180830,2,,12.16,local_fit,0.167,site_median,-3.0,,,11.2,False,O,,feldpausch,10.699,,0.7173,,,,,,,
TAP_A01,035b,"Pouteria sp,",Sapotaceae,726250.8100336879,9682979.83325944,O,14.5,False,,,20151210.0,,,,19.7,False,20180830,2,17.0,14.13,local_fit,1.733,observed,-3.0,14.5,11.49,14.5,False,O,17.0,feldpausch,9.301,12.393836695037972,0.7187,60.0301,60.0301,71.598,18.5353,18.5353,22.1071,
TAP_A01,036a,,,726231.48911084,9682968.7968332,O,16.8,True,,,20151210.0,,,,,True,20180830,2,,15.38,local_fit,0.167,site_median,-3.0,,,16.8,True,O,,feldpausch,16.299,,0.6697,,,,,,,
TAP_A01,036b,Protium paniculatum,Burseraceae,726247.9644023459,9682983.31000198,O,27.3,False,,,20151210.0,,,,27.7,False,20180830,2,21.09,20.39,local_fit,0.133,observed,-3.0,27.3,20.22,27.3,False,O,21.09,feldpausch,26.901,20.900917048873257,0.49,254.7704,254.7704,209.0762,245.3861,245.3861,201.3751,
TAP_A01,037a,"Diplotropis sp,",Fabaceae,726234.76488932,9682971.3681316,O,12.0,False,,,20151210.0,,,,12.4,False,20180830,2,12.39,12.66,local_fit,0.133,observed,-3.0,12.0,12.37,12.0,False,O,12.39,feldpausch,11.600999999999999,12.095727994705657,0.7378,30.4691,30.4691,37.279,27.8615,27.8615,34.0885,
TAP_A01,037b,Marlierea velutina,Myrtaceae,726258.18609104,9682986.1281352,O,15.6,False,,,20151210.0,,,,15.9,False,20180830,2,14.73,14.74,local_fit,0.1,observed,-3.0,15.6,14.55,15.6,False,O,14.73,feldpausch,15.299999999999999,14.535432917768857,0.945,60.2013,60.2013,93.7889,57.2148,57.2148,89.1362,
TAP_A01,038a,Hymenaea courbaril,Fabaceae,726235.3256464,9682972.686552,O,14.4,False,,,20151210.0,,,,14.6,False,20180830,2,13.89,14.07,local_fit,0.067,observed,-3.0,14.4,13.94,14.4,False,O,13.89,feldpausch,14.199,13.755393075459773,0.7924,48.6252,48.6252,63.7865,46.8616,46.8616,61.4731,
TAP_A01,038b,Marlierea velutina,Myrtaceae,726258.125026432,9682986.30764416,O,12.6,False,,,20151210.0,,,,12.7,False,20180830,2,12.6,13.02,local_fit,0.033,observed,-3.0,12.6,12.95,12.6,False,O,12.6,feldpausch,12.501,12.530092720270178,0.945,34.0679,34.0679,53.0752,33.3657,33.3657,51.9812,
TAP_A01,039a,Nectandra cuspidata,Lauraceae,726234.9511019998,9682973.657760002,O,20.4,False,,,20151210.0,,,,23.2,False,20180830,2,18.89,17.22,local_fit,0.933,observed,-3.0,20.4,15.85,20.4,False,O,18.89,feldpausch,17.601,17.133510055029344,0.518,129.5571,129.5571,112.2461,88.3047,88.3047,76.5057,
TAP_A01,039b,Nectandra cuspidata,Lauraceae,726258.98603634,9682986.9057042,O,17.0,False,,,20151210.0,,,,18.6,False,20180830,2,16.36,15.49,local_fit,0.533,observed,-3.0,17.0,14.59,17.0,False,O,16.36,feldpausch,15.401,15.297580643118458,0.518,78.8768,78.8768,68.3376,60.9183,60.9183,52.7786,
TAP_A01,040a,Cordia scabrifolia,Boraginaceae,726227.97353768,9682972.2579784,O,13.5,False,,,20151210.0,,,,,True,20180830,2,,13.55,local_fit,0.167,site_median,-3.0,,,13.5,False,O,,feldpausch,12.999,,0.474,,,,,,,
TAP_A01,040b,,,726260.3480093998,9682982.879502,O,32.0,True,,,20151210.0,,,,,True,20180830,2,,22.36,local_fit,0.167,site_median,-3.0,,,32.0,True,O,,feldpausch,31.499,,0.6697,,,,,,,
TAP_A01,041b,,,726260.445496178,9682983.216054687,O,11.0,True,,,20151210.0,,,,,True,20180830,2,,12.03,local_fit,0.167,site_median,-3.0,,,11.0,True,O,,feldpausch,10.499,,0.6697,,,,,,,
TAP_A01,042a,Maquira coriacea,Moraceae,726235.3554756799,9682978.2030184,O,56.2,False,17.34,27.47,20151210.0,,,,44.9,False,20180830,2,27.72,27.47,measured,0.0,observed,-3.0,44.9,27.47,56.2,False,O,27.47,measured,56.2,27.47,0.5112,1349.8081,1349.8081,1154.4658,1349.8081,1349.8081,1154.4658,
TAP_A01,042b,Dipteryx odorata,Fabaceae,726261.88863224,9682981.4372912,O,14.5,False,,,20151210.0,,,,14.9,False,20180830,2,14.08,14.13,local_fit,0.133,observed,-3.0,14.5,13.87,14.5,False,O,14.08,feldpausch,14.100999999999999,13.810439372292043,0.9228,49.9444,49.9444,76.021,46.4129,46.4129,70.6457,
TAP_A01,043a,Couratari stellata,Lecythidaceae,726238.2093026,9682979.193658002,O,15.9,False,,,20151210.0,,,,13.8,False,20180830,2,13.36,14.9,local_fit,0.0,observed,-3.0,13.8,14.9,15.9,False,O,13.36,feldpausch,15.9,13.36,0.6331,56.8035,56.8035,59.8639,56.8035,56.8035,59.8639,
TAP_A01,043b,Chamaecrista xinguensis,Fabaceae,726264.84502052,9682988.4396276,O,17.7,False,,,20151210.0,,,,,True,20180830,2,,15.86,local_fit,0.167,site_median,-3.0,,,17.7,False,O,,feldpausch,17.198999999999998,,0.9035,,,,,,,
TAP_A01,044a,Lacmellea aculeata,Apocynaceae,726239.51914848,9682978.5696624,O,18.1,False,,,20151210.0,,,,,True,20180830,2,,16.06,local_fit,0.167,site_median,-3.0,,,18.1,False,O,,feldpausch,17.599,,0.5048,,,,,,,
TAP_A01,044b,Quiina florida,Ochnaceae,726267.6431075518,9682989.60410976,O,13.3,False,,,20151210.0,,,,13.7,False,20180830,2,13.29,13.44,local_fit,0.133,observed,-3.0,13.3,13.17,13.3,False,O,13.29,feldpausch,12.901,13.009109670485456,0.728,39.8822,39.8822,48.1664,36.8047,36.8047,44.4496,
TAP_A01,045a,Eschweilera coriacea,Lecythidaceae,726241.76962056,9682978.2872128,O,12.5,False,,,20151210.0,,,,13.0,False,20180830,2,12.81,12.96,local_fit,0.167,observed,-3.0,12.5,12.61,12.5,False,O,12.81,feldpausch,11.999,12.44456864269187,0.8521,34.0876,34.0876,48.0034,30.5951,30.5951,43.0851,
TAP_A01,045b,Protium paniculatum,Burseraceae,726270.633888068,9682990.16269284,O,12.7,False,,,20151210.0,,,,13.0,False,20180830,2,12.81,13.08,local_fit,0.1,observed,-3.0,12.7,12.87,12.7,False,O,12.81,feldpausch,12.399999999999999,12.595819902885648,0.49,35.1604,35.1604,28.8542,33.0096,33.0096,27.0892,
TAP_A01,046a,Duguetia surinamensis,Annonaceae,726242.12286608,9682977.3386704,O,18.4,False,,,20151210.0,,,,18.6,False,20180830,2,16.36,16.22,local_fit,0.067,observed,-3.0,18.4,16.11,18.4,False,O,16.36,feldpausch,18.198999999999998,16.24082397401199,0.8,92.0529,92.0529,121.8927,89.4596,89.4596,118.4587,
TAP_A01,046b,,,726269.666892032,9682987.22908416,O,29.7,True,,,20151210.0,,,,,True,20180830,2,,21.41,local_fit,0.167,site_median,-3.0,,,29.7,True,O,,feldpausch,29.198999999999998,,0.6697,,,,,,,
TAP_A01,047a,Duguetia surinamensis,Annonaceae,726241.979346844,9682980.60908172,O,20.8,False,,,20151210.0,,,,21.3,False,20180830,2,17.88,17.41,local_fit,0.167,observed,-3.0,20.8,17.15,20.8,False,O,17.88,feldpausch,20.299,17.598377512038628,0.8,127.5355,127.5355,168.8773,119.7381,119.7381,158.5524,
TAP_A01,047b,Protium hebetatum,Burseraceae,726268.3513340598,9682984.1293918,O,20.4,False,,,20151210.0,,,,,True,20180830,2,,17.22,local_fit,0.167,site_median,-3.0,,,20.4,False,O,,feldpausch,19.898999999999997,,0.5773,,,,,,,
TAP_A01,048a,Terminalia amazonia,Combretaceae,726246.15944144,9682980.9009872,O,40.4,False,26.21,38.7,20151210.0,,,,41.7,False,20180830,2,26.66,38.7,measured,0.433,observed,-3.0,40.4,38.05,40.4,False,O,38.7,measured,39.101,38.017546001637136,0.6735,990.2002,990.2002,1108.4214,913.0107,913.0107,1022.0161,
TAP_A01,048b,Chamaecrista xinguensis,Fabaceae,726269.67373452,9682980.0307756,O,48.4,False,,,20151210.0,,,,50.0,False,20180830,2,29.28,28.42,local_fit,0.533,observed,-3.0,48.4,27.96,48.4,False,O,29.28,feldpausch,46.801,28.78522106995118,0.9035,1073.1297,1073.1297,1600.1565,988.4352,988.4352,1473.8676,
TAP_A01,049a,"Pouteria sp,",Sapotaceae,726244.59558472,9682970.6988736,O,17.2,False,,,20151210.0,,,,18.1,False,20180830,2,16.07,15.6,local_fit,0.3,observed,-3.0,17.2,15.08,17.2,False,O,16.07,feldpausch,16.3,15.49668242692908,0.7187,79.3019,79.3019,94.5835,68.9166,68.9166,82.1969,
TAP_A01,049b,Chamaecrista xinguensis,Fabaceae,726273.073257664,9682979.12365432,O,31.7,False,,,20151210.0,,,,33.7,False,20180830,2,23.69,22.23,local_fit,0.667,observed,-3.0,31.7,21.45,31.7,False,O,23.69,feldpausch,29.698999999999998,22.79368455646594,0.9035,382.0356,382.0356,569.6579,323.9513,323.9513,483.0477,
TAP_A01,050a,Quiina florida,Ochnaceae,726244.410654312,9682970.62716456,O,11.5,False,,,20151210.0,,,,12.4,False,20180830,2,12.39,12.35,local_fit,0.3,observed,-3.0,11.5,11.71,11.5,False,O,12.39,feldpausch,10.6,11.687267299939199,0.728,28.0402,28.0402,33.8645,22.5915,22.5915,27.2841,
TAP_A01,050b,Quiina florida,Ochnaceae,726273.10899645,9682977.3836235,O,15.0,False,,,20151210.0,,,,15.9,False,20180830,2,14.73,14.41,local_fit,0.3,observed,-3.0,15.0,13.84,15.0,False,O,14.73,feldpausch,14.1,14.11343046099493,0.728,55.7644,55.7644,67.3475,47.3999,47.3999,57.2456,
TAP_A01,051a,Pouteria gongrijpii,Sapotaceae,726248.1844928,9682966.701584,O,16.0,False,,,20151210.0,,,,15.9,False,20180830,2,14.73,14.96,local_fit,0.0,observed,-3.0,15.9,14.96,16.0,False,O,14.73,feldpausch,16.0,14.73,0.7994,63.2512,63.2512,83.6934,63.2512,63.2512,83.6934,
TAP_A01,051b,Eschweilera coriacea,Lecythidaceae,726265.05579904,9682978.2323832,O,12.7,False,,,20151210.0,,,,12.9,False,20180830,2,12.74,13.08,local_fit,0.067,observed,-3.0,12.7,12.94,12.7,False,O,12.74,feldpausch,12.498999999999999,12.597522775459424,0.8521,34.9728,34.9728,49.25,33.5305,33.5305,47.2187,
TAP_A01,052a,Chamaecrista scleroxylon,Fabaceae,726246.71505784,9682965.0076192,O,45.2,False,13.55,30.53,20151210.0,,,,46.1,False,20180830,2,28.1,30.53,measured,0.3,observed,-3.0,45.2,30.23,45.2,False,O,30.53,measured,44.300000000000004,30.212131542188526,0.955,978.1023,978.1023,1539.5434,930.8887,930.8887,1465.2288,
TAP_A01,052b,"Pouteria sp,",Sapotaceae,726266.08715664,9682975.1306412,O,47.5,False,15.19,20.96,20151210.0,,,,48.7,False,20180830,2,28.9,20.96,measured,0.4,observed,-3.0,47.5,20.7,47.5,False,O,20.96,measured,46.3,20.68800700546666,0.7187,746.5253,746.5253,890.3814,701.1585,701.1585,836.2724,
TAP_A01,053a,Quiina florida,Ochnaceae,726247.6237357198,9682965.3831636,O,14.6,False,,,20151210.0,,,,14.8,False,20180830,2,14.02,14.18,local_fit,0.067,observed,-3.0,14.6,14.05,14.6,False,O,14.02,feldpausch,14.399,13.886269016723535,0.728,50.4085,50.4085,60.8791,48.6059,48.6059,58.7021,
TAP_A01,053b,Licania canescens,Chrysobalanaceae,726268.37865252,9682974.4609576,O,41.8,False,15.98,31.23,20151210.0,,,,41.8,False,20180830,2,26.7,31.23,measured,0.0,observed,-3.0,41.8,31.23,41.8,False,O,31.23,measured,41.8,31.23,0.88,858.4185,858.4185,1247.4941,858.4185,858.4185,1247.4941,
TAP_A01,054a,Quiina florida,Ochnaceae,726248.8803344,9682964.815832,O,10.9,False,,,20151210.0,,,,11.5,False,20180830,2,11.75,11.97,local_fit,0.2,observed,-3.0,10.9,11.51,10.9,False,O,11.75,feldpausch,10.3,11.280709137720489,0.728,23.9814,23.9814,28.9627,20.6348,20.6348,24.9209,
TAP_A01,054b,Zygia racemosa,Fabaceae,726269.3913736,9682971.379048,O,22.5,False,,,20151210.0,,,,22.9,False,20180830,2,18.73,18.23,local_fit,0.133,observed,-3.0,22.5,18.04,22.5,False,O,18.73,feldpausch,22.101,18.51666578552725,0.748,155.5671,155.5671,192.9169,148.5573,148.5573,184.2241,
TAP_A01,055a,Lecythis lurida,Lecythidaceae,726249.7863499199,9682965.194209602,O,10.1,False,,,20151210.0,,,,15.0,False,20180830,2,14.15,11.45,local_fit,1.633,observed,-3.0,10.1,8.66,10.1,False,O,14.15,feldpausch,5.201,8.626003516589902,0.8633,24.7762,24.7762,35.3402,4.1842,4.1842,5.9683,
TAP_A01,055b,Dialium guianense,Fabaceae,726270.953857552,9682966.624101762,O,20.6,False,,,20151210.0,,,,21.3,False,20180830,2,17.88,17.32,local_fit,0.233,observed,-3.0,20.6,16.95,20.6,False,O,17.88,feldpausch,19.901,17.4814187133371,0.8964,125.1527,125.1527,185.1821,114.4509,114.4509,169.3473,
TAP_A01,056a,,,726253.745021,9682965.77901,O,49.1,True,,,20151210.0,,,,,True,20180830,2,,28.66,local_fit,0.167,site_median,-3.0,,,49.1,True,O,,feldpausch,48.599000000000004,,0.6697,,,,,,,
TAP_A01,056b,Quiina florida,Ochnaceae,726269.9473808,9682963.521264002,O,13.5,False,,,20151210.0,,,,13.8,False,20180830,2,13.36,13.55,local_fit,0.1,observed,-3.0,13.5,13.34,13.5,False,O,13.36,feldpausch,13.2,13.151616292859327,0.728,41.2724,41.2724,49.8453,38.8996,38.8996,46.9796,
TAP_A01,057a,Quiina florida,Ochnaceae,726251.93831468,9682965.0165884,O,15.8,False,,,20151210.0,,,,16.2,False,20180830,2,14.91,14.85,local_fit,0.133,observed,-3.0,15.8,14.6,15.8,False,O,14.91,feldpausch,15.401,14.651516561190853,0.728,62.453,62.453,75.4255,58.406,58.406,70.5378,
TAP_A01,057b,Pouteria gongrijpii,Sapotaceae,726270.2420544,9682962.635052,O,11.8,False,,,20151210.0,,,,12.7,False,20180830,2,12.6,12.53,local_fit,0.3,observed,-3.0,11.8,11.89,11.8,False,O,12.6,feldpausch,10.9,11.905865833052488,0.7994,29.9734,29.9734,39.6605,24.2918,24.2918,32.1427,
TAP_A01,058a,Quiina florida,Ochnaceae,726249.5761759998,9682962.93008,O,12.2,False,,,20151210.0,,,,13.0,False,20180830,2,12.81,12.78,local_fit,0.267,observed,-3.0,12.2,12.22,12.2,False,O,12.81,feldpausch,11.399,12.206275129525908,0.728,32.509,32.509,39.2616,27.1625,27.1625,32.8046,
TAP_A01,058b,Virola sebifera,Myristicaceae,726275.0194282999,9682976.219139,O,14.5,False,,,20151210.0,,,,15.7,False,20180830,2,14.6,14.13,local_fit,0.4,observed,-3.0,14.5,13.38,14.5,False,O,14.6,feldpausch,13.3,13.748450105046729,0.4454,51.7439,51.7439,38.6848,41.2244,41.2244,30.8202,
TAP_A01,059a,,,726249.37665152,9682960.6546176,O,11.7,False,,,20151210.0,,,,11.8,False,20180830,2,11.96,12.47,local_fit,0.033,observed,-3.0,11.7,12.4,11.7,False,O,11.96,feldpausch,11.600999999999999,11.887862780171302,0.6697,28.0172,28.0172,31.1903,27.3941,27.3941,30.4966,
TAP_A01,059b,Marlierea velutina,Myrtaceae,726276.5969,9682974.4514,O,13.8,False,,,20151210.0,,,,15.4,False,20180830,2,14.41,13.73,local_fit,0.533,observed,-3.0,13.8,12.73,13.8,False,O,14.41,feldpausch,12.201,13.21626680083745,0.945,46.3832,46.3832,72.2614,33.5202,33.5202,52.2219,
TAP_A01,060a,Quiina florida,Ochnaceae,726252.203159,9682958.61391,O,10.7,False,,,20151210.0,,,,11.4,False,20180830,2,11.67,11.84,local_fit,0.233,observed,-3.0,10.7,11.31,10.7,False,O,11.67,feldpausch,10.001,11.114575240286072,0.728,22.9762,22.9762,27.7488,19.2016,19.2016,23.19,
TAP_A01,060b,Marlierea velutina,Myrtaceae,726278.70597145,9682963.226842048,O,12.1,False,,,20151210.0,,,,12.7,False,20180830,2,12.6,12.72,local_fit,0.2,observed,-3.0,12.1,12.3,12.1,False,O,12.6,feldpausch,11.5,12.152607188217976,0.945,31.4789,31.4789,49.0417,27.5157,27.5157,42.8673,
TAP_A01,061a,Poeppigia procera,Fabaceae,726254.6577844399,9682957.5415772,O,17.0,False,,,20151210.0,,,,17.5,False,20180830,2,15.71,15.49,local_fit,0.167,observed,-3.0,17.0,15.19,17.0,False,O,15.71,feldpausch,16.499,15.395542856335686,0.735,75.8167,75.8167,92.4242,70.119,70.119,85.4784,
TAP_A01,061b,Theobroma glaucum,Malvaceae,726276.8959289598,9682960.7462448,O,14.4,False,,,20151210.0,,,,15.0,False,20180830,2,14.15,14.07,local_fit,0.2,observed,-3.0,14.4,13.68,14.4,False,O,14.15,feldpausch,13.8,13.738053259350602,0.5297,49.5134,49.5134,43.8441,44.271,44.271,39.202,
TAP_A01,062a,Eschweilera coriacea,Lecythidaceae,726251.2698005838,9682955.54778792,O,19.5,False,,,20151210.0,,,,20.1,False,20180830,2,17.22,16.77,local_fit,0.2,observed,-3.0,19.5,16.44,19.5,False,O,17.22,feldpausch,18.9,16.868562720524604,0.8521,108.3869,108.3869,152.6341,99.9407,99.9407,140.7399,
TAP_A01,062b,Virola sebifera,Myristicaceae,726279.901791587,9682959.43471754,O,14.2,False,,,20151210.0,,,,15.9,False,20180830,2,14.73,13.96,local_fit,0.567,observed,-3.0,14.2,12.91,14.2,False,O,14.73,feldpausch,12.498999999999999,13.47197754311974,0.4454,50.1064,50.1064,37.4606,35.8003,35.8003,26.765,
TAP_A01,063a,Tachigali paniculata,Fabaceae,726255.1429088,9682947.844064,O,62.8,False,20.85,36.35,20151210.0,,,,,True,20180830,2,,36.35,measured,0.167,site_median,-3.0,,,62.8,False,O,36.35,measured,62.299,36.22083445226515,0.5545,2203.5871,2203.5871,2040.3399,2161.8781,2161.8781,2001.7207,
TAP_A01,063b,,,726277.73202728,9682958.1386064,O,39.5,True,,19.83,20151210.0,,,,,True,20180830,2,,19.83,measured,0.167,site_median,-3.0,,,39.5,True,O,19.83,measured,38.999,19.69205987736423,0.6697,493.4069,361.7959,361.7959,477.9971,350.6683,350.6683,
TAP_A01,064a,Quiina florida,Ochnaceae,726254.13321376,9682945.0882288,O,10.5,False,,,20151210.0,,,,11.1,False,20180830,2,11.45,11.71,local_fit,0.2,observed,-3.0,10.5,11.25,10.5,False,O,11.45,feldpausch,9.9,10.973144014715247,0.728,21.7378,21.7378,26.2531,18.591,18.591,22.4527,
TAP_A01,064b,,,726276.8765966,9682957.706398,O,26.2,True,,,20151210.0,,,,,True,20180830,2,,19.91,local_fit,0.167,site_median,-3.0,,,26.2,True,O,,feldpausch,25.698999999999998,,0.6697,,,,,,,
TAP_A01,065a,Couratari stellata,Lecythidaceae,726257.03677716,9682945.4533108,O,14.6,False,,,20151210.0,,,,15.2,False,20180830,2,14.28,14.18,local_fit,0.2,observed,-3.0,14.6,13.79,14.6,False,O,14.28,feldpausch,14.0,13.87082197297139,0.6331,51.3207,51.3207,54.0857,45.9615,45.9615,48.4378,
TAP_A01,065b,Pouteria gongrijpii,Sapotaceae,726279.069784592,9682953.96638496,O,11.2,False,,,20151210.0,,,,12.4,False,20180830,2,12.39,12.16,local_fit,0.4,observed,-3.0,11.2,11.32,11.2,False,O,12.39,feldpausch,10.0,11.419217876652635,0.7994,26.63,26.63,35.2366,19.7112,19.7112,26.0817,
TAP_A01,066a,Lecythis idatimon,Lecythidaceae,726258.2294791999,9682944.953976,O,10.0,False,,,20151210.0,,,,10.2,False,20180830,2,10.78,11.39,local_fit,0.067,observed,-3.0,10.0,11.22,10.0,False,O,10.78,feldpausch,9.799,10.622415899021906,0.7986,18.6336,18.6336,24.6308,17.6539,17.6539,23.3359,
TAP_A01,066b,Maquira coriacea,Moraceae,726281.5977386478,9682955.30380824,O,60.5,False,21.56,32.6,20151210.0,,,,63.0,False,20180830,2,32.64,32.6,measured,0.833,observed,-3.0,60.5,32.02,60.5,False,O,32.6,measured,58.001,31.976829946450238,0.5112,1842.2457,1842.2457,1575.6386,1664.9688,1664.9688,1424.0169,
TAP_A01,067b,Quiina florida,Ochnaceae,726282.1303654799,9682952.3675764,O,12.6,False,,,20151210.0,,,,13.1,False,20180830,2,12.88,13.02,local_fit,0.167,observed,-3.0,12.6,12.67,12.6,False,O,12.88,feldpausch,12.099,12.515877974900839,0.728,34.8066,34.8066,42.0365,31.2687,31.2687,37.7637,
TAP_A01,068b,Theobroma glaucum,Malvaceae,726282.094623424,9682950.62662312,O,16.2,False,,,20151210.0,,,,16.6,False,20180830,2,15.16,15.06,local_fit,0.133,observed,-3.0,16.2,14.81,16.2,False,O,15.16,feldpausch,15.800999999999998,14.904715324851907,0.5297,66.6494,66.6494,59.0181,62.4391,62.4391,55.2899,
TAP_A01,069b,Pouteria guianensis,Sapotaceae,726280.1567124078,9682950.576455042,O,10.5,False,,,20151210.0,,,,12.1,False,20180830,2,12.18,11.71,local_fit,0.533,observed,-3.0,10.5,10.58,10.5,False,O,12.18,feldpausch,8.901,10.801529959762746,0.9295,23.0895,23.0895,35.3956,14.8747,14.8747,22.8025,
TAP_A01,070b,Tachigali myrmecophila,Fabaceae,726281.132160448,9682947.53421024,O,12.2,False,,,20151210.0,,,,13.1,False,20180830,2,12.88,12.78,local_fit,0.3,observed,-3.0,12.2,12.15,12.2,False,O,12.88,feldpausch,11.299999999999999,12.196754811156316,0.476,32.6823,32.6823,26.0724,26.6836,26.6836,21.2869,
TAP_A01,001a,Maquira coriacea,Moraceae,727908.11426496,9683087.4220928,O,24.3,False,16.59,24.94,20151211.0,,,,32.5,False,20180830,3,23.2,24.94,measured,2.733,observed,-3.0,24.3,20.91,24.3,False,O,24.94,measured,16.101,19.043048288700234,0.5112,239.0755,239.0755,204.4768,82.2736,82.2736,70.367,
TAP_A01,001b,Quiina florida,Ochnaceae,727907.09506528,9683134.487750402,O,11.2,False,,,20151211.0,,,,25.5,False,20180830,3,20.05,12.16,local_fit,4.767,observed,-3.0,11.2,6.99,11.2,False,O,20.05,feldpausch,1.0,3.081666353329235,0.728,42.5989,42.5989,51.4473,0.0613,0.0613,0.074,
TAP_A01,002a,Virola michelii,Myristicaceae,727911.2008182,9683088.247706,O,32.0,False,20.33,24.14,20151211.0,,,,,True,20180830,3,,24.14,measured,0.167,site_median,-3.0,,,32.0,False,O,24.14,measured,31.499,23.917903950249837,0.4701,396.3374,396.3374,312.3702,380.8638,380.8638,300.1749,
TAP_A01,002b,Quiina florida,Ochnaceae,727916.6803788,9683116.570644,O,13.8,False,,,20151211.0,,,,15.0,False,20180830,3,14.15,13.73,local_fit,0.4,observed,-3.0,13.8,12.96,13.8,False,O,14.15,feldpausch,12.600000000000001,13.27619288902842,0.728,45.5662,45.5662,55.031,35.8512,35.8512,43.2981,
TAP_A01,003a,,,727910.8389864,9683089.154812,O,85.0,True,,35.7,20151211.0,,,,,True,20180830,3,,35.7,measured,0.167,site_median,-3.0,,,85.0,True,O,35.7,measured,84.499,35.622784519194795,0.6697,3909.2245,2710.0663,2710.0663,3856.216,2673.4742,2673.4742,
TAP_A01,003b,Brosimum guianense,Moraceae,727931.3880296,9683094.690188,O,11.0,False,,,20151211.0,,,,12.7,False,20180830,3,12.6,12.03,local_fit,0.567,observed,-3.0,11.0,10.87,11.0,False,O,12.6,feldpausch,9.299,11.157961994043099,0.8435,26.1349,26.1349,36.4422,16.7221,16.7221,23.3171,
TAP_A01,004a,,,727907.75662992,9683088.3245056,O,13.0,True,,9.75,20151211.0,,,,,True,20180830,3,,9.75,measured,0.167,site_median,-3.0,,,13.0,True,O,9.75,measured,12.499,9.483982771485385,0.6697,28.1933,21.9256,21.9256,25.4158,19.8147,19.8147,
TAP_A01,004b,Quiina florida,Ochnaceae,727931.3880296,9683094.690188,O,11.7,False,,,20151211.0,,,,13.7,False,20180830,3,13.29,12.47,local_fit,0.667,observed,-3.0,11.7,11.16,11.7,False,O,13.29,feldpausch,9.698999999999998,11.612500759880978,0.728,31.0542,31.0542,37.5046,18.8764,18.8764,22.7973,
TAP_A01,005a,Quiina florida,Ochnaceae,727905.6604694,9683090.750282,O,15.0,False,6.91,11.76,20151211.0,,,,,True,20180830,3,,11.76,measured,0.167,site_median,-3.0,,,15.0,False,O,11.76,measured,14.499,11.487697588300438,0.728,44.7619,44.7619,54.0596,40.943,40.943,49.4475,
TAP_A01,005b,Handroanthus serratifolius,Bignoniaceae,727931.7778398,9683093.751794,O,33.8,False,,,20151211.0,,,,33.7,False,20180830,3,23.69,23.08,local_fit,0.0,observed,-3.0,33.7,23.08,33.8,False,O,23.69,feldpausch,33.8,23.69,0.6697,432.9937,432.9937,482.0324,432.9937,432.9937,482.0324,
TAP_A01,006a,Maquira coriacea,Moraceae,727907.112886848,9683089.94884864,O,14.1,False,9.31,15.83,20151211.0,,,,14.7,False,20180830,3,13.95,15.83,measured,0.2,observed,-3.0,14.1,15.39,14.1,False,O,15.83,measured,13.5,15.35785142299149,0.5112,53.0188,53.0188,45.346,47.2858,47.2858,40.4427,
TAP_A01,006b,Quiina florida,Ochnaceae,727928.146633144,9683099.75334792,O,14.7,False,,,20151211.0,,,,15.0,False,20180830,3,14.15,14.24,local_fit,0.1,observed,-3.0,14.7,14.04,14.7,False,O,14.15,feldpausch,14.399999999999999,13.94981464254397,0.728,51.5469,51.5469,62.254,48.8296,48.8296,58.9722,
TAP_A01,007a,Pouteria gongrijpii,Sapotaceae,727912.1646314398,9683091.5288192,O,14.0,False,4.79,16.53,20151211.0,,,,14.6,False,20180830,3,13.89,16.53,measured,0.2,observed,-3.0,14.0,16.05,14.0,False,O,16.53,measured,13.4,16.032927748159697,0.7994,54.5427,54.5427,72.1704,48.6029,48.6029,64.3108,
TAP_A01,007b,Dialium guianense,Fabaceae,727921.72574904,9683098.7811872,O,45.0,False,11.08,22.53,20151211.0,,,,48.5,False,20180830,3,28.84,22.53,measured,1.167,observed,-3.0,45.0,21.69,45.0,False,O,22.53,measured,41.499,21.587559324133714,0.8964,720.8194,720.8194,1066.5601,590.2728,590.2728,873.397,
TAP_A01,008a,Manilkara huberi,Sapotaceae,727909.0298274,9683093.690342,O,16.5,False,11.78,20.25,20151211.0,,,,17.8,False,20180830,3,15.89,20.25,measured,0.433,observed,-3.0,16.5,19.24,16.5,False,O,20.25,measured,15.201,19.14849850175522,0.9214,91.6347,91.6347,139.2738,73.9331,73.9331,112.3693,
TAP_A01,008b,Casearia javitensis,Salicaceae,727926.631829152,9683103.40698336,O,15.5,False,,,20151211.0,,,,15.3,False,20180830,3,14.34,14.68,local_fit,0.0,observed,-3.0,15.3,14.68,15.5,False,O,14.34,feldpausch,15.5,14.34,0.753,57.9135,57.9135,72.2864,57.9135,57.9135,72.2864,
TAP_A01,009a,Nectandra cuspidata,Lauraceae,727904.94799716,9683092.5519788,O,16.9,False,,,20151211.0,,,,17.1,False,20180830,3,15.47,15.44,local_fit,0.067,observed,-3.0,16.9,15.32,16.9,False,O,15.47,feldpausch,16.698999999999998,15.345456809842076,0.518,73.8309,73.8309,63.9659,71.5597,71.5597,61.9982,
TAP_A01,009b,Maquira coriacea,Moraceae,727924.9685684129,9683105.2318255,O,24.0,False,,,20151211.0,,,,25.5,False,20180830,3,20.05,18.92,local_fit,0.5,observed,-3.0,24.0,18.21,24.0,False,O,20.05,feldpausch,22.5,19.245563238863543,0.5112,188.5804,188.5804,161.2894,159.7451,159.7451,136.6271,
TAP_A01,010a,"Pouteria sp,",Sapotaceae,727904.59176104,9683093.4528272,O,12.3,False,,,20151211.0,,,,12.7,False,20180830,3,12.6,12.84,local_fit,0.133,observed,-3.0,12.3,12.55,12.3,False,O,12.6,feldpausch,11.901,12.30897483701684,0.7187,32.5025,32.5025,38.7658,29.789,29.789,35.5294,
TAP_A01,010b,Sloanea guianensis,Elaeocarpaceae,727918.0563971889,9683105.80584636,O,35.8,False,8.699999999999998,16.67,20151211.0,,,,36.7,False,20180830,3,24.86,16.67,measured,0.3,observed,-3.0,35.8,16.44,35.8,False,O,16.67,measured,34.9,16.431220540846088,0.8212,343.7554,343.7554,466.9561,322.5148,322.5148,438.103,
TAP_A01,011a,,,727905.2531846398,9683094.6413952,O,12.9,False,,,20151211.0,,,,13.1,False,20180830,3,12.88,13.2,local_fit,0.067,observed,-3.0,12.9,13.06,12.9,False,O,12.88,feldpausch,12.699,12.738486570752094,0.6697,36.4426,36.4426,40.5699,34.9634,34.9634,38.9232,
TAP_A01,011b,Chamaecrista xinguensis,Fabaceae,727916.16396378,9683109.6047954,O,36.9,False,17.15,24.51,20151211.0,,,,36.7,False,20180830,3,24.86,24.51,measured,0.0,observed,-3.0,36.7,24.51,36.9,False,O,24.51,measured,36.9,24.51,0.9035,531.2455,531.2455,792.1465,531.2455,531.2455,792.1465,
TAP_A01,012a,Quiina florida,Ochnaceae,727901.7985164,9683097.663092,O,19.4,False,,,20151211.0,,,,20.1,False,20180830,3,17.22,16.72,local_fit,0.233,observed,-3.0,19.4,16.34,19.4,False,O,17.22,feldpausch,18.700999999999997,16.807488693889688,0.728,107.3045,107.3045,129.5933,97.551,97.551,117.8138,
TAP_A01,012b,Talisia longifolia,Sapindaceae,727925.17811304,9683112.3561872,O,21.4,False,,,20151211.0,,,,20.8,False,20180830,3,17.61,17.7,local_fit,0.0,observed,-3.0,20.8,17.7,21.4,False,O,17.61,feldpausch,21.4,17.61,0.8499,132.828,132.828,186.5827,132.828,132.828,186.5827,
TAP_A01,013a,Ormosia nobilis,Fabaceae,727898.09950176,9683095.5941568,O,19.1,False,,,20151211.0,,,,20.1,False,20180830,3,17.22,16.57,local_fit,0.333,observed,-3.0,19.1,16.02,19.1,False,O,17.22,feldpausch,18.101000000000003,16.61684946987839,0.58,104.0893,104.0893,100.7016,90.5215,90.5215,87.5753,
TAP_A01,013b,Quiina florida,Ochnaceae,727925.378427468,9683112.41732924,O,13.4,False,,,20151211.0,,,,13.7,False,20180830,3,13.29,13.49,local_fit,0.1,observed,-3.0,13.4,13.28,13.4,False,O,13.29,feldpausch,13.1,13.080943078675475,0.728,40.4697,40.4697,48.8758,38.1254,38.1254,46.0446,
TAP_A01,014a,Maquira coriacea,Moraceae,727896.3903536,9683097.084668,O,12.0,False,,,20151211.0,,,,12.1,False,20180830,3,12.18,12.66,local_fit,0.033,observed,-3.0,12.0,12.59,12.0,False,O,12.18,feldpausch,11.901,12.108597879898277,0.5112,29.965,29.965,25.6285,29.3156,29.3156,25.0731,
TAP_A01,014b,Nectandra cuspidata,Lauraceae,727919.59393056,9683112.2258408,O,25.7,False,,,20151211.0,,,,26.4,False,20180830,3,20.48,19.69,local_fit,0.233,observed,-3.0,25.7,19.36,25.7,False,O,20.48,feldpausch,25.000999999999998,20.131795001660585,0.518,220.0433,220.0433,190.6419,205.0514,205.0514,177.6532,
TAP_A01,015a,Maquira coriacea,Moraceae,727895.07658744,9683091.7641992,O,12.6,False,,,20151211.0,,,,12.7,False,20180830,3,12.6,13.02,local_fit,0.033,observed,-3.0,12.6,12.95,12.6,False,O,12.6,feldpausch,12.501,12.530092720270178,0.5112,34.0679,34.0679,29.1377,33.3657,33.3657,28.5371,
TAP_A01,015b,Quiina florida,Ochnaceae,727918.4796121198,9683112.1969556,O,13.3,False,,,20151211.0,,,,13.7,False,20180830,3,13.29,13.44,local_fit,0.133,observed,-3.0,13.3,13.17,13.3,False,O,13.29,feldpausch,12.901,13.009109670485456,0.728,39.8822,39.8822,48.1664,36.8047,36.8047,44.4496,
TAP_A01,016a,Tachigali paniculata,Fabaceae,727892.68994004,9683095.0172972,O,21.6,False,,,20151211.0,,,,20.1,False,20180830,3,17.22,17.8,local_fit,0.0,observed,-3.0,20.1,17.8,21.6,False,O,17.22,feldpausch,21.6,17.22,0.5545,132.3375,132.3375,122.5336,132.3375,132.3375,122.5336,
TAP_A01,016b,Nectandra cuspidata,Lauraceae,727920.81885336,9683114.7124848,O,17.0,False,,,20151211.0,,,,18.5,False,20180830,3,16.31,15.49,local_fit,0.5,observed,-3.0,17.0,14.64,17.0,False,O,16.31,feldpausch,15.5,15.317890297366109,0.518,78.6415,78.6415,68.1337,61.765,61.765,53.5122,
TAP_A01,017a,Sloanea guianensis,Elaeocarpaceae,727897.6621521598,9683102.4520688,O,16.2,False,,,20151211.0,,,,22.9,False,20180830,3,18.73,15.06,local_fit,2.233,observed,-3.0,16.2,11.99,16.2,False,O,18.73,feldpausch,9.501,12.853550773819466,0.8212,81.9277,81.9277,111.2903,20.0204,20.0204,27.1957,
TAP_A01,017b,Pouteria macrophylla,Sapotaceae,727917.8288256,9683113.778928,O,11.2,False,,,20151211.0,,,,11.6,False,20180830,3,11.82,12.16,local_fit,0.133,observed,-3.0,11.2,11.86,11.2,False,O,11.82,feldpausch,10.800999999999998,11.516605072383014,0.737,25.4337,25.4337,31.0872,23.1012,23.1012,28.2363,
TAP_A01,018a,Quiina florida,Ochnaceae,727898.264354472,9683102.63408696,O,15.0,False,,,20151211.0,,,,15.7,False,20180830,3,14.6,14.41,local_fit,0.233,observed,-3.0,15.0,13.97,15.0,False,O,14.6,feldpausch,14.301,14.12686231777509,0.728,55.284,55.284,66.7673,48.7731,48.7731,58.904,
TAP_A01,018b,Rinorea guianensis,Violaceae,727918.2491797399,9683115.4883182,O,10.4,False,,,20151211.0,,,,11.1,False,20180830,3,11.45,11.65,local_fit,0.233,observed,-3.0,10.4,11.12,10.4,False,O,11.45,feldpausch,9.701,10.887420386440304,0.78,21.3356,21.3356,27.5621,17.7323,17.7323,22.9073,
TAP_A01,019a,Quiina florida,Ochnaceae,727893.5027176798,9683110.2000224,O,10.9,False,,,20151211.0,,,,11.5,False,20180830,3,11.75,11.97,local_fit,0.2,observed,-3.0,10.9,11.51,10.9,False,O,11.75,feldpausch,10.3,11.280709137720489,0.728,23.9814,23.9814,28.9627,20.6348,20.6348,24.9209,
TAP_A01,019b,Quiina florida,Ochnaceae,727919.05095056,9683116.2687008,O,11.1,False,,,20151211.0,,,,11.8,False,20180830,3,11.96,12.1,local_fit,0.233,observed,-3.0,11.1,11.58,11.1,False,O,11.96,feldpausch,10.401,11.413742548375392,0.728,25.2811,25.2811,30.5324,21.2736,21.2736,25.6925,
TAP_A01,020a,Sloanea guianensis,Elaeocarpaceae,727903.9641822,9683106.389826,O,50.4,False,10.05,12.54,20151211.0,,,,51.9,False,20180830,3,29.82,12.54,measured,0.5,observed,-3.0,50.4,12.36,50.4,False,O,12.54,measured,48.9,12.352692755265148,0.8212,507.6256,507.6256,689.5568,471.5752,471.5752,640.5861,
TAP_A01,020b,Quiina florida,Ochnaceae,727915.901131104,9683117.37423872,O,11.3,False,,,20151211.0,,,,11.8,False,20180830,3,11.96,12.22,local_fit,0.167,observed,-3.0,11.3,11.85,11.3,False,O,11.96,feldpausch,10.799000000000001,11.577650288409055,0.728,26.1779,26.1779,31.6155,23.2123,23.2123,28.0339,
TAP_A01,021a,Chrysophyllum sanguinolentum,Sapotaceae,727899.4330795358,9683086.37732448,O,17.1,False,,,20151211.0,,,,20.4,False,20180830,3,17.39,15.54,local_fit,1.1,observed,-3.0,17.1,13.82,17.1,False,O,17.39,feldpausch,13.8,15.013882346832341,0.6714,84.684,84.684,94.5061,48.2794,48.2794,53.8791,
TAP_A01,021b,Pouteria gongrijpii,Sapotaceae,727913.74537608,9683118.2574944,O,17.5,False,,,20151211.0,,,,18.5,False,20180830,3,16.31,15.75,local_fit,0.333,observed,-3.0,17.5,15.17,17.5,False,O,16.31,feldpausch,16.501,15.676219476648614,0.7994,83.2197,83.2197,110.1154,71.3832,71.3832,94.4536,
TAP_A01,022a,Quiina florida,Ochnaceae,727890.286966384,9683109.87062112,O,15.4,False,,,20151211.0,,,,16.2,False,20180830,3,14.91,14.63,local_fit,0.267,observed,-3.0,15.4,14.14,15.4,False,O,14.91,feldpausch,14.599,14.372084324872311,0.728,59.4039,59.4039,71.7431,51.6367,51.6367,62.3625,
TAP_A01,022b,Licania canescens,Chrysobalanaceae,727915.2512958499,9683118.955147328,O,14.7,False,,,20151211.0,,,,15.3,False,20180830,3,14.34,14.24,local_fit,0.2,observed,-3.0,14.7,13.85,14.7,False,O,14.34,feldpausch,14.1,13.932324548419775,0.88,52.2223,52.2223,75.8919,46.8062,46.8062,68.021,
TAP_A01,023a,Minquartia guianensis,Olacaceae,727888.3307400598,9683112.0394158,O,17.6,False,,,20151211.0,,,,17.6,False,20180830,3,15.77,15.81,local_fit,0.0,observed,-3.0,17.6,15.81,17.6,False,O,15.77,feldpausch,17.6,15.77,0.7867,81.4301,81.4301,106.0784,81.4301,81.4301,106.0784,
TAP_A01,023b,Sloanea guianensis,Elaeocarpaceae,727911.088416504,9683119.281680722,O,10.8,False,,,20151211.0,,,,12.1,False,20180830,3,12.18,11.91,local_fit,0.433,observed,-3.0,10.8,10.98,10.8,False,O,12.18,feldpausch,9.501000000000001,11.10159167723514,0.8212,24.3947,24.3947,33.1377,17.3525,17.3525,23.5716,
TAP_A01,024a,Quiina florida,Ochnaceae,727886.8290872799,9683113.0466504,O,13.8,False,,,20151211.0,,,,14.7,False,20180830,3,13.95,13.73,local_fit,0.3,observed,-3.0,13.8,13.15,13.8,False,O,13.95,feldpausch,12.9,13.30712533254179,0.728,44.9375,44.9375,54.2717,37.6217,37.6217,45.4363,
TAP_A01,024b,Ficus trigona,Moraceae,727911.514201752,9683120.155291362,O,10.1,False,,,20151211.0,,,,10.5,False,20180830,3,11.0,11.45,local_fit,0.133,observed,-3.0,10.1,11.14,10.1,False,O,11.0,feldpausch,9.701,10.683097785585788,0.41,19.3774,19.3774,13.3615,17.4074,17.4074,12.0032,
TAP_A01,025a,Protium paniculatum,Burseraceae,727894.2125003518,9683114.06669936,O,21.9,False,,,20151211.0,,,,24.8,False,20180830,3,19.7,17.94,local_fit,0.967,observed,-3.0,21.9,16.58,21.9,False,O,19.7,feldpausch,18.999,17.956723392415462,0.49,155.0267,155.0267,127.2221,107.3171,107.3171,88.0693,
TAP_A01,025b,Couratari stellata,Lecythidaceae,727910.0699227198,9683121.7773296,O,13.9,False,,,20151211.0,,,,14.3,False,20180830,3,13.69,13.78,local_fit,0.133,observed,-3.0,13.9,13.51,13.9,False,O,13.69,feldpausch,13.501000000000001,13.414880694223303,0.6331,44.7461,44.7461,47.1569,41.4438,41.4438,43.6767,
TAP_A01,026a,,,727889.9963132798,9683119.1459304,O,23.1,True,,,20151211.0,,,,,True,20180830,3,,18.51,local_fit,0.167,site_median,-3.0,,,23.1,True,O,,feldpausch,22.599,,0.6697,,,,,,,
TAP_A01,026b,Quiina florida,Ochnaceae,727905.7569662678,9683120.86351724,O,10.8,False,,,20151211.0,,,,12.1,False,20180830,3,12.18,11.91,local_fit,0.433,observed,-3.0,10.8,10.98,10.8,False,O,12.18,feldpausch,9.501000000000001,11.10159167723514,0.728,24.3947,24.3947,29.4619,17.3525,17.3525,20.9569,
TAP_A01,027a,Sloanea guianensis,Elaeocarpaceae,727896.6487342318,9683119.15570376,O,11.4,False,,,20151211.0,,,,12.1,False,20180830,3,12.18,12.29,local_fit,0.233,observed,-3.0,11.4,11.78,11.4,False,O,12.18,feldpausch,10.701,11.640140085904298,0.8212,27.1101,27.1101,36.8262,22.923,22.923,31.1386,
TAP_A01,027b,Protium hebetatum,Burseraceae,727916.3130951358,9683122.89797648,O,23.4,False,,,20151211.0,,,,23.6,False,20180830,3,19.1,18.64,local_fit,0.067,observed,-3.0,23.4,18.53,23.4,False,O,19.1,feldpausch,23.198999999999998,18.99579846422953,0.5773,171.1822,171.1822,164.8609,167.4274,167.4274,161.2447,
TAP_A01,028a,Strychnos subcordata,Loganiaceae,727896.331344528,9683122.74529904,O,14.8,False,,,20151211.0,,,,15.9,False,20180830,3,14.73,14.29,local_fit,0.367,observed,-3.0,14.8,13.6,14.8,False,O,14.73,feldpausch,13.699000000000002,13.961447663769246,0.6959,54.3222,54.3222,62.7851,44.3332,44.3332,51.2399,
TAP_A01,028b,Quiina florida,Ochnaceae,727908.2228477,9683123.572825,O,14.0,False,,,20151211.0,,,,14.3,False,20180830,3,13.69,13.84,local_fit,0.1,observed,-3.0,14.0,13.64,14.0,False,O,13.69,feldpausch,13.7,13.485163079292338,0.728,45.3766,45.3766,54.8021,42.8626,42.8626,51.7659,
TAP_A01,029a,Inga alba,Fabaceae,727891.89855852,9683122.7531156,O,20.0,False,,,20151211.0,,,,24.9,False,20180830,3,19.75,17.02,local_fit,1.633,observed,-3.0,20.0,14.8,20.0,False,O,19.75,feldpausch,15.100999999999999,16.35441779006541,0.5861,130.1801,130.1801,127.2382,62.5731,62.5731,61.159,
TAP_A01,029b,Quiina florida,Ochnaceae,727907.542549256,9683127.97023608,O,10.7,False,4.74,8.93,20151211.0,,,,10.8,False,20180830,3,11.23,8.93,measured,0.033,observed,-3.0,10.7,8.87,10.7,False,O,8.93,measured,10.600999999999999,8.870476936337369,0.728,17.6949,17.6949,21.3704,17.2637,17.2637,20.8496,
TAP_A01,030a,Sloanea guianensis,Elaeocarpaceae,727888.24311108,9683123.6188844,O,12.9,False,,,20151211.0,,,,,True,20180830,3,,13.2,local_fit,0.167,site_median,-3.0,,,12.9,False,O,,feldpausch,12.399000000000001,,0.8212,,,,,,,
TAP_A01,030b,Diospyros artanthifolia,Ebenaceae,727909.451175392,9683128.73760256,O,17.1,False,,,20151211.0,,,,18.5,False,20180830,3,16.31,15.54,local_fit,0.467,observed,-3.0,17.1,14.74,17.1,False,O,16.31,feldpausch,15.699000000000002,15.391130209000558,0.6952,79.5471,79.5471,91.8382,63.6178,63.6178,73.4477,
TAP_A01,031a,Mouriri collocarpa,Melastomataceae,727890.18330396,9683124.3007028,O,10.9,False,,,20151211.0,,,,10.9,False,20180830,3,11.3,11.97,local_fit,0.0,observed,-3.0,10.9,11.97,10.9,False,O,11.3,feldpausch,10.9,11.3,0.8333,23.0846,23.0846,31.8101,23.0846,23.0846,31.8101,
TAP_A01,031b,Virola sebifera,Myristicaceae,727919.8194349319,9683127.91456676,O,17.0,False,,,20151211.0,,,,16.6,False,20180830,3,15.16,15.49,local_fit,0.0,observed,-3.0,16.6,15.49,17.0,False,O,15.16,feldpausch,17.0,15.16,0.4454,73.225,73.225,54.7445,73.225,73.225,54.7445,
TAP_A01,032a,Quiina florida,Ochnaceae,727884.19020294,9683122.6994142,O,16.1,False,,,20151211.0,,,,,True,20180830,3,,15.01,local_fit,0.167,site_median,-3.0,,,16.1,False,O,,feldpausch,15.599000000000002,,0.728,,,,,,,
TAP_A01,032b,Protium hebetatum,Burseraceae,727922.35935904,9683129.8539432,O,16.0,False,,,20151211.0,,,,16.6,False,20180830,3,15.16,14.96,local_fit,0.2,observed,-3.0,16.0,14.59,16.0,False,O,15.16,feldpausch,15.4,14.769332650033569,0.5773,65.0527,65.0527,62.6505,58.8569,58.8569,56.6835,
TAP_A01,033a,Sloanea guianensis,Elaeocarpaceae,727881.806487984,9683123.16679712,O,13.0,False,,,20151211.0,,,,,True,20180830,3,,13.26,local_fit,0.167,site_median,-3.0,,,13.0,False,O,,feldpausch,12.499,,0.8212,,,,,,,
TAP_A01,033b,Quiina florida,Ochnaceae,727920.08913204,9683129.9431772,O,10.9,False,,,20151211.0,,,,12.1,False,20180830,3,12.18,11.97,local_fit,0.4,observed,-3.0,10.9,11.11,10.9,False,O,12.18,feldpausch,9.7,11.195962594920905,0.728,24.8376,24.8376,29.9967,18.2189,18.2189,22.0033,
TAP_A01,034a,Tachigali myrmecophila,Fabaceae,727882.706510472,9683126.51924696,O,26.5,False,,,20151211.0,,,,29.0,False,20180830,3,21.68,20.04,local_fit,0.833,observed,-3.0,26.5,18.98,26.5,False,O,21.68,feldpausch,24.001,20.383427003224316,0.476,246.9622,246.9622,197.015,191.6562,191.6562,152.8944,
TAP_A01,034b,,,727910.7569965998,9683133.664978,O,70.0,False,32.17,40.82,20151211.0,,,,72.59999999999998,False,20180830,3,34.67,40.82,measured,0.867,observed,-3.0,70.0,40.21,70.0,False,O,40.82,measured,67.399,40.17418674894523,0.6697,3050.03,3050.03,3395.4611,2788.9748,2788.9748,3104.8401,
TAP_A01,035a,Pouteria guianensis,Sapotaceae,727889.3792143998,9683129.138032,O,25.1,False,,,20151211.0,,,,15.3,False,20180830,3,14.34,19.42,local_fit,0.0,observed,-3.0,15.3,19.42,25.1,False,O,14.34,feldpausch,25.1,14.34,0.9295,148.3938,148.3938,227.4844,148.3938,148.3938,227.4844,
TAP_A01,035b,Quiina florida,Ochnaceae,727907.3714515,9683132.460845,O,14.5,False,5.91,11.18,20151211.0,,,,14.5,False,20180830,3,13.82,11.18,measured,0.0,observed,-3.0,14.5,11.18,14.5,False,O,11.18,measured,14.5,11.18,0.728,39.8777,39.8777,48.1609,39.8777,39.8777,48.1609,
TAP_A01,036a,Sloanea guianensis,Elaeocarpaceae,727893.2316217598,9683130.5329568,O,15.1,False,,,20151211.0,,,,15.3,False,20180830,3,14.34,14.46,local_fit,0.067,observed,-3.0,15.1,14.33,15.1,False,O,14.34,feldpausch,14.899,14.208419922011467,0.8212,55.032,55.032,74.7553,53.131,53.131,72.173,
TAP_A01,036b,Iryanthera laevis,Myristicaceae,727905.618727664,9683132.68423952,O,12.4,False,8.31,12.72,20151211.0,,,,12.7,False,20180830,3,12.6,12.72,measured,0.1,observed,-3.0,12.4,12.51,12.4,False,O,12.72,measured,12.1,12.501488087879244,0.615,33.3272,33.3272,34.1402,31.2387,31.2387,32.0007,
TAP_A01,037a,Cordia scabrifolia,Boraginaceae,727896.12092728,9683131.5791504,O,10.9,False,,,20151211.0,,,,11.8,False,20180830,3,11.96,11.97,local_fit,0.3,observed,-3.0,10.9,11.31,10.9,False,O,11.96,feldpausch,10.0,11.239430529397103,0.474,24.3996,24.3996,19.385,19.4083,19.4083,15.4195,
TAP_A01,037b,Theobroma glaucum,Malvaceae,727907.209070608,9683134.20951744,O,14.0,False,9.99,12.98,20151211.0,,,,14.3,False,20180830,3,13.69,12.98,measured,0.1,observed,-3.0,14.0,12.79,14.0,False,O,12.98,measured,13.7,12.78578646962853,0.5297,43.0783,43.0783,38.1459,40.6916,40.6916,36.0325,
TAP_A01,038a,Oenocarpus bacaba,Arecaceae,727896.8501865598,9683129.7586808,P,15.1,False,,,20151211.0,,,,18.8,False,20180830,3,16.48,14.46,local_fit,1.233,observed,-3.0,15.1,12.47,15.1,False,P,16.48,feldpausch,11.401,13.533726542147784,0.65,63.0339,32.8669,32.8669,30.0522,15.1835,15.1835,
TAP_A01,038b,Dialium guianense,Fabaceae,727907.209070608,9683134.20951744,O,14.7,False,9.7,12.67,20151211.0,,,,15.0,False,20180830,3,14.15,12.67,measured,0.1,observed,-3.0,14.7,12.49,14.7,False,O,12.67,measured,14.399999999999999,12.490752757670114,0.8964,46.2779,46.2779,68.4752,43.8384,43.8384,64.8655,
TAP_A01,039a,Protium paniculatum,Burseraceae,727898.1821147999,9683129.192484,O,13.3,False,,,20151211.0,,,,15.1,False,20180830,3,14.21,13.44,local_fit,0.6,observed,-3.0,13.3,12.31,13.3,False,O,14.21,feldpausch,11.5,12.822416947275613,0.49,42.5746,42.5746,34.9387,28.9949,28.9949,23.7945,
TAP_A01,039b,Rinorea guianensis,Violaceae,727909.02803126,9683137.8595918,O,18.8,False,,,20151211.0,,,,17.2,False,20180830,3,15.53,16.42,local_fit,0.0,observed,-3.0,17.2,16.42,18.8,False,O,15.53,feldpausch,18.8,15.53,0.78,91.2431,91.2431,117.8715,91.2431,91.2431,117.8715,
TAP_A01,040a,Tetragastris panamensis,Burseraceae,727898.3463452798,9683134.2722144,O,16.2,False,,,20151211.0,,,,17.6,False,20180830,3,15.77,15.06,local_fit,0.467,observed,-3.0,16.2,14.24,16.2,False,O,15.77,feldpausch,14.799,14.82321518767295,0.7173,69.2656,69.2656,82.4567,54.6505,54.6505,65.0582,
TAP_A01,040b,Quiina florida,Ochnaceae,727912.49365856,9683137.5075808,O,16.7,False,,,20151211.0,,,,17.2,False,20180830,3,15.53,15.33,local_fit,0.167,observed,-3.0,16.7,15.02,16.7,False,O,15.53,feldpausch,16.198999999999998,15.212595770994229,0.728,72.408,72.408,87.4483,66.867,66.867,80.7564,
TAP_A01,041a,Strychnos subcordata,Loganiaceae,727902.375891456,9683135.21781008,O,14.1,False,,,20151211.0,,,,17.3,False,20180830,3,15.59,13.9,local_fit,1.067,observed,-3.0,14.1,12.09,14.1,False,O,15.59,feldpausch,10.899000000000001,12.997620152760499,0.6959,52.2341,52.2341,60.3717,26.4588,26.4588,30.5808,
TAP_A01,041b,Iryanthera laevis,Myristicaceae,727913.0669502,9683138.794706,O,21.4,False,7.26,9.11,20151211.0,,,,18.5,False,20180830,3,16.31,9.11,measured,0.0,observed,-3.0,18.5,9.11,21.4,False,O,9.11,measured,21.4,9.11,0.615,69.8101,69.8101,71.513,69.8101,69.8101,71.513,
TAP_A01,042a,Aspidosperma excelsum,Apocynaceae,727900.71378528,9683131.1410904,O,24.9,False,,,20151211.0,,,,15.6,False,20180830,3,14.54,19.33,local_fit,0.0,observed,-3.0,15.6,19.33,24.9,False,O,14.54,feldpausch,24.9,14.54,0.792,148.0828,148.0828,194.1712,148.0828,148.0828,194.1712,
TAP_A01,043a,Strychnos subcordata,Loganiaceae,727901.158055664,9683130.04129952,O,19.1,False,,,20151211.0,,,,19.4,False,20180830,3,16.83,16.57,local_fit,0.1,observed,-3.0,19.1,16.39,19.1,False,O,16.83,feldpausch,18.8,16.654696590660215,0.6959,101.7878,101.7878,117.6454,97.687,97.687,112.9056,
TAP_A01,043b,Protium paniculatum,Burseraceae,727917.1905459958,9683139.53463228,O,11.8,False,,,20151211.0,,,,12.2,False,20180830,3,12.25,12.53,local_fit,0.133,observed,-3.0,11.8,12.23,11.8,False,O,12.25,feldpausch,11.401,11.953485581245051,0.49,29.1605,29.1605,23.9305,26.6224,26.6224,21.8476,
TAP_A01,044a,Virola michelii,Myristicaceae,727904.248001856,9683130.61188208,O,26.4,False,,,20151211.0,,,,27.7,False,20180830,3,21.09,20.0,local_fit,0.433,observed,-3.0,26.4,19.42,26.4,False,O,21.09,feldpausch,25.101,20.44091526700837,0.4701,238.6329,238.6329,188.0767,209.7519,209.7519,165.3143,
TAP_A01,044b,Quiina florida,Ochnaceae,727917.7441142278,9683138.21212004,O,14.0,False,,,20151211.0,,,,14.3,False,20180830,3,13.69,13.84,local_fit,0.1,observed,-3.0,14.0,13.64,14.0,False,O,13.69,feldpausch,13.7,13.485163079292338,0.728,45.3766,45.3766,54.8021,42.8626,42.8626,51.7659,
TAP_A01,045a,Rollinia exsucca,Annonaceae,727903.9511656999,9683128.613621,O,13.5,False,,,20151211.0,,,,14.0,False,20180830,3,13.49,13.55,local_fit,0.167,observed,-3.0,13.5,13.21,13.5,False,O,13.49,feldpausch,12.999,13.137446082581578,0.3748,41.6643,41.6643,26.3184,37.712,37.712,23.8219,
TAP_A01,045b,Tapirira guianensis,Anacardiaceae,727919.6733955318,9683138.90614076,O,27.8,False,,,20151211.0,,,,30.9,False,20180830,3,22.52,20.6,local_fit,1.033,observed,-3.0,27.8,19.34,27.8,False,O,22.52,feldpausch,24.701,20.936666165225958,0.457,281.4122,281.4122,215.7473,208.0871,208.0871,159.532,
TAP_A01,046a,Virola michelii,Myristicaceae,727907.7301272,9683122.044856,O,16.6,False,,,20151211.0,,,,18.5,False,20180830,3,16.31,15.28,local_fit,0.633,observed,-3.0,16.6,14.2,16.6,False,O,16.31,feldpausch,14.701,15.010310581312932,0.4701,75.0701,75.0701,59.1659,54.6107,54.6107,43.041,
TAP_A01,046b,Brosimum guianense,Moraceae,727920.438234864,9683139.72782352,O,14.5,False,,,20151211.0,,,,14.5,False,20180830,3,13.82,14.13,local_fit,0.0,observed,-3.0,14.5,14.13,14.5,False,O,13.82,feldpausch,14.5,13.82,0.8435,49.0441,49.0441,68.3865,49.0441,49.0441,68.3865,
TAP_A01,047a,Couratari stellata,Lecythidaceae,727898.862778784,9683121.96198112,O,22.0,False,,,20151211.0,,,,24.8,False,20180830,3,19.7,17.99,local_fit,0.933,observed,-3.0,22.0,16.67,22.0,False,O,19.7,feldpausch,19.201,18.029738927188674,0.6331,156.4115,156.4115,164.8386,109.9903,109.9903,115.9163,
TAP_A01,047b,Strychnos subcordata,Loganiaceae,727925.242691232,9683144.11553376,O,19.5,False,,,20151211.0,,,,20.8,False,20180830,3,17.61,16.77,local_fit,0.433,observed,-3.0,19.5,16.07,19.5,False,O,17.61,feldpausch,18.201,16.824295282390736,0.6959,110.782,110.782,128.0408,92.6149,92.6149,107.0434,
TAP_A01,048a,Strychnos subcordata,Loganiaceae,727902.8236882,9683120.402886,O,10.0,False,,,20151211.0,,,,11.8,False,20180830,3,11.96,11.39,local_fit,0.6,observed,-3.0,10.0,10.11,10.0,False,O,11.96,feldpausch,8.2,10.34335734148966,0.6959,20.6218,20.6218,23.8345,12.1488,12.1488,14.0415,
TAP_A01,048b,Theobroma glaucum,Malvaceae,727925.023356608,9683139.39890944,O,12.7,False,,,20151211.0,,,,12.7,False,20180830,3,12.6,13.08,local_fit,0.0,observed,-3.0,12.7,13.08,12.7,False,O,12.6,feldpausch,12.7,12.6,0.5297,34.5977,34.5977,30.6363,34.5977,34.5977,30.6363,
TAP_A01,049a,Sloanea guianensis,Elaeocarpaceae,727903.37482942,9683119.0328406,O,11.9,False,,,20151211.0,,,,13.4,False,20180830,3,13.08,12.6,local_fit,0.5,observed,-3.0,11.9,11.59,11.9,False,O,13.08,feldpausch,10.4,11.877404354958763,0.8212,31.6037,31.6037,42.9303,22.1125,22.1125,30.0376,
TAP_A01,049b,Sloanea guianensis,Elaeocarpaceae,727920.73245936,9683133.7334288,O,12.3,False,,,20151211.0,,,,12.2,False,20180830,3,12.25,12.84,local_fit,0.0,observed,-3.0,12.2,12.84,12.3,False,O,12.25,feldpausch,12.3,12.25,0.8212,31.6211,31.6211,42.9539,31.6211,31.6211,42.9539,
TAP_A01,050a,Strychnos subcordata,Loganiaceae,727902.50194598,9683115.6500414,O,20.2,False,,,20151211.0,,,,21.3,False,20180830,3,17.88,17.12,local_fit,0.367,observed,-3.0,20.2,16.55,20.2,False,O,17.88,feldpausch,19.099,17.23366816455549,0.6959,120.4529,120.4529,139.2183,104.1593,104.1593,120.3863,
TAP_A01,050b,,,727921.4681564,9683126.642372,O,14.3,True,,,20151211.0,,,,,True,20180830,3,,14.01,local_fit,0.167,site_median,-3.0,,,14.3,True,O,,feldpausch,13.799000000000001,,0.6697,,,,,,,
TAP_A01,051a,Strychnos subcordata,Loganiaceae,727899.53919716,9683114.6859788,O,13.3,False,,,20151211.0,,,,13.5,False,20180830,3,13.15,13.44,local_fit,0.067,observed,-3.0,13.3,13.31,13.3,False,O,13.15,feldpausch,13.099,13.010448080852642,0.6959,39.4721,39.4721,45.6215,37.9192,37.9192,43.8266,
TAP_A01,051b,Sloanea guianensis,Elaeocarpaceae,727928.5630846398,9683125.7553152,O,12.4,False,,,20151211.0,,,,,True,20180830,3,,12.9,local_fit,0.167,site_median,-3.0,,,12.4,False,O,,feldpausch,11.899000000000001,,0.8212,,,,,,,
TAP_A01,052a,"Inga sp,",Fabaceae,727905.5793943,9683113.552659,O,10.1,False,,,20151211.0,,,,10.6,False,20180830,3,11.08,11.45,local_fit,0.167,observed,-3.0,10.1,11.06,10.1,False,O,11.08,feldpausch,9.599,10.678397605794713,0.5786,19.5149,19.5149,18.834,17.0446,17.0446,16.4499,
TAP_A01,052b,Sloanea guianensis,Elaeocarpaceae,727929.42742938,9683126.3652274,O,17.4,False,,,20151211.0,,,,,True,20180830,3,,15.7,local_fit,0.167,site_median,-3.0,,,17.4,False,O,,feldpausch,16.898999999999997,,0.8212,,,,,,,
TAP_A01,053a,Sloanea guianensis,Elaeocarpaceae,727911.717983,9683114.99125,O,16.6,False,,,20151211.0,,,,,True,20180830,3,,15.28,local_fit,0.167,site_median,-3.0,,,16.6,False,O,,feldpausch,16.099,,0.8212,,,,,,,
TAP_A01,053b,Tachigali myrmecophila,Fabaceae,727927.870843968,9683122.07001024,O,11.5,False,,,20151211.0,,,,16.6,False,20180830,3,15.16,12.35,local_fit,1.7,observed,-3.0,11.5,9.57,11.5,False,O,15.16,feldpausch,6.4,9.85478015602312,0.476,34.1433,34.1433,27.2379,7.1437,7.1437,5.6989,
TAP_A01,054a,Virola michelii,Myristicaceae,727911.09992592,9683113.7541856,O,28.1,False,,,20151211.0,,,,28.4,False,20180830,3,21.41,20.73,local_fit,0.1,observed,-3.0,28.1,20.6,28.1,False,O,21.41,feldpausch,27.8,21.27100212698785,0.4701,273.5378,273.5378,215.5867,266.1688,266.1688,209.7789,
TAP_A01,054b,Protium paniculatum,Burseraceae,727926.101163572,9683112.85020196,O,10.5,False,,,20151211.0,,,,12.7,False,20180830,3,12.6,11.71,local_fit,0.733,observed,-3.0,10.5,10.22,10.5,False,O,12.6,feldpausch,8.301,10.614895959084778,0.49,23.8662,23.8662,19.5857,12.7614,12.7614,10.4726,
TAP_A01,055a,Quiina florida,Ochnaceae,727908.488517,9683111.89475,O,11.4,False,,,20151211.0,,,,11.8,False,20180830,3,11.96,12.29,local_fit,0.133,observed,-3.0,11.4,11.99,11.4,False,O,11.96,feldpausch,11.001000000000001,11.65905096688342,0.728,26.632,26.632,32.1639,24.2326,24.2326,29.2661,
TAP_A01,055b,Protium hebetatum,Burseraceae,727924.09857886,9683112.2381558,O,12.2,False,,,20151211.0,,,,12.7,False,20180830,3,12.6,12.78,local_fit,0.167,observed,-3.0,12.2,12.42,12.2,False,O,12.6,feldpausch,11.699,12.2305318199843,0.5773,31.9887,31.9887,30.8074,28.6308,28.6308,27.5735,
TAP_A01,056a,"Pouteria sp,",Sapotaceae,727913.2212669998,9683111.30025,O,18.2,False,,,20151211.0,,,,19.6,False,20180830,3,16.94,16.12,local_fit,0.467,observed,-3.0,18.2,15.35,18.2,False,O,16.94,feldpausch,16.799,16.053567157973703,0.7187,93.2265,93.2265,111.1914,75.6575,75.6575,90.2367,
TAP_A01,056b,Quiina florida,Ochnaceae,727933.311410304,9683114.51612672,O,12.1,False,,,20151211.0,,,,12.5,False,20180830,3,12.46,12.72,local_fit,0.133,observed,-3.0,12.1,12.43,12.1,False,O,12.46,feldpausch,11.701,12.166825464514442,0.728,31.1375,31.1375,37.6052,28.4948,28.4948,34.4136,
TAP_A01,057a,Quiina florida,Ochnaceae,727907.012361472,9683109.99054096,O,10.2,False,,,20151211.0,,,,10.6,False,20180830,3,11.08,11.52,local_fit,0.133,observed,-3.0,10.2,11.21,10.2,False,O,11.08,feldpausch,9.800999999999998,10.7642727847671,0.728,19.8939,19.8939,24.0261,17.8911,17.8911,21.6074,
TAP_A01,057b,Pseudopiptadenia suaveolens,Fabaceae,727935.59903276,9683114.4576868,O,18.5,False,,,20151211.0,,,,20.8,False,20180830,3,17.61,16.27,local_fit,0.767,observed,-3.0,18.5,15.07,18.5,False,O,17.61,feldpausch,16.198999999999998,16.106102964208148,0.6797,99.9634,99.9634,112.9057,70.6976,70.6976,79.8508,
TAP_A01,058a,Quiina florida,Ochnaceae,727906.3305572,9683106.092576,O,12.3,False,,,20151211.0,,,,12.7,False,20180830,3,12.6,12.84,local_fit,0.133,observed,-3.0,12.3,12.55,12.3,False,O,12.6,feldpausch,11.901,12.30897483701684,0.728,32.5025,32.5025,39.2538,29.789,29.789,35.9767,
TAP_A01,058b,Virola sebifera,Myristicaceae,727938.994726,9683117.11706,O,13.5,False,,,20151211.0,,,,15.3,False,20180830,3,14.34,13.55,local_fit,0.6,observed,-3.0,13.5,12.43,13.5,False,O,14.34,feldpausch,11.7,12.963633841738762,0.4454,44.2246,44.2246,33.0632,30.3096,30.3096,22.6601,
TAP_A01,059a,Couratari stellata,Lecythidaceae,727909.7061984,9683106.092432,O,11.1,False,,,20151211.0,,,,12.5,False,20180830,3,12.46,12.1,local_fit,0.467,observed,-3.0,11.1,11.12,11.1,False,O,12.46,feldpausch,9.699,11.304184464239022,0.6331,26.3122,26.3122,27.7298,18.3871,18.3871,19.3777,
TAP_A01,059b,,,727937.4224252,9683110.157476,O,37.4,True,12.77,19.81,20151211.0,,,,,True,20180830,3,,19.81,measured,0.167,site_median,-3.0,,,37.4,True,O,19.81,measured,36.899,19.661641781087894,0.6697,443.0628,324.0814,324.0814,428.3967,313.5232,313.5232,
TAP_A01,060a,,,727910.0750248,9683105.177504,L,13.5,False,,,20151211.0,,,,14.1,False,20180830,3,13.56,13.55,local_fit,0.2,observed,-3.0,13.5,13.14,13.5,False,L,13.56,feldpausch,12.9,13.134891932283752,0.6697,41.8753,41.8753,46.6179,37.1463,37.1463,41.3534,
TAP_A01,060b,Cordia scabrifolia,Boraginaceae,727943.102666,9683107.49846,O,39.5,False,23.3,31.67,20151211.0,,,,39.8,False,20180830,3,26.0,31.67,measured,0.1,observed,-3.0,39.5,31.54,39.5,False,O,31.67,measured,39.2,31.538356860739082,0.474,779.2032,779.2032,619.0629,764.5784,764.5784,607.4437,
TAP_A01,061a,"Pouteria sp,",Sapotaceae,727911.45031956,9683104.5628108,O,17.2,False,,,20151211.0,,,,19.5,False,20180830,3,16.88,15.6,local_fit,0.767,observed,-3.0,17.2,14.35,17.2,False,O,16.88,feldpausch,14.899,15.307543088699898,0.7187,83.2008,83.2008,99.2337,57.1388,57.1388,68.1495,
TAP_A01,061b,Virola sebifera,Myristicaceae,727934.3671128,9683103.933044,O,13.6,False,,,20151211.0,,,,13.7,False,20180830,3,13.29,13.61,local_fit,0.033,observed,-3.0,13.6,13.54,13.6,False,O,13.29,feldpausch,13.501,13.22238968420423,0.4454,41.6571,41.6571,31.1437,40.8633,40.8633,30.5502,
TAP_A01,062a,Symphonia globulifera,Clusiaceae,727908.61392876,9683103.2062068,O,13.9,False,,,20151211.0,,,,16.9,False,20180830,3,15.35,13.78,local_fit,1.0,observed,-3.0,13.9,12.05,13.9,False,O,15.35,feldpausch,10.9,12.926056478961305,0.6004,50.0342,50.0342,50.0668,26.3213,26.3213,26.3385,
TAP_A01,062b,Tachigali myrmecophila,Fabaceae,727931.54377944,9683105.2437792,O,31.0,False,,,20151211.0,,,,36.0,False,20180830,3,24.6,21.95,local_fit,1.667,observed,-3.0,31.0,20.13,31.0,False,O,24.6,feldpausch,25.999,22.119302162813273,0.476,379.4472,379.4472,302.7054,242.6347,242.6347,193.5627,
TAP_A01,063a,Quiina florida,Ochnaceae,727910.53966528,9683101.2222504,O,12.0,False,,,20151211.0,,,,14.0,False,20180830,3,13.49,12.66,local_fit,0.667,observed,-3.0,12.0,11.36,12.0,False,O,13.49,feldpausch,9.998999999999999,11.83588891946978,0.728,33.1066,33.1066,39.9833,20.4089,20.4089,24.6482,
TAP_A01,063b,Quiina florida,Ochnaceae,727928.8101590478,9683106.35369464,O,11.3,False,,,20151211.0,,,,11.8,False,20180830,3,11.96,12.22,local_fit,0.167,observed,-3.0,11.3,11.85,11.3,False,O,11.96,feldpausch,10.799000000000001,11.577650288409055,0.728,26.1779,26.1779,31.6155,23.2123,23.2123,28.0339,
TAP_A01,064a,Rinorea guianensis,Violaceae,727914.5007212398,9683099.8137332,O,82.0,False,29.49,43.24,20151211.0,,,,84.4,False,20180830,3,36.75,43.24,measured,0.8,observed,-3.0,82.0,42.78,82.0,False,O,43.24,measured,79.6,42.75585138044058,0.78,4393.8958,4393.8958,5676.2102,4101.0462,4101.0462,5297.8953,
TAP_A01,064b,Tachigali myrmecophila,Fabaceae,727931.47989372,9683099.9513396,O,22.5,False,,,20151211.0,,,,25.8,False,20180830,3,20.19,18.23,local_fit,1.1,observed,-3.0,22.5,16.73,22.5,False,O,20.19,feldpausch,19.2,18.213481992432353,0.476,167.3917,167.3917,133.5374,111.0729,111.0729,88.6088,
TAP_A01,065a,Quiina florida,Ochnaceae,727917.0906792,9683099.015216,O,13.5,False,,,20151211.0,,,,14.0,False,20180830,3,13.49,13.55,local_fit,0.167,observed,-3.0,13.5,13.21,13.5,False,O,13.49,feldpausch,12.999,13.137446082581578,0.728,41.6643,41.6643,50.3186,37.712,37.712,45.5454,
TAP_A01,065b,Quiina florida,Ochnaceae,727929.59490268,9683099.0068004,O,16.5,False,,,20151211.0,,,,17.2,False,20180830,3,15.53,15.22,local_fit,0.233,observed,-3.0,16.5,14.8,16.5,False,O,15.53,feldpausch,15.801,15.079539130889133,0.728,70.725,70.725,85.4156,63.1538,63.1538,76.2719,
TAP_A01,066a,Quiina florida,Ochnaceae,727914.152964396,9683097.87241628,O,11.2,False,,,20151211.0,,,,11.8,False,20180830,3,11.96,12.16,local_fit,0.2,observed,-3.0,11.2,11.72,11.2,False,O,11.96,feldpausch,10.6,11.496660329404314,0.728,25.7276,25.7276,31.0717,22.2319,22.2319,26.8498,
TAP_A01,066b,Theobroma glaucum,Malvaceae,727940.7960592319,9683096.80011776,O,10.7,False,,,20151211.0,,,,10.9,False,20180830,3,11.3,11.84,local_fit,0.067,observed,-3.0,10.7,11.68,10.7,False,O,11.3,feldpausch,10.498999999999999,11.146787594714741,0.5297,22.265,22.265,19.7157,21.1719,21.1719,18.7477,
TAP_A01,067a,Quiina florida,Ochnaceae,727917.19348788,9683095.9670684,O,13.3,False,,,20151211.0,,,,15.3,False,20180830,3,14.34,13.44,local_fit,0.667,observed,-3.0,13.3,12.2,13.3,False,O,14.34,feldpausch,11.299,12.77787488661131,0.728,42.9547,42.9547,51.8771,27.9189,27.9189,33.7181,
TAP_A01,068a,Maquira coriacea,Moraceae,727910.52379806,9683095.6248758,O,10.7,False,,,20151211.0,,,,11.8,False,20180830,3,11.96,11.84,local_fit,0.367,observed,-3.0,10.7,11.04,10.7,False,O,11.96,feldpausch,9.599,11.05648555190893,0.5112,23.5333,23.5333,20.1276,17.6334,17.6334,15.0815,
TAP_A01,069a,Quiina florida,Ochnaceae,727917.808176976,9683091.64302768,O,16.0,False,,,20151211.0,,,,16.6,False,20180830,3,15.16,14.96,local_fit,0.2,observed,-3.0,16.0,14.59,16.0,False,O,15.16,feldpausch,15.4,14.769332650033569,0.728,65.0527,65.0527,78.5651,58.8569,58.8569,71.0824,
TAP_A01,070a,,,727917.37392468,9683089.8989324,O,57.5,True,,25.36,20151211.0,,,,,True,20180830,3,,25.36,measured,0.167,site_median,-3.0,,,57.5,True,O,25.36,measured,56.999,25.256869921458257,0.6697,1305.5154,937.5388,937.5388,1278.3093,918.2066,918.2066,
TAP_A01,071a,Inga marginata,Fabaceae,727896.3903536,9683097.084668,O,,,,,,,,,11.2,False,20180830,3,11.53,11.53,feldpausch_regional,0.167,site_median,-3.0,10.7,11.15,,False,O,11.53,feldpausch,,,0.5518,,,,,,,
TAP_A01,072a,Quiina florida,Ochnaceae,727898.10048384,9683112.6896512,O,,,,,,,,,11.1,False,20180830,3,11.45,11.45,feldpausch_regional,0.167,site_median,-3.0,10.6,11.08,,False,O,11.45,feldpausch,,,0.728,,,,,,,
TAP_A01,073a,Quiina florida,Ochnaceae,727890.41618832,9683115.2407376,O,,,,,,,,,10.8,False,20180830,3,11.23,11.23,feldpausch_regional,0.167,site_median,-3.0,10.3,10.85,,False,O,11.23,feldpausch,,,0.728,,,,,,,
TAP_A01,074a,Quiina florida,Ochnaceae,727895.024822496,9683120.45040128,O,,,,,,,,,10.4,False,20180830,3,10.93,10.93,feldpausch_regional,0.167,site_median,-3.0,9.9,10.55,,False,O,10.93,feldpausch,,,0.728,,,,,,,
TAP_A01,075a,Protium hebetatum,Burseraceae,727884.80719502,9683126.7703526,O,,,,,,,,,10.3,False,20180830,3,10.85,10.85,feldpausch_regional,0.167,site_median,-3.0,9.8,10.47,,False,O,10.85,feldpausch,,,0.5773,,,,,,,
TAP_A01,001a,Tetragastris altissima,Burseraceae,727028.61861004,9684085.135744002,O,17.1,False,9.11,21.75,20151214.0,17.3,False,20161015.0,,True,20180901,4,,21.75,measured,0.167,site_median,-3.0,,,17.1,False,O,21.75,measured,16.599,21.317628533807227,0.7079,105.3487,105.3487,123.7943,97.4787,97.4787,114.5463,
TAP_A01,001b,Quiina florida,Ochnaceae,727056.97668264,9684098.674424,O,10.4,False,,,20151214.0,10.7,False,20161015.0,,True,20180901,4,,11.65,local_fit,0.167,site_median,-3.0,,,10.4,False,O,,feldpausch,9.899000000000001,,0.728,,,,,,,
TAP_A01,002a,Protium paniculatum,Burseraceae,727031.7739141599,9684086.276236,O,10.1,False,9.81,18.34,20151214.0,10.3,False,20161015.0,,True,20180901,4,,18.34,measured,0.167,site_median,-3.0,,,10.1,False,O,18.34,measured,9.599,17.675253798761283,0.49,31.9135,31.9135,26.1896,27.8737,27.8737,22.8744,
TAP_A01,002b,Sloanea guianensis,Elaeocarpaceae,727055.227750704,9684093.7608284,O,12.1,False,,,20151214.0,11.8,True,20161015.0,,True,20180901,4,,12.72,local_fit,0.167,site_median,-3.0,,,12.1,False,O,,feldpausch,11.599,,0.8212,,,,,,,
TAP_A01,003a,Protium paniculatum,Burseraceae,727038.57520332,9684091.010632,O,13.9,False,10.04,16.36,20151214.0,14.4,False,20161015.0,,True,20180901,4,,16.36,measured,0.167,site_median,-3.0,,,13.9,False,O,16.36,measured,13.399000000000001,15.94648957925205,0.49,53.2449,53.2449,43.6952,48.3401,48.3401,39.6701,
TAP_A01,003b,Quiina florida,Ochnaceae,727065.747445488,9684097.6921048,O,22.3,False,,,20151214.0,22.3,False,20161015.0,,True,20180901,4,,18.13,local_fit,0.167,site_median,-3.0,,,22.3,False,O,,feldpausch,21.799,,0.728,,,,,,,
TAP_A01,004a,,,727042.8767638399,9684095.921424,O,50.0,True,,2.4,20151214.0,50.0,True,20161015.0,,True,20180901,4,,2.4,measured,0.167,site_median,-3.0,,,50.0,True,O,2.4,measured,49.499,2.388002496790404,0.6697,99.5259,103.0415,103.0415,97.1124,100.5738,100.5738,
TAP_A01,004b,,,727058.5795982399,9684103.589784,O,11.8,False,,,20151214.0,12.0,False,20161015.0,,True,20180901,4,,12.53,local_fit,0.167,site_median,-3.0,,,11.8,False,O,,feldpausch,11.299000000000001,,0.6697,,,,,,,
TAP_A01,005a,Chimarrhis turbinata,Rubiaceae,727043.1038238478,9684098.9144928,O,20.6,False,6.97,10.54,20151214.0,20.6,False,20161015.0,,True,20180901,4,,10.54,measured,0.167,site_median,-3.0,,,20.6,False,O,10.54,measured,20.099,10.372045584209229,0.72,74.7174,74.7174,89.2694,70.1037,70.1037,83.7571,
TAP_A01,005b,Couratari stellata,Lecythidaceae,727058.504060496,9684103.7803256,O,15.6,False,,,20151214.0,15.9,False,20161015.0,,True,20180901,4,,14.74,local_fit,0.167,site_median,-3.0,,,15.6,False,O,,feldpausch,15.099,,0.6331,,,,,,,
TAP_A01,006a,Chamaecrista scleroxylon,Fabaceae,727041.30984028,9684097.398392,O,18.6,False,5.23,12.73,20151214.0,18.0,False,20161015.0,,True,20180901,4,,12.73,measured,0.167,site_median,-3.0,,,18.6,False,O,12.73,measured,18.099,12.500832969107293,0.955,73.5974,73.5974,115.8431,68.5512,68.5512,107.9003,
TAP_A01,006b,Vochysia guianensis,Vochysiaceae,727057.748683056,9684105.6857416,O,87.0,False,27.77,43.15,20151214.0,87.2,False,20161015.0,,True,20180901,4,,43.15,measured,0.167,site_median,-3.0,,,87.0,False,O,43.15,measured,86.499,43.06038427434916,0.5087,4922.0218,4922.0218,4189.6193,4856.9805,4856.9805,4134.2563,
TAP_A01,007a,Hymenolobium petraeum,Fabaceae,727039.2112581598,9684096.898136,O,15.6,False,11.4,15.22,20151214.0,13.9,False,20161015.0,,True,20180901,4,,15.22,measured,0.167,site_median,-3.0,,,15.6,False,O,15.22,measured,15.099,14.883228668131794,0.7125,62.1551,62.1551,73.5054,57.0584,57.0584,67.478,
TAP_A01,007b,Maquira coriacea,Moraceae,727051.193553346,9684105.64578656,O,11.5,False,,,20151214.0,11.6,False,20161015.0,,True,20180901,4,,12.35,local_fit,0.167,site_median,-3.0,,,11.5,False,O,,feldpausch,10.999,,0.5112,,,,,,,
TAP_A01,008a,,,727032.1270366719,9684094.2214712,O,13.1,False,,,20151214.0,17.1,False,20161015.0,,True,20180901,4,,13.32,local_fit,0.167,site_median,-3.0,,,13.1,False,O,,feldpausch,12.599,,0.6697,,,,,,,
TAP_A01,008b,Tachigali myrmecophila,Fabaceae,727053.666003996,9684107.4531576,O,19.3,False,,,20151214.0,19.7,False,20161015.0,,True,20180901,4,,16.67,local_fit,0.167,site_median,-3.0,,,19.3,False,O,,feldpausch,18.799,,0.476,,,,,,,
TAP_A01,009a,Micropholis venulosa,Sapotaceae,727028.77385908,9684094.444808,O,17.0,False,,,20151214.0,17.0,False,20161015.0,,True,20180901,4,,15.49,local_fit,0.167,site_median,-3.0,,,17.0,False,O,,feldpausch,16.499,,0.67,,,,,,,
TAP_A01,009b,Duguetia surinamensis,Annonaceae,727056.6156168958,9684108.5438656,O,12.5,False,,,20151214.0,12.6,False,20161015.0,,True,20180901,4,,12.96,local_fit,0.167,site_median,-3.0,,,12.5,False,O,,feldpausch,11.999,,0.8,,,,,,,
TAP_A01,010a,Maquira coriacea,Moraceae,727025.994629688,9684097.193484802,O,11.0,False,,,20151214.0,13.5,False,20161015.0,,True,20180901,4,,12.03,local_fit,0.167,site_median,-3.0,,,11.0,False,O,,feldpausch,10.499,,0.5112,,,,,,,
TAP_A01,010b,,,727056.54046712,9684111.531672,O,50.5,False,34.69,45.54,20151214.0,50.5,False,20161015.0,,True,20180901,4,,45.54,measured,0.167,site_median,-3.0,,,50.5,False,O,45.54,measured,49.999,45.31560545613921,0.6697,1794.2256,1794.2256,1997.4306,1751.1809,1751.1809,1949.5109,
TAP_A01,011a,Lecythis lurida,Lecythidaceae,727026.3256392,9684100.53214,O,15.5,False,,,20151214.0,15.5,False,20161015.0,,True,20180901,4,,14.68,local_fit,0.167,site_median,-3.0,,,15.5,False,O,,feldpausch,14.999,,0.8633,,,,,,,
TAP_A01,011b,Couratari stellata,Lecythidaceae,727055.482550736,9684111.4019896,O,58.0,False,27.71,39.23,20151214.0,58.0,False,20161015.0,,True,20180901,4,,39.23,measured,0.167,site_median,-3.0,,,58.0,False,O,39.23,measured,57.499,39.072538592321465,0.6331,2032.5611,2032.5611,2142.07,1990.6013,1990.6013,2097.8495,
TAP_A01,012a,Couratari stellata,Lecythidaceae,727031.1010043758,9684106.9864916,O,29.2,False,,,20151214.0,29.5,False,20161015.0,,True,20180901,4,,21.2,local_fit,0.167,site_median,-3.0,,,29.2,False,O,,feldpausch,28.698999999999998,,0.6331,,,,,,,
TAP_A01,012b,Protium paniculatum,Burseraceae,727057.7933224029,9684115.46071832,O,23.4,False,,,20151214.0,24.4,False,20161015.0,,True,20180901,4,,18.64,local_fit,0.167,site_median,-3.0,,,23.4,False,O,,feldpausch,22.898999999999997,,0.49,,,,,,,
TAP_A01,013a,Bowdichia nitida,Fabaceae,727027.1632354798,9684110.41384,O,14.9,False,,,20151214.0,15.4,False,20161015.0,,True,20180901,4,,14.35,local_fit,0.167,site_median,-3.0,,,14.9,False,O,,feldpausch,14.399000000000001,,0.8033,,,,,,,
TAP_A01,013b,Quiina florida,Ochnaceae,727053.971795856,9684115.2128216,O,11.4,False,,,20151214.0,11.6,False,20161015.0,,True,20180901,4,,12.29,local_fit,0.167,site_median,-3.0,,,11.4,False,O,,feldpausch,10.899000000000001,,0.728,,,,,,,
TAP_A01,014a,,,727025.5698681598,9684112.891136002,O,23.7,True,,,20151214.0,23.6,True,20161015.0,,True,20180901,4,,18.78,local_fit,0.167,site_median,-3.0,,,23.7,True,O,,feldpausch,23.198999999999998,,0.6697,,,,,,,
TAP_A01,014b,Quiina florida,Ochnaceae,727054.514199316,9684116.5598456,O,10.1,False,,,20151214.0,10.2,False,20161015.0,,True,20180901,4,,11.45,local_fit,0.167,site_median,-3.0,,,10.1,False,O,,feldpausch,9.599,,0.728,,,,,,,
TAP_A01,015a,Brosimum rubescens,Moraceae,727025.07354448,9684115.020328,O,10.6,False,,,20151214.0,10.7,False,20161015.0,,True,20180901,4,,11.78,local_fit,0.167,site_median,-3.0,,,10.6,False,O,,feldpausch,10.099,,0.8251,,,,,,,
TAP_A01,015b,Couratari stellata,Lecythidaceae,727056.991589912,9684118.3937052,O,50.1,False,31.19,38.36,20151214.0,50.2,False,20161015.0,,True,20180901,4,,38.36,measured,0.167,site_median,-3.0,,,50.1,False,O,38.36,measured,49.599000000000004,38.168793525326166,0.6331,1494.2024,1494.2024,1574.706,1458.0461,1458.0461,1536.6017,
TAP_A01,016a,Tachigali myrmecophila,Fabaceae,727022.7419904,9684116.62096,O,13.5,False,,,20151214.0,13.7,False,20161015.0,,True,20180901,4,,13.55,local_fit,0.167,site_median,-3.0,,,13.5,False,O,,feldpausch,12.999,,0.476,,,,,,,
TAP_A01,016b,Quiina florida,Ochnaceae,727056.46179648,9684122.139848,O,15.0,False,,,20151214.0,15.5,False,20161015.0,,True,20180901,4,,14.41,local_fit,0.167,site_median,-3.0,,,15.0,False,O,,feldpausch,14.499,,0.728,,,,,,,
TAP_A01,017a,Chimarrhis turbinata,Rubiaceae,727031.77555764,9684119.780074,O,12.0,False,,,20151214.0,12.2,False,20161015.0,,True,20180901,4,,12.66,local_fit,0.167,site_median,-3.0,,,12.0,False,O,,feldpausch,11.499,,0.72,,,,,,,
TAP_A01,017b,,,727052.52616298,9684121.493148,O,23.6,True,,,20151214.0,23.6,True,20161015.0,,True,20180901,4,,18.74,local_fit,0.167,site_median,-3.0,,,23.6,True,O,,feldpausch,23.099,,0.6697,,,,,,,
TAP_A01,018a,Tetragastris panamensis,Burseraceae,727033.1757509998,9684125.1598,O,24.8,False,,,20151214.0,25.4,False,20161015.0,,True,20180901,4,,19.28,local_fit,0.167,site_median,-3.0,,,24.8,False,O,,feldpausch,24.299,,0.7173,,,,,,,
TAP_A01,018b,Maquira coriacea,Moraceae,727051.59235692,9684121.214882,O,37.0,False,21.75,30.69,20151214.0,37.1,False,20161015.0,,True,20180901,4,,30.69,measured,0.167,site_median,-3.0,,,37.0,False,O,30.69,measured,36.499,30.456822643237935,0.5112,665.1191,665.1191,568.864,642.8495,642.8495,549.8172,
TAP_A01,019a,Maquira coriacea,Moraceae,727025.88884794,9684123.731704,O,50.4,False,29.07,37.06,20151214.0,50.5,False,20161015.0,,True,20180901,4,,37.06,measured,0.167,site_median,-3.0,,,50.4,False,O,37.06,measured,49.899,36.87686421889465,0.5112,1461.6951,1461.6951,1250.1607,1426.5528,1426.5528,1220.1041,
TAP_A01,019b,Chamaecrista xinguensis,Fabaceae,727049.72589396,9684123.328376,O,15.4,False,6.55,12.42,20151214.0,15.4,False,20161015.0,,True,20180901,4,,12.42,measured,0.167,site_median,-3.0,,,15.4,False,O,12.42,measured,14.899000000000001,12.141040791129596,0.9035,49.7008,49.7008,74.1095,45.5719,45.5719,67.9528,
TAP_A01,020a,Aspidosperma parvifolium,Apocynaceae,727024.86796864,9684124.017704,O,10.8,False,,,20151214.0,11.0,False,20161015.0,,True,20180901,4,,11.91,local_fit,0.167,site_median,-3.0,,,10.8,False,O,,feldpausch,10.299000000000001,,0.781,,,,,,,
TAP_A01,020b,Astronium graveolens,Anacardiaceae,727049.3528312,9684124.28508,O,11.7,False,7.88,12.25,20151214.0,11.9,False,20161015.0,,True,20180901,4,,12.25,measured,0.167,site_median,-3.0,,,11.7,False,O,12.25,measured,11.199,11.87341346310571,0.8677,28.6801,28.6801,41.1102,25.5414,25.5414,36.6112,
TAP_A01,021a,Copaifera reticulata,Fabaceae,727028.1514887998,9684126.01954,O,12.7,False,,,20151214.0,13.0,False,20161015.0,,True,20180901,4,,13.08,local_fit,0.167,site_median,-3.0,,,12.7,False,O,,feldpausch,12.199,,0.6075,,,,,,,
TAP_A01,021b,Symphonia globulifera,Clusiaceae,727049.250686856,9684127.1216716,O,10.2,False,9.54,14.04,20151214.0,10.4,False,20161015.0,,True,20180901,4,,14.04,measured,0.167,site_median,-3.0,,,10.2,False,O,14.04,measured,9.699,13.53666351090651,0.6004,25.0656,25.0656,25.0819,21.9234,21.9234,21.9376,
TAP_A01,022a,Chamaecrista scleroxylon,Fabaceae,727032.1290851,9684128.73204,O,16.8,False,,,20151214.0,17.1,False,20161015.0,,True,20180901,4,,15.38,local_fit,0.167,site_median,-3.0,,,16.8,False,O,,feldpausch,16.299,,0.955,,,,,,,
TAP_A01,022b,Quiina florida,Ochnaceae,727046.9614687999,9684127.8636,O,17.0,False,6.3,11.4,20151214.0,17.4,False,20161015.0,,True,20180901,4,,11.4,measured,0.167,site_median,-3.0,,,17.0,False,O,11.4,measured,16.499,11.171813403069816,0.728,55.4416,55.4416,66.9577,51.2751,51.2751,61.9258,
TAP_A01,023a,Aspidosperma spruceanum,Apocynaceae,727029.009413296,9684129.7965656,O,24.4,False,,,20151214.0,24.3,False,20161015.0,,True,20180901,4,,19.1,local_fit,0.167,site_median,-3.0,,,24.4,False,O,,feldpausch,23.898999999999997,,0.7533,,,,,,,
TAP_A01,023b,Lecythis lurida,Lecythidaceae,727048.91869404,9684129.45948,O,16.5,False,65.11,11.69,20151214.0,16.5,False,20161015.0,,True,20180901,4,,11.69,measured,0.167,site_median,-3.0,,,16.5,False,O,11.69,measured,15.999,11.447689182507085,0.8633,53.6014,53.6014,76.4559,49.4491,49.4491,70.5331,
TAP_A01,024a,Myrcia splendens,Myrtaceae,727021.946705296,9684128.4342376,O,14.8,False,,,20151214.0,15.0,False,20161015.0,,True,20180901,4,,14.29,local_fit,0.167,site_median,-3.0,,,14.8,False,O,,feldpausch,14.299000000000001,,0.8,,,,,,,
TAP_A01,024b,Virola sebifera,Myristicaceae,727044.4448763198,9684129.304392,O,19.3,False,14.14,20.33,20151214.0,19.7,False,20161015.0,,True,20180901,4,,20.33,measured,0.167,site_median,-3.0,,,19.3,False,O,20.33,measured,18.799,19.97974435280762,0.4454,124.9139,124.9139,93.3881,116.6669,116.6669,87.2224,
TAP_A01,025a,Erisma uncinatum,Vochysiaceae,727023.6323825918,9684129.0894032,O,31.7,False,,,20151214.0,31.8,False,20161015.0,,True,20180901,4,,22.23,local_fit,0.167,site_median,-3.0,,,31.7,False,O,,feldpausch,31.198999999999998,,0.5231,,,,,,,
TAP_A01,025b,Quiina florida,Ochnaceae,727043.8701805118,9684130.8542992,O,10.1,False,,,20151214.0,10.4,False,20161015.0,,True,20180901,4,,11.45,local_fit,0.167,site_median,-3.0,,,10.1,False,O,,feldpausch,9.599,,0.728,,,,,,,
TAP_A01,026a,Erisma uncinatum,Vochysiaceae,727021.84744056,9684128.860076,O,136.8,False,34.22,51.75,20151214.0,133.8,False,20161015.0,,True,20180901,4,,51.75,measured,0.167,site_median,-3.0,,,136.8,False,O,51.75,measured,136.299,51.7055174161946,0.5231,14219.2686,14219.2686,12437.3203,14105.9514,14105.9514,12338.2039,
TAP_A01,026b,Couratari stellata,Lecythidaceae,727042.39818788,9684133.022136,O,14.4,False,,,20151214.0,14.6,False,20161015.0,,True,20180901,4,,14.07,local_fit,0.167,site_median,-3.0,,,14.4,False,O,,feldpausch,13.899000000000001,,0.6331,,,,,,,
TAP_A01,027a,Enterolobium maximum,Fabaceae,727020.6918677998,9684137.5652,O,12.0,False,,,20151214.0,12.3,False,20161015.0,,True,20180901,4,,12.66,local_fit,0.167,site_median,-3.0,,,12.0,False,O,,feldpausch,11.499,,0.4067,,,,,,,
TAP_A01,027b,,,727041.5713972799,9684137.053928,O,19.7,True,,,20151214.0,19.7,True,20161015.0,,True,20180901,4,,16.87,local_fit,0.167,site_median,-3.0,,,19.7,True,O,,feldpausch,19.198999999999998,,0.6697,,,,,,,
TAP_A01,028a,Casearia javitensis,Salicaceae,727026.49992152,9684138.883692,O,15.4,False,,,20151214.0,15.4,True,20161015.0,,True,20180901,4,,14.63,local_fit,0.167,site_median,-3.0,,,15.4,False,O,,feldpausch,14.899000000000001,,0.753,,,,,,,
TAP_A01,028b,Quiina florida,Ochnaceae,727042.34942183,9684138.92694304,O,14.6,False,,,20151214.0,14.7,False,20161015.0,,True,20180901,4,,14.18,local_fit,0.167,site_median,-3.0,,,14.6,False,O,,feldpausch,14.099,,0.728,,,,,,,
TAP_A01,029a,Couratari stellata,Lecythidaceae,727033.9674191598,9684140.578896,O,25.4,False,,,20151214.0,25.7,False,20161015.0,,True,20180901,4,,19.55,local_fit,0.167,site_median,-3.0,,,25.4,False,O,,feldpausch,24.898999999999997,,0.6331,,,,,,,
TAP_A01,029b,Vochysia guianensis,Vochysiaceae,727039.0372374499,9684137.92351696,O,13.5,False,,,20151214.0,13.8,False,20161015.0,,True,20180901,4,,13.55,local_fit,0.167,site_median,-3.0,,,13.5,False,O,,feldpausch,12.999,,0.5087,,,,,,,
TAP_A01,030a,Manilkara huberi,Sapotaceae,727033.26062896,9684137.188216,O,70.0,False,27.66,43.53,20151214.0,70.0,False,20161015.0,,True,20180901,4,,43.53,measured,0.167,site_median,-3.0,,,70.0,False,O,43.53,measured,69.499,43.39972277316852,0.9214,3247.5048,3247.5048,4935.8153,3192.9352,3192.9352,4852.8761,
TAP_A01,030b,Couratari stellata,Lecythidaceae,727044.444252128,9684143.7832968,O,15.7,False,,,20151214.0,15.8,False,20161015.0,,True,20180901,4,,14.79,local_fit,0.167,site_median,-3.0,,,15.7,False,O,,feldpausch,15.199,,0.6331,,,,,,,
TAP_A01,031a,Quiina florida,Ochnaceae,727034.21328268,9684134.174248,O,13.2,False,,,20151214.0,13.7,False,20161015.0,,True,20180901,4,,13.38,local_fit,0.167,site_median,-3.0,,,13.2,False,O,,feldpausch,12.699,,0.728,,,,,,,
TAP_A01,031b,Nectandra cuspidata,Lauraceae,727045.5835266,9684143.21588,O,10.6,False,,,20151214.0,10.8,False,20161015.0,,True,20180901,4,,11.78,local_fit,0.167,site_median,-3.0,,,10.6,False,O,,feldpausch,10.099,,0.518,,,,,,,
TAP_A01,032a,Sloanea guianensis,Elaeocarpaceae,727039.9451708999,9684133.781084,O,10.7,False,,,20151214.0,11.2,False,20161015.0,,True,20180901,4,,11.84,local_fit,0.167,site_median,-3.0,,,10.7,False,O,,feldpausch,10.199,,0.8212,,,,,,,
TAP_A01,032b,Quiina florida,Ochnaceae,727050.262092672,9684138.7657952,O,11.0,False,,,20151214.0,11.1,False,20161015.0,,True,20180901,4,,12.03,local_fit,0.167,site_median,-3.0,,,11.0,False,O,,feldpausch,10.499,,0.728,,,,,,,
TAP_A01,033a,Tachigali paniculata,Fabaceae,727040.20407648,9684130.312528,O,45.3,False,21.77,29.84,20151214.0,45.7,False,20161015.0,,True,20180901,4,,29.84,measured,0.167,site_median,-3.0,,,45.3,False,O,29.84,measured,44.799,29.668267106164084,0.5545,960.6563,960.6563,889.4885,934.746,934.746,865.4977,
TAP_A01,033b,Quiina florida,Ochnaceae,727050.9762256,9684141.39544,O,12.0,False,,,20151214.0,12.1,False,20161015.0,,True,20180901,4,,12.66,local_fit,0.167,site_median,-3.0,,,12.0,False,O,,feldpausch,11.499,,0.728,,,,,,,
TAP_A01,034a,Sloanea guianensis,Elaeocarpaceae,727041.5668006398,9684126.373824,O,13.0,False,,,20151214.0,12.9,True,20161015.0,,True,20180901,4,,13.26,local_fit,0.167,site_median,-3.0,,,13.0,False,O,,feldpausch,12.499,,0.8212,,,,,,,
TAP_A01,034b,Handroanthus serratifolius,Bignoniaceae,727050.9762256,9684141.39544,O,18.4,False,,,20151214.0,18.4,False,20161015.0,,True,20180901,4,,16.22,local_fit,0.167,site_median,-3.0,,,18.4,False,O,,feldpausch,17.898999999999997,,0.6697,,,,,,,
TAP_A01,035a,Tachigali myrmecophila,Fabaceae,727039.5812412,9684120.37734,O,14.7,False,,,20151214.0,15.5,False,20161015.0,,True,20180901,4,,14.24,local_fit,0.167,site_median,-3.0,,,14.7,False,O,,feldpausch,14.199,,0.476,,,,,,,
TAP_A01,035b,Pseudopiptadenia psilostachya,Fabaceae,727053.6355974039,9684141.7238464,O,12.7,False,,,20151214.0,12.9,False,20161015.0,,True,20180901,4,,13.08,local_fit,0.167,site_median,-3.0,,,12.7,False,O,,feldpausch,12.199,,0.6642,,,,,,,
TAP_A01,036a,Quiina florida,Ochnaceae,727037.43111636,9684117.547216,O,11.0,False,,,20151214.0,11.9,False,20161015.0,,True,20180901,4,,12.03,local_fit,0.167,site_median,-3.0,,,11.0,False,O,,feldpausch,10.499,,0.728,,,,,,,
TAP_A01,036b,Alexa grandiflora,Fabaceae,727052.323012272,9684140.4956912,O,24.7,False,,,20151214.0,24.7,False,20161015.0,,True,20180901,4,,19.24,local_fit,0.167,site_median,-3.0,,,24.7,False,O,,feldpausch,24.198999999999998,,0.66,,,,,,,
TAP_A01,037a,Quiina florida,Ochnaceae,727034.7544056958,9684116.3085576,O,11.5,False,,,20151214.0,11.9,False,20161015.0,,True,20180901,4,,12.35,local_fit,0.167,site_median,-3.0,,,11.5,False,O,,feldpausch,10.999,,0.728,,,,,,,
TAP_A01,037b,Couratari stellata,Lecythidaceae,727055.43560938,9684137.907088,O,13.6,False,,,20151214.0,13.6,False,20161015.0,,True,20180901,4,,13.61,local_fit,0.167,site_median,-3.0,,,13.6,False,O,,feldpausch,13.099,,0.6331,,,,,,,
TAP_A01,038a,Quiina florida,Ochnaceae,727035.8671776,9684115.97404,O,12.7,False,,,20151214.0,13.1,False,20161015.0,,True,20180901,4,,13.08,local_fit,0.167,site_median,-3.0,,,12.7,False,O,,feldpausch,12.199,,0.728,,,,,,,
TAP_A01,038b,,,727049.2764881998,9684129.5572,O,15.5,True,,,20151214.0,15.5,True,20161015.0,,True,20180901,4,,14.68,local_fit,0.167,site_median,-3.0,,,15.5,True,O,,feldpausch,14.999,,0.6697,,,,,,,
TAP_A01,039a,Thyrsodium spruceanum,Anacardiaceae,727038.98846,9684115.80618,O,17.1,False,,,20151214.0,18.1,False,20161015.0,,True,20180901,4,,15.54,local_fit,0.167,site_median,-3.0,,,17.1,False,O,,feldpausch,16.599,,0.64,,,,,,,
TAP_A01,039b,Duguetia surinamensis,Annonaceae,727063.5031482339,9684132.83645536,O,23.2,False,,,20151214.0,23.4,False,20161015.0,,True,20180901,4,,18.55,local_fit,0.167,site_median,-3.0,,,23.2,False,O,,feldpausch,22.698999999999998,,0.8,,,,,,,
TAP_A01,040a,,,727038.35601432,9684114.509272,O,65.0,True,,9.34,20151214.0,64.5,True,20161015.0,,True,20180901,4,,9.34,measured,0.167,site_median,-3.0,,,65.0,True,O,9.34,measured,64.499,9.308548699633821,0.6697,625.6423,529.2123,529.2123,614.2383,519.6499,519.6499,
TAP_A01,040b,Quiina florida,Ochnaceae,727062.6040244158,9684131.3704176,O,13.9,False,,,20151214.0,14.2,False,20161015.0,,True,20180901,4,,13.78,local_fit,0.167,site_median,-3.0,,,13.9,False,O,,feldpausch,13.399000000000001,,0.728,,,,,,,
TAP_A01,041a,Couratari stellata,Lecythidaceae,727038.66431364,9684113.496624,O,30.0,False,,,20151214.0,30.1,False,20161015.0,,True,20180901,4,,21.53,local_fit,0.167,site_median,-3.0,,,30.0,False,O,,feldpausch,29.499,,0.6331,,,,,,,
TAP_A01,041b,Neea oppositifolia,Nyctaginaceae,727065.8656079998,9684131.06796,O,12.2,False,,,20151214.0,13.4,False,20161015.0,,True,20180901,4,,12.78,local_fit,0.167,site_median,-3.0,,,12.2,False,O,,feldpausch,11.699,,0.893,,,,,,,
TAP_A01,042a,Duguetia surinamensis,Annonaceae,727035.81432288,9684112.619868,O,16.7,False,,,20151214.0,16.8,False,20161015.0,,True,20180901,4,,15.33,local_fit,0.167,site_median,-3.0,,,16.7,False,O,,feldpausch,16.198999999999998,,0.8,,,,,,,
TAP_A01,042b,Vochysia guianensis,Vochysiaceae,727063.824982656,9684126.8144576,O,145.0,False,38.27,39.59,20151214.0,145.1,False,20161015.0,,True,20180901,4,,39.59,measured,0.167,site_median,-3.0,,,145.0,False,O,39.59,measured,144.499,39.560082370222155,0.5087,12265.7605,12265.7605,10440.6014,12174.1844,12174.1844,10362.6519,
TAP_A01,043a,Couratari stellata,Lecythidaceae,727041.5143043998,9684114.37338,O,36.6,False,20.51,33.52,20151214.0,36.6,False,20161015.0,,True,20180901,4,,33.52,measured,0.167,site_median,-3.0,,,36.6,False,O,33.52,measured,36.099000000000004,33.26159059414682,0.6331,709.6962,709.6962,747.9327,685.6582,685.6582,722.5996,
TAP_A01,043b,Quiina florida,Ochnaceae,727063.274549904,9684123.5588424,O,10.1,False,,,20151214.0,10.6,False,20161015.0,,True,20180901,4,,11.45,local_fit,0.167,site_median,-3.0,,,10.1,False,O,,feldpausch,9.599,,0.728,,,,,,,
TAP_A01,044a,,,727042.5950225838,9684114.2669664,O,17.0,True,,,20151214.0,17.0,True,20161015.0,,True,20180901,4,,15.49,local_fit,0.167,site_median,-3.0,,,17.0,True,O,,feldpausch,16.499,,0.6697,,,,,,,
TAP_A01,044b,Protium hebetatum,Burseraceae,727058.94830556,9684126.011136,O,31.3,False,,,20151214.0,31.3,False,20161015.0,,True,20180901,4,,22.07,local_fit,0.167,site_median,-3.0,,,31.3,False,O,,feldpausch,30.799,,0.5773,,,,,,,
TAP_A01,045a,Tetragastris panamensis,Burseraceae,727040.2401611198,9684111.771572,O,11.1,False,,,20151214.0,11.3,False,20161015.0,,True,20180901,4,,12.1,local_fit,0.167,site_median,-3.0,,,11.1,False,O,,feldpausch,10.599,,0.7173,,,,,,,
TAP_A01,045b,Quiina florida,Ochnaceae,727054.96524864,9684127.992504,O,12.2,False,,,20151214.0,12.8,False,20161015.0,,True,20180901,4,,12.78,local_fit,0.167,site_median,-3.0,,,12.2,False,O,,feldpausch,11.699,,0.728,,,,,,,
TAP_A01,046a,Couratari stellata,Lecythidaceae,727041.8047875199,9684106.728312,O,16.4,False,,,20151214.0,16.6,False,20161015.0,,True,20180901,4,,15.17,local_fit,0.167,site_median,-3.0,,,16.4,False,O,,feldpausch,15.899,,0.6331,,,,,,,
TAP_A01,046b,"Pouteria sp,",Sapotaceae,727060.9289392,9684119.29768,O,11.0,False,,,20151214.0,11.1,False,20161015.0,,True,20180901,4,,12.03,local_fit,0.167,site_median,-3.0,,,11.0,False,O,,feldpausch,10.499,,0.7187,,,,,,,
TAP_A01,047a,Duguetia surinamensis,Annonaceae,727042.1177128,9684105.71966,O,21.7,False,,,20151214.0,21.7,False,20161015.0,,True,20180901,4,,17.85,local_fit,0.167,site_median,-3.0,,,21.7,False,O,,feldpausch,21.198999999999998,,0.8,,,,,,,
TAP_A01,047b,Manilkara huberi,Sapotaceae,727062.4286811479,9684118.4021608,O,95.5,False,23.27,39.33,20151214.0,96.0,False,20161015.0,,True,20180901,4,,39.33,measured,0.167,site_median,-3.0,,,95.5,False,O,39.33,measured,94.999,39.26086664667177,0.9214,5393.5889,5393.5889,8197.6042,5329.3358,5329.3358,8099.9472,
TAP_A01,048a,Quiina florida,Ochnaceae,727044.4138992,9684105.36744,O,10.6,False,,,20151214.0,11.1,False,20161015.0,,True,20180901,4,,11.78,local_fit,0.167,site_median,-3.0,,,10.6,False,O,,feldpausch,10.099,,0.728,,,,,,,
TAP_A01,048b,Tachigali myrmecophila,Fabaceae,727066.2584695359,9684121.8822556,O,21.2,False,,,20151214.0,21.2,False,20161015.0,,True,20180901,4,,17.61,local_fit,0.167,site_median,-3.0,,,21.2,False,O,,feldpausch,20.698999999999998,,0.476,,,,,,,
TAP_A01,049a,"Pouteria sp,",Sapotaceae,727045.40552976,9684105.695656,O,19.0,False,,,20151214.0,19.3,False,20161015.0,,True,20180901,4,,16.52,local_fit,0.167,site_median,-3.0,,,19.0,False,O,,feldpausch,18.499,,0.7187,,,,,,,
TAP_A01,049b,Manilkara huberi,Sapotaceae,727049.759851504,9684115.8315784,O,29.0,False,,,20151214.0,29.2,False,20161015.0,,True,20180901,4,,21.12,local_fit,0.167,site_median,-3.0,,,29.0,False,O,,feldpausch,28.499,,0.9214,,,,,,,
TAP_A01,050a,Ormosia grossa,Fabaceae,727048.800222216,9684102.1996656,O,20.6,False,,,20151214.0,20.8,False,20161015.0,,True,20180901,4,,17.32,local_fit,0.167,site_median,-3.0,,,20.6,False,O,,feldpausch,20.099,,0.5906,,,,,,,
TAP_A01,050b,Iryanthera laevis,Myristicaceae,727050.4280875198,9684116.038952,O,22.0,False,,,20151214.0,22.3,False,20161015.0,,True,20180901,4,,17.99,local_fit,0.167,site_median,-3.0,,,22.0,False,O,,feldpausch,21.499,,0.615,,,,,,,
TAP_A01,051a,Vismia floribunda,Hypericaceae,727049.8453499118,9684102.4461972,O,41.1,False,,,20151214.0,41.7,False,20161015.0,,True,20180901,4,,25.85,local_fit,0.167,site_median,-3.0,,,41.1,False,O,,feldpausch,40.599000000000004,,0.4909,,,,,,,
TAP_A01,051b,Quiina florida,Ochnaceae,727065.07853068,9684117.460168,O,17.7,False,,,20151214.0,18.1,False,20161015.0,,True,20180901,4,,15.86,local_fit,0.167,site_median,-3.0,,,17.7,False,O,,feldpausch,17.198999999999998,,0.728,,,,,,,
TAP_A01,052a,"Pouteria sp,",Sapotaceae,727051.08539676,9684095.476696,O,24.0,False,,,20151214.0,24.5,False,20161015.0,,True,20180901,4,,18.92,local_fit,0.167,site_median,-3.0,,,24.0,False,O,,feldpausch,23.499,,0.7187,,,,,,,
TAP_A01,052b,Vochysia guianensis,Vochysiaceae,727066.707112944,9684114.0069104,O,84.7,False,26.19,41.23,20151214.0,89.0,False,20161015.0,,True,20180901,4,,41.23,measured,0.167,site_median,-3.0,,,84.7,False,O,41.23,measured,84.199,41.14027460394256,0.5087,4468.2485,4468.2485,3803.3681,4407.4216,4407.4216,3751.5923,
TAP_A01,053a,Tachigali paniculata,Fabaceae,727052.46859392,9684094.864192,O,13.3,False,,,20151214.0,13.3,False,20161015.0,,True,20180901,4,,13.44,local_fit,0.167,site_median,-3.0,,,13.3,False,O,,feldpausch,12.799000000000001,,0.5545,,,,,,,
TAP_A01,053b,Quiina florida,Ochnaceae,727066.921400084,9684113.5525344,O,14.7,False,,,20151214.0,14.9,False,20161015.0,,True,20180901,4,,14.24,local_fit,0.167,site_median,-3.0,,,14.7,False,O,,feldpausch,14.199,,0.728,,,,,,,
TAP_A01,054b,Casearia javitensis,Salicaceae,727068.2928377799,9684110.644528,O,12.5,False,,,20151214.0,12.5,False,20161015.0,,True,20180901,4,,12.96,local_fit,0.167,site_median,-3.0,,,12.5,False,O,,feldpausch,11.999,,0.753,,,,,,,
TAP_A01,055b,Tachigali paniculata,Fabaceae,727064.772140468,9684108.1820208,O,40.5,False,22.42,32.7,20151214.0,41.7,False,20161015.0,,True,20180901,4,,32.7,measured,0.167,site_median,-3.0,,,40.5,False,O,32.7,measured,39.999,32.48016128320878,0.5545,844.1342,844.1342,781.5986,818.4647,818.4647,757.8308,
TAP_A01,056b,Casearia javitensis,Salicaceae,727062.4208903998,9684102.76492,O,12.2,False,,,20151214.0,12.3,False,20161015.0,,True,20180901,4,,12.78,local_fit,0.167,site_median,-3.0,,,12.2,False,O,,feldpausch,11.699,,0.753,,,,,,,
TAP_A01,057b,Vochysia guianensis,Vochysiaceae,727072.064291444,9684102.6475104,O,16.6,False,,,20151214.0,17.4,False,20161015.0,,True,20180901,4,,15.28,local_fit,0.167,site_median,-3.0,,,16.6,False,O,,feldpausch,16.099,,0.5087,,,,,,,
TAP_A01,058b,Nectandra cuspidata,Lauraceae,727073.178584572,9684100.2847552,O,31.2,False,,,20151214.0,31.2,True,20161015.0,,True,20180901,4,,22.03,local_fit,0.167,site_median,-3.0,,,31.2,False,O,,feldpausch,30.698999999999998,,0.518,,,,,,,
TAP_A01,059b,Protium hebetatum,Burseraceae,727074.023329695,9684100.59176352,O,11.4,False,,,20151214.0,11.4,False,20161015.0,,True,20180901,4,,12.29,local_fit,0.167,site_median,-3.0,,,11.4,False,O,,feldpausch,10.899000000000001,,0.5773,,,,,,,
TAP_A01,060b,Protium hebetatum,Burseraceae,727080.358918119,9684102.89432592,O,19.2,False,,,20151214.0,19.2,False,20161015.0,,True,20180901,4,,16.62,local_fit,0.167,site_median,-3.0,,,19.2,False,O,,feldpausch,18.698999999999998,,0.5773,,,,,,,
TAP_A01,061a,Cecropia palmata,Urticaceae,727031.9634041501,9684104.42836704,O,,,,,,,,,15.7,False,20180901,4,14.6,14.6,feldpausch_regional,0.167,site_median,-3.0,15.2,14.28,,False,O,14.6,feldpausch,,,0.3404,,,,,,,
TAP_A01,062a,Quiina florida,Ochnaceae,727027.7188057558,9684121.4281636,O,,,,,,,,,11.5,False,20180901,4,11.75,11.75,feldpausch_regional,0.167,site_median,-3.0,11.0,11.38,,False,O,11.75,feldpausch,,,0.728,,,,,,,
TAP_A01,063a,Quiina florida,Ochnaceae,727023.851796422,9684132.27882224,O,,,,,,,,,10.4,False,20180901,4,10.93,10.93,feldpausch_regional,0.167,site_median,-3.0,9.9,10.55,,False,O,10.93,feldpausch,,,0.728,,,,,,,
TAP_A01,064a,Vismia floribunda,Hypericaceae,727044.760501203,9684094.22876232,O,,,,,,,,,10.0,False,20180901,4,10.62,10.62,feldpausch_regional,0.167,site_median,-3.0,9.5,10.23,,False,O,10.62,feldpausch,,,0.4909,,,,,,,
TAP_A01,001a,Chamaecrista scleroxylon,Fabaceae,726433.2493246,9683897.370782,O,30.4,False,,,20151212.0,,,,31.0,False,20180901,5,22.56,21.7,local_fit,0.2,observed,-3.0,30.4,21.45,30.4,False,O,22.56,feldpausch,29.799999999999997,22.29410343251701,0.955,335.6517,335.6517,528.3194,319.1275,319.1275,502.3102,
TAP_A01,001b,Eschweilera amazonica,Lecythidaceae,726454.7584475998,9683905.489892,O,26.0,False,10.46,16.16,20151212.0,,,,32.8,False,20180901,5,23.32,16.16,measured,2.267,observed,-3.0,26.0,14.06,26.0,False,O,16.16,measured,19.198999999999998,13.310879690500654,0.9,178.6189,178.6189,265.3338,81.7799,81.7799,121.4819,
TAP_A01,002a,Poeppigia procera,Fabaceae,726435.49350272,9683899.2513504,O,32.2,False,,,20151212.0,,,,,True,20180901,5,,22.44,local_fit,0.167,site_median,-3.0,,,32.2,False,O,,feldpausch,31.699,,0.735,,,,,,,
TAP_A01,002b,"Xylopia sp,",Annonaceae,726456.729070688,9683905.38244416,O,25.0,False,,,20151212.0,,,,26.6,False,20180901,5,20.58,19.37,local_fit,0.533,observed,-3.0,25.0,18.64,25.0,False,O,20.58,feldpausch,23.401,19.742242893909033,0.5959,209.4895,209.4895,208.0979,176.8126,176.8126,175.6381,
TAP_A01,003a,Lindackeria paludosa,Achariaceae,726434.429351144,9683899.467688082,O,23.0,False,,,20151212.0,,,,25.5,False,20180901,5,20.05,18.46,local_fit,0.833,observed,-3.0,23.0,17.3,23.0,False,O,20.05,feldpausch,20.501,18.618931599930285,0.56,173.547,173.547,162.2456,128.9797,128.9797,120.5806,
TAP_A01,003b,Dipteryx odorata,Fabaceae,726449.4059634398,9683909.8082408,O,50.5,False,23.93,33.47,20151212.0,,,,50.9,False,20180901,5,29.54,33.47,measured,0.133,observed,-3.0,50.5,33.35,50.5,False,O,33.47,measured,50.101,33.33878305340342,0.9228,1328.4629,1328.4629,2022.0684,1303.0462,1303.0462,1983.3813,
TAP_A01,004a,Erisma uncinatum,Vochysiaceae,726429.1197107598,9683897.8609732,O,12.0,False,,,20151212.0,,,,12.4,False,20180901,5,12.39,12.66,local_fit,0.133,observed,-3.0,12.0,12.37,12.0,False,O,12.39,feldpausch,11.600999999999999,12.095727994705657,0.5231,30.4691,30.4691,26.6508,27.8615,27.8615,24.3699,
TAP_A01,004b,Protium paniculatum,Burseraceae,726449.567611898,9683911.35492563,O,12.3,False,8.64,15.2,20151212.0,,,,13.1,False,20180901,5,12.88,15.2,measured,0.267,observed,-3.0,12.3,14.54,12.3,False,O,15.2,measured,11.499,14.490241421403041,0.49,39.0333,39.0333,32.0325,32.6647,32.6647,26.8062,
TAP_A01,005a,Erisma uncinatum,Vochysiaceae,726440.99260888,9683900.2936616,O,131.0,False,23.5,37.51,20151212.0,,,,90.7,False,20180901,5,37.71,37.51,measured,0.0,observed,-3.0,90.7,37.51,131.0,False,O,37.51,measured,131.0,37.51,0.5231,9544.2497,9544.2497,8348.1713,9544.2497,9544.2497,8348.1713,
TAP_A01,005b,Protium paniculatum,Burseraceae,726453.26839142,9683912.8988294,O,13.1,False,6.45,10.81,20151212.0,,,,13.4,False,20180901,5,13.08,10.81,measured,0.1,observed,-3.0,13.1,10.64,13.1,False,O,10.81,measured,12.799999999999999,10.635513399269385,0.49,31.6511,31.6511,25.9743,29.7749,29.7749,24.4347,
TAP_A01,006a,Couratari stellata,Lecythidaceae,726440.00027152,9683903.0424464,O,11.4,False,,,20151212.0,,,,12.0,False,20180901,5,12.11,12.29,local_fit,0.2,observed,-3.0,11.4,11.84,11.4,False,O,12.11,feldpausch,10.8,11.650095591874939,0.6331,26.958,26.958,28.4104,23.3583,23.3583,24.6168,
TAP_A01,006b,Quiina florida,Ochnaceae,726458.0709878398,9683913.1557488,O,11.0,False,4.24,6.51,20151212.0,,,,11.5,False,20180901,5,11.75,6.51,measured,0.167,observed,-3.0,11.0,6.31,11.0,False,O,6.51,measured,10.499,6.295500785729548,0.728,13.7187,13.7187,16.5683,12.1226,12.1226,14.6406,
TAP_A01,007a,Virola michelii,Myristicaceae,726439.206401632,9683905.24147424,O,16.5,False,,,20151212.0,,,,18.0,False,20180901,5,16.01,15.22,local_fit,0.5,observed,-3.0,16.5,14.35,16.5,False,O,16.01,feldpausch,15.0,15.001286050449156,0.4701,72.8577,72.8577,57.4222,56.7665,56.7665,44.7401,
TAP_A01,007b,Neea oppositifolia,Nyctaginaceae,726459.4977636798,9683914.7814576,O,12.7,False,7.85,14.51,20151212.0,,,,13.9,False,20180901,5,13.42,14.51,measured,0.4,observed,-3.0,12.7,13.62,12.7,False,O,14.51,measured,11.5,13.524407265981246,0.893,39.7075,39.7075,58.5367,30.5432,30.5432,45.0267,
TAP_A01,008a,Endopleura uchi,Humiriaceae,726439.899982532,9683900.60911524,O,36.9,False,15.7,24.72,20151212.0,,,,39.8,False,20180901,5,26.0,24.72,measured,0.967,observed,-3.0,36.9,23.71,36.9,False,O,24.72,measured,33.998999999999995,23.600036613127813,0.7944,535.6874,535.6874,704.5136,436.3604,436.3604,573.8829,
TAP_A01,008b,Casearia javitensis,Salicaceae,726458.747696604,9683920.19459228,O,12.3,False,8.94,14.9,20151212.0,,,,12.9,False,20180901,5,12.74,14.9,measured,0.2,observed,-3.0,12.3,14.41,12.3,False,O,14.9,measured,11.700000000000001,14.380670664949456,0.753,38.2812,38.2812,47.7817,33.5391,33.5391,41.8628,
TAP_A01,009a,Diospyros artanthifolia,Ebenaceae,726439.91910584,9683908.7597088,O,26.2,False,16.69,24.78,20151212.0,,,,23.4,False,20180901,5,18.99,24.78,measured,0.0,observed,-3.0,23.4,24.78,26.2,False,O,24.78,measured,26.2,24.78,0.6952,275.1869,275.1869,317.7072,275.1869,275.1869,317.7072,
TAP_A01,009b,Tetragastris panamensis,Burseraceae,726454.444046508,9683915.27951756,O,36.0,False,13.53,20.67,20151212.0,,,,37.4,False,20180901,5,25.13,20.67,measured,0.467,observed,-3.0,36.0,20.23,36.0,False,O,20.67,measured,34.599,20.2100427178705,0.7173,428.6822,428.6822,510.3211,388.1024,388.1024,462.0133,
TAP_A01,010a,Tetragastris panamensis,Burseraceae,726440.6243104,9683909.559248,O,33.0,False,13.06,23.13,20151212.0,,,,,True,20180901,5,,23.13,measured,0.167,site_median,-3.0,,,33.0,False,O,23.13,measured,32.499,22.925554408156852,0.7173,403.6782,403.6782,480.5553,388.4214,388.4214,462.3929,
TAP_A01,010b,Handroanthus serratifolius,Bignoniaceae,726453.261801872,9683915.88549504,O,40.0,False,11.23,19.58,20151212.0,,,,39.9,False,20180901,5,26.04,19.58,measured,0.0,observed,-3.0,39.9,19.58,40.0,False,O,19.58,measured,40.0,19.58,0.6697,499.4488,499.4488,556.0139,499.4488,499.4488,556.0139,
TAP_A01,011a,Quiina florida,Ochnaceae,726427.124063696,9683903.04979472,O,11.8,False,3.44,6.86,20151212.0,,,,12.1,False,20180901,5,12.18,6.86,measured,0.1,observed,-3.0,11.8,6.74,11.8,False,O,6.86,measured,11.5,6.735370331382077,0.728,16.5587,16.5587,19.9982,15.4676,15.4676,18.6805,
TAP_A01,011b,Quiina florida,Ochnaceae,726451.58090752,9683913.8400224,O,11.7,False,,,20151212.0,,,,12.0,False,20180901,5,12.11,12.47,local_fit,0.1,observed,-3.0,11.7,12.24,11.7,False,O,12.11,feldpausch,11.399999999999999,11.887872862870015,0.728,28.3601,28.3601,34.251,26.4753,26.4753,31.9746,
TAP_A01,012a,Tetragastris panamensis,Burseraceae,726427.76625112,9683906.5987384,O,22.7,False,9.31,17.91,20151212.0,,,,,True,20180901,5,,17.91,measured,0.167,site_median,-3.0,,,22.7,False,O,17.91,measured,22.198999999999998,17.656272292479013,0.7173,151.5111,151.5111,180.3651,143.0464,143.0464,170.2884,
TAP_A01,012b,Strychnos subcordata,Loganiaceae,726449.986684712,9683916.83634984,O,13.5,False,,,20151212.0,,,,13.7,False,20180901,5,13.29,13.55,local_fit,0.067,observed,-3.0,13.5,13.41,13.5,False,O,13.29,feldpausch,13.299,13.151339984795385,0.6959,41.0613,41.0613,47.4582,39.4703,39.4703,45.6193,
TAP_A01,013a,Quiina florida,Ochnaceae,726433.5326996,9683909.909852,O,13.4,False,8.64,11.88,20151212.0,,,,14.2,False,20180901,5,13.62,11.88,measured,0.267,observed,-3.0,13.4,11.41,13.4,False,O,11.88,measured,12.599,11.376861548284284,0.728,36.2736,36.2736,43.8081,30.8315,30.8315,37.2357,
TAP_A01,013b,Quiina florida,Ochnaceae,726448.9554967139,9683913.45127875,O,12.7,False,,,20151212.0,,,,12.7,False,20180901,5,12.6,13.08,local_fit,0.0,observed,-3.0,12.7,13.08,12.7,False,O,12.6,feldpausch,12.7,12.6,0.728,34.5977,34.5977,41.7842,34.5977,34.5977,41.7842,
TAP_A01,014a,Manilkara huberi,Sapotaceae,726428.584601096,9683912.41357272,O,11.2,False,12.96,18.3,20151212.0,,,,11.8,False,20180901,5,11.96,18.3,measured,0.2,observed,-3.0,11.2,17.64,11.2,False,O,18.3,measured,10.6,17.591043815058438,0.9214,38.9661,38.9661,59.2237,33.6715,33.6715,51.1766,
TAP_A01,014b,Quiina florida,Ochnaceae,726447.335299419,9683918.23286494,O,14.8,False,,,20151212.0,,,,15.1,False,20180901,5,14.21,14.29,local_fit,0.1,observed,-3.0,14.8,14.1,14.8,False,O,14.21,feldpausch,14.5,14.010529336804527,0.728,52.4497,52.4497,63.3444,49.7039,49.7039,60.0282,
TAP_A01,015a,Eschweilera coriacea,Lecythidaceae,726425.71406368,9683911.9864576,O,28.2,False,16.35,26.72,20151212.0,,,,28.2,False,20180901,5,21.32,26.72,measured,0.0,observed,-3.0,28.2,26.72,28.2,False,O,26.72,measured,28.2,26.72,0.8521,341.9317,341.9317,481.5199,341.9317,341.9317,481.5199,
TAP_A01,015b,Chamaecrista xinguensis,Fabaceae,726448.1557871999,9683925.290624,O,53.6,False,13.52,29.07,20151212.0,,,,53.5,False,20180901,5,30.27,29.07,measured,0.0,observed,-3.0,53.5,29.07,53.6,False,O,29.07,measured,53.6,29.07,0.9035,1300.507,1300.507,1939.2016,1300.507,1300.507,1939.2016,
TAP_A01,016a,Stryphnodendron pulcherrimum,Fabaceae,726423.855331436,9683911.54872652,O,64.2,False,10.77,23.6,20151212.0,,,,64.5,False,20180901,5,32.98,23.6,measured,0.1,observed,-3.0,64.2,23.55,64.2,False,O,23.6,measured,63.900000000000006,23.551565970001644,0.475,1509.1457,1509.1457,1201.4578,1492.4153,1492.4153,1188.1384,
TAP_A01,016b,Quiina florida,Ochnaceae,726455.118688408,9683928.45522056,O,10.1,False,,,20151212.0,,,,10.6,False,20180901,5,11.08,11.45,local_fit,0.167,observed,-3.0,10.1,11.06,10.1,False,O,11.08,feldpausch,9.599,10.678397605794713,0.728,19.5149,19.5149,23.5685,17.0446,17.0446,20.5851,
TAP_A01,017a,Cecropia ficifolia,Urticaceae,726423.12103832,9683916.1148424,O,17.7,False,,,20151212.0,,,,15.9,False,20180901,5,14.73,15.86,local_fit,0.0,observed,-3.0,15.9,15.86,17.7,False,O,14.73,feldpausch,17.7,14.73,0.266,77.0319,77.0319,34.824,77.0319,77.0319,34.824,
TAP_A01,017b,Protium paniculatum,Burseraceae,726453.13858976,9683928.4018032,O,30.7,False,,,20151212.0,,,,31.5,False,20180901,5,22.78,21.82,local_fit,0.267,observed,-3.0,30.7,21.48,30.7,False,O,22.78,feldpausch,29.899,22.42525451527518,0.49,345.4039,345.4039,283.4543,323.0444,323.0444,265.105,
TAP_A01,018a,Lecythis lurida,Lecythidaceae,726429.71517248,9683920.279337602,O,10.8,False,,,20151212.0,,,,11.0,False,20180901,5,11.38,11.91,local_fit,0.067,observed,-3.0,10.8,11.75,10.8,False,O,11.38,feldpausch,10.599,11.227296048117392,0.8633,22.8296,22.8296,32.5637,21.7193,21.7193,30.98,
TAP_A01,018b,Quiina florida,Ochnaceae,726448.888670032,9683929.13258624,O,10.4,False,,,20151212.0,,,,10.5,False,20180901,5,11.0,11.65,local_fit,0.033,observed,-3.0,10.4,11.58,10.4,False,O,11.0,feldpausch,10.301,10.924321778324053,0.728,20.5168,20.5168,24.7784,20.002,20.002,24.1568,
TAP_A01,019a,"Pouteria sp,",Sapotaceae,726429.51425,9683920.8251,O,15.2,False,,,20151212.0,,,,15.3,False,20180901,5,14.34,14.52,local_fit,0.033,observed,-3.0,15.2,14.46,15.2,False,O,14.34,feldpausch,15.100999999999999,14.275784881777167,0.7187,55.7457,55.7457,66.4879,54.7986,54.7986,65.3583,
TAP_A01,019b,Couratari stellata,Lecythidaceae,726454.75371224,9683935.8924048,O,45.7,False,25.54,36.02,20151212.0,,,,45.8,False,20180901,5,28.01,36.02,measured,0.033,observed,-3.0,45.7,35.98,45.7,False,O,36.02,measured,45.601000000000006,35.979700154620744,0.6331,1174.3668,1174.3668,1237.6385,1168.129,1168.129,1231.0647,
TAP_A01,020a,Aspidosperma parvifolium,Apocynaceae,726430.61843008,9683923.3803856,O,14.6,False,,,20151212.0,,,,15.2,False,20180901,5,14.28,14.18,local_fit,0.2,observed,-3.0,14.6,13.79,14.6,False,O,14.28,feldpausch,14.0,13.87082197297139,0.781,51.3207,51.3207,66.381,45.9615,45.9615,59.4492,
TAP_A01,020b,Couratari stellata,Lecythidaceae,726444.1195877598,9683934.3431832,O,18.5,False,,,20151212.0,,,,27.2,False,20180901,5,20.86,16.27,local_fit,2.9,observed,-3.0,18.5,12.72,18.5,False,O,20.86,feldpausch,9.8,13.391668029319106,0.6331,117.9317,117.9317,124.2856,22.1373,22.1373,23.33,
TAP_A01,021a,Terminalia amazonia,Combretaceae,726428.5096376,9683923.553912,O,30.1,False,,,20151212.0,,,,31.8,False,20180901,5,22.9,21.58,local_fit,0.567,observed,-3.0,30.1,20.89,30.1,False,O,22.9,feldpausch,28.399,22.11509917615222,0.6735,334.058,334.058,373.9416,288.2203,288.2203,322.6313,
TAP_A01,021b,Quiina florida,Ochnaceae,726443.762757584,9683934.19263888,O,17.3,False,,,20151212.0,,,,17.5,False,20180901,5,15.71,15.65,local_fit,0.067,observed,-3.0,17.3,15.53,17.3,False,O,15.71,feldpausch,17.099,15.586942693346606,0.728,78.4503,78.4503,94.7456,76.0947,76.0947,91.9007,
TAP_A01,022a,Tetragastris panamensis,Burseraceae,726423.45774508,9683923.3277036,O,31.0,False,,,20151212.0,,,,31.7,False,20180901,5,22.86,21.95,local_fit,0.233,observed,-3.0,31.0,21.66,31.0,False,O,22.86,feldpausch,30.301,22.553568293087274,0.7173,353.2296,353.2296,420.4992,333.4285,333.4285,396.9272,
TAP_A01,022b,Couratari stellata,Lecythidaceae,726441.3501034998,9683930.501315,O,11.8,False,,,20151212.0,,,,11.7,False,20180901,5,11.89,12.53,local_fit,0.0,observed,-3.0,11.7,12.53,11.8,False,O,11.89,feldpausch,11.8,11.89,0.6331,28.3238,28.3238,29.8498,28.3238,28.3238,29.8498,
TAP_A01,023a,Eschweilera coriacea,Lecythidaceae,726419.898445016,9683921.83690712,O,12.6,False,,,20151212.0,,,,13.1,False,20180901,5,12.88,13.02,local_fit,0.167,observed,-3.0,12.6,12.67,12.6,False,O,12.88,feldpausch,12.099,12.515877974900839,0.8521,34.8066,34.8066,49.0159,31.2687,31.2687,44.0337,
TAP_A01,023b,Enterolobium schomburgkii,Fabaceae,726441.2841094,9683933.682218,O,100.0,False,24.08,37.15,20151212.0,,,,100.4,False,20180901,5,39.01,37.15,measured,0.133,observed,-3.0,100.0,37.1,100.0,False,O,37.15,measured,99.601,37.10226556897622,0.6989,5581.3659,5581.3659,6477.7482,5531.033,5531.033,6419.3317,
TAP_A01,024a,Virola mollissima,Myristicaceae,726429.28713024,9683927.0321168,O,11.5,False,,,20151212.0,,,,11.6,False,20180901,5,11.82,12.35,local_fit,0.033,observed,-3.0,11.5,12.28,11.5,False,O,11.82,feldpausch,11.401,11.747314233149456,0.4734,26.7804,26.7804,21.251,26.1742,26.1742,20.77,
TAP_A01,024b,Aspidosperma parvifolium,Apocynaceae,726444.92161472,9683941.1495904,O,11.7,False,,,20151212.0,,,,11.8,False,20180901,5,11.96,12.47,local_fit,0.033,observed,-3.0,11.7,12.4,11.7,False,O,11.96,feldpausch,11.600999999999999,11.887862780171302,0.781,28.0172,28.0172,36.2391,27.3941,27.3941,35.4331,
TAP_A01,025a,Quiina florida,Ochnaceae,726431.3007754,9683929.992058,O,11.8,False,,,20151212.0,,,,12.2,False,20180901,5,12.25,12.53,local_fit,0.133,observed,-3.0,11.8,12.23,11.8,False,O,12.25,feldpausch,11.401,11.953485581245051,0.728,29.1605,29.1605,35.2176,26.6224,26.6224,32.1523,
TAP_A01,025b,Quiina florida,Ochnaceae,726448.329501632,9683943.26670624,O,11.0,False,,,20151212.0,,,,11.4,False,20180901,5,11.67,12.03,local_fit,0.133,observed,-3.0,11.0,11.73,11.0,False,O,11.67,feldpausch,10.600999999999999,11.364344224867647,0.728,24.2505,24.2505,29.2877,21.9861,21.9861,26.553,
TAP_A01,026a,Quiina florida,Ochnaceae,726433.83754016,9683925.7721312,O,12.0,False,,,20151212.0,,,,12.3,False,20180901,5,12.32,12.66,local_fit,0.1,observed,-3.0,12.0,12.44,12.0,False,O,12.32,feldpausch,11.7,12.100374442317166,0.728,30.3011,30.3011,36.5951,28.3381,28.3381,34.2244,
TAP_A01,026b,Myrcia splendens,Myrtaceae,726447.158057088,9683946.88764416,O,19.0,False,,,20151212.0,,,,19.3,False,20180901,5,16.77,16.52,local_fit,0.1,observed,-3.0,19.0,16.35,19.0,False,O,16.77,feldpausch,18.7,16.594228341857605,0.8,100.3996,100.3996,132.9451,96.3327,96.3327,127.5598,
TAP_A01,027a,,,726433.08697212,9683930.7481084,O,37.0,True,,14.86,20151212.0,,,,,True,20180901,5,,14.86,measured,0.167,site_median,-3.0,,,37.0,True,O,14.86,measured,36.499,14.747096268443,0.6697,327.7033,250.7115,250.7115,316.7311,242.4506,242.4506,
TAP_A01,027b,Laetia procera,Salicaceae,726440.839060432,9683944.13195024,O,16.4,False,,,20151212.0,,,,17.7,False,20180901,5,15.83,15.17,local_fit,0.433,observed,-3.0,16.4,14.41,16.4,False,O,15.83,feldpausch,15.100999999999999,14.962758527509445,0.6481,71.2081,71.2081,76.7744,57.3708,57.3708,61.8555,
TAP_A01,028a,Cordia scabrifolia,Boraginaceae,726430.70721424,9683931.6443248,O,13.6,False,,,20151212.0,,,,13.8,False,20180901,5,13.36,13.61,local_fit,0.067,observed,-3.0,13.6,13.47,13.6,False,O,13.36,feldpausch,13.399,13.2217778860178,0.474,41.8712,41.8712,33.2659,40.261,40.261,31.9867,
TAP_A01,028b,Symphonia globulifera,Clusiaceae,726438.344792864,9683944.76598048,O,10.2,False,,,20151212.0,,,,10.8,False,20180901,5,11.23,11.52,local_fit,0.2,observed,-3.0,10.2,11.06,10.2,False,O,11.23,feldpausch,9.6,10.74692181824483,0.6004,20.1567,20.1567,20.1698,17.1549,17.1549,17.166,
TAP_A01,029a,Duguetia surinamensis,Annonaceae,726431.2076739199,9683933.1288544,O,28.5,False,,,20151212.0,,,,28.7,False,20180901,5,21.55,20.9,local_fit,0.067,observed,-3.0,28.5,20.81,28.5,False,O,21.55,feldpausch,28.299,21.458031637831322,0.8,282.9843,282.9843,374.7163,277.9391,277.9391,368.0356,
TAP_A01,029b,Quiina florida,Ochnaceae,726438.2081817999,9683945.783146,O,13.9,False,,,20151212.0,,,,14.1,False,20180901,5,13.56,13.78,local_fit,0.067,observed,-3.0,13.9,13.64,13.9,False,O,13.56,feldpausch,13.699,13.42316166258479,0.728,44.3314,44.3314,53.5397,42.6642,42.6642,51.5262,
TAP_A01,030a,Guatteria schomburgkiana,Annonaceae,726427.423310464,9683932.14454048,O,10.5,False,,,20151212.0,,,,35.6,False,20180901,5,24.44,11.71,local_fit,5.0,observed,-3.0,20.6,8.38,10.5,False,O,24.44,feldpausch,1.0,3.9345661476165885,0.6,45.5626,45.5626,45.5626,0.0778,0.0778,0.0778,
TAP_A01,030b,Simarouba amara,Simaroubaceae,726438.1641804798,9683948.9998336,O,33.2,False,,,20151212.0,,,,35.6,False,20180901,5,24.44,22.84,local_fit,0.8,observed,-3.0,33.2,21.94,33.2,False,O,24.44,feldpausch,30.800000000000004,23.39132761175232,0.3833,431.0315,431.0315,278.3583,356.705,356.705,230.3586,
TAP_A01,031a,Protium paniculatum,Burseraceae,726427.391045624,9683935.08942968,O,22.4,False,,,20151212.0,,,,19.5,False,20180901,5,16.88,18.18,local_fit,0.0,observed,-3.0,19.5,18.18,22.4,False,O,16.88,feldpausch,22.4,16.88,0.49,139.335,139.335,114.3447,139.335,139.335,114.3447,
TAP_A01,031b,Laetia procera,Salicaceae,726439.9810648,9683949.805816,O,18.7,False,,,20151212.0,,,,19.5,False,20180901,5,16.88,16.37,local_fit,0.267,observed,-3.0,18.7,15.92,18.7,False,O,16.88,feldpausch,17.899,16.395195016302495,0.6481,97.9515,97.9515,105.6083,87.4069,87.4069,94.2395,
TAP_A01,032a,Quiina florida,Ochnaceae,726425.79246816,9683936.6179112,O,19.7,False,,,20151212.0,,,,12.4,False,20180901,5,12.39,16.87,local_fit,0.0,observed,-3.0,12.4,16.87,19.7,False,O,12.39,feldpausch,19.7,12.39,0.728,80.1856,80.1856,96.8414,80.1856,80.1856,96.8414,
TAP_A01,032b,Quiina florida,Ochnaceae,726440.88950696,9683950.2088072,O,11.0,False,,,20151212.0,,,,15.4,False,20180901,5,14.41,12.03,local_fit,1.467,observed,-3.0,11.0,9.5,11.0,False,O,14.41,feldpausch,6.599,9.895249012151062,0.728,29.7931,29.7931,35.9815,7.6141,7.6141,9.1957,
TAP_A01,033a,Micrandra minor,Euphorbiaceae,726416.836159004,9683929.79906428,O,13.8,False,,,20151212.0,,,,,True,20180901,5,,13.73,local_fit,0.167,site_median,-3.0,,,13.8,False,O,,feldpausch,13.299000000000001,,0.41,,,,,,,
TAP_A01,033b,,,726442.70639128,9683951.014789602,O,10.3,True,,,20151212.0,,,,,True,20180901,5,,11.58,local_fit,0.167,site_median,-3.0,,,10.3,True,O,,feldpausch,9.799000000000001,,0.6697,,,,,,,
TAP_A01,034a,Simarouba amara,Simaroubaceae,726415.985511792,9683934.75764944,O,15.0,False,,,20151212.0,,,,15.2,False,20180901,5,14.28,14.41,local_fit,0.067,observed,-3.0,15.0,14.28,15.0,False,O,14.28,feldpausch,14.799,14.147962351711662,0.3833,54.101,54.101,34.9382,52.2194,52.2194,33.723,
TAP_A01,034b,Quiina florida,Ochnaceae,726445.493372736,9683952.03318752,O,11.3,False,,,20151212.0,,,,11.9,False,20180901,5,12.03,12.22,local_fit,0.2,observed,-3.0,11.3,11.78,11.3,False,O,12.03,feldpausch,10.700000000000001,11.568582553598787,0.728,26.3275,26.3275,31.7961,22.7813,22.7813,27.5134,
TAP_A01,035a,Erisma uncinatum,Vochysiaceae,726417.6099961998,9683938.829754,O,60.7,False,19.34,28.17,20151212.0,,,,64.3,False,20180901,5,32.94,28.17,measured,1.2,observed,-3.0,60.7,27.45,60.7,False,O,28.17,measured,57.1,27.390435994262315,0.5231,1607.8183,1607.8183,1406.3277,1388.3883,1388.3883,1214.3965,
TAP_A01,035b,Dipteryx odorata,Fabaceae,726446.158471488,9683952.54615616,O,81.0,False,21.51,31.9,20151212.0,,,,81.5,False,20180901,5,36.28,31.9,measured,0.167,observed,-3.0,81.0,31.82,81.0,False,O,31.9,measured,80.499,31.825037484879406,0.9228,3188.0355,3188.0355,4852.545,3142.4342,3142.4342,4783.1346,
TAP_A01,036a,Chimarrhis turbinata,Rubiaceae,726419.1953404,9683937.425188,O,20.8,False,,,20151212.0,,,,21.2,False,20180901,5,17.83,17.41,local_fit,0.133,observed,-3.0,20.8,17.2,20.8,False,O,17.83,feldpausch,20.401,17.606646111124416,0.72,127.1874,127.1874,151.9585,120.9708,120.9708,144.5312,
TAP_A01,036b,Quiina florida,Ochnaceae,726446.249315704,9683952.58645528,O,10.3,False,,,20151212.0,,,,,True,20180901,5,,11.58,local_fit,0.167,site_median,-3.0,,,10.3,False,O,,feldpausch,9.799000000000001,,0.728,,,,,,,
TAP_A01,037a,Lecythis lurida,Lecythidaceae,726421.8122216,9683941.745992,O,32.6,False,,,20151212.0,,,,33.5,False,20180901,5,23.61,22.6,local_fit,0.3,observed,-3.0,32.6,22.25,32.6,False,O,23.61,feldpausch,31.700000000000003,23.2274035658661,0.8633,402.1639,402.1639,573.6378,374.7529,374.7529,534.5393,
TAP_A01,037b,Quiina florida,Ochnaceae,726445.7268134758,9683954.208895087,O,11.6,False,,,20151212.0,,,,11.5,False,20180901,5,11.75,12.41,local_fit,0.0,observed,-3.0,11.5,12.41,11.6,False,O,11.75,feldpausch,11.6,11.75,0.728,27.0794,27.0794,32.7043,27.0794,27.0794,32.7043,
TAP_A01,038b,Quiina florida,Ochnaceae,726449.4609245599,9683952.5883312,O,11.7,False,,,20151212.0,,,,12.5,False,20180901,5,12.46,12.47,local_fit,0.267,observed,-3.0,11.7,11.9,11.7,False,O,12.46,feldpausch,10.899,11.844278661571249,0.728,29.1598,29.1598,35.2168,24.1648,24.1648,29.1842,
TAP_A01,039a,Quiina florida,Ochnaceae,726424.5375480799,9683942.9549656,O,14.0,False,,,20151212.0,,,,11.1,False,20180901,5,11.45,13.84,local_fit,0.0,observed,-3.0,11.1,13.84,14.0,False,O,11.45,feldpausch,14.0,11.45,0.728,38.1151,38.1151,46.0322,38.1151,38.1151,46.0322,
TAP_A01,039b,,,726451.0334394,9683954.160278002,O,39.8,True,,21.61,20151212.0,,,,,True,20180901,5,,21.61,measured,0.167,site_median,-3.0,,,39.8,True,O,21.61,measured,39.299,21.46121825400123,0.6697,544.5722,394.0699,394.0699,527.7012,382.0461,382.0461,
TAP_A01,040a,Jacaranda copaia,Bignoniaceae,726428.49902708,9683943.6456756,O,50.0,False,24.99,34.02,20151212.0,,,,48.4,False,20180901,5,28.81,34.02,measured,0.0,observed,-3.0,48.4,34.02,50.0,False,O,34.02,measured,50.0,34.02,0.3507,1323.8014,1323.8014,783.7259,1323.8014,1323.8014,783.7259,
TAP_A01,040b,Quiina florida,Ochnaceae,726454.2058344,9683953.914968,O,13.3,False,,,20151212.0,,,,,True,20180901,5,,13.44,local_fit,0.167,site_median,-3.0,,,13.3,False,O,,feldpausch,12.799000000000001,,0.728,,,,,,,
TAP_A01,041a,Copaifera reticulata,Fabaceae,726437.41536112,9683938.9917184,O,29.6,False,,,20151212.0,,,,29.9,False,20180901,5,22.09,21.37,local_fit,0.1,observed,-3.0,29.6,21.23,29.6,False,O,22.09,feldpausch,29.3,21.95575930195278,0.6075,312.1455,312.1455,315.9531,304.1849,304.1849,307.8954,
TAP_A01,041b,Quiina florida,Ochnaceae,726458.0029309998,9683958.35373,O,14.0,False,,,20151212.0,,,,14.3,False,20180901,5,13.69,13.84,local_fit,0.1,observed,-3.0,14.0,13.64,14.0,False,O,13.69,feldpausch,13.7,13.485163079292338,0.728,45.3766,45.3766,54.8021,42.8626,42.8626,51.7659,
TAP_A01,042a,Quiina florida,Ochnaceae,726431.77613068,9683934.4331276,O,11.0,False,,,20151212.0,,,,11.1,False,20180901,5,11.45,12.03,local_fit,0.033,observed,-3.0,11.0,11.96,11.0,False,O,11.45,feldpausch,10.901,11.375998150567245,0.728,23.8042,23.8042,28.7487,23.2402,23.2402,28.0676,
TAP_A01,042b,Xylopia nitida,Annonaceae,726451.7928902399,9683948.4715168,O,27.5,False,,,20151212.0,,,,27.8,False,20180901,5,21.14,20.47,local_fit,0.1,observed,-3.0,27.5,20.33,27.5,False,O,21.14,feldpausch,27.2,20.998964828955113,0.5483,259.0243,259.0243,237.2316,251.8862,251.8862,230.694,
TAP_A01,043a,Dialium guianense,Fabaceae,726433.89617528,9683934.2779096,O,11.5,False,,,20151212.0,,,,12.7,False,20180901,5,12.6,12.35,local_fit,0.4,observed,-3.0,11.5,11.52,11.5,False,O,12.6,feldpausch,10.3,11.641854179936217,0.8964,28.5039,28.5039,42.1758,21.2793,21.2793,31.4859,
TAP_A01,043b,Quiina florida,Ochnaceae,726451.0426772,9683947.598744,O,12.5,False,,,20151212.0,,,,,True,20180901,5,,12.96,local_fit,0.167,site_median,-3.0,,,12.5,False,O,,feldpausch,11.999,,0.728,,,,,,,
TAP_A01,044a,Manilkara huberi,Sapotaceae,726437.0648335998,9683928.177192,O,25.7,False,,,20151212.0,,,,26.2,False,20180901,5,20.38,19.69,local_fit,0.167,observed,-3.0,25.7,19.46,25.7,False,O,20.38,feldpausch,25.198999999999998,20.132247696770303,0.9214,218.9946,218.9946,332.8454,208.2379,208.2379,316.4965,
TAP_A01,044b,Endopleura uchi,Humiriaceae,726452.99733224,9683947.9016568,O,18.5,False,,,20151212.0,,,,18.9,False,20180901,5,16.54,16.27,local_fit,0.133,observed,-3.0,18.5,16.04,18.5,False,O,16.54,feldpausch,18.101,16.301688801456823,0.7944,94.0309,94.0309,123.6655,88.8454,88.8454,116.8458,
TAP_A01,045a,Quiina florida,Ochnaceae,726438.2774589598,9683927.6206472,O,12.5,False,,,20151212.0,,,,12.7,False,20180901,5,12.6,12.96,local_fit,0.067,observed,-3.0,12.5,12.82,12.5,False,O,12.6,feldpausch,12.299,12.45653339953242,0.728,33.5421,33.5421,40.5094,32.1362,32.1362,38.8114,
TAP_A01,045b,Quiina florida,Ochnaceae,726455.0999872,9683947.718144,O,11.0,False,,,20151212.0,,,,,True,20180901,5,,12.03,local_fit,0.167,site_median,-3.0,,,11.0,False,O,,feldpausch,10.499,,0.728,,,,,,,
TAP_A01,046a,Myrcia splendens,Myrtaceae,726438.6010776398,9683926.6927348,O,16.9,False,,,20151212.0,,,,17.8,False,20180901,5,15.89,15.44,local_fit,0.3,observed,-3.0,16.9,14.92,16.9,False,O,15.89,feldpausch,15.999999999999998,15.311253840785346,0.8,75.7866,75.7866,100.3535,65.6861,65.6861,86.9788,
TAP_A01,046b,,,726456.000246,9683948.10782,O,12.5,True,,,20151212.0,,,,,True,20180901,5,,12.96,local_fit,0.167,site_median,-3.0,,,12.5,True,O,,feldpausch,11.999,,0.6697,,,,,,,
TAP_A01,047a,Manilkara huberi,Sapotaceae,726442.468448,9683927.23032,O,61.8,False,25.81,42.02,20151212.0,,,,62.8,False,20180901,5,32.6,42.02,measured,0.333,observed,-3.0,61.8,41.71,61.8,False,O,42.02,measured,60.800999999999995,41.71341881421738,0.9214,2460.1597,2460.1597,3739.1458,2366.1572,2366.1572,3596.2733,
TAP_A01,047b,Endopleura uchi,Humiriaceae,726455.670161088,9683945.88237616,O,16.6,False,,,20151212.0,,,,18.4,False,20180901,5,16.25,15.28,local_fit,0.6,observed,-3.0,16.6,14.26,16.6,False,O,16.25,feldpausch,14.8,15.024471508366405,0.7944,74.8005,74.8005,98.3745,55.3819,55.3819,72.8359,
TAP_A01,048a,Quiina florida,Ochnaceae,726442.22360992,9683924.9981344,O,17.9,False,,,20151212.0,,,,18.5,False,20180901,5,16.31,15.96,local_fit,0.2,observed,-3.0,17.9,15.61,17.9,False,O,16.31,feldpausch,17.299999999999997,15.94151605619954,0.728,86.9731,86.9731,105.0387,79.5785,79.5785,96.1081,
TAP_A01,048b,Endopleura uchi,Humiriaceae,726457.4667915918,9683946.65540344,O,67.4,False,16.22,26.34,20151212.0,,,,,True,20180901,5,,26.34,measured,0.167,site_median,-3.0,,,67.4,False,O,26.34,measured,66.899,26.256243470314345,0.7944,1847.2505,1847.2505,2429.4262,1814.8921,1814.8921,2386.8698,
TAP_A01,049a,Lecythis lurida,Lecythidaceae,726443.427029,9683924.42661,O,25.7,False,,,20151212.0,,,,26.2,False,20180901,5,20.38,19.69,local_fit,0.167,observed,-3.0,25.7,19.46,25.7,False,O,20.38,feldpausch,25.198999999999998,20.132247696770303,0.8633,218.9946,218.9946,312.3691,208.2379,208.2379,297.0259,
TAP_A01,049b,Eschweilera amazonica,Lecythidaceae,726454.309120564,9683940.49355348,O,11.4,False,,,20151212.0,,,,11.9,False,20180901,5,12.03,12.29,local_fit,0.167,observed,-3.0,11.4,11.92,11.4,False,O,12.03,feldpausch,10.899000000000001,11.649202450347929,0.9,26.7842,26.7842,39.7872,23.7763,23.7763,35.3191,
TAP_A01,050a,Tetragastris panamensis,Burseraceae,726444.46745936,9683918.4677952,O,30.2,False,,,20151212.0,,,,30.1,False,20180901,5,22.17,21.62,local_fit,0.0,observed,-3.0,30.1,21.62,30.2,False,O,22.17,feldpausch,30.2,22.17,0.7173,325.7629,325.7629,387.8016,325.7629,325.7629,387.8016,
TAP_A01,050b,Protium hebetatum,Burseraceae,726461.06801396,9683938.2041172,O,29.7,False,,,20151212.0,,,,30.4,False,20180901,5,22.3,21.41,local_fit,0.233,observed,-3.0,29.7,21.12,29.7,False,O,22.3,feldpausch,29.000999999999998,21.984155498501025,0.5773,317.1223,317.1223,305.4118,298.5314,298.5314,287.5073,
TAP_A01,051a,Quiina florida,Ochnaceae,726436.82715596,9683925.9566572,O,11.2,False,,,20151212.0,,,,11.8,False,20180901,5,11.96,12.16,local_fit,0.2,observed,-3.0,11.2,11.72,11.2,False,O,11.96,feldpausch,10.6,11.496660329404314,0.728,25.7276,25.7276,31.0717,22.2319,22.2319,26.8498,
TAP_A01,051b,Lecythis lurida,Lecythidaceae,726463.642465004,9683936.31566028,O,56.5,False,13.33,20.11,20151212.0,,,,57.0,False,20180901,5,31.19,20.11,measured,0.167,observed,-3.0,56.5,20.03,56.5,False,O,20.11,measured,55.999,20.02603252187784,0.8633,1005.9802,1005.9802,1434.908,984.6122,984.6122,1404.4291,
TAP_A01,052a,Couratari stellata,Lecythidaceae,726435.80993984,9683920.2545888,O,42.5,False,15.42,26.0,20151212.0,,,,42.5,False,20180901,5,26.93,26.0,measured,0.0,observed,-3.0,42.5,26.0,42.5,False,O,26.0,measured,42.5,26.0,0.6331,741.4637,741.4637,781.4117,741.4637,741.4637,781.4117,
TAP_A01,052b,Quiina florida,Ochnaceae,726465.2648380639,9683930.95582448,O,10.8,False,,,20151212.0,,,,11.2,False,20180901,5,11.53,11.91,local_fit,0.133,observed,-3.0,10.8,11.6,10.8,False,O,11.53,feldpausch,10.401,11.221745796328321,0.728,23.1233,23.1233,27.9263,20.9243,20.9243,25.2706,
TAP_A01,053a,Dialium guianense,Fabaceae,726435.2578498,9683918.976946,O,13.0,False,,,20151212.0,,,,14.0,False,20180901,5,13.49,13.26,local_fit,0.333,observed,-3.0,13.0,12.59,13.0,False,O,13.49,feldpausch,12.001,12.749838159930228,0.8964,38.7052,38.7052,57.2702,31.3376,31.3376,46.3687,
TAP_A01,053b,"Xylopia sp,",Annonaceae,726463.860027904,9683929.07496128,O,19.1,False,,,20151212.0,,,,20.3,False,20180901,5,17.33,16.57,local_fit,0.4,observed,-3.0,19.1,15.92,19.1,False,O,17.33,feldpausch,17.900000000000002,16.598796143992423,0.5959,104.7382,104.7382,104.0425,88.4758,88.4758,87.8881,
TAP_A01,054a,Quiina florida,Ochnaceae,726438.55369464,9683918.2052648,O,13.9,False,,,20151212.0,,,,14.4,False,20180901,5,13.76,13.78,local_fit,0.167,observed,-3.0,13.9,13.44,13.9,False,O,13.76,feldpausch,13.399000000000001,13.412206394285343,0.728,44.9694,44.9694,54.3102,40.8269,40.8269,49.3073,
TAP_A01,054b,Maquira coriacea,Moraceae,726458.70809384,9683923.4184368,O,14.5,False,,,20151212.0,,,,16.1,False,20180901,5,14.85,14.13,local_fit,0.533,observed,-3.0,14.5,13.15,14.5,False,O,14.85,feldpausch,12.901,13.688313202603101,0.5112,52.6085,52.6085,44.9951,38.679,38.679,33.0814,
TAP_A01,055a,Miconia pyrifolia,Melastomataceae,726439.43247212,9683918.5599884,O,13.1,False,,,20151212.0,,,,13.4,False,20180901,5,13.08,13.32,local_fit,0.1,observed,-3.0,13.1,13.12,13.1,False,O,13.08,feldpausch,12.799999999999999,12.868872827238071,0.6228,38.1227,38.1227,39.534,35.863,35.863,37.1906,
TAP_A01,055b,Inga heterophylla,Fabaceae,726466.7114464,9683919.751568,O,14.6,False,,,20151212.0,,,,15.7,False,20180901,5,14.6,14.18,local_fit,0.367,observed,-3.0,14.6,13.49,14.6,False,O,14.6,feldpausch,13.498999999999999,13.826135247609743,0.56,52.4428,52.4428,49.0277,42.6711,42.6711,39.8923,
TAP_A01,056a,Miconia pyrifolia,Melastomataceae,726438.2270072,9683919.128184,O,12.4,False,,,20151212.0,,,,13.1,False,20180901,5,12.88,12.9,local_fit,0.233,observed,-3.0,12.4,12.41,12.4,False,O,12.88,feldpausch,11.701,12.360888781974639,0.6228,33.7363,33.7363,34.9853,28.9383,28.9383,30.0096,
TAP_A01,056b,Quiina florida,Ochnaceae,726467.4682498,9683926.920734,O,17.2,False,,,20151212.0,,,,17.5,False,20180901,5,15.71,15.6,local_fit,0.1,observed,-3.0,17.2,15.42,17.2,False,O,15.71,feldpausch,16.9,15.524813104360648,0.728,77.5676,77.5676,93.6795,74.0862,74.0862,89.475,
TAP_A01,057a,Geissospermum sericeum,Apocynaceae,726442.22663504,9683913.4498488,O,13.4,False,,,20151212.0,,,,14.1,False,20180901,5,13.56,13.49,local_fit,0.233,observed,-3.0,13.4,13.01,13.4,False,O,13.56,feldpausch,12.701,13.059696416096457,0.7823,41.2719,41.2719,53.4724,35.8346,35.8346,46.4278,
TAP_A01,057b,Duguetia surinamensis,Annonaceae,726462.4844453438,9683917.66770208,O,10.4,False,,,20151212.0,,,,10.8,False,20180901,5,11.23,11.65,local_fit,0.133,observed,-3.0,10.4,11.34,10.4,False,O,11.23,feldpausch,10.001000000000001,10.916845439395642,0.8,20.9354,20.9354,27.7217,18.8681,18.8681,24.9844,
TAP_A01,058a,Duguetia surinamensis,Annonaceae,726447.99350848,9683908.2058336,O,28.0,False,,,20151212.0,,,,28.3,False,20180901,5,21.37,20.69,local_fit,0.1,observed,-3.0,28.0,20.55,28.0,False,O,21.37,feldpausch,27.7,21.230635092105686,0.8,271.1455,271.1455,359.0398,263.8135,263.8135,349.3311,
TAP_A01,058b,Protium paniculatum,Burseraceae,726461.0807228,9683915.934056,O,23.5,False,,,20151212.0,,,,24.4,False,20180901,5,19.5,18.69,local_fit,0.3,observed,-3.0,23.5,18.26,23.5,False,O,19.5,feldpausch,22.6,19.021911020394384,0.49,176.1404,176.1404,144.5489,159.3061,159.3061,130.7339,
TAP_A01,059a,Maquira coriacea,Moraceae,726449.498042,9683906.66978,O,18.2,False,,,20151212.0,,,,19.4,False,20180901,5,16.83,16.12,local_fit,0.4,observed,-3.0,18.2,15.45,18.2,False,O,16.83,feldpausch,17.0,16.077869834915766,0.5112,92.6356,92.6356,79.2295,77.549,77.549,66.3262,
TAP_A01,059b,Nectandra cuspidata,Lauraceae,726464.6296206,9683910.831362,O,53.1,False,22.5,34.12,20151212.0,,,,22.6,False,20180901,5,18.58,34.12,measured,0.0,observed,-3.0,22.6,34.12,53.1,False,O,34.12,measured,53.1,34.12,0.518,1493.0075,1493.0075,1293.5173,1493.0075,1493.0075,1293.5173,
TAP_A01,060a,Helicostylis tomentosa,Moraceae,726442.80063136,9683906.2073152,O,29.0,False,,,20151212.0,,,,31.2,False,20180901,5,22.65,21.12,local_fit,0.733,observed,-3.0,29.0,20.22,29.0,False,O,22.65,feldpausch,26.801000000000002,21.59103435324136,0.6147,307.3323,307.3323,314.6624,251.4562,251.4562,257.4536,
TAP_A01,060b,Pouteria macrophylla,Sapotaceae,726465.1301825718,9683912.31605804,O,15.1,False,,,20151212.0,,,,15.4,False,20180901,5,14.41,14.46,local_fit,0.1,observed,-3.0,15.1,14.26,15.1,False,O,14.41,feldpausch,14.799999999999999,14.212349937569734,0.737,55.2942,55.2942,67.5853,52.4582,52.4582,64.1189,
TAP_A01,061a,Manilkara huberi,Sapotaceae,726441.60744148,9683906.7954836,O,27.1,False,,,20151212.0,,,,29.3,False,20180901,5,21.82,20.3,local_fit,0.733,observed,-3.0,27.1,19.36,27.1,False,O,21.82,feldpausch,24.901000000000003,20.707886030646193,0.9214,259.6205,259.6205,394.5918,209.1339,209.1339,317.8582,
TAP_A01,061b,Myrcia splendens,Myrtaceae,726469.2090167198,9683914.7406304,O,11.1,False,,,20151212.0,,,,11.5,False,20180901,5,11.75,12.1,local_fit,0.133,observed,-3.0,11.1,11.79,11.1,False,O,11.75,feldpausch,10.701,11.445353556544852,0.8,24.8478,24.8478,32.9025,22.5486,22.5486,29.8579,
TAP_A01,062a,Tetragastris panamensis,Burseraceae,726449.59625808,9683903.5413056,O,36.1,False,,,20151212.0,,,,36.4,False,20180901,5,24.75,23.98,local_fit,0.1,observed,-3.0,36.1,23.86,36.1,False,O,24.75,feldpausch,35.800000000000004,24.63388169677757,0.7173,513.8592,513.8592,611.7194,503.2415,503.2415,599.0796,
TAP_A01,062b,Quiina florida,Ochnaceae,726465.814354688,9683910.74164416,O,11.0,False,,,20151212.0,,,,,True,20180901,5,,12.03,local_fit,0.167,site_median,-3.0,,,11.0,False,O,,feldpausch,10.499,,0.728,,,,,,,
TAP_A01,063a,,,726450.456623,9683903.86607,O,11.9,True,,,20151212.0,,,,,True,20180901,5,,12.6,local_fit,0.167,site_median,-3.0,,,11.9,True,O,,feldpausch,11.399000000000001,,0.6697,,,,,,,
TAP_A01,063b,Couratari stellata,Lecythidaceae,726467.9330831398,9683909.4902858,O,12.5,False,,,20151212.0,,,,12.5,False,20180901,5,12.46,12.96,local_fit,0.0,observed,-3.0,12.5,12.96,12.5,False,O,12.46,feldpausch,12.5,12.46,0.6331,33.1783,33.1783,34.9659,33.1783,33.1783,34.9659,
TAP_A01,064b,Tachigali myrmecophila,Fabaceae,726458.8853056,9683916.693872,O,15.0,False,,,20151212.0,,,,16.2,False,20180901,5,14.91,14.41,local_fit,0.4,observed,-3.0,15.0,13.68,15.0,False,O,14.91,feldpausch,13.8,14.073878778559692,0.476,56.4293,56.4293,45.0167,45.327,45.327,36.1597,
TAP_A01,065a,Quiina florida,Ochnaceae,726427.648944032,9683909.55070224,O,,,,,,,,,10.5,False,20180901,5,11.0,11.0,feldpausch_regional,0.167,site_median,-3.0,10.0,10.62,,False,O,11.0,feldpausch,,,0.728,,,,,,,
TAP_A01,066a,Inga thibaudiana,Fabaceae,726423.6699249758,9683914.68078032,O,,,,,,,,,11.6,False,20180901,5,11.82,11.82,feldpausch_regional,0.167,site_median,-3.0,11.1,11.45,,False,O,11.82,feldpausch,,,0.5786,,,,,,,
TAP_A01,067a,Chamaecrista scleroxylon,Fabaceae,726429.3222382,9683935.499614,O,,,,,,,,,10.2,False,20180901,5,10.78,10.78,feldpausch_regional,0.167,site_median,-3.0,9.7,10.39,,False,O,10.78,feldpausch,,,0.955,,,,,,,
TAP_A01,068a,Quiina florida,Ochnaceae,726433.8280052,9683917.346244002,O,,,,,,,,,9.9,False,20180901,5,10.55,10.55,feldpausch_regional,0.167,site_median,-3.0,9.4,10.16,,False,O,10.55,feldpausch,,,0.728,,,,,,,
TAP_A01,001a,Virola michelii,Myristicaceae,727090.4283683999,9682575.9425376,O,13.7,False,12.79,15.69,20151214.0,,,,15.0,False,20180901,6,14.15,15.69,measured,0.433,observed,-3.0,13.7,14.74,13.7,False,O,15.69,measured,12.401,14.630579711073311,0.4701,49.6898,49.6898,39.1626,38.2106,38.2106,30.1154,
TAP_A01,001b,,,727114.1826311998,9682588.9921248,O,13.2,True,,9.09,20151214.0,,,,,True,20180901,6,,9.09,measured,0.167,site_median,-3.0,,,13.2,True,O,9.09,measured,12.699,8.846266054638035,0.6697,27.1256,21.3458,21.3458,24.4938,19.3218,19.3218,
TAP_A01,002a,Miconia pyrifolia,Melastomataceae,727093.1583456,9682577.1451104,O,10.6,False,5.25,8.51,20151214.0,,,,11.1,False,20180901,6,11.45,8.51,measured,0.167,observed,-3.0,10.6,8.24,10.6,False,O,8.51,measured,10.099,8.217732789393626,0.6228,16.5756,16.5756,17.1892,14.575,14.575,15.1146,
TAP_A01,002b,,,727117.9925104,9682590.1528096,O,12.2,True,,6.73,20151214.0,,,,,True,20180901,6,,6.73,measured,0.167,site_median,-3.0,,,12.2,True,O,6.73,measured,11.699,6.53265707527733,0.6697,17.3451,14.2592,14.2592,15.5244,12.7968,12.7968,
TAP_A01,003a,Erisma uncinatum,Vochysiaceae,727094.068338,9682577.545968,O,67.8,False,25.95,36.53,20151214.0,,,,75.09999999999998,False,20180901,6,35.15,36.53,measured,2.433,observed,-3.0,67.8,35.02,67.8,False,O,36.53,measured,60.501,34.749987528868836,0.5231,2571.3851,2571.3851,2249.1411,1960.7984,1960.7984,1715.0725,
TAP_A01,003b,Myrcia splendens,Myrtaceae,727121.22405072,9682592.91982848,O,10.0,False,6.9,7.7,20151214.0,,,,16.9,False,20180901,6,15.35,7.7,measured,2.3,observed,-3.0,10.0,5.33,10.0,False,O,7.7,measured,3.1000000000000005,3.166016181788015,0.8,13.4176,13.4176,17.7671,0.5729,0.5729,0.7586,
TAP_A01,004a,,,727098.6182999999,9682579.550256,O,52.6,True,,29.96,20151214.0,,,,,True,20180901,6,,29.96,measured,0.167,site_median,-3.0,,,52.6,True,O,29.96,measured,52.099000000000004,29.820896394136074,0.6697,1291.0102,899.1707,899.1707,1261.3739,878.7719,878.7719,
TAP_A01,004b,Zanthoxylum rhoifolium,Rutaceae,727123.51884512,9682595.37723848,O,19.6,False,6.8,10.17,20151214.0,,,,,True,20180901,6,,10.17,measured,0.167,site_median,-3.0,,,19.6,False,O,10.17,measured,19.099,9.997981238006883,0.5692,65.4772,65.4772,62.1999,61.222,61.222,58.1578,
TAP_A01,005a,Tetragastris panamensis,Burseraceae,727101.0093084,9682581.6386376,O,16.7,False,9.2,14.03,20151214.0,,,,17.0,False,20180901,6,15.41,14.03,measured,0.1,observed,-3.0,16.7,13.86,16.7,False,O,14.03,measured,16.4,13.858805756018615,0.7173,65.574,65.574,78.062,62.5403,62.5403,74.4506,
TAP_A01,005b,Aniba parviflora,Lauraceae,727119.6908846399,9682597.20677376,O,17.3,False,6.65,10.91,20151214.0,,,,20.1,False,20180901,6,17.22,10.91,measured,0.933,observed,-3.0,17.3,9.88,17.3,False,O,10.91,measured,14.501000000000001,9.67277226270075,0.54,54.9596,54.9596,49.5889,34.6264,34.6264,31.2427,
TAP_A01,006a,Duguetia surinamensis,Annonaceae,727101.5820327998,9682582.9259392,O,10.4,False,8.04,12.15,20151214.0,,,,10.8,False,20180901,6,11.23,12.15,measured,0.133,observed,-3.0,10.4,11.83,10.4,False,O,12.15,measured,10.001000000000001,11.81119074698638,0.8,22.6077,22.6077,29.9362,20.3753,20.3753,26.9801,
TAP_A01,006b,Nectandra cuspidata,Lauraceae,727112.25797568,9682594.24650432,O,15.5,False,6.77,10.84,20151214.0,,,,16.0,False,20180901,6,14.79,10.84,measured,0.167,observed,-3.0,15.5,10.61,15.5,False,O,10.84,measured,14.999,10.59834834138494,0.518,44.0734,44.0734,38.1845,40.4359,40.4359,35.033,
TAP_A01,007a,Pouteria gongrijpii,Sapotaceae,727095.372216,9682579.673538,O,50.3,False,25.59,30.31,20151214.0,,,,51.7,False,20180901,6,29.77,30.31,measured,0.467,observed,-3.0,50.3,29.9,50.3,False,O,30.31,measured,48.898999999999994,29.886326425515747,0.7994,1196.6007,1196.6007,1583.33,1116.9544,1116.9544,1477.9428,
TAP_A01,007b,,,727113.0408864,9682592.1091296,O,20.4,True,,,20151214.0,,,,,True,20180901,6,,17.22,local_fit,0.167,site_median,-3.0,,,20.4,True,O,,feldpausch,19.898999999999997,,0.6697,,,,,,,
TAP_A01,008a,Helicostylis tomentosa,Moraceae,727091.2059347999,9682579.3921512,O,13.8,False,10.07,15.3,20151214.0,,,,14.1,False,20180901,6,13.56,15.3,measured,0.1,observed,-3.0,13.8,15.07,13.8,False,O,15.3,measured,13.5,15.067272959893446,0.6147,49.1772,49.1772,50.3501,46.4124,46.4124,47.5194,
TAP_A01,008b,Pouteria macrophylla,Sapotaceae,727110.42370416,9682593.43945344,O,16.9,False,8.92,14.54,20151214.0,,,,17.0,False,20180901,6,15.41,14.54,measured,0.033,observed,-3.0,16.9,14.48,16.9,False,O,14.54,measured,16.801,14.482431542778812,0.737,69.4958,69.4958,84.9437,68.4378,68.4378,83.6506,
TAP_A01,009a,Nectandra cuspidata,Lauraceae,727089.7709064,9682580.3138136,O,28.5,False,12.43,19.64,20151214.0,,,,29.3,False,20180901,6,21.82,19.64,measured,0.267,observed,-3.0,28.5,19.32,28.5,False,O,19.64,measured,27.699,19.303627994706407,0.518,258.4782,258.4782,223.9413,240.3999,240.3999,208.2785,
TAP_A01,009b,Pouteria macrophylla,Sapotaceae,727112.91881748,9682596.81210072,O,10.7,False,6.54,9.81,20151214.0,,,,11.2,False,20180901,6,11.53,9.81,measured,0.167,observed,-3.0,10.7,9.49,10.7,False,O,9.81,measured,10.199,9.476603974307865,0.737,19.3949,19.3949,23.7061,17.0757,17.0757,20.8714,
TAP_A01,010a,Casearia javitensis,Salicaceae,727091.8899744,9682583.1105564,O,11.4,False,6.53,9.28,20151214.0,,,,13.5,False,20180901,6,13.15,9.28,measured,0.7,observed,-3.0,11.4,8.24,11.4,False,O,9.28,measured,9.3,8.011246949559528,0.753,20.7905,20.7905,25.9503,12.1046,12.1046,15.1087,
TAP_A01,010b,Quiina florida,Ochnaceae,727110.7573968,9682598.3431392,O,11.6,False,,,20151214.0,,,,12.7,False,20180901,6,12.6,12.41,local_fit,0.367,observed,-3.0,11.6,11.64,11.6,False,O,12.6,feldpausch,10.498999999999999,11.731070175893647,0.728,28.9897,28.9897,35.0114,22.2544,22.2544,26.8769,
TAP_A01,011a,Jacaranda copaia,Bignoniaceae,727093.5486386399,9682584.35822496,O,46.8,False,22.55,31.73,20151214.0,,,,46.3,False,20180901,6,28.17,31.73,measured,0.0,observed,-3.0,46.3,31.73,46.8,False,O,31.73,measured,46.8,31.73,0.3507,1086.9646,1086.9646,643.5122,1086.9646,1086.9646,643.5122,
TAP_A01,011b,Inga thibaudiana,Fabaceae,727118.4097068,9682603.7748792,O,18.1,False,,,20151214.0,,,,17.8,False,20180901,6,15.89,16.06,local_fit,0.0,observed,-3.0,17.8,16.06,18.1,False,O,15.89,feldpausch,18.1,15.89,0.5786,86.6455,86.6455,83.6224,86.6455,86.6455,83.6224,
TAP_A01,012a,Quiina florida,Ochnaceae,727102.93443456,9682584.97039104,O,12.2,False,,,20151214.0,,,,12.5,False,20180901,6,12.46,12.78,local_fit,0.1,observed,-3.0,12.2,12.56,12.2,False,O,12.46,feldpausch,11.899999999999999,12.241983964012713,0.728,31.6418,31.6418,38.2142,29.6259,29.6259,35.7797,
TAP_A01,012b,Quiina florida,Ochnaceae,727118.2504272,9682604.2215948,O,18.0,False,,,20151214.0,,,,,True,20180901,6,,16.01,local_fit,0.167,site_median,-3.0,,,18.0,False,O,,feldpausch,17.499,,0.728,,,,,,,
TAP_A01,013a,Minquartia guianensis,Olacaceae,727103.60726976,9682583.19686784,O,15.3,False,,,20151214.0,,,,14.7,False,20180901,6,13.95,14.57,local_fit,0.0,observed,-3.0,14.7,14.57,15.3,False,O,13.95,feldpausch,15.3,13.95,0.7867,54.9646,54.9646,71.6019,54.9646,54.9646,71.6019,
TAP_A01,013b,Quiina florida,Ochnaceae,727115.12304,9682606.981218,O,15.4,False,,,20151214.0,,,,15.9,False,20180901,6,14.73,14.63,local_fit,0.167,observed,-3.0,15.4,14.31,15.4,False,O,14.73,feldpausch,14.899000000000001,14.399157073537758,0.728,58.7039,58.7039,70.8976,53.827,53.827,65.0077,
TAP_A01,014a,Tetragastris panamensis,Burseraceae,727101.1446539998,9682586.873208,O,27.1,False,,,20151214.0,,,,28.0,False,20180901,6,21.23,20.3,local_fit,0.3,observed,-3.0,27.1,19.9,27.1,False,O,21.23,feldpausch,26.200000000000003,20.7940695883805,0.7173,252.7667,252.7667,300.904,231.8963,231.8963,276.059,
TAP_A01,014b,Inga heterophylla,Fabaceae,727113.62404648,9682605.18573952,O,17.1,False,,,20151214.0,,,,16.6,False,20180901,6,15.16,15.54,local_fit,0.0,observed,-3.0,16.6,15.54,17.1,False,O,15.16,feldpausch,17.1,15.16,0.56,74.0682,74.0682,69.2448,74.0682,74.0682,69.2448,
TAP_A01,015a,Maquira coriacea,Moraceae,727102.12703232,9682587.098618882,O,30.8,False,,,20151214.0,,,,35.7,False,20180901,6,24.48,21.87,local_fit,1.633,observed,-3.0,30.8,20.08,30.8,False,O,24.48,feldpausch,25.901,22.04413410663172,0.5112,372.8994,372.8994,318.9339,240.0538,240.0538,205.3136,
TAP_A01,015b,Tachigali myrmecophila,Fabaceae,727109.4659800798,9682604.80618032,O,53.0,False,15.89,25.87,20151214.0,,,,58.4,False,20180901,6,31.54,25.87,measured,1.8,observed,-3.0,53.0,24.71,53.0,False,O,25.87,measured,47.6,24.52862753835945,0.476,1135.3676,1135.3676,905.7436,873.9177,873.9177,697.171,
TAP_A01,016a,Duguetia surinamensis,Annonaceae,727095.442164,9682587.7794168,O,11.5,False,,,20151214.0,,,,10.2,False,20180901,6,10.78,12.35,local_fit,0.0,observed,-3.0,10.2,12.35,11.5,False,O,10.78,feldpausch,11.5,10.78,0.8,24.4782,24.4782,32.413,24.4782,24.4782,32.413,
TAP_A01,016b,Sloanea guianensis,Elaeocarpaceae,727106.5657172,9682606.8407048,O,13.5,False,,,20151214.0,,,,,True,20180901,6,,13.55,local_fit,0.167,site_median,-3.0,,,13.5,False,O,,feldpausch,12.999,,0.8212,,,,,,,
TAP_A01,017a,Pseudopiptadenia suaveolens,Fabaceae,727094.1134184,9682588.4370516,O,34.7,False,,,20151214.0,,,,36.8,False,20180901,6,24.9,23.43,local_fit,0.7,observed,-3.0,34.7,22.67,34.7,False,O,24.9,feldpausch,32.6,24.021121769090325,0.6797,478.4917,478.4917,540.4423,408.9973,408.9973,461.9505,
TAP_A01,017b,,,727107.7740956,9682609.4388104,O,16.3,True,,,20151214.0,,,,,True,20180901,6,,15.12,local_fit,0.167,site_median,-3.0,,,16.3,True,O,,feldpausch,15.799000000000001,,0.6697,,,,,,,
TAP_A01,018a,Pseudopiptadenia suaveolens,Fabaceae,727094.53868468,9682588.72761752,O,36.9,False,8.67,15.58,20151214.0,,,,36.4,False,20180901,6,24.75,15.58,measured,0.0,observed,-3.0,36.4,15.58,36.9,False,O,15.58,measured,36.9,15.58,0.6797,341.3831,341.3831,385.5822,341.3831,341.3831,385.5822,
TAP_A01,018b,Quiina florida,Ochnaceae,727110.08972664,9682609.00826976,O,14.7,False,,,20151214.0,,,,15.0,False,20180901,6,14.15,14.24,local_fit,0.1,observed,-3.0,14.7,14.04,14.7,False,O,14.15,feldpausch,14.399999999999999,13.94981464254397,0.728,51.5469,51.5469,62.254,48.8296,48.8296,58.9722,
TAP_A01,019a,Chrysophyllum sanguinolentum,Sapotaceae,727088.7736252,9682585.5705808,O,15.4,False,,,20151214.0,,,,16.0,False,20180901,6,14.79,14.63,local_fit,0.2,observed,-3.0,15.4,14.25,15.4,False,O,14.79,feldpausch,14.8,14.391556768809203,0.6714,58.9373,58.9373,65.7731,53.1037,53.1037,59.2629,
TAP_A01,019b,Aspidosperma parvifolium,Apocynaceae,727108.92454488,9682612.21776192,O,12.4,False,,,20151214.0,,,,13.4,False,20180901,6,13.08,12.9,local_fit,0.333,observed,-3.0,12.4,12.22,12.4,False,O,13.08,feldpausch,11.401,12.322600497262876,0.781,34.2475,34.2475,44.2977,27.4245,27.4245,35.4724,
TAP_A01,020a,Tetragastris panamensis,Burseraceae,727096.2637452,9682594.0399608,O,21.9,False,,,20151214.0,,,,21.5,False,20180901,6,17.99,17.94,local_fit,0.0,observed,-3.0,21.5,17.94,21.9,False,O,17.99,feldpausch,21.9,17.99,0.7173,141.879,141.879,168.8986,141.879,141.879,168.8986,
TAP_A01,020b,Quiina florida,Ochnaceae,727113.1368004798,9682609.51934592,O,13.0,False,,,20151214.0,,,,13.4,False,20180901,6,13.08,13.26,local_fit,0.133,observed,-3.0,13.0,12.99,13.0,False,O,13.08,feldpausch,12.600999999999999,12.796272445153559,0.728,37.5567,37.5567,45.3578,34.5911,34.5911,41.7762,
TAP_A01,021a,Mouriri collocarpa,Melastomataceae,727097.1864936,9682594.4455824,O,10.8,False,,,20151214.0,,,,11.1,False,20180901,6,11.45,11.91,local_fit,0.1,observed,-3.0,10.8,11.68,10.8,False,O,11.45,feldpausch,10.5,11.220261115991885,0.8333,22.9667,22.9667,31.6477,21.312,21.312,29.3676,
TAP_A01,021b,Enterolobium schomburgkii,Fabaceae,727112.71935696,9682610.67956784,O,20.4,False,,,20151214.0,,,,20.9,False,20180901,6,17.67,17.22,local_fit,0.167,observed,-3.0,20.4,16.95,20.4,False,O,17.67,feldpausch,19.898999999999997,17.38510783425375,0.6989,121.3841,121.3841,140.8787,113.8131,113.8131,132.0918,
TAP_A01,022a,Erisma uncinatum,Vochysiaceae,727101.32951928,9682593.16307712,O,67.1,False,18.55,29.31,20151214.0,,,,70.0,False,20180901,6,34.15,29.31,measured,0.967,observed,-3.0,67.1,28.8,67.1,False,O,29.31,measured,64.199,28.75498190149548,0.5231,2032.4997,2032.4997,1777.7883,1830.0369,1830.0369,1600.698,
TAP_A01,022b,Virola sebifera,Myristicaceae,727115.1854692,9682618.8911848,O,10.8,False,,,20151214.0,,,,13.5,False,20180901,6,13.15,11.91,local_fit,0.9,observed,-3.0,10.8,10.17,10.8,False,O,13.15,feldpausch,8.100000000000001,10.661154674901164,0.4454,26.2891,26.2891,19.6542,12.2169,12.2169,9.1336,
TAP_A01,023a,Maquira coriacea,Moraceae,727102.09954936,9682594.53626704,O,16.1,False,,,20151214.0,,,,16.3,False,20180901,6,14.98,15.01,local_fit,0.067,observed,-3.0,16.1,14.88,16.1,False,O,14.98,feldpausch,15.899000000000001,14.852386034013714,0.5112,65.0855,65.0855,55.6664,62.9807,62.9807,53.8662,
TAP_A01,023b,,,727114.8686108,9682619.7852512,O,18.0,True,,,20151214.0,,,,,True,20180901,6,,16.01,local_fit,0.167,site_median,-3.0,,,18.0,True,O,,feldpausch,17.499,,0.6697,,,,,,,
TAP_A01,024a,Nectandra cuspidata,Lauraceae,727094.2299324,9682599.3548136,O,15.0,False,,,20151214.0,,,,15.3,False,20180901,6,14.34,14.41,local_fit,0.1,observed,-3.0,15.0,14.22,15.0,False,O,14.34,feldpausch,14.7,14.141795766525245,0.518,54.3229,54.3229,47.0645,51.5177,51.5177,44.6341,
TAP_A01,024b,Quiina florida,Ochnaceae,727112.4303576,9682611.4827984,O,15.0,False,,,20151214.0,,,,15.6,False,20180901,6,14.54,14.41,local_fit,0.2,observed,-3.0,15.0,14.02,15.0,False,O,14.54,feldpausch,14.4,14.136171756062817,0.728,55.0622,55.0622,66.4995,49.4662,49.4662,59.741,
TAP_A01,025a,Virola michelii,Myristicaceae,727092.9622623998,9682599.8327776,O,10.9,False,,,20151214.0,,,,10.8,False,20180901,6,11.23,11.97,local_fit,0.0,observed,-3.0,10.8,11.97,10.9,False,O,11.23,feldpausch,10.9,11.23,0.4701,22.945,22.945,18.0839,22.945,22.945,18.0839,
TAP_A01,025b,Quiina florida,Ochnaceae,727111.1771443998,9682611.9661616,O,10.5,False,,,20151214.0,,,,11.5,False,20180901,6,11.75,11.71,local_fit,0.333,observed,-3.0,10.5,10.96,10.5,False,O,11.75,feldpausch,9.501,10.928947779222234,0.728,22.2935,22.2935,26.9243,17.0891,17.0891,20.6388,
TAP_A01,026a,"Pouteria sp,",Sapotaceae,727088.7697416,9682593.8513664,O,24.4,False,,,20151214.0,,,,24.8,False,20180901,6,19.7,19.1,local_fit,0.133,observed,-3.0,24.4,18.91,24.4,False,O,19.7,feldpausch,24.000999999999998,19.496848803095524,0.7187,191.4453,191.4453,228.337,183.5159,183.5159,218.8796,
TAP_A01,026b,Strychnos subcordata,Loganiaceae,727109.98588944,9682615.26715656,O,13.0,False,,,20151214.0,,,,14.5,False,20180901,6,13.82,13.26,local_fit,0.5,observed,-3.0,13.0,12.29,13.0,False,O,13.82,feldpausch,11.5,12.671536749547172,0.6959,39.6291,39.6291,45.8029,28.6619,28.6619,33.1271,
TAP_A01,027a,Dialium guianense,Fabaceae,727086.57252,9682593.921168,O,15.7,False,,,20151214.0,,,,16.6,False,20180901,6,15.16,14.79,local_fit,0.3,observed,-3.0,15.7,14.24,15.7,False,O,15.16,feldpausch,14.799999999999999,14.5581749276443,0.8964,62.693,62.693,92.7637,53.7037,53.7037,79.4626,
TAP_A01,027b,Quiina florida,Ochnaceae,727103.97217056,9682616.86705344,O,13.3,False,,,20151214.0,,,,18.1,False,20180901,6,16.07,13.44,local_fit,1.6,observed,-3.0,13.3,10.89,13.3,False,O,16.07,feldpausch,8.5,11.646555307815545,0.728,48.0055,48.0055,57.9769,14.6317,14.6317,17.6709,
TAP_A01,028a,Quiina florida,Ochnaceae,727083.7940699998,9682592.700492,O,15.7,False,,,20151214.0,,,,16.4,False,20180901,6,15.04,14.79,local_fit,0.233,observed,-3.0,15.7,14.36,15.7,False,O,15.04,feldpausch,15.001,14.57771880970056,0.728,62.2086,62.2086,75.1303,55.2088,55.2088,66.6765,
TAP_A01,028b,Chimarrhis turbinata,Rubiaceae,727104.22764544,9682619.14951576,O,15.4,False,,,20151214.0,,,,15.9,False,20180901,6,14.73,14.63,local_fit,0.167,observed,-3.0,15.4,14.31,15.4,False,O,14.73,feldpausch,14.899000000000001,14.399157073537758,0.72,58.7039,58.7039,70.1371,53.827,53.827,64.3104,
TAP_A01,029a,Quiina florida,Ochnaceae,727083.4448963999,9682593.5824896,O,13.5,False,,,20151214.0,,,,14.3,False,20180901,6,13.69,13.55,local_fit,0.267,observed,-3.0,13.5,13.02,13.5,False,O,13.69,feldpausch,12.699,13.115118927588291,0.728,42.2671,42.2671,51.0466,35.972,35.972,43.4439,
TAP_A01,029b,Eschweilera coriacea,Lecythidaceae,727100.5641876,9682617.233592002,O,13.8,False,,,20151214.0,,,,14.0,False,20180901,6,13.49,13.73,local_fit,0.067,observed,-3.0,13.8,13.6,13.8,False,O,13.49,feldpausch,13.599,13.352739908360801,0.8521,43.4907,43.4907,61.2451,41.843,41.843,58.9248,
TAP_A01,030a,Quiina florida,Ochnaceae,727096.004232,9682603.23768,O,11.9,False,,,20151214.0,,,,11.8,False,20180901,6,11.96,12.6,local_fit,0.0,observed,-3.0,11.8,12.6,11.9,False,O,11.96,feldpausch,11.9,11.96,0.728,28.9597,28.9597,34.9751,28.9597,28.9597,34.9751,
TAP_A01,030b,Cecropia palmata,Urticaceae,727099.5504828,9682627.4352666,O,28.1,False,,,20151214.0,,,,29.6,False,20180901,6,21.95,20.73,local_fit,0.5,observed,-3.0,28.1,20.1,28.1,False,O,21.95,feldpausch,26.6,21.227286344257443,0.3404,280.2693,280.2693,161.1744,243.713,243.713,140.1519,
TAP_A01,031a,Pouteria gongrijpii,Sapotaceae,727094.736562,9682603.715644,O,36.3,False,18.42,25.63,20151214.0,,,,36.0,False,20180901,6,24.6,25.63,measured,0.0,observed,-3.0,36.0,25.63,36.3,False,O,25.63,measured,36.3,25.63,0.7994,537.4488,537.4488,711.1468,537.4488,537.4488,711.1468,
TAP_A01,031b,Quiina florida,Ochnaceae,727107.9171899998,9682627.069128,O,10.0,False,,,20151214.0,,,,10.3,False,20180901,6,10.85,11.39,local_fit,0.1,observed,-3.0,10.0,11.15,10.0,False,O,10.85,feldpausch,9.7,10.61281908836499,0.728,18.7517,18.7517,22.6467,17.2922,17.2922,20.884,
TAP_A01,032a,Simarouba amara,Simaroubaceae,727094.399294,9682604.602088,O,36.6,False,,,20151214.0,,,,39.5,False,20180901,6,25.89,24.17,local_fit,0.967,observed,-3.0,36.6,23.17,36.6,False,O,25.89,feldpausch,33.699,24.704057790269392,0.3833,551.5599,551.5599,356.195,448.4468,448.4468,289.605,
TAP_A01,032b,Quiina florida,Ochnaceae,727111.2739807199,9682623.78773808,O,11.7,False,,,20151214.0,,,,11.6,False,20180901,6,11.82,12.47,local_fit,0.0,observed,-3.0,11.6,12.47,11.7,False,O,11.82,feldpausch,11.7,11.82,0.728,27.6971,27.6971,33.4502,27.6971,27.6971,33.4502,
TAP_A01,033a,Quiina florida,Ochnaceae,727085.2221156,9682605.7486824,O,11.3,False,,,20151214.0,,,,11.8,False,20180901,6,11.96,12.22,local_fit,0.167,observed,-3.0,11.3,11.85,11.3,False,O,11.96,feldpausch,10.799000000000001,11.577650288409055,0.728,26.1779,26.1779,31.6155,23.2123,23.2123,28.0339,
TAP_A01,033b,Quiina florida,Ochnaceae,727113.183803744,9682627.00033554,O,19.1,False,,,20151214.0,,,,,True,20180901,6,,16.57,local_fit,0.167,site_median,-3.0,,,19.1,False,O,,feldpausch,18.599,,0.728,,,,,,,
TAP_A01,034a,Chimarrhis turbinata,Rubiaceae,727086.47855848,9682608.16225792,O,23.2,False,,,20151214.0,,,,23.0,False,20180901,6,18.79,18.55,local_fit,0.0,observed,-3.0,23.0,18.55,23.2,False,O,18.79,feldpausch,23.2,18.79,0.72,165.6707,165.6707,197.9369,165.6707,165.6707,197.9369,
TAP_A01,034b,Protium hebetatum,Burseraceae,727110.7543176,9682628.3117184,O,21.5,False,,,20151214.0,,,,22.6,False,20180901,6,18.58,17.75,local_fit,0.367,observed,-3.0,21.5,17.19,21.5,False,O,18.58,feldpausch,20.399,17.957133207195568,0.5773,141.2437,141.2437,136.0279,123.297,123.297,118.744,
TAP_A01,035a,Xylopia nitida,Annonaceae,727087.34814,9682608.750504,O,10.2,False,,,20151214.0,,,,11.3,False,20180901,6,11.6,11.52,local_fit,0.367,observed,-3.0,10.2,10.71,10.2,False,O,11.6,feldpausch,9.099,10.675291402243563,0.5483,20.8046,20.8046,19.0542,15.3502,15.3502,14.0588,
TAP_A01,035b,Pseudopiptadenia psilostachya,Fabaceae,727110.4366087998,9682629.205467202,O,14.7,False,,,20151214.0,,,,17.2,False,20180901,6,15.53,14.24,local_fit,0.833,observed,-3.0,14.7,12.79,14.7,False,O,15.53,feldpausch,12.201,13.633175492431441,0.6642,56.4479,56.4479,62.3375,34.5518,34.5518,38.1569,
TAP_A01,036a,Quiina florida,Ochnaceae,727084.7855871998,9682609.6962688,O,20.0,False,,,20151214.0,,,,20.2,False,20180901,6,17.28,17.02,local_fit,0.067,observed,-3.0,20.0,16.91,20.0,False,O,17.28,feldpausch,19.799,17.166003728796483,0.728,114.2652,114.2652,137.9998,111.3129,111.3129,134.4343,
TAP_A01,036b,Cordia scabrifolia,Boraginaceae,727106.9464416,9682632.8420064,O,14.5,False,,,20151214.0,,,,14.8,False,20180901,6,14.02,14.13,local_fit,0.1,observed,-3.0,14.5,13.93,14.5,False,O,14.02,feldpausch,14.2,13.818503391340839,0.474,49.7367,49.7367,39.5149,47.0779,47.0779,37.4026,
TAP_A01,037a,Nectandra cuspidata,Lauraceae,727080.1600055998,9682610.2557504,O,36.5,False,20.73,28.22,20151214.0,,,,,True,20180901,6,,28.22,measured,0.167,site_median,-3.0,,,36.5,False,O,28.22,measured,35.999,28.001652434200427,0.518,596.7604,596.7604,517.0234,576.4888,576.4888,499.4604,
TAP_A01,037b,Pouteria macrophylla,Sapotaceae,727111.7004996,9682634.9225184,O,15.7,False,,,20151214.0,,,,16.2,False,20180901,6,14.91,14.79,local_fit,0.167,observed,-3.0,15.7,14.48,15.7,False,O,14.91,feldpausch,15.199,14.582526316126966,0.737,61.6838,61.6838,75.3952,56.6584,56.6584,69.2528,
TAP_A01,038a,Dipteryx odorata,Fabaceae,727079.0443868,9682610.2842992,O,86.9,False,21.77,34.15,20151214.0,,,,86.1,False,20180901,6,37.02,34.15,measured,0.0,observed,-3.0,86.1,34.15,86.9,False,O,34.15,measured,86.9,34.15,0.9228,3908.5586,3908.5586,5949.2612,3908.5586,3908.5586,5949.2612,
TAP_A01,038b,Tachigali paniculata,Fabaceae,727115.503746,9682636.586928,O,29.9,False,,,20151214.0,,,,32.1,False,20180901,6,23.03,21.49,local_fit,0.733,observed,-3.0,29.9,20.61,29.9,False,O,23.03,feldpausch,27.701,21.994734836221717,0.5545,331.5658,331.5658,307.0026,273.0957,273.0957,252.8641,
TAP_A01,039a,Maquira coriacea,Moraceae,727073.91245712,9682617.66102408,O,14.1,False,,,20151214.0,,,,12.4,False,20180901,6,12.39,13.9,local_fit,0.0,observed,-3.0,12.4,13.9,14.1,False,O,12.39,feldpausch,14.1,12.39,0.5112,41.7421,41.7421,35.7012,41.7421,41.7421,35.7012,
TAP_A01,039b,Inga thibaudiana,Fabaceae,727121.83549848,9682630.89394992,O,16.3,False,,,20151214.0,,,,16.9,False,20180901,6,15.35,15.12,local_fit,0.2,observed,-3.0,16.3,14.76,16.3,False,O,15.35,feldpausch,15.700000000000001,14.962911880956268,0.5786,68.2799,68.2799,65.8975,61.8974,61.8974,59.7378,
TAP_A01,040a,Quiina florida,Ochnaceae,727078.4220936,9682620.3589344,O,13.2,False,,,20151214.0,,,,13.5,False,20180901,6,13.15,13.38,local_fit,0.1,observed,-3.0,13.2,13.18,13.2,False,O,13.15,feldpausch,12.899999999999999,12.939571534106259,0.728,38.8949,38.8949,46.974,36.6071,36.6071,44.211,
TAP_A01,040b,Pouteria macrophylla,Sapotaceae,727121.1699444798,9682629.67321952,O,20.2,False,,,20151214.0,,,,21.2,False,20180901,6,17.83,17.12,local_fit,0.333,observed,-3.0,20.2,16.59,20.2,False,O,17.83,feldpausch,19.201,17.246004359467182,0.737,120.1241,120.1241,146.826,105.3214,105.3214,128.7329,
TAP_A01,041a,Aspidosperma parvifolium,Apocynaceae,727079.3729052,9682620.7750368,O,10.8,False,,,20151214.0,,,,,True,20180901,6,,11.91,local_fit,0.167,site_median,-3.0,,,10.8,False,O,,feldpausch,10.299000000000001,,0.781,,,,,,,
TAP_A01,041b,Vatairea sericea,Fabaceae,727117.0537856,9682629.0055904,O,25.1,False,,,20151214.0,,,,35.3,False,20180901,6,24.32,19.42,local_fit,3.4,observed,-3.0,25.1,15.85,25.1,False,O,24.32,feldpausch,14.900000000000002,17.256673240771086,0.665,248.4988,248.4988,274.7404,64.2378,64.2378,71.0213,
TAP_A01,042a,Duguetia surinamensis,Annonaceae,727082.3016395998,9682618.953626402,O,12.2,False,,,20151214.0,,,,12.7,False,20180901,6,12.6,12.78,local_fit,0.167,observed,-3.0,12.2,12.42,12.2,False,O,12.6,feldpausch,11.699,12.2305318199843,0.8,31.9887,31.9887,42.3581,28.6308,28.6308,37.9118,
TAP_A01,042b,Nectandra cuspidata,Lauraceae,727113.6011772,9682623.3615168,O,18.1,False,,,20151214.0,,,,18.0,False,20180901,6,16.01,16.06,local_fit,0.0,observed,-3.0,18.0,16.06,18.1,False,O,16.01,feldpausch,18.1,16.01,0.518,87.2841,87.2841,75.6215,87.2841,87.2841,75.6215,
TAP_A01,043a,Dialium guianense,Fabaceae,727089.2165883998,9682624.0489816,O,13.1,False,,,20151214.0,,,,43.3,False,20180901,6,27.2,13.32,local_fit,5.0,observed,-3.0,28.3,10.47,13.1,False,O,27.2,feldpausch,1.0,3.741341555687833,0.8964,77.8957,77.8957,115.2584,0.0741,0.0741,0.1096,
TAP_A01,043b,Alexa grandiflora,Fabaceae,727120.55851152,9682625.172007682,O,10.0,False,,,20151214.0,,,,10.2,False,20180901,6,10.78,11.39,local_fit,0.067,observed,-3.0,10.0,11.22,10.0,False,O,10.78,feldpausch,9.799,10.622415899021906,0.66,18.6336,18.6336,20.4501,17.6539,17.6539,19.375,
TAP_A01,044a,Diospyros artanthifolia,Ebenaceae,727091.1707,9682621.802576002,O,25.0,False,,,20151214.0,,,,26.2,False,20180901,6,20.38,19.37,local_fit,0.4,observed,-3.0,25.0,18.82,25.0,False,O,20.38,feldpausch,23.8,19.76050537091918,0.6952,207.5023,207.5023,239.5644,182.9101,182.9101,211.1724,
TAP_A01,044b,,,727119.5546367998,9682621.8403552,O,30.6,True,,,20151214.0,,,,,True,20180901,6,,21.78,local_fit,0.167,site_median,-3.0,,,30.6,True,O,,feldpausch,30.099,,0.6697,,,,,,,
TAP_A01,045a,Virola michelii,Myristicaceae,727094.0129299999,9682623.047072,O,49.0,False,26.11,31.91,20151214.0,,,,49.7,False,20180901,6,29.19,31.91,measured,0.233,observed,-3.0,49.0,31.69,49.0,False,O,31.91,measured,48.301,31.68042361417668,0.4701,1195.5177,1195.5177,942.238,1154.2903,1154.2903,909.7449,
TAP_A01,045b,Protium hebetatum,Burseraceae,727122.74688896,9682625.09890304,O,14.5,False,,,20151214.0,,,,14.6,False,20180901,6,13.89,14.13,local_fit,0.033,observed,-3.0,14.5,14.06,14.5,False,O,13.89,feldpausch,14.401,13.824331621387884,0.5773,49.2866,49.2866,47.4665,48.4074,48.4074,46.6198,
TAP_A01,046a,Quiina florida,Ochnaceae,727093.731552,9682620.856176,O,10.7,False,,,20151214.0,,,,11.1,False,20180901,6,11.45,11.84,local_fit,0.133,observed,-3.0,10.7,11.53,10.7,False,O,11.45,feldpausch,10.300999999999998,11.1406849829189,0.728,22.5534,22.5534,27.2381,20.3886,20.3886,24.6236,
TAP_A01,046b,Protium hebetatum,Burseraceae,727124.674651296,9682623.25981862,O,10.8,False,,,20151214.0,,,,11.9,False,20180901,6,12.03,11.91,local_fit,0.367,observed,-3.0,10.8,11.12,10.8,False,O,12.03,feldpausch,9.699000000000002,11.130663346061937,0.5773,24.1014,24.1014,23.2114,18.1116,18.1116,17.4428,
TAP_A01,047a,Neea oppositifolia,Nyctaginaceae,727093.1197092,9682619.5542648,O,10.4,False,,,20151214.0,,,,10.2,False,20180901,6,10.78,11.65,local_fit,0.0,observed,-3.0,10.2,11.65,10.4,False,O,10.78,feldpausch,10.4,10.78,0.893,20.1162,20.1162,29.6552,20.1162,20.1162,29.6552,
TAP_A01,047b,Protium hebetatum,Burseraceae,727125.2582323198,9682620.93455928,O,16.7,False,,,20151214.0,,,,17.2,False,20180901,6,15.53,15.33,local_fit,0.167,observed,-3.0,16.7,15.02,16.7,False,O,15.53,feldpausch,16.198999999999998,15.212595770994229,0.5773,72.408,72.408,69.7342,66.867,66.867,64.3978,
TAP_A01,048a,Neea oppositifolia,Nyctaginaceae,727092.1748503998,9682619.1403856,O,34.2,False,,,20151214.0,,,,33.4,False,20180901,6,23.57,23.23,local_fit,0.0,observed,-3.0,33.4,23.23,34.2,False,O,23.57,feldpausch,34.2,23.57,0.893,440.8619,440.8619,649.9172,440.8619,440.8619,649.9172,
TAP_A01,048b,Inga thibaudiana,Fabaceae,727122.2688512,9682617.1443356,O,31.8,False,,,20151214.0,,,,31.0,False,20180901,6,22.56,22.27,local_fit,0.0,observed,-3.0,31.0,22.27,31.8,False,O,22.56,feldpausch,31.8,22.56,0.5786,366.486,366.486,353.699,366.486,366.486,353.699,
TAP_A01,049a,Virola michelii,Myristicaceae,727092.91938936,9682620.08689344,O,16.9,False,,,20151214.0,,,,17.0,False,20180901,6,15.41,15.44,local_fit,0.033,observed,-3.0,16.9,15.38,16.9,False,O,15.41,feldpausch,16.801,15.348986937704368,0.4701,73.5514,73.5514,57.969,72.4317,72.4317,57.0865,
TAP_A01,049b,,,727117.6070615998,9682615.0982832,O,10.9,True,,,20151214.0,,,,,True,20180901,6,,11.97,local_fit,0.167,site_median,-3.0,,,10.9,True,O,,feldpausch,10.399000000000001,,0.6697,,,,,,,
TAP_A01,050a,Simarouba amara,Simaroubaceae,727097.6462345598,9682622.15724224,O,13.5,False,,,20151214.0,,,,16.9,False,20180901,6,15.35,13.55,local_fit,1.133,observed,-3.0,13.5,11.61,13.5,False,O,15.35,feldpausch,10.100999999999999,12.487584471106754,0.3833,47.2622,47.2622,30.5217,21.9353,21.9353,14.1657,
TAP_A01,050b,Virola sebifera,Myristicaceae,727129.482217152,9682610.50109069,O,49.5,False,15.4,22.71,20151214.0,,,,51.6,False,20180901,6,29.74,22.71,measured,0.7,observed,-3.0,49.5,22.25,49.5,False,O,22.71,measured,47.4,22.219702900521614,0.4454,874.9797,874.9797,654.1521,787.0395,787.0395,588.4063,
TAP_A01,051a,Stryphnodendron pulcherrimum,Fabaceae,727097.560074,9682619.431812,O,37.2,False,13.37,20.63,20151214.0,,,,38.8,False,20180901,6,25.64,20.63,measured,0.533,observed,-3.0,37.2,20.16,37.2,False,O,20.63,measured,35.601,20.12751020708359,0.475,456.1543,456.1543,363.1525,408.7088,408.7088,325.3804,
TAP_A01,051b,Guatteria schomburgkiana,Annonaceae,727128.928097664,9682612.116470018,O,12.1,False,,,20151214.0,,,,14.5,False,20180901,6,13.82,12.72,local_fit,0.8,observed,-3.0,12.1,11.21,12.1,False,O,13.82,feldpausch,9.7,11.791639249016367,0.6,34.4503,34.4503,34.4503,19.1644,19.1644,19.1644,
TAP_A01,052a,Guatteria schomburgkiana,Annonaceae,727095.063616,9682617.304048002,O,24.5,False,,,20151214.0,,,,26.7,False,20180901,6,20.62,19.15,local_fit,0.733,observed,-3.0,24.5,18.16,24.5,False,O,20.62,feldpausch,22.301000000000002,19.427185233237015,0.6,201.7709,201.7709,201.7709,158.4447,158.4447,158.4447,
TAP_A01,053a,Quiina florida,Ochnaceae,727093.1790008,9682616.4781952,O,15.7,False,,,20151214.0,,,,16.2,False,20180901,6,14.91,14.79,local_fit,0.167,observed,-3.0,15.7,14.48,15.7,False,O,14.91,feldpausch,15.199,14.582526316126966,0.728,61.6838,61.6838,74.4965,56.6584,56.6584,68.4272,
TAP_A01,053b,Inga marginata,Fabaceae,727129.85859936,9682604.46963264,O,15.3,False,,,20151214.0,,,,15.9,False,20180901,6,14.73,14.57,local_fit,0.2,observed,-3.0,15.3,14.18,15.3,False,O,14.73,feldpausch,14.700000000000001,14.330165150612817,0.5518,57.9621,57.9621,53.4131,52.1874,52.1874,48.0915,
TAP_A01,054a,Jacaranda copaia,Bignoniaceae,727099.4920751998,9682617.1771488,O,12.0,False,,,20151214.0,,,,14.1,False,20180901,6,13.56,12.66,local_fit,0.7,observed,-3.0,12.0,11.31,12.0,False,O,13.56,feldpausch,9.9,11.811803548854705,0.3507,33.2742,33.2742,19.6992,19.9766,19.9766,11.8267,
TAP_A01,054b,Quiina florida,Ochnaceae,727128.3480932,9682599.6728816,O,14.7,False,,,20151214.0,,,,15.1,False,20180901,6,14.21,14.24,local_fit,0.133,observed,-3.0,14.7,13.98,14.7,False,O,14.21,feldpausch,14.300999999999998,13.942206955162753,0.728,51.7602,51.7602,62.5116,48.1508,48.1508,58.1525,
TAP_A01,055a,Maquira coriacea,Moraceae,727096.0626639999,9682614.639952,O,32.6,False,,,20151214.0,,,,33.4,False,20180901,6,23.57,22.6,local_fit,0.267,observed,-3.0,32.6,22.28,32.6,False,O,23.57,feldpausch,31.799000000000003,23.23044101438711,0.5112,401.4989,401.4989,343.3946,377.089,377.089,322.5172,
TAP_A01,055b,"Inga sp,",Fabaceae,727128.6228257358,9682599.793786785,O,18.3,False,,,20151214.0,,,,18.1,False,20180901,6,16.07,16.17,local_fit,0.0,observed,-3.0,18.1,16.17,18.3,False,O,16.07,feldpausch,18.3,16.07,0.5786,89.5028,89.5028,86.38,89.5028,89.5028,86.38,
TAP_A01,056a,Quiina florida,Ochnaceae,727098.6048072,9682613.6865648,O,14.0,False,,,20151214.0,,,,14.3,False,20180901,6,13.69,13.84,local_fit,0.1,observed,-3.0,14.0,13.64,14.0,False,O,13.69,feldpausch,13.7,13.485163079292338,0.728,45.3766,45.3766,54.8021,42.8626,42.8626,51.7659,
TAP_A01,056b,,,727133.4912947998,9682596.9781872,O,34.1,True,,,20151214.0,,,,,True,20180901,6,,23.2,local_fit,0.167,site_median,-3.0,,,34.1,True,O,,feldpausch,33.599000000000004,,0.6697,,,,,,,
TAP_A01,057a,Thyrsodium spruceanum,Anacardiaceae,727099.2123979998,9682614.986888,O,13.4,False,,,20151214.0,,,,13.7,False,20180901,6,13.29,13.49,local_fit,0.1,observed,-3.0,13.4,13.28,13.4,False,O,13.29,feldpausch,13.1,13.080943078675475,0.64,40.4697,40.4697,43.1008,38.1254,38.1254,40.6041,
TAP_A01,058a,Diospyros artanthifolia,Ebenaceae,727094.2500964,9682610.7427936,O,10.5,False,,,20151214.0,,,,12.1,False,20180901,6,12.18,11.71,local_fit,0.533,observed,-3.0,10.5,10.58,10.5,False,O,12.18,feldpausch,8.901,10.801529959762746,0.6952,23.0895,23.0895,26.6571,14.8747,14.8747,17.173,
TAP_A01,059a,Casearia javitensis,Salicaceae,727096.7922396,9682609.7894064,O,22.7,False,,,20151214.0,,,,22.8,False,20180901,6,18.68,18.32,local_fit,0.033,observed,-3.0,22.7,18.27,22.7,False,O,18.68,feldpausch,22.601,18.627975854129918,0.753,157.8654,157.8654,197.044,156.0988,156.0988,194.839,
TAP_A01,060a,Virola michelii,Myristicaceae,727100.8647219999,9682610.541964,O,66.7,False,24.21,35.12,20151214.0,,,,39.5,False,20180901,6,25.89,35.12,measured,0.0,observed,-3.0,39.5,35.12,66.7,False,O,35.12,measured,66.7,35.12,0.4701,2396.7102,2396.7102,1888.9485,2396.7102,2396.7102,1888.9485,
TAP_A01,061a,Jacaranda copaia,Bignoniaceae,727101.37087728,9682612.10812512,O,15.1,False,,,20151214.0,,,,15.3,False,20180901,6,14.34,14.46,local_fit,0.067,observed,-3.0,15.1,14.33,15.1,False,O,14.34,feldpausch,14.899,14.208419922011467,0.3507,55.032,55.032,32.5804,53.131,53.131,31.455,
TAP_A01,062a,Nectandra cuspidata,Lauraceae,727102.4052659998,9682612.25172,O,17.5,False,,,20151214.0,,,,18.2,False,20180901,6,16.13,15.75,local_fit,0.233,observed,-3.0,17.5,15.34,17.5,False,O,16.13,feldpausch,16.801,15.693359693737785,0.518,82.3232,82.3232,71.3234,74.0174,74.0174,64.1274,
TAP_A01,063a,Quiina florida,Ochnaceae,727102.8475108,9682605.2080552,O,12.5,False,,,20151214.0,,,,12.8,False,20180901,6,12.67,12.96,local_fit,0.1,observed,-3.0,12.5,12.75,12.5,False,O,12.67,feldpausch,12.2,12.454316463015926,0.728,33.724,33.724,40.729,31.6277,31.6277,38.1972,
TAP_A01,064a,Protium paniculatum,Burseraceae,727099.4631708,9682602.6876912,O,19.2,False,,,20151214.0,,,,20.4,False,20180901,6,17.39,16.62,local_fit,0.4,observed,-3.0,19.2,15.97,19.2,False,O,17.39,feldpausch,18.0,16.660830150720194,0.49,106.1688,106.1688,87.127,89.7694,89.7694,73.6689,
TAP_A01,065a,Quiina florida,Ochnaceae,727098.73529968,9682601.74740832,O,11.2,False,,,20151214.0,,,,11.8,False,20180901,6,11.96,12.16,local_fit,0.2,observed,-3.0,11.2,11.72,11.2,False,O,11.96,feldpausch,10.6,11.496660329404314,0.728,25.7276,25.7276,31.0717,22.2319,22.2319,26.8498,
TAP_A01,066a,Couratari stellata,Lecythidaceae,727102.1177706398,9682601.37134176,O,14.0,False,,,20151214.0,,,,14.4,False,20180901,6,13.76,13.84,local_fit,0.133,observed,-3.0,14.0,13.57,14.0,False,O,13.76,feldpausch,13.600999999999999,13.485735452814374,0.6331,45.6031,45.6031,48.0601,42.2619,42.2619,44.5388,
TAP_A01,067a,Jacaranda copaia,Bignoniaceae,727103.44200912,9682600.71202368,O,26.1,False,,,20151214.0,,,,26.7,False,20180901,6,20.62,19.86,local_fit,0.2,observed,-3.0,26.1,19.59,26.1,False,O,20.62,feldpausch,25.5,20.32516985919626,0.3507,228.2909,228.2909,135.1544,215.1139,215.1139,127.3532,
TAP_A01,068a,Alexa grandiflora,Fabaceae,727100.2080536,9682597.8428624,O,47.7,False,13.72,22.1,20151214.0,,,,48.2,False,20180901,6,28.75,22.1,measured,0.167,observed,-3.0,47.7,21.98,47.7,False,O,22.1,measured,47.199000000000005,21.981787769367845,0.66,792.6025,792.6025,869.8707,772.38,772.38,847.6767,
TAP_A01,069a,Laetia procera,Salicaceae,727105.29295032,9682598.62956768,O,24.1,False,,,20151214.0,,,,24.2,False,20180901,6,19.4,18.97,local_fit,0.033,observed,-3.0,24.1,18.92,24.1,False,O,19.4,feldpausch,24.001,19.349787415194236,0.6481,184.0994,184.0994,198.4904,182.1647,182.1647,196.4044,
TAP_A01,070a,Laetia procera,Salicaceae,727106.06453568,9682598.86529352,O,11.2,False,,,20151214.0,,,,11.5,False,20180901,6,11.75,12.16,local_fit,0.1,observed,-3.0,11.2,11.93,11.2,False,O,11.75,feldpausch,10.899999999999999,11.523642904844168,0.6481,25.2866,25.2866,27.2633,23.5304,23.5304,25.3697,
TAP_A01,071a,Rollinia exsucca,Annonaceae,727103.977898,9682596.396584,O,10.4,False,,,20151214.0,,,,10.7,False,20180901,6,11.15,11.65,local_fit,0.1,observed,-3.0,10.4,11.42,10.4,False,O,11.15,feldpausch,10.1,10.916661762426372,0.3748,20.7898,20.7898,13.1325,19.2341,19.2341,12.1498,
TAP_A01,072a,,,727103.03554128,9682593.18914712,O,13.2,False,,,20151214.0,,,,13.2,False,20180901,6,12.95,13.38,local_fit,0.0,observed,-3.0,13.2,13.38,13.2,False,O,12.95,feldpausch,13.2,12.95,0.6697,38.3174,38.3174,42.6571,38.3174,38.3174,42.6571,
TAP_A01,073a,,,727103.4695676,9682592.0351184,O,37.7,True,,10.24,20151214.0,,,,,True,20180901,6,,10.24,measured,0.167,site_median,-3.0,,,37.7,True,O,10.24,measured,37.199000000000005,10.16413104706709,0.6697,236.337,191.9409,191.9409,228.58,185.74,185.74,
TAP_A01,074a,Miconia pyrifolia,Melastomataceae,727107.66549,9682598.0178,O,11.5,False,,,20151214.0,,,,12.8,False,20180901,6,12.67,12.35,local_fit,0.433,observed,-3.0,11.5,11.45,11.5,False,O,12.67,feldpausch,10.201,11.625122855217798,0.6228,28.6585,28.6585,29.7194,20.8526,20.8526,21.6245,
TAP_A01,075a,Erisma uncinatum,Vochysiaceae,727108.9805459998,9682594.45932,O,13.7,False,,,20151214.0,,,,14.1,False,20180901,6,13.56,13.67,local_fit,0.133,observed,-3.0,13.7,13.4,13.7,False,O,13.56,feldpausch,13.300999999999998,13.282936357875434,0.5231,43.0948,43.0948,37.6942,39.8674,39.8674,34.8712,
TAP_A01,076a,,,727109.77604448,9682589.43091392,O,11.9,True,,,20151214.0,,,,,True,20180901,6,,12.6,local_fit,0.167,site_median,-3.0,,,11.9,True,O,,feldpausch,11.399000000000001,,0.6697,,,,,,,
TAP_A01,079a,Quiina florida,Ochnaceae,727084.3867219999,9682602.277472,O,,,,,,,,,10.5,False,20180901,6,11.0,11.0,feldpausch_regional,0.167,site_median,-3.0,10.0,10.62,,False,O,11.0,feldpausch,,,0.728,,,,,,,
TAP_A01,001a,Lecythis lurida,Lecythidaceae,727924.2345916348,9683220.042629529,O,24.6,False,,,20160307.0,,,,24.9,False,20180830,7,19.75,19.19,local_fit,0.1,observed,-3.0,24.6,19.04,24.6,False,O,19.75,feldpausch,24.3,19.59858943765513,0.8633,195.0022,195.0022,278.1468,188.9625,188.9625,269.5319,
TAP_A01,001b,Geissospermum sericeum,Apocynaceae,727951.13665648,9683233.7037264,O,34.5,False,,,20160307.0,,,,35.7,False,20180830,7,24.48,23.35,local_fit,0.4,observed,-3.0,34.5,22.9,34.5,False,O,24.48,feldpausch,33.3,23.987358418450516,0.7823,465.3326,465.3326,602.8903,425.7304,425.7304,551.5812,
TAP_A01,002a,Abarema mataybifolia,Fabaceae,727931.4735832,9683224.403256,O,12.8,False,,,20160307.0,,,,12.1,False,20180830,7,12.18,13.14,local_fit,0.0,observed,-3.0,12.1,13.14,12.8,False,O,12.18,feldpausch,12.8,12.18,0.5668,33.9881,33.9881,32.1485,33.9881,33.9881,32.1485,
TAP_A01,002b,,,727948.69617616,9683235.5895888,O,55.0,True,,,20160307.0,,,,,True,20180830,7,,30.61,local_fit,0.167,site_median,-3.0,,,55.0,True,O,,feldpausch,54.499,,0.6697,,,,,,,
TAP_A01,003a,Nectandra cuspidata,Lauraceae,727930.7897096,9683226.328568,O,30.0,False,,,20160307.0,,,,31.8,False,20180830,7,22.9,21.53,local_fit,0.6,observed,-3.0,30.0,20.81,30.0,False,O,22.9,feldpausch,28.2,22.06488789112494,0.518,331.8951,331.8951,287.5485,283.6611,283.6611,245.7594,
TAP_A01,003b,Virola mollissima,Myristicaceae,727949.2617448,9683236.850314,O,16.3,False,,,20160307.0,,,,17.5,False,20180830,7,15.71,15.12,local_fit,0.4,observed,-3.0,16.3,14.42,16.3,False,O,15.71,feldpausch,15.100000000000001,14.91041544768796,0.4734,69.8424,69.8424,55.4218,57.1676,57.1676,45.364,
TAP_A01,004a,Quiina florida,Ochnaceae,727924.57141856,9683255.3690608,O,13.3,False,,,20160307.0,,,,13.7,False,20180830,7,13.29,13.44,local_fit,0.133,observed,-3.0,13.3,13.17,13.3,False,O,13.29,feldpausch,12.901,13.009109670485456,0.728,39.8822,39.8822,48.1664,36.8047,36.8047,44.4496,
TAP_A01,004b,Eschweilera ovata,Lecythidaceae,727943.41220976,9683240.3858968,O,13.0,False,,,20160307.0,,,,12.7,False,20180830,7,12.6,13.26,local_fit,0.0,observed,-3.0,12.7,13.26,13.0,False,O,12.6,feldpausch,13.0,12.6,0.9,36.2109,36.2109,53.7904,36.2109,36.2109,53.7904,
TAP_A01,005a,Quiina florida,Ochnaceae,727932.1149831358,9683232.45022048,O,10.4,False,3.72,7.12,20160307.0,,,,10.5,False,20180830,7,11.0,7.12,measured,0.033,observed,-3.0,10.4,7.07,10.4,False,O,7.12,measured,10.301,7.07101555106066,0.728,13.4193,13.4193,16.2067,13.0826,13.0826,15.8001,
TAP_A01,005b,Aspidosperma parvifolium,Apocynaceae,727943.13134192,9683241.2866256,O,11.7,False,,,20160307.0,,,,11.8,False,20180830,7,11.96,12.47,local_fit,0.033,observed,-3.0,11.7,12.4,11.7,False,O,11.96,feldpausch,11.600999999999999,11.887862780171302,0.781,28.0172,28.0172,36.2391,27.3941,27.3941,35.4331,
TAP_A01,006a,Quiina florida,Ochnaceae,727927.498554752,9683230.12411336,O,17.6,False,,,20160307.0,,,,17.3,False,20180830,7,15.59,15.81,local_fit,0.0,observed,-3.0,17.3,15.81,17.6,False,O,15.59,feldpausch,17.6,15.59,0.728,80.5229,80.5229,97.2487,80.5229,80.5229,97.2487,
TAP_A01,006b,Quiina florida,Ochnaceae,727941.9904667198,9683241.8411196,O,15.6,False,,,20160307.0,,,,16.2,False,20180830,7,14.91,14.74,local_fit,0.2,observed,-3.0,15.6,14.37,15.6,False,O,14.91,feldpausch,15.0,14.514293698877283,0.728,60.9192,60.9192,73.573,54.9672,54.9672,66.3847,
TAP_A01,007a,Quiina florida,Ochnaceae,727922.28142003,9683223.694316868,O,10.6,False,7.12,11.77,20160307.0,,,,10.5,False,20180830,7,11.0,11.77,measured,0.0,observed,-3.0,10.5,11.77,10.6,False,O,11.77,measured,10.6,11.77,0.728,22.7476,22.7476,27.4726,22.7476,22.7476,27.4726,
TAP_A01,007b,Thyrsodium spruceanum,Anacardiaceae,727944.2964064,9683243.773672,O,12.2,False,,,20160307.0,,,,13.4,False,20180830,7,13.08,12.78,local_fit,0.4,observed,-3.0,12.2,11.97,12.2,False,O,13.08,feldpausch,11.0,12.149899490625323,0.64,33.1775,33.1775,35.3346,25.2233,25.2233,26.8632,
TAP_A01,008a,Quiina florida,Ochnaceae,727920.443011296,9683228.576539282,O,12.2,False,,,20160307.0,,,,11.8,False,20180830,7,11.96,12.78,local_fit,0.0,observed,-3.0,11.8,12.78,12.2,False,O,11.96,feldpausch,12.2,11.96,0.728,30.4019,30.4019,36.7168,30.4019,30.4019,36.7168,
TAP_A01,008b,Cecropia palmata,Urticaceae,727950.7989165998,9683238.036153002,O,28.2,False,10.43,16.97,20160307.0,,,,29.0,False,20180830,7,21.68,16.97,measured,0.267,observed,-3.0,28.2,16.69,28.2,False,O,16.97,measured,27.399,16.675427067095303,0.3404,219.5414,219.5414,126.2516,204.0168,204.0168,117.3239,
TAP_A01,009a,Maquira coriacea,Moraceae,727921.294630285,9683229.972934067,O,14.6,False,,,20160307.0,,,,15.0,False,20180830,7,14.15,14.18,local_fit,0.133,observed,-3.0,14.6,13.92,14.6,False,O,14.15,feldpausch,14.201,13.881233273209915,0.5112,50.8646,50.8646,43.5036,47.293,47.293,40.4488,
TAP_A01,009b,Nectandra cuspidata,Lauraceae,727951.50661552,9683238.8447936,O,12.2,False,5.82,12.46,20160307.0,,,,12.7,False,20180830,7,12.6,12.46,measured,0.167,observed,-3.0,12.2,12.11,12.2,False,O,12.46,measured,11.699,12.094637021984477,0.518,31.6418,31.6418,27.4139,28.3203,28.3203,24.5362,
TAP_A01,010a,Tetragastris panamensis,Burseraceae,727925.7762414078,9683232.19208744,O,24.2,False,,,20160307.0,,,,21.6,False,20180830,7,18.05,19.01,local_fit,0.0,observed,-3.0,21.6,19.01,24.2,False,O,18.05,feldpausch,24.2,18.05,0.7173,172.9777,172.9777,205.9198,172.9777,172.9777,205.9198,
TAP_A01,010b,Maquira coriacea,Moraceae,727948.6134067999,9683245.487644,O,43.8,False,,,20160307.0,,,,44.6,False,20180830,7,27.63,26.82,local_fit,0.267,observed,-3.0,43.8,26.57,43.8,False,O,27.63,feldpausch,42.998999999999995,27.362682330659286,0.5112,834.4607,834.4607,713.6988,797.3303,797.3303,681.9418,
TAP_A01,011a,Neea oppositifolia,Nyctaginaceae,727930.5143533678,9683235.37486324,O,32.0,False,,,20160307.0,,,,32.1,False,20180830,7,23.03,22.36,local_fit,0.033,observed,-3.0,32.0,22.32,32.0,False,O,23.03,feldpausch,31.901,22.988318119763854,0.893,378.5405,378.5405,558.0431,375.5932,375.5932,553.6982,
TAP_A01,011b,Ormosia nobilis,Fabaceae,727948.356288,9683246.36429,O,13.7,False,,,20160307.0,,,,13.7,False,20180830,7,13.29,13.67,local_fit,0.0,observed,-3.0,13.7,13.67,13.7,False,O,13.29,feldpausch,13.7,13.29,0.58,42.2571,42.2571,40.8818,42.2571,42.2571,40.8818,
TAP_A01,012a,Eschweilera ovata,Lecythidaceae,727932.144489184,9683239.16295312,O,17.5,False,,,20160307.0,,,,17.6,False,20180830,7,15.77,15.75,local_fit,0.033,observed,-3.0,17.5,15.69,17.5,False,O,15.77,feldpausch,17.401,15.710061658304271,0.9,80.5294,80.5294,119.6244,79.3471,79.3471,117.8681,
TAP_A01,012b,"Xylopia sp,",Annonaceae,727939.8360196,9683245.579128,O,13.5,False,,,20160307.0,,,,13.4,False,20180830,7,13.08,13.55,local_fit,0.0,observed,-3.0,13.4,13.55,13.5,False,O,13.08,feldpausch,13.5,13.08,0.5959,40.4279,40.4279,40.1594,40.4279,40.4279,40.1594,
TAP_A01,013a,Quiina florida,Ochnaceae,727928.4200536,9683238.559148,O,14.2,False,,,20160307.0,,,,14.0,False,20180830,7,13.49,13.96,local_fit,0.0,observed,-3.0,14.0,13.96,14.2,False,O,13.49,feldpausch,14.2,13.49,0.728,45.9853,45.9853,55.5372,45.9853,45.9853,55.5372,
TAP_A01,013b,Neea oppositifolia,Nyctaginaceae,727941.5865688,9683246.240634002,O,20.1,False,,,20160307.0,,,,20.1,False,20180830,7,17.22,17.07,local_fit,0.0,observed,-3.0,20.1,17.07,20.1,False,O,17.22,feldpausch,20.1,17.22,0.893,114.992,114.992,169.5209,114.992,114.992,169.5209,
TAP_A01,014a,Chamaecrista xinguensis,Fabaceae,727919.034321312,9683234.42880616,O,19.4,False,19.57,27.36,20160307.0,,,,20.2,False,20180830,7,17.28,27.36,measured,0.267,observed,-3.0,19.4,26.65,19.4,False,O,27.36,measured,18.599,26.60787517202064,0.9035,168.6068,168.6068,251.4116,151.1173,151.1173,225.3329,
TAP_A01,014b,Quiina florida,Ochnaceae,727942.9259944,9683248.242912,O,15.2,False,,,20160307.0,,,,34.1,False,20180830,7,23.85,14.52,local_fit,5.0,observed,-3.0,19.1,10.14,15.2,False,O,23.85,feldpausch,1.0,2.9589043981866174,0.728,91.59,91.59,110.6146,0.0589,0.0589,0.0712,
TAP_A01,015a,,,727933.0085678078,9683239.50505944,O,11.0,True,,,20160307.0,,,,,True,20180830,7,,12.03,local_fit,0.167,site_median,-3.0,,,11.0,True,O,,feldpausch,10.499,,0.6697,,,,,,,
TAP_A01,015b,Cordia scabrifolia,Boraginaceae,727943.67101324,9683249.0137082,O,12.8,False,,,20160307.0,,,,12.7,False,20180830,7,12.6,13.14,local_fit,0.0,observed,-3.0,12.7,13.14,12.8,False,O,12.6,feldpausch,12.8,12.6,0.474,35.1315,35.1315,27.9113,35.1315,35.1315,27.9113,
TAP_A01,016a,Pouteria guianensis,Sapotaceae,727930.46797756,9683241.1844818,O,23.4,False,,,20160307.0,,,,24.0,False,20180830,7,19.3,18.64,local_fit,0.2,observed,-3.0,23.4,18.34,23.4,False,O,19.3,feldpausch,22.799999999999997,18.98409764352245,0.9295,172.9314,172.9314,265.1,161.7551,161.7551,247.967,
TAP_A01,016b,Byrsonima crispa,Malpighiaceae,727947.8420504,9683248.117582,O,30.3,False,16.93,25.45,20160307.0,,,,21.6,False,20180830,7,18.05,25.45,measured,0.0,observed,-3.0,21.6,25.45,30.3,False,O,25.45,measured,30.3,25.45,0.58,375.1353,375.1353,362.926,375.1353,375.1353,362.926,
TAP_A01,017a,Quiina florida,Ochnaceae,727929.595417136,9683240.85097648,O,13.0,False,6.93,7.45,20160307.0,,,,13.5,False,20180830,7,13.15,7.45,measured,0.167,observed,-3.0,13.0,7.26,13.0,False,O,7.45,measured,12.499,7.246735553596524,0.728,21.6822,21.6822,26.1859,19.5461,19.5461,23.6061,
TAP_A01,017b,Lacunaria jenmanii,Ochnaceae,727941.5555823998,9683252.712152,O,33.1,False,,,20160307.0,,,,33.1,False,20180830,7,23.44,22.8,local_fit,0.0,observed,-3.0,33.1,22.8,33.1,False,O,23.44,feldpausch,33.1,23.44,0.8043,411.3804,411.3804,547.6127,411.3804,411.3804,547.6127,
TAP_A01,018a,Tetragastris panamensis,Burseraceae,727930.11050704,9683242.2244812,O,32.1,False,,,20160307.0,,,,32.8,False,20180830,7,23.32,22.4,local_fit,0.233,observed,-3.0,32.1,22.12,32.1,False,O,23.32,feldpausch,31.401,23.02120475378227,0.7173,385.533,385.533,458.9545,364.6963,364.6963,434.1496,
TAP_A01,018b,,,727940.38078,9683253.301050002,O,33.0,True,,,20160307.0,,,,,True,20180830,7,,22.76,local_fit,0.167,site_median,-3.0,,,33.0,True,O,,feldpausch,32.499,,0.6697,,,,,,,
TAP_A01,019a,Virola sebifera,Myristicaceae,727921.335106096,9683241.69803728,O,44.3,False,,,20160307.0,,,,47.2,False,20180830,7,28.45,27.0,local_fit,0.967,observed,-3.0,44.3,26.13,44.3,False,O,28.45,feldpausch,41.399,27.447911441219535,0.4454,877.8596,877.8596,656.3052,742.6941,742.6941,555.2528,
TAP_A01,019b,Pouteria macrophylla,Sapotaceae,727938.35658864,9683256.5990152,O,11.1,False,7.56,10.35,20160307.0,,,,7.7,False,20180830,7,8.77,10.35,measured,0.0,observed,-3.0,7.7,10.35,11.1,False,O,10.35,measured,11.1,10.35,0.737,21.954,21.954,26.834,21.954,21.954,26.834,
TAP_A01,020a,Quiina florida,Ochnaceae,727917.55323024,9683239.9876432,O,13.4,False,5.69,10.8,20160307.0,,,,13.7,False,20180830,7,13.29,10.8,measured,0.1,observed,-3.0,13.4,10.63,13.4,False,O,10.8,measured,13.1,10.630111756937183,0.728,33.0515,33.0515,39.9168,31.1369,31.1369,37.6045,
TAP_A01,020b,Tachigali myrmecophila,Fabaceae,727935.37739376,9683259.6470768,O,44.4,False,,,20160307.0,,,,50.0,False,20180830,7,29.28,27.03,local_fit,1.867,observed,-3.0,44.4,25.44,44.4,False,O,29.28,feldpausch,38.799,27.239428078599854,0.476,906.8294,906.8294,723.4264,649.5186,649.5186,518.1558,
TAP_A01,021a,Chimarrhis turbinata,Rubiaceae,727918.732283488,9683243.31738384,O,23.0,False,,,20160307.0,,,,23.4,False,20180830,7,18.99,18.46,local_fit,0.133,observed,-3.0,23.0,18.27,23.0,False,O,18.99,feldpausch,22.601,18.77942887631644,0.72,164.5863,164.5863,196.6413,157.3374,157.3374,187.9805,
TAP_A01,021b,,,727937.09268336,9683260.6522948,O,20.2,True,,,20160307.0,,,,,True,20180830,7,,17.12,local_fit,0.167,site_median,-3.0,,,20.2,True,O,,feldpausch,19.698999999999998,,0.6697,,,,,,,
TAP_A01,022a,Rinorea racemosa,Violaceae,727919.69664104,9683243.4346192,O,15.4,False,15.05,20.36,20160307.0,,,,15.4,False,20180830,7,14.41,20.36,measured,0.0,observed,-3.0,15.4,20.36,15.4,False,O,20.36,measured,15.4,20.36,0.682,80.5134,80.5134,91.236,80.5134,80.5134,91.236,
TAP_A01,022b,Quiina florida,Ochnaceae,727938.0222414798,9683260.9280014,O,12.7,False,4.73,9.05,20160307.0,,,,12.7,False,20180830,7,12.6,9.05,measured,0.0,observed,-3.0,12.7,9.05,12.7,False,O,9.05,measured,12.7,9.05,0.728,25.0481,25.0481,30.251,25.0481,25.0481,30.251,
TAP_A01,023a,Tetragastris panamensis,Burseraceae,727917.210652384,9683247.44723712,O,19.3,False,,,20160307.0,,,,20.1,False,20180830,7,17.22,16.67,local_fit,0.267,observed,-3.0,19.3,16.23,19.3,False,O,17.22,feldpausch,18.499000000000002,16.74369242881217,0.7173,106.2275,106.2275,126.4576,95.1509,95.1509,113.2716,
TAP_A01,023b,Erisma uncinatum,Vochysiaceae,727935.204801792,9683260.19164256,O,14.2,False,,,20160307.0,,,,15.3,False,20180830,7,14.34,13.96,local_fit,0.367,observed,-3.0,14.2,13.26,14.2,False,O,14.34,feldpausch,13.099,13.555125496736496,0.5231,48.8112,48.8112,42.6942,39.4678,39.4678,34.5217,
TAP_A01,024a,Quiina florida,Ochnaceae,727920.03676756,9683248.0516158,O,13.0,False,,,20160307.0,,,,,True,20180830,7,,13.26,local_fit,0.167,site_median,-3.0,,,13.0,False,O,,feldpausch,12.499,,0.728,,,,,,,
TAP_A01,024b,Maquira coriacea,Moraceae,727940.7307267518,9683262.02121136,O,13.8,False,,,20160307.0,,,,14.0,False,20180830,7,13.49,13.73,local_fit,0.067,observed,-3.0,13.8,13.6,13.8,False,O,13.49,feldpausch,13.599,13.352739908360801,0.5112,43.4907,43.4907,37.1968,41.843,41.843,35.7876,
TAP_A01,025a,Lacunaria jenmanii,Ochnaceae,727926.291724448,9683256.30760064,O,14.5,False,,,20160307.0,,,,14.8,False,20180830,7,14.02,14.13,local_fit,0.1,observed,-3.0,14.5,13.93,14.5,False,O,14.02,feldpausch,14.2,13.818503391340839,0.8043,49.7367,49.7367,66.2075,47.0779,47.0779,62.6682,
TAP_A01,025b,Maquira coriacea,Moraceae,727935.8287780798,9683264.7055744,O,11.6,False,9.89,13.09,20160307.0,,,,12.2,False,20180830,7,12.25,13.09,measured,0.2,observed,-3.0,11.6,12.63,11.6,False,O,13.09,measured,11.0,12.602521305020733,0.5112,30.0896,30.0896,25.735,26.14,26.14,22.3571,
TAP_A01,026a,,,727925.712879584,9683258.00322512,O,18.1,True,,,20160307.0,,,,,True,20180830,7,,16.06,local_fit,0.167,site_median,-3.0,,,18.1,True,O,,feldpausch,17.599,,0.6697,,,,,,,
TAP_A01,026b,Banara guianensis,Salicaceae,727938.93394384,9683264.5958412,O,15.0,False,,,20160307.0,,,,15.9,False,20180830,7,14.73,14.41,local_fit,0.3,observed,-3.0,15.0,13.84,15.0,False,O,14.73,feldpausch,14.1,14.11343046099493,0.61,55.7644,55.7644,56.6713,47.3999,47.3999,48.1708,
TAP_A01,027a,Eschweilera ovata,Lecythidaceae,727919.0961551139,9683256.062807048,O,24.7,False,,,20160307.0,,,,25.0,False,20180830,7,19.8,19.24,local_fit,0.1,observed,-3.0,24.7,19.09,24.7,False,O,19.8,feldpausch,24.4,19.648965220826007,0.9,197.0382,197.0382,292.6951,190.9612,190.9612,283.6679,
TAP_A01,027b,Quiina florida,Ochnaceae,727938.5279093198,9683265.9314526,O,21.4,False,,,20160307.0,,,,22.0,False,20180830,7,18.26,17.7,local_fit,0.2,observed,-3.0,21.4,17.39,21.4,False,O,18.26,feldpausch,20.799999999999997,17.926746146857965,0.728,137.611,137.611,166.1949,127.8609,127.8609,154.4196,
TAP_A01,028a,Eschweilera ovata,Lecythidaceae,727913.181969141,9683252.23974114,O,15.9,False,,,20160307.0,,,,16.2,False,20180830,7,14.91,14.9,local_fit,0.1,observed,-3.0,15.9,14.72,15.9,False,O,14.91,feldpausch,15.6,14.717360286289871,0.9,63.2269,63.2269,93.922,60.1509,60.1509,89.3526,
TAP_A01,028b,Eschweilera ovata,Lecythidaceae,727932.93234088,9683267.3617584,O,10.0,False,,,20160307.0,,,,10.0,False,20180830,7,10.62,11.39,local_fit,0.0,observed,-3.0,10.0,11.39,10.0,False,O,10.62,feldpausch,10.0,10.62,0.9,18.3636,18.3636,27.2787,18.3636,18.3636,27.2787,
TAP_A01,029a,Pouteria gongrijpii,Sapotaceae,727915.2181366979,9683256.22660717,O,16.2,False,,,20160307.0,,,,16.6,False,20180830,7,15.16,15.06,local_fit,0.133,observed,-3.0,16.2,14.81,16.2,False,O,15.16,feldpausch,15.800999999999998,14.904715324851907,0.7994,66.6494,66.6494,88.1898,62.4391,62.4391,82.6188,
TAP_A01,029b,Quiina florida,Ochnaceae,727932.50086096,9683268.7231728,O,12.0,False,,,20160307.0,,,,12.5,False,20180830,7,12.46,12.66,local_fit,0.167,observed,-3.0,12.0,12.3,12.0,False,O,12.46,feldpausch,11.499,12.087745437289902,0.728,30.6371,30.6371,37.0009,27.3677,27.3677,33.0524,
TAP_A01,030a,Tetragastris panamensis,Burseraceae,727914.7882704701,9683257.40161107,O,25.4,False,,,20160307.0,,,,25.8,False,20180830,7,20.19,19.55,local_fit,0.133,observed,-3.0,25.4,19.37,25.4,False,O,20.19,feldpausch,25.000999999999998,19.99189877568957,0.7173,212.0846,212.0846,252.4743,203.6606,203.6606,242.4461,
TAP_A01,030b,,,727932.7885142398,9683267.8155632,O,29.0,False,,,20160307.0,,,,,True,20180830,7,,21.12,local_fit,0.167,site_median,-3.0,,,29.0,False,O,,feldpausch,28.499,,0.6697,,,,,,,
TAP_A01,031a,Apuleia leiocarpa,Fabaceae,727917.350737568,9683258.33763424,O,18.3,False,8.06,10.18,20160307.0,,,,18.5,False,20180830,7,16.31,10.18,measured,0.067,observed,-3.0,18.3,10.11,18.3,False,O,10.18,measured,18.099,10.105363609615907,0.7992,57.3228,57.3228,75.835,55.6987,55.6987,73.6865,
TAP_A01,031b,Jacaranda copaia,Bignoniaceae,727937.634633376,9683268.86979768,O,47.6,False,,,20160307.0,,,,,True,20180830,7,,28.15,local_fit,0.167,site_median,-3.0,,,47.6,False,O,,feldpausch,47.099000000000004,,0.3507,,,,,,,
TAP_A01,032a,Talisia longifolia,Sapindaceae,727917.538888387,9683258.3905049,O,10.2,False,7.78,11.26,20160307.0,,,,10.9,False,20180830,7,11.3,11.26,measured,0.233,observed,-3.0,10.2,10.74,10.2,False,O,11.26,measured,9.501,10.694622454277471,0.8499,20.2092,20.2092,28.3878,16.7314,16.7314,23.5025,
TAP_A01,032b,Ormosia amazonica,Fabaceae,727938.8061886398,9683268.4073752,O,10.0,False,,,20160307.0,,,,10.5,False,20180830,7,11.0,11.39,local_fit,0.167,observed,-3.0,10.0,11.0,10.0,False,O,11.0,feldpausch,9.499,10.596857928009214,0.5906,19.0047,19.0047,18.7135,16.5753,16.5753,16.3214,
TAP_A01,033a,Maquira coriacea,Moraceae,727914.034512928,9683264.057135042,O,18.2,False,,,20160307.0,,,,19.5,False,20180830,7,16.88,16.12,local_fit,0.433,observed,-3.0,18.2,15.4,18.2,False,O,16.88,feldpausch,16.901,16.062227741837898,0.5112,92.9042,92.9042,79.4593,76.5971,76.5971,65.512,
TAP_A01,033b,Quiina florida,Ochnaceae,727941.3674744798,9683266.7069664,O,10.2,False,8.13,12.63,20160307.0,,,,10.3,False,20180830,7,10.85,12.63,measured,0.033,observed,-3.0,10.2,12.55,10.2,False,O,12.63,measured,10.100999999999999,12.541213360246754,0.728,22.6057,22.6057,27.3012,22.0272,22.0272,26.6026,
TAP_A01,034a,Erisma uncinatum,Vochysiaceae,727908.0714213758,9683262.55039368,O,37.1,False,,,20160307.0,,,,39.2,False,20180830,7,25.79,24.36,local_fit,0.7,observed,-3.0,37.1,23.62,37.1,False,O,25.79,feldpausch,35.0,24.957555316428667,0.5231,564.2286,564.2286,493.5199,487.6977,487.6977,426.5798,
TAP_A01,034b,Brosimum rubescens,Moraceae,727941.18267348,9683270.8227134,O,12.8,False,,,20160307.0,,,,13.8,False,20180830,7,13.36,13.14,local_fit,0.333,observed,-3.0,12.8,12.46,12.8,False,O,13.36,feldpausch,11.801,12.613875904302828,0.8251,37.1982,37.1982,50.7666,30.0106,30.0106,40.9573,
TAP_A01,035a,Tetragastris panamensis,Burseraceae,727906.32098457,9683266.36199557,O,27.4,False,,,20160307.0,,,,34.4,False,20180830,7,23.97,20.43,local_fit,2.333,observed,-3.0,27.4,17.86,27.4,False,O,23.97,feldpausch,20.400999999999996,19.895139146308708,0.7173,290.7407,290.7407,346.1098,136.2942,136.2942,162.2503,
TAP_A01,035b,Abarema mataybifolia,Fabaceae,727933.946963552,9683270.74045736,O,16.4,False,,,20160307.0,,,,17.2,False,20180830,7,15.53,15.17,local_fit,0.267,observed,-3.0,16.4,14.69,16.4,False,O,15.53,feldpausch,15.598999999999998,15.00932433004073,0.5668,69.8907,69.8907,66.108,61.3076,61.3076,57.9894,
TAP_A01,036a,Pseudopiptadenia suaveolens,Fabaceae,727911.878601808,9683267.67074544,O,29.2,False,,,20160307.0,,,,30.6,False,20180830,7,22.39,21.2,local_fit,0.467,observed,-3.0,29.2,20.61,29.2,False,O,22.39,feldpausch,27.799,21.735114404124804,0.6797,307.993,307.993,347.869,271.8164,271.8164,307.0087,
TAP_A01,036b,Couratari stellata,Lecythidaceae,727935.63540256,9683272.0192688,O,19.0,False,,,20160307.0,,,,19.2,False,20180830,7,16.71,16.52,local_fit,0.067,observed,-3.0,19.0,16.41,19.0,False,O,16.71,feldpausch,18.799,16.592815600477326,0.6331,100.049,100.049,105.4394,97.3226,97.3226,102.5661,
TAP_A01,037a,Nectandra cuspidata,Lauraceae,727906.5292761569,9683268.355917022,O,21.4,False,,,20160307.0,,,,22.3,False,20180830,7,18.42,17.7,local_fit,0.3,observed,-3.0,21.4,17.24,21.4,False,O,18.42,feldpausch,20.5,17.913725184384912,0.518,138.7877,138.7877,120.2434,124.1977,124.1977,107.6029,
TAP_A01,037b,Maquira coriacea,Moraceae,727935.5257695998,9683272.376808,O,12.5,False,,,20160307.0,,,,13.7,False,20180830,7,13.29,12.96,local_fit,0.4,observed,-3.0,12.5,12.15,12.5,False,O,13.29,feldpausch,11.3,12.370768884469186,0.5112,35.3337,35.3337,30.2203,27.0551,27.0551,23.1397,
TAP_A01,038a,,,727919.9713431998,9683271.722646002,O,12.2,True,,,20160307.0,,,,,True,20180830,7,,12.78,local_fit,0.167,site_median,-3.0,,,12.2,True,O,,feldpausch,11.699,,0.6697,,,,,,,
TAP_A01,038b,Strychnos subcordata,Loganiaceae,727932.1834774,9683273.034957,O,10.4,False,8.04,14.55,20160307.0,,,,11.1,False,20180830,7,11.45,14.55,measured,0.233,observed,-3.0,10.4,13.89,10.4,False,O,14.55,measured,9.701,13.835106255258204,0.6959,26.9565,26.9565,31.1561,22.404,22.404,25.8943,
TAP_A01,039a,Sloanea guianensis,Elaeocarpaceae,727921.871996208,9683272.35512144,O,11.2,False,,,20160307.0,,,,11.5,False,20180830,7,11.75,12.16,local_fit,0.1,observed,-3.0,11.2,11.93,11.2,False,O,11.75,feldpausch,10.899999999999999,11.523642904844168,0.8212,25.2866,25.2866,34.3493,23.5304,23.5304,31.9636,
TAP_A01,039b,Parkia multijuga,Fabaceae,727933.58263956,9683275.284615802,O,38.8,False,,,20160307.0,,,,42.0,False,20180830,7,26.77,25.0,local_fit,1.067,observed,-3.0,38.8,23.94,38.8,False,O,26.77,feldpausch,35.599,25.51580765739798,0.399,638.6237,638.6237,428.8634,515.1256,515.1256,345.9291,
TAP_A01,040a,Diospyros artanthifolia,Ebenaceae,727952.552548192,9683278.39566256,O,30.1,False,,,20160307.0,,,,30.3,False,20180830,7,22.26,21.58,local_fit,0.067,observed,-3.0,30.1,21.49,30.1,False,O,22.26,feldpausch,29.899,22.17138825471457,0.6952,324.9429,324.9429,375.1513,319.4746,319.4746,368.8381,
TAP_A01,040b,Eschweilera ovata,Lecythidaceae,727934.5664812,9683275.505276,O,12.7,False,,,20160307.0,,,,13.1,False,20180830,7,12.88,13.08,local_fit,0.133,observed,-3.0,12.7,12.8,12.7,False,O,12.88,feldpausch,12.300999999999998,12.59310123385485,0.9,35.3479,35.3479,52.5084,32.4903,32.4903,48.2635,
TAP_A01,041a,Quiina florida,Ochnaceae,727929.2228649278,9683272.44378304,O,12.8,False,,,20160307.0,,,,12.7,False,20180830,7,12.6,13.14,local_fit,0.0,observed,-3.0,12.7,13.14,12.8,False,O,12.6,feldpausch,12.8,12.6,0.728,35.1315,35.1315,42.4288,35.1315,35.1315,42.4288,
TAP_A01,041b,Tetragastris panamensis,Burseraceae,727938.1777667198,9683273.9584396,O,11.5,False,,,20160307.0,,,,12.3,False,20180830,7,12.32,12.35,local_fit,0.267,observed,-3.0,11.5,11.78,11.5,False,O,12.32,feldpausch,10.699,11.69922705510067,0.7173,27.8855,27.8855,33.1961,23.0282,23.0282,27.4137,
TAP_A01,042a,Alexa grandiflora,Fabaceae,727935.613716,9683255.72545,O,11.4,False,,,20160307.0,,,,11.1,False,20180830,7,11.45,12.29,local_fit,0.0,observed,-3.0,11.1,12.29,11.4,False,O,11.45,feldpausch,11.4,11.45,0.66,25.5231,25.5231,28.0112,25.5231,25.5231,28.0112,
TAP_A01,042b,Helicostylis tomentosa,Moraceae,727938.0722050238,9683274.31185032,O,17.0,False,,,20160307.0,,,,17.5,False,20180830,7,15.71,15.49,local_fit,0.167,observed,-3.0,17.0,15.19,17.0,False,O,15.71,feldpausch,16.499,15.395542856335686,0.6147,75.8167,75.8167,77.625,70.119,70.119,71.7914,
TAP_A01,043a,,,727929.25615344,9683265.9083392,O,12.5,True,,,20160307.0,,,,,True,20180830,7,,12.96,local_fit,0.167,site_median,-3.0,,,12.5,True,O,,feldpausch,11.999,,0.6697,,,,,,,
TAP_A01,043b,Quiina florida,Ochnaceae,727939.41363808,9683273.3076144,O,10.5,False,,,20160307.0,,,,10.5,False,20180830,7,11.0,11.71,local_fit,0.0,observed,-3.0,10.5,11.71,10.5,False,O,11.0,feldpausch,10.5,11.0,0.728,20.9036,20.9036,25.2456,20.9036,20.9036,25.2456,
TAP_A01,044a,Eschweilera ovata,Lecythidaceae,727928.6745136259,9683265.153942209,O,16.8,False,,,20160307.0,,,,18.5,False,20180830,7,16.31,15.38,local_fit,0.567,observed,-3.0,16.8,14.42,16.8,False,O,16.31,feldpausch,15.099,15.165642076032576,0.9,76.8457,76.8457,114.1523,58.1149,58.1149,86.3282,
TAP_A01,044b,Cecropia palmata,Urticaceae,727939.4856894,9683276.608577,O,34.0,False,,,20160307.0,,,,34.2,False,20180830,7,23.89,23.16,local_fit,0.067,observed,-3.0,34.0,23.08,34.0,False,O,23.89,feldpausch,33.799,23.808798082175766,0.3404,441.6177,441.6177,253.9609,435.0877,435.0877,250.2057,
TAP_A01,045a,Nectandra cuspidata,Lauraceae,727927.25374352,9683265.6870076,O,21.5,False,,,20160307.0,,,,22.0,False,20180830,7,18.26,17.75,local_fit,0.167,observed,-3.0,21.5,17.49,21.5,False,O,18.26,feldpausch,20.999,17.983660756532743,0.518,138.869,138.869,120.3138,130.6632,130.6632,113.2045,
TAP_A01,045b,Virola michelii,Myristicaceae,727952.38213744,9683279.0611992,O,10.5,False,7.74,11.8,20160307.0,,,,11.1,False,20180830,7,11.45,11.8,measured,0.2,observed,-3.0,10.5,11.34,10.5,False,O,11.8,measured,9.9,11.308567630885582,0.4701,22.3861,22.3861,17.6435,19.1455,19.1455,15.0894,
TAP_A01,046a,,,727919.70611824,9683263.4093032,O,25.1,True,,,20160307.0,,,,,True,20180830,7,,19.42,local_fit,0.167,site_median,-3.0,,,25.1,True,O,,feldpausch,24.599,,0.6697,,,,,,,
TAP_A01,046b,Tachigali myrmecophila,Fabaceae,727951.0772435198,9683276.100033602,O,28.8,False,,,20160307.0,,,,,True,20180830,7,,21.03,local_fit,0.167,site_median,-3.0,,,28.8,False,O,,feldpausch,28.299,,0.476,,,,,,,
TAP_A01,047a,Diospyros artanthifolia,Ebenaceae,727920.3267528398,9683262.5295312,O,51.8,False,3.84,6.74,20160307.0,,,,,True,20180830,7,,6.74,measured,0.167,site_median,-3.0,,,51.8,False,O,6.74,measured,51.299,6.7079958649975975,0.6952,292.149,292.149,337.2903,285.3303,285.3303,329.4179,
TAP_A01,047b,Licania heteromorpha,Chrysobalanaceae,727953.951220736,9683276.96383448,O,11.3,False,8.19,13.68,20160307.0,,,,11.6,False,20180830,7,11.82,13.68,measured,0.1,observed,-3.0,11.3,13.43,11.3,False,O,13.68,measured,11.0,13.41907586894491,0.8164,29.8463,29.8463,40.3117,27.7918,27.7918,37.5369,
TAP_A01,048a,Tachigali myrmecophila,Fabaceae,727920.355155066,9683262.745745407,O,58.7,False,21.43,36.22,20160307.0,,,,63.0,False,20180830,7,32.64,36.22,measured,1.433,observed,-3.0,58.7,35.09,58.7,False,O,36.22,measured,54.401,34.95166372338369,0.476,1924.7572,1924.7572,1535.4819,1602.4702,1602.4702,1278.3763,
TAP_A01,048b,Couratari stellata,Lecythidaceae,727945.7257512,9683272.984936,O,18.1,False,,,20160307.0,,,,15.4,False,20180830,7,14.41,16.06,local_fit,0.0,observed,-3.0,15.4,16.06,18.1,False,O,14.41,feldpausch,18.1,14.41,0.6331,78.7599,78.7599,83.0033,78.7599,78.7599,83.0033,
TAP_A01,049a,Bowdichia nitida,Fabaceae,727928.1469713598,9683262.9950768,O,11.6,False,,,20160307.0,,,,13.1,False,20180830,7,12.88,12.41,local_fit,0.5,observed,-3.0,11.6,11.39,11.6,False,O,12.88,feldpausch,10.1,11.660878343660375,0.8033,29.6183,29.6183,39.3789,20.5128,20.5128,27.2727,
TAP_A01,049b,Cecropia palmata,Urticaceae,727945.49121328,9683270.1567004,O,33.2,False,,,20160307.0,,,,,True,20180830,7,,22.84,local_fit,0.167,site_median,-3.0,,,33.2,False,O,,feldpausch,32.699000000000005,,0.3404,,,,,,,
TAP_A01,050a,Quiina florida,Ochnaceae,727921.329153472,9683259.66530196,O,11.5,False,5.58,9.09,20160307.0,,,,17.8,False,20180830,7,15.89,9.09,measured,2.1,observed,-3.0,11.5,6.72,11.5,False,O,9.09,measured,5.199999999999999,5.04717646878032,0.728,20.7253,20.7253,25.0303,2.479,2.479,2.9939,
TAP_A01,050b,Bertholletia excelsa,Lecythidaceae,727951.98008584,9683268.7924992,O,85.6,False,33.07,42.12,20160307.0,,,,80.5,False,20180830,7,36.11,42.12,measured,0.0,observed,-3.0,80.5,42.12,85.6,False,O,42.12,measured,85.6,42.12,0.638,4657.4706,4657.4706,4945.1501,4657.4706,4657.4706,4945.1501,
TAP_A01,051a,"Pouteria sp,",Sapotaceae,727932.206627608,9683260.00810644,O,16.1,False,,,20160307.0,,,,16.9,False,20180830,7,15.35,15.01,local_fit,0.267,observed,-3.0,16.1,14.52,16.1,False,O,15.35,feldpausch,15.299000000000001,14.824138038905598,0.7187,66.6541,66.6541,79.4984,58.3162,58.3162,69.5538,
TAP_A01,051b,Handroanthus impetiginosus,Bignoniaceae,727953.121373104,9683268.29917872,O,85.0,False,30.86,43.75,20160307.0,,,,82.1,False,20180830,7,36.38,43.75,measured,0.0,observed,-3.0,82.1,43.75,85.0,False,O,43.75,measured,85.0,43.75,0.6697,4767.3937,4767.3937,5307.3247,4767.3937,4767.3937,5307.3247,
TAP_A01,052a,Quiina florida,Ochnaceae,727933.3360978878,9683259.03673784,O,12.7,False,3.77,9.42,20160307.0,,,,12.7,False,20180830,7,12.6,9.42,measured,0.0,observed,-3.0,12.7,9.42,12.7,False,O,9.42,measured,12.7,9.42,0.728,26.0471,26.0471,31.4575,26.0471,26.0471,31.4575,
TAP_A01,052b,Couratari stellata,Lecythidaceae,727955.6281864959,9683270.33599128,O,23.8,False,,,20160307.0,,,,23.9,False,20180830,7,19.25,18.83,local_fit,0.033,observed,-3.0,23.8,18.78,23.8,False,O,19.25,feldpausch,23.701,19.19940277900118,0.6331,178.2967,178.2967,187.9028,176.3982,176.3982,185.902,
TAP_A01,053a,,,727933.427736512,9683256.24459016,O,12.4,True,,,20160307.0,,,,,True,20180830,7,,12.9,local_fit,0.167,site_median,-3.0,,,12.4,True,O,,feldpausch,11.899000000000001,,0.6697,,,,,,,
TAP_A01,053b,Myrcia splendens,Myrtaceae,727955.87973136,9683269.3418148,O,17.0,False,,,20160307.0,,,,16.7,False,20180830,7,15.22,15.49,local_fit,0.0,observed,-3.0,16.7,15.49,17.0,False,O,15.22,feldpausch,17.0,15.22,0.8,73.5078,73.5078,97.3361,73.5078,73.5078,97.3361,
TAP_A01,054a,Nectandra cuspidata,Lauraceae,727925.75586616,9683254.8935648,O,15.9,False,,,20160307.0,,,,16.0,False,20180830,7,14.79,14.9,local_fit,0.033,observed,-3.0,15.9,14.84,15.9,False,O,14.79,feldpausch,15.801,14.727131611387938,0.518,62.7302,62.7302,54.3484,61.713,61.713,53.4671,
TAP_A01,054b,Neea oppositifolia,Nyctaginaceae,727947.28676,9683267.39855,O,13.1,False,8.82,12.48,20160307.0,,,,13.4,False,20180830,7,13.08,12.48,measured,0.1,observed,-3.0,13.1,12.29,13.1,False,O,12.48,measured,12.799999999999999,12.278557559933573,0.893,36.4149,36.4149,53.6828,34.2565,34.2565,50.5007,
TAP_A01,055a,Theobroma glaucum,Malvaceae,727925.2281504,9683253.471272,O,13.6,False,,,20160307.0,,,,13.5,False,20180830,7,13.15,13.61,local_fit,0.0,observed,-3.0,13.5,13.61,13.6,False,O,13.15,feldpausch,13.6,13.15,0.5297,41.2288,41.2288,36.5081,41.2288,41.2288,36.5081,
TAP_A01,055b,Quiina florida,Ochnaceae,727947.7670703998,9683265.679662,O,31.8,False,,,20160307.0,,,,,True,20180830,7,,22.27,local_fit,0.167,site_median,-3.0,,,31.8,False,O,,feldpausch,31.299,,0.728,,,,,,,
TAP_A01,056a,Chamaecrista xinguensis,Fabaceae,727929.63616144,9683246.5106592,O,23.5,False,,,20160307.0,,,,20.7,False,20180830,7,17.56,18.69,local_fit,0.0,observed,-3.0,20.7,18.69,23.5,False,O,17.56,feldpausch,23.5,17.56,0.9035,159.0161,159.0161,237.1108,159.0161,159.0161,237.1108,
TAP_A01,056b,Neea oppositifolia,Nyctaginaceae,727945.77091296,9683265.5751728,O,36.0,False,,,20160307.0,,,,36.1,False,20180830,7,24.63,23.94,local_fit,0.033,observed,-3.0,36.0,23.91,36.0,False,O,24.63,feldpausch,35.901,24.591807639189938,0.893,508.6657,508.6657,749.8732,505.173,505.173,744.7243,
TAP_A01,057a,,,727933.01352304,9683248.3286952,O,75.0,True,,33.43,20160307.0,,,,,True,20180830,7,,33.43,measured,0.167,site_median,-3.0,,,75.0,True,O,33.43,measured,74.499,33.34060915413438,0.6697,2871.6888,1999.5191,1999.5191,2826.9656,1968.5783,1968.5783,
TAP_A01,057b,Tachigali paniculata,Fabaceae,727948.6076136,9683262.671608,O,30.9,False,,,20160307.0,,,,,True,20180830,7,,21.91,local_fit,0.167,site_median,-3.0,,,30.9,False,O,,feldpausch,30.398999999999997,,0.5545,,,,,,,
TAP_A01,058a,Quiina florida,Ochnaceae,727929.26557672,9683244.6826616,O,11.3,False,,,20160307.0,,,,11.3,False,20180830,7,11.6,12.22,local_fit,0.0,observed,-3.0,11.3,12.22,11.3,False,O,11.6,feldpausch,11.3,11.6,0.728,25.4086,25.4086,30.6864,25.4086,25.4086,30.6864,
TAP_A01,058b,,,727946.3348732,9683260.089476,O,11.0,True,,,20160307.0,,,,,True,20180830,7,,12.03,local_fit,0.167,site_median,-3.0,,,11.0,True,O,,feldpausch,10.499,,0.6697,,,,,,,
TAP_A01,059a,Quiina florida,Ochnaceae,727930.859327841,9683240.90676464,O,18.8,False,,,20160307.0,,,,19.1,False,20180830,7,16.65,16.42,local_fit,0.1,observed,-3.0,18.8,16.25,18.8,False,O,16.65,feldpausch,18.5,16.47327976451121,0.728,97.6601,97.6601,117.9456,93.6607,93.6607,113.1154,
TAP_A01,059b,Pouteria gongrijpii,Sapotaceae,727951.15666096,9683260.6756528,O,18.8,False,,,20160307.0,,,,16.9,False,20180830,7,15.35,16.42,local_fit,0.0,observed,-3.0,16.9,16.42,18.8,False,O,15.35,feldpausch,18.8,15.35,0.7994,90.2108,90.2108,119.366,90.2108,90.2108,119.366,
TAP_A01,060a,Tachigali myrmecophila,Fabaceae,727937.05493488,9683248.1183384,O,54.4,False,20.35,29.47,20160307.0,,,,59.5,False,20180830,7,31.81,29.47,measured,1.7,observed,-3.0,54.4,28.27,54.4,False,O,29.47,measured,49.3,28.08594297337299,0.476,1356.6404,1356.6404,1082.2648,1068.1276,1068.1276,852.1026,
TAP_A01,060b,Pouteria gongrijpii,Sapotaceae,727953.2118270398,9683260.4123472,O,15.6,False,,,20160307.0,,,,18.8,False,20180830,7,16.48,14.74,local_fit,1.067,observed,-3.0,15.6,13.0,15.6,False,O,16.48,feldpausch,12.399000000000001,14.047540628510744,0.7994,67.1723,67.1723,88.8817,36.7121,36.7121,48.5771,
TAP_A01,061a,Quiina florida,Ochnaceae,727937.761587808,9683245.92356144,O,27.0,False,,,20160307.0,,,,27.5,False,20180830,7,21.0,20.26,local_fit,0.167,observed,-3.0,27.0,20.03,27.0,False,O,21.0,feldpausch,26.499,20.7599935289366,0.728,248.2955,248.2955,299.8703,236.711,236.711,285.8795,
TAP_A01,061b,Micrandra minor,Euphorbiaceae,727954.1450443598,9683260.6227518,O,19.2,False,,,20160307.0,,,,19.1,False,20180830,7,16.65,16.62,local_fit,0.0,observed,-3.0,19.1,16.62,19.2,False,O,16.65,feldpausch,19.2,16.65,0.41,101.7572,101.7572,70.1724,101.7572,101.7572,70.1724,
TAP_A01,062a,Quiina florida,Ochnaceae,727935.9704152,9683239.417476,O,16.0,False,4.03,8.99,20160307.0,,,,16.2,False,20180830,7,14.91,8.99,measured,0.067,observed,-3.0,16.0,8.92,16.0,False,O,8.99,measured,15.799,8.912858034268025,0.728,39.0636,39.0636,47.1777,37.7922,37.7922,45.6422,
TAP_A01,062b,Quiina florida,Ochnaceae,727951.6257368,9683266.332124,O,16.9,False,,,20160307.0,,,,16.9,False,20180830,7,15.35,15.44,local_fit,0.0,observed,-3.0,16.9,15.44,16.9,False,O,15.35,feldpausch,16.9,15.35,0.728,73.2719,73.2719,88.4916,73.2719,73.2719,88.4916,
TAP_A01,063a,Couratari stellata,Lecythidaceae,727934.02676864,9683236.5016252,O,11.0,False,10.06,13.64,20160307.0,,,,11.1,False,20180830,7,11.45,13.64,measured,0.033,observed,-3.0,11.0,13.56,11.0,False,O,13.64,measured,10.901,13.551844085042553,0.6331,28.2383,28.2383,29.7597,27.5693,27.5693,29.0546,
TAP_A01,063b,Quiina florida,Ochnaceae,727954.0445283998,9683264.776212,O,12.0,False,6.22,9.74,20160307.0,,,,21.7,False,20180830,7,18.1,9.74,measured,3.233,observed,-3.0,12.0,6.52,12.0,False,O,9.74,measured,2.301,2.777944551170105,0.728,24.0911,24.0911,29.0952,0.2818,0.2818,0.3404,
TAP_A01,064a,Quiina florida,Ochnaceae,727936.3560171198,9683235.344471602,O,15.3,False,,,20160307.0,,,,16.6,False,20180830,7,15.16,14.57,local_fit,0.433,observed,-3.0,15.3,13.78,15.3,False,O,15.16,feldpausch,14.001000000000001,14.259252474950953,0.728,59.613,59.613,71.9955,47.2239,47.2239,57.033,
TAP_A01,064b,Couratari stellata,Lecythidaceae,727954.6360658798,9683258.7698194,O,10.8,False,,,20160307.0,,,,11.1,False,20180830,7,11.45,11.91,local_fit,0.1,observed,-3.0,10.8,11.68,10.8,False,O,11.45,feldpausch,10.5,11.220261115991885,0.6331,22.9667,22.9667,24.2041,21.312,21.312,22.4603,
TAP_A01,065a,Chamaecrista xinguensis,Fabaceae,727941.3051198398,9683229.0534912,O,35.3,False,,,20160307.0,,,,35.7,False,20180830,7,24.48,23.67,local_fit,0.133,observed,-3.0,35.3,23.52,35.3,False,O,24.48,feldpausch,34.900999999999996,24.32246621226381,0.9035,486.6277,486.6277,725.6164,472.9592,472.9592,705.2351,
TAP_A01,065b,Quiina florida,Ochnaceae,727956.48553692,9683259.2078306,O,12.5,False,,,20160307.0,,,,12.7,False,20180830,7,12.6,12.96,local_fit,0.067,observed,-3.0,12.5,12.82,12.5,False,O,12.6,feldpausch,12.299,12.45653339953242,0.728,33.5421,33.5421,40.5094,32.1362,32.1362,38.8114,
TAP_A01,066b,Couratari stellata,Lecythidaceae,727956.91834924,9683257.5371082,O,15.5,False,,,20160307.0,,,,15.6,False,20180830,7,14.54,14.68,local_fit,0.033,observed,-3.0,15.5,14.61,15.5,False,O,14.54,feldpausch,15.401,14.476342999505164,0.6331,58.7017,58.7017,61.8644,57.7244,57.7244,60.8344,
TAP_A01,067b,Quiina florida,Ochnaceae,727957.70747344,9683258.2631792,O,16.9,False,,,20160307.0,,,,17.2,False,20180830,7,15.53,15.44,local_fit,0.1,observed,-3.0,16.9,15.26,16.9,False,O,15.53,feldpausch,16.599999999999998,15.343122343215839,0.728,74.1104,74.1104,89.5042,70.7235,70.7235,85.4138,
TAP_A01,068b,Abuta grandifolia,Menispermaceae,727958.069596288,9683256.84891384,O,14.6,False,13.07,19.06,20160307.0,,,,15.1,False,20180830,7,14.21,19.06,measured,0.167,observed,-3.0,14.6,18.63,14.6,False,O,19.06,measured,14.099,18.60468760598519,0.45,68.0264,68.0264,51.3733,62.0623,62.0623,46.8692,
TAP_A01,069b,Cordia scabrifolia,Boraginaceae,727958.00038004,9683253.3603022,O,15.2,False,,,20160307.0,,,,16.6,False,20180830,7,15.16,14.52,local_fit,0.467,observed,-3.0,15.2,13.68,15.2,False,O,15.16,feldpausch,13.799,14.179487241684958,0.474,58.8548,58.8548,46.7591,45.6524,45.6524,36.27,
TAP_A01,070b,,,727959.94803548,9683245.842051402,O,41.0,True,,,20160307.0,,,,,True,20180830,7,,25.81,local_fit,0.167,site_median,-3.0,,,41.0,True,O,,feldpausch,40.499,,0.6697,,,,,,,
TAP_A01,071b,"Xylopia sp,",Annonaceae,727961.96774224,9683241.6247632,O,17.3,False,,,20160307.0,,,,17.5,False,20180830,7,15.71,15.65,local_fit,0.067,observed,-3.0,17.3,15.53,17.3,False,O,15.71,feldpausch,17.099,15.586942693346606,0.5959,78.4503,78.4503,77.9292,76.0947,76.0947,75.5892,
TAP_A01,072b,Quiina florida,Ochnaceae,727945.9246417598,9683258.0553168,O,12.6,False,6.44,11.36,20160307.0,,,,,True,20180830,7,,11.36,measured,0.167,site_median,-3.0,,,12.6,False,O,11.36,measured,12.099,11.038848897117509,0.728,30.7917,30.7917,37.1876,27.6619,27.6619,33.4076,
TAP_A01,073b,Aparisthmium cordatum,Euphorbiaceae,727956.5778328,9683251.442314,O,13.2,False,,,20160307.0,,,,10.5,False,20180830,7,11.0,13.38,local_fit,0.0,observed,-3.0,10.5,13.38,13.2,False,O,11.0,feldpausch,13.2,11.0,0.39,32.6754,32.6754,21.4597,32.6754,32.6754,21.4597,
TAP_A01,074a,Sloanea guianensis,Elaeocarpaceae,727915.80511912,9683265.5578816,O,,,,,,,,,10.2,False,20180830,7,10.78,10.78,feldpausch_regional,0.167,site_median,-3.0,9.7,10.39,,False,O,10.78,feldpausch,,,0.8212,,,,,,,
TAP_A01,076a,,,727916.1443177998,9683246.208334,O,,,,,,,,,10.2,False,20180830,7,10.78,10.78,feldpausch_regional,0.167,site_median,-3.0,9.7,10.39,,False,O,10.78,feldpausch,,,0.6697,,,,,,,
TAP_A01,077a,,,727918.959827056,9683234.62753008,L,,,,,,,,,9.9,False,20180830,7,10.55,10.55,feldpausch_regional,0.167,site_median,-3.0,9.4,10.16,,False,L,10.55,feldpausch,,,0.6697,,,,,,,
TAP_A01,078a,Quiina florida,Ochnaceae,727916.504234272,9683243.87918496,O,,,,,,,,,10.8,False,20180830,7,11.23,11.23,feldpausch_regional,0.167,site_median,-3.0,10.3,10.85,,False,O,11.23,feldpausch,,,0.728,,,,,,,
TAP_A01,079a,Virola michelii,Myristicaceae,727923.249755,9683233.734025,O,,,,,,,,,10.5,False,20180830,7,11.0,11.0,feldpausch_regional,0.167,site_median,-3.0,10.0,10.62,,False,O,11.0,feldpausch,,,0.4701,,,,,,,
TAP_A01,080a,Aspidosperma parvifolium,Apocynaceae,727929.83499376,9683223.6282168,O,,,,,,,,,10.2,False,20180830,7,10.78,10.78,feldpausch_regional,0.167,site_median,-3.0,9.7,10.39,,False,O,10.78,feldpausch,,,0.781,,,,,,,
TAP_A01,001a,Cecropia palmata,Urticaceae,727987.91046484,9683591.8278524,O,17.0,False,,,20160308.0,,,,25.0,False,20180830,8,19.8,15.49,local_fit,2.667,observed,-3.0,17.0,12.06,17.0,False,O,19.8,feldpausch,8.999,12.640410866326558,0.3404,95.0259,95.0259,54.6465,17.716,17.716,10.188,
TAP_A01,001b,Hymenaea parvifolia,Fabaceae,728008.310929418,9683600.05461434,O,22.8,False,,,20160308.0,,,,23.5,False,20180830,8,19.05,18.37,local_fit,0.233,observed,-3.0,22.8,18.01,22.8,False,O,19.05,feldpausch,22.101,18.674522764206294,0.8774,162.3032,162.3032,235.1864,149.7933,149.7933,217.0589,
TAP_A01,002a,,,727987.7494795598,9683598.1745116,O,10.7,False,,,20160308.0,,,,10.6,False,20180830,8,11.08,11.84,local_fit,0.0,observed,-3.0,10.6,11.84,10.7,False,O,11.08,feldpausch,10.7,11.08,0.6697,21.8418,21.8418,24.3155,21.8418,21.8418,24.3155,
TAP_A01,002b,Cordia scabrifolia,Boraginaceae,728007.67685448,9683600.9739928,O,25.4,False,,,20160308.0,,,,25.7,False,20180830,8,20.14,19.55,local_fit,0.1,observed,-3.0,25.4,19.41,25.4,False,O,20.14,feldpausch,25.099999999999998,19.99160064309887,0.474,211.572,211.572,168.0901,205.2348,205.2348,163.0554,
TAP_A01,003a,Strychnos subcordata,Loganiaceae,727988.41929628,9683599.4109788,O,15.6,False,,,20160308.0,,,,15.2,False,20180830,8,14.28,14.74,local_fit,0.0,observed,-3.0,15.2,14.74,15.6,False,O,14.28,feldpausch,15.6,14.28,0.6959,58.4056,58.4056,67.5046,58.4056,58.4056,67.5046,
TAP_A01,003b,Diospyros artanthifolia,Ebenaceae,728014.1581675638,9683602.44321604,O,28.3,False,,,20160308.0,,,,28.8,False,20180830,8,21.59,20.82,local_fit,0.167,observed,-3.0,28.3,20.61,28.3,False,O,21.59,feldpausch,27.799,21.357466123848702,0.6952,279.6265,279.6265,322.8329,267.206,267.206,308.4932,
TAP_A01,004a,Cordia scabrifolia,Boraginaceae,727989.27159984,9683603.0755024,O,25.0,False,,,20160308.0,,,,25.5,False,20180830,8,20.05,19.37,local_fit,0.167,observed,-3.0,25.0,19.13,25.0,False,O,20.05,feldpausch,24.499,19.797749701375643,0.474,204.2223,204.2223,162.251,193.8989,193.8989,154.0492,
TAP_A01,004b,Chrysophyllum sanguinolentum,Sapotaceae,728013.5533135039,9683603.80430944,O,10.5,False,,,20160308.0,,,,10.5,False,20180830,8,11.0,11.71,local_fit,0.0,observed,-3.0,10.5,11.71,10.5,False,O,11.0,feldpausch,10.5,11.0,0.6714,20.9036,20.9036,23.3281,20.9036,20.9036,23.3281,
TAP_A01,005a,Quiina florida,Ochnaceae,727981.11540544,9683594.3907184,O,11.5,False,2.83,6.92,20160308.0,,,,11.8,False,20180830,8,11.96,6.92,measured,0.1,observed,-3.0,11.5,6.8,11.5,False,O,6.92,measured,11.2,6.790585853822734,0.728,15.8813,15.8813,19.1801,14.8073,14.8073,17.883,
TAP_A01,005b,Inga grandis,Fabaceae,728009.9752056261,9683602.770585207,O,10.3,False,4.04,8.11,20160308.0,,,,10.3,False,20180830,8,10.85,8.11,measured,0.0,observed,-3.0,10.3,8.11,10.3,False,O,8.11,measured,10.3,8.11,0.5786,14.9528,14.9528,14.4311,14.9528,14.9528,14.4311,
TAP_A01,006a,Virola sebifera,Myristicaceae,727984.6482067,9683594.233777,O,15.1,False,,,20160308.0,,,,14.3,False,20180830,8,13.69,14.46,local_fit,0.0,observed,-3.0,14.3,14.46,15.1,False,O,13.69,feldpausch,15.1,13.69,0.4454,52.5961,52.5961,39.3219,52.5961,52.5961,39.3219,
TAP_A01,006b,Casearia javitensis,Salicaceae,728003.923393376,9683605.86692736,O,13.1,False,3.82,10.25,20160308.0,,,,13.5,False,20180830,8,13.15,10.25,measured,0.133,observed,-3.0,13.1,10.04,13.1,False,O,10.25,measured,12.701,10.029590060549026,0.753,30.0497,30.0497,37.5074,27.6952,27.6952,34.5685,
TAP_A01,007a,Tachigali paniculata,Fabaceae,727977.4646335358,9683604.00392096,O,34.8,False,,,20160308.0,,,,40.4,False,20180830,8,26.21,23.47,local_fit,1.867,observed,-3.0,34.8,21.61,34.8,False,O,26.21,feldpausch,29.198999999999998,23.65324159360437,0.5545,505.8796,505.8796,468.4028,324.9199,324.9199,300.849,
TAP_A01,007b,Virola crebrinervia,Myristicaceae,728003.024610122,9683607.96324378,O,14.9,False,,,20160308.0,,,,14.9,False,20180830,8,14.08,14.35,local_fit,0.0,observed,-3.0,14.9,14.35,14.9,False,O,14.08,feldpausch,14.9,14.08,0.4734,52.6692,52.6692,41.7944,52.6692,52.6692,41.7944,
TAP_A01,008a,Inga pilosula,Fabaceae,727985.53969256,9683606.6787576,O,11.2,False,7.61,13.44,20160308.0,,,,12.3,False,20180830,8,12.32,13.44,measured,0.367,observed,-3.0,11.2,12.58,11.2,False,O,13.44,measured,10.099,12.475623067612302,0.5786,28.8305,28.8305,27.8246,21.9063,21.9063,21.142,
TAP_A01,008b,Virola crebrinervia,Myristicaceae,728003.0847473539,9683608.0950513,O,11.2,False,,,20160308.0,,,,,True,20180830,8,,12.16,local_fit,0.167,site_median,-3.0,,,11.2,False,O,,feldpausch,10.699,,0.4734,,,,,,,
TAP_A01,009a,Virola crebrinervia,Myristicaceae,727986.402178272,9683610.24275392,O,12.0,False,,,20160308.0,,,,,True,20180830,8,,12.66,local_fit,0.167,site_median,-3.0,,,12.0,False,O,,feldpausch,11.499,,0.4734,,,,,,,
TAP_A01,009b,"Inga sp,",Fabaceae,728007.191485684,9683607.526817242,O,11.3,False,,,20160308.0,,,,12.2,False,20180830,8,12.25,12.22,local_fit,0.3,observed,-3.0,11.3,11.57,11.3,False,O,12.25,feldpausch,10.4,11.541313025082205,0.5786,26.7973,26.7973,25.8623,21.5016,21.5016,20.7514,
TAP_A01,010a,Virola sebifera,Myristicaceae,727982.0567992,9683609.739872,O,24.5,False,,,20160308.0,,,,26.7,False,20180830,8,20.62,19.15,local_fit,0.733,observed,-3.0,24.5,18.16,24.5,False,O,20.62,feldpausch,22.301000000000002,19.427185233237015,0.4454,201.7709,201.7709,150.848,158.4447,158.4447,118.4564,
TAP_A01,010b,Virola crebrinervia,Myristicaceae,728015.1569560518,9683610.78906972,O,36.3,False,,,20160308.0,,,,36.5,False,20180830,8,24.79,24.05,local_fit,0.067,observed,-3.0,36.3,23.97,36.3,False,O,24.79,feldpausch,36.099,24.712727711704463,0.4734,520.2503,520.2503,412.833,513.0762,513.0762,407.1401,
TAP_A01,011a,Virola crebrinervia,Myristicaceae,727980.72136164,9683610.2601004,O,10.0,False,,,20160308.0,,,,10.3,False,20180830,8,10.85,11.39,local_fit,0.1,observed,-3.0,10.0,11.15,10.0,False,O,10.85,feldpausch,9.7,10.61281908836499,0.4734,18.7517,18.7517,14.88,17.2922,17.2922,13.7218,
TAP_A01,011b,Inga thibaudiana,Fabaceae,728008.2912419199,9683613.0174912,O,16.4,False,9.16,13.07,20160308.0,,,,17.2,False,20180830,8,15.53,13.07,measured,0.267,observed,-3.0,16.4,12.66,16.4,False,O,13.07,measured,15.598999999999998,12.631800965462483,0.5786,59.0637,59.0637,57.0029,51.8102,51.8102,50.0025,
TAP_A01,012a,,,727976.3656320279,9683609.85769108,O,11.7,False,4.65,7.14,20160308.0,,,,11.7,False,20180830,8,11.89,7.14,measured,0.0,observed,-3.0,11.7,7.14,11.7,False,O,7.14,measured,11.7,7.14,0.6697,16.9344,16.9344,18.8523,16.9344,16.9344,18.8523,
TAP_A01,012b,Manilkara huberi,Sapotaceae,728007.9079542179,9683614.14747762,O,10.5,False,1.92,5.75,20160308.0,,,,10.6,False,20180830,8,11.08,5.75,measured,0.033,observed,-3.0,10.5,5.71,10.5,False,O,5.75,measured,10.401,5.710859645123885,0.9214,11.0983,11.0983,16.8681,10.8226,10.8226,16.4491,
TAP_A01,013a,Guatteria schomburgkiana,Annonaceae,727981.03725554,9683615.2041094,O,10.4,False,,,20160308.0,,,,10.3,False,20180830,8,10.85,11.65,local_fit,0.0,observed,-3.0,10.3,11.65,10.4,False,O,10.85,feldpausch,10.4,10.85,0.6,20.2437,20.2437,20.2437,20.2437,20.2437,20.2437,
TAP_A01,013b,,,728001.574408912,9683610.262052322,O,29.5,True,,,20160308.0,,,,,True,20180830,8,,21.33,local_fit,0.167,site_median,-3.0,,,29.5,True,O,,feldpausch,28.999,,0.6697,,,,,,,
TAP_A01,014a,Quiina florida,Ochnaceae,727984.30529328,9683615.4803608,O,14.8,False,,,20160308.0,,,,14.9,False,20180830,8,14.08,14.29,local_fit,0.033,observed,-3.0,14.8,14.23,14.8,False,O,14.08,feldpausch,14.701,14.014981635639751,0.728,51.9814,51.9814,62.7787,51.0736,51.0736,61.6823,
TAP_A01,014b,Inga alba,Fabaceae,728002.660955428,9683610.70778508,O,10.9,False,,,20160308.0,,,,14.9,False,20180830,8,14.08,11.97,local_fit,1.333,observed,-3.0,10.9,9.61,10.9,False,O,14.08,feldpausch,6.901000000000001,10.064702779541044,0.5861,28.6123,28.6123,27.9657,8.4479,8.4479,8.257,
TAP_A01,015a,,,727985.45847744,9683615.4201184,O,41.0,False,,,20160308.0,,,,43.1,False,20180830,8,27.14,25.81,local_fit,0.7,observed,-3.0,41.0,25.13,41.0,False,O,27.14,feldpausch,38.9,26.375496033690407,0.6697,720.8053,720.8053,802.4401,632.6072,632.6072,704.2531,
TAP_A01,015b,Virola crebrinervia,Myristicaceae,728001.38673032,9683615.5448152,O,14.2,False,,,20160308.0,,,,13.8,False,20180830,8,13.36,13.96,local_fit,0.0,observed,-3.0,13.8,13.96,14.2,False,O,13.36,feldpausch,14.2,13.36,0.4734,45.5528,45.5528,36.1474,45.5528,45.5528,36.1474,
TAP_A01,016a,Eschweilera ovata,Lecythidaceae,727978.02544794,9683617.1721934,O,11.4,False,,,20160308.0,,,,11.6,False,20180830,8,11.82,12.29,local_fit,0.067,observed,-3.0,11.4,12.13,11.4,False,O,11.82,feldpausch,11.199,11.67070174754049,0.9,26.3277,26.3277,39.1092,25.1157,25.1157,37.3087,
TAP_A01,016b,Casearia javitensis,Salicaceae,728006.4563591998,9683619.774472,O,20.9,False,,,20160308.0,,,,21.6,False,20180830,8,18.05,17.46,local_fit,0.233,observed,-3.0,20.9,17.09,20.9,False,O,18.05,feldpausch,20.200999999999997,17.654580524406967,0.753,129.9296,129.9296,162.1751,118.982,118.982,148.5107,
TAP_A01,017a,Protium paniculatum,Burseraceae,727971.626598036,9683616.45658396,O,16.2,False,,,20160308.0,,,,16.6,False,20180830,8,15.16,15.06,local_fit,0.133,observed,-3.0,16.2,14.81,16.2,False,O,15.16,feldpausch,15.800999999999998,14.904715324851907,0.49,66.6494,66.6494,54.6956,62.4391,62.4391,51.2404,
TAP_A01,017b,Diospyros artanthifolia,Ebenaceae,728009.955909152,9683619.71056672,O,15.7,False,,,20160308.0,,,,15.6,False,20180830,8,14.54,14.79,local_fit,0.0,observed,-3.0,15.6,14.79,15.7,False,O,14.54,feldpausch,15.7,14.54,0.6952,60.1894,60.1894,69.4895,60.1894,60.1894,69.4895,
TAP_A01,018a,Aspidosperma parvifolium,Apocynaceae,727973.29697116,9683617.8947476,O,11.7,False,,,20160308.0,,,,18.6,False,20180830,8,16.36,12.47,local_fit,2.3,observed,-3.0,11.7,9.06,11.7,False,O,16.36,feldpausch,4.8,8.439166507414061,0.781,38.0375,38.0375,49.1999,3.502,3.502,4.5296,
TAP_A01,018b,Alexa grandiflora,Fabaceae,728009.4746755529,9683620.26424201,O,16.0,False,,,20160308.0,,,,15.7,False,20180830,8,14.6,14.96,local_fit,0.0,observed,-3.0,15.7,14.96,16.0,False,O,14.6,feldpausch,16.0,14.6,0.66,62.7063,62.7063,68.8193,62.7063,62.7063,68.8193,
TAP_A01,019a,Inga thibaudiana,Fabaceae,727978.4454088,9683618.950528,O,11.3,False,,,20160308.0,,,,11.5,False,20180830,8,11.75,12.22,local_fit,0.067,observed,-3.0,11.3,12.06,11.3,False,O,11.75,feldpausch,11.099,11.600112747406992,0.5786,25.7292,25.7292,24.8315,24.5341,24.5341,23.6781,
TAP_A01,019b,Virola sebifera,Myristicaceae,728009.3114951908,9683620.62658783,O,14.2,False,,,20160308.0,,,,15.9,False,20180830,8,14.73,13.96,local_fit,0.567,observed,-3.0,14.2,12.91,14.2,False,O,14.73,feldpausch,12.498999999999999,13.47197754311974,0.4454,50.1064,50.1064,37.4606,35.8003,35.8003,26.765,
TAP_A01,020a,Clarisia racemosa,Moraceae,727980.07209056,9683620.4783376,O,28.8,False,9.49,16.69,20160308.0,,,,30.7,False,20180830,8,22.43,16.69,measured,0.633,observed,-3.0,28.8,16.06,28.8,False,O,16.69,measured,26.901,16.012565436534477,0.5854,225.0672,225.0672,219.7309,189.2006,189.2006,184.7147,
TAP_A01,020b,Quiina florida,Ochnaceae,728004.440179,9683624.31145,O,14.0,False,3.89,8.48,20160308.0,,,,14.5,False,20180830,8,13.82,8.48,measured,0.167,observed,-3.0,14.0,8.28,14.0,False,O,8.48,measured,13.499,8.267416304402277,0.728,28.4326,28.4326,34.3385,25.8323,25.8323,31.198,
TAP_A01,021a,Inga thibaudiana,Fabaceae,727978.3589086,9683624.802206,O,13.0,False,,,20160308.0,,,,13.7,False,20180830,8,13.29,13.26,local_fit,0.233,observed,-3.0,13.0,12.78,13.0,False,O,13.29,feldpausch,12.301,12.782394854270033,0.5786,38.1451,38.1451,36.8142,32.9669,32.9669,31.8166,
TAP_A01,021b,Quiina florida,Ochnaceae,728000.1551072958,9683621.04401856,O,12.2,False,,,20160308.0,,,,12.3,False,20180830,8,12.32,12.78,local_fit,0.033,observed,-3.0,12.2,12.71,12.2,False,O,12.32,feldpausch,12.100999999999999,12.24910980728354,0.728,31.2947,31.2947,37.7951,30.6279,30.6279,36.9898,
TAP_A01,022a,Quiina florida,Ochnaceae,727971.950808,9683624.29126,O,14.4,False,,,20160308.0,,,,14.2,False,20180830,8,13.62,14.07,local_fit,0.0,observed,-3.0,14.2,14.07,14.4,False,O,13.62,feldpausch,14.4,13.62,0.728,47.7025,47.7025,57.611,47.7025,47.7025,57.611,
TAP_A01,022b,"Pouteria sp,",Sapotaceae,728000.4460834259,9683621.16384322,O,14.6,False,,,20160308.0,,,,15.8,False,20180830,8,14.66,14.18,local_fit,0.4,observed,-3.0,14.6,13.44,14.6,False,O,14.66,feldpausch,13.399999999999999,13.811725629546583,0.7187,52.6531,52.6531,62.7994,42.0195,42.0195,50.1167,
TAP_A01,023a,Pouteria macrophylla,Sapotaceae,727967.329569912,9683627.83277032,O,17.4,False,,,20160308.0,,,,18.2,False,20180830,8,16.13,15.7,local_fit,0.267,observed,-3.0,17.4,15.23,17.4,False,O,16.13,feldpausch,16.599,15.62550269179805,0.737,81.4074,81.4074,99.5031,71.9851,71.9851,87.9863,
TAP_A01,023b,Inga thibaudiana,Fabaceae,727997.946462395,9683618.74049627,O,11.7,False,,,20160308.0,,,,13.6,False,20180830,8,13.22,12.47,local_fit,0.633,observed,-3.0,11.7,11.22,11.7,False,O,13.22,feldpausch,9.800999999999998,11.63945480929405,0.5786,30.8945,30.8945,29.8166,19.3095,19.3095,18.6358,
TAP_A01,024a,Bellucia grossularioides,Melastomataceae,727974.433878396,9683631.95755156,O,10.0,False,12.39,16.11,20160308.0,,,,10.0,False,20180830,8,10.62,16.11,measured,0.0,observed,-3.0,10.0,16.11,10.0,False,O,16.11,measured,10.0,16.11,0.5975,27.5795,27.5795,27.4673,27.5795,27.5795,27.4673,
TAP_A01,024b,Lacmellea aculeata,Apocynaceae,727999.0777575459,9683616.09668042,O,15.5,False,,,20160308.0,,,,15.8,False,20180830,8,14.66,14.68,local_fit,0.1,observed,-3.0,15.5,14.49,15.5,False,O,14.66,feldpausch,15.2,14.464909405042496,0.5048,59.1745,59.1745,49.9924,56.2196,56.2196,47.4959,
TAP_A01,025a,Tetragastris panamensis,Burseraceae,727972.414386832,9683634.33232352,O,18.7,False,,,20160308.0,,,,19.4,False,20180830,8,16.83,16.37,local_fit,0.233,observed,-3.0,18.7,15.97,18.7,False,O,16.83,feldpausch,18.000999999999998,16.408791780648674,0.7173,97.6683,97.6683,116.2684,88.4534,88.4534,105.2986,
TAP_A01,025b,Eschweilera coriacea,Lecythidaceae,727997.393223784,9683622.15875624,O,20.7,False,,,20160308.0,,,,20.9,False,20180830,8,17.67,17.36,local_fit,0.067,observed,-3.0,20.7,17.25,20.7,False,O,17.67,feldpausch,20.499,17.558141007877392,0.8521,124.8929,124.8929,175.8784,121.7794,121.7794,171.4939,
TAP_A01,026a,Maquira coriacea,Moraceae,727966.071903144,9683631.16238584,O,12.7,False,,,20160308.0,,,,13.4,False,20180830,8,13.08,13.08,local_fit,0.233,observed,-3.0,12.7,12.6,12.7,False,O,13.08,feldpausch,12.001,12.566954710107726,0.5112,35.8835,35.8835,30.6905,30.8988,30.8988,26.4272,
TAP_A01,026b,Quiina florida,Ochnaceae,728001.25876092,9683623.7518252,O,10.4,False,,,20160308.0,,,,10.6,False,20180830,8,11.08,11.65,local_fit,0.067,observed,-3.0,10.4,11.49,10.4,False,O,11.08,feldpausch,10.199,10.924935363052349,0.728,20.6624,20.6624,24.9543,19.6183,19.6183,23.6934,
TAP_A01,027a,Lacunaria jenmanii,Ochnaceae,727967.804286816,9683635.09331776,O,14.9,False,12.99,16.7,20160308.0,,,,14.7,False,20180830,8,13.95,16.7,measured,0.0,observed,-3.0,14.7,16.7,14.9,False,O,16.7,measured,14.9,16.7,0.8043,62.2145,62.2145,82.8174,62.2145,62.2145,82.8174,
TAP_A01,027b,Guatteria poeppigiana,Annonaceae,728001.985224236,9683624.69518596,O,14.6,False,,,20160308.0,,,,15.6,False,20180830,8,14.54,14.18,local_fit,0.333,observed,-3.0,14.6,13.55,14.6,False,O,14.54,feldpausch,13.600999999999999,13.841864669921689,0.5626,52.2324,52.2324,49.0499,43.3508,43.3508,40.7094,
TAP_A01,028a,Couratari stellata,Lecythidaceae,727975.10842928,9683638.4523208,O,18.0,False,,,20160308.0,,,,18.0,False,20180830,8,16.01,16.01,local_fit,0.0,observed,-3.0,18.0,16.01,18.0,False,O,16.01,feldpausch,18.0,16.01,0.6331,86.3453,86.3453,90.9973,86.3453,86.3453,90.9973,
TAP_A01,028b,Tachigali myrmecophila,Fabaceae,728005.1554935998,9683627.827656,O,51.1,False,15.43,28.45,20160308.0,,,,,True,20180830,8,,28.45,measured,0.167,site_median,-3.0,,,51.1,False,O,28.45,measured,50.599000000000004,28.312200662312737,0.476,1160.0657,1160.0657,925.4466,1132.5881,1132.5881,903.5262,
TAP_A01,029a,,,727976.03473722,9683638.8375742,O,27.0,True,,,20160308.0,,,,,True,20180830,8,,20.26,local_fit,0.167,site_median,-3.0,,,27.0,True,O,,feldpausch,26.499,,0.6697,,,,,,,
TAP_A01,029b,Protium paniculatum,Burseraceae,728005.50557344,9683629.5832984,O,11.4,False,,,20160308.0,,,,12.8,False,20180830,8,12.67,12.29,local_fit,0.467,observed,-3.0,11.4,11.32,11.4,False,O,12.67,feldpausch,9.999,11.529684819228365,0.49,28.174,28.174,23.1209,19.8934,19.8934,16.3255,
TAP_A01,030a,Quiina florida,Ochnaceae,727977.592157104,9683637.66259344,O,11.0,False,,,20160308.0,,,,11.0,False,20180830,8,11.38,12.03,local_fit,0.0,observed,-3.0,11.0,12.03,11.0,False,O,11.38,feldpausch,11.0,11.38,0.728,23.6621,23.6621,28.5771,23.6621,23.6621,28.5771,
TAP_A01,030b,Tachigali paniculata,Fabaceae,727996.062297592,9683625.25691512,O,29.7,False,,,20160308.0,,,,30.5,False,20180830,8,22.35,21.41,local_fit,0.267,observed,-3.0,29.7,21.07,29.7,False,O,22.35,feldpausch,28.899,21.986827408778083,0.5545,317.8163,317.8163,294.2717,296.5204,296.5204,274.5534,
TAP_A01,031a,Ocotea canaliculata,Lauraceae,727979.1925948,9683636.397748,O,41.9,False,,,20160308.0,,,,,True,20180830,8,,26.14,local_fit,0.167,site_median,-3.0,,,41.9,False,O,,feldpausch,41.399,,0.4793,,,,,,,
TAP_A01,031b,Banara guianensis,Salicaceae,727997.3167353598,9683632.7512816,O,11.8,False,5.58,8.68,20160308.0,,,,,True,20180830,8,,8.68,measured,0.167,site_median,-3.0,,,11.8,False,O,8.68,measured,11.299000000000001,8.415709821282558,0.61,20.8339,20.8339,21.1727,18.5731,18.5731,18.8751,
TAP_A01,032a,Quiina florida,Ochnaceae,727983.291988948,9683642.28518428,O,130.0,False,,,20160308.0,,,,12.9,False,20180830,8,12.74,50.41,local_fit,0.0,observed,-3.0,12.9,50.41,130.0,False,O,12.74,feldpausch,130.0,12.74,0.728,3277.3549,3277.3549,3958.112,3277.3549,3277.3549,3958.112,
TAP_A01,032b,,,727996.7592772,9683634.023932,O,33.8,True,,,20160308.0,,,,,True,20180830,8,,23.08,local_fit,0.167,site_median,-3.0,,,33.8,True,O,,feldpausch,33.299,,0.6697,,,,,,,
TAP_A01,033a,Virola sebifera,Myristicaceae,727986.22412456,9683643.0753616,O,15.2,False,9.93,15.2,20160308.0,,,,18.0,False,20180830,8,16.01,15.2,measured,0.933,observed,-3.0,15.2,13.56,15.2,False,O,15.2,measured,12.401,13.19061283229288,0.4454,59.0063,59.0063,44.1143,34.5356,34.5356,25.8195,
TAP_A01,033b,Tachigali myrmecophila,Fabaceae,728000.224767024,9683636.317764642,O,24.2,False,,,20160308.0,,,,27.9,False,20180830,8,21.18,19.01,local_fit,1.233,observed,-3.0,24.2,17.41,24.2,False,O,21.18,feldpausch,20.500999999999998,19.045809682293466,0.476,202.1957,202.1957,161.3024,131.8651,131.8651,105.1958,
TAP_A01,034a,Tachigali paniculata,Fabaceae,727987.501221,9683642.640022,O,18.9,False,,,20160308.0,,,,22.7,False,20180830,8,18.63,16.47,local_fit,1.267,observed,-3.0,18.9,14.62,18.9,False,O,18.63,feldpausch,15.098999999999998,16.010761875568466,0.5545,110.1138,110.1138,101.9563,61.2736,61.2736,56.7343,
TAP_A01,034b,"Pouteria sp,",Sapotaceae,727995.0189197198,9683635.4510092,O,12.2,False,12.69,16.41,20160308.0,,,,12.5,False,20180830,8,12.46,16.41,measured,0.1,observed,-3.0,12.2,16.13,12.2,False,O,16.41,measured,11.899999999999999,16.122869731095395,0.7187,41.3982,41.3982,49.3756,38.7607,38.7607,46.23,
TAP_A01,035a,Virola crebrinervia,Myristicaceae,727988.3585707198,9683638.0576192,O,13.8,False,,,20160308.0,,,,13.8,False,20180830,8,13.36,13.73,local_fit,0.0,observed,-3.0,13.8,13.73,13.8,False,O,13.36,feldpausch,13.8,13.36,0.4734,43.0816,43.0816,34.1864,43.0816,43.0816,34.1864,
TAP_A01,035b,Virola sebifera,Myristicaceae,727994.641324248,9683635.29461128,O,18.7,False,,,20160308.0,,,,22.3,False,20180830,8,18.42,16.37,local_fit,1.2,observed,-3.0,18.7,14.59,18.7,False,O,18.42,feldpausch,15.1,15.942953244729377,0.4454,106.6641,106.6641,79.7442,61.0282,61.0282,45.6259,
TAP_A01,036a,Inga thibaudiana,Fabaceae,727986.602846168,9683637.00707448,O,14.3,False,,,20160308.0,,,,17.4,False,20180830,8,15.65,14.01,local_fit,1.033,observed,-3.0,14.3,12.26,14.3,False,O,15.65,feldpausch,11.201,13.17633092879431,0.5786,53.8918,53.8918,52.0115,28.2833,28.2833,27.2964,
TAP_A01,036b,Diospyros artanthifolia,Ebenaceae,727991.821864512,9683633.05356832,O,34.8,False,,,20160308.0,,,,35.4,False,20180830,8,24.36,23.47,local_fit,0.2,observed,-3.0,34.8,23.25,34.8,False,O,24.36,feldpausch,34.199999999999996,24.119254188187266,0.6952,470.9995,470.9995,543.7757,450.886,450.886,520.5545,
TAP_A01,037a,Eschweilera ovata,Lecythidaceae,727988.079876748,9683636.11749028,O,13.8,False,,,20160308.0,,,,14.2,False,20180830,8,13.62,13.73,local_fit,0.133,observed,-3.0,13.8,13.47,13.8,False,O,13.62,feldpausch,13.401,13.344015842914288,0.9,43.8997,43.8997,65.2119,40.6361,40.6361,60.3639,
TAP_A01,037b,Eschweilera amazonica,Lecythidaceae,727989.525101296,9683640.47434256,O,12.8,False,,,20160308.0,,,,12.9,False,20180830,8,12.74,13.14,local_fit,0.033,observed,-3.0,12.8,13.07,12.8,False,O,12.74,feldpausch,12.701,12.670564964116402,0.9,35.5124,35.5124,52.7527,34.7921,34.7921,51.6828,
TAP_A01,038a,Quiina florida,Ochnaceae,727982.93414396,9683635.2702556,O,13.0,False,,,20160308.0,,,,13.1,False,20180830,8,12.88,13.26,local_fit,0.033,observed,-3.0,13.0,13.19,13.0,False,O,12.88,feldpausch,12.901,12.81102517396335,0.728,36.9961,36.9961,44.6808,36.2576,36.2576,43.7889,
TAP_A01,038b,Pouteria gongrijpii,Sapotaceae,727989.0423616559,9683644.14005416,O,14.0,False,,,20160308.0,,,,13.1,False,20180830,8,12.88,13.84,local_fit,0.0,observed,-3.0,13.1,13.84,14.0,False,O,12.88,feldpausch,14.0,12.88,0.7994,42.7544,42.7544,56.5721,42.7544,42.7544,56.5721,
TAP_A01,039a,Quiina florida,Ochnaceae,727982.9384676398,9683632.5913604,O,12.3,False,7.87,12.25,20160308.0,,,,12.2,False,20180830,8,12.25,12.25,measured,0.0,observed,-3.0,12.2,12.25,12.3,False,O,12.25,measured,12.3,12.25,0.728,31.6211,31.6211,38.1892,31.6211,31.6211,38.1892,
TAP_A01,039b,Rinorea guianensis,Violaceae,727993.61362044,9683641.2053164,O,10.5,False,,,20160308.0,,,,10.6,False,20180830,8,11.08,11.71,local_fit,0.033,observed,-3.0,10.5,11.63,10.5,False,O,11.08,feldpausch,10.401,11.004578237908287,0.78,21.052,21.052,27.1958,20.529,20.529,26.5201,
TAP_A01,040a,"Pouteria sp,",Sapotaceae,727983.3147616,9683631.675216,O,17.8,False,,,20160308.0,,,,17.8,False,20180830,8,15.89,15.91,local_fit,0.0,observed,-3.0,17.8,15.91,17.8,False,O,15.89,feldpausch,17.8,15.89,0.7187,83.8644,83.8644,100.0251,83.8644,83.8644,100.0251,
TAP_A01,040b,Neea oppositifolia,Nyctaginaceae,728002.17971308,9683649.1731588,O,11.9,False,3.41,4.0,20160308.0,,,,12.0,False,20180830,8,12.11,4.0,measured,0.033,observed,-3.0,11.9,3.97,11.9,False,O,4.0,measured,11.801,3.9763291502777616,0.893,9.9435,9.9435,14.6587,9.7261,9.7261,14.3383,
TAP_A01,041a,Rinorea guianensis,Violaceae,727985.9510032,9683633.303812,O,22.8,False,12.64,18.34,20160308.0,,,,22.9,False,20180830,8,18.73,18.34,measured,0.033,observed,-3.0,22.8,18.29,22.8,False,O,18.34,measured,22.701,18.289195650556692,0.78,156.3966,156.3966,202.0394,154.6545,154.6545,199.7888,
TAP_A01,041b,Tachigali myrmecophila,Fabaceae,728001.875098,9683647.43228,O,25.2,False,,,20160308.0,,,,29.7,False,20180830,8,22.0,19.46,local_fit,1.5,observed,-3.0,25.2,17.6,25.2,False,O,22.0,feldpausch,20.7,19.409879080968683,0.476,227.0906,227.0906,181.1623,136.8816,136.8816,109.1978,
TAP_A01,042a,Quiina florida,Ochnaceae,727988.103228272,9683633.444773922,O,11.8,False,,,20160308.0,,,,11.8,False,20180830,8,11.96,12.53,local_fit,0.0,observed,-3.0,11.8,12.53,11.8,False,O,11.96,feldpausch,11.8,11.96,0.728,28.4866,28.4866,34.4037,28.4866,28.4866,34.4037,
TAP_A01,042b,Casearia javitensis,Salicaceae,728000.9454223,9683647.045933,O,13.2,False,6.98,13.67,20160308.0,,,,,True,20180830,8,,13.67,measured,0.167,site_median,-3.0,,,13.2,False,O,13.67,measured,12.699,13.303460612420453,0.753,40.3953,40.3953,50.4205,36.4761,36.4761,45.5286,
TAP_A01,043a,,,727989.334311024,9683630.52186064,O,22.8,True,,,20160308.0,,,,,True,20180830,8,,18.37,local_fit,0.167,site_median,-3.0,,,22.8,True,O,,feldpausch,22.299,,0.6697,,,,,,,
TAP_A01,043b,Pouteria guianensis,Sapotaceae,728000.029005488,9683644.19125968,O,10.7,False,,,20160308.0,,,,10.8,False,20180830,8,11.23,11.84,local_fit,0.033,observed,-3.0,10.7,11.76,10.7,False,O,11.23,feldpausch,10.600999999999999,11.155146248048002,0.9295,22.1304,22.1304,33.9253,21.591,21.591,33.0986,
TAP_A01,044a,Quiina florida,Ochnaceae,727991.6733710798,9683627.6278588,O,10.9,False,,,20160308.0,,,,11.0,False,20180830,8,11.38,11.97,local_fit,0.033,observed,-3.0,10.9,11.89,10.9,False,O,11.38,feldpausch,10.801,11.30569680718362,0.728,23.2441,23.2441,28.0722,22.6882,22.6882,27.4009,
TAP_A01,044b,Quiina florida,Ochnaceae,728002.39210992,9683643.8815312,O,13.0,False,,,20160308.0,,,,13.2,False,20180830,8,12.95,13.26,local_fit,0.067,observed,-3.0,13.0,13.12,13.0,False,O,12.95,feldpausch,12.799,12.808959238384501,0.728,37.1923,37.1923,44.9178,35.6945,35.6945,43.1088,
TAP_A01,045a,Quiina florida,Ochnaceae,727983.8541722998,9683624.932273,O,10.8,False,,,20160308.0,,,,17.7,False,20180830,8,15.83,11.91,local_fit,2.3,observed,-3.0,10.8,8.45,10.8,False,O,15.83,feldpausch,3.9000000000000012,7.365564216442677,0.728,31.5063,31.5063,38.0506,2.0446,2.0446,2.4693,
TAP_A01,045b,Maquira coriacea,Moraceae,728003.177454628,9683642.16371308,O,27.3,False,,,20160308.0,,,,27.6,False,20180830,8,21.05,20.39,local_fit,0.1,observed,-3.0,27.3,20.25,27.3,False,O,21.05,feldpausch,27.0,20.908268927762446,0.5112,254.2988,254.2988,217.497,247.2368,247.2368,211.4571,
TAP_A01,046a,"Pouteria sp,",Sapotaceae,727987.0919002,9683625.198682,O,32.0,False,,,20160308.0,,,,33.2,False,20180830,8,23.48,22.36,local_fit,0.4,observed,-3.0,32.0,21.89,32.0,False,O,23.48,feldpausch,30.8,22.958500376658804,0.7187,385.7579,385.7579,460.0938,350.2616,350.2616,417.7574,
TAP_A01,046b,Rollinia exsucca,Annonaceae,728009.620577944,9683647.52746184,O,13.3,False,,,20160308.0,,,,13.5,False,20180830,8,13.15,13.44,local_fit,0.067,observed,-3.0,13.3,13.31,13.3,False,O,13.15,feldpausch,13.099,13.010448080852642,0.3748,39.4721,39.4721,24.9337,37.9192,37.9192,23.9527,
TAP_A01,047a,Quiina florida,Ochnaceae,727990.72276086,9683624.5544146,O,12.2,False,,,20160308.0,,,,12.7,False,20180830,8,12.6,12.78,local_fit,0.167,observed,-3.0,12.2,12.42,12.2,False,O,12.6,feldpausch,11.699,12.2305318199843,0.728,31.9887,31.9887,38.6333,28.6308,28.6308,34.5779,
TAP_A01,047b,Zygia racemosa,Fabaceae,728009.8763731358,9683644.61872496,O,14.4,False,,,20160308.0,,,,14.8,False,20180830,8,14.02,14.07,local_fit,0.133,observed,-3.0,14.4,13.81,14.4,False,O,14.02,feldpausch,14.001000000000001,13.74944364291885,0.748,49.0694,49.0694,60.8503,45.5753,45.5753,56.5173,
TAP_A01,048a,,,727993.7917064,9683625.285184,O,19.7,True,,,20160308.0,,,,,True,20180830,8,,16.87,local_fit,0.167,site_median,-3.0,,,19.7,True,O,,feldpausch,19.198999999999998,,0.6697,,,,,,,
TAP_A01,048b,Diospyros artanthifolia,Ebenaceae,728010.45313984,9683642.9201184,O,39.0,False,,,20160308.0,,,,39.0,False,20180830,8,25.71,25.07,local_fit,0.0,observed,-3.0,39.0,25.07,39.0,False,O,25.71,feldpausch,39.0,25.71,0.6952,620.1238,620.1238,715.9419,620.1238,620.1238,715.9419,
TAP_A01,049a,Virola sebifera,Myristicaceae,727992.796731264,9683622.30116704,O,47.9,False,,,20160308.0,,,,43.1,False,20180830,8,27.14,28.25,local_fit,0.0,observed,-3.0,43.1,28.25,47.9,False,O,27.14,feldpausch,47.9,27.14,0.4454,976.5148,976.5148,730.0618,976.5148,976.5148,730.0618,
TAP_A01,049b,Maquira coriacea,Moraceae,728006.1384303399,9683640.5944574,O,14.8,False,,,20160308.0,,,,16.1,False,20180830,8,14.85,14.29,local_fit,0.433,observed,-3.0,14.8,13.49,14.8,False,O,14.85,feldpausch,13.501000000000001,13.932928062708205,0.5112,54.7541,54.7541,46.8302,43.0051,43.0051,36.7815,
TAP_A01,050a,Tapura singularis,Dichapetalaceae,727988.41482264,9683621.9940904,O,12.5,False,9.45,13.95,20160308.0,,,,13.4,False,20180830,8,13.08,13.95,measured,0.3,observed,-3.0,12.5,13.29,12.5,False,O,13.95,measured,11.6,13.230146010302041,0.6602,37.0453,37.0453,40.6718,30.4039,30.4039,33.3802,
TAP_A01,050b,Inga thibaudiana,Fabaceae,728011.28754352,9683636.8090272,O,12.3,False,3.68,7.22,20160308.0,,,,,True,20180830,8,,7.22,measured,0.167,site_median,-3.0,,,12.3,False,O,7.22,measured,11.799000000000001,7.010235922329555,0.5786,18.875,18.875,18.2165,16.9098,16.9098,16.3198,
TAP_A01,051a,Aspidosperma parvifolium,Apocynaceae,727991.70932176,9683619.4948016,O,10.7,False,5.03,7.71,20160308.0,,,,10.9,False,20180830,8,11.3,7.71,measured,0.067,observed,-3.0,10.7,7.61,10.7,False,O,7.71,measured,10.498999999999999,7.605463040287668,0.781,15.3314,15.3314,19.8305,14.5787,14.5787,18.857,
TAP_A01,051b,Eschweilera coriacea,Lecythidaceae,728018.716688264,9683633.20606104,O,10.1,False,5.84,9.49,20160308.0,,,,10.9,False,20180830,8,11.3,9.49,measured,0.267,observed,-3.0,10.1,8.99,10.1,False,O,9.49,measured,9.299,8.936818491884774,0.8521,16.7768,16.7768,23.6256,13.4649,13.4649,18.9617,
TAP_A01,052a,,,727993.40396722,9683618.1567142,O,10.4,False,,,20160308.0,,,,10.7,False,20180830,8,11.15,11.65,local_fit,0.1,observed,-3.0,10.4,11.42,10.4,False,O,11.15,feldpausch,10.1,10.916661762426372,0.6697,20.7898,20.7898,23.1443,19.2341,19.2341,21.4124,
TAP_A01,052b,Quiina florida,Ochnaceae,728020.4160600269,9683630.14060379,O,11.0,False,,,20160308.0,,,,11.3,False,20180830,8,11.6,12.03,local_fit,0.1,observed,-3.0,11.0,11.8,11.0,False,O,11.6,feldpausch,10.7,11.371977742645965,0.728,24.1085,24.1085,29.1162,22.4034,22.4034,27.0569,
TAP_A01,053a,Quiina florida,Ochnaceae,727995.15094624,9683619.4120864,O,13.5,False,,,20160308.0,,,,14.4,False,20180830,8,13.76,13.55,local_fit,0.3,observed,-3.0,13.5,12.95,13.5,False,O,13.76,feldpausch,12.6,13.10968698783068,0.728,42.478,42.478,51.3013,35.4123,35.4123,42.768,
TAP_A01,053b,Quiina florida,Ochnaceae,728019.467817088,9683629.21216768,O,11.3,False,,0.0,20160308.0,,,,11.6,False,20180830,8,11.82,12.22,local_fit,0.1,observed,-3.0,11.3,11.99,11.3,False,O,11.82,feldpausch,11.0,11.594552395535734,0.728,25.8788,25.8788,31.2542,24.0975,24.0975,29.1029,
TAP_A01,054a,,,727995.8078215478,9683617.86021828,O,17.9,True,,,20160308.0,,,,,True,20180830,8,,15.96,local_fit,0.167,site_median,-3.0,,,17.9,True,O,,feldpausch,17.398999999999997,,0.6697,,,,,,,
TAP_A01,054b,Cordia scabrifolia,Boraginaceae,728015.420778976,9683627.97549536,O,46.3,False,,,20160308.0,,,,47.4,False,20180830,8,28.51,27.7,local_fit,0.367,observed,-3.0,46.3,27.37,46.3,False,O,28.51,feldpausch,45.199,28.158306092140492,0.474,958.8531,958.8531,761.7915,903.8329,903.8329,718.0789,
TAP_A01,055a,Abarema mataybifolia,Fabaceae,727993.97851144,9683616.7857784,O,19.4,False,,,20160308.0,,,,20.2,False,20180830,8,17.28,16.72,local_fit,0.267,observed,-3.0,19.4,16.28,19.4,False,O,17.28,feldpausch,18.599,16.804973792855144,0.5668,107.6694,107.6694,101.842,96.501,96.501,91.278,
TAP_A01,055b,"Pouteria sp,",Sapotaceae,728017.99877096,9683624.9514136,O,13.8,False,,,20160308.0,,,,14.2,False,20180830,8,13.62,13.73,local_fit,0.133,observed,-3.0,13.8,13.47,13.8,False,O,13.62,feldpausch,13.401,13.344015842914288,0.7187,43.8997,43.8997,52.3592,40.6361,40.6361,48.4667,
TAP_A01,056a,Lacunaria jenmanii,Ochnaceae,727994.0844902399,9683608.2601264,O,12.0,False,,,20160308.0,,,,11.8,False,20180830,8,11.96,12.66,local_fit,0.0,observed,-3.0,11.8,12.66,12.0,False,O,11.96,feldpausch,12.0,11.96,0.8043,29.4366,29.4366,39.1848,29.4366,29.4366,39.1848,
TAP_A01,056b,Inga thibaudiana,Fabaceae,728016.0061457799,9683624.2392758,O,21.1,False,,,20160308.0,,,,21.3,False,20180830,8,17.88,17.56,local_fit,0.067,observed,-3.0,21.1,17.46,21.1,False,O,17.88,feldpausch,20.899,17.769389274378447,0.5786,131.1507,131.1507,126.5748,127.9458,127.9458,123.4817,
TAP_A01,057a,Maquira coriacea,Moraceae,727990.8651848598,9683607.6881986,O,23.2,False,15.46,19.22,20160308.0,,,,24.7,False,20180830,8,19.65,19.22,measured,0.5,observed,-3.0,23.2,18.48,23.2,False,O,19.22,measured,21.7,18.415927979610377,0.5112,169.37,169.37,144.859,142.5801,142.5801,121.9462,
TAP_A01,057b,Maquira coriacea,Moraceae,728023.3622871779,9683621.78011122,O,13.4,False,,,20160308.0,,,,12.2,False,20180830,8,12.25,13.49,local_fit,0.0,observed,-3.0,12.2,13.49,13.4,False,O,12.25,feldpausch,13.4,12.25,0.5112,37.3758,37.3758,31.9668,37.3758,37.3758,31.9668,
TAP_A01,058a,Virola crebrinervia,Myristicaceae,728000.3890854398,9683609.7757984,O,13.0,False,,,20160308.0,,,,,True,20180830,8,,13.26,local_fit,0.167,site_median,-3.0,,,13.0,False,O,,feldpausch,12.499,,0.4734,,,,,,,
TAP_A01,058b,Pouteria gongrijpii,Sapotaceae,728021.85209862,9683616.7538242,O,14.6,False,,,20160308.0,,,,14.6,False,20180830,8,13.89,14.18,local_fit,0.0,observed,-3.0,14.6,14.18,14.6,False,O,13.89,feldpausch,14.6,13.89,0.7994,49.9522,49.9522,66.0963,49.9522,49.9522,66.0963,
TAP_A01,059a,Pseudopiptadenia psilostachya,Fabaceae,727997.272613896,9683603.35749656,O,16.0,False,,,20160308.0,,,,17.3,False,20180830,8,15.59,14.96,local_fit,0.433,observed,-3.0,16.0,14.19,16.0,False,O,15.59,feldpausch,14.701,14.710833005458174,0.6642,66.853,66.853,73.8283,53.5471,53.5471,59.1341,
TAP_A01,059b,Couratari stellata,Lecythidaceae,728017.0243218478,9683611.87586728,O,11.1,False,,,20160308.0,,,,11.1,False,20180830,8,11.45,12.1,local_fit,0.0,observed,-3.0,11.1,12.1,11.1,False,O,11.45,feldpausch,11.1,11.45,0.6331,24.2284,24.2284,25.5338,24.2284,24.2284,25.5338,
TAP_A01,060a,Maquira coriacea,Moraceae,727995.092762548,9683602.99989628,O,11.7,False,,,20160308.0,,,,12.4,False,20180830,8,12.39,12.47,local_fit,0.233,observed,-3.0,11.7,11.97,11.7,False,O,12.39,feldpausch,11.001,11.856686479255337,0.5112,28.9999,28.9999,24.8031,24.6334,24.6334,21.0685,
TAP_A01,061a,Eschweilera amazonica,Lecythidaceae,727993.98536928,9683602.8673408,O,10.3,False,,,20160308.0,,,,10.4,False,20180830,8,10.93,11.58,local_fit,0.033,observed,-3.0,10.3,11.5,10.3,False,O,10.93,feldpausch,10.201,10.85399177650953,0.9,20.0084,20.0084,29.7219,19.5014,19.5014,28.9689,
TAP_A01,062a,"Pouteria sp,",Sapotaceae,727994.1096427998,9683599.708228,O,21.8,False,10.5,12.44,20160308.0,,,,21.9,False,20180830,8,18.21,12.44,measured,0.033,observed,-3.0,21.8,12.4,21.8,False,O,12.44,measured,21.701,12.403609690148452,0.7187,98.1008,98.1008,117.0049,96.9554,96.9554,115.6388,
TAP_A01,063a,Inga thibaudiana,Fabaceae,728001.606667208,9683601.38406888,O,21.3,False,,,20160308.0,,,,,True,20180830,8,,17.65,local_fit,0.167,site_median,-3.0,,,21.3,False,O,,feldpausch,20.799,,0.5786,,,,,,,
TAP_A01,064a,Schefflera morototoni,Araliaceae,728003.0301066398,9683598.0044504,O,14.8,False,,,20160308.0,,,,,True,20180830,8,,14.29,local_fit,0.167,site_median,-3.0,,,14.8,False,O,,feldpausch,14.299000000000001,,0.4559,,,,,,,
TAP_A01,065a,Pouteria gongrijpii,Sapotaceae,728002.9293090279,9683597.96327308,O,17.3,False,7.76,11.98,20160308.0,,,,,True,20180830,8,,11.98,measured,0.167,site_median,-3.0,,,17.3,False,O,11.98,measured,16.799,11.745077193497035,0.7994,60.2144,60.2144,79.6751,55.7691,55.7691,73.7931,
TAP_A01,066a,Quiina florida,Ochnaceae,728000.2514631998,9683599.009912,O,12.5,False,,,20160308.0,,,,12.4,False,20180830,8,12.39,12.96,local_fit,0.0,observed,-3.0,12.4,12.96,12.5,False,O,12.39,feldpausch,12.5,12.39,0.728,32.9964,32.9964,39.8503,32.9964,32.9964,39.8503,
TAP_A01,067a,Quiina florida,Ochnaceae,727994.2961058998,9683599.249609,O,11.8,False,,,20160308.0,,,,11.9,False,20180830,8,12.03,12.53,local_fit,0.033,observed,-3.0,11.8,12.46,11.8,False,O,12.03,feldpausch,11.701,11.958131136839869,0.728,28.6493,28.6493,34.6002,28.0176,28.0176,33.8373,
TAP_A01,068a,Maquira coriacea,Moraceae,727992.4800877998,9683597.971818,O,12.4,False,,,20160308.0,,,,13.8,False,20180830,8,13.36,12.9,local_fit,0.467,observed,-3.0,12.4,11.96,12.4,False,O,13.36,feldpausch,10.999,12.267309130262694,0.5112,34.9629,34.9629,29.9031,25.4567,25.4567,21.7726,
TAP_A01,077a,Pouteria macrophylla,Sapotaceae,727990.34233504,9683596.0281544,O,,,,,,,,,10.7,False,20180830,8,11.15,11.15,feldpausch_regional,0.167,site_median,-3.0,10.2,10.78,,False,O,11.15,feldpausch,,,0.737,,,,,,,
TAP_A01,078a,Cecropia palmata,Urticaceae,727983.1861366,9683599.512086,O,,,,,,,,,11.0,False,20180830,8,11.38,11.38,feldpausch_regional,0.167,site_median,-3.0,10.5,11.0,,False,O,11.38,feldpausch,,,0.3404,,,,,,,
TAP_A01,079a,Pouteria gongrijpii,Sapotaceae,727978.056525057,9683612.47847145,O,,,,,,,,,10.5,False,20180830,8,11.0,11.0,feldpausch_regional,0.167,site_median,-3.0,10.0,10.62,,False,O,11.0,feldpausch,,,0.7994,,,,,,,
TAP_A01,080a,Nectandra cuspidata,Lauraceae,727976.690737705,9683628.18085037,O,,,,,,,,,10.5,False,20180830,8,11.0,11.0,feldpausch_regional,0.167,site_median,-3.0,10.0,10.62,,False,O,11.0,feldpausch,,,0.518,,,,,,,
TAP_A01,081a,Inga thibaudiana,Fabaceae,727984.154111356,9683635.240145162,O,,,,,,,,,10.3,False,20180830,8,10.85,10.85,feldpausch_regional,0.167,site_median,-3.0,9.8,10.47,,False,O,10.85,feldpausch,,,0.5786,,,,,,,
TAP_A01,001a,Cecropia palmata,Urticaceae,727967.0534699,9683415.201859,O,34.7,False,,,20160308.0,,,,33.3,False,20180830,9,23.53,23.43,local_fit,0.0,observed,-3.0,33.3,23.43,34.7,False,O,23.53,feldpausch,34.7,23.53,0.3404,452.7796,452.7796,260.3798,452.7796,452.7796,260.3798,
TAP_A01,001b,Pouteria macrophylla,Sapotaceae,727978.9796182,9683417.808082,O,12.4,False,,,20160308.0,,,,13.0,False,20180830,9,12.81,12.9,local_fit,0.2,observed,-3.0,12.4,12.48,12.4,False,O,12.81,feldpausch,11.8,12.367595744845891,0.737,33.5574,33.5574,41.0167,29.4337,29.4337,35.9764,
TAP_A01,002a,Abarema mataybifolia,Fabaceae,727963.66529288,9683415.7578088,O,16.2,False,,,20160308.0,,,,,True,20180830,9,,15.06,local_fit,0.167,site_median,-3.0,,,16.2,False,O,,feldpausch,15.699,,0.5668,,,,,,,
TAP_A01,002b,Maquira coriacea,Moraceae,727978.64547984,9683418.694338402,O,30.6,False,3.8,8.67,20160308.0,,,,30.1,False,20180830,9,22.17,8.67,measured,0.0,observed,-3.0,30.1,8.67,30.6,False,O,8.67,measured,30.6,8.67,0.5112,133.689,133.689,114.3417,133.689,133.689,114.3417,
TAP_A01,003a,Couratari stellata,Lecythidaceae,727961.1239968,9683417.003848,O,18.0,False,5.43,13.83,20160308.0,,,,,True,20180830,9,,13.83,measured,0.167,site_median,-3.0,,,18.0,False,O,13.83,measured,17.499,13.571179394612477,0.6331,74.8506,74.8506,78.8833,69.5436,69.5436,73.2904,
TAP_A01,003b,Inga thibaudiana,Fabaceae,727979.58648452,9683421.8647852,O,20.3,False,,,20160308.0,,,,20.3,False,20180830,9,17.33,17.17,local_fit,0.0,observed,-3.0,20.3,17.17,20.3,False,O,17.33,feldpausch,20.3,17.33,0.5786,117.967,117.967,113.851,117.967,117.967,113.851,
TAP_A01,004a,Vochysia vismiifolia,Vochysiaceae,727956.9522992,9683416.856392002,O,100.0,False,27.86,41.66,20160308.0,,,,,True,20180830,9,,41.66,measured,0.167,site_median,-3.0,,,100.0,False,O,41.66,measured,99.499,41.59273345206285,0.4668,6241.7546,6241.7546,4885.0489,6171.1182,6171.1182,4829.766,
TAP_A01,004b,Cordia scabrifolia,Boraginaceae,727977.64306476,9683421.3531076,O,18.6,False,,,20160308.0,,,,19.0,False,20180830,9,16.6,16.32,local_fit,0.133,observed,-3.0,18.6,16.08,18.6,False,O,16.6,feldpausch,18.201,16.36234721806427,0.474,95.362,95.362,75.7634,90.1322,90.1322,71.6084,
TAP_A01,005a,Endopleura uchi,Humiriaceae,727955.92643372,9683416.7751412,O,22.2,False,,,20160308.0,,,,,True,20180830,9,,18.08,local_fit,0.167,site_median,-3.0,,,22.2,False,O,,feldpausch,21.698999999999998,,0.7944,,,,,,,
TAP_A01,005b,Cecropia palmata,Urticaceae,727978.90882108,9683423.6392708,O,23.9,False,,,20160308.0,,,,25.4,False,20180830,9,20.0,18.87,local_fit,0.5,observed,-3.0,23.9,18.16,23.9,False,O,20.0,feldpausch,22.4,19.193415517100675,0.3404,186.5944,186.5944,107.3048,157.9434,157.9434,90.8284,
TAP_A01,006a,Strychnos subcordata,Loganiaceae,727955.072136348,9683412.85204348,O,13.0,False,,,20160308.0,,,,,True,20180830,9,,13.26,local_fit,0.167,site_median,-3.0,,,13.0,False,O,,feldpausch,12.499,,0.6959,,,,,,,
TAP_A01,006b,Inga thibaudiana,Fabaceae,727980.3534873598,9683422.6532656,O,13.9,False,,,20160308.0,,,,15.6,False,20180830,9,14.54,13.78,local_fit,0.567,observed,-3.0,13.9,12.72,13.9,False,O,14.54,feldpausch,12.199,13.267115125413765,0.5786,47.4557,47.4557,45.7999,33.6353,33.6353,32.4617,
TAP_A01,007a,Couratari stellata,Lecythidaceae,727951.4226715,9683417.758315,O,85.0,False,26.86,39.6,20160308.0,,,,85.1,False,20180830,9,36.86,39.6,measured,0.033,observed,-3.0,85.0,39.59,85.0,False,O,39.6,measured,84.901,39.58312984866912,0.6331,4325.5061,4325.5061,4558.5527,4313.8831,4313.8831,4546.3035,
TAP_A01,007b,Rollinia exsucca,Annonaceae,727981.4294117038,9683425.38734104,O,12.4,False,,,20160308.0,,,,11.2,False,20180830,9,11.53,12.9,local_fit,0.0,observed,-3.0,11.2,12.9,12.4,False,O,11.53,feldpausch,12.4,11.53,0.3748,30.2807,30.2807,19.1276,30.2807,30.2807,19.1276,
TAP_A01,008a,,,727954.8528904,9683420.101684,O,36.1,True,,,20160308.0,,,,,True,20180830,9,,23.98,local_fit,0.167,site_median,-3.0,,,36.1,True,O,,feldpausch,35.599000000000004,,0.6697,,,,,,,
TAP_A01,008b,,,727981.349191556,9683428.31235556,O,28.9,True,,14.88,20160308.0,,,,,True,20180830,9,,14.88,measured,0.167,site_median,-3.0,,,28.9,True,O,14.88,measured,28.398999999999997,14.723948801480908,0.6697,202.5787,153.1244,153.1244,193.776,146.5917,146.5917,
TAP_A01,009a,Eschweilera amazonica,Lecythidaceae,727950.8710755198,9683422.8224752,O,10.9,False,,,20160308.0,,,,11.9,False,20180830,9,12.03,11.97,local_fit,0.333,observed,-3.0,10.9,11.24,10.9,False,O,12.03,feldpausch,9.901,11.2239751906998,0.9,24.539,24.539,36.452,19.0094,19.0094,28.238,
TAP_A01,009b,,,727976.1060283039,9683425.42988704,O,11.5,True,,,20160308.0,,,,,True,20180830,9,,12.35,local_fit,0.167,site_median,-3.0,,,11.5,True,O,,feldpausch,10.999,,0.6697,,,,,,,
TAP_A01,010a,Pseudopiptadenia psilostachya,Fabaceae,727953.55333796,9683424.1285516,O,10.5,False,3.97,5.45,20160308.0,,,,10.8,False,20180830,9,11.23,5.45,measured,0.1,observed,-3.0,10.5,5.34,10.5,False,O,5.45,measured,10.2,5.33715627591871,0.6642,10.5328,10.5328,11.6318,9.7522,9.7522,10.7697,
TAP_A01,010b,Inga alba,Fabaceae,727978.027858608,9683425.94610208,O,22.1,False,,,20160308.0,,,,22.9,False,20180830,9,18.73,18.04,local_fit,0.267,observed,-3.0,22.1,17.64,22.1,False,O,18.73,feldpausch,21.299000000000003,18.2899745205347,0.5861,150.2143,150.2143,146.8196,136.5645,136.5645,133.4783,
TAP_A01,011a,Virola sebifera,Myristicaceae,727961.36725808,9683428.5853408,O,11.9,False,,,20160308.0,,,,,True,20180830,9,,12.6,local_fit,0.167,site_median,-3.0,,,11.9,False,O,,feldpausch,11.399000000000001,,0.4454,,,,,,,
TAP_A01,011b,Quiina florida,Ochnaceae,727973.6900304998,9683426.241577,O,15.2,False,,,20160308.0,,,,12.4,False,20180830,9,12.39,14.52,local_fit,0.0,observed,-3.0,12.4,14.52,15.2,False,O,12.39,feldpausch,15.2,12.39,0.728,48.3345,48.3345,58.3743,48.3345,48.3345,58.3743,
TAP_A01,012a,Erisma uncinatum,Vochysiaceae,727960.75999504,9683430.3450304,O,97.2,False,19.81,28.15,20160308.0,,,,,True,20180830,9,,28.15,measured,0.167,site_median,-3.0,,,97.2,False,O,28.15,measured,96.699,28.102093168608047,0.5231,4027.8766,4027.8766,3523.1061,3980.8273,3980.8273,3481.953,
TAP_A01,012b,Quiina florida,Ochnaceae,727977.21466248,9683428.0754848,O,12.9,False,,,20160308.0,,,,13.1,False,20180830,9,12.88,13.2,local_fit,0.067,observed,-3.0,12.9,13.06,12.9,False,O,12.88,feldpausch,12.699,12.738486570752094,0.728,36.4426,36.4426,44.0123,34.9634,34.9634,42.2259,
TAP_A01,013a,Maquira coriacea,Moraceae,727956.50435344,9683430.786438402,O,11.1,False,5.58,9.49,20160308.0,,,,11.7,False,20180830,9,11.89,9.49,measured,0.2,observed,-3.0,11.1,9.14,11.1,False,O,9.49,measured,10.5,9.11862724930146,0.5112,20.1717,20.1717,17.2525,17.4066,17.4066,14.8875,
TAP_A01,013b,Quiina florida,Ochnaceae,727973.4861547519,9683429.60059552,O,12.6,False,,,20160308.0,,,,11.7,False,20180830,9,11.89,13.02,local_fit,0.0,observed,-3.0,11.7,13.02,12.6,False,O,11.89,feldpausch,12.6,11.89,0.728,32.193,32.193,38.88,32.193,32.193,38.88,
TAP_A01,014a,Cecropia palmata,Urticaceae,727957.3502429998,9683431.313530002,O,11.0,False,,,20160308.0,,,,,True,20180830,9,,12.03,local_fit,0.167,site_median,-3.0,,,11.0,False,O,,feldpausch,10.499,,0.3404,,,,,,,
TAP_A01,014b,Maquira coriacea,Moraceae,727972.974140848,9683429.85059248,O,10.4,False,,,20160308.0,,,,10.5,False,20180830,9,11.0,11.65,local_fit,0.033,observed,-3.0,10.4,11.58,10.4,False,O,11.0,feldpausch,10.301,10.924321778324053,0.5112,20.5168,20.5168,17.5476,20.002,20.002,17.1074,
TAP_A01,015a,Tetragastris panamensis,Burseraceae,727954.25820256,9683431.3992256,O,11.3,False,7.53,11.8,20160308.0,,,,13.1,False,20180830,9,12.88,11.8,measured,0.6,observed,-3.0,11.3,10.63,11.3,False,O,11.8,measured,9.5,10.411296348719247,0.7173,25.8361,25.8361,30.7563,16.2953,16.2953,19.3986,
TAP_A01,015b,Neea oppositifolia,Nyctaginaceae,727973.30541532,9683430.9190432,O,17.4,False,,,20160308.0,,,,17.7,False,20180830,9,15.83,15.7,local_fit,0.1,observed,-3.0,17.4,15.52,17.4,False,O,15.83,feldpausch,17.099999999999998,15.645913200840669,0.893,79.9293,79.9293,117.8316,76.3844,76.3844,112.6055,
TAP_A01,016a,Quiina florida,Ochnaceae,727953.38954824,9683434.0298824,O,10.3,False,,,20160308.0,,,,10.8,False,20180830,9,11.23,11.58,local_fit,0.167,observed,-3.0,10.3,11.19,10.3,False,O,11.23,feldpausch,9.799000000000001,10.831756526654454,0.728,20.5442,20.5442,24.8116,17.9934,17.9934,21.7309,
TAP_A01,016b,Quiina florida,Ochnaceae,727976.4640536,9683432.773456,O,11.7,False,2.65,6.49,20160308.0,,,,11.9,False,20180830,9,12.03,6.49,measured,0.067,observed,-3.0,11.7,6.41,11.7,False,O,6.49,measured,11.498999999999999,6.410381229309018,0.728,15.428,15.428,18.6327,14.7363,14.7363,17.7972,
TAP_A01,017a,Couratari stellata,Lecythidaceae,727949.6344101758,9683433.14205376,O,11.5,False,,,20160308.0,,,,11.7,False,20180830,9,11.89,12.35,local_fit,0.067,observed,-3.0,11.5,12.2,11.5,False,O,11.89,feldpausch,11.299,11.741281971253409,0.6331,26.9352,26.9352,28.3864,25.7062,25.7062,27.0911,
TAP_A01,017b,Casearia javitensis,Salicaceae,727981.64058754,9683432.924979402,O,21.1,False,7.1,10.77,20160308.0,,,,21.6,False,20180830,9,18.05,10.77,measured,0.167,observed,-3.0,21.1,10.61,21.1,False,O,10.77,measured,20.599,10.603269026510269,0.753,79.9655,79.9655,99.8111,75.148,75.148,93.7981,
TAP_A01,018a,Couratari stellata,Lecythidaceae,727950.97027952,9683435.2502752,O,11.0,False,,,20160308.0,,,,13.1,False,20180830,9,12.88,12.03,local_fit,0.7,observed,-3.0,11.0,10.63,11.0,False,O,12.88,feldpausch,8.9,11.045800101437454,0.6331,26.7016,26.7016,28.1402,15.1995,15.1995,16.0184,
TAP_A01,018b,Inga thibaudiana,Fabaceae,727983.211943704,9683434.24928104,O,13.5,False,,,20160308.0,,,,10.8,False,20180830,9,11.23,13.55,local_fit,0.0,observed,-3.0,10.8,13.55,13.5,False,O,11.23,feldpausch,13.5,11.23,0.5786,34.8372,34.8372,33.6217,34.8372,34.8372,33.6217,
TAP_A01,019a,Tachigali paniculata,Fabaceae,727946.260615048,9683434.26620248,O,16.8,False,,,20160308.0,,,,18.3,False,20180830,9,16.19,15.38,local_fit,0.5,observed,-3.0,16.8,14.53,16.8,False,O,16.19,feldpausch,15.3,15.191351481099678,0.5545,76.2938,76.2938,70.6418,59.7333,59.7333,55.3081,
TAP_A01,019b,Tapirira guianensis,Anacardiaceae,727988.266790368,9683434.75279168,O,17.2,False,,,20160308.0,,,,21.3,False,20180830,9,17.88,15.6,local_fit,1.367,observed,-3.0,17.2,13.55,17.2,False,O,17.88,feldpausch,13.099,14.82633110448604,0.457,88.0082,88.0082,67.4723,43.0763,43.0763,33.0249,
TAP_A01,020a,Eschweilera amazonica,Lecythidaceae,727948.905981904,9683435.41682704,O,10.9,False,,,20160308.0,,,,11.6,False,20180830,9,11.82,11.97,local_fit,0.233,observed,-3.0,10.9,11.44,10.9,False,O,11.82,feldpausch,10.201,11.268998930989444,0.9,24.1208,24.1208,35.8308,20.2289,20.2289,30.0494,
TAP_A01,020b,"Pouteria sp,",Sapotaceae,727972.96512772,9683433.7606972,O,16.9,False,,,20160308.0,,,,17.8,False,20180830,9,15.89,15.44,local_fit,0.3,observed,-3.0,16.9,14.92,16.9,False,O,15.89,feldpausch,15.999999999999998,15.311253840785346,0.7187,75.7866,75.7866,90.3908,65.6861,65.6861,78.3439,
TAP_A01,021a,Bellucia grossularioides,Melastomataceae,727947.58920772,9683439.5289172,O,13.5,False,6.9,10.8,20160308.0,,,,14.3,False,20180830,9,13.69,10.8,measured,0.267,observed,-3.0,13.5,10.37,13.5,False,O,10.8,measured,12.699,10.346478043678127,0.5975,33.5347,33.5347,33.3983,28.5402,28.5402,28.4241,
TAP_A01,021b,Tetragastris panamensis,Burseraceae,727982.635348228,9683436.46695628,O,11.7,False,,,20160308.0,,,,,True,20180830,9,,12.47,local_fit,0.167,site_median,-3.0,,,11.7,False,O,,feldpausch,11.199,,0.7173,,,,,,,
TAP_A01,022a,Nectandra cuspidata,Lauraceae,727951.570482192,9683442.54294592,O,21.2,False,,,20160308.0,,,,24.1,False,20180830,9,19.35,17.61,local_fit,0.967,observed,-3.0,21.2,16.23,21.2,False,O,19.35,feldpausch,18.299,17.568111350244813,0.518,142.9779,142.9779,123.8737,97.6271,97.6271,84.5826,
TAP_A01,022b,Maquira coriacea,Moraceae,727974.385435072,9683437.10644672,O,20.3,False,,,20160308.0,,,,20.7,False,20180830,9,17.56,17.17,local_fit,0.133,observed,-3.0,20.3,16.95,20.3,False,O,17.56,feldpausch,19.901,17.333500685878544,0.5112,119.4948,119.4948,102.2017,113.5057,113.5057,97.0793,
TAP_A01,023a,Bellucia grossularioides,Melastomataceae,727950.088661824,9683444.02637824,O,12.5,False,,,20160308.0,,,,12.9,False,20180830,9,12.74,12.96,local_fit,0.133,observed,-3.0,12.5,12.68,12.5,False,O,12.74,feldpausch,12.100999999999999,12.45106585316321,0.5975,33.9058,33.9058,33.7679,31.1207,31.1207,30.9941,
TAP_A01,023b,Eschweilera ovata,Lecythidaceae,727974.53772743,9683437.2480551,O,10.9,False,,,20160308.0,,,,,True,20180830,9,,11.97,local_fit,0.167,site_median,-3.0,,,10.9,False,O,,feldpausch,10.399000000000001,,0.9,,,,,,,
TAP_A01,024a,Bellucia grossularioides,Melastomataceae,727947.56409628,9683442.6871588,O,10.1,False,,,20160308.0,,,,14.6,False,20180830,9,13.89,11.45,local_fit,1.5,observed,-3.0,10.1,8.82,10.1,False,O,13.89,feldpausch,5.6,8.958495163833486,0.5975,24.3318,24.3318,24.2328,5.0154,5.0154,4.995,
TAP_A01,024b,Virola michelii,Myristicaceae,727974.65940268,9683440.1410468,O,19.6,False,,,20160308.0,,,,20.2,False,20180830,9,17.28,16.82,local_fit,0.2,observed,-3.0,19.6,16.49,19.6,False,O,17.28,feldpausch,19.0,16.929486696668164,0.4701,109.8468,109.8468,86.5749,101.3314,101.3314,79.8636,
TAP_A01,025a,Maquira coriacea,Moraceae,727944.0209926718,9683441.42835472,O,12.5,False,,,20160308.0,,,,13.1,False,20180830,9,12.88,12.96,local_fit,0.2,observed,-3.0,12.5,12.54,12.5,False,O,12.88,feldpausch,11.9,12.439213131004148,0.5112,34.2694,34.2694,29.31,30.0917,30.0917,25.7368,
TAP_A01,025b,Connarus fasciculatus,Connaraceae,727974.351935728,9683442.52178128,O,19.7,False,,,20160308.0,,,,20.1,False,20180830,9,17.22,16.87,local_fit,0.133,observed,-3.0,19.7,16.65,19.7,False,O,17.22,feldpausch,19.301,16.989763248462594,0.5,110.5674,110.5674,92.5436,104.8517,104.8517,87.7596,
TAP_A01,026a,Thyrsodium spruceanum,Anacardiaceae,727943.0377438238,9683444.57271424,O,20.1,False,9.73,15.53,20160308.0,,,,20.4,False,20180830,9,17.39,15.53,measured,0.1,observed,-3.0,20.1,15.38,20.1,False,O,15.53,measured,19.8,15.377793159271002,0.64,103.9639,103.9639,110.7232,99.9907,99.9907,106.4917,
TAP_A01,026b,Simarouba amara,Simaroubaceae,727967.1397617758,9683446.81141576,O,11.8,False,,,20160308.0,,,,14.3,False,20180830,9,13.69,12.53,local_fit,0.833,observed,-3.0,11.8,10.95,11.8,False,O,13.69,feldpausch,9.301000000000002,11.532433450456505,0.3833,32.5016,32.5016,20.9894,17.2769,17.2769,11.1573,
TAP_A01,027a,Rinorea guianensis,Violaceae,727942.88240608,9683448.1663408,O,24.4,False,,,20160308.0,,,,24.5,False,20180830,9,19.55,19.1,local_fit,0.033,observed,-3.0,24.4,19.05,24.4,False,O,19.55,feldpausch,24.301,19.500164176575975,0.78,190.0224,190.0224,245.4786,188.0513,188.0513,242.9322,
TAP_A01,027b,"Pouteria sp,",Sapotaceae,727967.4386520638,9683447.88667264,O,16.4,False,11.31,15.82,20160308.0,,,,17.7,False,20180830,9,15.83,15.82,measured,0.433,observed,-3.0,16.4,15.03,16.4,False,O,15.82,measured,15.100999999999999,14.953306374301922,0.7187,71.1642,71.1642,84.8776,57.3355,57.3355,68.3841,
TAP_A01,028a,,,727947.352527232,9683449.36396432,O,18.0,True,,,20160308.0,,,,,True,20180830,9,,16.01,local_fit,0.167,site_median,-3.0,,,18.0,True,O,,feldpausch,17.499,,0.6697,,,,,,,
TAP_A01,028b,Tetragastris altissima,Burseraceae,727969.50401424,9683450.8832704,O,12.0,False,10.07,15.41,20160308.0,,,,12.1,False,20180830,9,12.18,15.41,measured,0.033,observed,-3.0,12.0,15.32,12.0,False,O,15.41,measured,11.901,15.319662834912354,0.7079,37.698,37.698,44.2985,36.881,36.881,43.3385,
TAP_A01,029a,Laetia procera,Salicaceae,727955.2733091998,9683449.094872,O,44.2,False,,,20160308.0,,,,46.4,False,20180830,9,28.2,26.96,local_fit,0.733,observed,-3.0,44.2,26.29,44.2,False,O,28.2,feldpausch,42.001000000000005,27.450019493072308,0.6481,866.499,866.499,934.2327,763.9785,763.9785,823.6982,
TAP_A01,029b,Couratari stellata,Lecythidaceae,727972.191046584,9683451.69872584,O,84.0,False,25.09,42.25,20160308.0,,,,98.0,False,20180830,9,38.71,42.25,measured,4.667,observed,-3.0,84.0,40.05,84.0,False,O,42.25,measured,69.999,39.33032207770361,0.6331,4502.5726,4502.5726,4745.1591,2941.2639,2941.2639,3099.7313,
TAP_A01,030a,Pouteria gongrijpii,Sapotaceae,727961.1233864438,9683454.72838444,O,12.2,False,,,20160308.0,,,,12.3,False,20180830,9,12.32,12.78,local_fit,0.033,observed,-3.0,12.2,12.71,12.2,False,O,12.32,feldpausch,12.100999999999999,12.24910980728354,0.7994,31.2947,31.2947,41.4089,30.6279,30.6279,40.5266,
TAP_A01,030b,Banara guianensis,Salicaceae,727968.3781255198,9683453.8127992,O,19.3,False,,,20160308.0,,,,20.1,False,20180830,9,17.22,16.67,local_fit,0.267,observed,-3.0,19.3,16.23,19.3,False,O,17.22,feldpausch,18.499000000000002,16.74369242881217,0.61,106.2275,106.2275,107.9551,95.1509,95.1509,96.6984,
TAP_A01,031a,Cecropia palmata,Urticaceae,727963.839625,9683452.711150002,O,13.5,False,,,20160308.0,,,,10.6,False,20180830,9,11.08,13.55,local_fit,0.0,observed,-3.0,10.6,13.55,13.5,False,O,11.08,feldpausch,13.5,11.08,0.3404,34.3829,34.3829,19.7726,34.3829,34.3829,19.7726,
TAP_A01,031b,Eschweilera ovata,Lecythidaceae,727968.022952158,9683453.70342078,O,13.6,False,,,20160308.0,,,,13.8,False,20180830,9,13.36,13.61,local_fit,0.067,observed,-3.0,13.6,13.47,13.6,False,O,13.36,feldpausch,13.399,13.2217778860178,0.9,41.8712,41.8712,62.1986,40.261,40.261,59.8067,
TAP_A01,032a,Cecropia palmata,Urticaceae,727961.82274672,9683450.122787202,O,15.2,False,,,20160308.0,,,,18.3,False,20180830,9,16.19,14.52,local_fit,1.033,observed,-3.0,15.2,12.81,15.2,False,O,16.19,feldpausch,12.100999999999999,13.808405323344472,0.3404,62.7544,62.7544,36.0882,34.4277,34.4277,19.7983,
TAP_A01,032b,Eschweilera coriacea,Lecythidaceae,727967.15214718,9683455.7173018,O,10.2,False,,,20160308.0,,,,10.6,False,20180830,9,11.08,11.52,local_fit,0.133,observed,-3.0,10.2,11.21,10.2,False,O,11.08,feldpausch,9.800999999999998,10.7642727847671,0.8521,19.8939,19.8939,28.0152,17.8911,17.8911,25.1949,
TAP_A01,033a,Eschweilera ovata,Lecythidaceae,727960.313828644,9683446.04041444,O,22.9,False,,,20160308.0,,,,22.9,False,20180830,9,18.73,18.41,local_fit,0.0,observed,-3.0,22.9,18.41,22.9,False,O,18.73,feldpausch,22.9,18.73,0.9,161.0113,161.0113,239.1781,161.0113,161.0113,239.1781,
TAP_A01,033b,Pouteria guianensis,Sapotaceae,727963.445495812,9683454.56406412,O,14.8,False,,,20160308.0,,,,14.9,False,20180830,9,14.08,14.29,local_fit,0.033,observed,-3.0,14.8,14.23,14.8,False,O,14.08,feldpausch,14.701,14.014981635639751,0.9295,51.9814,51.9814,79.6863,51.0736,51.0736,78.2946,
TAP_A01,034a,Tachigali paniculata,Fabaceae,727959.6323359358,9683445.15235936,O,41.6,False,,,20160308.0,,,,41.6,False,20180830,9,26.63,26.03,local_fit,0.0,observed,-3.0,41.6,26.03,41.6,False,O,26.63,feldpausch,41.6,26.63,0.5545,727.9359,727.9359,674.0086,727.9359,727.9359,674.0086,
TAP_A01,034b,Tachigali paniculata,Fabaceae,727963.115346808,9683455.44948208,O,10.3,False,,,20160308.0,,,,11.0,False,20180830,9,11.38,11.58,local_fit,0.233,observed,-3.0,10.3,11.04,10.3,False,O,11.38,feldpausch,9.601,10.814789127568591,0.5545,20.812,20.812,19.2702,17.2641,17.2641,15.9851,
TAP_A01,035a,Quiina florida,Ochnaceae,727961.2462052798,9683446.2229168,O,13.6,False,5.95,12.94,20160308.0,,,,13.6,False,20180830,9,13.22,12.94,measured,0.0,observed,-3.0,13.6,12.94,13.6,False,O,12.94,measured,13.6,12.94,0.728,40.586,40.586,49.0164,40.586,40.586,49.0164,
TAP_A01,035b,Pouteria gongrijpii,Sapotaceae,727965.15537304,9683457.0789304,O,26.4,False,14.83,20.85,20160308.0,,,,27.1,False,20180830,9,20.81,20.85,measured,0.233,observed,-3.0,26.4,20.52,26.4,False,O,20.85,measured,25.700999999999997,20.50721018965368,0.7994,235.9821,235.9821,312.2491,220.3454,220.3454,291.5588,
TAP_A01,036a,Cecropia palmata,Urticaceae,727962.307074564,9683446.05200164,O,10.2,False,,,20160308.0,,,,12.1,False,20180830,9,12.18,11.52,local_fit,0.633,observed,-3.0,10.2,10.2,10.2,False,O,12.18,feldpausch,8.300999999999998,10.478016254355488,0.3404,21.8193,21.8193,12.5476,12.6007,12.6007,7.2463,
TAP_A01,036b,Tetragastris panamensis,Burseraceae,727966.97929408,9683457.4525168,O,11.2,False,7.53,11.36,20160308.0,,,,11.8,False,20180830,9,11.96,11.36,measured,0.2,observed,-3.0,11.2,10.95,11.2,False,O,11.36,measured,10.6,10.919904794484363,0.7173,24.4672,24.4672,29.1267,21.1426,21.1426,25.1691,
TAP_A01,037a,Manilkara huberi,Sapotaceae,727963.080126064,9683446.67600464,O,20.1,False,,,20160308.0,,,,19.9,False,20180830,9,17.11,17.07,local_fit,0.0,observed,-3.0,19.9,17.07,20.1,False,O,17.11,feldpausch,20.1,17.11,0.9214,114.275,114.275,173.6843,114.275,114.275,173.6843,
TAP_A01,037b,Virola sebifera,Myristicaceae,727969.3356553758,9683458.990293762,O,20.9,False,,,20160308.0,,,,21.0,False,20180830,9,17.72,17.46,local_fit,0.033,observed,-3.0,20.9,17.41,20.9,False,O,17.72,feldpausch,20.801,17.66545860176081,0.4454,127.6106,127.6106,95.4042,126.0535,126.0535,94.2401,
TAP_A01,038a,Cecropia palmata,Urticaceae,727964.0786263678,9683446.68140368,O,16.0,False,,,20160308.0,,,,17.6,False,20180830,9,15.77,14.96,local_fit,0.533,observed,-3.0,16.0,14.03,16.0,False,O,15.77,feldpausch,14.401,14.670176156352733,0.3404,67.6062,67.6062,38.8783,51.2961,51.2961,29.4988,
TAP_A01,038b,Quiina florida,Ochnaceae,727972.6060454599,9683455.7141506,O,11.7,False,,,20160308.0,,,,,True,20180830,9,,12.47,local_fit,0.167,site_median,-3.0,,,11.7,False,O,,feldpausch,11.199,,0.728,,,,,,,
TAP_A01,039a,Quiina florida,Ochnaceae,727961.2599234038,9683443.39348204,O,13.0,False,4.79,12.9,20160308.0,,,,13.1,False,20180830,9,12.88,12.9,measured,0.033,observed,-3.0,13.0,12.83,13.0,False,O,12.9,measured,12.901,12.830918070196212,0.728,37.0522,37.0522,44.7485,36.3126,36.3126,43.8553,
TAP_A01,039b,Abarema mataybifolia,Fabaceae,727973.492570856,9683455.98789256,O,28.5,False,,,20160308.0,,,,29.0,False,20180830,9,21.68,20.9,local_fit,0.167,observed,-3.0,28.5,20.69,28.5,False,O,21.68,feldpausch,27.999,21.448572786826695,0.5668,284.6503,284.6503,269.2441,272.0995,272.0995,257.3726,
TAP_A01,040a,Sloanea guianensis,Elaeocarpaceae,727958.73086286,9683439.1470526,O,18.0,False,,,20160308.0,,,,18.5,False,20180830,9,16.31,16.01,local_fit,0.167,observed,-3.0,18.0,15.72,18.0,False,O,16.31,feldpausch,17.499,16.00476760131088,0.8212,87.9241,87.9241,119.4357,81.6902,81.6902,110.9677,
TAP_A01,040b,Laetia procera,Salicaceae,727982.52051732,9683463.038573202,O,53.8,False,19.19,26.93,20160308.0,,,,53.5,False,20180830,9,30.27,26.93,measured,0.0,observed,-3.0,53.5,26.93,53.8,False,O,26.93,measured,53.8,26.93,0.6481,1215.7895,1215.7895,1310.827,1215.7895,1215.7895,1310.827,
TAP_A01,041a,Quiina florida,Ochnaceae,727963.523296028,9683442.69547228,O,12.3,False,,,20160308.0,,,,12.5,False,20180830,9,12.46,12.84,local_fit,0.067,observed,-3.0,12.3,12.7,12.3,False,O,12.46,feldpausch,12.099,12.315517216284787,0.728,32.15,32.15,38.8281,30.7801,30.7801,37.1736,
TAP_A01,041b,Tachigali paniculata,Fabaceae,727976.7141246318,9683460.30403432,O,13.0,False,,,20160308.0,,,,14.6,False,20180830,9,13.89,13.26,local_fit,0.533,observed,-3.0,13.0,12.23,13.0,False,O,13.89,feldpausch,11.401,12.657402759629642,0.5545,39.825,39.825,36.8746,28.1515,28.1515,26.066,
TAP_A01,042a,Inga thibaudiana,Fabaceae,727966.55047712,9683442.7050112,O,13.3,False,3.35,13.37,20160308.0,,,,17.3,False,20180830,9,15.59,13.37,measured,1.333,observed,-3.0,13.3,11.17,13.3,False,O,13.37,measured,9.301000000000002,10.351120616419559,0.5786,40.1165,40.1165,38.7168,15.5474,15.5474,15.005,
TAP_A01,042b,Neea oppositifolia,Nyctaginaceae,727975.89853808,9683457.4336408,O,10.1,False,4.4,7.99,20160308.0,,,,10.3,False,20180830,9,10.85,7.99,measured,0.067,observed,-3.0,10.1,7.88,10.1,False,O,7.99,measured,9.899,7.874482978371438,0.893,14.1834,14.1834,20.9092,13.4452,13.4452,19.8209,
TAP_A01,043a,Pseudopiptadenia psilostachya,Fabaceae,727965.219604912,9683438.01399712,O,15.9,False,,,20160308.0,,,,17.7,False,20180830,9,15.83,14.9,local_fit,0.6,observed,-3.0,15.9,13.86,15.9,False,O,15.83,feldpausch,14.100000000000001,14.574084976310255,0.6642,67.0319,67.0319,74.0259,48.9093,48.9093,54.0125,
TAP_A01,043b,Lecythis lurida,Lecythidaceae,727984.1208157198,9683456.9379772,O,11.4,False,,,20160308.0,,,,11.9,False,20180830,9,12.03,12.29,local_fit,0.167,observed,-3.0,11.4,11.92,11.4,False,O,12.03,feldpausch,10.899000000000001,11.649202450347929,0.8633,26.7842,26.7842,38.2044,23.7763,23.7763,33.914,
TAP_A01,044a,Quiina florida,Ochnaceae,727968.6439063678,9683437.04243968,O,15.4,False,,,20160308.0,,,,12.6,False,20180830,9,12.53,14.63,local_fit,0.0,observed,-3.0,12.6,14.63,15.4,False,O,12.53,feldpausch,15.4,12.53,0.728,50.1304,50.1304,60.5433,50.1304,50.1304,60.5433,
TAP_A01,044b,Protium paniculatum,Burseraceae,727983.50374386,9683453.6178466,O,14.1,False,,,20160308.0,,,,14.5,False,20180830,9,13.82,13.9,local_fit,0.133,observed,-3.0,14.1,13.64,14.1,False,O,13.82,feldpausch,13.701,13.546778029745743,0.49,46.4379,46.4379,38.109,43.0599,43.0599,35.3369,
TAP_A01,045a,Abarema mataybifolia,Fabaceae,727962.95032928,9683435.8050928,O,20.0,False,,,20160308.0,,,,20.0,False,20180830,9,17.17,17.02,local_fit,0.0,observed,-3.0,20.0,17.02,20.0,False,O,17.17,feldpausch,20.0,17.17,0.5668,113.5552,113.5552,107.4092,113.5552,113.5552,107.4092,
TAP_A01,045b,Jacaranda copaia,Bignoniaceae,727987.8983772598,9683454.0300826,O,10.2,False,,,20160308.0,,,,12.4,False,20180830,9,12.39,11.52,local_fit,0.733,observed,-3.0,10.2,10.02,10.2,False,O,12.39,feldpausch,8.001,10.372584167679681,0.3507,22.1863,22.1863,13.1349,11.6119,11.6119,6.8746,
TAP_A01,046a,Quiina florida,Ochnaceae,727965.13891192,9683432.5410592,O,14.0,False,,,20160308.0,,,,14.0,False,20180830,9,13.49,13.84,local_fit,0.0,observed,-3.0,14.0,13.84,14.0,False,O,13.49,feldpausch,14.0,13.49,0.728,44.7295,44.7295,54.0205,44.7295,44.7295,54.0205,
TAP_A01,046b,Sloanea guianensis,Elaeocarpaceae,727988.28531592,9683453.1327292,O,10.9,False,,,20160308.0,,,,12.0,False,20180830,9,12.11,11.97,local_fit,0.367,observed,-3.0,10.9,11.17,10.9,False,O,12.11,feldpausch,9.799,11.214032522040815,0.8212,24.6982,24.6982,33.55,18.6129,18.6129,25.2838,
TAP_A01,047a,,,727966.04365044,9683432.8925764,O,11.9,True,,,20160308.0,,,,,True,20180830,9,,12.6,local_fit,0.167,site_median,-3.0,,,11.9,True,O,,feldpausch,11.399000000000001,,0.6697,,,,,,,
TAP_A01,047b,Simarouba amara,Simaroubaceae,727984.29413892,9683451.738065202,O,20.3,False,,,20160308.0,,,,25.5,False,20180830,9,20.05,17.17,local_fit,1.733,observed,-3.0,20.3,14.84,20.3,False,O,20.05,feldpausch,15.101,16.442036939814557,0.3833,136.0055,136.0055,87.8318,62.9003,62.9003,40.6207,
TAP_A01,048a,Tachigali paniculata,Fabaceae,727968.9174258038,9683433.50557804,O,23.6,False,11.77,25.09,20160308.0,,,,27.9,False,20180830,9,21.18,25.09,measured,1.433,observed,-3.0,23.6,22.63,23.6,False,O,25.09,measured,19.301000000000002,22.033462599870905,0.5545,227.1421,227.1421,210.3148,135.1329,135.1329,125.122,
TAP_A01,048b,Virola sebifera,Myristicaceae,727983.31520704,9683451.6469504,O,10.1,False,,,20160308.0,,,,10.8,False,20180830,9,11.23,11.45,local_fit,0.233,observed,-3.0,10.1,10.91,10.1,False,O,11.23,feldpausch,9.401,10.65989499470497,0.4454,19.7727,19.7727,14.7825,16.3374,16.3374,12.2142,
TAP_A01,049a,Inga thibaudiana,Fabaceae,727964.260041552,9683429.19434752,O,23.4,False,,,20160308.0,,,,,True,20180830,9,,18.64,local_fit,0.167,site_median,-3.0,,,23.4,False,O,,feldpausch,22.898999999999997,,0.5786,,,,,,,
TAP_A01,049b,Casearia javitensis,Salicaceae,727977.89327008,9683450.0261008,O,11.0,False,,,20160308.0,,,,12.1,False,20180830,9,12.18,12.03,local_fit,0.367,observed,-3.0,11.0,11.24,11.0,False,O,12.18,feldpausch,9.899000000000001,11.288082249551476,0.753,25.2843,25.2843,31.5593,19.1079,19.1079,23.85,
TAP_A01,050a,Bellucia grossularioides,Melastomataceae,727969.463744272,9683429.17695472,O,18.9,False,,,20160308.0,,,,20.8,False,20180830,9,17.61,16.47,local_fit,0.633,observed,-3.0,18.9,15.47,18.9,False,O,17.61,feldpausch,17.000999999999998,16.4073206908145,0.5975,104.2258,104.2258,103.8019,79.1086,79.1086,78.7869,
TAP_A01,050b,Quiina florida,Ochnaceae,727989.76231444,9683448.5121244,O,10.6,False,,,20160308.0,,,,10.2,False,20180830,9,10.78,11.78,local_fit,0.0,observed,-3.0,10.2,11.78,10.6,False,O,10.78,feldpausch,10.6,10.78,0.728,20.8782,20.8782,25.215,20.8782,20.8782,25.215,
TAP_A01,051a,Virola sebifera,Myristicaceae,727971.32058794,9683426.9618794,O,12.8,False,10.93,13.7,20160308.0,,,,15.7,False,20180830,9,14.6,13.7,measured,0.967,observed,-3.0,12.8,11.89,12.8,False,O,13.7,measured,9.899000000000001,11.40103769752886,0.4454,38.1218,38.1218,28.5006,19.2945,19.2945,14.4249,
TAP_A01,051b,Abarema mataybifolia,Fabaceae,727986.63742048,9683448.6047248,O,33.0,False,11.47,16.51,20160308.0,,,,33.8,False,20180830,9,23.73,16.51,measured,0.267,observed,-3.0,33.0,16.28,33.0,False,O,16.51,measured,32.199,16.275908207471527,0.5668,290.4832,290.4832,274.7613,273.0468,273.0468,258.2686,
TAP_A01,052a,Lacunaria jenmanii,Ochnaceae,727968.6709990238,9683422.65917824,O,13.1,False,,,20160308.0,,,,15.2,False,20180830,9,14.28,13.32,local_fit,0.7,observed,-3.0,13.1,12.01,13.1,False,O,14.28,feldpausch,11.0,12.615716186142045,0.8043,41.5326,41.5326,55.2865,26.1667,26.1667,34.8321,
TAP_A01,052b,,,727981.3330158798,9683444.0510188,O,32.5,True,,0.44,20160308.0,,,,,True,20180830,9,,0.44,measured,0.167,site_median,-3.0,,,32.5,True,O,0.44,measured,31.999,0.4360326325607893,0.6697,8.1972,10.8685,10.8685,7.8824,10.4582,10.4582,
TAP_A01,053a,Inga pilosula,Fabaceae,727971.656098,9683423.167180002,O,13.4,False,,,20160308.0,,,,13.5,False,20180830,9,13.15,13.49,local_fit,0.033,observed,-3.0,13.4,13.42,13.4,False,O,13.15,feldpausch,13.301,13.08196334624758,0.5786,40.0535,40.0535,38.656,39.2786,39.2786,37.9081,
TAP_A01,053b,Quiina florida,Ochnaceae,727984.204066208,9683444.58299008,O,10.8,False,,,20160308.0,,,,11.1,False,20180830,9,11.45,11.91,local_fit,0.1,observed,-3.0,10.8,11.68,10.8,False,O,11.45,feldpausch,10.5,11.220261115991885,0.728,22.9667,22.9667,27.7372,21.312,21.312,25.7389,
TAP_A01,054a,Pourouma minor,Urticaceae,727971.9530862,9683416.472422,O,29.9,False,,,20160308.0,,,,31.0,False,20180830,9,22.56,21.49,local_fit,0.367,observed,-3.0,29.9,21.04,29.9,False,O,22.56,feldpausch,28.799,22.058697097845243,0.436,324.9599,324.9599,237.954,295.4604,295.4604,216.3528,
TAP_A01,054b,Endopleura uchi,Humiriaceae,727988.5310468798,9683444.1265888,O,22.6,False,,,20160308.0,,,,23.4,False,20180830,9,18.99,18.27,local_fit,0.267,observed,-3.0,22.6,17.88,22.6,False,O,18.99,feldpausch,21.799000000000003,18.555871953105928,0.7944,159.0453,159.0453,209.1696,144.9195,144.9195,190.592,
TAP_A01,055a,Cordia scabrifolia,Boraginaceae,727970.1497487999,9683415.523288,O,10.2,False,,,20160308.0,,,,11.1,False,20180830,9,11.45,11.52,local_fit,0.3,observed,-3.0,10.2,10.85,10.2,False,O,11.45,feldpausch,9.299999999999999,10.706841894359624,0.474,20.542,20.542,16.3202,16.0653,16.0653,12.7636,
TAP_A01,055b,Symphonia globulifera,Clusiaceae,727987.64390846,9683443.7713726,O,17.7,False,,,20160308.0,,,,19.7,False,20180830,9,17.0,15.86,local_fit,0.667,observed,-3.0,17.7,14.77,17.7,False,O,17.0,feldpausch,15.698999999999998,15.674985138371197,0.6004,88.5977,88.5977,88.6554,64.7627,64.7627,64.8048,
TAP_A01,056a,"Pouteria sp,",Sapotaceae,727975.37998344,9683415.9083344,O,15.0,False,9.77,16.78,20160308.0,,,,17.3,False,20180830,9,15.59,16.78,measured,0.767,observed,-3.0,15.0,15.23,15.0,False,O,16.78,measured,12.699,14.94308026746117,0.7187,63.3268,63.3268,75.53,40.8576,40.8576,48.7308,
TAP_A01,056b,Quiina florida,Ochnaceae,727991.012430538,9683444.63803418,O,13.6,False,,,20160308.0,,,,13.9,False,20180830,9,13.42,13.61,local_fit,0.1,observed,-3.0,13.6,13.41,13.6,False,O,13.42,feldpausch,13.299999999999999,13.212436044372987,0.728,42.0548,42.0548,50.7902,39.655,39.655,47.892,
TAP_A01,057b,Casearia javitensis,Salicaceae,727988.215025192,9683439.92715592,O,14.4,False,,,20160308.0,,,,15.1,False,20180830,9,14.21,14.07,local_fit,0.233,observed,-3.0,14.4,13.62,14.4,False,O,14.21,feldpausch,13.701,13.727279734263682,0.753,49.7183,49.7183,62.0572,43.6198,43.6198,54.4452,
TAP_A01,058b,Apeiba petoumo,Malvaceae,727988.757659639,9683439.379907988,O,14.6,False,,,20160308.0,,,,15.4,False,20180830,9,14.41,14.18,local_fit,0.267,observed,-3.0,14.6,13.67,14.6,False,O,14.41,feldpausch,13.799,13.857001261088401,0.2822,51.7766,51.7766,24.8014,44.6388,44.6388,21.3824,
TAP_A01,059b,Virola sebifera,Myristicaceae,727990.256603335,9683435.80075295,O,11.9,False,,,20160308.0,,,,12.3,False,20180830,9,12.32,12.6,local_fit,0.133,observed,-3.0,11.9,12.3,11.9,False,O,12.32,feldpausch,11.501000000000001,12.024614831675233,0.4454,29.8102,29.8102,22.2867,27.2374,27.2374,20.3632,
TAP_A01,060b,Aspidosperma parvifolium,Apocynaceae,727985.6805981199,9683433.3449212,O,13.7,False,,,20160308.0,,,,,True,20180830,9,,13.67,local_fit,0.167,site_median,-3.0,,,13.7,False,O,,feldpausch,13.199,,0.781,,,,,,,
TAP_A01,061b,,,727993.13903602,9683430.7024162,O,13.1,True,,,20160308.0,,,,,True,20180830,9,,13.32,local_fit,0.167,site_median,-3.0,,,13.1,True,O,,feldpausch,12.599,,0.6697,,,,,,,
TAP_A01,062b,Erisma uncinatum,Vochysiaceae,727995.1630289198,9683435.9526292,O,10.3,False,,,20160308.0,,,,11.2,False,20180830,9,11.53,11.58,local_fit,0.3,observed,-3.0,10.3,10.9,10.3,False,O,11.53,feldpausch,9.4,10.789775982536439,0.5231,21.0797,21.0797,18.438,16.5282,16.5282,14.4569,
TAP_A01,063b,Quiina florida,Ochnaceae,727995.4005457358,9683430.412813362,O,10.8,False,,,20160308.0,,,,17.7,False,20180830,9,15.83,11.91,local_fit,2.3,observed,-3.0,10.8,8.45,10.8,False,O,15.83,feldpausch,3.9000000000000012,7.365564216442677,0.728,31.5063,31.5063,38.0506,2.0446,2.0446,2.4693,
TAP_A01,064b,Aspidosperma parvifolium,Apocynaceae,727995.857832088,9683429.33746888,O,10.5,False,,,20160308.0,,,,10.5,False,20180830,9,11.0,11.71,local_fit,0.0,observed,-3.0,10.5,11.71,10.5,False,O,11.0,feldpausch,10.5,11.0,0.781,20.9036,20.9036,27.0379,20.9036,20.9036,27.0379,
TAP_A01,065b,,,727998.7504336,9683430.10972,O,80.3,True,,19.18,20160308.0,,,,,True,20180830,9,,19.18,measured,0.167,site_median,-3.0,,,80.3,True,O,19.18,measured,79.79899999999999,19.13425813010696,0.6697,1907.7685,1454.9924,1454.9924,1880.2165,1434.0896,1434.0896,
TAP_A01,066b,Protium paniculatum,Burseraceae,727997.550528008,9683427.89132008,O,11.8,False,,,20160308.0,,,,15.9,False,20180830,9,14.73,12.53,local_fit,1.367,observed,-3.0,11.8,10.17,11.8,False,O,14.73,feldpausch,7.699000000000001,10.79577154036823,0.49,34.9092,34.9092,28.6481,11.2005,11.2005,9.1916,
TAP_A01,067b,Tapirira guianensis,Anacardiaceae,727989.43660924,9683426.7321484,O,24.3,False,12.07,17.97,20160308.0,,,,,True,20180830,9,,17.97,measured,0.167,site_median,-3.0,,,24.3,False,O,17.97,measured,23.799,17.73583588163789,0.457,173.6213,173.6213,133.1085,164.5821,164.5821,126.1784,
TAP_A01,068b,Cecropia ficifolia,Urticaceae,727989.4259663998,9683425.443514,O,25.2,False,15.75,26.53,20160308.0,,,,,True,20180830,9,,26.53,measured,0.167,site_median,-3.0,,,25.2,False,O,26.53,measured,24.698999999999998,26.199507693359145,0.266,272.6228,272.6228,123.2455,258.9554,258.9554,117.0668,
TAP_A01,069b,Aspidosperma parvifolium,Apocynaceae,727977.33493824,9683419.3257424,O,10.2,False,,,20160308.0,,,,10.5,False,20180830,9,11.0,11.52,local_fit,0.1,observed,-3.0,10.2,11.29,10.2,False,O,11.0,feldpausch,9.899999999999999,10.764772608076463,0.781,19.7537,19.7537,25.5505,18.2464,18.2464,23.6009,
TAP_A01,070b,Ormosia grossa,Fabaceae,727999.4786167941,9683424.90602474,O,14.3,False,7.9,13.65,20160308.0,,,,14.6,False,20180830,9,13.89,13.65,measured,0.1,observed,-3.0,14.3,13.45,14.3,False,O,13.65,measured,14.0,13.450666242315732,0.5906,47.1592,47.1592,46.4368,44.6022,44.6022,43.919,
TAP_A01,071b,Pouteria retinervis,Sapotaceae,727995.20911832,9683425.7791792,O,16.1,False,,,20160308.0,,,,16.3,False,20180830,9,14.98,15.01,local_fit,0.067,observed,-3.0,16.1,14.88,16.1,False,O,14.98,feldpausch,15.899000000000001,14.852386034013714,0.7187,65.0855,65.0855,77.6276,62.9807,62.9807,75.1172,
TAP_A01,072b,Inga thibaudiana,Fabaceae,727992.2925806718,9683425.01195872,O,13.2,False,,,20160308.0,,,,15.4,False,20180830,9,14.41,13.38,local_fit,0.733,observed,-3.0,13.2,12.02,13.2,False,O,14.41,feldpausch,11.001,12.663709625384369,0.5786,42.5282,42.5282,41.0444,26.2685,26.2685,25.352,
TAP_A01,073b,Inga thibaudiana,Fabaceae,727992.366448384,9683424.83322784,O,11.2,False,,,20160308.0,,,,12.2,False,20180830,9,12.25,12.16,local_fit,0.333,observed,-3.0,11.2,11.45,11.2,False,O,12.25,feldpausch,10.200999999999999,11.453965617622236,0.5786,26.3363,26.3363,25.4174,20.5529,20.5529,19.8358,
TAP_A01,074b,Sloanea guianensis,Elaeocarpaceae,728002.029651616,9683419.98412816,O,11.8,False,,,20160308.0,,,,11.8,False,20180830,9,11.96,12.53,local_fit,0.0,observed,-3.0,11.8,12.53,11.8,False,O,11.96,feldpausch,11.8,11.96,0.8212,28.4866,28.4866,38.696,28.4866,28.4866,38.696,
TAP_A01,075a,Eschweilera ovata,Lecythidaceae,727963.93171424,9683418.7019824,O,,,,,,,,,10.1,False,20180830,9,10.7,10.7,feldpausch_regional,0.167,site_median,-3.0,9.6,10.31,,False,O,10.7,feldpausch,,,0.9,,,,,,,
TAP_A01,076a,,,727945.611173584,9683443.24872784,O,,,,,,,,,10.7,False,20180830,9,11.15,11.15,feldpausch_regional,0.167,site_median,-3.0,10.2,10.78,,False,O,11.15,feldpausch,,,0.6697,,,,,,,
