site,tree_id,scientific_name,family_name,utm_easting,utm_northing,type,dbh_2010,dead_2010,hcom_2009,htot_2010,date_2010,dbh_2011,dead_2011,hcom_2011,htot_2011,date_2011,plot_id,htot_feldpausch,htot_estimated,htot_estimation_method,dbh_incr_cm_yr,dbh_incr_source,gap_anos,dbh_lidar,htot_estimated_gap,dbh_used,dead_used,type_used,htot_used,htot_source,dbh_used_gap,htot_used_gap,rho_w_m3,iagc_m1_kgC,iagc_m2_kgC,iagc_m3_kgC,iagc_m1_kgC_gap,iagc_m2_kgC_gap,iagc_m3_kgC_gap,quadra_id
TAP_A01,2201,,,725722.3,9666889.1,O,12.5,A,15.31,17.4,20100116-20100213,13.5,A,15.14,20.76,20110704-20110711,499.998497362,13.15,17.4,measured,1.0,observed,-2.0,11.5,15.55,12.5,True,O,17.4,measured,10.5,15.36514181899193,0.6344,45.9627,32.5573,32.5573,28.9656,20.7503,20.7503,
TAP_A01,2202,,,725732.1,9666888.66,O,7.9,A,5.08,8.24,20100116-20100213,8.2,A,3.57,6.03,20110704-20110711,499.998497362,9.19,8.24,measured,0.3,observed,-2.0,7.6,7.78,7.9,True,O,8.24,measured,7.300000000000001,7.769896932383264,0.6344,9.0484,7.0557,7.0557,7.3234,5.742,5.742,
TAP_A01,2203,,,725736.01,9666889.0,O,25.2,A,18.39,23.88,20100116-20100213,26.4,A,18.97,21.81,20110704-20110711,499.998497362,20.48,23.88,measured,1.2,observed,-2.0,24.0,22.5,25.2,True,O,23.88,measured,22.8,22.42070299421477,0.6344,246.0119,171.4323,171.4323,190.2756,133.2785,133.2785,
TAP_A01,2204,,,725739.41,9666888.9,O,19.0,A,11.15,18.19,20100116-20100213,18.9,A,13.06,17.38,20110704-20110711,499.998497362,16.54,18.19,measured,0.0,observed,-2.0,18.9,18.19,19.0,True,O,18.19,measured,19.0,18.19,0.6344,108.6887,78.0027,78.0027,108.6887,78.0027,78.0027,
TAP_A01,2205,,,725744.5,9666891.87,O,54.8,A,24.43,43.5,20100116-20100213,55.3,A,26.76,31.69,20110704-20110711,499.998497362,30.75,43.5,measured,0.5,observed,-2.0,54.3,43.12,54.8,True,O,43.5,measured,53.8,43.11878628079208,0.6344,2012.4535,1324.0512,1324.0512,1924.785,1267.0135,1267.0135,
TAP_A01,2206,,,725748.9,9666888.62,O,6.6,A,3.97,8.76,20100116-20100213,6.6,A,5.35,9.05,20110704-20110711,499.998497362,7.81,8.76,measured,0.0,observed,-2.0,6.6,8.76,6.6,True,O,8.76,measured,6.6,8.76,0.6344,6.7623,5.1774,5.1774,6.7623,5.1774,5.1774,
TAP_A01,2207,,,725762.78,9666887.75,O,8.1,A,7.36,10.51,20100116-20100213,8.2,A,8.25,13.07,20110704-20110711,499.998497362,9.19,10.51,measured,0.1,observed,-2.0,8.0,10.32,8.1,True,O,10.51,measured,7.8999999999999995,10.317245919798465,0.6344,12.0478,9.0511,9.0511,11.2685,8.4803,8.4803,
TAP_A01,2208,,,725767.58,9666887.76,O,7.5,D,3.66,9.21,20100116-20100213,7.5,D,,9.21,20110704-20110711,499.998497362,8.6,9.21,measured,0.0,observed,-2.0,7.5,9.21,7.5,False,O,9.21,measured,7.5,9.21,0.6344,9.1138,9.1138,9.6232,9.1138,9.1138,9.6232,
TAP_A01,2209,,,725768.29,9666888.09,O,90.0,D,,3.75,20100116-20100213,90.0,D,,3.79,20110704-20110711,499.998497362,37.61,3.75,measured,0.0,observed,-2.0,90.0,3.75,90.0,False,O,3.75,measured,90.0,3.75,0.6344,484.6147,484.6147,511.7057,484.6147,484.6147,511.7057,
TAP_A01,2210,,,725770.09,9666887.74,O,16.0,A,18.08,20.55,20100116-20100213,16.3,A,16.27,19.79,20110704-20110711,499.998497362,14.98,20.55,measured,0.3,observed,-2.0,15.7,20.03,16.0,True,O,20.55,measured,15.4,20.020434429959753,0.6344,87.5401,61.1195,61.1195,79.2026,55.4251,55.4251,
TAP_A01,2211,,,725771.78,9666887.59,O,11.2,A,9.19,16.4,20100116-20100213,12.1,A,13.46,16.93,20110704-20110711,499.998497362,12.18,16.4,measured,0.9,observed,-2.0,10.3,14.61,11.2,True,O,16.4,measured,9.399999999999999,14.45031881176823,0.6344,35.0124,24.9022,24.9022,21.981,15.8159,15.8159,
TAP_A01,2212,,,725780.48,9666887.43,O,5.8,A,1.85,7.55,20100116-20100213,5.8,D,3.52,5.9,20110704-20110711,499.998497362,7.09,7.55,measured,0.0,observed,-2.0,5.8,7.55,5.8,True,O,7.55,measured,5.8,7.55,0.6344,4.5452,3.5406,3.5406,4.5452,3.5406,3.5406,
TAP_A01,2213,Protium hepytaphillum ,Burseraceae,725785.48,9666887.28,O,18.0,A,10.08,19.88,20100116-20100213,18.4,A,14.93,19.01,20110704-20110711,499.998497362,16.25,19.88,measured,0.4,observed,-2.0,17.6,19.29,18.0,True,O,19.88,measured,17.2,19.283360912872674,0.5773,106.6613,75.2851,75.2851,94.7437,67.0495,67.0495,
TAP_A01,2214,,,725791.22,9666888.56,O,17.0,A,17.19,19.46,20100116-20100213,16.4,A,19.24,23.19,20110704-20110711,499.998497362,15.04,19.46,measured,0.0,observed,-2.0,16.4,19.46,17.0,True,O,19.46,measured,17.0,19.46,0.6344,93.433,65.9897,65.9897,93.433,65.9897,65.9897,
TAP_A01,2215,,,725794.17,9666887.03,O,13.0,D,,1.45,20100116-20100213,13.0,D,,1.54,20110704-20110711,499.998497362,12.81,1.45,measured,0.0,observed,-2.0,13.0,1.45,13.0,False,O,1.45,measured,13.0,1.45,0.6344,4.3891,4.3891,4.6344,4.3891,4.3891,4.6344,
TAP_A01,2216,,,725797.85,9666889.42,O,29.0,A,17.42,26.91,20100116-20100213,29.5,A,21.92,26.49,20110704-20110711,499.998497362,21.91,26.91,measured,0.5,observed,-2.0,28.5,26.36,29.0,True,O,26.91,measured,28.0,26.345896657432576,0.6344,363.628,250.3369,250.3369,332.6052,229.3606,229.3606,
TAP_A01,2217,,,725807.57,9666886.78,O,5.8,A,5.68,7.62,20100116-20100213,5.8,A,6.13,7.58,20110704-20110711,499.998497362,7.09,7.62,measured,0.0,observed,-2.0,5.8,7.62,5.8,True,O,7.62,measured,5.8,7.62,0.6344,4.5863,3.5674,3.5674,4.5863,3.5674,3.5674,
TAP_A01,2218,Pourouma guianensis,Urticaceae,725828.57,9666886.31,O,17.0,A,17.73,23.8,20100116-20100213,16.9,A,18.75,21.43,20110704-20110711,499.998497362,15.35,23.8,measured,0.0,observed,-2.0,16.9,23.8,17.0,True,O,23.8,measured,17.0,23.8,0.38,113.7198,77.8032,77.8032,113.7198,77.8032,77.8032,
TAP_A01,2219,Apuleia leiocarpa,Fabaceae,725831.98,9666886.61,O,63.6,A,32.56,39.96,20100116-20100213,64.2,A,36.12,42.47,20110704-20110711,499.998497362,32.91,39.96,measured,0.6,observed,-2.0,63.0,39.63,63.6,True,O,39.96,measured,62.4,39.62446388754328,0.7992,2477.3961,1663.8085,1663.8085,2367.409,1590.6063,1590.6063,
TAP_A01,2220,,,725834.03,9666888.45,O,39.2,A,18.69,30.64,20100116-20100213,40.2,A,24.85,29.29,20110704-20110711,499.998497362,26.14,30.64,measured,1.0,observed,-2.0,38.2,29.8,39.2,True,O,30.64,measured,37.2,29.766739999578274,0.6344,743.315,508.6462,508.6462,652.4124,447.3604,447.3604,
TAP_A01,2221,,,725834.55,9666885.68,O,6.2,A,1.65,6.28,20100116-20100213,6.0,A,1.66,6.19,20110704-20110711,499.998497362,7.27,6.28,measured,0.0,observed,-2.0,6.0,6.28,6.2,True,O,6.28,measured,6.2,6.28,0.6344,4.3253,3.48,3.48,4.3253,3.48,3.48,
TAP_A01,2222,,,725850.76,9666885.65,L,5.7,D,,,20100116-20100213,5.7,D,,,20110704-20110711,499.998497362,6.99,9.65,local_fit,0.0,observed,-2.0,5.7,9.65,5.7,False,L,6.99,feldpausch,5.7,6.99,0.6344,4.0751,4.0751,4.3029,4.0751,4.0751,4.3029,
TAP_A01,2223,Ocotea sp.,Lauraceae,725853.26,9666885.58,O,9.2,A,,23.12,20100116-20100213,9.3,A,15.39,21.09,20110704-20110711,499.998497362,10.08,23.12,measured,0.1,observed,-2.0,9.1,22.75,9.2,True,O,23.12,measured,9.0,22.75124744856455,0.5245,33.3447,22.2524,22.2524,31.447,21.0172,21.0172,
TAP_A01,2224,,,725854.35,9666885.2,O,9.7,A,6.06,24.14,20100116-20100213,10.0,A,17.45,18.66,20110704-20110711,499.998497362,10.62,24.14,measured,0.3,observed,-2.0,9.4,23.09,9.7,True,O,24.14,measured,9.1,23.04182428812199,0.6344,38.5648,25.6261,25.6261,32.5331,21.7111,21.7111,
TAP_A01,2225,Carapa guianensis,Meliaceae,725855.25,9666885.22,O,29.6,A,25.12,31.69,20100116-20100213,30.5,A,23.09,28.37,20110704-20110711,499.998497362,22.35,31.69,measured,0.9,observed,-2.0,28.7,30.56,29.6,True,O,31.69,measured,27.8,30.51421578297066,0.53,443.9379,298.1242,298.1242,378.5387,254.9599,254.9599,
TAP_A01,2226,,,725864.15,9666885.21,O,15.4,A,12.6,17.79,20100116-20100213,15.9,A,15.06,17.13,20110704-20110711,499.998497362,14.73,17.79,measured,0.5,observed,-2.0,14.9,17.0,15.4,True,O,17.79,measured,14.4,16.986231592651492,0.6344,70.5786,50.3205,50.3205,59.1778,42.3647,42.3647,
TAP_A01,2227,,,725868.86,9666885.57,O,13.2,A,7.89,11.74,20100116-20100213,13.4,A,4.14,10.93,20110704-20110711,499.998497362,13.08,11.74,measured,0.2,observed,-2.0,13.0,11.5,13.2,True,O,11.74,measured,12.799999999999999,11.48909505210628,0.6344,34.8191,26.3145,26.3145,32.1051,24.3105,24.3105,
TAP_A01,2228,,,725872.88,9666886.1,O,15.5,A,3.71,17.44,20100116-20100213,16.4,A,9.11,16.59,20110704-20110711,499.998497362,15.04,17.44,measured,0.9,observed,-2.0,14.6,16.11,15.5,True,O,17.44,measured,13.7,16.01441292792159,0.6344,70.1031,50.1543,50.1543,50.6923,36.5419,36.5419,
TAP_A01,2229,,,725889.21,9666886.87,O,32.0,A,16.07,28.61,20100116-20100213,32.4,A,18.32,27.46,20110704-20110711,499.998497362,23.15,28.61,measured,0.4,observed,-2.0,31.6,28.2,32.0,True,O,28.61,measured,31.2,28.18827597587552,0.6344,467.8158,320.4727,320.4727,438.8512,300.971,300.971,
TAP_A01,2230,Myrcia velutina,Myrtaceae,725890.25,9666884.78,O,25.3,A,12.0,22.78,20100116-20100213,25.5,A,12.21,17.14,20110704-20110711,499.998497362,20.05,22.78,measured,0.2,observed,-2.0,25.1,22.55,25.3,True,O,22.78,measured,24.900000000000002,22.554822449774925,0.8109,236.7687,166.2568,166.2568,227.3021,159.7379,159.7379,
TAP_A01,2231,,,725899.88,9666883.9,O,6.9,D,,2.84,20100116-20100213,6.9,D,1.33,2.88,20110704-20110711,499.998497362,8.08,2.84,measured,0.0,observed,-2.0,6.9,2.84,6.9,False,O,2.84,measured,6.9,2.84,0.6344,2.4566,2.4566,2.5939,2.4566,2.4566,2.5939,
TAP_A01,2232,,,725901.48,9666889.0,O,61.0,A,23.42,30.27,20100116-20100213,61.1,A,21.49,28.12,20110704-20110711,499.998497362,32.2,30.27,measured,0.1,observed,-2.0,60.9,30.22,61.0,True,O,30.27,measured,60.8,30.225208695055432,0.6344,1741.3764,1219.5154,1219.5154,1727.7501,1210.0651,1210.0651,
TAP_A01,2233,,,725901.54,9666884.2,O,53.5,A,19.62,31.15,20100116-20100213,53.7,A,23.39,31.31,20110704-20110711,499.998497362,30.32,31.15,measured,0.2,observed,-2.0,53.3,31.04,53.5,True,O,31.15,measured,53.1,31.037481401303232,0.6344,1386.1886,960.3194,960.3194,1361.2139,943.2171,943.2171,
TAP_A01,2234,,,725908.04,9666884.21,O,16.5,A,11.04,16.86,20100116-20100213,16.9,A,10.69,17.92,20110704-20110711,499.998497362,15.35,16.86,measured,0.4,observed,-2.0,16.1,16.31,16.5,True,O,16.86,measured,15.7,16.299448631463928,0.6344,76.6306,55.2837,55.2837,67.288,48.6874,48.6874,
TAP_A01,2235,,,725933.33,9666883.31,O,12.5,A,7.03,16.07,20100116-20100213,12.6,A,11.45,17.5,20110704-20110711,499.998497362,12.53,16.07,measured,0.1,observed,-2.0,12.4,15.89,12.5,True,O,16.07,measured,12.3,15.887936592546058,0.6344,42.5305,30.5071,30.5071,40.7565,29.2646,29.2646,
TAP_A01,2236,Couratari stellata,Lecythidaceae,725944.86,9666887.57,O,142.8,A,39.74,58.22,20100116-20100213,144.3,A,48.58,63.17,20110704-20110711,499.998497362,43.02,58.22,measured,1.5,observed,-2.0,141.3,57.95,142.8,True,O,58.22,measured,139.8,57.94251887550041,0.6331,17346.051,11411.558,11411.558,16564.4157,10894.4587,10894.4587,
TAP_A01,2237,,,725952.36,9666891.0,O,93.5,A,26.56,41.22,20100116-20100213,92.3,A,39.06,49.46,20110704-20110711,499.998497362,37.94,41.22,measured,0.0,observed,-2.0,92.3,41.22,93.5,True,O,41.22,measured,93.5,41.22,0.6344,5417.8921,3688.4255,3688.4255,5417.8921,3688.4255,3688.4255,
TAP_A01,2238,,,725956.51,9666882.57,O,14.8,D,,4.58,20100116-20100213,14.8,D,1.59,4.78,20110704-20110711,499.998497362,14.02,4.58,measured,0.0,observed,-2.0,14.8,4.58,14.8,False,O,4.58,measured,14.8,4.58,0.6344,17.3707,17.3707,18.3417,17.3707,17.3707,18.3417,
TAP_A01,2239,,,725964.82,9666882.83,O,12.9,A,6.36,13.97,20100116-20100213,13.1,A,9.28,14.11,20110704-20110711,499.998497362,12.88,13.97,measured,0.2,observed,-2.0,12.7,13.67,12.9,True,O,13.97,measured,12.5,13.663523338847552,0.6344,39.4497,28.9741,28.9741,36.3026,26.7159,26.7159,
TAP_A01,2240,,,725967.3,9666882.0,O,13.3,A,6.46,12.88,20100116-20100213,12.1,A,8.19,13.9,20110704-20110711,499.998497362,12.18,12.88,measured,0.0,observed,-2.0,12.1,12.88,13.3,True,O,12.88,measured,13.3,12.88,0.6344,38.6809,28.8187,28.8187,38.6809,28.8187,28.8187,
TAP_A01,2241,,,725973.19,9666881.58,O,6.4,A,4.24,7.95,20100116-20100213,6.5,A,4.08,8.09,20110704-20110711,499.998497362,7.72,7.95,measured,0.1,observed,-2.0,6.3,7.76,6.4,True,O,7.95,measured,6.2,7.761787670193921,0.6344,5.7927,4.497,4.497,5.3188,4.1384,4.1384,
TAP_A01,2242,,,725974.19,9666881.55,O,8.0,A,6.64,9.52,20100116-20100213,8.2,A,6.64,9.05,20110704-20110711,499.998497362,9.19,9.52,measured,0.2,observed,-2.0,7.8,9.17,8.0,True,O,9.52,measured,7.6,9.164468365108005,0.6344,10.6768,8.1426,8.1426,9.3073,7.1235,7.1235,
TAP_A01,2243,,,725984.64,9666881.24,O,16.0,A,11.3,15.29,20100116-20100213,16.3,A,11.75,16.83,20110704-20110711,499.998497362,14.98,15.29,measured,0.3,observed,-2.0,15.7,14.9,16.0,True,O,15.29,measured,15.4,14.895982600198764,0.6344,65.5971,47.9893,47.9893,59.3494,43.5183,43.5183,
TAP_A01,2244,,,725985.82,9666882.21,O,12.3,A,11.62,15.22,20100116-20100213,10.3,A,13.54,15.45,20110704-20110711,499.998497362,10.85,15.22,measured,0.0,observed,-2.0,10.3,15.22,12.3,True,O,15.22,measured,12.3,15.22,0.6344,39.0834,28.2543,28.2543,39.0834,28.2543,28.2543,
TAP_A01,2245,,,725988.9,9666881.57,O,10.5,A,7.15,15.53,20100116-20100213,10.5,A,8.9,16.31,20110704-20110711,499.998497362,11.0,15.53,measured,0.0,observed,-2.0,10.5,15.53,10.5,True,O,15.53,measured,10.5,15.53,0.6344,29.2688,20.9323,20.9323,29.2688,20.9323,20.9323,
TAP_A01,2246,,,725993.9,9666881.67,O,18.0,A,12.68,20.24,20100116-20100213,18.0,A,14.72,18.51,20110704-20110711,499.998497362,16.01,20.24,measured,0.0,observed,-2.0,18.0,20.24,18.0,True,O,20.24,measured,18.0,20.24,0.6344,108.5461,76.3985,76.3985,108.5461,76.3985,76.3985,
TAP_A01,2247,,,725999.01,9666881.72,O,29.1,A,21.29,26.86,20100116-20100213,29.5,A,21.34,28.24,20110704-20110711,499.998497362,21.91,26.86,measured,0.4,observed,-2.0,28.7,26.42,29.1,True,O,26.86,measured,28.3,26.41257542534034,0.6344,365.4158,251.6832,251.6832,340.4357,234.7867,234.7867,
TAP_A01,2248,,,726005.88,9666880.76,O,8.6,A,9.71,14.14,20100116-20100213,9.4,A,3.48,15.06,20110704-20110711,499.998497362,10.16,14.14,measured,0.8,observed,-2.0,7.8,12.32,8.6,True,O,14.14,measured,7.0,12.136425476936505,0.6344,18.0901,13.0054,13.0054,10.4271,7.604,7.604,
TAP_A01,2249,,,726006.78,9666880.69,O,5.3,A,2.34,3.49,20100116-20100213,5.3,D,1.52,3.05,20110704-20110711,499.998497362,6.62,3.49,measured,0.0,observed,-2.0,5.3,3.49,5.3,True,O,3.49,measured,5.3,3.49,0.6344,1.7949,1.5727,1.5727,1.7949,1.5727,1.5727,
TAP_A01,2250,,,726007.8,9666881.46,O,12.7,A,17.68,24.54,20100116-20100213,13.3,A,16.68,23.07,20110704-20110711,499.998497362,13.02,24.54,measured,0.6,observed,-2.0,12.1,22.96,12.7,True,O,24.54,measured,11.5,22.873118835780826,0.6344,66.3137,44.523,44.523,51.0087,34.4654,34.4654,
TAP_A01,2251,,,726020.68,9666880.38,O,16.6,A,18.92,25.37,20100116-20100213,17.3,A,16.56,21.04,20110704-20110711,499.998497362,15.59,25.37,measured,0.7,observed,-2.0,15.9,23.97,16.6,True,O,25.37,measured,15.200000000000001,23.890944246902563,0.6344,115.539,78.1645,78.1645,91.7435,62.3938,62.3938,
TAP_A01,2252,,,726032.55,9666882.83,O,74.0,A,33.51,46.75,20100116-20100213,75.0,A,35.02,42.76,20110704-20110711,499.998497362,35.13,46.75,measured,1.0,observed,-2.0,73.0,46.24,74.0,True,O,46.75,measured,72.0,46.233287747101095,0.6344,3880.6803,2560.9687,2560.9687,3638.8955,2402.4672,2402.4672,
TAP_A01,2253,,,726037.92,9666881.55,O,22.5,A,15.41,25.46,20100116-20100213,22.7,A,20.3,23.98,20110704-20110711,499.998497362,18.63,25.46,measured,0.2,observed,-2.0,22.3,25.17,22.5,True,O,25.46,measured,22.1,25.169280717536555,0.6344,209.9127,144.018,144.018,200.4307,137.6437,137.6437,
TAP_A01,2254,,,726039.75,9666882.51,O,45.0,A,27.25,38.01,20100116-20100213,45.9,A,22.29,26.58,20110704-20110711,499.998497362,28.04,38.01,measured,0.9,observed,-2.0,44.1,37.22,45.0,True,O,38.01,measured,43.2,37.20639121319912,0.6344,1200.9138,799.5414,799.5414,1086.0447,724.0893,724.0893,
TAP_A01,2255,Sagotia racemosa,Euphorbiaceae,726045.47,9666879.69,O,10.3,A,4.76,12.47,20100116-20100213,10.4,A,7.42,13.16,20110704-20110711,499.998497362,10.93,12.47,measured,0.1,observed,-2.0,10.2,12.3,10.3,True,O,12.47,measured,10.100000000000001,12.294477872629127,0.58,22.7554,16.8327,16.8327,21.6,15.9987,15.9987,
TAP_A01,2256,,,726048.47,9666879.7,O,6.0,A,4.58,7.38,20100116-20100213,6.1,A,4.3,7.07,20110704-20110711,499.998497362,7.36,7.38,measured,0.1,observed,-2.0,5.9,7.2,6.0,True,O,7.38,measured,5.8,7.192736356726313,0.6344,4.7494,3.7191,3.7191,4.3351,3.4029,3.4029,
TAP_A01,2257,,,726049.66,9666879.52,L,5.0,D,,,20100116-20100213,5.0,D,,,20110704-20110711,499.998497362,6.33,8.99,local_fit,0.0,observed,-2.0,5.0,8.99,5.0,False,L,6.33,feldpausch,5.0,6.33,0.6344,2.8643,2.8643,3.0244,2.8643,2.8643,3.0244,
TAP_A01,2258,,,726058.38,9666879.76,O,11.8,A,4.95,14.48,20100116-20100213,12.8,A,6.6,16.06,20110704-20110711,499.998497362,12.67,14.48,measured,1.0,observed,-2.0,10.8,12.83,11.8,True,O,14.48,measured,9.8,12.670940312968382,0.6344,34.3308,24.965,24.965,20.9737,15.4386,15.4386,
TAP_A01,2259,,,726070.43,9666879.9,O,17.0,A,16.62,20.08,20100116-20100213,17.9,A,7.66,11.8,20110704-20110711,499.998497362,15.95,20.08,measured,0.9,observed,-2.0,16.1,18.7,17.0,True,O,20.08,measured,15.2,18.607603785915565,0.6344,96.3373,67.7046,67.7046,71.8848,50.8573,50.8573,
TAP_A01,2260,,,726070.86,9666879.09,O,6.0,A,5.13,10.7,20100116-20100213,6.2,A,17.02,20.18,20110704-20110711,499.998497362,7.45,10.7,measured,0.2,observed,-2.0,5.8,10.18,6.0,True,O,10.7,measured,5.6,10.154084338123084,0.6344,6.8248,5.0396,5.0396,5.6677,4.206,4.206,
TAP_A01,2261,,,726076.2,9666880.43,O,42.0,A,19.27,32.13,20100116-20100213,43.3,A,19.22,23.72,20110704-20110711,499.998497362,27.2,32.13,measured,1.3,observed,-2.0,40.7,31.09,42.0,True,O,32.13,measured,39.4,31.040568698562122,0.6344,890.8163,607.0312,607.0312,760.3134,519.3383,519.3383,
TAP_A01,2262,,,726077.25,9666878.6,O,5.8,A,4.23,8.22,20100116-20100213,5.2,A,4.42,8.64,20110704-20110711,499.998497362,6.52,8.22,measured,0.0,observed,-2.0,5.2,8.22,5.8,True,O,8.22,measured,5.8,8.22,0.6344,4.9384,3.7956,3.7956,4.9384,3.7956,3.7956,
TAP_A01,2263,,,726083.44,9666878.22,O,6.1,A,8.69,10.61,20100116-20100213,6.0,A,9.09,12.18,20110704-20110711,499.998497362,7.27,10.61,measured,0.0,observed,-2.0,6.0,10.61,6.1,True,O,10.61,measured,6.1,10.61,0.6344,6.9907,5.1731,5.1731,6.9907,5.1731,5.1731,
TAP_A01,2264,,,726086.56,9666878.73,O,13.7,A,11.89,17.27,20100116-20100213,15.3,A,14.51,17.65,20110704-20110711,499.998497362,14.34,17.27,measured,1.6,observed,-2.0,12.1,14.67,13.7,True,O,17.27,measured,10.5,14.300671937199658,0.6344,54.5678,38.8692,38.8692,27.0054,19.5668,19.5668,
TAP_A01,2265,,,726089.26,9666878.75,O,15.7,A,6.2,14.71,20100116-20100213,16.9,A,8.74,14.65,20110704-20110711,499.998497362,15.35,14.71,measured,1.2,observed,-2.0,14.5,13.24,15.7,True,O,14.71,measured,13.299999999999999,13.115406536390894,0.6344,60.8761,44.7678,44.7678,39.3708,29.2488,29.2488,
TAP_A01,2266,,,726090.4,9666880.21,O,23.7,A,15.66,19.6,20100116-20100213,24.0,A,16.87,21.22,20110704-20110711,499.998497362,19.3,19.6,measured,0.3,observed,-2.0,23.4,19.29,23.7,True,O,19.6,measured,23.099999999999998,19.284167650404825,0.6344,179.9747,129.0095,129.0095,168.4951,120.9422,120.9422,
TAP_A01,2267,Minquartia guianensis,Olacaceae,726103.8,9666883.32,O,65.3,A,24.27,33.69,20100116-20100213,65.9,A,19.61,24.62,20110704-20110711,499.998497362,33.29,33.69,measured,0.6,observed,-2.0,64.7,33.43,65.3,True,O,33.69,measured,64.1,33.41857394273425,0.7867,2208.0668,1525.3927,1525.3927,2112.8067,1460.1506,1460.1506,
TAP_A01,2268,,,726115.85,9666877.96,O,43.5,A,20.67,25.15,20100116-20100213,44.3,A,23.97,28.27,20110704-20110711,499.998497362,27.53,25.15,measured,0.8,observed,-2.0,42.7,24.67,43.5,True,O,25.15,measured,41.9,24.655321046698212,0.6344,751.1329,532.9397,532.9397,684.7425,486.4861,486.4861,
TAP_A01,2269,,,726120.24,9666877.58,O,9.2,A,4.48,16.39,20100116-20100213,9.5,A,12.41,16.25,20110704-20110711,499.998497362,10.23,16.39,measured,0.3,observed,-2.0,8.9,15.64,9.2,True,O,16.39,measured,8.6,15.599324076882558,0.6344,23.8344,16.7943,16.7943,19.9101,14.0934,14.0934,
TAP_A01,2270,,,726129.89,9666877.55,O,21.3,A,15.29,21.09,20100116-20100213,21.3,A,17.16,23.6,20110704-20110711,499.998497362,17.88,21.09,measured,0.0,observed,-2.0,21.3,21.09,21.3,True,O,21.09,measured,21.3,21.09,0.6344,156.9482,110.6403,110.6403,156.9482,110.6403,110.6403,
TAP_A01,2271,,,726130.44,9666877.43,O,7.6,A,5.59,12.55,20100116-20100213,7.9,A,6.49,12.04,20110704-20110711,499.998497362,8.94,12.55,measured,0.3,observed,-2.0,7.3,11.83,7.6,True,O,12.55,measured,7.0,11.803017037744242,0.6344,12.6498,9.2125,9.2125,10.1475,7.4327,7.4327,
TAP_A01,2272,,,726142.02,9666876.54,O,8.3,A,4.05,12.5,20100116-20100213,8.9,A,3.87,11.99,20110704-20110711,499.998497362,9.76,12.5,measured,0.6,observed,-2.0,7.7,11.23,8.3,True,O,12.5,measured,7.1000000000000005,11.130672800118901,0.6344,14.9653,10.9519,10.9519,9.8519,7.2884,7.2884,
TAP_A01,2273,,,726149.11,9666879.68,O,95.2,A,39.85,50.31,20100116-20100213,96.5,A,42.62,48.67,20110704-20110711,499.998497362,38.51,50.31,measured,1.3,observed,-2.0,93.9,49.85,95.2,True,O,50.31,measured,92.60000000000001,49.840734709409766,0.6344,6816.707,4500.7677,4500.7677,6399.2304,4225.7666,4225.7666,
TAP_A01,2274,Eschweilera parviflora,Lecythidaceae,726160.38,9666878.42,O,27.0,A,11.02,32.94,20100116-20100213,27.2,A,20.15,27.79,20110704-20110711,499.998497362,20.86,32.94,measured,0.2,observed,-2.0,26.8,32.64,27.0,True,O,32.94,measured,26.6,32.63979017501859,0.918,385.284,256.0265,256.0265,370.8917,246.6426,246.6426,
TAP_A01,2275,,,726163.92,9666876.34,O,6.0,A,5.32,9.72,20100116-20100213,6.3,A,7.35,9.61,20110704-20110711,499.998497362,7.54,9.72,measured,0.3,observed,-2.0,5.7,9.01,6.0,True,O,9.72,measured,5.4,8.972081727510057,0.6344,6.214,4.6588,4.6588,4.6786,3.5344,3.5344,
TAP_A01,2276,,,726172.83,9666876.52,O,25.5,A,14.1,20.85,20100116-20100213,25.8,A,16.86,21.14,20110704-20110711,499.998497362,20.19,20.85,measured,0.3,observed,-2.0,25.2,20.55,25.5,True,O,20.85,measured,24.9,20.54310910712596,0.6344,220.5335,157.0973,157.0973,207.4933,147.9855,147.9855,
TAP_A01,2277,,,726187.8,9666875.28,O,7.4,A,3.61,9.8,20100116-20100213,7.7,A,2.75,9.9,20110704-20110711,499.998497362,8.77,9.8,measured,0.3,observed,-2.0,7.1,9.22,7.4,True,O,9.8,measured,6.800000000000001,9.199456737580373,0.6344,9.4327,7.1342,7.1342,7.5188,5.7205,5.7205,
TAP_A01,2278,Carapa guianensis,Meliaceae,726197.5,9666875.14,O,14.9,A,6.96,14.19,20100116-20100213,14.9,A,12.64,16.64,20110704-20110711,499.998497362,14.08,14.19,measured,0.0,observed,-2.0,14.9,14.19,14.9,True,O,14.19,measured,14.9,14.19,0.53,53.0707,39.152,39.152,53.0707,39.152,39.152,
TAP_A01,2279,,,726206.76,9666876.97,O,32.1,D,,17.93,20100116-20100213,,D,,,20110704-20110711,499.998497362,,17.93,measured,0.2,site_median,-2.0,,,32.1,False,O,17.93,measured,31.700000000000003,17.79897411847408,0.6344,298.2997,298.2997,314.9754,289.0107,289.0107,305.167,
TAP_A01,2280,Tachigali alba,Fabaceae,726216.74,9666876.18,O,23.0,A,21.93,25.82,20100116-20100213,23.0,A,19.21,22.45,20110704-20110711,499.998497362,18.79,25.82,measured,0.0,observed,-2.0,23.0,25.82,23.0,True,O,25.82,measured,23.0,25.82,0.5573,222.1379,152.2283,152.2283,222.1379,152.2283,152.2283,
TAP_A01,2281,,,726218.0,9666874.94,L,6.2,A,,,20100116-20100213,6.4,A,,,20110704-20110711,499.998497362,7.64,10.1,local_fit,0.2,observed,-2.0,6.0,9.61,6.2,True,L,7.64,feldpausch,5.8,7.263732560447798,0.6344,5.2373,4.0852,4.0852,4.3769,3.4304,3.4304,
TAP_A01,2282,Marlierea velutina,Myrtaceae,726218.01,9666875.14,O,12.4,A,10.61,15.69,20100116-20100213,12.6,A,9.75,13.79,20110704-20110711,499.998497362,12.53,15.69,measured,0.2,observed,-2.0,12.2,15.34,12.4,True,O,15.69,measured,12.0,15.330003910864113,0.945,40.9023,29.439,29.439,37.5069,27.0518,27.0518,
TAP_A01,2283,,,726218.1,9666874.94,O,6.7,A,6.29,11.93,20100116-20100213,7.9,A,10.83,16.37,20110704-20110711,499.998497362,8.94,11.93,measured,1.2,observed,-2.0,5.5,9.09,6.7,True,O,11.93,measured,4.300000000000001,8.506878861313439,0.6344,9.4137,6.8691,6.8691,2.8474,2.1456,2.1456,
TAP_A01,2284,,,726217.36,9666873.61,O,42.7,A,28.88,40.29,20100116-20100213,44.9,A,28.52,39.85,20110704-20110711,499.998497362,27.72,40.29,measured,2.2,observed,-2.0,40.5,38.15,42.7,True,O,40.29,measured,38.300000000000004,37.98827297739548,0.6344,1147.4359,755.0341,755.0341,876.1988,578.9091,578.9091,
TAP_A01,2285,,,726210.85,9666873.2,O,17.8,A,16.9,21.86,20100116-20100213,18.9,A,17.37,22.37,20110704-20110711,499.998497362,16.54,21.86,measured,1.1,observed,-2.0,16.7,20.12,17.8,True,O,21.86,measured,15.600000000000001,19.993708695686685,0.6344,114.493,79.5671,79.5671,81.117,56.8119,56.8119,
TAP_A01,2286,,,726209.82,9666872.38,O,22.6,A,21.13,24.87,20100116-20100213,22.7,A,18.47,23.21,20110704-20110711,499.998497362,18.63,24.87,measured,0.1,observed,-2.0,22.5,24.74,22.6,True,O,24.87,measured,22.400000000000002,24.729137080353205,0.6344,206.9474,142.5408,142.5408,202.2632,139.38,139.38,
TAP_A01,2287,,,726206.66,9666873.67,O,16.1,A,5.6,13.83,20100116-20100213,16.3,A,12.36,15.63,20110704-20110711,499.998497362,14.98,13.83,measured,0.2,observed,-2.0,15.9,13.6,16.1,True,O,13.83,measured,15.700000000000001,13.594834967236498,0.6344,60.2043,44.7614,44.7614,56.3676,41.9719,41.9719,
TAP_A01,2288,,,726198.77,9666874.26,O,27.7,A,16.18,21.09,20100116-20100213,27.8,A,16.46,21.87,20110704-20110711,499.998497362,21.14,21.09,measured,0.1,observed,-2.0,27.6,21.0,27.7,True,O,21.09,measured,27.5,20.997161458701225,0.6344,262.1078,187.1172,187.1172,257.316,183.7605,183.7605,
TAP_A01,2289,Hevea brasiliensis,Euphorbiaceae,726196.76,9666873.87,O,30.8,A,20.57,26.6,20100116-20100213,30.8,A,20.09,26.18,20110704-20110711,499.998497362,22.48,26.6,measured,0.0,observed,-2.0,30.8,26.6,30.8,True,O,26.6,measured,30.8,26.6,0.4666,404.386,279.7139,279.7139,404.386,279.7139,279.7139,
TAP_A01,2290,,,726194.78,9666874.43,O,7.7,A,4.86,11.21,20100116-20100213,8.1,A,4.59,12.01,20110704-20110711,499.998497362,9.1,11.21,measured,0.4,observed,-2.0,7.3,10.38,7.7,True,O,11.21,measured,6.9,10.32890636551988,0.6344,11.6227,8.6222,8.6222,8.6619,6.4752,6.4752,
TAP_A01,2291,,,726189.74,9666874.97,O,6.6,A,4.92,9.72,20100116-20100213,7.0,A,3.89,9.34,20110704-20110711,499.998497362,8.17,9.72,measured,0.4,observed,-2.0,6.2,8.86,6.6,True,O,9.72,measured,5.8,8.815871337805786,0.6344,7.4847,5.6371,5.6371,5.2875,4.0192,4.0192,
TAP_A01,2292,,,726183.87,9666874.5,O,22.4,A,17.64,20.71,20100116-20100213,22.9,A,16.12,21.05,20110704-20110711,499.998497362,18.73,20.71,measured,0.5,observed,-2.0,21.9,20.14,22.4,True,O,20.71,measured,21.4,20.11092614396006,0.6344,170.1126,120.5566,120.5566,151.2092,107.4223,107.4223,
TAP_A01,2293,,,726179.78,9666874.82,O,6.4,A,5.27,11.46,20100116-20100213,6.4,A,8.25,11.32,20110704-20110711,499.998497362,7.64,11.46,measured,0.0,observed,-2.0,6.4,11.46,6.4,True,O,11.46,measured,6.4,11.46,0.6344,8.2773,6.065,6.065,8.2773,6.065,6.065,
TAP_A01,2294,,,726174.89,9666875.06,O,7.9,A,3.24,8.39,20100116-20100213,8.1,A,3.1,7.31,20110704-20110711,499.998497362,9.1,8.39,measured,0.2,observed,-2.0,7.7,8.09,7.9,True,O,8.39,measured,7.5,8.072330408277878,0.6344,9.2092,7.1606,7.1606,8.0133,6.2533,6.2533,
TAP_A01,2295,,,726170.45,9666873.94,O,17.9,A,6.52,17.51,20100116-20100213,18.9,A,11.33,16.98,20110704-20110711,499.998497362,16.54,17.51,measured,1.0,observed,-2.0,16.9,16.25,17.9,True,O,17.51,measured,15.899999999999999,16.16405758880312,0.6344,93.2131,67.1079,67.1079,68.4121,49.5961,49.5961,
TAP_A01,2296,,,726165.69,9666875.19,O,6.4,A,7.9,10.98,20100116-20100213,6.7,A,8.2,11.56,20110704-20110711,499.998497362,7.9,10.98,measured,0.3,observed,-2.0,6.1,10.23,6.4,True,O,10.98,measured,5.800000000000001,10.192094851714295,0.6344,7.9387,5.8564,5.8564,6.0917,4.5256,4.5256,
TAP_A01,2297,,,726161.6,9666875.71,O,6.5,A,5.89,10.1,20100116-20100213,6.6,A,7.99,10.71,20110704-20110711,499.998497362,7.81,10.1,measured,0.1,observed,-2.0,6.4,9.88,6.5,True,O,10.1,measured,6.3,9.864846282230937,0.6344,7.542,5.6418,5.6418,6.9343,5.1988,5.1988,
TAP_A01,2298,,,726154.75,9666875.71,O,12.9,A,14.98,18.62,20100116-20100213,13.2,A,12.27,17.44,20110704-20110711,499.998497362,12.95,18.62,measured,0.3,observed,-2.0,12.6,18.02,12.9,True,O,18.62,measured,12.3,18.00518527435087,0.6344,52.2194,36.6507,36.6507,46.0494,32.4179,32.4179,
TAP_A01,2299,,,726152.8,9666875.77,O,6.2,A,1.74,4.68,20100116-20100213,6.4,A,2.97,7.66,20110704-20110711,499.998497362,7.64,4.68,measured,0.2,observed,-2.0,6.0,4.45,6.2,True,O,4.68,measured,5.8,4.449511568441845,0.6344,3.2462,2.7359,2.7359,2.7128,2.2974,2.2974,
TAP_A01,2300,,,726149.69,9666875.61,O,17.9,A,12.54,19.14,20100116-20100213,18.1,A,7.94,16.82,20110704-20110711,499.998497362,16.07,19.14,measured,0.2,observed,-2.0,17.7,18.85,17.9,True,O,19.14,measured,17.5,18.85254637446444,0.6344,101.6729,72.1762,72.1762,95.8588,68.1378,68.1378,
TAP_A01,2301,,,726144.71,9666876.36,O,5.2,A,2.15,2.8,20100116-20100213,5.3,A,2.15,2.8,20110704-20110711,499.998497362,6.62,2.8,measured,0.1,observed,-2.0,5.1,2.72,5.2,True,O,2.8,measured,5.0,2.717208924876752,0.6344,1.3948,1.2643,1.2643,1.2547,1.1405,1.1405,
TAP_A01,2302,Protium hebetatum,Burseraceae,726140.81,9666876.22,O,62.8,A,16.25,27.91,20100116-20100213,62.9,A,15.64,30.69,20110704-20110711,499.998497362,32.62,27.91,measured,0.1,observed,-2.0,62.7,27.87,62.8,True,O,27.91,measured,62.599999999999994,27.870514372086436,0.5773,1702.7054,1209.5123,1209.5123,1689.7999,1200.4297,1200.4297,
TAP_A01,2303,Guarea guidonia,Meliaceae,726129.57,9666871.9,O,54.7,A,18.75,34.8,20100116-20100213,55.2,A,19.4,29.35,20110704-20110711,499.998497362,30.72,34.8,measured,0.5,observed,-2.0,54.2,34.51,54.7,True,O,34.8,measured,53.7,34.49419939834846,0.5651,1612.8475,1099.1221,1099.1221,1542.4485,1051.6817,1051.6817,
TAP_A01,2304,Lecythis lurida,Lecythidaceae,726127.71,9666876.46,O,89.2,A,31.05,42.16,20100116-20100213,89.4,A,27.93,38.02,20110704-20110711,499.998497362,37.52,42.16,measured,0.2,observed,-2.0,89.0,42.09,89.2,True,O,42.16,measured,88.8,42.09315763797298,0.8633,5052.1458,3419.4627,3419.4627,5000.2674,3384.468,3384.468,
TAP_A01,2305,,,726106.48,9666875.74,L,18.0,A,,,20100116-20100213,25.2,A,,,20110704-20110711,499.998497362,19.9,17.94,local_fit,5.0,observed,-2.0,15.2,12.87,18.0,True,L,19.9,feldpausch,8.0,11.211418153989987,0.6344,106.7661,75.3471,75.3471,12.5245,9.3081,9.3081,
TAP_A01,2306,,,726104.62,9666877.19,O,40.7,A,20.59,31.54,20100116-20100213,43.7,A,24.59,31.81,20110704-20110711,499.998497362,27.33,31.54,measured,3.0,observed,-2.0,37.7,29.13,40.7,True,O,31.54,measured,34.7,28.86774565808951,0.6344,822.7691,561.4578,561.4578,552.773,379.6087,379.6087,
TAP_A01,2307,,,726096.13,9666877.54,O,9.6,A,11.51,15.28,20100116-20100213,10.3,A,10.87,14.94,20110704-20110711,499.998497362,10.85,15.28,measured,0.7,observed,-2.0,8.9,13.74,9.6,True,O,15.28,measured,8.2,13.612108929146512,0.6344,24.1857,17.2669,17.2669,15.8831,11.4614,11.4614,
TAP_A01,2308,,,726078.13,9666878.03,O,8.9,A,5.86,12.84,20100116-20100213,9.5,A,6.54,13.47,20110704-20110711,499.998497362,10.23,12.84,measured,0.6,observed,-2.0,8.3,11.64,8.9,True,O,12.84,measured,7.7,11.538292483846497,0.6344,17.6047,12.872,12.872,11.9548,8.8282,8.8282,
TAP_A01,2309,,,726078.13,9666877.98,O,11.4,A,10.21,15.84,20100116-20100213,11.6,A,11.52,18.4,20110704-20110711,499.998497362,11.82,15.84,measured,0.2,observed,-2.0,11.2,15.45,11.4,True,O,15.84,measured,11.0,15.440412501762944,0.6344,35.0348,25.0766,25.0766,31.8706,22.8648,22.8648,
TAP_A01,2310,,,726067.63,9666878.09,O,9.2,A,7.2,14.37,20100116-20100213,9.5,A,6.74,12.88,20110704-20110711,499.998497362,10.23,14.37,measured,0.3,observed,-2.0,8.9,13.71,9.2,True,O,14.37,measured,8.6,13.676771628114846,0.6344,20.9629,15.0812,15.0812,17.5114,12.6558,12.6558,
TAP_A01,2311,,,726064.53,9666878.03,O,10.2,A,8.07,11.77,20100116-20100213,10.4,A,7.59,12.02,20110704-20110711,499.998497362,10.93,11.77,measured,0.2,observed,-2.0,10.0,11.44,10.2,True,O,11.77,measured,9.799999999999999,11.43376402897662,0.6344,21.1021,15.7454,15.7454,18.9726,14.1942,14.1942,
TAP_A01,2312,,,726063.39,9666878.36,O,31.9,A,13.1,23.4,20100116-20100213,31.9,A,13.37,25.88,20110704-20110711,499.998497362,22.95,23.4,measured,0.0,observed,-2.0,31.9,23.4,31.9,True,O,23.4,measured,31.9,23.4,0.6344,382.1332,270.1839,270.1839,382.1332,270.1839,270.1839,
TAP_A01,2313,,,726054.25,9666879.03,O,7.3,A,7.27,8.95,20100116-20100213,7.2,A,7.23,9.15,20110704-20110711,499.998497362,8.34,8.95,measured,0.0,observed,-2.0,7.2,8.95,7.3,True,O,8.95,measured,7.3,8.95,0.6344,8.4071,6.4461,6.4461,8.4071,6.4461,6.4461,
TAP_A01,2314,,,726053.04,9666878.82,O,16.5,A,14.7,18.76,20100116-20100213,16.8,A,13.5,24.93,20110704-20110711,499.998497362,15.29,18.76,measured,0.3,observed,-2.0,16.2,18.29,16.5,True,O,18.76,measured,15.9,18.293611548621595,0.6344,85.0481,60.3298,60.3298,77.1955,54.8801,54.8801,
TAP_A01,2315,Sloanea guianensis,Elaeocarpaceae,726052.74,9666875.38,O,68.2,A,25.41,32.72,20100116-20100213,68.8,A,12.72,32.85,20110704-20110711,499.998497362,33.91,32.72,measured,0.6,observed,-2.0,67.6,32.48,68.2,True,O,32.72,measured,67.0,32.47395459084725,0.8212,2335.9609,1624.5964,1624.5964,2239.8402,1558.2777,1558.2777,
TAP_A01,2316,,,726051.52,9666877.91,O,14.3,A,9.03,17.07,20100116-20100213,14.6,A,12.95,18.62,20110704-20110711,499.998497362,13.89,17.07,measured,0.3,observed,-2.0,14.0,16.58,14.3,True,O,17.07,measured,13.700000000000001,16.56904284346004,0.6344,58.6593,41.9468,41.9468,52.4051,37.5739,37.5739,
TAP_A01,2317,,,726044.75,9666878.96,O,5.6,A,3.92,12.18,20100116-20100213,5.7,A,5.67,12.35,20110704-20110711,499.998497362,6.99,12.18,measured,0.1,observed,-2.0,5.5,11.87,5.6,True,O,12.18,measured,5.3999999999999995,11.84724189099785,0.6344,6.7689,4.8808,4.8808,6.1368,4.4368,4.4368,
TAP_A01,2318,,,726036.61,9666877.85,O,52.0,A,23.67,30.01,20100116-20100213,53.7,A,23.52,38.29,20110704-20110711,499.998497362,30.32,30.01,measured,1.7,observed,-2.0,50.3,29.07,52.0,True,O,30.01,measured,48.6,29.021520581803102,0.6344,1264.4767,879.9738,879.9738,1072.4809,747.8889,747.8889,
TAP_A01,2319,,,726032.41,9666877.78,O,21.7,A,12.88,19.95,20100116-20100213,21.9,A,8.86,17.4,20110704-20110711,499.998497362,18.21,19.95,measured,0.2,observed,-2.0,21.5,19.71,21.7,True,O,19.95,measured,21.3,19.71195449037236,0.6344,154.1609,109.7317,109.7317,146.9311,104.6906,104.6906,
TAP_A01,2320,,,726032.15,9666879.39,O,7.8,A,9.7,12.37,20100116-20100213,7.8,A,7.76,11.51,20110704-20110711,499.998497362,8.85,12.37,measured,0.0,observed,-2.0,7.8,12.37,7.8,True,O,12.37,measured,7.8,12.37,0.6344,13.1215,9.5897,9.5897,13.1215,9.5897,9.5897,
TAP_A01,2321,,,726030.75,9666879.38,O,8.3,A,3.2,9.88,20100116-20100213,8.4,A,5.74,11.4,20110704-20110711,499.998497362,9.35,9.88,measured,0.1,observed,-2.0,8.2,9.71,8.3,True,O,9.88,measured,8.100000000000001,9.703566164121861,0.6344,11.8955,9.035,9.035,11.1447,8.4789,8.4789,
TAP_A01,2322,,,726027.14,9666879.13,O,47.9,D,,3.88,20100116-20100213,47.9,D,1.47,3.16,20110704-20110711,499.998497362,28.66,3.88,measured,0.0,observed,-2.0,47.9,3.88,47.9,False,O,3.88,measured,47.9,3.88,0.6344,146.2768,146.2768,154.454,146.2768,146.2768,154.454,
TAP_A01,2323,Carapa guianensis,Meliaceae,726024.07,9666876.82,O,58.3,A,27.28,41.01,20100116-20100213,58.6,A,23.1,37.05,20110704-20110711,499.998497362,31.59,41.01,measured,0.3,observed,-2.0,58.0,40.82,58.3,True,O,41.01,measured,57.699999999999996,40.81422533850319,0.53,2144.0066,1428.0401,1428.0401,2091.356,1393.3331,1393.3331,
TAP_A01,2324,,,726016.34,9666879.25,O,15.9,A,5.14,16.02,20100116-20100213,15.9,A,3.82,13.0,20110704-20110711,499.998497362,14.73,16.02,measured,0.0,observed,-2.0,15.9,16.02,15.9,True,O,16.02,measured,15.9,16.02,0.6344,67.817,49.2343,49.2343,67.817,49.2343,49.2343,
TAP_A01,2325,Pourouma guianensis,Urticaceae,726014.01,9666878.22,O,44.0,A,20.18,29.9,20100116-20100213,44.4,A,30.48,38.23,20110704-20110711,499.998497362,27.56,29.9,measured,0.4,observed,-2.0,43.6,29.62,44.0,True,O,29.9,measured,43.2,29.612917748174816,0.38,909.359,628.1507,628.1507,869.1418,600.7566,600.7566,
TAP_A01,2326,Jacaranda copaia,Bignoniaceae,726009.15,9666879.57,O,62.6,A,34.93,41.27,20100116-20100213,63.3,A,32.61,42.28,20110704-20110711,499.998497362,32.71,41.27,measured,0.7,observed,-2.0,61.9,40.87,62.6,True,O,41.27,measured,61.2,40.85487044384747,0.3507,2478.7517,1654.9967,1654.9967,2348.4075,1568.7718,1568.7718,
TAP_A01,2327,,,726000.96,9666876.66,O,44.5,A,14.24,21.23,20100116-20100213,44.4,A,5.18,22.85,20110704-20110711,499.998497362,27.56,21.23,measured,0.0,observed,-2.0,44.4,21.23,44.5,True,O,21.23,measured,44.5,21.23,0.6344,665.5223,485.5395,485.5395,665.5223,485.5395,485.5395,
TAP_A01,2328,,,725996.3,9666878.05,O,28.5,A,13.98,20.96,20100116-20100213,28.8,A,22.22,27.63,20110704-20110711,499.998497362,21.59,20.96,measured,0.3,observed,-2.0,28.2,20.7,28.5,True,O,20.96,measured,27.9,20.69173522576578,0.6344,275.4202,197.0821,197.0821,260.9143,186.8916,186.8916,
TAP_A01,2329,,,725981.07,9666880.8,O,5.3,A,4.88,10.16,20100116-20100213,5.4,A,5.17,10.84,20110704-20110711,499.998497362,6.71,10.16,measured,0.1,observed,-2.0,5.2,9.87,5.3,True,O,10.16,measured,5.1,9.865623660860594,0.6344,5.093,3.7692,3.7692,4.591,3.4072,3.4072,
TAP_A01,2330,,,725979.47,9666880.59,O,16.2,A,7.95,18.4,20100116-20100213,17.7,A,6.94,14.29,20110704-20110711,499.998497362,15.83,18.4,measured,1.5,observed,-2.0,14.7,16.21,16.2,True,O,18.4,measured,13.2,15.974045390748442,0.6344,80.5186,57.2414,57.2414,47.0277,33.8533,33.8533,
TAP_A01,2331,,,725951.39,9666881.83,O,5.7,A,6.6,7.96,20100116-20100213,5.8,A,5.39,6.74,20110704-20110711,499.998497362,7.09,7.96,measured,0.1,observed,-2.0,5.6,7.75,5.7,True,O,7.96,measured,5.5,7.746610057167318,0.6344,4.6261,3.5707,3.5707,4.2017,3.2515,3.2515,
TAP_A01,2332,Strychnos subcordata,Loganiaceae,725951.06,9666880.98,O,20.5,A,11.41,22.94,20100116-20100213,20.7,A,12.75,18.5,20110704-20110711,499.998497362,17.56,22.94,measured,0.2,observed,-2.0,20.3,22.64,20.5,True,O,22.94,measured,20.1,22.646831790864713,0.6959,158.1042,109.7824,109.7824,150.2404,104.4354,104.4354,
TAP_A01,2333,,,725947.26,9666880.75,O,18.3,A,10.51,19.77,20100116-20100213,17.0,A,10.77,18.33,20110704-20110711,499.998497362,15.41,19.77,measured,0.0,observed,-2.0,17.0,19.77,18.3,True,O,19.77,measured,18.3,19.77,0.6344,109.564,77.4631,77.4631,109.564,77.4631,77.4631,
TAP_A01,2334,Protium paniculatum,Burseraceae,725941.78,9666881.81,O,9.6,A,6.46,14.3,20100116-20100213,9.7,A,6.7,17.0,20110704-20110711,499.998497362,10.39,14.3,measured,0.1,observed,-2.0,9.5,14.08,9.6,True,O,14.3,measured,9.4,14.08238708544148,0.49,22.6706,16.3556,16.3556,21.4345,15.4858,15.4858,
TAP_A01,2335,,,725931.77,9666881.41,O,13.7,A,16.4,18.66,20100116-20100213,15.3,A,15.53,20.77,20110704-20110711,499.998497362,14.34,18.66,measured,1.6,observed,-2.0,12.1,15.85,13.7,True,O,18.66,measured,10.5,15.451681433013643,0.6344,58.8503,41.4101,41.4101,29.1248,20.8459,20.8459,
TAP_A01,2336,,,725931.58,9666881.86,O,47.1,A,29.73,34.99,20100116-20100213,47.7,A,26.72,35.94,20110704-20110711,499.998497362,28.6,34.99,measured,0.6,observed,-2.0,46.5,34.54,47.1,True,O,34.99,measured,45.9,34.53043156369661,0.6344,1210.8401,818.5542,818.5542,1136.591,769.0137,769.0137,
TAP_A01,2337,Ecclinusa ramiflora,Sapotaceae,725917.63,9666880.42,O,37.7,A,26.79,33.55,20100116-20100213,39.5,A,19.39,28.5,20110704-20110711,499.998497362,25.89,33.55,measured,1.8,observed,-2.0,35.9,31.83,37.7,True,O,33.55,measured,34.1,31.703729286045597,0.961,752.5839,506.709,506.709,585.438,395.8006,395.8006,
TAP_A01,2338,,,725912.77,9666881.62,O,56.1,A,22.39,32.95,20100116-20100213,56.4,A,23.2,35.63,20110704-20110711,499.998497362,31.04,32.95,measured,0.3,observed,-2.0,55.8,32.78,56.1,True,O,32.95,measured,55.5,32.783318817908246,0.6344,1606.4347,1105.5819,1105.5819,1565.3009,1077.58,1077.58,
TAP_A01,2339,,,725912.14,9666880.59,O,32.8,D,,20.24,20100116-20100213,32.8,D,2.27,17.79,20110704-20110711,499.998497362,23.32,20.24,measured,0.0,observed,-2.0,32.8,20.24,32.8,False,O,20.24,measured,32.8,20.24,0.6344,350.1933,350.1933,369.7699,350.1933,350.1933,369.7699,
TAP_A01,2340,,,725903.48,9666882.09,O,12.9,A,7.34,15.02,20100116-20100213,10.2,A,5.0,14.65,20110704-20110711,499.998497362,10.78,15.02,measured,0.0,observed,-2.0,10.2,15.02,12.9,True,O,15.02,measured,12.9,15.02,0.6344,42.3411,30.7436,30.7436,42.3411,30.7436,30.7436,
TAP_A01,2341,,,725898.11,9666883.15,O,11.3,A,8.81,14.41,20100116-20100213,11.5,A,8.87,17.1,20110704-20110711,499.998497362,11.75,14.41,measured,0.2,observed,-2.0,11.1,14.04,11.3,True,O,14.41,measured,10.9,14.04287171058105,0.6344,31.3997,22.8036,22.8036,28.5387,20.7745,20.7745,
TAP_A01,2342,Cecropia palmata,Urticaceae,725874.42,9666883.85,O,10.5,A,12.18,15.88,20100116-20100213,11.7,A,12.34,19.35,20110704-20110711,499.998497362,11.89,15.88,measured,1.2,observed,-2.0,9.3,13.46,10.5,True,O,15.88,measured,8.1,13.138068211018897,0.3404,29.9125,21.3174,21.3174,14.9799,10.864,10.864,
TAP_A01,2343,Quiina florida,Quiinaceae,725868.73,9666884.37,O,6.7,A,2.03,6.6,20100116-20100213,6.8,A,2.92,6.06,20110704-20110711,499.998497362,7.99,6.6,measured,0.1,observed,-2.0,6.6,6.45,6.7,True,O,6.6,measured,6.5,6.451274941653096,0.728,5.2824,4.2325,4.2325,4.8695,3.91,3.91,
TAP_A01,2344,,,725862.33,9666884.61,O,14.0,A,5.92,11.02,20100116-20100213,14.3,A,9.32,13.94,20110704-20110711,499.998497362,13.69,11.02,measured,0.3,observed,-2.0,13.7,10.7,14.0,True,O,11.02,measured,13.4,10.68861849877313,0.6344,36.7174,28.1074,28.1074,32.7188,25.1146,25.1146,
TAP_A01,2345,,,725861.91,9666883.97,L,8.8,A,,,20100116-20100213,8.8,A,,,20110704-20110711,499.998497362,9.68,12.2,local_fit,0.0,observed,-2.0,8.8,12.2,8.8,True,L,9.68,feldpausch,8.8,9.68,0.6344,13.0709,9.9878,9.9878,13.0709,9.9878,9.9878,
TAP_A01,2346,,,725854.89,9666883.33,O,33.2,A,12.79,14.41,20100116-20100213,33.4,A,17.7,22.36,20110704-20110711,499.998497362,23.57,14.41,measured,0.2,observed,-2.0,33.0,14.31,33.2,True,O,14.41,measured,32.800000000000004,14.30921984517307,0.6344,257.3821,196.8443,196.8443,249.6477,191.0297,191.0297,
TAP_A01,2347,Minquartia guianensis,Olacaceae,725848.62,9666884.47,O,10.0,A,5.41,10.91,20100116-20100213,10.0,A,3.5,11.67,20110704-20110711,499.998497362,10.62,10.91,measured,0.0,observed,-2.0,10.0,10.91,10.0,True,O,10.91,measured,10.0,10.91,0.7867,18.8529,14.2233,14.2233,18.8529,14.2233,14.2233,
TAP_A01,2348,,,725843.03,9666884.73,O,7.5,A,2.45,7.58,20100116-20100213,7.6,A,2.21,8.2,20110704-20110711,499.998497362,8.68,7.58,measured,0.1,observed,-2.0,7.4,7.43,7.5,True,O,7.58,measured,7.3,7.428827654130744,0.6344,7.5359,5.9395,5.9395,7.0095,5.535,5.535,
TAP_A01,2349,,,725836.44,9666885.28,O,14.3,A,12.02,16.4,20100116-20100213,14.2,A,9.67,18.19,20110704-20110711,499.998497362,13.62,16.4,measured,0.0,observed,-2.0,14.2,16.4,14.3,True,O,16.4,measured,14.3,16.4,0.6344,56.4111,40.5951,40.5951,56.4111,40.5951,40.5951,
TAP_A01,2350,Eschweilera parviflora,Lecythidaceae,725835.06,9666882.47,O,40.0,A,5.59,26.24,20100116-20100213,40.8,A,13.21,30.13,20110704-20110711,499.998497362,26.35,26.24,measured,0.8,observed,-2.0,39.2,25.68,40.0,True,O,26.24,measured,38.4,25.66042578597443,0.918,664.6461,466.5432,466.5432,600.5052,422.182,422.182,
TAP_A01,2351,Minquartia guianensis,Olacaceae,725825.56,9666882.55,O,35.4,A,10.14,21.47,20100116-20100213,35.6,A,9.34,25.46,20110704-20110711,499.998497362,24.44,21.47,measured,0.2,observed,-2.0,35.2,21.33,35.4,True,O,21.47,measured,35.0,21.332006735470777,0.7867,430.5099,310.102,310.102,418.4239,301.539,301.539,
TAP_A01,2352,Tachigali myrmecophila,Fabaceae,725825.21,9666884.36,O,13.2,A,22.28,24.6,20100116-20100213,13.6,A,20.85,23.65,20110704-20110711,499.998497362,13.22,24.6,measured,0.4,observed,-2.0,12.8,23.58,13.2,True,O,24.6,measured,12.399999999999999,23.54141787333939,0.476,71.676,48.1939,48.1939,60.7755,41.0263,41.0263,
TAP_A01,2353,,,725819.78,9666883.52,O,28.1,A,26.64,29.41,20100116-20100213,28.8,A,25.14,32.42,20110704-20110711,499.998497362,21.59,29.41,measured,0.7,observed,-2.0,27.4,28.54,28.1,True,O,29.41,measured,26.700000000000003,28.507295873563766,0.6344,372.895,252.7557,252.7557,327.3767,222.4518,222.4518,
TAP_A01,2354,,,725819.39,9666883.78,O,29.2,A,22.85,26.05,20100116-20100213,30.0,A,17.65,25.14,20110704-20110711,499.998497362,22.13,26.05,measured,0.8,observed,-2.0,28.4,25.2,29.2,True,O,26.05,measured,27.599999999999998,25.1777996685245,0.6344,357.0396,247.1473,247.1473,309.3916,214.7386,214.7386,
TAP_A01,2355,,,725804.35,9666886.17,O,5.2,A,1.85,7.07,20100116-20100213,4.9,A,1.2,5.87,20110704-20110711,499.998497362,6.23,7.07,measured,0.0,observed,-2.0,4.9,7.07,5.2,True,O,7.07,measured,5.2,7.07,0.6344,3.4446,2.6971,2.6971,3.4446,2.6971,2.6971,
TAP_A01,2356,Caryocar villosum,Caryocaraceae,725797.95,9666882.91,O,140.5,A,28.09,40.53,20100116-20100213,140.2,A,26.18,42.9,20110704-20110711,499.998497362,42.74,40.53,measured,0.0,observed,-2.0,140.2,40.53,140.5,True,O,40.53,measured,140.5,40.53,0.758,11800.8921,8214.3533,8214.3533,11800.8921,8214.3533,8214.3533,
TAP_A01,2357,Minquartia guianensis,Olacaceae,725792.71,9666884.77,O,23.0,A,14.25,21.31,20100116-20100213,23.2,A,9.88,22.32,20110704-20110711,499.998497362,18.89,21.31,measured,0.2,observed,-2.0,22.8,21.07,23.0,True,O,21.31,measured,22.6,21.073108242879,0.7867,184.1836,130.1057,130.1057,176.0514,124.4762,124.4762,
TAP_A01,2358,Ecclinusa ramiflora,Sapotaceae,725783.42,9666885.49,O,23.5,A,14.27,18.87,20100116-20100213,23.7,A,9.71,21.34,20110704-20110711,499.998497362,19.15,18.87,measured,0.2,observed,-2.0,23.3,18.66,23.5,True,O,18.87,measured,23.1,18.665684759468725,0.961,170.5841,122.9636,122.9636,163.2188,117.7599,117.7599,
TAP_A01,2359,,,725781.46,9666886.8,O,47.5,D,,4.47,20100116-20100213,47.5,D,1.59,4.17,20110704-20110711,499.998497362,28.54,4.47,measured,0.0,observed,-2.0,47.5,4.47,47.5,False,O,4.47,measured,47.5,4.47,0.6344,165.2216,165.2216,174.4578,165.2216,165.2216,174.4578,
TAP_A01,2360,Eschweilera coriacea,Lecythidaceae,725778.16,9666886.8,O,6.2,A,5.35,10.26,20100116-20100213,6.4,A,3.64,11.05,20110704-20110711,499.998497362,7.64,10.26,measured,0.2,observed,-2.0,6.0,9.76,6.2,True,O,10.26,measured,5.8,9.754698438507122,0.8521,6.9838,5.1995,5.1995,5.8364,4.3661,4.3661,
TAP_A01,2361,Virola melinoni,Myristicaceae,725772.26,9666886.84,O,13.8,A,11.54,16.38,20100116-20100213,14.2,A,11.02,21.64,20110704-20110711,499.998497362,13.62,16.38,measured,0.4,observed,-2.0,13.4,15.73,13.8,True,O,16.38,measured,13.0,15.710122599269734,0.4734,52.5624,37.7682,37.7682,44.9107,32.3908,32.3908,
TAP_A01,2362,,,725762.5,9666884.96,O,55.3,A,26.2,40.35,20100116-20100213,58.9,A,25.44,43.55,20110704-20110711,499.998497362,31.67,40.35,measured,3.6,observed,-2.0,51.7,37.93,55.3,True,O,40.35,measured,48.099999999999994,37.68662110799347,0.6344,1903.5463,1267.9138,1267.9138,1356.3338,907.1325,907.1325,
TAP_A01,2363,,,725750.48,9666887.97,O,7.6,A,10.91,14.08,20100116-20100213,7.3,A,10.28,12.29,20110704-20110711,499.998497362,8.43,14.08,measured,0.0,observed,-2.0,7.3,14.08,7.6,True,O,14.08,measured,7.6,14.08,0.6344,14.1529,10.1215,10.1215,14.1529,10.1215,10.1215,
TAP_A01,2364,,,725743.68,9666887.92,O,28.8,A,22.54,29.26,20100116-20100213,30.9,A,18.43,28.35,20110704-20110711,499.998497362,22.52,29.26,measured,2.1,observed,-2.0,26.7,26.79,28.8,True,O,29.26,measured,24.6,26.55928695617561,0.6344,389.2948,264.3972,264.3972,260.3762,178.2127,178.2127,
TAP_A01,2365,Simarouba amara,Simaroubaceae,725726.3,9666885.58,O,32.5,A,27.83,36.15,20100116-20100213,35.6,A,15.04,33.73,20110704-20110711,499.998497362,24.44,36.15,measured,3.1,observed,-2.0,29.4,32.33,32.5,True,O,36.15,measured,26.3,31.842646371546074,0.3833,605.8578,400.2753,400.2753,354.1206,236.283,236.283,
TAP_A01,2366,,,725723.16,9666887.63,O,13.3,A,14.95,32.44,20100116-20100213,13.5,A,10.19,16.14,20110704-20110711,499.998497362,13.15,32.44,measured,0.2,observed,-2.0,13.1,31.77,13.3,True,O,32.44,measured,12.9,31.752635707965794,0.6344,95.2871,61.3517,61.3517,87.9162,56.7146,56.7146,
TAP_A01,2367,,,726103.64,9666877.82,O,,A,,,20100116-20100213,6.2,A,7.09,9.66,20110704-20110711,499.998497362,7.45,9.66,measured,0.2,site_median,-2.0,5.8,9.19,,True,O,7.45,feldpausch,,,0.6344,,,,,,,
TAP_A01,2368,,,725747.39,9666888.26,O,,A,,,20100116-20100213,5.3,A,4.45,9.65,20110704-20110711,499.998497362,6.62,9.65,measured,0.2,site_median,-2.0,4.9,9.08,,True,O,6.62,feldpausch,,,0.6344,,,,,,,
TAP_A01,2401,,,726336.71,9666300.39,O,15.1,A,2.96,6.53,20100116-20100213,15.1,A,2.93,5.9,20110704-20110711,499.995055366,14.21,6.53,measured,0.0,observed,-2.0,15.1,6.53,15.1,True,O,6.53,measured,15.1,6.53,0.6344,25.5375,21.3114,21.3114,25.5375,21.3114,21.3114,
TAP_A01,2402,Copaifera reticulata,Fabaceae,726358.2,9666299.43,O,40.6,A,20.55,32.02,20100116-20100213,43.6,A,24.3,30.45,20110704-20110711,499.995055366,27.3,32.02,measured,3.0,observed,-2.0,37.6,29.56,40.6,True,O,32.02,measured,34.6,29.29777287167277,0.6075,830.9879,565.6479,565.6479,557.6578,382.0167,382.0167,
TAP_A01,2403,,,726362.7,9666299.19,O,6.8,A,3.59,9.49,20100116-20100213,7.1,A,3.41,9.42,20110704-20110711,499.995055366,8.25,9.49,measured,0.3,observed,-2.0,6.5,8.88,6.8,True,O,9.49,measured,6.2,8.852361594606952,0.6344,7.7505,5.8679,5.8679,6.047,4.6083,4.6083,
TAP_A01,2404,,,726373.6,9666299.46,O,11.7,A,8.68,11.09,20100116-20100213,11.5,A,9.03,12.74,20110704-20110711,499.995055366,11.75,11.09,measured,0.0,observed,-2.0,11.5,11.09,11.7,True,O,11.09,measured,11.7,11.09,0.6344,26.0263,19.7326,19.7326,26.0263,19.7326,19.7326,
TAP_A01,2405,,,726380.73,9666302.9,O,22.9,D,,2.92,20100116-20100213,22.9,D,,2.77,20110704-20110711,499.995055366,18.73,2.92,measured,0.0,observed,-2.0,22.9,2.92,22.9,False,O,2.92,measured,22.9,2.92,0.6344,26.2466,26.2466,27.7139,26.2466,26.2466,27.7139,
TAP_A01,2406,,,726384.1,9666299.43,O,21.9,A,19.03,21.15,20100116-20100213,22.1,A,16.03,18.79,20110704-20110711,499.995055366,18.31,21.15,measured,0.2,observed,-2.0,21.7,20.91,21.9,True,O,21.15,measured,21.5,20.90042745057649,0.6344,166.1539,117.2335,117.2335,158.4353,111.8983,111.8983,
TAP_A01,2407,Mezilaurus itauba,Lauraceae,726398.24,9666303.97,O,88.6,A,29.19,41.18,20100116-20100213,89.7,A,27.34,38.28,20110704-20110711,499.995055366,37.57,41.18,measured,1.1,observed,-2.0,87.5,40.82,88.6,True,O,41.18,measured,86.39999999999999,40.81131364589594,0.7443,4872.874,3309.332,3309.332,4598.9359,3123.96,3123.96,
TAP_A01,2408,,,726421.22,9666300.69,O,25.2,A,13.98,19.71,20100116-20100213,25.5,A,13.93,17.51,20110704-20110711,499.995055366,20.05,19.71,measured,0.3,observed,-2.0,24.9,19.42,25.2,True,O,19.71,measured,24.599999999999998,19.415588837536788,0.6344,203.9899,146.5258,146.5258,191.779,137.923,137.923,
TAP_A01,2409,Carapa guianensis,Meliaceae,726430.0,9666298.47,O,28.2,A,10.42,15.55,20100116-20100213,30.1,A,22.33,33.71,20110704-20110711,499.995055366,22.17,15.55,measured,1.9,observed,-2.0,26.3,14.33,28.2,True,O,15.55,measured,24.4,14.22230108449582,0.53,201.5932,151.1448,151.1448,139.2978,105.1886,105.1886,
TAP_A01,2410,,,726433.61,9666300.44,O,41.0,D,,2.75,20100116-20100213,41.0,D,,2.75,20110704-20110711,499.995055366,26.42,2.75,measured,0.0,observed,-2.0,41.0,2.75,41.0,False,O,2.75,measured,41.0,2.75,0.6344,77.162,77.162,81.4755,77.162,77.162,81.4755,
TAP_A01,2411,,,726440.5,9666298.99,O,8.6,A,8.88,11.98,20100116-20100213,9.0,A,6.92,12.24,20110704-20110711,499.995055366,9.84,11.98,measured,0.4,observed,-2.0,8.2,11.19,8.6,True,O,11.98,measured,7.8,11.146252067934403,0.6344,15.3878,11.3562,11.3562,11.853,8.8064,8.8064,
TAP_A01,2412,,,726441.0,9666299.18,O,15.3,A,9.6,15.37,20100116-20100213,15.5,A,12.0,16.05,20110704-20110711,499.995055366,14.47,15.37,measured,0.2,observed,-2.0,15.1,15.09,15.3,True,O,15.37,measured,14.9,15.092723424219708,0.6344,60.4188,44.0698,44.0698,56.3634,41.1779,41.1779,
TAP_A01,2413,,,726448.83,9666302.62,O,45.5,D,,6.13,20100116-20100213,45.5,D,,6.43,20110704-20110711,499.995055366,27.91,6.13,measured,0.0,observed,-2.0,45.5,6.13,45.5,False,O,6.13,measured,45.5,6.13,0.6344,206.7571,206.7571,218.3152,206.7571,206.7571,218.3152,
TAP_A01,2414,,,726458.02,9666300.5,O,30.9,A,21.51,27.15,20100116-20100213,31.7,A,19.0,3.4,20110704-20110711,499.995055366,22.86,27.15,measured,0.8,observed,-2.0,30.1,26.33,30.9,True,O,27.15,measured,29.299999999999997,26.304814144593298,0.6344,415.1633,286.286,286.286,362.8613,250.8323,250.8323,
TAP_A01,2415,Hevea brasiliensis,Euphorbiaceae,726458.5,9666298.9,O,23.0,A,21.05,23.21,20100116-20100213,23.0,A,18.8,22.02,20110704-20110711,499.995055366,18.79,23.21,measured,0.0,observed,-2.0,23.0,23.21,23.0,True,O,23.21,measured,23.0,23.21,0.4666,200.1946,139.5203,139.5203,200.1946,139.5203,139.5203,
TAP_A01,2416,,,726458.6,9666298.45,O,6.2,A,5.18,12.36,20100116-20100213,6.3,A,8.48,11.87,20110704-20110711,499.995055366,7.54,12.36,measured,0.1,observed,-2.0,6.1,12.06,6.2,True,O,12.36,measured,6.0,12.057219793554285,0.6344,8.3757,6.055,6.055,7.6685,5.5568,5.5568,
TAP_A01,2417,,,726459.5,9666298.94,L,11.4,A,,,20100116-20100213,12.3,A,,,20110704-20110711,499.995055366,12.32,14.02,local_fit,0.9,observed,-2.0,10.5,12.52,11.4,True,L,12.32,feldpausch,9.6,10.884570111061873,0.6344,27.4142,20.4168,20.4168,17.3693,13.0832,13.0832,
TAP_A01,2418,,,726464.5,9666298.5,O,11.7,A,7.3,14.88,20100116-20100213,11.8,A,8.09,12.96,20110704-20110711,499.995055366,11.96,14.88,measured,0.1,observed,-2.0,11.6,14.71,11.7,True,O,14.88,measured,11.5,14.69836482249872,0.6344,34.6753,25.0969,25.0969,33.1282,24.0039,24.0039,
TAP_A01,2419,,,726467.0,9666298.88,O,16.8,A,12.71,16.01,20100116-20100213,16.8,A,13.94,17.0,20110704-20110711,499.995055366,15.29,16.01,measured,0.0,observed,-2.0,16.8,16.01,16.8,True,O,16.01,measured,16.8,16.01,0.6344,75.4658,54.9377,54.9377,75.4658,54.9377,54.9377,
TAP_A01,2420,,,726470.0,9666298.16,O,10.5,D,,12.49,20100116-20100213,,D,,,20110704-20110711,499.995055366,,12.49,measured,0.2,site_median,-2.0,,,10.5,False,O,12.49,measured,10.1,12.144536501208675,0.6344,23.6629,23.6629,24.9857,21.3428,21.3428,22.5359,
TAP_A01,2421,,,726476.0,9666299.01,O,28.7,A,9.16,19.38,20100116-20100213,30.5,A,16.99,20.66,20110704-20110711,499.995055366,22.35,19.38,measured,1.8,observed,-2.0,26.9,17.97,28.7,True,O,19.38,measured,25.099999999999998,17.851135424134583,0.6344,258.6446,187.4471,187.4471,183.7594,134.0508,134.0508,
TAP_A01,2422,,,726514.5,9666297.66,O,8.0,A,4.72,12.39,20100116-20100213,8.4,A,7.54,12.94,20110704-20110711,499.995055366,9.35,12.39,measured,0.4,observed,-2.0,7.6,11.5,8.0,True,O,12.39,measured,7.2,11.456192354187579,0.6344,13.808,10.1012,10.1012,10.4135,7.674,7.674,
TAP_A01,2423,Bixa arborea,Bixaceae,726515.9,9666297.85,O,32.7,A,17.74,24.36,20100116-20100213,34.7,A,21.07,25.17,20110704-20110711,499.995055366,24.09,24.36,measured,2.0,observed,-2.0,30.7,22.68,32.7,True,O,24.36,measured,28.700000000000003,22.54996916636303,0.37,417.1142,293.3979,293.3979,299.8587,212.1762,212.1762,
TAP_A01,2424,,,726525.32,9666300.33,O,30.6,A,16.56,25.38,20100116-20100213,31.4,A,18.35,22.41,20110704-20110711,499.995055366,22.73,25.38,measured,0.8,observed,-2.0,29.8,24.61,30.6,True,O,25.38,measured,29.0,24.579887375750832,0.6344,381.393,265.6908,265.6908,332.8646,232.4608,232.4608,
TAP_A01,2425,,,726541.9,9666298.1,O,8.7,A,5.48,12.31,20100116-20100213,8.9,A,8.87,14.2,20110704-20110711,499.995055366,9.76,12.31,measured,0.2,observed,-2.0,8.5,11.89,8.7,True,O,12.31,measured,8.299999999999999,11.89067934401514,0.6344,16.162,11.8831,11.8831,14.2529,10.5132,10.5132,
TAP_A01,2426,,,726542.5,9666297.6,O,11.8,A,7.48,15.92,20100116-20100213,12.1,A,10.45,15.55,20110704-20110711,499.995055366,12.18,15.92,measured,0.3,observed,-2.0,11.5,15.36,11.8,True,O,15.92,measured,11.200000000000001,15.338453610636433,0.6344,37.6592,26.9782,26.9782,32.7987,23.5757,23.5757,
TAP_A01,2427,,,726546.8,9666298.56,O,11.9,A,8.04,15.11,20100116-20100213,12.5,A,11.37,17.38,20110704-20110711,499.995055366,12.46,15.11,measured,0.6,observed,-2.0,11.3,14.07,11.9,True,O,15.11,measured,10.700000000000001,14.00469494969148,0.6344,36.3823,26.2901,26.2901,27.4524,19.9746,19.9746,
TAP_A01,2428,,,726548.3,9666298.55,O,12.9,A,9.64,16.24,20100116-20100213,13.1,A,9.76,15.56,20110704-20110711,499.995055366,12.88,16.24,measured,0.2,observed,-2.0,12.7,15.89,12.9,True,O,16.24,measured,12.5,15.883723623685341,0.6344,45.6945,32.7716,32.7716,42.0493,30.2175,30.2175,
TAP_A01,2429,Eschweilera parviflora,Lecythidaceae,726548.3,9666297.53,O,9.2,A,7.52,14.27,20100116-20100213,9.3,A,9.4,14.12,20110704-20110711,499.995055366,10.08,14.27,measured,0.1,observed,-2.0,9.1,14.04,9.2,True,O,14.27,measured,9.0,14.042400566220419,0.918,20.8206,14.9953,14.9953,19.6356,14.1629,14.1629,
TAP_A01,2430,Carapa guianensis,Meliaceae,726566.22,9666300.31,O,35.4,A,24.28,33.68,20100116-20100213,37.4,A,34.13,38.89,20110704-20110711,499.995055366,25.13,33.68,measured,2.0,observed,-2.0,33.4,31.59,35.4,True,O,33.68,measured,31.4,31.428157033795074,0.53,668.0827,448.184,448.184,494.1407,333.2158,333.2158,
TAP_A01,2431,,,726566.19,9666297.31,O,7.7,A,2.3,6.34,20100116-20100213,7.7,D,1.41,4.85,20110704-20110711,499.995055366,8.77,6.34,measured,0.0,observed,-2.0,7.7,6.34,7.7,True,O,6.34,measured,7.7,6.34,0.6344,6.6639,5.4094,5.4094,6.6639,5.4094,5.4094,
TAP_A01,2432,,,726571.49,9666297.27,O,6.6,A,7.03,10.08,20100116-20100213,6.8,A,6.95,10.33,20110704-20110711,499.995055366,7.99,10.08,measured,0.2,observed,-2.0,6.4,9.64,6.6,True,O,10.08,measured,6.199999999999999,9.615968307535814,0.6344,7.7551,5.8074,5.8074,6.5556,4.931,4.931,
TAP_A01,2433,,,726572.4,9666298.16,O,11.3,A,8.5,18.22,20100116-20100213,11.3,A,14.55,16.55,20110704-20110711,499.995055366,11.6,18.22,measured,0.0,observed,-2.0,11.3,18.22,11.3,True,O,18.22,measured,11.3,18.22,0.6344,39.4789,27.6277,27.6277,39.4789,27.6277,27.6277,
TAP_A01,2434,Virola sebifera,Myristicaceae,726578.6,9666297.62,O,54.4,A,24.15,32.62,20100116-20100213,56.2,A,26.47,34.81,20110704-20110711,499.995055366,30.98,32.62,measured,1.8,observed,-2.0,52.6,31.61,54.4,True,O,32.62,measured,50.8,31.553928292934955,0.4454,1497.994,1031.0676,1031.0676,1268.7697,875.0092,875.0092,
TAP_A01,2435,,,726585.11,9666299.27,O,25.8,A,17.47,19.81,20100116-20100213,26.2,A,15.2,20.3,20110704-20110711,499.995055366,20.38,19.81,measured,0.4,observed,-2.0,25.4,19.44,25.8,True,O,19.81,measured,25.0,19.425907303435352,0.6344,214.6355,154.2234,154.2234,198.0158,142.5067,142.5067,
TAP_A01,2436,,,726585.69,9666297.26,O,10.0,A,3.8,10.67,20100116-20100213,10.1,A,8.13,11.92,20110704-20110711,499.995055366,10.7,10.67,measured,0.1,observed,-2.0,9.9,10.52,10.0,True,O,10.67,measured,9.8,10.514802894078993,0.6344,18.448,13.9668,13.9668,17.4828,13.2539,13.2539,
TAP_A01,2437,,,726585.99,9666297.36,L,10.4,A,,,20100116-20100213,10.3,A,,,20110704-20110711,499.995055366,10.85,13.35,local_fit,0.0,observed,-2.0,10.3,13.35,10.4,True,L,10.85,feldpausch,10.4,10.85,0.6344,20.2437,15.3147,15.3147,20.2437,15.3147,15.3147,
TAP_A01,2438,,,726588.89,9666297.24,O,15.8,A,7.73,14.92,20100116-20100213,16.0,A,10.73,15.87,20110704-20110711,499.995055366,14.79,14.92,measured,0.2,observed,-2.0,15.6,14.67,15.8,True,O,14.92,measured,15.4,14.66069098853438,0.6344,62.4939,45.8687,45.8687,58.4343,42.9551,42.9551,
TAP_A01,2439,,,726592.39,9666297.21,O,7.5,A,8.7,12.4,20100116-20100213,7.7,A,7.5,13.67,20110704-20110711,499.995055366,8.77,12.4,measured,0.2,observed,-2.0,7.3,11.92,7.5,True,O,12.4,measured,7.1,11.903114914098879,0.6344,12.1832,8.8838,8.8838,10.5187,7.6996,7.6996,
TAP_A01,2440,,,726592.5,9666298.51,O,15.0,A,9.1,14.52,20100116-20100213,15.3,A,8.09,12.21,20110704-20110711,499.995055366,14.34,14.52,measured,0.3,observed,-2.0,14.7,14.13,15.0,True,O,14.52,measured,14.4,14.116727228200281,0.6344,54.9883,40.4325,40.4325,49.3997,36.4139,36.4139,
TAP_A01,2441,,,726592.69,9666297.21,O,23.8,A,12.6,14.26,20100116-20100213,23.8,D,12.77,16.85,20110704-20110711,499.995055366,19.2,14.26,measured,0.0,observed,-2.0,23.8,14.26,23.8,True,O,14.26,measured,23.8,14.26,0.6344,133.0331,100.2959,100.2959,133.0331,100.2959,100.2959,
TAP_A01,2442,,,726595.39,9666297.09,O,5.8,A,3.82,4.16,20100116-20100213,5.8,D,1.23,3.72,20110704-20110711,499.995055366,7.09,4.16,measured,0.0,observed,-2.0,5.8,4.16,5.8,True,O,4.16,measured,5.8,4.16,0.6344,2.5404,2.1744,2.1744,2.5404,2.1744,2.1744,
TAP_A01,2443,,,726595.39,9666297.19,O,6.7,A,5.72,10.47,20100116-20100213,9.1,A,9.55,13.9,20110704-20110711,499.995055366,9.92,10.47,measured,2.4,observed,-2.0,4.3,5.95,6.7,True,O,10.47,measured,1.9000000000000004,3.928629713076285,0.6344,8.2876,6.1734,6.1734,0.272,0.2227,0.2227,
TAP_A01,2444,Vataireopsis speciosa,Fabaceae,726612.2,9666297.86,O,23.6,A,12.73,17.59,20100116-20100213,24.1,A,13.51,22.61,20110704-20110711,499.995055366,19.35,17.59,measured,0.5,observed,-2.0,23.1,17.13,23.6,True,O,17.59,measured,22.6,17.112708526129563,0.65,160.607,117.0876,117.0876,143.681,104.9859,104.9859,
TAP_A01,2445,Inga marginata,Fabaceae,726620.49,9666296.89,O,7.2,A,4.25,9.41,20100116-20100213,7.8,A,9.15,10.02,20110704-20110711,499.995055366,8.85,9.41,measured,0.6,observed,-2.0,6.6,8.3,7.2,True,O,9.41,measured,6.0,8.20400808065033,0.5518,8.594,6.5331,6.5331,5.2662,4.0554,4.0554,
TAP_A01,2446,,,726627.0,9666297.34,O,17.8,A,8.04,16.53,20100116-20100213,17.9,A,12.24,15.3,20110704-20110711,499.995055366,15.95,16.53,measured,0.1,observed,-2.0,17.7,16.41,17.8,True,O,16.53,measured,17.6,16.405407472955226,0.6344,87.1595,63.3063,63.3063,84.6309,61.5098,61.5098,
TAP_A01,2447,,,726629.29,9666297.12,L,6.3,A,,,20100116-20100213,7.0,A,,,20110704-20110711,499.995055366,8.17,10.19,local_fit,0.7,observed,-2.0,5.6,8.61,6.3,True,L,8.17,feldpausch,4.9,6.747704513917705,0.6344,5.769,4.4559,4.4559,2.9308,2.3052,2.3052,
TAP_A01,2448,,,726629.79,9666297.02,O,28.0,A,14.18,23.25,20100116-20100213,28.6,A,16.14,22.93,20110704-20110711,499.995055366,21.5,23.25,measured,0.6,observed,-2.0,27.4,22.66,28.0,True,O,23.25,measured,26.8,22.637005323055245,0.6344,294.4028,207.0663,207.0663,263.3196,185.597,185.597,
TAP_A01,2449,,,726630.5,9666297.41,O,6.8,A,7.15,10.62,20100116-20100213,6.8,A,9.06,12.18,20110704-20110711,499.995055366,7.99,10.62,measured,0.0,observed,-2.0,6.8,10.62,6.8,True,O,10.62,measured,6.8,10.62,0.6344,8.65,6.4335,6.4335,8.65,6.4335,6.4335,
TAP_A01,2450,Sloanea guianensis,Elaeocarpaceae,726647.7,9666297.48,O,9.1,A,7.02,11.77,20100116-20100213,9.4,A,9.34,12.68,20110704-20110711,499.995055366,10.16,11.77,measured,0.3,observed,-2.0,8.8,11.21,9.1,True,O,11.77,measured,8.5,11.195292430773435,0.8212,16.8884,12.5325,12.5325,14.0781,10.4956,10.4956,
TAP_A01,2451,,,726655.49,9666296.97,O,13.7,A,8.82,12.12,20100116-20100213,19.1,A,8.79,12.89,20110704-20110711,499.995055366,16.65,12.12,measured,5.0,observed,-2.0,9.1,7.22,13.7,True,O,12.12,measured,3.6999999999999993,4.574258451653931,0.6344,38.6223,29.0942,29.0942,1.1589,0.9563,0.9563,
TAP_A01,2452,Bertholletia excelsa,Lecythidaceae,726665.69,9666296.99,O,20.1,A,10.93,13.62,20100116-20100213,25.0,A,14.64,16.76,20110704-20110711,499.995055366,19.8,13.62,measured,4.9,observed,-2.0,15.2,9.82,20.1,True,O,13.62,measured,10.3,8.58220195675854,0.638,91.4653,68.8983,68.8983,15.802,12.3999,12.3999,
TAP_A01,2453,,,726666.4,9666297.54,O,13.0,A,7.8,12.6,20100116-20100213,15.3,A,10.79,13.56,20110704-20110711,499.995055366,14.34,12.6,measured,2.3,observed,-2.0,10.7,9.8,13.0,True,O,12.6,measured,8.4,9.198375370354562,0.6344,36.2109,27.0427,27.0427,11.3563,8.7284,8.7284,
TAP_A01,2454,Ocotea sp.,Lauraceae,726686.89,9666296.68,O,6.8,A,4.94,8.38,20100116-20100213,7.0,A,4.66,8.35,20110704-20110711,499.995055366,8.17,8.38,measured,0.2,observed,-2.0,6.6,8.01,6.8,True,O,8.38,measured,6.3999999999999995,8.006492886182922,0.5245,6.8644,5.3002,5.3002,5.8329,4.5231,4.5231,
TAP_A01,2455,Eschweilera parviflora,Lecythidaceae,726693.7,9666297.12,O,9.9,A,5.04,13.03,20100116-20100213,9.0,A,7.04,13.19,20110704-20110711,499.995055366,9.84,13.03,measured,0.0,observed,-2.0,9.0,13.03,9.9,True,O,13.03,measured,9.9,13.03,0.918,21.985,16.1196,16.1196,21.985,16.1196,16.1196,
TAP_A01,2456,,,726695.69,9666296.41,L,9.0,A,,,20100116-20100213,10.9,A,,,20110704-20110711,499.995055366,11.3,12.35,local_fit,1.9,observed,-2.0,7.1,9.02,9.0,True,L,11.3,feldpausch,5.2,7.490807068576362,0.6344,15.8835,11.8567,11.8567,3.6445,2.8277,2.8277,
TAP_A01,2457,,,726696.69,9666296.4,L,8.9,A,,,20100116-20100213,9.1,A,,,20110704-20110711,499.995055366,9.92,12.27,local_fit,0.2,observed,-2.0,8.7,11.87,8.9,True,L,9.92,feldpausch,8.5,9.590439654114698,0.6344,13.6856,10.4228,10.4228,12.1049,9.2479,9.2479,
TAP_A01,2458,Dinizia excelsa,Fabaceae,726696.79,9666296.55,O,31.2,A,18.64,22.68,20100116-20100213,32.4,A,20.23,23.92,20110704-20110711,499.995055366,23.15,22.68,measured,1.2,observed,-2.0,30.0,21.68,31.2,True,O,22.68,measured,28.8,21.62444789228953,0.9054,354.9426,251.9328,251.9328,289.8019,206.4569,206.4569,
TAP_A01,2459,,,726698.09,9666296.39,O,7.7,A,7.17,11.75,20100116-20100213,7.7,A,10.16,12.61,20110704-20110711,499.995055366,8.77,11.75,measured,0.0,observed,-2.0,7.7,11.75,7.7,True,O,11.75,measured,7.7,11.75,0.6344,12.1688,8.9605,8.9605,12.1688,8.9605,8.9605,
TAP_A01,2460,Protium hebetatum,Burseraceae,726708.21,9666299.11,O,47.1,A,22.33,29.07,20100116-20100213,47.5,A,22.41,28.3,20110704-20110711,499.995055366,28.54,29.07,measured,0.4,observed,-2.0,46.7,28.82,47.1,True,O,29.07,measured,46.300000000000004,28.8164489363673,0.5773,1010.4617,703.3951,703.3951,968.911,674.8501,674.8501,
TAP_A01,2461,,,726712.01,9666298.68,O,27.5,A,10.09,21.84,20100116-20100213,28.0,A,17.45,20.52,20110704-20110711,499.995055366,21.23,21.84,measured,0.5,observed,-2.0,27.0,21.36,27.5,True,O,21.84,measured,26.5,21.350252058517537,0.6344,267.3922,189.7726,189.7726,243.2954,172.9828,172.9828,
TAP_A01,2462,,,726723.29,9666296.39,O,8.4,A,2.19,10.06,20100116-20100213,8.5,A,5.29,10.37,20110704-20110711,499.995055366,9.43,10.06,measured,0.1,observed,-2.0,8.3,9.89,8.4,True,O,10.06,measured,8.200000000000001,9.882690484676507,0.6344,12.3934,9.3917,9.3917,11.6205,8.8205,8.8205,
TAP_A01,2463,Eschweilera grandifolia,Lecythidaceae,726725.81,9666298.67,O,84.4,A,25.88,40.04,20100116-20100213,87.0,A,23.24,38.14,20110704-20110711,499.995055366,37.16,40.04,measured,2.6,observed,-2.0,81.8,39.15,84.4,True,O,40.04,measured,79.2,39.094288373634406,0.8314,4312.3634,2934.8405,2934.8405,3721.1299,2534.3029,2534.3029,
TAP_A01,2464,,,726740.7,9666297.76,O,22.1,A,7.19,11.38,20100116-20100213,22.2,A,16.63,20.01,20110704-20110711,499.995055366,18.37,11.38,measured,0.1,observed,-2.0,22.0,11.31,22.1,True,O,11.38,measured,21.900000000000002,11.31376661473095,0.6344,92.3654,71.9065,71.9065,90.2253,70.2746,70.2746,
TAP_A01,2465,,,726747.99,9666296.0,O,10.2,D,,2.45,20100116-20100213,10.2,D,,2.45,20110704-20110711,499.995055366,10.78,2.45,measured,0.0,observed,-2.0,10.2,2.45,10.2,False,O,2.45,measured,10.2,2.45,0.6344,4.5611,4.5611,4.8161,4.5611,4.5611,4.8161,
TAP_A01,2466,,,726752.19,9666296.12,O,6.2,A,5.07,5.86,20100116-20100213,6.3,A,3.96,4.44,20110704-20110711,499.995055366,7.54,5.86,measured,0.1,observed,-2.0,6.1,5.72,6.2,True,O,5.86,measured,6.0,5.716448866523311,0.6344,4.0428,3.2884,3.2884,3.7014,3.0178,3.0178,
TAP_A01,2467,,,726754.69,9666296.05,L,12.6,A,,,20100116-20100213,12.4,A,,,20110704-20110711,499.995055366,12.39,14.8,local_fit,0.0,observed,-2.0,12.4,14.8,12.6,True,L,12.39,feldpausch,12.6,12.39,0.6344,33.5136,25.0572,25.0572,33.5136,25.0572,25.0572,
TAP_A01,2468,,,726764.0,9666297.28,O,20.8,D,,9.16,20100116-20100213,20.8,D,,8.76,20110704-20110711,499.995055366,17.61,9.16,measured,0.0,observed,-2.0,20.8,9.16,20.8,False,O,9.16,measured,20.8,9.16,0.6344,66.3942,66.3942,70.1058,66.3942,66.3942,70.1058,
TAP_A01,2469,,,726774.09,9666296.2,O,7.4,A,4.14,5.77,20100116-20100213,7.6,A,3.82,6.64,20110704-20110711,499.995055366,8.68,5.77,measured,0.2,observed,-2.0,7.2,5.54,7.4,True,O,5.77,measured,7.0,5.535383927861912,0.6344,5.6248,4.6256,4.6256,4.8462,4.0008,4.0008,
TAP_A01,2470,Bertholletia excelsa,Lecythidaceae,726781.52,9666312.29,O,186.21,A,39.73,60.21,20100116-20100213,169.0,A,41.91,56.26,20110704-20110711,499.995055366,44.39,60.21,measured,0.0,observed,-2.0,169.0,60.21,186.21,True,O,60.21,measured,186.21,60.21,0.638,30092.8365,19945.0167,19945.0167,30092.8365,19945.0167,19945.0167,
TAP_A01,2471,,,726785.11,9666298.61,O,70.8,A,29.79,48.49,20100116-20100213,70.9,A,27.2,38.53,20110704-20110711,499.995055366,34.33,48.49,measured,0.1,observed,-2.0,70.7,48.43,70.8,True,O,48.49,measured,70.6,48.433266774655486,0.6344,3689.1145,2415.4023,2415.4023,3664.6101,2399.4763,2399.4763,
TAP_A01,2472,Jacaranda copaia,Bignoniaceae,726786.89,9666295.95,O,6.1,A,4.75,12.6,20100116-20100213,6.1,A,8.54,9.17,20110704-20110711,499.995055366,7.36,12.6,measured,0.0,observed,-2.0,6.1,12.6,6.1,True,O,12.6,measured,6.1,12.6,0.3507,8.2677,5.9542,5.9542,8.2677,5.9542,5.9542,
TAP_A01,2473,Eschweilera parviflora,Lecythidaceae,726816.99,9666295.97,O,28.0,A,16.83,33.93,20100116-20100213,28.5,A,28.17,33.07,20110704-20110711,499.995055366,21.46,33.93,measured,0.5,observed,-2.0,27.5,33.2,28.0,True,O,33.93,measured,27.0,33.18628994705471,0.918,425.7582,282.0935,282.0935,388.0954,257.5913,257.5913,
TAP_A01,2474,Virola elongata,Myristicaceae,726817.8,9666297.51,O,73.4,A,26.61,39.77,20100116-20100213,73.9,A,27.85,36.44,20110704-20110711,499.995055366,34.92,39.77,measured,0.5,observed,-2.0,72.9,39.55,73.4,True,O,39.77,measured,72.4,39.54913284814949,0.5233,3261.8625,2207.4357,2207.4357,3158.4649,2137.9357,2137.9357,
TAP_A01,2475,,,726827.59,9666295.43,O,7.0,A,4.92,8.56,20100116-20100213,7.9,A,3.56,8.19,20110704-20110711,499.995055366,8.94,8.56,measured,0.9,observed,-2.0,6.1,7.05,7.0,True,O,8.56,measured,5.2,6.835544358318107,0.6344,7.4163,5.715,5.715,3.333,2.6237,2.6237,
TAP_A01,2476,Tachigali alba,Fabaceae,726827.74,9666302.73,O,78.6,A,25.33,39.2,20100116-20100213,78.6,A,27.34,38.88,20110704-20110711,499.995055366,35.78,39.2,measured,0.0,observed,-2.0,78.6,39.2,78.6,True,O,39.2,measured,78.6,39.2,0.5573,3675.9763,2501.5694,2501.5694,3675.9763,2501.5694,2501.5694,
TAP_A01,2477,,,726832.69,9666295.64,O,6.4,A,2.09,4.26,20100116-20100213,6.9,A,2.41,4.49,20110704-20110711,499.995055366,8.08,4.26,measured,0.5,observed,-2.0,5.9,3.79,6.4,True,O,4.26,measured,5.4,3.745069586406046,0.6344,3.1509,2.6995,2.6995,1.9943,1.7296,1.7296,
TAP_A01,2478,Inga marginata,Fabaceae,726835.88,9666294.07,O,21.4,A,12.02,19.66,20100116-20100213,24.0,A,13.83,17.93,20110704-20110711,499.995055366,19.3,19.66,measured,2.6,observed,-2.0,18.8,16.79,21.4,True,O,19.66,measured,16.2,16.34540676072876,0.5518,147.8992,105.448,105.448,71.7312,51.9574,51.9574,
TAP_A01,2479,,,726830.49,9666295.16,O,5.1,A,1.4,2.83,20100116-20100213,5.2,A,1.31,3.24,20110704-20110711,499.995055366,6.52,2.83,measured,0.1,observed,-2.0,5.0,2.75,5.1,True,O,2.83,measured,4.8999999999999995,2.7445736908860225,0.6344,1.357,1.2268,1.2268,1.2181,1.1044,1.1044,
TAP_A01,2480,,,726825.57,9666292.85,O,29.5,A,13.14,19.48,20100116-20100213,29.6,A,17.48,22.23,20110704-20110711,499.995055366,21.95,19.48,measured,0.1,observed,-2.0,29.4,19.4,29.5,True,O,19.48,measured,29.3,19.40082961123057,0.6344,274.2787,198.8782,198.8782,269.587,195.5382,195.5382,
TAP_A01,2481,,,726823.48,9666294.57,O,10.6,A,7.0,8.2,20100116-20100213,11.2,A,2.58,9.29,20110704-20110711,499.995055366,11.53,8.2,measured,0.6,observed,-2.0,10.0,7.55,10.6,True,O,8.2,measured,9.4,7.516348575886943,0.6344,15.986,12.6523,12.6523,11.6142,9.2659,9.2659,
TAP_A01,2482,,,726816.98,9666294.57,O,7.2,A,3.82,8.46,20100116-20100213,8.0,A,4.31,10.06,20110704-20110711,499.995055366,9.02,8.46,measured,0.8,observed,-2.0,6.4,7.17,7.2,True,O,8.46,measured,5.6,6.999448261194145,0.6344,7.7462,5.9884,5.9884,3.9419,3.1024,3.1024,
TAP_A01,2483,Inga nobilis,Fabaceae,726798.38,9666294.71,O,51.9,A,19.22,38.58,20100116-20100213,53.8,A,32.97,44.67,20110704-20110711,499.995055366,30.35,38.58,measured,1.9,observed,-2.0,50.0,37.22,51.9,True,O,38.58,measured,48.1,37.15021231768637,0.56,1609.7443,1076.5606,1076.5606,1337.4887,896.5571,896.5571,
TAP_A01,2484,,,726796.48,9666295.23,O,5.4,A,4.35,10.9,20100116-20100213,5.4,A,7.91,11.71,20110704-20110711,499.995055366,6.71,10.9,measured,0.0,observed,-2.0,5.4,10.9,5.4,True,O,10.9,measured,5.4,10.9,0.6344,5.6575,4.1444,4.1444,5.6575,4.1444,4.1444,
TAP_A01,2485,Eschweilera grandifolia,Lecythidaceae,726791.85,9666291.26,O,56.4,A,27.5,40.48,20100116-20100213,58.4,A,23.57,34.28,20110704-20110711,499.995055366,31.54,40.48,measured,2.0,observed,-2.0,54.4,39.16,56.4,True,O,40.48,measured,52.4,39.08236194565969,0.8314,1984.3772,1322.3317,1322.3317,1660.9961,1109.0786,1109.0786,
TAP_A01,2486,,,726788.57,9666293.39,O,33.2,A,11.83,21.03,20100116-20100213,34.0,A,14.75,23.25,20110704-20110711,499.995055366,23.81,21.03,measured,0.8,observed,-2.0,32.4,20.45,33.2,True,O,21.03,measured,31.6,20.433804140400746,0.6344,372.2317,268.1749,268.1749,328.6629,237.3009,237.3009,
TAP_A01,2487,,,726788.58,9666294.99,O,11.5,A,11.79,17.12,20100116-20100213,11.7,A,7.44,15.27,20110704-20110711,499.995055366,11.89,17.12,measured,0.2,observed,-2.0,11.3,16.7,11.5,True,O,17.12,measured,11.1,16.692341068207988,0.6344,38.4452,27.1933,27.1933,35.0032,24.8156,24.8156,
TAP_A01,2488,,,726787.98,9666295.09,O,5.4,A,2.48,8.24,20100116-20100213,5.4,D,,8.24,20110704-20110711,499.995055366,6.71,8.24,measured,0.0,observed,-2.0,5.4,8.24,5.4,True,O,8.24,measured,5.4,8.24,0.6344,4.3056,3.2967,3.2967,4.3056,3.2967,3.2967,
TAP_A01,2489,,,726782.29,9666295.49,O,7.3,A,2.14,9.21,20100116-20100213,7.3,D,1.48,9.21,20110704-20110711,499.995055366,8.43,9.21,measured,0.0,observed,-2.0,7.3,9.21,7.3,True,O,9.21,measured,7.3,9.21,0.6344,8.6454,6.5989,6.5989,8.6454,6.5989,6.5989,
TAP_A01,2490,,,726768.37,9666293.94,O,29.2,A,13.14,18.95,20100116-20100213,29.0,A,14.54,17.57,20110704-20110711,499.995055366,21.68,18.95,measured,0.0,observed,-2.0,29.0,18.95,29.2,True,O,18.95,measured,29.2,18.95,0.6344,261.7186,190.5064,190.5064,261.7186,190.5064,190.5064,
TAP_A01,2491,,,726759.78,9666294.91,O,32.4,D,,7.53,20100116-20100213,32.4,D,,3.15,20110704-20110711,499.995055366,23.15,7.53,measured,0.0,observed,-2.0,32.4,7.53,32.4,False,O,7.53,measured,32.4,7.53,0.6344,130.2556,130.2556,137.5372,130.2556,130.2556,137.5372,
TAP_A01,2492,,,726756.96,9666292.33,O,51.9,D,,4.71,20100116-20100213,51.9,D,,3.49,20110704-20110711,499.995055366,29.82,4.71,measured,0.0,observed,-2.0,51.9,4.71,51.9,False,O,4.71,measured,51.9,4.71,0.6344,206.6978,206.6978,218.2526,206.6978,206.6978,218.2526,
TAP_A01,2493,,,726754.99,9666295.5,O,5.1,A,1.83,4.04,20100116-20100213,7.0,A,1.58,5.15,20110704-20110711,499.995055366,8.17,4.04,measured,1.9,observed,-2.0,3.2,2.22,5.1,True,O,4.04,measured,1.2999999999999998,1.3760150956741364,0.6344,1.9207,1.6414,1.6414,0.0466,0.0442,0.0442,
TAP_A01,2494,,,726737.87,9666294.13,O,22.1,A,7.02,16.08,20100116-20100213,27.0,A,15.99,20.87,20110704-20110711,499.995055366,20.76,16.08,measured,4.9,observed,-2.0,17.2,12.03,22.1,True,O,16.08,measured,12.3,10.817084888595874,0.6344,129.4344,95.4083,95.4083,28.0057,21.3684,21.3684,
TAP_A01,2495,,,726737.18,9666295.19,O,12.5,A,10.03,10.65,20100116-20100213,13.3,A,4.9,9.48,20110704-20110711,499.995055366,13.02,10.65,measured,0.8,observed,-2.0,11.7,9.73,12.5,True,O,10.65,measured,10.9,9.660803922545051,0.6344,28.4657,21.7897,21.7897,19.8103,15.2987,15.2987,
TAP_A01,2496,,,726733.08,9666295.42,O,7.5,A,6.73,10.85,20100116-20100213,8.0,A,6.74,13.19,20110704-20110711,499.995055366,9.02,10.85,measured,0.5,observed,-2.0,7.0,9.83,7.5,True,O,10.85,measured,6.5,9.7475242692937,0.6344,10.6945,7.9646,7.9646,7.285,5.4803,5.4803,
TAP_A01,2497,Manilkara huberi,Sapotaceae,726732.85,9666291.22,O,76.6,A,37.64,53.62,20100116-20100213,79.3,A,36.48,47.49,20110704-20110711,499.995055366,35.9,53.62,measured,2.7,observed,-2.0,73.9,52.16,76.6,True,O,53.62,measured,71.19999999999999,52.06483003631624,0.9214,4745.6774,3069.7735,3069.7735,3998.0574,2589.1238,2589.1238,
TAP_A01,2498,,,726727.28,9666295.46,L,5.5,A,,,20100116-20100213,6.3,A,,,20110704-20110711,499.995055366,7.54,9.47,local_fit,0.8,observed,-2.0,4.7,7.59,5.5,True,L,7.54,feldpausch,3.9,5.787679377178453,0.6344,4.0923,3.1803,3.1803,1.6159,1.288,1.288,
TAP_A01,2499,Inga marginata,Fabaceae,726713.28,9666295.43,O,7.0,A,6.81,16.14,20100116-20100213,8.5,A,8.27,13.43,20110704-20110711,499.995055366,9.43,16.14,measured,1.5,observed,-2.0,5.5,11.66,7.0,True,O,16.14,measured,4.0,10.530634750800083,0.5518,13.7723,9.6011,9.6011,3.0451,2.2108,2.2108,
TAP_A01,2500,,,726709.89,9666295.95,O,7.7,A,7.19,13.52,20100116-20100213,7.8,A,6.86,12.99,20110704-20110711,499.995055366,8.85,13.52,measured,0.1,observed,-2.0,7.6,13.26,7.7,True,O,13.52,measured,7.5,13.257969215643014,0.6344,13.9548,10.0503,10.0503,13.0052,9.3836,9.3836,
TAP_A01,2501,,,726706.06,9666292.93,O,32.4,A,22.57,26.54,20100116-20100213,33.1,A,24.77,27.36,20110704-20110711,499.995055366,23.44,26.54,measured,0.7,observed,-2.0,31.7,25.88,32.4,True,O,26.54,measured,31.0,25.861810290600545,0.6344,445.4222,308.9587,308.9587,398.4316,276.9095,276.9095,
TAP_A01,2502,,,726681.58,9666295.22,O,27.7,A,15.4,22.11,20100116-20100213,28.9,A,23.78,26.96,20110704-20110711,499.995055366,21.64,22.11,measured,1.2,observed,-2.0,26.5,20.98,27.7,True,O,22.11,measured,25.3,20.910869521520706,0.6344,274.4731,194.4879,194.4879,217.7886,155.0118,155.0118,
TAP_A01,2503,,,726671.89,9666296.19,O,7.8,A,2.89,5.21,20100116-20100213,8.0,A,5.12,5.63,20110704-20110711,499.995055366,9.02,5.21,measured,0.2,observed,-2.0,7.6,5.01,7.8,True,O,5.21,measured,7.3999999999999995,5.009970052835599,0.6344,5.6424,4.7274,4.7274,4.9005,4.1209,4.1209,
TAP_A01,2504,,,726670.69,9666295.8,O,6.9,A,7.94,9.97,20100116-20100213,7.2,A,0.69,15.76,20110704-20110711,499.995055366,8.34,9.97,measured,0.3,observed,-2.0,6.6,9.34,6.9,True,O,9.97,measured,6.300000000000001,9.310655989847307,0.6344,8.368,6.2906,6.2906,6.5539,4.9587,4.9587,
TAP_A01,2505,,,726656.98,9666295.51,O,48.7,D,,8.52,20100116-20100213,48.7,D,,8.71,20110704-20110711,499.995055366,28.9,8.52,measured,0.0,observed,-2.0,48.7,8.52,48.7,False,O,8.52,measured,48.7,8.52,0.6344,325.5564,325.5564,343.7558,325.5564,325.5564,343.7558,
TAP_A01,2506,,,726647.09,9666296.04,O,10.7,A,13.5,16.9,20100116-20100213,10.7,D,1.12,10.33,20110704-20110711,499.995055366,11.15,16.9,measured,0.0,observed,-2.0,10.7,16.9,10.7,True,O,16.9,measured,10.7,16.9,0.6344,32.9788,23.2937,23.2937,32.9788,23.2937,23.2937,
TAP_A01,2507,,,726638.49,9666296.25,O,6.7,A,3.26,8.84,20100116-20100213,6.7,A,5.45,8.21,20110704-20110711,499.995055366,7.9,8.84,measured,0.0,observed,-2.0,6.7,8.84,6.7,True,O,8.84,measured,6.7,8.84,0.6344,7.0258,5.3754,5.3754,7.0258,5.3754,5.3754,
TAP_A01,2508,Ocotea sp.,Lauraceae,726635.27,9666294.18,O,59.6,A,9.66,11.69,20100116-20100213,60.1,A,14.45,23.89,20110704-20110711,499.995055366,31.96,11.69,measured,0.5,observed,-2.0,59.1,11.6,59.6,True,O,11.69,measured,58.6,11.599732994841043,0.5245,657.5493,534.5942,534.5942,631.3905,513.5387,513.5387,
TAP_A01,2509,Tachigali myrmecophila,Fabaceae,726633.79,9666296.19,O,24.3,A,23.87,32.95,20100116-20100213,25.9,A,30.49,39.99,20110704-20110711,499.995055366,20.24,32.95,measured,1.6,observed,-2.0,22.7,30.33,24.3,True,O,32.95,measured,21.1,30.11119563240701,0.476,313.7553,207.433,207.433,218.1215,145.286,145.286,
TAP_A01,2510,,,726629.99,9666296.27,O,7.3,A,7.99,12.54,20100116-20100213,7.4,A,7.17,8.36,20110704-20110711,499.995055366,8.51,12.54,measured,0.1,observed,-2.0,7.2,12.29,7.3,True,O,12.54,measured,7.1,12.282461183752373,0.6344,11.6844,8.494,8.494,10.8457,7.8997,7.8997,
TAP_A01,2511,Manilkara huberi,Sapotaceae,726628.99,9666296.03,O,56.6,A,20.91,41.31,20100116-20100213,58.2,A,26.68,35.99,20110704-20110711,499.995055366,31.49,41.31,measured,1.6,observed,-2.0,55.0,40.23,56.6,True,O,41.31,measured,53.4,40.183501464252814,0.9214,2038.1129,1354.0212,1354.0212,1770.8095,1178.2924,1178.2924,
TAP_A01,2512,,,726622.68,9666295.42,O,24.0,A,18.08,20.6,20100116-20100213,26.1,A,16.52,24.0,20110704-20110711,499.995055366,20.34,20.6,measured,2.1,observed,-2.0,21.9,18.44,24.0,True,O,20.6,measured,19.8,18.202522568756844,0.6344,193.6277,137.7924,137.7924,117.8798,84.7574,84.7574,
TAP_A01,2513,Inga marginata,Fabaceae,726613.88,9666295.74,O,12.2,A,14.2,16.7,20100116-20100213,14.1,A,12.02,17.34,20110704-20110711,499.995055366,13.56,16.7,measured,1.9,observed,-2.0,10.3,13.36,12.2,True,O,16.7,measured,8.399999999999999,12.74979238068858,0.5518,42.112,29.9889,29.9889,15.618,11.4004,11.4004,
TAP_A01,2514,,,726612.79,9666296.4,O,6.1,A,4.87,7.93,20100116-20100213,6.3,A,4.2,6.8,20110704-20110711,499.995055366,7.54,7.93,measured,0.2,observed,-2.0,5.9,7.55,6.1,True,O,7.93,measured,5.699999999999999,7.532546864076169,0.6344,5.2616,4.0768,4.0768,4.3835,3.4131,3.4131,
TAP_A01,2515,Sloanea guianensis,Elaeocarpaceae,726607.19,9666296.14,O,8.6,A,8.56,11.62,20100116-20100213,10.9,A,7.12,13.13,20110704-20110711,499.995055366,11.3,11.62,measured,2.3,observed,-2.0,6.3,7.75,8.6,True,O,11.62,measured,4.0,6.5072655734278095,0.8212,14.9363,11.0763,11.0763,1.9035,1.4912,1.4912,
TAP_A01,2516,,,726602.49,9666296.28,O,15.4,D,,4.69,20100116-20100213,15.4,D,,1.74,20110704-20110711,499.995055366,14.41,4.69,measured,0.0,observed,-2.0,15.4,4.69,15.4,False,O,4.69,measured,15.4,4.69,0.6344,19.2117,19.2117,20.2857,19.2117,19.2117,20.2857,
TAP_A01,2517,,,726601.59,9666296.24,O,20.3,D,,6.38,20100116-20100213,20.3,D,,,20110704-20110711,499.995055366,17.33,6.38,measured,0.0,observed,-2.0,20.3,6.38,20.3,False,O,6.38,measured,20.3,6.38,0.6344,44.4834,44.4834,46.9701,44.4834,44.4834,46.9701,
TAP_A01,2518,,,726596.99,9666296.42,O,14.5,A,11.66,14.93,20100116-20100213,15.5,A,11.59,17.63,20110704-20110711,499.995055366,14.47,14.93,measured,1.0,observed,-2.0,13.5,13.57,14.5,True,O,14.93,measured,12.5,13.4594069995634,0.6344,52.8851,38.6524,38.6524,35.7732,26.389,26.389,
TAP_A01,2519,,,726581.37,9666294.3,O,34.0,A,34.16,44.41,20100116-20100213,35.1,A,22.61,33.83,20110704-20110711,499.995055366,24.25,44.41,measured,1.1,observed,-2.0,32.9,42.78,34.0,True,O,44.41,measured,31.8,42.7210477310281,0.6344,808.8142,518.3899,518.3899,683.4471,439.3178,439.3178,
TAP_A01,2520,Protium hepytaphillum ,Burseraceae,726579.78,9666295.31,O,25.1,A,26.15,33.11,20100116-20100213,25.8,A,23.37,31.73,20110704-20110711,499.995055366,20.19,33.11,measured,0.7,observed,-2.0,24.4,31.98,25.1,True,O,33.11,measured,23.700000000000003,31.938700655871067,0.5773,335.818,222.1946,222.1946,289.8565,192.348,192.348,
TAP_A01,2521,Goupia glabra,Goupiaceae,726572.78,9666296.06,O,42.9,A,25.25,32.97,20100116-20100213,44.4,A,28.39,37.22,20110704-20110711,499.995055366,27.56,32.97,measured,1.5,observed,-2.0,41.4,31.77,42.9,True,O,32.97,measured,39.9,31.712472381080463,0.7272,952.1413,646.8377,646.8377,795.7202,542.0152,542.0152,
TAP_A01,2522,Duguetia stelechantha,Annonaceae,726568.79,9666297.04,O,6.3,A,4.96,10.3,20100116-20100213,6.3,A,4.66,9.9,20110704-20110711,499.995055366,7.54,10.3,measured,0.0,observed,-2.0,6.3,10.3,6.3,True,O,10.3,measured,6.3,10.3,0.849,7.2327,5.3857,5.3857,7.2327,5.3857,5.3857,
TAP_A01,2523,,,726537.18,9666295.24,O,23.1,A,18.97,25.43,20100116-20100213,23.3,A,15.53,27.62,20110704-20110711,499.995055366,18.94,25.43,measured,0.2,observed,-2.0,22.9,25.15,23.1,True,O,25.43,measured,22.700000000000003,25.148804271014544,0.6344,220.7239,151.655,151.655,211.0222,145.1224,145.1224,
TAP_A01,2524,,,726534.79,9666297.11,O,10.3,A,7.39,13.24,20100116-20100213,10.3,A,6.56,14.83,20110704-20110711,499.995055366,10.85,13.24,measured,0.0,observed,-2.0,10.3,13.24,10.3,True,O,13.24,measured,10.3,13.24,0.6344,24.1258,17.6782,17.6782,24.1258,17.6782,17.6782,
TAP_A01,2525,,,726534.48,9666296.11,O,15.2,A,14.34,20.44,20100116-20100213,15.6,A,12.13,19.06,20110704-20110711,499.995055366,14.54,20.44,measured,0.4,observed,-2.0,14.8,19.71,15.2,True,O,20.44,measured,14.399999999999999,19.692251549329406,0.6344,78.7859,54.9187,54.9187,68.3623,47.8099,47.8099,
TAP_A01,2526,Ecclinusa ramiflora,Sapotaceae,726527.49,9666297.01,O,65.5,A,27.13,34.23,20100116-20100213,66.0,A,20.6,37.7,20110704-20110711,499.995055366,33.31,34.23,measured,0.5,observed,-2.0,65.0,34.0,65.5,True,O,34.23,measured,64.5,34.00169154488321,0.961,2256.0298,1554.8443,1554.8443,2175.0326,1499.4995,1499.4995,
TAP_A01,2527,,,726523.59,9666297.24,O,7.4,A,4.92,9.13,20100116-20100213,7.6,A,4.69,8.29,20110704-20110711,499.995055366,8.68,9.13,measured,0.2,observed,-2.0,7.2,8.77,7.4,True,O,9.13,measured,7.0,8.758761743739907,0.6344,8.8028,6.7327,6.7327,7.5843,5.8234,5.8234,
TAP_A01,2528,Eschweilera coriacea,Lecythidaceae,726517.99,9666297.12,O,5.4,A,1.91,8.05,20100116-20100213,5.5,A,3.64,10.09,20110704-20110711,499.995055366,6.81,8.05,measured,0.1,observed,-2.0,5.3,7.83,5.4,True,O,8.05,measured,5.2,7.821363227466098,0.8521,4.2087,3.2344,3.2344,3.8014,2.9293,2.9293,
TAP_A01,2529,Astrocaryum aculeatum ,Arecaceae,726503.89,9666297.55,P,20.5,A,2.38,10.34,20100116-20100213,26.4,A,,10.34,20110704-20110711,499.995055366,20.48,10.34,measured,5.0,observed,-2.0,16.4,7.59,20.5,True,P,10.34,measured,10.5,6.522008075160938,0.508,72.6401,,,12.5504,,,
TAP_A01,2530,,,726501.29,9666297.22,O,6.3,A,3.62,6.66,20100116-20100213,6.4,A,4.82,6.77,20110704-20110711,499.995055366,7.64,6.66,measured,0.1,observed,-2.0,6.2,6.49,6.3,True,O,6.66,measured,6.1,6.499633543529912,0.6344,4.7259,3.77,3.77,4.3332,3.4647,3.4647,
TAP_A01,2531,Inga marginata,Fabaceae,726495.99,9666297.03,O,8.5,A,6.94,10.96,20100116-20100213,10.3,A,9.78,14.35,20110704-20110711,499.995055366,10.85,10.96,measured,1.8,observed,-2.0,6.7,7.98,8.5,True,O,10.96,measured,4.9,7.2398251767585835,0.5518,13.7893,10.3148,10.3148,3.1392,2.4418,2.4418,
TAP_A01,2532,,,726490.69,9666297.35,O,11.4,D,,7.05,20100116-20100213,11.4,D,,7.05,20110704-20110711,499.995055366,11.67,7.05,measured,0.0,observed,-2.0,11.4,7.05,11.4,False,O,7.05,measured,11.4,7.05,0.6344,15.8991,15.8991,16.7879,15.8991,15.8991,16.7879,
TAP_A01,2533,,,726487.99,9666297.32,O,11.0,A,5.08,9.75,20100116-20100213,12.4,A,7.21,11.13,20110704-20110711,499.995055366,12.39,9.75,measured,1.4,observed,-2.0,9.6,8.11,11.0,True,O,9.75,measured,8.2,7.872334318141064,0.6344,20.3483,15.6982,15.6982,9.3073,7.3232,7.3232,
TAP_A01,2534,,,726482.99,9666297.06,O,11.5,A,9.48,10.98,20100116-20100213,11.5,A,7.9,10.45,20110704-20110711,499.995055366,11.75,10.98,measured,0.0,observed,-2.0,11.5,10.98,11.5,True,O,10.98,measured,11.5,10.98,0.6344,24.9213,18.909,18.909,24.9213,18.909,18.909,
TAP_A01,2535,,,726475.19,9666297.77,O,5.8,A,1.83,6.84,20100116-20100213,6.0,A,4.86,7.28,20110704-20110711,499.995055366,7.27,6.84,measured,0.2,observed,-2.0,5.6,6.49,5.8,True,O,6.84,measured,5.3999999999999995,6.47806464660635,0.6344,4.1275,3.2658,3.2658,3.4046,2.7078,2.7078,
TAP_A01,2536,,,726472.69,9666296.69,O,16.2,A,10.31,15.31,20100116-20100213,16.2,A,10.23,14.79,20110704-20110711,499.995055366,14.91,15.31,measured,0.0,observed,-2.0,16.2,15.31,16.2,True,O,15.31,measured,16.2,15.31,0.6344,67.293,49.2492,49.2492,67.293,49.2492,49.2492,
TAP_A01,2537,,,726470.09,9666297.71,O,9.4,A,6.15,8.94,20100116-20100213,9.5,A,4.82,8.54,20110704-20110711,499.995055366,10.23,8.94,measured,0.1,observed,-2.0,9.3,8.81,9.4,True,O,8.94,measured,9.200000000000001,8.800753196675796,0.6344,13.7566,10.6785,10.6785,12.9905,10.0984,10.0984,
TAP_A01,2538,,,726454.89,9666296.98,O,18.9,A,15.65,19.05,20100116-20100213,20.4,A,13.21,19.94,20110704-20110711,499.995055366,17.39,19.05,measured,1.5,observed,-2.0,17.4,17.14,18.9,True,O,19.05,measured,15.899999999999999,16.961308108542607,0.6344,112.536,80.1562,80.1562,71.7035,51.5883,51.5883,
TAP_A01,2539,Schefflera morototonii,Araliaceae,726454.09,9666297.73,O,9.2,A,12.88,15.01,20100116-20100213,9.3,A,11.77,13.4,20110704-20110711,499.995055366,10.08,15.01,measured,0.1,observed,-2.0,9.1,14.77,9.2,True,O,15.01,measured,9.0,14.770597932653713,0.4273,21.8737,15.6284,15.6284,20.6288,14.7609,14.7609,
TAP_A01,2540,,,726452.33,9666288.95,O,95.3,A,34.35,46.19,20100116-20100213,96.5,A,34.09,44.3,20110704-20110711,499.995055366,38.51,46.19,measured,1.2,observed,-2.0,94.1,45.81,95.3,True,O,46.19,measured,92.89999999999999,45.793694342813374,0.6344,6284.1833,4205.7698,4205.7698,5928.8943,3968.5325,3968.5325,
TAP_A01,2541,,,726440.29,9666297.39,O,26.8,A,18.0,21.85,20100116-20100213,27.2,A,11.63,21.42,20110704-20110711,499.995055366,20.86,21.85,measured,0.4,observed,-2.0,26.4,21.45,26.8,True,O,21.85,measured,26.0,21.44605329709086,0.6344,254.3808,180.3019,180.3019,235.4419,167.1277,167.1277,
TAP_A01,2542,Virola elongata,Myristicaceae,726438.19,9666296.71,O,77.5,A,38.23,46.44,20100116-20100213,78.3,A,24.08,40.42,20110704-20110711,499.995055366,35.73,46.44,measured,0.8,observed,-2.0,76.7,46.06,77.5,True,O,46.44,measured,75.9,46.06102875432317,0.5233,4219.5332,2793.706,2793.706,4018.8913,2661.6438,2661.6438,
TAP_A01,2543,,,726432.7,9666298.05,O,12.4,D,,5.98,20100116-20100213,12.4,D,,6.18,20110704-20110711,499.995055366,12.39,5.98,measured,0.0,observed,-2.0,12.4,5.98,12.4,False,O,5.98,measured,12.4,5.98,0.6344,15.9544,15.9544,16.8463,15.9544,15.9544,16.8463,
TAP_A01,2544,Manilkara huberi,Sapotaceae,726427.95,9666291.89,O,70.0,A,27.62,45.33,20100116-20100213,71.1,A,33.86,54.4,20110704-20110711,499.995055366,34.37,45.33,measured,1.1,observed,-2.0,68.9,44.75,70.0,True,O,45.33,measured,67.8,44.72550132126571,0.9214,3378.5047,2234.4933,2234.4933,3133.0184,2073.3519,2073.3519,
TAP_A01,2545,,,726418.69,9666297.56,L,11.7,A,,,20100116-20100213,13.1,A,,,20110704-20110711,499.995055366,12.88,14.22,local_fit,1.4,observed,-2.0,10.3,11.98,11.7,True,L,12.88,feldpausch,8.899999999999999,10.569657374561212,0.6344,30.1188,22.3019,22.3019,14.5597,10.978,10.978,
TAP_A01,2546,,,726418.39,9666297.26,O,24.0,A,17.13,23.11,20100116-20100213,26.4,A,15.29,25.97,20110704-20110711,499.995055366,20.48,23.11,measured,2.4,observed,-2.0,21.6,20.37,24.0,True,O,23.11,measured,19.2,20.01118725549756,0.6344,216.6216,151.3806,151.3806,121.7607,86.1198,86.1198,
TAP_A01,2547,,,726416.39,9666297.93,O,48.2,A,25.56,32.17,20100116-20100213,49.0,A,21.65,42.69,20110704-20110711,499.995055366,28.99,32.17,measured,0.8,observed,-2.0,47.4,31.64,48.2,True,O,32.17,measured,46.6,31.622795373763154,0.6344,1166.9191,800.2921,800.2921,1074.361,737.618,737.618,
TAP_A01,2548,,,726415.19,9666297.49,O,20.6,D,,5.85,20100116-20100213,20.6,D,,5.13,20110704-20110711,499.995055366,17.5,5.85,measured,0.0,observed,-2.0,20.6,5.85,20.6,False,O,5.85,measured,20.6,5.85,0.6344,42.0604,42.0604,44.4117,42.0604,42.0604,44.4117,
TAP_A01,2549,,,726406.99,9666297.95,O,14.6,A,15.05,20.7,20100116-20100213,14.3,A,25.07,30.49,20110704-20110711,499.995055366,13.69,20.7,measured,0.0,observed,-2.0,14.3,20.7,14.6,True,O,20.7,measured,14.6,20.7,0.6344,73.7334,51.1952,51.1952,73.7334,51.1952,51.1952,
TAP_A01,2550,,,726403.76,9666293.27,O,77.1,A,30.68,45.56,20100116-20100213,78.0,A,29.8,44.98,20110704-20110711,499.995055366,35.67,45.56,measured,0.9,observed,-2.0,76.2,45.15,77.1,True,O,45.56,measured,75.3,45.13738685904369,0.6344,4099.8554,2722.0099,2722.0099,3879.6453,2576.6783,2576.6783,
TAP_A01,2551,,,726386.0,9666298.51,O,6.1,A,7.49,10.06,20100116-20100213,6.4,A,1.57,15.3,20110704-20110711,499.995055366,7.64,10.06,measured,0.3,observed,-2.0,5.8,9.34,6.1,True,O,10.06,measured,5.5,9.299621295807002,0.6344,6.6368,4.9527,4.9527,5.0219,3.7756,3.7756,
TAP_A01,2552,,,726385.29,9666297.42,O,17.8,A,7.71,17.78,20100116-20100213,18.4,A,9.27,15.44,20110704-20110711,499.995055366,16.25,17.78,measured,0.6,observed,-2.0,17.2,16.99,17.8,True,O,17.78,measured,16.6,16.96419665999059,0.6344,93.5867,67.196,67.196,78.0075,56.2385,56.2385,
TAP_A01,2553,Minquartia guianensis,Olacaceae,726371.28,9666296.73,O,26.4,A,10.04,13.15,20100116-20100213,26.9,A,6.67,13.17,20110704-20110711,499.995055366,20.72,13.15,measured,0.5,observed,-2.0,25.9,12.85,26.4,True,O,13.15,measured,25.4,12.839574288686915,0.7867,150.4884,115.4911,115.4911,136.3457,104.8386,104.8386,
TAP_A01,2554,Couratari stellata,Lecythidaceae,726370.39,9666297.63,O,35.0,A,23.27,30.22,20100116-20100213,36.5,A,19.96,29.18,20110704-20110711,499.995055366,24.79,30.22,measured,1.5,observed,-2.0,33.5,28.78,35.0,True,O,30.22,measured,32.0,28.698470997055956,0.6331,587.8262,400.9373,400.9373,469.2276,321.2831,321.2831,
TAP_A01,2555,Inga marginata,Fabaceae,726364.49,9666298.18,O,18.2,A,20.33,25.48,20100116-20100213,19.1,A,16.31,23.48,20110704-20110711,499.995055366,16.65,25.48,measured,0.9,observed,-2.0,17.3,23.86,18.2,True,O,25.48,measured,16.4,23.75694809801305,0.5518,138.8579,94.2917,94.2917,105.8297,72.3009,72.3009,
TAP_A01,2556,,,726359.4,9666298.72,O,18.1,A,7.31,15.86,20100116-20100213,18.1,A,10.01,17.7,20110704-20110711,499.995055366,16.07,15.86,measured,0.0,observed,-2.0,18.1,15.86,18.1,True,O,15.86,measured,18.1,15.86,0.6344,86.4859,63.2797,63.2797,86.4859,63.2797,63.2797,
TAP_A01,2557,,,726349.9,9666298.54,O,21.0,A,16.97,21.04,20100116-20100213,21.3,A,14.01,21.44,20110704-20110711,499.995055366,17.88,21.04,measured,0.3,observed,-2.0,20.7,20.66,21.0,True,O,21.04,measured,20.4,20.64715303612516,0.6344,152.3089,107.337,107.337,141.3066,99.7414,99.7414,
TAP_A01,2558,,,726346.79,9666298.12,O,20.6,A,15.3,23.1,20100116-20100213,20.4,A,14.53,23.98,20110704-20110711,499.995055366,17.39,23.1,measured,0.0,observed,-2.0,20.4,23.1,20.6,True,O,23.1,measured,20.6,23.1,0.6344,160.6996,111.4881,111.4881,160.6996,111.4881,111.4881,
TAP_A01,2559,,,726346.13,9666298.42,O,8.6,A,10.29,15.04,20100116-20100213,9.3,A,14.08,18.82,20110704-20110711,499.995055366,10.08,15.04,measured,0.7,observed,-2.0,7.9,13.34,8.6,True,O,15.04,measured,7.199999999999999,13.183738332099432,0.6344,19.213,13.6787,13.6787,11.9435,8.6083,8.6083,
TAP_A01,2560,Inga marginata,Fabaceae,726344.18,9666298.55,O,5.2,A,5.19,10.45,20100116-20100213,5.7,A,7.13,10.95,20110704-20110711,499.995055366,6.99,10.45,measured,0.5,observed,-2.0,4.7,9.03,5.2,True,O,10.45,measured,4.2,8.867062007803607,0.5518,5.0438,3.7128,3.7128,2.8319,2.1176,2.1176,
TAP_A01,2561,,,726480.4,9666298.03,O,,A,,,20100116-20100213,5.1,A,,,20110704-20110711,499.995055366,6.43,6.43,feldpausch_regional,0.2,site_median,-2.0,4.7,6.04,,True,O,6.43,feldpausch,,,0.6344,,,,,,,
TAP_A01,2562,,,726503.79,9666297.7,P,,A,,,20100116-20100213,26.4,A,,15.0,20110704-20110711,499.995055366,20.48,15.0,measured,0.2,site_median,-2.0,26.0,14.86,,True,P,20.48,feldpausch,,,0.6344,,,,,,,
TAP_A01,2601,,,726631.48,9666096.45,O,134.6,A,33.65,46.11,20100116-20100213,135.3,A,30.96,44.86,20110704-20110711,499.997652494,42.39,46.11,measured,0.7,observed,-2.0,133.9,46.0,134.6,True,O,46.11,measured,133.2,45.994541942188846,0.6344,12308.9409,8377.8773,8377.8773,12030.7938,8187.6952,8187.6952,
TAP_A01,2602,,,726648.87,9666094.25,O,7.7,A,6.12,13.12,20100116-20100213,7.9,A,8.63,13.2,20110704-20110711,499.997652494,8.94,13.12,measured,0.2,observed,-2.0,7.5,12.62,7.7,True,O,13.12,measured,7.3,12.609133041539083,0.6344,13.5517,9.8064,9.8064,11.7472,8.5323,8.5323,
TAP_A01,2603,,,726650.77,9666094.32,L,7.6,A,,,20100116-20100213,7.7,A,,,20110704-20110711,499.997652494,8.77,11.27,local_fit,0.1,observed,-2.0,7.5,11.05,7.6,True,L,8.77,feldpausch,7.3999999999999995,8.597594663654341,0.6344,8.9161,6.8716,6.8716,8.3014,6.4098,6.4098,
TAP_A01,2604,Virola elongata,Myristicaceae,726657.11,9666098.94,O,54.5,A,21.74,35.34,20100116-20100213,54.6,A,21.83,29.52,20110704-20110711,499.997652494,30.56,35.34,measured,0.1,observed,-2.0,54.4,35.28,54.5,True,O,35.34,measured,54.3,35.27801278155989,0.5233,1625.6042,1104.9293,1104.9293,1611.2168,1095.2607,1095.2607,
TAP_A01,2605,,,726673.86,9666094.96,O,8.3,A,13.02,16.3,20100116-20100213,8.5,A,11.19,15.93,20110704-20110711,499.997652494,9.43,16.3,measured,0.2,observed,-2.0,8.1,15.73,8.3,True,O,16.3,measured,7.9,15.715315259351758,0.6344,19.3908,13.6077,13.6077,16.9918,11.9648,11.9648,
TAP_A01,2606,,,726688.22,9666095.01,O,18.7,A,13.06,17.26,20100116-20100213,19.2,A,11.65,17.12,20110704-20110711,499.997652494,16.71,17.26,measured,0.5,observed,-2.0,18.2,16.66,18.7,True,O,17.26,measured,17.7,16.639374851257653,0.6344,100.1031,72.3839,72.3839,86.7629,62.9356,62.9356,
TAP_A01,2607,,,726692.36,9666095.35,O,5.6,A,9.01,14.27,20100116-20100213,5.6,A,11.86,14.85,20110704-20110711,499.997652494,6.9,14.27,measured,0.0,observed,-2.0,5.6,14.27,5.6,True,O,14.27,measured,5.6,14.27,0.6344,7.9003,5.5559,5.5559,7.9003,5.5559,5.5559,
TAP_A01,2608,Protium hepytaphillum ,Burseraceae,726700.04,9666095.82,O,29.8,A,15.7,21.7,20100116-20100213,30.7,A,11.13,25.63,20110704-20110711,499.997652494,22.43,21.7,measured,0.9,observed,-2.0,28.9,20.94,29.8,True,O,21.7,measured,28.0,20.90180891573623,0.5773,310.8247,221.6747,221.6747,265.346,189.7955,189.7955,
TAP_A01,2609,,,726699.98,9666097.72,O,30.3,A,24.26,30.49,20100116-20100213,31.0,A,19.27,26.68,20110704-20110711,499.997652494,22.56,30.49,measured,0.7,observed,-2.0,29.6,29.67,30.3,True,O,30.49,measured,28.900000000000002,29.64015329475657,0.6344,447.4807,302.6812,302.6812,396.9068,269.0626,269.0626,
TAP_A01,2610,Inga marginata,Fabaceae,726703.54,9666098.84,O,45.8,A,17.23,28.11,20100116-20100213,46.0,A,18.2,25.66,20110704-20110711,499.997652494,28.07,28.11,measured,0.2,observed,-2.0,45.6,27.99,45.8,True,O,28.11,measured,45.4,27.98294662010091,0.5518,925.8876,647.0809,647.0809,906.1534,633.4758,633.4758,
TAP_A01,2611,,,726706.18,9666096.28,O,9.2,A,3.69,20.62,20100116-20100213,9.2,A,3.68,12.27,20110704-20110711,499.997652494,10.0,20.62,measured,0.0,observed,-2.0,9.2,20.62,9.2,True,O,20.62,measured,9.2,20.62,0.6344,29.8209,20.2639,20.2639,29.8209,20.2639,20.2639,
TAP_A01,2612,,,726708.94,9666096.08,O,14.6,A,10.77,16.68,20100116-20100213,15.4,A,8.55,12.4,20110704-20110711,499.997652494,14.41,16.68,measured,0.8,observed,-2.0,13.8,15.46,14.6,True,O,16.68,measured,13.0,15.384695788784068,0.6344,59.7229,42.9063,42.9063,44.0025,31.8409,31.8409,
TAP_A01,2613,,,726712.74,9666096.06,O,5.7,A,2.54,7.59,20100116-20100213,6.0,A,3.05,11.89,20110704-20110711,499.997652494,7.27,7.59,measured,0.3,observed,-2.0,5.4,7.01,5.7,True,O,7.59,measured,5.1000000000000005,6.9727487755051,0.6344,4.4162,3.4344,3.4344,3.2719,2.5651,2.5651,
TAP_A01,2614,,,726718.53,9666096.46,O,6.9,A,4.96,7.99,20100116-20100213,7.7,A,7.44,11.09,20110704-20110711,499.997652494,8.77,7.99,measured,0.8,observed,-2.0,6.1,6.71,6.9,True,O,7.99,measured,5.300000000000001,6.544049930891831,0.6344,6.7419,5.2486,5.2486,3.3152,2.6301,2.6301,
TAP_A01,2615,,,726725.89,9666097.91,O,27.9,A,9.9,14.37,20100116-20100213,27.9,D,1.11,6.78,20110704-20110711,499.997652494,21.18,14.37,measured,0.0,observed,-2.0,27.9,14.37,27.9,True,O,14.37,measured,27.9,14.37,0.6344,182.7923,138.6971,138.6971,182.7923,138.6971,138.6971,
TAP_A01,2616,Astrocaryum gynacanthum,Arecaceae,726730.13,9666096.86,P,5.3,A,2.31,3.91,20100116-20100213,5.3,D,1.39,2.21,20110704-20110711,499.997652494,6.62,3.91,measured,0.0,observed,-2.0,5.3,3.91,5.3,True,P,3.91,measured,5.3,3.91,0.508,2.0054,,,2.0054,,,
TAP_A01,2617,,,726739.48,9666098.48,O,54.1,D,,2.24,20100116-20100213,54.1,D,,2.24,20110704-20110711,499.997652494,30.43,2.24,measured,0.0,observed,-2.0,54.1,2.24,54.1,False,O,2.24,measured,54.1,2.24,0.6344,108.5185,108.5185,114.5849,108.5185,108.5185,114.5849,
TAP_A01,2618,Aniba parviflora,Lauraceae,726745.47,9666098.79,O,69.4,A,31.61,39.61,20100116-20100213,72.2,A,33.11,41.3,20110704-20110711,499.997652494,34.59,39.61,measured,2.8,observed,-2.0,66.6,38.29,69.4,True,O,39.61,measured,63.800000000000004,38.20544755098588,0.54,2912.4059,1966.9022,1966.9022,2385.75,1613.91,1613.91,
TAP_A01,2619,,,726754.2,9666098.15,O,11.0,A,8.68,14.69,20100116-20100213,12.0,A,14.42,18.88,20110704-20110711,499.997652494,12.11,14.69,measured,1.0,observed,-2.0,10.0,12.88,11.0,True,O,14.69,measured,9.0,12.701604785825017,0.6344,30.358,21.9517,21.9517,17.8036,13.0467,13.0467,
TAP_A01,2620,,,726764.49,9666098.54,O,38.7,A,16.61,22.18,20100116-20100213,38.8,A,19.97,33.51,20110704-20110711,499.997652494,25.64,22.18,measured,0.1,observed,-2.0,38.6,22.12,38.7,True,O,22.18,measured,38.5,22.11687252141826,0.6344,528.8481,380.608,380.608,522.072,375.8071,375.8071,
TAP_A01,2621,,,726766.4,9666098.21,O,6.1,A,3.38,7.58,20100116-20100213,6.1,A,3.52,6.93,20110704-20110711,499.997652494,7.36,7.58,measured,0.0,observed,-2.0,6.1,7.58,6.1,True,O,7.58,measured,6.1,7.58,0.6344,5.0348,3.9291,3.9291,5.0348,3.9291,3.9291,
TAP_A01,2622,,,726766.6,9666098.22,O,29.0,A,16.94,23.36,20100116-20100213,29.4,A,12.53,23.94,20110704-20110711,499.997652494,21.86,23.36,measured,0.4,observed,-2.0,28.6,22.98,29.0,True,O,23.36,measured,28.2,22.96916570392268,0.6344,316.7314,222.9802,222.9802,295.0018,207.9574,207.9574,
TAP_A01,2623,,,726782.4,9666098.56,O,16.8,A,18.41,22.39,20100116-20100213,16.8,A,15.03,22.22,20110704-20110711,499.997652494,15.29,22.39,measured,0.0,observed,-2.0,16.8,22.39,16.8,True,O,22.39,measured,16.8,22.39,0.6344,104.6929,72.2807,72.2807,104.6929,72.2807,72.2807,
TAP_A01,2624,Inga marginata,Fabaceae,726799.78,9666099.46,O,9.8,A,12.13,15.87,20100116-20100213,10.3,A,10.07,15.74,20110704-20110711,499.997652494,10.85,15.87,measured,0.5,observed,-2.0,9.3,14.74,9.8,True,O,15.87,measured,8.8,14.670786379080296,0.5518,26.1275,18.5602,18.5602,19.6132,14.0341,14.0341,
TAP_A01,2625,,,726801.79,9666099.23,O,7.6,A,13.79,21.3,20100116-20100213,7.8,A,8.89,14.26,20110704-20110711,499.997652494,8.85,21.3,measured,0.2,observed,-2.0,7.4,20.48,7.6,True,O,21.3,measured,7.199999999999999,20.458710929593003,0.6344,21.1986,14.2004,14.2004,18.3396,12.3317,12.3317,
TAP_A01,2626,Cecropia distachya,Urticaceae,726803.17,9666099.73,O,10.7,A,10.06,15.25,20100116-20100213,11.6,A,7.99,13.71,20110704-20110711,499.997652494,11.82,15.25,measured,0.9,observed,-2.0,9.8,13.51,10.7,True,O,15.25,measured,8.899999999999999,13.340531980706361,0.3404,29.8325,21.4162,21.4162,18.2742,13.281,13.281,
TAP_A01,2627,,,726817.97,9666100.09,O,8.0,A,3.45,4.33,20100116-20100213,8.0,A,2.74,4.16,20110704-20110711,499.997652494,9.02,4.33,measured,0.0,observed,-2.0,8.0,4.33,8.0,True,O,4.33,measured,8.0,4.33,0.6344,4.9489,4.2745,4.2745,4.9489,4.2745,4.2745,
TAP_A01,2628,,,726815.47,9666099.9,O,9.6,A,7.82,12.13,20100116-20100213,9.6,A,7.14,13.4,20110704-20110711,499.997652494,10.31,12.13,measured,0.0,observed,-2.0,9.6,12.13,9.6,True,O,12.13,measured,9.6,12.13,0.6344,19.3064,14.2955,14.2955,19.3064,14.2955,14.2955,
TAP_A01,2629,Cecropia distachya,Urticaceae,726817.45,9666100.67,O,22.2,A,18.05,26.75,20100116-20100213,24.3,A,18.85,25.13,20110704-20110711,499.997652494,19.45,26.75,measured,2.1,observed,-2.0,20.1,23.68,22.2,True,O,26.75,measured,18.0,23.31889584065833,0.3404,214.5901,145.9877,145.9877,124.6337,85.7807,85.7807,
TAP_A01,2630,,,726821.08,9666099.85,O,8.7,A,1.95,4.9,20100116-20100213,8.7,D,1.88,2.86,20110704-20110711,499.997652494,9.6,4.9,measured,0.0,observed,-2.0,8.7,4.9,8.7,True,O,4.9,measured,8.7,4.9,0.6344,6.5771,5.5934,5.5934,6.5771,5.5934,5.5934,
TAP_A01,2631,,,726827.68,9666099.98,O,14.0,A,12.06,25.65,20100116-20100213,14.3,A,8.91,16.11,20110704-20110711,499.997652494,13.69,25.65,measured,0.3,observed,-2.0,13.7,24.9,14.0,True,O,25.65,measured,13.4,24.878680988523666,0.6344,83.7475,56.0982,56.0982,74.6271,50.1252,50.1252,
TAP_A01,2632,,,726828.02,9666101.59,O,25.9,A,25.31,30.91,20100116-20100213,26.4,A,27.74,34.8,20110704-20110711,499.997652494,20.48,30.91,measured,0.5,observed,-2.0,25.4,30.19,25.9,True,O,30.91,measured,24.9,30.162644568834782,0.6344,333.8554,223.6454,223.6454,301.8589,202.6115,202.6115,
TAP_A01,2633,,,726834.06,9666100.65,O,8.4,A,7.43,12.13,20100116-20100213,8.4,A,6.4,13.89,20110704-20110711,499.997652494,9.35,12.13,measured,0.0,observed,-2.0,8.4,12.13,8.4,True,O,12.13,measured,8.4,12.13,0.6344,14.8765,10.945,10.945,14.8765,10.945,10.945,
TAP_A01,2634,Protium hepytaphillum ,Burseraceae,726834.66,9666100.47,O,24.8,A,16.72,24.35,20100116-20100213,25.3,A,13.08,24.78,20110704-20110711,499.997652494,19.95,24.35,measured,0.5,observed,-2.0,24.3,23.74,24.8,True,O,24.35,measured,23.8,23.72856088798439,0.5773,243.0263,168.7015,168.7015,218.6773,152.1197,152.1197,
TAP_A01,2635,,,726841.14,9666101.29,O,23.5,A,27.18,32.11,20100116-20100213,23.8,A,18.22,25.92,20110704-20110711,499.997652494,19.2,32.11,measured,0.3,observed,-2.0,23.2,31.59,23.5,True,O,32.11,measured,22.9,31.58716726908696,0.6344,286.5933,189.9446,189.9446,268.1526,177.9632,177.9632,
TAP_A01,2636,,,726859.34,9666101.67,O,48.4,A,31.21,44.12,20100116-20100213,49.8,A,21.16,38.92,20110704-20110711,499.997652494,29.22,44.12,measured,1.4,observed,-2.0,47.0,42.85,48.4,True,O,44.12,measured,45.6,42.79908591983437,0.6344,1601.1908,1044.8695,1044.8695,1383.6942,904.6958,904.6958,
TAP_A01,2637,,,726859.9,9666102.84,O,53.1,A,20.28,27.08,20100116-20100213,54.3,A,13.61,24.09,20110704-20110711,499.997652494,30.48,27.08,measured,1.2,observed,-2.0,51.9,26.49,53.1,True,O,27.08,measured,50.7,26.475314654951465,0.6344,1191.5446,843.636,843.636,1064.9499,755.0217,755.0217,
TAP_A01,2638,,,726860.66,9666101.11,O,10.8,A,13.02,18.91,20100116-20100213,10.4,A,11.01,12.97,20110704-20110711,499.997652494,10.93,18.91,measured,0.0,observed,-2.0,10.4,18.91,10.8,True,O,18.91,measured,10.8,18.91,0.6344,37.4761,26.016,26.016,37.4761,26.016,26.016,
TAP_A01,2639,,,726862.74,9666104.44,O,87.3,D,,10.32,20100116-20100213,87.3,D,,10.7,20110704-20110711,499.997652494,37.21,10.32,measured,0.0,observed,-2.0,87.3,10.32,87.3,False,O,10.32,measured,87.3,10.32,0.6344,1226.5122,1226.5122,1295.077,1226.5122,1226.5122,1295.077,
TAP_A01,2640,,,726866.24,9666101.76,O,8.9,A,6.11,12.45,20100116-20100213,9.2,A,5.56,13.05,20110704-20110711,499.997652494,10.0,12.45,measured,0.3,observed,-2.0,8.6,11.85,8.9,True,O,12.45,measured,8.3,11.826976228999724,0.6344,17.0827,12.5513,12.5513,14.1784,10.4671,10.4671,
TAP_A01,2641,,,726872.74,9666101.78,O,12.6,D,,2.58,20100116-20100213,12.6,D,,2.58,20110704-20110711,499.997652494,12.53,2.58,measured,0.0,observed,-2.0,12.6,2.58,12.6,False,O,2.58,measured,12.6,2.58,0.6344,7.2464,7.2464,7.6515,7.2464,7.2464,7.6515,
TAP_A01,2642,Geissospermum sericeum,Apocynaceae,726881.25,9666101.78,O,9.4,A,10.42,15.18,20100116-20100213,0.0,D,,,20110704-20110711,499.997652494,,15.18,measured,0.2,site_median,-2.0,1.0,,9.4,True,O,15.18,measured,9.0,14.705218402081654,0.7823,23.0636,16.4663,16.4663,20.5397,14.7074,14.7074,
TAP_A01,2643,,,726889.54,9666102.01,O,5.0,A,3.74,9.67,20100116-20100213,6.1,A,7.45,10.1,20110704-20110711,499.997652494,7.36,9.67,measured,1.1,observed,-2.0,3.9,6.86,5.0,True,O,9.67,measured,2.8,6.160684795239551,0.6344,4.3314,3.2216,3.2216,0.8995,0.6987,0.6987,
TAP_A01,2644,,,726890.13,9666102.38,O,5.9,A,7.74,14.7,20100116-20100213,6.1,A,7.4,17.48,20110704-20110711,499.997652494,7.36,14.7,measured,0.2,observed,-2.0,5.7,13.96,5.9,True,O,14.7,measured,5.5,13.936319409599358,0.6344,9.0046,6.3187,6.3187,7.4531,5.2565,5.2565,
TAP_A01,2645,,,726891.91,9666102.94,O,24.1,A,16.31,25.59,20100116-20100213,24.6,A,15.98,26.92,20110704-20110711,499.997652494,19.6,25.59,measured,0.5,observed,-2.0,23.6,24.94,24.1,True,O,25.59,measured,23.1,24.913352638847773,0.6344,241.2318,165.9186,165.9186,216.3461,149.13,149.13,
TAP_A01,2646,Tachigali alba,Fabaceae,726906.38,9666104.14,O,89.4,A,38.55,46.96,20100116-20100213,89.4,A,41.6,58.72,20110704-20110711,499.997652494,37.52,46.96,measured,0.0,observed,-2.0,89.4,46.96,89.4,True,O,46.96,measured,89.4,46.96,0.5573,5637.3908,3751.527,3751.527,5637.3908,3751.527,3751.527,
TAP_A01,2647,,,726907.93,9666102.8,O,24.4,A,22.66,28.63,20100116-20100213,25.1,A,15.03,21.87,20110704-20110711,499.997652494,19.85,28.63,measured,0.7,observed,-2.0,23.7,27.62,24.4,True,O,28.63,measured,23.0,27.580956703692436,0.6344,275.7422,186.4314,186.4314,236.9126,160.6695,160.6695,
TAP_A01,2648,,,726911.54,9666105.52,O,73.9,D,,8.57,20100116-20100213,73.9,D,,7.84,20110704-20110711,499.997652494,34.92,8.57,measured,0.0,observed,-2.0,73.9,8.57,73.9,False,O,8.57,measured,73.9,8.57,0.6344,738.9991,738.9991,780.3108,738.9991,738.9991,780.3108,
TAP_A01,2649,,,726914.0,9666103.61,O,25.5,D,,2.2,20100116-20100213,25.5,D,,2.2,20110704-20110711,499.997652494,20.05,2.2,measured,0.0,observed,-2.0,25.5,2.2,25.5,False,O,2.2,measured,25.5,2.2,0.6344,24.5602,24.5602,25.9332,24.5602,24.5602,25.9332,
TAP_A01,2650,,,726915.23,9666102.95,O,10.1,A,12.07,23.13,20100116-20100213,10.5,A,8.73,13.27,20110704-20110711,499.997652494,11.0,23.13,measured,0.4,observed,-2.0,9.7,21.85,10.1,True,O,23.13,measured,9.299999999999999,21.783439143028243,0.6344,40.025,26.8286,26.8286,32.133,21.6577,21.6577,
TAP_A01,2651,,,726917.8,9666103.84,O,12.3,A,8.17,12.56,20100116-20100213,12.3,A,6.53,12.73,20110704-20110711,499.997652494,12.32,12.56,measured,0.0,observed,-2.0,12.3,12.56,12.3,True,O,12.56,measured,12.3,12.56,0.6344,32.4018,24.1459,24.1459,32.4018,24.1459,24.1459,
TAP_A01,2652,,,726920.6,9666103.68,O,6.2,A,7.37,11.95,20100116-20100213,6.5,A,7.33,13.08,20110704-20110711,499.997652494,7.72,11.95,measured,0.3,observed,-2.0,5.9,11.11,6.2,True,O,11.95,measured,5.6000000000000005,11.062508080566607,0.6344,8.1044,5.8902,5.8902,6.162,4.5114,4.5114,
TAP_A01,2653,,,726926.81,9666103.65,O,9.2,A,3.45,11.48,20100116-20100213,9.3,A,3.26,9.14,20110704-20110711,499.997652494,10.08,11.48,measured,0.1,observed,-2.0,9.1,11.3,9.2,True,O,11.48,measured,9.0,11.296899684667864,0.6344,16.8375,12.5507,12.5507,15.8793,11.854,11.854,
TAP_A01,2654,,,726929.85,9666105.35,O,37.3,A,25.87,29.55,20100116-20100213,37.8,A,20.17,34.05,20110704-20110711,499.997652494,25.28,29.55,measured,0.5,observed,-2.0,36.8,29.11,37.3,True,O,29.55,measured,36.3,29.10434341507484,0.6344,651.1791,447.0881,447.0881,608.4449,418.2059,418.2059,
TAP_A01,2655,,,726938.2,9666104.04,O,5.6,A,3.81,7.2,20100116-20100213,5.7,A,8.62,11.92,20110704-20110711,499.997652494,6.99,7.2,measured,0.1,observed,-2.0,5.5,7.01,5.6,True,O,7.2,measured,5.3999999999999995,7.003295699112029,0.6344,4.0521,3.1749,3.1749,3.6737,2.8861,2.8861,
TAP_A01,2656,,,726941.81,9666103.77,O,5.2,A,5.62,9.39,20100116-20100213,5.1,A,5.88,10.96,20110704-20110711,499.997652494,6.43,9.39,measured,0.0,observed,-2.0,5.1,9.39,5.2,True,O,9.39,measured,5.2,9.39,0.6344,4.5438,3.4018,3.4018,4.5438,3.4018,3.4018,
TAP_A01,2657,,,726942.4,9666104.29,O,8.1,A,4.39,10.51,20100116-20100213,8.0,A,4.0,6.24,20110704-20110711,499.997652494,9.02,10.51,measured,0.0,observed,-2.0,8.0,10.51,8.1,True,O,10.51,measured,8.1,10.51,0.6344,12.0478,9.0511,9.0511,12.0478,9.0511,9.0511,
TAP_A01,2658,,,726951.97,9666105.17,O,20.7,A,7.72,11.24,20100116-20100213,20.9,A,7.09,17.43,20110704-20110711,499.997652494,17.67,11.24,measured,0.2,observed,-2.0,20.5,11.1,20.7,True,O,11.24,measured,20.3,11.09802221609265,0.6344,80.3124,62.4492,62.4492,76.3577,59.4378,59.4378,
TAP_A01,2659,,,726953.29,9666104.56,O,8.3,A,3.81,8.97,20100116-20100213,8.5,A,3.62,9.56,20110704-20110711,499.997652494,9.43,8.97,measured,0.2,observed,-2.0,8.1,8.66,8.3,True,O,8.97,measured,7.9,8.64824404149603,0.6344,10.825,8.3483,8.3483,9.4857,7.3404,7.3404,
TAP_A01,2660,,,726957.0,9666104.39,O,5.2,A,8.94,10.68,20100116-20100213,5.1,A,7.54,11.22,20110704-20110711,499.997652494,6.43,10.68,measured,0.0,observed,-2.0,5.1,10.68,5.2,True,O,10.68,measured,5.2,10.68,0.6344,5.1521,3.7795,3.7795,5.1521,3.7795,3.7795,
TAP_A01,2661,Aniba parviflora,Lauraceae,726958.19,9666104.83,O,5.8,A,8.18,11.59,20100116-20100213,6.2,A,6.06,13.74,20110704-20110711,499.997652494,7.45,11.59,measured,0.4,observed,-2.0,5.4,10.44,5.8,True,O,11.59,measured,5.0,10.349614837551535,0.54,6.9059,5.0273,5.0273,4.6282,3.4057,3.4057,
TAP_A01,2662,,,726968.99,9666104.96,O,5.1,A,2.34,8.22,20100116-20100213,5.2,A,3.46,8.11,20110704-20110711,499.997652494,6.52,8.22,measured,0.1,observed,-2.0,5.0,7.98,5.1,True,O,8.22,measured,4.8999999999999995,7.971871285895091,0.6344,3.842,2.9347,2.9347,3.4486,2.642,2.642,
TAP_A01,2663,,,726988.96,9666106.29,O,46.0,A,24.88,32.38,20100116-20100213,46.9,A,21.76,33.73,20110704-20110711,499.997652494,28.35,32.38,measured,0.9,observed,-2.0,45.1,31.74,46.0,True,O,32.38,measured,44.2,31.716368991394173,0.6344,1071.9985,732.7935,732.7935,971.8016,665.2025,665.2025,
TAP_A01,2664,,,726992.27,9666105.81,O,12.0,D,,1.82,20100116-20100213,12.0,D,,1.82,20110704-20110711,499.997652494,12.11,1.82,measured,0.0,observed,-2.0,12.0,1.82,12.0,False,O,1.82,measured,12.0,1.82,0.6344,4.6865,4.6865,4.9485,4.6865,4.6865,4.9485,
TAP_A01,2665,,,726995.84,9666106.73,O,11.4,A,6.83,16.88,20100116-20100213,11.5,A,3.81,17.13,20110704-20110711,499.997652494,11.75,16.88,measured,0.1,observed,-2.0,11.3,16.66,11.4,True,O,16.88,measured,11.200000000000001,16.667853514543033,0.6344,37.2782,26.4156,26.4156,35.5704,25.2344,25.2344,
TAP_A01,2666,,,727003.56,9666106.35,O,10.2,A,10.7,12.9,20100116-20100213,10.3,A,7.66,13.38,20110704-20110711,499.997652494,10.85,12.9,measured,0.1,observed,-2.0,10.1,12.72,10.2,True,O,12.9,measured,10.0,12.716446130404613,0.6344,23.0772,16.9716,16.9716,21.8938,16.1224,16.1224,
TAP_A01,2667,,,727009.04,9666107.09,O,31.2,A,13.47,26.04,20100116-20100213,32.0,A,18.29,22.28,20110704-20110711,499.997652494,22.99,26.04,measured,0.8,observed,-2.0,30.4,25.26,31.2,True,O,26.04,measured,29.599999999999998,25.23944922261298,0.6344,406.1777,282.0739,282.0739,355.5102,247.4823,247.4823,
TAP_A01,2668,,,727026.94,9666107.41,O,9.7,A,10.82,17.35,20100116-20100213,9.7,A,9.37,17.97,20110704-20110711,499.997652494,10.39,17.35,measured,0.0,observed,-2.0,9.7,17.35,9.7,True,O,17.35,measured,9.7,17.35,0.6344,27.938,19.5591,19.5591,27.938,19.5591,19.5591,
TAP_A01,2669,,,727030.76,9666106.99,O,8.4,A,4.54,10.99,20100116-20100213,8.5,A,6.98,11.03,20110704-20110711,499.997652494,9.43,10.99,measured,0.1,observed,-2.0,8.3,10.8,8.4,True,O,10.99,measured,8.200000000000001,10.796299048369265,0.6344,13.5104,10.0961,10.0961,12.6678,9.4821,9.4821,
TAP_A01,2670,,,727035.34,9666107.45,O,8.2,A,6.41,10.02,20100116-20100213,8.7,A,6.35,9.77,20110704-20110711,499.997652494,9.6,10.02,measured,0.5,observed,-2.0,7.7,9.15,8.2,True,O,10.02,measured,7.199999999999999,9.097159074395245,0.6344,11.778,8.9207,8.9207,8.3151,6.3549,6.3549,
TAP_A01,2671,Carapa guianensis,Meliaceae,727046.91,9666108.5,O,36.7,A,24.01,35.62,20100116-20100213,39.4,A,27.79,39.0,20110704-20110711,499.997652494,25.86,35.62,measured,2.7,observed,-2.0,34.0,32.8,36.7,True,O,35.62,measured,31.300000000000004,32.50928982672823,0.53,757.0806,504.2864,504.2864,507.5543,340.3849,340.3849,
TAP_A01,2672,,,727055.74,9666107.85,O,9.7,A,3.68,12.6,20100116-20100213,10.0,A,19.96,24.51,20110704-20110711,499.997652494,10.62,12.6,measured,0.3,observed,-2.0,9.4,12.05,9.7,True,O,12.6,measured,9.1,12.026801409707417,0.6344,20.4456,15.0559,15.0559,17.2479,12.7557,12.7557,
TAP_A01,2673,,,727057.13,9666108.1,O,19.7,A,16.77,22.77,20100116-20100213,20.4,A,19.54,24.34,20110704-20110711,499.997652494,17.39,22.77,measured,0.7,observed,-2.0,19.0,21.74,19.7,True,O,22.77,measured,18.3,21.686875502406178,0.6344,145.2262,100.7662,100.7662,119.9205,83.5547,83.5547,
TAP_A01,2674,,,727064.53,9666108.3,O,23.2,A,10.08,16.54,20100116-20100213,23.6,A,10.36,18.62,20110704-20110711,499.997652494,19.1,16.54,measured,0.4,observed,-2.0,22.8,16.18,23.2,True,O,16.54,measured,22.4,16.174276522047702,0.6344,146.2796,107.5963,107.5963,133.6466,98.4859,98.4859,
TAP_A01,2675,,,727067.06,9666113.24,O,73.2,D,,13.39,20100116-20100213,73.2,D,,13.05,20110704-20110711,499.997652494,34.79,13.39,measured,0.0,observed,-2.0,73.2,13.39,73.2,False,O,13.39,measured,73.2,13.39,0.6344,1121.306,1121.306,1183.9896,1121.306,1121.306,1183.9896,
TAP_A01,2676,,,727068.48,9666109.84,O,59.0,D,,5.98,20100116-20100213,59.0,D,,5.71,20110704-20110711,499.997652494,31.69,5.98,measured,0.0,observed,-2.0,59.0,5.98,59.0,False,O,5.98,measured,59.0,5.98,0.6344,335.1384,335.1384,353.8734,335.1384,335.1384,353.8734,
TAP_A01,2677,,,727090.17,9666113.54,O,84.4,A,27.79,46.94,20100116-20100213,91.0,A,31.51,47.49,20110704-20110711,499.997652494,37.75,46.94,measured,5.0,observed,-2.0,81.0,45.0,84.4,True,O,46.94,measured,74.4,44.72021589637031,0.6344,5036.249,3342.463,3342.463,3755.4575,2496.4192,2496.4192,
TAP_A01,2678,,,727093.11,9666109.44,O,14.4,A,,10.01,20100116-20100213,14.4,A,8.79,10.08,20110704-20110711,499.997652494,13.76,10.01,measured,0.0,observed,-2.0,14.4,10.01,14.4,True,O,10.01,measured,14.4,10.01,0.6344,35.319,27.4878,27.4878,35.319,27.4878,27.4878,
TAP_A01,2679,,,727097.11,9666109.33,O,19.5,A,11.92,20.93,20100116-20100213,20.2,A,13.03,20.65,20110704-20110711,499.997652494,17.28,20.93,measured,0.7,observed,-2.0,18.8,19.96,19.5,True,O,20.93,measured,18.1,19.922130922393833,0.6344,131.123,92.1548,92.1548,108.0441,76.2559,76.2559,
TAP_A01,2680,,,727103.63,9666111.96,O,47.4,D,,20.86,20100116-20100213,47.4,D,1.62,19.97,20110704-20110711,499.997652494,28.51,20.86,measured,0.0,observed,-2.0,47.4,20.86,47.4,False,O,20.86,measured,47.4,20.86,0.6344,739.9984,739.9984,781.366,739.9984,739.9984,781.366,
TAP_A01,2681,,,727106.88,9666110.47,O,27.1,A,11.33,20.21,20100116-20100213,27.7,A,11.89,21.78,20110704-20110711,499.997652494,21.09,20.21,measured,0.6,observed,-2.0,26.5,19.67,27.1,True,O,20.21,measured,25.900000000000002,19.654682355198343,0.6344,240.907,172.9622,172.9622,214.6074,154.4238,154.4238,
TAP_A01,2682,,,727122.0,9666110.14,O,11.8,A,5.98,9.58,20100116-20100213,11.8,A,5.21,8.85,20110704-20110711,499.997652494,11.96,9.58,measured,0.0,observed,-2.0,11.8,9.58,11.8,True,O,9.58,measured,11.8,9.58,0.6344,22.9397,17.8066,17.8066,22.9397,17.8066,17.8066,
TAP_A01,2683,,,727128.78,9666110.82,O,9.5,A,6.31,9.3,20100116-20100213,9.6,A,6.46,10.26,20110704-20110711,499.997652494,10.31,9.3,measured,0.1,observed,-2.0,9.4,9.16,9.5,True,O,9.3,measured,9.3,9.15682849272425,0.6344,14.5954,11.2649,11.2649,13.7912,10.6594,10.6594,
TAP_A01,2684,,,727127.72,9666109.74,O,8.5,A,3.04,6.75,20100116-20100213,8.7,A,4.54,7.15,20110704-20110711,499.997652494,9.6,6.75,measured,0.2,observed,-2.0,8.3,6.52,8.5,True,O,6.75,measured,8.1,6.51411959069597,0.6344,8.5919,6.9385,6.9385,7.5535,6.1202,6.1202,
TAP_A01,2685,,,727125.11,9666109.9,O,8.6,A,0.77,3.83,20100116-20100213,8.6,A,,,20110704-20110711,499.997652494,9.52,3.83,measured,0.0,observed,-2.0,8.6,3.83,8.6,True,O,3.83,measured,8.6,3.83,0.6344,5.056,4.468,4.468,5.056,4.468,4.468,
TAP_A01,2686,Theobroma glaucum,Malvaceae,727113.72,9666109.4,O,9.0,A,2.33,10.13,20100116-20100213,8.7,A,3.89,8.74,20110704-20110711,499.997652494,9.6,10.13,measured,0.0,observed,-2.0,8.7,10.13,9.0,True,O,10.13,measured,9.0,10.13,0.5297,14.2763,10.8426,10.8426,14.2763,10.8426,10.8426,
TAP_A01,2687,Ecclinusa ramiflora,Sapotaceae,727112.37,9666108.05,O,55.8,A,35.45,41.73,20100116-20100213,56.6,A,23.75,36.11,20110704-20110711,499.997652494,31.09,41.73,measured,0.8,observed,-2.0,55.0,41.17,55.8,True,O,41.73,measured,54.199999999999996,41.15728652630637,0.961,2001.9271,1326.9503,1326.9503,1866.0673,1237.8712,1237.8712,
TAP_A01,2688,,,727111.67,9666107.93,O,37.7,A,19.73,30.66,20100116-20100213,38.4,A,21.18,28.76,20110704-20110711,499.997652494,25.5,30.66,measured,0.7,observed,-2.0,37.0,30.03,37.7,True,O,30.66,measured,36.300000000000004,30.01916062405758,0.6344,689.2447,470.7152,470.7152,627.1038,428.9283,428.9283,
TAP_A01,2689,,,727111.02,9666109.41,O,5.9,A,4.49,9.25,20100116-20100213,6.0,A,4.47,9.57,20110704-20110711,499.997652494,7.27,9.25,measured,0.1,observed,-2.0,5.8,9.02,5.9,True,O,9.25,measured,5.7,9.011018096301061,0.6344,5.7295,4.3258,4.3258,5.2214,3.952,3.952,
TAP_A01,2690,,,727102.37,9666107.91,O,17.5,D,,2.4,20100116-20100213,17.5,D,,2.4,20110704-20110711,499.997652494,15.71,2.4,measured,0.0,observed,-2.0,17.5,2.4,17.5,False,O,2.4,measured,17.5,2.4,0.6344,12.822,12.822,13.5388,12.822,12.822,13.5388,
TAP_A01,2691,,,727093.05,9666108.29,O,53.0,D,,10.03,20100116-20100213,53.0,D,,7.43,20110704-20110711,499.997652494,30.13,10.03,measured,0.0,observed,-2.0,53.0,10.03,53.0,False,O,10.03,measured,53.0,10.03,0.6344,450.3155,450.3155,475.4891,450.3155,450.3155,475.4891,
TAP_A01,2692,,,727086.93,9666108.68,O,5.3,A,,2.42,20100116-20100213,,D,,2.42,20110704-20110711,499.997652494,,2.42,measured,0.2,site_median,-2.0,,,5.3,True,O,2.42,measured,4.8999999999999995,2.2789492977361903,0.6344,1.2556,1.1657,1.1657,1.016,0.9486,0.9486,
TAP_A01,2693,,,727073.74,9666108.07,O,7.9,A,2.62,6.21,20100116-20100213,8.1,A,2.34,7.61,20110704-20110711,499.997652494,9.1,6.21,measured,0.2,observed,-2.0,7.7,5.98,7.9,True,O,6.21,measured,7.5,5.97487149408887,0.6344,6.8657,5.5984,5.5984,5.9742,4.889,4.889,
TAP_A01,2694,,,727068.35,9666107.94,L,5.3,A,,,20100116-20100213,5.3,A,,,20110704-20110711,499.997652494,6.62,9.28,local_fit,0.0,observed,-2.0,5.3,9.28,5.3,True,L,6.62,feldpausch,5.3,6.62,0.6344,3.3528,2.6551,2.6551,3.3528,2.6551,2.6551,
TAP_A01,2695,,,727065.06,9666107.37,O,12.2,A,5.56,9.16,20100116-20100213,12.3,A,6.72,9.94,20110704-20110711,499.997652494,12.32,9.16,measured,0.1,observed,-2.0,12.1,9.06,12.2,True,O,9.16,measured,12.0,9.053334838727467,0.6344,23.4339,18.3489,18.3489,22.432,17.5829,17.5829,
TAP_A01,2696,,,727051.77,9666106.81,O,18.6,A,8.37,16.16,20100116-20100213,19.0,A,14.44,16.87,20110704-20110711,499.997652494,16.6,16.16,measured,0.4,observed,-2.0,18.2,15.7,18.6,True,O,16.16,measured,17.8,15.693496643198793,0.6344,92.8942,67.8563,67.8563,82.852,60.6734,60.6734,
TAP_A01,2697,,,727039.1,9666102.82,O,58.5,A,16.26,25.81,20100116-20100213,59.8,A,28.56,34.88,20110704-20110711,499.997652494,31.89,25.81,measured,1.3,observed,-2.0,57.2,25.28,58.5,True,O,25.81,measured,55.9,25.269075014225535,0.6344,1373.5802,984.4956,984.4956,1231.2202,883.489,883.489,
TAP_A01,2698,,,727029.09,9666106.08,O,32.5,A,20.31,28.19,20100116-20100213,33.5,A,25.83,29.42,20110704-20110711,499.997652494,23.61,28.19,measured,1.0,observed,-2.0,31.5,27.2,32.5,True,O,28.19,measured,30.5,27.15809977976831,0.6344,475.2803,326.5908,326.5908,404.8552,278.9901,278.9901,
TAP_A01,2699,,,727027.08,9666106.11,O,10.5,A,10.14,15.12,20100116-20100213,10.6,A,9.67,12.97,20110704-20110711,499.997652494,11.08,15.12,measured,0.1,observed,-2.0,10.4,14.92,10.5,True,O,15.12,measured,10.3,14.911682947569423,0.6344,28.5144,20.4791,20.4791,27.0945,19.484,19.484,
TAP_A01,2700,,,727019.59,9666105.95,O,7.5,A,9.07,15.26,20100116-20100213,7.7,A,2.81,9.62,20110704-20110711,499.997652494,8.77,15.26,measured,0.2,observed,-2.0,7.3,14.67,7.5,True,O,15.26,measured,7.1,14.648510773318458,0.6344,14.9186,10.5276,10.5276,12.8805,9.1242,9.1242,
TAP_A01,2701,Tachigali myrmecophila,Fabaceae,727016.74,9666104.45,O,48.5,A,27.49,40.56,20100116-20100213,50.6,A,26.28,35.31,20110704-20110711,499.997652494,29.45,40.56,measured,2.1,observed,-2.0,46.4,38.84,48.5,True,O,40.56,measured,44.3,38.718686673044004,0.476,1480.9219,979.4157,979.4157,1185.9088,786.658,786.658,
TAP_A01,2702,,,727013.88,9666106.0,P,5.2,D,,4.89,20100116-20100213,5.2,D,,5.09,20110704-20110711,499.997652494,6.52,4.89,measured,0.0,observed,-2.0,5.2,4.89,5.2,False,P,4.89,measured,5.2,4.89,0.6344,2.4036,1.7554,1.7554,2.4036,1.7554,1.7554,
TAP_A01,2703,,,727005.61,9666105.07,O,11.7,A,8.73,14.63,20100116-20100213,11.6,A,10.78,14.25,20110704-20110711,499.997652494,11.82,14.63,measured,0.0,observed,-2.0,11.6,14.63,11.7,True,O,14.63,measured,11.7,14.63,0.6344,34.1066,24.7515,24.7515,34.1066,24.7515,24.7515,
TAP_A01,2704,,,727002.81,9666105.07,O,63.3,D,,42.71,20100116-20100213,63.3,D,,41.67,20110704-20110711,499.997652494,32.71,42.71,measured,0.0,observed,-2.0,63.3,42.71,63.3,False,O,42.71,measured,63.3,42.71,0.6344,2619.3745,2619.3745,2765.8034,2619.3745,2619.3745,2765.8034,
TAP_A01,2705,,,726989.4,9666104.91,O,25.8,A,19.37,30.24,20100116-20100213,26.8,A,19.91,24.58,20110704-20110711,499.997652494,20.67,30.24,measured,1.0,observed,-2.0,24.8,28.82,25.8,True,O,30.24,measured,23.8,28.752293369642757,0.6344,324.3323,217.9791,217.9791,263.7566,177.9949,177.9949,
TAP_A01,2706,,,726981.66,9666103.14,O,49.8,A,26.29,32.44,20100116-20100213,52.9,A,26.76,30.75,20110704-20110711,499.997652494,30.1,32.44,measured,3.1,observed,-2.0,46.7,30.49,49.8,True,O,32.44,measured,43.599999999999994,30.306130215901074,0.6344,1253.9126,860.166,860.166,905.1323,623.6262,623.6262,
TAP_A01,2707,,,726971.02,9666103.97,O,11.2,A,6.26,14.48,20100116-20100213,11.3,A,10.36,14.08,20110704-20110711,499.997652494,11.6,14.48,measured,0.1,observed,-2.0,11.1,14.29,11.2,True,O,14.48,measured,11.0,14.294371027301375,0.6344,31.0059,22.4908,22.4908,29.5597,21.4669,21.4669,
TAP_A01,2708,,,726967.31,9666104.2,O,5.6,A,7.35,9.69,20100116-20100213,6.0,A,8.84,12.26,20110704-20110711,499.997652494,7.27,9.69,measured,0.4,observed,-2.0,5.2,8.69,5.6,True,O,9.69,measured,4.8,8.612830053644469,0.6344,5.4147,4.0481,4.0481,3.5723,2.7008,2.7008,
TAP_A01,2709,,,726965.47,9666102.65,O,21.6,A,12.54,18.19,20100116-20100213,21.7,A,16.54,21.6,20110704-20110711,499.997652494,18.1,18.19,measured,0.1,observed,-2.0,21.5,18.08,21.6,True,O,18.19,measured,21.400000000000002,18.081154741305696,0.6344,139.6083,100.8115,100.8115,136.2954,98.4687,98.4687,
TAP_A01,2710,Theobroma glaucum,Malvaceae,726955.22,9666103.78,O,16.8,A,4.07,5.27,20100116-20100213,,D,,,20110704-20110711,499.997652494,,5.27,measured,0.2,site_median,-2.0,,,16.8,True,O,5.27,measured,16.400000000000002,5.184731042755797,0.5297,25.5124,22.137,22.137,23.9557,20.8158,20.8158,
TAP_A01,2711,Protium hepytaphillum ,Burseraceae,726954.94,9666100.47,O,46.1,A,21.74,31.99,20100116-20100213,46.4,A,23.82,30.3,20110704-20110711,499.997652494,28.2,31.99,measured,0.3,observed,-2.0,45.8,31.77,46.1,True,O,31.99,measured,45.5,31.774684740672512,0.5773,1063.8951,728.7238,728.7238,1030.2206,705.9675,705.9675,
TAP_A01,2712,,,726953.94,9666103.08,O,15.6,A,11.0,15.49,20100116-20100213,15.6,A,11.84,15.66,20110704-20110711,499.997652494,14.54,15.49,measured,0.0,observed,-2.0,15.6,15.49,15.6,True,O,15.49,measured,15.6,15.49,0.6344,63.231,46.1074,46.1074,63.231,46.1074,46.1074,
TAP_A01,2713,,,726942.1,9666101.23,O,58.8,A,21.23,28.52,20100116-20100213,59.9,A,29.14,38.57,20110704-20110711,499.997652494,31.91,28.52,measured,1.1,observed,-2.0,57.7,28.04,58.8,True,O,28.52,measured,56.599999999999994,28.019996818534427,0.6344,1529.3651,1079.2609,1079.2609,1395.363,985.6466,985.6466,
TAP_A01,2714,,,726933.48,9666098.88,O,52.4,A,20.94,27.92,20100116-20100213,52.8,A,24.11,41.07,20110704-20110711,499.997652494,30.07,27.92,measured,0.4,observed,-2.0,52.0,27.72,52.4,True,O,27.92,measured,51.6,27.711257710569566,0.6344,1196.2138,842.3272,842.3272,1152.3526,811.8049,811.8049,
TAP_A01,2715,Astrocaryum gynacanthum,Arecaceae,726931.02,9666103.29,P,5.0,A,4.3,8.5,20100116-20100213,5.0,A,1.99,3.83,20110704-20110711,499.997652494,6.33,8.5,measured,0.0,observed,-2.0,5.0,8.5,5.0,True,P,8.5,measured,5.0,8.5,0.508,3.8191,,,3.8191,,,
TAP_A01,2716,,,726916.85,9666102.4,O,6.0,A,3.88,9.86,20100116-20100213,6.2,A,5.13,9.77,20110704-20110711,499.997652494,7.45,9.86,measured,0.2,observed,-2.0,5.8,9.38,6.0,True,O,9.86,measured,5.6,9.356941268588187,0.6344,6.3014,4.7136,4.7136,5.233,3.9339,3.9339,
TAP_A01,2717,,,726911.75,9666102.23,O,13.3,A,12.32,15.19,20100116-20100213,13.9,A,10.07,15.3,20110704-20110711,499.997652494,13.42,15.19,measured,0.6,observed,-2.0,12.7,14.26,13.3,True,O,15.19,measured,12.100000000000001,14.211328403503812,0.6344,45.438,32.982,32.982,35.4021,25.8515,25.8515,
TAP_A01,2718,,,726906.45,9666102.0,O,12.2,A,8.53,14.35,20100116-20100213,12.6,A,8.8,13.57,20110704-20110711,499.997652494,12.53,14.35,measured,0.4,observed,-2.0,11.8,13.7,12.2,True,O,14.35,measured,11.399999999999999,13.674552437640106,0.6344,36.3181,26.4901,26.4901,30.3522,22.2355,22.2355,
TAP_A01,2719,,,726903.0,9666100.53,O,20.5,A,20.98,24.04,20100116-20100213,20.8,A,7.82,10.0,20110704-20110711,499.997652494,17.61,24.04,measured,0.3,observed,-2.0,20.2,23.59,20.5,True,O,24.04,measured,19.9,23.57791662076886,0.6344,165.4993,114.07,114.07,153.2453,105.7974,105.7974,
TAP_A01,2720,,,726899.23,9666099.79,O,29.5,A,32.49,37.28,20100116-20100213,30.2,A,27.85,29.29,20110704-20110711,499.997652494,22.22,37.28,measured,0.7,observed,-2.0,28.8,36.22,29.5,True,O,37.28,measured,28.1,36.20455364676611,0.6344,516.7896,338.1978,338.1978,456.7603,299.599,299.599,
TAP_A01,2721,,,726895.86,9666101.58,O,12.1,A,7.77,17.22,20100116-20100213,12.3,A,13.49,17.14,20110704-20110711,499.997652494,12.32,17.22,measured,0.2,observed,-2.0,11.9,16.81,12.1,True,O,17.22,measured,11.7,16.813803628095535,0.6344,42.6998,30.2486,30.2486,39.0669,27.7349,27.7349,
TAP_A01,2722,,,726891.44,9666099.33,O,38.7,A,20.0,31.25,20100116-20100213,39.1,A,22.95,28.06,20110704-20110711,499.997652494,25.75,31.25,measured,0.4,observed,-2.0,38.3,30.9,38.7,True,O,31.25,measured,37.900000000000006,30.892002623350507,0.6344,739.0029,503.8122,503.8122,701.5428,478.6653,478.6653,
TAP_A01,2723,,,726891.38,9666101.02,O,13.3,A,5.61,15.23,20100116-20100213,13.1,A,8.87,15.07,20110704-20110711,499.997652494,12.88,15.23,measured,0.0,observed,-2.0,13.1,15.23,13.3,True,O,15.23,measured,13.3,15.23,0.6344,45.5548,33.053,33.053,45.5548,33.053,33.053,
TAP_A01,2724,,,726911.85,9666102.18,L,9.2,A,,,20100116-20100213,9.2,A,,,20110704-20110711,499.997652494,10.0,12.49,local_fit,0.0,observed,-2.0,9.2,12.49,9.2,True,L,10.0,feldpausch,9.2,10.0,0.6344,14.7155,11.2108,11.2108,14.7155,11.2108,11.2108,
TAP_A01,2725,,,726882.1,9666100.25,O,30.2,A,21.26,32.67,20100116-20100213,31.1,A,22.69,31.92,20110704-20110711,499.997652494,22.61,32.67,measured,0.9,observed,-2.0,29.3,31.53,30.2,True,O,32.67,measured,28.4,31.48875296942534,0.6344,475.6021,318.1613,318.1613,406.947,273.0155,273.0155,
TAP_A01,2726,Carapa guianensis,Meliaceae,726881.17,9666101.07,O,61.3,A,29.26,39.49,20100116-20100213,62.3,A,24.27,46.6,20110704-20110711,499.997652494,32.48,39.49,measured,1.0,observed,-2.0,60.3,38.92,61.3,True,O,39.49,measured,59.3,38.90063218995805,0.53,2279.0559,1530.7592,1530.7592,2105.0439,1414.9901,1414.9901,
TAP_A01,2727,Hevea brasiliensis,Euphorbiaceae,726867.98,9666100.57,O,11.7,A,11.2,16.53,20100116-20100213,12.6,A,12.48,16.91,20110704-20110711,499.997652494,12.53,16.53,measured,0.9,observed,-2.0,10.8,14.81,11.7,True,O,16.53,measured,9.899999999999999,14.660246663204681,0.4666,38.4232,27.3513,27.3513,24.6658,17.7514,17.7514,
TAP_A01,2728,Aspidosperma nitidum,Apocynaceae,726853.95,9666095.43,O,178.89,A,37.04,54.59,20100116-20100213,178.9,A,25.06,61.33,20110704-20110711,499.997652494,44.82,54.59,measured,0.01,observed,-2.0,178.88,54.59,178.89,True,O,54.59,measured,178.86999999999998,54.58900631549594,0.7635,25288.9656,16989.8719,16989.8719,25282.9978,16985.8203,16985.8203,
TAP_A01,2729,Geissospermum sericeum,Apocynaceae,726854.01,9666093.63,O,72.8,A,11.96,25.73,20100116-20100213,72.5,A,15.42,25.77,20110704-20110711,499.997652494,34.65,25.73,measured,0.0,observed,-2.0,72.5,25.73,72.8,True,O,25.73,measured,72.8,25.73,0.7823,2098.6034,1520.7645,1520.7645,2098.6034,1520.7645,1520.7645,
TAP_A01,2730,,,726850.28,9666100.21,O,30.9,D,,34.27,20100116-20100213,30.9,D,0.88,16.69,20110704-20110711,499.997652494,22.52,34.27,measured,0.0,observed,-2.0,30.9,34.27,30.9,False,O,34.27,measured,30.9,34.27,0.6344,521.1177,521.1177,550.2493,521.1177,521.1177,550.2493,
TAP_A01,2731,,,726849.28,9666100.17,O,14.3,A,8.4,14.42,20100116-20100213,14.8,A,10.53,15.26,20110704-20110711,499.997652494,14.02,14.42,measured,0.5,observed,-2.0,13.8,13.74,14.3,True,O,14.42,measured,13.3,13.710102747647486,0.6344,49.7539,36.5397,36.5397,41.1122,30.3293,30.3293,
TAP_A01,2732,Minquartia guianensis,Olacaceae,726844.57,9666097.46,O,42.1,A,8.72,26.72,20100116-20100213,43.8,A,12.27,22.17,20110704-20110711,499.997652494,27.37,26.72,measured,1.7,observed,-2.0,40.4,25.59,42.1,True,O,26.72,measured,38.7,25.529339337122664,0.7867,747.5697,524.5367,524.5367,606.6569,427.0117,427.0117,
TAP_A01,2733,Lecythis lurida,Lecythidaceae,726835.88,9666100.06,O,72.0,A,23.43,42.79,20100116-20100213,73.9,A,23.14,43.53,20110704-20110711,499.997652494,34.92,42.79,measured,1.9,observed,-2.0,70.1,41.87,72.0,True,O,42.79,measured,68.2,41.83541895433252,0.8633,3374.1454,2255.0826,2255.0826,2969.1686,1986.3296,1986.3296,
TAP_A01,2734,,,726835.72,9666098.9,O,25.2,A,22.3,25.49,20100116-20100213,25.4,A,19.01,24.49,20110704-20110711,499.997652494,20.0,25.49,measured,0.2,observed,-2.0,25.0,25.24,25.2,True,O,25.49,measured,24.8,25.23679265151697,0.6344,262.1872,180.8302,180.8302,251.6609,173.7108,173.7108,
TAP_A01,2735,Tachigali myrmecophila,Fabaceae,726829.25,9666097.78,O,44.9,A,32.06,43.37,20100116-20100213,47.4,A,31.36,40.05,20110704-20110711,499.997652494,28.51,43.37,measured,2.5,observed,-2.0,42.4,40.92,44.9,True,O,43.37,measured,39.9,40.73080311861883,0.476,1360.011,886.6926,886.6926,1015.8851,665.1541,665.1541,
TAP_A01,2736,,,726827.4,9666099.42,O,5.3,A,8.92,13.36,20100116-20100213,5.8,A,7.64,12.47,20110704-20110711,499.997652494,7.09,13.36,measured,0.5,observed,-2.0,4.8,11.55,5.3,True,O,13.36,measured,4.3,11.377608771767074,0.6344,6.6533,4.7154,4.7154,3.7818,2.7217,2.7217,
TAP_A01,2737,,,726821.12,9666098.6,O,24.5,A,9.96,15.08,20100116-20100213,24.7,A,10.01,14.93,20110704-20110711,499.997652494,19.65,15.08,measured,0.2,observed,-2.0,24.3,14.93,24.5,True,O,15.08,measured,24.1,14.924884946540168,0.6344,148.6732,111.2561,111.2561,142.5263,106.7463,106.7463,
TAP_A01,2738,,,726810.46,9666097.28,O,38.4,A,17.19,29.84,20100116-20100213,40.3,A,24.77,31.73,20110704-20110711,499.997652494,26.18,29.84,measured,1.9,observed,-2.0,36.5,28.26,38.4,True,O,29.84,measured,34.6,28.145863386942874,0.6344,695.7911,477.6473,477.6473,536.2482,369.6858,369.6858,
TAP_A01,2739,,,726809.64,9666097.7,O,36.3,A,21.43,27.96,20100116-20100213,38.0,A,28.21,34.47,20110704-20110711,499.997652494,25.35,27.96,measured,1.7,observed,-2.0,34.6,26.53,36.3,True,O,27.96,measured,32.9,26.433899087198817,0.6344,585.0846,404.7064,404.7064,457.1476,317.5259,317.5259,
TAP_A01,2740,,,726807.63,9666097.98,O,21.0,A,9.01,16.31,20100116-20100213,21.2,A,10.44,15.0,20110704-20110711,499.997652494,17.83,16.31,measured,0.2,observed,-2.0,20.8,16.11,21.0,True,O,16.31,measured,20.6,16.10752010787876,0.6344,118.7922,87.1536,87.1536,113.0289,83.0125,83.0125,
TAP_A01,2741,Protium hebetatum,Burseraceae,726795.68,9666093.42,O,64.5,A,11.55,22.48,20100116-20100213,64.7,A,17.69,30.31,20110704-20110711,499.997652494,33.03,22.48,measured,0.2,observed,-2.0,64.3,22.42,64.5,True,O,22.48,measured,64.1,22.41887960219375,0.5773,1452.3606,1068.9276,1068.9276,1431.0234,1053.3621,1053.3621,
TAP_A01,2742,,,726792.84,9666097.47,O,12.2,A,8.19,16.32,20100116-20100213,12.4,A,7.81,17.81,20110704-20110711,499.997652494,12.39,16.32,measured,0.2,observed,-2.0,12.0,15.95,12.2,True,O,16.32,measured,11.799999999999999,15.938597124484026,0.6344,41.1765,29.4296,29.4296,37.7021,27.004,27.004,
TAP_A01,2743,,,726788.32,9666098.12,O,5.5,A,3.88,9.08,20100116-20100213,5.4,A,5.61,9.3,20110704-20110711,499.997652494,6.71,9.08,measured,0.0,observed,-2.0,5.4,9.08,5.5,True,O,9.08,measured,5.5,9.08,0.6344,4.9061,3.7025,3.7025,4.9061,3.7025,3.7025,
TAP_A01,2744,,,726782.36,9666096.71,O,20.3,A,13.46,22.99,20100116-20100213,20.5,A,14.36,24.96,20110704-20110711,499.997652494,17.45,22.99,measured,0.2,observed,-2.0,20.1,22.69,20.3,True,O,22.99,measured,19.900000000000002,22.69271409619457,0.6344,155.4372,107.8426,107.8426,147.6274,102.537,102.537,
TAP_A01,2745,,,726780.24,9666097.19,O,11.5,A,8.81,16.99,20100116-20100213,11.5,A,13.78,11.63,20110704-20110711,499.997652494,11.75,16.99,measured,0.0,observed,-2.0,11.5,16.99,11.5,True,O,16.99,measured,11.5,16.99,0.6344,38.1603,27.0242,27.0242,38.1603,27.0242,27.0242,
TAP_A01,2746,,,726779.03,9666097.5,O,26.0,A,18.65,27.87,20100116-20100213,26.5,A,16.76,27.97,20110704-20110711,499.997652494,20.53,27.87,measured,0.5,observed,-2.0,25.5,27.22,26.0,True,O,27.87,measured,25.0,27.19938587257317,0.6344,304.0481,207.0753,207.0753,275.0232,187.676,187.676,
TAP_A01,2747,,,726773.75,9666096.91,O,15.3,A,10.02,18.01,20100116-20100213,15.3,A,10.51,15.98,20110704-20110711,499.997652494,14.34,18.01,measured,0.0,observed,-2.0,15.3,18.01,15.3,True,O,18.01,measured,15.3,18.01,0.6344,70.5277,50.171,50.171,70.5277,50.171,50.171,
TAP_A01,2748,,,726757.49,9666095.6,O,17.7,A,5.64,18.13,20100116-20100213,18.0,A,12.18,19.22,20110704-20110711,499.997652494,16.01,18.13,measured,0.3,observed,-2.0,17.4,17.72,17.7,True,O,18.13,measured,17.099999999999998,17.71493116669676,0.6344,94.3411,67.5111,67.5111,86.228,61.8292,61.8292,
TAP_A01,2749,,,726751.45,9666096.59,O,8.1,A,5.32,10.85,20100116-20100213,8.2,A,9.04,11.66,20110704-20110711,499.997652494,9.19,10.85,measured,0.1,observed,-2.0,8.0,10.65,8.1,True,O,10.85,measured,7.8999999999999995,10.651010297793848,0.6344,12.428,9.2899,9.2899,11.6242,8.704,8.704,
TAP_A01,2750,Protium hepytaphillum ,Burseraceae,726731.64,9666096.36,O,6.7,A,9.43,13.83,20100116-20100213,6.9,A,11.09,13.63,20110704-20110711,499.997652494,8.08,13.83,measured,0.2,observed,-2.0,6.5,13.21,6.7,True,O,13.83,measured,6.3,13.203611711331794,0.5773,10.8743,7.7518,7.7518,9.2166,6.5988,6.5988,
TAP_A01,2751,,,726729.47,9666095.53,O,14.4,A,10.01,16.85,20100116-20100213,16.0,A,11.72,18.82,20110704-20110711,499.997652494,14.79,16.85,measured,1.6,observed,-2.0,12.8,14.43,14.4,True,O,16.85,measured,11.2,14.117465405982538,0.6344,58.7146,42.0865,42.0865,30.248,22.0291,22.0291,
TAP_A01,2752,,,726726.45,9666096.08,O,17.2,A,9.97,15.98,20100116-20100213,17.2,A,9.87,12.75,20110704-20110711,499.997652494,15.53,15.98,measured,0.0,observed,-2.0,17.2,15.98,17.2,True,O,15.98,measured,17.2,15.98,0.6344,78.8684,57.4966,57.4966,78.8684,57.4966,57.4966,
TAP_A01,2753,,,726721.37,9666095.4,O,9.9,A,8.06,14.98,20100116-20100213,13.0,A,9.48,17.0,20110704-20110711,499.997652494,12.81,14.98,measured,3.1,observed,-2.0,6.8,9.34,9.9,True,O,14.98,measured,3.7,7.12426710897102,0.6344,25.1907,18.0675,18.0675,1.7859,1.3741,1.3741,
TAP_A01,2754,,,726718.64,9666093.26,O,29.2,A,15.54,28.19,20100116-20100213,29.8,A,17.92,27.66,20110704-20110711,499.997652494,22.04,28.19,measured,0.6,observed,-2.0,28.6,27.5,29.2,True,O,28.19,measured,28.0,27.485425784684285,0.6344,385.6389,263.6349,263.6349,346.6388,237.4441,237.4441,
TAP_A01,2755,,,726715.46,9666095.65,O,6.1,A,4.07,9.17,20100116-20100213,6.7,A,4.69,10.18,20110704-20110711,499.997652494,7.9,9.17,measured,0.6,observed,-2.0,5.5,7.9,6.1,True,O,9.17,measured,4.8999999999999995,7.760481952826771,0.6344,6.0631,4.5913,4.5913,3.3593,2.5845,2.5845,
TAP_A01,2756,,,726707.39,9666094.72,O,17.2,A,9.91,20.38,20100116-20100213,17.9,A,16.12,20.95,20110704-20110711,499.997652494,15.95,20.38,measured,0.7,observed,-2.0,16.5,19.29,17.2,True,O,20.38,measured,15.799999999999999,19.24054142015321,0.6344,99.999,70.1529,70.1529,80.1005,56.4759,56.4759,
TAP_A01,2757,Manilkara huberi,Sapotaceae,726693.43,9666087.39,O,100.9,A,34.52,52.21,20100116-20100213,101.5,A,35.44,45.61,20110704-20110711,499.997652494,39.15,52.21,measured,0.6,observed,-2.0,100.3,52.01,100.9,True,O,52.21,measured,99.7,52.01035731294826,0.9214,7917.423,5211.5189,5211.5189,7705.7927,5072.374,5072.374,
TAP_A01,2758,Lecythis lurida,Lecythidaceae,726688.08,9666091.7,O,58.0,A,25.33,39.36,20100116-20100213,58.7,A,31.31,37.29,20110704-20110711,499.997652494,31.62,39.36,measured,0.7,observed,-2.0,57.3,38.92,58.0,True,O,39.36,measured,56.6,38.91490421124688,0.8633,2039.1346,1366.6916,1366.6916,1922.7001,1289.458,1289.458,
TAP_A01,2759,,,726687.54,9666092.84,O,30.5,A,30.87,36.49,20100116-20100213,30.7,A,28.12,35.53,20110704-20110711,499.997652494,22.43,36.49,measured,0.2,observed,-2.0,30.3,36.21,30.5,True,O,36.49,measured,30.1,36.20513902796061,0.6344,540.1267,355.2363,355.2363,522.3748,343.7688,343.7688,
TAP_A01,2760,,,726678.79,9666094.13,O,16.8,A,13.77,17.9,20100116-20100213,16.6,A,6.42,17.0,20110704-20110711,499.997652494,15.16,17.9,measured,0.0,observed,-2.0,16.6,17.9,16.8,True,O,17.9,measured,16.8,17.9,0.6344,84.149,60.1883,60.1883,84.149,60.1883,60.1883,
TAP_A01,2761,,,726676.48,9666094.25,O,7.9,A,5.02,9.84,20100116-20100213,8.0,A,17.76,26.53,20110704-20110711,499.997652494,9.02,9.84,measured,0.1,observed,-2.0,7.8,9.65,7.9,True,O,9.84,measured,7.7,9.654543699100326,0.6344,10.7595,8.158,8.158,10.0459,7.6305,7.6305,
TAP_A01,2762,,,726676.54,9666092.61,O,46.1,A,24.46,29.92,20100116-20100213,46.5,A,7.97,11.39,20110704-20110711,499.997652494,28.23,29.92,measured,0.4,observed,-2.0,45.7,29.66,46.1,True,O,29.92,measured,45.300000000000004,29.65096276951879,0.6344,996.6517,689.9187,689.9187,954.7161,661.2773,661.2773,
TAP_A01,2763,,,726668.8,9666093.59,O,21.1,A,19.39,26.05,20100116-20100213,21.6,A,19.07,24.25,20110704-20110711,499.997652494,18.05,26.05,measured,0.5,observed,-2.0,20.6,25.26,21.1,True,O,26.05,measured,20.1,25.239657847114522,0.6344,189.3601,129.0491,129.0491,167.0063,114.1184,114.1184,
TAP_A01,2764,,,726666.18,9666094.1,O,8.2,A,4.44,10.36,20100116-20100213,8.6,A,7.48,9.92,20110704-20110711,499.997652494,9.52,10.36,measured,0.4,observed,-2.0,7.8,9.63,8.2,True,O,10.36,measured,7.3999999999999995,9.600117158470642,0.6344,12.1679,9.1675,9.1675,9.2449,7.015,7.015,
TAP_A01,2765,,,726663.79,9666093.87,O,8.1,A,8.72,15.18,20100116-20100213,8.3,A,13.41,16.28,20110704-20110711,499.997652494,9.27,15.18,measured,0.2,observed,-2.0,7.9,14.64,8.1,True,O,15.18,measured,7.699999999999999,14.620744645938757,0.6344,17.2482,12.2267,12.2267,15.0626,10.7148,10.7148,
TAP_A01,2766,,,726662.69,9666093.73,O,10.3,A,12.88,15.11,20100116-20100213,10.3,A,12.59,14.57,20110704-20110711,499.997652494,10.85,15.11,measured,0.0,observed,-2.0,10.3,15.11,10.3,True,O,15.11,measured,10.3,15.11,0.6344,27.4461,19.6957,19.6957,27.4461,19.6957,19.6957,
TAP_A01,2767,,,726653.9,9666093.3,O,12.4,A,2.79,9.82,20100116-20100213,12.3,A,5.07,8.13,20110704-20110711,499.997652494,12.32,9.82,measured,0.0,observed,-2.0,12.3,9.82,12.4,True,O,9.82,measured,12.4,9.82,0.6344,25.8893,20.0655,20.0655,25.8893,20.0655,20.0655,
TAP_A01,2768,,,726646.13,9666092.41,O,11.5,A,11.04,18.11,20100116-20100213,11.3,A,11.6,14.64,20110704-20110711,499.997652494,11.6,18.11,measured,0.0,observed,-2.0,11.3,18.11,11.5,True,O,18.11,measured,11.5,18.11,0.6344,40.6136,28.4729,28.4729,40.6136,28.4729,28.4729,
TAP_A01,2769,Protium hepytaphillum ,Burseraceae,726645.87,9666091.15,O,25.3,A,11.52,24.93,20100116-20100213,25.6,A,18.31,23.78,20110704-20110711,499.997652494,20.09,24.93,measured,0.3,observed,-2.0,25.0,24.57,25.3,True,O,24.93,measured,24.7,24.55944469042805,0.5773,258.555,178.9861,178.9861,243.1411,168.5203,168.5203,
TAP_A01,2770,,,726641.61,9666092.83,O,8.1,A,1.96,11.61,20100116-20100213,8.3,A,6.01,10.12,20110704-20110711,499.997652494,9.27,11.61,measured,0.2,observed,-2.0,7.9,11.2,8.1,True,O,11.61,measured,7.699999999999999,11.182269126439325,0.6344,13.277,9.8189,9.8189,11.5946,8.6048,8.6048,
TAP_A01,2771,,,726640.91,9666092.98,O,32.5,A,14.94,21.45,20100116-20100213,32.5,A,14.37,21.67,20110704-20110711,499.997652494,23.2,21.45,measured,0.0,observed,-2.0,32.5,21.45,32.5,True,O,21.45,measured,32.5,21.45,0.6344,364.024,261.1763,261.1763,364.024,261.1763,261.1763,
TAP_A01,2772,,,726634.75,9666091.56,O,32.1,A,14.64,24.02,20100116-20100213,33.8,A,15.87,26.62,20110704-20110711,499.997652494,23.73,24.02,measured,1.7,observed,-2.0,30.4,22.57,32.1,True,O,24.02,measured,28.700000000000003,22.476274499362418,0.6344,396.8238,279.4977,279.4977,298.9022,211.6088,211.6088,
TAP_A01,2773,,,726640.14,9666094.85,O,,A,,,20100116-20100213,18.6,A,15.25,21.04,20110704-20110711,499.997652494,16.36,21.04,measured,0.2,site_median,-2.0,18.2,20.74,,True,O,16.36,feldpausch,,,0.6344,,,,,,,
TAP_A01,2774,,,726647.28,9666093.9,O,,A,,,20100116-20100213,5.7,A,6.67,9.09,20110704-20110711,499.997652494,6.99,9.09,measured,0.2,site_median,-2.0,5.3,8.61,,True,O,6.99,feldpausch,,,0.6344,,,,,,,
TAP_A01,2801,,,726691.5,9665609.3,O,11.2,A,7.99,14.0,20100116-20100213,11.6,A,6.26,13.95,20110704-20110711,500.000757499,11.82,14.0,measured,0.4,observed,-2.0,10.8,13.3,11.2,True,O,14.0,measured,10.399999999999999,13.274162958607919,0.6344,30.0023,21.879,21.879,24.647,18.0612,18.0612,
TAP_A01,2802,,,726688.2,9665609.54,O,12.1,A,4.43,11.17,20100116-20100213,12.1,D,1.23,9.62,20110704-20110711,500.000757499,12.18,11.17,measured,0.0,observed,-2.0,12.1,11.17,12.1,True,O,11.17,measured,12.1,11.17,0.6344,27.9871,21.2294,21.2294,27.9871,21.2294,21.2294,
TAP_A01,2803,,,726681.8,9665609.53,O,5.7,A,3.04,7.55,20100116-20100213,6.9,A,3.84,8.71,20110704-20110711,500.000757499,8.08,7.55,measured,1.2,observed,-2.0,4.5,5.46,5.7,True,O,7.55,measured,3.3000000000000003,4.951435004736526,0.6344,4.3934,3.4196,3.4196,1.0015,0.8117,0.8117,
TAP_A01,2804,Protium hepytaphillum ,Burseraceae,726665.3,9665611.8,O,33.5,A,16.9,23.63,20100116-20100213,34.0,A,17.52,26.75,20110704-20110711,500.000757499,23.81,23.63,measured,0.5,observed,-2.0,33.0,23.22,33.5,True,O,23.63,measured,32.5,23.21897218552168,0.5773,424.4717,300.3602,300.3602,393.2962,278.6671,278.6671,
TAP_A01,2805,,,726659.8,9665609.34,O,12.8,A,9.67,14.67,20100116-20100213,12.9,A,7.41,14.37,20110704-20110711,500.000757499,12.74,14.67,measured,0.1,observed,-2.0,12.7,14.51,12.8,True,O,14.67,measured,12.600000000000001,14.508202390460411,0.6344,40.754,29.6906,29.6906,39.0948,28.5102,28.5102,
TAP_A01,2806,Ecclinusa ramiflora,Sapotaceae,726655.59,9665612.88,O,48.2,A,30.32,38.43,20100116-20100213,47.8,A,30.47,39.59,20110704-20110711,500.000757499,28.63,38.43,measured,0.0,observed,-2.0,47.8,38.43,48.2,True,O,38.43,measured,48.2,38.43,0.961,1388.0554,925.5799,925.5799,1388.0554,925.5799,925.5799,
TAP_A01,2807,,,726654.8,9665609.43,O,10.3,A,4.05,14.73,20100116-20100213,10.4,A,3.68,14.48,20110704-20110711,500.000757499,10.93,14.73,measured,0.1,observed,-2.0,10.2,14.53,10.3,True,O,14.73,measured,10.100000000000001,14.522667126209065,0.6344,26.7722,19.2896,19.2896,25.4128,18.334,18.334,
TAP_A01,2808,,,726652.5,9665611.03,O,41.5,A,18.8,26.52,20100116-20100213,42.1,A,14.2,30.91,20110704-20110711,500.000757499,26.8,26.52,measured,0.6,observed,-2.0,40.9,26.11,41.5,True,O,26.52,measured,40.3,26.104062656165326,0.6344,721.603,506.5692,506.5692,671.0011,471.5598,471.5598,
TAP_A01,2809,,,726646.6,9665610.97,O,46.7,A,25.12,33.72,20100116-20100213,47.8,A,20.78,34.73,20110704-20110711,500.000757499,28.63,33.72,measured,1.1,observed,-2.0,45.6,32.92,46.7,True,O,33.72,measured,44.5,32.88999412759456,0.6344,1148.6441,780.7379,780.7379,1020.2667,694.6046,694.6046,
TAP_A01,2810,Virola sebifera,Myristicaceae,726634.9,9665610.85,O,21.5,A,17.91,21.73,20100116-20100213,21.7,A,15.95,24.07,20110704-20110711,500.000757499,18.1,21.73,measured,0.2,observed,-2.0,21.3,21.47,21.5,True,O,21.73,measured,21.1,21.467792310507424,0.4454,164.5701,115.5184,115.5184,156.7778,110.1606,110.1606,
TAP_A01,2811,Laetia procera,Salicaceae,726624.6,9665610.13,O,37.0,D,4.58,23.73,20100116-20100213,37.0,D,1.86,19.11,20110704-20110711,500.000757499,24.98,23.73,measured,0.0,observed,-2.0,37.0,23.73,37.0,False,O,23.73,measured,37.0,23.73,0.6481,517.4651,517.4651,557.915,517.4651,517.4651,557.915,
TAP_A01,2812,,,726620.1,9665609.27,O,16.4,A,10.17,19.91,20100116-20100213,17.7,A,14.51,22.76,20110704-20110711,500.000757499,15.83,19.91,measured,1.3,observed,-2.0,15.1,17.87,16.4,True,O,19.91,measured,13.799999999999999,17.682123025247844,0.6344,89.0696,62.5731,62.5731,56.6367,40.2069,40.2069,
TAP_A01,2813,,,726617.8,9665609.02,O,7.1,A,4.48,9.12,20100116-20100213,7.4,A,5.16,9.89,20110704-20110711,500.000757499,8.51,9.12,measured,0.3,observed,-2.0,6.8,8.56,7.1,True,O,9.12,measured,6.5,8.535333287847415,0.6344,8.111,6.1923,6.1923,6.3994,4.9161,4.9161,
TAP_A01,2814,,,726607.0,9665609.3,O,15.0,A,7.43,15.35,20100116-20100213,15.2,A,11.14,20.87,20110704-20110711,500.000757499,14.28,15.35,measured,0.2,observed,-2.0,14.8,15.07,15.0,True,O,15.35,measured,14.6,15.066672644293622,0.6344,58.0541,42.3135,42.3135,54.0782,39.4806,39.4806,
TAP_A01,2815,Couratari stellata,Lecythidaceae,726593.0,9665609.18,O,11.6,A,15.14,20.13,20100116-20100213,11.8,A,13.79,19.91,20110704-20110711,500.000757499,11.96,20.13,measured,0.2,observed,-2.0,11.4,19.64,11.6,True,O,20.13,measured,11.2,19.632024165324992,0.6331,45.7967,31.5878,31.5878,41.7319,28.8497,28.8497,
TAP_A01,2816,Protium hepytaphillum ,Burseraceae,726582.4,9665610.81,O,27.4,A,16.36,25.91,20100116-20100213,27.5,A,11.44,19.32,20110704-20110711,500.000757499,21.0,25.91,measured,0.1,observed,-2.0,27.3,25.8,27.4,True,O,25.91,measured,27.2,25.794368536484843,0.5773,313.6852,216.6591,216.6591,307.8843,212.728,212.728,
TAP_A01,2817,Tachigali alba,Fabaceae,726579.5,9665611.05,O,62.0,A,38.63,47.15,20100116-20100213,62.2,D,26.56,58.8,20110704-20110711,500.000757499,32.46,47.15,measured,0.2,observed,-2.0,61.8,47.0,62.0,True,O,47.15,measured,61.6,47.01367287135552,0.5573,2770.3038,1810.3013,1810.3013,2727.8032,1782.7903,1782.7903,
TAP_A01,2818,,,726575.8,9665609.4,O,17.7,A,6.27,17.47,20100116-20100213,17.9,A,8.17,18.19,20110704-20110711,500.000757499,15.95,17.47,measured,0.2,observed,-2.0,17.5,17.21,17.7,True,O,17.47,measured,17.3,17.20412974108843,0.6344,90.9876,65.494,65.494,85.7244,61.7873,61.7873,
TAP_A01,2819,,,726570.2,9665609.29,O,5.2,A,5.06,10.12,20100116-20100213,5.2,A,4.5,9.27,20110704-20110711,500.000757499,6.52,10.12,measured,0.0,observed,-2.0,5.2,10.12,5.2,True,O,10.12,measured,5.2,10.12,0.6344,4.8883,3.6166,3.6166,4.8883,3.6166,3.6166,
TAP_A01,2820,Jacaranda copaia,Bignoniaceae,726557.1,9665611.31,O,47.9,A,22.16,26.86,20100116-20100213,49.0,A,14.7,19.77,20110704-20110711,500.000757499,28.99,26.86,measured,1.1,observed,-2.0,46.8,26.24,47.9,True,O,26.86,measured,45.699999999999996,26.22240942558465,0.3507,966.6808,681.9291,681.9291,861.4728,608.6478,608.6478,
TAP_A01,2821,,,726556.9,9665611.21,O,25.0,A,14.16,23.67,20100116-20100213,25.2,A,24.64,28.92,20110704-20110711,500.000757499,19.9,23.67,measured,0.2,observed,-2.0,24.8,23.43,25.0,True,O,23.67,measured,24.6,23.432536908420033,0.6344,240.1359,167.5073,167.5073,230.4144,160.8577,160.8577,
TAP_A01,2822,,,726545.9,9665609.04,O,20.3,A,9.46,15.09,20100116-20100213,20.5,A,8.32,13.55,20110704-20110711,500.000757499,17.45,15.09,measured,0.2,observed,-2.0,20.1,14.89,20.3,True,O,15.09,measured,19.900000000000002,14.89486975691936,0.6344,103.0608,76.4222,76.4222,97.8827,72.6624,72.6624,
TAP_A01,2823,,,726539.5,9665608.88,O,8.7,A,6.67,13.35,20100116-20100213,8.8,A,8.21,13.35,20110704-20110711,500.000757499,9.68,13.35,measured,0.1,observed,-2.0,8.6,13.13,8.7,True,O,13.35,measured,8.5,13.123580898446995,0.6344,17.4933,12.6982,12.6982,16.4401,11.9526,11.9526,
TAP_A01,2824,,,726523.6,9665609.2,L,5.6,A,,,20100116-20100213,6.0,D,,,20110704-20110711,500.000757499,7.27,9.56,local_fit,0.4,observed,-2.0,5.2,8.57,5.6,True,L,7.27,feldpausch,4.8,6.461844632610453,0.6344,4.0905,3.2002,3.2002,2.6987,2.1351,2.1351,
TAP_A01,2825,,,726522.3,9665609.7,O,15.6,A,10.98,21.19,20100116-20100213,16.5,A,16.08,21.0,20110704-20110711,500.000757499,15.1,21.19,measured,0.9,observed,-2.0,14.7,19.58,15.6,True,O,21.19,measured,13.799999999999999,19.470871144491735,0.6344,85.8507,59.5777,59.5777,62.2221,43.5046,43.5046,
TAP_A01,2826,,,726521.3,9665609.1,O,5.3,A,5.15,9.07,20100116-20100213,5.5,A,4.1,8.86,20110704-20110711,500.000757499,6.81,9.07,measured,0.2,observed,-2.0,5.1,8.56,5.3,True,O,9.07,measured,4.8999999999999995,8.541351293581508,0.6344,4.559,3.4351,3.4351,3.6889,2.7954,2.7954,
TAP_A01,2827,,,726517.3,9665609.94,O,15.5,A,12.45,18.12,20100116-20100213,15.6,A,10.27,17.97,20110704-20110711,500.000757499,14.54,18.12,measured,0.1,observed,-2.0,15.4,17.96,15.5,True,O,18.12,measured,15.3,17.959489123943225,0.6344,72.7697,51.7483,51.7483,70.3346,50.0558,50.0558,
TAP_A01,2828,,,726512.8,9665609.04,O,18.2,A,13.21,18.12,20100116-20100213,18.6,A,14.9,22.49,20110704-20110711,500.000757499,16.36,18.12,measured,0.4,observed,-2.0,17.8,17.6,18.2,True,O,18.12,measured,17.4,17.583249492051223,0.6344,99.5594,71.347,71.347,88.5584,63.6281,63.6281,
TAP_A01,2829,,,726509.69,9665611.88,O,38.0,A,9.38,26.1,20100116-20100213,38.0,D,1.83,15.29,20110704-20110711,500.000757499,25.35,26.1,measured,0.0,observed,-2.0,38.0,26.1,38.0,True,O,26.1,measured,38.0,26.1,0.6344,598.1904,419.2167,419.2167,598.1904,419.2167,419.2167,
TAP_A01,2830,,,726498.4,9665608.76,O,26.4,A,8.41,23.27,20100116-20100213,26.8,A,12.91,19.85,20110704-20110711,500.000757499,20.67,23.27,measured,0.4,observed,-2.0,26.0,22.84,26.4,True,O,23.27,measured,25.599999999999998,22.831607758952597,0.6344,262.6787,184.2073,184.2073,242.8157,170.5384,170.5384,
TAP_A01,2831,Lecythis lurida,Lecythidaceae,726496.69,9665614.61,O,86.3,A,23.0,41.87,20100116-20100213,88.9,A,28.74,43.47,20110704-20110711,500.000757499,37.45,41.87,measured,2.6,observed,-2.0,83.7,40.96,86.3,True,O,41.87,measured,81.1,40.91888592757849,0.8633,4704.6904,3182.7145,3182.7145,4074.8068,2758.3848,2758.3848,
TAP_A01,2832,Pourouma guianensis,Urticaceae,726484.2,9665609.09,O,49.8,A,21.21,31.02,20100116-20100213,57.3,A,19.9,32.52,20110704-20110711,500.000757499,31.27,31.02,measured,5.0,observed,-2.0,47.3,28.25,49.8,True,O,31.02,measured,39.8,27.599570303604942,0.38,1200.3137,829.2417,829.2417,691.4378,481.3752,481.3752,
TAP_A01,2833,,,726479.7,9665610.58,O,20.9,A,9.29,17.82,20100116-20100213,21.4,A,5.63,17.42,20110704-20110711,500.000757499,17.94,17.82,measured,0.5,observed,-2.0,20.4,17.27,20.9,True,O,17.82,measured,19.9,17.259248687408864,0.6344,128.3134,92.8099,92.8099,113.02,81.969,81.969,
TAP_A01,2834,,,726475.9,9665608.62,O,5.5,A,0.5,2.4,20100116-20100213,5.5,D,0.5,2.4,20110704-20110711,500.000757499,6.81,2.4,measured,0.0,observed,-2.0,5.5,2.4,5.5,True,O,2.4,measured,5.5,2.4,0.6344,1.3389,1.2468,1.2468,1.3389,1.2468,1.2468,
TAP_A01,2835,Carapa guianensis,Meliaceae,726475.39,9665612.87,O,58.9,A,23.61,28.86,20100116-20100213,59.3,A,24.64,32.08,20110704-20110711,500.000757499,31.76,28.86,measured,0.4,observed,-2.0,58.5,28.69,58.9,True,O,28.86,measured,58.1,28.678808908796935,0.53,1552.2975,1093.484,1093.484,1502.146,1058.5143,1058.5143,
TAP_A01,2836,,,726464.25,9665609.15,O,6.5,A,3.56,8.61,20100116-20100213,6.6,A,3.84,9.76,20110704-20110711,500.000757499,7.81,8.61,measured,0.1,observed,-2.0,6.4,8.42,6.5,True,O,8.61,measured,6.3,8.409537276238453,0.6344,6.454,4.9513,4.9513,5.934,4.5625,4.5625,
TAP_A01,2837,,,726446.4,9665609.17,O,10.5,A,4.68,13.12,20100116-20100213,11.2,A,6.4,13.18,20110704-20110711,500.000757499,11.53,13.12,measured,0.7,observed,-2.0,9.8,11.91,10.5,True,O,13.12,measured,9.1,11.82507531185436,0.6344,24.8271,18.2351,18.2351,16.9655,12.5804,12.5804,
TAP_A01,2838,,,726443.2,9665609.31,O,10.8,A,3.03,3.46,20100116-20100213,10.8,D,,3.46,20110704-20110711,500.000757499,11.23,3.46,measured,0.0,observed,-2.0,10.8,3.46,10.8,True,O,3.46,measured,10.8,3.46,0.6344,7.1424,6.4844,6.4844,7.1424,6.4844,6.4844,
TAP_A01,2839,,,726435.3,9665609.35,O,16.3,A,13.04,20.2,20100116-20100213,17.2,A,14.39,19.96,20110704-20110711,500.000757499,15.53,20.2,measured,0.9,observed,-2.0,15.4,18.74,16.3,True,O,20.2,measured,14.5,18.643493944379586,0.6344,89.2635,62.5478,62.5478,65.6879,46.354,46.354,
TAP_A01,2840,Licania octandra,Chrysobalanaceae,726412.49,9665612.31,O,59.6,A,24.54,38.87,20100116-20100213,60.4,A,21.35,39.99,20110704-20110711,500.000757499,32.03,38.87,measured,0.8,observed,-2.0,58.8,38.4,59.6,True,O,38.87,measured,58.0,38.387158391724796,0.825,2124.2478,1428.4225,1428.4225,1989.9292,1338.9969,1338.9969,
TAP_A01,2841,Manilkara huberi,Sapotaceae,726407.99,9665617.1,O,112.3,A,36.39,49.63,20100116-20100213,113.0,A,36.22,56.52,20110704-20110711,500.000757499,40.44,49.63,measured,0.7,observed,-2.0,111.6,49.45,112.3,True,O,49.63,measured,110.89999999999999,49.44945746682637,0.9214,9286.4214,6193.5236,6193.5236,9029.6044,6022.0824,6022.0824,
TAP_A01,2842,,,726404.2,9665609.04,O,5.4,A,2.14,6.65,20100116-20100213,6.2,A,0.34,0.66,20110704-20110711,500.000757499,7.45,6.65,measured,0.8,observed,-2.0,4.6,5.3,5.4,True,O,6.65,measured,3.8000000000000003,5.072985392014398,0.6344,3.4927,2.7664,2.7664,1.3506,1.0978,1.0978,
TAP_A01,2843,,,726402.8,9665608.98,O,8.6,A,8.97,11.88,20100116-20100213,8.6,A,6.87,10.94,20110704-20110711,500.000757499,9.52,11.88,measured,0.0,observed,-2.0,8.6,11.88,8.6,True,O,11.88,measured,8.6,11.88,0.6344,15.2624,11.2786,11.2786,15.2624,11.2786,11.2786,
TAP_A01,2844,,,726395.7,9665610.58,O,34.3,A,19.07,28.69,20100116-20100213,34.8,A,18.48,28.33,20110704-20110711,500.000757499,24.13,28.69,measured,0.5,observed,-2.0,33.8,28.21,34.3,True,O,28.69,measured,33.3,28.206215628073366,0.6344,537.1553,369.0382,369.0382,498.6644,343.0283,343.0283,
TAP_A01,2845,,,726395.59,9665613.08,O,91.4,D,,14.78,20100116-20100213,,D,,,20110704-20110711,500.000757499,,14.78,measured,0.2,site_median,-2.0,,,91.4,False,O,14.78,measured,91.0,14.757562545179306,0.6344,1904.7146,1904.7146,2011.1924,1885.679,1885.679,1991.0927,
TAP_A01,2846,,,726368.4,9665609.43,O,23.0,A,18.37,24.7,20100116-20100213,24.1,A,22.11,24.82,20110704-20110711,500.000757499,19.35,24.7,measured,1.1,observed,-2.0,21.9,23.24,23.0,True,O,24.7,measured,20.8,23.154102197910532,0.6344,212.7285,146.8051,146.8051,164.1335,113.8811,113.8811,
TAP_A01,2847,,,726365.0,9665608.53,O,8.1,A,8.47,11.21,20100116-20100213,8.2,A,9.87,11.46,20110704-20110711,500.000757499,9.19,11.21,measured,0.1,observed,-2.0,8.0,11.0,8.1,True,O,11.21,measured,7.8999999999999995,11.004407874494843,0.6344,12.8304,9.5413,9.5413,12.0005,8.9395,8.9395,
TAP_A01,2848,,,726361.5,9665609.52,O,28.1,D,1.41,4.07,20100116-20100213,28.1,D,,4.07,20110704-20110711,500.000757499,21.28,4.07,measured,0.0,observed,-2.0,28.1,4.07,28.1,False,O,4.07,measured,28.1,4.07,0.6344,54.1127,54.1127,57.1378,54.1127,54.1127,57.1378,
TAP_A01,2849,,,726358.6,9665608.97,O,12.1,A,7.14,9.17,20100116-20100213,12.2,A,8.06,12.0,20110704-20110711,500.000757499,12.25,9.17,measured,0.1,observed,-2.0,12.0,9.07,12.1,True,O,9.17,measured,11.9,9.062222315961018,0.6344,23.085,18.0654,18.0654,22.0897,17.305,17.305,
TAP_A01,2850,,,726348.1,9665608.97,O,5.7,A,0.95,3.96,20100116-20100213,,A,1.35,5.23,20110704-20110711,500.000757499,,3.96,measured,0.2,site_median,-2.0,,,5.7,True,O,3.96,measured,5.3,3.7465073715124455,0.6344,2.3403,2.0171,2.0171,1.9236,1.6666,1.6666,
TAP_A01,2851,,,726342.7,9665608.69,O,25.2,A,18.74,24.02,20100116-20100213,25.2,A,13.7,21.72,20110704-20110711,500.000757499,19.9,24.02,measured,0.0,observed,-2.0,25.2,24.02,25.2,True,O,24.02,measured,25.2,24.02,0.6344,247.4194,172.254,172.254,247.4194,172.254,172.254,
TAP_A01,2852,,,726335.6,9665611.48,O,36.5,A,26.19,33.09,20100116-20100213,36.5,A,17.29,31.15,20110704-20110711,500.000757499,24.79,33.09,measured,0.0,observed,-2.0,36.5,33.09,36.5,True,O,33.09,measured,36.5,33.09,0.6344,697.0764,469.6314,469.6314,697.0764,469.6314,469.6314,
TAP_A01,2853,,,726324.0,9665608.91,O,5.8,A,3.12,8.37,20100116-20100213,7.0,A,7.8,10.41,20110704-20110711,500.000757499,8.17,8.37,measured,1.2,observed,-2.0,4.6,6.09,5.8,True,O,8.37,measured,3.4,5.545098513206466,0.6344,5.0263,3.8522,3.8522,1.1857,0.9452,0.9452,
TAP_A01,2854,Caryocar villosum,Caryocaraceae,726320.6,9665609.35,O,15.1,A,8.92,17.09,20100116-20100213,15.6,A,10.1,14.13,20110704-20110711,500.000757499,14.54,17.09,measured,0.5,observed,-2.0,14.6,16.33,15.1,True,O,17.09,measured,14.1,16.300011096691488,0.758,65.31,46.8162,46.8162,54.5547,39.2706,39.2706,
TAP_A01,2855,,,726297.4,9665608.66,O,5.0,A,2.66,6.93,20100116-20100213,5.3,A,3.83,7.08,20110704-20110711,500.000757499,6.62,6.93,measured,0.3,observed,-2.0,4.7,6.32,5.0,True,O,6.93,measured,4.4,6.281186356658506,0.6344,3.129,2.4531,2.4531,2.215,1.7529,1.7529,
TAP_A01,2856,Protium hepytaphillum ,Burseraceae,726294.8,9665610.21,O,24.6,A,10.02,18.57,20100116-20100213,24.8,A,16.69,22.04,20110704-20110711,500.000757499,19.7,18.57,measured,0.2,observed,-2.0,24.4,18.38,24.6,True,O,18.57,measured,24.200000000000003,18.379945176599975,0.5773,183.6227,132.9896,132.9896,176.0631,127.6215,127.6215,
TAP_A01,2857,,,726277.2,9665608.93,O,28.6,A,9.07,21.95,20100116-20100213,28.9,A,14.52,19.23,20110704-20110711,500.000757499,21.64,21.95,measured,0.3,observed,-2.0,28.3,21.68,28.6,True,O,21.95,measured,28.0,21.670311082547542,0.6344,290.0863,206.1033,206.1033,274.8638,195.4849,195.4849,
TAP_A01,2858,,,726277.4,9665608.33,O,5.6,A,3.92,6.07,20100116-20100213,5.6,A,3.05,5.65,20110704-20110711,500.000757499,6.9,6.07,measured,0.0,observed,-2.0,5.6,6.07,5.6,True,O,6.07,measured,5.6,6.07,0.6344,3.4302,2.7611,2.7611,3.4302,2.7611,2.7611,
TAP_A01,2859,,,726273.0,9665610.07,O,33.0,A,18.03,29.64,20100116-20100213,33.0,A,16.37,24.77,20110704-20110711,500.000757499,23.4,29.64,measured,0.0,observed,-2.0,33.0,29.64,33.0,True,O,29.64,measured,33.0,29.64,0.6344,514.2248,350.8195,350.8195,514.2248,350.8195,350.8195,
TAP_A01,2860,,,726267.7,9665608.51,O,9.4,A,4.08,12.17,20100116-20100213,9.5,A,5.61,13.47,20110704-20110711,500.000757499,10.23,12.17,measured,0.1,observed,-2.0,9.3,11.99,9.4,True,O,12.17,measured,9.200000000000001,11.980443669300273,0.6344,18.5887,13.743,13.743,17.5535,12.9965,12.9965,
TAP_A01,2861,,,726262.7,9665609.5,O,15.4,A,10.07,14.74,20100116-20100213,15.8,A,4.59,15.61,20110704-20110711,500.000757499,14.66,14.74,measured,0.4,observed,-2.0,15.0,14.23,15.4,True,O,14.74,measured,14.6,14.208889678944809,0.6344,58.7428,43.1451,43.1451,51.0712,37.6322,37.6322,
TAP_A01,2862,Eschweilera parviflora,Lecythidaceae,726258.6,9665610.84,O,26.3,A,11.54,21.9,20100116-20100213,26.9,A,12.61,24.65,20110704-20110711,500.000757499,20.72,21.9,measured,0.6,observed,-2.0,25.7,21.29,26.3,True,O,21.9,measured,25.1,21.27513857106333,0.918,245.7467,173.9619,173.9619,218.0857,154.7414,154.7414,
TAP_A01,2863,,,726255.4,9665608.64,O,12.1,A,10.97,14.09,20100116-20100213,12.6,A,8.4,13.83,20110704-20110711,500.000757499,12.53,14.09,measured,0.5,observed,-2.0,11.6,13.29,12.1,True,O,14.09,measured,11.1,13.250229419394836,0.6344,35.1071,25.6708,25.6708,27.9397,20.544,20.544,
TAP_A01,2864,,,726247.9,9665608.72,O,7.0,A,3.13,9.2,20100116-20100213,7.2,A,3.04,9.47,20110704-20110711,500.000757499,8.34,9.2,measured,0.2,observed,-2.0,6.8,8.81,7.0,True,O,9.2,measured,6.6,8.802629836021172,0.6344,7.957,6.0623,6.0623,6.7944,5.198,5.198,
TAP_A01,2865,Cecropia palmata,Urticaceae,726228.2,9665608.39,O,8.1,A,11.42,13.04,20100116-20100213,9.0,A,2.15,13.59,20110704-20110711,500.000757499,9.84,13.04,measured,0.9,observed,-2.0,7.2,11.05,8.1,True,O,13.04,measured,6.3,10.807099802211418,0.3404,14.8708,10.7976,10.7976,7.5801,5.6016,5.6016,
TAP_A01,2866,,,726224.5,9665609.48,O,27.4,A,14.96,17.72,20100116-20100213,28.2,A,13.59,19.09,20110704-20110711,500.000757499,21.32,17.72,measured,0.8,observed,-2.0,26.6,17.1,27.4,True,O,17.72,measured,25.799999999999997,17.07666578410399,0.6344,216.4962,158.783,158.783,185.6811,136.5855,136.5855,
TAP_A01,2867,,,726222.9,9665610.88,O,85.3,A,38.29,46.83,20100116-20100213,86.0,A,28.3,46.78,20110704-20110711,500.000757499,37.01,46.83,measured,0.7,observed,-2.0,84.6,46.54,85.3,True,O,46.83,measured,83.89999999999999,46.5466324689543,0.6344,5129.8513,3407.5818,3407.5818,4937.4531,3280.3183,3280.3183,
TAP_A01,2868,,,726220.6,9665608.88,O,32.0,A,20.71,30.2,20100116-20100213,32.9,A,18.58,33.69,20110704-20110711,500.000757499,23.36,30.2,measured,0.9,observed,-2.0,31.1,29.23,32.0,True,O,30.2,measured,30.2,29.187014748459905,0.6344,493.1741,334.9694,334.9694,426.0488,290.1339,290.1339,
TAP_A01,2869,,,726218.75,9665609.37,O,31.2,A,13.67,26.7,20100116-20100213,31.3,A,14.89,27.15,20110704-20110711,500.000757499,22.69,26.7,measured,0.1,observed,-2.0,31.1,26.61,31.2,True,O,26.7,measured,31.0,26.599012211195205,0.6344,416.2224,287.9088,287.9088,409.5128,283.3498,283.3498,
TAP_A01,2870,,,726213.65,9665608.92,O,43.4,A,19.33,33.88,20100116-20100213,44.6,A,23.33,33.73,20110704-20110711,500.000757499,27.63,33.88,measured,1.2,observed,-2.0,42.2,32.9,43.4,True,O,33.88,measured,41.0,32.86903866246272,0.6344,1000.1506,676.9126,676.9126,868.9582,589.3305,589.3305,
TAP_A01,2871,,,726208.2,9665608.76,O,25.5,A,14.66,27.07,20100116-20100213,25.9,A,17.23,23.79,20110704-20110711,500.000757499,20.24,27.07,measured,0.4,observed,-2.0,25.1,26.55,25.5,True,O,27.07,measured,24.7,26.537434824996836,0.6344,284.535,194.498,194.498,262.2355,179.5436,179.5436,
TAP_A01,2872,,,726206.75,9665608.35,O,5.9,A,2.53,8.62,20100116-20100213,6.1,A,4.2,9.4,20110704-20110711,500.000757499,7.36,8.62,measured,0.2,observed,-2.0,5.7,8.19,5.9,True,O,8.62,measured,5.5,8.172181857873909,0.6344,5.3483,4.0833,4.0833,4.4268,3.3969,3.3969,
TAP_A01,2873,,,726203.3,9665609.55,O,48.0,A,22.32,32.38,20100116-20100213,48.0,A,17.98,28.56,20110704-20110711,500.000757499,28.69,32.38,measured,0.0,observed,-2.0,48.0,32.38,48.0,True,O,32.38,measured,48.0,32.38,0.6344,1164.8601,797.8999,797.8999,1164.8601,797.8999,797.8999,
TAP_A01,2874,Manilkara huberi,Sapotaceae,726197.19,9665614.34,O,79.6,A,36.68,45.12,20100116-20100213,80.6,A,33.48,46.43,20110704-20110711,500.000757499,36.13,45.12,measured,1.0,observed,-2.0,78.6,44.68,79.6,True,O,45.12,measured,77.6,44.67857588539733,0.9214,4322.2236,2878.4555,2878.4555,4073.4999,2713.7145,2713.7145,
TAP_A01,2875,,,726195.3,9665607.88,O,9.0,A,4.09,11.8,20100116-20100213,9.2,A,5.37,12.28,20110704-20110711,500.000757499,10.0,11.8,measured,0.2,observed,-2.0,8.8,11.42,9.0,True,O,11.8,measured,8.6,11.412780119976754,0.6344,16.5691,12.2841,12.2841,14.6763,10.9145,10.9145,
TAP_A01,2876,,,726201.11,9665605.59,O,26.0,A,9.36,11.77,20100116-20100213,26.0,A,13.74,19.45,20110704-20110711,500.000757499,20.29,11.77,measured,0.0,observed,-2.0,26.0,11.77,26.0,True,O,11.77,measured,26.0,11.77,0.6344,131.0891,102.306,102.306,131.0891,102.306,102.306,
TAP_A01,2877,,,726203.1,9665608.1,O,6.0,A,7.19,12.72,20100116-20100213,6.3,A,4.57,13.2,20110704-20110711,500.000757499,7.54,12.72,measured,0.3,observed,-2.0,5.7,11.79,6.0,True,O,12.72,measured,5.4,11.741242754519332,0.6344,8.0796,5.8054,5.8054,6.0832,4.4043,4.4043,
TAP_A01,2878,,,726207.61,9665603.61,O,50.3,A,24.0,30.49,20100116-20100213,50.4,A,26.08,30.79,20110704-20110711,500.000757499,29.4,30.49,measured,0.1,observed,-2.0,50.2,30.43,50.3,True,O,30.49,measured,50.099999999999994,30.42985119467096,0.6344,1203.5359,834.1347,834.1347,1191.913,826.179,826.179,
TAP_A01,2879,,,726209.1,9665608.11,O,8.8,A,6.55,10.38,20100116-20100213,8.8,A,6.68,10.19,20110704-20110711,500.000757499,9.68,10.38,measured,0.0,observed,-2.0,8.8,10.38,8.8,True,O,10.38,measured,8.8,10.38,0.6344,13.9926,10.5749,10.5749,13.9926,10.5749,10.5749,
TAP_A01,2880,,,726216.0,9665606.22,O,28.9,A,14.59,25.55,20100116-20100213,29.4,A,17.08,26.43,20110704-20110711,500.000757499,21.86,25.55,measured,0.5,observed,-2.0,28.4,25.02,28.9,True,O,25.55,measured,27.9,25.01204164633751,0.6344,343.3577,238.2873,238.2873,313.9595,218.2498,218.2498,
TAP_A01,2881,,,726225.4,9665608.09,L,7.2,A,,,20100116-20100213,7.8,A,,,20110704-20110711,500.000757499,8.85,10.95,local_fit,0.6,observed,-2.0,6.6,9.66,7.2,True,L,8.85,feldpausch,6.0,7.71577805672215,0.6344,8.0945,6.2133,6.2133,4.9601,3.8569,3.8569,
TAP_A01,2882,,,726235.2,9665607.83,O,5.5,A,5.15,5.93,20100116-20100213,5.5,D,,,20110704-20110711,500.000757499,6.81,5.93,measured,0.0,observed,-2.0,5.5,5.93,5.5,True,O,5.93,measured,5.5,5.93,0.6344,3.2371,2.613,2.613,3.2371,2.613,2.613,
TAP_A01,2883,,,726239.01,9665605.66,O,31.9,A,22.76,27.57,20100116-20100213,31.7,A,12.96,16.7,20110704-20110711,500.000757499,22.86,27.57,measured,0.0,observed,-2.0,31.7,27.57,31.9,True,O,27.57,measured,31.9,27.57,0.6344,448.4628,308.9713,308.9713,448.4628,308.9713,308.9713,
TAP_A01,2884,,,726242.0,9665608.01,O,15.9,A,15.62,19.13,20100116-20100213,16.3,A,13.58,18.66,20110704-20110711,500.000757499,14.98,19.13,measured,0.4,observed,-2.0,15.5,18.48,15.9,True,O,19.13,measured,15.1,18.46585900625594,0.6344,80.6384,56.9242,56.9242,70.4369,49.8774,49.8774,
TAP_A01,2885,Aspidosperma nitidum,Apocynaceae,726242.01,9665605.06,O,61.7,A,30.49,37.22,20100116-20100213,63.8,A,22.38,33.41,20110704-20110711,500.000757499,32.82,37.22,measured,2.1,observed,-2.0,59.6,36.11,61.7,True,O,37.22,measured,57.5,36.04193075700947,0.7635,2178.5878,1477.4911,1477.4911,1839.827,1249.868,1249.868,
TAP_A01,2886,,,726244.9,9665607.87,O,13.9,A,17.63,20.68,20100116-20100213,14.3,A,11.83,18.48,20110704-20110711,500.000757499,13.69,20.68,measured,0.4,observed,-2.0,13.5,19.86,13.9,True,O,20.68,measured,13.1,19.841251608711364,0.6344,66.9272,46.367,46.367,57.2535,39.812,39.812,
TAP_A01,2887,,,726248.3,9665607.48,O,13.3,A,11.43,15.62,20100116-20100213,13.2,A,8.53,12.95,20110704-20110711,500.000757499,12.95,15.62,measured,0.0,observed,-2.0,13.2,15.62,13.3,True,O,15.62,measured,13.3,15.62,0.6344,46.693,33.7438,33.7438,46.693,33.7438,33.7438,
TAP_A01,2888,,,726251.0,9665608.08,O,6.5,A,4.54,6.49,20100116-20100213,6.5,A,4.37,7.15,20110704-20110711,500.000757499,7.72,6.49,measured,0.0,observed,-2.0,6.5,6.49,6.5,True,O,6.49,measured,6.5,6.49,0.6344,4.898,3.9292,3.9292,4.898,3.9292,3.9292,
TAP_A01,2889,,,726266.7,9665607.76,O,25.5,A,19.03,23.82,20100116-20100213,25.7,A,26.78,32.43,20110704-20110711,500.000757499,20.14,23.82,measured,0.2,observed,-2.0,25.3,23.6,25.5,True,O,23.82,measured,25.1,23.586834741339878,0.6344,251.1437,175.1774,175.1774,241.1845,168.3646,168.3646,
TAP_A01,2890,,,726267.3,9665608.16,O,10.9,A,10.56,14.1,20100116-20100213,11.0,A,12.32,17.51,20110704-20110711,500.000757499,11.38,14.1,measured,0.1,observed,-2.0,10.8,13.91,10.9,True,O,14.1,measured,10.700000000000001,13.913669652752189,0.6344,28.652,20.8436,20.8436,27.2783,19.8684,19.8684,
TAP_A01,2891,,,726268.41,9665603.56,O,66.6,A,30.89,39.17,20100116-20100213,66.8,A,34.01,41.08,20110704-20110711,500.000757499,33.48,39.17,measured,0.2,observed,-2.0,66.4,39.08,66.6,True,O,39.17,measured,66.19999999999999,39.06874210000529,0.6344,2658.3066,1794.9152,1794.9152,2620.6016,1769.6685,1769.6685,
TAP_A01,2892,Protium hebetatum,Burseraceae,726268.7,9665606.91,O,22.7,A,11.06,16.99,20100116-20100213,23.0,A,16.73,22.33,20110704-20110711,500.000757499,18.79,16.99,measured,0.3,observed,-2.0,22.4,16.7,22.7,True,O,16.99,measured,22.099999999999998,16.701375200618195,0.5773,143.9103,105.2954,105.2954,134.3138,98.4137,98.4137,
TAP_A01,2893,Cecropia palmata,Urticaceae,726284.1,9665607.79,O,6.5,D,,13.51,20100116-20100213,6.5,D,,,20110704-20110711,500.000757499,7.72,13.51,measured,0.0,observed,-2.0,6.5,13.51,6.5,False,O,13.51,measured,6.5,13.51,0.3404,10.0181,10.0181,5.7611,10.0181,10.0181,5.7611,
TAP_A01,2894,,,726288.9,9665607.85,O,12.8,A,6.22,12.29,20100116-20100213,12.9,A,6.09,10.52,20110704-20110711,500.000757499,12.74,12.29,measured,0.1,observed,-2.0,12.7,12.15,12.8,True,O,12.29,measured,12.600000000000001,12.15445176405988,0.6344,34.2876,25.6882,25.6882,32.8917,24.6669,24.6669,
TAP_A01,2895,,,726289.3,9665607.55,L,6.9,A,,,20100116-20100213,7.4,A,,,20110704-20110711,500.000757499,8.51,10.7,local_fit,0.5,observed,-2.0,6.4,9.61,6.9,True,L,8.51,feldpausch,5.9,7.562508058972075,0.6344,7.1698,5.5264,5.5264,4.707,3.6687,3.6687,
TAP_A01,2896,,,726298.0,9665607.76,O,21.6,A,7.13,9.39,20100116-20100213,22.0,A,8.24,11.56,20110704-20110711,500.000757499,18.26,9.39,measured,0.4,observed,-2.0,21.2,9.17,21.6,True,O,9.39,measured,20.8,9.163465553542729,0.6344,73.2211,58.6959,58.6959,66.4187,53.352,53.352,
TAP_A01,2897,,,726298.1,9665607.96,L,6.37,A,,,20100116-20100213,6.9,A,,,20110704-20110711,500.000757499,8.08,10.25,local_fit,0.53,observed,-2.0,5.84,9.03,6.37,True,L,8.08,feldpausch,5.3100000000000005,7.0377042066285425,0.6344,5.8314,4.5144,4.5144,3.5722,2.8019,2.8019,
TAP_A01,2898,Bixa arborea,Bixaceae,726323.9,9665607.91,O,5.6,A,6.24,8.7,20100116-20100213,8.3,A,4.82,12.17,20110704-20110711,500.000757499,9.27,8.7,measured,2.7,observed,-2.0,2.9,3.89,5.6,True,O,8.7,measured,1.0,2.233384913206955,0.37,4.8741,3.7065,3.7065,0.0448,0.0389,0.0389,
TAP_A01,2899,,,726327.2,9665608.06,O,5.2,A,7.94,8.89,20100116-20100213,5.3,A,4.54,11.08,20110704-20110711,500.000757499,6.62,8.89,measured,0.1,observed,-2.0,5.1,8.63,5.2,True,O,8.89,measured,5.0,8.62713833648369,0.6344,4.3075,3.2529,3.2529,3.8749,2.9345,2.9345,
TAP_A01,2900,,,726328.6,9665608.32,O,8.1,A,8.64,12.26,20100116-20100213,8.1,A,5.24,12.11,20110704-20110711,500.000757499,9.1,12.26,measured,0.0,observed,-2.0,8.1,12.26,8.1,True,O,12.26,measured,8.1,12.26,0.6344,14.002,10.2663,10.2663,14.002,10.2663,10.2663,
TAP_A01,2901,Carapa guianensis,Meliaceae,726331.3,9665607.92,O,22.7,A,15.92,25.05,20100116-20100213,23.6,A,11.03,13.8,20110704-20110711,500.000757499,19.1,25.05,measured,0.9,observed,-2.0,21.8,23.8,22.7,True,O,25.05,measured,20.9,23.75321857810984,0.53,210.213,144.6558,144.6558,169.8601,117.4067,117.4067,
TAP_A01,2902,Tachigali myrmecophila,Fabaceae,726334.1,9665607.17,O,21.4,A,13.39,16.24,20100116-20100213,21.8,A,11.05,13.44,20110704-20110711,500.000757499,18.15,16.24,measured,0.4,observed,-2.0,21.0,15.86,21.4,True,O,16.24,measured,20.599999999999998,15.843765656352828,0.476,122.7327,90.1875,90.1875,111.2222,81.8989,81.8989,
TAP_A01,2903,,,726337.0,9665608.28,O,17.9,A,6.16,11.73,20100116-20100213,17.8,A,7.96,9.75,20110704-20110711,500.000757499,15.89,11.73,measured,0.0,observed,-2.0,17.8,11.73,17.9,True,O,11.73,measured,17.9,11.73,0.6344,63.047,48.3561,48.3561,63.047,48.3561,48.3561,
TAP_A01,2904,,,726337.2,9665607.33,O,16.7,A,18.92,22.22,20100116-20100213,16.8,A,3.91,10.23,20110704-20110711,500.000757499,15.29,22.22,measured,0.1,observed,-2.0,16.6,22.03,16.7,True,O,22.22,measured,16.5,22.03951413162113,0.6344,102.713,70.9789,70.9789,99.5301,68.8282,68.8282,
TAP_A01,2905,,,726344.5,9665607.89,O,11.7,A,15.54,20.03,20100116-20100213,13.0,A,13.98,18.02,20110704-20110711,500.000757499,12.81,20.03,measured,1.3,observed,-2.0,10.4,17.09,11.7,True,O,20.03,measured,9.1,16.706822602759846,0.6344,46.3447,32.0041,32.0041,23.7714,16.6905,16.6905,
TAP_A01,2906,,,726345.5,9665608.09,O,24.4,D,,2.15,20100116-20100213,24.4,D,,2.15,20110704-20110711,500.000757499,19.5,2.15,measured,0.0,observed,-2.0,24.4,2.15,24.4,False,O,2.15,measured,24.4,2.15,0.6344,22.0346,22.0346,23.2664,22.0346,22.0346,23.2664,
TAP_A01,2907,,,726352.8,9665606.53,O,19.1,A,12.17,20.55,20100116-20100213,19.8,A,19.97,25.19,20110704-20110711,500.000757499,17.05,20.55,measured,0.7,observed,-2.0,18.4,19.59,19.1,True,O,20.55,measured,17.700000000000003,19.535553049468806,0.6344,123.6922,87.0976,87.0976,101.473,71.7631,71.7631,
TAP_A01,2908,,,726355.0,9665607.51,O,18.6,A,11.22,21.9,20100116-20100213,19.9,A,15.64,20.88,20110704-20110711,500.000757499,17.11,21.9,measured,1.3,observed,-2.0,17.3,19.95,18.6,True,O,21.9,measured,16.0,19.79103861276241,0.6344,124.9751,87.0099,87.0099,84.3832,59.2667,59.2667,
TAP_A01,2909,,,726355.3,9665608.11,O,5.5,A,6.68,12.39,20100116-20100213,6.7,A,8.07,12.52,20110704-20110711,500.000757499,7.9,12.39,measured,1.2,observed,-2.0,4.3,8.85,5.5,True,O,12.39,measured,3.1,7.950394233467912,0.6344,6.6449,4.7744,4.7744,1.4073,1.0551,1.0551,
TAP_A01,2910,,,726366.4,9665607.93,O,10.4,A,5.6,14.84,20100116-20100213,11.5,A,6.03,17.57,20110704-20110711,500.000757499,11.75,14.84,measured,1.1,observed,-2.0,9.3,12.73,10.4,True,O,14.84,measured,8.2,12.475276898376519,0.6344,27.4808,19.786,19.786,14.5871,10.6723,10.6723,
TAP_A01,2911,,,726372.1,9665607.54,O,9.9,A,4.32,13.06,20100116-20100213,11.0,A,2.29,14.04,20110704-20110711,500.000757499,11.38,13.06,measured,1.1,observed,-2.0,8.8,11.11,9.9,True,O,13.06,measured,7.7,10.859162182406974,0.6344,22.0344,16.15,16.15,11.2675,8.4008,8.4008,
TAP_A01,2912,,,726376.0,9665607.85,O,7.1,A,5.09,10.43,20100116-20100213,7.3,A,5.49,10.68,20110704-20110711,500.000757499,8.43,10.43,measured,0.2,observed,-2.0,6.9,10.0,7.1,True,O,10.43,measured,6.699999999999999,9.986385769228699,0.6344,9.2462,6.9109,6.9109,7.9137,5.9392,5.9392,
TAP_A01,2913,,,726376.6,9665607.0,O,21.4,A,8.24,14.84,20100116-20100213,21.5,A,12.81,17.58,20110704-20110711,500.000757499,17.99,14.84,measured,0.1,observed,-2.0,21.3,14.75,21.4,True,O,14.84,measured,21.2,14.750196376514838,0.6344,112.3952,83.7761,83.7761,109.7021,81.8103,81.8103,
TAP_A01,2914,Quiina florida,Quiinaceae,726379.4,9665607.95,O,8.7,A,5.59,10.78,20100116-20100213,8.7,A,5.23,8.92,20110704-20110711,500.000757499,9.6,10.78,measured,0.0,observed,-2.0,8.7,10.78,8.7,True,O,10.78,measured,8.7,10.78,0.728,14.1984,10.6606,10.6606,14.1984,10.6606,10.6606,
TAP_A01,2915,,,726380.2,9665607.96,O,7.4,A,3.3,5.88,20100116-20100213,7.5,A,2.48,5.96,20110704-20110711,500.000757499,8.6,5.88,measured,0.1,observed,-2.0,7.3,5.76,7.4,True,O,5.88,measured,7.2,5.761009822990436,0.6344,5.7295,4.6976,4.6976,5.3238,4.3733,4.3733,
TAP_A01,2916,,,726385.0,9665608.36,O,9.3,A,7.35,11.62,20100116-20100213,9.5,A,6.22,11.44,20110704-20110711,500.000757499,10.23,11.62,measured,0.2,observed,-2.0,9.1,11.27,9.3,True,O,11.62,measured,8.9,11.252240936445848,0.6344,17.4013,12.9528,12.9528,15.4767,11.5545,11.5545,
TAP_A01,2917,Parahancornia fasciculata,Apocynaceae,726388.5,9665607.87,O,7.1,A,1.67,8.28,20100116-20100213,7.1,A,3.92,8.0,20110704-20110711,500.000757499,8.25,8.28,measured,0.0,observed,-2.0,7.1,8.28,7.1,True,O,8.28,measured,7.1,8.28,0.4733,7.381,5.7217,5.7217,7.381,5.7217,5.7217,
TAP_A01,2918,,,726389.0,9665607.82,O,17.5,A,3.39,14.33,20100116-20100213,17.5,A,3.09,14.97,20110704-20110711,500.000757499,15.71,14.33,measured,0.0,observed,-2.0,17.5,14.33,17.5,True,O,14.33,measured,17.5,14.33,0.6344,73.3444,54.4434,54.4434,73.3444,54.4434,54.4434,
TAP_A01,2919,,,726391.2,9665607.17,O,20.9,A,7.2,22.02,20100116-20100213,21.5,A,13.78,17.41,20110704-20110711,500.000757499,17.99,22.02,measured,0.6,observed,-2.0,20.3,21.21,20.9,True,O,22.02,measured,19.7,21.186250573581873,0.6344,157.7524,110.3511,110.3511,135.3591,94.9958,94.9958,
TAP_A01,2920,,,726396.6,9665606.38,O,25.9,A,3.11,21.93,20100116-20100213,26.1,A,13.75,22.52,20110704-20110711,500.000757499,20.34,21.93,measured,0.2,observed,-2.0,25.7,21.71,25.9,True,O,21.93,measured,25.5,21.7194553115616,0.6344,238.8227,168.8996,168.8996,229.5047,162.436,162.436,
TAP_A01,2921,,,726401.3,9665608.04,O,24.8,A,7.73,11.69,20100116-20100213,25.0,A,19.96,25.32,20110704-20110711,500.000757499,19.8,11.69,measured,0.2,observed,-2.0,24.6,11.57,24.8,True,O,11.69,measured,24.400000000000002,11.571550729287935,0.6344,118.7455,92.5625,92.5625,113.8979,88.8574,88.8574,
TAP_A01,2922,,,726406.2,9665608.45,O,9.5,A,8.92,14.93,20100116-20100213,10.0,A,7.03,15.44,20110704-20110711,500.000757499,10.62,14.93,measured,0.5,observed,-2.0,9.0,13.83,9.5,True,O,14.93,measured,8.5,13.762003967218506,0.6344,23.1665,16.5916,16.5916,17.2203,12.4262,12.4262,
TAP_A01,2923,Rinorea guianensis,Violaceae,726413.01,9665605.56,O,29.9,A,13.03,20.01,20100116-20100213,29.9,A,1.16,13.88,20110704-20110711,500.000757499,22.09,20.01,measured,0.0,observed,-2.0,29.9,20.01,29.9,True,O,20.01,measured,29.9,20.01,0.78,289.06,208.844,208.844,289.06,208.844,208.844,
TAP_A01,2924,,,726426.0,9665606.83,O,41.2,A,19.89,29.72,20100116-20100213,41.2,D,1.73,15.83,20110704-20110711,500.000757499,26.49,29.72,measured,0.0,observed,-2.0,41.2,29.72,41.2,True,O,29.72,measured,41.2,29.72,0.6344,795.1255,548.0344,548.0344,795.1255,548.0344,548.0344,
TAP_A01,2925,,,726428.5,9665608.24,O,5.0,A,5.81,8.28,20100116-20100213,5.0,D,,,20110704-20110711,500.000757499,6.33,8.28,measured,0.0,observed,-2.0,5.0,8.28,5.0,True,O,8.28,measured,5.0,8.28,0.6344,3.7226,2.8376,2.8376,3.7226,2.8376,2.8376,
TAP_A01,2926,,,726428.6,9665607.29,O,16.0,D,,6.14,20100116-20100213,16.0,D,,6.14,20110704-20110711,500.000757499,14.79,6.14,measured,0.0,observed,-2.0,16.0,6.14,16.0,False,O,6.14,measured,16.0,6.14,0.6344,26.925,26.925,28.4301,26.925,26.925,28.4301,
TAP_A01,2927,Eschweilera parviflora,Lecythidaceae,726439.2,9665606.96,O,19.7,A,9.03,17.13,20100116-20100213,19.8,A,10.51,13.99,20110704-20110711,500.000757499,17.05,17.13,measured,0.1,observed,-2.0,19.6,17.02,19.7,True,O,17.13,measured,19.5,17.015508296837798,0.918,110.0034,79.8372,79.8372,107.1304,77.7965,77.7965,
TAP_A01,2928,,,726440.1,9665608.01,O,18.7,A,12.52,19.42,20100116-20100213,19.1,A,15.46,23.04,20110704-20110711,500.000757499,16.65,19.42,measured,0.4,observed,-2.0,18.3,18.88,18.7,True,O,19.42,measured,17.9,18.862948715239277,0.6344,112.3122,79.7133,79.7133,100.2362,71.3205,71.3205,
TAP_A01,2929,,,726440.8,9665608.06,O,5.1,A,,8.25,20100116-20100213,5.1,D,,8.25,20110704-20110711,500.000757499,6.43,8.25,measured,0.0,observed,-2.0,5.1,8.25,5.1,True,O,8.25,measured,5.1,8.25,0.6344,3.8556,2.9435,2.9435,3.8556,2.9435,2.9435,
TAP_A01,2930,,,726463.8,9665607.45,O,22.9,A,17.3,18.63,20100116-20100213,23.1,A,10.42,25.36,20110704-20110711,500.000757499,18.84,18.63,measured,0.2,observed,-2.0,22.7,18.42,22.9,True,O,18.63,measured,22.5,18.4217946214448,0.6344,160.1723,115.5486,115.5486,153.0682,110.5264,110.5264,
TAP_A01,2931,,,726467.1,9665607.76,O,16.7,A,10.14,15.99,20100116-20100213,16.8,A,9.78,17.18,20110704-20110711,500.000757499,15.29,15.99,measured,0.1,observed,-2.0,16.6,15.85,16.7,True,O,15.99,measured,16.5,15.86011840524851,0.6344,74.5005,54.2301,54.2301,72.1919,52.587,52.587,
TAP_A01,2932,,,726467.3,9665608.11,O,6.0,A,5.57,8.29,20100116-20100213,6.0,A,7.32,9.25,20110704-20110711,500.000757499,7.27,8.29,measured,0.0,observed,-2.0,6.0,8.29,6.0,True,O,8.29,measured,6.0,8.29,0.6344,5.3201,4.0902,4.0902,5.3201,4.0902,4.0902,
TAP_A01,2933,,,726487.7,9665608.49,O,5.2,A,2.1,5.69,20100116-20100213,5.3,A,2.49,3.71,20110704-20110711,500.000757499,6.62,5.69,measured,0.1,observed,-2.0,5.1,5.53,5.2,True,O,5.69,measured,5.0,5.521756708053115,0.6344,2.7867,2.2581,2.2581,2.5068,2.0371,2.0371,
TAP_A01,2934,,,726488.6,9665607.94,O,41.7,D,,7.01,20100116-20100213,41.7,D,,7.76,20110704-20110711,500.000757499,26.66,7.01,measured,0.0,observed,-2.0,41.7,7.01,41.7,False,O,7.01,measured,41.7,7.01,0.6344,198.7866,198.7866,209.8992,198.7866,198.7866,209.8992,
TAP_A01,2935,Bertholletia excelsa,Lecythidaceae,726509.3,9665606.63,O,84.4,A,26.59,45.28,20100116-20100213,86.5,A,26.41,37.51,20110704-20110711,500.000757499,37.08,45.28,measured,2.1,observed,-2.0,82.3,44.46,84.4,True,O,45.28,measured,80.2,44.42330881646371,0.638,4862.3454,3245.4566,3245.4566,4319.9358,2885.0538,2885.0538,
TAP_A01,2936,,,726513.0,9665606.14,O,26.4,A,18.9,27.72,20100116-20100213,27.4,A,14.85,23.92,20110704-20110711,500.000757499,20.95,27.72,measured,1.0,observed,-2.0,25.4,26.46,26.4,True,O,27.72,measured,24.4,26.39510964247183,0.6344,311.6002,212.5554,212.5554,254.7138,174.4397,174.4397,
TAP_A01,2937,,,726517.8,9665607.69,O,45.2,A,14.61,29.62,20100116-20100213,46.0,A,16.62,28.18,20110704-20110711,500.000757499,28.07,29.62,measured,0.8,observed,-2.0,44.4,29.08,45.2,True,O,29.62,measured,43.6,29.067925410382397,0.6344,949.6377,657.7985,657.7985,869.0213,602.7055,602.7055,
TAP_A01,2938,,,726525.71,9665601.21,O,69.8,A,17.69,36.44,20100116-20100213,73.0,A,29.93,41.22,20110704-20110711,500.000757499,34.75,36.44,measured,3.2,observed,-2.0,66.6,35.07,69.8,True,O,36.44,measured,63.4,34.966580422399275,0.6344,2714.982,1858.4095,1858.4095,2161.4461,1482.3347,1482.3347,
TAP_A01,2939,Aspidosperma nitidum,Apocynaceae,726531.71,9665605.22,O,40.9,A,27.99,36.52,20100116-20100213,42.5,A,27.04,38.12,20110704-20110711,500.000757499,26.93,36.52,measured,1.6,observed,-2.0,39.3,35.01,40.9,True,O,36.52,measured,37.699999999999996,34.92900704773657,0.7635,958.4614,639.2287,639.2287,782.7603,523.683,523.683,
TAP_A01,2940,Pourouma guianensis,Urticaceae,726544.61,9665605.44,O,33.1,D,1.23,3.6,20100116-20100213,33.1,D,,3.6,20110704-20110711,500.000757499,23.44,3.6,measured,0.0,observed,-2.0,33.1,3.6,33.1,False,O,3.6,measured,33.1,3.6,0.38,66.087,66.087,42.3165,66.087,66.087,42.3165,
TAP_A01,2941,,,726546.2,9665608.34,O,6.7,D,4.04,4.82,20100116-20100213,6.7,D,,5.21,20110704-20110711,500.000757499,7.9,4.82,measured,0.0,observed,-2.0,6.7,4.82,6.7,False,O,4.82,measured,6.7,4.82,0.6344,3.887,3.887,4.1043,3.887,3.887,4.1043,
TAP_A01,2942,Guarea guidonia,Meliaceae,726549.0,9665607.0,O,21.1,A,20.33,23.97,20100116-20100213,21.4,A,9.93,15.84,20110704-20110711,500.000757499,17.94,23.97,measured,0.3,observed,-2.0,20.8,23.53,21.1,True,O,23.97,measured,20.5,23.525005239428335,0.5651,174.5887,120.5571,120.5571,162.0381,112.0672,112.0672,
TAP_A01,2943,,,726554.8,9665606.81,O,28.0,A,18.14,23.03,20100116-20100213,28.2,A,16.59,21.4,20110704-20110711,500.000757499,21.32,23.03,measured,0.2,observed,-2.0,27.8,22.84,28.0,True,O,23.03,measured,27.6,22.829510032363643,0.6344,291.6836,205.4622,205.4622,281.1952,198.211,198.211,
TAP_A01,2944,,,726556.9,9665608.61,O,8.6,A,5.07,10.86,20100116-20100213,8.7,A,7.46,12.05,20110704-20110711,500.000757499,9.6,10.86,measured,0.1,observed,-2.0,8.5,10.67,8.6,True,O,10.86,measured,8.4,10.673461380939896,0.6344,13.9821,10.4801,10.4801,13.1305,9.8576,9.8576,
TAP_A01,2945,Tachigali paniculata,Fabaceae,726559.3,9665607.77,O,33.8,A,21.52,26.3,20100116-20100213,34.1,A,20.08,26.56,20110704-20110711,500.000757499,23.85,26.3,measured,0.3,observed,-2.0,33.5,26.04,33.8,True,O,26.3,measured,33.199999999999996,26.029903348716058,0.5545,479.4937,333.7465,333.7465,458.3777,319.295,319.295,
TAP_A01,2946,,,726562.4,9665608.67,O,7.8,A,4.91,8.26,20100116-20100213,7.6,A,5.14,9.95,20110704-20110711,500.000757499,8.68,8.26,measured,0.0,observed,-2.0,7.6,8.26,7.8,True,O,8.26,measured,7.8,8.26,0.6344,8.8471,6.8919,6.8919,8.8471,6.8919,6.8919,
TAP_A01,2947,,,726561.9,9665608.22,O,7.6,A,6.0,14.03,20100116-20100213,7.7,A,5.26,14.62,20110704-20110711,500.000757499,8.77,14.03,measured,0.1,observed,-2.0,7.5,13.76,7.6,True,O,14.03,measured,7.3999999999999995,13.754190778913388,0.6344,14.1038,10.0921,10.0921,13.1315,9.4138,9.4138,
TAP_A01,2948,,,726562.3,9665607.57,O,14.0,A,5.08,17.5,20100116-20100213,14.2,A,7.35,18.91,20110704-20110711,500.000757499,13.62,17.5,measured,0.2,observed,-2.0,13.8,17.17,14.0,True,O,17.5,measured,13.6,17.1503098403305,0.6344,57.6644,41.0318,41.0318,53.4291,38.0866,38.0866,
TAP_A01,2949,Rinorea guianensis,Violaceae,726566.2,9665608.68,O,26.4,A,12.17,22.47,20100116-20100213,26.4,A,17.88,28.1,20110704-20110711,500.000757499,20.48,22.47,measured,0.0,observed,-2.0,26.4,22.47,26.4,True,O,22.47,measured,26.4,22.47,0.78,253.8611,179.0106,179.0106,253.8611,179.0106,179.0106,
TAP_A01,2950,,,726566.5,9665608.18,L,6.8,A,,,20100116-20100213,7.1,A,,,20110704-20110711,500.000757499,8.25,10.62,local_fit,0.3,observed,-2.0,6.5,9.94,6.8,True,L,8.25,feldpausch,6.2,7.695677887830069,0.6344,6.7605,5.2328,5.2328,5.2746,4.1095,4.1095,
TAP_A01,2951,Thyrsodium paraense,Burseraceae,726570.5,9665606.99,O,19.1,A,9.36,13.88,20100116-20100213,19.2,A,18.38,29.35,20110704-20110711,500.000757499,16.71,13.88,measured,0.1,observed,-2.0,19.0,13.79,19.1,True,O,13.88,measured,18.900000000000002,13.783749577975538,0.645,84.3354,63.1831,63.1831,82.061,61.5156,61.5156,
TAP_A01,2952,,,726580.3,9665607.9,O,13.9,A,10.59,16.34,20100116-20100213,14.0,A,12.28,17.54,20110704-20110711,500.000757499,13.49,16.34,measured,0.1,observed,-2.0,13.8,16.18,13.9,True,O,16.34,measured,13.700000000000001,16.175930793732785,0.6344,53.1814,38.241,38.241,51.1912,36.8431,36.8431,
TAP_A01,2953,,,726591.55,9665608.77,O,5.4,A,5.19,9.33,20100116-20100213,5.6,A,4.2,7.29,20110704-20110711,500.000757499,6.9,9.33,measured,0.2,observed,-2.0,5.2,8.82,5.4,True,O,9.33,measured,5.0,8.796972201697729,0.6344,4.8607,3.6493,3.6493,3.9493,2.9817,2.9817,
TAP_A01,2954,Carapa guianensis,Meliaceae,726596.41,9665602.98,O,60.1,A,24.97,37.79,20100116-20100213,60.9,A,23.69,31.97,20110704-20110711,500.000757499,32.15,37.79,measured,0.8,observed,-2.0,59.3,37.33,60.1,True,O,37.79,measured,58.5,37.32654073346681,0.53,2100.6007,1419.3932,1419.3932,1968.9662,1331.3177,1331.3177,
TAP_A01,2955,,,726599.8,9665607.04,O,24.1,A,19.91,26.87,20100116-20100213,24.4,A,19.1,26.86,20110704-20110711,500.000757499,19.5,26.87,measured,0.3,observed,-2.0,23.8,26.46,24.1,True,O,26.87,measured,23.5,26.445849932207413,0.6344,253.0016,172.677,172.677,237.1407,162.0629,162.0629,
TAP_A01,2956,,,726602.4,9665608.14,O,8.0,A,9.73,14.83,20100116-20100213,8.3,A,9.31,14.48,20110704-20110711,500.000757499,9.27,14.83,measured,0.3,observed,-2.0,7.7,14.03,8.0,True,O,14.83,measured,7.4,13.995513967274565,0.6344,16.4561,11.7013,11.7013,13.3563,9.5486,9.5486,
TAP_A01,2957,,,726607.7,9665608.65,O,7.4,A,5.61,14.68,20100116-20100213,7.4,A,8.04,13.58,20110704-20110711,500.000757499,8.51,14.68,measured,0.0,observed,-2.0,7.4,14.68,7.4,True,O,14.68,measured,7.4,14.68,0.6344,13.9935,9.929,9.929,13.9935,9.929,9.929,
TAP_A01,2958,,,726610.7,9665608.71,O,6.6,A,4.82,10.0,20100116-20100213,6.5,A,4.81,8.9,20110704-20110711,500.000757499,7.72,10.0,measured,0.0,observed,-2.0,6.5,10.0,6.6,True,O,10.0,measured,6.6,10.0,0.6344,7.695,5.7696,5.7696,7.695,5.7696,5.7696,
TAP_A01,2959,,,726613.3,9665608.76,O,7.6,A,6.55,13.47,20100116-20100213,7.8,A,9.12,15.4,20110704-20110711,500.000757499,8.85,13.47,measured,0.2,observed,-2.0,7.4,12.95,7.6,True,O,13.47,measured,7.199999999999999,12.93797353153135,0.6344,13.5541,9.7613,9.7613,11.7261,8.4768,8.4768,
TAP_A01,2960,,,726616.81,9665603.97,O,57.8,A,24.5,37.28,20100116-20100213,57.8,A,23.37,34.89,20110704-20110711,500.000757499,31.39,37.28,measured,0.0,observed,-2.0,57.8,37.28,57.8,True,O,37.28,measured,57.8,37.28,0.6344,1920.898,1298.322,1298.322,1920.898,1298.322,1298.322,
TAP_A01,2961,Guatteria schomburgkiana,Annonaceae,726619.8,9665606.77,O,26.2,A,13.14,23.87,20100116-20100213,27.8,A,16.91,23.01,20110704-20110711,500.000757499,21.14,23.87,measured,1.6,observed,-2.0,24.6,22.13,26.2,True,O,23.87,measured,23.0,21.999159629491405,0.6,265.3193,185.2445,185.2445,189.9948,133.5375,133.5375,
TAP_A01,2962,Couratari stellata,Lecythidaceae,726625.8,9665606.43,O,31.4,A,7.53,13.79,20100116-20100213,31.4,A,7.66,16.58,20110704-20110711,500.000757499,22.73,13.79,measured,0.0,observed,-2.0,31.4,13.79,31.4,True,O,13.79,measured,31.4,13.79,0.6331,221.1475,169.8566,169.8566,221.1475,169.8566,169.8566,
TAP_A01,2963,Carapa guianensis,Meliaceae,726627.7,9665608.64,O,12.3,A,6.61,12.94,20100116-20100213,12.4,A,8.17,13.5,20110704-20110711,500.000757499,12.39,12.94,measured,0.1,observed,-2.0,12.2,12.79,12.3,True,O,12.94,measured,12.100000000000001,12.790700347041971,0.53,33.3583,24.7418,24.7418,31.9438,23.7175,23.7175,
TAP_A01,2964,Cecropia palmata,Urticaceae,726632.3,9665608.14,O,16.4,A,18.2,22.0,20100116-20100213,17.6,A,13.81,17.22,20110704-20110711,500.000757499,15.77,22.0,measured,1.2,observed,-2.0,15.2,19.92,16.4,True,O,22.0,measured,13.999999999999998,19.73479543576357,0.3404,98.1839,67.8967,67.8967,64.841,45.2706,45.2706,
TAP_A01,2965,,,726633.4,9665608.05,O,13.2,A,8.44,16.63,20100116-20100213,13.3,A,7.86,15.81,20110704-20110711,500.000757499,13.02,16.63,measured,0.1,observed,-2.0,13.1,16.45,13.2,True,O,16.63,measured,13.0,16.45288375803831,0.6344,48.9116,34.9862,34.9862,46.9819,33.6382,33.6382,
TAP_A01,2966,,,726636.3,9665608.3,O,26.5,D,,2.22,20100116-20100213,26.5,D,,2.22,20110704-20110711,500.000757499,20.53,2.22,measured,0.0,observed,-2.0,26.5,2.22,26.5,False,O,2.22,measured,26.5,2.22,0.6344,26.7102,26.7102,28.2034,26.7102,26.7102,28.2034,
TAP_A01,2967,,,726638.6,9665608.41,O,6.0,A,4.89,9.04,20100116-20100213,6.0,A,4.63,9.03,20110704-20110711,500.000757499,7.27,9.04,measured,0.0,observed,-2.0,6.0,9.04,6.0,True,O,9.04,measured,6.0,9.04,0.6344,5.7894,4.3904,4.3904,5.7894,4.3904,4.3904,
TAP_A01,2968,,,726644.0,9665607.76,O,11.1,A,9.09,16.5,20100116-20100213,11.2,A,7.12,13.88,20110704-20110711,500.000757499,11.53,16.5,measured,0.1,observed,-2.0,11.0,16.29,11.1,True,O,16.5,measured,10.9,16.28634123055624,0.6344,34.6095,24.5814,24.5814,32.9805,23.4522,23.4522,
TAP_A01,2969,,,726644.3,9665608.57,L,5.3,A,,,20100116-20100213,5.4,A,,,20110704-20110711,500.000757499,6.71,9.28,local_fit,0.1,observed,-2.0,5.2,9.02,5.3,True,L,6.71,feldpausch,5.1,6.515584130351829,0.6344,3.3973,2.6845,2.6845,3.0624,2.4267,2.4267,
TAP_A01,2970,,,726655.01,9665605.53,O,77.5,A,25.79,36.2,20100116-20100213,77.7,A,25.05,35.18,20110704-20110711,500.000757499,35.62,36.2,measured,0.2,observed,-2.0,77.3,36.13,77.5,True,O,36.2,measured,77.1,36.126881962922596,0.6344,3308.8507,2278.6965,2278.6965,3269.139,2251.5083,2251.5083,
TAP_A01,2971,,,726674.8,9665608.87,O,11.2,A,6.94,10.77,20100116-20100213,12.2,A,6.88,8.7,20110704-20110711,500.000757499,12.25,10.77,measured,1.0,observed,-2.0,10.2,9.48,11.2,True,O,10.77,measured,9.2,9.341822418104362,0.6344,23.2261,17.6542,17.6542,13.7694,10.6035,10.6035,
TAP_A01,2972,,,726444.5,9665608.87,O,,A,,,20100116-20100213,5.4,A,,11.0,20110704-20110711,500.000757499,6.71,11.0,measured,0.2,site_median,-2.0,5.0,10.38,,True,O,6.71,feldpausch,,,0.6344,,,,,,,
TAP_A01,2973,,,726433.8,9665608.8,O,,A,,,20100116-20100213,5.8,A,,15.0,20110704-20110711,500.000757499,7.09,15.0,measured,0.2,site_median,-2.0,5.4,14.2,,True,O,7.09,feldpausch,,,0.6344,,,,,,,
TAP_A01,3188,,,726319.9,9665608.3,O,,A,,,20100116-20100213,6.2,A,1.72,6.15,20110704-20110711,500.000757499,7.45,6.15,measured,0.2,site_median,-2.0,5.8,5.85,,True,O,7.45,feldpausch,,,0.6344,,,,,,,
TAP_A01,3187,,,726324.15,9665608.36,O,,A,,,20100116-20100213,6.1,A,5.51,12.6,20110704-20110711,500.000757499,7.36,12.6,measured,0.2,site_median,-2.0,5.7,11.97,,True,O,7.36,feldpausch,,,0.6344,,,,,,,
