site,tree_id,scientific_name,family_name,utm_easting,utm_northing,type,dbh_2009,dead_2009,hcom_2009,htot_2009,date_2009,dbh_2010,dead_2010,htot_2010,date_2010,dbh_2011,dead_2011,hcom_2011,htot_2011,date_2011,plot_id,htot_feldpausch,htot_estimated,htot_estimation_method,dbh_incr_cm_yr,dbh_incr_source,gap_anos,dbh_lidar,htot_estimated_gap,dbh_used,dead_used,type_used,htot_used,htot_source,dbh_used_gap,htot_used_gap,rho_w_m3,iagc_m1_kgC,iagc_m2_kgC,iagc_m3_kgC,iagc_m1_kgC_gap,iagc_m2_kgC_gap,iagc_m3_kgC_gap,quadra_id
TAP_A01,1.0,,,727139.84,9684877.68,O,15.0,D,,2.05,20090617-20090708,14.4,D,2.05,20100714-20100805,14.4,D,,1.9,20110712-20110719,M1,13.76,2.05,measured,0.0,observed,-1.0,14.4,2.05,15.0,False,O,2.05,measured,15.0,2.05,0.6,8.137,8.137,8.137,8.137,8.137,8.137,
TAP_A01,2.0,,,727137.51,9684877.4,O,15.1,A,13.53,19.67,20090617-20090708,15.1,A,9.84,20100714-20100805,15.1,A,7.85,9.03,20110712-20110719,M1,14.21,19.67,measured,0.0,observed,-1.0,15.1,19.67,15.1,True,O,19.67,measured,15.1,19.67,0.6,74.9164,52.5225,52.5225,74.9164,52.5225,52.5225,
TAP_A01,3.0,,,727128.17,9684876.27,O,17.5,A,20.38,23.13,20090617-20090708,17.3,A,25.17,20100714-20100805,17.5,A,22.17,24.79,20110712-20110719,M1,15.71,23.13,measured,0.0,observed,-1.0,17.5,23.13,17.5,True,O,23.13,measured,17.5,23.13,0.6,117.0325,80.5436,80.5436,117.0325,80.5436,80.5436,
TAP_A01,4.0,,,727117.49,9684875.46,O,13.6,A,22.84,26.86,20090617-20090708,30.7,A,27.25,20100714-20100805,31.7,A,,13.72,20110712-20110719,M1,22.86,26.86,measured,5.0,observed,-1.0,26.7,24.23,13.6,True,O,26.86,measured,8.6,19.331078682829993,0.6,82.782,54.9726,54.9726,24.5464,16.7963,16.7963,
TAP_A01,5.0,,,727115.44,9684873.74,O,5.4,A,6.13,12.5,20090617-20090708,5.2,A,9.29,20100714-20100805,5.2,A,5.07,11.46,20110712-20110719,M1,6.52,12.5,measured,0.0,observed,-1.0,5.2,12.5,5.4,True,O,12.5,measured,5.4,12.5,0.6,6.4666,4.6357,4.6357,6.4666,4.6357,4.6357,
TAP_A01,6.0,,,727103.97,9684877.73,O,99.7,D,0.7,4.54,20090617-20090708,99.7,D,6.1,20100714-20100805,99.7,D,,5.69,20110712-20110719,M1,38.93,4.54,measured,0.0,observed,-1.0,99.7,4.54,99.7,False,O,4.54,measured,99.7,4.54,0.6,713.1816,713.1816,713.1816,713.1816,713.1816,713.1816,
TAP_A01,7.0,,,727079.22,9684871.93,O,6.1,A,3.37,4.56,20090617-20090708,6.1,A,4.53,20100714-20100805,6.1,A,2.17,4.79,20110712-20110719,M1,7.36,4.56,measured,0.0,observed,-1.0,6.1,4.56,6.1,True,O,4.56,measured,6.1,4.56,0.6,3.066,2.5927,2.5927,3.066,2.5927,2.5927,
TAP_A01,8.0,,,727076.34,9684870.81,L,5.3,A,5.81,6.5,20090617-20090708,5.4,A,,20100714-20100805,5.4,A,,,20110712-20110719,M1,6.71,6.5,measured,0.05,observed,-1.0,5.35,6.45,5.3,True,L,6.5,measured,5.25,6.453118243735378,0.6,3.2934,2.6156,2.6156,3.2103,2.5513,2.5513,
TAP_A01,9.0,,,727074.07,9684870.71,O,14.1,A,11.14,12.35,20090617-20090708,14.2,A,11.99,20100714-20100805,14.3,A,10.1,12.92,20110712-20110719,M1,13.69,12.35,measured,0.1,observed,-1.0,14.2,12.29,14.1,True,O,12.35,measured,14.0,12.289100038332199,0.6,41.6105,31.2955,31.2955,40.8389,30.7286,30.7286,
TAP_A01,10.0,,,727070.7,9684871.06,O,6.3,A,5.75,9.35,20090617-20090708,6.4,A,9.05,20100714-20100805,6.4,A,8.17,11.15,20110712-20110719,M1,7.64,9.35,measured,0.05,observed,-1.0,6.35,9.29,6.3,True,O,9.35,measured,6.25,9.293929600644407,0.6,6.5809,4.9758,4.9758,6.4414,4.8731,4.8731,
TAP_A01,11.0,,,727058.77,9684870.04,O,17.7,D,1.38,4.85,20090617-20090708,,D,,20100714-20100805,,D,,,20110712-20110719,M1,,4.85,measured,0.1,site_median,-1.0,,,17.7,False,O,4.85,measured,17.599999999999998,4.831626666469821,0.6,26.0488,26.0488,26.0488,25.6671,25.6671,25.6671,
TAP_A01,12.0,,,727058.77,9684870.04,O,13.6,A,3.29,5.37,20090617-20090708,,D,,20100714-20100805,,D,,,20110712-20110719,M1,,5.37,measured,0.1,site_median,-1.0,,,13.6,True,O,5.37,measured,13.5,5.342404761983078,0.6,17.2022,14.7318,14.7318,16.8711,14.4549,14.4549,
TAP_A01,13.0,,,727040.47,9684872.09,O,39.2,A,12.09,19.24,20090617-20090708,39.5,A,17.17,20100714-20100805,39.7,A,9.11,14.03,20110712-20110719,M1,25.97,19.24,measured,0.25,observed,-1.0,39.45,19.17,39.2,True,O,19.24,measured,38.95,19.17269522485716,0.6,471.997,347.6253,347.6253,464.5474,342.223,342.223,
TAP_A01,14.0,,,727037.52,9684869.35,O,13.6,D,0.88,2.7,20090617-20090708,13.7,D,6.76,20100714-20100805,13.7,D,,3.5,20110712-20110719,M1,13.29,2.7,measured,0.05,observed,-1.0,13.65,2.69,13.6,False,O,2.7,measured,13.549999999999999,2.6930682896827736,0.6,8.7931,8.7931,8.7931,8.7082,8.7082,8.7082,
TAP_A01,15.0,,,727039.78,9684869.56,O,8.3,A,6.47,8.07,20090617-20090708,8.4,A,8.09,20100714-20100805,9.0,A,2.11,7.44,20110712-20110719,M1,9.84,8.07,measured,0.35,observed,-1.0,8.65,7.84,8.3,True,O,8.07,measured,7.950000000000001,7.816986358026637,0.6,9.7636,7.6566,7.6566,8.7013,6.8438,6.8438,
TAP_A01,16.0,,,727033.89,9684869.01,O,6.1,D,0.98,6.18,20090617-20090708,6.1,D,5.27,20100714-20100805,6.1,D,,5.12,20110712-20110719,M1,7.36,6.18,measured,0.0,observed,-1.0,6.1,6.18,6.1,False,O,6.18,measured,6.1,6.18,0.6,4.1251,4.1251,4.1251,4.1251,4.1251,4.1251,
TAP_A01,17.0,,,727031.63,9684868.8,O,5.3,A,2.0,3.35,20090617-20090708,5.7,A,4.28,20100714-20100805,5.7,A,2.28,5.03,20110712-20110719,M1,6.99,3.35,measured,0.2,observed,-1.0,5.5,3.26,5.3,True,O,3.35,measured,5.1,3.2529369354215545,0.6,1.7246,1.5209,1.5209,1.5546,1.3748,1.3748,
TAP_A01,18.0,,,727030.72,9684868.72,O,28.0,A,17.89,23.45,20090617-20090708,26.3,A,24.81,20100714-20100805,28.8,A,15.92,24.07,20110712-20110719,M1,21.59,23.45,measured,0.4,observed,-1.0,28.4,23.25,28.0,True,O,23.45,measured,27.6,23.245853680370274,0.6,296.8743,208.5222,208.5222,286.1992,201.1631,201.1631,
TAP_A01,19.0,,,727030.32,9684869.18,O,12.8,A,7.46,14.1,20090617-20090708,13.7,A,10.68,20100714-20100805,14.4,A,10.03,12.14,20110712-20110719,M1,13.76,14.1,measured,0.8,observed,-1.0,13.6,13.55,12.8,True,O,14.1,measured,12.0,13.471570195841075,0.6,39.2078,28.7436,28.7436,33.0624,24.3381,24.3381,
TAP_A01,20.0,,,727019.03,9684868.63,O,5.1,A,2.28,6.23,20090617-20090708,5.2,A,6.18,20100714-20100805,5.4,A,3.67,6.51,20110712-20110719,M1,6.71,6.23,measured,0.15,observed,-1.0,5.25,6.1,5.1,True,O,6.23,measured,4.949999999999999,6.089163478846194,0.6,2.9313,2.3393,2.3393,2.7043,2.1629,2.1629,
TAP_A01,21.0,,,727009.47,9684867.25,O,12.0,A,5.43,10.43,20090617-20090708,12.2,A,12.75,20100714-20100805,12.1,A,2.93,7.71,20110712-20110719,M1,12.18,10.43,measured,0.05,observed,-1.0,12.05,10.4,12.0,True,O,10.43,measured,11.95,10.399145857742035,0.6,25.7554,19.7414,19.7414,25.4726,19.5299,19.5299,
TAP_A01,22.0,,,727005.76,9684865.92,O,5.4,A,2.67,4.23,20090617-20090708,5.5,A,3.56,20100714-20100805,5.4,A,1.67,4.03,20110712-20110719,M1,6.71,4.23,measured,0.0,observed,-1.0,5.4,4.23,5.4,True,O,4.23,measured,5.4,4.23,0.6,2.246,1.9107,1.9107,2.246,1.9107,1.9107,
TAP_A01,23.0,,,727004.9,9684866.34,O,8.0,A,4.93,9.78,20090617-20090708,8.4,A,12.08,20100714-20100805,8.4,A,5.68,6.85,20110712-20110719,M1,9.35,9.78,measured,0.2,observed,-1.0,8.2,9.61,8.0,True,O,9.78,measured,7.8,9.598185722928598,0.6,10.9613,8.3241,8.3241,10.2434,7.7925,7.7925,
TAP_A01,24.0,,,727003.08,9684866.17,O,5.4,A,5.96,7.5,20090617-20090708,5.5,A,7.8,20100714-20100805,5.5,A,3.87,6.94,20110712-20110719,M1,6.81,7.5,measured,0.05,observed,-1.0,5.45,7.44,5.4,True,O,7.5,measured,5.3500000000000005,7.4469706654669015,0.6,3.9278,3.0524,3.0524,3.8305,2.9788,2.9788,
TAP_A01,25.0,,,726999.05,9684866.29,O,14.5,A,7.81,8.51,20090617-20090708,14.3,A,8.68,20100714-20100805,14.4,A,5.88,7.22,20110712-20110719,M1,13.76,8.51,measured,0.0,observed,-1.0,14.4,8.51,14.5,True,O,8.51,measured,14.5,8.51,0.6,30.5536,24.4049,24.4049,30.5536,24.4049,24.4049,
TAP_A01,26.0,,,726998.1,9684865.71,O,5.8,A,2.84,4.24,20090617-20090708,5.9,A,4.74,20100714-20100805,6.0,A,3.18,5.56,20110712-20110719,M1,7.27,4.24,measured,0.1,observed,-1.0,5.9,4.19,5.8,True,O,4.24,measured,5.7,4.184365601849818,0.6,2.5881,2.2085,2.2085,2.4697,2.1101,2.1101,
TAP_A01,27.0,,,726986.68,9684865.52,O,5.5,A,4.71,8.05,20090617-20090708,5.7,A,6.6,20100714-20100805,5.9,A,3.14,7.35,20110712-20110719,M1,7.18,8.05,measured,0.2,observed,-1.0,5.7,7.84,5.5,True,O,8.05,measured,5.3,7.825798443426979,0.6,4.3622,3.3553,3.3553,3.9476,3.0445,3.0445,
TAP_A01,28.0,,,726980.13,9684865.93,O,14.1,D,1.05,6.78,20090617-20090708,12.8,D,7.22,20100714-20100805,12.8,D,,6.69,20110712-20110719,M1,12.67,6.78,measured,0.0,observed,-1.0,12.8,6.78,14.1,False,O,6.78,measured,14.1,6.78,0.6,23.1748,23.1748,23.1748,23.1748,23.1748,23.1748,
TAP_A01,29.0,,,726975.2,9684864.86,O,10.2,A,8.67,12.06,20090617-20090708,10.7,A,13.43,20100714-20100805,11.1,A,12.56,13.83,20110712-20110719,M1,11.45,12.06,measured,0.45,observed,-1.0,10.65,11.71,10.2,True,O,12.06,measured,9.75,11.67204102008184,0.6,21.6094,16.0621,16.0621,19.1661,14.2888,14.2888,
TAP_A01,30.0,,,726969.75,9684865.28,O,6.5,A,4.22,8.22,20090617-20090708,6.4,A,7.14,20100714-20100805,6.5,A,6.18,8.89,20110712-20110719,M1,7.72,8.22,measured,0.0,observed,-1.0,6.5,8.22,6.5,True,O,8.22,measured,6.5,8.22,0.6,6.1685,4.7671,4.7671,6.1685,4.7671,4.7671,
TAP_A01,31.0,,,726968.1,9684864.76,O,37.1,D,1.48,23.33,20090617-20090708,36.2,D,4.78,20100714-20100805,,D,,,20110712-20110719,M1,,23.33,measured,0.1,site_median,-1.0,,,37.1,False,O,23.33,measured,37.0,23.294895858796945,0.6,511.6387,511.6387,511.6387,508.2027,508.2027,508.2027,
TAP_A01,32.0,,,726961.0,9684865.16,O,6.1,A,2.73,7.67,20090617-20090708,6.2,A,7.32,20100714-20100805,6.4,A,3.56,7.72,20110712-20110719,M1,7.64,7.67,measured,0.15,observed,-1.0,6.25,7.53,6.1,True,O,7.67,measured,5.949999999999999,7.526786523602253,0.6,5.0931,3.9672,3.9672,4.7631,3.7167,3.7167,
TAP_A01,33.0,,,726957.72,9684864.62,O,17.9,A,10.92,20.54,20090617-20090708,18.0,A,18.77,20100714-20100805,18.0,A,11.35,14.27,20110712-20110719,M1,16.01,20.54,measured,0.05,observed,-1.0,17.95,20.5,17.9,True,O,20.54,measured,17.849999999999998,20.501632224152154,0.6,108.9251,76.4668,76.4668,108.1344,75.924,75.924,
TAP_A01,34.0,,,726954.54,9684871.57,O,67.4,A,33.75,48.77,20090617-20090708,68.0,A,42.64,20100714-20100805,62.0,A,37.58,45.2,20110712-20110719,M1,32.41,48.77,measured,0.0,observed,-1.0,62.0,48.77,67.4,True,O,48.77,measured,67.4,48.77,0.6,3370.0931,2199.3189,2199.3189,3370.0931,2199.3189,2199.3189,
TAP_A01,35.0,,,726952.83,9684866.55,O,27.7,A,10.77,14.38,20090617-20090708,27.2,A,14.97,20100714-20100805,27.2,D,,13.89,20110712-20110719,M1,20.86,14.38,measured,0.0,observed,-1.0,27.2,14.38,27.7,True,O,14.38,measured,27.7,14.38,0.6,180.3657,136.7936,136.7936,180.3657,136.7936,136.7936,
TAP_A01,36.0,,,726942.99,9684865.91,O,29.2,A,14.94,22.45,20090617-20090708,29.2,A,22.7,20100714-20100805,29.3,A,21.04,24.7,20110712-20110719,M1,21.82,22.45,measured,0.05,observed,-1.0,29.25,22.43,29.2,True,O,22.45,measured,29.15,22.426930569718802,0.6,308.7985,218.8367,218.8367,307.4585,217.9046,217.9046,
TAP_A01,37.0,,,726936.84,9684864.24,O,6.4,A,7.68,10.77,20090617-20090708,7.0,A,10.32,20100714-20100805,6.6,A,6.83,11.84,20110712-20110719,M1,7.81,10.77,measured,0.1,observed,-1.0,6.5,10.65,6.4,True,O,10.77,measured,6.300000000000001,10.642834025421365,0.6,7.7905,5.7646,5.7646,7.4676,5.5319,5.5319,
TAP_A01,38.0,,,726927.43,9684864.47,O,7.3,A,4.52,9.53,20090617-20090708,7.8,A,14.11,20100714-20100805,8.1,A,11.49,14.28,20110712-20110719,M1,9.1,9.53,measured,0.4,observed,-1.0,7.7,9.18,7.3,True,O,9.53,measured,6.8999999999999995,9.136718328092453,0.6,8.9384,6.7858,6.7858,7.6847,5.8571,5.8571,
TAP_A01,39.0,,,726920.94,9684868.29,O,96.6,A,34.58,55.56,20090617-20090708,96.9,A,45.85,20100714-20100805,97.2,A,38.16,45.27,20110712-20110719,M1,38.6,55.56,measured,0.3,observed,-1.0,96.9,55.52,96.6,True,O,55.56,measured,96.3,55.50282244524604,0.6,7727.2326,5026.0781,5026.0781,7672.744,4990.7035,4990.7035,
TAP_A01,40.0,,,726920.42,9684866.28,O,19.3,A,18.17,23.26,20090617-20090708,20.0,A,25.76,20100714-20100805,21.0,A,18.83,22.26,20110712-20110719,M1,17.72,23.26,measured,0.85,observed,-1.0,20.15,22.64,19.3,True,O,23.26,measured,18.45,22.57680061752733,0.6,142.4556,98.4149,98.4149,126.7244,87.7704,87.7704,
TAP_A01,41.0,,,726919.42,9684864.25,O,12.3,A,5.7,16.51,20090617-20090708,12.9,A,16.58,20100714-20100805,13.2,A,9.96,15.3,20110712-20110719,M1,12.95,16.51,measured,0.45,observed,-1.0,12.75,16.11,12.3,True,O,16.51,measured,11.850000000000001,16.079541897492035,0.6,42.3133,30.1986,30.1986,38.3426,27.4301,27.4301,
TAP_A01,42.0,,,726913.31,9684864.58,O,11.3,A,11.83,20.95,20090617-20090708,11.8,A,16.74,20100714-20100805,12.1,A,6.97,11.31,20110712-20110719,M1,12.18,20.95,measured,0.4,observed,-1.0,11.7,20.45,11.3,True,O,20.95,measured,10.9,20.416249988665715,0.6,45.2424,30.9703,30.9703,41.1201,28.2145,28.2145,
TAP_A01,43.0,,,726889.75,9684862.77,O,6.9,A,9.52,11.03,20090617-20090708,7.7,A,12.29,20100714-20100805,8.1,A,10.57,13.98,20110712-20110719,M1,9.1,11.03,measured,0.6,observed,-1.0,7.5,10.42,6.9,True,O,11.03,measured,6.300000000000001,10.300555222468985,0.6,9.2352,6.8326,6.8326,7.2331,5.3859,5.3859,
TAP_A01,44.0,,,726884.69,9684863.01,O,4.9,A,3.01,6.66,20090617-20090708,5.2,A,6.74,20100714-20100805,5.2,A,4.45,6.92,20110712-20110719,M1,6.52,6.66,measured,0.15,observed,-1.0,5.05,6.52,4.9,True,O,6.66,measured,4.75,6.502906071402113,0.6,2.8936,2.2806,2.2806,2.6605,2.1017,2.1017,
TAP_A01,45.0,,,726883.43,9684867.93,O,54.0,A,25.34,32.11,20090617-20090708,54.4,A,29.04,20100714-20100805,55.0,A,18.18,26.21,20110712-20110719,M1,30.67,32.11,measured,0.5,observed,-1.0,54.5,31.97,54.0,True,O,32.11,measured,53.5,31.966863182575484,0.6,1454.0329,1002.9488,1002.9488,1421.6559,980.8704,980.8704,
TAP_A01,46.0,,,726882.15,9684862.88,O,6.7,A,10.59,11.94,20090617-20090708,7.0,A,11.42,20100714-20100805,7.0,A,8.19,11.27,20110712-20110719,M1,8.17,11.94,measured,0.15,observed,-1.0,6.85,11.75,6.7,True,O,11.94,measured,6.55,11.73845460032678,0.6,9.4214,6.8738,6.8738,8.8655,6.4786,6.4786,
TAP_A01,47.0,,,726881.14,9684862.83,O,13.8,A,11.65,18.82,20090617-20090708,15.0,A,16.87,20100714-20100805,16.0,A,13.52,16.74,20110712-20110719,M1,14.79,18.82,measured,1.1,observed,-1.0,14.9,17.92,13.8,True,O,18.82,measured,12.700000000000001,17.75643240186641,0.6,60.1913,42.3113,42.3113,48.3567,34.1696,34.1696,
TAP_A01,48.0,,,726872.98,9684861.91,O,38.7,A,23.29,34.71,20090617-20090708,39.0,A,26.86,20100714-20100805,39.1,A,19.97,22.16,20110712-20110719,M1,25.75,34.71,measured,0.2,observed,-1.0,38.9,34.62,38.7,True,O,34.71,measured,38.5,34.61121033446473,0.6,818.7592,549.0012,549.0012,808.2684,542.0761,542.0761,
TAP_A01,49.0,,,726852.72,9684861.85,O,17.1,D,1.47,11.19,20090617-20090708,16.8,D,11.45,20100714-20100805,,D,,,20110712-20110719,M1,,11.19,measured,0.1,site_median,-1.0,,,17.1,False,O,11.19,measured,17.0,11.145858675127783,0.6,55.0715,55.0715,55.0715,54.235,54.235,54.235,
TAP_A01,50.0,,,726845.33,9684865.95,O,68.9,A,36.85,52.5,20090617-20090708,70.4,A,44.52,20100714-20100805,72.0,A,36.72,44.6,20110712-20110719,M1,34.55,52.5,measured,1.55,observed,-1.0,70.45,52.03,68.9,True,O,52.5,measured,67.35000000000001,51.996823086478095,0.6,3780.4203,2441.1149,2441.1149,3582.3585,2314.215,2314.215,
TAP_A01,51.0,,,726842.67,9684860.44,O,6.6,A,5.99,12.55,20090617-20090708,6.7,A,11.97,20100714-20100805,6.9,A,5.19,10.17,20110712-20110719,M1,8.08,12.55,measured,0.15,observed,-1.0,6.75,12.35,6.6,True,O,12.55,measured,6.449999999999999,12.334696289315131,0.6,9.6048,6.9476,6.9476,9.0295,6.5422,6.5422,
TAP_A01,52.0,,,726842.19,9684860.44,O,6.4,D,1.26,8.3,20090617-20090708,,D,,20100714-20100805,,D,,,20110712-20110719,M1,,8.3,measured,0.1,site_median,-1.0,,,6.4,False,O,8.3,measured,6.300000000000001,8.201998366852122,0.6,6.0415,6.0415,6.0415,5.7911,5.7911,5.7911,
TAP_A01,53.0,,,726833.64,9684862.38,O,20.5,A,13.39,19.72,20090617-20090708,20.7,A,18.96,20100714-20100805,20.7,A,9.93,19.11,20110712-20110719,M1,17.56,19.72,measured,0.1,observed,-1.0,20.6,19.65,20.5,True,O,19.72,measured,20.4,19.657248798856482,0.6,136.406,97.0065,97.0065,134.6905,95.8123,95.8123,
TAP_A01,54.0,,,726828.9,9684865.85,O,106.4,A,23.87,32.1,20090617-20090708,106.0,A,37.04,20100714-20100805,105.5,A,39.82,48.52,20110712-20110719,M1,39.62,32.1,measured,0.0,observed,-1.0,105.5,32.1,106.4,True,O,32.1,measured,106.4,32.1,0.6,5462.6032,3892.8157,3892.8157,5462.6032,3892.8157,3892.8157,
TAP_A01,55.0,,,726818.41,9684863.78,O,59.2,A,38.06,47.31,20090617-20090708,58.8,A,41.02,20100714-20100805,59.5,A,38.62,45.66,20110712-20110719,M1,31.81,47.31,measured,0.15,observed,-1.0,59.35,47.27,59.2,True,O,47.31,measured,59.050000000000004,47.255059525183476,0.6,2539.7253,1655.0625,1655.0625,2524.3147,1645.1216,1645.1216,
TAP_A01,56.0,,,726816.01,9684861.26,O,5.4,A,1.85,7.05,20090617-20090708,5.4,A,6.6,20100714-20100805,5.4,A,4.05,6.47,20110712-20110719,M1,6.71,7.05,measured,0.0,observed,-1.0,5.4,7.05,5.4,True,O,7.05,measured,5.4,7.05,0.6,3.6977,2.9018,2.9018,3.6977,2.9018,2.9018,
TAP_A01,57.0,,,726814.58,9684860.75,O,8.2,A,4.29,10.73,20090617-20090708,8.5,A,10.92,20100714-20100805,8.8,A,4.25,10.15,20110712-20110719,M1,9.68,10.73,measured,0.3,observed,-1.0,8.5,10.45,8.2,True,O,10.73,measured,7.8999999999999995,10.438112916530303,0.6,12.5919,9.4345,9.4345,11.3973,8.5614,8.5614,
TAP_A01,58.0,,,726810.31,9684862.22,O,53.0,A,20.82,28.43,20090617-20090708,53.4,A,33.88,20100714-20100805,54.1,A,28.46,33.5,20110712-20110719,M1,30.43,28.43,measured,0.55,observed,-1.0,53.55,28.29,53.0,True,O,28.43,measured,52.45,28.286628931556283,0.6,1244.8969,874.5823,874.5823,1213.8,852.9899,852.9899,
TAP_A01,59.0,,,726802.69,9684862.67,O,25.0,A,16.6,21.46,20090617-20090708,25.1,A,22.09,20100714-20100805,25.3,A,18.24,22.94,20110712-20110719,M1,19.95,21.46,measured,0.15,observed,-1.0,25.15,21.37,25.0,True,O,21.46,measured,24.85,21.379513773524007,0.6,218.2279,154.6011,154.6011,214.8897,152.2827,152.2827,
TAP_A01,60.0,,,726775.54,9684859.98,O,10.8,A,6.52,15.97,20090617-20090708,11.1,A,13.15,20100714-20100805,11.1,A,8.19,10.73,20110712-20110719,M1,11.45,15.97,measured,0.15,observed,-1.0,10.95,15.82,10.8,True,O,15.97,measured,10.65,15.810228461661776,0.6,31.7782,22.6574,22.6574,30.6204,21.8519,21.8519,
TAP_A01,61.0,,,726764.04,9684860.43,O,5.0,A,2.45,6.15,20090617-20090708,5.4,A,6.38,20100714-20100805,6.0,A,2.53,7.35,20110712-20110719,M1,7.27,6.15,measured,0.5,observed,-1.0,5.5,5.76,5.0,True,O,6.15,measured,4.5,5.671666134518644,0.6,2.7848,2.2248,2.2248,2.0949,1.6866,1.6866,
TAP_A01,62.0,,,726762.97,9684860.44,O,85.8,A,33.77,43.04,20090617-20090708,89.2,A,48.64,20100714-20100805,89.7,A,34.57,43.66,20110712-20110719,M1,37.57,43.04,measured,1.95,observed,-1.0,87.75,42.7,85.8,True,O,43.04,measured,83.85,42.67932620652004,0.6,4778.4517,3217.6704,3217.6704,4531.3855,3051.9932,3051.9932,
TAP_A01,63.0,,,726760.28,9684860.96,P,4.8,A,2.89,4.2,20090617-20090708,5.0,A,4.46,20100714-20100805,4.9,A,2.48,4.78,20110712-20110719,M1,6.23,4.2,measured,0.05,observed,-1.0,4.85,4.17,4.8,True,P,4.2,measured,4.75,4.166349535417149,0.6,1.7723,,,1.7229,,,
TAP_A01,64.0,,,726754.35,9684860.51,P,4.8,A,2.73,4.27,20090617-20090708,5.0,A,3.97,20100714-20100805,4.5,A,2.46,5.26,20110712-20110719,M1,5.84,4.27,measured,0.0,observed,-1.0,4.5,4.27,4.8,True,P,4.27,measured,4.8,4.27,0.6,1.8011,,,1.8011,,,
TAP_A01,65.0,,,726754.35,9684860.51,P,5.1,D,2.79,4.55,20090617-20090708,5.0,D,2.59,20100714-20100805,5.0,D,1.16,1.93,20110712-20110719,M1,6.33,4.55,measured,0.0,observed,-1.0,5.0,4.55,5.1,False,P,4.55,measured,5.1,4.55,0.6,2.157,1.6641,1.6641,2.157,1.6641,1.6641,
TAP_A01,66.0,,,726753.82,9684862.02,O,20.0,A,4.47,8.77,20090617-20090708,20.0,A,9.33,20100714-20100805,20.0,A,8.84,11.36,20110712-20110719,M1,17.17,8.77,measured,0.0,observed,-1.0,20.0,8.77,20.0,True,O,8.77,measured,20.0,8.77,0.6,58.9439,47.5875,47.5875,58.9439,47.5875,47.5875,
TAP_A01,67.0,,,726743.58,9684861.61,O,9.5,A,5.99,8.73,20090617-20090708,9.6,A,9.59,20100714-20100805,9.6,A,8.58,11.06,20110712-20110719,M1,10.31,8.73,measured,0.05,observed,-1.0,9.55,8.7,9.5,True,O,8.73,measured,9.45,8.696500491468294,0.6,13.7217,10.6969,10.6969,13.5302,10.5513,10.5513,
TAP_A01,68.0,,,726734.96,9684860.69,O,26.4,A,17.58,22.23,20090617-20090708,26.0,A,26.37,20100714-20100805,26.2,A,20.54,24.31,20110712-20110719,M1,20.38,22.23,measured,0.0,observed,-1.0,26.2,22.23,26.4,True,O,22.23,measured,26.4,22.23,0.6,251.2144,177.445,177.445,251.2144,177.445,177.445,
TAP_A01,69.0,,,726729.04,9684861.24,O,43.5,A,35.95,49.35,20090617-20090708,44.2,A,37.78,20100714-20100805,45.0,A,30.22,37.05,20110712-20110719,M1,27.76,49.35,measured,0.75,observed,-1.0,44.25,48.91,43.5,True,O,49.35,measured,42.75,48.89886581186181,0.6,1450.2403,925.011,925.011,1389.3242,886.7029,886.7029,
TAP_A01,70.0,,,726720.41,9684860.82,L,8.7,A,0.0,0.0,20090617-20090708,,D,,20100714-20100805,,D,,,20110712-20110719,M1,,10.79,local_fit,0.1,site_median,-1.0,,,8.7,True,L,,feldpausch,8.6,,0.6,,,,,,,
TAP_A01,71.0,,,726705.45,9684861.83,O,19.3,A,18.24,22.84,20090617-20090708,19.6,A,20.89,20100714-20100805,19.8,A,17.7,20.25,20110712-20110719,M1,17.05,22.84,measured,0.25,observed,-1.0,19.55,22.65,19.3,True,O,22.84,measured,19.05,22.64432338392624,0.6,139.9445,96.9589,96.9589,135.287,93.8007,93.8007,
TAP_A01,72.0,,,726700.82,9684861.41,O,17.5,A,18.63,23.56,20090617-20090708,17.8,A,25.23,20100714-20100805,17.8,A,20.29,24.83,20110712-20110719,M1,15.89,23.56,measured,0.15,observed,-1.0,17.65,23.43,17.5,True,O,23.56,measured,17.35,23.424223944651555,0.6,119.1555,81.7664,81.7664,116.5109,79.9916,79.9916,
TAP_A01,73.0,,,726696.19,9684861.48,O,9.4,D,1.91,4.01,20090617-20090708,,D,,20100714-20100805,,D,,,20110712-20110719,M1,,4.01,measured,0.1,site_median,-1.0,,,9.4,False,O,4.01,measured,9.3,3.978832915866808,0.6,6.2904,6.2904,6.2904,6.1137,6.1137,6.1137,
TAP_A01,74.0,,,726688.33,9684861.61,O,8.4,A,7.96,12.46,20090617-20090708,8.4,A,14.63,20100714-20100805,8.4,A,9.21,15.27,20110712-20110719,M1,9.35,12.46,measured,0.0,observed,-1.0,8.4,12.46,8.4,True,O,12.46,measured,8.4,12.46,0.6,15.2714,11.188,11.188,15.2714,11.188,11.188,
TAP_A01,75.0,,,726683.24,9684861.7,O,24.4,A,7.5,15.87,20090617-20090708,24.6,A,17.95,20100714-20100805,24.9,A,12.34,21.72,20110712-20110719,M1,19.75,15.87,measured,0.25,observed,-1.0,24.65,15.77,24.4,True,O,15.87,measured,24.15,15.767649173122964,0.6,155.0275,115.0565,115.0565,150.9856,112.1159,112.1159,
TAP_A01,76.0,,,726677.7,9684861.79,O,19.5,A,8.17,13.93,20090617-20090708,,D,,20100714-20100805,,D,,,20110712-20110719,M1,,13.93,measured,0.1,site_median,-1.0,,,19.5,True,O,13.93,measured,19.4,13.882942608554178,0.6,88.1261,66.0512,66.0512,86.9584,65.1948,65.1948,
TAP_A01,77.0,,,726676.76,9684861.31,O,20.1,A,11.31,19.17,20090617-20090708,20.0,A,19.17,20100714-20100805,20.0,A,13.13,19.09,20110712-20110719,M1,17.17,19.17,measured,0.0,observed,-1.0,20.0,19.17,20.1,True,O,19.17,measured,20.1,19.17,0.6,127.6846,91.1248,91.1248,127.6846,91.1248,91.1248,
TAP_A01,78.0,,,726666.14,9684862.48,O,13.5,A,11.28,15.1,20090617-20090708,14.0,A,16.05,20100714-20100805,,D,,,20110712-20110719,M1,,15.1,measured,0.1,site_median,-1.0,,,13.5,True,O,15.1,measured,13.4,15.021749110986445,0.6,46.5108,33.8166,33.8166,45.6088,33.1762,33.1762,
TAP_A01,79.0,,,726662.47,9684864.04,O,33.6,A,1.09,12.64,20090617-20090708,33.5,A,10.44,20100714-20100805,33.6,A,9.43,14.38,20110712-20110719,M1,23.65,12.64,measured,0.0,observed,-1.0,33.6,12.64,33.6,True,O,12.64,measured,33.6,12.64,0.6,231.8356,181.1203,181.1203,231.8356,181.1203,181.1203,
TAP_A01,80.0,,,726655.96,9684862.15,L,5.7,A,0.0,0.0,20090617-20090708,5.5,A,,20100714-20100805,5.5,A,,,20110712-20110719,M1,6.81,8.59,local_fit,0.0,observed,-1.0,5.5,8.59,5.7,True,L,6.81,feldpausch,5.7,6.81,0.6,3.9726,3.1428,3.1428,3.9726,3.1428,3.1428,
TAP_A01,81.0,,,726655.96,9684862.15,L,5.5,A,0.0,0.0,20090617-20090708,5.7,A,,20100714-20100805,6.6,A,,,20110712-20110719,M1,7.81,8.43,local_fit,0.55,observed,-1.0,6.05,7.9,5.5,True,L,7.81,feldpausch,4.95,7.205833711816087,0.6,4.2352,3.2732,3.2732,3.1874,2.4823,2.4823,
TAP_A01,82.0,,,726655.96,9684862.15,O,15.4,A,12.93,16.01,20090617-20090708,15.3,A,13.03,20100714-20100805,15.4,A,12.65,13.74,20110712-20110719,M1,14.41,16.01,measured,0.0,observed,-1.0,15.4,16.01,15.4,True,O,16.01,measured,15.4,16.01,0.6,63.6777,46.1629,46.1629,63.6777,46.1629,46.1629,
TAP_A01,83.0,,,726643.49,9684863.36,O,31.7,D,1.26,10.87,20090617-20090708,31.9,D,12.38,20100714-20100805,31.9,D,1.94,12.22,20110712-20110719,M1,22.95,10.87,measured,0.1,observed,-1.0,31.8,10.85,31.7,False,O,10.87,measured,31.599999999999998,10.849883607241079,0.6,178.6029,178.6029,178.6029,177.1841,177.1841,177.1841,
TAP_A01,84.0,,,726648.08,9684860.78,O,10.5,A,8.05,13.14,20090617-20090708,11.0,A,13.86,20100714-20100805,11.2,A,9.19,13.78,20110712-20110719,M1,11.53,13.14,measured,0.35,observed,-1.0,10.85,12.84,10.5,True,O,13.14,measured,10.15,12.822288694799788,0.6,24.864,18.2578,18.2578,22.7225,16.7227,16.7227,
TAP_A01,85.0,,,726653.63,9684861.19,O,7.6,A,5.53,9.16,20090617-20090708,7.7,A,7.28,20100714-20100805,7.8,A,3.15,8.63,20110712-20110719,M1,8.85,9.16,measured,0.1,observed,-1.0,7.7,9.08,7.6,True,O,9.16,measured,7.5,9.070167480848445,0.6,9.3029,7.1206,7.1206,8.9787,6.8788,6.8788,
TAP_A01,980.0,,,726662.56,9684861.04,O,,,,,20090617-20090708,5.5,A,6.7,20100714-20100805,6.1,A,4.24,6.72,20110712-20110719,M1,7.36,6.7,measured,0.1,site_median,-1.0,6.0,6.62,,False,O,7.36,feldpausch,,,0.6,,,,,,,
TAP_A01,86.0,,,726670.73,9684859.91,O,19.3,A,6.29,13.98,20090617-20090708,19.5,A,12.16,20100714-20100805,19.8,A,6.6,12.6,20110712-20110719,M1,17.05,13.98,measured,0.25,observed,-1.0,19.55,13.87,19.3,True,O,13.98,measured,19.05,13.860229461790228,0.6,86.6729,64.8932,64.8932,83.7883,62.7795,62.7795,
TAP_A01,87.0,,,726670.27,9684860.41,L,7.0,A,1.26,11.93,20090617-20090708,5.5,A,,20100714-20100805,7.1,A,,,20110712-20110719,M1,8.25,11.93,measured,0.05,observed,-1.0,7.05,11.87,7.0,True,L,11.93,measured,6.95,11.866126987915385,0.6,10.254,7.498,7.498,10.0587,7.3589,7.3589,
TAP_A01,88.0,,,726673.06,9684860.87,O,31.8,A,19.38,26.88,20090617-20090708,32.6,A,22.78,20100714-20100805,33.2,A,16.02,25.15,20110712-20110719,M1,23.48,26.88,measured,0.7,observed,-1.0,32.5,26.56,31.8,True,O,26.88,measured,31.1,26.530863631187806,0.6,434.8319,300.737,300.737,411.0648,284.583,284.583,
TAP_A01,89.0,,,726675.38,9684861.33,O,8.4,A,5.12,8.15,20090617-20090708,6.5,A,8.19,20100714-20100805,6.7,A,3.96,8.21,20110712-20110719,M1,7.9,8.15,measured,0.0,observed,-1.0,6.7,8.15,8.4,True,O,8.15,measured,8.4,8.15,0.6,10.0912,7.9058,7.9058,10.0912,7.9058,7.9058,
TAP_A01,90.0,,,726681.37,9684860.23,O,17.7,A,10.02,13.98,20090617-20090708,17.4,A,15.55,20100714-20100805,17.6,A,12.53,16.31,20110712-20110719,M1,15.77,13.98,measured,0.0,observed,-1.0,17.6,13.98,17.7,True,O,13.98,measured,17.7,13.98,0.6,73.2014,54.5797,54.5797,73.2014,54.5797,54.5797,
TAP_A01,91.0,,,726681.3,9684856.23,O,52.2,A,25.79,30.49,20090617-20090708,53.6,A,36.48,20100714-20100805,53.8,A,31.22,43.51,20110712-20110719,M1,30.35,30.49,measured,0.8,observed,-1.0,53.0,30.27,52.2,True,O,30.49,measured,51.400000000000006,30.260761225455205,0.6,1293.8715,898.341,898.341,1246.2335,865.6562,865.6562,
TAP_A01,92.0,,,726681.2,9684849.73,O,128.0,A,43.64,46.68,20090617-20090708,132.7,A,41.37,20100714-20100805,132.1,A,28.05,44.55,20110712-20110719,M1,42.15,46.68,measured,2.05,observed,-1.0,130.05,46.5,128.0,True,O,46.68,measured,125.95,46.488581116626804,0.6,11292.9201,7652.9423,7652.9423,10898.7703,7384.9078,7384.9078,
TAP_A01,93.0,,,726684.58,9684858.68,O,60.0,A,25.12,29.49,20090617-20090708,57.8,A,30.08,20100714-20100805,59.9,A,19.35,27.11,20110712-20110719,M1,31.91,29.49,measured,0.0,observed,-1.0,59.9,29.49,60.0,True,O,29.49,measured,60.0,29.49,0.6,1643.6695,1154.9307,1154.9307,1643.6695,1154.9307,1154.9307,
TAP_A01,94.0,,,726688.78,9684860.61,O,13.7,A,9.41,12.53,20090617-20090708,14.0,A,25.6,20100714-20100805,14.2,A,17.95,22.51,20110712-20110719,M1,13.62,12.53,measured,0.25,observed,-1.0,13.95,12.38,13.7,True,O,12.53,measured,13.45,12.36997739032419,0.6,39.8969,29.8968,29.8968,38.0083,28.5142,28.5142,
TAP_A01,981.0,,,726702.28,9684860.68,O,,,,,20090617-20090708,5.6,A,7.74,20100714-20100805,5.6,A,2.02,7.48,20110712-20110719,M1,6.9,7.74,measured,0.1,site_median,-1.0,5.5,7.64,,False,O,6.9,feldpausch,,,0.6,,,,,,,
TAP_A01,95.0,,,726704.48,9684859.34,O,23.7,A,26.46,27.37,20090617-20090708,23.7,A,28.46,20100714-20100805,23.7,A,28.51,34.84,20110712-20110719,M1,19.15,27.37,measured,0.0,observed,-1.0,23.7,27.37,23.7,True,O,27.37,measured,23.7,27.37,0.6,249.3157,169.5301,169.5301,249.3157,169.5301,169.5301,
TAP_A01,96.0,,,726709.58,9684860.26,O,45.2,D,1.05,18.93,20090617-20090708,45.2,D,23.16,20100714-20100805,45.2,D,,18.64,20110712-20110719,M1,27.82,18.93,measured,0.0,observed,-1.0,45.2,18.93,45.2,False,O,18.93,measured,45.2,18.93,0.6,613.4652,613.4652,613.4652,613.4652,613.4652,613.4652,
TAP_A01,97.0,,,726710.04,9684859.75,L,12.8,A,15.3,19.84,20090617-20090708,13.2,A,,20100714-20100805,13.8,A,,,20110712-20110719,M1,13.36,19.84,measured,0.5,observed,-1.0,13.3,19.34,12.8,True,L,19.84,measured,12.3,19.290167702403323,0.6,54.7186,38.0074,38.0074,49.2542,34.2985,34.2985,
TAP_A01,98.0,,,726711.89,9684859.72,O,10.2,A,10.37,14.24,20090617-20090708,10.4,A,16.05,20100714-20100805,10.6,A,10.43,17.59,20110712-20110719,M1,11.08,14.24,measured,0.2,observed,-1.0,10.4,14.05,10.2,True,O,14.24,measured,10.0,14.037379294338114,0.6,25.4141,18.4006,18.4006,24.1108,17.4799,17.4799,
TAP_A01,99.0,,,726718.77,9684857.83,O,61.6,A,20.91,23.82,20090617-20090708,61.3,A,31.56,20100714-20100805,62.3,A,27.1,30.95,20110712-20110719,M1,32.48,23.82,measured,0.35,observed,-1.0,61.95,23.76,61.6,True,O,23.82,measured,61.25,23.75915888873861,0.6,1404.8094,1022.255,1022.255,1385.8075,1008.5594,1008.5594,
TAP_A01,100.0,,,726718.77,9684857.33,O,57.7,D,1.0,5.43,20090617-20090708,58.5,D,4.64,20100714-20100805,58.5,D,,5.22,20110712-20110719,M1,31.57,5.43,measured,0.4,observed,-1.0,58.1,5.41,57.7,False,O,5.43,measured,57.300000000000004,5.412478001553283,0.6,292.0388,292.0388,292.0388,287.1925,287.1925,287.1925,
TAP_A01,101.0,,,726741.42,9684860.13,O,14.0,A,4.72,12.85,20090617-20090708,14.3,A,13.41,20100714-20100805,14.3,A,4.96,9.62,20110712-20110719,M1,13.69,12.85,measured,0.15,observed,-1.0,14.15,12.76,14.0,True,O,12.85,measured,13.85,12.754097684836378,0.6,42.6572,31.8712,31.8712,41.4653,31.0013,31.0013,
TAP_A01,102.0,,,726744.65,9684860.1,O,21.2,D,1.41,2.97,20090617-20090708,21.6,D,2.99,20100714-20100805,21.6,D,,2.36,20110712-20110719,M1,18.05,2.97,measured,0.2,observed,-1.0,21.4,2.95,21.2,False,O,2.97,measured,21.0,2.9518223183687406,0.6,22.9551,22.9551,22.9551,22.3996,22.3996,22.3996,
TAP_A01,103.0,,,726749.49,9684859.56,O,4.5,A,1.42,4.62,20090617-20090708,5.0,A,7.48,20100714-20100805,4.9,A,4.36,6.25,20110712-20110719,M1,6.23,4.62,measured,0.2,observed,-1.0,4.7,4.48,4.5,True,O,4.62,measured,4.3,4.460724399799767,0.6,1.7148,1.4261,1.4261,1.5164,1.2653,1.2653,
TAP_A01,104.0,,,726773.61,9684856.97,O,33.6,A,12.57,21.11,20090617-20090708,33.7,A,21.91,20100714-20100805,33.9,A,14.83,20.46,20110712-20110719,M1,23.77,21.11,measured,0.15,observed,-1.0,33.75,21.06,33.6,True,O,21.11,measured,33.45,21.05564583600427,0.6,382.4507,275.5303,275.5303,378.1722,272.5004,272.5004,
TAP_A01,105.0,,,726779.82,9684859.51,O,37.7,A,16.06,20.78,20090617-20090708,37.7,A,17.73,20100714-20100805,37.7,A,10.12,24.31,20110712-20110719,M1,25.24,20.78,measured,0.0,observed,-1.0,37.7,20.78,37.7,True,O,20.78,measured,37.7,20.78,0.6,471.521,342.4335,342.4335,471.521,342.4335,342.4335,
TAP_A01,106.0,,,726791.72,9684859.59,O,7.6,A,4.67,9.25,20090617-20090708,7.8,A,8.93,20100714-20100805,7.6,A,5.75,7.25,20110712-20110719,M1,8.68,9.25,measured,0.0,observed,-1.0,7.6,9.25,7.6,True,O,9.25,measured,7.6,9.25,0.6,9.3921,7.1778,7.1778,9.3921,7.1778,7.1778,
TAP_A01,107.0,,,726792.2,9684859.09,O,19.2,A,8.05,15.72,20090617-20090708,19.5,A,18.17,20100714-20100805,19.9,A,12.08,16.41,20110712-20110719,M1,17.11,15.72,measured,0.35,observed,-1.0,19.55,15.54,19.2,True,O,15.72,measured,18.849999999999998,15.530019552659017,0.6,96.206,70.6903,70.6903,91.7175,67.4623,67.4623,
TAP_A01,108.0,,,726792.67,9684859.1,O,23.8,A,16.09,23.85,20090617-20090708,24.0,A,22.06,20100714-20100805,24.2,A,12.32,23.06,20110712-20110719,M1,19.4,23.85,measured,0.2,observed,-1.0,24.0,23.73,23.8,True,O,23.85,measured,23.6,23.723196972775163,0.6,219.7696,152.7562,152.7562,215.0572,149.5461,149.5461,
TAP_A01,109.0,,,726803.14,9684857.67,O,125.1,A,41.4,50.79,20090617-20090708,109.2,A,48.12,20100714-20100805,107.8,A,41.13,45.51,20110712-20110719,M1,39.88,50.79,measured,0.0,observed,-1.0,107.8,50.79,125.1,True,O,50.79,measured,125.1,50.79,0.6,11725.9083,7832.5047,7832.5047,11725.9083,7832.5047,7832.5047,
TAP_A01,110.0,,,726822.67,9684860.3,O,5.7,A,3.29,7.3,20090617-20090708,5.9,A,7.22,20100714-20100805,5.9,A,2.43,7.25,20110712-20110719,M1,7.18,7.3,measured,0.1,observed,-1.0,5.8,7.21,5.7,True,O,7.3,measured,5.6000000000000005,7.202417658727953,0.6,4.2514,3.3267,3.3267,4.0534,3.1758,3.1758,
TAP_A01,111.0,,,726826.0,9684859.33,O,41.3,A,11.37,22.68,20090617-20090708,41.4,A,20.9,20100714-20100805,41.8,A,15.56,31.57,20110712-20110719,M1,26.7,22.68,measured,0.25,observed,-1.0,41.55,22.6,41.3,True,O,22.68,measured,41.05,22.606117257351418,0.6,613.6247,441.444,441.444,604.4669,434.9533,434.9533,
TAP_A01,112.0,,,726832.19,9684859.37,O,44.0,D,1.41,6.07,20090617-20090708,44.6,D,6.48,20100714-20100805,44.6,D,,6.0,20110712-20110719,M1,27.63,6.07,measured,0.3,observed,-1.0,44.3,6.05,44.0,False,O,6.07,measured,43.7,6.04825324735923,0.6,191.8105,191.8105,191.8105,188.6042,188.6042,188.6042,
TAP_A01,113.0,,,726837.91,9684859.91,O,17.5,D,1.24,3.45,20090617-20090708,,D,,20100714-20100805,,D,,,20110712-20110719,M1,,3.45,measured,0.1,site_median,-1.0,,,17.5,False,O,3.45,measured,17.4,3.436754657954483,0.6,18.2718,18.2718,18.2718,18.0009,18.0009,18.0009,
TAP_A01,114.0,,,726839.8,9684858.92,O,20.3,A,15.23,21.13,20090617-20090708,20.4,A,19.9,20100714-20100805,20.4,A,12.74,19.36,20110712-20110719,M1,17.39,21.13,measured,0.05,observed,-1.0,20.35,21.09,20.3,True,O,21.13,measured,20.25,21.09600640439644,0.6,143.1512,100.6513,100.6513,142.24,100.0243,100.0243,
TAP_A01,115.0,,,726844.95,9684858.46,O,21.0,A,10.32,17.91,20090617-20090708,21.6,A,21.27,20100714-20100805,21.9,A,12.36,13.91,20110712-20110719,M1,18.21,17.91,measured,0.45,observed,-1.0,21.45,17.67,21.0,True,O,17.91,measured,20.55,17.65969745986705,0.6,130.153,94.0871,94.0871,123.0623,89.0667,89.0667,
TAP_A01,116.0,,,726850.64,9684860.75,O,5.2,A,3.51,7.77,20090617-20090708,5.6,A,7.8,20100714-20100805,5.9,A,3.81,7.21,20110712-20110719,M1,7.18,7.77,measured,0.35,observed,-1.0,5.55,7.41,5.2,True,O,7.77,measured,4.8500000000000005,7.366172703620562,0.6,3.777,2.9136,2.9136,3.1294,2.4263,2.4263,
TAP_A01,117.0,,,726876.49,9684861.09,O,15.2,A,5.01,10.18,20090617-20090708,15.3,A,10.51,20100714-20100805,15.5,A,2.27,10.24,20110712-20110719,M1,14.47,10.18,measured,0.15,observed,-1.0,15.35,10.12,15.2,True,O,10.18,measured,15.049999999999999,10.110875311283575,0.6,39.9008,31.0516,31.0516,38.8764,30.2726,30.2726,
TAP_A01,118.0,,,726883.62,9684861.96,O,9.7,A,9.66,11.99,20090617-20090708,9.6,D,7.29,20100714-20100805,9.6,D,,6.95,20110712-20110719,M1,10.31,11.99,measured,0.0,observed,-1.0,9.6,11.99,9.7,True,O,11.99,measured,9.7,11.99,0.6,19.479,14.457,14.457,19.479,14.457,14.457,
TAP_A01,119.0,,,726894.75,9684861.54,O,17.5,A,4.33,5.75,20090617-20090708,17.6,A,10.79,20100714-20100805,18.1,A,3.52,9.75,20110712-20110719,M1,16.07,5.75,measured,0.3,observed,-1.0,17.8,5.69,17.5,True,O,5.75,measured,17.2,5.683582035533868,0.6,30.082,25.7955,25.7955,28.7557,24.683,24.683,
TAP_A01,120.0,,,726901.97,9684863.26,O,11.3,A,7.36,9.27,20090617-20090708,11.4,A,9.72,20100714-20100805,11.4,A,5.83,9.58,20110712-20110719,M1,11.67,9.27,measured,0.05,observed,-1.0,11.35,9.25,11.3,True,O,9.27,measured,11.25,9.240663898950887,0.6,20.4145,15.896,15.896,20.1761,15.7148,15.7148,
TAP_A01,121.0,,,726908.08,9684862.93,O,8.5,A,3.27,11.36,20090617-20090708,8.7,A,10.39,20100714-20100805,8.9,A,4.73,11.08,20110712-20110719,M1,9.76,11.36,measured,0.2,observed,-1.0,8.7,11.17,8.5,True,O,11.36,measured,8.3,11.162355736195005,0.6,14.2802,10.6218,10.6218,13.4002,9.9834,9.9834,
TAP_A01,122.0,,,726912.79,9684863.07,O,8.9,A,17.2,20.77,20090617-20090708,9.6,A,16.11,20100714-20100805,9.5,A,13.87,17.41,20110712-20110719,M1,10.23,20.77,measured,0.3,observed,-1.0,9.2,20.3,8.9,True,O,20.77,measured,8.6,20.2535624130985,0.6,28.1506,19.0767,19.0767,25.689,17.4492,17.4492,
TAP_A01,123.0,,,726921.26,9684862.8,P,5.8,A,3.09,5.73,20090617-20090708,6.0,A,5.04,20100714-20100805,6.0,A,3.45,5.63,20110712-20110719,M1,7.27,5.73,measured,0.1,observed,-1.0,5.9,5.66,5.8,True,P,5.73,measured,5.7,5.654814834575343,0.6,3.4724,,,3.3135,,,
TAP_A01,124.0,,,726923.15,9684862.86,O,14.4,A,9.29,14.73,20090617-20090708,14.8,A,17.12,20100714-20100805,15.0,A,13.1,15.01,20110712-20110719,M1,14.15,14.73,measured,0.3,observed,-1.0,14.7,14.52,14.4,True,O,14.73,measured,14.1,14.516609053993331,0.6,51.4932,37.7029,37.7029,48.7211,35.7193,35.7193,
TAP_A01,125.0,,,726925.99,9684863.43,O,50.2,A,26.41,33.72,20090617-20090708,50.1,A,35.07,20100714-20100805,50.1,D,,36.66,20110712-20110719,M1,29.31,33.72,measured,0.0,observed,-1.0,50.1,33.72,50.2,True,O,33.72,measured,50.2,33.72,0.6,1322.6734,902.1504,902.1504,1322.6734,902.1504,902.1504,
TAP_A01,126.0,,,726934.0,9684863.66,O,5.5,A,4.75,8.49,20090617-20090708,5.7,A,10.09,20100714-20100805,5.8,A,4.72,12.13,20110712-20110719,M1,7.09,8.49,measured,0.15,observed,-1.0,5.65,8.32,5.5,True,O,8.49,measured,5.35,8.31290565496745,0.6,4.5948,3.5045,3.5045,4.2647,3.2593,3.2593,
TAP_A01,127.0,,,726934.02,9684864.16,O,12.1,A,10.67,14.69,20090617-20090708,12.8,A,17.7,20100714-20100805,12.9,A,11.45,14.77,20110712-20110719,M1,12.74,14.69,measured,0.4,observed,-1.0,12.5,14.37,12.1,True,O,14.69,measured,11.7,14.343482885988584,0.6,36.5655,26.5616,26.5616,33.4545,24.3542,24.3542,
TAP_A01,128.0,,,726937.76,9684863.27,O,18.2,A,13.16,16.88,20090617-20090708,18.4,A,13.78,20100714-20100805,18.7,A,11.27,13.03,20110712-20110719,M1,16.42,16.88,measured,0.25,observed,-1.0,18.45,16.74,18.2,True,O,16.88,measured,17.95,16.724964489005522,0.6,92.9042,67.3276,67.3276,89.6188,64.9982,64.9982,
TAP_A01,129.0,,,726941.53,9684863.37,O,95.6,D,2.47,29.5,20090617-20090708,94.8,D,26.64,20100714-20100805,94.8,D,,27.9,20110712-20110719,M1,38.29,29.5,measured,0.0,observed,-1.0,94.8,29.5,95.6,False,O,29.5,measured,95.6,29.5,0.6,4081.8852,4081.8852,4081.8852,4081.8852,4081.8852,4081.8852,
TAP_A01,130.0,,,726943.52,9684864.42,O,5.4,A,4.69,6.71,20090617-20090708,5.5,A,5.63,20100714-20100805,5.5,A,3.43,4.62,20110712-20110719,M1,6.81,6.71,measured,0.05,observed,-1.0,5.45,6.66,5.4,True,O,6.71,measured,5.3500000000000005,6.662556422037722,0.6,3.5235,2.7868,2.7868,3.4362,2.7196,2.7196,
TAP_A01,131.0,,,726948.41,9684862.49,O,41.5,A,14.75,23.52,20090617-20090708,41.7,A,27.16,20100714-20100805,41.8,A,27.68,32.68,20110712-20110719,M1,26.7,23.52,measured,0.15,observed,-1.0,41.65,23.48,41.5,True,O,23.52,measured,41.35,23.47437903883393,0.6,641.8202,459.1889,459.1889,636.0932,455.152,455.152,
TAP_A01,132.0,,,726951.15,9684863.52,O,16.8,A,11.5,14.12,20090617-20090708,17.0,A,16.74,20100714-20100805,17.6,A,12.65,17.31,20110712-20110719,M1,15.77,14.12,measured,0.4,observed,-1.0,17.2,13.91,16.8,True,O,14.12,measured,16.400000000000002,13.891537442829573,0.6,66.758,49.5727,49.5727,62.6845,46.6141,46.6141,
TAP_A01,133.0,,,726961.52,9684863.17,O,13.0,A,8.07,12.01,20090617-20090708,13.4,A,20.09,20100714-20100805,13.6,A,10.42,15.08,20110712-20110719,M1,13.22,12.01,measured,0.3,observed,-1.0,13.3,11.83,13.0,True,O,12.01,measured,12.7,11.814447693507773,0.6,34.5551,26.0023,26.0023,32.4908,24.4851,24.4851,
TAP_A01,134.0,,,726970.29,9684864.79,O,5.4,A,6.11,7.34,20090617-20090708,5.8,A,8.18,20100714-20100805,5.8,A,5.84,8.57,20110712-20110719,M1,7.09,7.34,measured,0.2,observed,-1.0,5.6,7.14,5.4,True,O,7.34,measured,5.2,7.131528706782752,0.6,3.846,2.9991,2.9991,3.4738,2.7162,2.7162,
TAP_A01,135.0,,,726975.74,9684864.37,O,19.2,A,10.56,12.6,20090617-20090708,19.2,A,14.04,20100714-20100805,19.1,A,13.13,15.88,20110712-20110719,M1,16.65,12.6,measured,0.0,observed,-1.0,19.1,12.6,19.2,True,O,12.6,measured,19.2,12.6,0.6,77.5222,58.9882,58.9882,77.5222,58.9882,58.9882,
TAP_A01,136.0,,,726980.66,9684864.93,O,9.3,A,1.61,7.03,20090617-20090708,9.8,A,7.98,20100714-20100805,9.3,A,5.51,8.66,20110712-20110719,M1,10.08,7.03,measured,0.0,observed,-1.0,9.3,7.03,9.3,True,O,7.03,measured,9.3,7.03,0.6,10.6554,8.5869,8.5869,10.6554,8.5869,8.5869,
TAP_A01,137.0,,,726982.78,9684859.97,O,72.5,A,33.88,38.74,20090617-20090708,72.7,A,31.63,20100714-20100805,72.7,A,27.41,33.52,20110712-20110719,M1,34.69,38.74,measured,0.1,observed,-1.0,72.6,38.72,72.5,True,O,38.74,measured,72.4,38.718212811146664,0.6,3103.7324,2107.9002,2107.9002,3093.6822,2101.1222,2101.1222,
TAP_A01,138.0,,,726982.84,9684864.46,O,7.1,A,5.66,5.96,20090617-20090708,7.1,A,7.09,20100714-20100805,7.3,A,5.09,8.54,20110712-20110719,M1,8.43,5.96,measured,0.1,observed,-1.0,7.2,5.9,7.1,True,O,5.96,measured,7.0,5.897076939021555,0.6,5.355,4.3725,4.3725,5.1551,4.2134,4.2134,
TAP_A01,139.0,,,726994.32,9684865.12,O,15.1,D,1.39,6.79,20090617-20090708,14.9,D,5.51,20100714-20100805,14.9,D,,5.35,20110712-20110719,M1,14.08,6.79,measured,0.0,observed,-1.0,14.9,6.79,15.1,False,O,6.79,measured,15.1,6.79,0.6,26.5295,26.5295,26.5295,26.5295,26.5295,26.5295,
TAP_A01,140.0,,,727000.27,9684864.92,O,7.8,A,4.49,7.24,20090617-20090708,7.9,A,5.58,20100714-20100805,7.9,A,5.1,6.67,20110712-20110719,M1,8.94,7.24,measured,0.05,observed,-1.0,7.85,7.2,7.8,True,O,7.24,measured,7.75,7.205525001918155,0.6,7.7792,6.1875,6.1875,7.6464,6.0846,6.0846,
TAP_A01,141.0,,,727003.44,9684865.22,O,5.8,A,4.08,8.72,20090617-20090708,6.0,A,7.83,20100714-20100805,6.1,A,4.57,7.63,20110712-20110719,M1,7.36,8.72,measured,0.15,observed,-1.0,5.95,8.57,5.8,True,O,8.72,measured,5.6499999999999995,8.548142510638307,0.6,5.2314,3.9834,3.9834,4.8749,3.719,3.719,
TAP_A01,142.0,,,727005.57,9684863.93,O,16.0,A,8.47,10.88,20090617-20090708,16.4,A,8.42,20100714-20100805,16.5,A,12.31,15.79,20110712-20110719,M1,15.1,10.88,measured,0.25,observed,-1.0,16.25,10.77,16.0,True,O,10.88,measured,15.75,10.763795116267648,0.6,47.0601,36.3297,36.3297,45.1597,34.8954,34.8954,
TAP_A01,143.0,,,727007.52,9684865.59,O,13.2,A,5.38,13.91,20090617-20090708,13.2,A,11.27,20100714-20100805,13.7,A,7.55,9.04,20110712-20110719,M1,13.29,13.91,measured,0.25,observed,-1.0,13.45,13.73,13.2,True,O,13.91,measured,12.95,13.724662345278237,0.6,41.0874,30.2307,30.2307,39.0673,28.779,28.779,
TAP_A01,144.0,,,727009.38,9684866.26,O,7.1,A,5.93,8.41,20090617-20090708,7.1,A,3.24,20100714-20100805,7.8,A,0.51,3.89,20110712-20110719,M1,8.85,8.41,measured,0.35,observed,-1.0,7.45,8.13,7.1,True,O,8.41,measured,6.75,8.0973888093882,0.6,7.4941,5.7951,5.7951,6.5434,5.078,5.078,
TAP_A01,145.0,,,727026.6,9684867.85,L,5.1,A,7.51,8.05,20090617-20090708,,D,,20100714-20100805,,D,,,20110712-20110719,M1,,8.05,measured,0.1,site_median,-1.0,,,5.1,True,L,8.05,measured,5.0,7.9288576947638925,0.6,3.7644,2.885,2.885,3.5685,2.7388,2.7388,
TAP_A01,146.0,,,727027.46,9684867.43,O,44.6,A,31.98,37.93,20090617-20090708,44.8,A,22.11,20100714-20100805,44.9,A,19.67,23.85,20110712-20110719,M1,27.72,37.93,measured,0.15,observed,-1.0,44.75,37.88,44.6,True,O,37.93,measured,44.45,37.86342878044841,0.6,1177.7404,784.0381,784.0381,1168.0167,777.6549,777.6549,
TAP_A01,147.0,,,727027.46,9684867.43,L,5.4,A,8.76,9.63,20090617-20090708,,D,,20100714-20100805,,D,,,20110712-20110719,M1,,9.63,measured,0.1,site_median,-1.0,,,5.4,True,L,9.63,measured,5.300000000000001,9.493629598581045,0.6,5.0132,3.745,3.745,4.7667,3.5657,3.5657,
TAP_A01,148.0,,,727027.91,9684867.47,L,5.1,A,8.82,10.26,20090617-20090708,,D,,20100714-20100805,,D,,,20110712-20110719,M1,,10.26,measured,0.1,site_median,-1.0,,,5.1,True,L,10.26,measured,5.0,10.105599993574847,0.6,4.77,3.5182,3.5182,4.5217,3.3399,3.3399,
TAP_A01,149.0,,,727047.94,9684868.07,O,10.7,A,4.67,8.25,20090617-20090708,10.9,A,7.23,20100714-20100805,10.9,A,5.11,7.22,20110712-20110719,M1,11.3,8.25,measured,0.1,observed,-1.0,10.8,8.2,10.7,True,O,8.25,measured,10.6,8.194453000821346,0.6,16.3786,12.9565,12.9565,15.9755,12.6453,12.6453,
TAP_A01,150.0,,,727052.5,9684868.77,O,10.0,A,4.62,8.12,20090617-20090708,10.2,A,11.07,20100714-20100805,10.5,A,6.19,10.97,20110712-20110719,M1,11.0,8.12,measured,0.25,observed,-1.0,10.25,7.98,10.0,True,O,8.12,measured,9.75,7.97222378431957,0.6,14.1315,11.1706,11.1706,13.2111,10.4607,10.4607,
TAP_A01,151.0,,,727058.19,9684869.52,L,10.0,A,1.16,15.93,20090617-20090708,,D,,20100714-20100805,,D,,,20110712-20110719,M1,,15.93,measured,0.1,site_median,-1.0,,,10.0,True,L,15.93,measured,9.9,15.81437036129115,0.6,27.2787,19.3853,19.3853,26.5592,18.8866,18.8866,
TAP_A01,152.0,,,727058.08,9684867.02,O,48.9,A,17.49,20.53,20090617-20090708,49.2,A,14.51,20100714-20100805,48.7,A,14.0,17.74,20110712-20110719,M1,28.9,20.53,measured,0.0,observed,-1.0,48.7,20.53,48.9,True,O,20.53,measured,48.9,20.53,0.6,774.2535,570.4418,570.4418,774.2535,570.4418,570.4418,
TAP_A01,153.0,,,727065.55,9684869.84,O,16.5,A,10.43,16.01,20090617-20090708,16.3,A,11.2,20100714-20100805,16.2,A,9.02,11.17,20110712-20110719,M1,14.91,16.01,measured,0.0,observed,-1.0,16.2,16.01,16.5,True,O,16.01,measured,16.5,16.01,0.6,72.8577,52.9931,52.9931,72.8577,52.9931,52.9931,
TAP_A01,154.0,,,727067.49,9684862.44,O,89.4,D,0.56,6.38,20090617-20090708,89.2,D,14.64,20100714-20100805,89.2,D,,14.39,20110712-20110719,M1,37.49,6.38,measured,0.0,observed,-1.0,89.2,6.38,89.4,False,O,6.38,measured,89.4,6.38,0.6,803.4827,803.4827,803.4827,803.4827,803.4827,803.4827,
TAP_A01,155.0,,,727071.2,9684869.59,O,12.5,A,9.6,13.06,20090617-20090708,13.0,A,15.89,20100714-20100805,13.2,A,9.54,17.29,20110712-20110719,M1,12.95,13.06,measured,0.35,observed,-1.0,12.85,12.82,12.5,True,O,13.06,measured,12.15,12.800401326580916,0.6,34.7368,25.7467,25.7467,32.2258,23.9288,23.9288,
TAP_A01,156.0,,,727075.1,9684868.26,O,43.7,A,15.05,18.95,20090617-20090708,43.9,D,18.29,20100714-20100805,43.9,D,,16.86,20110712-20110719,M1,27.4,18.95,measured,0.1,observed,-1.0,43.8,18.93,43.7,True,O,18.95,measured,43.6,18.927197869310284,0.6,574.946,426.6843,426.6843,571.7084,424.3157,424.3157,
TAP_A01,157.0,,,727077.97,9684869.38,O,11.5,A,4.04,7.84,20090617-20090708,13.0,A,6.15,20100714-20100805,14.9,A,3.91,5.21,20110712-20110719,M1,14.08,7.84,measured,1.7,observed,-1.0,13.2,7.21,11.5,True,O,7.84,measured,9.8,6.987454326313478,0.6,17.9389,14.3551,14.3551,11.7325,9.4878,9.4878,
TAP_A01,158.0,,,727084.27,9684871.15,O,7.3,A,3.62,7.75,20090617-20090708,7.3,A,6.41,20100714-20100805,7.3,D,0.68,4.45,20110712-20110719,M1,8.43,7.75,measured,0.0,observed,-1.0,7.3,7.75,7.3,True,O,7.75,measured,7.3,7.75,0.6,7.3051,5.73,5.73,7.3051,5.73,5.73,
TAP_A01,159.0,,,727089.33,9684870.38,O,9.8,A,4.31,5.42,20090617-20090708,9.9,A,4.58,20100714-20100805,9.9,A,2.28,3.28,20110712-20110719,M1,10.55,5.42,measured,0.05,observed,-1.0,9.85,5.4,9.8,True,O,5.42,measured,9.75,5.399903786368209,0.6,9.1562,7.7077,7.7077,9.0325,7.6061,7.6061,
TAP_A01,160.0,,,727103.17,9684867.37,O,63.3,A,16.54,22.0,20090617-20090708,62.9,A,21.0,20100714-20100805,63.9,A,17.87,21.44,20110712-20110719,M1,32.85,22.0,measured,0.3,observed,-1.0,63.6,21.95,63.3,True,O,22.0,measured,63.0,21.953844362659794,0.6,1370.8984,1011.5064,1011.5064,1355.4633,1000.2216,1000.2216,
TAP_A01,161.0,,,727108.85,9684872.46,O,9.6,A,8.87,11.89,20090617-20090708,9.7,A,12.12,20100714-20100805,9.8,A,10.34,12.3,20110712-20110719,M1,10.47,11.89,measured,0.1,observed,-1.0,9.7,11.8,9.6,True,O,11.89,measured,9.5,11.799708888676037,0.6,18.9335,14.0637,14.0637,18.413,13.6867,13.6867,
TAP_A01,162.0,,,727113.05,9684872.97,O,19.9,A,14.1,17.17,20090617-20090708,19.9,A,20.19,20100714-20100805,19.9,A,15.16,20.52,20110712-20110719,M1,17.11,17.17,measured,0.0,observed,-1.0,19.9,17.17,19.9,True,O,17.17,measured,19.9,17.17,0.6,112.4495,81.6221,81.6221,112.4495,81.6221,81.6221,
TAP_A01,163.0,,,727112.99,9684872.47,O,24.7,D,1.57,10.17,20090617-20090708,24.9,D,9.72,20100714-20100805,24.9,D,,8.2,20110712-20110719,M1,19.75,10.17,measured,0.1,observed,-1.0,24.8,10.14,24.7,False,O,10.17,measured,24.599999999999998,10.144204885752144,0.6,102.8372,102.8372,102.8372,101.7735,101.7735,101.7735,
TAP_A01,164.0,,,727114.98,9684873.69,O,12.8,A,9.04,13.66,20090617-20090708,12.8,A,16.19,20100714-20100805,12.7,A,5.54,14.17,20110712-20110719,M1,12.6,13.66,measured,0.0,observed,-1.0,12.7,13.66,12.8,True,O,13.66,measured,12.8,13.66,0.6,38.0132,28.0077,28.0077,38.0132,28.0077,28.0077,
TAP_A01,165.0,,,727118.13,9684873.09,O,9.0,A,7.13,10.23,20090617-20090708,9.1,A,10.68,20100714-20100805,9.3,A,5.03,11.3,20110712-20110719,M1,10.08,10.23,measured,0.15,observed,-1.0,9.15,10.11,9.0,True,O,10.23,measured,8.85,10.104758525305577,0.6,14.4139,10.9301,10.9301,13.782,10.4628,10.4628,
TAP_A01,166.0,,,727121.05,9684874.42,O,13.0,A,13.81,19.57,20090617-20090708,14.2,A,22.16,20100714-20100805,14.9,A,13.91,15.49,20110712-20110719,M1,14.08,19.57,measured,0.95,observed,-1.0,13.95,18.71,13.0,True,O,19.57,measured,12.05,18.549768709665525,0.6,55.6507,38.7675,38.7675,45.5455,31.8812,31.8812,
TAP_A01,167.0,,,727123.38,9684874.71,O,7.0,A,5.97,9.55,20090617-20090708,7.1,A,8.45,20100714-20100805,7.0,A,5.47,9.55,20110712-20110719,M1,8.17,9.55,measured,0.0,observed,-1.0,7.0,9.55,7.0,True,O,9.55,measured,7.0,9.55,0.6,8.2523,6.2503,6.2503,8.2523,6.2503,6.2503,
TAP_A01,168.0,,,727125.19,9684874.44,O,5.5,A,10.37,11.39,20090617-20090708,5.5,A,11.4,20100714-20100805,5.5,A,6.81,11.26,20110712-20110719,M1,6.81,11.39,measured,0.0,observed,-1.0,5.5,11.39,5.5,True,O,11.39,measured,5.5,11.39,0.6,6.1209,4.4568,4.4568,6.1209,4.4568,4.4568,
TAP_A01,982.0,,,727128.26,9684873.93,P,,,,,20090617-20090708,19.7,A,8.07,20100714-20100805,20.0,A,2.24,4.53,20110712-20110719,M1,17.17,8.07,measured,0.1,site_median,-1.0,19.9,8.04,,False,P,17.17,feldpausch,,,0.6,,,,,,,
TAP_A01,169.0,,,727129.92,9684875.5,O,11.3,A,9.93,12.78,20090617-20090708,11.0,A,12.13,20100714-20100805,12.1,A,9.29,11.73,20110712-20110719,M1,12.18,12.78,measured,0.4,observed,-1.0,11.7,12.48,11.3,True,O,12.78,measured,10.9,12.454399754422331,0.6,27.9283,20.6709,20.6709,25.3835,18.8316,18.8316,
TAP_A01,170.0,,,727129.86,9684875.0,O,23.0,A,17.09,20.16,20090617-20090708,23.1,A,14.33,20100714-20100805,23.1,D,,16.3,20110712-20110719,M1,18.84,20.16,measured,0.05,observed,-1.0,23.05,20.13,23.0,True,O,20.16,measured,22.95,20.132111263826182,0.6,174.4762,124.3336,124.3336,173.502,123.6535,123.6535,
TAP_A01,171.0,,,727139.26,9684876.63,O,11.0,A,5.13,8.58,20090617-20090708,11.1,A,9.82,20100714-20100805,11.3,A,7.62,10.23,20110712-20110719,M1,11.6,8.58,measured,0.15,observed,-1.0,11.15,8.5,11.0,True,O,8.58,measured,10.85,8.49590228042489,0.6,17.9615,14.1396,14.1396,17.3192,13.6462,13.6462,
TAP_A01,172.0,,,727138.43,9684873.6,O,29.0,A,21.29,26.86,20090617-20090708,29.5,A,28.12,20100714-20100805,29.5,A,24.18,28.46,20110712-20110719,M1,21.91,26.86,measured,0.25,observed,-1.0,29.25,26.73,29.0,True,O,26.86,measured,28.75,26.72046022370169,0.6,362.9686,249.9564,249.9564,355.0761,244.6209,244.6209,
TAP_A01,173.0,,,727144.39,9684877.25,L,5.2,A,1.07,2.37,20090617-20090708,5.2,A,,20100714-20100805,5.2,A,,,20110712-20110719,M1,6.52,2.37,measured,0.0,observed,-1.0,5.2,2.37,5.2,True,L,2.37,measured,5.2,2.37,0.6,1.1854,1.1031,1.1031,1.1854,1.1031,1.1031,
TAP_A01,174.0,,,727144.86,9684877.31,O,12.9,A,8.83,11.4,20090617-20090708,13.1,A,12.89,20100714-20100805,13.0,A,6.08,10.85,20110712-20110719,M1,12.81,11.4,measured,0.05,observed,-1.0,12.95,11.37,12.9,True,O,11.4,measured,12.85,11.368921313691336,0.6,32.3498,24.5351,24.5351,32.02,24.2909,24.2909,
TAP_A01,992.0,,,727140.84,9684876.82,O,,,,,20090617-20090708,,A,,20100714-20100805,64.0,A,1.46,5.36,20110712-20110719,M1,32.87,5.36,measured,0.1,site_median,-1.0,63.9,5.36,,False,O,32.87,feldpausch,,,0.6,,,,,,,
TAP_A01,993.0,,,727108.97,9684873.5,O,,,,,20090617-20090708,,A,,20100714-20100805,5.7,A,4.89,8.84,20110712-20110719,M1,6.99,8.84,measured,0.1,site_median,-1.0,5.6,8.73,,False,O,6.99,feldpausch,,,0.6,,,,,,,
TAP_A01,994.0,,,727068.98,9684870.69,O,,,,,20090617-20090708,,A,,20100714-20100805,5.0,A,2.06,5.0,20110712-20110719,M1,6.33,5.0,measured,0.1,site_median,-1.0,4.9,4.92,,False,O,6.33,feldpausch,,,0.6,,,,,,,
TAP_A01,175.0,,,726968.42,9684524.52,O,23.2,D,1.73,10.25,20090617-20090708,22.7,D,11.06,20100714-20100805,22.7,D,,4.34,20110712-20110719,M2,18.63,10.25,measured,0.0,observed,-1.0,22.7,10.25,23.2,False,O,10.25,measured,23.2,10.25,0.6,91.698,91.698,91.698,91.698,91.698,91.698,
TAP_A01,176.0,,,726949.24,9684523.97,O,11.2,A,3.64,3.64,20090617-20090708,11.2,A,5.61,20100714-20100805,11.7,A,4.6,5.99,20110712-20110719,M2,11.89,3.64,measured,0.25,observed,-1.0,11.45,3.58,11.2,True,O,3.64,measured,10.95,3.5816175782695163,0.6,8.0569,7.269,7.269,7.5889,6.8568,6.8568,
TAP_A01,177.0,,,726943.83,9684524.46,O,6.0,A,1.7,2.76,20090617-20090708,6.2,A,3.81,20100714-20100805,6.1,A,1.06,3.76,20110712-20110719,M2,7.36,2.76,measured,0.05,observed,-1.0,6.05,2.74,6.0,True,O,2.76,measured,5.95,2.7425604480000714,0.6,1.8186,1.6635,1.6635,1.7781,1.6274,1.6274,
TAP_A01,178.0,,,726938.42,9684524.94,O,33.5,A,9.41,12.11,20090617-20090708,34.1,A,22.62,20100714-20100805,34.2,A,16.5,17.62,20110712-20110719,M2,23.89,12.11,measured,0.35,observed,-1.0,33.85,12.04,33.5,True,O,12.11,measured,33.15,12.03679983314732,0.6,221.0532,173.8445,173.8445,215.2897,169.3887,169.3887,
TAP_A01,179.0,,,726933.5,9684523.43,O,7.8,A,4.38,8.46,20090617-20090708,7.8,A,8.35,20100714-20100805,7.8,A,5.78,8.24,20110712-20110719,M2,8.85,8.46,measured,0.0,observed,-1.0,7.8,8.46,7.8,True,O,8.46,measured,7.8,8.46,0.6,9.0561,7.0281,7.0281,9.0561,7.0281,7.0281,
TAP_A01,180.0,,,726933.5,9684523.93,O,13.1,A,4.95,9.6,20090617-20090708,12.8,D,8.02,20100714-20100805,12.8,D,,6.55,20110712-20110719,M2,12.67,9.6,measured,0.0,observed,-1.0,12.8,9.6,13.1,True,O,9.6,measured,13.1,9.6,0.6,28.1884,21.9837,21.9837,28.1884,21.9837,21.9837,
TAP_A01,181.0,,,726931.04,9684523.93,O,11.1,A,6.05,11.06,20090617-20090708,11.5,A,10.83,20100714-20100805,11.5,A,5.36,7.88,20110712-20110719,M2,11.75,11.06,measured,0.2,observed,-1.0,11.3,10.92,11.1,True,O,11.06,measured,10.9,10.916783879391032,0.6,23.4227,17.7214,17.7214,22.3202,16.9073,16.9073,
TAP_A01,182.0,,,726931.04,9684523.93,O,10.5,A,6.22,10.14,20090617-20090708,10.8,A,8.33,20100714-20100805,10.9,A,6.04,8.69,20110712-20110719,M2,11.3,10.14,measured,0.2,observed,-1.0,10.7,10.01,10.5,True,O,10.14,measured,10.3,10.000295310076321,0.6,19.307,14.7699,14.7699,18.3456,14.0522,14.0522,
TAP_A01,183.0,,,726929.07,9684523.42,O,17.6,A,8.33,12.11,20090617-20090708,18.6,A,19.34,20100714-20100805,19.1,A,12.04,15.16,20110712-20110719,M2,16.65,12.11,measured,0.75,observed,-1.0,18.35,11.8,17.6,True,O,12.11,measured,16.85,11.76035790874503,0.6,62.9289,47.984,47.984,56.1713,42.9401,42.9401,
TAP_A01,184.0,,,726924.16,9684523.41,O,17.3,A,7.13,16.03,20090617-20090708,18.1,A,15.28,20100714-20100805,18.8,A,15.4,17.89,20110712-20110719,M2,16.48,16.03,measured,0.75,observed,-1.0,18.05,15.6,17.3,True,O,16.03,measured,16.55,15.557709882272922,0.6,80.0095,58.3159,58.3159,71.2678,52.0795,52.0795,
TAP_A01,185.0,,,726917.28,9684525.89,O,14.4,A,1.54,6.1,20090617-20090708,13.8,A,4.47,20100714-20100805,13.8,D,,,20110712-20110719,M2,13.36,6.1,measured,0.0,observed,-1.0,13.8,6.1,14.4,True,O,6.1,measured,14.4,6.1,0.6,21.7804,18.3309,18.3309,21.7804,18.3309,18.3309,
TAP_A01,186.0,,,726906.45,9684523.37,O,8.0,A,4.15,9.29,20090617-20090708,7.2,A,9.23,20100714-20100805,7.3,A,6.92,10.19,20110712-20110719,M2,8.43,9.29,measured,0.0,observed,-1.0,7.3,9.29,8.0,True,O,9.29,measured,8.0,9.29,0.6,10.425,7.9813,7.9813,10.425,7.9813,7.9813,
TAP_A01,187.0,,,726898.09,9684523.85,O,8.1,A,4.09,13.32,20090617-20090708,8.2,A,10.42,20100714-20100805,8.2,A,9.18,11.21,20110712-20110719,M2,9.19,13.32,measured,0.05,observed,-1.0,8.15,13.26,8.1,True,O,13.32,measured,8.049999999999999,13.259126423190736,0.6,15.1824,10.9869,10.9869,14.9331,10.8111,10.8111,
TAP_A01,188.0,,,726897.11,9684524.84,O,70.5,A,35.14,38.76,20090617-20090708,70.7,A,42.19,20100714-20100805,70.7,A,37.34,44.63,20110712-20110719,M2,34.29,38.76,measured,0.1,observed,-1.0,70.6,38.74,70.5,True,O,38.76,measured,70.4,38.737188667033664,0.6,2940.2781,1994.0481,1994.0481,2930.4583,1987.4379,1987.4379,
TAP_A01,189.0,,,726891.71,9684527.33,O,84.4,A,18.43,23.26,20090617-20090708,84.3,A,22.47,20100714-20100805,84.5,A,13.98,25.68,20110712-20110719,M2,36.77,23.26,measured,0.05,observed,-1.0,84.45,23.25,84.4,True,O,23.26,measured,84.35000000000001,23.254935567130623,0.6,2538.0035,1882.0498,1882.0498,2534.5307,1879.4857,1879.4857,
TAP_A01,190.0,,,726887.78,9684527.32,O,69.4,A,21.34,25.98,20090617-20090708,69.4,A,28.98,20100714-20100805,70.0,A,29.6,32.76,20110712-20110719,M2,34.15,25.98,measured,0.3,observed,-1.0,69.7,25.93,69.4,True,O,25.98,measured,69.10000000000001,25.93287275336358,0.6,1929.6662,1393.0068,1393.0068,1910.0294,1378.94,1378.94,
TAP_A01,191.0,,,726884.82,9684522.81,O,11.0,A,7.24,11.97,20090617-20090708,11.2,A,12.11,20100714-20100805,11.4,A,6.6,10.92,20110712-20110719,M2,11.67,11.97,measured,0.2,observed,-1.0,11.2,11.83,11.0,True,O,11.97,measured,10.8,11.813423539539903,0.6,24.8587,18.5663,18.5663,23.6779,17.7056,17.7056,
TAP_A01,192.0,,,726882.36,9684524.81,O,49.7,A,33.07,45.01,20090617-20090708,50.0,A,36.4,20100714-20100805,50.5,A,28.0,35.44,20110712-20110719,M2,29.43,45.01,measured,0.4,observed,-1.0,50.1,44.83,49.7,True,O,45.01,measured,49.300000000000004,44.828961766770355,0.6,1719.4041,1119.8994,1119.8994,1685.8508,1098.3185,1098.3185,
TAP_A01,193.0,,,726873.96,9684522.83,O,8.8,A,8.67,11.06,20090617-20090708,9.3,A,12.18,20100714-20100805,9.4,A,8.25,11.56,20110712-20110719,M2,10.16,11.06,measured,0.3,observed,-1.0,9.1,10.8,8.8,True,O,11.06,measured,8.5,10.781558426451369,0.6,14.8866,11.1382,11.1382,13.5701,10.1773,10.1773,
TAP_A01,194.0,,,726860.25,9684525.39,O,22.8,A,19.14,21.82,20090617-20090708,23.0,A,18.99,20100714-20100805,23.1,A,25.06,30.42,20110712-20110719,M2,18.84,21.82,measured,0.15,observed,-1.0,22.95,21.73,22.8,True,O,21.82,measured,22.650000000000002,21.728357826128104,0.6,185.2984,130.3504,130.3504,182.1764,128.1988,128.1988,
TAP_A01,195.0,,,726850.02,9684525.3,O,11.4,A,9.69,17.26,20090617-20090708,11.3,A,15.09,20100714-20100805,11.5,A,11.17,15.88,20110712-20110719,M2,11.75,17.26,measured,0.05,observed,-1.0,11.45,17.2,11.4,True,O,17.26,measured,11.35,17.205914669528514,0.6,38.097,26.901,26.901,37.656,26.5972,26.5972,
TAP_A01,196.0,,,726837.23,9684525.31,O,15.7,A,1.76,7.17,20090617-20090708,15.6,A,7.34,20100714-20100805,15.5,A,3.86,7.34,20110712-20110719,M2,14.47,7.17,measured,0.0,observed,-1.0,15.5,7.17,15.7,True,O,7.17,measured,15.7,7.17,0.6,30.1886,24.8699,24.8699,30.1886,24.8699,24.8699,
TAP_A01,197.0,,,726830.69,9684528.08,O,91.9,A,36.95,45.59,20090617-20090708,91.4,A,44.22,20100714-20100805,91.4,A,34.51,47.29,20110712-20110719,M2,37.81,45.59,measured,0.0,observed,-1.0,91.4,45.59,91.9,True,O,45.59,measured,91.9,45.59,0.6,5779.7531,3869.4195,3869.4195,5779.7531,3869.4195,3869.4195,
TAP_A01,198.0,,,726828.04,9684525.68,P,21.3,A,18.29,26.1,20090617-20090708,21.5,A,27.15,20100714-20100805,21.9,A,17.98,22.5,20110712-20110719,M2,18.21,26.1,measured,0.3,observed,-1.0,21.6,25.87,21.3,True,P,26.1,measured,21.0,25.86142728769004,0.6,193.2408,,,186.2866,,,
TAP_A01,199.0,,,726819.39,9684527.03,O,24.1,A,18.64,24.2,20090617-20090708,24.0,A,23.87,20100714-20100805,24.0,D,,4.87,20110712-20110719,M2,19.3,24.2,measured,0.0,observed,-1.0,24.0,24.2,24.1,True,O,24.2,measured,24.1,24.2,0.6,228.4345,158.5092,158.5092,228.4345,158.5092,158.5092,
TAP_A01,200.0,,,726815.31,9684527.2,O,99.4,A,35.02,47.24,20090617-20090708,101.9,A,44.1,20100714-20100805,105.1,A,41.25,53.96,20110712-20110719,M2,39.58,47.24,measured,2.85,observed,-1.0,102.25,46.83,99.4,True,O,47.24,measured,96.55000000000001,46.7931150598722,0.6,6974.0549,4660.3413,4660.3413,6528.2192,4362.8759,4362.8759,
TAP_A01,201.0,,,726789.57,9684528.0,O,47.4,A,20.59,31.59,20090617-20090708,48.3,A,32.31,20100714-20100805,49.3,A,28.09,35.48,20110712-20110719,M2,29.08,31.59,measured,0.95,observed,-1.0,48.35,31.27,47.4,True,O,31.59,measured,46.449999999999996,31.26528083963882,0.6,1109.5336,762.5139,762.5139,1055.8389,726.0924,726.0924,
TAP_A01,202.0,,,726768.09,9684527.82,O,12.6,A,8.26,14.55,20090617-20090708,12.7,A,12.55,20100714-20100805,12.7,A,9.0,11.58,20110712-20110719,M2,12.6,14.55,measured,0.05,observed,-1.0,12.65,14.52,12.6,True,O,14.55,measured,12.549999999999999,14.509262949591534,0.6,39.2047,28.5774,28.5774,38.7953,28.2861,28.2861,
TAP_A01,203.0,,,726753.25,9684530.08,O,16.9,A,14.05,20.67,20090617-20090708,17.1,A,25.52,20100714-20100805,17.0,A,16.27,18.74,20110712-20110719,M2,15.41,20.67,measured,0.05,observed,-1.0,16.95,20.63,16.9,True,O,20.67,measured,16.849999999999998,20.628696730321728,0.6,97.9643,68.5143,68.5143,97.2094,67.9982,67.9982,
TAP_A01,204.0,,,726753.16,9684529.08,L,6.3,A,16.5,22.84,20090617-20090708,6.4,A,,20100714-20100805,6.9,A,,,20110712-20110719,M2,8.08,22.84,measured,0.3,observed,-1.0,6.6,22.08,6.3,True,L,22.84,measured,6.0,22.012929870039475,0.6,15.7348,10.3313,10.3313,13.7996,9.0923,9.0923,
TAP_A01,205.0,,,726753.16,9684529.08,L,5.5,A,16.5,22.84,20090617-20090708,5.6,A,,20100714-20100805,5.6,A,,,20110712-20110719,M2,6.9,22.84,measured,0.05,observed,-1.0,5.55,22.67,5.5,True,L,22.84,measured,5.45,22.68163247893322,0.6,12.0708,7.8741,7.8741,11.7773,7.6877,7.6877,
TAP_A01,206.0,,,726753.2,9684529.58,L,9.6,A,16.5,22.84,20090617-20090708,9.8,A,,20100714-20100805,9.8,A,,,20110712-20110719,M2,10.47,22.84,measured,0.1,observed,-1.0,9.7,22.67,9.6,True,L,22.84,measured,9.5,22.666556014916793,0.6,35.8048,23.9892,23.9892,34.8204,23.346,23.346,
TAP_A01,207.0,,,726746.72,9684529.13,O,13.5,A,8.48,11.45,20090617-20090708,13.7,A,11.11,20100714-20100805,13.9,A,10.34,12.01,20110712-20110719,M2,13.42,11.45,measured,0.2,observed,-1.0,13.7,11.34,13.5,True,O,11.45,measured,13.3,11.331133748071085,0.6,35.5031,26.9668,26.9668,34.1342,25.9513,25.9513,
TAP_A01,208.0,,,726741.93,9684529.54,O,24.0,A,1.82,12.48,20090617-20090708,24.0,A,12.82,20100714-20100805,24.0,A,12.76,14.1,20110712-20110719,M2,19.3,12.48,measured,0.0,observed,-1.0,24.0,12.48,24.0,True,O,12.48,measured,24.0,12.48,0.6,118.724,91.4504,91.4504,118.724,91.4504,91.4504,
TAP_A01,209.0,,,726741.39,9684529.58,O,15.2,A,17.23,19.1,20090617-20090708,15.5,A,20.28,20100714-20100805,15.5,A,18.06,20.69,20110712-20110719,M2,14.47,19.1,measured,0.15,observed,-1.0,15.35,18.98,15.2,True,O,19.1,measured,15.049999999999999,18.970306330600817,0.6,73.7408,51.9555,51.9555,71.8476,50.6521,50.6521,
TAP_A01,210.0,,,726735.04,9684530.62,O,6.8,A,1.84,2.67,20090617-20090708,6.8,A,2.94,20100714-20100805,7.0,A,1.83,2.97,20110712-20110719,M2,8.17,2.67,measured,0.1,observed,-1.0,6.9,2.64,6.8,True,O,2.67,measured,6.7,2.6404660436384013,0.6,2.248,2.0795,2.0795,2.1603,2.0005,2.0005,
TAP_A01,211.0,,,726729.84,9684532.57,O,34.7,A,15.63,20.38,20090617-20090708,35.2,A,33.59,20100714-20100805,35.5,A,32.06,35.34,20110712-20110719,M2,24.4,20.38,measured,0.4,observed,-1.0,35.1,20.25,34.7,True,O,20.38,measured,34.300000000000004,20.24550568973652,0.6,393.5203,285.5272,285.5272,382.236,277.4754,277.4754,
TAP_A01,212.0,,,726726.02,9684531.89,O,11.0,A,11.11,13.34,20090617-20090708,10.8,A,15.33,20100714-20100805,11.1,A,12.31,15.11,20110712-20110719,M2,11.45,13.34,measured,0.05,observed,-1.0,11.05,13.29,11.0,True,O,13.34,measured,10.95,13.296494862881486,0.6,27.6319,20.2872,20.2872,27.3001,20.0496,20.0496,
TAP_A01,213.0,,,726716.74,9684531.9,P,5.7,A,2.48,4.96,20090617-20090708,5.8,A,1.85,20100714-20100805,5.8,D,,1.8,20110712-20110719,M2,7.09,4.96,measured,0.05,observed,-1.0,5.75,4.93,5.7,True,P,4.96,measured,5.65,4.926893547118288,0.6,2.9155,,,2.8472,,,
TAP_A01,214.0,,,726710.17,9684531.8,O,12.6,A,7.24,14.21,20090617-20090708,13.0,A,15.33,20100714-20100805,12.7,A,7.88,15.21,20110712-20110719,M2,12.6,14.21,measured,0.05,observed,-1.0,12.65,14.18,12.6,True,O,14.21,measured,12.549999999999999,14.170214880666371,0.6,38.3103,28.03,28.03,37.9102,27.7442,27.7442,
TAP_A01,215.0,,,726705.49,9684532.23,O,63.9,A,33.29,43.57,20090617-20090708,64.7,A,40.52,20100714-20100805,65.0,A,36.74,44.1,20110712-20110719,M2,33.09,43.57,measured,0.55,observed,-1.0,64.45,43.41,63.9,True,O,43.57,measured,63.35,43.404499089446006,0.6,2720.4793,1802.6716,1802.6716,2665.0417,1766.2661,1766.2661,
TAP_A01,216.0,,,726695.64,9684531.58,O,10.0,A,10.2,12.64,20090617-20090708,8.5,A,13.83,20100714-20100805,9.1,A,7.26,16.05,20110712-20110719,M2,9.92,12.64,measured,0.0,observed,-1.0,9.1,12.64,10.0,True,O,12.64,measured,10.0,12.64,0.6,21.7654,16.0431,16.0431,21.7654,16.0431,16.0431,
TAP_A01,217.0,,,726691.92,9684533.03,O,24.7,A,13.46,20.97,20090617-20090708,24.5,A,24.49,20100714-20100805,24.9,A,19.48,21.46,20110712-20110719,M2,19.75,20.97,measured,0.1,observed,-1.0,24.8,20.92,24.7,True,O,20.97,measured,24.599999999999998,20.916811844073006,0.6,208.394,148.0883,148.0883,206.2384,146.5868,146.5868,
TAP_A01,218.0,,,726691.42,9684531.02,O,12.6,A,6.29,13.37,20090617-20090708,12.8,A,12.67,20100714-20100805,12.7,A,7.52,11.27,20110712-20110719,M2,12.6,13.37,measured,0.05,observed,-1.0,12.65,13.34,12.6,True,O,13.37,measured,12.549999999999999,13.332566710380673,0.6,36.0984,26.6671,26.6671,35.7214,26.3953,26.3953,
TAP_A01,219.0,,,726690.03,9684532.0,O,12.5,A,10.46,20.78,20090617-20090708,12.6,A,23.21,20100714-20100805,12.2,A,17.59,22.84,20110712-20110719,M2,12.25,20.78,measured,0.0,observed,-1.0,12.2,20.78,12.5,True,O,20.78,measured,12.5,20.78,0.6,54.6577,37.6455,37.6455,54.6577,37.6455,37.6455,
TAP_A01,220.0,,,726688.61,9684530.98,O,13.0,A,6.21,11.26,20090617-20090708,13.2,A,11.24,20100714-20100805,13.1,A,8.54,11.66,20110712-20110719,M2,12.88,11.26,measured,0.05,observed,-1.0,13.05,11.23,13.0,True,O,11.26,measured,12.95,11.229570579741212,0.6,32.4474,24.6663,24.6663,32.1193,24.4228,24.4228,
TAP_A01,221.0,,,726686.27,9684531.44,O,13.0,A,6.73,7.65,20090617-20090708,13.3,D,7.5,20100714-20100805,,D,,,20110712-20110719,M2,,7.65,measured,0.1,site_median,-1.0,,,13.0,True,O,7.65,measured,12.9,7.608618309597515,0.6,22.2501,17.9796,17.9796,21.8015,17.6257,17.6257,
TAP_A01,222.0,,,726685.79,9684530.94,O,9.6,A,6.77,13.59,20090617-20090708,9.9,A,13.53,20100714-20100805,10.0,A,11.22,13.51,20110712-20110719,M2,10.62,13.59,measured,0.2,observed,-1.0,9.8,13.4,9.6,True,O,13.59,measured,9.4,13.383191642737742,0.6,21.5713,15.6883,15.6883,20.3952,14.8539,14.8539,
TAP_A01,223.0,,,726684.45,9684535.41,O,55.0,A,21.42,28.72,20090617-20090708,52.3,A,29.72,20100714-20100805,59.3,A,24.23,30.55,20110712-20110719,M2,31.76,28.72,measured,2.15,observed,-1.0,57.15,28.24,55.0,True,O,28.72,measured,52.85,28.1760104868183,0.6,1351.5642,949.6853,949.6853,1227.2327,863.2784,863.2784,
TAP_A01,224.0,,,726675.02,9684531.27,O,8.3,A,4.62,8.36,20090617-20090708,8.5,A,8.4,20100714-20100805,8.5,A,5.85,8.67,20110712-20110719,M2,9.43,8.36,measured,0.1,observed,-1.0,8.4,8.29,8.3,True,O,8.36,measured,8.200000000000001,8.285514888553822,0.6,10.1059,7.881,7.881,9.7837,7.6361,7.6361,
TAP_A01,225.0,,,726669.86,9684530.7,O,17.8,A,14.15,18.33,20090617-20090708,18.5,A,19.6,20100714-20100805,19.2,A,13.04,18.32,20110712-20110719,M2,16.71,18.33,measured,0.7,observed,-1.0,18.5,17.89,17.8,True,O,18.33,measured,17.1,17.842950360802607,0.6,96.4111,68.8916,68.8916,86.8362,62.1944,62.1944,
TAP_A01,226.0,,,726669.91,9684534.2,O,37.1,A,31.57,37.32,20090617-20090708,37.2,A,30.49,20100714-20100805,37.2,A,29.67,32.68,20110712-20110719,M2,25.05,37.32,measured,0.05,observed,-1.0,37.15,37.29,37.1,True,O,37.32,measured,37.050000000000004,37.29193748199217,0.6,809.2703,535.3719,535.3719,806.5503,533.6013,533.6013,
TAP_A01,227.0,,,726664.29,9684534.61,O,130.0,A,37.45,58.46,20090617-20090708,132.0,A,56.73,20100714-20100805,132.0,A,42.07,55.04,20110712-20110719,M2,42.14,58.46,measured,1.0,observed,-1.0,131.0,58.35,130.0,True,O,58.46,measured,129.0,58.34768721305189,0.6,14498.8084,9489.3547,9489.3547,14255.1201,9329.2392,9329.2392,
TAP_A01,228.0,,,726664.35,9684538.11,O,91.5,A,24.06,32.4,20090617-20090708,91.1,A,31.52,20100714-20100805,91.2,A,25.4,33.66,20110712-20110719,M2,37.78,32.4,measured,0.0,observed,-1.0,91.2,32.4,91.5,True,O,32.4,measured,91.5,32.4,0.6,4106.2614,2900.8647,2900.8647,4106.2614,2900.8647,2900.8647,
TAP_A01,229.0,,,726649.26,9684531.89,O,47.0,A,15.24,21.06,20090617-20090708,47.1,A,20.3,20100714-20100805,47.2,A,18.15,21.47,20110712-20110719,M2,28.45,21.06,measured,0.1,observed,-1.0,47.1,21.03,47.0,True,O,21.06,measured,46.9,21.03712568729912,0.6,734.6679,538.0766,538.0766,730.8442,535.3133,535.3133,
TAP_A01,230.0,,,726641.06,9684532.38,O,13.5,A,7.85,11.93,20090617-20090708,13.5,A,12.37,20100714-20100805,13.5,A,7.17,13.01,20110712-20110719,M2,13.15,11.93,measured,0.0,observed,-1.0,13.5,11.93,13.5,True,O,11.93,measured,13.5,11.93,0.6,36.955,27.8881,27.8881,36.955,27.8881,27.8881,
TAP_A01,231.0,,,726629.17,9684533.81,O,8.6,D,1.27,8.99,20090617-20090708,,D,,20100714-20100805,,D,,,20110712-20110719,M2,,8.99,measured,0.1,site_median,-1.0,,,8.6,False,O,8.99,measured,8.5,8.912952878117853,0.6,11.6271,11.6271,11.6271,11.2696,11.2696,11.2696,
TAP_A01,232.0,,,726623.49,9684534.51,O,28.8,A,16.03,18.24,20090617-20090708,28.9,A,17.85,20100714-20100805,28.8,A,18.02,18.58,20110712-20110719,M2,21.59,18.24,measured,0.0,observed,-1.0,28.8,18.24,28.8,True,O,18.24,measured,28.8,18.24,0.6,245.4455,179.6233,179.6233,245.4455,179.6233,179.6233,
TAP_A01,233.0,,,726621.04,9684538.6,O,61.8,D,1.47,14.34,20090617-20090708,60.2,D,4.92,20100714-20100805,60.2,D,,5.14,20110712-20110719,M2,31.98,14.34,measured,0.0,observed,-1.0,60.2,14.34,61.8,False,O,14.34,measured,61.8,14.34,0.6,861.5137,861.5137,861.5137,861.5137,861.5137,861.5137,
TAP_A01,234.0,,,726620.99,9684537.1,P,82.0,A,5.19,14.36,20090617-20090708,86.2,A,15.71,20100714-20100805,87.9,A,4.95,19.45,20110712-20110719,M2,37.3,14.36,measured,2.95,observed,-1.0,84.95,14.18,82.0,True,P,14.36,measured,79.05,14.161467878935035,0.6,1498.332,,,1376.0899,,,
TAP_A01,235.0,,,726613.57,9684532.87,O,13.3,A,12.27,20.55,20090617-20090708,13.5,A,18.62,20100714-20100805,13.5,A,15.14,19.57,20110712-20110719,M2,13.15,20.55,measured,0.1,observed,-1.0,13.4,20.44,13.3,True,O,20.55,measured,13.200000000000001,20.4416815558391,0.6,61.0272,42.2321,42.2321,59.8253,41.42,41.42,
TAP_A01,236.0,,,726613.6,9684533.87,O,11.6,A,5.65,10.32,20090617-20090708,11.7,A,11.35,20100714-20100805,11.8,A,6.03,12.1,20110712-20110719,M2,11.96,10.32,measured,0.1,observed,-1.0,11.7,10.26,11.6,True,O,10.32,measured,11.5,10.25651577724319,0.6,23.858,18.288,18.288,23.3173,17.8835,17.8835,
TAP_A01,237.0,,,726609.94,9684533.0,L,10.9,A,1.6,14.26,20090617-20090708,11.0,A,,20100714-20100805,11.4,A,,,20110712-20110719,M2,11.67,14.26,measured,0.25,observed,-1.0,11.15,14.04,10.9,True,L,14.26,measured,10.65,14.024227322986933,0.6,28.9693,21.0369,21.0369,27.2396,19.811,19.811,
TAP_A01,238.0,,,726608.53,9684537.05,O,34.6,A,18.83,23.76,20090617-20090708,36.0,A,29.78,20100714-20100805,36.4,A,23.53,29.59,20110712-20110719,M2,24.75,23.76,measured,0.9,observed,-1.0,35.5,23.42,34.6,True,O,23.76,measured,33.7,23.403923729656775,0.6,454.5308,321.8504,321.8504,425.4221,301.5764,301.5764,
TAP_A01,239.0,,,726600.64,9684534.33,P,32.0,A,2.03,6.14,20090617-20090708,20.8,A,5.5,20100714-20100805,34.0,A,0.56,7.78,20110712-20110719,M2,23.81,6.14,measured,1.0,observed,-1.0,33.0,6.03,32.0,True,P,6.14,measured,31.0,6.026612604919837,0.6,104.1755,,,96.1502,,,
TAP_A01,240.0,,,726589.18,9684536.54,P,39.0,A,2.05,6.79,20090617-20090708,21.9,A,5.77,20100714-20100805,27.0,A,1.63,8.7,20110712-20110719,M2,20.76,6.79,measured,0.0,observed,-1.0,27.0,6.79,39.0,True,P,6.79,measured,39.0,6.79,0.6,169.0922,,,169.0922,,,
TAP_A01,241.0,,,726584.09,9684535.28,O,5.3,A,6.94,9.17,20090617-20090708,5.6,A,8.99,20100714-20100805,5.9,A,7.82,10.73,20110712-20110719,M2,7.18,9.17,measured,0.3,observed,-1.0,5.6,8.81,5.3,True,O,9.17,measured,5.0,8.770309411241664,0.6,4.6081,3.466,3.466,3.9376,2.9743,2.9743,
TAP_A01,242.0,,,726581.42,9684536.63,O,15.9,A,11.28,18.93,20090617-20090708,16.2,A,18.31,20100714-20100805,16.1,A,14.13,18.27,20110712-20110719,M2,14.85,18.93,measured,0.1,observed,-1.0,16.0,18.85,15.9,True,O,18.93,measured,15.8,18.848719547122627,0.6,79.8154,56.4369,56.4369,78.5081,55.5334,55.5334,
TAP_A01,243.0,,,726565.96,9684537.79,O,66.3,A,24.85,33.07,20090617-20090708,66.8,A,44.29,20100714-20100805,67.1,A,19.83,27.53,20110712-20110719,M2,33.55,33.07,measured,0.4,observed,-1.0,66.7,32.98,66.3,True,O,33.07,measured,65.89999999999999,32.98389819426349,0.6,2233.6898,1548.7585,1548.7585,2201.8501,1526.8674,1526.8674,
TAP_A01,244.0,,,726565.37,9684535.27,L,20.2,A,2.52,30.13,20090617-20090708,20.7,A,,20100714-20100805,20.8,A,,,20110712-20110719,M2,17.61,30.13,measured,0.3,observed,-1.0,20.5,29.86,20.2,True,L,30.13,measured,19.9,29.836451350808517,0.6,200.4517,133.2243,133.2243,192.8302,128.2652,128.2652,
TAP_A01,245.0,,,726561.22,9684534.55,O,8.2,A,9.31,13.88,20090617-20090708,8.3,A,12.99,20100714-20100805,8.7,A,8.9,12.71,20110712-20110719,M2,9.6,13.88,measured,0.25,observed,-1.0,8.45,13.58,8.2,True,O,13.88,measured,7.949999999999999,13.565695384476827,0.6,16.1882,11.6456,11.6456,14.9019,10.7431,10.7431,
TAP_A01,246.0,,,726555.27,9684534.24,L,12.7,A,0.0,0.0,20090617-20090708,12.5,A,,20100714-20100805,12.7,A,,,20110712-20110719,M2,12.6,13.24,local_fit,0.0,observed,-1.0,12.7,13.24,12.7,True,L,12.6,feldpausch,12.7,12.6,0.6,34.5977,25.8089,25.8089,34.5977,25.8089,25.8089,
TAP_A01,247.0,,,726555.27,9684534.24,L,8.2,A,0.0,0.0,20090617-20090708,8.3,A,,20100714-20100805,8.3,A,,,20110712-20110719,M2,9.27,10.46,local_fit,0.05,observed,-1.0,8.25,10.41,8.2,True,L,9.27,feldpausch,8.149999999999999,9.228198305247973,0.6,10.9168,8.3706,8.3706,10.7398,8.2384,8.2384,
TAP_A01,248.0,,,726547.65,9684536.82,O,79.7,A,23.9,34.46,20090617-20090708,79.9,A,36.19,20100714-20100805,80.1,A,32.58,37.08,20110712-20110719,M2,36.04,34.46,measured,0.2,observed,-1.0,79.9,34.43,79.7,True,O,34.46,measured,79.5,34.42685484401013,0.6,3330.635,2314.7282,2314.7282,3311.2284,2301.3133,2301.3133,
TAP_A01,249.0,,,726547.01,9684533.3,O,35.8,A,23.06,26.53,20090617-20090708,36.1,A,30.09,20100714-20100805,36.0,A,28.71,32.62,20110712-20110719,M2,24.6,26.53,measured,0.1,observed,-1.0,35.9,26.49,35.8,True,O,26.53,measured,35.699999999999996,26.488136698132905,0.6,541.0133,377.0879,377.0879,537.2386,374.5001,374.5001,
TAP_A01,250.0,,,726546.22,9684535.75,O,20.2,A,13.98,19.97,20090617-20090708,21.1,A,20.39,20100714-20100805,21.5,A,15.28,18.65,20110712-20110719,M2,17.99,19.97,measured,0.65,observed,-1.0,20.85,19.58,20.2,True,O,19.97,measured,19.55,19.54644143691777,0.6,134.1762,95.1637,95.1637,123.2711,87.5884,87.5884,
TAP_A01,251.0,,,726536.99,9684533.76,O,10.5,A,11.65,18.04,20090617-20090708,11.3,A,19.32,20100714-20100805,11.9,A,16.53,19.88,20110712-20110719,M2,12.03,18.04,measured,0.7,observed,-1.0,11.2,17.29,10.5,True,O,18.04,measured,9.8,17.161795100606525,0.6,33.8773,23.6614,23.6614,28.2012,19.7872,19.7872,
TAP_A01,983.0,,,726534.19,9684534.46,P,,,,,20090617-20090708,33.3,A,4.45,20100714-20100805,33.2,A,1.04,7.35,20110712-20110719,M2,23.48,4.45,measured,0.1,site_median,-1.0,33.1,4.44,,False,P,23.48,feldpausch,,,0.6,,,,,,,
TAP_A01,984.0,,,726524.39,9684533.79,O,,,,,20090617-20090708,26.8,A,14.8,20100714-20100805,26.6,A,12.95,15.4,20110712-20110719,M2,20.58,14.8,measured,0.1,site_median,-1.0,26.5,14.76,,False,O,20.58,feldpausch,,,0.6,,,,,,,
TAP_A01,252.0,,,726522.91,9684533.5,O,18.0,A,9.43,11.8,20090617-20090708,18.2,A,10.91,20100714-20100805,18.3,A,7.08,14.8,20110712-20110719,M2,16.19,11.8,measured,0.15,observed,-1.0,18.15,11.73,18.0,True,O,11.8,measured,17.85,11.73421344298462,0.6,64.1076,49.1365,49.1365,62.7257,48.1005,48.1005,
TAP_A01,253.0,,,726505.1,9684532.67,O,27.3,A,18.42,21.92,20090617-20090708,27.3,A,20.24,20100714-20100805,27.4,A,18.85,21.44,20110712-20110719,M2,20.95,21.92,measured,0.05,observed,-1.0,27.35,21.9,27.3,True,O,21.92,measured,27.25,21.895474687907083,0.6,264.5517,187.5825,187.5825,263.3189,186.7249,186.7249,
TAP_A01,254.0,,,726500.59,9684530.35,O,15.5,A,13.11,17.88,20090617-20090708,15.7,A,17.72,20100714-20100805,16.0,A,12.78,17.99,20110712-20110719,M2,14.79,17.88,measured,0.25,observed,-1.0,15.75,17.69,15.5,True,O,17.88,measured,15.25,17.68186737391501,0.6,71.8288,51.187,51.187,68.8321,49.0995,49.0995,
TAP_A01,255.0,,,726498.58,9684535.16,O,44.8,A,26.91,35.41,20090617-20090708,45.4,A,32.7,20100714-20100805,45.4,D,,,20110712-20110719,M2,27.88,35.41,measured,0.3,observed,-1.0,45.1,35.3,44.8,True,O,35.41,measured,44.5,35.286297567570706,0.6,1110.9699,747.8259,747.8259,1092.7554,735.7348,735.7348,
TAP_A01,256.0,,,726492.63,9684534.72,P,54.3,A,8.97,15.08,20090617-20090708,45.0,A,17.35,20100714-20100805,49.0,A,6.16,13.33,20110712-20110719,M2,28.99,15.08,measured,0.0,observed,-1.0,49.0,15.08,54.3,True,P,15.08,measured,54.3,15.08,0.6,702.9261,,,702.9261,,,
TAP_A01,988.0,,,726496.04,9684530.61,O,,,,,20090617-20090708,10.5,A,4.77,20100714-20100805,13.0,A,,,20110712-20110719,M2,12.81,4.77,measured,0.1,site_median,-1.0,12.9,4.74,,False,O,12.81,feldpausch,,,0.6,,,,,,,
TAP_A01,989.0,,,726491.01,9684529.89,O,,,,,20090617-20090708,22.0,A,4.75,20100714-20100805,22.0,A,0.65,6.59,20110712-20110719,M2,18.26,4.75,measured,0.1,site_median,-1.0,21.9,4.74,,False,O,18.26,feldpausch,,,0.6,,,,,,,
TAP_A01,257.0,,,726487.8,9684533.37,O,40.7,A,16.13,23.51,20090617-20090708,40.8,A,21.35,20100714-20100805,41.5,A,16.29,21.01,20110712-20110719,M2,26.59,23.51,measured,0.4,observed,-1.0,41.1,23.4,40.7,True,O,23.51,measured,40.300000000000004,23.38478565672249,0.6,617.6345,441.5023,441.5023,602.6916,430.98,430.98,
TAP_A01,258.0,,,726497.38,9684529.62,O,9.0,A,3.22,7.34,20090617-20090708,9.0,A,7.64,20100714-20100805,9.0,A,3.74,8.97,20110712-20110719,M2,9.84,7.34,measured,0.0,observed,-1.0,9.0,7.34,9.0,True,O,7.34,measured,9.0,7.34,0.6,10.4246,8.3307,8.3307,10.4246,8.3307,8.3307,
TAP_A01,259.0,,,726505.6,9684528.74,O,18.2,A,11.27,16.16,20090617-20090708,18.1,A,22.32,20100714-20100805,18.5,A,18.59,25.64,20110712-20110719,M2,16.31,16.16,measured,0.15,observed,-1.0,18.35,16.07,18.2,True,O,16.16,measured,18.05,16.071072396824395,0.6,89.0346,64.9692,64.9692,87.1373,63.6149,63.6149,
TAP_A01,260.0,,,726509.64,9684530.03,O,12.8,A,13.05,20.34,20090617-20090708,12.9,A,16.79,20100714-20100805,12.9,A,15.07,18.27,20110712-20110719,M2,12.74,20.34,measured,0.05,observed,-1.0,12.85,20.29,12.8,True,O,20.34,measured,12.75,20.284058016631814,0.6,56.0641,38.7892,38.7892,55.4881,38.4001,38.4001,
TAP_A01,261.0,,,726518.76,9684530.71,O,9.8,A,4.82,8.98,20090617-20090708,10.2,A,9.08,20100714-20100805,10.8,A,4.93,9.08,20110712-20110719,M2,11.23,8.98,measured,0.5,observed,-1.0,10.3,8.68,9.8,True,O,8.98,measured,9.3,8.644093930308548,0.6,14.9876,11.6491,11.6491,13.037,10.1686,10.1686,
TAP_A01,262.0,,,726520.78,9684531.35,O,5.5,A,7.85,11.2,20090617-20090708,5.7,A,7.69,20100714-20100805,5.8,A,2.95,8.37,20110712-20110719,M2,7.09,11.2,measured,0.15,observed,-1.0,5.65,10.98,5.5,True,O,11.2,measured,5.35,10.966377306906411,0.6,6.0212,4.3959,4.3959,5.5887,4.0883,4.0883,
TAP_A01,931.0,,,726531.17,9684527.48,O,103.5,A,0.0,17.51,20090617-20090708,103.5,D,16.74,20100714-20100805,103.5,D,,17.5,20110712-20110719,M2,39.39,17.51,measured,0.0,observed,-1.0,103.5,17.51,103.5,True,O,17.51,measured,103.5,17.51,0.6,2864.6498,2243.6145,2243.6145,2864.6498,2243.6145,2243.6145,
TAP_A01,263.0,,,726538.15,9684529.84,O,71.3,A,31.53,38.56,20090617-20090708,71.1,A,40.01,20100714-20100805,71.9,A,27.8,41.05,20110712-20110719,M2,34.53,38.56,measured,0.3,observed,-1.0,71.6,38.49,71.3,True,O,38.56,measured,71.0,38.4930376116653,0.6,2990.6197,2030.9471,2030.9471,2961.079,2011.0311,2011.0311,
TAP_A01,264.0,,,726538.66,9684530.86,O,52.3,A,21.98,27.62,20090617-20090708,54.9,A,31.84,20100714-20100805,55.7,A,18.45,31.88,20110712-20110719,M2,30.85,27.62,measured,1.7,observed,-1.0,54.0,27.22,52.3,True,O,27.62,measured,50.599999999999994,27.176206037775994,0.6,1179.262,831.7328,831.7328,1088.2553,768.2931,768.2931,
TAP_A01,265.0,,,726541.46,9684532.01,O,13.1,A,7.14,12.37,20090617-20090708,13.6,A,13.14,20100714-20100805,15.3,A,6.21,14.39,20110712-20110719,M2,14.34,12.37,measured,1.1,observed,-1.0,14.2,11.75,13.1,True,O,12.37,measured,12.0,11.627907559298288,0.6,36.1017,27.0496,27.0496,28.6386,21.5776,21.5776,
TAP_A01,266.0,,,726548.78,9684532.4,P,18.5,A,1.69,5.62,20090617-20090708,17.8,A,6.87,20100714-20100805,19.7,A,2.94,6.34,20110712-20110719,M2,17.0,5.62,measured,0.6,observed,-1.0,19.1,5.5,18.5,True,P,5.62,measured,17.9,5.497888128643362,0.6,32.7886,,,30.0927,,,
TAP_A01,267.0,,,726556.08,9684532.29,O,34.4,A,22.66,28.64,20090617-20090708,34.8,A,26.2,20100714-20100805,34.5,A,16.68,28.26,20110712-20110719,M2,24.01,28.64,measured,0.05,observed,-1.0,34.45,28.62,34.4,True,O,28.64,measured,34.35,28.616192856064984,0.6,539.2975,370.6639,370.6639,537.3322,369.3358,369.3358,
TAP_A01,268.0,,,726557.94,9684532.89,O,9.3,A,6.6,10.49,20090617-20090708,9.4,A,8.17,20100714-20100805,9.5,A,6.05,13.32,20110712-20110719,M2,10.23,10.49,measured,0.1,observed,-1.0,9.4,10.42,9.3,True,O,10.49,measured,9.200000000000001,10.407501495897112,0.6,15.7477,11.913,11.913,15.3005,11.5831,11.5831,
TAP_A01,269.0,,,726558.45,9684533.91,L,9.7,A,0.0,0.0,20090617-20090708,10.1,A,,20100714-20100805,9.9,A,,,20110712-20110719,M2,10.55,11.45,local_fit,0.1,observed,-1.0,9.8,11.36,9.7,True,L,10.55,feldpausch,9.6,10.470796626734698,0.6,17.1923,13.0204,13.0204,16.7245,12.6749,12.6749,
TAP_A01,270.0,,,726558.91,9684533.93,O,14.1,A,8.65,11.86,20090617-20090708,14.3,A,11.77,20100714-20100805,14.7,A,8.98,26.1,20110712-20110719,M2,13.95,11.86,measured,0.3,observed,-1.0,14.4,11.7,14.1,True,O,11.86,measured,13.799999999999999,11.683985536476312,0.6,39.9984,30.276,30.276,37.7984,28.6488,28.6488,
TAP_A01,271.0,,,726574.1,9684527.77,O,88.3,A,37.05,44.11,20090617-20090708,88.1,A,46.05,20100714-20100805,88.3,A,27.92,48.71,20110712-20110719,M2,37.36,44.11,measured,0.0,observed,-1.0,88.3,44.11,88.3,True,O,44.11,measured,88.3,44.11,0.6,5176.5945,3477.06,3477.06,5176.5945,3477.06,3477.06,
TAP_A01,985.0,,,726576.14,9684532.66,O,,,,,20090617-20090708,28.1,A,8.23,20100714-20100805,25.9,A,2.95,5.91,20110712-20110719,M2,20.24,8.23,measured,0.1,site_median,-1.0,25.8,8.21,,False,O,20.24,feldpausch,,,0.6,,,,,,,
TAP_A01,272.0,,,726577.65,9684534.43,O,36.3,A,13.95,24.21,20090617-20090708,36.1,A,26.42,20100714-20100805,36.1,A,9.76,29.59,20110712-20110719,M2,24.63,24.21,measured,0.0,observed,-1.0,36.1,24.21,36.3,True,O,24.21,measured,36.3,24.21,0.6,508.367,359.7331,359.7331,508.367,359.7331,359.7331,
TAP_A01,273.0,,,726584.09,9684535.28,O,6.3,A,9.27,10.85,20090617-20090708,6.6,A,11.53,20100714-20100805,6.9,A,6.57,12.64,20110712-20110719,M2,8.08,10.85,measured,0.3,observed,-1.0,6.6,10.49,6.3,True,O,10.85,measured,6.0,10.457105476791957,0.6,7.6094,5.6198,5.6198,6.6736,4.9458,4.9458,
TAP_A01,274.0,,,726591.28,9684533.17,O,35.1,A,25.61,35.87,20090617-20090708,35.4,A,25.89,20100714-20100805,36.0,A,24.84,33.46,20110712-20110719,M2,24.6,35.87,measured,0.45,observed,-1.0,35.55,35.61,35.1,True,O,35.87,measured,34.65,35.6075543124998,0.6,698.7439,463.9209,463.9209,676.498,449.3942,449.3942,
TAP_A01,275.0,,,726600.07,9684532.85,O,8.1,A,7.64,13.26,20090617-20090708,8.3,A,8.72,20100714-20100805,8.4,A,7.0,12.39,20110712-20110719,M2,9.35,13.26,measured,0.15,observed,-1.0,8.25,13.09,8.1,True,O,13.26,measured,7.949999999999999,13.077806779678133,0.6,15.1156,10.9464,10.9464,14.3786,10.426,10.426,
TAP_A01,276.0,,,726604.22,9684532.7,O,13.9,A,5.17,11.33,20090617-20090708,14.0,A,11.73,20100714-20100805,14.1,A,3.05,11.42,20110712-20110719,M2,13.56,11.33,measured,0.1,observed,-1.0,14.0,11.27,13.9,True,O,11.33,measured,13.8,11.27320962645241,0.6,37.2009,28.3432,28.3432,36.5009,27.8223,27.8223,
TAP_A01,277.0,,,726604.22,9684532.7,L,9.0,A,0.0,0.0,20090617-20090708,9.3,A,,20100714-20100805,9.4,A,,,20110712-20110719,M2,10.16,10.99,local_fit,0.2,observed,-1.0,9.2,10.82,9.0,True,L,10.16,feldpausch,8.8,9.993984137254222,0.6,14.3176,10.8688,10.8688,13.4845,10.2521,10.2521,
TAP_A01,278.0,,,726605.22,9684531.67,O,60.4,A,30.8,34.19,20090617-20090708,60.5,A,38.41,20100714-20100805,60.7,A,25.54,35.27,20110712-20110719,M2,32.1,34.19,measured,0.15,observed,-1.0,60.55,34.16,60.4,True,O,34.19,measured,60.25,34.151493518094,0.6,1923.6689,1320.8783,1320.8783,1912.2502,1313.1148,1313.1148,
TAP_A01,279.0,,,726606.81,9684532.61,O,34.5,A,34.16,37.84,20090617-20090708,34.5,A,38.07,20100714-20100805,35.3,A,27.42,34.25,20110712-20110719,M2,24.32,37.84,measured,0.4,observed,-1.0,34.9,37.61,34.5,True,O,37.84,measured,34.1,37.588370057239715,0.6,711.8096,468.2326,468.2326,691.2728,454.9482,454.9482,
TAP_A01,280.0,,,726607.29,9684531.59,O,39.4,A,35.94,50.63,20090617-20090708,41.7,A,30.49,20100714-20100805,44.0,A,22.96,28.78,20110712-20110719,M2,27.43,50.63,measured,2.3,observed,-1.0,41.7,49.21,39.4,True,O,50.63,measured,37.1,48.97683899066407,0.6,1225.6641,774.9213,774.9213,1055.1387,668.6821,668.6821,
TAP_A01,281.0,,,726711.55,9684529.82,O,16.4,A,7.53,13.58,20090617-20090708,16.5,A,12.71,20100714-20100805,16.6,A,8.8,13.01,20110712-20110719,M2,15.16,13.58,measured,0.1,observed,-1.0,16.5,13.53,16.4,True,O,13.58,measured,16.299999999999997,13.523752046222342,0.6,61.3121,45.7572,45.7572,60.3395,45.0477,45.0477,
TAP_A01,282.0,,,726711.56,9684530.32,O,7.4,A,6.92,12.23,20090617-20090708,7.4,A,15.99,20100714-20100805,7.4,A,15.88,19.15,20110712-20110719,M2,8.51,12.23,measured,0.0,observed,-1.0,7.4,12.23,7.4,True,O,12.23,measured,7.4,12.23,0.6,11.7093,8.5514,8.5514,11.7093,8.5514,8.5514,
TAP_A01,283.0,,,726620.65,9684527.61,O,69.6,D,1.57,18.36,20090617-20090708,69.6,D,14.3,20100714-20100805,69.6,D,,13.4,20110712-20110719,M2,34.07,18.36,measured,0.0,observed,-1.0,69.6,18.36,69.6,False,O,18.36,measured,69.6,18.36,0.6,1382.8455,1382.8455,1382.8455,1382.8455,1382.8455,1382.8455,
TAP_A01,284.0,,,726625.9,9684529.42,O,67.0,A,39.11,43.31,20090617-20090708,66.4,A,38.59,20100714-20100805,66.4,D,,3.77,20110712-20110719,M2,33.4,43.31,measured,0.0,observed,-1.0,66.4,43.31,67.0,True,O,43.31,measured,67.0,43.31,0.6,2966.6668,1972.1421,1972.1421,2966.6668,1972.1421,1972.1421,
TAP_A01,285.0,,,726626.44,9684529.9,O,22.4,A,15.82,18.62,20090617-20090708,22.5,A,18.81,20100714-20100805,22.6,A,14.42,20.66,20110712-20110719,M2,18.58,18.62,measured,0.1,observed,-1.0,22.5,18.57,22.4,True,O,18.62,measured,22.299999999999997,18.56676344684992,0.6,153.3363,110.5093,110.5093,151.5787,109.2686,109.2686,
TAP_A01,286.0,,,726631.18,9684531.73,O,24.6,A,14.42,20.44,20090617-20090708,25.4,A,21.64,20100714-20100805,25.9,A,24.01,27.38,20110712-20110719,M2,20.24,20.44,measured,0.65,observed,-1.0,25.25,20.12,24.6,True,O,20.44,measured,23.950000000000003,20.09900115095559,0.6,201.6487,143.8477,143.8477,188.2623,134.4829,134.4829,
TAP_A01,287.0,,,726636.36,9684531.55,O,6.2,A,11.08,14.59,20090617-20090708,6.1,A,11.06,20100714-20100805,6.1,A,6.6,11.69,20110712-20110719,M2,7.36,14.59,measured,0.0,observed,-1.0,6.1,14.59,6.2,True,O,14.59,measured,6.2,14.59,0.6,9.8475,6.9349,6.9349,9.8475,6.9349,6.9349,
TAP_A01,288.0,,,726645.69,9684531.21,L,5.2,A,0.0,0.0,20090617-20090708,5.5,A,,20100714-20100805,5.0,A,,,20110712-20110719,M2,6.33,8.18,local_fit,0.0,observed,-1.0,5.0,8.18,5.2,True,L,6.33,feldpausch,5.2,6.33,0.6,3.0922,2.4639,2.4639,3.0922,2.4639,2.4639,
TAP_A01,289.0,,,726653.44,9684529.45,O,11.2,A,5.05,10.73,20090617-20090708,11.0,D,7.62,20100714-20100805,11.0,D,,7.62,20110712-20110719,M2,11.38,10.73,measured,0.0,observed,-1.0,11.0,10.73,11.2,True,O,10.73,measured,11.2,10.73,0.6,23.1419,17.6005,17.6005,23.1419,17.6005,17.6005,
TAP_A01,290.0,,,726659.52,9684528.54,O,39.7,A,34.59,44.11,20090617-20090708,37.2,A,28.97,20100714-20100805,37.5,A,23.0,32.12,20110712-20110719,M2,25.16,44.11,measured,0.0,observed,-1.0,37.5,44.11,39.7,True,O,44.11,measured,39.7,44.11,0.6,1087.3464,702.8648,702.8648,1087.3464,702.8648,702.8648,
TAP_A01,291.0,,,726668.43,9684529.18,O,11.6,A,8.51,11.75,20090617-20090708,11.5,A,11.4,20100714-20100805,11.4,A,7.9,10.37,20110712-20110719,M2,11.67,11.75,measured,0.0,observed,-1.0,11.4,11.75,11.6,True,O,11.75,measured,11.6,11.75,0.6,27.0794,20.336,20.336,27.0794,20.336,20.336,
TAP_A01,292.0,,,726673.12,9684529.75,O,5.2,A,8.95,10.47,20090617-20090708,5.3,A,10.12,20100714-20100805,5.4,A,8.14,10.12,20110712-20110719,M2,6.71,10.47,measured,0.1,observed,-1.0,5.3,10.33,5.2,True,O,10.47,measured,5.1000000000000005,10.315658105953931,0.6,5.0532,3.7186,3.7186,4.7952,3.5338,3.5338,
TAP_A01,293.0,,,726684.83,9684529.42,O,65.3,A,27.73,33.72,20090617-20090708,64.3,A,23.92,20100714-20100805,64.3,A,19.09,32.81,20110712-20110719,M2,32.94,33.72,measured,0.0,observed,-1.0,64.3,33.72,65.3,True,O,33.72,measured,65.3,33.72,0.6,2209.9858,1526.5037,1526.5037,2209.9858,1526.5037,1526.5037,
TAP_A01,294.0,,,726690.47,9684530.01,O,46.4,A,23.58,31.83,20090617-20090708,46.4,A,30.24,20100714-20100805,46.5,A,19.83,31.7,20110712-20110719,M2,28.23,31.83,measured,0.05,observed,-1.0,46.45,31.81,46.4,True,O,31.83,measured,46.35,31.8124046580376,0.6,1072.1915,735.2174,735.2174,1069.3601,733.302,733.302,
TAP_A01,295.0,,,726700.31,9684530.15,O,9.9,A,6.21,11.17,20090617-20090708,9.6,D,10.79,20100714-20100805,9.6,D,,11.17,20110712-20110719,M2,10.31,11.17,measured,0.0,observed,-1.0,9.6,11.17,9.9,True,O,11.17,measured,9.9,11.17,0.6,18.9165,14.2114,14.2114,18.9165,14.2114,14.2114,
TAP_A01,296.0,,,726705.01,9684531.22,O,11.7,A,8.3,14.08,20090617-20090708,13.1,A,14.88,20100714-20100805,13.2,A,11.92,14.88,20110712-20110719,M2,12.95,14.08,measured,0.75,observed,-1.0,12.45,13.51,11.7,True,O,14.08,measured,10.95,13.42912528050704,0.6,32.8546,23.9877,23.9877,27.5659,20.213,20.213,
TAP_A01,297.0,,,726707.35,9684531.26,P,5.6,A,4.1,7.77,20090617-20090708,5.6,A,6.65,20100714-20100805,5.9,A,3.83,9.48,20110712-20110719,M2,7.18,7.77,measured,0.15,observed,-1.0,5.75,7.62,5.6,True,P,7.77,measured,5.449999999999999,7.6110121301478,0.6,4.3649,,,4.0569,,,
TAP_A01,298.0,,,726712.03,9684530.33,O,7.7,A,3.16,5.27,20090617-20090708,7.9,A,5.54,20100714-20100805,8.0,A,2.16,7.4,20110712-20110719,M2,9.02,5.27,measured,0.15,observed,-1.0,7.85,5.19,7.7,True,O,5.27,measured,7.55,5.1934827784214646,0.6,5.5639,4.6503,4.6503,5.2784,4.4177,4.4177,
TAP_A01,299.0,,,726715.26,9684527.38,O,61.4,D,1.05,3.47,20090617-20090708,59.4,D,3.64,20100714-20100805,59.4,D,,2.04,20110712-20110719,M2,31.79,3.47,measured,0.0,observed,-1.0,59.4,3.47,61.4,False,O,3.47,measured,61.4,3.47,0.6,212.9742,212.9742,212.9742,212.9742,212.9742,212.9742,
TAP_A01,300.0,,,726721.14,9684531.3,O,35.1,D,1.44,15.79,20090617-20090708,35.2,D,15.2,20100714-20100805,35.2,D,,18.64,20110712-20110719,M2,24.28,15.79,measured,0.05,observed,-1.0,35.15,15.78,35.1,False,O,15.79,measured,35.050000000000004,15.777218625043462,0.6,313.7048,313.7048,313.7048,312.5859,312.5859,312.5859,
TAP_A01,301.0,,,726725.4,9684530.94,O,8.7,A,2.06,7.89,20090617-20090708,9.0,A,6.51,20100714-20100805,9.0,A,2.95,6.72,20110712-20110719,M2,9.84,7.89,measured,0.15,observed,-1.0,8.85,7.79,8.7,True,O,7.89,measured,8.549999999999999,7.789742590365834,0.6,10.4701,8.2586,8.2586,9.9951,7.8933,7.8933,
TAP_A01,302.0,,,726725.85,9684529.9,O,15.5,A,9.71,18.07,20090617-20090708,15.7,A,18.3,20100714-20100805,15.8,A,10.14,16.43,20110712-20110719,M2,14.66,18.07,measured,0.15,observed,-1.0,15.65,17.96,15.5,True,O,18.07,measured,15.35,17.950040698551884,0.6,72.5737,51.6315,51.6315,70.7477,50.3619,50.3619,
TAP_A01,303.0,,,726726.96,9684530.31,O,76.3,D,2.17,37.83,20090617-20090708,76.4,D,42.43,20100714-20100805,76.4,D,,26.19,20110712-20110719,M2,35.39,37.83,measured,0.05,observed,-1.0,76.35,37.82,76.3,False,O,37.83,measured,76.25,37.82022514412996,0.6,3350.5558,3350.5558,3350.5558,3345.4274,3345.4274,3345.4274,
TAP_A01,304.0,,,726726.79,9684528.31,O,22.1,A,12.6,17.37,20090617-20090708,22.2,A,17.2,20100714-20100805,22.1,A,12.3,17.27,20110712-20110719,M2,18.31,17.37,measured,0.0,observed,-1.0,22.1,17.37,22.1,True,O,17.37,measured,22.1,17.37,0.6,139.5594,101.6249,101.6249,139.5594,101.6249,101.6249,
TAP_A01,305.0,,,726729.13,9684530.62,P,5.1,A,3.09,5.67,20090617-20090708,5.4,A,5.91,20100714-20100805,5.2,A,3.25,6.39,20110712-20110719,M2,6.52,5.67,measured,0.05,observed,-1.0,5.15,5.63,5.1,True,P,5.67,measured,5.05,5.627398966254876,0.6,2.6738,,,2.6037,,,
TAP_A01,306.0,,,726734.4,9684523.15,O,57.0,A,1.83,31.2,20090617-20090708,57.1,A,34.94,20100714-20100805,57.2,A,27.03,52.27,20110712-20110719,M2,31.24,31.2,measured,0.1,observed,-1.0,57.1,31.17,57.0,True,O,31.2,measured,56.9,31.17443293938038,0.6,1571.1704,1091.5098,1091.5098,1564.542,1086.9541,1086.9541,
TAP_A01,307.0,,,726736.02,9684529.54,O,5.8,A,5.83,8.88,20090617-20090708,6.2,A,10.2,20100714-20100805,6.9,A,3.66,11.06,20110712-20110719,M2,8.08,8.88,measured,0.55,observed,-1.0,6.35,8.34,5.8,True,O,8.88,measured,5.25,8.2312236928492,0.6,5.325,4.0431,4.0431,4.071,3.1134,3.1134,
TAP_A01,308.0,,,726739.26,9684529.76,O,10.9,A,5.87,9.69,20090617-20090708,11.0,A,10.57,20100714-20100805,11.2,A,7.54,11.98,20110712-20110719,M2,11.53,9.69,measured,0.15,observed,-1.0,11.05,9.59,10.9,True,O,9.69,measured,10.75,9.594048699479817,0.6,19.8687,15.3365,15.3365,19.1515,14.7963,14.7963,
TAP_A01,309.0,,,726739.22,9684529.27,O,6.7,A,8.07,9.81,20090617-20090708,6.7,A,8.57,20100714-20100805,6.7,A,4.97,12.48,20110712-20110719,M2,7.9,9.81,measured,0.0,observed,-1.0,6.7,9.81,6.7,True,O,9.81,measured,6.7,9.81,0.6,7.7773,5.8532,5.8532,7.7773,5.8532,5.8532,
TAP_A01,310.0,,,726739.75,9684529.22,O,10.6,A,10.98,12.74,20090617-20090708,10.7,A,10.8,20100714-20100805,10.7,A,8.52,12.41,20110712-20110719,M2,11.15,12.74,measured,0.05,observed,-1.0,10.65,12.71,10.6,True,O,12.74,measured,10.549999999999999,12.696700309811687,0.6,24.5755,18.1426,18.1426,24.269,17.9219,17.9219,
TAP_A01,311.0,,,726745.08,9684528.77,O,15.5,A,8.25,13.72,20090617-20090708,15.6,A,14.92,20100714-20100805,15.7,A,7.94,14.16,20110712-20110719,M2,14.6,13.72,measured,0.1,observed,-1.0,15.6,13.66,15.5,True,O,13.72,measured,15.4,13.65932534672785,0.6,55.4684,41.2172,41.2172,54.5356,40.5398,40.5398,
TAP_A01,312.0,,,726753.57,9684527.54,O,41.2,A,23.82,27.21,20090617-20090708,41.9,A,31.94,20100714-20100805,41.8,A,25.65,42.69,20110712-20110719,M2,26.7,27.21,measured,0.3,observed,-1.0,41.5,27.1,41.2,True,O,27.21,measured,40.900000000000006,27.10322331193706,0.6,729.5165,509.8728,509.8728,716.4288,500.861,500.861,
TAP_A01,313.0,,,726764.18,9684526.14,O,6.3,A,3.09,7.9,20090617-20090708,6.6,A,6.78,20100714-20100805,6.5,A,3.17,7.54,20110712-20110719,M2,7.72,7.9,measured,0.1,observed,-1.0,6.4,7.82,6.3,True,O,7.9,measured,6.2,7.8051298866010566,0.6,5.5829,4.3351,4.3351,5.3478,4.1573,4.1573,
TAP_A01,314.0,,,726765.91,9684527.5,O,8.0,A,7.11,10.64,20090617-20090708,8.0,A,12.79,20100714-20100805,8.2,A,7.29,12.07,20110712-20110719,M2,9.19,10.64,measured,0.1,observed,-1.0,8.1,10.54,8.0,True,O,10.64,measured,7.9,10.541315693180213,0.6,11.9011,8.9182,8.9182,11.5073,8.6306,8.6306,
TAP_A01,315.0,,,726767.47,9684526.86,O,6.2,A,7.96,10.26,20090617-20090708,6.3,A,9.34,20100714-20100805,6.6,A,4.95,10.52,20110712-20110719,M2,7.81,10.26,measured,0.2,observed,-1.0,6.4,10.04,6.2,True,O,10.26,measured,6.0,10.008663032513509,0.6,6.9838,5.1995,5.1995,6.3941,4.7717,4.7717,
TAP_A01,316.0,,,726769.46,9684518.67,O,78.8,D,1.4,18.56,20090617-20090708,79.0,D,19.49,20100714-20100805,79.0,D,,1.3,20110712-20110719,M2,35.85,18.56,measured,0.1,observed,-1.0,78.9,18.55,78.8,False,O,18.56,measured,78.7,18.550908766400305,0.6,1780.787,1780.787,1780.787,1775.5291,1775.5291,1775.5291,
TAP_A01,317.0,,,726772.8,9684526.41,L,6.1,A,0.0,0.0,20090617-20090708,6.2,A,,20100714-20100805,6.4,A,,,20110712-20110719,M2,7.64,8.91,local_fit,0.15,observed,-1.0,6.25,8.75,6.1,True,L,7.64,feldpausch,5.949999999999999,7.497346680615542,0.6,5.0737,3.9545,3.9545,4.7449,3.7048,3.7048,
TAP_A01,318.0,,,726773.78,9684525.32,O,55.3,A,19.81,25.62,20090617-20090708,55.3,A,24.82,20100714-20100805,55.7,A,10.95,24.72,20110712-20110719,M2,30.85,25.62,measured,0.2,observed,-1.0,55.5,25.58,55.3,True,O,25.62,measured,55.099999999999994,25.576024663089452,0.6,1221.8935,874.4348,874.4348,1211.2496,866.9022,866.9022,
TAP_A01,319.0,,,726777.55,9684525.51,O,9.4,A,9.41,13.72,20090617-20090708,9.5,A,16.14,20100714-20100805,9.6,A,8.47,16.79,20110712-20110719,M2,10.31,13.72,measured,0.1,observed,-1.0,9.5,13.61,9.4,True,O,13.72,measured,9.3,13.613363492691423,0.6,20.896,15.159,15.159,20.3091,14.7438,14.7438,
TAP_A01,321.0,,,726788.3,9684525.6,O,13.7,A,15.93,18.18,20090617-20090708,13.9,A,17.63,20100714-20100805,13.9,A,22.52,32.35,20110712-20110719,M2,13.42,18.18,measured,0.1,observed,-1.0,13.8,18.1,13.7,True,O,18.18,measured,13.6,18.087354309386367,0.6,57.3724,40.5367,40.5367,56.2764,39.7805,39.7805,
TAP_A01,322.0,,,726795.14,9684524.01,O,20.6,D,1.83,3.09,20090617-20090708,14.1,D,2.54,20100714-20100805,14.1,D,,2.3,20110712-20110719,M2,13.56,3.09,measured,0.0,observed,-1.0,14.1,3.09,20.6,False,O,3.09,measured,20.6,3.09,0.6,22.5595,22.5595,22.5595,22.5595,22.5595,22.5595,
TAP_A01,323.0,,,726798.38,9684524.24,O,12.9,A,6.43,9.48,20090617-20090708,12.9,A,11.0,20100714-20100805,13.1,A,6.66,10.02,20110712-20110719,M2,12.88,9.48,measured,0.1,observed,-1.0,13.0,9.43,12.9,True,O,9.48,measured,12.8,9.428268020936278,0.6,27.0207,21.0993,21.0993,26.4716,20.6807,20.6807,
TAP_A01,324.0,,,726798.38,9684524.24,O,8.0,A,7.24,11.29,20090617-20090708,8.1,A,11.64,20100714-20100805,8.3,A,7.12,11.59,20110712-20110719,M2,9.27,11.29,measured,0.15,observed,-1.0,8.15,11.14,8.0,True,O,11.29,measured,7.85,11.132758452257809,0.6,12.6102,9.3614,9.3614,11.9876,8.9109,8.9109,
TAP_A01,325.0,,,726802.34,9684522.72,O,51.4,A,25.42,31.86,20090617-20090708,50.1,A,34.97,20100714-20100805,49.6,A,23.88,34.66,20110712-20110719,M2,29.16,31.86,measured,0.0,observed,-1.0,49.6,31.86,51.4,True,O,31.86,measured,51.4,31.86,0.6,1310.4745,902.9023,902.9023,1310.4745,902.9023,902.9023,
TAP_A01,326.0,,,726805.4,9684522.59,O,69.7,D,,2.8,20090617-20090708,61.8,D,2.69,20100714-20100805,61.8,D,,3.0,20110712-20110719,M2,32.36,2.8,measured,0.0,observed,-1.0,61.8,2.8,69.7,False,O,2.8,measured,69.7,2.8,0.6,221.247,221.247,221.247,221.247,221.247,221.247,
TAP_A01,327.0,,,726806.04,9684525.57,O,6.5,A,2.36,4.88,20090617-20090708,6.3,A,4.08,20100714-20100805,6.3,A,2.39,4.28,20110712-20110719,M2,7.54,4.88,measured,0.0,observed,-1.0,6.3,4.88,6.5,True,O,4.88,measured,6.5,4.88,0.6,3.7082,3.1118,3.1118,3.7082,3.1118,3.1118,
TAP_A01,328.0,,,726815.74,9684525.18,O,5.9,A,6.37,12.26,20090617-20090708,6.4,A,9.49,20100714-20100805,6.9,A,6.45,10.34,20110712-20110719,M2,8.08,12.26,measured,0.5,observed,-1.0,6.4,11.59,5.9,True,O,12.26,measured,5.4,11.461672858364949,0.6,7.5428,5.4469,5.4469,5.9418,4.3183,4.3183,
TAP_A01,329.0,,,726820.25,9684523.0,O,27.2,A,11.15,18.96,20090617-20090708,27.3,A,21.01,20100714-20100805,27.4,A,9.98,20.0,20110712-20110719,M2,20.95,18.96,measured,0.1,observed,-1.0,27.3,18.92,27.2,True,O,18.96,measured,27.099999999999998,18.917351651574073,0.6,227.9866,165.3747,165.3747,225.8564,163.8588,163.8588,
TAP_A01,330.0,,,726835.06,9684522.4,O,26.5,A,13.91,15.81,20090617-20090708,26.7,D,13.47,20100714-20100805,26.7,D,1.45,3.62,20110712-20110719,M2,20.62,15.81,measured,0.1,observed,-1.0,26.6,15.78,26.5,True,O,15.81,measured,26.4,15.773256017317546,0.6,181.4655,135.2937,135.2937,179.7226,134.0192,134.0192,
TAP_A01,331.0,,,726842.28,9684523.61,O,47.1,A,23.77,29.02,20090617-20090708,47.4,A,30.08,20100714-20100805,47.9,A,19.13,32.43,20110712-20110719,M2,28.66,29.02,measured,0.4,observed,-1.0,47.5,28.9,47.1,True,O,29.02,measured,46.7,28.89393378461314,0.6,1008.7654,702.4053,702.4053,987.9036,688.0707,688.0707,
TAP_A01,332.0,,,726843.79,9684523.05,L,9.5,D,1.5,3.92,20090617-20090708,,D,,20100714-20100805,,D,,,20110712-20110719,M2,,3.92,measured,0.1,site_median,-1.0,,,9.5,False,L,3.92,measured,9.4,3.889885956873259,0.6,6.2809,6.2809,6.2809,6.1064,6.1064,6.1064,
TAP_A01,333.0,,,726853.0,9684523.18,O,10.6,A,12.54,16.47,20090617-20090708,10.5,A,19.85,20100714-20100805,10.5,D,,,20110712-20110719,M2,11.0,16.47,measured,0.0,observed,-1.0,10.5,16.47,10.6,True,O,16.47,measured,10.6,16.47,0.6,31.5755,22.3834,22.3834,31.5755,22.3834,22.3834,
TAP_A01,334.0,,,726855.04,9684523.09,O,7.3,A,4.81,7.66,20090617-20090708,7.4,A,7.75,20100714-20100805,7.4,A,5.51,10.07,20110712-20110719,M2,8.51,7.66,measured,0.05,observed,-1.0,7.35,7.62,7.3,True,O,7.66,measured,7.25,7.620807352915795,0.6,7.2223,5.6755,5.6755,7.0904,5.5746,5.5746,
TAP_A01,335.0,,,726856.49,9684521.03,O,36.7,A,29.71,32.97,20090617-20090708,36.4,A,27.83,20100714-20100805,36.4,D,,27.7,20110712-20110719,M2,24.75,32.97,measured,0.0,observed,-1.0,36.4,32.97,36.7,True,O,32.97,measured,36.7,32.97,0.6,702.0579,473.3833,473.3833,702.0579,473.3833,473.3833,
TAP_A01,336.0,,,726866.67,9684519.62,O,68.2,A,37.7,43.06,20090617-20090708,67.8,A,33.23,20100714-20100805,66.3,A,26.19,37.95,20110712-20110719,M2,33.38,43.06,measured,0.0,observed,-1.0,66.3,43.06,68.2,True,O,43.06,measured,68.2,43.06,0.6,3053.9649,2033.765,2033.765,3053.9649,2033.765,2033.765,
TAP_A01,337.0,,,726867.79,9684522.08,O,21.2,A,11.11,13.71,20090617-20090708,21.2,A,17.47,20100714-20100805,21.1,A,14.11,17.52,20110712-20110719,M2,17.78,13.71,measured,0.0,observed,-1.0,21.1,13.71,21.2,True,O,13.71,measured,21.2,13.71,0.6,102.1449,77.0598,77.0598,102.1449,77.0598,77.0598,
TAP_A01,338.0,,,726868.79,9684521.54,O,17.8,A,12.3,15.13,20090617-20090708,17.9,A,16.04,20100714-20100805,18.1,A,15.22,19.48,20110712-20110719,M2,16.07,15.13,measured,0.15,observed,-1.0,17.95,15.05,17.8,True,O,15.13,measured,17.650000000000002,15.044530943388429,0.6,79.9472,58.8854,58.8854,78.2038,57.6295,57.6295,
TAP_A01,986.0,,,726872.4,9684522.19,O,,,,,20090617-20090708,9.0,A,7.36,20100714-20100805,9.0,A,5.53,7.97,20110712-20110719,M2,9.84,7.36,measured,0.1,site_median,-1.0,8.9,7.3,,False,O,9.84,feldpausch,,,0.6,,,,,,,
TAP_A01,987.0,,,726873.4,9684521.75,O,,,,,20090617-20090708,12.5,A,11.5,20100714-20100805,12.3,A,7.26,11.7,20110712-20110719,M2,12.32,11.5,measured,0.1,site_median,-1.0,12.2,11.43,,False,O,12.32,feldpausch,,,0.6,,,,,,,
TAP_A01,339.0,,,726877.44,9684522.3,O,9.9,A,4.84,10.22,20090617-20090708,10.1,A,8.95,20100714-20100805,10.1,A,4.93,9.25,20110712-20110719,M2,10.7,10.22,measured,0.1,observed,-1.0,10.0,10.14,9.9,True,O,10.22,measured,9.8,10.144986716761048,0.6,17.3446,13.2148,13.2148,16.8824,12.8714,12.8714,
TAP_A01,340.0,,,726877.43,9684517.8,O,71.2,A,40.5,50.11,20090617-20090708,71.4,A,61.58,20100714-20100805,71.5,A,35.64,41.61,20110712-20110719,M2,34.45,50.11,measured,0.15,observed,-1.0,71.35,50.07,71.2,True,O,50.11,measured,71.05,50.066446474945536,0.6,3851.4818,2509.3291,2509.3291,3832.4052,2496.9905,2496.9905,
TAP_A01,341.0,,,726881.85,9684518.81,O,76.2,A,27.82,36.32,20090617-20090708,76.8,A,44.16,20100714-20100805,76.3,A,38.77,42.86,20110712-20110719,M2,35.37,36.32,measured,0.05,observed,-1.0,76.25,36.31,76.2,True,O,36.32,measured,76.15,36.310594819447644,0.6,3211.7308,2208.8626,2208.8626,3206.8077,2205.4975,2205.4975,
TAP_A01,342.0,,,726882.84,9684518.81,O,60.2,A,18.54,43.97,20090617-20090708,63.1,A,31.56,20100714-20100805,63.5,A,38.51,44.14,20110712-20110719,M2,32.76,43.97,measured,1.65,observed,-1.0,61.85,43.46,60.2,True,O,43.97,measured,58.550000000000004,43.41506276876593,0.6,2443.1704,1611.9607,1611.9607,2285.6528,1509.0483,1509.0483,
TAP_A01,343.0,,,726894.65,9684522.34,O,10.6,A,11.77,13.39,20090617-20090708,11.8,A,13.26,20100714-20100805,13.0,A,11.44,13.43,20110712-20110719,M2,12.81,13.39,measured,1.2,observed,-1.0,11.8,12.5,10.6,True,O,13.39,measured,9.4,12.273647247698316,0.6,25.7986,18.8963,18.8963,18.7432,13.8387,13.8387,
TAP_A01,344.0,,,726898.58,9684520.85,O,67.9,D,1.95,3.61,20090617-20090708,67.2,D,3.42,20100714-20100805,67.2,D,,2.55,20110712-20110719,M2,33.57,3.61,measured,0.0,observed,-1.0,67.2,3.61,67.9,False,O,3.61,measured,67.9,3.61,0.6,269.4,269.4,269.4,269.4,269.4,269.4,
TAP_A01,345.0,,,726899.57,9684522.35,O,15.0,A,11.94,14.42,20090617-20090708,15.2,A,15.73,20100714-20100805,15.5,A,11.27,15.42,20110712-20110719,M2,14.47,14.42,measured,0.25,observed,-1.0,15.25,14.26,15.0,True,O,14.42,measured,14.75,14.254037609770997,0.6,54.6186,40.2046,40.2046,52.262,38.5092,38.5092,
TAP_A01,346.0,,,726903.99,9684522.36,O,5.6,A,6.28,8.98,20090617-20090708,5.4,A,9.28,20100714-20100805,5.5,A,6.58,8.62,20110712-20110719,M2,6.81,8.98,measured,0.0,observed,-1.0,5.5,8.98,5.6,True,O,8.98,measured,5.6,8.98,0.6,5.0271,3.8038,3.8038,5.0271,3.8038,3.8038,
TAP_A01,347.0,,,726903.99,9684522.86,O,14.4,A,10.76,14.78,20090617-20090708,15.4,A,13.68,20100714-20100805,16.8,A,10.91,15.75,20110712-20110719,M2,15.29,14.78,measured,1.2,observed,-1.0,15.6,14.06,14.4,True,O,14.78,measured,13.200000000000001,13.911023573015134,0.6,51.6638,37.8075,37.8075,41.0903,30.2326,30.2326,
TAP_A01,348.0,,,726908.42,9684522.37,O,11.0,A,8.31,11.96,20090617-20090708,11.1,A,12.12,20100714-20100805,11.2,A,11.59,14.29,20110712-20110719,M2,11.53,11.96,measured,0.1,observed,-1.0,11.1,11.88,11.0,True,O,11.96,measured,10.9,11.88191978842356,0.6,24.8385,18.5536,18.5536,24.2441,18.1205,18.1205,
TAP_A01,349.0,,,726909.4,9684522.37,O,11.7,A,7.85,12.24,20090617-20090708,11.6,A,9.43,20100714-20100805,12.1,A,7.46,14.32,20110712-20110719,M2,12.18,12.24,measured,0.2,observed,-1.0,11.9,12.09,11.7,True,O,12.24,measured,11.5,12.090590418507011,0.6,28.6572,21.3913,21.3913,27.3786,20.4596,20.4596,
TAP_A01,350.0,,,726909.4,9684522.37,O,7.0,A,6.56,10.97,20090617-20090708,7.3,A,8.48,20100714-20100805,7.7,A,7.81,11.5,20110712-20110719,M2,8.77,10.97,measured,0.35,observed,-1.0,7.35,10.59,7.0,True,O,10.97,measured,6.65,10.55590822380522,0.6,9.4479,7.0007,7.0007,8.2327,6.1224,6.1224,
TAP_A01,351.0,,,726919.24,9684522.9,O,5.1,A,2.39,6.09,20090617-20090708,5.9,A,6.77,20100714-20100805,5.8,A,2.37,6.12,20110712-20110719,M2,7.09,6.09,measured,0.35,observed,-1.0,5.45,5.81,5.1,True,O,6.09,measured,4.75,5.7668546435047014,0.6,2.867,2.2962,2.2962,2.3662,1.905,1.905,
TAP_A01,352.0,,,726921.2,9684522.9,O,17.8,A,10.76,14.31,20090617-20090708,18.8,A,17.11,20100714-20100805,19.4,A,10.7,18.22,20110712-20110719,M2,16.83,14.31,measured,0.8,observed,-1.0,18.6,13.91,17.8,True,O,14.31,measured,17.0,13.874817570608268,0.6,75.7155,56.2617,56.2617,67.16,50.0379,50.0379,
TAP_A01,353.0,,,726925.14,9684522.91,O,12.0,A,6.9,11.67,20090617-20090708,12.3,A,15.29,20100714-20100805,13.1,A,9.78,14.55,20110712-20110719,M2,12.88,11.67,measured,0.55,observed,-1.0,12.55,11.33,12.0,True,O,11.67,measured,11.45,11.286916616204447,0.6,28.7398,21.6414,21.6414,25.3841,19.1724,19.1724,
TAP_A01,354.0,,,726929.07,9684521.42,O,16.2,A,10.17,20.33,20090617-20090708,17.0,A,18.66,20100714-20100805,17.6,A,12.36,16.63,20110712-20110719,M2,15.77,20.33,measured,0.7,observed,-1.0,16.9,19.79,16.2,True,O,20.33,measured,15.5,19.726661223379512,0.6,88.7516,62.1078,62.1078,79.0607,55.4724,55.4724,
TAP_A01,355.0,,,726931.52,9684519.93,O,42.3,D,1.06,7.72,20090617-20090708,41.4,D,7.41,20100714-20100805,41.4,D,,7.82,20110712-20110719,M2,26.56,7.72,measured,0.0,observed,-1.0,41.4,7.72,42.3,False,O,7.72,measured,42.3,7.72,0.6,224.5906,224.5906,224.5906,224.5906,224.5906,224.5906,
TAP_A01,356.0,,,726940.87,9684522.45,L,5.4,A,5.35,10.34,20090617-20090708,5.5,A,5.95,20100714-20100805,5.5,A,3.49,6.51,20110712-20110719,M2,6.81,10.34,measured,0.05,observed,-1.0,5.45,10.26,5.4,True,L,10.34,measured,5.3500000000000005,10.266890224123701,0.6,5.3736,3.9694,3.9694,5.2405,3.8737,3.8737,
TAP_A01,357.0,,,726947.76,9684521.47,O,10.2,A,4.48,8.43,20090617-20090708,10.5,A,7.04,20100714-20100805,10.5,D,,2.36,20110712-20110719,M2,11.0,8.43,measured,0.15,observed,-1.0,10.35,8.35,10.2,True,O,8.43,measured,10.049999999999999,8.34012291729541,0.6,15.2355,11.9836,11.9836,14.6472,11.5322,11.5322,
TAP_A01,358.0,,,726957.59,9684521.99,O,10.8,A,4.81,8.87,20090617-20090708,10.9,A,10.5,20100714-20100805,11.0,A,8.0,9.89,20110712-20110719,M2,11.38,8.87,measured,0.1,observed,-1.0,10.9,8.81,10.8,True,O,8.87,measured,10.700000000000001,8.81089462520654,0.6,17.901,14.0058,14.0058,17.4645,13.6727,13.6727,
TAP_A01,359.0,,,726963.98,9684522.01,O,60.3,A,16.42,24.18,20090617-20090708,60.1,A,22.27,20100714-20100805,60.2,A,16.11,19.87,20110712-20110719,M2,31.98,24.18,measured,0.0,observed,-1.0,60.2,24.18,60.3,True,O,24.18,measured,60.3,24.18,0.6,1367.3932,991.6567,991.6567,1367.3932,991.6567,991.6567,
TAP_A01,360.0,,,726966.25,9684522.01,O,10.5,A,5.21,10.62,20090617-20090708,10.6,A,8.84,20100714-20100805,10.6,A,5.11,8.63,20110712-20110719,M2,11.08,10.62,measured,0.05,observed,-1.0,10.55,10.58,10.5,True,O,10.62,measured,10.45,10.58352300762348,0.6,20.1985,15.3394,15.3394,19.9441,15.1509,15.1509,
TAP_A01,361.0,,,726969.88,9684520.52,O,27.7,A,14.24,21.42,20090617-20090708,28.1,A,23.72,20100714-20100805,28.5,A,22.79,28.52,20110712-20110719,M2,21.46,21.42,measured,0.4,observed,-1.0,28.1,21.24,27.7,True,O,21.42,measured,27.3,21.230971589567513,0.6,266.1099,189.5088,189.5088,256.4323,182.7453,182.7453,
TAP_A01,362.0,,,726957.59,9684522.99,L,6.0,A,3.29,4.28,20090617-20090708,6.3,A,,20100714-20100805,6.0,A,,,20110712-20110719,M2,7.27,4.28,measured,0.0,observed,-1.0,6.0,4.28,6.0,True,L,4.28,measured,6.0,4.28,0.6,2.7906,2.3817,2.3817,2.7906,2.3817,2.3817,
TAP_A01,2057.0,,,726876.95,9684523.09,O,,,,,20090617-20090708,,A,,20100714-20100805,5.5,A,4.72,7.93,20110712-20110719,M2,6.81,7.93,measured,0.1,site_median,-1.0,5.4,7.81,,False,O,6.81,feldpausch,,,0.6,,,,,,,
TAP_A01,363.0,,,727448.03,9683748.6,O,14.6,A,16.0,19.41,20090617-20090708,14.7,A,19.05,20100714-20100805,14.9,A,14.37,17.54,20110712-20110719,M3,14.08,19.41,measured,0.15,observed,-1.0,14.75,19.29,14.6,True,O,19.41,measured,14.45,19.271943723873264,0.6,69.2453,48.5702,48.5702,67.3923,47.3003,47.3003,
TAP_A01,364.0,,,727444.92,9683756.28,O,106.7,A,50.89,65.14,20090617-20090708,106.6,A,58.58,20100714-20100805,107.2,A,52.56,60.4,20110712-20110719,M3,39.82,65.14,measured,0.25,observed,-1.0,106.95,65.09,106.7,True,O,65.14,measured,106.45,65.0936633359083,0.6,10958.5487,6984.1855,6984.1855,10900.9115,6947.4506,6947.4506,
TAP_A01,365.0,,,727442.11,9683750.41,O,20.1,D,1.63,15.45,20090617-20090708,17.5,D,14.78,20100714-20100805,17.5,D,1.44,16.66,20110712-20110719,M3,15.71,15.45,measured,0.0,observed,-1.0,17.5,15.45,20.1,False,O,15.45,measured,20.1,15.45,0.6,103.4412,103.4412,103.4412,103.4412,103.4412,103.4412,
TAP_A01,366.0,,,727439.57,9683749.55,O,9.1,A,4.78,7.45,20090617-20090708,9.1,A,8.53,20100714-20100805,9.2,A,5.17,9.63,20110712-20110719,M3,10.0,7.45,measured,0.05,observed,-1.0,9.15,7.42,9.1,True,O,7.45,measured,9.049999999999999,7.420025691340544,0.6,10.8077,8.6212,8.6212,10.6501,8.4986,8.4986,
TAP_A01,932.0,,,727439.12,9683750.57,P,22.0,A,4.43,10.37,20090617-20090708,23.2,A,9.75,20100714-20100805,25.0,A,3.88,9.74,20110712-20110719,M3,19.8,10.37,measured,1.5,observed,-1.0,23.5,9.98,22.0,True,P,10.37,measured,20.5,9.906993827428963,0.6,83.6122,,,69.6696,,,
TAP_A01,367.0,,,727433.6,9683750.36,O,6.9,A,8.9,13.04,20090617-20090708,7.0,A,9.25,20100714-20100805,7.0,A,6.54,10.22,20110712-20110719,M3,8.17,13.04,measured,0.05,observed,-1.0,6.95,12.96,6.9,True,O,13.04,measured,6.8500000000000005,12.96909155812426,0.6,10.8744,7.8353,7.8353,10.6642,7.6878,7.6878,
TAP_A01,368.0,,,727432.05,9683749.44,O,5.7,A,7.16,13.3,20090617-20090708,5.7,A,11.06,20100714-20100805,6.2,A,11.39,12.5,20110712-20110719,M3,7.45,13.3,measured,0.25,observed,-1.0,5.95,12.91,5.7,True,O,13.3,measured,5.45,12.853709430734472,0.6,7.635,5.434,5.434,6.7658,4.831,4.831,
TAP_A01,369.0,,,727430.03,9683749.04,O,5.5,A,7.2,10.03,20090617-20090708,5.9,A,12.28,20100714-20100805,6.1,A,10.29,13.2,20110712-20110719,M3,7.36,10.03,measured,0.3,observed,-1.0,5.8,9.66,5.5,True,O,10.03,measured,5.2,9.609798679171416,0.6,5.4065,4.0165,4.0165,4.6476,3.4668,3.4668,
TAP_A01,370.0,,,727426.06,9683749.75,O,5.0,A,2.77,4.74,20090617-20090708,5.0,A,5.55,20100714-20100805,5.1,A,1.98,5.37,20110712-20110719,M3,6.43,4.74,measured,0.05,observed,-1.0,5.05,4.7,5.0,True,O,4.74,measured,4.95,4.703630372049962,0.6,2.1598,1.798,1.798,2.102,1.7511,1.7511,
TAP_A01,371.0,,,727421.54,9683749.48,O,6.0,A,2.46,3.6,20090617-20090708,6.0,A,4.59,20100714-20100805,6.0,A,2.03,4.8,20110712-20110719,M3,7.27,3.6,measured,0.0,observed,-1.0,6.0,3.6,6.0,True,O,3.6,measured,6.0,3.6,0.6,2.357,2.0674,2.0674,2.357,2.0674,2.0674,
TAP_A01,372.0,,,727416.57,9683750.24,O,15.3,A,9.35,12.45,20090617-20090708,19.0,A,18.56,20100714-20100805,24.0,A,14.66,18.44,20110712-20110719,M3,19.3,12.45,measured,4.35,observed,-1.0,19.65,10.95,15.3,True,O,12.45,measured,10.950000000000001,9.843837898847823,0.6,49.1885,37.0929,37.0929,20.3576,15.6782,15.6782,
TAP_A01,373.0,,,727401.09,9683751.05,O,5.8,A,3.06,4.74,20090617-20090708,6.0,A,5.05,20100714-20100805,6.1,A,1.82,5.12,20110712-20110719,M3,7.36,4.74,measured,0.15,observed,-1.0,5.95,4.66,5.8,True,O,4.74,measured,5.6499999999999995,4.646582052801098,0.6,2.8856,2.4194,2.4194,2.6889,2.2588,2.2588,
TAP_A01,374.0,,,727391.11,9683751.57,O,19.1,A,11.93,14.93,20090617-20090708,20.6,A,16.36,20100714-20100805,21.5,A,11.59,17.33,20110712-20110719,M3,17.99,14.93,measured,1.2,observed,-1.0,20.3,14.38,19.1,True,O,14.93,measured,17.900000000000002,14.300059228494339,0.6,90.5566,67.0667,67.0667,76.4961,56.8633,56.8633,
TAP_A01,375.0,,,727365.9,9683757.89,P,68.5,A,5.8,14.12,20090617-20090708,72.3,A,14.71,20100714-20100805,56.4,A,1.59,15.26,20110712-20110719,M3,31.04,14.12,measured,0.0,observed,-1.0,56.4,14.12,68.5,True,P,14.12,measured,68.5,14.12,0.6,1037.4504,,,1037.4504,,,
TAP_A01,376.0,,,727362.64,9683753.06,O,8.7,A,3.76,4.84,20090617-20090708,9.2,A,5.88,20100714-20100805,9.0,A,2.19,6.11,20110712-20110719,M3,9.84,4.84,measured,0.15,observed,-1.0,8.85,4.78,8.7,True,O,4.84,measured,8.549999999999999,4.778498623240892,0.6,6.4985,5.5373,5.5373,6.2036,5.2924,5.2924,
TAP_A01,377.0,,,727355.13,9683752.95,O,8.2,A,6.78,8.0,20090617-20090708,8.2,A,8.88,20100714-20100805,8.4,A,7.97,9.92,20110712-20110719,M3,9.35,8.0,measured,0.1,observed,-1.0,8.3,7.93,8.2,True,O,8.0,measured,8.1,7.9277726892004035,0.6,9.4546,7.4202,7.4202,9.1495,7.1868,7.1868,
TAP_A01,378.0,,,727352.68,9683754.08,O,27.2,A,27.51,32.55,20090617-20090708,28.3,A,31.46,20100714-20100805,27.6,A,23.37,29.55,20110712-20110719,M3,21.05,32.55,measured,0.2,observed,-1.0,27.4,32.4,27.2,True,O,32.55,measured,27.0,32.40339102673357,0.6,386.3572,257.3143,257.3143,379.157,252.6097,252.6097,
TAP_A01,379.0,,,727327.69,9683754.88,O,17.2,A,1.02,7.98,20090617-20090708,17.0,D,9.41,20100714-20100805,17.0,D,1.38,9.4,20110712-20110719,M3,15.41,7.98,measured,0.0,observed,-1.0,17.0,7.98,17.2,True,O,7.98,measured,17.2,7.98,0.6,40.0467,32.5803,32.5803,40.0467,32.5803,32.5803,
TAP_A01,935.0,,,727315.82,9683757.7,P,,,,,20090617-20090708,33.2,A,8.99,20100714-20100805,36.0,A,1.9,11.06,20110712-20110719,M3,24.6,8.99,measured,0.1,site_median,-1.0,35.9,8.98,,False,P,24.6,feldpausch,,,0.6,,,,,,,
TAP_A01,380.0,,,727309.69,9683755.32,O,14.8,A,7.71,10.5,20090617-20090708,14.8,A,7.46,20100714-20100805,14.5,A,7.82,12.22,20110712-20110719,M3,13.82,10.5,measured,0.0,observed,-1.0,14.5,10.5,14.8,True,O,10.5,measured,14.8,10.5,0.6,39.0384,30.1937,30.1937,39.0384,30.1937,30.1937,
TAP_A01,381.0,,,727303.2,9683755.65,O,31.1,A,27.4,31.52,20090617-20090708,31.8,A,27.37,20100714-20100805,32.5,A,28.14,31.91,20110712-20110719,M3,23.2,31.52,measured,0.7,observed,-1.0,31.8,31.11,31.1,True,O,31.52,measured,30.400000000000002,31.098629868034333,0.6,486.3502,327.6603,327.6603,459.1403,309.6485,309.6485,
TAP_A01,382.0,,,727297.26,9683756.96,O,40.5,A,14.96,20.85,20090617-20090708,40.2,A,22.11,20100714-20100805,41.0,A,16.42,20.25,20110712-20110719,M3,26.42,20.85,measured,0.25,observed,-1.0,40.75,20.79,40.5,True,O,20.85,measured,40.25,20.78023306683563,0.6,544.0771,396.2765,396.2765,535.7849,390.3276,390.3276,
TAP_A01,383.0,,,727295.81,9683758.04,O,21.9,A,16.24,20.49,20090617-20090708,22.2,A,17.59,20100714-20100805,22.6,A,11.48,18.33,20110712-20110719,M3,18.58,20.49,measured,0.35,observed,-1.0,22.25,20.28,21.9,True,O,20.49,measured,21.549999999999997,20.278576695769537,0.6,161.0915,114.2323,114.2323,154.532,109.6758,109.6758,
TAP_A01,384.0,,,727288.27,9683757.43,O,48.0,D,1.31,15.13,20090617-20090708,48.1,D,25.6,20100714-20100805,48.1,D,9.73,4.91,20110712-20110719,M3,28.72,15.13,measured,0.05,observed,-1.0,48.05,15.12,48.0,False,O,15.13,measured,47.95,15.122029908805972,0.6,554.3274,554.3274,554.3274,552.9164,552.9164,552.9164,
TAP_A01,385.0,,,727286.72,9683766.03,O,97.0,A,33.79,41.63,20090617-20090708,98.3,A,50.63,20100714-20100805,98.3,A,44.52,54.14,20110712-20110719,M3,38.75,41.63,measured,0.65,observed,-1.0,97.65,41.53,97.0,True,O,41.63,measured,96.35,41.53762584046371,0.6,5877.3259,4002.0027,4002.0027,5788.1305,3941.3789,3941.3789,
TAP_A01,386.0,,,727285.35,9683759.09,O,31.9,A,22.56,27.85,20090617-20090708,32.3,A,25.14,20100714-20100805,32.1,A,17.8,23.8,20110712-20110719,M3,23.03,27.85,measured,0.1,observed,-1.0,32.0,27.8,31.9,True,O,27.85,measured,31.799999999999997,27.79887778636351,0.6,452.9075,311.5357,311.5357,449.3337,309.1206,309.1206,
TAP_A01,387.0,,,727284.25,9683757.14,O,16.6,A,16.39,19.9,20090617-20090708,17.2,A,19.47,20100714-20100805,17.5,A,15.24,17.89,20110712-20110719,M3,15.71,19.9,measured,0.45,observed,-1.0,17.05,19.56,16.6,True,O,19.9,measured,16.150000000000002,19.532387881434957,0.6,91.1575,64.0822,64.0822,84.838,59.7369,59.7369,
TAP_A01,388.0,,,727279.73,9683756.88,P,4.8,D,1.26,1.95,20090617-20090708,,D,1.35,20100714-20100805,,D,,,20110712-20110719,M3,,1.95,measured,0.1,site_median,-1.0,,,4.8,False,P,1.95,measured,4.7,1.918705637678285,0.6,0.8381,1.4087,1.4087,0.7918,1.3295,1.3295,
TAP_A01,389.0,,,727279.36,9683759.4,O,26.9,A,10.64,20.47,20090617-20090708,27.2,A,18.85,20100714-20100805,27.4,A,15.7,21.04,20110712-20110719,M3,20.95,20.47,measured,0.25,observed,-1.0,27.15,20.36,26.9,True,O,20.47,measured,26.65,20.353065264817154,0.6,240.4297,172.21,172.21,234.771,168.2337,168.2337,
TAP_A01,390.0,,,727277.31,9683758.51,O,22.5,A,18.79,23.55,20090617-20090708,23.1,A,22.54,20100714-20100805,23.5,A,21.2,24.96,20110712-20110719,M3,19.05,23.55,measured,0.5,observed,-1.0,23.0,23.23,22.5,True,O,23.55,measured,22.0,23.213428298974772,0.6,194.5289,135.118,135.118,183.5825,127.6673,127.6673,
TAP_A01,391.0,,,727277.29,9683758.01,O,27.6,A,22.7,26.83,20090617-20090708,27.5,A,25.16,20100714-20100805,27.7,A,2.23,30.95,20110712-20110719,M3,21.09,26.83,measured,0.05,observed,-1.0,27.65,26.8,27.6,True,O,26.83,measured,27.55,26.800391019469497,0.6,329.1918,226.1983,226.1983,327.6754,225.176,225.176,
TAP_A01,392.0,,,727276.79,9683758.03,O,18.8,A,19.88,27.01,20090617-20090708,19.1,A,20.22,20100714-20100805,19.2,A,26.56,31.28,20110712-20110719,M3,16.71,27.01,measured,0.2,observed,-1.0,19.0,26.83,18.8,True,O,27.01,measured,18.6,26.819146931137862,0.6,156.5975,105.5267,105.5267,152.3043,102.696,102.696,
TAP_A01,393.0,,,727273.29,9683758.21,O,12.4,A,2.97,8.27,20090617-20090708,12.2,A,7.87,20100714-20100805,12.2,A,7.18,9.58,20110712-20110719,M3,12.25,8.27,measured,0.0,observed,-1.0,12.2,8.27,12.4,True,O,8.27,measured,12.4,8.27,0.6,21.893,17.435,17.435,21.893,17.435,17.435,
TAP_A01,936.0,,,727275.39,9683758.2,P,,,,,20090617-20090708,13.0,A,5.2,20100714-20100805,13.0,A,1.3,5.61,20110712-20110719,M3,12.81,5.2,measured,0.1,site_median,-1.0,12.9,5.17,,False,P,12.81,feldpausch,,,0.6,,,,,,,
TAP_A01,394.0,,,727266.77,9683758.05,O,5.2,A,4.52,6.61,20090617-20090708,5.9,A,9.51,20100714-20100805,6.5,A,3.98,8.24,20110712-20110719,M3,7.72,6.61,measured,0.65,observed,-1.0,5.85,6.1,5.2,True,O,6.61,measured,4.55,5.966225944638671,0.6,3.2256,2.5526,2.5526,2.249,1.7972,1.7972,
TAP_A01,937.0,,,727262.28,9683758.29,P,25.0,A,0.53,5.26,20090617-20090708,25.0,A,7.17,20100714-20100805,24.0,A,1.66,7.42,20110712-20110719,M3,19.3,5.26,measured,0.0,observed,-1.0,24.0,5.26,25.0,True,P,5.26,measured,25.0,5.26,0.6,55.325,,,55.325,,,
TAP_A01,396.0,,,727260.7,9683766.38,O,103.1,A,44.5,61.15,20090617-20090708,102.5,A,63.27,20100714-20100805,104.4,A,42.52,50.26,20110712-20110719,M3,39.49,61.15,measured,0.65,observed,-1.0,103.75,61.04,103.1,True,O,61.15,measured,102.44999999999999,61.02889404233998,0.6,9635.2847,6192.2588,6192.2588,9498.6676,6104.5187,6104.5187,
TAP_A01,938.0,,,727256.99,9683759.46,O,,,,,20090617-20090708,34.2,A,6.07,20100714-20100805,30.0,A,1.65,6.07,20110712-20110719,M3,22.13,6.07,measured,0.1,site_median,-1.0,29.9,6.06,,False,O,22.13,feldpausch,,,0.6,,,,,,,
TAP_A01,397.0,,,727251.3,9683758.86,O,5.2,A,6.0,6.71,20090617-20090708,5.7,A,9.24,20100714-20100805,7.1,A,6.38,7.51,20110712-20110719,M3,8.25,6.71,measured,0.95,observed,-1.0,6.15,6.03,5.2,True,O,6.71,measured,4.25,5.745934459222434,0.6,3.2733,2.5842,2.5842,1.8976,1.5205,1.5205,
TAP_A01,398.0,,,727243.36,9683760.28,O,10.7,A,3.33,9.9,20090617-20090708,11.5,A,9.3,20100714-20100805,11.6,A,4.36,7.94,20110712-20110719,M3,11.82,9.9,measured,0.45,observed,-1.0,11.15,9.62,10.7,True,O,9.9,measured,10.25,9.59808449463837,0.6,19.5685,15.0403,15.0403,17.4585,13.4566,13.4566,
TAP_A01,399.0,,,727241.81,9683759.35,O,6.6,A,5.66,7.55,20090617-20090708,6.5,A,7.94,20100714-20100805,6.6,A,3.8,6.52,20110712-20110719,M3,7.81,7.55,measured,0.0,observed,-1.0,6.6,7.55,6.6,True,O,7.55,measured,6.6,7.55,0.6,5.8491,4.5847,4.5847,5.8491,4.5847,4.5847,
TAP_A01,400.0,,,727228.83,9683760.03,O,5.5,A,6.14,7.75,20090617-20090708,5.5,A,7.8,20100714-20100805,5.5,A,6.06,8.67,20110712-20110719,M3,6.81,7.75,measured,0.0,observed,-1.0,5.5,7.75,5.5,True,O,7.75,measured,5.5,7.75,0.6,4.2035,3.2526,3.2526,4.2035,3.2526,3.2526,
TAP_A01,401.0,,,727227.85,9683760.58,O,8.0,A,9.55,10.79,20090617-20090708,8.5,A,10.54,20100714-20100805,8.2,A,7.72,11.48,20110712-20110719,M3,9.19,10.79,measured,0.1,observed,-1.0,8.1,10.68,8.0,True,O,10.79,measured,7.9,10.689924467050233,0.6,12.0648,9.0209,9.0209,11.6656,8.73,8.73,
TAP_A01,939.0,,,727227.59,9683761.25,P,,,,,20090617-20090708,15.2,A,4.66,20100714-20100805,15.0,A,1.12,4.81,20110712-20110719,M3,14.15,4.66,measured,0.1,site_median,-1.0,14.9,4.64,,False,P,14.15,feldpausch,,,0.6,,,,,,,
TAP_A01,402.0,,,727225.8,9683759.69,O,7.5,A,4.88,8.94,20090617-20090708,8.1,A,9.51,20100714-20100805,8.7,A,6.1,11.68,20110712-20110719,M3,9.6,8.94,measured,0.6,observed,-1.0,8.1,8.47,7.5,True,O,8.94,measured,6.9,8.400128544308123,0.6,8.8529,6.7979,6.7979,7.0794,5.4679,5.4679,
TAP_A01,403.0,,,727221.65,9683766.41,O,63.6,A,34.54,42.39,20090617-20090708,63.5,A,28.66,20100714-20100805,64.1,A,23.37,30.52,20110712-20110719,M3,32.89,42.39,measured,0.25,observed,-1.0,63.85,42.33,63.6,True,O,42.39,measured,63.35,42.31646477716584,0.6,2624.3278,1746.1244,1746.1244,2599.8198,1729.9652,1729.9652,
TAP_A01,404.0,,,727220.39,9683761.47,O,4.9,A,3.72,6.18,20090617-20090708,5.1,A,4.85,20100714-20100805,5.0,A,,,20110712-20110719,M3,6.33,6.18,measured,0.05,observed,-1.0,4.95,6.13,4.9,True,O,6.18,measured,4.8500000000000005,6.13155509065845,0.6,2.6899,2.1453,2.1453,2.6164,2.0882,2.0882,
TAP_A01,405.0,,,727219.31,9683760.03,O,5.4,A,5.21,6.68,20090617-20090708,5.5,A,5.45,20100714-20100805,5.5,A,4.73,6.37,20110712-20110719,M3,6.81,6.68,measured,0.05,observed,-1.0,5.45,6.63,5.4,True,O,6.68,measured,5.3500000000000005,6.632768539375854,0.6,3.5081,2.7766,2.7766,3.4212,2.7097,2.7097,
TAP_A01,406.0,,,727217.34,9683760.63,O,11.9,A,6.25,12.54,20090617-20090708,12.1,A,11.86,20100714-20100805,12.3,A,6.0,13.47,20110712-20110719,M3,12.32,12.54,measured,0.2,observed,-1.0,12.1,12.4,11.9,True,O,12.54,measured,11.700000000000001,12.389819623879289,0.6,30.3296,22.5715,22.5715,28.9995,21.6052,21.6052,
TAP_A01,407.0,,,727217.34,9683760.63,O,15.2,A,6.25,12.54,20090617-20090708,14.7,A,10.15,20100714-20100805,15.3,A,,,20110712-20110719,M3,14.34,12.54,measured,0.05,observed,-1.0,15.25,12.51,15.2,True,O,12.54,measured,15.149999999999999,12.511660440886342,0.6,48.9055,36.826,36.826,48.4848,36.5164,36.5164,
TAP_A01,408.0,,,727217.34,9683760.63,O,5.1,A,1.77,2.19,20090617-20090708,5.1,A,3.31,20100714-20100805,5.1,A,1.16,2.52,20110712-20110719,M3,6.43,2.19,measured,0.0,observed,-1.0,5.1,2.19,5.1,True,O,2.19,measured,5.1,2.19,0.6,1.0566,0.9947,0.9947,1.0566,0.9947,0.9947,
TAP_A01,409.0,,,727208.85,9683761.07,L,5.0,A,0.99,4.69,20090617-20090708,,D,,20100714-20100805,,D,,,20110712-20110719,M3,,4.69,measured,0.1,site_median,-1.0,,,5.0,True,L,4.69,measured,4.9,4.6179216500325255,0.6,2.1375,1.7825,1.7825,2.0241,1.6903,1.6903,
TAP_A01,410.0,,,727206.41,9683762.2,L,14.1,A,10.76,12.62,20090617-20090708,12.2,A,,20100714-20100805,12.2,A,,,20110712-20110719,M3,12.25,12.62,measured,0.0,observed,-1.0,12.2,12.62,14.1,True,L,12.62,measured,14.1,12.62,0.6,42.4982,31.854,31.854,42.4982,31.854,31.854,
TAP_A01,411.0,,,727202.34,9683760.91,O,15.1,A,1.6,15.0,20090617-20090708,15.1,A,11.55,20100714-20100805,15.3,A,11.02,12.83,20110712-20110719,M3,14.34,15.0,measured,0.1,observed,-1.0,15.2,14.94,15.1,True,O,15.0,measured,15.0,14.931631228863639,0.6,57.5028,42.0781,42.0781,56.5092,41.3677,41.3677,
TAP_A01,412.0,,,727191.88,9683761.96,O,5.5,A,2.45,7.38,20090617-20090708,5.6,A,8.22,20100714-20100805,5.6,A,3.34,9.26,20110712-20110719,M3,6.9,7.38,measured,0.05,observed,-1.0,5.55,7.33,5.5,True,O,7.38,measured,5.45,7.3288287081666885,0.6,4.0075,3.125,3.125,3.91,3.0511,3.0511,
TAP_A01,413.0,,,727188.48,9683773.65,O,212.5,A,54.4,62.21,20090617-20090708,213.0,A,46.6,20100714-20100805,212.5,A,39.99,50.71,20110712-20110719,M3,45.93,62.21,measured,0.0,observed,-1.0,212.5,62.21,212.5,True,O,62.21,measured,212.5,62.21,0.6,40204.3352,26678.1051,26678.1051,40204.3352,26678.1051,26678.1051,
TAP_A01,414.0,,,727185.36,9683761.8,O,43.1,A,11.88,14.05,20090617-20090708,45.4,A,22.88,20100714-20100805,47.0,A,23.24,29.44,20110712-20110719,M3,28.38,14.05,measured,1.95,observed,-1.0,45.05,13.75,43.1,True,O,14.05,measured,41.15,13.70761526992428,0.6,417.9193,324.9475,324.9475,372.7224,290.2913,290.2913,
TAP_A01,415.0,,,727184.04,9683765.37,P,42.2,A,9.58,15.92,20090617-20090708,41.1,A,14.99,20100714-20100805,39.0,A,7.33,17.28,20110712-20110719,M3,25.71,15.92,measured,0.0,observed,-1.0,39.0,15.92,42.2,True,P,15.92,measured,42.2,15.92,0.6,453.0718,,,453.0718,,,
TAP_A01,416.0,,,727177.42,9683763.21,O,10.4,A,5.21,10.15,20090617-20090708,10.5,A,6.55,20100714-20100805,10.6,A,7.54,10.09,20110712-20110719,M3,11.08,10.15,measured,0.1,observed,-1.0,10.5,10.08,10.4,True,O,10.15,measured,10.3,10.079462958723242,0.6,18.968,14.5016,14.5016,18.4873,14.1431,14.1431,
TAP_A01,417.0,,,727174.43,9683763.37,O,8.9,A,6.7,9.96,20090617-20090708,9.0,A,8.24,20100714-20100805,9.1,A,6.62,8.05,20110712-20110719,M3,9.92,9.96,measured,0.1,observed,-1.0,9.0,9.88,8.9,True,O,9.96,measured,8.8,9.877789558223693,0.6,13.7395,10.4572,10.4572,13.3315,10.1545,10.1545,
TAP_A01,418.0,,,727169.01,9683765.15,O,12.5,D,1.61,2.67,20090617-20090708,,D,,20100714-20100805,,D,,,20110712-20110719,M3,,2.67,measured,0.1,site_median,-1.0,,,12.5,False,O,2.67,measured,12.4,2.654900998040584,0.6,7.3774,7.3774,7.3774,7.2226,7.2226,7.2226,
TAP_A01,419.0,,,727164.89,9683762.86,O,5.2,A,4.19,7.86,20090617-20090708,5.2,A,9.87,20100714-20100805,5.5,A,11.5,13.4,20110712-20110719,M3,6.81,7.86,measured,0.15,observed,-1.0,5.35,7.69,5.2,True,O,7.86,measured,5.05,7.685948174204543,0.6,3.8197,2.9412,2.9412,3.5296,2.7236,2.7236,
TAP_A01,420.0,,,727162.89,9683762.97,O,12.2,A,4.55,6.63,20090617-20090708,12.3,A,6.36,20100714-20100805,12.5,A,2.38,6.36,20110712-20110719,M3,12.46,6.63,measured,0.15,observed,-1.0,12.35,6.58,12.2,True,O,6.63,measured,12.049999999999999,6.572146865898825,0.6,17.0936,14.0857,14.0857,16.5436,13.6433,13.6433,
TAP_A01,421.0,,,727156.48,9683764.81,O,15.9,A,8.94,12.14,20090617-20090708,16.0,A,11.64,20100714-20100805,16.0,A,11.19,15.48,20110712-20110719,M3,14.79,12.14,measured,0.05,observed,-1.0,15.95,12.12,15.9,True,O,12.14,measured,15.85,12.113956618189302,0.6,51.7351,39.2414,39.2414,51.3103,38.9266,38.9266,
TAP_A01,422.0,,,727147.04,9683766.3,O,20.0,A,11.42,14.77,20090617-20090708,20.6,A,17.72,20100714-20100805,20.8,A,16.11,18.56,20110712-20110719,M3,17.61,14.77,measured,0.4,observed,-1.0,20.4,14.59,20.0,True,O,14.77,measured,19.6,14.575569134606232,0.6,98.0362,72.8908,72.8908,93.0343,69.2496,69.2496,
TAP_A01,940.0,,,727143.18,9683765.2,P,,,,,20090617-20090708,13.5,A,2.85,20100714-20100805,19.0,A,0.65,2.77,20110712-20110719,M3,16.6,2.85,measured,0.1,site_median,-1.0,18.9,2.84,,False,P,16.6,feldpausch,,,0.6,,,,,,,
TAP_A01,423.0,,,727138.03,9683766.27,O,12.2,A,15.01,18.87,20090617-20090708,14.4,A,20.76,20100714-20100805,14.8,A,15.62,18.39,20110712-20110719,M3,14.02,18.87,measured,1.3,observed,-1.0,13.5,17.7,12.2,True,O,18.87,measured,10.899999999999999,17.41374890985558,0.6,47.4448,33.1406,33.1406,35.2069,24.7721,24.7721,
TAP_A01,424.0,,,727108.49,9683766.31,O,7.5,A,6.88,9.65,20090617-20090708,7.7,A,9.52,20100714-20100805,8.3,A,5.29,7.5,20110712-20110719,M3,9.27,9.65,measured,0.4,observed,-1.0,7.9,9.31,7.5,True,O,9.65,measured,7.1,9.26331120331082,0.6,9.5385,7.2364,7.2364,8.2353,6.2718,6.2718,
TAP_A01,425.0,,,727106.49,9683766.41,O,7.6,A,6.09,9.82,20090617-20090708,8.1,A,9.03,20100714-20100805,9.4,A,5.64,10.07,20110712-20110719,M3,10.16,9.82,measured,0.9,observed,-1.0,8.5,9.11,7.6,True,O,9.82,measured,6.699999999999999,8.937052144584017,0.6,9.9566,7.5376,7.5376,7.1011,5.4236,5.4236,
TAP_A01,426.0,,,727087.99,9683766.87,O,10.1,A,10.2,12.21,20090617-20090708,10.2,A,9.03,20100714-20100805,10.1,A,4.86,9.29,20110712-20110719,M3,10.7,12.21,measured,0.0,observed,-1.0,10.1,12.21,10.1,True,O,12.21,measured,10.1,12.21,0.6,21.4551,15.9087,15.9087,21.4551,15.9087,15.9087,
TAP_A01,427.0,,,727087.02,9683767.43,L,10.6,A,1.35,12.35,20090617-20090708,10.0,A,,20100714-20100805,10.0,A,,,20110712-20110719,M3,10.62,12.35,measured,0.0,observed,-1.0,10.0,12.35,10.6,True,L,12.35,measured,10.6,12.35,0.6,23.841,17.687,17.687,23.841,17.687,17.687,
TAP_A01,428.0,,,727085.18,9683770.53,O,65.1,A,24.62,31.1,20090617-20090708,65.4,A,39.02,20100714-20100805,65.7,A,26.89,33.86,20110712-20110719,M3,33.25,31.1,measured,0.3,observed,-1.0,65.4,31.03,65.1,True,O,31.1,measured,64.8,31.03755128297465,0.6,2030.0415,1420.0363,1420.0363,2007.8777,1404.6671,1404.6671,
TAP_A01,429.0,,,727085.02,9683767.53,O,29.8,A,13.26,15.58,20090617-20090708,28.6,A,16.06,20100714-20100805,30.0,A,14.62,17.73,20110712-20110719,M3,22.13,15.58,measured,0.1,observed,-1.0,29.9,15.55,29.8,True,O,15.58,measured,29.7,15.548782217970318,0.6,224.9452,169.0488,169.0488,223.037,167.6409,167.6409,
TAP_A01,430.0,,,727081.03,9683767.74,O,13.7,A,11.39,14.15,20090617-20090708,14.1,A,16.6,20100714-20100805,13.9,A,11.6,16.05,20110712-20110719,M3,13.42,14.15,measured,0.1,observed,-1.0,13.8,14.09,13.7,True,O,14.15,measured,13.6,14.077891280407982,0.6,44.9239,33.0232,33.0232,44.0658,32.4072,32.4072,
TAP_A01,431.0,,,727079.5,9683767.32,O,8.0,A,4.04,7.96,20090617-20090708,7.9,A,7.19,20100714-20100805,8.0,A,4.66,7.28,20110712-20110719,M3,9.02,7.96,measured,0.0,observed,-1.0,8.0,7.96,8.0,True,O,7.96,measured,8.0,7.96,0.6,8.9657,7.0337,7.0337,8.9657,7.0337,7.0337,
TAP_A01,432.0,,,727076.03,9683768.0,O,14.6,A,5.59,11.4,20090617-20090708,14.6,A,9.25,20100714-20100805,14.6,A,4.66,7.41,20110712-20110719,M3,13.89,11.4,measured,0.0,observed,-1.0,14.6,11.4,14.6,True,O,11.4,measured,14.6,11.4,0.6,41.1924,31.4278,31.4278,41.1924,31.4278,31.4278,
TAP_A01,433.0,,,727076.16,9683770.49,O,49.2,A,36.77,44.15,20090617-20090708,49.5,A,38.4,20100714-20100805,50.3,A,30.68,37.47,20110712-20110719,M3,29.37,44.15,measured,0.55,observed,-1.0,49.75,43.91,49.2,True,O,44.15,measured,48.650000000000006,43.90188704736286,0.6,1654.3559,1080.2966,1080.2966,1609.5705,1051.4204,1051.4204,
TAP_A01,434.0,,,727073.64,9683770.13,O,17.8,A,13.61,16.39,20090617-20090708,17.6,A,16.34,20100714-20100805,18.0,A,10.09,15.77,20110712-20110719,M3,16.01,16.39,measured,0.1,observed,-1.0,17.9,16.33,17.8,True,O,16.39,measured,17.7,16.328319540368827,0.6,86.439,62.8673,62.8673,85.1796,61.9715,61.9715,
TAP_A01,435.0,,,727070.54,9683768.28,O,5.3,A,3.5,8.21,20090617-20090708,5.6,A,7.58,20100714-20100805,5.7,A,4.82,7.85,20110712-20110719,M3,6.99,8.21,measured,0.2,observed,-1.0,5.5,8.0,5.3,True,O,8.21,measured,5.1,7.972123056659989,0.6,4.1366,3.1662,3.1662,3.7288,2.8621,2.8621,
TAP_A01,436.0,,,727061.29,9683773.27,O,66.4,A,19.38,22.76,20090617-20090708,66.4,A,25.78,20100714-20100805,66.5,A,16.01,27.1,20110712-20110719,M3,33.42,22.76,measured,0.05,observed,-1.0,66.45,22.75,66.4,True,O,22.76,measured,66.35000000000001,22.752632747896687,0.6,1555.7253,1144.3596,1144.3596,1552.9486,1142.3343,1142.3343,
TAP_A01,437.0,,,727061.05,9683768.78,O,5.7,A,2.19,6.72,20090617-20090708,6.1,A,7.64,20100714-20100805,6.5,A,3.56,7.47,20110712-20110719,M3,7.72,6.72,measured,0.4,observed,-1.0,6.1,6.41,5.7,True,O,6.72,measured,5.3,6.357709478930211,0.6,3.9214,3.1088,3.1088,3.2231,2.5687,2.5687,
TAP_A01,438.0,,,727053.56,9683769.17,O,47.2,A,31.28,44.26,20090617-20090708,49.8,A,33.04,20100714-20100805,51.9,A,24.79,36.05,20110712-20110719,M3,29.82,44.26,measured,2.35,observed,-1.0,49.55,43.27,47.2,True,O,44.26,measured,44.85,43.112135454403,0.6,1529.3349,996.2786,996.2786,1349.1807,880.4137,880.4137,
TAP_A01,439.0,,,727046.65,9683771.03,O,67.9,D,0.96,11.22,20090617-20090708,67.8,D,15.28,20100714-20100805,67.8,D,1.78,10.49,20110712-20110719,M3,33.7,11.22,measured,0.0,observed,-1.0,67.8,11.22,67.9,False,O,11.22,measured,67.9,11.22,0.6,814.8234,814.8234,814.8234,814.8234,814.8234,814.8234,
TAP_A01,440.0,,,727043.6,9683770.19,O,36.7,A,11.34,12.11,20090617-20090708,36.7,A,28.89,20100714-20100805,36.8,A,23.93,26.39,20110712-20110719,M3,24.9,12.11,measured,0.05,observed,-1.0,36.75,12.1,36.7,True,O,12.11,measured,36.650000000000006,12.100761052565417,0.6,264.142,208.6428,208.6428,263.2439,207.9449,207.9449,
TAP_A01,441.0,,,727040.58,9683769.85,O,4.9,A,2.06,5.53,20090617-20090708,5.1,A,5.99,20100714-20100805,5.0,A,4.71,6.75,20110712-20110719,M3,6.33,5.53,measured,0.05,observed,-1.0,4.95,5.49,4.9,True,O,5.53,measured,4.8500000000000005,5.486650429019617,0.6,2.4134,1.9588,1.9588,2.3474,1.9068,1.9068,
TAP_A01,442.0,,,727035.64,9683771.11,O,31.2,A,18.49,24.05,20090617-20090708,31.1,A,25.46,20100714-20100805,31.3,A,33.65,41.04,20110712-20110719,M3,22.69,24.05,measured,0.05,observed,-1.0,31.25,24.03,31.2,True,O,24.05,measured,31.15,24.02729715253762,0.6,375.8537,264.3144,264.3144,374.3336,263.2644,263.2644,
TAP_A01,443.0,,,727026.13,9683771.1,O,39.8,A,22.71,29.52,20090617-20090708,39.8,A,28.43,20100714-20100805,40.5,A,21.76,27.64,20110712-20110719,M3,26.25,29.52,measured,0.35,observed,-1.0,40.15,29.37,39.8,True,O,29.52,measured,39.449999999999996,29.378235929476215,0.6,738.3563,508.6052,508.6052,722.3331,497.7354,497.7354,
TAP_A01,444.0,,,727024.6,9683770.68,O,8.9,A,7.21,15.05,20090617-20090708,9.9,A,14.63,20100714-20100805,11.4,A,7.64,11.99,20110712-20110719,M3,11.67,15.05,measured,1.25,observed,-1.0,10.15,13.85,8.9,True,O,15.05,measured,7.65,13.458936429392494,0.6,20.5563,14.6576,14.6576,13.7177,9.8836,9.8836,
TAP_A01,445.0,,,727021.63,9683771.33,O,14.0,A,8.63,14.82,20090617-20090708,14.1,A,10.65,20100714-20100805,14.4,A,7.81,10.53,20110712-20110719,M3,13.76,14.82,measured,0.2,observed,-1.0,14.2,14.67,14.0,True,O,14.82,measured,13.8,14.672408279673618,0.6,49.0287,35.8154,35.8154,47.2074,34.5156,34.5156,
TAP_A01,941.0,,,727019.74,9683771.43,P,,,,,20090617-20090708,19.4,A,6.56,20100714-20100805,22.0,A,1.29,6.21,20110712-20110719,M3,18.26,6.56,measured,0.1,site_median,-1.0,21.9,6.54,,False,P,18.26,feldpausch,,,0.6,,,,,,,
TAP_A01,446.0,,,727006.13,9683771.64,O,11.5,A,4.01,7.79,20090617-20090708,11.5,A,7.71,20100714-20100805,12.5,A,3.26,8.27,20110712-20110719,M3,12.46,7.79,measured,0.5,observed,-1.0,12.0,7.57,11.5,True,O,7.79,measured,11.0,7.546317895362549,0.6,17.8272,14.2802,14.2802,15.8463,12.7301,12.7301,
TAP_A01,447.0,,,727004.74,9683773.72,O,60.0,A,42.48,48.86,20090617-20090708,60.5,A,41.76,20100714-20100805,61.5,A,33.88,39.94,20110712-20110719,M3,32.29,48.86,measured,0.75,observed,-1.0,60.75,48.6,60.0,True,O,48.86,measured,59.25,48.580545753250114,0.6,2690.4846,1745.5243,1745.5243,2610.5718,1694.1912,1694.1912,
TAP_A01,942.0,,,727000.13,9683773.66,P,,,,,20090617-20090708,26.5,A,6.83,20100714-20100805,32.4,A,1.58,7.37,20110712-20110719,M3,23.15,6.83,measured,0.1,site_median,-1.0,32.3,6.82,,False,P,23.15,feldpausch,,,0.6,,,,,,,
TAP_A01,448.0,,,726998.11,9683771.56,O,14.8,A,5.96,8.91,20090617-20090708,14.5,A,11.85,20100714-20100805,15.4,A,7.64,11.26,20110712-20110719,M3,14.41,8.91,measured,0.3,observed,-1.0,15.1,8.79,14.8,True,O,8.91,measured,14.5,8.784927261852804,0.6,33.2577,26.3987,26.3987,31.5166,25.048,25.048,
TAP_A01,943.0,,,726988.99,9683772.34,O,,,,,20090617-20090708,17.0,A,5.99,20100714-20100805,17.4,A,1.35,5.81,20110712-20110719,M3,15.65,5.99,measured,0.1,site_median,-1.0,17.3,5.97,,False,O,15.65,feldpausch,,,0.6,,,,,,,
TAP_A01,449.0,,,726982.18,9683782.9,O,154.6,A,51.49,59.22,20090617-20090708,155.7,A,63.65,20100714-20100805,155.0,A,56.22,62.1,20110712-20110719,M3,43.67,59.22,measured,0.2,observed,-1.0,154.8,59.21,154.6,True,O,59.22,measured,154.4,59.20460559086123,0.6,20593.3392,13563.0574,13563.0574,20536.1568,13525.1114,13525.1114,
TAP_A01,450.0,,,726980.79,9683775.47,O,53.3,A,45.8,54.38,20090617-20090708,52.7,A,42.41,20100714-20100805,52.8,A,38.36,42.41,20110712-20110719,M3,30.07,54.38,measured,0.0,observed,-1.0,52.8,54.38,53.3,True,O,54.38,measured,53.3,54.38,0.6,2370.3958,1503.499,1503.499,2370.3958,1503.499,1503.499,
TAP_A01,451.0,,,726967.68,9683773.65,O,11.0,A,8.69,12.78,20090617-20090708,11.3,A,11.98,20100714-20100805,11.2,A,10.26,12.85,20110712-20110719,M3,11.53,12.78,measured,0.1,observed,-1.0,11.1,12.69,11.0,True,O,12.78,measured,10.9,12.696566462880691,0.6,26.4992,19.5879,19.5879,25.8652,19.1306,19.1306,
TAP_A01,452.0,,,726954.78,9683775.82,O,18.6,A,4.87,13.96,20090617-20090708,18.6,A,12.96,20100714-20100805,18.9,A,9.61,11.77,20110712-20110719,M3,16.54,13.96,measured,0.15,observed,-1.0,18.75,13.88,18.6,True,O,13.96,measured,18.450000000000003,13.885127763217268,0.6,80.5301,60.2007,60.2007,78.8523,58.9737,58.9737,
TAP_A01,453.0,,,726953.7,9683774.38,O,7.5,A,4.89,8.34,20090617-20090708,7.6,A,9.23,20100714-20100805,7.8,A,3.74,9.87,20110712-20110719,M3,8.85,8.34,measured,0.15,observed,-1.0,7.65,8.23,7.5,True,O,8.34,measured,7.35,8.215395380313657,0.6,8.2725,6.4224,6.4224,7.8367,6.0926,6.0926,
TAP_A01,944.0,,,726952.43,9683774.94,P,,,,,20090617-20090708,13.2,A,3.64,20100714-20100805,17.0,A,1.02,4.43,20110712-20110719,M3,15.41,3.64,measured,0.1,site_median,-1.0,16.9,3.63,,False,P,15.41,feldpausch,,,0.6,,,,,,,
TAP_A01,454.0,,,726951.86,9683777.48,O,55.3,A,37.14,39.67,20090617-20090708,55.1,A,44.32,20100714-20100805,55.2,A,34.88,38.49,20110712-20110719,M3,30.72,39.67,measured,0.0,observed,-1.0,55.2,39.67,55.3,True,O,39.67,measured,55.3,39.67,0.6,1872.2302,1250.4082,1250.4082,1872.2302,1250.4082,1250.4082,
TAP_A01,455.0,,,726955.15,9683773.3,O,10.3,A,5.22,10.28,20090617-20090708,10.1,A,9.26,20100714-20100805,10.3,A,3.44,8.07,20110712-20110719,M3,10.85,10.28,measured,0.0,observed,-1.0,10.3,10.28,10.3,True,O,10.28,measured,10.3,10.28,0.6,18.8462,14.3729,14.3729,18.8462,14.3729,14.3729,
TAP_A01,456.0,,,726960.61,9683772.51,O,80.3,A,28.37,39.73,20090617-20090708,80.1,A,44.43,20100714-20100805,80.2,A,27.87,35.21,20110712-20110719,M3,36.06,39.73,measured,0.0,observed,-1.0,80.2,39.73,80.3,True,O,39.73,measured,80.3,39.73,0.6,3883.3376,2639.791,2639.791,3883.3376,2639.791,2639.791,
TAP_A01,457.0,,,726960.64,9683773.01,L,6.0,A,0.0,0.0,20090617-20090708,6.6,A,,20100714-20100805,6.0,A,,,20110712-20110719,M3,7.27,8.84,local_fit,0.0,observed,-1.0,6.0,8.84,6.0,True,L,7.27,feldpausch,6.0,7.27,0.6,4.6803,3.6736,3.6736,4.6803,3.6736,3.6736,
TAP_A01,458.0,,,726964.63,9683772.8,O,31.1,A,17.24,20.34,20090617-20090708,31.7,A,20.88,20100714-20100805,32.0,A,18.25,23.96,20110712-20110719,M3,22.99,20.34,measured,0.45,observed,-1.0,31.55,20.17,31.1,True,O,20.34,measured,30.650000000000002,20.16569327193434,0.6,317.1608,228.9873,228.9873,305.6859,220.8483,220.8483,
TAP_A01,459.0,,,726964.63,9683772.8,L,4.5,A,0.0,0.0,20090617-20090708,5.1,A,,20100714-20100805,5.4,A,,,20110712-20110719,M3,6.71,7.57,local_fit,0.45,observed,-1.0,4.95,7.08,4.5,True,L,6.71,feldpausch,4.05,6.185233242233452,0.6,2.4684,1.9353,1.9353,1.856,1.4666,1.4666,
TAP_A01,460.0,,,726973.62,9683772.34,O,5.3,A,6.86,9.52,20090617-20090708,5.9,A,8.0,20100714-20100805,5.5,A,5.34,8.04,20110712-20110719,M3,6.81,9.52,measured,0.1,observed,-1.0,5.4,9.38,5.3,True,O,9.52,measured,5.2,9.382477399260063,0.6,4.7797,3.5738,3.5738,4.5403,3.3996,3.3996,
TAP_A01,461.0,,,726978.11,9683772.1,O,6.0,A,2.18,7.76,20090617-20090708,6.5,A,8.83,20100714-20100805,6.6,A,1.35,8.47,20110712-20110719,M3,7.81,7.76,measured,0.3,observed,-1.0,6.3,7.49,6.0,True,O,7.76,measured,5.7,7.463856275612915,0.6,4.9879,3.875,3.875,4.3445,3.3876,3.3876,
TAP_A01,462.0,,,726978.09,9683771.6,O,15.3,A,14.13,17.78,20090617-20090708,15.2,A,18.2,20100714-20100805,15.4,A,11.87,20.78,20110712-20110719,M3,14.41,17.78,measured,0.05,observed,-1.0,15.35,17.74,15.3,True,O,17.78,measured,15.25,17.74012132689379,0.6,69.6485,49.6463,49.6463,69.0534,49.2318,49.2318,
TAP_A01,463.0,,,726983.08,9683771.34,O,8.8,A,4.95,9.62,20090617-20090708,9.0,A,10.68,20100714-20100805,9.0,A,3.59,10.85,20110712-20110719,M3,9.84,9.62,measured,0.1,observed,-1.0,8.9,9.54,8.8,True,O,9.62,measured,8.700000000000001,9.53960513663713,0.6,12.9918,9.9372,9.9372,12.6015,9.6461,9.6461,
TAP_A01,945.0,,,726984.93,9683771.35,P,,,,,20090617-20090708,24.5,A,5.36,20100714-20100805,28.0,A,0.88,6.46,20110712-20110719,M3,21.23,5.36,measured,0.1,site_median,-1.0,27.9,5.35,,False,P,21.23,feldpausch,,,0.6,,,,,,,
TAP_A01,464.0,,,726993.91,9683767.77,O,71.4,A,25.26,28.87,20090617-20090708,71.9,A,46.24,20100714-20100805,73.0,A,36.27,48.93,20110712-20110719,M3,34.75,28.87,measured,0.8,observed,-1.0,72.2,28.74,71.4,True,O,28.87,measured,70.60000000000001,28.736041837387393,0.6,2260.8704,1607.3163,1607.3163,2201.6697,1565.5326,1565.5326,
TAP_A01,465.0,,,727002.56,9683770.33,O,13.4,D,1.45,2.43,20090617-20090708,,D,,20100714-20100805,,D,,,20110712-20110719,M3,,2.43,measured,0.1,site_median,-1.0,,,13.4,False,O,2.43,measured,13.3,2.4173002434630932,0.6,7.7076,7.7076,7.7076,7.557,7.557,7.557,
TAP_A01,466.0,,,727009.6,9683770.96,O,8.0,A,5.38,6.3,20090617-20090708,8.1,A,7.48,20100714-20100805,8.1,A,3.7,7.03,20110712-20110719,M3,9.1,6.3,measured,0.05,observed,-1.0,8.05,6.27,8.0,True,O,6.3,measured,7.95,6.2708161390185895,0.6,7.1359,5.809,5.809,7.0172,5.7148,5.7148,
TAP_A01,946.0,,,727004.44,9683770.93,O,,,,,20090617-20090708,7.2,A,9.53,20100714-20100805,8.0,A,8.87,10.47,20110712-20110719,M3,9.02,9.53,measured,0.1,site_median,-1.0,7.9,9.45,,False,O,9.02,feldpausch,,,0.6,,,,,,,
TAP_A01,467.0,,,727011.99,9683768.83,O,26.0,D,1.11,8.36,20090617-20090708,26.1,D,7.73,20100714-20100805,26.1,D,1.62,8.35,20110712-20110719,M3,20.34,8.36,measured,0.05,observed,-1.0,26.05,8.35,26.0,False,O,8.36,measured,25.95,8.350057533134155,0.6,93.8776,93.8776,93.8776,93.417,93.417,93.417,
TAP_A01,468.0,,,727016.48,9683768.6,O,32.0,A,16.85,17.97,20090617-20090708,32.4,A,22.4,20100714-20100805,32.5,A,16.59,23.17,20110712-20110719,M3,23.2,17.97,measured,0.25,observed,-1.0,32.25,17.88,32.0,True,O,17.97,measured,31.75,17.887730896597382,0.6,297.134,219.0684,219.0684,291.312,214.8509,214.8509,
TAP_A01,469.0,,,727017.56,9683770.04,O,24.2,A,12.15,13.81,20090617-20090708,24.1,A,15.73,20100714-20100805,24.2,A,10.98,16.23,20110712-20110719,M3,19.4,13.81,measured,0.0,observed,-1.0,24.2,13.81,24.2,True,O,13.81,measured,24.2,13.81,0.6,133.1979,101.011,101.011,133.1979,101.011,101.011,
TAP_A01,470.0,,,727029.54,9683769.42,O,9.1,A,6.59,9.6,20090617-20090708,9.5,A,10.14,20100714-20100805,9.2,A,4.1,10.45,20110712-20110719,M3,10.0,9.6,measured,0.05,observed,-1.0,9.15,9.56,9.1,True,O,9.6,measured,9.049999999999999,9.561375387499224,0.6,13.8422,10.6082,10.6082,13.6404,10.4574,10.4574,
TAP_A01,471.0,,,727032.54,9683769.26,O,10.8,A,7.77,9.15,20090617-20090708,10.8,A,8.14,20100714-20100805,10.5,A,5.74,7.38,20110712-20110719,M3,11.0,9.15,measured,0.0,observed,-1.0,10.5,9.15,10.8,True,O,9.15,measured,10.8,9.15,0.6,18.4523,14.3664,14.3664,18.4523,14.3664,14.3664,
TAP_A01,472.0,,,727043.53,9683768.69,O,5.4,A,2.24,5.46,20090617-20090708,5.5,A,4.42,20100714-20100805,5.5,A,1.77,5.19,20110712-20110719,M3,6.81,5.46,measured,0.05,observed,-1.0,5.45,5.42,5.4,True,O,5.46,measured,5.3500000000000005,5.421394644459904,0.6,2.8813,2.3543,2.3543,2.81,2.2976,2.2976,
TAP_A01,473.0,,,727046.02,9683768.56,O,15.8,A,7.58,10.29,20090617-20090708,15.8,A,11.56,20100714-20100805,16.2,A,2.58,12.65,20110712-20110719,M3,14.91,10.29,measured,0.2,observed,-1.0,16.0,10.21,15.8,True,O,10.29,measured,15.600000000000001,10.20085124378234,0.6,43.4867,33.8477,33.8477,42.06,32.7622,32.7622,
TAP_A01,474.0,,,727075.4,9683765.53,O,18.9,A,7.45,14.46,20090617-20090708,19.1,A,14.13,20100714-20100805,19.2,A,6.73,14.09,20110712-20110719,M3,16.71,14.46,measured,0.15,observed,-1.0,19.05,14.39,18.9,True,O,14.46,measured,18.75,14.383902683563173,0.6,85.9881,63.9736,63.9736,84.2261,62.691,62.691,
TAP_A01,475.0,,,727080.48,9683766.76,O,5.6,A,4.86,9.75,20090617-20090708,5.7,A,7.61,20100714-20100805,5.9,A,4.75,7.32,20110712-20110719,M3,7.18,9.75,measured,0.15,observed,-1.0,5.75,9.56,5.6,True,O,9.75,measured,5.449999999999999,9.55049784671056,0.6,5.4474,4.0686,4.0686,5.063,3.7889,3.7889,
TAP_A01,476.0,,,727085.0,9683767.03,O,14.5,D,1.68,11.92,20090617-20090708,14.4,D,10.13,20100714-20100805,14.4,D,1.5,11.15,20110712-20110719,M3,13.76,11.92,measured,0.0,observed,-1.0,14.4,11.92,14.5,False,O,11.92,measured,14.5,11.92,0.6,42.4519,42.4519,42.4519,42.4519,42.4519,42.4519,
TAP_A01,477.0,,,727090.46,9683766.24,L,8.8,A,0.0,0.0,20090617-20090708,8.7,A,,20100714-20100805,8.9,A,,,20110712-20110719,M3,9.76,10.86,local_fit,0.05,observed,-1.0,8.85,10.82,8.8,True,L,9.76,feldpausch,8.75,9.719259641972393,0.6,13.1763,10.0553,10.0553,12.9775,9.9074,9.9074,
TAP_A01,947.0,,,727091.77,9683766.28,P,,,,,20090617-20090708,16.5,A,4.44,20100714-20100805,13.0,A,0.63,5.03,20110712-20110719,M3,12.81,4.44,measured,0.1,site_median,-1.0,12.9,4.42,,False,P,12.81,feldpausch,,,0.6,,,,,,,
TAP_A01,478.0,,,727091.99,9683766.67,O,8.2,A,5.69,7.83,20090617-20090708,8.6,A,8.67,20100714-20100805,9.5,A,6.37,10.2,20110712-20110719,M3,10.23,7.83,measured,0.65,observed,-1.0,8.85,7.44,8.2,True,O,7.83,measured,7.549999999999999,7.36493240949331,0.6,9.2584,7.291,7.291,7.4228,5.8789,5.8789,
TAP_A01,479.0,,,727099.45,9683765.78,O,5.4,A,1.96,3.16,20090617-20090708,5.5,A,3.82,20100714-20100805,5.5,A,2.44,5.38,20110712-20110719,M3,6.81,3.16,measured,0.05,observed,-1.0,5.45,3.14,5.4,True,O,3.16,measured,5.3500000000000005,3.1376569737167213,0.6,1.6896,1.5052,1.5052,1.6478,1.4689,1.4689,
TAP_A01,480.0,,,727102.97,9683766.09,O,4.7,A,3.15,5.39,20090617-20090708,5.8,A,6.2,20100714-20100805,4.8,A,2.58,6.75,20110712-20110719,M3,6.13,5.39,measured,0.05,observed,-1.0,4.75,5.35,4.7,True,O,5.39,measured,4.65,5.345842622636526,0.6,2.1698,1.7648,1.7648,2.108,1.7159,1.7159,
TAP_A01,948.0,,,727107.17,9683765.87,O,,,,,20090617-20090708,5.4,A,7.25,20100714-20100805,6.0,A,3.05,5.61,20110712-20110719,M3,7.27,7.25,measured,0.1,site_median,-1.0,5.9,7.16,,False,O,7.27,feldpausch,,,0.6,,,,,,,
TAP_A01,481.0,,,727108.96,9683765.78,O,5.4,A,4.29,6.45,20090617-20090708,5.6,A,6.98,20100714-20100805,5.9,A,2.67,7.61,20110712-20110719,M3,7.18,6.45,measured,0.25,observed,-1.0,5.65,6.24,5.4,True,O,6.45,measured,5.15,6.220682361747986,0.6,3.3902,2.6982,2.6982,2.9833,2.3825,2.3825,
TAP_A01,949.0,,,727112.31,9683765.61,O,,,,,20090617-20090708,6.7,A,6.32,20100714-20100805,7.0,A,3.09,6.63,20110712-20110719,M3,8.17,6.32,measured,0.1,site_median,-1.0,6.9,6.25,,False,O,8.17,feldpausch,,,0.6,,,,,,,
TAP_A01,482.0,,,727114.43,9683764.99,O,5.5,A,1.94,5.58,20090617-20090708,5.5,A,6.01,20100714-20100805,6.2,A,2.1,5.21,20110712-20110719,M3,7.45,5.58,measured,0.35,observed,-1.0,5.85,5.34,5.5,True,O,5.58,measured,5.15,5.306880301590307,0.6,3.0504,2.4862,2.4862,2.5548,2.0921,2.0921,
TAP_A01,483.0,,,727120.24,9683761.19,P,42.2,A,14.09,27.93,20090617-20090708,42.8,A,26.89,20100714-20100805,42.3,A,13.35,25.76,20110712-20110719,M3,26.87,27.93,measured,0.05,observed,-1.0,42.25,27.91,42.2,True,P,27.93,measured,42.150000000000006,27.912370957328754,0.6,784.2162,,,781.9215,,,
TAP_A01,484.0,,,727125.41,9683764.42,O,5.5,A,2.59,5.11,20090617-20090708,5.5,A,4.17,20100714-20100805,5.5,A,1.3,3.87,20110712-20110719,M3,6.81,5.11,measured,0.0,observed,-1.0,5.5,5.11,5.5,True,O,5.11,measured,5.5,5.11,0.6,2.7994,2.3135,2.3135,2.7994,2.3135,2.3135,
TAP_A01,485.0,,,727125.39,9683763.92,O,15.1,A,6.0,8.35,20090617-20090708,15.2,A,8.77,20100714-20100805,15.4,A,3.06,6.67,20110712-20110719,M3,14.41,8.35,measured,0.15,observed,-1.0,15.25,8.29,15.1,True,O,8.35,measured,14.95,8.292867942171723,0.6,32.4631,26.0587,26.0587,31.624,25.4005,25.4005,
TAP_A01,486.0,,,727136.93,9683764.32,O,5.8,A,5.2,7.83,20090617-20090708,6.0,A,7.72,20100714-20100805,6.2,A,2.52,6.14,20110712-20110719,M3,7.45,7.83,measured,0.2,observed,-1.0,6.0,7.64,5.8,True,O,7.83,measured,5.6,7.623966345679383,0.6,4.7096,3.6476,3.6476,4.2848,3.3271,3.3271,
TAP_A01,487.0,,,727136.85,9683762.82,O,34.7,A,21.85,25.02,20090617-20090708,35.2,A,22.85,20100714-20100805,35.9,A,19.02,26.43,20110712-20110719,M3,24.56,25.02,measured,0.6,observed,-1.0,35.3,24.78,34.7,True,O,25.02,measured,34.1,24.77178963357618,0.6,480.7422,337.6894,337.6894,460.1502,323.4636,323.4636,
TAP_A01,488.0,,,727137.87,9683763.27,O,5.5,D,0.0,1.53,20090617-20090708,5.5,D,1.3,20100714-20100805,5.5,D,,1.3,20110712-20110719,M3,6.81,1.53,measured,0.0,observed,-1.0,5.5,1.53,5.5,False,O,1.53,measured,5.5,1.53,0.6,0.8628,0.8628,0.8628,0.8628,0.8628,0.8628,
TAP_A01,489.0,,,727137.87,9683763.27,O,5.3,A,4.13,8.34,20090617-20090708,5.0,A,7.71,20100714-20100805,5.1,A,3.8,7.71,20110712-20110719,M3,6.43,8.34,measured,0.0,observed,-1.0,5.1,8.34,5.3,True,O,8.34,measured,5.3,8.34,0.6,4.2005,3.2072,3.2072,4.2005,3.2072,3.2072,
TAP_A01,490.0,,,727137.87,9683763.27,O,7.3,A,4.0,9.2,20090617-20090708,7.5,A,10.01,20100714-20100805,7.8,A,5.04,10.52,20110712-20110719,M3,8.85,9.2,measured,0.25,observed,-1.0,7.55,8.98,7.3,True,O,9.2,measured,7.05,8.963544515280887,0.6,8.6362,6.593,6.593,7.8659,6.0196,6.0196,
TAP_A01,491.0,,,727138.82,9683762.22,O,14.7,D,1.27,12.69,20090617-20090708,14.6,D,11.28,20100714-20100805,14.6,D,1.14,5.87,20110712-20110719,M3,13.89,12.69,measured,0.0,observed,-1.0,14.6,12.69,14.7,False,O,12.69,measured,14.7,12.69,0.6,46.3492,46.3492,46.3492,46.3492,46.3492,46.3492,
TAP_A01,492.0,,,727140.89,9683763.61,O,5.6,A,5.44,8.94,20090617-20090708,6.1,A,7.73,20100714-20100805,6.1,A,2.92,7.07,20110712-20110719,M3,7.36,8.94,measured,0.25,observed,-1.0,5.85,8.66,5.6,True,O,8.94,measured,5.35,8.63427478588754,0.6,5.0053,3.7899,3.7899,4.4255,3.362,3.362,
TAP_A01,493.0,,,727148.36,9683762.73,O,7.5,A,5.79,10.09,20090617-20090708,7.4,A,10.98,20100714-20100805,7.7,A,3.68,8.62,20110712-20110719,M3,8.77,10.09,measured,0.1,observed,-1.0,7.6,9.99,7.5,True,O,10.09,measured,7.4,9.989613979401385,0.6,9.9627,7.5052,7.5052,9.6108,7.2469,7.2469,
TAP_A01,950.0,,,727151.64,9683762.35,P,,,,,20090617-20090708,14.5,A,7.16,20100714-20100805,14.9,A,1.41,7.18,20110712-20110719,M3,14.08,7.16,measured,0.1,site_median,-1.0,14.8,7.13,,False,P,14.08,feldpausch,,,0.6,,,,,,,
TAP_A01,494.0,,,727159.87,9683762.63,O,11.1,A,4.56,9.92,20090617-20090708,11.2,A,8.92,20100714-20100805,11.3,A,4.2,9.4,20110712-20110719,M3,11.6,9.92,measured,0.1,observed,-1.0,11.2,9.86,11.1,True,O,9.92,measured,11.0,9.855889397592264,0.6,21.0633,16.2126,16.2126,20.5639,15.8376,15.8376,
TAP_A01,495.0,,,727160.34,9683762.1,O,31.6,A,23.19,28.46,20090617-20090708,31.8,A,27.57,20100714-20100805,32.0,A,14.67,28.02,20110712-20110719,M3,22.99,28.46,measured,0.2,observed,-1.0,31.8,28.35,31.6,True,O,28.46,measured,31.400000000000002,28.35411214286792,0.6,454.1331,311.17,311.17,446.9106,306.3082,306.3082,
TAP_A01,496.0,,,727161.34,9683762.05,O,9.6,A,11.84,18.67,20090617-20090708,10.1,A,12.27,20100714-20100805,10.9,A,10.16,14.44,20110712-20110719,M3,11.3,18.67,measured,0.65,observed,-1.0,10.25,17.86,9.6,True,O,18.67,measured,8.95,17.738299051550822,0.6,29.4097,20.3422,20.3422,24.3982,16.9557,16.9557,
TAP_A01,497.0,,,727166.36,9683762.29,O,5.3,A,4.75,9.36,20090617-20090708,5.4,A,5.29,20100714-20100805,5.4,A,3.41,5.1,20110712-20110719,M3,6.71,9.36,measured,0.05,observed,-1.0,5.35,9.29,5.3,True,O,9.36,measured,5.25,9.292490270978943,0.6,4.7012,3.5246,3.5246,4.5826,3.438,3.438,
TAP_A01,498.0,,,727172.35,9683761.97,O,10.4,A,3.1,7.05,20090617-20090708,10.5,A,8.47,20100714-20100805,11.0,A,1.5,8.48,20110712-20110719,M3,11.38,7.05,measured,0.3,observed,-1.0,10.7,6.91,10.4,True,O,7.05,measured,10.1,6.902463266825643,0.6,13.2905,10.7633,10.7633,12.296,9.9772,9.9772,
TAP_A01,499.0,,,727177.37,9683762.21,O,11.8,A,1.72,10.4,20090617-20090708,11.4,A,8.42,20100714-20100805,12.2,A,3.01,7.73,20110712-20110719,M3,12.25,10.4,measured,0.2,observed,-1.0,12.0,10.28,11.8,True,O,10.4,measured,11.600000000000001,10.274259911463735,0.6,24.8541,19.0439,19.0439,23.7548,18.2216,18.2216,
TAP_A01,500.0,,,727177.87,9683762.19,O,14.4,D,1.3,9.22,20090617-20090708,14.1,D,6.53,20100714-20100805,,D,,,20110712-20110719,M3,,9.22,measured,0.1,site_median,-1.0,,,14.4,False,O,9.22,measured,14.3,9.175618156980022,0.6,32.5958,32.5958,32.5958,32.0043,32.0043,32.0043,
TAP_A01,501.0,,,727191.85,9683761.46,P,5.3,A,4.09,4.46,20090617-20090708,5.0,A,6.6,20100714-20100805,5.0,A,2.85,6.7,20110712-20110719,M3,6.33,4.46,measured,0.0,observed,-1.0,5.0,4.46,5.3,True,P,4.46,measured,5.3,4.46,0.6,2.2803,,,2.2803,,,
TAP_A01,502.0,,,727191.85,9683761.46,P,5.4,A,6.53,8.13,20090617-20090708,5.2,A,8.2,20100714-20100805,6.4,A,5.99,9.96,20110712-20110719,M3,7.64,8.13,measured,0.5,observed,-1.0,5.9,7.64,5.4,True,P,8.13,measured,4.9,7.547721012980068,0.6,4.2495,,,3.2694,,,
TAP_A01,503.0,,,727195.32,9683760.78,O,5.2,A,7.39,9.95,20090617-20090708,5.3,A,8.28,20100714-20100805,5.9,A,6.87,9.16,20110712-20110719,M3,7.18,9.95,measured,0.35,observed,-1.0,5.55,9.49,5.2,True,O,9.95,measured,4.8500000000000005,9.432872381084247,0.6,4.8081,3.5669,3.5669,3.9836,2.9703,2.9703,
TAP_A01,504.0,,,727197.29,9683760.17,O,8.2,D,2.02,3.97,20090617-20090708,,D,,20100714-20100805,,D,,,20110712-20110719,M3,,3.97,measured,0.1,site_median,-1.0,,,8.2,False,O,3.97,measured,8.1,3.9341571970157005,0.6,4.7714,4.7714,4.7714,4.6174,4.6174,4.6174,
TAP_A01,505.0,,,727197.29,9683760.17,O,7.2,D,1.62,2.31,20090617-20090708,,D,,20100714-20100805,,D,,,20110712-20110719,M3,,2.31,measured,0.1,site_median,-1.0,,,7.2,False,O,2.31,measured,7.1000000000000005,2.2859782353994333,0.6,2.182,2.182,2.182,2.1017,2.1017,2.1017,
TAP_A01,506.0,,,727201.18,9683757.97,P,51.3,A,2.04,13.1,20090617-20090708,53.5,A,14.47,20100714-20100805,65.0,A,3.7,17.25,20110712-20110719,M3,33.09,13.1,measured,5.0,observed,-1.0,60.0,12.64,51.3,True,P,13.1,measured,46.3,12.442549262693143,0.6,548.361,,,426.8805,,,
TAP_A01,507.0,,,727207.83,9683760.63,O,9.6,A,4.7,8.02,20090617-20090708,9.7,A,8.14,20100714-20100805,10.0,A,4.75,8.85,20110712-20110719,M3,10.62,8.02,measured,0.2,observed,-1.0,9.8,7.91,9.6,True,O,8.02,measured,9.4,7.897954155611235,0.6,12.8922,10.191,10.191,12.1893,9.649,9.649,
TAP_A01,508.0,,,727211.32,9683760.44,O,7.2,A,6.28,7.9,20090617-20090708,7.8,A,8.82,20100714-20100805,7.2,A,4.65,8.7,20110712-20110719,M3,8.34,7.9,measured,0.0,observed,-1.0,7.2,7.9,7.2,True,O,7.9,measured,7.2,7.9,0.6,7.2453,5.6622,5.6622,7.2453,5.6622,5.6622,
TAP_A01,509.0,,,727211.32,9683760.44,O,7.7,A,10.1,11.76,20090617-20090708,7.9,A,15.08,20100714-20100805,7.7,A,8.91,12.35,20110712-20110719,M3,8.77,11.76,measured,0.0,observed,-1.0,7.7,11.76,7.7,True,O,11.76,measured,7.7,11.76,0.6,12.1789,8.9667,8.9667,12.1789,8.9667,8.9667,
TAP_A01,510.0,,,727212.69,9683757.87,O,39.4,A,20.37,23.25,20090617-20090708,39.0,A,21.83,20100714-20100805,38.9,A,14.98,21.82,20110712-20110719,M3,25.68,23.25,measured,0.0,observed,-1.0,38.9,23.25,39.4,True,O,23.25,measured,39.4,23.25,0.6,573.4534,410.0019,410.0019,573.4534,410.0019,410.0019,
TAP_A01,511.0,,,727212.8,9683759.87,O,64.8,A,15.55,18.79,20090617-20090708,64.9,A,19.9,20100714-20100805,64.8,A,10.47,18.06,20110712-20110719,M3,33.05,18.79,measured,0.0,observed,-1.0,64.8,18.79,64.8,True,O,18.79,measured,64.8,18.79,0.6,1230.2904,931.7118,931.7118,1230.2904,931.7118,931.7118,
TAP_A01,512.0,,,727223.18,9683757.32,O,27.2,A,23.02,28.2,20090617-20090708,28.5,A,26.39,20100714-20100805,29.9,A,14.08,28.86,20110712-20110719,M3,22.09,28.2,measured,1.35,observed,-1.0,28.55,27.42,27.2,True,O,28.2,measured,25.849999999999998,27.33074881549419,0.6,335.8786,228.8237,228.8237,294.9549,201.4473,201.4473,
TAP_A01,951.0,,,727222.95,9683758.74,P,,,,,20090617-20090708,12.2,A,5.48,20100714-20100805,13.0,A,3.14,7.35,20110712-20110719,M3,12.81,5.48,measured,0.1,site_median,-1.0,12.9,5.45,,False,P,12.81,feldpausch,,,0.6,,,,,,,
TAP_A01,513.0,,,727229.22,9683758.01,O,25.1,A,19.79,21.84,20090617-20090708,25.1,A,21.92,20100714-20100805,24.8,A,16.76,23.92,20110712-20110719,M3,19.7,21.84,measured,0.0,observed,-1.0,24.8,21.84,25.1,True,O,21.84,measured,25.1,21.84,0.6,223.7352,158.0941,158.0941,223.7352,158.0941,158.0941,
TAP_A01,514.0,,,727232.27,9683758.85,O,52.5,A,23.21,27.4,20090617-20090708,49.5,A,27.64,20100714-20100805,49.7,A,22.45,27.49,20110712-20110719,M3,29.19,27.4,measured,0.0,observed,-1.0,49.7,27.4,52.5,True,O,27.4,measured,52.5,27.4,0.6,1178.8436,832.6415,832.6415,1178.8436,832.6415,832.6415,
TAP_A01,515.0,,,727235.74,9683758.17,O,14.3,A,5.86,9.5,20090617-20090708,14.2,A,11.12,20100714-20100805,14.2,A,5.03,11.81,20110712-20110719,M3,13.62,9.5,measured,0.0,observed,-1.0,14.2,9.5,14.3,True,O,9.5,measured,14.3,9.5,0.6,33.1081,25.9722,25.9722,33.1081,25.9722,25.9722,
TAP_A01,516.0,,,727238.76,9683758.51,O,19.2,A,4.75,8.26,20090617-20090708,18.9,A,10.96,20100714-20100805,18.9,A,4.83,9.36,20110712-20110719,M3,16.54,8.26,measured,0.0,observed,-1.0,18.9,8.26,19.2,True,O,8.26,measured,19.2,8.26,0.6,51.3378,41.7591,41.7591,51.3378,41.7591,41.7591,
TAP_A01,517.0,,,727240.26,9683758.43,O,9.3,A,4.26,7.12,20090617-20090708,8.7,A,6.7,20100714-20100805,8.9,A,3.64,7.43,20110712-20110719,M3,9.76,7.12,measured,0.0,observed,-1.0,8.9,7.12,9.3,True,O,7.12,measured,9.3,7.12,0.6,10.7885,8.6767,8.6767,10.7885,8.6767,8.6767,
TAP_A01,518.0,,,727241.78,9683758.86,O,13.0,A,4.72,5.81,20090617-20090708,13.2,A,7.25,20100714-20100805,13.1,A,5.37,8.11,20110712-20110719,M3,12.88,5.81,measured,0.05,observed,-1.0,13.05,5.79,13.0,True,O,5.81,measured,12.95,5.794298851536096,0.6,17.0104,14.3563,14.3563,16.8384,14.2146,14.2146,
TAP_A01,519.0,,,727243.28,9683758.78,O,6.1,A,4.38,6.52,20090617-20090708,7.0,A,7.53,20100714-20100805,7.4,A,6.43,8.35,20110712-20110719,M3,8.51,6.52,measured,0.65,observed,-1.0,6.75,6.09,6.1,True,O,6.52,measured,5.449999999999999,5.98539873982638,0.6,4.3464,3.4736,3.4736,3.2089,2.5853,2.5853,
TAP_A01,520.0,,,727249.19,9683756.97,P,29.2,A,1.49,6.33,20090617-20090708,28.5,A,7.97,20100714-20100805,35.0,A,1.88,9.38,20110712-20110719,M3,24.21,6.33,measured,2.9,observed,-1.0,32.1,6.02,29.2,True,P,6.33,measured,26.3,5.939886144060083,0.6,89.7549,,,68.7736,,,
TAP_A01,521.0,,,727255.74,9683757.63,O,5.4,A,1.98,2.33,20090617-20090708,5.6,A,3.83,20100714-20100805,5.4,A,2.5,4.35,20110712-20110719,M3,6.71,2.33,measured,0.0,observed,-1.0,5.4,2.33,5.4,True,O,2.33,measured,5.4,2.33,0.6,1.255,1.1731,1.1731,1.255,1.1731,1.1731,
TAP_A01,522.0,,,727256.13,9683755.6,P,37.2,A,8.98,17.37,20090617-20090708,36.8,A,14.15,20100714-20100805,31.0,A,14.65,21.3,20110712-20110719,M3,22.56,17.37,measured,0.0,observed,-1.0,31.0,17.37,37.2,True,P,17.37,measured,37.2,17.37,0.6,385.6605,,,385.6605,,,
TAP_A01,523.0,,,727264.7,9683756.66,O,10.8,D,1.43,1.84,20090617-20090708,11.0,D,1.95,20100714-20100805,11.0,D,,1.9,20110712-20110719,M3,11.38,1.84,measured,0.1,observed,-1.0,10.9,1.83,10.8,False,O,1.84,measured,10.700000000000001,1.8277391330755395,0.6,3.8563,3.8563,3.8563,3.7622,3.7622,3.7622,
TAP_A01,524.0,,,727267.7,9683756.5,O,8.7,A,4.4,6.78,20090617-20090708,8.7,A,7.15,20100714-20100805,8.7,A,5.64,8.08,20110712-20110719,M3,9.6,6.78,measured,0.0,observed,-1.0,8.7,6.78,8.7,True,O,6.78,measured,8.7,6.78,0.6,9.0299,7.2953,7.2953,9.0299,7.2953,7.2953,
TAP_A01,525.0,,,727268.22,9683756.98,O,6.8,A,5.31,6.86,20090617-20090708,6.8,A,7.61,20100714-20100805,6.9,A,5.43,7.71,20110712-20110719,M3,8.08,6.86,measured,0.05,observed,-1.0,6.85,6.83,6.8,True,O,6.86,measured,6.75,6.822105139925308,0.6,5.6464,4.4998,4.4998,5.5356,4.4138,4.4138,
TAP_A01,526.0,,,727269.72,9683756.9,O,5.7,A,6.1,8.61,20090617-20090708,5.9,A,7.07,20100714-20100805,6.0,A,3.66,6.7,20110712-20110719,M3,7.27,8.61,measured,0.15,observed,-1.0,5.85,8.44,5.7,True,O,8.61,measured,5.55,8.437124780821836,0.6,4.9945,3.8075,3.8075,4.6482,3.5504,3.5504,
TAP_A01,527.0,,,727271.22,9683756.82,O,6.0,A,3.69,7.99,20090617-20090708,6.3,A,6.34,20100714-20100805,6.1,A,6.66,9.77,20110712-20110719,M3,7.36,7.99,measured,0.05,observed,-1.0,6.05,7.95,6.0,True,O,7.99,measured,5.95,7.93951376069586,0.6,5.1321,3.9687,3.9687,5.0178,3.8826,3.8826,
TAP_A01,528.0,,,727283.17,9683755.7,O,43.0,A,31.4,39.98,20090617-20090708,42.9,A,42.33,20100714-20100805,44.5,A,36.47,43.07,20110712-20110719,M3,27.59,39.98,measured,0.75,observed,-1.0,43.75,39.63,43.0,True,O,39.98,measured,42.25,39.60859355189498,0.6,1154.4887,760.8583,760.8583,1105.3935,728.9616,728.9616,
TAP_A01,529.0,,,727291.16,9683755.28,O,48.6,A,33.67,37.26,20090617-20090708,48.2,D,36.7,20100714-20100805,48.2,D,1.78,38.24,20110712-20110719,M3,28.75,37.26,measured,0.0,observed,-1.0,48.2,37.26,48.6,True,O,37.26,measured,48.6,37.26,0.6,1368.6982,917.5055,917.5055,1368.6982,917.5055,917.5055,
TAP_A01,952.0,,,727290.59,9683755.71,L,,,,,20090617-20090708,6.3,A,,20100714-20100805,6.6,A,,,20110712-20110719,M3,7.81,7.81,feldpausch_regional,0.1,site_median,-1.0,6.5,7.72,,False,L,7.81,feldpausch,,,0.6,,,,,,,
TAP_A01,530.0,,,727301.18,9683755.26,O,7.4,A,5.63,8.72,20090617-20090708,7.8,A,7.62,20100714-20100805,8.2,A,3.73,6.3,20110712-20110719,M3,9.19,8.72,measured,0.4,observed,-1.0,7.8,8.4,7.4,True,O,8.72,measured,7.0,8.365432903111937,0.6,8.4168,6.4843,6.4843,7.2517,5.6086,5.6086,
TAP_A01,531.0,,,727302.86,9683749.16,O,61.0,A,31.11,40.03,20090617-20090708,60.9,A,36.08,20100714-20100805,61.2,A,34.54,35.71,20110712-20110719,M3,32.22,40.03,measured,0.1,observed,-1.0,61.1,40.01,61.0,True,O,40.03,measured,60.9,40.00040965322097,0.6,2287.4566,1532.7473,1532.7473,2278.4974,1526.8021,1526.8021,
TAP_A01,532.0,,,727305.17,9683755.05,P,29.6,A,0.56,7.01,20090617-20090708,28.5,A,8.53,20100714-20100805,24.0,A,1.38,6.67,20110712-20110719,M3,19.3,7.01,measured,0.0,observed,-1.0,24.0,7.01,29.6,True,P,7.01,measured,29.6,7.01,0.6,101.8223,,,101.8223,,,
TAP_A01,533.0,,,727307.14,9683754.45,O,18.3,A,7.25,11.3,20090617-20090708,16.5,A,12.55,20100714-20100805,16.5,A,12.87,14.3,20110712-20110719,M3,15.1,11.3,measured,0.0,observed,-1.0,16.5,11.3,18.3,True,O,11.3,measured,18.3,11.3,0.6,63.4702,49.0207,49.0207,63.4702,49.0207,49.0207,
TAP_A01,534.0,,,727314.66,9683754.56,O,6.4,A,3.68,6.9,20090617-20090708,6.3,A,5.58,20100714-20100805,6.6,A,2.87,6.52,20110712-20110719,M3,7.81,6.9,measured,0.1,observed,-1.0,6.5,6.82,6.4,True,O,6.9,measured,6.300000000000001,6.818528762804775,0.6,5.0448,4.005,4.005,4.8357,3.8433,3.8433,
TAP_A01,535.0,,,727329.66,9683754.27,O,7.2,A,6.44,7.92,20090617-20090708,7.2,A,8.18,20100714-20100805,7.3,A,6.67,8.21,20110712-20110719,M3,8.43,7.92,measured,0.05,observed,-1.0,7.25,7.87,7.2,True,O,7.92,measured,7.15,7.878867763430797,0.6,7.2632,5.6739,5.6739,7.1288,5.5716,5.5716,
TAP_A01,536.0,,,727329.66,9683754.27,O,6.1,A,5.89,7.58,20090617-20090708,6.4,A,8.04,20100714-20100805,6.3,A,8.51,11.47,20110712-20110719,M3,7.54,7.58,measured,0.1,observed,-1.0,6.2,7.49,6.1,True,O,7.58,measured,6.0,7.4857671487909245,0.6,5.0348,3.9291,3.9291,4.8158,3.7626,3.7626,
TAP_A01,537.0,,,727335.13,9683753.49,O,9.0,A,3.37,5.11,20090617-20090708,9.1,A,4.52,20100714-20100805,9.0,A,3.97,6.46,20110712-20110719,M3,9.84,5.11,measured,0.0,observed,-1.0,9.0,5.11,9.0,True,O,5.11,measured,9.0,5.11,0.6,7.3208,6.1949,6.1949,7.3208,6.1949,6.1949,
TAP_A01,538.0,,,727348.11,9683752.81,O,7.8,D,1.38,2.05,20090617-20090708,7.4,D,1.9,20100714-20100805,7.4,D,,1.88,20110712-20110719,M3,8.51,2.05,measured,0.0,observed,-1.0,7.4,2.05,7.8,False,O,2.05,measured,7.8,2.05,0.6,2.2704,2.2704,2.2704,2.2704,2.2704,2.2704,
TAP_A01,539.0,,,727352.61,9683752.58,O,12.2,A,7.86,9.39,20090617-20090708,12.3,A,11.15,20100714-20100805,12.4,A,1.11,7.74,20110712-20110719,M3,12.39,9.39,measured,0.1,observed,-1.0,12.3,9.34,12.2,True,O,9.39,measured,12.1,9.335422539051375,0.6,24.008,18.7249,18.7249,23.4914,18.3316,18.3316,
TAP_A01,540.0,,,727354.6,9683752.47,O,8.9,A,4.36,8.99,20090617-20090708,9.1,A,4.88,20100714-20100805,9.1,D,2.46,6.42,20110712-20110719,M3,9.92,8.99,measured,0.1,observed,-1.0,9.0,8.92,8.9,True,O,8.99,measured,8.8,8.91579599683042,0.6,12.432,9.6165,9.6165,12.0628,9.338,9.338,
TAP_A01,541.0,,,727358.1,9683752.29,O,5.7,A,3.07,3.66,20090617-20090708,6.5,D,3.66,20100714-20100805,,D,,,20110712-20110719,M3,,3.66,measured,0.1,site_median,-1.0,,,5.7,True,O,3.66,measured,5.6000000000000005,3.6110751549238778,0.6,2.1671,1.8912,1.8912,2.0662,1.8054,1.8054,
TAP_A01,542.0,,,727366.09,9683751.87,O,11.4,A,1.25,8.35,20090617-20090708,11.5,A,5.17,20100714-20100805,,A,,,20110712-20110719,M3,,8.35,measured,0.1,site_median,-1.0,,,11.4,True,O,8.35,measured,11.3,8.297622752349975,0.6,18.7545,14.8528,14.8528,18.3218,14.5185,14.5185,
TAP_A01,543.0,,,727390.08,9683751.12,O,5.8,A,3.29,4.21,20090617-20090708,5.9,A,4.8,20100714-20100805,6.0,A,4.73,6.86,20110712-20110719,M3,7.27,4.21,measured,0.1,observed,-1.0,5.9,4.16,5.8,True,O,4.21,measured,5.7,4.154759241459371,0.6,2.5702,2.1957,2.1957,2.4526,2.0979,2.0979,
TAP_A01,544.0,,,727394.55,9683750.39,P,57.6,A,5.61,13.81,20090617-20090708,57.3,A,13.71,20100714-20100805,55.4,A,7.22,15.09,20110712-20110719,M3,30.77,13.81,measured,0.0,observed,-1.0,55.4,13.81,57.6,True,P,13.81,measured,57.6,13.81,0.6,723.8264,,,723.8264,,,
TAP_A01,545.0,,,727401.54,9683750.03,L,5.6,A,0.0,0.0,20090617-20090708,6.3,A,,20100714-20100805,6.3,D,,,20110712-20110719,M3,7.54,8.51,local_fit,0.35,observed,-1.0,5.95,8.16,5.6,True,L,7.54,feldpausch,5.25,7.178002014910635,0.6,4.2388,3.297,3.297,3.5618,2.7835,2.7835,
TAP_A01,546.0,,,727401.54,9683750.03,P,29.0,A,9.78,17.71,20090617-20090708,29.2,A,21.42,20100714-20100805,29.5,A,14.67,18.67,20110712-20110719,M3,21.91,17.71,measured,0.25,observed,-1.0,29.25,17.62,29.0,True,P,17.71,measured,28.75,17.617995181003607,0.6,241.7257,,,236.4696,,,
TAP_A01,547.0,,,727408.0,9683749.19,O,10.6,A,3.38,6.95,20090617-20090708,10.8,A,6.34,20100714-20100805,10.6,A,5.37,7.04,20110712-20110719,M3,11.08,6.95,measured,0.0,observed,-1.0,10.6,6.95,10.6,True,O,6.95,measured,10.6,6.95,0.6,13.603,11.0513,11.0513,13.603,11.0513,11.0513,
TAP_A01,548.0,,,727412.55,9683749.95,O,9.0,A,6.26,8.17,20090617-20090708,13.1,A,12.3,20100714-20100805,15.3,A,13.15,15.18,20110712-20110719,M3,14.34,8.17,measured,3.15,observed,-1.0,12.15,6.96,9.0,True,O,8.17,measured,5.85,5.924137658665414,0.6,11.5737,9.0937,9.0937,3.6478,2.9538,2.9538,
TAP_A01,549.0,,,727431.42,9683746.97,O,14.4,A,11.24,13.94,20090617-20090708,15.1,A,13.92,20100714-20100805,17.5,A,15.26,17.77,20110712-20110719,M3,15.71,13.94,measured,1.55,observed,-1.0,15.95,13.1,14.4,True,O,13.94,measured,12.85,12.87525913328461,0.6,48.7961,36.0405,36.0405,36.1544,26.8934,26.8934,
TAP_A01,550.0,,,727434.99,9683748.28,O,6.4,A,4.11,6.54,20090617-20090708,6.3,A,6.95,20100714-20100805,6.5,A,6.63,8.79,20110712-20110719,M3,7.72,6.54,measured,0.05,observed,-1.0,6.45,6.51,6.4,True,O,6.54,measured,6.3500000000000005,6.501438118658335,0.6,4.7877,3.8332,3.8332,4.6878,3.7553,3.7553,
TAP_A01,551.0,,,727443.98,9683747.81,O,6.2,A,4.78,8.28,20090617-20090708,6.2,A,7.89,20100714-20100805,6.9,A,3.1,8.38,20110712-20110719,M3,8.08,8.28,measured,0.35,observed,-1.0,6.55,7.96,6.2,True,O,8.28,measured,5.8500000000000005,7.923653791761119,0.6,5.6651,4.3631,4.3631,4.8451,3.7471,3.7471,
TAP_A01,552.0,,,727442.96,9683747.37,O,14.5,A,6.77,14.99,20090617-20090708,14.4,A,16.7,20100714-20100805,14.4,A,6.27,15.52,20110712-20110719,M3,13.76,14.99,measured,0.0,observed,-1.0,14.4,14.99,14.5,True,O,14.99,measured,14.5,14.99,0.6,53.0925,38.7794,38.7794,53.0925,38.7794,38.7794,
TAP_A01,553.0,,,727444.98,9683747.76,O,7.0,A,5.17,11.33,20090617-20090708,7.1,A,10.41,20100714-20100805,7.1,A,4.92,10.11,20110712-20110719,M3,8.25,11.33,measured,0.05,observed,-1.0,7.05,11.28,7.0,True,O,11.33,measured,6.95,11.269339377458618,0.6,9.7504,7.1881,7.1881,9.5646,7.0548,7.0548,
TAP_A01,554.0,,,727444.95,9683747.26,O,26.2,A,11.14,20.26,20090617-20090708,26.6,A,20.01,20100714-20100805,26.9,A,12.87,22.1,20110712-20110719,M3,20.72,20.26,measured,0.35,observed,-1.0,26.55,20.09,26.2,True,O,20.26,measured,25.849999999999998,20.092332692540726,0.6,226.0814,161.9918,161.9918,218.4446,156.6244,156.6244,
TAP_A01,555.0,,,727745.93,9683724.39,O,53.7,A,24.18,32.62,20090617-20090708,53.7,A,30.79,20100714-20100805,53.7,A,17.07,31.28,20110712-20110719,M4,30.32,32.62,measured,0.0,observed,-1.0,53.7,32.62,53.7,True,O,32.62,measured,53.7,32.62,0.6,1460.5985,1004.7035,1004.7035,1460.5985,1004.7035,1004.7035,
TAP_A01,556.0,,,727746.98,9683722.36,O,6.5,A,4.39,6.76,20090617-20090708,6.5,A,5.93,20100714-20100805,6.4,A,2.12,3.46,20110712-20110719,M4,7.64,6.76,measured,0.0,observed,-1.0,6.4,6.76,6.5,True,O,6.76,measured,6.5,6.76,0.6,5.0968,4.0624,4.0624,5.0968,4.0624,4.0624,
TAP_A01,557.0,,,727751.0,9683721.75,L,8.1,A,0.0,0.0,20090617-20090708,8.1,A,,20100714-20100805,8.4,A,,,20110712-20110719,M4,9.35,10.39,local_fit,0.15,observed,-1.0,8.25,10.26,8.1,True,L,9.35,feldpausch,7.949999999999999,9.221530421567913,0.6,10.7482,8.2253,8.2253,10.2241,7.8343,7.8343,
TAP_A01,558.0,,,727753.98,9683722.16,O,8.8,A,5.94,9.75,20090617-20090708,8.8,A,10.73,20100714-20100805,8.9,A,7.88,10.66,20110712-20110719,M4,9.76,9.75,measured,0.05,observed,-1.0,8.85,9.71,8.8,True,O,9.75,measured,8.75,9.709301384142504,0.6,13.1631,10.0469,10.0469,12.9645,9.8991,9.8991,
TAP_A01,559.0,,,727757.97,9683722.55,O,9.9,A,11.12,13.06,20090617-20090708,10.3,A,13.51,20100714-20100805,11.0,A,11.75,14.25,20110712-20110719,M4,11.38,13.06,measured,0.55,observed,-1.0,10.45,12.59,9.9,True,O,13.06,measured,9.35,12.528129308422498,0.6,22.0344,16.15,16.15,18.9244,13.9237,13.9237,
TAP_A01,560.0,,,727762.77,9683729.41,O,101.4,A,43.32,47.86,20090617-20090708,99.7,A,48.92,20100714-20100805,100.3,A,47.14,55.81,20110712-20110719,M4,39.0,47.86,measured,0.0,observed,-1.0,100.3,47.86,101.4,True,O,47.86,measured,101.4,47.86,0.6,7343.4497,4901.7712,4901.7712,7343.4497,4901.7712,4901.7712,
TAP_A01,561.0,,,727773.97,9683721.6,O,7.5,A,4.51,8.0,20090617-20090708,7.6,A,7.76,20100714-20100805,8.9,A,3.85,8.03,20110712-20110719,M4,9.76,8.0,measured,0.7,observed,-1.0,8.2,7.53,7.5,True,O,8.0,measured,6.8,7.435045539421217,0.6,7.9432,6.2074,6.2074,6.1079,4.806,4.806,
TAP_A01,562.0,,,727774.42,9683723.59,O,61.8,D,1.32,9.37,20090617-20090708,61.2,D,9.63,20100714-20100805,61.2,D,1.38,5.44,20110712-20110719,M4,32.22,9.37,measured,0.0,observed,-1.0,61.2,9.37,61.8,False,O,9.37,measured,61.8,9.37,0.6,568.7063,568.7063,568.7063,568.7063,568.7063,568.7063,
TAP_A01,563.0,,,727776.96,9683722.02,O,10.9,A,11.09,16.52,20090617-20090708,11.1,A,17.15,20100714-20100805,11.7,A,4.15,6.79,20110712-20110719,M4,11.89,16.52,measured,0.4,observed,-1.0,11.3,16.12,10.9,True,O,16.52,measured,10.5,16.081764864982393,0.6,33.4422,23.7271,23.7271,30.2833,21.5387,21.5387,
TAP_A01,564.0,,,727778.46,9683721.98,L,7.2,A,0.0,0.0,20090617-20090708,7.5,A,,20100714-20100805,7.9,A,,,20110712-20110719,M4,8.94,9.75,local_fit,0.35,observed,-1.0,7.55,9.42,7.2,True,L,8.94,feldpausch,6.8500000000000005,8.612694981572453,0.6,8.1748,6.265,6.265,7.1519,5.5003,5.5003,
TAP_A01,565.0,,,727779.43,9683722.95,O,84.7,A,38.32,48.28,20090617-20090708,82.4,A,50.86,20100714-20100805,82.4,A,34.61,45.16,20110712-20110719,M4,36.43,48.28,measured,0.0,observed,-1.0,82.4,48.28,84.7,True,O,48.28,measured,84.7,48.28,0.6,5212.4986,3444.6723,3444.6723,5212.4986,3444.6723,3444.6723,
TAP_A01,566.0,,,727778.99,9683720.97,L,7.2,A,0.0,0.0,20090617-20090708,7.3,A,,20100714-20100805,7.3,A,,,20110712-20110719,M4,8.43,9.75,local_fit,0.05,observed,-1.0,7.25,9.69,7.2,True,L,8.43,feldpausch,7.15,8.386219096682023,0.6,7.7194,5.9711,5.9711,7.5765,5.8634,5.8634,
TAP_A01,567.0,,,727787.97,9683721.21,O,5.0,A,6.0,6.86,20090617-20090708,5.0,A,7.36,20100714-20100805,5.0,A,6.3,8.24,20110712-20110719,M4,6.33,6.86,measured,0.0,observed,-1.0,5.0,6.86,5.0,True,O,6.86,measured,5.0,6.86,0.6,3.0982,2.4328,2.4328,3.0982,2.4328,2.4328,
TAP_A01,568.0,,,727803.45,9683721.28,L,9.3,A,27.19,29.0,20090617-20090708,9.2,A,,20100714-20100805,9.1,A,,,20110712-20110719,M4,9.92,29.0,measured,0.0,observed,-1.0,9.1,29.0,9.3,True,L,29.0,measured,9.3,29.0,0.6,42.4854,27.3695,27.3695,42.4854,27.3695,27.3695,
TAP_A01,569.0,,,727807.46,9683720.67,O,22.2,A,19.26,21.25,20090617-20090708,22.8,A,21.81,20100714-20100805,23.1,A,17.83,22.39,20110712-20110719,M4,18.84,21.25,measured,0.45,observed,-1.0,22.65,20.98,22.2,True,O,21.25,measured,21.75,20.97234612110007,0.6,171.4131,120.9331,120.9331,162.5955,114.8379,114.8379,
TAP_A01,570.0,,,727815.96,9683720.43,O,14.6,A,13.3,18.38,20090617-20090708,15.1,A,17.45,20100714-20100805,15.4,A,14.97,19.38,20110712-20110719,M4,14.41,18.38,measured,0.4,observed,-1.0,15.0,18.05,14.6,True,O,18.38,measured,14.2,18.03000765618529,0.6,65.6566,46.4515,46.4515,61.0351,43.2554,43.2554,
TAP_A01,571.0,,,727816.9,9683722.4,O,27.0,A,12.79,15.01,20090617-20090708,27.1,A,21.22,20100714-20100805,27.0,A,15.9,21.93,20110712-20110719,M4,20.76,15.01,measured,0.0,observed,-1.0,27.0,15.01,27.0,True,O,15.01,measured,27.0,15.01,0.6,178.9082,134.6066,134.6066,178.9082,134.6066,134.6066,
TAP_A01,572.0,,,727827.34,9683724.11,O,66.4,A,34.02,37.71,20090617-20090708,66.7,A,39.26,20100714-20100805,67.0,A,31.38,38.58,20110712-20110719,M4,33.53,37.71,measured,0.3,observed,-1.0,66.7,37.63,66.4,True,O,37.71,measured,66.10000000000001,37.636602154615524,0.6,2546.5626,1729.5657,1729.5657,2519.3569,1711.2431,1711.2431,
TAP_A01,573.0,,,727828.95,9683720.07,O,24.0,D,1.51,2.37,20090617-20090708,21.6,D,2.15,20100714-20100805,21.6,D,1.49,2.02,20110712-20110719,M4,18.05,2.37,measured,0.0,observed,-1.0,21.6,2.37,24.0,False,O,2.37,measured,24.0,2.37,0.6,23.4632,23.4632,23.4632,23.4632,23.4632,23.4632,
TAP_A01,574.0,,,727830.95,9683720.01,O,18.7,A,8.98,13.59,20090617-20090708,18.6,A,15.46,20100714-20100805,18.5,A,14.52,15.93,20110712-20110719,M4,16.31,13.59,measured,0.0,observed,-1.0,18.5,13.59,18.7,True,O,13.59,measured,18.7,13.59,0.6,79.2716,59.5273,59.5273,79.2716,59.5273,59.5273,
TAP_A01,575.0,,,727834.45,9683719.91,O,8.3,A,5.6,7.34,20090617-20090708,8.2,A,6.17,20100714-20100805,8.0,A,4.56,5.52,20110712-20110719,M4,9.02,7.34,measured,0.0,observed,-1.0,8.0,7.34,8.3,True,O,7.34,measured,8.3,7.34,0.6,8.9006,7.0852,7.0852,8.9006,7.0852,7.0852,
TAP_A01,576.0,,,727845.45,9683719.61,O,5.2,A,3.05,5.48,20090617-20090708,5.2,A,7.36,20100714-20100805,5.6,A,2.98,7.65,20110712-20110719,M4,6.9,5.48,measured,0.2,observed,-1.0,5.4,5.33,5.2,True,O,5.48,measured,5.0,5.317966038687358,0.6,2.6863,2.1897,2.1897,2.4164,1.9754,1.9754,
TAP_A01,577.0,,,727845.95,9683719.59,O,12.2,A,7.84,10.58,20090617-20090708,12.3,A,11.92,20100714-20100805,12.5,A,11.13,13.1,20110712-20110719,M4,12.46,10.58,measured,0.15,observed,-1.0,12.35,10.5,12.2,True,O,10.58,measured,12.049999999999999,10.487679312399631,0.6,26.9732,20.6447,20.6447,26.1054,19.9963,19.9963,
TAP_A01,578.0,,,727850.28,9683725.46,O,51.1,A,11.07,12.61,20090617-20090708,51.4,A,34.81,20100714-20100805,51.3,A,20.64,24.31,20110712-20110719,M4,29.65,12.61,measured,0.1,observed,-1.0,51.2,12.6,51.1,True,O,12.61,measured,51.0,12.597854973116233,0.6,524.3197,418.1058,418.1058,521.8277,416.1429,416.1429,
TAP_A01,579.0,,,727851.92,9683720.42,O,33.3,A,23.38,30.37,20090617-20090708,34.7,A,32.64,20100714-20100805,35.5,A,13.41,24.64,20110712-20110719,M4,24.4,30.37,measured,1.1,observed,-1.0,34.4,29.83,33.3,True,O,30.37,measured,32.199999999999996,29.783676329970387,0.6,535.9669,364.4079,364.4079,492.4909,335.3401,335.3401,
TAP_A01,580.0,,,727865.42,9683719.55,L,13.5,A,0.0,0.0,20090617-20090708,13.4,A,,20100714-20100805,14.5,A,,,20110712-20110719,M4,13.82,13.68,local_fit,0.5,observed,-1.0,14.0,13.35,13.5,True,L,13.82,feldpausch,13.0,13.459548588407563,0.6,42.6587,31.453,31.453,38.62,28.5426,28.5426,
TAP_A01,581.0,,,727865.42,9683719.55,O,6.0,A,7.45,12.4,20090617-20090708,6.3,A,11.18,20100714-20100805,6.9,A,7.06,11.82,20110712-20110719,M4,8.08,12.4,measured,0.45,observed,-1.0,6.45,11.79,6.0,True,O,12.4,measured,5.55,11.687309703697785,0.6,7.8812,5.6857,5.6857,6.3887,4.6349,4.6349,
TAP_A01,582.0,,,727865.44,9683719.05,O,18.1,A,10.91,13.77,20090617-20090708,18.1,A,16.44,20100714-20100805,17.8,A,9.75,13.83,20110712-20110719,M4,15.89,13.77,measured,0.0,observed,-1.0,17.8,13.77,18.1,True,O,13.77,measured,18.1,13.77,0.6,75.344,56.3721,56.3721,75.344,56.3721,56.3721,
TAP_A01,583.0,,,727865.94,9683719.03,O,7.7,A,6.15,10.93,20090617-20090708,8.2,A,11.56,20100714-20100805,9.2,A,8.92,10.85,20110712-20110719,M4,10.0,10.93,measured,0.75,observed,-1.0,8.45,10.26,7.7,True,O,10.93,measured,6.95,10.125547146442186,0.6,11.3392,8.4456,8.4456,8.616,6.4634,6.4634,
TAP_A01,584.0,,,727868.44,9683718.96,L,6.3,A,0.0,0.0,20090617-20090708,,D,,20100714-20100805,,D,,,20110712-20110719,M4,,9.07,local_fit,0.1,site_median,-1.0,,,6.3,True,L,,feldpausch,6.2,,0.6,,,,,,,
TAP_A01,585.0,,,727871.45,9683718.38,O,42.8,A,29.85,33.21,20090617-20090708,42.7,A,37.09,20100714-20100805,42.5,A,35.22,37.68,20110712-20110719,M4,26.93,33.21,measured,0.0,observed,-1.0,42.5,33.21,42.8,True,O,33.21,measured,42.8,33.21,0.6,954.5471,647.6568,647.6568,954.5471,647.6568,647.6568,
TAP_A01,586.0,,,727872.43,9683718.85,O,40.4,A,24.21,28.62,20090617-20090708,41.5,A,21.4,20100714-20100805,43.2,A,24.99,29.72,20110712-20110719,M4,27.17,28.62,measured,1.4,observed,-1.0,41.8,28.12,40.4,True,O,28.62,measured,39.0,28.07549210307549,0.6,737.6098,510.9495,510.9495,675.7504,468.7275,468.7275,
TAP_A01,587.0,,,727881.42,9683719.1,O,12.9,A,4.31,9.77,20090617-20090708,13.0,A,8.71,20100714-20100805,,A,,,20110712-20110719,M4,,9.77,measured,0.1,site_median,-1.0,,,12.9,True,O,9.77,measured,12.8,9.71668550258939,0.6,27.8272,21.6258,21.6258,27.2617,21.1967,21.1967,
TAP_A01,588.0,,,727898.41,9683718.62,O,26.3,A,19.57,25.46,20090617-20090708,26.2,A,21.25,20100714-20100805,26.5,A,14.05,19.47,20110712-20110719,M4,20.53,25.46,measured,0.1,observed,-1.0,26.4,25.4,26.3,True,O,25.46,measured,26.2,25.400265711922884,0.6,284.6637,196.7719,196.7719,281.9077,194.9035,194.9035,
TAP_A01,589.0,,,727902.41,9683718.51,O,17.8,A,12.9,19.49,20090617-20090708,17.4,A,17.73,20100714-20100805,17.7,A,11.66,15.92,20110712-20110719,M4,15.83,19.49,measured,0.0,observed,-1.0,17.7,19.49,17.8,True,O,19.49,measured,17.8,19.49,0.6,102.3616,72.4379,72.4379,102.3616,72.4379,72.4379,
TAP_A01,590.0,,,727910.89,9683718.77,O,24.4,A,14.31,20.87,20090617-20090708,24.4,A,20.55,20100714-20100805,24.2,A,15.0,19.26,20110712-20110719,M4,19.4,20.87,measured,0.0,observed,-1.0,24.2,20.87,24.4,True,O,20.87,measured,24.4,20.87,0.6,202.5347,143.9489,143.9489,202.5347,143.9489,143.9489,
TAP_A01,591.0,,,727917.92,9683717.58,O,13.5,A,16.06,18.22,20090617-20090708,13.8,A,17.69,20100714-20100805,14.0,A,17.23,18.97,20110712-20110719,M4,13.49,18.22,measured,0.25,observed,-1.0,13.75,17.99,13.5,True,O,18.22,measured,13.25,17.983371162193183,0.6,55.8686,39.4326,39.4326,53.1839,37.5816,37.5816,
TAP_A01,592.0,,,727920.93,9683716.99,O,6.8,A,9.65,12.4,20090617-20090708,7.5,A,13.66,20100714-20100805,7.7,A,11.77,15.09,20110712-20110719,M4,8.77,12.4,measured,0.45,observed,-1.0,7.25,11.85,6.8,True,O,12.4,measured,6.35,11.777460966892848,0.6,10.0623,7.3029,7.3029,8.3718,6.1056,6.1056,
TAP_A01,593.0,,,727921.9,9683717.97,O,17.5,A,19.02,21.0,20090617-20090708,18.4,A,23.92,20100714-20100805,19.8,A,16.38,23.38,20110712-20110719,M4,17.05,21.0,measured,1.15,observed,-1.0,18.65,20.19,17.5,True,O,21.0,measured,16.35,20.05854040680831,0.6,106.5018,74.4236,74.4236,89.1849,62.5714,62.5714,
TAP_A01,594.0,,,727927.86,9683719.3,O,26.2,A,19.28,22.1,20090617-20090708,27.3,A,22.1,20100714-20100805,28.8,A,22.07,23.54,20110712-20110719,M4,21.59,22.1,measured,1.3,observed,-1.0,27.5,21.5,26.2,True,O,22.1,measured,24.9,21.412772466859945,0.6,246.1,173.9302,173.9302,216.0621,153.0906,153.0906,
TAP_A01,595.0,,,727933.36,9683719.14,O,26.8,A,16.67,20.33,20090617-20090708,27.4,A,23.56,20100714-20100805,28.3,A,14.51,19.5,20110712-20110719,M4,21.37,20.33,measured,0.75,observed,-1.0,27.55,20.0,26.8,True,O,20.33,measured,26.05,19.97785659590083,0.6,237.0947,169.9751,169.9751,220.5226,158.3157,158.3157,
TAP_A01,596.0,,,727943.89,9683717.35,O,12.6,A,11.15,15.39,20090617-20090708,13.4,A,14.01,20100714-20100805,14.9,A,8.71,13.45,20110712-20110719,M4,14.08,15.39,measured,1.15,observed,-1.0,13.75,14.56,12.6,True,O,15.39,measured,11.45,14.379993662256231,0.6,41.4123,29.92,29.92,32.153,23.3731,23.3731,
TAP_A01,597.0,,,727947.39,9683717.25,O,35.5,A,20.02,27.99,20090617-20090708,36.4,A,31.77,20100714-20100805,38.5,A,21.95,30.97,20110712-20110719,M4,25.53,27.99,measured,1.5,observed,-1.0,37.0,27.39,35.5,True,O,27.99,measured,34.0,27.309865341986686,0.6,560.7655,387.4044,387.4044,503.2171,348.2785,348.2785,
TAP_A01,598.0,,,727949.83,9683719.18,O,40.3,A,29.07,34.24,20090617-20090708,42.4,A,30.29,20100714-20100805,44.0,A,19.05,31.97,20110712-20110719,M4,27.43,34.24,measured,1.85,observed,-1.0,42.15,33.48,40.3,True,O,34.24,measured,38.449999999999996,33.37221213404315,0.6,874.422,588.7327,588.7327,778.0403,524.7846,524.7846,
TAP_A01,599.0,,,727951.39,9683717.14,O,13.5,A,22.82,26.99,20090617-20090708,13.6,A,15.19,20100714-20100805,14.5,A,8.13,15.64,20110712-20110719,M4,13.82,26.99,measured,0.5,observed,-1.0,14.0,26.35,13.5,True,O,26.99,measured,13.0,26.28605039081911,0.6,81.9835,54.3815,54.3815,74.2216,49.3494,49.3494,
TAP_A01,600.0,,,727952.89,9683717.1,O,14.1,A,13.89,19.89,20090617-20090708,15.1,A,13.03,20100714-20100805,,A,,,20110712-20110719,M4,,19.89,measured,0.1,site_median,-1.0,,,14.1,True,O,19.89,measured,14.0,19.791919009103438,0.6,66.2528,46.2148,46.2148,65.0242,45.3777,45.3777,
TAP_A01,601.0,,,727958.28,9683720.94,O,48.4,A,28.18,32.1,20090617-20090708,48.5,A,34.36,20100714-20100805,53.3,A,26.9,34.87,20110712-20110719,M4,30.21,32.1,measured,2.45,observed,-1.0,50.85,31.38,48.4,True,O,32.1,measured,45.949999999999996,31.261961686844813,0.6,1173.8909,805.5107,805.5107,1033.6603,710.4831,710.4831,
TAP_A01,602.0,,,727959.86,9683717.9,O,39.4,D,1.75,24.76,20090617-20090708,39.4,D,20.74,20100714-20100805,39.4,D,,2.43,20110712-20110719,M4,25.86,24.76,measured,0.0,observed,-1.0,39.4,24.76,39.4,False,O,24.76,measured,39.4,24.76,0.6,609.7755,609.7755,609.7755,609.7755,609.7755,609.7755,
TAP_A01,603.0,,,727962.9,9683716.32,O,8.1,A,2.6,4.86,20090617-20090708,8.2,A,6.96,20100714-20100805,8.3,A,3.82,7.04,20110712-20110719,M4,9.27,4.86,measured,0.1,observed,-1.0,8.2,4.82,8.1,True,O,4.86,measured,8.0,4.815530565142991,0.6,5.6752,4.8161,4.8161,5.4898,4.6628,4.6628,
TAP_A01,604.0,,,727974.37,9683717.0,O,12.7,A,5.99,13.18,20090617-20090708,12.8,A,10.07,20100714-20100805,13.0,A,5.27,11.06,20110712-20110719,M4,12.81,13.18,measured,0.15,observed,-1.0,12.85,13.08,12.7,True,O,13.18,measured,12.549999999999999,13.070096342676464,0.6,36.1512,26.7767,26.7767,35.0349,25.9695,25.9695,
TAP_A01,605.0,,,727977.85,9683717.4,O,39.4,D,1.64,12.87,20090617-20090708,39.5,D,11.87,20100714-20100805,39.5,D,,9.7,20110712-20110719,M4,25.89,12.87,measured,0.05,observed,-1.0,39.45,12.87,39.4,False,O,12.87,measured,39.35,12.861076118439739,0.6,321.9719,321.9719,321.9719,320.9575,320.9575,320.9575,
TAP_A01,953.0,,,727980.41,9683715.33,O,9.8,A,5.79,10.26,20090617-20090708,10.3,A,13.11,20100714-20100805,11.4,A,9.14,13.47,20110712-20110719,M4,11.67,10.26,measured,0.8,observed,-1.0,10.6,9.74,9.8,True,O,10.26,measured,9.0,9.642260925385866,0.6,17.0692,12.9906,12.9906,13.6051,10.4136,10.4136,
TAP_A01,607.0,,,727981.91,9683715.29,O,6.5,A,3.23,7.16,20090617-20090708,6.9,A,8.83,20100714-20100805,6.8,A,4.29,8.97,20110712-20110719,M4,7.99,7.16,measured,0.15,observed,-1.0,6.65,7.04,6.5,True,O,7.16,measured,6.35,7.035129070287652,0.6,5.3909,4.258,4.258,5.0631,4.0057,4.0057,
TAP_A01,608.0,,,727989.89,9683715.56,P,5.4,A,3.19,6.62,20090617-20090708,5.8,A,4.82,20100714-20100805,6.8,A,3.37,5.66,20110712-20110719,M4,7.99,6.62,measured,0.7,observed,-1.0,6.1,6.1,5.4,True,P,6.62,measured,4.7,5.952286997112523,0.6,3.4774,,,2.3905,,,
TAP_A01,609.0,,,727993.33,9683717.47,O,25.1,A,20.66,26.88,20090617-20090708,25.4,A,24.84,20100714-20100805,25.1,A,17.96,20.47,20110712-20110719,M4,19.85,26.88,measured,0.0,observed,-1.0,25.1,26.88,25.1,True,O,26.88,measured,25.1,26.88,0.6,273.9976,187.3614,187.3614,273.9976,187.3614,187.3614,
TAP_A01,610.0,,,728001.88,9683715.23,O,9.5,A,10.29,15.42,20090617-20090708,9.5,A,15.1,20100714-20100805,9.5,A,10.81,13.89,20110712-20110719,M4,10.23,15.42,measured,0.0,observed,-1.0,9.5,15.42,9.5,True,O,15.42,measured,9.5,15.42,0.6,23.9082,17.0357,17.0357,23.9082,17.0357,17.0357,
TAP_A01,611.0,,,728001.9,9683714.73,O,23.0,A,13.92,16.32,20090617-20090708,23.4,A,20.88,20100714-20100805,23.4,A,17.51,23.4,20110712-20110719,M4,18.99,16.32,measured,0.2,observed,-1.0,23.2,16.23,23.0,True,O,16.32,measured,22.8,16.2295210148631,0.6,141.9608,104.5972,104.5972,138.8059,102.3197,102.3197,
TAP_A01,612.0,,,728002.88,9683715.2,O,5.0,A,3.97,6.5,20090617-20090708,5.1,A,6.17,20100714-20100805,5.0,A,2.98,5.91,20110712-20110719,M4,6.33,6.5,measured,0.0,observed,-1.0,5.0,6.5,5.0,True,O,6.5,measured,5.0,6.5,0.6,2.9394,2.3279,2.3279,2.9394,2.3279,2.3279,
TAP_A01,613.0,,,728005.38,9683715.13,O,10.1,A,7.2,16.55,20090617-20090708,10.3,A,11.81,20100714-20100805,10.4,A,4.49,10.85,20110712-20110719,M4,10.93,16.55,measured,0.15,observed,-1.0,10.25,16.37,10.1,True,O,16.55,measured,9.95,16.371611004829713,0.6,28.8697,20.4023,20.4023,27.7437,19.626,19.626,
TAP_A01,614.0,,,728008.4,9683714.55,O,5.5,A,3.58,6.79,20090617-20090708,5.2,A,9.05,20100714-20100805,5.1,A,2.82,5.24,20110712-20110719,M4,6.43,6.79,measured,0.0,observed,-1.0,5.1,6.79,5.5,True,O,6.79,measured,5.5,6.79,0.6,3.6945,2.9191,2.9191,3.6945,2.9191,2.9191,
TAP_A01,615.0,,,728008.38,9683715.05,O,18.4,A,17.09,20.13,20090617-20090708,18.9,A,20.52,20100714-20100805,19.0,A,12.72,19.9,20110712-20110719,M4,16.6,20.13,measured,0.3,observed,-1.0,18.7,19.91,18.4,True,O,20.13,measured,18.099999999999998,19.9108301759637,0.6,112.7033,79.4766,79.4766,107.9843,76.2205,76.2205,
TAP_A01,616.0,,,728009.88,9683715.01,O,7.5,A,8.34,10.71,20090617-20090708,7.5,A,11.85,20100714-20100805,7.6,A,6.63,11.2,20110712-20110719,M4,8.68,10.71,measured,0.05,observed,-1.0,7.55,10.66,7.5,True,O,10.71,measured,7.45,10.656783252784145,0.6,10.5598,7.8804,7.8804,10.3722,7.7441,7.7441,
TAP_A01,617.0,,,728013.39,9683714.41,O,8.1,A,5.82,8.86,20090617-20090708,7.9,A,9.46,20100714-20100805,8.1,A,7.1,11.41,20110712-20110719,M4,9.1,8.86,measured,0.0,observed,-1.0,8.1,8.86,8.1,True,O,8.86,measured,8.1,8.86,0.6,10.1981,7.871,7.871,10.1981,7.871,7.871,
TAP_A01,618.0,,,728018.88,9683714.75,O,26.8,A,28.73,32.06,20090617-20090708,27.5,A,21.62,20100714-20100805,28.5,A,25.05,28.86,20110712-20110719,M4,21.46,32.06,measured,0.85,observed,-1.0,27.65,31.48,26.8,True,O,32.06,measured,25.95,31.429874586366413,0.6,369.8284,246.7216,246.7216,340.6146,227.5938,227.5938,
TAP_A01,619.0,,,728021.89,9683714.17,O,7.1,A,2.84,4.98,20090617-20090708,6.7,A,7.45,20100714-20100805,6.8,A,5.79,6.39,20110712-20110719,M4,7.99,4.98,measured,0.0,observed,-1.0,6.8,4.98,7.1,True,O,4.98,measured,7.1,4.98,0.6,4.4938,3.7749,3.7749,4.4938,3.7749,3.7749,
TAP_A01,620.0,,,728025.87,9683714.56,O,51.3,A,25.23,33.41,20090617-20090708,51.4,A,30.69,20100714-20100805,52.2,A,31.74,35.29,20110712-20110719,M4,29.91,33.41,measured,0.45,observed,-1.0,51.75,33.26,51.3,True,O,33.41,measured,50.849999999999994,33.265543830785255,0.6,1367.4556,935.0292,935.0292,1338.4662,915.4465,915.4465,
TAP_A01,954.0,,,728028.42,9683714.59,L,,,,,20090617-20090708,6.4,A,,20100714-20100805,6.9,A,,,20110712-20110719,M4,8.08,8.08,feldpausch_regional,0.1,site_median,-1.0,6.8,7.99,,False,L,8.08,feldpausch,,,0.6,,,,,,,
TAP_A01,621.0,,,728030.39,9683713.93,O,6.0,A,4.7,7.02,20090617-20090708,6.1,A,8.14,20100714-20100805,6.0,A,4.84,7.29,20110712-20110719,M4,7.27,7.02,measured,0.0,observed,-1.0,6.0,7.02,6.0,True,O,7.02,measured,6.0,7.02,0.6,4.5231,3.57,3.57,4.5231,3.57,3.57,
TAP_A01,622.0,,,728031.89,9683713.89,O,5.0,A,3.93,8.08,20090617-20090708,5.0,A,5.46,20100714-20100805,4.9,A,3.2,5.03,20110712-20110719,M4,6.23,8.08,measured,0.0,observed,-1.0,4.9,8.08,5.0,True,O,8.08,measured,5.0,8.08,0.6,3.6348,2.7814,2.7814,3.6348,2.7814,2.7814,
TAP_A01,623.0,,,728033.87,9683714.33,O,9.0,A,5.82,11.25,20090617-20090708,9.2,A,11.88,20100714-20100805,9.4,A,4.92,11.43,20110712-20110719,M4,10.16,11.25,measured,0.2,observed,-1.0,9.2,11.07,9.0,True,O,11.25,measured,8.8,11.066173380325786,0.6,15.8149,11.8137,11.8137,14.8947,11.1433,11.1433,
TAP_A01,624.0,,,728038.36,9683714.71,O,5.1,A,5.05,7.79,20090617-20090708,5.3,A,6.39,20100714-20100805,5.3,A,4.81,7.22,20110712-20110719,M4,6.62,7.79,measured,0.1,observed,-1.0,5.2,7.67,5.1,True,O,7.79,measured,5.0,7.672770365492014,0.6,3.6457,2.8085,2.8085,3.4559,2.6662,2.6662,
TAP_A01,625.0,,,728041.88,9683713.61,L,16.5,A,0.0,0.0,20090617-20090708,15.3,A,,20100714-20100805,16.4,A,,,20110712-20110719,M4,15.04,15.24,local_fit,0.0,observed,-1.0,16.4,15.24,16.5,True,L,15.04,feldpausch,16.5,15.04,0.6,68.5462,50.3519,50.3519,68.5462,50.3519,50.3519,
TAP_A01,626.0,,,728041.88,9683713.61,L,6.4,A,0.0,0.0,20090617-20090708,6.3,A,,20100714-20100805,6.3,A,,,20110712-20110719,M4,7.54,9.15,local_fit,0.0,observed,-1.0,6.3,9.15,6.4,True,L,7.54,feldpausch,6.4,7.54,0.6,5.501,4.3063,4.3063,5.501,4.3063,4.3063,
TAP_A01,627.0,,,728049.37,9683713.9,O,21.6,A,18.54,22.55,20090617-20090708,21.8,A,22.13,20100714-20100805,22.2,A,14.34,18.5,20110712-20110719,M4,18.37,22.55,measured,0.3,observed,-1.0,21.9,22.35,21.6,True,O,22.55,measured,21.3,22.347332548825506,0.6,172.1811,120.1824,120.1824,166.0741,116.0073,116.0073,
TAP_A01,628.0,,,728052.35,9683714.32,O,5.9,A,6.12,9.21,20090617-20090708,6.2,A,8.9,20100714-20100805,6.4,A,5.15,8.92,20110712-20110719,M4,7.64,9.21,measured,0.25,observed,-1.0,6.15,8.93,5.9,True,O,9.21,measured,5.65,8.912165886140565,0.6,5.7053,4.3105,4.3105,5.0774,3.8481,3.8481,
TAP_A01,629.0,,,728057.86,9683713.66,O,8.3,A,6.96,12.03,20090617-20090708,8.4,A,10.75,20100714-20100805,8.7,A,0.17,6.86,20110712-20110719,M4,9.6,12.03,measured,0.2,observed,-1.0,8.5,11.82,8.3,True,O,12.03,measured,8.100000000000001,11.815172161375099,0.6,14.4159,10.6138,10.6138,13.5059,9.9606,9.9606,
TAP_A01,630.0,,,728059.36,9683713.62,O,5.3,A,5.35,9.77,20090617-20090708,5.3,A,9.26,20100714-20100805,5.6,A,8.64,12.05,20110712-20110719,M4,6.9,9.77,measured,0.15,observed,-1.0,5.45,9.57,5.3,True,O,9.77,measured,5.1499999999999995,9.557996759759677,0.6,4.9021,3.6504,3.6504,4.5368,3.3854,3.3854,
TAP_A01,631.0,,,728061.74,9683718.05,O,63.8,A,32.26,39.37,20090617-20090708,63.7,A,42.89,20100714-20100805,64.6,A,31.36,40.06,20110712-20110719,M4,33.0,39.37,measured,0.4,observed,-1.0,64.2,39.26,63.8,True,O,39.37,measured,63.4,39.26111598458334,0.6,2456.6998,1654.0405,1654.0405,2420.1733,1629.6691,1629.6691,
TAP_A01,632.0,,,728063.86,9683713.5,O,6.5,A,5.99,8.33,20090617-20090708,6.7,A,8.77,20100714-20100805,6.9,A,5.11,8.93,20110712-20110719,M4,8.08,8.33,measured,0.2,observed,-1.0,6.7,8.14,6.5,True,O,8.33,measured,6.3,8.136056389206308,0.6,6.2491,4.8192,4.8192,5.7456,4.4408,4.4408,
TAP_A01,633.0,,,728073.36,9683713.23,O,36.2,A,19.76,23.2,20090617-20090708,36.1,A,20.82,20100714-20100805,36.1,A,18.94,23.15,20110712-20110719,M4,24.63,23.2,measured,0.0,observed,-1.0,36.1,23.2,36.2,True,O,23.2,measured,36.2,23.2,0.6,485.0384,345.4982,345.4982,485.0384,345.4982,345.4982,
TAP_A01,634.0,,,728086.32,9683713.87,O,16.9,D,1.58,11.71,20090617-20090708,16.7,D,9.87,20100714-20100805,16.7,D,,8.27,20110712-20110719,M4,15.22,11.71,measured,0.0,observed,-1.0,16.7,11.71,16.9,False,O,11.71,measured,16.9,11.71,0.6,56.261,56.261,56.261,56.261,56.261,56.261,
TAP_A01,635.0,,,728089.85,9683712.77,O,4.8,A,2.16,4.26,20090617-20090708,5.3,A,5.51,20100714-20100805,4.8,A,3.68,5.62,20110712-20110719,M4,6.13,4.26,measured,0.0,observed,-1.0,4.8,4.26,4.8,True,O,4.26,measured,4.8,4.26,0.6,1.797,1.5184,1.5184,1.797,1.5184,1.5184,
TAP_A01,636.0,,,728092.36,9683712.2,O,5.0,A,8.07,9.39,20090617-20090708,5.2,A,12.35,20100714-20100805,5.6,A,5.26,12.9,20110712-20110719,M4,6.9,9.39,measured,0.3,observed,-1.0,5.3,9.01,5.0,True,O,9.39,measured,4.7,8.954470088301699,0.6,4.2089,3.1451,3.1451,3.5611,2.6732,2.6732,
TAP_A01,637.0,,,728092.81,9683714.18,O,22.5,A,19.42,21.45,20090617-20090708,22.6,A,21.13,20100714-20100805,22.6,A,16.76,23.92,20110712-20110719,M4,18.58,21.45,measured,0.05,observed,-1.0,22.55,21.42,22.5,True,O,21.45,measured,22.45,21.419521328791706,0.6,177.58,125.1792,125.1792,176.5653,124.4786,124.4786,
TAP_A01,638.0,,,728109.84,9683712.21,O,8.0,A,4.3,9.91,20090617-20090708,8.4,A,10.79,20100714-20100805,8.7,A,3.88,9.93,20110712-20110719,M4,9.6,9.91,measured,0.35,observed,-1.0,8.35,9.61,8.0,True,O,9.91,measured,7.65,9.586525294690803,0.6,11.1035,8.4145,8.4145,9.8507,7.4883,7.4883,
TAP_A01,955.0,,,728112.84,9683712.12,L,7.9,A,1.58,8.61,20090617-20090708,7.0,A,,20100714-20100805,7.5,A,,,20110712-20110719,M4,8.6,8.61,measured,0.0,observed,-1.0,7.5,8.61,7.9,True,L,8.61,measured,7.9,8.61,0.6,9.4448,7.3139,7.3139,9.4448,7.3139,7.3139,
TAP_A01,640.0,,,728124.84,9683711.79,O,6.1,A,9.48,11.94,20090617-20090708,6.2,A,11.47,20100714-20100805,6.2,A,5.87,13.69,20110712-20110719,M4,7.45,11.94,measured,0.05,observed,-1.0,6.15,11.88,6.1,True,O,11.94,measured,6.05,11.865878265715885,0.6,7.8448,5.6978,5.6978,7.673,5.5763,5.5763,
TAP_A01,641.0,,,728128.83,9683711.68,O,10.6,D,1.47,2.78,20090617-20090708,7.9,D,2.95,20100714-20100805,7.9,D,,3.08,20110712-20110719,M4,8.94,2.78,measured,0.0,observed,-1.0,7.9,2.78,10.6,False,O,2.78,measured,10.6,2.78,0.6,5.5622,5.5622,5.5622,5.5622,5.5622,5.5622,
TAP_A01,642.0,,,728143.65,9683717.76,O,82.5,D,1.09,2.97,20090617-20090708,82.7,D,4.46,20100714-20100805,82.7,D,,4.33,20110712-20110719,M4,36.48,2.97,measured,0.1,observed,-1.0,82.6,2.97,82.5,False,O,2.97,measured,82.4,2.968654370423855,0.6,325.6785,325.6785,325.6785,324.7647,324.7647,324.7647,
TAP_A01,643.0,,,728145.84,9683710.7,O,7.5,A,7.81,11.03,20090617-20090708,7.7,A,10.48,20100714-20100805,7.9,A,4.23,13.36,20110712-20110719,M4,8.94,11.03,measured,0.2,observed,-1.0,7.7,10.82,7.5,True,O,11.03,measured,7.3,10.810022298820858,0.6,10.8676,8.0725,8.0725,10.1084,7.5227,7.5227,
TAP_A01,644.0,,,728155.82,9683710.92,O,13.3,A,6.96,12.92,20090617-20090708,13.7,A,13.3,20100714-20100805,14.3,A,7.39,13.4,20110712-20110719,M4,13.69,12.92,measured,0.5,observed,-1.0,13.8,12.61,13.3,True,O,12.92,measured,12.8,12.577230827148673,0.6,38.7982,28.8919,28.8919,35.0695,26.1782,26.1782,
TAP_A01,645.0,,,728166.83,9683710.11,O,11.4,A,13.15,15.17,20090617-20090708,,D,,20100714-20100805,,D,,,20110712-20110719,M4,,15.17,measured,0.1,site_median,-1.0,,,11.4,True,O,15.17,measured,11.3,15.074842772832229,0.6,33.5877,24.2056,24.2056,32.8129,23.6607,23.6607,
TAP_A01,991.0,,,728169.03,9683710.15,O,,,,,20090617-20090708,6.5,A,3.26,20100714-20100805,6.6,A,0.6,5.09,20110712-20110719,M4,7.81,3.26,measured,0.1,site_median,-1.0,6.5,3.22,,False,O,7.81,feldpausch,,,0.6,,,,,,,
TAP_A01,646.0,,,728177.82,9683710.31,O,17.0,A,12.76,16.0,20090617-20090708,16.6,A,17.28,20100714-20100805,17.7,A,11.45,17.1,20110712-20110719,M4,15.83,16.0,measured,0.35,observed,-1.0,17.35,15.79,17.0,True,O,16.0,measured,16.65,15.776760124524644,0.6,77.1824,56.2247,56.2247,73.1016,53.3171,53.3171,
TAP_A01,647.0,,,728183.33,9683709.65,O,7.3,A,5.47,9.34,20090617-20090708,7.5,A,9.72,20100714-20100805,7.8,A,5.86,9.95,20110712-20110719,M4,8.85,9.34,measured,0.25,observed,-1.0,7.55,9.12,7.3,True,O,9.34,measured,7.05,9.099946279643857,0.6,8.7645,6.675,6.675,7.9827,6.0944,6.0944,
TAP_A01,648.0,,,728188.83,9683709.5,O,8.0,A,4.62,7.89,20090617-20090708,8.1,A,9.03,20100714-20100805,8.3,A,4.82,9.35,20110712-20110719,M4,9.27,7.89,measured,0.15,observed,-1.0,8.15,7.79,8.0,True,O,7.89,measured,7.85,7.780111974164227,0.6,8.8887,6.9831,6.9831,8.4498,6.647,6.647,
TAP_A01,649.0,,,728193.31,9683709.87,O,5.2,A,7.26,8.95,20090617-20090708,5.3,A,9.31,20100714-20100805,5.3,A,5.63,9.38,20110712-20110719,M4,6.62,8.95,measured,0.05,observed,-1.0,5.25,8.88,5.2,True,O,8.95,measured,5.15,8.884127281493651,0.6,4.3359,3.2708,3.2708,4.2243,3.1889,3.1889,
TAP_A01,650.0,,,728193.32,9683709.37,P,32.0,A,4.48,9.76,20090617-20090708,33.3,A,10.96,20100714-20100805,29.1,A,4.39,10.59,20110712-20110719,M4,21.73,9.76,measured,0.0,observed,-1.0,29.1,9.76,32.0,True,P,9.76,measured,32.0,9.76,0.6,163.7633,,,163.7633,,,
TAP_A01,651.0,,,728195.78,9683710.8,O,14.5,A,5.53,19.85,20090617-20090708,15.2,A,17.98,20100714-20100805,16.1,A,13.57,14.94,20110712-20110719,M4,14.85,19.85,measured,0.8,observed,-1.0,15.3,19.17,14.5,True,O,19.85,measured,13.7,19.08314050236315,0.6,69.8337,48.7937,48.7937,60.1525,42.1767,42.1767,
TAP_A01,652.0,,,728197.32,9683709.26,O,8.2,A,3.83,9.12,20090617-20090708,8.7,A,10.03,20100714-20100805,9.1,A,5.33,9.97,20110712-20110719,M4,9.92,9.12,measured,0.45,observed,-1.0,8.65,8.79,8.2,True,O,9.12,measured,7.749999999999999,8.746640419260826,0.6,10.7444,8.2597,8.2597,9.2388,7.13,7.13,
TAP_A01,653.0,,,728197.79,9683710.25,O,6.9,A,6.71,10.61,20090617-20090708,7.0,A,7.5,20100714-20100805,7.1,A,2.52,6.06,20110712-20110719,M4,8.25,10.61,measured,0.1,observed,-1.0,7.0,10.51,6.9,True,O,10.61,measured,6.800000000000001,10.494472567428787,0.6,8.8919,6.619,6.619,8.5502,6.3712,6.3712,
TAP_A01,654.0,,,728197.79,9683710.25,O,8.7,A,5.12,5.81,20090617-20090708,8.7,A,7.46,20100714-20100805,8.5,A,3.63,7.46,20110712-20110719,M4,9.43,5.81,measured,0.0,observed,-1.0,8.5,5.81,8.7,True,O,5.81,measured,8.7,5.81,0.6,7.7667,6.4297,6.4297,7.7667,6.4297,6.4297,
TAP_A01,655.0,,,728204.8,9683709.55,O,18.1,A,17.14,23.67,20090617-20090708,19.5,A,23.56,20100714-20100805,20.9,A,20.5,25.02,20110712-20110719,M4,17.67,23.67,measured,1.4,observed,-1.0,19.5,22.61,18.1,True,O,23.67,measured,16.700000000000003,22.424171824417915,0.6,127.84,87.8033,87.8033,103.634,71.5119,71.5119,
TAP_A01,656.0,,,728212.27,9683710.34,O,18.3,A,17.04,21.13,20090617-20090708,17.5,A,15.98,20100714-20100805,18.5,A,4.59,6.56,20110712-20110719,M4,16.31,21.13,measured,0.1,observed,-1.0,18.4,21.05,18.3,True,O,21.13,measured,18.2,21.053036000834748,0.6,116.9142,81.7955,81.7955,115.2591,80.6629,80.6629,
TAP_A01,956.0,,,728222.36,9683708.56,O,,,,,20090617-20090708,5.2,A,6.61,20100714-20100805,5.0,A,4.71,7.27,20110712-20110719,M4,6.33,6.61,measured,0.1,site_median,-1.0,4.9,6.51,,False,O,6.33,feldpausch,,,0.6,,,,,,,
TAP_A01,657.0,,,728228.8,9683708.88,O,10.6,A,9.53,16.31,20090617-20090708,10.7,A,14.88,20100714-20100805,11.0,A,9.63,16.93,20110712-20110719,M4,11.38,16.31,measured,0.2,observed,-1.0,10.8,16.1,10.6,True,O,16.31,measured,10.4,16.08764779232638,0.6,31.2761,22.2054,22.2054,29.7335,21.1367,21.1367,
TAP_A01,658.0,,,728230.79,9683708.82,O,21.9,A,20.78,25.3,20090617-20090708,22.1,A,22.27,20100714-20100805,22.6,A,19.36,22.73,20110712-20110719,M4,18.58,25.3,measured,0.35,observed,-1.0,22.25,25.04,21.9,True,O,25.3,measured,21.549999999999997,25.038945358856484,0.6,197.9034,135.7376,135.7376,189.8449,130.3233,130.3233,
TAP_A01,659.0,,,728231.81,9683708.3,O,7.0,A,5.36,7.57,20090617-20090708,7.1,A,7.73,20100714-20100805,7.0,A,4.95,7.97,20110712-20110719,M4,8.17,7.57,measured,0.0,observed,-1.0,7.0,7.57,7.0,True,O,7.57,measured,7.0,7.57,0.6,6.5779,5.1684,5.1684,6.5779,5.1684,5.1684,
TAP_A01,660.0,,,728235.78,9683709.18,L,5.7,A,0.0,0.0,20090617-20090708,5.7,A,,20100714-20100805,5.9,A,,,20110712-20110719,M4,7.18,8.59,local_fit,0.1,observed,-1.0,5.8,8.48,5.7,True,L,7.18,feldpausch,5.6000000000000005,7.0840217520091375,0.6,4.1832,3.2819,3.2819,3.9884,3.133,3.133,
TAP_A01,661.0,,,728236.28,9683709.17,O,48.9,A,22.9,29.78,20090617-20090708,50.9,A,36.99,20100714-20100805,52.1,A,29.61,32.71,20110712-20110719,M4,29.88,29.78,measured,1.6,observed,-1.0,50.5,29.33,48.9,True,O,29.78,measured,47.3,29.28384534950109,0.6,1113.1202,773.2992,773.2992,1026.1685,713.6472,713.6472,
TAP_A01,662.0,,,728240.79,9683708.55,O,8.2,A,9.44,13.45,20090617-20090708,8.2,A,11.71,20100714-20100805,8.4,A,4.36,12.12,20110712-20110719,M4,9.35,13.45,measured,0.1,observed,-1.0,8.3,13.33,8.2,True,O,13.45,measured,8.1,13.328567833718177,0.6,15.6985,11.3496,11.3496,15.1919,10.9926,10.9926,
TAP_A01,663.0,,,728233.36,9683706.26,O,80.8,D,2.8,7.0,20090617-20090708,80.4,D,5.42,20100714-20100805,80.4,D,,4.04,20110712-20110719,M4,36.09,7.0,measured,0.0,observed,-1.0,80.4,7.0,80.8,False,O,7.0,measured,80.8,7.0,0.6,722.0102,722.0102,722.0102,722.0102,722.0102,722.0102,
TAP_A01,664.0,,,728229.84,9683707.35,O,75.7,A,31.28,43.68,20090617-20090708,74.5,A,42.09,20100714-20100805,76.1,A,30.69,46.16,20110712-20110719,M4,35.33,43.68,measured,0.2,observed,-1.0,75.9,43.63,75.7,True,O,43.68,measured,75.5,43.63420106952073,0.6,3796.3976,2535.1427,2535.1427,3772.9784,2519.6016,2519.6016,
TAP_A01,665.0,,,728229.35,9683706.87,O,16.4,A,9.5,15.54,20090617-20090708,17.1,A,12.02,20100714-20100805,16.9,A,7.38,15.05,20110712-20110719,M4,15.35,15.54,measured,0.25,observed,-1.0,16.65,15.38,16.4,True,O,15.54,measured,16.15,15.378725290193596,0.6,69.9346,51.0921,51.0921,67.1812,49.1253,49.1253,
TAP_A01,666.0,,,728222.83,9683708.05,O,10.0,A,6.13,9.19,20090617-20090708,9.9,A,9.09,20100714-20100805,9.9,A,5.3,9.19,20110712-20110719,M4,10.55,9.19,measured,0.0,observed,-1.0,9.9,9.19,10.0,True,O,9.19,measured,10.0,9.19,0.6,15.9462,12.3609,12.3609,15.9462,12.3609,12.3609,
TAP_A01,667.0,,,728207.32,9683708.98,O,5.5,A,6.38,10.19,20090617-20090708,5.5,A,7.5,20100714-20100805,5.5,A,4.08,6.82,20110712-20110719,M4,6.81,10.19,measured,0.0,observed,-1.0,5.5,10.19,5.5,True,O,10.19,measured,5.5,10.19,0.6,5.4907,4.0688,4.0688,5.4907,4.0688,4.0688,
TAP_A01,668.0,,,728205.83,9683708.52,P,6.4,A,5.96,8.68,20090617-20090708,6.3,A,7.81,20100714-20100805,6.2,A,4.81,9.04,20110712-20110719,M4,7.45,8.68,measured,0.0,observed,-1.0,6.2,8.68,6.4,True,P,8.68,measured,6.4,8.68,0.6,6.3113,,,6.3113,,,
TAP_A01,669.0,,,728205.83,9683708.52,P,6.4,A,4.75,5.99,20090617-20090708,6.5,A,5.75,20100714-20100805,6.5,D,,4.92,20110712-20110719,M4,7.72,5.99,measured,0.05,observed,-1.0,6.45,5.96,6.4,True,P,5.99,measured,6.3500000000000005,5.9546810903308,0.6,4.3943,,,4.3027,,,
TAP_A01,670.0,,,728202.4,9683706.12,O,29.6,A,33.21,39.1,20090617-20090708,30.1,A,30.89,20100714-20100805,30.2,A,25.36,31.06,20110712-20110719,M4,22.22,39.1,measured,0.3,observed,-1.0,29.9,38.87,29.6,True,O,39.1,measured,29.3,38.862389710563775,0.6,544.9876,354.0328,354.0328,531.0887,345.1675,345.1675,
TAP_A01,671.0,,,728202.38,9683707.12,O,21.0,D,1.35,1.52,20090617-20090708,19.1,D,1.7,20100714-20100805,0.0,D,,,20110712-20110719,M4,,1.52,measured,0.1,site_median,-1.0,1.0,,21.0,False,O,1.52,measured,20.9,1.5153012544188973,0.6,11.7196,11.7196,11.7196,11.5759,11.5759,11.5759,
TAP_A01,672.0,,,728193.85,9683708.36,O,15.8,A,21.05,23.92,20090617-20090708,16.5,A,21.18,20100714-20100805,17.4,A,20.35,21.72,20110712-20110719,M4,15.65,23.92,measured,0.8,observed,-1.0,16.6,23.17,15.8,True,O,23.92,measured,15.0,23.083437262806402,0.6,99.0627,67.4839,67.4839,86.4514,59.0775,59.0775,
TAP_A01,673.0,,,728190.87,9683707.94,O,17.8,A,13.41,16.59,20090617-20090708,18.1,A,13.81,20100714-20100805,18.1,A,10.42,16.59,20110712-20110719,M4,16.07,16.59,measured,0.15,observed,-1.0,17.95,16.5,17.8,True,O,16.59,measured,17.650000000000002,16.49628343362948,0.6,87.4683,63.4942,63.4942,85.5609,62.1399,62.1399,
TAP_A01,674.0,,,728186.34,9683709.07,O,14.6,A,10.45,14.2,20090617-20090708,15.4,A,14.44,20100714-20100805,16.3,A,12.9,20.87,20110712-20110719,M4,14.98,14.2,measured,0.85,observed,-1.0,15.45,13.69,14.6,True,O,14.2,measured,13.75,13.6212697427051,0.6,51.04,37.6129,37.6129,43.5937,32.2444,32.2444,
TAP_A01,675.0,,,728184.85,9683708.61,O,17.5,A,14.06,17.87,20090617-20090708,18.2,A,19.26,20100714-20100805,18.9,A,12.87,20.0,20110712-20110719,M4,16.54,17.87,measured,0.7,observed,-1.0,18.2,17.43,17.5,True,O,17.87,measured,16.8,17.385558648464997,0.6,90.9797,65.2189,65.2189,81.7878,58.7695,58.7695,
TAP_A01,676.0,,,728179.34,9683709.27,O,21.4,A,12.74,18.15,20090617-20090708,22.0,A,18.67,20100714-20100805,22.4,A,12.76,20.05,20110712-20110719,M4,18.47,18.15,measured,0.5,observed,-1.0,21.9,17.89,21.4,True,O,18.15,measured,20.9,17.874326567506326,0.6,136.8018,98.7752,98.7752,128.6952,93.0413,93.0413,
TAP_A01,677.0,,,728177.33,9683709.82,O,29.3,D,1.17,5.04,20090617-20090708,29.1,D,6.56,20100714-20100805,29.1,D,,5.36,20110712-20110719,M4,21.73,5.04,measured,0.0,observed,-1.0,29.1,5.04,29.3,False,O,5.04,measured,29.3,5.04,0.6,72.3367,72.3367,72.3367,72.3367,72.3367,72.3367,
TAP_A01,678.0,,,728163.35,9683709.71,O,8.2,A,3.92,5.0,20090617-20090708,7.4,A,4.42,20100714-20100805,7.5,A,1.91,4.2,20110712-20110719,M4,8.6,5.0,measured,0.0,observed,-1.0,7.5,5.0,8.2,True,O,5.0,measured,8.2,5.0,0.6,5.9761,5.0518,5.0518,5.9761,5.0518,5.0518,
TAP_A01,679.0,,,728159.35,9683709.82,O,8.4,A,5.31,9.91,20090617-20090708,9.1,A,11.11,20100714-20100805,9.1,A,5.01,10.78,20110712-20110719,M4,9.92,9.91,measured,0.35,observed,-1.0,8.75,9.63,8.4,True,O,9.91,measured,8.05,9.603349986528713,0.6,12.213,9.277,9.277,10.8998,8.3037,8.3037,
TAP_A01,680.0,,,728154.37,9683709.46,O,53.5,A,16.75,26.99,20090617-20090708,54.4,A,27.91,20100714-20100805,55.0,A,13.43,28.67,20110712-20110719,M4,30.67,26.99,measured,0.75,observed,-1.0,54.25,26.81,53.5,True,O,26.99,measured,52.75,26.80660544644465,0.6,1205.206,854.0651,854.0651,1164.6702,825.6694,825.6694,
TAP_A01,681.0,,,728136.37,9683709.97,O,6.7,A,3.69,5.15,20090617-20090708,7.2,A,5.98,20100714-20100805,7.4,A,2.33,7.65,20110712-20110719,M4,8.51,5.15,measured,0.35,observed,-1.0,7.05,4.97,6.7,True,O,5.15,measured,6.3500000000000005,4.946156936570512,0.6,4.1465,3.4552,3.4552,3.5899,3.0027,3.0027,
TAP_A01,957.0,,,728135.48,9683709.89,P,,,,,20090617-20090708,14.2,A,5.12,20100714-20100805,16.3,A,1.65,4.59,20110712-20110719,M4,14.98,5.12,measured,0.1,site_median,-1.0,16.2,5.1,,False,P,14.98,feldpausch,,,0.6,,,,,,,
TAP_A01,682.0,,,728128.86,9683710.68,L,7.6,D,1.92,2.27,20090617-20090708,5.0,D,,20100714-20100805,,D,,,20110712-20110719,M4,,2.27,measured,0.1,site_median,-1.0,,,7.6,False,L,2.27,measured,7.5,2.247738011083621,0.6,2.3839,2.3839,2.3839,2.3008,2.3008,2.3008,
TAP_A01,683.0,,,728125.91,9683709.26,O,90.5,A,41.79,49.57,20090617-20090708,92.5,A,57.03,20100714-20100805,93.4,A,40.21,54.53,20110712-20110719,M4,38.09,49.57,measured,1.45,observed,-1.0,91.95,49.31,90.5,True,O,49.57,measured,89.05,49.29001486622692,0.6,6086.5666,4018.3309,4018.3309,5865.1462,3872.6133,3872.6133,
TAP_A01,684.0,,,728121.37,9683710.89,O,13.0,A,9.21,12.51,20090617-20090708,13.4,A,17.46,20100714-20100805,13.9,A,11.84,17.31,20110712-20110719,M4,13.42,12.51,measured,0.45,observed,-1.0,13.45,12.23,13.0,True,O,12.51,measured,12.55,12.203688248959363,0.6,35.9585,26.8845,26.8845,32.7664,24.5526,24.5526,
TAP_A01,685.0,,,728119.85,9683711.43,O,7.5,A,6.02,9.85,20090617-20090708,7.7,A,9.32,20100714-20100805,7.5,A,7.16,9.15,20110712-20110719,M4,8.6,9.85,measured,0.0,observed,-1.0,7.5,9.85,7.5,True,O,9.85,measured,7.5,9.85,0.6,9.7314,7.3589,7.3589,9.7314,7.3589,7.3589,
TAP_A01,686.0,,,728116.37,9683711.03,O,6.4,A,6.23,9.35,20090617-20090708,7.0,A,9.38,20100714-20100805,7.4,A,5.63,9.91,20110712-20110719,M4,8.51,9.35,measured,0.5,observed,-1.0,6.9,8.88,6.4,True,O,9.35,measured,5.9,8.79233779565339,0.6,6.7863,5.135,5.135,5.4527,4.1499,4.1499,
TAP_A01,687.0,,,728110.86,9683711.68,O,8.3,D,1.9,8.54,20090617-20090708,,D,,20100714-20100805,,D,,,20110712-20110719,M4,,8.54,measured,0.1,site_median,-1.0,,,8.3,False,O,8.54,measured,8.200000000000001,8.463911142135125,0.6,10.3182,10.3182,10.3182,9.9893,9.9893,9.9893,
TAP_A01,688.0,,,728108.87,9683711.24,O,9.0,A,9.58,12.35,20090617-20090708,9.1,A,13.61,20100714-20100805,9.0,A,6.89,14.49,20110712-20110719,M4,9.84,12.35,measured,0.0,observed,-1.0,9.0,12.35,9.0,True,O,12.35,measured,9.0,12.35,0.6,17.3224,12.7505,12.7505,17.3224,12.7505,12.7505,
TAP_A01,689.0,,,728111.4,9683710.17,O,19.4,D,1.46,11.16,20090617-20090708,19.5,D,7.9,20100714-20100805,19.5,D,,7.13,20110712-20110719,M4,16.88,11.16,measured,0.05,observed,-1.0,19.45,11.15,19.4,False,O,11.16,measured,19.349999999999998,11.141047267094025,0.6,70.27,70.27,70.27,69.801,69.801,69.801,
TAP_A01,3290.0,,,728105.86,9683711.82,O,8.6,A,6.88,8.87,20090617-20090708,8.6,A,8.54,20100714-20100805,8.9,A,3.2,7.88,20110712-20110719,M4,9.76,8.87,measured,0.15,observed,-1.0,8.75,8.76,8.6,True,O,8.87,measured,8.45,8.755852315726083,0.6,11.4756,8.8809,8.8809,10.9488,8.4835,8.4835,
TAP_A01,691.0,,,728103.91,9683709.88,O,29.1,A,16.28,21.98,20090617-20090708,29.4,A,21.1,20100714-20100805,29.3,A,12.24,18.51,20110712-20110719,M4,21.82,21.98,measured,0.1,observed,-1.0,29.2,21.93,29.1,True,O,21.98,measured,29.0,21.934603284541453,0.6,300.4684,213.6112,213.6112,297.8546,211.7872,211.7872,
TAP_A01,692.0,,,728086.37,9683712.37,O,5.3,A,4.56,6.47,20090617-20090708,5.4,A,5.88,20100714-20100805,5.5,A,3.11,4.64,20110712-20110719,M4,6.81,6.47,measured,0.1,observed,-1.0,5.4,6.37,5.3,True,O,6.47,measured,5.2,6.37653663584166,0.6,3.2786,2.6057,2.6057,3.1144,2.4787,2.4787,
TAP_A01,693.0,,,728084.38,9683711.92,O,8.1,A,6.52,9.93,20090617-20090708,8.0,A,9.84,20100714-20100805,8.1,A,6.25,10.59,20110712-20110719,M4,9.1,9.93,measured,0.0,observed,-1.0,8.1,9.93,8.1,True,O,9.93,measured,8.1,9.93,0.6,11.3985,8.6404,8.6404,11.3985,8.6404,8.6404,
TAP_A01,694.0,,,728082.88,9683711.96,O,8.4,A,6.03,9.28,20090617-20090708,8.5,A,8.53,20100714-20100805,8.6,A,5.11,9.03,20110712-20110719,M4,9.52,9.28,measured,0.1,observed,-1.0,8.5,9.19,8.4,True,O,9.28,measured,8.3,9.198393085201777,0.6,11.4546,8.7917,8.7917,11.0939,8.5218,8.5218,
TAP_A01,695.0,,,728080.88,9683712.02,L,10.5,A,0.0,0.0,20090617-20090708,11.2,A,,20100714-20100805,12.6,A,,,20110712-20110719,M4,12.53,11.95,local_fit,1.05,observed,-1.0,11.55,11.23,10.5,True,L,12.53,feldpausch,9.45,11.60883241688558,0.6,23.7368,17.5615,17.5615,17.9365,13.3635,13.3635,
TAP_A01,696.0,,,728071.41,9683711.29,O,11.5,A,7.11,11.3,20090617-20090708,11.6,A,9.37,20100714-20100805,11.6,A,8.06,13.76,20110712-20110719,M4,11.82,11.3,measured,0.05,observed,-1.0,11.55,11.26,11.5,True,O,11.3,measured,11.45,11.264935537275436,0.6,25.6299,19.3586,19.3586,25.3359,19.1419,19.1419,
TAP_A01,697.0,,,728069.51,9683707.84,O,60.5,A,28.56,36.16,20090617-20090708,60.3,A,41.94,20100714-20100805,61.1,A,29.38,42.14,20110712-20110719,M4,32.2,36.16,measured,0.3,observed,-1.0,60.8,36.08,60.5,True,O,36.16,measured,60.2,36.078646819708986,0.6,2038.347,1387.398,1387.398,2014.231,1371.1442,1371.1442,
TAP_A01,698.0,,,728064.9,9683711.97,O,17.7,A,11.85,16.41,20090617-20090708,17.5,A,19.12,20100714-20100805,17.2,A,7.43,20.0,20110712-20110719,M4,15.53,16.41,measured,0.0,observed,-1.0,17.2,16.41,17.7,True,O,16.41,measured,17.7,16.41,0.6,85.5954,62.225,62.225,85.5954,62.225,62.225,
TAP_A01,699.0,,,728059.39,9683712.62,O,12.1,D,1.29,2.19,20090617-20090708,12.1,D,2.41,20100714-20100805,12.1,D,,2.0,20110712-20110719,M4,12.18,2.19,measured,0.0,observed,-1.0,12.1,2.19,12.1,False,O,2.19,measured,12.1,2.19,0.6,5.706,5.706,5.706,5.706,5.706,5.706,
TAP_A01,700.0,,,728056.39,9683712.71,O,7.3,A,5.66,9.35,20090617-20090708,7.5,A,9.11,20100714-20100805,7.7,A,4.21,9.8,20110712-20110719,M4,8.77,9.35,measured,0.2,observed,-1.0,7.5,9.17,7.3,True,O,9.35,measured,7.1,9.157975444025892,0.6,8.7736,6.6808,6.6808,8.1439,6.2134,6.2134,
TAP_A01,701.0,,,728053.91,9683712.28,O,14.1,A,7.85,12.89,20090617-20090708,14.4,A,11.84,20100714-20100805,14.4,A,3.03,11.5,20110712-20110719,M4,13.76,12.89,measured,0.15,observed,-1.0,14.25,12.8,14.1,True,O,12.89,measured,13.95,12.794579528438305,0.6,43.3854,32.4104,32.4104,42.182,31.5323,31.5323,
TAP_A01,702.0,,,728045.45,9683711.01,O,42.8,A,29.87,34.15,20090617-20090708,42.0,A,23.71,20100714-20100805,,A,,,20110712-20110719,M4,,34.15,measured,0.1,site_median,-1.0,,,42.8,True,O,34.15,measured,42.699999999999996,34.107702458864345,0.6,980.908,662.614,662.614,975.2589,658.853,658.853,
TAP_A01,703.0,,,728042.9,9683713.08,O,96.5,A,27.72,32.72,20090617-20090708,96.5,A,47.55,20100714-20100805,97.8,A,34.52,43.92,20110712-20110719,M4,38.68,32.72,measured,0.65,observed,-1.0,97.15,32.65,96.5,True,O,32.72,measured,95.85,32.64670416182385,0.6,4599.5546,3252.6053,3252.6053,4529.3481,3203.0542,3203.0542,
TAP_A01,704.0,,,728042.42,9683712.1,L,8.6,A,0.0,0.0,20090617-20090708,8.6,A,,20100714-20100805,8.9,A,,,20110712-20110719,M4,9.76,10.73,local_fit,0.15,observed,-1.0,8.75,10.6,8.6,True,L,9.76,feldpausch,8.45,9.634398940415622,0.6,12.5981,9.6034,9.6034,12.0198,9.1736,9.1736,
TAP_A01,705.0,,,728042.4,9683713.1,L,14.1,A,0.0,0.0,20090617-20090708,14.1,A,,20100714-20100805,15.0,A,,,20110712-20110719,M4,14.15,14.01,local_fit,0.45,observed,-1.0,14.55,13.72,14.1,True,L,14.15,feldpausch,13.65,13.834237134221944,0.6,47.5198,34.9797,34.9797,43.6327,32.183,32.183,
TAP_A01,706.0,,,728041.4,9683713.12,O,16.5,A,4.1,9.62,20090617-20090708,15.4,A,8.78,20100714-20100805,15.8,A,2.37,6.78,20110712-20110719,M4,14.66,9.62,measured,0.0,observed,-1.0,15.8,9.62,16.5,True,O,9.62,measured,16.5,9.62,0.6,44.3168,34.9353,34.9353,44.3168,34.9353,34.9353,
TAP_A01,707.0,,,728037.88,9683713.72,O,8.3,A,4.65,9.25,20090617-20090708,8.4,A,9.38,20100714-20100805,8.7,A,3.3,9.88,20110712-20110719,M4,9.6,9.25,measured,0.2,observed,-1.0,8.5,9.09,8.3,True,O,9.25,measured,8.100000000000001,9.084816499810445,0.6,11.1546,8.5609,8.5609,10.4506,8.034,8.034,
TAP_A01,708.0,,,728036.88,9683713.75,O,50.7,A,41.91,46.57,20090617-20090708,49.7,A,43.1,20100714-20100805,50.5,A,25.44,42.1,20110712-20110719,M4,29.43,46.57,measured,0.0,observed,-1.0,50.5,46.57,50.7,True,O,46.57,measured,50.7,46.57,0.6,1848.0253,1198.3572,1198.3572,1848.0253,1198.3572,1198.3572,
TAP_A01,958.0,,,728035.49,9683713.79,L,,,,,20090617-20090708,8.5,A,,20100714-20100805,8.7,A,,,20110712-20110719,M4,9.6,9.6,feldpausch_regional,0.1,site_median,-1.0,8.6,9.52,,False,L,9.6,feldpausch,,,0.6,,,,,,,
TAP_A01,709.0,,,728032.9,9683713.36,O,8.6,A,9.85,12.41,20090617-20090708,8.7,A,13.21,20100714-20100805,8.7,A,10.32,14.56,20110712-20110719,M4,9.6,12.41,measured,0.05,observed,-1.0,8.65,12.36,8.6,True,O,12.41,measured,8.549999999999999,12.356876801223853,0.6,15.9266,11.6886,11.6886,15.6806,11.5126,11.5126,
TAP_A01,710.0,,,728030.42,9683712.93,O,18.2,A,21.11,25.01,20090617-20090708,18.4,A,21.96,20100714-20100805,18.4,A,15.05,20.03,20110712-20110719,M4,16.25,25.01,measured,0.1,observed,-1.0,18.3,24.92,18.2,True,O,25.01,measured,18.099999999999998,24.918312362146956,0.6,136.3575,92.8665,92.8665,134.4161,91.5733,91.5733,
TAP_A01,711.0,,,728028.39,9683713.99,O,7.8,A,7.02,9.81,20090617-20090708,7.9,A,10.06,20100714-20100805,7.9,A,4.63,9.05,20110712-20110719,M4,8.94,9.81,measured,0.05,observed,-1.0,7.85,9.76,7.8,True,O,9.81,measured,7.75,9.763287329947113,0.6,10.464,7.9329,7.9329,10.2855,7.801,7.801,
TAP_A01,712.0,,,728028.39,9683713.99,O,5.8,A,3.49,9.28,20090617-20090708,6.0,A,9.05,20100714-20100805,5.8,A,4.63,9.05,20110712-20110719,M4,7.09,9.28,measured,0.0,observed,-1.0,5.8,9.28,5.8,True,O,9.28,measured,5.8,9.28,0.6,5.559,4.1915,4.1915,5.559,4.1915,4.1915,
TAP_A01,933.0,,,728021.89,9683714.17,O,6.1,A,3.55,6.3,20090617-20090708,6.1,A,7.86,20100714-20100805,6.5,A,3.05,8.39,20110712-20110719,M4,7.72,6.3,measured,0.2,observed,-1.0,6.3,6.15,6.1,True,O,6.3,measured,5.8999999999999995,6.142951342614208,0.6,4.2032,3.3774,3.3774,3.8426,3.095,3.095,
TAP_A01,713.0,,,728001.4,9683714.74,O,6.9,A,3.74,7.87,20090617-20090708,7.0,A,8.12,20100714-20100805,7.1,A,3.5,9.41,20110712-20110719,M4,8.25,7.87,measured,0.1,observed,-1.0,7.0,7.79,6.9,True,O,7.87,measured,6.800000000000001,7.784307173012682,0.6,6.643,5.184,5.184,6.3878,4.9899,4.9899,
TAP_A01,714.0,,,727996.05,9683709.4,O,61.4,A,31.87,40.45,20090617-20090708,61.5,A,36.55,20100714-20100805,61.6,A,30.45,37.03,20110712-20110719,M4,32.32,40.45,measured,0.1,observed,-1.0,61.5,40.41,61.4,True,O,40.45,measured,61.3,40.42039827076619,0.6,2340.5495,1566.2301,1566.2301,2331.4479,1560.1979,1560.1979,
TAP_A01,715.0,,,727980.49,9683712.33,O,11.0,D,1.62,6.52,20090617-20090708,,D,,20100714-20100805,,D,,,20110712-20110719,M4,,6.52,measured,0.1,site_median,-1.0,,,11.0,False,O,6.52,measured,10.9,6.477434533488427,0.6,13.7393,13.7393,13.7393,13.4105,13.4105,13.4105,
TAP_A01,716.0,,,727980.49,9683712.33,O,10.6,D,1.95,6.81,20090617-20090708,,D,,20100714-20100805,,D,,,20110712-20110719,M4,,6.81,measured,0.1,site_median,-1.0,,,10.6,False,O,6.81,measured,10.5,6.763666438733955,0.6,13.3355,13.3355,13.3355,13.0041,13.0041,13.0041,
TAP_A01,717.0,,,727973.95,9683714.01,O,19.2,A,18.25,22.16,20090617-20090708,20.0,A,27.42,20100714-20100805,20.7,A,19.93,26.02,20110712-20110719,M4,17.56,22.16,measured,0.75,observed,-1.0,19.95,21.63,19.2,True,O,22.16,measured,18.45,21.582920266241448,0.6,134.5057,93.6134,93.6134,121.2766,84.5969,84.5969,
TAP_A01,718.0,,,727973.59,9683709.03,O,85.7,A,20.86,37.84,20090617-20090708,86.5,A,23.04,20100714-20100805,86.7,A,17.42,28.12,20110712-20110719,M4,37.11,37.84,measured,0.5,observed,-1.0,86.2,37.77,85.7,True,O,37.84,measured,85.2,37.759477515546585,0.6,4204.5503,2889.2501,2889.2501,4148.166,2850.6632,2850.6632,
TAP_A01,719.0,,,727968.93,9683715.15,O,7.7,A,9.45,13.64,20090617-20090708,8.2,A,12.28,20100714-20100805,8.5,A,6.29,14.4,20110712-20110719,M4,9.43,13.64,measured,0.4,observed,-1.0,8.1,13.16,7.7,True,O,13.64,measured,7.3,13.108885265746425,0.6,14.0757,10.1232,10.1232,12.2014,8.8079,8.8079,
TAP_A01,720.0,,,727963.91,9683715.79,O,7.6,A,3.36,7.15,20090617-20090708,7.4,A,7.17,20100714-20100805,8.0,A,5.15,7.73,20110712-20110719,M4,9.02,7.15,measured,0.2,observed,-1.0,7.8,7.02,7.6,True,O,7.15,measured,7.3999999999999995,7.009441487471898,0.6,7.3049,5.8145,5.8145,6.8012,5.4237,5.4237,
TAP_A01,721.0,,,727938.92,9683716.49,O,5.7,A,12.98,15.17,20090617-20090708,5.8,A,15.15,20100714-20100805,5.9,A,10.97,13.88,20110712-20110719,M4,7.18,15.17,measured,0.1,observed,-1.0,5.8,14.98,5.7,True,O,15.17,measured,5.6000000000000005,14.96721587437028,0.6,8.681,6.0514,6.0514,8.2768,5.777,5.777,
TAP_A01,722.0,,,727938.95,9683715.49,O,12.6,A,11.81,13.34,20090617-20090708,12.7,A,12.9,20100714-20100805,12.7,A,11.5,15.47,20110712-20110719,M4,12.6,13.34,measured,0.05,observed,-1.0,12.65,13.31,12.6,True,O,13.34,measured,12.549999999999999,13.302650704299042,0.6,36.0194,26.6182,26.6182,35.6432,26.3468,26.3468,
TAP_A01,723.0,,,727938.94,9683715.99,O,9.8,A,6.22,9.32,20090617-20090708,10.0,A,9.46,20100714-20100805,9.8,A,5.54,9.43,20110712-20110719,M4,10.47,9.32,measured,0.0,observed,-1.0,9.8,9.32,9.8,True,O,9.32,measured,9.8,9.32,0.6,15.5412,12.0086,12.0086,15.5412,12.0086,12.0086,
TAP_A01,724.0,,,727937.95,9683715.52,O,8.1,A,12.6,15.77,20090617-20090708,8.7,A,14.14,20100714-20100805,9.2,A,12.71,15.88,20110712-20110719,M4,10.0,15.77,measured,0.55,observed,-1.0,8.65,15.08,8.1,True,O,15.77,measured,7.55,14.968472870163037,0.6,17.9022,12.6141,12.6141,14.8315,10.5014,10.5014,
TAP_A01,725.0,,,727916.5,9683714.62,O,49.4,A,18.5,22.44,20090617-20090708,48.7,A,22.28,20100714-20100805,50.6,A,28.02,34.19,20110712-20110719,M4,29.45,22.44,measured,0.6,observed,-1.0,50.0,22.31,49.4,True,O,22.44,measured,48.8,22.303164431261198,0.6,861.4181,626.1092,626.1092,836.107,607.943,607.943,
TAP_A01,726.0,,,727908.95,9683716.83,O,23.7,A,15.15,17.84,20090617-20090708,23.5,A,21.8,20100714-20100805,23.9,A,24.25,27.6,20110712-20110719,M4,19.25,17.84,measured,0.1,observed,-1.0,23.8,17.79,23.7,True,O,17.84,measured,23.599999999999998,17.7923892459407,0.6,164.184,119.453,119.453,162.4103,118.1885,118.1885,
TAP_A01,727.0,,,727894.45,9683717.24,O,34.8,A,14.01,19.85,20090617-20090708,36.6,A,23.92,20100714-20100805,38.8,A,27.96,34.07,20110712-20110719,M4,25.64,19.85,measured,2.0,observed,-1.0,36.8,19.28,34.8,True,O,19.85,measured,32.8,19.18600768557383,0.6,385.6893,281.0516,281.0516,332.3835,242.8223,242.8223,
TAP_A01,728.0,,,727887.46,9683717.43,O,5.1,A,4.07,6.54,20090617-20090708,5.3,A,6.96,20100714-20100805,5.1,A,2.35,4.14,20110712-20110719,M4,6.43,6.54,measured,0.0,observed,-1.0,5.1,6.54,5.1,True,O,6.54,measured,5.1,6.54,0.6,3.0736,2.4341,2.4341,3.0736,2.4341,2.4341,
TAP_A01,729.0,,,727888.94,9683717.89,O,5.5,A,4.12,4.79,20090617-20090708,5.4,A,3.17,20100714-20100805,5.6,A,,,20110712-20110719,M4,6.9,4.79,measured,0.05,observed,-1.0,5.55,4.76,5.5,True,O,4.79,measured,5.45,4.756787196764016,0.6,2.6282,2.1943,2.1943,2.5643,2.1424,2.1424,
TAP_A01,730.0,,,727876.45,9683718.24,O,6.7,A,6.22,9.41,20090617-20090708,8.1,A,9.64,20100714-20100805,9.2,A,8.74,10.9,20110712-20110719,M4,10.0,9.41,measured,1.25,observed,-1.0,7.95,8.45,6.7,True,O,9.41,measured,5.45,8.04859958315646,0.6,7.4676,5.6573,5.6573,4.2844,3.2941,3.2941,
TAP_A01,731.0,,,727867.46,9683717.99,L,5.8,A,0.0,0.0,20090617-20090708,6.0,A,,20100714-20100805,5.8,A,,,20110712-20110719,M4,7.09,8.68,local_fit,0.0,observed,-1.0,5.8,8.68,5.8,True,L,7.09,feldpausch,5.8,7.09,0.6,4.2747,3.3631,3.3631,4.2747,3.3631,3.3631,
TAP_A01,732.0,,,727842.47,9683718.69,L,8.1,A,1.33,2.35,20090617-20090708,6.5,A,,20100714-20100805,6.0,A,,,20110712-20110719,M4,7.27,2.35,measured,0.0,observed,-1.0,6.0,2.35,8.1,True,L,2.35,measured,8.1,2.35,0.6,2.7925,2.658,2.658,2.7925,2.658,2.658,
TAP_A01,733.0,,,727842.47,9683718.69,O,6.4,A,5.44,8.95,20090617-20090708,6.2,A,6.21,20100714-20100805,6.5,A,5.06,10.34,20110712-20110719,M4,7.72,8.95,measured,0.05,observed,-1.0,6.45,8.9,6.4,True,O,8.95,measured,6.3500000000000005,8.89722800642081,0.6,6.5028,4.9546,4.9546,6.3672,4.854,4.854,
TAP_A01,734.0,,,727838.02,9683717.32,O,20.8,A,9.85,10.17,20090617-20090708,20.5,D,8.36,20100714-20100805,20.5,D,,10.45,20110712-20110719,M4,17.45,10.17,measured,0.0,observed,-1.0,20.5,10.17,20.8,True,O,10.17,measured,20.8,10.17,0.6,73.5302,58.0998,58.0998,73.5302,58.0998,58.0998,
TAP_A01,735.0,,,727826.62,9683714.14,O,60.5,A,23.85,33.62,20090617-20090708,62.3,A,35.51,20100714-20100805,61.7,A,24.15,28.57,20110712-20110719,M4,32.34,33.62,measured,0.6,observed,-1.0,61.1,33.47,60.5,True,O,33.62,measured,59.9,33.468316074313314,0.6,1898.4823,1307.1552,1307.1552,1853.7045,1276.6258,1276.6258,
TAP_A01,736.0,,,727824.48,9683719.19,O,10.6,A,10.54,14.93,20090617-20090708,11.4,A,14.71,20100714-20100805,11.6,A,8.77,13.31,20110712-20110719,M4,11.82,14.93,measured,0.5,observed,-1.0,11.1,14.46,10.6,True,O,14.93,measured,10.1,14.418277619238001,0.6,28.6906,20.6563,20.6563,25.2345,18.2261,18.2261,
TAP_A01,737.0,,,727818.48,9683719.36,O,13.4,A,10.83,16.73,20090617-20090708,13.7,A,18.81,20100714-20100805,14.1,A,15.6,20.2,20110712-20110719,M4,13.56,16.73,measured,0.35,observed,-1.0,13.75,16.43,13.4,True,O,16.73,measured,13.05,16.422715253278515,0.6,50.6642,36.2317,36.2317,47.2505,33.8466,33.8466,
TAP_A01,738.0,,,727813.0,9683719.01,O,28.5,A,25.83,30.32,20090617-20090708,28.9,A,28.81,20100714-20100805,30.0,A,22.45,28.15,20110712-20110719,M4,22.13,30.32,measured,0.75,observed,-1.0,29.25,29.87,28.5,True,O,30.32,measured,27.75,29.834067397776465,0.6,394.8986,266.5653,266.5653,369.0026,249.4022,249.4022,
TAP_A01,739.0,,,727810.03,9683718.1,O,11.5,A,12.87,14.58,20090617-20090708,12.0,A,14.65,20100714-20100805,12.0,A,13.76,17.65,20110712-20110719,M4,12.11,14.58,measured,0.25,observed,-1.0,11.75,14.36,11.5,True,O,14.58,measured,11.25,14.352980403946821,0.6,32.8678,23.8456,23.8456,31.0089,22.5291,22.5291,
TAP_A01,740.0,,,727791.98,9683720.6,O,16.7,A,15.51,17.61,20090617-20090708,16.8,A,18.18,20100714-20100805,16.9,A,13.16,20.23,20110712-20110719,M4,15.35,17.61,measured,0.1,observed,-1.0,16.8,17.54,16.7,True,O,17.61,measured,16.599999999999998,17.538585076725223,0.6,81.8586,58.6845,58.6845,80.5843,57.7914,57.7914,
TAP_A01,741.0,,,727779.51,9683719.95,L,5.3,A,0.0,0.0,20090617-20090708,5.2,A,,20100714-20100805,,A,,,20110712-20110719,M4,,8.26,local_fit,0.1,site_median,-1.0,,,5.3,True,L,,feldpausch,5.2,,0.6,,,,,,,
TAP_A01,742.0,,,727778.99,9683720.97,O,10.1,A,9.12,10.07,20090617-20090708,10.5,A,10.35,20100714-20100805,10.9,A,2.22,11.77,20110712-20110719,M4,11.3,10.07,measured,0.4,observed,-1.0,10.5,9.8,10.1,True,O,10.07,measured,9.7,9.77915770797764,0.6,17.7768,13.5888,13.5888,15.9652,12.2368,12.2368,
TAP_A01,743.0,,,727779.01,9683719.97,O,31.0,A,26.73,29.66,20090617-20090708,30.5,A,21.97,20100714-20100805,30.8,A,15.44,19.91,20110712-20110719,M4,22.48,29.66,measured,0.0,observed,-1.0,30.8,29.66,31.0,True,O,29.66,measured,31.0,29.66,0.6,455.4469,309.7554,309.7554,455.4469,309.7554,309.7554,
TAP_A01,744.0,,,727768.5,9683720.76,O,5.4,A,2.97,4.31,20090617-20090708,5.0,A,5.16,20100714-20100805,5.0,A,1.35,4.84,20110712-20110719,M4,6.33,4.31,measured,0.0,observed,-1.0,5.0,4.31,5.4,True,O,4.31,measured,5.4,4.31,0.6,2.2874,1.9402,1.9402,2.2874,1.9402,1.9402,
TAP_A01,745.0,,,727767.02,9683720.3,O,10.9,A,11.5,15.05,20090617-20090708,11.0,A,14.64,20100714-20100805,11.1,A,14.58,18.13,20110712-20110719,M4,11.45,15.05,measured,0.1,observed,-1.0,11.0,14.96,10.9,True,O,15.05,measured,10.8,14.950739954881312,0.6,30.5346,21.9855,21.9855,29.7971,21.4675,21.4675,
TAP_A01,746.0,,,727766.03,9683719.83,O,16.6,A,12.59,15.58,20090617-20090708,16.7,A,16.13,20100714-20100805,16.8,A,14.53,17.51,20110712-20110719,M4,15.29,15.58,measured,0.1,observed,-1.0,16.7,15.51,16.6,True,O,15.58,measured,16.5,15.516373211487998,0.6,71.7889,52.4561,52.4561,70.6644,51.6528,51.6528,
TAP_A01,747.0,,,727764.01,9683720.88,O,58.9,D,1.11,2.62,20090617-20090708,53.0,D,3.72,20100714-20100805,53.0,D,,3.52,20110712-20110719,M4,30.13,2.62,measured,0.0,observed,-1.0,53.0,2.62,58.9,False,O,2.62,measured,58.9,2.62,0.6,149.2752,149.2752,149.2752,149.2752,149.2752,149.2752,
TAP_A01,959.0,,,727755.23,9683720.38,P,,,,,20090617-20090708,13.3,A,5.92,20100714-20100805,15.0,A,4.18,8.81,20110712-20110719,M4,14.15,5.92,measured,0.1,site_median,-1.0,14.9,5.89,,False,P,14.15,feldpausch,,,0.6,,,,,,,
TAP_A01,748.0,,,727751.5,9683721.73,O,6.7,A,4.81,10.22,20090617-20090708,6.4,A,10.39,20100714-20100805,6.6,A,6.46,9.46,20110712-20110719,M4,7.81,10.22,measured,0.0,observed,-1.0,6.6,10.22,6.7,True,O,10.22,measured,6.7,10.22,0.6,8.0944,6.0526,6.0526,8.0944,6.0526,6.0526,
TAP_A01,749.0,,,727748.5,9683721.82,O,46.1,A,16.53,21.22,20090617-20090708,45.7,A,31.42,20100714-20100805,45.8,A,18.71,25.83,20110712-20110719,M4,28.01,21.22,measured,0.0,observed,-1.0,45.8,21.22,46.1,True,O,21.22,measured,46.1,21.22,0.6,712.7027,520.8816,520.8816,712.7027,520.8816,520.8816,
TAP_A01,750.0,,,727748.53,9683720.82,O,9.5,A,8.21,12.54,20090617-20090708,9.6,A,13.01,20100714-20100805,9.8,A,8.0,11.76,20110712-20110719,M4,10.47,12.54,measured,0.15,observed,-1.0,9.65,12.4,9.5,True,O,12.54,measured,9.35,12.39535560285232,0.6,19.5396,14.3851,14.3851,18.7286,13.8028,13.8028,
TAP_A01,997.0,,,728170.84,9683709.8,O,,,,,20090617-20090708,,A,,20100714-20100805,5.5,A,6.32,9.08,20110712-20110719,M4,6.81,9.08,measured,0.1,site_median,-1.0,5.4,8.95,,False,O,6.81,feldpausch,,,0.6,,,,,,,
TAP_A01,751.0,,,727508.52,9684050.06,O,29.1,A,12.78,17.63,20090617-20090708,29.1,A,28.14,20100714-20100805,29.4,A,20.68,25.09,20110712-20110719,M5,21.86,17.63,measured,0.15,observed,-1.0,29.25,17.58,29.1,True,O,17.63,measured,28.950000000000003,17.575349871696602,0.6,242.2825,178.3528,178.3528,239.125,176.0711,176.0711,
TAP_A01,752.0,,,727511.02,9684050.11,O,15.9,D,0.28,2.97,20090617-20090708,16.2,D,7.87,20100714-20100805,15.2,D,8.12,11.56,20110712-20110719,M5,14.28,2.97,measured,0.0,observed,-1.0,15.2,2.97,15.9,False,O,2.97,measured,15.9,2.97,0.6,13.0918,13.0918,13.0918,13.0918,13.0918,13.0918,
TAP_A01,960.0,,,727519.35,9684049.4,O,,,,,20090617-20090708,5.0,A,6.61,20100714-20100805,5.2,A,3.87,8.22,20110712-20110719,M5,6.52,6.61,measured,0.1,site_median,-1.0,5.1,6.52,,False,O,6.52,feldpausch,,,0.6,,,,,,,
TAP_A01,753.0,,,727546.01,9684050.72,O,17.0,D,1.43,4.56,20090617-20090708,17.0,D,4.2,20100714-20100805,,D,,,20110712-20110719,M5,,4.56,measured,0.1,site_median,-1.0,,,17.0,False,O,4.56,measured,16.9,4.541888247844806,0.6,22.6697,22.6697,22.6697,22.3233,22.3233,22.3233,
TAP_A01,754.0,,,727548.13,9684057.75,O,74.5,A,28.92,34.12,20090617-20090708,75.4,A,37.68,20100714-20100805,77.3,A,33.81,37.5,20110712-20110719,M5,35.55,34.12,measured,1.4,observed,-1.0,75.9,33.87,74.5,True,O,34.12,measured,73.1,33.86025831699456,0.6,2891.5223,2006.1961,2006.1961,2765.7003,1919.4679,1919.4679,
TAP_A01,755.0,,,727551.5,9684050.32,O,5.8,A,3.06,4.9,20090617-20090708,5.4,A,3.38,20100714-20100805,5.4,D,,2.23,20110712-20110719,M5,6.71,4.9,measured,0.0,observed,-1.0,5.4,4.9,5.8,True,O,4.9,measured,5.8,4.9,0.6,2.9806,2.486,2.486,2.9806,2.486,2.486,
TAP_A01,756.0,,,727553.5,9684050.35,O,14.1,D,1.24,2.3,20090617-20090708,14.5,D,2.51,20100714-20100805,14.5,D,,2.47,20110712-20110719,M5,13.82,2.3,measured,0.2,observed,-1.0,14.3,2.28,14.1,False,O,2.3,measured,13.9,2.2772802763797304,0.6,8.0683,8.0683,8.0683,7.7708,7.7708,7.7708,
TAP_A01,757.0,,,727553.49,9684049.85,O,7.8,A,4.94,11.73,20090617-20090708,8.7,A,12.42,20100714-20100805,9.9,A,11.07,12.99,20110712-20110719,M5,10.55,11.73,measured,1.05,observed,-1.0,8.85,10.81,7.8,True,O,11.73,measured,6.75,10.5299380707118,0.6,12.4585,9.1819,9.1819,8.4557,6.2952,6.2952,
TAP_A01,758.0,,,727559.0,9684050.45,O,6.2,A,5.56,9.72,20090617-20090708,6.3,A,10.76,20100714-20100805,6.3,A,5.03,12.32,20110712-20110719,M5,7.54,9.72,measured,0.05,observed,-1.0,6.25,9.67,6.2,True,O,9.72,measured,6.15,9.660701910771472,0.6,6.6248,4.9746,4.9746,6.4821,4.8702,4.8702,
TAP_A01,759.0,,,727564.53,9684052.04,O,60.0,A,31.2,39.37,20090617-20090708,58.2,A,48.2,20100714-20100805,57.0,A,42.0,47.9,20110712-20110719,M5,31.19,39.37,measured,0.0,observed,-1.0,57.0,39.37,60.0,True,O,39.37,measured,60.0,39.37,0.6,2179.1814,1462.8752,1462.8752,2179.1814,1462.8752,1462.8752,
TAP_A01,760.0,,,727564.53,9684052.04,L,22.0,A,0.0,0.0,20090617-20090708,23.0,A,,20100714-20100805,27.0,A,,,20110712-20110719,M5,20.76,17.8,local_fit,2.5,observed,-1.0,24.5,16.76,22.0,True,L,20.76,feldpausch,19.5,19.194270750364357,0.6,164.6204,116.519,116.519,120.4991,85.8545,85.8545,
TAP_A01,761.0,,,727575.03,9684052.73,O,93.7,D,1.5,2.03,20090617-20090708,101.6,D,1.78,20100714-20100805,101.6,D,,1.44,20110712-20110719,M5,39.16,2.03,measured,3.95,observed,-1.0,97.65,2.0,93.7,False,O,2.03,measured,89.75,2.0000692464973957,0.6,288.0133,288.0133,288.0133,260.978,260.978,260.978,
TAP_A01,762.0,,,727576.65,9684059.25,O,102.9,A,36.23,53.02,20090617-20090708,103.1,A,51.02,20100714-20100805,103.9,A,36.24,51.02,20110712-20110719,M5,39.44,53.02,measured,0.5,observed,-1.0,103.4,52.94,102.9,True,O,53.02,measured,102.4,52.93902346404484,0.6,8351.1959,5488.8569,5488.8569,8259.8376,5428.8531,5428.8531,
TAP_A01,961.0,,,727579.44,9684050.31,O,,,,,20090617-20090708,5.0,A,5.87,20100714-20100805,5.8,A,2.97,6.35,20110712-20110719,M5,7.09,5.87,measured,0.1,site_median,-1.0,5.7,5.79,,False,O,7.09,feldpausch,,,0.6,,,,,,,
TAP_A01,763.0,,,727588.51,9684051.96,O,17.2,A,7.74,12.56,20090617-20090708,17.2,A,13.57,20100714-20100805,17.7,A,12.02,14.53,20110712-20110719,M5,15.83,12.56,measured,0.25,observed,-1.0,17.45,12.44,17.2,True,O,12.56,measured,16.95,12.43671045911516,0.6,62.3485,47.2161,47.2161,60.0112,45.485,45.485,
TAP_A01,764.0,,,727602.04,9684053.7,O,13.6,D,1.31,22.96,20090617-20090708,30.1,D,10.87,20100714-20100805,30.1,D,,7.45,20110712-20110719,M5,22.17,22.96,measured,5.0,observed,-1.0,25.1,20.56,13.6,False,O,22.96,measured,8.6,16.524257876313353,0.6,71.0292,71.0292,71.0292,21.0615,21.0615,21.0615,
TAP_A01,962.0,,,727597.0,9684051.36,O,,,,,20090617-20090708,8.0,A,7.76,20100714-20100805,9.5,A,11.58,13.48,20110712-20110719,M5,10.23,7.76,measured,0.1,site_median,-1.0,9.4,7.71,,False,O,10.23,feldpausch,,,0.6,,,,,,,
TAP_A01,963.0,,,727598.44,9684050.99,O,,,,,20090617-20090708,6.8,A,22.85,20100714-20100805,8.4,A,9.69,11.03,20110712-20110719,M5,9.35,22.85,measured,0.1,site_median,-1.0,8.3,22.65,,False,O,9.35,feldpausch,,,0.6,,,,,,,
TAP_A01,765.0,,,727604.0,9684051.74,O,8.4,A,13.2,13.6,20090617-20090708,8.5,A,14.47,20100714-20100805,8.4,A,15.08,17.74,20110712-20110719,M5,9.35,13.6,measured,0.0,observed,-1.0,8.4,13.6,8.4,True,O,13.6,measured,8.4,13.6,0.6,16.6337,12.0186,12.0186,16.6337,12.0186,12.0186,
TAP_A01,766.0,,,727607.09,9684056.79,O,57.8,A,31.32,40.09,20090617-20090708,57.3,A,29.12,20100714-20100805,57.3,A,21.93,25.06,20110712-20110719,M5,31.27,40.09,measured,0.0,observed,-1.0,57.3,40.09,57.8,True,O,40.09,measured,57.8,40.09,0.6,2062.0872,1377.8395,1377.8395,2062.0872,1377.8395,1377.8395,
TAP_A01,767.0,,,727606.48,9684050.78,O,11.8,A,16.74,19.96,20090617-20090708,12.6,A,18.39,20100714-20100805,13.5,A,15.2,18.88,20110712-20110719,M5,13.15,19.96,measured,0.85,observed,-1.0,12.65,19.08,11.8,True,O,19.96,measured,10.950000000000001,18.92242880790502,0.6,46.9603,32.4605,32.4605,38.5236,26.7581,26.7581,
TAP_A01,768.0,,,727620.02,9684053.02,O,28.2,A,24.35,36.49,20090617-20090708,29.4,A,31.05,20100714-20100805,30.4,A,27.09,30.1,20110712-20110719,M5,22.3,36.49,measured,1.1,observed,-1.0,29.3,35.7,28.2,True,O,36.49,measured,27.099999999999998,35.61706640369386,0.6,463.4775,303.6798,303.6798,418.8274,274.9504,274.9504,
TAP_A01,769.0,,,727633.98,9684051.26,O,9.4,A,2.62,4.65,20090617-20090708,9.1,A,4.91,20100714-20100805,9.3,A,3.46,5.32,20110712-20110719,M5,10.08,4.65,measured,0.0,observed,-1.0,9.3,4.65,9.4,True,O,4.65,measured,9.4,4.65,0.6,7.2684,6.2559,6.2559,7.2684,6.2559,6.2559,
TAP_A01,770.0,,,727640.59,9684057.88,O,91.4,A,30.28,38.64,20090617-20090708,91.1,A,37.67,20100714-20100805,91.1,A,31.67,37.85,20110712-20110719,M5,37.77,38.64,measured,0.0,observed,-1.0,91.1,38.64,91.4,True,O,38.64,measured,91.4,38.64,0.6,4866.0424,3343.0912,3343.0912,4866.0424,3343.0912,3343.0912,
TAP_A01,771.0,,,727642.51,9684053.41,O,47.3,D,1.5,16.01,20090617-20090708,47.1,D,16.11,20100714-20100805,47.1,D,,15.03,20110712-20110719,M5,28.41,16.01,measured,0.0,observed,-1.0,47.1,16.01,47.3,False,O,16.01,measured,47.3,16.01,0.6,569.214,569.214,569.214,569.214,569.214,569.214,
TAP_A01,772.0,,,727642.53,9684054.41,O,40.0,A,26.36,31.12,20090617-20090708,39.5,A,29.59,20100714-20100805,39.5,A,26.82,31.56,20110712-20110719,M5,25.89,31.12,measured,0.0,observed,-1.0,39.5,31.12,40.0,True,O,31.12,measured,40.0,31.12,0.6,785.0339,536.3964,536.3964,785.0339,536.3964,536.3964,
TAP_A01,964.0,,,727644.48,9684051.45,O,7.1,A,4.58,6.72,20090617-20090708,7.3,A,7.46,20100714-20100805,7.1,A,4.38,7.52,20110712-20110719,M5,8.25,6.72,measured,0.0,observed,-1.0,7.1,6.72,7.1,True,O,6.72,measured,7.1,6.72,0.6,6.0205,4.8235,4.8235,6.0205,4.8235,4.8235,
TAP_A01,774.0,,,727653.76,9684067.6,O,,,41.02,50.8,20090617-20090708,0.0,A,56.28,20100714-20100805,,A,,,20110712-20110719,M5,,50.8,measured,0.1,site_median,-1.0,,,,False,O,50.8,measured,,,0.6,,,,,,,
TAP_A01,775.0,,,727653.6,9684058.6,O,80.3,A,47.43,61.12,20090617-20090708,80.8,A,54.76,20100714-20100805,82.1,A,53.66,57.56,20110712-20110719,M5,36.38,61.12,measured,0.9,observed,-1.0,81.2,60.87,80.3,True,O,61.12,measured,79.39999999999999,60.85728872468857,0.6,5912.6256,3754.8149,3754.8149,5759.694,3658.2062,3658.2062,
TAP_A01,776.0,,,727652.51,9684053.59,O,16.0,A,23.38,27.83,20090617-20090708,17.0,A,24.56,20100714-20100805,16.9,A,15.11,18.45,20110712-20110719,M5,15.35,27.83,measured,0.45,observed,-1.0,16.45,27.32,16.0,True,O,27.83,measured,15.55,27.293346923785702,0.6,117.6922,78.327,78.327,109.2219,72.814,72.814,
TAP_A01,777.0,,,727654.5,9684053.12,O,18.2,D,1.7,12.9,20090617-20090708,18.2,D,12.24,20100714-20100805,18.2,D,,13.44,20110712-20110719,M5,16.13,12.9,measured,0.0,observed,-1.0,18.2,12.9,18.2,False,O,12.9,measured,18.2,12.9,0.6,71.4588,71.4588,71.4588,71.4588,71.4588,71.4588,
TAP_A01,778.0,,,727665.02,9684054.31,O,38.0,A,20.28,24.75,20090617-20090708,38.0,A,24.23,20100714-20100805,38.0,A,22.55,26.56,20110712-20110719,M5,25.35,24.75,measured,0.0,observed,-1.0,38.0,24.75,38.0,True,O,24.75,measured,38.0,24.75,0.6,567.973,401.3943,401.3943,567.973,401.3943,401.3943,
TAP_A01,779.0,,,727667.05,9684055.84,O,95.8,A,42.86,49.31,20090617-20090708,96.7,A,45.3,20100714-20100805,96.7,A,43.13,51.06,20110712-20110719,M5,38.54,49.31,measured,0.45,observed,-1.0,96.25,49.23,95.8,True,O,49.31,measured,95.35,49.232623009067424,0.6,6766.9151,4483.4395,4483.4395,6694.7381,4435.7166,4435.7166,
TAP_A01,780.0,,,727674.99,9684052.98,O,11.8,A,3.79,12.17,20090617-20090708,11.8,A,12.95,20100714-20100805,12.0,A,2.87,11.4,20110712-20110719,M5,12.11,12.17,measured,0.1,observed,-1.0,11.9,12.09,11.8,True,O,12.17,measured,11.700000000000001,12.096559073675207,0.6,28.9746,21.6566,21.6566,28.3294,21.186,21.186,
TAP_A01,781.0,,,727676.48,9684052.51,O,20.0,A,19.08,22.52,20090617-20090708,20.1,A,23.2,20100714-20100805,20.2,A,10.09,22.09,20110712-20110719,M5,17.28,22.52,measured,0.1,observed,-1.0,20.1,22.44,20.0,True,O,22.52,measured,19.9,22.446188300750574,0.6,147.9715,102.9249,102.9249,146.0619,101.6249,101.6249,
TAP_A01,782.0,,,727678.98,9684052.55,L,5.5,A,0.0,0.0,20090617-20090708,5.1,A,,20100714-20100805,5.1,A,,,20110712-20110719,M5,6.43,8.43,local_fit,0.0,observed,-1.0,5.1,8.43,5.5,True,L,6.43,feldpausch,5.5,6.43,0.6,3.5032,2.7919,2.7919,3.5032,2.7919,2.7919,
TAP_A01,783.0,,,727680.98,9684052.59,O,16.5,A,7.68,14.82,20090617-20090708,16.6,D,5.66,20100714-20100805,16.6,D,,5.53,20110712-20110719,M5,15.16,14.82,measured,0.05,observed,-1.0,16.55,14.79,16.5,True,O,14.82,measured,16.45,14.78954709192897,0.6,67.5674,49.7486,49.7486,67.0336,49.3645,49.3645,
TAP_A01,784.0,,,727686.51,9684054.18,O,27.4,A,19.41,23.61,20090617-20090708,28.8,A,42.67,20100714-20100805,29.9,A,25.52,28.14,20110712-20110719,M5,22.09,23.61,measured,1.25,observed,-1.0,28.65,23.01,27.4,True,O,23.61,measured,26.15,22.943152112775614,0.6,286.4781,200.7951,200.7951,254.3097,178.6558,178.6558,
TAP_A01,785.0,,,727688.97,9684052.23,O,8.4,A,4.96,10.75,20090617-20090708,8.5,A,11.47,20100714-20100805,8.4,A,6.08,10.85,20110712-20110719,M5,9.35,10.75,measured,0.0,observed,-1.0,8.4,10.75,8.4,True,O,10.75,measured,8.4,10.75,0.6,13.2223,9.9154,9.9154,13.2223,9.9154,9.9154,
TAP_A01,786.0,,,727689.08,9684058.23,O,51.4,A,21.4,30.9,20090617-20090708,52.8,A,31.84,20100714-20100805,51.4,A,29.74,33.99,20110712-20110719,M5,29.68,30.9,measured,0.0,observed,-1.0,51.4,30.9,51.4,True,O,30.9,measured,51.4,30.9,0.6,1271.9211,880.5859,880.5859,1271.9211,880.5859,880.5859,
TAP_A01,787.0,,,727693.5,9684053.81,O,8.4,A,4.75,8.99,20090617-20090708,8.1,A,9.11,20100714-20100805,8.1,A,5.09,8.86,20110712-20110719,M5,9.1,8.99,measured,0.0,observed,-1.0,8.1,8.99,8.4,True,O,8.99,measured,8.4,8.99,0.6,11.1051,8.5663,8.5663,11.1051,8.5663,8.5663,
TAP_A01,788.0,,,727698.99,9684053.4,O,18.0,A,10.76,19.31,20090617-20090708,18.0,A,14.93,20100714-20100805,18.0,A,12.56,19.17,20110712-20110719,M5,16.01,19.31,measured,0.0,observed,-1.0,18.0,19.31,18.0,True,O,19.31,measured,18.0,19.31,0.6,103.6755,73.5147,73.5147,103.6755,73.5147,73.5147,
TAP_A01,789.0,,,727701.97,9684052.46,L,7.0,A,0.0,0.0,20090617-20090708,7.3,A,,20100714-20100805,7.3,A,,,20110712-20110719,M5,8.43,9.6,local_fit,0.15,observed,-1.0,7.15,9.45,7.0,True,L,8.43,feldpausch,6.85,8.29427589192694,0.6,7.3063,5.6439,5.6439,6.8938,5.3334,5.3334,
TAP_A01,790.0,,,727702.47,9684052.46,O,99.2,A,24.38,28.04,20090617-20090708,99.1,A,30.41,20100714-20100805,99.3,A,38.89,43.58,20110712-20110719,M5,38.87,28.04,measured,0.05,observed,-1.0,99.25,28.04,99.2,True,O,28.04,measured,99.15,28.03542949139541,0.6,4175.2531,3029.46,3029.46,4170.4826,3026.0033,3026.0033,
TAP_A01,791.0,,,727706.48,9684053.03,O,11.0,A,17.09,17.62,20090617-20090708,11.0,A,18.02,20100714-20100805,11.0,A,10.99,16.6,20110712-20110719,M5,11.38,17.62,measured,0.0,observed,-1.0,11.0,17.62,11.0,True,O,17.62,measured,11.0,17.62,0.6,36.2544,25.4729,25.4729,36.2544,25.4729,25.4729,
TAP_A01,792.0,,,727708.0,9684054.06,O,26.4,A,27.27,30.07,20090617-20090708,26.8,A,34.53,20100714-20100805,27.4,A,24.66,29.04,20110712-20110719,M5,20.95,30.07,measured,0.5,observed,-1.0,26.9,29.74,26.4,True,O,30.07,measured,25.9,29.71722113962579,0.6,337.357,227.1854,227.1854,321.2757,216.5607,216.5607,
TAP_A01,793.0,,,727708.98,9684053.08,O,10.7,A,13.1,17.92,20090617-20090708,10.9,A,17.93,20100714-20100805,11.1,A,11.13,15.17,20110712-20110719,M5,11.45,17.92,measured,0.2,observed,-1.0,10.9,17.69,10.7,True,O,17.92,measured,10.5,17.678242827895705,0.6,34.9201,24.4375,24.4375,33.2141,23.2725,23.2725,
TAP_A01,794.0,,,727716.0,9684054.7,O,39.9,A,27.74,30.58,20090617-20090708,40.3,A,33.26,20100714-20100805,41.5,A,15.59,26.97,20110712-20110719,M5,26.59,30.58,measured,0.8,observed,-1.0,40.7,30.27,39.9,True,O,30.58,measured,39.1,30.243923382426853,0.6,767.9744,526.1301,526.1301,730.2853,500.697,500.697,
TAP_A01,795.0,,,727719.47,9684052.76,O,11.6,A,21.13,24.79,20090617-20090708,11.6,A,23.12,20100714-20100805,11.6,A,17.23,18.97,20110712-20110719,M5,11.82,24.79,measured,0.0,observed,-1.0,11.6,24.79,11.6,True,O,24.79,measured,11.6,24.79,0.6,56.1173,37.4536,37.4536,56.1173,37.4536,37.4536,
TAP_A01,796.0,,,727720.52,9684055.78,O,31.4,A,29.4,33.76,20090617-20090708,31.4,A,30.52,20100714-20100805,32.5,A,23.11,25.5,20110712-20110719,M5,23.2,33.76,measured,0.55,observed,-1.0,31.95,33.43,31.4,True,O,33.76,measured,30.849999999999998,33.41036071121658,0.6,529.8929,353.3068,353.3068,506.7512,338.1463,338.1463,
TAP_A01,797.0,,,727721.48,9684053.3,O,19.8,A,27.67,29.65,20090617-20090708,19.9,A,31.87,20100714-20100805,20.1,A,22.45,23.97,20110712-20110719,M5,17.22,29.65,measured,0.15,observed,-1.0,19.95,29.51,19.8,True,O,29.65,measured,19.650000000000002,29.50236754711718,0.6,189.7786,126.3299,126.3299,186.0736,123.916,123.916,
TAP_A01,798.0,,,727722.48,9684053.32,O,12.4,A,11.31,12.89,20090617-20090708,12.7,A,15.2,20100714-20100805,13.1,A,10.31,12.37,20110712-20110719,M5,12.88,12.89,measured,0.35,observed,-1.0,12.75,12.65,12.4,True,O,12.89,measured,12.05,12.63143994205281,0.6,33.7619,25.0663,25.0663,31.3015,23.2821,23.2821,
TAP_A01,799.0,,,727727.47,9684053.4,O,19.3,A,29.09,32.21,20090617-20090708,19.6,A,28.63,20100714-20100805,19.7,A,15.76,18.86,20110712-20110719,M5,17.0,32.21,measured,0.2,observed,-1.0,19.5,31.98,19.3,True,O,32.21,measured,19.1,31.98939049266687,0.6,195.7346,128.443,128.443,190.5126,125.0896,125.0896,
TAP_A01,800.0,,,727728.48,9684053.92,O,6.4,D,1.43,4.44,20090617-20090708,,D,,20100714-20100805,,D,,,20110712-20110719,M5,,4.44,measured,0.1,site_median,-1.0,,,6.4,False,O,4.44,measured,6.300000000000001,4.387575029978725,0.6,3.2807,3.2807,3.2807,3.1447,3.1447,3.1447,
TAP_A01,801.0,,,727729.03,9684056.43,O,45.6,A,30.73,36.75,20090617-20090708,46.7,A,27.36,20100714-20100805,48.9,A,21.54,28.9,20110712-20110719,M5,28.96,36.75,measured,1.65,observed,-1.0,47.25,36.12,45.6,True,O,36.75,measured,43.95,36.052017342216125,0.6,1192.4803,798.6742,798.6742,1089.1299,730.3745,730.3745,
TAP_A01,802.0,,,727742.97,9684053.67,O,25.8,A,23.66,27.8,20090617-20090708,26.3,A,29.65,20100714-20100805,26.8,A,25.21,27.84,20110712-20110719,M5,20.67,27.8,measured,0.5,observed,-1.0,26.3,27.48,25.8,True,O,27.8,measured,25.3,27.464352252948018,0.6,298.7652,203.4827,203.4827,284.1783,193.7376,193.7376,
TAP_A01,803.0,,,727746.47,9684053.74,O,5.8,A,10.97,14.46,20090617-20090708,5.8,A,7.3,20100714-20100805,5.8,A,5.74,7.31,20110712-20110719,M5,7.09,14.46,measured,0.0,observed,-1.0,5.8,14.46,5.8,True,O,14.46,measured,5.8,14.46,0.6,8.5703,6.0247,6.0247,8.5703,6.0247,6.0247,
TAP_A01,804.0,,,727761.0,9684055.49,O,22.5,A,22.16,26.17,20090617-20090708,22.6,A,7.07,20100714-20100805,22.5,A,7.82,10.25,20110712-20110719,M5,18.53,26.17,measured,0.0,observed,-1.0,22.5,26.17,22.5,True,O,26.17,measured,22.5,26.17,0.6,215.6241,147.295,147.295,215.6241,147.295,147.295,
TAP_A01,966.0,,,727786.62,9684054.64,O,,,,,20090617-20090708,7.9,A,8.59,20100714-20100805,9.9,A,8.16,11.3,20110712-20110719,M5,10.55,8.59,measured,0.1,site_median,-1.0,9.8,8.52,,False,O,10.55,feldpausch,,,0.6,,,,,,,
TAP_A01,805.0,,,727797.45,9684054.13,O,10.0,A,4.26,7.45,20090617-20090708,10.3,A,9.11,20100714-20100805,10.8,A,6.54,9.56,20110712-20110719,M5,11.23,7.45,measured,0.4,observed,-1.0,10.4,7.25,10.0,True,O,7.45,measured,9.6,7.232435353388108,0.6,12.9923,10.4108,10.4108,11.6551,9.3648,9.3648,
TAP_A01,806.0,,,727803.04,9684059.23,O,56.6,D,1.12,1.43,20090617-20090708,54.7,D,1.8,20100714-20100805,54.7,D,,1.8,20110712-20110719,M5,30.59,1.43,measured,0.0,observed,-1.0,54.7,1.43,56.6,False,O,1.43,measured,56.6,1.43,0.6,76.4833,76.4833,76.4833,76.4833,76.4833,76.4833,
TAP_A01,807.0,,,727808.98,9684055.83,O,22.5,A,10.65,12.74,20090617-20090708,25.6,A,13.84,20100714-20100805,28.5,A,14.65,16.74,20110712-20110719,M5,21.46,12.74,measured,3.0,observed,-1.0,25.5,11.9,22.5,True,O,12.74,measured,19.5,11.610797970863395,0.6,106.7988,81.7435,81.7435,73.7757,56.9096,56.9096,
TAP_A01,808.0,,,727813.95,9684054.42,O,5.6,A,3.56,4.54,20090617-20090708,6.1,A,6.3,20100714-20100805,6.0,A,5.55,8.06,20110712-20110719,M5,7.27,4.54,measured,0.2,observed,-1.0,5.8,4.43,5.6,True,O,4.54,measured,5.3999999999999995,4.415967010273419,0.6,2.5835,2.1772,2.1772,2.3423,1.9791,1.9791,
TAP_A01,809.0,,,727815.46,9684054.95,O,6.5,A,3.9,6.14,20090617-20090708,6.9,A,5.01,20100714-20100805,7.0,A,4.1,7.77,20110712-20110719,M5,8.17,6.14,measured,0.25,observed,-1.0,6.75,5.97,6.5,True,O,6.14,measured,6.25,5.961081880351045,0.6,4.64,3.755,3.755,4.1758,3.3887,3.3887,
TAP_A01,810.0,,,727818.48,9684056.0,O,8.8,A,2.0,4.78,20090617-20090708,8.7,A,5.52,20100714-20100805,,D,,,20110712-20110719,M5,,4.78,measured,0.1,site_median,-1.0,,,8.8,True,O,4.78,measured,8.700000000000001,4.740053279950675,0.6,6.5647,5.6079,5.6079,6.3675,5.4436,5.4436,
TAP_A01,811.0,,,727818.98,9684056.01,O,16.5,A,8.19,10.27,20090617-20090708,18.8,A,13.27,20100714-20100805,20.9,A,7.73,17.75,20110712-20110719,M5,17.67,10.27,measured,2.2,observed,-1.0,18.7,9.54,16.5,True,O,10.27,measured,14.3,9.310637580166109,0.6,47.237,36.8546,36.8546,32.4639,25.548,25.548,
TAP_A01,812.0,,,727822.45,9684054.57,P,5.4,A,2.54,3.53,20090617-20090708,5.8,A,3.67,20100714-20100805,5.5,A,2.37,5.11,20110712-20110719,M5,6.81,3.53,measured,0.05,observed,-1.0,5.45,3.5,5.4,True,P,3.53,measured,5.3500000000000005,3.5050408598797547,0.6,1.8824,,,1.8358,,,
TAP_A01,813.0,,,727824.46,9684055.1,O,38.5,D,1.75,4.54,20090617-20090708,,D,,20100714-20100805,,D,,,20110712-20110719,M5,,4.54,measured,0.1,site_median,-1.0,,,38.5,False,O,4.54,measured,38.4,4.533500613697607,0.6,111.3183,111.3183,111.3183,110.5998,110.5998,110.5998,
TAP_A01,814.0,,,727825.97,9684055.63,O,10.2,A,4.11,7.06,20090617-20090708,10.8,A,7.95,20100714-20100805,11.6,A,3.11,6.32,20110712-20110719,M5,11.82,7.06,measured,0.7,observed,-1.0,10.9,6.75,10.2,True,O,7.06,measured,9.5,6.704995220111551,0.6,12.8139,10.3653,10.3653,10.6058,8.6199,8.6199,
TAP_A01,815.0,,,727826.45,9684054.64,O,5.1,A,4.61,7.68,20090617-20090708,5.2,A,4.88,20100714-20100805,5.7,A,4.9,6.61,20110712-20110719,M5,6.99,7.68,measured,0.3,observed,-1.0,5.4,7.37,5.1,True,O,7.68,measured,4.8,7.331224527672627,0.6,3.5954,2.776,2.776,3.0525,2.3673,2.3673,
TAP_A01,816.0,,,727834.98,9684056.79,O,10.4,A,4.87,7.24,20090617-20090708,11.3,A,8.86,20100714-20100805,11.8,A,4.76,6.23,20110712-20110719,M5,11.96,7.24,measured,0.7,observed,-1.0,11.1,6.93,10.4,True,O,7.24,measured,9.700000000000001,6.8837570265591665,0.6,13.64,11.0,11.0,11.3333,9.1821,9.1821,
TAP_A01,817.0,,,727837.46,9684055.33,O,12.1,A,8.72,16.66,20090617-20090708,12.7,A,13.41,20100714-20100805,13.6,A,7.71,11.71,20110712-20110719,M5,13.22,16.66,measured,0.75,observed,-1.0,12.85,16.02,12.1,True,O,16.66,measured,11.35,15.918597539397,0.6,41.344,29.4415,29.4415,34.9037,24.958,24.958,
TAP_A01,818.0,,,727837.96,9684055.34,O,10.8,A,9.49,12.27,20090617-20090708,10.9,A,13.16,20100714-20100805,11.2,A,8.46,12.02,20110712-20110719,M5,11.53,12.27,measured,0.2,observed,-1.0,11.0,12.11,10.8,True,O,12.27,measured,10.600000000000001,12.106175635006974,0.6,24.5706,18.2634,18.2634,23.3815,17.4009,17.4009,
TAP_A01,819.0,,,727843.95,9684054.95,O,7.0,A,5.12,7.57,20090617-20090708,7.4,A,7.3,20100714-20100805,7.0,A,4.09,7.24,20110712-20110719,M5,8.17,7.57,measured,0.0,observed,-1.0,7.0,7.57,7.0,True,O,7.57,measured,7.0,7.57,0.6,6.5779,5.1684,5.1684,6.5779,5.1684,5.1684,
TAP_A01,820.0,,,727844.47,9684055.96,O,18.2,A,10.02,12.59,20090617-20090708,18.5,A,11.62,20100714-20100805,18.7,A,6.47,12.86,20110712-20110719,M5,16.42,12.59,measured,0.25,observed,-1.0,18.45,12.48,18.2,True,O,12.59,measured,17.95,12.474366286527225,0.6,69.7823,52.9692,52.9692,67.3145,51.1366,51.1366,
TAP_A01,821.0,,,727858.96,9684056.21,O,14.5,A,2.23,4.7,20090617-20090708,15.1,A,6.86,20100714-20100805,15.2,A,2.8,6.81,20110712-20110719,M5,14.28,4.7,measured,0.35,observed,-1.0,14.85,4.62,14.5,True,O,4.7,measured,14.15,4.621130552855186,0.6,17.1166,15.0166,15.0166,16.0521,14.1038,14.1038,
TAP_A01,822.0,,,727860.49,9684057.74,O,66.5,D,0.9,7.7,20090617-20090708,54.3,D,9.15,20100714-20100805,54.3,D,,9.5,20110712-20110719,M5,30.48,7.7,measured,0.0,observed,-1.0,54.3,7.7,66.5,False,O,7.7,measured,66.5,7.7,0.6,541.7806,541.7806,541.7806,541.7806,541.7806,541.7806,
TAP_A01,823.0,,,727862.48,9684057.27,O,16.7,A,10.5,19.47,20090617-20090708,19.2,A,18.64,20100714-20100805,21.3,A,15.88,19.19,20110712-20110719,M5,17.88,19.47,measured,2.3,observed,-1.0,19.0,18.08,16.7,True,O,19.47,measured,14.399999999999999,17.592537291272404,0.6,90.2868,63.708,63.708,61.2385,43.5977,43.5977,
TAP_A01,824.0,,,727866.45,9684055.84,L,10.5,A,0.0,0.0,20090617-20090708,10.4,A,,20100714-20100805,15.0,A,,,20110712-20110719,M5,14.15,11.95,local_fit,2.25,observed,-1.0,12.75,10.67,10.5,True,L,14.15,feldpausch,8.25,11.86659342091822,0.6,26.7276,19.398,19.398,14.0579,10.3697,10.3697,
TAP_A01,825.0,,,727866.96,9684056.35,O,38.6,A,10.07,12.97,20090617-20090708,40.2,A,9.76,20100714-20100805,40.2,D,,5.47,20110712-20110719,M5,26.14,12.97,measured,0.8,observed,-1.0,39.4,12.83,38.6,True,O,12.97,measured,37.800000000000004,12.82089528464259,0.6,311.6797,244.1288,244.1288,295.8373,231.9104,231.9104,
TAP_A01,826.0,,,727879.97,9684057.08,O,10.5,A,3.75,6.49,20090617-20090708,10.6,A,5.85,20100714-20100805,10.4,A,18.97,22.57,20110712-20110719,M5,10.93,6.49,measured,0.0,observed,-1.0,10.4,6.49,10.5,True,O,6.49,measured,10.5,6.49,0.6,12.4903,10.2531,10.2531,12.4903,10.2531,10.2531,
TAP_A01,967.0,,,727882.9,9684056.03,O,,,,,20090617-20090708,5.1,A,5.58,20100714-20100805,5.2,A,2.11,5.56,20110712-20110719,M5,6.52,5.58,measured,0.1,site_median,-1.0,5.1,5.5,,False,O,6.52,feldpausch,,,0.6,,,,,,,
TAP_A01,827.0,,,727886.95,9684056.2,O,6.6,A,3.06,5.21,20090617-20090708,7.2,A,8.53,20100714-20100805,9.0,A,6.97,8.33,20110712-20110719,M5,9.84,5.21,measured,1.2,observed,-1.0,7.8,4.69,6.6,True,O,5.21,measured,5.3999999999999995,4.47533837727222,0.6,4.0723,3.3847,3.3847,2.373,2.0009,2.0009,
TAP_A01,828.0,,,727903.94,9684056.0,O,6.0,D,,2.5,20090617-20090708,,D,,20100714-20100805,,D,,,20110712-20110719,M5,,2.5,measured,0.1,site_median,-1.0,,,6.0,False,O,2.5,measured,5.9,2.4683652647292544,0.6,1.6512,1.6512,1.6512,1.5782,1.5782,1.5782,
TAP_A01,829.0,,,727912.94,9684056.16,O,10.4,A,4.57,6.89,20090617-20090708,10.5,A,6.35,20100714-20100805,10.6,A,4.04,6.01,20110712-20110719,M5,11.08,6.89,measured,0.1,observed,-1.0,10.5,6.84,10.4,True,O,6.89,measured,10.3,6.842118205478141,0.6,12.9961,10.5631,10.5631,12.6667,10.302,10.302,
TAP_A01,830.0,,,727914.94,9684056.19,O,7.9,A,3.7,5.9,20090617-20090708,8.0,A,4.92,20100714-20100805,8.1,A,0.98,4.15,20110712-20110719,M5,9.1,5.9,measured,0.1,observed,-1.0,8.0,5.85,7.9,True,O,5.9,measured,7.800000000000001,5.844523566436384,0.6,6.531,5.3687,5.3687,6.3121,5.1934,5.1934,
TAP_A01,831.0,,,727922.0,9684059.81,O,74.6,D,1.23,6.7,20090617-20090708,73.5,D,7.19,20100714-20100805,73.5,D,,5.73,20110712-20110719,M5,34.84,6.7,measured,0.0,observed,-1.0,73.5,6.7,74.6,False,O,6.7,measured,74.6,6.7,0.6,591.9648,591.9648,591.9648,591.9648,591.9648,591.9648,
TAP_A01,832.0,,,727929.93,9684056.46,O,7.4,A,6.39,8.68,20090617-20090708,7.6,A,9.12,20100714-20100805,7.8,A,5.47,8.19,20110712-20110719,M5,8.85,8.68,measured,0.2,observed,-1.0,7.6,8.51,7.4,True,O,8.68,measured,7.2,8.504347833938263,0.6,8.3791,6.46,6.46,7.7858,6.0141,6.0141,
TAP_A01,833.0,,,727937.97,9684058.6,O,19.5,D,11.06,13.64,20090617-20090708,19.0,D,8.98,20100714-20100805,19.0,D,,5.72,20110712-20110719,M5,16.6,13.64,measured,0.0,observed,-1.0,19.0,13.64,19.5,False,O,13.64,measured,19.5,13.64,0.6,86.335,86.335,86.335,86.335,86.335,86.335,
TAP_A01,834.0,,,727940.93,9684056.65,O,7.9,A,12.14,16.13,20090617-20090708,7.9,A,14.25,20100714-20100805,8.0,A,13.15,15.31,20110712-20110719,M5,9.02,16.13,measured,0.05,observed,-1.0,7.95,16.06,7.9,True,O,16.13,measured,7.8500000000000005,16.054249934446737,0.6,17.4293,12.2225,12.2225,17.1357,12.0219,12.0219,
TAP_A01,835.0,,,727948.43,9684056.78,O,30.0,A,7.07,9.97,20090617-20090708,25.4,A,25.46,20100714-20100805,23.3,A,20.37,21.75,20110712-20110719,M5,18.94,9.97,measured,0.0,observed,-1.0,23.3,9.97,30.0,True,O,9.97,measured,30.0,9.97,0.6,147.4103,118.9144,118.9144,147.4103,118.9144,118.9144,
TAP_A01,836.0,,,727952.95,9684057.86,O,10.5,A,9.48,12.43,20090617-20090708,10.6,A,12.55,20100714-20100805,10.4,A,9.07,12.22,20110712-20110719,M5,10.93,12.43,measured,0.0,observed,-1.0,10.4,12.43,10.5,True,O,12.43,measured,10.5,12.43,0.6,23.5519,17.4468,17.4468,23.5519,17.4468,17.4468,
TAP_A01,837.0,,,727957.93,9684056.95,O,7.3,A,5.35,6.84,20090617-20090708,7.4,A,7.52,20100714-20100805,7.6,A,6.4,8.65,20110712-20110719,M5,8.68,6.84,measured,0.15,observed,-1.0,7.45,6.75,7.3,True,O,6.84,measured,7.1499999999999995,6.734765587280729,0.6,6.4667,5.1735,5.1735,6.1166,4.9005,4.9005,
TAP_A01,838.0,,,727961.46,9684058.51,O,11.3,A,7.92,13.83,20090617-20090708,11.3,A,12.49,20100714-20100805,11.5,A,7.9,12.74,20110712-20110719,M5,11.75,13.83,measured,0.1,observed,-1.0,11.4,13.74,11.3,True,O,13.83,measured,11.200000000000001,13.742387879768252,0.6,30.1656,22.05,22.05,29.4634,21.5492,21.5492,
TAP_A01,839.0,,,727966.01,9684061.59,O,100.2,D,0.89,20.45,20090617-20090708,99.3,D,20.69,20100714-20100805,99.3,D,,21.82,20110712-20110719,M5,38.87,20.45,measured,0.0,observed,-1.0,99.3,20.45,100.2,False,O,20.45,measured,100.2,20.45,0.6,3128.8962,3128.8962,3128.8962,3128.8962,3128.8962,3128.8962,
TAP_A01,840.0,,,727970.94,9684057.67,O,7.0,A,7.48,11.8,20090617-20090708,7.1,A,11.34,20100714-20100805,7.1,A,9.98,12.55,20110712-20110719,M5,8.25,11.8,measured,0.05,observed,-1.0,7.05,11.74,7.0,True,O,11.8,measured,6.95,11.736823005649754,0.6,10.1449,7.4311,7.4311,9.9517,7.2933,7.2933,
TAP_A01,841.0,,,727972.96,9684059.21,O,14.7,A,5.8,8.72,20090617-20090708,14.7,A,9.39,20100714-20100805,14.7,A,6.14,8.01,20110712-20110719,M5,13.95,8.72,measured,0.0,observed,-1.0,14.7,8.72,14.7,True,O,8.72,measured,14.7,8.72,0.6,32.1372,25.588,25.588,32.1372,25.588,25.588,
TAP_A01,842.0,,,727978.93,9684057.31,O,7.9,A,13.58,16.63,20090617-20090708,8.0,A,17.1,20100714-20100805,8.3,A,13.94,18.62,20110712-20110719,M5,9.27,16.63,measured,0.2,observed,-1.0,8.1,16.33,7.9,True,O,16.63,measured,7.7,16.31657131260553,0.6,17.9564,12.5315,12.5315,16.7655,11.7212,11.7212,
TAP_A01,843.0,,,727985.47,9684059.93,O,84.2,A,37.26,44.98,20090617-20090708,83.8,A,40.17,20100714-20100805,84.5,A,33.05,40.68,20110712-20110719,M5,36.77,44.98,measured,0.15,observed,-1.0,84.35,44.94,84.2,True,O,44.98,measured,84.05,44.950474575535324,0.6,4808.5803,3212.5771,3212.5771,4788.803,3199.4221,3199.4221,
TAP_A01,844.0,,,727986.47,9684059.95,O,49.8,A,37.45,45.05,20090617-20090708,49.9,A,45.54,20100714-20100805,50.6,A,,33.72,20110712-20110719,M5,29.45,45.05,measured,0.4,observed,-1.0,50.2,44.88,49.8,True,O,45.05,measured,49.4,44.86932614188906,0.6,1727.6608,1125.2279,1125.2279,1694.0197,1103.5909,1103.5909,
TAP_A01,845.0,,,727986.95,9684058.95,O,19.0,A,12.7,17.53,20090617-20090708,18.7,A,19.05,20100714-20100805,20.2,A,13.42,20.19,20110712-20110719,M5,17.28,17.53,measured,0.6,observed,-1.0,19.6,17.19,19.0,True,O,17.53,measured,18.4,17.16098407975814,0.6,104.838,75.6799,75.6799,96.4491,69.751,69.751,
TAP_A01,846.0,,,727992.45,9684059.05,O,10.7,A,11.04,13.72,20090617-20090708,10.6,A,11.13,20100714-20100805,,D,,,20110712-20110719,M5,,13.72,measured,0.1,site_median,-1.0,,,10.7,True,O,13.72,measured,10.6,13.627623657123499,0.6,26.9076,19.6419,19.6419,26.2453,19.1702,19.1702,
TAP_A01,847.0,,,727992.46,9684059.55,O,51.5,A,21.02,23.96,20090617-20090708,51.5,A,26.52,20100714-20100805,52.0,A,21.35,25.17,20110712-20110719,M5,29.85,23.96,measured,0.25,observed,-1.0,51.75,23.9,51.5,True,O,23.96,measured,51.25,23.902879495182855,0.6,996.0647,717.9499,717.9499,984.3523,709.6096,709.6096,
TAP_A01,848.0,,,727996.93,9684058.13,O,9.6,A,5.21,7.56,20090617-20090708,9.6,D,3.95,20100714-20100805,,D,,,20110712-20110719,M5,,7.56,measured,0.1,site_median,-1.0,,,9.6,True,O,7.56,measured,9.5,7.502590344692249,0.6,12.17,9.7103,9.7103,11.8354,9.4499,9.4499,
TAP_A01,849.0,,,728000.43,9684058.19,O,9.3,A,7.83,10.91,20090617-20090708,9.5,A,3.47,20100714-20100805,9.4,A,2.85,3.74,20110712-20110719,M5,10.16,10.91,measured,0.05,observed,-1.0,9.35,10.87,9.3,True,O,10.91,measured,9.25,10.867142062683275,0.6,16.3628,12.3017,12.3017,16.1294,12.1307,12.1307,
TAP_A01,850.0,,,727997.89,9684055.65,O,20.6,A,9.69,16.2,20090617-20090708,21.1,A,8.41,20100714-20100805,21.4,A,2.08,6.66,20110712-20110719,M5,17.94,16.2,measured,0.4,observed,-1.0,21.0,16.0,20.6,True,O,16.2,measured,20.200000000000003,15.994174810550504,0.6,113.6622,83.4021,83.4021,108.0372,79.3602,79.3602,
TAP_A01,968.0,,,727995.22,9684057.25,O,,,,,20090617-20090708,9.4,A,12.67,20100714-20100805,10.3,A,4.43,10.69,20110712-20110719,M5,10.85,12.67,measured,0.1,site_median,-1.0,10.2,12.59,,False,O,10.85,feldpausch,,,0.6,,,,,,,
TAP_A01,851.0,,,727989.92,9684057.01,L,6.2,A,1.14,1.3,20090617-20090708,6.2,A,,20100714-20100805,6.2,A,,,20110712-20110719,M5,7.45,1.3,measured,0.0,observed,-1.0,6.2,1.3,6.2,True,L,1.3,measured,6.2,1.3,0.6,0.9299,0.9595,0.9595,0.9299,0.9595,0.9595,
TAP_A01,852.0,,,727968.91,9684056.14,O,19.3,A,9.04,12.93,20090617-20090708,18.2,A,11.64,20100714-20100805,20.0,A,3.84,12.65,20110712-20110719,M5,17.17,12.93,measured,0.35,observed,-1.0,19.65,12.78,19.3,True,O,12.93,measured,18.95,12.774700898224397,0.6,80.3135,60.8782,60.8782,76.5865,58.1129,58.1129,
TAP_A01,853.0,,,727968.88,9684054.64,O,51.5,D,1.4,2.05,20090617-20090708,51.3,D,2.41,20100714-20100805,51.3,D,,2.41,20110712-20110719,M5,29.65,2.05,measured,0.0,observed,-1.0,51.3,2.05,51.5,False,O,2.05,measured,51.5,2.05,0.6,90.4024,90.4024,90.4024,90.4024,90.4024,90.4024,
TAP_A01,854.0,,,727966.92,9684056.6,O,5.5,A,4.96,9.29,20090617-20090708,5.5,A,10.55,20100714-20100805,5.7,A,5.68,11.07,20110712-20110719,M5,6.99,9.29,measured,0.1,observed,-1.0,5.6,9.17,5.5,True,O,9.29,measured,5.4,9.160991826442405,0.6,5.0169,3.7724,3.7724,4.7747,3.5951,3.5951,
TAP_A01,855.0,,,727964.42,9684056.56,O,6.1,A,8.85,12.78,20090617-20090708,6.5,A,12.05,20100714-20100805,7.0,A,7.73,12.77,20110712-20110719,M5,8.17,12.78,measured,0.45,observed,-1.0,6.55,12.15,6.1,True,O,12.78,measured,5.6499999999999995,12.058436789535003,0.6,8.383,6.0237,6.0237,6.8202,4.9278,4.9278,
TAP_A01,856.0,,,727957.9,9684055.45,O,19.4,A,16.59,19.85,20090617-20090708,19.3,A,18.74,20100714-20100805,19.9,A,14.58,22.0,20110712-20110719,M5,17.11,19.85,measured,0.25,observed,-1.0,19.65,19.69,19.4,True,O,19.85,measured,19.15,19.680982843058974,0.6,123.2719,87.3436,87.3436,119.1911,84.5137,84.5137,
TAP_A01,857.0,,,727953.91,9684055.88,O,21.3,A,11.3,14.01,20090617-20090708,21.1,A,17.15,20100714-20100805,21.1,A,10.84,18.83,20110712-20110719,M5,17.78,14.01,measured,0.0,observed,-1.0,21.1,14.01,21.3,True,O,14.01,measured,21.3,14.01,0.6,105.2886,79.1781,79.1781,105.2886,79.1781,79.1781,
TAP_A01,858.0,,,727953.91,9684055.88,L,5.1,A,6.01,8.46,20090617-20090708,5.1,A,7.99,20100714-20100805,5.2,A,3.19,8.33,20110712-20110719,M5,6.52,8.46,measured,0.05,observed,-1.0,5.15,8.4,5.1,True,L,8.46,measured,5.05,8.396436552824735,0.6,3.9514,3.0046,3.0046,3.8477,2.9279,2.9279,
TAP_A01,859.0,,,727946.91,9684055.75,O,138.0,A,51.72,59.32,20090617-20090708,137.5,A,55.26,20100714-20100805,140.0,A,32.07,42.48,20110712-20110719,M5,42.73,59.32,measured,1.0,observed,-1.0,139.0,59.22,138.0,True,O,59.32,measured,137.0,59.21979173571872,0.6,16525.2858,10821.717,10821.717,16265.4809,10650.7087,10650.7087,
TAP_A01,860.0,,,727943.43,9684056.69,O,16.0,A,21.19,25.17,20090617-20090708,16.0,A,17.78,20100714-20100805,16.1,A,13.99,18.69,20110712-20110719,M5,14.85,25.17,measured,0.05,observed,-1.0,16.05,25.12,16.0,True,O,25.17,measured,15.95,25.116395292536456,0.6,106.7001,72.1476,72.1476,105.8298,71.5725,71.5725,
TAP_A01,861.0,,,727937.9,9684054.6,O,17.5,A,9.41,14.6,20090617-20090708,17.6,A,14.12,20100714-20100805,17.6,A,6.31,14.26,20110712-20110719,M5,15.77,14.6,measured,0.05,observed,-1.0,17.55,14.57,17.5,True,O,14.6,measured,17.45,14.571993764352955,0.6,74.6929,55.281,55.281,74.1378,54.8793,54.8793,
TAP_A01,862.0,,,727929.89,9684053.96,O,13.5,A,11.64,13.29,20090617-20090708,30.5,A,11.86,20100714-20100805,30.5,A,9.8,13.57,20110712-20110719,M5,22.35,13.29,measured,5.0,observed,-1.0,25.5,11.92,13.5,True,O,13.29,measured,8.5,9.531790244499774,0.6,41.0613,30.4628,30.4628,12.0326,9.2016,9.2016,
TAP_A01,934.0,,,727928.93,9684056.44,O,7.0,A,5.57,10.43,20090617-20090708,7.5,A,12.17,20100714-20100805,7.8,A,4.48,10.53,20110712-20110719,M5,8.85,10.43,measured,0.4,observed,-1.0,7.4,10.03,7.0,True,O,10.43,measured,6.6,9.979503172793569,0.6,8.9937,6.7176,6.7176,7.6796,5.7599,5.7599,
TAP_A01,863.0,,,727926.42,9684055.39,O,56.2,A,17.84,20.42,20090617-20090708,56.3,A,21.95,20100714-20100805,56.4,A,9.24,23.33,20110712-20110719,M5,31.04,20.42,measured,0.1,observed,-1.0,56.3,20.4,56.2,True,O,20.42,measured,56.1,20.402908131221114,0.6,1010.556,750.1665,750.1665,1006.2263,746.9874,746.9874,
TAP_A01,864.0,,,727918.92,9684055.26,O,40.2,A,20.09,27.94,20090617-20090708,41.0,A,25.58,20100714-20100805,40.4,A,19.39,28.5,20110712-20110719,M5,26.21,27.94,measured,0.1,observed,-1.0,40.3,27.91,40.2,True,O,27.94,measured,40.1,27.902279788123383,0.6,713.5541,496.0492,496.0492,709.1577,493.0392,493.0392,
TAP_A01,865.0,,,727918.93,9684055.76,O,7.4,A,10.77,12.49,20090617-20090708,7.7,A,6.84,20100714-20100805,8.0,A,5.07,7.37,20110712-20110719,M5,9.02,12.49,measured,0.3,observed,-1.0,7.7,12.14,7.4,True,O,12.49,measured,7.1000000000000005,12.109991528645656,0.6,11.9521,8.6998,8.6998,10.6971,7.8089,7.8089,
TAP_A01,866.0,,,727912.92,9684055.16,P,5.7,A,3.21,4.98,20090617-20090708,6.4,A,5.67,20100714-20100805,6.5,A,2.08,4.67,20110712-20110719,M5,7.72,4.98,measured,0.4,observed,-1.0,6.1,4.75,5.7,True,P,4.98,measured,5.3,4.711516845992924,0.6,2.927,,,2.4058,,,
TAP_A01,867.0,,,727909.93,9684055.6,O,6.4,A,3.64,3.98,20090617-20090708,6.5,A,4.74,20100714-20100805,6.7,A,4.11,8.21,20110712-20110719,M5,7.9,3.98,measured,0.15,observed,-1.0,6.55,3.91,6.4,True,O,3.98,measured,6.25,3.90942085840311,0.6,2.9486,2.5534,2.5534,2.7664,2.3998,2.3998,
TAP_A01,868.0,,,727901.92,9684054.96,O,15.6,A,4.35,6.85,20090617-20090708,21.0,A,3.86,20100714-20100805,21.0,D,,2.96,20110712-20110719,M5,17.72,6.85,measured,2.7,observed,-1.0,18.3,6.26,15.6,True,O,6.85,measured,12.899999999999999,6.0041984373390145,0.6,28.515,23.6539,23.6539,17.3023,14.5216,14.5216,
TAP_A01,869.0,,,727887.43,9684055.21,O,8.2,D,1.39,5.76,20090617-20090708,7.8,D,6.36,20100714-20100805,,D,,,20110712-20110719,M5,,5.76,measured,0.1,site_median,-1.0,,,8.2,False,O,5.76,measured,8.1,5.707996336224291,0.6,6.8612,6.8612,6.8612,6.6397,6.6397,6.6397,
TAP_A01,870.0,,,727873.93,9684054.97,O,7.4,A,6.43,8.77,20090617-20090708,7.8,A,9.52,20100714-20100805,8.5,A,2.84,9.31,20110712-20110719,M5,9.43,8.77,measured,0.55,observed,-1.0,7.95,8.35,7.4,True,O,8.77,measured,6.8500000000000005,8.277942991662945,0.6,8.4639,6.5147,6.5147,6.8805,5.3248,5.3248,
TAP_A01,871.0,,,727871.94,9684055.44,O,17.4,A,5.93,8.16,20090617-20090708,17.5,A,9.48,20100714-20100805,17.6,A,5.16,9.43,20110712-20110719,M5,15.77,8.16,measured,0.1,observed,-1.0,17.5,8.13,17.4,True,O,8.16,measured,17.299999999999997,8.12846049623111,0.6,41.8622,33.9563,33.9563,41.2377,33.461,33.461,
TAP_A01,872.0,,,727862.94,9684054.78,O,9.2,A,1.43,3.74,20090617-20090708,9.2,A,3.64,20100714-20100805,9.2,D,,2.16,20110712-20110719,M5,10.0,3.74,measured,0.0,observed,-1.0,9.2,3.74,9.2,True,O,3.74,measured,9.2,3.74,0.6,5.635,5.0147,5.0147,5.635,5.0147,5.0147,
TAP_A01,873.0,,,727862.94,9684054.78,O,7.0,A,7.54,9.58,20090617-20090708,9.1,A,10.72,20100714-20100805,11.9,A,9.4,12.39,20110712-20110719,M5,12.03,9.58,measured,2.45,observed,-1.0,9.45,8.11,7.0,True,O,9.58,measured,4.55,6.904990528419184,0.6,8.2776,6.2663,6.2663,2.5937,2.0254,2.0254,
TAP_A01,874.0,,,727850.45,9684055.06,O,5.0,A,5.88,7.91,20090617-20090708,6.2,A,9.82,20100714-20100805,9.0,A,5.2,11.07,20110712-20110719,M5,9.84,7.91,measured,2.0,observed,-1.0,7.0,6.57,5.0,True,O,7.91,measured,3.0,5.320344165735033,0.6,3.5602,2.7334,2.7334,0.8919,0.7114,0.7114,
TAP_A01,875.0,,,727846.94,9684054.5,O,5.1,A,4.2,5.98,20090617-20090708,5.2,A,6.08,20100714-20100805,5.2,A,3.22,5.81,20110712-20110719,M5,6.52,5.98,measured,0.05,observed,-1.0,5.15,5.93,5.1,True,O,5.98,measured,5.05,5.935069809207082,0.6,2.8164,2.2623,2.2623,2.7425,2.2045,2.2045,
TAP_A01,876.0,,,727844.94,9684054.46,O,19.5,A,6.96,9.12,20090617-20090708,19.8,A,12.11,20100714-20100805,19.9,A,6.43,13.08,20110712-20110719,M5,17.11,9.12,measured,0.2,observed,-1.0,19.7,9.06,19.5,True,O,9.12,measured,19.3,9.058298391260545,0.6,58.2859,46.7094,46.7094,56.7474,45.5028,45.5028,
TAP_A01,877.0,,,727843.41,9684052.94,O,25.1,A,13.56,14.88,20090617-20090708,25.2,A,15.85,20100714-20100805,25.7,A,13.16,17.96,20110712-20110719,M5,20.14,14.88,measured,0.3,observed,-1.0,25.4,14.78,25.1,True,O,14.88,measured,24.8,14.768729976088462,0.6,153.8453,115.5038,115.5038,149.1795,112.069,112.069,
TAP_A01,878.0,,,727840.92,9684053.39,O,35.4,A,17.03,19.27,20090617-20090708,35.2,A,19.65,20100714-20100805,35.1,A,13.39,18.49,20110712-20110719,M5,24.25,19.27,measured,0.0,observed,-1.0,35.1,19.27,35.4,True,O,19.27,measured,35.4,19.27,0.6,387.4,283.8568,283.8568,387.4,283.8568,283.8568,
TAP_A01,969.0,,,727841.55,9684054.9,L,,,,,20090617-20090708,6.1,A,,20100714-20100805,6.1,A,,,20110712-20110719,M5,7.36,7.36,feldpausch_regional,0.1,site_median,-1.0,6.0,7.27,,False,L,7.36,feldpausch,,,0.6,,,,,,,
TAP_A01,970.0,,,727841.55,9684054.9,L,,,,,20090617-20090708,6.6,A,,20100714-20100805,6.9,A,,,20110712-20110719,M5,8.08,8.08,feldpausch_regional,0.1,site_median,-1.0,6.8,7.99,,False,L,8.08,feldpausch,,,0.6,,,,,,,
TAP_A01,879.0,,,727839.41,9684052.87,O,81.5,D,0.98,12.99,20090617-20090708,80.9,D,11.84,20100714-20100805,80.9,D,,13.69,20110712-20110719,M5,36.18,12.99,measured,0.0,observed,-1.0,80.9,12.99,81.5,False,O,12.99,measured,81.5,12.99,0.6,1342.5265,1342.5265,1342.5265,1342.5265,1342.5265,1342.5265,
TAP_A01,880.0,,,727838.43,9684053.85,O,9.5,A,8.15,8.93,20090617-20090708,9.8,A,11.75,20100714-20100805,10.2,A,4.99,12.01,20110712-20110719,M5,10.78,8.93,measured,0.35,observed,-1.0,9.85,8.71,9.5,True,O,8.93,measured,9.15,8.688697503881029,0.6,14.0284,10.8969,10.8969,12.6933,9.8848,9.8848,
TAP_A01,881.0,,,727836.95,9684054.82,O,11.2,A,5.89,9.04,20090617-20090708,11.8,A,4.79,20100714-20100805,,D,,,20110712-20110719,M5,,9.04,measured,0.1,site_median,-1.0,,,11.2,True,O,9.04,measured,11.1,8.982159651993896,0.6,19.5774,15.2982,15.2982,19.1175,14.9476,14.9476,
TAP_A01,882.0,,,727835.95,9684054.81,O,8.6,A,6.71,8.54,20090617-20090708,9.1,A,8.53,20100714-20100805,9.5,A,2.55,3.57,20110712-20110719,M5,10.23,8.54,measured,0.45,observed,-1.0,9.05,8.25,8.6,True,O,8.54,measured,8.15,8.208196148572139,0.6,11.0587,8.6097,8.6097,9.5796,7.4856,7.4856,
TAP_A01,883.0,,,727831.44,9684054.23,O,41.8,A,19.41,22.85,20090617-20090708,41.7,A,28.51,20100714-20100805,42.2,A,1.94,2.21,20110712-20110719,M5,26.83,22.85,measured,0.2,observed,-1.0,42.0,22.8,41.8,True,O,22.85,measured,41.599999999999994,22.791458290965835,0.6,632.8047,454.9681,454.9681,625.3404,449.6801,449.6801,
TAP_A01,884.0,,,727831.44,9684054.23,L,9.2,A,3.94,5.99,20090617-20090708,9.2,A,7.51,20100714-20100805,9.2,A,,,20110712-20110719,M5,10.0,5.99,measured,0.0,observed,-1.0,9.2,5.99,9.2,True,L,5.99,measured,9.2,5.99,0.6,8.9237,7.3717,7.3717,8.9237,7.3717,7.3717,
TAP_A01,885.0,,,727825.92,9684052.63,O,28.2,A,22.94,27.95,20090617-20090708,30.0,A,28.96,20100714-20100805,31.7,A,18.87,26.21,20110712-20110719,M5,22.86,27.95,measured,1.75,observed,-1.0,29.95,27.03,28.2,True,O,27.95,measured,26.45,26.87799681997465,0.6,357.2857,244.1732,244.1732,303.4778,208.0451,208.0451,
TAP_A01,886.0,,,727806.91,9684051.8,O,51.5,D,1.11,1.29,20090617-20090708,47.9,D,1.4,20100714-20100805,47.9,D,,1.49,20110712-20110719,M5,28.66,1.29,measured,0.0,observed,-1.0,47.9,1.29,51.5,False,O,1.29,measured,51.5,1.29,0.6,57.5233,57.5233,57.5233,57.5233,57.5233,57.5233,
TAP_A01,887.0,,,727802.95,9684053.73,O,5.5,A,4.71,5.19,20090617-20090708,5.5,A,7.55,20100714-20100805,5.9,A,1.63,4.29,20110712-20110719,M5,7.18,5.19,measured,0.2,observed,-1.0,5.7,5.05,5.5,True,O,5.19,measured,5.3,5.045452661041742,0.6,2.8422,2.3431,2.3431,2.572,2.1261,2.1261,
TAP_A01,888.0,,,727799.45,9684054.17,O,7.5,A,7.56,8.69,20090617-20090708,8.0,A,8.15,20100714-20100805,8.6,A,3.86,8.93,20110712-20110719,M5,9.52,8.69,measured,0.55,observed,-1.0,8.05,8.27,7.5,True,O,8.69,measured,6.95,8.209520657182939,0.6,8.6112,6.642,6.642,7.0208,5.4443,5.4443,
TAP_A01,889.0,,,727799.45,9684053.67,O,11.4,A,6.28,7.04,20090617-20090708,11.5,A,6.22,20100714-20100805,11.9,A,8.85,10.08,20110712-20110719,M5,12.03,7.04,measured,0.25,observed,-1.0,11.65,6.93,11.4,True,O,7.04,measured,11.15,6.929303017996138,0.6,15.8771,12.9177,12.9177,14.9711,12.1981,12.1981,
TAP_A01,971.0,,,727884.13,9684054.85,O,,,,,20090617-20090708,10.3,A,9.58,20100714-20100805,13.4,A,6.66,12.44,20110712-20110719,M5,13.08,9.58,measured,0.1,site_median,-1.0,13.3,9.54,,False,O,13.08,feldpausch,,,0.6,,,,,,,
TAP_A01,890.0,,,727764.45,9684053.05,O,12.1,A,6.98,10.38,20090617-20090708,12.3,A,8.34,20100714-20100805,14.4,A,5.41,8.64,20110712-20110719,M5,13.76,10.38,measured,1.15,observed,-1.0,13.25,9.79,12.1,True,O,10.38,measured,10.95,9.666633383624735,0.6,26.0535,19.9931,19.9931,19.9998,15.447,15.447,
TAP_A01,891.0,,,727752.45,9684052.84,O,13.0,A,16.49,24.34,20090617-20090708,13.0,A,21.08,20100714-20100805,13.0,A,13.1,15.86,20110712-20110719,M5,12.81,24.34,measured,0.0,observed,-1.0,13.0,24.34,13.0,True,O,24.34,measured,13.0,24.34,0.6,68.8537,46.34,46.34,68.8537,46.34,46.34,
TAP_A01,892.0,,,727751.44,9684051.82,O,21.5,A,17.45,22.58,20090617-20090708,22.0,A,20.1,20100714-20100805,22.6,A,18.59,23.31,20110712-20110719,M5,18.58,22.58,measured,0.55,observed,-1.0,22.05,22.23,21.5,True,O,22.58,measured,20.95,22.20461953552385,0.6,170.8501,119.2017,119.2017,159.7867,111.6396,111.6396,
TAP_A01,893.0,,,727741.43,9684051.15,O,13.0,A,4.9,8.15,20090617-20090708,13.0,D,3.32,20100714-20100805,13.0,D,,3.18,20110712-20110719,M5,12.81,8.15,measured,0.0,observed,-1.0,13.0,8.15,13.0,True,O,8.15,measured,13.0,8.15,0.6,23.6683,18.9353,18.9353,23.6683,18.9353,18.9353,
TAP_A01,894.0,,,727728.97,9684052.93,O,8.3,A,8.85,15.91,20090617-20090708,9.2,A,13.66,20100714-20100805,9.9,A,6.72,15.06,20110712-20110719,M5,10.55,15.91,measured,0.8,observed,-1.0,9.1,14.96,8.3,True,O,15.91,measured,7.500000000000001,14.75851434550246,0.6,18.9379,13.3408,13.3408,14.44,10.2437,10.2437,
TAP_A01,972.0,,,727728.47,9684052.92,O,18.9,A,18.75,22.04,20090617-20090708,18.9,A,22.18,20100714-20100805,19.0,A,14.02,20.69,20110712-20110719,M5,16.6,22.04,measured,0.05,observed,-1.0,18.95,22.0,18.9,True,O,22.04,measured,18.849999999999998,22.00139100138423,0.6,129.7444,90.3088,90.3088,128.8546,89.7029,89.7029,
TAP_A01,973.0,,,727728.01,9684052.31,O,,,,,20090617-20090708,6.1,A,10.12,20100714-20100805,6.7,A,6.94,10.76,20110712-20110719,M5,7.9,10.12,measured,0.1,site_median,-1.0,6.6,10.0,,False,O,7.9,feldpausch,,,0.6,,,,,,,
TAP_A01,896.0,,,727724.43,9684050.85,O,31.4,A,27.35,33.6,20090617-20090708,31.7,A,33.94,20100714-20100805,32.2,A,25.87,36.08,20110712-20110719,M5,23.07,33.6,measured,0.4,observed,-1.0,31.8,33.35,31.4,True,O,33.6,measured,31.0,33.34734916269303,0.6,527.4417,351.9365,351.9365,510.6303,340.9157,340.9157,
TAP_A01,897.0,,,727720.46,9684052.28,O,7.8,A,7.24,15.17,20090617-20090708,8.1,A,13.66,20100714-20100805,8.5,A,8.9,11.9,20110712-20110719,M5,9.43,15.17,measured,0.35,observed,-1.0,8.15,14.72,7.8,True,O,15.17,measured,7.45,14.660949881183083,0.6,16.0129,11.3317,11.3317,14.1607,10.0529,10.0529,
TAP_A01,898.0,,,727704.96,9684052.01,O,12.3,A,9.64,12.8,20090617-20090708,12.8,A,12.08,20100714-20100805,12.9,A,6.1,11.52,20110712-20110719,M5,12.74,12.8,measured,0.3,observed,-1.0,12.6,12.59,12.3,True,O,12.8,measured,12.0,12.578091217552366,0.6,33.006,24.5227,24.5227,30.9205,23.0095,23.0095,
TAP_A01,899.0,,,727703.97,9684052.49,L,5.5,A,0.0,0.0,20090617-20090708,5.5,A,,20100714-20100805,5.5,D,,,20110712-20110719,M5,6.81,8.43,local_fit,0.0,observed,-1.0,5.5,8.43,5.5,True,L,6.81,feldpausch,5.5,6.81,0.6,3.7051,2.9262,2.9262,3.7051,2.9262,2.9262,
TAP_A01,974.0,,,727695.96,9684051.85,O,6.3,A,5.21,8.06,20090617-20090708,6.4,A,7.79,20100714-20100805,6.4,A,5.21,7.61,20110712-20110719,M5,7.64,8.06,measured,0.05,observed,-1.0,6.35,8.01,6.3,True,O,8.06,measured,6.25,8.011665516705234,0.6,5.6932,4.4068,4.4068,5.5725,4.3158,4.3158,
TAP_A01,901.0,,,727691.44,9684050.77,O,46.5,A,32.66,37.44,20090617-20090708,46.5,A,32.12,20100714-20100805,46.4,A,20.79,26.2,20110712-20110719,M5,28.2,37.44,measured,0.0,observed,-1.0,46.4,37.44,46.5,True,O,37.44,measured,46.5,37.44,0.6,1261.5505,843.2456,843.2456,1261.5505,843.2456,843.2456,
TAP_A01,965.0,,,727690.97,9684052.26,O,25.6,A,16.07,19.83,20090617-20090708,25.3,A,25.09,20100714-20100805,25.7,A,14.19,20.64,20110712-20110719,M5,20.14,19.83,measured,0.05,observed,-1.0,25.65,19.81,25.6,True,O,19.83,measured,25.55,19.805957027275856,0.6,211.608,151.967,151.967,210.5525,151.2238,151.2238,
TAP_A01,903.0,,,727687.44,9684050.2,O,64.6,A,27.16,34.28,20090617-20090708,64.6,A,47.3,20100714-20100805,64.8,A,31.19,41.6,20110712-20110719,M5,33.05,34.28,measured,0.1,observed,-1.0,64.7,34.26,64.6,True,O,34.28,measured,64.5,34.256816668742474,0.6,2199.0464,1514.2162,1514.2162,2190.9594,1508.6967,1508.6967,
TAP_A01,904.0,,,727679.96,9684051.07,O,11.9,A,5.56,14.68,20090617-20090708,12.0,A,10.64,20100714-20100805,12.1,A,,,20110712-20110719,M5,12.18,14.68,measured,0.1,observed,-1.0,12.0,14.6,11.9,True,O,14.68,measured,11.8,14.592248954747454,0.6,35.3715,25.6765,25.6765,34.5906,25.1232,25.1232,
TAP_A01,905.0,,,727679.47,9684052.06,O,24.0,A,23.92,27.25,20090617-20090708,24.1,A,27.28,20100714-20100805,24.1,A,18.39,24.04,20110712-20110719,M5,19.35,27.25,measured,0.05,observed,-1.0,24.05,27.22,24.0,True,O,27.25,measured,23.95,27.21421780754396,0.6,254.4197,173.2255,173.2255,253.0613,172.3191,172.3191,
TAP_A01,975.0,,,727678.36,9684051.54,O,,,,,20090617-20090708,5.3,A,8.83,20100714-20100805,5.1,A,5.2,8.66,20110712-20110719,M5,6.43,8.83,measured,0.1,site_median,-1.0,5.0,8.69,,False,O,6.43,feldpausch,,,0.6,,,,,,,
TAP_A01,906.0,,,727676.46,9684051.01,O,30.1,A,24.04,26.59,20090617-20090708,30.2,A,30.03,20100714-20100805,30.5,A,17.07,26.52,20110712-20110719,M5,22.35,26.59,measured,0.2,observed,-1.0,30.3,26.48,30.1,True,O,26.59,measured,29.900000000000002,26.484679369517902,0.6,386.4983,267.062,267.062,380.0263,262.6706,262.6706,
TAP_A01,907.0,,,727671.45,9684050.42,O,68.3,A,22.51,29.27,20090617-20090708,68.7,A,36.53,20100714-20100805,69.0,A,23.76,35.61,20110712-20110719,M5,33.95,29.27,measured,0.35,observed,-1.0,68.65,29.21,68.3,True,O,29.27,measured,67.95,29.206422101025197,0.6,2101.2536,1487.4236,1487.4236,2075.8759,1469.6018,1469.6018,
TAP_A01,908.0,,,727661.98,9684051.75,O,6.0,A,4.96,6.18,20090617-20090708,5.9,A,6.25,20100714-20100805,5.9,A,5.43,6.95,20110712-20110719,M5,7.18,6.18,measured,0.0,observed,-1.0,5.9,6.18,6.0,True,O,6.18,measured,6.0,6.18,0.6,3.9941,3.2166,3.2166,3.9941,3.2166,3.2166,
TAP_A01,909.0,,,727657.85,9684044.68,O,80.7,A,40.1,52.19,20090617-20090708,80.8,A,48.03,20100714-20100805,81.6,A,30.61,48.37,20110712-20110719,M5,36.29,52.19,measured,0.45,observed,-1.0,81.15,52.09,80.7,True,O,52.19,measured,80.25,52.079190328322575,0.6,5117.3254,3332.6749,3332.6749,5051.2829,3289.8863,3289.8863,
TAP_A01,910.0,,,727649.45,9684050.04,O,16.2,A,3.14,11.97,20090617-20090708,15.9,A,12.71,20100714-20100805,16.2,A,4.78,12.21,20110712-20110719,M5,14.91,11.97,measured,0.0,observed,-1.0,16.2,11.97,16.2,True,O,11.97,measured,16.2,11.97,0.6,52.9241,40.269,40.269,52.9241,40.269,40.269,
TAP_A01,911.0,,,727646.47,9684050.98,O,7.1,A,10.55,14.03,20090617-20090708,7.0,A,14.42,20100714-20100805,7.2,A,8.21,15.19,20110712-20110719,M5,8.34,14.03,measured,0.05,observed,-1.0,7.15,13.96,7.1,True,O,14.03,measured,7.05,13.956025667292673,0.6,12.3494,8.8078,8.8078,12.1175,8.6467,8.6467,
TAP_A01,912.0,,,727634.46,9684050.27,O,14.5,A,4.2,7.84,20090617-20090708,14.7,A,8.96,20100714-20100805,14.6,A,2.11,6.81,20110712-20110719,M5,13.89,7.84,measured,0.05,observed,-1.0,14.55,7.82,14.5,True,O,7.84,measured,14.45,7.821294479968814,0.6,28.2035,22.8216,22.8216,27.9488,22.6202,22.6202,
TAP_A01,913.0,,,727621.95,9684049.05,O,20.9,A,16.34,19.32,20090617-20090708,21.0,A,21.55,20100714-20100805,21.3,A,12.78,17.85,20110712-20110719,M5,17.88,19.32,measured,0.2,observed,-1.0,21.1,19.21,20.9,True,O,19.32,measured,20.7,19.199705182110744,0.6,138.8447,99.153,99.153,135.4348,96.7687,96.7687,
TAP_A01,976.0,,,727620.07,9684050.12,O,,,,,20090617-20090708,9.0,A,9.92,20100714-20100805,8.9,A,5.26,9.02,20110712-20110719,M5,9.76,9.92,measured,0.1,site_median,-1.0,8.8,9.84,,False,O,9.76,feldpausch,,,0.6,,,,,,,
TAP_A01,977.0,,,727616.72,9684050.06,O,,,,,20090617-20090708,12.9,A,20.56,20100714-20100805,14.3,A,10.73,16.57,20110712-20110719,M5,13.69,20.56,measured,0.1,site_median,-1.0,14.2,20.45,,False,O,13.69,feldpausch,,,0.6,,,,,,,
TAP_A01,914.0,,,727613.95,9684048.91,O,91.5,A,1.4,16.47,20090617-20090708,93.5,A,15.96,20100714-20100805,93.5,D,,17.56,20110712-20110719,M5,38.11,16.47,measured,1.0,observed,-1.0,92.5,16.41,91.5,True,O,16.47,measured,90.5,16.407317413449768,0.6,2121.5224,1667.8501,1667.8501,2068.7852,1626.5123,1626.5123,
TAP_A01,915.0,,,727610.95,9684048.86,O,27.2,A,12.14,15.5,20090617-20090708,27.1,A,19.56,20100714-20100805,26.7,A,15.6,21.77,20110712-20110719,M5,20.62,15.5,measured,0.0,observed,-1.0,26.7,15.5,27.2,True,O,15.5,measured,27.2,15.5,0.6,187.285,140.2454,140.2454,187.285,140.2454,140.2454,
TAP_A01,916.0,,,727592.45,9684048.54,O,32.3,A,15.87,21.03,20090617-20090708,32.7,A,20.44,20100714-20100805,32.8,A,11.37,24.34,20110712-20110719,M5,23.32,21.03,measured,0.25,observed,-1.0,32.55,20.94,32.3,True,O,21.03,measured,32.05,20.934881034416353,0.6,352.7891,253.8324,253.8324,345.9446,248.9933,248.9933,
TAP_A01,917.0,,,727591.92,9684046.53,O,50.9,A,45.11,53.72,20090617-20090708,51.2,D,39.17,20100714-20100805,51.2,D,,39.48,20110712-20110719,M5,29.63,53.72,measured,0.15,observed,-1.0,51.05,53.63,50.9,True,O,53.72,measured,50.75,53.64191073668378,0.6,2140.8515,1357.5201,1357.5201,2125.5337,1347.9259,1347.9259,
TAP_A01,918.0,,,727584.95,9684048.4,O,65.3,A,43.47,46.77,20090617-20090708,65.7,A,49.83,20100714-20100805,67.9,A,30.56,48.83,20110712-20110719,M5,33.72,46.77,measured,1.3,observed,-1.0,66.6,46.38,65.3,True,O,46.77,measured,64.0,46.361434857130085,0.6,3041.3008,1994.8908,1994.8908,2899.2996,1902.5485,1902.5485,
TAP_A01,919.0,,,727581.98,9684049.85,O,9.7,A,5.55,13.19,20090617-20090708,10.2,A,11.56,20100714-20100805,10.5,A,7.28,11.38,20110712-20110719,M5,11.0,13.19,measured,0.4,observed,-1.0,10.1,12.83,9.7,True,O,13.19,measured,9.299999999999999,12.791563468106238,0.6,21.3795,15.6302,15.6302,19.1116,14.0116,14.0116,
TAP_A01,920.0,,,727578.98,9684049.8,O,8.2,A,9.11,11.28,20090617-20090708,8.5,A,11.58,20100714-20100805,8.3,A,6.44,10.55,20110712-20110719,M5,9.27,11.28,measured,0.05,observed,-1.0,8.25,11.23,8.2,True,O,11.28,measured,8.149999999999999,11.229134507356758,0.6,13.2214,9.8282,9.8282,13.007,9.6729,9.6729,
TAP_A01,921.0,,,727577.94,9684047.28,O,36.5,A,18.19,22.02,20090617-20090708,36.5,A,21.93,20100714-20100805,36.3,A,10.98,18.05,20110712-20110719,M5,24.71,22.02,measured,0.0,observed,-1.0,36.3,22.02,36.5,True,O,22.02,measured,36.5,22.02,0.6,468.4315,336.5656,336.5656,468.4315,336.5656,336.5656,
TAP_A01,922.0,,,727577.99,9684050.28,O,5.5,A,7.8,10.57,20090617-20090708,5.5,A,11.54,20100714-20100805,5.3,A,6.0,11.74,20110712-20110719,M5,6.62,10.57,measured,0.0,observed,-1.0,5.3,10.57,5.5,True,O,10.57,measured,5.5,10.57,0.6,5.6904,4.1925,4.1925,5.6904,4.1925,4.1925,
TAP_A01,923.0,,,727576.99,9684050.26,O,6.1,A,3.06,8.69,20090617-20090708,6.5,A,8.95,20100714-20100805,6.8,A,5.11,8.21,20110712-20110719,M5,7.99,8.69,measured,0.35,observed,-1.0,6.45,8.35,6.1,True,O,8.69,measured,5.75,8.309403548277281,0.6,5.7532,4.3938,4.3938,4.9072,3.7636,3.7636,
TAP_A01,924.0,,,727562.96,9684048.52,O,16.2,A,15.42,23.18,20090617-20090708,16.6,A,24.29,20100714-20100805,17.2,A,12.41,22.05,20110712-20110719,M5,15.53,23.18,measured,0.5,observed,-1.0,16.7,22.72,16.2,True,O,23.18,measured,15.7,22.690112351720316,0.6,100.8753,69.1436,69.1436,92.9295,63.8165,63.8165,
TAP_A01,925.0,,,727559.96,9684047.97,O,82.5,A,43.11,50.76,20090617-20090708,82.7,A,49.34,20100714-20100805,83.3,A,30.42,47.11,20110712-20110719,M5,36.57,50.76,measured,0.4,observed,-1.0,82.9,50.68,82.5,True,O,50.76,measured,82.1,50.66778288159484,0.6,5199.5755,3404.7407,3404.7407,5141.3464,3366.7935,3366.7935,
TAP_A01,926.0,,,727556.99,9684049.91,O,13.7,A,6.72,12.98,20090617-20090708,13.8,A,14.08,20100714-20100805,14.0,A,3.91,9.56,20110712-20110719,M5,13.49,12.98,measured,0.15,observed,-1.0,13.85,12.88,13.7,True,O,12.98,measured,13.549999999999999,12.880699888900176,0.6,41.2948,30.7723,30.7723,40.115,29.9136,29.9136,
TAP_A01,927.0,,,727549.48,9684049.28,O,14.2,D,1.35,8.77,20090617-20090708,,D,,20100714-20100805,,D,,,20110712-20110719,M5,,8.77,measured,0.1,site_median,-1.0,,,14.2,False,O,8.77,measured,14.1,8.727102114497677,0.6,30.2061,30.2061,30.2061,29.6501,29.6501,29.6501,
TAP_A01,928.0,,,727541.97,9684048.15,O,17.5,A,5.93,14.11,20090617-20090708,17.6,A,13.09,20100714-20100805,17.6,A,4.89,12.4,20110712-20110719,M5,15.77,14.11,measured,0.05,observed,-1.0,17.55,14.08,17.5,True,O,14.11,measured,17.45,14.082933699658918,0.6,72.2453,53.7587,53.7587,71.7084,53.368,53.368,
TAP_A01,929.0,,,727537.48,9684048.57,O,14.2,A,7.13,9.33,20090617-20090708,14.1,A,10.07,20100714-20100805,14.5,A,5.68,12.46,20110712-20110719,M5,13.82,9.33,measured,0.15,observed,-1.0,14.35,9.26,14.2,True,O,9.33,measured,14.049999999999999,9.261489793365156,0.6,32.0872,25.2348,25.2348,31.2036,24.556,24.556,
TAP_A01,930.0,,,727509.98,9684048.09,O,11.9,A,0.31,13.61,20090617-20090708,11.9,A,8.9,20100714-20100805,12.1,A,3.34,11.74,20110712-20110719,M5,12.18,13.61,measured,0.1,observed,-1.0,12.0,13.53,11.9,True,O,13.61,measured,11.8,13.528644977800603,0.6,32.8529,24.1351,24.1351,32.1276,23.6151,23.6151,
TAP_A01,996.0,,,727512.31,9684049.63,O,,,,,20090617-20090708,,A,,20100714-20100805,7.0,A,1.66,4.9,20110712-20110719,M5,8.17,4.9,measured,0.1,site_median,-1.0,6.9,4.85,,False,O,8.17,feldpausch,,,0.6,,,,,,,
TAP_A01,3001.0,,,727375.49,9684684.42,O,5.3,A,2.77,6.42,20090617-20090708,5.3,A,6.94,20100714-20100805,5.4,A,3.08,5.66,20110712-20110719,M6,6.71,6.42,measured,0.05,observed,-1.0,5.35,6.37,5.3,True,O,6.42,measured,5.25,6.373695249966326,0.6,3.2539,2.5893,2.5893,3.1717,2.5256,2.5256,
TAP_A01,3002.0,,,727374.99,9684684.43,O,6.4,A,6.21,7.85,20090617-20090708,6.4,A,7.43,20100714-20100805,6.4,A,3.79,9.13,20110712-20110719,M6,7.64,7.85,measured,0.0,observed,-1.0,6.4,7.85,6.4,True,O,7.85,measured,6.4,7.85,0.6,5.7216,4.4506,4.4506,5.7216,4.4506,4.4506,
TAP_A01,3003.0,,,727380.98,9684685.34,O,33.3,A,23.92,29.95,20090617-20090708,33.3,A,29.22,20100714-20100805,33.8,A,16.64,19.13,20110712-20110719,M6,23.73,29.95,measured,0.25,observed,-1.0,33.55,29.82,33.3,True,O,29.95,measured,33.05,29.81981420474678,0.6,528.7314,360.2803,360.2803,518.8003,353.6286,353.6286,
TAP_A01,3004.0,,,727381.48,9684684.83,O,11.7,D,1.34,16.64,20090617-20090708,11.8,D,14.17,20100714-20100805,11.8,D,,4.17,20110712-20110719,M6,11.96,16.64,measured,0.05,observed,-1.0,11.75,16.6,11.7,False,O,16.64,measured,11.649999999999999,16.589354382476717,0.6,38.6728,38.6728,38.6728,38.2369,38.2369,38.2369,
TAP_A01,3005.0,,,727383.0,9684683.81,O,6.2,D,1.62,2.9,20090617-20090708,,D,,20100714-20100805,,D,,,20110712-20110719,M6,,2.9,measured,0.1,site_median,-1.0,,,6.2,False,O,2.9,measured,6.1000000000000005,2.864571038048211,0.6,2.0347,2.0347,2.0347,1.9477,1.9477,1.9477,
TAP_A01,3006.0,,,727393.98,9684685.14,O,72.0,A,22.62,27.51,20090617-20090708,71.7,A,26.24,20100714-20100805,71.6,A,20.56,25.84,20110712-20110719,M6,34.47,27.51,measured,0.0,observed,-1.0,71.6,27.51,72.0,True,O,27.51,measured,72.0,27.51,0.6,2192.3836,1571.1866,1571.1866,2192.3836,1571.1866,1571.1866,
TAP_A01,3007.0,,,727396.99,9684684.1,P,5.7,A,3.1,4.69,20090617-20090708,14.4,A,6.15,20100714-20100805,17.0,A,1.52,9.02,20110712-20110719,M6,15.41,4.69,measured,5.0,observed,-1.0,12.0,3.69,5.7,True,P,4.69,measured,1.0,1.1878801086038446,0.6,2.7605,,,0.0242,,,
TAP_A01,3008.0,,,727400.49,9684684.05,O,5.7,A,7.96,11.01,20090617-20090708,6.0,A,11.76,20100714-20100805,5.9,A,7.93,9.75,20110712-20110719,M6,7.18,11.01,measured,0.1,observed,-1.0,5.8,10.87,5.7,True,O,11.01,measured,5.6000000000000005,10.862824441451338,0.6,6.3491,4.6558,4.6558,6.0535,4.4446,4.4446,
TAP_A01,3009.0,,,727398.96,9684686.07,P,40.0,A,0.79,7.84,20090617-20090708,39.0,A,6.01,20100714-20100805,35.5,A,0.95,9.76,20110712-20110719,M6,24.4,7.84,measured,0.0,observed,-1.0,35.5,7.84,40.0,True,P,7.84,measured,40.0,7.84,0.6,204.4251,,,204.4251,,,
TAP_A01,3010.0,,,727406.97,9684685.45,O,21.4,A,13.11,17.74,20090617-20090708,21.5,A,24.68,20100714-20100805,22.3,A,17.98,21.79,20110712-20110719,M6,18.42,17.74,measured,0.45,observed,-1.0,21.85,17.51,21.4,True,O,17.74,measured,20.95,17.497658736422835,0.6,133.7849,96.9463,96.9463,126.6369,91.8724,91.8724,
TAP_A01,3011.0,,,727407.97,9684685.44,O,16.1,A,9.72,13.72,20090617-20090708,16.0,A,12.85,20100714-20100805,16.0,A,8.41,12.79,20110712-20110719,M6,14.79,13.72,measured,0.0,observed,-1.0,16.0,13.72,16.1,True,O,13.72,measured,16.1,13.72,0.6,59.7369,44.47,44.47,59.7369,44.47,44.47,
TAP_A01,3012.0,,,727410.99,9684683.89,O,6.5,A,5.15,8.06,20090617-20090708,6.5,A,8.22,20100714-20100805,6.6,A,4.84,6.75,20110712-20110719,M6,7.81,8.06,measured,0.05,observed,-1.0,6.55,8.02,6.5,True,O,8.06,measured,6.45,8.013260793800796,0.6,6.0513,4.691,4.691,5.9271,4.5972,4.5972,
TAP_A01,3013.0,,,727410.99,9684683.89,O,5.8,A,5.42,6.92,20090617-20090708,5.9,A,7.95,20100714-20100805,5.9,A,4.44,7.95,20110712-20110719,M6,7.18,6.92,measured,0.05,observed,-1.0,5.85,6.87,5.8,True,O,6.92,measured,5.75,6.874660896340196,0.6,4.1746,3.297,3.297,4.0784,3.223,3.223,
TAP_A01,3014.0,,,727416.99,9684683.8,O,10.5,A,11.39,14.77,20090617-20090708,10.6,A,12.74,20100714-20100805,10.8,A,10.17,14.48,20110712-20110719,M6,11.23,14.77,measured,0.15,observed,-1.0,10.65,14.63,10.5,True,O,14.77,measured,10.35,14.617521797034408,0.6,27.87,20.0905,20.0905,26.8251,19.3556,19.3556,
TAP_A01,3015.0,,,727417.48,9684684.29,O,8.7,A,9.79,11.9,20090617-20090708,8.7,A,13.21,20100714-20100805,8.6,A,11.68,14.07,20110712-20110719,M6,9.52,11.9,measured,0.0,observed,-1.0,8.6,11.9,8.7,True,O,11.9,measured,8.7,11.9,0.6,15.6364,11.5583,11.5583,15.6364,11.5583,11.5583,
TAP_A01,3016.0,,,727448.98,9684683.83,O,10.3,A,9.1,12.77,20090617-20090708,10.3,A,11.92,20100714-20100805,10.5,A,9.68,12.59,20110712-20110719,M6,11.0,12.77,measured,0.1,observed,-1.0,10.4,12.69,10.3,True,O,12.77,measured,10.200000000000001,12.680297545832856,0.6,23.2896,17.1632,17.1632,22.6936,16.7348,16.7348,
TAP_A01,3017.0,,,727449.98,9684683.31,O,5.5,A,4.08,5.73,20090617-20090708,5.5,A,8.32,20100714-20100805,5.5,A,4.3,6.96,20110712-20110719,M6,6.81,5.73,measured,0.0,observed,-1.0,5.5,5.73,5.5,True,O,5.73,measured,5.5,5.73,0.6,3.1305,2.5407,2.5407,3.1305,2.5407,2.5407,
TAP_A01,3018.0,,,727452.98,9684683.77,O,12.6,A,9.56,12.94,20090617-20090708,12.8,A,16.19,20100714-20100805,13.0,A,11.38,16.65,20110712-20110719,M6,12.81,12.94,measured,0.2,observed,-1.0,12.8,12.8,12.6,True,O,12.94,measured,12.4,12.794713585434748,0.6,34.9649,25.9635,25.9635,33.5183,24.9146,24.9146,
TAP_A01,3019.0,,,727455.98,9684683.22,O,6.9,A,3.3,8.72,20090617-20090708,6.9,A,8.63,20100714-20100805,6.9,A,5.8,8.26,20110712-20110719,M6,8.08,8.72,measured,0.0,observed,-1.0,6.9,8.72,6.9,True,O,8.72,measured,6.9,8.72,0.6,7.3424,5.6377,5.6377,7.3424,5.6377,5.6377,
TAP_A01,3020.0,,,727462.93,9684686.62,O,65.2,A,27.38,32.16,20090617-20090708,65.1,A,28.56,20100714-20100805,65.0,A,23.05,29.93,20110712-20110719,M6,33.09,32.16,measured,0.0,observed,-1.0,65.0,32.16,65.2,True,O,32.16,measured,65.2,32.16,0.6,2103.8388,1463.9936,1463.9936,2103.8388,1463.9936,1463.9936,
TAP_A01,3021.0,,,727463.98,9684683.1,O,8.0,A,4.46,10.06,20090617-20090708,8.2,A,9.85,20100714-20100805,8.6,A,6.28,11.44,20110712-20110719,M6,9.52,10.06,measured,0.3,observed,-1.0,8.3,9.8,8.0,True,O,10.06,measured,7.7,9.778850953971755,0.6,11.2675,8.5185,8.5185,10.1721,7.7107,7.7107,
TAP_A01,3022.0,,,727471.98,9684682.98,O,6.7,A,6.17,10.44,20090617-20090708,6.8,A,9.62,20100714-20100805,6.8,A,5.19,10.46,20110712-20110719,M6,7.99,10.44,measured,0.05,observed,-1.0,6.75,10.39,6.7,True,O,10.44,measured,6.65,10.381401337374921,0.6,8.2644,6.1589,6.1589,8.0998,6.0395,6.0395,
TAP_A01,3023.0,,,727476.97,9684683.41,O,28.5,A,23.46,27.56,20090617-20090708,29.3,A,28.08,20100714-20100805,30.0,A,22.22,25.33,20110712-20110719,M6,22.13,27.56,measured,0.75,observed,-1.0,29.25,27.15,28.5,True,O,27.56,measured,27.75,27.118301368163568,0.6,359.7745,246.5458,246.5458,336.1818,230.6716,230.6716,
TAP_A01,3024.0,,,727477.95,9684684.9,O,61.5,D,0.78,17.58,20090617-20090708,60.5,D,17.76,20100714-20100805,60.5,D,,17.68,20110712-20110719,M6,32.06,17.58,measured,0.0,observed,-1.0,60.5,17.58,61.5,False,O,17.58,measured,61.5,17.58,0.6,1041.0782,1041.0782,1041.0782,1041.0782,1041.0782,1041.0782,
TAP_A01,3025.0,,,727478.48,9684682.89,O,8.6,A,8.49,12.66,20090617-20090708,8.7,A,11.47,20100714-20100805,8.8,A,6.64,11.72,20110712-20110719,M6,9.68,12.66,measured,0.1,observed,-1.0,8.7,12.56,8.6,True,O,12.66,measured,8.5,12.551499826137043,0.6,16.2397,11.8808,11.8808,15.7403,11.5247,11.5247,
TAP_A01,3026.0,,,727494.96,9684684.14,O,77.8,A,33.16,43.39,20090617-20090708,77.8,A,25.88,20100714-20100805,78.7,A,25.9,30.57,20110712-20110719,M6,35.8,43.39,measured,0.45,observed,-1.0,78.25,43.29,77.8,True,O,43.39,measured,77.35,43.2919999050965,0.6,3978.7363,2663.1976,2663.1976,3925.266,2627.614,2627.614,
TAP_A01,3027.0,,,727500.95,9684684.55,O,19.4,A,4.97,6.7,20090617-20090708,19.1,A,6.82,20100714-20100805,19.1,D,,5.56,20110712-20110719,M6,16.65,6.7,measured,0.0,observed,-1.0,19.1,6.7,19.4,True,O,6.7,measured,19.4,6.7,0.6,42.707,35.9246,35.9246,42.707,35.9246,35.9246,
TAP_A01,3028.0,,,727503.48,9684682.52,O,5.6,A,4.65,7.54,20090617-20090708,5.5,A,8.42,20100714-20100805,5.6,A,3.0,7.78,20110712-20110719,M6,6.9,7.54,measured,0.0,observed,-1.0,5.6,7.54,5.6,True,O,7.54,measured,5.6,7.54,0.6,4.2388,3.297,3.297,4.2388,3.297,3.297,
TAP_A01,3029.0,,,727505.98,9684682.48,O,11.3,D,1.46,2.58,20090617-20090708,11.5,D,1.9,20100714-20100805,11.5,D,,1.6,20110712-20110719,M6,11.75,2.58,measured,0.1,observed,-1.0,11.4,2.56,11.3,False,O,2.58,measured,11.200000000000001,2.563655873449175,0.6,5.8588,5.8588,5.8588,5.7224,5.7224,5.7224,
TAP_A01,3030.0,,,727508.98,9684681.94,O,6.6,A,9.75,11.71,20090617-20090708,6.7,A,12.77,20100714-20100805,6.7,A,7.28,12.79,20110712-20110719,M6,7.9,11.71,measured,0.05,observed,-1.0,6.65,11.65,6.6,True,O,11.71,measured,6.55,11.643200511141732,0.6,8.9768,6.5649,6.5649,8.7953,6.4356,6.4356,
TAP_A01,3031.0,,,727510.48,9684682.41,O,9.4,A,9.79,15.52,20090617-20090708,9.6,A,15.67,20100714-20100805,9.9,A,8.73,16.48,20110712-20110719,M6,10.55,15.52,measured,0.25,observed,-1.0,9.65,15.23,9.4,True,O,15.52,measured,9.15,15.217528847028861,0.6,23.5677,16.7674,16.7674,21.9342,15.6336,15.6336,
TAP_A01,3032.0,,,727513.93,9684685.36,O,90.5,A,53.2,60.84,20090617-20090708,90.7,A,52.53,20100714-20100805,91.8,A,47.87,56.52,20110712-20110719,M6,37.87,60.84,measured,0.65,observed,-1.0,91.15,60.7,90.5,True,O,60.84,measured,89.85,60.686932000103674,0.6,7433.7402,4751.4197,4751.4197,7311.8771,4673.7716,4673.7716,
TAP_A01,3033.0,,,727513.48,9684681.87,O,10.5,A,7.77,14.99,20090617-20090708,11.0,A,14.97,20100714-20100805,11.0,A,11.81,14.67,20110712-20110719,M6,11.38,14.99,measured,0.25,observed,-1.0,10.75,14.74,10.5,True,O,14.99,measured,10.25,14.731599972501803,0.6,28.2751,20.335,20.335,26.522,19.1045,19.1045,
TAP_A01,3034.0,,,727520.83,9684691.76,O,116.0,A,45.9,52.43,20090617-20090708,116.8,A,54.89,20100714-20100805,116.6,A,46.14,58.47,20110712-20110719,M6,40.8,52.43,measured,0.3,observed,-1.0,116.3,52.39,116.0,True,O,52.43,measured,115.7,52.39198925045769,0.6,10437.4071,6911.8096,6911.8096,10377.433,6872.0271,6872.0271,
TAP_A01,3035.0,,,727522.94,9684684.73,O,46.4,A,16.07,21.11,20090617-20090708,47.2,A,22.16,20100714-20100805,47.2,A,15.2,19.07,20110712-20110719,M6,28.45,21.11,measured,0.4,observed,-1.0,46.8,21.01,46.4,True,O,21.11,measured,46.0,21.01632573075082,0.6,718.132,525.4444,525.4444,703.039,514.5488,514.5488,
TAP_A01,3036.0,,,727526.98,9684682.17,O,17.0,A,17.75,23.01,20090617-20090708,17.6,A,23.7,20100714-20100805,18.0,A,18.54,21.83,20110712-20110719,M6,16.01,23.01,measured,0.5,observed,-1.0,17.5,22.58,17.0,True,O,23.01,measured,16.5,22.550349451168945,0.6,110.0342,75.6842,75.6842,101.7811,70.1305,70.1305,
TAP_A01,3037.0,,,727527.98,9684682.15,O,23.3,A,21.55,24.52,20090617-20090708,23.6,A,24.96,20100714-20100805,23.9,A,16.24,17.96,20110712-20110719,M6,19.25,24.52,measured,0.3,observed,-1.0,23.6,24.33,23.3,True,O,24.52,measured,23.0,24.319040271493808,0.6,216.6264,149.7611,149.7611,209.5256,144.9504,144.9504,
TAP_A01,3038.0,,,727533.45,9684683.57,O,37.7,A,18.01,21.14,20090617-20090708,37.5,A,21.15,20100714-20100805,37.7,A,13.86,18.04,20110712-20110719,M6,25.24,21.14,measured,0.0,observed,-1.0,37.7,21.14,37.7,True,O,21.14,measured,37.7,21.14,0.6,479.4921,347.2786,347.2786,479.4921,347.2786,347.2786,
TAP_A01,978.0,,,727535.17,9684682.13,L,,,,,20090617-20090708,7.3,A,,20100714-20100805,6.8,A,,,20110712-20110719,M6,7.99,7.99,feldpausch_regional,0.1,site_median,-1.0,6.7,7.9,,False,L,7.99,feldpausch,,,0.6,,,,,,,
TAP_A01,3039.0,,,727541.97,9684681.94,O,13.6,A,10.75,15.39,20090617-20090708,14.1,A,14.58,20100714-20100805,13.7,A,9.68,12.53,20110712-20110719,M6,13.29,15.39,measured,0.05,observed,-1.0,13.65,15.34,13.6,True,O,15.39,measured,13.549999999999999,15.350489251191808,0.6,48.0699,34.8577,34.8577,47.606,34.5292,34.5292,
TAP_A01,3040.0,,,727553.47,9684681.77,O,5.7,A,2.5,6.14,20090617-20090708,6.3,A,6.43,20100714-20100805,7.4,A,2.23,6.89,20110712-20110719,M6,8.51,6.14,measured,0.85,observed,-1.0,6.55,5.61,5.7,True,O,6.14,measured,4.8500000000000005,5.427517510981512,0.6,3.5907,2.8876,2.8876,2.3227,1.8899,1.8899,
TAP_A01,3041.0,,,727555.47,9684681.74,O,7.8,A,5.33,11.8,20090617-20090708,7.8,A,8.45,20100714-20100805,8.4,A,6.59,9.72,20110712-20110719,M6,9.35,11.8,measured,0.3,observed,-1.0,8.1,11.48,7.8,True,O,11.8,measured,7.5,11.460983140250516,0.6,12.531,9.2267,9.2267,11.2819,8.3296,8.3296,
TAP_A01,3042.0,,,727557.97,9684681.71,O,8.3,D,1.57,1.97,20090617-20090708,17.4,D,1.95,20100714-20100805,17.4,D,,2.0,20110712-20110719,M6,15.65,1.97,measured,4.55,observed,-1.0,12.85,1.6,8.3,False,O,1.97,measured,3.750000000000001,1.0770842767942905,0.6,2.4655,2.4655,2.4655,0.29,0.29,0.29,
TAP_A01,3043.0,,,727561.96,9684682.65,O,24.4,A,13.71,17.8,20090617-20090708,24.4,A,19.23,20100714-20100805,24.6,A,15.16,19.66,20110712-20110719,M6,19.6,17.8,measured,0.1,observed,-1.0,24.5,17.75,24.4,True,O,17.8,measured,24.299999999999997,17.75416628355054,0.6,173.4026,126.3813,126.3813,171.5857,125.0834,125.0834,
TAP_A01,3044.0,,,727579.47,9684681.39,O,15.8,A,16.42,18.67,20090617-20090708,16.0,A,19.31,20100714-20100805,15.9,A,14.34,16.34,20110712-20110719,M6,14.73,18.67,measured,0.05,observed,-1.0,15.85,18.62,15.8,True,O,18.67,measured,15.75,18.62965408838535,0.6,77.7815,55.1023,55.1023,77.1387,54.6573,54.6573,
TAP_A01,3045.0,,,727567.93,9684684.06,O,30.0,A,15.75,21.75,20090617-20090708,30.3,A,28.18,20100714-20100805,31.0,A,16.57,22.45,20110712-20110719,M6,22.56,21.75,measured,0.5,observed,-1.0,30.5,21.55,30.0,True,O,21.75,measured,29.5,21.532961668502242,0.6,315.6179,225.0835,225.0835,302.4562,215.8651,215.8651,
TAP_A01,3046.0,,,727582.95,9684682.34,O,38.7,A,29.95,37.89,20090617-20090708,40.8,A,36.55,20100714-20100805,41.3,A,21.42,24.52,20110712-20110719,M6,26.53,37.89,measured,1.3,observed,-1.0,40.0,37.23,38.7,True,O,37.89,measured,37.400000000000006,37.180943595556855,0.6,891.8925,589.8132,589.8132,819.1035,542.4063,542.4063,
TAP_A01,3047.0,,,727583.45,9684682.83,O,5.3,A,5.35,8.16,20090617-20090708,5.5,A,8.54,20100714-20100805,6.9,A,6.02,8.14,20110712-20110719,M6,8.08,8.16,measured,0.8,observed,-1.0,6.1,7.43,5.3,True,O,8.16,measured,4.5,7.197327760481498,0.6,4.112,3.1505,3.1505,2.6432,2.0495,2.0495,
TAP_A01,3048.0,,,727590.92,9684684.22,O,43.2,A,27.63,31.48,20090617-20090708,43.1,A,31.3,20100714-20100805,43.1,A,30.33,36.76,20110712-20110719,M6,27.14,31.48,measured,0.0,observed,-1.0,43.1,31.48,43.2,True,O,31.48,measured,43.2,31.48,0.6,922.586,631.5669,631.5669,922.586,631.5669,631.5669,
TAP_A01,3049.0,,,727591.98,9684680.7,O,13.3,A,8.74,13.71,20090617-20090708,13.5,A,13.56,20100714-20100805,13.5,A,9.03,14.48,20110712-20110719,M6,13.15,13.71,measured,0.1,observed,-1.0,13.4,13.64,13.3,True,O,13.71,measured,13.200000000000001,13.637734994187545,0.6,41.1119,30.3291,30.3291,40.3023,29.7459,29.7459,
TAP_A01,3050.0,,,727596.46,9684681.64,O,13.5,A,3.31,10.15,20090617-20090708,13.5,A,10.06,20100714-20100805,13.7,A,7.28,12.18,20110712-20110719,M6,13.29,10.15,measured,0.1,observed,-1.0,13.6,10.1,13.5,True,O,10.15,measured,13.4,10.097400892484266,0.6,31.5633,24.4352,24.4352,30.9512,23.9725,23.9725,
TAP_A01,3051.0,,,727598.97,9684681.1,O,7.0,A,8.58,11.74,20090617-20090708,7.0,A,13.67,20100714-20100805,7.0,A,4.28,9.16,20110712-20110719,M6,8.17,11.74,measured,0.0,observed,-1.0,7.0,11.74,7.0,True,O,11.74,measured,7.0,11.74,0.6,10.0946,7.4002,7.4002,10.0946,7.4002,7.4002,
TAP_A01,3052.0,,,727604.45,9684682.02,O,23.0,A,18.75,22.08,20090617-20090708,22.8,A,21.42,20100714-20100805,23.3,A,17.33,21.73,20110712-20110719,M6,18.94,22.08,measured,0.15,observed,-1.0,23.15,21.99,23.0,True,O,22.08,measured,22.85,21.988248907326174,0.6,190.6762,133.9388,133.9388,187.4928,131.7479,131.7479,
TAP_A01,3053.0,,,727611.44,9684682.41,O,20.4,A,14.48,17.48,20090617-20090708,20.5,A,17.97,20100714-20100805,20.3,A,17.46,19.88,20110712-20110719,M6,17.33,17.48,measured,0.0,observed,-1.0,20.3,17.48,20.4,True,O,17.48,measured,20.4,17.48,0.6,120.11,87.04,87.04,120.11,87.04,87.04,
TAP_A01,3054.0,,,727612.91,9684684.89,O,41.9,A,27.39,35.76,20090617-20090708,42.1,A,32.96,20100714-20100805,45.5,A,31.47,34.77,20110712-20110719,M6,27.91,35.76,measured,1.8,observed,-1.0,43.7,35.02,41.9,True,O,35.76,measured,40.1,34.92468166927045,0.6,984.3248,659.4269,659.4269,882.868,592.4212,592.4212,
TAP_A01,3055.0,,,727624.46,9684681.22,O,13.7,A,19.7,23.86,20090617-20090708,14.1,A,20.66,20100714-20100805,14.2,A,24.06,28.33,20110712-20110719,M6,13.62,23.86,measured,0.25,observed,-1.0,13.95,23.58,13.7,True,O,23.86,measured,13.45,23.555280170242234,0.6,74.8076,50.6332,50.6332,71.2664,48.2917,48.2917,
TAP_A01,3056.0,,,727625.45,9684681.7,O,38.3,A,24.14,27.72,20090617-20090708,38.1,A,21.13,20100714-20100805,38.8,A,21.99,26.84,20110712-20110719,M6,25.64,27.72,measured,0.25,observed,-1.0,38.55,27.62,38.3,True,O,27.72,measured,38.05,27.619935353237782,0.6,644.2151,447.3649,447.3649,633.7913,440.2394,440.2394,
TAP_A01,3057.0,,,727639.96,9684680.49,O,5.0,A,3.92,5.89,20090617-20090708,5.2,A,6.22,20100714-20100805,5.4,A,2.97,7.01,20110712-20110719,M6,6.71,5.89,measured,0.2,observed,-1.0,5.2,5.72,5.0,True,O,5.89,measured,4.8,5.708419122752258,0.6,2.6698,2.1476,2.1476,2.3911,1.9292,1.9292,
TAP_A01,3058.0,,,727653.44,9684681.79,O,24.7,A,19.16,24.14,20090617-20090708,24.7,A,17.79,20100714-20100805,25.0,A,17.95,21.06,20110712-20110719,M6,19.8,24.14,measured,0.15,observed,-1.0,24.85,24.05,24.7,True,O,24.14,measured,24.55,24.048100484731705,0.6,239.0874,166.1623,166.1623,235.3835,163.6389,163.6389,
TAP_A01,3059.0,,,727659.45,9684681.2,O,30.1,A,21.88,27.01,20090617-20090708,30.1,A,15.78,20100714-20100805,30.1,A,17.95,19.77,20110712-20110719,M6,22.17,27.01,measured,0.0,observed,-1.0,30.1,27.01,30.1,True,O,27.01,measured,30.1,27.01,0.6,392.4556,270.5077,270.5077,392.4556,270.5077,270.5077,
TAP_A01,3060.0,,,727659.95,9684681.19,L,10.9,A,0.0,0.0,20090617-20090708,11.2,A,,20100714-20100805,11.3,A,,,20110712-20110719,M6,11.6,12.19,local_fit,0.2,observed,-1.0,11.1,12.03,10.9,True,L,11.6,feldpausch,10.700000000000001,11.446706948363502,0.6,23.6825,17.768,17.768,22.5471,16.9367,16.9367,
TAP_A01,3061.0,,,727663.46,9684680.14,O,14.7,A,8.92,17.35,20090617-20090708,15.3,A,18.33,20100714-20100805,16.0,A,14.24,16.33,20110712-20110719,M6,14.79,17.35,measured,0.65,observed,-1.0,15.35,16.87,14.7,True,O,17.35,measured,14.049999999999999,16.81522391670113,0.6,62.8956,44.9201,44.9201,55.8484,39.9979,39.9979,
TAP_A01,3062.0,,,727669.91,9684683.04,O,56.1,A,36.94,44.74,20090617-20090708,57.4,A,45.94,20100714-20100805,57.4,A,36.41,45.94,20110712-20110719,M6,31.29,44.74,measured,0.65,observed,-1.0,56.75,44.51,56.1,True,O,44.74,measured,55.45,44.49470511255953,0.6,2165.287,1419.8893,1419.8893,2105.2586,1380.9526,1380.9526,
TAP_A01,3063.0,,,727673.93,9684681.98,O,31.7,A,26.66,31.73,20090617-20090708,32.3,A,21.56,20100714-20100805,33.2,A,24.43,28.85,20110712-20110719,M6,23.48,31.73,measured,0.75,observed,-1.0,32.45,31.32,31.7,True,O,31.73,measured,30.95,31.28637365926369,0.6,508.1163,342.2792,342.2792,478.2963,322.5383,322.5383,
TAP_A01,3064.0,,,727674.46,9684679.98,L,9.3,A,21.48,23.0,20090617-20090708,10.1,A,,20100714-20100805,10.9,A,,,20110712-20110719,M6,11.3,23.0,measured,0.8,observed,-1.0,10.1,21.78,9.3,True,L,23.0,measured,8.5,21.53215887612508,0.6,33.8833,22.6422,22.6422,26.6551,17.921,17.921,
TAP_A01,3065.0,,,727677.94,9684680.92,O,16.1,A,17.69,20.28,20090617-20090708,16.8,A,20.12,20100714-20100805,16.6,A,14.02,17.89,20110712-20110719,M6,15.16,20.28,measured,0.25,observed,-1.0,16.35,20.08,16.1,True,O,20.28,measured,15.850000000000001,20.06496069561677,0.6,87.4748,61.2199,61.2199,83.9649,58.8183,58.8183,
TAP_A01,3066.0,,,727684.47,9684679.33,O,6.1,A,3.5,8.5,20090617-20090708,6.5,A,8.18,20100714-20100805,6.7,A,3.42,8.74,20110712-20110719,M6,7.9,8.5,measured,0.3,observed,-1.0,6.4,8.22,6.1,True,O,8.5,measured,5.8,8.181328181373669,0.6,5.6304,4.315,4.315,4.9157,3.781,3.781,
TAP_A01,3067.0,,,727686.96,9684679.79,O,19.1,D,1.38,1.72,20090617-20090708,18.0,D,1.65,20100714-20100805,18.0,D,,1.5,20110712-20110719,M6,16.01,1.72,measured,0.0,observed,-1.0,18.0,1.72,19.1,False,O,1.72,measured,19.1,1.72,0.6,10.9879,10.9879,10.9879,10.9879,10.9879,10.9879,
TAP_A01,3068.0,,,727691.46,9684679.72,O,36.3,A,21.93,27.67,20090617-20090708,36.7,A,16.73,20100714-20100805,36.3,A,19.24,23.33,20110712-20110719,M6,24.71,27.67,measured,0.0,observed,-1.0,36.3,27.67,36.3,True,O,27.67,measured,36.3,27.67,0.6,579.1611,401.2696,401.2696,579.1611,401.2696,401.2696,
TAP_A01,3069.0,,,727697.43,9684681.63,O,132.0,A,43.3,66.09,20090617-20090708,132.8,A,50.11,20100714-20100805,133.3,A,51.64,65.31,20110712-20110719,M6,42.24,66.09,measured,0.65,observed,-1.0,132.65,66.01,132.0,True,O,66.09,measured,131.35,66.01030834385281,0.6,16837.3406,10816.2913,10816.2913,16656.2518,10699.4645,10699.4645,
TAP_A01,3070.0,,,727699.96,9684679.1,O,24.8,A,21.12,23.95,20090617-20090708,25.1,A,28.92,20100714-20100805,25.5,A,18.1,22.01,20110712-20110719,M6,20.05,23.95,measured,0.35,observed,-1.0,25.15,23.73,24.8,True,O,23.95,measured,24.45,23.737791548660105,0.6,239.1292,166.4312,166.4312,230.5742,160.5933,160.5933,
TAP_A01,3071.0,,,727704.45,9684680.03,O,10.0,A,9.38,11.93,20090617-20090708,10.0,A,13.19,20100714-20100805,9.9,A,11.59,14.22,20110712-20110719,M6,10.55,11.93,measured,0.0,observed,-1.0,9.9,11.93,10.0,True,O,11.93,measured,10.0,11.93,0.6,20.5713,15.3021,15.3021,20.5713,15.3021,15.3021,
TAP_A01,3072.0,,,727708.46,9684678.97,O,13.8,A,5.6,12.08,20090617-20090708,13.8,A,10.72,20100714-20100805,14.1,A,12.28,15.96,20110712-20110719,M6,13.56,12.08,measured,0.15,observed,-1.0,13.95,11.99,13.8,True,O,12.08,measured,13.65,11.988349303492077,0.6,39.0483,29.4407,29.4407,37.941,28.6253,28.6253,
TAP_A01,3073.0,,,727709.96,9684678.95,O,19.5,A,20.05,25.43,20090617-20090708,20.3,A,22.85,20100714-20100805,21.9,A,16.89,20.04,20110712-20110719,M6,18.21,25.43,measured,1.2,observed,-1.0,20.7,24.52,19.5,True,O,25.43,measured,18.3,24.383315142131025,0.6,158.5719,108.0692,108.0692,134.4521,91.961,91.961,
TAP_A01,3074.0,,,727726.91,9684682.2,O,61.3,A,20.29,32.06,20090617-20090708,61.4,A,31.05,20100714-20100805,61.4,A,27.93,37.68,20110712-20110719,M6,32.27,32.06,measured,0.05,observed,-1.0,61.35,32.05,61.3,True,O,32.06,measured,61.25,32.048244834829696,0.6,1859.5332,1290.7989,1290.7989,1855.9092,1288.3075,1288.3075,
TAP_A01,3075.0,,,727735.93,9684680.56,O,27.4,A,24.59,30.63,20090617-20090708,27.5,A,28.33,20100714-20100805,27.6,A,27.3,31.16,20110712-20110719,M6,21.05,30.63,measured,0.1,observed,-1.0,27.5,30.56,27.4,True,O,30.63,measured,27.299999999999997,30.56173289916345,0.6,369.3425,248.4442,248.4442,365.9181,246.1843,246.1843,
TAP_A01,3076.0,,,727736.96,9684678.55,O,6.0,A,4.29,5.7,20090617-20090708,6.0,A,6.9,20100714-20100805,,A,,,20110712-20110719,M6,,5.7,measured,0.1,site_median,-1.0,,,6.0,True,O,5.7,measured,5.9,5.627872803582701,0.6,3.691,3.0107,3.0107,3.5278,2.881,2.881,
TAP_A01,3077.0,,,727737.46,9684678.54,L,7.5,A,0.0,0.0,20090617-20090708,8.0,A,,20100714-20100805,7.8,A,,,20110712-20110719,M6,8.85,9.96,local_fit,0.15,observed,-1.0,7.65,9.82,7.5,True,L,8.85,feldpausch,7.35,8.717775673354419,0.6,8.7659,6.7419,6.7419,8.304,6.3957,6.3957,
TAP_A01,3078.0,,,727741.45,9684678.98,O,15.6,A,12.06,18.67,20090617-20090708,17.5,A,21.87,20100714-20100805,19.1,A,12.86,15.86,20110712-20110719,M6,16.65,18.67,measured,1.75,observed,-1.0,17.35,17.52,15.6,True,O,18.67,measured,13.85,17.19856275983403,0.6,75.8712,53.7161,53.7161,55.5151,39.5906,39.5906,
TAP_A01,3079.0,,,727749.96,9684678.36,O,5.1,A,4.08,8.47,20090617-20090708,5.2,A,9.15,20100714-20100805,5.8,A,4.09,7.46,20110712-20110719,M6,7.09,8.47,measured,0.35,observed,-1.0,5.45,8.08,5.1,True,O,8.47,measured,4.75,8.020567952460564,0.6,3.956,3.0075,3.0075,3.2649,2.4951,2.4951,
TAP_A01,3080.0,,,727752.95,9684678.81,O,66.0,D,1.17,2.73,20090617-20090708,63.5,D,3.23,20100714-20100805,63.5,D,,2.99,20110712-20110719,M6,32.76,2.73,measured,0.0,observed,-1.0,63.5,2.73,66.0,False,O,2.73,measured,66.0,2.73,0.6,194.0462,194.0462,194.0462,194.0462,194.0462,194.0462,
TAP_A01,3081.0,,,727759.46,9684678.21,O,7.4,A,9.64,11.17,20090617-20090708,8.0,A,12.61,20100714-20100805,8.5,A,0.6,2.07,20110712-20110719,M6,9.43,11.17,measured,0.55,observed,-1.0,7.95,10.64,7.4,True,O,11.17,measured,6.8500000000000005,10.54328656976911,0.6,10.7177,7.9402,7.9402,8.7127,6.4899,6.4899,
TAP_A01,3082.0,,,727761.95,9684678.68,O,21.3,A,14.22,17.32,20090617-20090708,21.5,A,17.98,20100714-20100805,21.4,A,10.28,12.15,20110712-20110719,M6,17.94,17.32,measured,0.05,observed,-1.0,21.35,17.29,21.3,True,O,17.32,measured,21.25,17.29370055579278,0.6,129.5032,94.1783,94.1783,128.7194,93.6202,93.6202,
TAP_A01,3083.0,,,727769.41,9684681.07,O,80.6,A,29.37,34.48,20090617-20090708,80.4,A,40.94,20100714-20100805,80.9,A,34.73,43.37,20110712-20110719,M6,36.18,34.48,measured,0.15,observed,-1.0,80.75,34.45,80.6,True,O,34.48,measured,80.44999999999999,34.45560594457482,0.6,3406.374,2368.4246,2368.4246,3391.6669,2358.2517,2358.2517,
TAP_A01,3084.0,,,727770.46,9684678.05,O,6.8,A,4.04,5.53,20090617-20090708,6.9,A,6.89,20100714-20100805,6.9,A,5.17,6.68,20110712-20110719,M6,8.08,5.53,measured,0.05,observed,-1.0,6.85,5.5,6.8,True,O,5.53,measured,6.75,5.499452102592851,0.6,4.5753,3.7725,3.7725,4.4855,3.7004,3.7004,
TAP_A01,3085.0,,,727778.95,9684677.92,O,13.3,A,13.91,15.28,20090617-20090708,13.4,A,16.46,20100714-20100805,13.2,A,14.82,17.41,20110712-20110719,M6,12.95,15.28,measured,0.0,observed,-1.0,13.2,15.28,13.3,True,O,15.28,measured,13.3,15.28,0.6,45.7008,33.1418,33.1418,45.7008,33.1418,33.1418,
TAP_A01,3086.0,,,727782.41,9684680.87,O,43.1,A,22.23,25.27,20090617-20090708,43.2,A,31.17,20100714-20100805,43.4,A,28.17,34.32,20110712-20110719,M6,27.23,25.27,measured,0.15,observed,-1.0,43.25,25.23,43.1,True,O,25.27,measured,42.95,25.223481032283505,0.6,741.1447,525.2246,525.2246,734.7955,520.7896,520.7896,
TAP_A01,3087.0,,,727786.45,9684678.31,O,7.5,A,5.94,9.1,20090617-20090708,7.5,A,8.82,20100714-20100805,7.7,A,7.21,9.97,20110712-20110719,M6,8.77,9.1,measured,0.1,observed,-1.0,7.6,9.01,7.5,True,O,9.1,measured,7.4,9.009463549311457,0.6,9.0075,6.8973,6.8973,8.6893,6.6599,6.6599,
TAP_A01,3088.0,,,727787.44,9684678.8,O,16.5,A,7.66,16.22,20090617-20090708,16.5,A,15.56,20100714-20100805,16.7,A,11.87,15.57,20110712-20110719,M6,15.22,16.22,measured,0.1,observed,-1.0,16.6,16.16,16.5,True,O,16.22,measured,16.4,16.15329130446779,0.6,73.7902,53.561,53.561,72.6271,52.7357,52.7357,
TAP_A01,3089.0,,,727792.45,9684677.72,L,8.7,A,0.0,0.0,20090617-20090708,9.2,A,,20100714-20100805,8.9,A,,,20110712-20110719,M6,9.76,10.79,local_fit,0.1,observed,-1.0,8.8,10.7,8.7,True,L,9.76,feldpausch,8.6,9.677406544234703,0.6,12.8856,9.8281,9.8281,12.494,9.5369,9.5369,
TAP_A01,3090.0,,,727796.91,9684680.66,O,80.1,A,34.97,41.61,20090617-20090708,83.3,A,41.04,20100714-20100805,83.6,A,34.49,39.38,20110712-20110719,M6,36.62,41.61,measured,1.75,observed,-1.0,81.85,41.29,80.1,True,O,41.61,measured,78.35,41.25829694512097,0.6,4042.8565,2727.8986,2727.8986,3840.2884,2591.9446,2591.9446,
TAP_A01,3091.0,,,727801.94,9684678.58,O,13.5,A,9.26,20.96,20090617-20090708,13.4,A,14.82,20100714-20100805,13.4,A,6.3,12.95,20110712-20110719,M6,13.08,20.96,measured,0.0,observed,-1.0,13.4,20.96,13.5,True,O,20.96,measured,13.5,20.96,0.6,64.0546,44.2206,44.2206,64.0546,44.2206,44.2206,
TAP_A01,3092.0,,,727806.45,9684677.52,O,12.4,A,8.04,14.28,20090617-20090708,12.8,A,12.76,20100714-20100805,12.9,A,7.19,12.88,20110712-20110719,M6,12.74,14.28,measured,0.25,observed,-1.0,12.65,14.09,12.4,True,O,14.28,measured,12.15,14.075750082333487,0.6,37.3108,27.2565,27.2565,35.3559,25.862,25.862,
TAP_A01,3093.0,,,727813.45,9684677.41,O,12.5,A,6.06,13.2,20090617-20090708,12.7,A,13.2,20100714-20100805,12.7,A,2.35,13.29,20110712-20110719,M6,12.6,13.2,measured,0.1,observed,-1.0,12.6,13.13,12.5,True,O,13.2,measured,12.4,13.125353248739966,0.6,35.1002,25.9722,25.9722,34.3634,25.44,25.44,
TAP_A01,3094.0,,,727819.42,9684679.32,O,22.5,A,11.8,14.32,20090617-20090708,22.5,A,13.92,20100714-20100805,22.4,A,7.03,12.35,20110712-20110719,M6,18.47,14.32,measured,0.0,observed,-1.0,22.4,14.32,22.5,True,O,14.32,measured,22.5,14.32,0.6,119.7075,89.9468,89.9468,119.7075,89.9468,89.9468,
TAP_A01,3095.0,,,727825.44,9684677.73,O,10.7,A,8.56,10.64,20090617-20090708,10.8,A,9.73,20100714-20100805,10.9,A,5.91,10.99,20110712-20110719,M6,11.3,10.64,measured,0.1,observed,-1.0,10.8,10.57,10.7,True,O,10.64,measured,10.6,10.56836120348353,0.6,20.9949,15.9538,15.9538,20.4781,15.5707,15.5707,
TAP_A01,3096.0,,,727834.92,9684679.09,O,31.3,A,22.48,28.69,20090617-20090708,31.3,A,28.44,20100714-20100805,31.2,A,19.99,22.05,20110712-20110719,M6,22.65,28.69,measured,0.0,observed,-1.0,31.2,28.69,31.3,True,O,28.69,measured,31.3,28.69,0.6,449.2709,307.3065,307.3065,449.2709,307.3065,307.3065,
TAP_A01,3097.0,,,727850.93,9684677.85,L,9.4,A,0.0,0.0,20090617-20090708,9.7,A,,20100714-20100805,9.9,A,,,20110712-20110719,M6,10.55,11.25,local_fit,0.25,observed,-1.0,9.65,11.04,9.4,True,L,10.55,feldpausch,9.15,10.34438977681408,0.6,16.1697,12.2274,12.2274,15.049,11.4007,11.4007,
TAP_A01,3098.0,,,727861.92,9684678.69,O,40.9,A,25.73,33.59,20090617-20090708,40.7,A,32.18,20100714-20100805,40.9,A,30.06,37.46,20110712-20110719,M6,26.39,33.59,measured,0.0,observed,-1.0,40.9,33.59,40.9,True,O,33.59,measured,40.9,33.59,0.6,883.3352,596.9609,596.9609,883.3352,596.9609,596.9609,
TAP_A01,3099.0,,,727864.37,9684681.65,O,69.1,A,34.89,46.05,20090617-20090708,69.3,A,43.15,20100714-20100805,69.4,A,27.96,37.52,20110712-20110719,M6,34.03,46.05,measured,0.15,observed,-1.0,69.25,46.01,69.1,True,O,46.05,measured,68.94999999999999,46.00799563995829,0.6,3345.2915,2205.6541,2205.6541,3328.1654,2194.4498,2194.4498,
TAP_A01,3100.0,,,727865.45,9684676.64,O,17.7,A,8.97,15.01,20090617-20090708,17.9,A,15.42,20100714-20100805,17.8,A,10.57,13.93,20110712-20110719,M6,15.89,15.01,measured,0.05,observed,-1.0,17.75,14.98,17.7,True,O,15.01,measured,17.65,14.981589009806473,0.6,78.4607,57.8476,57.8476,77.8845,57.4322,57.4322,
TAP_A01,3101.0,,,727867.94,9684677.1,O,11.1,A,17.07,20.08,20090617-20090708,12.4,A,16.65,20100714-20100805,12.6,A,13.1,16.68,20110712-20110719,M6,12.53,20.08,measured,0.75,observed,-1.0,11.85,19.23,11.1,True,O,20.08,measured,10.35,19.09502423261328,0.6,41.9207,28.8646,28.8646,34.8179,24.0842,24.0842,
TAP_A01,3102.0,,,727869.44,9684677.08,O,24.1,A,24.74,29.55,20090617-20090708,24.3,A,22.04,20100714-20100805,24.1,A,29.58,32.13,20110712-20110719,M6,19.35,29.55,measured,0.0,observed,-1.0,24.1,29.55,24.1,True,O,29.55,measured,24.1,29.55,0.6,277.6017,186.6421,186.6421,277.6017,186.6421,186.6421,
TAP_A01,3103.0,,,727868.5,9684672.6,O,37.5,A,19.56,28.75,20090617-20090708,37.7,A,21.44,20100714-20100805,37.6,A,19.18,29.61,20110712-20110719,M6,25.2,28.75,measured,0.05,observed,-1.0,37.55,28.73,37.5,True,O,28.75,measured,37.45,28.728690093799646,0.6,640.6197,441.8631,441.8631,638.4912,440.4184,440.4184,
TAP_A01,3104.0,,,727864.95,9684676.15,O,6.8,A,4.83,8.87,20090617-20090708,6.6,A,7.72,20100714-20100805,6.8,A,2.66,9.19,20110712-20110719,M6,7.99,8.87,measured,0.0,observed,-1.0,6.8,8.87,6.8,True,O,8.87,measured,6.8,8.87,0.6,7.2559,5.5524,5.5524,7.2559,5.5524,5.5524,
TAP_A01,3105.0,,,727861.96,9684675.69,O,14.6,A,8.58,11.26,20090617-20090708,14.7,A,12.34,20100714-20100805,14.8,A,6.28,10.95,20110712-20110719,M6,14.02,11.26,measured,0.1,observed,-1.0,14.7,11.2,14.6,True,O,11.26,measured,14.5,11.206649749210076,0.6,40.6985,31.1117,31.1117,39.9705,30.568,30.568,
TAP_A01,3106.0,,,727861.96,9684675.69,O,11.7,A,9.11,11.98,20090617-20090708,12.8,A,19.99,20100714-20100805,12.9,A,10.93,15.09,20110712-20110719,M6,12.74,11.98,measured,0.6,observed,-1.0,12.3,11.59,11.7,True,O,11.98,measured,11.1,11.538155802376746,0.6,28.063,21.0188,21.0188,24.4105,18.3456,18.3456,
TAP_A01,3107.0,,,727861.96,9684675.69,O,6.3,A,3.38,6.34,20090617-20090708,6.3,A,5.87,20100714-20100805,6.2,A,2.48,5.87,20110712-20110719,M6,7.45,6.34,measured,0.0,observed,-1.0,6.2,6.34,6.3,True,O,6.34,measured,6.3,6.34,0.6,4.5041,3.6212,3.6212,4.5041,3.6212,3.6212,
TAP_A01,3108.0,,,727854.48,9684674.3,O,25.7,A,24.32,30.73,20090617-20090708,25.8,A,19.73,20100714-20100805,26.3,A,13.59,26.5,20110712-20110719,M6,20.43,30.73,measured,0.3,observed,-1.0,26.0,30.52,25.7,True,O,30.73,measured,25.4,30.5068510862667,0.6,326.9725,219.1553,219.1553,317.2984,212.7962,212.7962,
TAP_A01,3109.0,,,727852.45,9684676.33,O,16.5,A,8.0,14.0,20090617-20090708,16.5,A,13.31,20100714-20100805,16.7,A,5.76,15.12,20110712-20110719,M6,15.22,14.0,measured,0.1,observed,-1.0,16.6,13.94,16.5,True,O,14.0,measured,16.4,13.942421594485147,0.6,63.9161,47.4854,47.4854,62.9086,46.7537,46.7537,
TAP_A01,3110.0,,,727851.45,9684676.35,O,53.2,A,35.53,44.55,20090617-20090708,53.5,A,43.01,20100714-20100805,54.3,A,24.99,31.8,20110712-20110719,M6,30.48,44.55,measured,0.55,observed,-1.0,53.75,44.33,53.2,True,O,44.55,measured,52.650000000000006,44.32657904323667,0.6,1944.0864,1272.4483,1272.4483,1895.7217,1241.1594,1241.1594,
TAP_A01,990.0,,,727851.15,9684676.85,L,,,,,20090617-20090708,5.25,A,,20100714-20100805,4.9,A,,,20110712-20110719,M6,6.23,6.23,feldpausch_regional,0.1,site_median,-1.0,4.8,6.13,,False,L,6.23,feldpausch,,,0.6,,,,,,,
TAP_A01,3111.0,,,727849.97,9684675.37,O,22.0,D,1.15,12.23,20090617-20090708,22.0,D,9.24,20100714-20100805,22.0,D,,12.07,20110712-20110719,M6,18.26,12.23,measured,0.0,observed,-1.0,22.0,12.23,22.0,False,O,12.23,measured,22.0,12.23,0.6,98.2196,98.2196,98.2196,98.2196,98.2196,98.2196,
TAP_A01,3112.0,,,727849.45,9684676.38,O,74.5,A,41.43,53.84,20090617-20090708,76.5,A,45.89,20100714-20100805,72.3,A,27.35,32.52,20110712-20110719,M6,34.61,53.84,measured,0.0,observed,-1.0,72.3,53.84,74.5,True,O,53.84,measured,74.5,53.84,0.6,4513.0304,2913.5062,2913.5062,4513.0304,2913.5062,2913.5062,
TAP_A01,3113.0,,,727841.55,9684670.0,O,84.0,A,37.1,46.74,20090617-20090708,84.7,A,42.03,20100714-20100805,85.0,A,36.21,49.4,20110712-20110719,M6,36.85,46.74,measured,0.5,observed,-1.0,84.5,46.64,84.0,True,O,46.74,measured,83.5,46.63701790950192,0.6,4969.0119,3299.3121,3299.3121,4900.8784,3254.2745,3254.2745,
TAP_A01,3114.0,,,727837.48,9684675.06,O,33.0,A,20.91,27.11,20090617-20090708,32.9,A,25.99,20100714-20100805,33.1,A,15.74,23.08,20110712-20110719,M6,23.44,27.11,measured,0.05,observed,-1.0,33.05,27.09,33.0,True,O,27.11,measured,32.95,27.086203938092776,0.6,471.34,326.1274,326.1274,469.5444,324.9064,324.9064,
TAP_A01,3115.0,,,727835.96,9684676.08,O,9.2,A,7.17,10.23,20090617-20090708,9.3,A,12.31,20100714-20100805,8.9,A,1.1,3.57,20110712-20110719,M6,9.76,10.23,measured,0.0,observed,-1.0,8.9,10.23,9.2,True,O,10.23,measured,9.2,10.23,0.6,15.0457,11.4212,11.4212,15.0457,11.4212,11.4212,
TAP_A01,3116.0,,,727830.98,9684675.15,O,23.6,D,1.3,2.5,20090617-20090708,22.2,D,2.72,20100714-20100805,22.2,D,,3.0,20110712-20110719,M6,18.37,2.5,measured,0.0,observed,-1.0,22.2,2.5,23.6,False,O,2.5,measured,23.6,2.5,0.6,23.9207,23.9207,23.9207,23.9207,23.9207,23.9207,
TAP_A01,3117.0,,,727819.49,9684674.82,O,26.3,D,1.27,3.88,20090617-20090708,26.0,D,4.11,20100714-20100805,26.0,D,,3.86,20110712-20110719,M6,20.29,3.88,measured,0.0,observed,-1.0,26.0,3.88,26.3,False,O,3.88,measured,26.3,3.88,0.6,45.3852,45.3852,45.3852,45.3852,45.3852,45.3852,
TAP_A01,3118.0,,,727809.99,9684674.96,O,25.5,A,21.75,28.23,20090617-20090708,25.7,A,25.18,20100714-20100805,25.5,A,18.4,25.41,20110712-20110719,M6,20.05,28.23,measured,0.0,observed,-1.0,25.5,28.23,25.5,True,O,28.23,measured,25.5,28.23,0.6,296.4292,201.2896,201.2896,296.4292,201.2896,201.2896,
TAP_A01,3119.0,,,727803.71,9684673.56,O,76.1,A,33.56,39.85,20090617-20090708,75.5,A,34.67,20100714-20100805,77.7,A,35.93,46.03,20110712-20110719,M6,35.62,39.85,measured,0.8,observed,-1.0,76.9,39.69,76.1,True,O,39.85,measured,75.3,39.6834919592774,0.6,3507.047,2376.7262,2376.7262,3421.4305,2319.0617,2319.0617,
TAP_A01,3120.0,,,727804.46,9684677.05,O,9.0,A,8.11,12.86,20090617-20090708,9.1,A,13.01,20100714-20100805,9.1,A,6.12,12.42,20110712-20110719,M6,9.92,12.86,measured,0.05,observed,-1.0,9.05,12.81,9.0,True,O,12.86,measured,8.95,12.807627128336781,0.6,18.0203,13.1796,13.1796,17.7545,12.9902,12.9902,
TAP_A01,3121.0,,,727801.97,9684676.58,O,25.0,A,18.59,21.72,20090617-20090708,24.9,A,24.12,20100714-20100805,25.0,A,18.25,27.63,20110712-20110719,M6,19.8,21.72,measured,0.0,observed,-1.0,25.0,21.72,25.0,True,O,21.72,measured,25.0,21.72,0.6,220.808,156.1316,156.1316,220.808,156.1316,156.1316,
TAP_A01,3122.0,,,727796.98,9684675.66,O,33.6,A,19.05,25.65,20090617-20090708,33.7,A,29.08,20100714-20100805,33.5,A,17.95,29.36,20110712-20110719,M6,23.61,25.65,measured,0.0,observed,-1.0,33.5,25.65,33.6,True,O,25.65,measured,33.6,25.65,0.6,462.5346,323.1257,323.1257,462.5346,323.1257,323.1257,
TAP_A01,3123.0,,,727796.47,9684676.66,L,9.5,A,0.0,0.0,20090617-20090708,9.8,A,,20100714-20100805,9.7,A,,,20110712-20110719,M6,10.39,11.32,local_fit,0.1,observed,-1.0,9.6,11.23,9.5,True,L,10.39,feldpausch,9.4,10.310182421406418,0.6,16.2627,12.3338,12.3338,15.8108,11.9996,11.9996,
TAP_A01,3124.0,,,727795.47,9684676.68,O,17.8,A,8.37,17.59,20090617-20090708,18.1,A,16.24,20100714-20100805,18.5,A,13.22,22.1,20110712-20110719,M6,16.31,17.59,measured,0.35,observed,-1.0,18.15,17.36,17.8,True,O,17.59,measured,17.45,17.357482102431373,0.6,92.6104,66.6081,66.6081,87.9396,63.3214,63.3214,
TAP_A01,3125.0,,,727794.04,9684671.7,O,54.2,A,30.91,34.23,20090617-20090708,54.4,A,34.66,20100714-20100805,54.0,A,23.94,36.54,20110712-20110719,M6,30.4,34.23,measured,0.0,observed,-1.0,54.0,34.23,54.2,True,O,34.23,measured,54.2,34.23,0.6,1558.8647,1064.6403,1064.6403,1558.8647,1064.6403,1064.6403,
TAP_A01,3126.0,,,727780.98,9684675.89,O,40.0,A,20.37,23.2,20090617-20090708,40.2,A,27.9,20100714-20100805,40.2,D,,34.59,20110712-20110719,M6,26.14,23.2,measured,0.1,observed,-1.0,40.1,23.17,40.0,True,O,23.2,measured,39.9,23.168465271110488,0.6,589.3836,421.8408,421.8408,585.7328,419.2675,419.2675,
TAP_A01,3127.0,,,727780.03,9684672.91,O,47.8,A,32.1,35.58,20090617-20090708,49.0,A,33.15,20100714-20100805,52.0,A,23.11,32.31,20110712-20110719,M6,29.85,35.58,measured,2.1,observed,-1.0,49.9,34.86,47.8,True,O,35.58,measured,45.699999999999996,34.77217913226684,0.6,1266.7209,854.6764,854.6764,1134.6436,766.6896,766.6896,
TAP_A01,3128.0,,,727776.48,9684675.96,O,22.1,A,16.08,19.43,20090617-20090708,22.0,A,23.28,20100714-20100805,22.3,A,10.15,21.47,20110712-20110719,M6,18.42,19.43,measured,0.1,observed,-1.0,22.2,19.38,22.1,True,O,19.43,measured,22.0,19.373530389757665,0.6,155.6911,111.3819,111.3819,153.8812,110.1138,110.1138,
TAP_A01,3129.0,,,727772.46,9684678.02,O,13.5,A,8.5,9.88,20090617-20090708,13.5,A,10.48,20100714-20100805,13.6,A,7.77,11.04,20110712-20110719,M6,13.22,9.88,measured,0.05,observed,-1.0,13.55,9.86,13.5,True,O,9.88,measured,13.45,9.854420931460606,0.6,30.7436,23.9022,23.9022,30.4446,23.6752,23.6752,
TAP_A01,3130.0,,,727771.96,9684677.53,O,7.3,A,4.48,8.91,20090617-20090708,7.5,A,9.34,20100714-20100805,7.8,A,5.22,10.22,20110712-20110719,M6,8.85,8.91,measured,0.25,observed,-1.0,7.55,8.7,7.3,True,O,8.91,measured,7.05,8.680998003386165,0.6,8.3704,6.4225,6.4225,7.6238,5.8639,5.8639,
TAP_A01,3131.0,,,727769.46,9684678.07,O,5.1,A,4.51,6.98,20090617-20090708,5.2,A,11.45,20100714-20100805,5.0,A,3.74,8.26,20110712-20110719,M6,6.33,6.98,measured,0.0,observed,-1.0,5.0,6.98,5.1,True,O,6.98,measured,5.1,6.98,0.6,3.2752,2.5673,2.5673,3.2752,2.5673,2.5673,
TAP_A01,3132.0,,,727767.48,9684676.6,O,19.3,A,12.97,19.14,20090617-20090708,19.2,A,17.98,20100714-20100805,19.5,A,12.38,17.1,20110712-20110719,M6,16.88,19.14,measured,0.1,observed,-1.0,19.4,19.08,19.3,True,O,19.14,measured,19.2,19.07454426276131,0.6,117.7725,83.9078,83.9078,116.1951,82.8082,82.8082,
TAP_A01,3133.0,,,727765.96,9684678.12,O,5.8,A,3.23,6.48,20090617-20090708,6.0,A,8.15,20100714-20100805,5.8,A,2.14,8.49,20110712-20110719,M6,7.09,6.48,measured,0.0,observed,-1.0,5.8,6.48,5.8,True,O,6.48,measured,5.8,6.48,0.6,3.9153,3.1245,3.1245,3.9153,3.1245,3.1245,
TAP_A01,3134.0,,,727763.48,9684676.65,O,13.7,A,12.08,23.77,20090617-20090708,13.8,A,21.96,20100714-20100805,14.0,A,14.93,20.43,20110712-20110719,M6,13.49,23.77,measured,0.15,observed,-1.0,13.85,23.59,13.7,True,O,23.77,measured,13.549999999999999,23.588153802708565,0.6,74.5322,50.4769,50.4769,72.4028,49.0684,49.0684,
TAP_A01,3135.0,,,727756.46,9684678.26,O,6.1,A,5.42,7.55,20090617-20090708,6.1,A,8.68,20100714-20100805,6.2,A,4.53,4.98,20110712-20110719,M6,7.45,7.55,measured,0.05,observed,-1.0,6.15,7.51,6.1,True,O,7.55,measured,6.05,7.503130729158705,0.6,5.0153,3.9163,3.9163,4.9055,3.8328,3.8328,
TAP_A01,3136.0,,,727750.97,9684677.84,O,5.5,A,7.32,11.77,20090617-20090708,5.7,A,12.18,20100714-20100805,5.8,A,8.91,13.41,20110712-20110719,M6,7.09,11.77,measured,0.15,observed,-1.0,5.65,11.54,5.5,True,O,11.77,measured,5.35,11.524487580561468,0.6,6.3201,4.578,4.578,5.8661,4.2577,4.2577,
TAP_A01,3137.0,,,727750.98,9684676.84,O,16.4,A,15.31,20.48,20090617-20090708,18.8,A,22.91,20100714-20100805,21.2,A,15.29,24.22,20110712-20110719,M6,17.83,20.48,measured,2.4,observed,-1.0,18.8,18.93,16.4,True,O,20.48,measured,13.999999999999998,18.371300478383542,0.6,91.5575,64.0347,64.0347,60.4649,42.6955,42.6955,
TAP_A01,3138.0,,,727748.98,9684676.87,O,43.0,D,1.61,12.63,20090617-20090708,43.2,D,2.5,20100714-20100805,43.2,D,,3.39,20110712-20110719,M6,27.17,12.63,measured,0.1,observed,-1.0,43.1,12.62,43.0,False,O,12.63,measured,42.9,12.614457523523598,0.6,374.9391,374.9391,374.9391,372.7907,372.7907,372.7907,
TAP_A01,3139.0,,,727733.47,9684678.1,L,5.0,A,0.0,0.0,20090617-20090708,5.0,A,,20100714-20100805,5.0,A,,,20110712-20110719,M6,6.33,8.01,local_fit,0.0,observed,-1.0,5.0,8.01,5.0,True,L,6.33,feldpausch,5.0,6.33,0.6,2.8643,2.278,2.278,2.8643,2.278,2.278,
TAP_A01,3140.0,,,727733.47,9684678.1,L,5.3,A,0.0,0.0,20090617-20090708,5.8,A,,20100714-20100805,6.2,A,,,20110712-20110719,M6,7.45,8.26,local_fit,0.45,observed,-1.0,5.75,7.81,5.3,True,L,7.45,feldpausch,4.85,6.960777140386007,0.6,3.7625,2.9244,2.9244,2.9612,2.3165,2.3165,
TAP_A01,3141.0,,,727731.98,9684677.12,O,66.8,A,28.62,34.05,20090617-20090708,67.5,A,40.31,20100714-20100805,71.6,A,29.88,40.39,20110712-20110719,M6,34.47,34.05,measured,2.4,observed,-1.0,69.2,33.58,66.8,True,O,34.05,measured,64.39999999999999,33.51511577151378,0.6,2332.2261,1610.2162,1610.2162,2138.1632,1477.332,1477.332,
TAP_A01,3142.0,,,727730.96,9684678.64,O,9.6,A,4.62,8.9,20090617-20090708,9.8,A,10.98,20100714-20100805,9.8,A,4.81,9.38,20110712-20110719,M6,10.47,8.9,measured,0.1,observed,-1.0,9.7,8.83,9.6,True,O,8.9,measured,9.5,8.832414559227647,0.6,14.2711,11.0969,11.0969,13.8788,10.7994,10.7994,
TAP_A01,3143.0,,,727728.98,9684677.67,O,11.8,A,6.67,9.28,20090617-20090708,13.5,A,9.84,20100714-20100805,12.7,A,5.05,7.96,20110712-20110719,M6,12.6,9.28,measured,0.45,observed,-1.0,12.25,9.04,11.8,True,O,9.28,measured,11.350000000000001,9.026434408746207,0.6,22.2383,17.3491,17.3491,20.063,15.6915,15.6915,
TAP_A01,3144.0,,,727722.97,9684678.26,O,77.6,A,23.36,29.55,20090617-20090708,75.8,A,30.77,20100714-20100805,77.5,A,24.92,32.81,20110712-20110719,M6,35.58,29.55,measured,0.0,observed,-1.0,77.5,29.55,77.6,True,O,29.55,measured,77.6,29.55,0.6,2721.0397,1935.08,1935.08,2721.0397,1935.08,1935.08,
TAP_A01,3145.0,,,727711.48,9684677.93,O,10.0,D,1.28,1.75,20090617-20090708,10.2,D,1.05,20100714-20100805,10.2,D,,1.05,20110712-20110719,M6,10.78,1.75,measured,0.1,observed,-1.0,10.1,1.74,10.0,False,O,1.75,measured,9.9,1.7372974345423422,0.6,3.1598,3.1598,3.1598,3.0765,3.0765,3.0765,
TAP_A01,3146.0,,,727708.48,9684677.97,O,10.1,A,10.19,14.94,20090617-20090708,10.3,A,16.06,20100714-20100805,10.5,A,11.1,15.91,20110712-20110719,M6,11.0,14.94,measured,0.2,observed,-1.0,10.3,14.74,10.1,True,O,14.94,measured,9.9,14.725080703768077,0.6,26.1254,18.7638,18.7638,24.7722,17.8156,17.8156,
TAP_A01,3147.0,,,727704.98,9684678.02,O,12.0,A,12.15,14.27,20090617-20090708,12.0,A,16.18,20100714-20100805,12.0,A,1.3,14.81,20110712-20110719,M6,12.11,14.27,measured,0.0,observed,-1.0,12.0,14.27,12.0,True,O,14.27,measured,12.0,14.27,0.6,34.9736,25.5118,25.5118,34.9736,25.5118,25.5118,
TAP_A01,3148.0,,,727694.98,9684678.17,O,10.1,A,11.18,14.75,20090617-20090708,10.2,A,14.82,20100714-20100805,10.3,A,10.87,16.95,20110712-20110719,M6,10.85,14.75,measured,0.1,observed,-1.0,10.2,14.65,10.1,True,O,14.75,measured,10.0,14.6441098126668,0.6,25.801,18.5684,18.5684,25.1274,18.0955,18.0955,
TAP_A01,3149.0,,,727687.99,9684677.78,O,20.2,A,17.98,20.62,20090617-20090708,20.4,A,19.76,20100714-20100805,20.9,A,11.63,19.46,20110712-20110719,M6,17.67,20.62,measured,0.35,observed,-1.0,20.55,20.39,20.2,True,O,20.62,measured,19.849999999999998,20.38546365065475,0.6,138.437,97.69,97.69,132.308,93.4555,93.4555,
TAP_A01,3150.0,,,727680.47,9684678.89,O,16.0,A,9.66,12.48,20090617-20090708,16.0,A,15.7,20100714-20100805,16.1,A,6.81,11.73,20110712-20110719,M6,14.85,12.48,measured,0.05,observed,-1.0,16.05,12.45,16.0,True,O,12.48,measured,15.95,12.453421265429279,0.6,53.8032,40.6446,40.6446,53.3644,40.3206,40.3206,
TAP_A01,3151.0,,,727677.98,9684678.42,O,16.2,A,17.57,20.62,20090617-20090708,16.5,A,20.21,20100714-20100805,16.8,A,12.03,16.86,20110712-20110719,M6,15.29,20.62,measured,0.3,observed,-1.0,16.5,20.36,16.2,True,O,20.62,measured,15.899999999999999,20.359314502797034,0.6,89.987,62.8315,62.8315,85.6921,59.8993,59.8993,
TAP_A01,3152.0,,,727674.97,9684678.97,O,8.2,D,1.35,2.2,20090617-20090708,,D,,20100714-20100805,,D,,,20110712-20110719,M6,,2.2,measured,0.1,site_median,-1.0,,,8.2,False,O,2.2,measured,8.1,2.1801374895301113,0.6,2.6818,2.6818,2.6818,2.5953,2.5953,2.5953,
TAP_A01,3153.0,,,727671.48,9684678.52,O,9.1,A,5.77,8.0,20090617-20090708,9.2,A,8.48,20100714-20100805,9.2,A,5.18,9.89,20110712-20110719,M6,10.0,8.0,measured,0.05,observed,-1.0,9.15,7.97,9.1,True,O,8.0,measured,9.049999999999999,7.96781282291602,0.6,11.5858,9.1384,9.1384,11.4168,9.0085,9.0085,
TAP_A01,3154.0,,,727668.48,9684678.57,O,11.3,A,10.08,14.64,20090617-20090708,12.9,A,14.58,20100714-20100805,13.2,A,4.83,12.17,20110712-20110719,M6,12.95,14.64,measured,0.95,observed,-1.0,12.25,13.88,11.3,True,O,14.64,measured,10.350000000000001,13.745164569618046,0.6,31.8888,23.1009,23.1009,25.2615,18.4055,18.4055,
TAP_A01,3155.0,,,727658.98,9684678.71,O,22.9,A,19.45,24.38,20090617-20090708,23.2,A,23.38,20100714-20100805,23.3,A,15.83,20.61,20110712-20110719,M6,18.94,24.38,measured,0.2,observed,-1.0,23.1,24.25,22.9,True,O,24.38,measured,22.7,24.244114922890525,0.6,208.2593,143.9872,143.9872,203.6099,140.8378,140.8378,
TAP_A01,3156.0,,,727655.98,9684679.25,O,7.3,A,6.16,10.48,20090617-20090708,7.3,A,10.34,20100714-20100805,7.2,A,7.27,10.48,20110712-20110719,M6,8.34,10.48,measured,0.0,observed,-1.0,7.2,10.48,7.3,True,O,10.48,measured,7.3,10.48,0.6,9.8071,7.3343,7.3343,9.8071,7.3343,7.3343,
TAP_A01,3158.0,,,727643.48,9684678.94,O,10.0,A,10.48,14.15,20090617-20090708,10.2,A,18.31,20100714-20100805,10.4,A,9.0,16.17,20110712-20110719,M6,10.93,14.15,measured,0.2,observed,-1.0,10.2,13.96,10.0,True,O,14.15,measured,9.8,13.944185656159116,0.6,24.2996,17.5946,17.5946,23.0283,16.6965,16.6965,
TAP_A01,3159.0,,,727640.49,9684678.48,O,14.0,A,14.42,23.76,20090617-20090708,15.0,A,21.63,20100714-20100805,16.6,A,12.49,21.74,20110712-20110719,M6,15.16,23.76,measured,1.3,observed,-1.0,15.3,22.47,14.0,True,O,23.76,measured,12.7,22.194007540664682,0.6,77.7193,52.6936,52.6936,60.119,41.0098,41.0098,
TAP_A01,3160.0,,,727638.99,9684679.0,O,10.6,A,9.29,11.82,20090617-20090708,10.6,A,12.2,20100714-20100805,11.1,A,6.84,15.32,20110712-20110719,M6,11.45,11.82,measured,0.25,observed,-1.0,10.85,11.63,10.6,True,O,11.82,measured,10.35,11.618385997586813,0.6,22.8419,17.0637,17.0637,21.4391,16.0409,16.0409,
TAP_A01,3161.0,,,727630.53,9684676.13,O,61.1,A,18.12,21.35,20090617-20090708,60.7,A,22.48,20100714-20100805,61.7,A,13.88,21.47,20110712-20110719,M6,32.34,21.35,measured,0.3,observed,-1.0,61.4,21.3,61.1,True,O,21.35,measured,60.800000000000004,21.302688812813372,0.6,1242.5259,919.5797,919.5797,1227.9833,908.9207,908.9207,
TAP_A01,3162.0,,,727630.49,9684679.13,O,71.8,D,1.53,7.85,20090617-20090708,71.0,D,6.83,20100714-20100805,71.0,D,,5.35,20110712-20110719,M6,34.35,7.85,measured,0.0,observed,-1.0,71.0,7.85,71.8,False,O,7.85,measured,71.8,7.85,0.6,641.222,641.222,641.222,641.222,641.222,641.222,
TAP_A01,3163.0,,,727624.48,9684679.72,O,9.6,A,6.84,11.22,20090617-20090708,9.8,A,10.51,20100714-20100805,9.5,A,4.6,11.31,20110712-20110719,M6,10.23,11.22,measured,0.0,observed,-1.0,9.5,11.22,9.6,True,O,11.22,measured,9.6,11.22,0.6,17.8915,13.4121,13.4121,17.8915,13.4121,13.4121,
TAP_A01,3164.0,,,727624.48,9684679.72,O,9.7,A,8.65,14.44,20090617-20090708,10.0,A,13.52,20100714-20100805,10.1,A,10.13,14.32,20110712-20110719,M6,10.7,14.44,measured,0.2,observed,-1.0,9.9,14.24,9.7,True,O,14.44,measured,9.5,14.222760480425437,0.6,23.3548,16.8317,16.8317,22.0948,15.9458,15.9458,
TAP_A01,3165.0,,,727616.47,9684680.34,O,17.0,A,7.14,14.41,20090617-20090708,17.2,A,15.2,20100714-20100805,17.1,A,9.79,19.92,20110712-20110719,M6,15.47,14.41,measured,0.05,observed,-1.0,17.05,14.38,17.0,True,O,14.41,measured,16.95,14.38140348518988,0.6,69.6872,51.6113,51.6113,69.1535,51.2248,51.2248,
TAP_A01,3166.0,,,727612.97,9684680.39,O,16.7,A,6.78,10.79,20090617-20090708,16.8,A,13.75,20100714-20100805,16.3,A,5.07,14.18,20110712-20110719,M6,14.98,10.79,measured,0.0,observed,-1.0,16.3,10.79,16.7,True,O,10.79,measured,16.7,10.79,0.6,50.7495,39.3101,39.3101,50.7495,39.3101,39.3101,
TAP_A01,3167.0,,,727606.53,9684676.49,O,102.0,A,39.03,47.81,20090617-20090708,101.5,A,59.46,20100714-20100805,102.5,A,45.14,55.33,20110712-20110719,M6,39.27,47.81,measured,0.25,observed,-1.0,102.25,47.77,102.0,True,O,47.81,measured,101.75,47.77295209152819,0.6,7420.9331,4955.7129,4955.7129,7379.8848,4928.3239,4928.3239,
TAP_A01,3168.0,,,727603.98,9684680.02,O,7.5,A,11.28,12.37,20090617-20090708,8.3,A,16.58,20100714-20100805,9.3,A,14.16,17.19,20110712-20110719,M6,10.08,12.37,measured,0.9,observed,-1.0,8.4,11.47,7.5,True,O,12.37,measured,6.6,11.241487639025618,0.6,12.1544,8.8663,8.8663,8.6261,6.3492,6.3492,
TAP_A01,3169.0,,,727600.49,9684679.58,O,13.8,A,8.9,10.41,20090617-20090708,13.5,A,12.0,20100714-20100805,13.7,A,3.88,13.03,20110712-20110719,M6,13.29,10.41,measured,0.0,observed,-1.0,13.7,10.41,13.8,True,O,10.41,measured,13.8,10.41,0.6,33.7704,26.0671,26.0671,33.7704,26.0671,26.0671,
TAP_A01,3170.0,,,727594.99,9684679.66,O,23.2,A,18.2,20.84,20090617-20090708,23.3,A,14.8,20100714-20100805,23.3,A,15.4,20.71,20110712-20110719,M6,18.94,20.84,measured,0.05,observed,-1.0,23.25,20.82,23.2,True,O,20.84,measured,23.15,20.811473839247622,0.6,183.2894,129.9852,129.9852,182.2753,129.2805,129.2805,
TAP_A01,3171.0,,,727579.02,9684677.9,O,38.4,A,21.31,25.01,20090617-20090708,38.5,A,24.73,20100714-20100805,38.9,A,16.26,26.69,20110712-20110719,M6,25.68,25.01,measured,0.25,observed,-1.0,38.65,24.92,38.4,True,O,25.01,measured,38.15,24.920035157359173,0.6,585.6447,413.408,413.408,576.195,406.8416,406.8416,
TAP_A01,3172.0,,,727569.49,9684680.54,O,9.1,A,3.31,10.15,20090617-20090708,9.1,A,11.23,20100714-20100805,9.1,A,2.34,8.48,20110712-20110719,M6,9.92,10.15,measured,0.0,observed,-1.0,9.1,10.15,9.1,True,O,10.15,measured,9.1,10.15,0.6,14.6157,11.1028,11.1028,14.6157,11.1028,11.1028,
TAP_A01,3173.0,,,727569.01,9684679.04,O,52.2,A,22.9,26.11,20090617-20090708,53.0,A,26.97,20100714-20100805,53.7,A,21.59,26.44,20110712-20110719,M6,30.32,26.11,measured,0.75,observed,-1.0,52.95,25.94,52.2,True,O,26.11,measured,51.45,25.926047976119822,0.6,1112.1337,791.3134,791.3134,1073.7214,764.3047,764.3047,
TAP_A01,3174.0,,,727568.49,9684680.05,O,48.2,D,1.5,15.93,20090617-20090708,48.4,D,16.35,20100714-20100805,48.4,D,,16.2,20110712-20110719,M6,28.81,15.93,measured,0.1,observed,-1.0,48.3,15.91,48.2,False,O,15.93,measured,48.1,15.91330842304758,0.6,587.6667,587.6667,587.6667,584.6906,584.6906,584.6906,
TAP_A01,3175.0,,,727565.99,9684680.59,O,6.9,A,9.48,12.05,20090617-20090708,7.3,A,12.01,20100714-20100805,7.7,A,8.82,11.0,20110712-20110719,M6,8.77,12.05,measured,0.4,observed,-1.0,7.3,11.58,6.9,True,O,12.05,measured,6.5,11.521346039836647,0.6,10.0679,7.3452,7.3452,8.5762,6.2834,6.2834,
TAP_A01,3176.0,,,727554.99,9684680.75,O,5.3,A,5.74,7.82,20090617-20090708,5.3,A,9.4,20100714-20100805,5.6,A,7.54,9.57,20110712-20110719,M6,6.9,7.82,measured,0.15,observed,-1.0,5.45,7.66,5.3,True,O,7.82,measured,5.1499999999999995,7.650310610165882,0.6,3.9447,3.0427,3.0427,3.6507,2.8218,2.8218,
TAP_A01,3177.0,,,727550.0,9684679.83,O,14.9,A,6.69,8.86,20090617-20090708,14.8,A,12.01,20100714-20100805,14.9,A,8.11,11.75,20110712-20110719,M6,14.08,8.86,measured,0.0,observed,-1.0,14.9,8.86,14.9,True,O,8.86,measured,14.9,8.86,0.6,33.5132,26.6338,26.6338,33.5132,26.6338,26.6338,
TAP_A01,3178.0,,,727544.0,9684679.92,O,22.4,A,13.71,16.56,20090617-20090708,22.4,A,14.62,20100714-20100805,22.3,A,10.55,13.31,20110712-20110719,M6,18.42,16.56,measured,0.0,observed,-1.0,22.3,16.56,22.4,True,O,16.56,measured,22.4,16.56,0.6,136.7564,100.403,100.403,136.7564,100.403,100.403,
TAP_A01,3179.0,,,727534.98,9684681.55,O,5.1,A,6.37,10.46,20090617-20090708,5.2,A,9.79,20100714-20100805,5.3,A,7.32,10.3,20110712-20110719,M6,6.62,10.46,measured,0.1,observed,-1.0,5.2,10.3,5.1,True,O,10.46,measured,5.0,10.302590246860909,0.6,4.8607,3.5742,3.5742,4.6077,3.393,3.393,
TAP_A01,3180.0,,,727530.62,9684672.62,O,103.5,D,1.26,9.37,20090617-20090708,103.5,D,8.76,20100714-20100805,103.5,D,,8.1,20110712-20110719,M6,39.39,9.37,measured,0.0,observed,-1.0,103.5,9.37,103.5,False,O,9.37,measured,103.5,9.37,0.6,1556.1164,1556.1164,1556.1164,1556.1164,1556.1164,1556.1164,
TAP_A01,3181.0,,,727527.5,9684680.66,O,8.0,A,11.58,14.89,20090617-20090708,8.1,A,13.1,20100714-20100805,8.1,A,10.83,13.17,20110712-20110719,M6,9.1,14.89,measured,0.05,observed,-1.0,8.05,14.82,8.0,True,O,14.89,measured,7.95,14.82102417618838,0.6,16.521,11.74,11.74,16.2463,11.5497,11.5497,
TAP_A01,979.0,,,727515.89,9684681.68,O,,,,,20090617-20090708,5.0,A,6.58,20100714-20100805,5.4,A,4.08,6.14,20110712-20110719,M6,6.71,6.58,measured,0.1,site_median,-1.0,5.3,6.49,,False,O,6.71,feldpausch,,,0.6,,,,,,,
TAP_A01,3182.0,,,727512.99,9684681.38,O,6.8,A,8.04,10.29,20090617-20090708,6.9,A,11.89,20100714-20100805,7.1,A,7.09,10.91,20110712-20110719,M6,8.25,10.29,measured,0.15,observed,-1.0,6.95,10.13,6.8,True,O,10.29,measured,6.6499999999999995,10.11906026608466,0.6,8.3876,6.2695,6.2695,7.9,5.9144,5.9144,
TAP_A01,3183.0,,,727511.54,9684678.4,O,35.0,A,13.94,24.2,20090617-20090708,34.9,A,24.21,20100714-20100805,34.8,A,13.82,16.71,20110712-20110719,M6,24.13,24.2,measured,0.0,observed,-1.0,34.8,24.2,35.0,True,O,24.2,measured,35.0,24.2,0.6,473.2442,334.3155,334.3155,473.2442,334.3155,334.3155,
TAP_A01,3184.0,,,727503.5,9684681.02,O,15.6,A,14.99,19.28,20090617-20090708,15.7,A,18.99,20100714-20100805,15.7,A,15.78,19.83,20110712-20110719,M6,14.6,19.28,measured,0.05,observed,-1.0,15.65,19.24,15.6,True,O,19.28,measured,15.549999999999999,19.23771670499777,0.6,78.2897,55.1475,55.1475,77.6341,54.6963,54.6963,
TAP_A01,3185.0,,,727482.0,9684681.34,O,8.5,A,3.87,11.88,20090617-20090708,8.6,A,10.49,20100714-20100805,8.6,A,6.23,8.69,20110712-20110719,M6,9.52,11.88,measured,0.05,observed,-1.0,8.55,11.82,8.5,True,O,11.88,measured,8.45,11.828490620524235,0.6,14.9179,11.0179,11.0179,14.6847,10.85,10.85,
TAP_A01,3186.0,,,727477.0,9684681.41,O,14.5,A,4.69,7.25,20090617-20090708,14.4,A,6.37,20100714-20100805,14.4,A,4.99,8.4,20110712-20110719,M6,13.76,7.25,measured,0.0,observed,-1.0,14.4,7.25,14.5,True,O,7.25,measured,14.5,7.25,0.6,26.1301,21.4068,21.4068,26.1301,21.4068,21.4068,
TAP_A01,3187.0,,,727476.5,9684681.92,O,5.5,A,4.63,7.26,20090617-20090708,6.6,A,6.88,20100714-20100805,6.4,A,5.28,7.22,20110712-20110719,M6,7.64,7.26,measured,0.45,observed,-1.0,5.95,6.87,5.5,True,O,7.26,measured,5.05,6.8018160542271975,0.6,3.9439,3.0834,3.0834,3.1328,2.4645,2.4645,
TAP_A01,3188.0,,,727465.52,9684680.58,O,48.9,A,23.83,26.3,20090617-20090708,48.7,A,30.14,20100714-20100805,48.8,A,22.12,29.86,20110712-20110719,M6,28.93,26.3,measured,0.0,observed,-1.0,48.8,26.3,48.9,True,O,26.3,measured,48.9,26.3,0.6,985.9807,698.5556,698.5556,985.9807,698.5556,698.5556,
TAP_A01,3189.0,,,727451.5,9684682.29,O,7.5,A,10.93,13.99,20090617-20090708,7.6,A,12.48,20100714-20100805,7.7,A,11.55,14.35,20110712-20110719,M6,8.77,13.99,measured,0.1,observed,-1.0,7.6,13.85,7.5,True,O,13.99,measured,7.4,13.850812643392011,0.6,13.7056,9.8053,9.8053,13.2215,9.4678,9.4678,
TAP_A01,3190.0,,,727444.0,9684682.4,O,9.5,A,9.64,12.03,20090617-20090708,9.8,A,13.71,20100714-20100805,10.0,A,11.08,13.19,20110712-20110719,M6,10.62,12.03,measured,0.25,observed,-1.0,9.75,11.81,9.5,True,O,12.03,measured,9.25,11.798270596877149,0.6,18.7636,13.9048,13.9048,17.4769,12.9745,12.9745,
TAP_A01,3191.0,,,727441.05,9684678.95,O,58.2,A,37.31,48.07,20090617-20090708,59.0,A,39.41,20100714-20100805,59.0,D,26.0,38.44,20110712-20110719,M6,31.69,48.07,measured,0.4,observed,-1.0,58.6,47.92,58.2,True,O,48.07,measured,57.800000000000004,47.91689402007568,0.6,2495.1663,1620.6098,1620.6098,2454.1481,1594.2443,1594.2443,
TAP_A01,3192.0,,,727436.51,9684681.51,O,26.8,D,1.33,3.4,20090617-20090708,26.6,D,3.66,20100714-20100805,26.6,D,,3.68,20110712-20110719,M6,20.58,3.4,measured,0.0,observed,-1.0,26.6,3.4,26.8,False,O,3.4,measured,26.8,3.4,0.6,41.3907,41.3907,41.3907,41.3907,41.3907,41.3907,
TAP_A01,3193.0,,,727436.57,9684677.51,O,55.8,A,24.35,35.26,20090617-20090708,58.0,A,36.72,20100714-20100805,58.2,A,25.83,35.93,20110712-20110719,M6,31.49,35.26,measured,1.2,observed,-1.0,57.0,34.92,55.8,True,O,35.26,measured,54.599999999999994,34.89840108809698,0.6,1698.3929,1156.125,1156.125,1611.532,1097.6394,1097.6394,
TAP_A01,3194.0,,,727435.49,9684683.03,O,13.1,A,10.95,14.93,20090617-20090708,13.2,A,13.72,20100714-20100805,13.7,A,9.25,12.99,20110712-20110719,M6,13.29,14.93,measured,0.3,observed,-1.0,13.4,14.69,13.1,True,O,14.93,measured,12.799999999999999,14.689011568093608,0.6,43.3767,31.5488,31.5488,40.8056,29.7221,29.7221,
TAP_A01,3195.0,,,727429.5,9684682.62,O,7.2,A,5.46,9.96,20090617-20090708,6.9,A,7.81,20100714-20100805,6.9,A,4.22,8.06,20110712-20110719,M6,8.08,9.96,measured,0.0,observed,-1.0,6.9,9.96,7.2,True,O,9.96,measured,7.2,9.96,0.6,9.084,6.8439,6.8439,9.084,6.8439,6.8439,
TAP_A01,3196.0,,,727427.54,9684680.15,P,43.8,A,11.39,21.48,20090617-20090708,34.3,A,15.47,20100714-20100805,47.7,A,6.89,17.59,20110712-20110719,M6,28.6,21.48,measured,1.95,observed,-1.0,45.75,21.02,43.8,True,P,21.48,measured,41.849999999999994,20.968209419389357,0.6,652.6549,,,583.2491,,,
TAP_A01,3197.0,,,727413.52,9684681.35,O,21.5,D,1.44,5.06,20090617-20090708,21.5,D,4.22,20100714-20100805,21.5,D,,4.23,20110712-20110719,M6,17.99,5.06,measured,0.0,observed,-1.0,21.5,5.06,21.5,False,O,5.06,measured,21.5,5.06,0.6,39.6855,39.6855,39.6855,39.6855,39.6855,39.6855,
TAP_A01,3198.0,,,727408.1,9684676.44,O,66.1,D,1.1,3.45,20090617-20090708,66.8,D,3.17,20100714-20100805,66.8,D,,2.98,20110712-20110719,M6,33.48,3.45,measured,0.35,observed,-1.0,66.45,3.44,66.1,False,O,3.45,measured,65.75,3.4421061323075923,0.6,244.5712,244.5712,244.5712,241.5092,241.5092,241.5092,
TAP_A01,3199.0,,,727406.04,9684680.47,P,50.0,A,7.68,17.97,20090617-20090708,42.3,A,8.75,20100714-20100805,48.0,A,1.46,9.94,20110712-20110719,M6,28.69,17.97,measured,0.0,observed,-1.0,48.0,17.97,50.0,True,P,17.97,measured,50.0,17.97,0.6,710.0502,,,710.0502,,,
TAP_A01,3200.0,,,727400.02,9684682.05,O,24.0,A,22.61,27.51,20090617-20090708,25.3,A,24.9,20100714-20100805,27.3,A,23.3,30.37,20110712-20110719,M6,20.91,27.51,measured,1.65,observed,-1.0,25.65,26.47,24.0,True,O,27.51,measured,22.35,26.2935486072361,0.6,256.7887,174.5763,174.5763,213.8077,145.8986,145.8986,
TAP_A01,3201.0,,,727398.0,9684683.08,O,7.2,A,4.95,10.3,20090617-20090708,6.6,A,10.14,20100714-20100805,7.9,A,6.59,10.94,20110712-20110719,M6,8.94,10.3,measured,0.35,observed,-1.0,7.55,9.95,7.2,True,O,10.3,measured,6.8500000000000005,9.922903614115913,0.6,9.3865,7.0344,7.0344,8.212,6.1758,6.1758,
TAP_A01,3202.0,,,727394.5,9684683.64,O,5.3,A,4.24,8.66,20090617-20090708,5.3,A,7.34,20100714-20100805,5.1,A,6.33,7.71,20110712-20110719,M6,6.43,8.66,measured,0.0,observed,-1.0,5.1,8.66,5.3,True,O,8.66,measured,5.3,8.66,0.6,4.3578,3.3075,3.3075,4.3578,3.3075,3.3075,
TAP_A01,3203.0,,,727389.01,9684682.72,O,12.0,A,5.27,6.72,20090617-20090708,11.8,D,6.31,20100714-20100805,11.8,D,,5.96,20110712-20110719,M6,11.96,6.72,measured,0.0,observed,-1.0,11.8,6.72,12.0,True,O,6.72,measured,12.0,6.72,0.6,16.7701,13.7788,13.7788,16.7701,13.7788,13.7788,
TAP_A01,3204.0,,,727377.01,9684683.4,O,7.7,A,10.86,11.99,20090617-20090708,7.7,D,8.05,20100714-20100805,,D,,,20110712-20110719,M6,,11.99,measured,0.1,site_median,-1.0,,,7.7,True,O,11.99,measured,7.6000000000000005,11.874071645707778,0.6,12.4113,9.1099,9.1099,11.9844,8.8046,8.8046,
TAP_A01,3205.0,,,727373.51,9684682.95,O,10.1,A,8.93,11.72,20090617-20090708,10.2,A,11.91,20100714-20100805,10.4,A,4.98,11.82,20110712-20110719,M6,10.93,11.72,measured,0.15,observed,-1.0,10.25,11.59,10.1,True,O,11.72,measured,9.95,11.593672566562189,0.6,20.6143,15.3846,15.3846,19.8103,14.7992,14.7992,
