site,tree_id,scientific_name,family_name,utm_easting,utm_northing,dbh,date,dead,type,plot_id,htot_feldpausch,htot_estimated,htot_estimation_method,dbh_incr_cm_yr,dbh_incr_source,gap_anos,dbh_lidar,htot_estimated_gap
DUC_A01,001a,Licania guianensis,Chrysobalanaceae,-2.943539052,-59.94080937,49.6,20160824,False,O,P02,29.16,29.16,feldpausch_regional,0.18,default,1.0,49.78,29.22
DUC_A01,001b,Sacoglottis guianensis,Humiriaceae,-2.94356803,-59.94106181,43.6,20160824,False,O,P02,27.3,27.3,feldpausch_regional,0.18,default,1.0,43.78,27.36
DUC_A01,002a,Pourouma minor,Urticaceae,-2.943541712,-59.94081504,31.5,20160824,False,O,P02,22.78,22.78,feldpausch_regional,0.18,default,1.0,31.68,22.85
DUC_A01,002b,Pouteria gongrijpii,Sapotaceae,-2.94362256,-59.94096717,39.2,20160824,False,O,P02,25.79,25.79,feldpausch_regional,0.18,default,1.0,39.38,25.85
DUC_A01,003a,Peltogyne lecointei,Fabaceae,-2.94353624,-59.94082183,10.0,20160824,False,O,P02,10.62,10.62,feldpausch_regional,0.18,default,1.0,10.18,10.76
DUC_A01,003b,,,-2.943684742,-59.94097498,47.5,20160824,True,O,P02,28.54,28.54,feldpausch_regional,0.18,default,1.0,47.68,28.59
DUC_A01,004a,Protium paniculatum,Burseraceae,-2.943529507,-59.94085807,10.4,20160824,False,O,P02,10.93,10.93,feldpausch_regional,0.18,default,1.0,10.58,11.06
DUC_A01,004b,Qualea paraensis,Vochysiaceae,-2.943710721,-59.94101056,91.1,20160824,False,O,P02,37.77,37.77,feldpausch_regional,0.18,default,1.0,91.28,37.79
DUC_A01,005a,Protium paniculatum,Burseraceae,-2.943578954,-59.94083236,12.6,20160824,False,O,P02,12.53,12.53,feldpausch_regional,0.18,default,1.0,12.78,12.66
DUC_A01,005b,Mouriri collocarpa,Melastomataceae,-2.943710549,-59.94103993,39.6,20160824,False,O,P02,25.93,25.93,feldpausch_regional,0.18,default,1.0,39.78,25.99
DUC_A01,006a,Eschweilera ovata,Lecythidaceae,-2.943600546,-59.94082317,10.1,20160824,False,O,P02,10.7,10.7,feldpausch_regional,0.18,default,1.0,10.28,10.84
DUC_A01,006b,,,-2.943704327,-59.94106295,49.4,20160824,False,O,P02,29.11,29.11,feldpausch_regional,0.18,default,1.0,49.58,29.16
DUC_A01,007a,Pouteria sp.,Sapotaceae,-2.943661306,-59.9407891,43.8,20160824,False,O,P02,27.37,27.37,feldpausch_regional,0.18,default,1.0,43.98,27.43
DUC_A01,007b,Ormosia coccinea,Fabaceae,-2.943753545,-59.94091431,58.0,20160824,False,O,P02,31.44,31.44,feldpausch_regional,0.18,default,1.0,58.18,31.49
DUC_A01,008a,Ocotea cernua,Lauraceae,-2.943670486,-59.94078564,10.1,20160824,False,O,P02,10.7,10.7,feldpausch_regional,0.18,default,1.0,10.28,10.84
DUC_A01,008b,Qualea paraensis,Vochysiaceae,-2.943907331,-59.94099955,52.0,20160824,False,O,P02,29.85,29.85,feldpausch_regional,0.18,default,1.0,52.18,29.9
DUC_A01,009a,Eperua bijuga,Fabaceae,-2.943669032,-59.94076827,33.7,20160824,False,O,P02,23.69,23.69,feldpausch_regional,0.18,default,1.0,33.88,23.76
DUC_A01,010a,Brosimum rubescens,Moraceae,-2.94369302,-59.94075946,25.4,20160824,False,O,P02,20.0,20.0,feldpausch_regional,0.18,default,1.0,25.58,20.08
DUC_A01,011a,Protium paniculatum,Burseraceae,-2.943700546,-59.94077609,21.9,20160824,False,O,P02,18.21,18.21,feldpausch_regional,0.18,default,1.0,22.08,18.3
DUC_A01,012a,,,-2.943702957,-59.94077429,27.2,20160824,False,O,P02,20.86,20.86,feldpausch_regional,0.18,default,1.0,27.38,20.94
DUC_A01,013a,Licania guianensis,Chrysobalanaceae,-2.943740831,-59.9407774,34.0,20160824,False,O,P02,23.81,23.81,feldpausch_regional,0.18,default,1.0,34.18,23.88
DUC_A01,014a,Oenocarpus bataua,Arecaceae,-2.943741499,-59.94077889,19.5,20160824,False,P,P02,16.88,16.88,feldpausch_regional,0.18,default,1.0,19.68,16.99
DUC_A01,015a,Hevea brasiliensis,Euphorbiaceae,-2.943788967,-59.94081817,49.4,20160824,False,O,P02,29.11,29.11,feldpausch_regional,0.18,default,1.0,49.58,29.16
DUC_A01,016a,Eperua bijuga,Fabaceae,-2.943857725,-59.94072489,22.0,20160824,False,O,P02,18.26,18.26,feldpausch_regional,0.18,default,1.0,22.18,18.36
DUC_A01,017a,,,-2.943876197,-59.94070095,18.5,20160824,False,O,P02,16.31,16.31,feldpausch_regional,0.18,default,1.0,18.68,16.41
DUC_A01,018a,,,-2.943916026,-59.94071684,12.9,20160824,False,O,P02,12.74,12.74,feldpausch_regional,0.18,default,1.0,13.08,12.87
DUC_A01,019a,,,-2.943917227,-59.94071717,13.7,20160824,True,O,P02,13.29,13.29,feldpausch_regional,0.18,default,1.0,13.88,13.41
DUC_A01,020a,,,-2.943917517,-59.94071785,16.1,20160824,True,O,P02,14.85,14.85,feldpausch_regional,0.18,default,1.0,16.28,14.96
DUC_A01,021a,Brosimum rubescens,Moraceae,-2.943953424,-59.94080453,18.3,20160824,False,O,P02,16.19,16.19,feldpausch_regional,0.18,default,1.0,18.48,16.29
DUC_A01,022a,,,-2.943894423,-59.94080951,16.2,20160824,False,O,P02,14.91,14.91,feldpausch_regional,0.18,default,1.0,16.38,15.03
DUC_A01,023a,Pouteria sp.,Sapotaceae,-2.943890874,-59.94081107,32.4,20160824,False,O,P02,23.15,23.15,feldpausch_regional,0.18,default,1.0,32.58,23.23
DUC_A01,024a,Oenocarpus bataua,Arecaceae,-2.943885244,-59.94081271,20.9,20160824,False,P,P02,17.67,17.67,feldpausch_regional,0.18,default,1.0,21.08,17.76
DUC_A01,025a,Nectandra cuspidata,Lauraceae,-2.943859769,-59.94082221,10.2,20160824,False,O,P02,10.78,10.78,feldpausch_regional,0.18,default,1.0,10.38,10.91
DUC_A01,026a,Inga thibaudiana,Fabaceae,-2.943839302,-59.94081663,11.3,20160824,False,O,P02,11.6,11.6,feldpausch_regional,0.18,default,1.0,11.48,11.73
DUC_A01,027a,Oenocarpus bataua,Arecaceae,-2.943844069,-59.94085148,20.2,20160824,False,P,P02,17.28,17.28,feldpausch_regional,0.18,default,1.0,20.38,17.38
DUC_A01,028a,Eriotheca globosa,Malvaceae,-2.943856166,-59.94084774,10.8,20160824,False,O,P02,11.23,11.23,feldpausch_regional,0.18,default,1.0,10.98,11.36
DUC_A01,029a,Oenocarpus bataua,Arecaceae,-2.943810353,-59.94083517,19.3,20160824,False,P,P02,16.77,16.77,feldpausch_regional,0.18,default,1.0,19.48,16.87
DUC_A01,030a,Iryanthera paraensis,Myristicaceae,-2.943807378,-59.9408452,10.8,20160824,False,O,P02,11.23,11.23,feldpausch_regional,0.18,default,1.0,10.98,11.36
DUC_A01,031a,Dipteryx odorata,Fabaceae,-2.943799386,-59.9408487,40.0,20160824,False,O,P02,26.07,26.07,feldpausch_regional,0.18,default,1.0,40.18,26.14
DUC_A01,032a,Oenocarpus bataua,Arecaceae,-2.94379283,-59.940834,15.4,20160824,False,P,P02,14.41,14.41,feldpausch_regional,0.18,default,1.0,15.58,14.52
DUC_A01,033a,Oenocarpus bataua,Arecaceae,-2.943757783,-59.94083656,16.0,20160824,False,P,P02,14.79,14.79,feldpausch_regional,0.18,default,1.0,16.18,14.9
DUC_A01,034a,Licania guianensis,Chrysobalanaceae,-2.943761139,-59.94084403,19.4,20160824,False,O,P02,16.83,16.83,feldpausch_regional,0.18,default,1.0,19.58,16.93
DUC_A01,035a,Sterculia pruriens,Malvaceae,-2.943716369,-59.94087227,55.4,20160824,False,O,P02,30.77,30.77,feldpausch_regional,0.18,default,1.0,55.58,30.82
DUC_A01,036a,Qualea paraensis,Vochysiaceae,-2.943691491,-59.94086454,24.4,20160824,False,O,P02,19.5,19.5,feldpausch_regional,0.18,default,1.0,24.58,19.59
DUC_A01,037a,,,-2.943691138,-59.94086377,27.0,20160824,False,O,P02,20.76,20.76,feldpausch_regional,0.18,default,1.0,27.18,20.85
DUC_A01,038a,,,-2.94369478,-59.94089738,24.0,20160824,True,O,P02,19.3,19.3,feldpausch_regional,0.18,default,1.0,24.18,19.39
DUC_A01,039a,,,-2.943633946,-59.94090214,38.8,20160824,True,O,P02,25.64,25.64,feldpausch_regional,0.18,default,1.0,38.98,25.71
DUC_A01,040a,Miconia poeppigii,Melastomataceae,-2.943632153,-59.94092591,36.3,20160824,False,O,P02,24.71,24.71,feldpausch_regional,0.18,default,1.0,36.48,24.78
DUC_A01,041a,Sloanea guianensis,Elaeocarpaceae,-2.943618984,-59.94092977,27.0,20160824,False,O,P02,20.76,20.76,feldpausch_regional,0.18,default,1.0,27.18,20.85
DUC_A01,042a,,,-2.943590831,-59.94093822,17.2,20160824,False,O,P02,15.53,15.53,feldpausch_regional,0.18,default,1.0,17.38,15.64
DUC_A01,043a,Poeppigia procera,Fabaceae,-2.94356621,-59.94090176,47.9,20160824,False,O,P02,28.66,28.66,feldpausch_regional,0.18,default,1.0,48.08,28.71
DUC_A01,044a,Pouteria sp.,Sapotaceae,-2.943536525,-59.94091406,33.0,20160824,False,O,P02,23.4,23.4,feldpausch_regional,0.18,default,1.0,33.18,23.48
DUC_A01,045a,Protium paniculatum,Burseraceae,-2.943534726,-59.9409148,10.8,20160824,False,O,P02,11.23,11.23,feldpausch_regional,0.18,default,1.0,10.98,11.36
DUC_A01,046a,Xylopia sp.,Annonaceae,-2.943531732,-59.94097421,22.7,20160824,False,O,P02,18.63,18.63,feldpausch_regional,0.18,default,1.0,22.88,18.72
DUC_A01,001a,Neea oppositifolia,Nyctaginaceae,-2.939116106,-59.93114197,19.1,20160830,False,O,P04,16.65,16.65,feldpausch_regional,0.18,default,1.0,19.28,16.76
DUC_A01,001b,Geissospermum sericeum,Apocynaceae,-2.939367068,-59.93132821,43.8,20160830,False,O,P04,27.37,27.37,feldpausch_regional,0.18,default,1.0,43.98,27.43
DUC_A01,002a,Eschweilera ovata,Lecythidaceae,-2.939107878,-59.93112979,11.6,20160830,False,O,P04,11.82,11.82,feldpausch_regional,0.18,default,1.0,11.78,11.95
DUC_A01,002b,Goupia glabra,Goupiaceae,-2.93946548,-59.93115319,51.0,20160830,False,O,P04,29.57,29.57,feldpausch_regional,0.18,default,1.0,51.18,29.62
DUC_A01,003a,Eschweilera micrantha,Lecythidaceae,-2.939159871,-59.93114683,35.2,20160830,False,O,P04,24.28,24.28,feldpausch_regional,0.18,default,1.0,35.38,24.36
DUC_A01,003b,Pouteria gongrijpii,Sapotaceae,-2.939492139,-59.93112373,44.5,20160830,False,O,P04,27.59,27.59,feldpausch_regional,0.18,default,1.0,44.68,27.65
DUC_A01,004a,,,-2.939169231,-59.93116119,16.6,20160830,False,O,P04,15.16,15.16,feldpausch_regional,0.18,default,1.0,16.78,15.27
DUC_A01,004b,Eriotheca globosa,Malvaceae,-2.939530619,-59.93110969,63.3,20160830,False,O,P04,32.71,32.71,feldpausch_regional,0.18,default,1.0,63.48,32.75
DUC_A01,005a,Eschweilera micrantha,Lecythidaceae,-2.93916962,-59.93116185,16.2,20160830,False,O,P04,14.91,14.91,feldpausch_regional,0.18,default,1.0,16.38,15.03
DUC_A01,005b,Inga alba,Fabaceae,-2.939602603,-59.93117178,44.3,20160830,False,O,P04,27.53,27.53,feldpausch_regional,0.18,default,1.0,44.48,27.59
DUC_A01,006a,Diospyros artanthifolia,Ebenaceae,-2.939179339,-59.93114884,11.0,20160830,False,O,P04,11.38,11.38,feldpausch_regional,0.18,default,1.0,11.18,11.51
DUC_A01,006b,Eschweilera coriacea,Lecythidaceae,-2.939538948,-59.93125128,57.3,20160830,False,O,P04,31.27,31.27,feldpausch_regional,0.18,default,1.0,57.48,31.31
DUC_A01,007a,Protium paniculatum,Burseraceae,-2.939180504,-59.93115086,10.6,20160830,False,O,P04,11.08,11.08,feldpausch_regional,0.18,default,1.0,10.78,11.21
DUC_A01,007b,Pouteria gongrijpii,Sapotaceae,-2.939480331,-59.93129199,54.3,20160830,False,O,P04,30.48,30.48,feldpausch_regional,0.18,default,1.0,54.48,30.53
DUC_A01,008a,Eschweilera ovata,Lecythidaceae,-2.939186787,-59.93115647,11.2,20160830,False,O,P04,11.53,11.53,feldpausch_regional,0.18,default,1.0,11.38,11.66
DUC_A01,008b,Micrandra minor,Euphorbiaceae,-2.93946681,-59.93130594,42.3,20160830,False,O,P04,26.87,26.87,feldpausch_regional,0.18,default,1.0,42.48,26.93
DUC_A01,009a,Trichilia micrantha,Meliaceae,-2.93918674,-59.9311599,17.2,20160830,False,O,P04,15.53,15.53,feldpausch_regional,0.18,default,1.0,17.38,15.64
DUC_A01,009b,Micrandra minor,Euphorbiaceae,-2.939324485,-59.93135174,47.3,20160830,False,O,P04,28.48,28.48,feldpausch_regional,0.18,default,1.0,47.48,28.53
DUC_A01,010a,,,-2.939167036,-59.93109374,10.6,20160830,False,O,P04,11.08,11.08,feldpausch_regional,0.18,default,1.0,10.78,11.21
DUC_A01,011a,Tetragastris panamensis,Burseraceae,-2.939214345,-59.93112137,19.0,20160830,False,O,P04,16.6,16.6,feldpausch_regional,0.18,default,1.0,19.18,16.7
DUC_A01,012a,,,-2.939238535,-59.93110137,73.9,20160830,False,O,P04,34.92,34.92,feldpausch_regional,0.18,default,1.0,74.08,34.95
DUC_A01,013a,Ormosia grossa,Fabaceae,-2.93923813,-59.93106049,30.1,20160830,False,O,P04,22.17,22.17,feldpausch_regional,0.18,default,1.0,30.28,22.25
DUC_A01,014a,Protium paniculatum,Burseraceae,-2.939258362,-59.93108243,12.9,20160830,False,O,P04,12.74,12.74,feldpausch_regional,0.18,default,1.0,13.08,12.87
DUC_A01,015a,Eriotheca globosa,Malvaceae,-2.93927123,-59.93107459,17.0,20160830,False,O,P04,15.41,15.41,feldpausch_regional,0.18,default,1.0,17.18,15.52
DUC_A01,016a,Guarea guidonia,Meliaceae,-2.939272797,-59.93107561,18.0,20160830,False,O,P04,16.01,16.01,feldpausch_regional,0.18,default,1.0,18.18,16.12
DUC_A01,017a,,,-2.939313947,-59.93109951,10.4,20160830,False,O,P04,10.93,10.93,feldpausch_regional,0.18,default,1.0,10.58,11.06
DUC_A01,018a,Pouteria gongrijpii,Sapotaceae,-2.939317909,-59.93109945,42.5,20160830,False,O,P04,26.93,26.93,feldpausch_regional,0.18,default,1.0,42.68,27.0
DUC_A01,019a,Neea oppositifolia,Nyctaginaceae,-2.939304058,-59.93102706,16.8,20160830,False,O,P04,15.29,15.29,feldpausch_regional,0.18,default,1.0,16.98,15.4
DUC_A01,020a,Pouteria gongrijpii,Sapotaceae,-2.939315426,-59.93103322,18.0,20160830,False,O,P04,16.01,16.01,feldpausch_regional,0.18,default,1.0,18.18,16.12
DUC_A01,021a,Protium paniculatum,Burseraceae,-2.939321297,-59.93103667,10.9,20160830,False,O,P04,11.3,11.3,feldpausch_regional,0.18,default,1.0,11.08,11.44
DUC_A01,022a,,,-2.939335222,-59.9310515,12.0,20160830,True,O,P04,12.11,12.11,feldpausch_regional,0.18,default,1.0,12.18,12.23
DUC_A01,023a,,,-2.939351751,-59.93105624,49.1,20160830,False,O,P04,29.02,29.02,feldpausch_regional,0.18,default,1.0,49.28,29.07
DUC_A01,024a,Pouteria gongrijpii,Sapotaceae,-2.939336972,-59.93102831,11.2,20160830,False,O,P04,11.53,11.53,feldpausch_regional,0.18,default,1.0,11.38,11.66
DUC_A01,025a,Brosimum rubescens,Moraceae,-2.939340138,-59.9310286,13.7,20160830,False,O,P04,13.29,13.29,feldpausch_regional,0.18,default,1.0,13.88,13.41
DUC_A01,026a,Tetragastris panamensis,Burseraceae,-2.939366775,-59.93104113,12.8,20160830,False,O,P04,12.67,12.67,feldpausch_regional,0.18,default,1.0,12.98,12.8
DUC_A01,027a,Couepia robusta,Chrysobalanaceae,-2.939369664,-59.93105234,41.6,20160830,False,O,P04,26.63,26.63,feldpausch_regional,0.18,default,1.0,41.78,26.69
DUC_A01,028a,,,-2.939389078,-59.93105138,13.8,20160830,False,O,P04,13.36,13.36,feldpausch_regional,0.18,default,1.0,13.98,13.48
DUC_A01,029a,Pouteria guianensis,Sapotaceae,-2.939397319,-59.93103854,20.7,20160830,False,O,P04,17.56,17.56,feldpausch_regional,0.18,default,1.0,20.88,17.66
DUC_A01,030a,Ocotea canaliculata,Lauraceae,-2.939405465,-59.93104467,34.4,20160830,False,O,P04,23.97,23.97,feldpausch_regional,0.18,default,1.0,34.58,24.04
DUC_A01,031a,Pouteria guianensis,Sapotaceae,-2.939416592,-59.93102773,22.0,20160830,False,O,P04,18.26,18.26,feldpausch_regional,0.18,default,1.0,22.18,18.36
DUC_A01,032a,Licania octandra,Chrysobalanaceae,-2.939397078,-59.93100333,12.6,20160830,False,O,P04,12.53,12.53,feldpausch_regional,0.18,default,1.0,12.78,12.66
DUC_A01,033a,Guatteria schomburgkiana,Annonaceae,-2.93942351,-59.93099259,14.0,20160830,False,O,P04,13.49,13.49,feldpausch_regional,0.18,default,1.0,14.18,13.61
DUC_A01,034a,Tetragastris panamensis,Burseraceae,-2.939439834,-59.93103053,19.7,20160830,False,O,P04,17.0,17.0,feldpausch_regional,0.18,default,1.0,19.88,17.1
DUC_A01,035a,Pouteria gongrijpii,Sapotaceae,-2.939473393,-59.93103052,11.9,20160830,False,O,P04,12.03,12.03,feldpausch_regional,0.18,default,1.0,12.08,12.16
DUC_A01,036a,Protium paniculatum,Burseraceae,-2.939476965,-59.9310298,25.2,20160830,False,O,P04,19.9,19.9,feldpausch_regional,0.18,default,1.0,25.38,19.99
DUC_A01,037a,,,-2.939444625,-59.93096138,10.1,20160830,False,O,P04,10.7,10.7,feldpausch_regional,0.18,default,1.0,10.28,10.84
DUC_A01,038a,Helicostylis tomentosa,Moraceae,-2.93946481,-59.9309739,10.1,20160830,False,O,P04,10.7,10.7,feldpausch_regional,0.18,default,1.0,10.28,10.84
DUC_A01,039a,Rinorea guianensis,Violaceae,-2.939468764,-59.93097387,10.0,20160830,False,O,P04,10.62,10.62,feldpausch_regional,0.18,default,1.0,10.18,10.76
DUC_A01,040a,Guatteria schomburgkiana,Annonaceae,-2.939485184,-59.93096701,11.7,20160830,False,O,P04,11.89,11.89,feldpausch_regional,0.18,default,1.0,11.88,12.02
DUC_A01,041a,Nectandra cuspidata,Lauraceae,-2.939487271,-59.93093905,10.5,20160830,False,O,P04,11.0,11.0,feldpausch_regional,0.18,default,1.0,10.68,11.14
DUC_A01,042a,Inga heterophylla,Fabaceae,-2.939488816,-59.93094018,10.2,20160830,False,O,P04,10.78,10.78,feldpausch_regional,0.18,default,1.0,10.38,10.91
DUC_A01,043a,Bowdichia nitida,Fabaceae,-2.939527108,-59.93103996,26.7,20160830,False,O,P04,20.62,20.62,feldpausch_regional,0.18,default,1.0,26.88,20.71
DUC_A01,044a,Pouteria gongrijpii,Sapotaceae,-2.939539574,-59.93105734,47.0,20160830,False,O,P04,28.38,28.38,feldpausch_regional,0.18,default,1.0,47.18,28.44
DUC_A01,045a,Tetragastris panamensis,Burseraceae,-2.939539148,-59.93105845,14.5,20160830,False,O,P04,13.82,13.82,feldpausch_regional,0.18,default,1.0,14.68,13.94
DUC_A01,046a,,,-2.939536111,-59.93108178,17.7,20160830,False,L,P04,15.83,15.83,feldpausch_regional,0.18,default,1.0,17.88,15.94
DUC_A01,047a,Ormosia grossa,Fabaceae,-2.939539619,-59.93109667,15.2,20160830,False,O,P04,14.28,14.28,feldpausch_regional,0.18,default,1.0,15.38,14.39
DUC_A01,048a,Tetragastris panamensis,Burseraceae,-2.93950325,-59.93108993,14.7,20160830,False,O,P04,13.95,13.95,feldpausch_regional,0.18,default,1.0,14.88,14.07
DUC_A01,049a,Trichilia micrantha,Meliaceae,-2.939468212,-59.93110543,28.7,20160830,False,O,P04,21.55,21.55,feldpausch_regional,0.18,default,1.0,28.88,21.63
DUC_A01,050a,Helicostylis tomentosa,Moraceae,-2.939429067,-59.93112811,10.5,20160830,False,O,P04,11.0,11.0,feldpausch_regional,0.18,default,1.0,10.68,11.14
DUC_A01,051a,Minquartia guianensis,Olacaceae,-2.939398442,-59.93115926,42.8,20160830,False,O,P04,27.04,27.04,feldpausch_regional,0.18,default,1.0,42.98,27.1
DUC_A01,052a,Pouteria gongrijpii,Sapotaceae,-2.939383239,-59.93123636,35.8,20160830,False,O,P04,24.52,24.52,feldpausch_regional,0.18,default,1.0,35.98,24.59
DUC_A01,053a,Abarema jupunba,Fabaceae,-2.939332335,-59.93114989,12.3,20160830,False,O,P04,12.32,12.32,feldpausch_regional,0.18,default,1.0,12.48,12.45
DUC_A01,054a,Helicostylis tomentosa,Moraceae,-2.939331953,-59.93114919,15.3,20160830,False,O,P04,14.34,14.34,feldpausch_regional,0.18,default,1.0,15.48,14.46
DUC_A01,055a,,,-2.93931158,-59.9311609,10.8,20160830,True,O,P04,11.23,11.23,feldpausch_regional,0.18,default,1.0,10.98,11.36
DUC_A01,056a,Eschweilera ovata,Lecythidaceae,-2.939304288,-59.93117108,31.9,20160830,False,O,P04,22.95,22.95,feldpausch_regional,0.18,default,1.0,32.08,23.02
DUC_A01,057a,Manilkara bidentata,Sapotaceae,-2.939281651,-59.93117683,13.1,20160830,False,O,P04,12.88,12.88,feldpausch_regional,0.18,default,1.0,13.28,13.0
DUC_A01,058a,Ormosia coccinea,Fabaceae,-2.939280442,-59.93117823,12.1,20160830,False,O,P04,12.18,12.18,feldpausch_regional,0.18,default,1.0,12.28,12.31
DUC_A01,059a,Lecythis lurida,Lecythidaceae,-2.939265048,-59.93117565,37.8,20160830,False,O,P04,25.28,25.28,feldpausch_regional,0.18,default,1.0,37.98,25.34
DUC_A01,060a,Eschweilera amazonica,Lecythidaceae,-2.939269393,-59.93117628,15.2,20160830,False,O,P04,14.28,14.28,feldpausch_regional,0.18,default,1.0,15.38,14.39
DUC_A01,061a,Qualea paraensis,Vochysiaceae,-2.939258542,-59.93118713,61.1,20160830,False,O,P04,32.2,32.2,feldpausch_regional,0.18,default,1.0,61.28,32.24
DUC_A01,062a,Pouteria guianensis,Sapotaceae,-2.939263277,-59.9312166,13.5,20160830,False,O,P04,13.15,13.15,feldpausch_regional,0.18,default,1.0,13.68,13.28
DUC_A01,063a,Virola mollissima,Myristicaceae,-2.939220986,-59.93121233,11.9,20160830,False,O,P04,12.03,12.03,feldpausch_regional,0.18,default,1.0,12.08,12.16
DUC_A01,064a,Ormosia grossa,Fabaceae,-2.939197165,-59.93121616,27.3,20160830,False,O,P04,20.91,20.91,feldpausch_regional,0.18,default,1.0,27.48,20.99
DUC_A01,065a,Eschweilera ovata,Lecythidaceae,-2.939206454,-59.93123726,43.0,20160830,False,O,P04,27.1,27.1,feldpausch_regional,0.18,default,1.0,43.18,27.16
DUC_A01,066a,,,-2.939172344,-59.93124056,33.0,20160830,True,O,P04,23.4,23.4,feldpausch_regional,0.18,default,1.0,33.18,23.48
DUC_A01,067a,Licania canescens,Chrysobalanaceae,-2.939161982,-59.9312468,11.8,20160830,False,O,P04,11.96,11.96,feldpausch_regional,0.18,default,1.0,11.98,12.09
DUC_A01,068a,Couepia racemosa,Chrysobalanaceae,-2.939147122,-59.93122011,14.6,20160830,False,O,P04,13.89,13.89,feldpausch_regional,0.18,default,1.0,14.78,14.01
DUC_A01,001a,Oenocarpus bataua,Arecaceae,-2.940929192,-59.93077114,20.5,20160830,False,P,P05,17.45,17.45,feldpausch_regional,0.18,default,1.0,20.68,17.54
DUC_A01,001b,,,-2.940931392,-59.93084829,68.0,20160830,False,O,P05,33.74,33.74,feldpausch_regional,0.18,default,1.0,68.18,33.78
DUC_A01,002a,Oenocarpus bataua,Arecaceae,-2.940968364,-59.9307849,14.9,20160830,False,P,P05,14.08,14.08,feldpausch_regional,0.18,default,1.0,15.08,14.2
DUC_A01,002b,Sacoglottis guianensis,Humiriaceae,-2.941004163,-59.93085272,36.5,20160830,False,O,P05,24.79,24.79,feldpausch_regional,0.18,default,1.0,36.68,24.86
DUC_A01,003a,,,-2.940928683,-59.93069953,19.3,20160830,True,O,P05,16.77,16.77,feldpausch_regional,0.18,default,1.0,19.48,16.87
DUC_A01,003b,Sacoglottis guianensis,Humiriaceae,-2.941111668,-59.93093371,42.7,20160830,False,O,P05,27.0,27.0,feldpausch_regional,0.18,default,1.0,42.88,27.06
DUC_A01,004a,Oenocarpus bataua,Arecaceae,-2.940997167,-59.93076509,17.0,20160830,False,P,P05,15.41,15.41,feldpausch_regional,0.18,default,1.0,17.18,15.52
DUC_A01,004b,Parkia multijuga,Fabaceae,-2.941090966,-59.93089124,40.1,20160830,False,O,P05,26.11,26.11,feldpausch_regional,0.18,default,1.0,40.28,26.17
DUC_A01,005a,Oenocarpus bataua,Arecaceae,-2.940959997,-59.9307013,17.5,20160830,False,P,P05,15.71,15.71,feldpausch_regional,0.18,default,1.0,17.68,15.82
DUC_A01,005b,,,-2.941107495,-59.93093532,41.0,20160830,True,O,P05,26.42,26.42,feldpausch_regional,0.18,default,1.0,41.18,26.48
DUC_A01,006a,Oenocarpus bataua,Arecaceae,-2.940984367,-59.9307298,17.6,20160830,False,P,P05,15.77,15.77,feldpausch_regional,0.18,default,1.0,17.78,15.88
DUC_A01,006b,Dipteryx odorata,Fabaceae,-2.941256595,-59.93092692,50.0,20160830,False,O,P05,29.28,29.28,feldpausch_regional,0.18,default,1.0,50.18,29.33
DUC_A01,007a,Oenocarpus bataua,Arecaceae,-2.941033575,-59.93076254,18.8,20160830,False,P,P05,16.48,16.48,feldpausch_regional,0.18,default,1.0,18.98,16.59
DUC_A01,007b,Pouteria sp.,Sapotaceae,-2.941193144,-59.93080399,60.0,20160830,False,O,P05,31.94,31.94,feldpausch_regional,0.18,default,1.0,60.18,31.98
DUC_A01,008a,Oenocarpus bataua,Arecaceae,-2.941008258,-59.93070228,22.2,20160830,False,P,P05,18.37,18.37,feldpausch_regional,0.18,default,1.0,22.38,18.46
DUC_A01,008b,Nectandra cuspidata,Lauraceae,-2.941261605,-59.93084653,38.0,20160830,False,O,P05,25.35,25.35,feldpausch_regional,0.18,default,1.0,38.18,25.42
DUC_A01,009a,Oenocarpus bataua,Arecaceae,-2.941022107,-59.93068122,19.0,20160830,False,P,P05,16.6,16.6,feldpausch_regional,0.18,default,1.0,19.18,16.7
DUC_A01,009b,,,-2.94127714,-59.93079246,100.0,20160830,True,O,P05,38.96,38.96,feldpausch_regional,0.18,default,1.0,100.18,38.99
DUC_A01,010a,,,-2.941104335,-59.930748,11.7,20160830,False,O,P05,11.89,11.89,feldpausch_regional,0.18,default,1.0,11.88,12.02
DUC_A01,011a,Brosimum rubescens,Moraceae,-2.941104016,-59.93071419,20.9,20160830,False,O,P05,17.67,17.67,feldpausch_regional,0.18,default,1.0,21.08,17.76
DUC_A01,012a,Oenocarpus bataua,Arecaceae,-2.941135075,-59.93075675,20.2,20160830,False,P,P05,17.28,17.28,feldpausch_regional,0.18,default,1.0,20.38,17.38
DUC_A01,013a,Eschweilera coriacea,Lecythidaceae,-2.941143714,-59.93071517,17.1,20160830,False,O,P05,15.47,15.47,feldpausch_regional,0.18,default,1.0,17.28,15.58
DUC_A01,014a,Cecropia palmata,Urticaceae,-2.941180019,-59.93074585,12.0,20160830,False,O,P05,12.11,12.11,feldpausch_regional,0.18,default,1.0,12.18,12.23
DUC_A01,015a,Cecropia palmata,Urticaceae,-2.941182282,-59.93074794,16.8,20160830,False,O,P05,15.29,15.29,feldpausch_regional,0.18,default,1.0,16.98,15.4
DUC_A01,016a,Cecropia engleriana,Urticaceae,-2.94118652,-59.93074837,18.9,20160830,False,O,P05,16.54,16.54,feldpausch_regional,0.18,default,1.0,19.08,16.64
DUC_A01,017a,Protium paniculatum,Burseraceae,-2.941160394,-59.93069898,12.7,20160830,False,O,P05,12.6,12.6,feldpausch_regional,0.18,default,1.0,12.88,12.73
DUC_A01,018a,,,-2.941195145,-59.93070429,18.6,20160830,True,O,P05,16.36,16.36,feldpausch_regional,0.18,default,1.0,18.78,16.47
DUC_A01,019a,,,-2.941101357,-59.93064798,14.1,20160830,False,O,P05,13.56,13.56,feldpausch_regional,0.18,default,1.0,14.28,13.68
DUC_A01,020a,Parkia sp.,Fabaceae,-2.941129238,-59.93063997,16.5,20160830,False,O,P05,15.1,15.1,feldpausch_regional,0.18,default,1.0,16.68,15.21
DUC_A01,021a,Inga sp.,Fabaceae,-2.941156177,-59.93064918,18.8,20160830,False,O,P05,16.48,16.48,feldpausch_regional,0.18,default,1.0,18.98,16.59
DUC_A01,022a,Virola mollissima,Myristicaceae,-2.941179636,-59.93066504,16.0,20160830,False,O,P05,14.79,14.79,feldpausch_regional,0.18,default,1.0,16.18,14.9
DUC_A01,023a,Euterpe oleracea,Arecaceae,-2.941163277,-59.93064028,13.0,20160830,False,P,P05,12.81,12.81,feldpausch_regional,0.18,default,1.0,13.18,12.93
DUC_A01,024a,Sacoglottis guianensis,Humiriaceae,-2.941163606,-59.93064393,11.8,20160830,False,O,P05,11.96,11.96,feldpausch_regional,0.18,default,1.0,11.98,12.09
DUC_A01,025a,Eschweilera ovata,Lecythidaceae,-2.941230015,-59.93070463,18.1,20160830,False,O,P05,16.07,16.07,feldpausch_regional,0.18,default,1.0,18.28,16.18
DUC_A01,026a,Eriotheca globosa,Malvaceae,-2.9412137,-59.9306631,13.7,20160830,False,O,P05,13.29,13.29,feldpausch_regional,0.18,default,1.0,13.88,13.41
DUC_A01,027a,,,-2.941173077,-59.93062493,63.0,20160830,True,O,P05,32.64,32.64,feldpausch_regional,0.18,default,1.0,63.18,32.68
DUC_A01,028a,Eschweilera coriacea,Lecythidaceae,-2.94125349,-59.93068526,15.8,20160830,False,O,P05,14.66,14.66,feldpausch_regional,0.18,default,1.0,15.98,14.78
DUC_A01,029a,Dipteryx odorata,Fabaceae,-2.941287234,-59.93070357,41.0,20160830,False,O,P05,26.42,26.42,feldpausch_regional,0.18,default,1.0,41.18,26.48
DUC_A01,030a,,,-2.941295737,-59.93069966,38.0,20160830,False,O,P05,25.35,25.35,feldpausch_regional,0.18,default,1.0,38.18,25.42
DUC_A01,031a,Guatteria schomburgkiana,Annonaceae,-2.941282156,-59.93067266,11.0,20160830,False,O,P05,11.38,11.38,feldpausch_regional,0.18,default,1.0,11.18,11.51
DUC_A01,032a,Eperua bijuga,Fabaceae,-2.941232196,-59.93063366,12.3,20160830,False,O,P05,12.32,12.32,feldpausch_regional,0.18,default,1.0,12.48,12.45
DUC_A01,033a,Eriotheca globosa,Malvaceae,-2.941249937,-59.93062322,27.0,20160830,False,O,P05,20.76,20.76,feldpausch_regional,0.18,default,1.0,27.18,20.85
DUC_A01,034a,Eperua bijuga,Fabaceae,-2.941277349,-59.93068829,14.3,20160830,False,O,P05,13.69,13.69,feldpausch_regional,0.18,default,1.0,14.48,13.81
DUC_A01,035a,Brosimum rubescens,Moraceae,-2.941241412,-59.93068189,23.0,20160830,False,O,P05,18.79,18.79,feldpausch_regional,0.18,default,1.0,23.18,18.88
DUC_A01,036a,Pouteria gongrijpii,Sapotaceae,-2.941282895,-59.93066312,14.0,20160830,False,O,P05,13.49,13.49,feldpausch_regional,0.18,default,1.0,14.18,13.61
DUC_A01,037a,Virola mollissima,Myristicaceae,-2.941278744,-59.93065525,10.6,20160830,False,O,P05,11.08,11.08,feldpausch_regional,0.18,default,1.0,10.78,11.21
DUC_A01,038a,Eperua bijuga,Fabaceae,-2.941219059,-59.93061477,21.2,20160830,False,O,P05,17.83,17.83,feldpausch_regional,0.18,default,1.0,21.38,17.93
DUC_A01,039a,Licania canescens,Chrysobalanaceae,-2.941159349,-59.93068125,13.3,20160830,False,O,P05,13.02,13.02,feldpausch_regional,0.18,default,1.0,13.48,13.14
DUC_A01,040a,Oenocarpus bataua,Arecaceae,-2.941125285,-59.93066685,22.0,20160830,False,P,P05,18.26,18.26,feldpausch_regional,0.18,default,1.0,22.18,18.36
DUC_A01,041a,Euterpe oleracea,Arecaceae,-2.941065,-59.93066927,10.6,20160830,False,P,P05,11.08,11.08,feldpausch_regional,0.18,default,1.0,10.78,11.21
DUC_A01,042a,Oenocarpus bataua,Arecaceae,-2.941066737,-59.93071023,24.6,20160830,False,P,P05,19.6,19.6,feldpausch_regional,0.18,default,1.0,24.78,19.69
DUC_A01,043a,Oenocarpus bataua,Arecaceae,-2.941029367,-59.93067887,19.0,20160830,False,P,P05,16.6,16.6,feldpausch_regional,0.18,default,1.0,19.18,16.7
DUC_A01,044a,Sacoglottis guianensis,Humiriaceae,-2.941035948,-59.93072735,16.4,20160830,False,O,P05,15.04,15.04,feldpausch_regional,0.18,default,1.0,16.58,15.15
DUC_A01,045a,,,-2.941021786,-59.9307262,16.5,20160830,True,O,P05,15.1,15.1,feldpausch_regional,0.18,default,1.0,16.68,15.21
DUC_A01,046a,Virola mollissima,Myristicaceae,-2.941020533,-59.93076701,14.5,20160830,False,O,P05,13.82,13.82,feldpausch_regional,0.18,default,1.0,14.68,13.94
DUC_A01,047a,Euterpe oleracea,Arecaceae,-2.940988255,-59.93069902,14.0,20160830,False,P,P05,13.49,13.49,feldpausch_regional,0.18,default,1.0,14.18,13.61
DUC_A01,048a,Brosimum rubescens,Moraceae,-2.940998727,-59.93073488,14.9,20160830,False,O,P05,14.08,14.08,feldpausch_regional,0.18,default,1.0,15.08,14.2
DUC_A01,049a,Helicostylis tomentosa,Moraceae,-2.940967089,-59.93074545,26.9,20160830,False,O,P05,20.72,20.72,feldpausch_regional,0.18,default,1.0,27.08,20.8
DUC_A01,050a,Licania octandra,Chrysobalanaceae,-2.940944885,-59.93076285,24.1,20160830,False,O,P05,19.35,19.35,feldpausch_regional,0.18,default,1.0,24.28,19.44
DUC_A01,051a,Oenocarpus bataua,Arecaceae,-2.940943292,-59.93070373,18.5,20160830,False,P,P05,16.31,16.31,feldpausch_regional,0.18,default,1.0,18.68,16.41
DUC_A01,001a,Helicostylis tomentosa,Moraceae,-2.949510783,-59.93859267,26.8,20160828,False,O,P07,20.67,20.67,feldpausch_regional,0.18,default,1.0,26.98,20.76
DUC_A01,001b,Clarisia racemosa,Moraceae,-2.949661127,-59.93870573,36.3,20160828,False,O,P07,24.71,24.71,feldpausch_regional,0.18,default,1.0,36.48,24.78
DUC_A01,002a,Licania guianensis,Chrysobalanaceae,-2.949541715,-59.93860723,14.9,20160828,False,O,P07,14.08,14.08,feldpausch_regional,0.18,default,1.0,15.08,14.2
DUC_A01,002b,,,-2.949734254,-59.93879829,38.8,20160828,False,O,P07,25.64,25.64,feldpausch_regional,0.18,default,1.0,38.98,25.71
DUC_A01,003a,Maquira coriacea,Moraceae,-2.949552859,-59.93865065,40.0,20160828,False,O,P07,26.07,26.07,feldpausch_regional,0.18,default,1.0,40.18,26.14
DUC_A01,003b,Minquartia guianensis,Olacaceae,-2.949742692,-59.93868545,40.0,20160828,False,O,P07,26.07,26.07,feldpausch_regional,0.18,default,1.0,40.18,26.14
DUC_A01,004a,Oenocarpus bacaba,Arecaceae,-2.949563375,-59.93864652,13.9,20160828,False,P,P07,13.42,13.42,feldpausch_regional,0.18,default,1.0,14.08,13.54
DUC_A01,004b,,,-2.949825939,-59.93867491,62.8,20160828,False,O,P07,32.6,32.6,feldpausch_regional,0.18,default,1.0,62.98,32.64
DUC_A01,005a,Helicostylis tomentosa,Moraceae,-2.949554341,-59.93859825,23.5,20160828,False,O,P07,19.05,19.05,feldpausch_regional,0.18,default,1.0,23.68,19.14
DUC_A01,005b,,,-2.949865429,-59.93862352,41.5,20160828,True,O,P07,26.59,26.59,feldpausch_regional,0.18,default,1.0,41.68,26.66
DUC_A01,006a,Eschweilera ovata,Lecythidaceae,-2.949556818,-59.93859562,16.6,20160828,False,O,P07,15.16,15.16,feldpausch_regional,0.18,default,1.0,16.78,15.27
DUC_A01,006b,Helicostylis tomentosa,Moraceae,-2.949952535,-59.93868953,53.5,20160828,False,O,P07,30.27,30.27,feldpausch_regional,0.18,default,1.0,53.68,30.32
DUC_A01,007a,Micrandra minor,Euphorbiaceae,-2.94957713,-59.93858135,13.2,20160828,False,O,P07,12.95,12.95,feldpausch_regional,0.18,default,1.0,13.38,13.07
DUC_A01,007b,Pouteria gongrijpii,Sapotaceae,-2.949963165,-59.93867407,52.0,20160828,False,O,P07,29.85,29.85,feldpausch_regional,0.18,default,1.0,52.18,29.9
DUC_A01,008a,,,-2.949592866,-59.93856053,12.2,20160828,True,O,P07,12.25,12.25,feldpausch_regional,0.18,default,1.0,12.38,12.38
DUC_A01,008b,Zygia racemosa,Fabaceae,-2.949943326,-59.93861421,43.5,20160828,False,O,P07,27.27,27.27,feldpausch_regional,0.18,default,1.0,43.68,27.33
DUC_A01,009a,Chrysophyllum sanguinolentum,Sapotaceae,-2.94962149,-59.93856923,23.3,20160828,False,O,P07,18.94,18.94,feldpausch_regional,0.18,default,1.0,23.48,19.03
DUC_A01,009b,Qualea paraensis,Vochysiaceae,-2.949959927,-59.93858382,48.5,20160828,False,O,P07,28.84,28.84,feldpausch_regional,0.18,default,1.0,48.68,28.89
DUC_A01,010a,Lecythis lurida,Lecythidaceae,-2.949630034,-59.93856195,13.3,20160828,False,O,P07,13.02,13.02,feldpausch_regional,0.18,default,1.0,13.48,13.14
DUC_A01,010b,Inga alba,Fabaceae,-2.950055323,-59.93873943,45.8,20160828,False,O,P07,28.01,28.01,feldpausch_regional,0.18,default,1.0,45.98,28.07
DUC_A01,011a,Swartzia laevicarpa,Fabaceae,-2.949621158,-59.93859185,13.4,20160828,False,O,P07,13.08,13.08,feldpausch_regional,0.18,default,1.0,13.58,13.21
DUC_A01,011b,Eschweilera ovata,Lecythidaceae,-2.95001856,-59.93876849,35.0,20160828,False,O,P07,24.21,24.21,feldpausch_regional,0.18,default,1.0,35.18,24.28
DUC_A01,012a,Licania guianensis,Chrysobalanaceae,-2.949644617,-59.9385921,23.3,20160828,False,O,P07,18.94,18.94,feldpausch_regional,0.18,default,1.0,23.48,19.03
DUC_A01,012b,Caryocar glabrum,Caryocaraceae,-2.949868542,-59.93877772,91.5,20160828,False,O,P07,37.83,37.83,feldpausch_regional,0.18,default,1.0,91.68,37.85
DUC_A01,013a,Qualea paraensis,Vochysiaceae,-2.949623796,-59.93861859,41.2,20160828,False,O,P07,26.49,26.49,feldpausch_regional,0.18,default,1.0,41.38,26.55
DUC_A01,013b,Eschweilera coriacea,Lecythidaceae,-2.949844547,-59.93882836,35.4,20160828,False,O,P07,24.36,24.36,feldpausch_regional,0.18,default,1.0,35.58,24.43
DUC_A01,014a,Aspidosperma excelsum,Apocynaceae,-2.949650473,-59.93860817,59.0,20160828,False,O,P07,31.69,31.69,feldpausch_regional,0.18,default,1.0,59.18,31.74
DUC_A01,014b,Geissospermum sericeum,Apocynaceae,-2.9498014,-59.93878895,41.8,20160828,False,O,P07,26.7,26.7,feldpausch_regional,0.18,default,1.0,41.98,26.76
DUC_A01,015a,Helicostylis tomentosa,Moraceae,-2.94965333,-59.93860622,30.0,20160828,False,O,P07,22.13,22.13,feldpausch_regional,0.18,default,1.0,30.18,22.21
DUC_A01,015b,Eschweilera coriacea,Lecythidaceae,-2.949771469,-59.93882377,42.0,20160828,False,O,P07,26.77,26.77,feldpausch_regional,0.18,default,1.0,42.18,26.83
DUC_A01,016a,Inga alba,Fabaceae,-2.949686892,-59.93860631,39.7,20160828,False,O,P07,25.97,25.97,feldpausch_regional,0.18,default,1.0,39.88,26.03
DUC_A01,016b,,,-2.949761805,-59.93890423,36.2,20160828,True,O,P07,24.67,24.67,feldpausch_regional,0.18,default,1.0,36.38,24.74
DUC_A01,017a,Virola sebifera,Myristicaceae,-2.94971281,-59.93859605,12.3,20160828,False,O,P07,12.32,12.32,feldpausch_regional,0.18,default,1.0,12.48,12.45
DUC_A01,018a,Lecythis idatimon,Lecythidaceae,-2.94971443,-59.93859541,18.2,20160828,False,O,P07,16.13,16.13,feldpausch_regional,0.18,default,1.0,18.38,16.24
DUC_A01,019a,Terminalia amazonia,Combretaceae,-2.949704839,-59.9385788,31.8,20160828,False,O,P07,22.9,22.9,feldpausch_regional,0.18,default,1.0,31.98,22.98
DUC_A01,020a,Manilkara huberi,Sapotaceae,-2.949680033,-59.93852915,26.5,20160828,False,O,P07,20.53,20.53,feldpausch_regional,0.18,default,1.0,26.68,20.61
DUC_A01,021a,Protium paniculatum,Burseraceae,-2.949696714,-59.93852951,20.4,20160828,False,O,P07,17.39,17.39,feldpausch_regional,0.18,default,1.0,20.58,17.49
DUC_A01,022a,Pouteria reticulata,Sapotaceae,-2.949708414,-59.93854278,11.1,20160828,False,O,P07,11.45,11.45,feldpausch_regional,0.18,default,1.0,11.28,11.58
DUC_A01,023a,Helicostylis tomentosa,Moraceae,-2.949709217,-59.93854248,15.5,20160828,False,O,P07,14.47,14.47,feldpausch_regional,0.18,default,1.0,15.68,14.59
DUC_A01,024a,Pouteria gongrijpii,Sapotaceae,-2.949717406,-59.93852991,38.7,20160828,False,O,P07,25.61,25.61,feldpausch_regional,0.18,default,1.0,38.88,25.67
DUC_A01,025a,Micrandra minor,Euphorbiaceae,-2.94975018,-59.93852571,61.7,20160828,False,O,P07,32.34,32.34,feldpausch_regional,0.18,default,1.0,61.88,32.38
DUC_A01,026a,Swartzia laevicarpa,Fabaceae,-2.949747773,-59.9385266,12.2,20160828,False,O,P07,12.25,12.25,feldpausch_regional,0.18,default,1.0,12.38,12.38
DUC_A01,027a,,,-2.949764099,-59.93853226,24.8,20160828,False,O,P07,19.7,19.7,feldpausch_regional,0.18,default,1.0,24.98,19.79
DUC_A01,028a,Sloanea guianensis,Elaeocarpaceae,-2.949761558,-59.93850597,28.0,20160828,False,O,P07,21.23,21.23,feldpausch_regional,0.18,default,1.0,28.18,21.31
DUC_A01,029a,Minquartia guianensis,Olacaceae,-2.949809551,-59.93851135,17.4,20160828,False,O,P07,15.65,15.65,feldpausch_regional,0.18,default,1.0,17.58,15.76
DUC_A01,030a,Licania octandra,Chrysobalanaceae,-2.949829501,-59.93854211,18.9,20160828,False,O,P07,16.54,16.54,feldpausch_regional,0.18,default,1.0,19.08,16.64
DUC_A01,031a,Euterpe oleracea,Arecaceae,-2.949830847,-59.93850717,13.2,20160828,False,P,P07,12.95,12.95,feldpausch_regional,0.18,default,1.0,13.38,13.07
DUC_A01,032a,Pouteria gongrijpii,Sapotaceae,-2.949844926,-59.93850716,11.5,20160828,False,O,P07,11.75,11.75,feldpausch_regional,0.18,default,1.0,11.68,11.88
DUC_A01,033a,Helicostylis tomentosa,Moraceae,-2.949861444,-59.93853339,15.9,20160828,False,O,P07,14.73,14.73,feldpausch_regional,0.18,default,1.0,16.08,14.84
DUC_A01,034a,Inga thibaudiana,Fabaceae,-2.949887687,-59.93850582,15.4,20160828,False,O,P07,14.41,14.41,feldpausch_regional,0.18,default,1.0,15.58,14.52
DUC_A01,035a,Eschweilera coriacea,Lecythidaceae,-2.949860888,-59.9384773,13.2,20160828,False,O,P07,12.95,12.95,feldpausch_regional,0.18,default,1.0,13.38,13.07
DUC_A01,036a,Pterocarpus sp.,Fabaceae,-2.949862108,-59.93847907,25.4,20160828,False,O,P07,20.0,20.0,feldpausch_regional,0.18,default,1.0,25.58,20.08
DUC_A01,037a,,,-2.949870054,-59.93846879,21.2,20160828,False,O,P07,17.83,17.83,feldpausch_regional,0.18,default,1.0,21.38,17.93
DUC_A01,038a,,,-2.949888041,-59.93846006,41.4,20160828,True,O,P07,26.56,26.56,feldpausch_regional,0.18,default,1.0,41.58,26.62
DUC_A01,039a,Eschweilera coriacea,Lecythidaceae,-2.949921277,-59.93850242,12.1,20160828,False,O,P07,12.18,12.18,feldpausch_regional,0.18,default,1.0,12.28,12.31
DUC_A01,040a,Protium paniculatum,Burseraceae,-2.949913656,-59.93851355,10.1,20160828,False,O,P07,10.7,10.7,feldpausch_regional,0.18,default,1.0,10.28,10.84
DUC_A01,041a,Aniba parviflora,Lauraceae,-2.949914093,-59.93851858,19.1,20160828,False,O,P07,16.65,16.65,feldpausch_regional,0.18,default,1.0,19.28,16.76
DUC_A01,042a,Oenocarpus bacaba,Arecaceae,-2.949979154,-59.93854919,17.2,20160828,False,P,P07,15.53,15.53,feldpausch_regional,0.18,default,1.0,17.38,15.64
DUC_A01,043a,Eschweilera ovata,Lecythidaceae,-2.949975497,-59.93855596,16.5,20160828,False,O,P07,15.1,15.1,feldpausch_regional,0.18,default,1.0,16.68,15.21
DUC_A01,044a,,,-2.949952154,-59.9385682,94.5,20160828,True,O,P07,38.24,38.24,feldpausch_regional,0.18,default,1.0,94.68,38.27
DUC_A01,045a,Couratari stellata,Lecythidaceae,-2.949939818,-59.93853579,15.7,20160828,False,O,P07,14.6,14.6,feldpausch_regional,0.18,default,1.0,15.88,14.71
DUC_A01,046a,Geissospermum sericeum,Apocynaceae,-2.94993699,-59.93857698,20.8,20160828,False,O,P07,17.61,17.61,feldpausch_regional,0.18,default,1.0,20.98,17.71
DUC_A01,047a,Pouteria sp.,Sapotaceae,-2.94991783,-59.93855996,25.8,20160828,False,O,P07,20.19,20.19,feldpausch_regional,0.18,default,1.0,25.98,20.28
DUC_A01,048a,Oenocarpus bacaba,Arecaceae,-2.9499124,-59.93858754,13.8,20160828,False,P,P07,13.36,13.36,feldpausch_regional,0.18,default,1.0,13.98,13.48
DUC_A01,049a,Protium paniculatum,Burseraceae,-2.949869674,-59.93858007,12.0,20160828,False,O,P07,12.11,12.11,feldpausch_regional,0.18,default,1.0,12.18,12.23
DUC_A01,050a,Oenocarpus bacaba,Arecaceae,-2.949835498,-59.93854979,11.9,20160828,False,P,P07,12.03,12.03,feldpausch_regional,0.18,default,1.0,12.08,12.16
DUC_A01,051a,,,-2.949846274,-59.93856639,21.9,20160828,False,O,P07,18.21,18.21,feldpausch_regional,0.18,default,1.0,22.08,18.3
DUC_A01,052a,Sacoglottis guianensis,Humiriaceae,-2.949850265,-59.93857254,32.9,20160828,False,O,P07,23.36,23.36,feldpausch_regional,0.18,default,1.0,33.08,23.44
DUC_A01,053a,Pouteria gongrijpii,Sapotaceae,-2.949841922,-59.93859165,12.5,20160828,False,O,P07,12.46,12.46,feldpausch_regional,0.18,default,1.0,12.68,12.59
DUC_A01,054a,Duguetia surinamensis,Annonaceae,-2.949808059,-59.93858193,15.9,20160828,False,O,P07,14.73,14.73,feldpausch_regional,0.18,default,1.0,16.08,14.84
DUC_A01,055a,Eschweilera coriacea,Lecythidaceae,-2.94977669,-59.93874353,18.0,20160828,False,O,P07,16.01,16.01,feldpausch_regional,0.18,default,1.0,18.18,16.12
DUC_A01,056a,Nectandra cuspidata,Lauraceae,-2.949750422,-59.93858357,14.2,20160828,False,O,P07,13.62,13.62,feldpausch_regional,0.18,default,1.0,14.38,13.74
DUC_A01,057a,Sloanea guianensis,Elaeocarpaceae,-2.949747242,-59.93863118,15.6,20160828,False,O,P07,14.54,14.54,feldpausch_regional,0.18,default,1.0,15.78,14.65
DUC_A01,058a,Pouteria gongrijpii,Sapotaceae,-2.94968566,-59.93868741,49.5,20160828,False,O,P07,29.14,29.14,feldpausch_regional,0.18,default,1.0,49.68,29.19
DUC_A01,059a,Eschweilera ovata,Lecythidaceae,-2.94965454,-59.93866135,11.4,20160828,False,O,P07,11.67,11.67,feldpausch_regional,0.18,default,1.0,11.58,11.8
DUC_A01,060a,Oenocarpus bacaba,Arecaceae,-2.949652434,-59.93865372,11.0,20160828,False,P,P07,11.38,11.38,feldpausch_regional,0.18,default,1.0,11.18,11.51
DUC_A01,061a,Strychnos subcordata,Loganiaceae,-2.949635928,-59.93871142,37.7,20160828,False,O,P07,25.24,25.24,feldpausch_regional,0.18,default,1.0,37.88,25.3
DUC_A01,062a,Licania canescens,Chrysobalanaceae,-2.949605758,-59.93872091,27.1,20160828,False,O,P07,20.81,20.81,feldpausch_regional,0.18,default,1.0,27.28,20.9
DUC_A01,063a,Eschweilera ovata,Lecythidaceae,-2.949600281,-59.93871006,12.3,20160828,False,O,P07,12.32,12.32,feldpausch_regional,0.18,default,1.0,12.48,12.45
DUC_A01,064a,Licania octandra,Chrysobalanaceae,-2.94959882,-59.93870716,21.0,20160828,False,O,P07,17.72,17.72,feldpausch_regional,0.18,default,1.0,21.18,17.82
DUC_A01,065a,Helicostylis tomentosa,Moraceae,-2.949598455,-59.93870644,36.2,20160828,False,O,P07,24.67,24.67,feldpausch_regional,0.18,default,1.0,36.38,24.74
DUC_A01,001a,Eschweilera ovata,Lecythidaceae,-2.951246332,-59.94863528,11.5,20160831,False,O,P08,11.75,11.75,feldpausch_regional,0.18,default,1.0,11.68,11.88
DUC_A01,001b,,,-2.951401523,-59.94879303,45.0,20160831,True,O,P08,27.76,27.76,feldpausch_regional,0.18,default,1.0,45.18,27.81
DUC_A01,002a,,,-2.95124518,-59.94870224,31.1,20160831,False,O,P08,22.61,22.61,feldpausch_regional,0.18,default,1.0,31.28,22.68
DUC_A01,002b,,,-2.951432457,-59.94880315,43.0,20160831,True,O,P08,27.1,27.1,feldpausch_regional,0.18,default,1.0,43.18,27.16
DUC_A01,003a,Licania octandra,Chrysobalanaceae,-2.951281033,-59.94869117,18.0,20160831,False,O,P08,16.01,16.01,feldpausch_regional,0.18,default,1.0,18.18,16.12
DUC_A01,003b,Manilkara bidentata,Sapotaceae,-2.951482583,-59.94882736,40.7,20160831,False,O,P08,26.32,26.32,feldpausch_regional,0.18,default,1.0,40.88,26.38
DUC_A01,004a,Sextonia rubra,Lauraceae,-2.951302679,-59.9486521,50.2,20160831,False,O,P08,29.34,29.34,feldpausch_regional,0.18,default,1.0,50.38,29.39
DUC_A01,004b,Pouteria oppositifolia,Sapotaceae,-2.951531725,-59.94885193,55.4,20160831,False,O,P08,30.77,30.77,feldpausch_regional,0.18,default,1.0,55.58,30.82
DUC_A01,005a,Mouriri collocarpa,Melastomataceae,-2.951311294,-59.94864919,46.9,20160831,False,O,P08,28.35,28.35,feldpausch_regional,0.18,default,1.0,47.08,28.41
DUC_A01,005b,Eschweilera ovata,Lecythidaceae,-2.95152442,-59.94875694,35.5,20160831,False,O,P08,24.4,24.4,feldpausch_regional,0.18,default,1.0,35.68,24.47
DUC_A01,006a,Iryanthera paraensis,Myristicaceae,-2.951314774,-59.94865826,13.6,20160831,False,O,P08,13.22,13.22,feldpausch_regional,0.18,default,1.0,13.78,13.34
DUC_A01,006b,Licania octandra,Chrysobalanaceae,-2.951582482,-59.9487734,43.4,20160831,False,O,P08,27.23,27.23,feldpausch_regional,0.18,default,1.0,43.58,27.29
DUC_A01,007a,Licania guianensis,Chrysobalanaceae,-2.95131894,-59.94864148,18.0,20160831,False,O,P08,16.01,16.01,feldpausch_regional,0.18,default,1.0,18.18,16.12
DUC_A01,007b,Licania canescens,Chrysobalanaceae,-2.951618727,-59.9488639,73.5,20160831,False,O,P08,34.84,34.84,feldpausch_regional,0.18,default,1.0,73.68,34.88
DUC_A01,008a,Iryanthera paraensis,Myristicaceae,-2.95132723,-59.94864688,10.8,20160831,False,O,P08,11.23,11.23,feldpausch_regional,0.18,default,1.0,10.98,11.36
DUC_A01,008b,Sextonia rubra,Lauraceae,-2.951741074,-59.9488847,98.8,20160831,False,O,P08,38.81,38.81,feldpausch_regional,0.18,default,1.0,98.98,38.83
DUC_A01,009a,Pouteria gongrijpii,Sapotaceae,-2.951307808,-59.94859911,23.1,20160831,False,O,P08,18.84,18.84,feldpausch_regional,0.18,default,1.0,23.28,18.93
DUC_A01,009b,Rollinia exsucca,Annonaceae,-2.951699695,-59.94885742,37.4,20160831,False,O,P08,25.13,25.13,feldpausch_regional,0.18,default,1.0,37.58,25.19
DUC_A01,010a,Pouteria gongrijpii,Sapotaceae,-2.951328503,-59.94859826,14.2,20160831,False,O,P08,13.62,13.62,feldpausch_regional,0.18,default,1.0,14.38,13.74
DUC_A01,010b,,,-2.951521829,-59.94890649,55.0,20160831,True,O,P08,30.67,30.67,feldpausch_regional,0.18,default,1.0,55.18,30.72
DUC_A01,011a,Diospyros artanthifolia,Ebenaceae,-2.951334366,-59.94857986,11.6,20160831,False,O,P08,11.82,11.82,feldpausch_regional,0.18,default,1.0,11.78,11.95
DUC_A01,011b,Enterolobium schomburgkii,Fabaceae,-2.951422912,-59.94901111,58.3,20160831,False,O,P08,31.52,31.52,feldpausch_regional,0.18,default,1.0,58.48,31.56
DUC_A01,012a,Guatteria schomburgkiana,Annonaceae,-2.951373724,-59.94863631,18.0,20160831,False,O,P08,16.01,16.01,feldpausch_regional,0.18,default,1.0,18.18,16.12
DUC_A01,013a,Eschweilera ovata,Lecythidaceae,-2.951370174,-59.94857082,18.1,20160831,False,O,P08,16.07,16.07,feldpausch_regional,0.18,default,1.0,18.28,16.18
DUC_A01,014a,Oenocarpus bacaba,Arecaceae,-2.95140368,-59.94856667,12.1,20160831,False,P,P08,12.18,12.18,feldpausch_regional,0.18,default,1.0,12.28,12.31
DUC_A01,015a,Licania guianensis,Chrysobalanaceae,-2.951406136,-59.94854735,19.3,20160831,False,O,P08,16.77,16.77,feldpausch_regional,0.18,default,1.0,19.48,16.87
DUC_A01,016a,Brosimum rubescens,Moraceae,-2.951423791,-59.94855781,22.4,20160831,False,O,P08,18.47,18.47,feldpausch_regional,0.18,default,1.0,22.58,18.57
DUC_A01,017a,Annona sp.,Annonaceae,-2.95142957,-59.94856099,11.4,20160831,False,O,P08,11.67,11.67,feldpausch_regional,0.18,default,1.0,11.58,11.8
DUC_A01,018a,Nectandra cuspidata,Lauraceae,-2.951428421,-59.94855829,10.2,20160831,False,O,P08,10.78,10.78,feldpausch_regional,0.18,default,1.0,10.38,10.91
DUC_A01,019a,Zygia racemosa,Fabaceae,-2.951443028,-59.94858417,23.1,20160831,False,O,P08,18.84,18.84,feldpausch_regional,0.18,default,1.0,23.28,18.93
DUC_A01,020a,Tetragastris panamensis,Burseraceae,-2.951448018,-59.94859583,18.2,20160831,False,O,P08,16.13,16.13,feldpausch_regional,0.18,default,1.0,18.38,16.24
DUC_A01,021a,Pouteria gongrijpii,Sapotaceae,-2.95151273,-59.94861199,27.3,20160831,False,O,P08,20.91,20.91,feldpausch_regional,0.18,default,1.0,27.48,20.99
DUC_A01,022a,Pouteria sp.,Sapotaceae,-2.951504675,-59.94857361,13.0,20160831,False,O,P08,12.81,12.81,feldpausch_regional,0.18,default,1.0,13.18,12.93
DUC_A01,023a,Licania guianensis,Chrysobalanaceae,-2.951489367,-59.94852739,17.1,20160831,False,O,P08,15.47,15.47,feldpausch_regional,0.18,default,1.0,17.28,15.58
DUC_A01,024a,Chrysophyllum sanguinolentum,Sapotaceae,-2.951507283,-59.94853161,20.9,20160831,False,O,P08,17.67,17.67,feldpausch_regional,0.18,default,1.0,21.08,17.76
DUC_A01,025a,Sloanea guianensis,Elaeocarpaceae,-2.951516779,-59.94854073,46.0,20160831,False,O,P08,28.07,28.07,feldpausch_regional,0.18,default,1.0,46.18,28.13
DUC_A01,026a,Tetragastris panamensis,Burseraceae,-2.951527385,-59.9485248,35.8,20160831,False,O,P08,24.52,24.52,feldpausch_regional,0.18,default,1.0,35.98,24.59
DUC_A01,027a,Pouteria sp.,Sapotaceae,-2.951526383,-59.94851486,14.8,20160831,False,O,P08,14.02,14.02,feldpausch_regional,0.18,default,1.0,14.98,14.14
DUC_A01,028a,Licania octandra,Chrysobalanaceae,-2.951535923,-59.94856305,18.4,20160831,False,O,P08,16.25,16.25,feldpausch_regional,0.18,default,1.0,18.58,16.35
DUC_A01,029a,Tetragastris panamensis,Burseraceae,-2.951541557,-59.94857143,25.7,20160831,False,O,P08,20.14,20.14,feldpausch_regional,0.18,default,1.0,25.88,20.23
DUC_A01,030a,Nectandra cuspidata,Lauraceae,-2.951542371,-59.94857321,11.3,20160831,False,O,P08,11.6,11.6,feldpausch_regional,0.18,default,1.0,11.48,11.73
DUC_A01,031a,,,-2.951547635,-59.94858274,12.0,20160831,False,O,P08,12.11,12.11,feldpausch_regional,0.18,default,1.0,12.18,12.23
DUC_A01,032a,Lecythis lurida,Lecythidaceae,-2.951633932,-59.94856082,22.7,20160831,False,O,P08,18.63,18.63,feldpausch_regional,0.18,default,1.0,22.88,18.72
DUC_A01,033a,Pouteria gongrijpii,Sapotaceae,-2.951771906,-59.9488847,11.1,20160831,False,O,P08,11.45,11.45,feldpausch_regional,0.18,default,1.0,11.28,11.58
DUC_A01,034a,Neea oppositifolia,Nyctaginaceae,-2.951613455,-59.94863973,24.0,20160831,False,O,P08,19.3,19.3,feldpausch_regional,0.18,default,1.0,24.18,19.39
DUC_A01,035a,Eschweilera coriacea,Lecythidaceae,-2.95161508,-59.94867516,14.5,20160831,False,O,P08,13.82,13.82,feldpausch_regional,0.18,default,1.0,14.68,13.94
DUC_A01,036a,,,-2.951556259,-59.94860759,41.0,20160831,False,O,P08,26.42,26.42,feldpausch_regional,0.18,default,1.0,41.18,26.48
DUC_A01,037a,Brosimum rubescens,Moraceae,-2.951530166,-59.94865748,24.2,20160831,False,O,P08,19.4,19.4,feldpausch_regional,0.18,default,1.0,24.38,19.49
DUC_A01,038a,,,-2.951538022,-59.94868565,24.6,20160831,True,O,P08,19.6,19.6,feldpausch_regional,0.18,default,1.0,24.78,19.69
DUC_A01,039a,Protium paniculatum,Burseraceae,-2.95151433,-59.94868848,26.5,20160831,False,O,P08,20.53,20.53,feldpausch_regional,0.18,default,1.0,26.68,20.61
DUC_A01,040a,Protium paniculatum,Burseraceae,-2.951451049,-59.94871489,13.8,20160831,False,O,P08,13.36,13.36,feldpausch_regional,0.18,default,1.0,13.98,13.48
DUC_A01,041a,Pourouma minor,Urticaceae,-2.951438542,-59.94863702,17.8,20160831,False,O,P08,15.89,15.89,feldpausch_regional,0.18,default,1.0,17.98,16.0
DUC_A01,042a,Myrcia splendens,Myrtaceae,-2.951428162,-59.94864667,10.8,20160831,False,O,P08,11.23,11.23,feldpausch_regional,0.18,default,1.0,10.98,11.36
DUC_A01,043a,Theobroma glaucum,Malvaceae,-2.951425473,-59.94866195,11.9,20160831,False,O,P08,12.03,12.03,feldpausch_regional,0.18,default,1.0,12.08,12.16
DUC_A01,044a,Neea oppositifolia,Nyctaginaceae,-2.951437359,-59.94871949,15.6,20160831,False,O,P08,14.54,14.54,feldpausch_regional,0.18,default,1.0,15.78,14.65
DUC_A01,045a,,,-2.951420003,-59.94871507,36.1,20160831,True,O,P08,24.63,24.63,feldpausch_regional,0.18,default,1.0,36.28,24.7
DUC_A01,046a,Pouteria gongrijpii,Sapotaceae,-2.951396687,-59.94870241,13.3,20160831,False,O,P08,13.02,13.02,feldpausch_regional,0.18,default,1.0,13.48,13.14
DUC_A01,047a,Maquira coriacea,Moraceae,-2.951421448,-59.94874125,10.2,20160831,False,O,P08,10.78,10.78,feldpausch_regional,0.18,default,1.0,10.38,10.91
DUC_A01,048a,,,-2.951376273,-59.94871953,32.7,20160831,True,O,P08,23.28,23.28,feldpausch_regional,0.18,default,1.0,32.88,23.35
DUC_A01,049a,Aspidosperma excelsum,Apocynaceae,-2.951362398,-59.94875392,11.4,20160831,False,O,P08,11.67,11.67,feldpausch_regional,0.18,default,1.0,11.58,11.8
DUC_A01,050a,Helicostylis tomentosa,Moraceae,-2.951345225,-59.94870949,13.2,20160831,False,O,P08,12.95,12.95,feldpausch_regional,0.18,default,1.0,13.38,13.07
DUC_A01,051a,Protium paniculatum,Burseraceae,-2.951337248,-59.94873574,16.2,20160831,False,O,P08,14.91,14.91,feldpausch_regional,0.18,default,1.0,16.38,15.03
DUC_A01,052a,Protium paniculatum,Burseraceae,-2.95133404,-59.94873682,16.2,20160831,False,O,P08,14.91,14.91,feldpausch_regional,0.18,default,1.0,16.38,15.03
DUC_A01,053a,Pouteria gongrijpii,Sapotaceae,-2.951310925,-59.948762,31.3,20160831,False,O,P08,22.69,22.69,feldpausch_regional,0.18,default,1.0,31.48,22.77
DUC_A01,054a,Tetragastris altissima,Burseraceae,-2.951287236,-59.94869829,15.3,20160831,False,O,P08,14.34,14.34,feldpausch_regional,0.18,default,1.0,15.48,14.46
DUC_A01,055a,Rollinia exsucca,Annonaceae,-2.951255037,-59.94872962,14.2,20160831,False,O,P08,13.62,13.62,feldpausch_regional,0.18,default,1.0,14.38,13.74
DUC_A01,001a,,,-2.951469005,-59.93887416,18.9,20160828,False,O,P09,16.54,16.54,feldpausch_regional,0.18,default,1.0,19.08,16.64
DUC_A01,001b,,,-2.951585868,-59.93899542,40.0,20160828,True,O,P09,26.07,26.07,feldpausch_regional,0.18,default,1.0,40.18,26.14
DUC_A01,002a,Virola elongata,Myristicaceae,-2.95148148,-59.93886189,37.4,20160828,False,O,P09,25.13,25.13,feldpausch_regional,0.18,default,1.0,37.58,25.19
DUC_A01,002b,,,-2.951678191,-59.93901902,59.3,20160828,True,O,P09,31.76,31.76,feldpausch_regional,0.18,default,1.0,59.48,31.81
DUC_A01,003a,Helicostylis tomentosa,Moraceae,-2.951503989,-59.93886086,11.8,20160828,False,O,P09,11.96,11.96,feldpausch_regional,0.18,default,1.0,11.98,12.09
DUC_A01,003b,Pouteria sp.,Sapotaceae,-2.951972737,-59.93892427,36.5,20160828,False,O,P09,24.79,24.79,feldpausch_regional,0.18,default,1.0,36.68,24.86
DUC_A01,004a,Duguetia surinamensis,Annonaceae,-2.951503141,-59.93889465,11.3,20160828,False,O,P09,11.6,11.6,feldpausch_regional,0.18,default,1.0,11.48,11.73
DUC_A01,004b,Eschweilera coriacea,Lecythidaceae,-2.95198628,-59.93900299,38.4,20160828,False,O,P09,25.5,25.5,feldpausch_regional,0.18,default,1.0,38.58,25.56
DUC_A01,005a,Simarouba amara,Simaroubaceae,-2.951521029,-59.93889454,23.3,20160828,False,O,P09,18.94,18.94,feldpausch_regional,0.18,default,1.0,23.48,19.03
DUC_A01,005b,Maquira coriacea,Moraceae,-2.951968238,-59.93906847,42.4,20160828,False,O,P09,26.9,26.9,feldpausch_regional,0.18,default,1.0,42.58,26.96
DUC_A01,006a,Diospyros artanthifolia,Ebenaceae,-2.951538065,-59.93888137,15.9,20160828,False,O,P09,14.73,14.73,feldpausch_regional,0.18,default,1.0,16.08,14.84
DUC_A01,006b,Sacoglottis guianensis,Humiriaceae,-2.951760105,-59.93899051,75.7,20160828,False,O,P09,35.26,35.26,feldpausch_regional,0.18,default,1.0,75.88,35.29
DUC_A01,007a,Helicostylis tomentosa,Moraceae,-2.951537532,-59.93888241,11.3,20160828,False,O,P09,11.6,11.6,feldpausch_regional,0.18,default,1.0,11.48,11.73
DUC_A01,007b,Capirona decorticans,Rubiaceae,-2.951660688,-59.93901728,49.2,20160828,False,O,P09,29.05,29.05,feldpausch_regional,0.18,default,1.0,49.38,29.1
DUC_A01,008a,Protium paniculatum,Burseraceae,-2.951552991,-59.93886566,11.4,20160828,False,O,P09,11.67,11.67,feldpausch_regional,0.18,default,1.0,11.58,11.8
DUC_A01,008b,,,-2.951621088,-59.93899463,38.0,20160828,False,O,P09,25.35,25.35,feldpausch_regional,0.18,default,1.0,38.18,25.42
DUC_A01,009a,,,-2.951576088,-59.93891547,17.5,20160828,True,O,P09,15.71,15.71,feldpausch_regional,0.18,default,1.0,17.68,15.82
DUC_A01,009b,Maquira coriacea,Moraceae,-2.951577602,-59.93899019,46.5,20160828,False,O,P09,28.23,28.23,feldpausch_regional,0.18,default,1.0,46.68,28.28
DUC_A01,010a,Eschweilera coriacea,Lecythidaceae,-2.951582489,-59.9388963,29.6,20160828,False,O,P09,21.95,21.95,feldpausch_regional,0.18,default,1.0,29.78,22.03
DUC_A01,010b,Pouteria gongrijpii,Sapotaceae,-2.951616062,-59.93915124,46.2,20160828,False,O,P09,28.14,28.14,feldpausch_regional,0.18,default,1.0,46.38,28.19
DUC_A01,011a,Simarouba amara,Simaroubaceae,-2.951600348,-59.93888952,27.4,20160828,False,O,P09,20.95,20.95,feldpausch_regional,0.18,default,1.0,27.58,21.04
DUC_A01,011b,Pouteria guianensis,Sapotaceae,-2.951630987,-59.93918238,39.1,20160828,False,O,P09,25.75,25.75,feldpausch_regional,0.18,default,1.0,39.28,25.82
DUC_A01,012a,Pouteria gongrijpii,Sapotaceae,-2.951605213,-59.93889604,31.2,20160828,False,O,P09,22.65,22.65,feldpausch_regional,0.18,default,1.0,31.38,22.73
DUC_A01,012b,Maquira coriacea,Moraceae,-2.951623686,-59.93920101,39.0,20160828,False,O,P09,25.71,25.71,feldpausch_regional,0.18,default,1.0,39.18,25.78
DUC_A01,013a,Swartzia laevicarpa,Fabaceae,-2.951632759,-59.93887972,16.1,20160828,False,O,P09,14.85,14.85,feldpausch_regional,0.18,default,1.0,16.28,14.96
DUC_A01,014a,Ocotea cernua,Lauraceae,-2.951631594,-59.93887932,28.0,20160828,False,O,P09,21.23,21.23,feldpausch_regional,0.18,default,1.0,28.18,21.31
DUC_A01,015a,Licania octandra,Chrysobalanaceae,-2.951611542,-59.93885178,28.6,20160828,False,O,P09,21.5,21.5,feldpausch_regional,0.18,default,1.0,28.78,21.59
DUC_A01,016a,Inga heterophylla,Fabaceae,-2.951607535,-59.93884493,14.0,20160828,False,O,P09,13.49,13.49,feldpausch_regional,0.18,default,1.0,14.18,13.61
DUC_A01,017a,Eriotheca globosa,Malvaceae,-2.951626277,-59.93880598,27.5,20160828,False,O,P09,21.0,21.0,feldpausch_regional,0.18,default,1.0,27.68,21.08
DUC_A01,018a,Mabea angularis,Euphorbiaceae,-2.951651573,-59.93879552,16.7,20160828,False,O,P09,15.22,15.22,feldpausch_regional,0.18,default,1.0,16.88,15.34
DUC_A01,019a,Theobroma glaucum,Malvaceae,-2.951657008,-59.93879429,10.8,20160828,False,O,P09,11.23,11.23,feldpausch_regional,0.18,default,1.0,10.98,11.36
DUC_A01,020a,Pouteria guianensis,Sapotaceae,-2.95166355,-59.93880018,20.2,20160828,False,O,P09,17.28,17.28,feldpausch_regional,0.18,default,1.0,20.38,17.38
DUC_A01,021a,Inga thibaudiana,Fabaceae,-2.951655261,-59.93882678,11.0,20160828,False,O,P09,11.38,11.38,feldpausch_regional,0.18,default,1.0,11.18,11.51
DUC_A01,022a,Eschweilera coriacea,Lecythidaceae,-2.951666727,-59.93884169,12.1,20160828,False,O,P09,12.18,12.18,feldpausch_regional,0.18,default,1.0,12.28,12.31
DUC_A01,023a,Maquira coriacea,Moraceae,-2.951696726,-59.93884454,23.8,20160828,False,O,P09,19.2,19.2,feldpausch_regional,0.18,default,1.0,23.98,19.29
DUC_A01,024a,Pouteria gongrijpii,Sapotaceae,-2.951680698,-59.93884644,16.1,20160828,False,O,P09,14.85,14.85,feldpausch_regional,0.18,default,1.0,16.28,14.96
DUC_A01,025a,Protium hebetatum,Burseraceae,-2.951720032,-59.93880216,49.0,20160828,False,O,P09,28.99,28.99,feldpausch_regional,0.18,default,1.0,49.18,29.04
DUC_A01,026a,Eschweilera coriacea,Lecythidaceae,-2.951739725,-59.93876953,15.5,20160828,False,O,P09,14.47,14.47,feldpausch_regional,0.18,default,1.0,15.68,14.59
DUC_A01,027a,Minquartia guianensis,Olacaceae,-2.951745699,-59.93876726,12.4,20160828,False,O,P09,12.39,12.39,feldpausch_regional,0.18,default,1.0,12.58,12.52
DUC_A01,028a,Pouteria sp.,Sapotaceae,-2.95179154,-59.93875151,33.4,20160828,False,O,P09,23.57,23.57,feldpausch_regional,0.18,default,1.0,33.58,23.64
DUC_A01,029a,Pouteria gongrijpii,Sapotaceae,-2.951823049,-59.93879068,19.4,20160828,False,O,P09,16.83,16.83,feldpausch_regional,0.18,default,1.0,19.58,16.93
DUC_A01,030a,Eschweilera ovata,Lecythidaceae,-2.951813725,-59.93874307,26.4,20160828,False,O,P09,20.48,20.48,feldpausch_regional,0.18,default,1.0,26.58,20.57
DUC_A01,031a,Pouteria gongrijpii,Sapotaceae,-2.951821034,-59.93873693,25.3,20160828,False,O,P09,19.95,19.95,feldpausch_regional,0.18,default,1.0,25.48,20.04
DUC_A01,032a,Pouteria gongrijpii,Sapotaceae,-2.951828118,-59.93874431,15.2,20160828,False,O,P09,14.28,14.28,feldpausch_regional,0.18,default,1.0,15.38,14.39
DUC_A01,033a,Eschweilera coriacea,Lecythidaceae,-2.951842756,-59.93875552,12.5,20160828,False,O,P09,12.46,12.46,feldpausch_regional,0.18,default,1.0,12.68,12.59
DUC_A01,034a,Licania octandra,Chrysobalanaceae,-2.951875349,-59.93871544,16.7,20160828,False,O,P09,15.22,15.22,feldpausch_regional,0.18,default,1.0,16.88,15.34
DUC_A01,035a,,,-2.951882332,-59.93873208,10.8,20160828,False,L,P09,11.23,11.23,feldpausch_regional,0.18,default,1.0,10.98,11.36
DUC_A01,036a,Pouteria gongrijpii,Sapotaceae,-2.951886046,-59.93873151,43.0,20160828,False,O,P09,27.1,27.1,feldpausch_regional,0.18,default,1.0,43.18,27.16
DUC_A01,037a,Pseudopiptadenia suaveolens,Fabaceae,-2.951901618,-59.93873566,60.0,20160828,False,O,P09,31.94,31.94,feldpausch_regional,0.18,default,1.0,60.18,31.98
DUC_A01,038a,Jacaranda copaia,Bignoniaceae,-2.951896662,-59.93878033,35.6,20160828,False,O,P09,24.44,24.44,feldpausch_regional,0.18,default,1.0,35.78,24.51
DUC_A01,039a,Inga alba,Fabaceae,-2.951869583,-59.93879565,29.9,20160828,False,O,P09,22.09,22.09,feldpausch_regional,0.18,default,1.0,30.08,22.16
DUC_A01,040a,Minquartia guianensis,Olacaceae,-2.951858944,-59.93879382,19.4,20160828,False,O,P09,16.83,16.83,feldpausch_regional,0.18,default,1.0,19.58,16.93
DUC_A01,041a,Helicostylis tomentosa,Moraceae,-2.951916364,-59.9388366,13.5,20160828,False,O,P09,13.15,13.15,feldpausch_regional,0.18,default,1.0,13.68,13.28
DUC_A01,042a,Neea oppositifolia,Nyctaginaceae,-2.951866555,-59.93887226,27.6,20160828,False,O,P09,21.05,21.05,feldpausch_regional,0.18,default,1.0,27.78,21.13
DUC_A01,043a,Oenocarpus bacaba,Arecaceae,-2.951867402,-59.93887194,14.2,20160828,False,P,P09,13.62,13.62,feldpausch_regional,0.18,default,1.0,14.38,13.74
DUC_A01,044a,Protium paniculatum,Burseraceae,-2.95182546,-59.93885432,12.8,20160828,False,O,P09,12.67,12.67,feldpausch_regional,0.18,default,1.0,12.98,12.8
DUC_A01,045a,,,-2.951833328,-59.93884966,17.3,20160828,False,O,P09,15.59,15.59,feldpausch_regional,0.18,default,1.0,17.48,15.7
DUC_A01,046a,Mouriri collocarpa,Melastomataceae,-2.951776076,-59.93883116,33.5,20160828,False,O,P09,23.61,23.61,feldpausch_regional,0.18,default,1.0,33.68,23.68
DUC_A01,047a,Eriotheca globosa,Malvaceae,-2.951771289,-59.93884303,10.8,20160828,False,O,P09,11.23,11.23,feldpausch_regional,0.18,default,1.0,10.98,11.36
DUC_A01,048a,Lecythis lurida,Lecythidaceae,-2.951754714,-59.93889624,30.2,20160828,False,O,P09,22.22,22.22,feldpausch_regional,0.18,default,1.0,30.38,22.3
DUC_A01,049a,Helicostylis tomentosa,Moraceae,-2.951741096,-59.93892402,35.6,20160828,False,O,P09,24.44,24.44,feldpausch_regional,0.18,default,1.0,35.78,24.51
DUC_A01,050a,Clarisia racemosa,Moraceae,-2.951741096,-59.93892402,73.2,20160828,False,O,P09,34.79,34.79,feldpausch_regional,0.18,default,1.0,73.38,34.82
DUC_A01,051a,Pouteria gongrijpii,Sapotaceae,-2.951724204,-59.93892373,32.6,20160828,False,O,P09,23.24,23.24,feldpausch_regional,0.18,default,1.0,32.78,23.31
DUC_A01,052a,Licania octandra,Chrysobalanaceae,-2.95170931,-59.93892351,19.7,20160828,False,O,P09,17.0,17.0,feldpausch_regional,0.18,default,1.0,19.88,17.1
DUC_A01,053a,,,-2.951692875,-59.938913,17.5,20160828,False,O,P09,15.71,15.71,feldpausch_regional,0.18,default,1.0,17.68,15.82
DUC_A01,054a,Theobroma glaucum,Malvaceae,-2.951690849,-59.93889702,13.0,20160828,False,O,P09,12.81,12.81,feldpausch_regional,0.18,default,1.0,13.18,12.93
DUC_A01,055a,,,-2.951686018,-59.93889048,12.1,20160828,True,O,P09,12.18,12.18,feldpausch_regional,0.18,default,1.0,12.28,12.31
DUC_A01,056a,Maquira coriacea,Moraceae,-2.951675917,-59.93891943,3.9,20160828,False,O,P09,5.22,5.22,feldpausch_regional,0.18,default,1.0,4.08,5.41
DUC_A01,057a,Strychnos subcordata,Loganiaceae,-2.951667438,-59.93892265,11.7,20160828,False,O,P09,11.89,11.89,feldpausch_regional,0.18,default,1.0,11.88,12.02
DUC_A01,058a,Virola mollissima,Myristicaceae,-2.951645158,-59.93893947,10.8,20160828,False,O,P09,11.23,11.23,feldpausch_regional,0.18,default,1.0,10.98,11.36
DUC_A01,059a,Manilkara bidentata,Sapotaceae,-2.951625044,-59.93893873,21.1,20160828,False,O,P09,17.78,17.78,feldpausch_regional,0.18,default,1.0,21.28,17.87
DUC_A01,060a,Oenocarpus bacaba,Arecaceae,-2.951634471,-59.93893767,12.9,20160828,False,P,P09,12.74,12.74,feldpausch_regional,0.18,default,1.0,13.08,12.87
DUC_A01,061a,,,-2.951579468,-59.93894766,10.1,20160828,False,O,P09,10.7,10.7,feldpausch_regional,0.18,default,1.0,10.28,10.84
DUC_A01,062a,Pouteria gongrijpii,Sapotaceae,-2.951572071,-59.93897556,21.3,20160828,False,O,P09,17.88,17.88,feldpausch_regional,0.18,default,1.0,21.48,17.98
DUC_A01,063a,Oenocarpus bacaba,Arecaceae,-2.951578449,-59.93898987,11.0,20160828,False,P,P09,11.38,11.38,feldpausch_regional,0.18,default,1.0,11.18,11.51
DUC_A01,064a,Byrsonima densa,Malpighiaceae,-2.951554021,-59.93895731,13.6,20160828,False,O,P09,13.22,13.22,feldpausch_regional,0.18,default,1.0,13.78,13.34
DUC_A01,065a,Pouteria sp.,Sapotaceae,-2.951530656,-59.93894945,18.4,20160828,False,O,P09,16.25,16.25,feldpausch_regional,0.18,default,1.0,18.58,16.35
DUC_A01,001a,Vochysia guianensis,Vochysiaceae,-2.948248097,-59.92934268,10.6,20160827,False,O,P10,11.08,11.08,feldpausch_regional,0.18,default,1.0,10.78,11.21
DUC_A01,001b,Tachigali paniculata,Fabaceae,-2.948350367,-59.92952544,45.9,20160827,False,O,P10,28.04,28.04,feldpausch_regional,0.18,default,1.0,46.08,28.1
DUC_A01,002a,Pouteria gongrijpii,Sapotaceae,-2.948255338,-59.92933802,13.7,20160827,False,O,P10,13.29,13.29,feldpausch_regional,0.18,default,1.0,13.88,13.41
DUC_A01,002b,Laetia procera,Salicaceae,-2.948290282,-59.9293229,39.2,20160827,False,O,P10,25.79,25.79,feldpausch_regional,0.18,default,1.0,39.38,25.85
DUC_A01,003a,Virola sebifera,Myristicaceae,-2.948281913,-59.92935238,15.8,20160827,False,O,P10,14.66,14.66,feldpausch_regional,0.18,default,1.0,15.98,14.78
DUC_A01,003b,Couratari stellata,Lecythidaceae,-2.948647827,-59.9294476,76.5,20160827,False,O,P10,35.4,35.4,feldpausch_regional,0.18,default,1.0,76.68,35.44
DUC_A01,004a,Pseudopiptadenia psilostachya,Fabaceae,-2.948287903,-59.9293559,32.2,20160827,False,O,P10,23.07,23.07,feldpausch_regional,0.18,default,1.0,32.38,23.15
DUC_A01,004b,,,-2.948779662,-59.92950323,47.4,20160827,False,O,P10,28.51,28.51,feldpausch_regional,0.18,default,1.0,47.58,28.56
DUC_A01,005a,Helicostylis tomentosa,Moraceae,-2.948304354,-59.92934861,19.7,20160827,False,O,P10,17.0,17.0,feldpausch_regional,0.18,default,1.0,19.88,17.1
DUC_A01,005b,Aspidosperma excelsum,Apocynaceae,-2.948742592,-59.92950854,44.5,20160827,False,O,P10,27.59,27.59,feldpausch_regional,0.18,default,1.0,44.68,27.65
DUC_A01,006a,,,-2.948328297,-59.92937764,22.3,20160827,False,O,P10,18.42,18.42,feldpausch_regional,0.18,default,1.0,22.48,18.52
DUC_A01,006b,Jacaranda copaia,Bignoniaceae,-2.948556899,-59.92962567,48.0,20160827,False,O,P10,28.69,28.69,feldpausch_regional,0.18,default,1.0,48.18,28.74
DUC_A01,007a,Eschweilera coriacea,Lecythidaceae,-2.948332835,-59.92935904,13.8,20160827,False,O,P10,13.36,13.36,feldpausch_regional,0.18,default,1.0,13.98,13.48
DUC_A01,007b,Tetragastris altissima,Burseraceae,-2.948542274,-59.92966483,41.1,20160827,False,O,P10,26.46,26.46,feldpausch_regional,0.18,default,1.0,41.28,26.52
DUC_A01,008a,Qualea paraensis,Vochysiaceae,-2.948363005,-59.92936127,35.1,20160827,False,O,P10,24.25,24.25,feldpausch_regional,0.18,default,1.0,35.28,24.32
DUC_A01,008b,,,-2.948476274,-59.92965969,55.1,20160827,False,O,P10,30.7,30.7,feldpausch_regional,0.18,default,1.0,55.28,30.74
DUC_A01,009a,Trichilia micrantha,Meliaceae,-2.948380278,-59.9293484,16.3,20160827,False,O,P10,14.98,14.98,feldpausch_regional,0.18,default,1.0,16.48,15.09
DUC_A01,009b,Diospyros artanthifolia,Ebenaceae,-2.948396665,-59.92964249,47.5,20160827,False,O,P10,28.54,28.54,feldpausch_regional,0.18,default,1.0,47.68,28.59
DUC_A01,010a,Neea oppositifolia,Nyctaginaceae,-2.948384002,-59.9293482,17.5,20160827,False,O,P10,15.71,15.71,feldpausch_regional,0.18,default,1.0,17.68,15.82
DUC_A01,010b,Couratari stellata,Lecythidaceae,-2.948340907,-59.92960274,41.0,20160827,False,O,P10,26.42,26.42,feldpausch_regional,0.18,default,1.0,41.18,26.48
DUC_A01,011a,Laetia procera,Salicaceae,-2.948371611,-59.92932409,32.0,20160827,False,O,P10,22.99,22.99,feldpausch_regional,0.18,default,1.0,32.18,23.06
DUC_A01,012a,Tetragastris altissima,Burseraceae,-2.948340779,-59.92928302,16.9,20160827,False,O,P10,15.35,15.35,feldpausch_regional,0.18,default,1.0,17.08,15.46
DUC_A01,013a,Helicostylis tomentosa,Moraceae,-2.948375223,-59.92933457,13.3,20160827,False,O,P10,13.02,13.02,feldpausch_regional,0.18,default,1.0,13.48,13.14
DUC_A01,014a,Alibertia edulis,Rubiaceae,-2.948367106,-59.92925427,12.5,20160827,False,O,P10,12.46,12.46,feldpausch_regional,0.18,default,1.0,12.68,12.59
DUC_A01,015a,,,-2.948375139,-59.92925768,10.4,20160827,False,O,P10,10.93,10.93,feldpausch_regional,0.18,default,1.0,10.58,11.06
DUC_A01,016a,,,-2.948407664,-59.9292756,31.4,20160827,True,O,P10,22.73,22.73,feldpausch_regional,0.18,default,1.0,31.58,22.81
DUC_A01,017a,Mabea angularis,Euphorbiaceae,-2.94839848,-59.92925344,13.6,20160827,False,O,P10,13.22,13.22,feldpausch_regional,0.18,default,1.0,13.78,13.34
DUC_A01,018a,Geissospermum sericeum,Apocynaceae,-2.94842773,-59.92925744,19.0,20160827,False,O,P10,16.6,16.6,feldpausch_regional,0.18,default,1.0,19.18,16.7
DUC_A01,019a,Licania octandra,Chrysobalanaceae,-2.948437789,-59.92927485,12.9,20160827,False,O,P10,12.74,12.74,feldpausch_regional,0.18,default,1.0,13.08,12.87
DUC_A01,020a,Licania guianensis,Chrysobalanaceae,-2.948437022,-59.92929583,10.8,20160827,False,O,P10,11.23,11.23,feldpausch_regional,0.18,default,1.0,10.98,11.36
DUC_A01,021a,Protium paniculatum,Burseraceae,-2.948414732,-59.92932051,10.4,20160827,False,O,P10,10.93,10.93,feldpausch_regional,0.18,default,1.0,10.58,11.06
DUC_A01,022a,Cordia scabrifolia,Boraginaceae,-2.94843019,-59.92935472,24.2,20160827,False,O,P10,19.4,19.4,feldpausch_regional,0.18,default,1.0,24.38,19.49
DUC_A01,023a,Virola sebifera,Myristicaceae,-2.948439649,-59.92936917,15.6,20160827,False,O,P10,14.54,14.54,feldpausch_regional,0.18,default,1.0,15.78,14.65
DUC_A01,024a,Annona ambotay,Annonaceae,-2.948454425,-59.92930003,19.1,20160827,False,O,P10,16.65,16.65,feldpausch_regional,0.18,default,1.0,19.28,16.76
DUC_A01,025a,Nectandra cuspidata,Lauraceae,-2.948458794,-59.92929083,20.8,20160827,False,O,P10,17.61,17.61,feldpausch_regional,0.18,default,1.0,20.98,17.71
DUC_A01,026a,Jacaranda copaia,Bignoniaceae,-2.948471247,-59.92928846,33.7,20160827,False,O,P10,23.69,23.69,feldpausch_regional,0.18,default,1.0,33.88,23.76
DUC_A01,027a,,,-2.948463457,-59.92925212,34.5,20160827,True,O,P10,24.01,24.01,feldpausch_regional,0.18,default,1.0,34.68,24.08
DUC_A01,028a,Virola sebifera,Myristicaceae,-2.948462113,-59.92924535,22.0,20160827,False,O,P10,18.26,18.26,feldpausch_regional,0.18,default,1.0,22.18,18.36
DUC_A01,029a,,,-2.948477382,-59.92923129,12.4,20160827,True,O,P10,12.39,12.39,feldpausch_regional,0.18,default,1.0,12.58,12.52
DUC_A01,030a,,,-2.948515145,-59.92925451,17.6,20160827,True,O,P10,15.77,15.77,feldpausch_regional,0.18,default,1.0,17.78,15.88
DUC_A01,031a,Micropholis venulosa,Sapotaceae,-2.948498231,-59.92920154,15.5,20160827,False,O,P10,14.47,14.47,feldpausch_regional,0.18,default,1.0,15.68,14.59
DUC_A01,032a,Protium paniculatum,Burseraceae,-2.948498651,-59.92920237,23.6,20160827,False,O,P10,19.1,19.1,feldpausch_regional,0.18,default,1.0,23.78,19.19
DUC_A01,033a,Tetragastris altissima,Burseraceae,-2.948504197,-59.92918669,17.3,20160827,False,O,P10,15.59,15.59,feldpausch_regional,0.18,default,1.0,17.48,15.7
DUC_A01,034a,Neea oppositifolia,Nyctaginaceae,-2.948510752,-59.92919575,33.2,20160827,False,O,P10,23.48,23.48,feldpausch_regional,0.18,default,1.0,33.38,23.56
DUC_A01,035a,Astronium graveolens,Anacardiaceae,-2.948534005,-59.92922402,18.4,20160827,False,O,P10,16.25,16.25,feldpausch_regional,0.18,default,1.0,18.58,16.35
DUC_A01,036a,,,-2.948515562,-59.92925534,10.6,20160827,True,O,P10,11.08,11.08,feldpausch_regional,0.18,default,1.0,10.78,11.21
DUC_A01,037a,,,-2.948521957,-59.92925244,13.6,20160827,False,O,P10,13.22,13.22,feldpausch_regional,0.18,default,1.0,13.78,13.34
DUC_A01,038a,,,-2.948560048,-59.92924958,29.7,20160827,True,O,P10,22.0,22.0,feldpausch_regional,0.18,default,1.0,29.88,22.08
DUC_A01,039a,Pseudopiptadenia psilostachya,Fabaceae,-2.948572032,-59.92914204,19.1,20160827,False,O,P10,16.65,16.65,feldpausch_regional,0.18,default,1.0,19.28,16.76
DUC_A01,040a,Caryocar villosum,Caryocaraceae,-2.948564971,-59.92913985,18.4,20160827,False,O,P10,16.25,16.25,feldpausch_regional,0.18,default,1.0,18.58,16.35
DUC_A01,041a,Protium paniculatum,Burseraceae,-2.948566146,-59.92914021,13.0,20160827,False,O,P10,12.81,12.81,feldpausch_regional,0.18,default,1.0,13.18,12.93
DUC_A01,042a,Xylopia nitida,Annonaceae,-2.948570205,-59.9291477,43.8,20160827,False,O,P10,27.37,27.37,feldpausch_regional,0.18,default,1.0,43.98,27.43
DUC_A01,043a,Protium hebetatum,Burseraceae,-2.948577321,-59.92911952,29.0,20160827,False,O,P10,21.68,21.68,feldpausch_regional,0.18,default,1.0,29.18,21.77
DUC_A01,044a,Protium hebetatum,Burseraceae,-2.948601937,-59.92916784,16.4,20160827,False,O,P10,15.04,15.04,feldpausch_regional,0.18,default,1.0,16.58,15.15
DUC_A01,045a,Eperua bijuga,Fabaceae,-2.948607475,-59.92920903,18.8,20160827,False,O,P10,16.48,16.48,feldpausch_regional,0.18,default,1.0,18.98,16.59
DUC_A01,046a,Simarouba amara,Simaroubaceae,-2.948599827,-59.92921157,13.0,20160827,False,O,P10,12.81,12.81,feldpausch_regional,0.18,default,1.0,13.18,12.93
DUC_A01,047a,Maquira coriacea,Moraceae,-2.948617273,-59.9292252,58.2,20160827,False,O,P10,31.49,31.49,feldpausch_regional,0.18,default,1.0,58.38,31.54
DUC_A01,048a,Protium paniculatum,Burseraceae,-2.948548538,-59.92914371,21.3,20160827,False,O,P10,17.88,17.88,feldpausch_regional,0.18,default,1.0,21.48,17.98
DUC_A01,049a,Jacaranda copaia,Bignoniaceae,-2.948590819,-59.92924155,17.0,20160827,False,O,P10,15.41,15.41,feldpausch_regional,0.18,default,1.0,17.18,15.52
DUC_A01,050a,Eperua bijuga,Fabaceae,-2.94862371,-59.9292766,11.9,20160827,False,O,P10,12.03,12.03,feldpausch_regional,0.18,default,1.0,12.08,12.16
DUC_A01,051a,Poeppigia procera,Fabaceae,-2.948639414,-59.92929246,12.2,20160827,False,O,P10,12.25,12.25,feldpausch_regional,0.18,default,1.0,12.38,12.38
DUC_A01,052a,,,-2.948616387,-59.9293129,11.6,20160827,False,O,P10,11.82,11.82,feldpausch_regional,0.18,default,1.0,11.78,11.95
DUC_A01,053a,Couratari stellata,Lecythidaceae,-2.94860411,-59.9292896,14.6,20160827,False,O,P10,13.89,13.89,feldpausch_regional,0.18,default,1.0,14.78,14.01
DUC_A01,054a,Eschweilera amazonica,Lecythidaceae,-2.948602249,-59.92928414,19.1,20160827,False,O,P10,16.65,16.65,feldpausch_regional,0.18,default,1.0,19.28,16.76
DUC_A01,055a,Xylopia nitida,Annonaceae,-2.948594087,-59.92929568,33.5,20160827,False,O,P10,23.61,23.61,feldpausch_regional,0.18,default,1.0,33.68,23.68
DUC_A01,056a,Eschweilera coriacea,Lecythidaceae,-2.948562825,-59.92931355,11.4,20160827,False,O,P10,11.67,11.67,feldpausch_regional,0.18,default,1.0,11.58,11.8
DUC_A01,057a,Minquartia guianensis,Olacaceae,-2.948613174,-59.92931264,23.6,20160827,False,O,P10,19.1,19.1,feldpausch_regional,0.18,default,1.0,23.78,19.19
DUC_A01,058a,Copaifera reticulata,Fabaceae,-2.948599287,-59.92928044,16.1,20160827,False,O,P10,14.85,14.85,feldpausch_regional,0.18,default,1.0,16.28,14.96
DUC_A01,059a,Protium paniculatum,Burseraceae,-2.948514603,-59.92932121,12.6,20160827,False,O,P10,12.53,12.53,feldpausch_regional,0.18,default,1.0,12.78,12.66
DUC_A01,060a,Virola michelii,Myristicaceae,-2.948490896,-59.92933571,20.5,20160827,False,O,P10,17.45,17.45,feldpausch_regional,0.18,default,1.0,20.68,17.54
DUC_A01,061a,Mouriri collocarpa,Melastomataceae,-2.948489304,-59.92933237,21.0,20160827,False,O,P10,17.72,17.72,feldpausch_regional,0.18,default,1.0,21.18,17.82
DUC_A01,062a,Ormosia coccinea,Fabaceae,-2.948473965,-59.92933532,11.1,20160827,False,O,P10,11.45,11.45,feldpausch_regional,0.18,default,1.0,11.28,11.58
DUC_A01,063a,Virola michelii,Myristicaceae,-2.948467246,-59.92936301,10.9,20160827,False,O,P10,11.3,11.3,feldpausch_regional,0.18,default,1.0,11.08,11.44
DUC_A01,064a,Ambelania acida,Apocynaceae,-2.94843304,-59.92941351,13.2,20160827,False,O,P10,12.95,12.95,feldpausch_regional,0.18,default,1.0,13.38,13.07
DUC_A01,065a,,,-2.948410999,-59.9294057,17.8,20160827,False,O,P10,15.89,15.89,feldpausch_regional,0.18,default,1.0,17.98,16.0
DUC_A01,066a,Copaifera reticulata,Fabaceae,-2.948397376,-59.92940343,20.6,20160827,False,O,P10,17.5,17.5,feldpausch_regional,0.18,default,1.0,20.78,17.6
DUC_A01,067a,Eschweilera coriacea,Lecythidaceae,-2.948383066,-59.92940163,17.8,20160827,False,O,P10,15.89,15.89,feldpausch_regional,0.18,default,1.0,17.98,16.0
DUC_A01,068a,Zygia racemosa,Fabaceae,-2.948365451,-59.92943544,13.8,20160827,False,O,P10,13.36,13.36,feldpausch_regional,0.18,default,1.0,13.98,13.48
DUC_A01,069a,,,-2.948346353,-59.92944285,19.3,20160827,True,O,P10,16.77,16.77,feldpausch_regional,0.18,default,1.0,19.48,16.87
DUC_A01,070a,Eriotheca globosa,Malvaceae,-2.948344288,-59.92944723,44.9,20160827,False,O,P10,27.72,27.72,feldpausch_regional,0.18,default,1.0,45.08,27.78
DUC_A01,071a,Bowdichia nitida,Fabaceae,-2.948310406,-59.92943879,11.6,20160827,False,O,P10,11.82,11.82,feldpausch_regional,0.18,default,1.0,11.78,11.95
DUC_A01,073a,Eschweilera coriacea,Lecythidaceae,-2.94829946,-59.929494,19.4,20160827,False,O,P10,16.83,16.83,feldpausch_regional,0.18,default,1.0,19.58,16.93
DUC_A01,074a,Helicostylis tomentosa,Moraceae,-2.948287983,-59.92946388,11.8,20160827,False,O,P10,11.96,11.96,feldpausch_regional,0.18,default,1.0,11.98,12.09
DUC_A01,075a,Eschweilera ovata,Lecythidaceae,-2.948265049,-59.92944292,13.2,20160827,False,O,P10,12.95,12.95,feldpausch_regional,0.18,default,1.0,13.38,13.07
DUC_A01,076a,,,-2.948286,-59.9294196,11.4,20160827,False,O,P10,11.67,11.67,feldpausch_regional,0.18,default,1.0,11.58,11.8
DUC_A01,077a,Pourouma minor,Urticaceae,-2.948248904,-59.92942202,20.5,20160827,False,O,P10,17.45,17.45,feldpausch_regional,0.18,default,1.0,20.68,17.54
DUC_A01,001a,Inga heterophylla,Fabaceae,-2.952837645,-59.94785603,14.2,20160831,False,O,P11,13.62,13.62,feldpausch_regional,0.18,default,1.0,14.38,13.74
DUC_A01,001b,Eschweilera coriacea,Lecythidaceae,-2.952954864,-59.9480546,43.2,20160831,False,O,P11,27.17,27.17,feldpausch_regional,0.18,default,1.0,43.38,27.23
DUC_A01,002a,Chrysophyllum sanguinolentum,Sapotaceae,-2.952821004,-59.94786654,10.5,20160831,False,O,P11,11.0,11.0,feldpausch_regional,0.18,default,1.0,10.68,11.14
DUC_A01,002b,Capirona decorticans,Rubiaceae,-2.953121045,-59.94802297,43.3,20160831,False,O,P11,27.2,27.2,feldpausch_regional,0.18,default,1.0,43.48,27.26
DUC_A01,003a,Bowdichia nitida,Fabaceae,-2.952853541,-59.94789197,13.7,20160831,False,O,P11,13.29,13.29,feldpausch_regional,0.18,default,1.0,13.88,13.41
DUC_A01,003b,Goupia glabra,Goupiaceae,-2.953229419,-59.94793471,51.5,20160831,False,O,P11,29.71,29.71,feldpausch_regional,0.18,default,1.0,51.68,29.76
DUC_A01,004a,,,-2.95284951,-59.9478747,20.1,20160831,False,O,P11,17.22,17.22,feldpausch_regional,0.18,default,1.0,20.28,17.32
DUC_A01,004b,Capirona decorticans,Rubiaceae,-2.95322479,-59.94784747,42.0,20160831,False,O,P11,26.77,26.77,feldpausch_regional,0.18,default,1.0,42.18,26.83
DUC_A01,005a,Sloanea guianensis,Elaeocarpaceae,-2.952874515,-59.94792405,15.5,20160831,False,O,P11,14.47,14.47,feldpausch_regional,0.18,default,1.0,15.68,14.59
DUC_A01,005b,Eschweilera ovata,Lecythidaceae,-2.95335927,-59.94790445,40.3,20160831,False,O,P11,26.18,26.18,feldpausch_regional,0.18,default,1.0,40.48,26.24
DUC_A01,006a,Eschweilera ovata,Lecythidaceae,-2.952894828,-59.94789303,11.4,20160831,False,O,P11,11.67,11.67,feldpausch_regional,0.18,default,1.0,11.58,11.8
DUC_A01,006b,Ocotea cernua,Lauraceae,-2.953345378,-59.94801165,35.5,20160831,False,O,P11,24.4,24.4,feldpausch_regional,0.18,default,1.0,35.68,24.47
DUC_A01,007a,Eriotheca globosa,Malvaceae,-2.952863073,-59.94786206,29.3,20160831,False,O,P11,21.82,21.82,feldpausch_regional,0.18,default,1.0,29.48,21.9
DUC_A01,007b,Neea oppositifolia,Nyctaginaceae,-2.953227992,-59.94807378,60.0,20160831,False,O,P11,31.94,31.94,feldpausch_regional,0.18,default,1.0,60.18,31.98
DUC_A01,008a,Pouteria gongrijpii,Sapotaceae,-2.952874439,-59.94783592,14.2,20160831,False,O,P11,13.62,13.62,feldpausch_regional,0.18,default,1.0,14.38,13.74
DUC_A01,008b,Sacoglottis guianensis,Humiriaceae,-2.953207134,-59.94809462,65.8,20160831,False,O,P11,33.27,33.27,feldpausch_regional,0.18,default,1.0,65.98,33.31
DUC_A01,009a,Protium paniculatum,Burseraceae,-2.952888559,-59.94783768,14.0,20160831,False,O,P11,13.49,13.49,feldpausch_regional,0.18,default,1.0,14.18,13.61
DUC_A01,009b,Virola mollissima,Myristicaceae,-2.953096563,-59.94810448,54.5,20160831,False,O,P11,30.54,30.54,feldpausch_regional,0.18,default,1.0,54.68,30.58
DUC_A01,010a,Eriotheca globosa,Malvaceae,-2.952912275,-59.94789885,12.0,20160831,False,O,P11,12.11,12.11,feldpausch_regional,0.18,default,1.0,12.18,12.23
DUC_A01,011a,Licania canescens,Chrysobalanaceae,-2.952915103,-59.94790412,15.2,20160831,False,O,P11,14.28,14.28,feldpausch_regional,0.18,default,1.0,15.38,14.39
DUC_A01,012a,Pouteria guianensis,Sapotaceae,-2.952920147,-59.94784525,31.5,20160831,False,O,P11,22.78,22.78,feldpausch_regional,0.18,default,1.0,31.68,22.85
DUC_A01,013a,Dipteryx odorata,Fabaceae,-2.95292215,-59.94782833,10.0,20160831,False,O,P11,10.62,10.62,feldpausch_regional,0.18,default,1.0,10.18,10.76
DUC_A01,014a,Caryocar glabrum,Caryocaraceae,-2.952932658,-59.94779364,63.0,20160831,False,O,P11,32.64,32.64,feldpausch_regional,0.18,default,1.0,63.18,32.68
DUC_A01,015a,Pouteria guianensis,Sapotaceae,-2.952961732,-59.94786505,10.1,20160831,False,O,P11,10.7,10.7,feldpausch_regional,0.18,default,1.0,10.28,10.84
DUC_A01,016a,Eschweilera ovata,Lecythidaceae,-2.952982704,-59.94784332,15.4,20160831,False,O,P11,14.41,14.41,feldpausch_regional,0.18,default,1.0,15.58,14.52
DUC_A01,017a,Lecythis lurida,Lecythidaceae,-2.953001036,-59.94784286,47.1,20160831,False,O,P11,28.41,28.41,feldpausch_regional,0.18,default,1.0,47.28,28.47
DUC_A01,018a,Pourouma minor,Urticaceae,-2.953036277,-59.94784281,11.3,20160831,False,O,P11,11.6,11.6,feldpausch_regional,0.18,default,1.0,11.48,11.73
DUC_A01,019a,Pourouma minor,Urticaceae,-2.953040339,-59.94782067,11.2,20160831,False,O,P11,11.53,11.53,feldpausch_regional,0.18,default,1.0,11.38,11.66
DUC_A01,020a,Eschweilera coriacea,Lecythidaceae,-2.953058077,-59.94787025,13.5,20160831,False,O,P11,13.15,13.15,feldpausch_regional,0.18,default,1.0,13.68,13.28
DUC_A01,021a,Eriotheca globosa,Malvaceae,-2.953061744,-59.94785829,29.6,20160831,False,O,P11,21.95,21.95,feldpausch_regional,0.18,default,1.0,29.78,22.03
DUC_A01,022a,Diplotropis brasiliensis,Fabaceae,-2.953090357,-59.94777743,12.1,20160831,False,O,P11,12.18,12.18,feldpausch_regional,0.18,default,1.0,12.28,12.31
DUC_A01,023a,Mabea angularis,Euphorbiaceae,-2.953051718,-59.9477253,22.9,20160831,False,O,P11,18.73,18.73,feldpausch_regional,0.18,default,1.0,23.08,18.83
DUC_A01,024a,Helicostylis tomentosa,Moraceae,-2.953071819,-59.94771376,35.1,20160831,False,O,P11,24.25,24.25,feldpausch_regional,0.18,default,1.0,35.28,24.32
DUC_A01,025a,Zygia racemosa,Fabaceae,-2.953093437,-59.94775063,10.0,20160831,False,O,P11,10.62,10.62,feldpausch_regional,0.18,default,1.0,10.18,10.76
DUC_A01,026a,Oenocarpus bacaba,Arecaceae,-2.953152568,-59.94772708,17.8,20160831,False,P,P11,15.89,15.89,feldpausch_regional,0.18,default,1.0,17.98,16.0
DUC_A01,027a,Guatteria schomburgkiana,Annonaceae,-2.95316301,-59.94770094,10.2,20160831,False,O,P11,10.78,10.78,feldpausch_regional,0.18,default,1.0,10.38,10.91
DUC_A01,028a,Vitex triflora,Lamiaceae,-2.953179146,-59.94771199,12.7,20160831,False,O,P11,12.6,12.6,feldpausch_regional,0.18,default,1.0,12.88,12.73
DUC_A01,029a,Virola crebrinervia,Myristicaceae,-2.953206697,-59.94774695,18.5,20160831,False,O,P11,16.31,16.31,feldpausch_regional,0.18,default,1.0,18.68,16.41
DUC_A01,030a,,,-2.953157318,-59.94766569,23.4,20160831,False,O,P11,18.99,18.99,feldpausch_regional,0.18,default,1.0,23.58,19.09
DUC_A01,031a,,,-2.953187104,-59.94766995,17.7,20160831,False,L,P11,15.83,15.83,feldpausch_regional,0.18,default,1.0,17.88,15.94
DUC_A01,032a,Protium paniculatum,Burseraceae,-2.953254743,-59.94773007,24.7,20160831,False,O,P11,19.65,19.65,feldpausch_regional,0.18,default,1.0,24.88,19.74
DUC_A01,033a,Pouteria gongrijpii,Sapotaceae,-2.953274944,-59.94775928,29.1,20160831,False,O,P11,21.73,21.73,feldpausch_regional,0.18,default,1.0,29.28,21.81
DUC_A01,034a,,,-2.953239598,-59.94774869,23.0,20160831,True,O,P11,18.79,18.79,feldpausch_regional,0.18,default,1.0,23.18,18.88
DUC_A01,035a,Enterolobium schomburgkii,Fabaceae,-2.953259737,-59.9477728,10.5,20160831,False,O,P11,11.0,11.0,feldpausch_regional,0.18,default,1.0,10.68,11.14
DUC_A01,036a,Eschweilera ovata,Lecythidaceae,-2.953181782,-59.9478112,12.5,20160831,False,O,P11,12.46,12.46,feldpausch_regional,0.18,default,1.0,12.68,12.59
DUC_A01,037a,Euterpe oleracea,Arecaceae,-2.953152511,-59.94776739,11.1,20160831,False,P,P11,11.45,11.45,feldpausch_regional,0.18,default,1.0,11.28,11.58
DUC_A01,038a,Licania canescens,Chrysobalanaceae,-2.953131617,-59.94783916,12.2,20160831,False,O,P11,12.25,12.25,feldpausch_regional,0.18,default,1.0,12.38,12.38
DUC_A01,039a,Guarea guidonia,Meliaceae,-2.953137207,-59.94785598,27.6,20160831,False,O,P11,21.05,21.05,feldpausch_regional,0.18,default,1.0,27.78,21.13
DUC_A01,040a,,,-2.953125802,-59.94786729,11.4,20160831,True,O,P11,11.67,11.67,feldpausch_regional,0.18,default,1.0,11.58,11.8
DUC_A01,041a,Caryocar glabrum,Caryocaraceae,-2.953083465,-59.94789276,46.1,20160831,False,O,P11,28.1,28.1,feldpausch_regional,0.18,default,1.0,46.28,28.16
DUC_A01,042a,Nectandra cuspidata,Lauraceae,-2.95308475,-59.94789502,13.4,20160831,False,O,P11,13.08,13.08,feldpausch_regional,0.18,default,1.0,13.58,13.21
DUC_A01,043a,Ocotea cernua,Lauraceae,-2.953016285,-59.94787384,13.7,20160831,False,O,P11,13.29,13.29,feldpausch_regional,0.18,default,1.0,13.88,13.41
DUC_A01,044a,Pouteria gongrijpii,Sapotaceae,-2.953010389,-59.94789688,21.8,20160831,False,O,P11,18.15,18.15,feldpausch_regional,0.18,default,1.0,21.98,18.25
DUC_A01,045a,Pouteria gongrijpii,Sapotaceae,-2.953015896,-59.94793318,19.0,20160831,False,O,P11,16.6,16.6,feldpausch_regional,0.18,default,1.0,19.18,16.7
DUC_A01,046a,Simarouba amara,Simaroubaceae,-2.952997141,-59.94794849,14.0,20160831,False,O,P11,13.49,13.49,feldpausch_regional,0.18,default,1.0,14.18,13.61
DUC_A01,047a,Eschweilera coriacea,Lecythidaceae,-2.952968922,-59.94791021,59.2,20160831,False,O,P11,31.74,31.74,feldpausch_regional,0.18,default,1.0,59.38,31.78
DUC_A01,048a,Pouteria gongrijpii,Sapotaceae,-2.952969716,-59.94790977,15.8,20160831,False,O,P11,14.66,14.66,feldpausch_regional,0.18,default,1.0,15.98,14.78
DUC_A01,049a,Licania octandra,Chrysobalanaceae,-2.952933293,-59.94793992,23.9,20160831,False,O,P11,19.25,19.25,feldpausch_regional,0.18,default,1.0,24.08,19.34
DUC_A01,050a,Pourouma minor,Urticaceae,-2.952915013,-59.94795013,12.8,20160831,False,O,P11,12.67,12.67,feldpausch_regional,0.18,default,1.0,12.98,12.8
DUC_A01,051a,Apeiba petoumo,Malvaceae,-2.952921426,-59.94796607,20.6,20160831,False,O,P11,17.5,17.5,feldpausch_regional,0.18,default,1.0,20.78,17.6
DUC_A01,052a,Protium paniculatum,Burseraceae,-2.952907012,-59.94799354,14.8,20160831,False,O,P11,14.02,14.02,feldpausch_regional,0.18,default,1.0,14.98,14.14
DUC_A01,053a,Euterpe oleracea,Arecaceae,-2.952876125,-59.94794265,10.9,20160831,False,P,P11,11.3,11.3,feldpausch_regional,0.18,default,1.0,11.08,11.44
DUC_A01,001a,Brosimum rubescens,Moraceae,-2.949948307,-59.9290325,37.1,20160827,False,O,P12,25.01,25.01,feldpausch_regional,0.18,default,1.0,37.28,25.08
DUC_A01,001b,Licania octandra,Chrysobalanaceae,-2.949977385,-59.92901061,38.3,20160827,False,O,P12,25.46,25.46,feldpausch_regional,0.18,default,1.0,38.48,25.53
DUC_A01,002a,Aspidosperma excelsum,Apocynaceae,-2.949946293,-59.92901503,15.0,20160827,False,O,P12,14.15,14.15,feldpausch_regional,0.18,default,1.0,15.18,14.27
DUC_A01,002b,Diospyros artanthifolia,Ebenaceae,-2.950092015,-59.92891925,38.4,20160827,False,O,P12,25.5,25.5,feldpausch_regional,0.18,default,1.0,38.58,25.56
DUC_A01,003a,Helicostylis tomentosa,Moraceae,-2.949982072,-59.92898361,12.4,20160827,False,O,P12,12.39,12.39,feldpausch_regional,0.18,default,1.0,12.58,12.52
DUC_A01,003b,Virola elongata,Myristicaceae,-2.950176641,-59.9288911,35.4,20160827,False,O,P12,24.36,24.36,feldpausch_regional,0.18,default,1.0,35.58,24.43
DUC_A01,004a,Brosimum rubescens,Moraceae,-2.950016887,-59.92902104,35.3,20160827,False,O,P12,24.32,24.32,feldpausch_regional,0.18,default,1.0,35.48,24.39
DUC_A01,004b,Eschweilera coriacea,Lecythidaceae,-2.950199376,-59.92885441,68.9,20160827,False,O,P12,33.93,33.93,feldpausch_regional,0.18,default,1.0,69.08,33.96
DUC_A01,005a,Ormosia coccinea,Fabaceae,-2.950013827,-59.92900613,25.3,20160827,False,O,P12,19.95,19.95,feldpausch_regional,0.18,default,1.0,25.48,20.04
DUC_A01,005b,,,-2.950233421,-59.92891687,43.5,20160827,False,O,P12,27.27,27.27,feldpausch_regional,0.18,default,1.0,43.68,27.33
DUC_A01,006a,Hymenolobium petraeum,Fabaceae,-2.950031851,-59.92905183,90.0,20160827,False,O,P12,37.61,37.61,feldpausch_regional,0.18,default,1.0,90.18,37.64
DUC_A01,006b,Brosimum rubescens,Moraceae,-2.950471804,-59.92913598,45.2,20160827,False,O,P12,27.82,27.82,feldpausch_regional,0.18,default,1.0,45.38,27.88
DUC_A01,007a,Protium paniculatum,Burseraceae,-2.950044723,-59.92903493,15.7,20160827,False,O,P12,14.6,14.6,feldpausch_regional,0.18,default,1.0,15.88,14.71
DUC_A01,007b,Couratari stellata,Lecythidaceae,-2.950448172,-59.92915133,43.8,20160827,False,O,P12,27.37,27.37,feldpausch_regional,0.18,default,1.0,43.98,27.43
DUC_A01,008a,Pouteria reticulata,Sapotaceae,-2.950042047,-59.92899739,23.7,20160827,False,O,P12,19.15,19.15,feldpausch_regional,0.18,default,1.0,23.88,19.24
DUC_A01,008b,Couratari stellata,Lecythidaceae,-2.950376588,-59.9292027,37.1,20160827,False,O,P12,25.01,25.01,feldpausch_regional,0.18,default,1.0,37.28,25.08
DUC_A01,009a,,,-2.95001008,-59.9289643,12.4,20160827,False,O,P12,12.39,12.39,feldpausch_regional,0.18,default,1.0,12.58,12.52
DUC_A01,009b,Bowdichia nitida,Fabaceae,-2.950343886,-59.92916962,61.2,20160827,False,O,P12,32.22,32.22,feldpausch_regional,0.18,default,1.0,61.38,32.26
DUC_A01,010a,,,-2.950022807,-59.928969,15.9,20160827,False,O,P12,14.73,14.73,feldpausch_regional,0.18,default,1.0,16.08,14.84
DUC_A01,010b,Eschweilera coriacea,Lecythidaceae,-2.950137131,-59.92928668,42.1,20160827,False,O,P12,26.8,26.8,feldpausch_regional,0.18,default,1.0,42.28,26.86
DUC_A01,011a,Eschweilera coriacea,Lecythidaceae,-2.950059241,-59.92893727,19.0,20160827,False,O,P12,16.6,16.6,feldpausch_regional,0.18,default,1.0,19.18,16.7
DUC_A01,011b,Pouteria gongrijpii,Sapotaceae,-2.950133133,-59.92926931,61.5,20160827,False,O,P12,32.29,32.29,feldpausch_regional,0.18,default,1.0,61.68,32.34
DUC_A01,012a,,,-2.950088618,-59.92897459,33.9,20160827,False,O,P12,23.77,23.77,feldpausch_regional,0.18,default,1.0,34.08,23.84
DUC_A01,012b,Glycydendron amazonicum,Euphorbiaceae,-2.950145288,-59.92933117,35.0,20160827,False,O,P12,24.21,24.21,feldpausch_regional,0.18,default,1.0,35.18,24.28
DUC_A01,013a,Eschweilera micrantha,Lecythidaceae,-2.950069152,-59.92897366,11.2,20160827,False,O,P12,11.53,11.53,feldpausch_regional,0.18,default,1.0,11.38,11.66
DUC_A01,013b,,,-2.950083611,-59.92933667,,20160827,True,O,P12,,,feldpausch_regional,0.18,default,1.0,,
DUC_A01,014a,Protium paniculatum,Burseraceae,-2.950093909,-59.92902718,17.6,20160827,False,O,P12,15.77,15.77,feldpausch_regional,0.18,default,1.0,17.78,15.88
DUC_A01,015a,Protium paniculatum,Burseraceae,-2.950100101,-59.92895561,11.4,20160827,False,O,P12,11.67,11.67,feldpausch_regional,0.18,default,1.0,11.58,11.8
DUC_A01,016a,,,-2.950101264,-59.92895788,11.6,20160827,True,O,P12,11.82,11.82,feldpausch_regional,0.18,default,1.0,11.78,11.95
DUC_A01,017a,Eschweilera coriacea,Lecythidaceae,-2.950125808,-59.92897057,22.7,20160827,False,O,P12,18.63,18.63,feldpausch_regional,0.18,default,1.0,22.88,18.72
DUC_A01,018a,Trichilia micrantha,Meliaceae,-2.950128918,-59.92896011,10.5,20160827,False,O,P12,11.0,11.0,feldpausch_regional,0.18,default,1.0,10.68,11.14
DUC_A01,019a,Helicostylis tomentosa,Moraceae,-2.950124445,-59.9289412,10.4,20160827,False,O,P12,10.93,10.93,feldpausch_regional,0.18,default,1.0,10.58,11.06
DUC_A01,020a,Neea oppositifolia,Nyctaginaceae,-2.950126046,-59.92896072,23.0,20160827,False,O,P12,18.79,18.79,feldpausch_regional,0.18,default,1.0,23.18,18.88
DUC_A01,021a,,,-2.950125853,-59.92899973,10.0,20160827,False,O,P12,10.62,10.62,feldpausch_regional,0.18,default,1.0,10.18,10.76
DUC_A01,022a,Casearia grandiflora,Salicaceae,-2.950162271,-59.92898732,10.3,20160827,False,O,P12,10.85,10.85,feldpausch_regional,0.18,default,1.0,10.48,10.99
DUC_A01,023a,,,-2.950163985,-59.92892133,20.8,20160827,False,O,P12,17.61,17.61,feldpausch_regional,0.18,default,1.0,20.98,17.71
DUC_A01,024a,Pouteria gongrijpii,Sapotaceae,-2.950130302,-59.92891177,16.9,20160827,False,O,P12,15.35,15.35,feldpausch_regional,0.18,default,1.0,17.08,15.46
DUC_A01,025a,Sloanea guianensis,Elaeocarpaceae,-2.950158885,-59.92887376,33.0,20160827,False,O,P12,23.4,23.4,feldpausch_regional,0.18,default,1.0,33.18,23.48
DUC_A01,026a,Aspidosperma excelsum,Apocynaceae,-2.950158559,-59.92886523,68.3,20160827,False,O,P12,33.8,33.8,feldpausch_regional,0.18,default,1.0,68.48,33.84
DUC_A01,027a,,,-2.95022177,-59.92887978,14.3,20160827,False,O,P12,13.69,13.69,feldpausch_regional,0.18,default,1.0,14.48,13.81
DUC_A01,028a,Protium paniculatum,Burseraceae,-2.950262476,-59.92889113,15.5,20160827,False,O,P12,14.47,14.47,feldpausch_regional,0.18,default,1.0,15.68,14.59
DUC_A01,029a,Pouteria reticulata,Sapotaceae,-2.950265721,-59.9289048,10.5,20160827,False,O,P12,11.0,11.0,feldpausch_regional,0.18,default,1.0,10.68,11.14
DUC_A01,030a,Pouteria gongrijpii,Sapotaceae,-2.950235253,-59.92896817,11.9,20160827,False,O,P12,12.03,12.03,feldpausch_regional,0.18,default,1.0,12.08,12.16
DUC_A01,031a,,,-2.950281358,-59.92892321,41.2,20160827,False,O,P12,26.49,26.49,feldpausch_regional,0.18,default,1.0,41.38,26.55
DUC_A01,032a,Trichilia micrantha,Meliaceae,-2.950281516,-59.92887482,35.3,20160827,False,O,P12,24.32,24.32,feldpausch_regional,0.18,default,1.0,35.48,24.39
DUC_A01,033a,Duguetia surinamensis,Annonaceae,-2.950308402,-59.92891884,10.9,20160827,False,O,P12,11.3,11.3,feldpausch_regional,0.18,default,1.0,11.08,11.44
DUC_A01,034a,Diospyros artanthifolia,Ebenaceae,-2.950324658,-59.92891851,22.9,20160827,False,O,P12,18.73,18.73,feldpausch_regional,0.18,default,1.0,23.08,18.83
DUC_A01,035a,Poeppigia procera,Fabaceae,-2.950319645,-59.92892129,11.8,20160827,False,O,P12,11.96,11.96,feldpausch_regional,0.18,default,1.0,11.98,12.09
DUC_A01,036a,Qualea paraensis,Vochysiaceae,-2.950272296,-59.92882396,37.1,20160827,False,O,P12,25.01,25.01,feldpausch_regional,0.18,default,1.0,37.28,25.08
DUC_A01,037a,Helicostylis tomentosa,Moraceae,-2.950337181,-59.92892121,17.0,20160827,False,O,P12,15.41,15.41,feldpausch_regional,0.18,default,1.0,17.18,15.52
DUC_A01,038a,Eschweilera micrantha,Lecythidaceae,-2.950324406,-59.92896505,24.6,20160827,False,O,P12,19.6,19.6,feldpausch_regional,0.18,default,1.0,24.78,19.69
DUC_A01,039a,Guarea guidonia,Meliaceae,-2.950297573,-59.92897226,33.6,20160827,False,O,P12,23.65,23.65,feldpausch_regional,0.18,default,1.0,33.78,23.72
DUC_A01,040a,Pouteria reticulata,Sapotaceae,-2.950224664,-59.92900317,33.4,20160827,False,O,P12,23.57,23.57,feldpausch_regional,0.18,default,1.0,33.58,23.64
DUC_A01,041a,Licania guianensis,Chrysobalanaceae,-2.950194695,-59.92901013,15.2,20160827,False,O,P12,14.28,14.28,feldpausch_regional,0.18,default,1.0,15.38,14.39
DUC_A01,042a,,,-2.950191984,-59.92901942,11.9,20160827,False,O,P12,12.03,12.03,feldpausch_regional,0.18,default,1.0,12.08,12.16
DUC_A01,043a,Dipteryx odorata,Fabaceae,-2.950142,-59.92902289,36.2,20160827,False,O,P12,24.67,24.67,feldpausch_regional,0.18,default,1.0,36.38,24.74
DUC_A01,044a,Aspidosperma excelsum,Apocynaceae,-2.950165823,-59.92905248,34.9,20160827,False,O,P12,24.17,24.17,feldpausch_regional,0.18,default,1.0,35.08,24.24
DUC_A01,045a,Pouteria gongrijpii,Sapotaceae,-2.950158704,-59.92905547,12.0,20160827,False,O,P12,12.11,12.11,feldpausch_regional,0.18,default,1.0,12.18,12.23
DUC_A01,046a,Eschweilera ovata,Lecythidaceae,-2.950118779,-59.92904261,25.2,20160827,False,O,P12,19.9,19.9,feldpausch_regional,0.18,default,1.0,25.38,19.99
DUC_A01,047a,Rinorea guianensis,Violaceae,-2.950118258,-59.92904583,18.0,20160827,False,O,P12,16.01,16.01,feldpausch_regional,0.18,default,1.0,18.18,16.12
DUC_A01,048a,Licania octandra,Chrysobalanaceae,-2.950082859,-59.92907137,19.1,20160827,False,O,P12,16.65,16.65,feldpausch_regional,0.18,default,1.0,19.28,16.76
DUC_A01,049a,Eschweilera coriacea,Lecythidaceae,-2.950281011,-59.92896211,16.8,20160827,False,O,P12,15.29,15.29,feldpausch_regional,0.18,default,1.0,16.98,15.4
DUC_A01,050a,,,-2.950034539,-59.92910118,30.9,20160827,False,O,P12,22.52,22.52,feldpausch_regional,0.18,default,1.0,31.08,22.6
DUC_A01,051a,Helicostylis tomentosa,Moraceae,-2.950022452,-59.92909812,12.8,20160827,False,O,P12,12.67,12.67,feldpausch_regional,0.18,default,1.0,12.98,12.8
DUC_A01,052a,Protium paniculatum,Burseraceae,-2.949972051,-59.92911437,13.0,20160827,False,O,P12,12.81,12.81,feldpausch_regional,0.18,default,1.0,13.18,12.93
DUC_A01,053a,Pouteria reticulata,Sapotaceae,-2.949973869,-59.92911826,37.1,20160827,False,O,P12,25.01,25.01,feldpausch_regional,0.18,default,1.0,37.28,25.08
DUC_A01,054a,Protium paniculatum,Burseraceae,-2.949954175,-59.92913706,13.1,20160827,False,O,P12,12.88,12.88,feldpausch_regional,0.18,default,1.0,13.28,13.0
DUC_A01,055a,,,-2.949956698,-59.92914253,12.3,20160827,False,L,P12,12.32,12.32,feldpausch_regional,0.18,default,1.0,12.48,12.45
DUC_A01,001a,Lacunaria jenmanii,Ochnaceae,-2.958853948,-59.93693399,21.8,20160826,False,O,P13,18.15,18.15,feldpausch_regional,0.18,default,1.0,21.98,18.25
DUC_A01,001b,Diplotropis sp.,Fabaceae,-2.959049397,-59.93706215,50.6,20160826,False,O,P13,29.45,29.45,feldpausch_regional,0.18,default,1.0,50.78,29.51
DUC_A01,002a,Protium paniculatum,Burseraceae,-2.958883235,-59.93698573,22.5,20160826,False,O,P13,18.53,18.53,feldpausch_regional,0.18,default,1.0,22.68,18.62
DUC_A01,002b,,,-2.95912958,-59.93717832,51.0,20160826,True,O,P13,29.57,29.57,feldpausch_regional,0.18,default,1.0,51.18,29.62
DUC_A01,003a,,,-2.95889649,-59.93695786,51.3,20160826,True,O,P13,29.65,29.65,feldpausch_regional,0.18,default,1.0,51.48,29.71
DUC_A01,003b,Qualea paraensis,Vochysiaceae,-2.959187463,-59.93702411,48.0,20160826,False,O,P13,28.69,28.69,feldpausch_regional,0.18,default,1.0,48.18,28.74
DUC_A01,004a,,,-2.958915098,-59.93695722,15.5,20160826,False,O,P13,14.47,14.47,feldpausch_regional,0.18,default,1.0,15.68,14.59
DUC_A01,004b,Pouteria sp.,Sapotaceae,-2.959325313,-59.9371596,41.7,20160826,False,O,P13,26.66,26.66,feldpausch_regional,0.18,default,1.0,41.88,26.72
DUC_A01,005a,Eperua bijuga,Fabaceae,-2.958956106,-59.93696896,15.2,20160826,False,O,P13,14.28,14.28,feldpausch_regional,0.18,default,1.0,15.38,14.39
DUC_A01,005b,Eschweilera coriacea,Lecythidaceae,-2.959267117,-59.93707045,38.8,20160826,False,O,P13,25.64,25.64,feldpausch_regional,0.18,default,1.0,38.98,25.71
DUC_A01,006a,Mezilaurus itauba,Lauraceae,-2.958965537,-59.93695846,11.0,20160826,False,O,P13,11.38,11.38,feldpausch_regional,0.18,default,1.0,11.18,11.51
DUC_A01,006b,Erisma uncinatum,Vochysiaceae,-2.959220964,-59.93713701,60.2,20160826,False,O,P13,31.98,31.98,feldpausch_regional,0.18,default,1.0,60.38,32.03
DUC_A01,007a,Protium paniculatum,Burseraceae,-2.958958616,-59.9369128,19.7,20160826,False,O,P13,17.0,17.0,feldpausch_regional,0.18,default,1.0,19.88,17.1
DUC_A01,007b,,,-2.959179206,-59.9371908,41.5,20160826,False,O,P13,26.59,26.59,feldpausch_regional,0.18,default,1.0,41.68,26.66
DUC_A01,008a,Goupia glabra,Goupiaceae,-2.958991981,-59.93691379,57.8,20160826,False,O,P13,31.39,31.39,feldpausch_regional,0.18,default,1.0,57.98,31.44
DUC_A01,008b,,,-2.959192382,-59.93722378,57.8,20160826,True,O,P13,31.39,31.39,feldpausch_regional,0.18,default,1.0,57.98,31.44
DUC_A01,009a,Pouteria gongrijpii,Sapotaceae,-2.958977221,-59.93686241,15.0,20160826,False,O,P13,14.15,14.15,feldpausch_regional,0.18,default,1.0,15.18,14.27
DUC_A01,009b,Lecythis lurida,Lecythidaceae,-2.959090956,-59.93727347,39.8,20160826,False,O,P13,26.0,26.0,feldpausch_regional,0.18,default,1.0,39.98,26.06
DUC_A01,010a,Pourouma minor,Urticaceae,-2.959006722,-59.9368463,36.5,20160826,False,O,P13,24.79,24.79,feldpausch_regional,0.18,default,1.0,36.68,24.86
DUC_A01,010b,Qualea paraensis,Vochysiaceae,-2.958999891,-59.93723124,36.6,20160826,False,O,P13,24.82,24.82,feldpausch_regional,0.18,default,1.0,36.78,24.89
DUC_A01,011a,Eschweilera coriacea,Lecythidaceae,-2.95902599,-59.93689311,25.8,20160826,False,O,P13,20.19,20.19,feldpausch_regional,0.18,default,1.0,25.98,20.28
DUC_A01,012a,Lecythis pisonis,Lecythidaceae,-2.959029814,-59.9368909,82.0,20160826,False,O,P13,36.36,36.36,feldpausch_regional,0.18,default,1.0,82.18,36.39
DUC_A01,013a,Protium paniculatum,Burseraceae,-2.959008744,-59.93693455,19.0,20160826,False,O,P13,16.6,16.6,feldpausch_regional,0.18,default,1.0,19.18,16.7
DUC_A01,014a,Protium paniculatum,Burseraceae,-2.959020993,-59.93697719,10.8,20160826,False,O,P13,11.23,11.23,feldpausch_regional,0.18,default,1.0,10.98,11.36
DUC_A01,015a,Iryanthera paraensis,Myristicaceae,-2.959043445,-59.93689421,12.3,20160826,False,O,P13,12.32,12.32,feldpausch_regional,0.18,default,1.0,12.48,12.45
DUC_A01,016a,Brosimum rubescens,Moraceae,-2.959046909,-59.93689323,44.2,20160826,False,O,P13,27.5,27.5,feldpausch_regional,0.18,default,1.0,44.38,27.56
DUC_A01,017a,Pourouma minor,Urticaceae,-2.959050372,-59.93689225,11.8,20160826,False,O,P13,11.96,11.96,feldpausch_regional,0.18,default,1.0,11.98,12.09
DUC_A01,018a,,,-2.959067336,-59.93694041,11.3,20160826,True,O,P13,11.6,11.6,feldpausch_regional,0.18,default,1.0,11.48,11.73
DUC_A01,019a,Pouteria reticulata,Sapotaceae,-2.959091803,-59.93685711,46.9,20160826,False,O,P13,28.35,28.35,feldpausch_regional,0.18,default,1.0,47.08,28.41
DUC_A01,020a,Protium paniculatum,Burseraceae,-2.959089613,-59.93684512,15.2,20160826,False,O,P13,14.28,14.28,feldpausch_regional,0.18,default,1.0,15.38,14.39
DUC_A01,021a,Eschweilera coriacea,Lecythidaceae,-2.959091359,-59.93681758,16.3,20160826,False,O,P13,14.98,14.98,feldpausch_regional,0.18,default,1.0,16.48,15.09
DUC_A01,022a,Protium paniculatum,Burseraceae,-2.959120086,-59.93682136,14.2,20160826,False,O,P13,13.62,13.62,feldpausch_regional,0.18,default,1.0,14.38,13.74
DUC_A01,023a,Rinorea guianensis,Violaceae,-2.959123006,-59.9368503,11.2,20160826,False,O,P13,11.53,11.53,feldpausch_regional,0.18,default,1.0,11.38,11.66
DUC_A01,024a,Sagotia racemosa,Euphorbiaceae,-2.959128762,-59.93688471,17.9,20160826,False,O,P13,15.95,15.95,feldpausch_regional,0.18,default,1.0,18.08,16.06
DUC_A01,025a,Virola elongata,Myristicaceae,-2.959129959,-59.9369044,11.2,20160826,False,O,P13,11.53,11.53,feldpausch_regional,0.18,default,1.0,11.38,11.66
DUC_A01,026a,Astronium graveolens,Anacardiaceae,-2.959169118,-59.93689209,17.4,20160826,False,O,P13,15.65,15.65,feldpausch_regional,0.18,default,1.0,17.58,15.76
DUC_A01,027a,Lacunaria jenmanii,Ochnaceae,-2.959152824,-59.93683308,14.3,20160826,False,O,P13,13.69,13.69,feldpausch_regional,0.18,default,1.0,14.48,13.81
DUC_A01,028a,,,-2.959156605,-59.93680943,13.1,20160826,False,O,P13,12.88,12.88,feldpausch_regional,0.18,default,1.0,13.28,13.0
DUC_A01,029a,Protium paniculatum,Burseraceae,-2.959169484,-59.93681528,19.6,20160826,False,O,P13,16.94,16.94,feldpausch_regional,0.18,default,1.0,19.78,17.04
DUC_A01,030a,Hevea brasiliensis,Euphorbiaceae,-2.959169767,-59.93681,11.1,20160826,False,O,P13,11.45,11.45,feldpausch_regional,0.18,default,1.0,11.28,11.58
DUC_A01,031a,Qualea paraensis,Vochysiaceae,-2.959174232,-59.93682072,16.5,20160826,False,O,P13,15.1,15.1,feldpausch_regional,0.18,default,1.0,16.68,15.21
DUC_A01,032a,Aniba parviflora,Lauraceae,-2.959188415,-59.93689121,20.4,20160826,False,O,P13,17.39,17.39,feldpausch_regional,0.18,default,1.0,20.58,17.49
DUC_A01,033a,Sloanea guianensis,Elaeocarpaceae,-2.959222166,-59.93684116,20.9,20160826,False,O,P13,17.67,17.67,feldpausch_regional,0.18,default,1.0,21.08,17.76
DUC_A01,034a,Virola elongata,Myristicaceae,-2.959225594,-59.93681872,17.3,20160826,False,O,P13,15.59,15.59,feldpausch_regional,0.18,default,1.0,17.48,15.7
DUC_A01,035a,Tapirira guianensis,Anacardiaceae,-2.959206594,-59.93673231,12.3,20160826,False,O,P13,12.32,12.32,feldpausch_regional,0.18,default,1.0,12.48,12.45
DUC_A01,036a,Pourouma minor,Urticaceae,-2.959209402,-59.93673787,35.0,20160826,False,O,P13,24.21,24.21,feldpausch_regional,0.18,default,1.0,35.18,24.28
DUC_A01,037a,Couepia racemosa,Chrysobalanaceae,-2.959259215,-59.93684033,11.5,20160826,False,O,P13,11.75,11.75,feldpausch_regional,0.18,default,1.0,11.68,11.88
DUC_A01,038a,,,-2.959256446,-59.9368368,27.2,20160826,True,O,P13,20.86,20.86,feldpausch_regional,0.18,default,1.0,27.38,20.94
DUC_A01,039a,Licania guianensis,Chrysobalanaceae,-2.959264468,-59.93685268,27.7,20160826,False,O,P13,21.09,21.09,feldpausch_regional,0.18,default,1.0,27.88,21.17
DUC_A01,040a,Sagotia racemosa,Euphorbiaceae,-2.959258842,-59.93686102,13.2,20160826,False,O,P13,12.95,12.95,feldpausch_regional,0.18,default,1.0,13.38,13.07
DUC_A01,041a,Myrcia splendens,Myrtaceae,-2.959177824,-59.93693807,27.5,20160826,False,O,P13,21.0,21.0,feldpausch_regional,0.18,default,1.0,27.68,21.08
DUC_A01,042a,,,-2.959169978,-59.93693237,15.9,20160826,True,O,P13,14.73,14.73,feldpausch_regional,0.18,default,1.0,16.08,14.84
DUC_A01,043a,,,-2.959145788,-59.9369564,15.5,20160826,True,O,P13,14.47,14.47,feldpausch_regional,0.18,default,1.0,15.68,14.59
DUC_A01,044a,Licania octandra,Chrysobalanaceae,-2.959120161,-59.93695074,20.3,20160826,False,O,P13,17.33,17.33,feldpausch_regional,0.18,default,1.0,20.48,17.43
DUC_A01,045a,Rinorea guianensis,Violaceae,-2.959099411,-59.93692197,18.9,20160826,False,O,P13,16.54,16.54,feldpausch_regional,0.18,default,1.0,19.08,16.64
DUC_A01,046a,Helicostylis tomentosa,Moraceae,-2.959088451,-59.93693335,42.0,20160826,False,O,P13,26.77,26.77,feldpausch_regional,0.18,default,1.0,42.18,26.83
DUC_A01,047a,,,-2.959089581,-59.93694896,13.2,20160826,True,O,P13,12.95,12.95,feldpausch_regional,0.18,default,1.0,13.38,13.07
DUC_A01,048a,,,-2.959088459,-59.93695062,12.5,20160826,True,O,P13,12.46,12.46,feldpausch_regional,0.18,default,1.0,12.68,12.59
DUC_A01,049a,Pouteria reticulata,Sapotaceae,-2.959078396,-59.93695031,50.1,20160826,False,O,P13,29.31,29.31,feldpausch_regional,0.18,default,1.0,50.28,29.36
DUC_A01,050a,,,-2.95905783,-59.9369966,17.0,20160826,False,O,P13,15.41,15.41,feldpausch_regional,0.18,default,1.0,17.18,15.52
DUC_A01,051a,Eperua bijuga,Fabaceae,-2.959034267,-59.93702932,16.8,20160826,False,O,P13,15.29,15.29,feldpausch_regional,0.18,default,1.0,16.98,15.4
DUC_A01,052a,Guarea guidonia,Meliaceae,-2.958973142,-59.93702995,10.0,20160826,False,O,P13,10.62,10.62,feldpausch_regional,0.18,default,1.0,10.18,10.76
DUC_A01,001a,Ocotea cernua,Lauraceae,-2.96024993,-59.93664921,16.4,20160826,False,O,P14,15.04,15.04,feldpausch_regional,0.18,default,1.0,16.58,15.15
DUC_A01,001b,Pouteria cladantha,Sapotaceae,-2.960493215,-59.93682793,46.0,20160826,False,O,P14,28.07,28.07,feldpausch_regional,0.18,default,1.0,46.18,28.13
DUC_A01,002a,Diospyros artanthifolia,Ebenaceae,-2.960293813,-59.93669065,25.9,20160826,False,O,P14,20.24,20.24,feldpausch_regional,0.18,default,1.0,26.08,20.33
DUC_A01,002b,Erisma uncinatum,Vochysiaceae,-2.960521701,-59.9368034,42.2,20160826,False,O,P14,26.83,26.83,feldpausch_regional,0.18,default,1.0,42.38,26.89
DUC_A01,003a,Helicostylis tomentosa,Moraceae,-2.960315451,-59.93672009,20.0,20160826,False,O,P14,17.17,17.17,feldpausch_regional,0.18,default,1.0,20.18,17.27
DUC_A01,003b,,,-2.9605507,-59.93674869,43.2,20160826,True,O,P14,27.17,27.17,feldpausch_regional,0.18,default,1.0,43.38,27.23
DUC_A01,004a,Dipteryx odorata,Fabaceae,-2.960333911,-59.93671625,45.0,20160826,False,O,P14,27.76,27.76,feldpausch_regional,0.18,default,1.0,45.18,27.81
DUC_A01,004b,Couratari stellata,Lecythidaceae,-2.960554644,-59.9367568,42.2,20160826,False,O,P14,26.83,26.83,feldpausch_regional,0.18,default,1.0,42.38,26.89
DUC_A01,005a,Eriotheca globosa,Malvaceae,-2.960298848,-59.93667812,26.6,20160826,False,O,P14,20.58,20.58,feldpausch_regional,0.18,default,1.0,26.78,20.66
DUC_A01,005b,Pouteria cladantha,Sapotaceae,-2.960615539,-59.93674686,35.2,20160826,False,O,P14,24.28,24.28,feldpausch_regional,0.18,default,1.0,35.38,24.36
DUC_A01,006a,Sacoglottis guianensis,Humiriaceae,-2.960319969,-59.93668172,11.4,20160826,False,O,P14,11.67,11.67,feldpausch_regional,0.18,default,1.0,11.58,11.8
DUC_A01,006b,Erisma uncinatum,Vochysiaceae,-2.960726165,-59.93690687,65.5,20160826,False,O,P14,33.2,33.2,feldpausch_regional,0.18,default,1.0,65.68,33.24
DUC_A01,007a,Guatteria schomburgkiana,Annonaceae,-2.960357793,-59.93670483,17.0,20160826,False,O,P14,15.41,15.41,feldpausch_regional,0.18,default,1.0,17.18,15.52
DUC_A01,007b,Couratari stellata,Lecythidaceae,-2.960723501,-59.93690136,48.7,20160826,False,O,P14,28.9,28.9,feldpausch_regional,0.18,default,1.0,48.88,28.95
DUC_A01,008a,Eriotheca globosa,Malvaceae,-2.960351235,-59.93665832,15.6,20160826,False,O,P14,14.54,14.54,feldpausch_regional,0.18,default,1.0,15.78,14.65
DUC_A01,008b,Symphonia globulifera,Clusiaceae,-2.960628866,-59.93695701,55.0,20160826,False,O,P14,30.67,30.67,feldpausch_regional,0.18,default,1.0,55.18,30.72
DUC_A01,009a,Iryanthera paraensis,Myristicaceae,-2.960379247,-59.93668015,12.1,20160826,False,O,P14,12.18,12.18,feldpausch_regional,0.18,default,1.0,12.28,12.31
DUC_A01,009b,Eriotheca globosa,Malvaceae,-2.960619323,-59.93693742,42.4,20160826,False,O,P14,26.9,26.9,feldpausch_regional,0.18,default,1.0,42.58,26.96
DUC_A01,010a,Protium paniculatum,Burseraceae,-2.960370454,-59.93663107,21.7,20160826,False,O,P14,18.1,18.1,feldpausch_regional,0.18,default,1.0,21.88,18.2
DUC_A01,010b,Brosimum parinarioides,Moraceae,-2.960492722,-59.9370533,54.4,20160826,False,O,P14,30.51,30.51,feldpausch_regional,0.18,default,1.0,54.58,30.56
DUC_A01,011a,Hymenolobium petraeum,Fabaceae,-2.96038747,-59.93665126,59.0,20160826,False,O,P14,31.69,31.69,feldpausch_regional,0.18,default,1.0,59.18,31.74
DUC_A01,011b,Stryphnodendron pulcherrimum,Fabaceae,-2.9604728,-59.9370538,44.6,20160826,False,O,P14,27.63,27.63,feldpausch_regional,0.18,default,1.0,44.78,27.68
DUC_A01,012a,,,-2.960382378,-59.93662215,34.8,20160826,False,O,P14,24.13,24.13,feldpausch_regional,0.18,default,1.0,34.98,24.2
DUC_A01,013a,Licania guianensis,Chrysobalanaceae,-2.960414844,-59.93664275,12.5,20160826,False,O,P14,12.46,12.46,feldpausch_regional,0.18,default,1.0,12.68,12.59
DUC_A01,014a,Pouteria gongrijpii,Sapotaceae,-2.960416531,-59.93664204,37.1,20160826,False,O,P14,25.01,25.01,feldpausch_regional,0.18,default,1.0,37.28,25.08
DUC_A01,015a,Brosimum parinarioides,Moraceae,-2.96043268,-59.9366522,12.7,20160826,False,O,P14,12.6,12.6,feldpausch_regional,0.18,default,1.0,12.88,12.73
DUC_A01,016a,,,-2.960458125,-59.93670638,34.5,20160826,True,O,P14,24.01,24.01,feldpausch_regional,0.18,default,1.0,34.68,24.08
DUC_A01,017a,Helicostylis tomentosa,Moraceae,-2.960475621,-59.93669648,11.8,20160826,False,O,P14,11.96,11.96,feldpausch_regional,0.18,default,1.0,11.98,12.09
DUC_A01,018a,Oenocarpus bataua,Arecaceae,-2.960414689,-59.93660495,11.9,20160826,False,P,P14,12.03,12.03,feldpausch_regional,0.18,default,1.0,12.08,12.16
DUC_A01,019a,,,-2.960462429,-59.93664444,27.1,20160826,True,O,P14,20.81,20.81,feldpausch_regional,0.18,default,1.0,27.28,20.9
DUC_A01,020a,Protium paniculatum,Burseraceae,-2.960465939,-59.93661826,14.0,20160826,False,O,P14,13.49,13.49,feldpausch_regional,0.18,default,1.0,14.18,13.61
DUC_A01,021a,Helicostylis tomentosa,Moraceae,-2.960440116,-59.93657986,33.2,20160826,False,O,P14,23.48,23.48,feldpausch_regional,0.18,default,1.0,33.38,23.56
DUC_A01,022a,Sloanea guianensis,Elaeocarpaceae,-2.96049693,-59.93662766,28.1,20160826,False,O,P14,21.28,21.28,feldpausch_regional,0.18,default,1.0,28.28,21.36
DUC_A01,023a,Oenocarpus bataua,Arecaceae,-2.960501133,-59.93662586,11.9,20160826,False,P,P14,12.03,12.03,feldpausch_regional,0.18,default,1.0,12.08,12.16
DUC_A01,024a,Eriotheca globosa,Malvaceae,-2.960503003,-59.93660462,20.4,20160826,False,O,P14,17.39,17.39,feldpausch_regional,0.18,default,1.0,20.58,17.49
DUC_A01,025a,Pouteria sp.,Sapotaceae,-2.960518768,-59.9366057,16.0,20160826,False,O,P14,14.79,14.79,feldpausch_regional,0.18,default,1.0,16.18,14.9
DUC_A01,026a,,,-2.96052667,-59.93660525,15.1,20160826,False,O,P14,14.21,14.21,feldpausch_regional,0.18,default,1.0,15.28,14.33
DUC_A01,027a,,,-2.960509295,-59.93659036,51.2,20160826,False,O,P14,29.63,29.63,feldpausch_regional,0.18,default,1.0,51.38,29.68
DUC_A01,028a,Couratari stellata,Lecythidaceae,-2.960538501,-59.93658775,46.5,20160826,False,O,P14,28.23,28.23,feldpausch_regional,0.18,default,1.0,46.68,28.28
DUC_A01,029a,Nectandra cuspidata,Lauraceae,-2.960548934,-59.93658622,12.0,20160826,False,O,P14,12.11,12.11,feldpausch_regional,0.18,default,1.0,12.18,12.23
DUC_A01,030a,,,-2.960558693,-59.93661269,15.5,20160826,False,O,P14,14.47,14.47,feldpausch_regional,0.18,default,1.0,15.68,14.59
DUC_A01,031a,Pouteria gongrijpii,Sapotaceae,-2.960567697,-59.93656412,27.7,20160826,False,O,P14,21.09,21.09,feldpausch_regional,0.18,default,1.0,27.88,21.17
DUC_A01,032a,,,-2.96060609,-59.93656587,12.1,20160826,False,O,P14,12.18,12.18,feldpausch_regional,0.18,default,1.0,12.28,12.31
DUC_A01,033a,,,-2.960630998,-59.93653961,41.5,20160826,True,O,P14,26.59,26.59,feldpausch_regional,0.18,default,1.0,41.68,26.66
DUC_A01,034a,Licania octandra,Chrysobalanaceae,-2.960657207,-59.93655619,30.8,20160826,False,O,P14,22.48,22.48,feldpausch_regional,0.18,default,1.0,30.98,22.55
DUC_A01,035a,,,-2.960636787,-59.93660226,21.8,20160826,True,O,P14,18.15,18.15,feldpausch_regional,0.18,default,1.0,21.98,18.25
DUC_A01,036a,Eriotheca globosa,Malvaceae,-2.960732276,-59.93686334,12.0,20160826,False,O,P14,12.11,12.11,feldpausch_regional,0.18,default,1.0,12.18,12.23
DUC_A01,037a,Poeppigia procera,Fabaceae,-2.960733819,-59.93686446,15.6,20160826,False,O,P14,14.54,14.54,feldpausch_regional,0.18,default,1.0,15.78,14.65
DUC_A01,038a,Simarouba amara,Simaroubaceae,-2.96078108,-59.93689382,18.1,20160826,False,O,P14,16.07,16.07,feldpausch_regional,0.18,default,1.0,18.28,16.18
DUC_A01,039a,Batesia floribunda,Fabaceae,-2.960575259,-59.93662177,14.0,20160826,False,O,P14,13.49,13.49,feldpausch_regional,0.18,default,1.0,14.18,13.61
DUC_A01,040a,Simarouba amara,Simaroubaceae,-2.960574494,-59.93662019,16.7,20160826,False,O,P14,15.22,15.22,feldpausch_regional,0.18,default,1.0,16.88,15.34
DUC_A01,041a,Nectandra cuspidata,Lauraceae,-2.960567801,-59.93662312,12.3,20160826,False,O,P14,12.32,12.32,feldpausch_regional,0.18,default,1.0,12.48,12.45
DUC_A01,042a,Pouteria sp.,Sapotaceae,-2.960554078,-59.93668268,23.9,20160826,False,O,P14,19.25,19.25,feldpausch_regional,0.18,default,1.0,24.08,19.34
DUC_A01,043a,,,-2.960536018,-59.93666635,12.0,20160826,False,O,P14,12.11,12.11,feldpausch_regional,0.18,default,1.0,12.18,12.23
DUC_A01,044a,Oenocarpus bataua,Arecaceae,-2.960500223,-59.93668242,20.6,20160826,False,P,P14,17.5,17.5,feldpausch_regional,0.18,default,1.0,20.78,17.6
DUC_A01,045a,Miconia poeppigii,Melastomataceae,-2.960481754,-59.93670074,33.4,20160826,False,O,P14,23.57,23.57,feldpausch_regional,0.18,default,1.0,33.58,23.64
DUC_A01,046a,Protium paniculatum,Burseraceae,-2.96046668,-59.93671766,21.4,20160826,False,O,P14,17.94,17.94,feldpausch_regional,0.18,default,1.0,21.58,18.04
DUC_A01,047a,Qualea paraensis,Vochysiaceae,-2.960417764,-59.93672971,35.3,20160826,False,O,P14,24.32,24.32,feldpausch_regional,0.18,default,1.0,35.48,24.39
DUC_A01,048a,,,-2.960410676,-59.93674839,24.3,20160826,False,O,P14,19.45,19.45,feldpausch_regional,0.18,default,1.0,24.48,19.54
DUC_A01,049a,,,-2.960397922,-59.93678238,10.3,20160826,False,O,P14,10.85,10.85,feldpausch_regional,0.18,default,1.0,10.48,10.99
DUC_A01,050a,Protium paniculatum,Burseraceae,-2.960389555,-59.93676328,11.1,20160826,False,O,P14,11.45,11.45,feldpausch_regional,0.18,default,1.0,11.28,11.58
DUC_A01,051a,Virola michelii,Myristicaceae,-2.960381199,-59.93674626,60.0,20160826,False,O,P14,31.94,31.94,feldpausch_regional,0.18,default,1.0,60.18,31.98
DUC_A01,052a,Protium paniculatum,Burseraceae,-2.96037284,-59.9367189,11.0,20160826,False,O,P14,11.38,11.38,feldpausch_regional,0.18,default,1.0,11.18,11.51
DUC_A01,053a,Pouteria sp.,Sapotaceae,-2.960370444,-59.93676159,10.3,20160826,False,O,P14,10.85,10.85,feldpausch_regional,0.18,default,1.0,10.48,10.99
DUC_A01,001a,Oenocarpus bataua,Arecaceae,-2.962090253,-59.93691191,17.7,20160826,False,P,P15,15.83,15.83,feldpausch_regional,0.18,default,1.0,17.88,15.94
DUC_A01,001b,Couratari stellata,Lecythidaceae,-2.962150395,-59.93695431,68.7,20160826,False,O,P15,33.89,33.89,feldpausch_regional,0.18,default,1.0,68.88,33.92
DUC_A01,002a,Eperua bijuga,Fabaceae,-2.962120553,-59.93688537,41.5,20160826,False,O,P15,26.59,26.59,feldpausch_regional,0.18,default,1.0,41.68,26.66
DUC_A01,002b,Sextonia rubra,Lauraceae,-2.962159857,-59.93695118,43.0,20160826,False,O,P15,27.1,27.1,feldpausch_regional,0.18,default,1.0,43.18,27.16
DUC_A01,003a,Protium paniculatum,Burseraceae,-2.962128503,-59.93688097,10.0,20160826,False,O,P15,10.62,10.62,feldpausch_regional,0.18,default,1.0,10.18,10.76
DUC_A01,003b,Hymenaea courbaril,Fabaceae,-2.962165741,-59.93701988,75.4,20160826,False,O,P15,35.2,35.2,feldpausch_regional,0.18,default,1.0,75.58,35.23
DUC_A01,004a,Guatteria schomburgkiana,Annonaceae,-2.96214065,-59.93687078,10.4,20160826,False,O,P15,10.93,10.93,feldpausch_regional,0.18,default,1.0,10.58,11.06
DUC_A01,004b,Brosimum guianense,Moraceae,-2.96242944,-59.93693417,66.7,20160826,False,O,P15,33.46,33.46,feldpausch_regional,0.18,default,1.0,66.88,33.5
DUC_A01,005a,Protium paniculatum,Burseraceae,-2.96215052,-59.93686008,16.1,20160826,False,O,P15,14.85,14.85,feldpausch_regional,0.18,default,1.0,16.28,14.96
DUC_A01,005b,Eriotheca globosa,Malvaceae,-2.962429326,-59.93689389,63.6,20160826,False,O,P15,32.78,32.78,feldpausch_regional,0.18,default,1.0,63.78,32.82
DUC_A01,006a,Protium paniculatum,Burseraceae,-2.962154944,-59.93685471,16.1,20160826,False,O,P15,14.85,14.85,feldpausch_regional,0.18,default,1.0,16.28,14.96
DUC_A01,006b,Pouteria oppositifolia,Sapotaceae,-2.962441751,-59.93695241,55.0,20160826,False,O,P15,30.67,30.67,feldpausch_regional,0.18,default,1.0,55.18,30.72
DUC_A01,007a,Protium paniculatum,Burseraceae,-2.96216176,-59.93684393,13.9,20160826,False,O,P15,13.42,13.42,feldpausch_regional,0.18,default,1.0,14.08,13.54
DUC_A01,007b,Ocotea cernua,Lauraceae,-2.962512408,-59.93685226,43.0,20160826,False,O,P15,27.1,27.1,feldpausch_regional,0.18,default,1.0,43.18,27.16
DUC_A01,008a,Sterculia pruriens,Malvaceae,-2.962169652,-59.93683736,36.4,20160826,False,O,P15,24.75,24.75,feldpausch_regional,0.18,default,1.0,36.58,24.82
DUC_A01,008b,Helicostylis tomentosa,Moraceae,-2.962414799,-59.93701914,38.4,20160826,False,O,P15,25.5,25.5,feldpausch_regional,0.18,default,1.0,38.58,25.56
DUC_A01,009a,Oenocarpus bataua,Arecaceae,-2.962120652,-59.9368451,19.5,20160826,False,P,P15,16.88,16.88,feldpausch_regional,0.18,default,1.0,19.68,16.99
DUC_A01,010a,,,-2.962168691,-59.93680239,15.8,20160826,True,O,P15,14.66,14.66,feldpausch_regional,0.18,default,1.0,15.98,14.78
DUC_A01,011a,,,-2.962200467,-59.93678447,23.1,20160826,True,O,P15,18.84,18.84,feldpausch_regional,0.18,default,1.0,23.28,18.93
DUC_A01,012a,Pouteria gongrijpii,Sapotaceae,-2.962208731,-59.93678276,20.8,20160826,False,O,P15,17.61,17.61,feldpausch_regional,0.18,default,1.0,20.98,17.71
DUC_A01,013a,Pouteria gongrijpii,Sapotaceae,-2.962221657,-59.93676559,32.0,20160826,False,O,P15,22.99,22.99,feldpausch_regional,0.18,default,1.0,32.18,23.06
DUC_A01,014a,Hymenaea courbaril,Fabaceae,-2.962217473,-59.93677998,10.7,20160826,False,O,P15,11.15,11.15,feldpausch_regional,0.18,default,1.0,10.88,11.29
DUC_A01,015a,Nectandra cuspidata,Lauraceae,-2.962218306,-59.93678171,14.7,20160826,False,O,P15,13.95,13.95,feldpausch_regional,0.18,default,1.0,14.88,14.07
DUC_A01,016a,Protium paniculatum,Burseraceae,-2.962228214,-59.93679395,11.9,20160826,False,O,P15,12.03,12.03,feldpausch_regional,0.18,default,1.0,12.08,12.16
DUC_A01,017a,,,-2.962270969,-59.93672542,49.7,20160826,True,O,P15,29.19,29.19,feldpausch_regional,0.18,default,1.0,49.88,29.25
DUC_A01,018a,Guatteria schomburgkiana,Annonaceae,-2.962306438,-59.93676484,12.4,20160826,False,O,P15,12.39,12.39,feldpausch_regional,0.18,default,1.0,12.58,12.52
DUC_A01,019a,,,-2.962298485,-59.93674357,11.5,20160826,False,O,P15,11.75,11.75,feldpausch_regional,0.18,default,1.0,11.68,11.88
DUC_A01,020a,Eriotheca globosa,Malvaceae,-2.962311988,-59.93673617,33.2,20160826,False,O,P15,23.48,23.48,feldpausch_regional,0.18,default,1.0,33.38,23.56
DUC_A01,021a,Diospyros artanthifolia,Ebenaceae,-2.962322056,-59.93672352,29.1,20160826,False,O,P15,21.73,21.73,feldpausch_regional,0.18,default,1.0,29.28,21.81
DUC_A01,022a,Ocotea cernua,Lauraceae,-2.962349617,-59.93673153,19.2,20160826,False,O,P15,16.71,16.71,feldpausch_regional,0.18,default,1.0,19.38,16.82
DUC_A01,023a,Micropholis venulosa,Sapotaceae,-2.962341582,-59.93670547,11.5,20160826,False,O,P15,11.75,11.75,feldpausch_regional,0.18,default,1.0,11.68,11.88
DUC_A01,024a,Sacoglottis guianensis,Humiriaceae,-2.962340563,-59.93666641,25.5,20160826,False,O,P15,20.05,20.05,feldpausch_regional,0.18,default,1.0,25.68,20.13
DUC_A01,025a,Licania octandra,Chrysobalanaceae,-2.962359589,-59.93668839,17.0,20160826,False,O,P15,15.41,15.41,feldpausch_regional,0.18,default,1.0,17.18,15.52
DUC_A01,026a,Poeppigia procera,Fabaceae,-2.96235275,-59.93670165,15.6,20160826,False,O,P15,14.54,14.54,feldpausch_regional,0.18,default,1.0,15.78,14.65
DUC_A01,027a,Swartzia polyphylla,Fabaceae,-2.962379352,-59.93667079,36.1,20160826,False,O,P15,24.63,24.63,feldpausch_regional,0.18,default,1.0,36.28,24.7
DUC_A01,028a,Pseudopiptadenia psilostachya,Fabaceae,-2.962400293,-59.93666452,35.4,20160826,False,O,P15,24.36,24.36,feldpausch_regional,0.18,default,1.0,35.58,24.43
DUC_A01,029a,Oenocarpus bataua,Arecaceae,-2.962384706,-59.9366498,15.9,20160826,False,P,P15,14.73,14.73,feldpausch_regional,0.18,default,1.0,16.08,14.84
DUC_A01,030a,,,-2.962407097,-59.93670355,13.7,20160826,True,O,P15,13.29,13.29,feldpausch_regional,0.18,default,1.0,13.88,13.41
DUC_A01,031a,Inga thibaudiana,Fabaceae,-2.962439023,-59.9366869,16.8,20160826,False,O,P15,15.29,15.29,feldpausch_regional,0.18,default,1.0,16.98,15.4
DUC_A01,032a,Rinorea guianensis,Violaceae,-2.962445123,-59.93668075,10.0,20160826,False,O,P15,10.62,10.62,feldpausch_regional,0.18,default,1.0,10.18,10.76
DUC_A01,033a,Nectandra cuspidata,Lauraceae,-2.962482976,-59.93674111,13.9,20160826,False,O,P15,13.42,13.42,feldpausch_regional,0.18,default,1.0,14.08,13.54
DUC_A01,034a,Eschweilera amazonica,Lecythidaceae,-2.962424746,-59.93677707,15.9,20160826,False,O,P15,14.73,14.73,feldpausch_regional,0.18,default,1.0,16.08,14.84
DUC_A01,035a,Inga sp.,Fabaceae,-2.962410127,-59.93677732,15.0,20160826,False,O,P15,14.15,14.15,feldpausch_regional,0.18,default,1.0,15.18,14.27
DUC_A01,036a,Trichilia micrantha,Meliaceae,-2.962408224,-59.93674293,12.8,20160826,False,O,P15,12.67,12.67,feldpausch_regional,0.18,default,1.0,12.98,12.8
DUC_A01,037a,Nectandra cuspidata,Lauraceae,-2.962409815,-59.93677664,26.5,20160826,False,O,P15,20.53,20.53,feldpausch_regional,0.18,default,1.0,26.68,20.61
DUC_A01,038a,Inga thibaudiana,Fabaceae,-2.962389983,-59.93676557,17.2,20160826,False,O,P15,15.53,15.53,feldpausch_regional,0.18,default,1.0,17.38,15.64
DUC_A01,039a,Sacoglottis guianensis,Humiriaceae,-2.962367334,-59.93676997,16.4,20160826,False,O,P15,15.04,15.04,feldpausch_regional,0.18,default,1.0,16.58,15.15
DUC_A01,040a,Pouteria sp.,Sapotaceae,-2.962358096,-59.93677779,14.1,20160826,False,O,P15,13.56,13.56,feldpausch_regional,0.18,default,1.0,14.28,13.68
DUC_A01,041a,Nectandra cuspidata,Lauraceae,-2.962340027,-59.9367964,28.0,20160826,False,O,P15,21.23,21.23,feldpausch_regional,0.18,default,1.0,28.18,21.31
DUC_A01,042a,Sterculia pruriens,Malvaceae,-2.962309888,-59.93679978,19.5,20160826,False,O,P15,16.88,16.88,feldpausch_regional,0.18,default,1.0,19.68,16.99
DUC_A01,043a,Protium paniculatum,Burseraceae,-2.962290032,-59.93683139,27.3,20160826,False,O,P15,20.91,20.91,feldpausch_regional,0.18,default,1.0,27.48,20.99
DUC_A01,044a,Diospyros artanthifolia,Ebenaceae,-2.962354345,-59.93682715,11.3,20160826,False,O,P15,11.6,11.6,feldpausch_regional,0.18,default,1.0,11.48,11.73
DUC_A01,045a,Pouteria sp.,Sapotaceae,-2.962307988,-59.93684208,20.1,20160826,False,O,P15,17.22,17.22,feldpausch_regional,0.18,default,1.0,20.28,17.32
DUC_A01,046a,Nectandra cuspidata,Lauraceae,-2.962212757,-59.9368575,21.9,20160826,False,O,P15,18.21,18.21,feldpausch_regional,0.18,default,1.0,22.08,18.3
DUC_A01,047a,Eschweilera coriacea,Lecythidaceae,-2.962211345,-59.9368731,10.2,20160826,False,O,P15,10.78,10.78,feldpausch_regional,0.18,default,1.0,10.38,10.91
DUC_A01,048a,,,-2.962193855,-59.93688038,17.7,20160826,False,O,P15,15.83,15.83,feldpausch_regional,0.18,default,1.0,17.88,15.94
DUC_A01,049a,Diospyros artanthifolia,Ebenaceae,-2.962190507,-59.9368654,29.6,20160826,False,O,P15,21.95,21.95,feldpausch_regional,0.18,default,1.0,29.78,22.03
DUC_A01,050a,Poeppigia procera,Fabaceae,-2.96219002,-59.93686645,17.0,20160826,False,O,P15,15.41,15.41,feldpausch_regional,0.18,default,1.0,17.18,15.52
DUC_A01,051a,Guatteria schomburgkiana,Annonaceae,-2.962216969,-59.93686203,15.5,20160826,False,O,P15,14.47,14.47,feldpausch_regional,0.18,default,1.0,15.68,14.59
DUC_A01,052a,Micropholis venulosa,Sapotaceae,-2.962214703,-59.93686355,12.4,20160826,False,O,P15,12.39,12.39,feldpausch_regional,0.18,default,1.0,12.58,12.52
DUC_A01,053a,Ormosia grossa,Fabaceae,-2.96217727,-59.93689563,25.3,20160826,False,O,P15,19.95,19.95,feldpausch_regional,0.18,default,1.0,25.48,20.04
DUC_A01,054a,Guatteria schomburgkiana,Annonaceae,-2.962153039,-59.93691165,14.3,20160826,False,O,P15,13.69,13.69,feldpausch_regional,0.18,default,1.0,14.48,13.81
DUC_A01,055a,Protium paniculatum,Burseraceae,-2.96212484,-59.93694963,17.7,20160826,False,O,P15,15.83,15.83,feldpausch_regional,0.18,default,1.0,17.88,15.94
DUC_A01,001a,Ormosia coccinea,Fabaceae,-2.958132616,-59.92800138,10.3,20160829,False,O,P16,10.85,10.85,feldpausch_regional,0.18,default,1.0,10.48,10.99
DUC_A01,001b,Inga alba,Fabaceae,-2.958194375,-59.92813314,35.7,20160829,False,O,P16,24.48,24.48,feldpausch_regional,0.18,default,1.0,35.88,24.55
DUC_A01,002a,Inga heterophylla,Fabaceae,-2.958145559,-59.92803375,45.1,20160829,False,O,P16,27.79,27.79,feldpausch_regional,0.18,default,1.0,45.28,27.84
DUC_A01,002b,Dipteryx odorata,Fabaceae,-2.958499318,-59.92812468,70.0,20160829,False,O,P16,34.15,34.15,feldpausch_regional,0.18,default,1.0,70.18,34.19
DUC_A01,003a,Oenocarpus bataua,Arecaceae,-2.958156759,-59.92800957,22.3,20160829,False,P,P16,18.42,18.42,feldpausch_regional,0.18,default,1.0,22.48,18.52
DUC_A01,003b,Helicostylis tomentosa,Moraceae,-2.958334075,-59.92822842,39.0,20160829,False,O,P16,25.71,25.71,feldpausch_regional,0.18,default,1.0,39.18,25.78
DUC_A01,004a,Protium paniculatum,Burseraceae,-2.95817599,-59.92800456,23.2,20160829,False,O,P16,18.89,18.89,feldpausch_regional,0.18,default,1.0,23.38,18.98
DUC_A01,004b,Qualea paraensis,Vochysiaceae,-2.958269995,-59.92816107,50.5,20160829,False,O,P16,29.43,29.43,feldpausch_regional,0.18,default,1.0,50.68,29.48
DUC_A01,005a,Eriotheca globosa,Malvaceae,-2.958179585,-59.92801856,13.3,20160829,False,O,P16,13.02,13.02,feldpausch_regional,0.18,default,1.0,13.48,13.14
DUC_A01,005b,Abarema jupunba,Fabaceae,-2.958251813,-59.92832132,35.7,20160829,False,O,P16,24.48,24.48,feldpausch_regional,0.18,default,1.0,35.88,24.55
DUC_A01,006a,Protium paniculatum,Burseraceae,-2.95819047,-59.92804467,23.1,20160829,False,O,P16,18.84,18.84,feldpausch_regional,0.18,default,1.0,23.28,18.93
DUC_A01,007a,Pourouma minor,Urticaceae,-2.958199154,-59.92804409,19.0,20160829,False,O,P16,16.6,16.6,feldpausch_regional,0.18,default,1.0,19.18,16.7
DUC_A01,008a,Protium paniculatum,Burseraceae,-2.958215572,-59.9280267,17.1,20160829,False,O,P16,15.47,15.47,feldpausch_regional,0.18,default,1.0,17.28,15.58
DUC_A01,009a,Virola michelii,Myristicaceae,-2.958217153,-59.92802619,14.8,20160829,False,O,P16,14.02,14.02,feldpausch_regional,0.18,default,1.0,14.98,14.14
DUC_A01,010a,Oenocarpus bataua,Arecaceae,-2.958237932,-59.92802685,22.4,20160829,False,P,P16,18.47,18.47,feldpausch_regional,0.18,default,1.0,22.58,18.57
DUC_A01,011a,Iryanthera paraensis,Myristicaceae,-2.958215242,-59.92799425,11.5,20160829,False,O,P16,11.75,11.75,feldpausch_regional,0.18,default,1.0,11.68,11.88
DUC_A01,012a,Dipteryx odorata,Fabaceae,-2.958287838,-59.92799559,20.0,20160829,False,O,P16,17.17,17.17,feldpausch_regional,0.18,default,1.0,20.18,17.27
DUC_A01,013a,Iryanthera paraensis,Myristicaceae,-2.958296921,-59.92801748,20.4,20160829,False,O,P16,17.39,17.39,feldpausch_regional,0.18,default,1.0,20.58,17.49
DUC_A01,014a,Oenocarpus bataua,Arecaceae,-2.958304878,-59.92800634,19.5,20160829,False,P,P16,16.88,16.88,feldpausch_regional,0.18,default,1.0,19.68,16.99
DUC_A01,015a,Oenocarpus bataua,Arecaceae,-2.958304603,-59.92796113,20.9,20160829,False,P,P16,17.67,17.67,feldpausch_regional,0.18,default,1.0,21.08,17.76
DUC_A01,016a,Oenocarpus bataua,Arecaceae,-2.958340012,-59.92798109,18.6,20160829,False,P,P16,16.36,16.36,feldpausch_regional,0.18,default,1.0,18.78,16.47
DUC_A01,017a,Protium paniculatum,Burseraceae,-2.958344554,-59.92801677,11.0,20160829,False,O,P16,11.38,11.38,feldpausch_regional,0.18,default,1.0,11.18,11.51
DUC_A01,018a,Eriotheca globosa,Malvaceae,-2.958356679,-59.92801327,19.9,20160829,False,O,P16,17.11,17.11,feldpausch_regional,0.18,default,1.0,20.08,17.21
DUC_A01,019a,Couepia racemosa,Chrysobalanaceae,-2.958343553,-59.92795829,14.1,20160829,False,O,P16,13.56,13.56,feldpausch_regional,0.18,default,1.0,14.28,13.68
DUC_A01,020a,Virola michelii,Myristicaceae,-2.958358094,-59.92794459,31.0,20160829,False,O,P16,22.56,22.56,feldpausch_regional,0.18,default,1.0,31.18,22.64
DUC_A01,021a,,,-2.958375012,-59.92792849,30.5,20160829,True,O,P16,22.35,22.35,feldpausch_regional,0.18,default,1.0,30.68,22.43
DUC_A01,022a,Chrysophyllum sanguinolentum,Sapotaceae,-2.958369247,-59.92797579,25.9,20160829,False,O,P16,20.24,20.24,feldpausch_regional,0.18,default,1.0,26.08,20.33
DUC_A01,023a,Oenocarpus bataua,Arecaceae,-2.958432803,-59.92794833,17.7,20160829,False,P,P16,15.83,15.83,feldpausch_regional,0.18,default,1.0,17.88,15.94
DUC_A01,024a,Goupia glabra,Goupiaceae,-2.958443558,-59.9279557,20.9,20160829,False,O,P16,17.67,17.67,feldpausch_regional,0.18,default,1.0,21.08,17.76
DUC_A01,025a,,,-2.958452923,-59.92792205,12.7,20160829,False,O,P16,12.6,12.6,feldpausch_regional,0.18,default,1.0,12.88,12.73
DUC_A01,026a,Theobroma subincanum,Malvaceae,-2.958458742,-59.92791538,13.1,20160829,False,O,P16,12.88,12.88,feldpausch_regional,0.18,default,1.0,13.28,13.0
DUC_A01,027a,Oenocarpus bataua,Arecaceae,-2.958487183,-59.92791054,18.4,20160829,False,P,P16,16.25,16.25,feldpausch_regional,0.18,default,1.0,18.58,16.35
DUC_A01,028a,Theobroma subincanum,Malvaceae,-2.958505146,-59.92789395,11.2,20160829,False,O,P16,11.53,11.53,feldpausch_regional,0.18,default,1.0,11.38,11.66
DUC_A01,029a,Chrysophyllum sanguinolentum,Sapotaceae,-2.958509888,-59.92789257,40.4,20160829,False,O,P16,26.21,26.21,feldpausch_regional,0.18,default,1.0,40.58,26.28
DUC_A01,030a,Iryanthera paraensis,Myristicaceae,-2.958488272,-59.92790183,13.3,20160829,False,O,P16,13.02,13.02,feldpausch_regional,0.18,default,1.0,13.48,13.14
DUC_A01,031a,Dipteryx odorata,Fabaceae,-2.958531355,-59.92798404,14.3,20160829,False,O,P16,13.69,13.69,feldpausch_regional,0.18,default,1.0,14.48,13.81
DUC_A01,032a,Rinorea guianensis,Violaceae,-2.958528728,-59.92798255,10.1,20160829,False,O,P16,10.7,10.7,feldpausch_regional,0.18,default,1.0,10.28,10.84
DUC_A01,033a,Iryanthera paraensis,Myristicaceae,-2.958546705,-59.92796623,24.5,20160829,False,O,P16,19.55,19.55,feldpausch_regional,0.18,default,1.0,24.68,19.64
DUC_A01,034a,Eschweilera coriacea,Lecythidaceae,-2.95851925,-59.92798231,15.4,20160829,False,O,P16,14.41,14.41,feldpausch_regional,0.18,default,1.0,15.58,14.52
DUC_A01,035a,Protium paniculatum,Burseraceae,-2.958515824,-59.92798294,11.1,20160829,False,O,P16,11.45,11.45,feldpausch_regional,0.18,default,1.0,11.28,11.58
DUC_A01,036a,Eschweilera ovata,Lecythidaceae,-2.958488733,-59.92797705,24.2,20160829,False,O,P16,19.4,19.4,feldpausch_regional,0.18,default,1.0,24.38,19.49
DUC_A01,037a,Theobroma subincanum,Malvaceae,-2.95849438,-59.92800792,10.4,20160829,False,O,P16,10.93,10.93,feldpausch_regional,0.18,default,1.0,10.58,11.06
DUC_A01,038a,Virola mollissima,Myristicaceae,-2.95845105,-59.92798517,38.3,20160829,False,O,P16,25.46,25.46,feldpausch_regional,0.18,default,1.0,38.48,25.53
DUC_A01,039a,Iryanthera paraensis,Myristicaceae,-2.95843629,-59.92798902,12.1,20160829,False,O,P16,12.18,12.18,feldpausch_regional,0.18,default,1.0,12.28,12.31
DUC_A01,040a,Caryocar glabrum,Caryocaraceae,-2.958420179,-59.92799991,11.8,20160829,False,O,P16,11.96,11.96,feldpausch_regional,0.18,default,1.0,11.98,12.09
DUC_A01,041a,Rinorea guianensis,Violaceae,-2.958408334,-59.92800008,11.2,20160829,False,O,P16,11.53,11.53,feldpausch_regional,0.18,default,1.0,11.38,11.66
DUC_A01,042a,,,-2.958416651,-59.92802047,11.4,20160829,False,O,P16,11.67,11.67,feldpausch_regional,0.18,default,1.0,11.58,11.8
DUC_A01,043a,Qualea paraensis,Vochysiaceae,-2.958382312,-59.92804268,24.9,20160829,False,O,P16,19.75,19.75,feldpausch_regional,0.18,default,1.0,25.08,19.84
DUC_A01,044a,Glycydendron amazonicum,Euphorbiaceae,-2.958365198,-59.92804348,25.0,20160829,False,O,P16,19.8,19.8,feldpausch_regional,0.18,default,1.0,25.18,19.89
DUC_A01,045a,Pterocarpus sp.,Fabaceae,-2.958348038,-59.92805263,14.3,20160829,False,O,P16,13.69,13.69,feldpausch_regional,0.18,default,1.0,14.48,13.81
DUC_A01,046a,,,-2.958335315,-59.92806806,33.0,20160829,False,O,P16,23.4,23.4,feldpausch_regional,0.18,default,1.0,33.18,23.48
DUC_A01,047a,Maquira coriacea,Moraceae,-2.958327971,-59.92806365,16.8,20160829,False,O,P16,15.29,15.29,feldpausch_regional,0.18,default,1.0,16.98,15.4
DUC_A01,048a,Guatteria schomburgkiana,Annonaceae,-2.95831588,-59.92806095,20.6,20160829,False,O,P16,17.5,17.5,feldpausch_regional,0.18,default,1.0,20.78,17.6
DUC_A01,049a,Lecythis idatimon,Lecythidaceae,-2.95830593,-59.92805232,16.4,20160829,False,O,P16,15.04,15.04,feldpausch_regional,0.18,default,1.0,16.58,15.15
DUC_A01,050a,Protium paniculatum,Burseraceae,-2.95830436,-59.92805072,13.5,20160829,False,O,P16,13.15,13.15,feldpausch_regional,0.18,default,1.0,13.68,13.28
DUC_A01,051a,Sacoglottis guianensis,Humiriaceae,-2.958293232,-59.92806344,20.5,20160829,False,O,P16,17.45,17.45,feldpausch_regional,0.18,default,1.0,20.68,17.54
DUC_A01,052a,Protium paniculatum,Burseraceae,-2.958301067,-59.92807369,16.5,20160829,False,O,P16,15.1,15.1,feldpausch_regional,0.18,default,1.0,16.68,15.21
DUC_A01,053a,Eschweilera parviflora,Lecythidaceae,-2.958283658,-59.92808019,17.4,20160829,False,O,P16,15.65,15.65,feldpausch_regional,0.18,default,1.0,17.58,15.76
DUC_A01,054a,Helicostylis tomentosa,Moraceae,-2.958285459,-59.9280869,25.0,20160829,False,O,P16,19.8,19.8,feldpausch_regional,0.18,default,1.0,25.18,19.89
DUC_A01,055a,Swartzia polyphylla,Fabaceae,-2.958283358,-59.92808622,11.9,20160829,False,O,P16,12.03,12.03,feldpausch_regional,0.18,default,1.0,12.08,12.16
DUC_A01,056a,Oenocarpus bataua,Arecaceae,-2.958268909,-59.92808197,20.9,20160829,False,P,P16,17.67,17.67,feldpausch_regional,0.18,default,1.0,21.08,17.76
DUC_A01,057a,,,-2.95825143,-59.92809977,42.9,20160829,False,O,P16,27.07,27.07,feldpausch_regional,0.18,default,1.0,43.08,27.13
DUC_A01,058a,Eschweilera coriacea,Lecythidaceae,-2.958241991,-59.92809422,19.6,20160829,False,O,P16,16.94,16.94,feldpausch_regional,0.18,default,1.0,19.78,17.04
DUC_A01,059a,Oenocarpus bataua,Arecaceae,-2.958240711,-59.92808863,23.6,20160829,False,P,P16,19.1,19.1,feldpausch_regional,0.18,default,1.0,23.78,19.19
DUC_A01,060a,Sterculia pruriens,Malvaceae,-2.958216182,-59.92809767,24.7,20160829,False,O,P16,19.65,19.65,feldpausch_regional,0.18,default,1.0,24.88,19.74
DUC_A01,061a,Protium heptaphyllum,Burseraceae,-2.958221055,-59.92811743,11.9,20160829,False,O,P16,12.03,12.03,feldpausch_regional,0.18,default,1.0,12.08,12.16
DUC_A01,062a,Oenocarpus bataua,Arecaceae,-2.958175248,-59.92812065,20.4,20160829,False,P,P16,17.39,17.39,feldpausch_regional,0.18,default,1.0,20.58,17.49
DUC_A01,063a,Protium paniculatum,Burseraceae,-2.958154543,-59.92810842,13.7,20160829,False,O,P16,13.29,13.29,feldpausch_regional,0.18,default,1.0,13.88,13.41
DUC_A01,001a,Inga alba,Fabaceae,-2.960649701,-59.9456352,24.7,20160831,False,O,P17,19.65,19.65,feldpausch_regional,0.18,default,1.0,24.88,19.74
DUC_A01,001b,Pouteria cladantha,Sapotaceae,-2.960812777,-59.94580208,56.8,20160831,False,O,P17,31.14,31.14,feldpausch_regional,0.18,default,1.0,56.98,31.18
DUC_A01,002a,Vochysia guianensis,Vochysiaceae,-2.960649078,-59.94561638,24.5,20160831,False,O,P17,19.55,19.55,feldpausch_regional,0.18,default,1.0,24.68,19.64
DUC_A01,002b,,,-2.960859084,-59.94584863,65.0,20160831,False,O,P17,33.09,33.09,feldpausch_regional,0.18,default,1.0,65.18,33.13
DUC_A01,003a,Ormosia coccinea,Fabaceae,-2.960665049,-59.94564562,20.1,20160831,False,O,P17,17.22,17.22,feldpausch_regional,0.18,default,1.0,20.28,17.32
DUC_A01,003b,Lecythis pisonis,Lecythidaceae,-2.960835682,-59.94580023,48.2,20160831,False,O,P17,28.75,28.75,feldpausch_regional,0.18,default,1.0,48.38,28.8
DUC_A01,004a,Oenocarpus bacaba,Arecaceae,-2.960683287,-59.94566665,15.0,20160831,False,P,P17,14.15,14.15,feldpausch_regional,0.18,default,1.0,15.18,14.27
DUC_A01,004b,Hymenaea parvifolia,Fabaceae,-2.960919351,-59.9457766,40.5,20160831,False,O,P17,26.25,26.25,feldpausch_regional,0.18,default,1.0,40.68,26.31
DUC_A01,005a,Licania guianensis,Chrysobalanaceae,-2.960719485,-59.94568357,12.2,20160831,False,O,P17,12.25,12.25,feldpausch_regional,0.18,default,1.0,12.38,12.38
DUC_A01,005b,Goupia glabra,Goupiaceae,-2.961047645,-59.94576916,71.4,20160831,False,O,P17,34.43,34.43,feldpausch_regional,0.18,default,1.0,71.58,34.47
DUC_A01,006a,Sacoglottis guianensis,Humiriaceae,-2.960699417,-59.94563435,19.4,20160831,False,O,P17,16.83,16.83,feldpausch_regional,0.18,default,1.0,19.58,16.93
DUC_A01,006b,,,-2.960889571,-59.94596954,40.0,20160831,False,O,P17,26.07,26.07,feldpausch_regional,0.18,default,1.0,40.18,26.14
DUC_A01,007a,Couratari stellata,Lecythidaceae,-2.960692544,-59.94562173,14.1,20160831,False,O,P17,13.56,13.56,feldpausch_regional,0.18,default,1.0,14.28,13.68
DUC_A01,008a,Attalea maripa,Arecaceae,-2.960688007,-59.9455939,25.0,20160831,False,P,P17,19.8,19.8,feldpausch_regional,0.18,default,1.0,25.18,19.89
DUC_A01,009a,Tetragastris altissima,Burseraceae,-2.960698632,-59.94558858,20.7,20160831,False,O,P17,17.56,17.56,feldpausch_regional,0.18,default,1.0,20.88,17.66
DUC_A01,010a,,,-2.960726189,-59.94558781,27.2,20160831,False,O,P17,20.86,20.86,feldpausch_regional,0.18,default,1.0,27.38,20.94
DUC_A01,011a,Swartzia laevicarpa,Fabaceae,-2.960754783,-59.94567065,21.1,20160831,False,O,P17,17.78,17.78,feldpausch_regional,0.18,default,1.0,21.28,17.87
DUC_A01,012a,Oenocarpus bacaba,Arecaceae,-2.960761061,-59.94565741,15.0,20160831,False,P,P17,14.15,14.15,feldpausch_regional,0.18,default,1.0,15.18,14.27
DUC_A01,013a,Myrocarpus frondosus,Fabaceae,-2.960765331,-59.94566528,22.2,20160831,False,O,P17,18.37,18.37,feldpausch_regional,0.18,default,1.0,22.38,18.46
DUC_A01,014a,Eschweilera coriacea,Lecythidaceae,-2.960761094,-59.94562731,14.5,20160831,False,O,P17,13.82,13.82,feldpausch_regional,0.18,default,1.0,14.68,13.94
DUC_A01,015a,Ormosia grossa,Fabaceae,-2.960795996,-59.94557972,12.1,20160831,False,O,P17,12.18,12.18,feldpausch_regional,0.18,default,1.0,12.28,12.31
DUC_A01,016a,Mabea angularis,Euphorbiaceae,-2.96078192,-59.94557683,11.4,20160831,False,O,P17,11.67,11.67,feldpausch_regional,0.18,default,1.0,11.58,11.8
DUC_A01,017a,Eriotheca globosa,Malvaceae,-2.96083841,-59.9456281,17.3,20160831,False,O,P17,15.59,15.59,feldpausch_regional,0.18,default,1.0,17.48,15.7
DUC_A01,018a,,,-2.960811397,-59.94557795,23.0,20160831,True,O,P17,18.79,18.79,feldpausch_regional,0.18,default,1.0,23.18,18.88
DUC_A01,019a,Eschweilera ovata,Lecythidaceae,-2.960804643,-59.94556541,30.6,20160831,False,O,P17,22.39,22.39,feldpausch_regional,0.18,default,1.0,30.78,22.47
DUC_A01,020a,,,-2.960793247,-59.94554425,23.7,20160831,True,O,P17,19.15,19.15,feldpausch_regional,0.18,default,1.0,23.88,19.24
DUC_A01,021a,Eriotheca globosa,Malvaceae,-2.960825094,-59.94555514,11.8,20160831,False,O,P17,11.96,11.96,feldpausch_regional,0.18,default,1.0,11.98,12.09
DUC_A01,022a,Eriotheca globosa,Malvaceae,-2.960847478,-59.94554488,27.8,20160831,False,O,P17,21.14,21.14,feldpausch_regional,0.18,default,1.0,27.98,21.22
DUC_A01,023a,Guatteria schomburgkiana,Annonaceae,-2.960847897,-59.94554567,18.0,20160831,False,O,P17,16.01,16.01,feldpausch_regional,0.18,default,1.0,18.18,16.12
DUC_A01,024a,Casearia javitensis,Salicaceae,-2.96086952,-59.94553579,10.2,20160831,False,O,P17,10.78,10.78,feldpausch_regional,0.18,default,1.0,10.38,10.91
DUC_A01,025a,Mezilaurus itauba,Lauraceae,-2.960877963,-59.94550484,10.0,20160831,False,O,P17,10.62,10.62,feldpausch_regional,0.18,default,1.0,10.18,10.76
DUC_A01,026a,Protium paniculatum,Burseraceae,-2.960994428,-59.94552903,30.7,20160831,False,O,P17,22.43,22.43,feldpausch_regional,0.18,default,1.0,30.88,22.51
DUC_A01,027a,Tachigali myrmecophila,Fabaceae,-2.961002997,-59.94555423,10.5,20160831,False,O,P17,11.0,11.0,feldpausch_regional,0.18,default,1.0,10.68,11.14
DUC_A01,028a,Protium paniculatum,Burseraceae,-2.960997329,-59.94556699,21.4,20160831,False,O,P17,17.94,17.94,feldpausch_regional,0.18,default,1.0,21.58,18.04
DUC_A01,029a,Sloanea guianensis,Elaeocarpaceae,-2.960998056,-59.94558637,15.4,20160831,False,O,P17,14.41,14.41,feldpausch_regional,0.18,default,1.0,15.58,14.52
DUC_A01,030a,Eschweilera ovata,Lecythidaceae,-2.960936788,-59.9456078,14.9,20160831,False,O,P17,14.08,14.08,feldpausch_regional,0.18,default,1.0,15.08,14.2
DUC_A01,031a,Inga thibaudiana,Fabaceae,-2.96093378,-59.94560934,11.6,20160831,False,O,P17,11.82,11.82,feldpausch_regional,0.18,default,1.0,11.78,11.95
DUC_A01,032a,Guatteria schomburgkiana,Annonaceae,-2.960927426,-59.94562252,21.4,20160831,False,O,P17,17.94,17.94,feldpausch_regional,0.18,default,1.0,21.58,18.04
DUC_A01,033a,,,-2.960910699,-59.94566097,24.1,20160831,False,O,P17,19.35,19.35,feldpausch_regional,0.18,default,1.0,24.28,19.44
DUC_A01,034a,Apuleia leiocarpa,Fabaceae,-2.960890452,-59.94567139,47.7,20160831,False,O,P17,28.6,28.6,feldpausch_regional,0.18,default,1.0,47.88,28.65
DUC_A01,035a,Goupia glabra,Goupiaceae,-2.960880848,-59.94567133,38.4,20160831,False,O,P17,25.5,25.5,feldpausch_regional,0.18,default,1.0,38.58,25.56
DUC_A01,036a,Zygia racemosa,Fabaceae,-2.960818822,-59.94563807,25.8,20160831,False,O,P17,20.19,20.19,feldpausch_regional,0.18,default,1.0,25.98,20.28
DUC_A01,037a,Eschweilera micrantha,Lecythidaceae,-2.960844497,-59.94567498,16.0,20160831,False,O,P17,14.79,14.79,feldpausch_regional,0.18,default,1.0,16.18,14.9
DUC_A01,038a,Eschweilera coriacea,Lecythidaceae,-2.960828516,-59.94566314,13.2,20160831,False,O,P17,12.95,12.95,feldpausch_regional,0.18,default,1.0,13.38,13.07
DUC_A01,039a,Brosimum parinarioides,Moraceae,-2.960843766,-59.94569139,23.3,20160831,False,O,P17,18.94,18.94,feldpausch_regional,0.18,default,1.0,23.48,19.03
DUC_A01,040a,Hevea brasiliensis,Euphorbiaceae,-2.960840016,-59.94569332,44.0,20160831,False,O,P17,27.43,27.43,feldpausch_regional,0.18,default,1.0,44.18,27.49
DUC_A01,041a,Pouteria sp.,Sapotaceae,-2.960799203,-59.94570826,52.4,20160831,False,O,P17,29.96,29.96,feldpausch_regional,0.18,default,1.0,52.58,30.01
DUC_A01,042a,Apuleia leiocarpa,Fabaceae,-2.960770047,-59.94573937,28.8,20160831,False,O,P17,21.59,21.59,feldpausch_regional,0.18,default,1.0,28.98,21.68
DUC_A01,043a,Eschweilera coriacea,Lecythidaceae,-2.96072153,-59.94571379,12.1,20160831,False,O,P17,12.18,12.18,feldpausch_regional,0.18,default,1.0,12.28,12.31
DUC_A01,044a,Eschweilera ovata,Lecythidaceae,-2.960698968,-59.94572531,23.5,20160831,False,O,P17,19.05,19.05,feldpausch_regional,0.18,default,1.0,23.68,19.14
DUC_A01,045a,,,-2.960684524,-59.9457165,11.0,20160831,False,O,P17,11.38,11.38,feldpausch_regional,0.18,default,1.0,11.18,11.51
DUC_A01,046a,Oenocarpus bacaba,Arecaceae,-2.96067643,-59.94571051,12.5,20160831,False,P,P17,12.46,12.46,feldpausch_regional,0.18,default,1.0,12.68,12.59
DUC_A01,047a,Aspidosperma excelsum,Apocynaceae,-2.960706157,-59.94575604,35.0,20160831,False,O,P17,24.21,24.21,feldpausch_regional,0.18,default,1.0,35.18,24.28
DUC_A01,048a,,,-2.960668542,-59.94579264,14.7,20160831,False,O,P17,13.95,13.95,feldpausch_regional,0.18,default,1.0,14.88,14.07
DUC_A01,001a,Virola elongata,Myristicaceae,-2.963067687,-59.94509284,14.7,20160831,False,O,P18,13.95,13.95,feldpausch_regional,0.18,default,1.0,14.88,14.07
DUC_A01,001b,Pouteria gongrijpii,Sapotaceae,-2.96315682,-59.9452791,37.7,20160831,False,O,P18,25.24,25.24,feldpausch_regional,0.18,default,1.0,37.88,25.3
DUC_A01,002a,Protium paniculatum,Burseraceae,-2.96306927,-59.94509429,38.5,20160831,False,O,P18,25.53,25.53,feldpausch_regional,0.18,default,1.0,38.68,25.6
DUC_A01,002b,Dipteryx odorata,Fabaceae,-2.963367747,-59.94523196,46.1,20160831,False,O,P18,28.1,28.1,feldpausch_regional,0.18,default,1.0,46.28,28.16
DUC_A01,003a,Virola mollissima,Myristicaceae,-2.963072375,-59.94509938,18.2,20160831,False,O,P18,16.13,16.13,feldpausch_regional,0.18,default,1.0,18.38,16.24
DUC_A01,003b,Eriotheca globosa,Malvaceae,-2.963495338,-59.94518835,36.5,20160831,False,O,P18,24.79,24.79,feldpausch_regional,0.18,default,1.0,36.68,24.86
DUC_A01,004a,Simarouba amara,Simaroubaceae,-2.963080613,-59.94509582,16.4,20160831,False,O,P18,15.04,15.04,feldpausch_regional,0.18,default,1.0,16.58,15.15
DUC_A01,004b,,,-2.963572984,-59.9451768,51.9,20160831,False,O,P18,29.82,29.82,feldpausch_regional,0.18,default,1.0,52.08,29.87
DUC_A01,005a,Sloanea guianensis,Elaeocarpaceae,-2.96307985,-59.94509401,10.9,20160831,False,O,P18,11.3,11.3,feldpausch_regional,0.18,default,1.0,11.08,11.44
DUC_A01,005b,,,-2.963435681,-59.94494495,37.8,20160831,True,O,P18,25.28,25.28,feldpausch_regional,0.18,default,1.0,37.98,25.34
DUC_A01,006a,Licania octandra,Chrysobalanaceae,-2.963092203,-59.94508869,22.4,20160831,False,O,P18,18.47,18.47,feldpausch_regional,0.18,default,1.0,22.58,18.57
DUC_A01,006b,Dipteryx odorata,Fabaceae,-2.963427441,-59.9449485,39.9,20160831,False,O,P18,26.04,26.04,feldpausch_regional,0.18,default,1.0,40.08,26.1
DUC_A01,007a,Eschweilera ovata,Lecythidaceae,-2.963095937,-59.94508601,21.6,20160831,False,O,P18,18.05,18.05,feldpausch_regional,0.18,default,1.0,21.78,18.14
DUC_A01,007b,Copaifera reticulata,Fabaceae,-2.963421524,-59.9453484,74.2,20160831,False,O,P18,34.98,34.98,feldpausch_regional,0.18,default,1.0,74.38,35.01
DUC_A01,008a,Maquira coriacea,Moraceae,-2.963070465,-59.94503278,17.5,20160831,False,O,P18,15.71,15.71,feldpausch_regional,0.18,default,1.0,17.68,15.82
DUC_A01,009a,Virola sebifera,Myristicaceae,-2.963130048,-59.94510878,25.3,20160831,False,O,P18,19.95,19.95,feldpausch_regional,0.18,default,1.0,25.48,20.04
DUC_A01,010a,Micrandra minor,Euphorbiaceae,-2.963130599,-59.94511925,19.5,20160831,False,O,P18,16.88,16.88,feldpausch_regional,0.18,default,1.0,19.68,16.99
DUC_A01,011a,Protium paniculatum,Burseraceae,-2.963126684,-59.94511237,11.0,20160831,False,O,P18,11.38,11.38,feldpausch_regional,0.18,default,1.0,11.18,11.51
DUC_A01,012a,Mabea angularis,Euphorbiaceae,-2.963059392,-59.94502257,13.0,20160831,False,O,P18,12.81,12.81,feldpausch_regional,0.18,default,1.0,13.18,12.93
DUC_A01,013a,Jacaranda copaia,Bignoniaceae,-2.963099295,-59.94500745,11.2,20160831,False,O,P18,11.53,11.53,feldpausch_regional,0.18,default,1.0,11.38,11.66
DUC_A01,014a,Protium paniculatum,Burseraceae,-2.963119289,-59.94499773,16.2,20160831,False,O,P18,14.91,14.91,feldpausch_regional,0.18,default,1.0,16.38,15.03
DUC_A01,015a,Eschweilera coriacea,Lecythidaceae,-2.963165015,-59.94508302,43.8,20160831,False,O,P18,27.37,27.37,feldpausch_regional,0.18,default,1.0,43.98,27.43
DUC_A01,016a,Protium paniculatum,Burseraceae,-2.963157098,-59.94508964,10.6,20160831,False,O,P18,11.08,11.08,feldpausch_regional,0.18,default,1.0,10.78,11.21
DUC_A01,017a,Protium paniculatum,Burseraceae,-2.963151607,-59.94509736,10.8,20160831,False,O,P18,11.23,11.23,feldpausch_regional,0.18,default,1.0,10.98,11.36
DUC_A01,018a,Pouteria gongrijpii,Sapotaceae,-2.963162146,-59.94500923,16.7,20160831,False,O,P18,15.22,15.22,feldpausch_regional,0.18,default,1.0,16.88,15.34
DUC_A01,019a,,,-2.963164733,-59.94499738,16.5,20160831,True,O,P18,15.1,15.1,feldpausch_regional,0.18,default,1.0,16.68,15.21
DUC_A01,020a,Eschweilera coriacea,Lecythidaceae,-2.963189043,-59.94500834,66.2,20160831,False,O,P18,33.36,33.36,feldpausch_regional,0.18,default,1.0,66.38,33.39
DUC_A01,021a,Trichilia micrantha,Meliaceae,-2.963189839,-59.94501014,19.8,20160831,False,O,P18,17.05,17.05,feldpausch_regional,0.18,default,1.0,19.98,17.16
DUC_A01,022a,Simarouba amara,Simaroubaceae,-2.963190971,-59.94497531,13.1,20160831,False,O,P18,12.88,12.88,feldpausch_regional,0.18,default,1.0,13.28,13.0
DUC_A01,023a,,,-2.963198771,-59.94496442,67.2,20160831,False,O,P18,33.57,33.57,feldpausch_regional,0.18,default,1.0,67.38,33.61
DUC_A01,024a,Mabea angularis,Euphorbiaceae,-2.963205597,-59.94497972,13.8,20160831,False,O,P18,13.36,13.36,feldpausch_regional,0.18,default,1.0,13.98,13.48
DUC_A01,025a,Bowdichia nitida,Fabaceae,-2.963214598,-59.94497368,14.7,20160831,False,O,P18,13.95,13.95,feldpausch_regional,0.18,default,1.0,14.88,14.07
DUC_A01,026a,Sacoglottis guianensis,Humiriaceae,-2.963226764,-59.94498775,1.7,20160831,False,O,P18,2.71,2.71,feldpausch_regional,0.18,default,1.0,1.88,2.94
DUC_A01,027a,,,-2.963238288,-59.94496559,12.0,20160831,True,O,P18,12.11,12.11,feldpausch_regional,0.18,default,1.0,12.18,12.23
DUC_A01,028a,Protium paniculatum,Burseraceae,-2.963064396,-59.94509426,10.5,20160831,False,O,P18,11.0,11.0,feldpausch_regional,0.18,default,1.0,10.68,11.14
DUC_A01,029a,Diospyros artanthifolia,Ebenaceae,-2.963285727,-59.94495799,16.8,20160831,False,O,P18,15.29,15.29,feldpausch_regional,0.18,default,1.0,16.98,15.4
DUC_A01,030a,Sacoglottis guianensis,Humiriaceae,-2.963302134,-59.94495951,23.5,20160831,False,O,P18,19.05,19.05,feldpausch_regional,0.18,default,1.0,23.68,19.14
DUC_A01,031a,Ocotea cernua,Lauraceae,-2.963278307,-59.94493969,41.4,20160831,False,O,P18,26.56,26.56,feldpausch_regional,0.18,default,1.0,41.58,26.62
DUC_A01,032a,Pourouma minor,Urticaceae,-2.963312469,-59.94497977,14.0,20160831,False,O,P18,13.49,13.49,feldpausch_regional,0.18,default,1.0,14.18,13.61
DUC_A01,033a,Protium paniculatum,Burseraceae,-2.96332157,-59.9449995,18.3,20160831,False,O,P18,16.19,16.19,feldpausch_regional,0.18,default,1.0,18.48,16.29
DUC_A01,034a,Diospyros guianensis,Ebenaceae,-2.963340169,-59.94500762,28.3,20160831,False,O,P18,21.37,21.37,feldpausch_regional,0.18,default,1.0,28.48,21.45
DUC_A01,035a,Licania guianensis,Chrysobalanaceae,-2.963324808,-59.9449766,14.5,20160831,False,O,P18,13.82,13.82,feldpausch_regional,0.18,default,1.0,14.68,13.94
DUC_A01,036a,Manilkara bidentata,Sapotaceae,-2.963304847,-59.94492929,13.4,20160831,False,O,P18,13.08,13.08,feldpausch_regional,0.18,default,1.0,13.58,13.21
DUC_A01,037a,Eperua bijuga,Fabaceae,-2.963302769,-59.94492481,18.5,20160831,False,O,P18,16.31,16.31,feldpausch_regional,0.18,default,1.0,18.68,16.41
DUC_A01,038a,,,-2.963306449,-59.9449243,41.3,20160831,True,O,P18,26.53,26.53,feldpausch_regional,0.18,default,1.0,41.48,26.59
DUC_A01,039a,Protium paniculatum,Burseraceae,-2.963328391,-59.9449062,12.0,20160831,False,O,P18,12.11,12.11,feldpausch_regional,0.18,default,1.0,12.18,12.23
DUC_A01,040a,Jacaranda copaia,Bignoniaceae,-2.963374945,-59.94500555,11.0,20160831,False,O,P18,11.38,11.38,feldpausch_regional,0.18,default,1.0,11.18,11.51
DUC_A01,041a,Protium paniculatum,Burseraceae,-2.963392546,-59.94503885,10.5,20160831,False,O,P18,11.0,11.0,feldpausch_regional,0.18,default,1.0,10.68,11.14
DUC_A01,042a,,,-2.963408123,-59.94499989,18.9,20160831,False,O,P18,16.54,16.54,feldpausch_regional,0.18,default,1.0,19.08,16.64
DUC_A01,043a,Vochysia guianensis,Vochysiaceae,-2.963409803,-59.94493241,41.0,20160831,False,O,P18,26.42,26.42,feldpausch_regional,0.18,default,1.0,41.18,26.48
DUC_A01,044a,Eriotheca globosa,Malvaceae,-2.963405958,-59.94492437,16.6,20160831,False,O,P18,15.16,15.16,feldpausch_regional,0.18,default,1.0,16.78,15.27
DUC_A01,045a,Couratari stellata,Lecythidaceae,-2.96342565,-59.94491587,60.3,20160831,False,O,P18,32.01,32.01,feldpausch_regional,0.18,default,1.0,60.48,32.05
DUC_A01,046a,Pouteria gongrijpii,Sapotaceae,-2.963427291,-59.94491516,16.6,20160831,False,O,P18,15.16,15.16,feldpausch_regional,0.18,default,1.0,16.78,15.27
DUC_A01,047a,Protium paniculatum,Burseraceae,-2.963398315,-59.9448878,16.4,20160831,False,O,P18,15.04,15.04,feldpausch_regional,0.18,default,1.0,16.58,15.15
DUC_A01,048a,Alibertia edulis,Rubiaceae,-2.963471255,-59.94498351,11.4,20160831,False,O,P18,11.67,11.67,feldpausch_regional,0.18,default,1.0,11.58,11.8
DUC_A01,049a,Miconia poeppigii,Melastomataceae,-2.963497136,-59.94503701,11.3,20160831,False,O,P18,11.6,11.6,feldpausch_regional,0.18,default,1.0,11.48,11.73
DUC_A01,050a,Protium paniculatum,Burseraceae,-2.963460815,-59.94506011,11.2,20160831,False,O,P18,11.53,11.53,feldpausch_regional,0.18,default,1.0,11.38,11.66
DUC_A01,051a,Eschweilera ovata,Lecythidaceae,-2.963424153,-59.94502528,10.2,20160831,False,O,P18,10.78,10.78,feldpausch_regional,0.18,default,1.0,10.38,10.91
DUC_A01,052a,,,-2.963434014,-59.9450673,28.3,20160831,False,O,P18,21.37,21.37,feldpausch_regional,0.18,default,1.0,28.48,21.45
DUC_A01,053a,Guatteria schomburgkiana,Annonaceae,-2.963413448,-59.94505138,17.9,20160831,False,O,P18,15.95,15.95,feldpausch_regional,0.18,default,1.0,18.08,16.06
DUC_A01,054a,,,-2.963373397,-59.94503632,43.1,20160831,False,O,P18,27.14,27.14,feldpausch_regional,0.18,default,1.0,43.28,27.2
DUC_A01,055a,Sacoglottis guianensis,Humiriaceae,-2.963353356,-59.94508791,21.5,20160831,False,O,P18,17.99,17.99,feldpausch_regional,0.18,default,1.0,21.68,18.09
DUC_A01,056a,Eschweilera coriacea,Lecythidaceae,-2.963344863,-59.94511302,19.9,20160831,False,O,P18,17.11,17.11,feldpausch_regional,0.18,default,1.0,20.08,17.21
DUC_A01,057a,Protium paniculatum,Burseraceae,-2.963320181,-59.94506993,26.8,20160831,False,O,P18,20.67,20.67,feldpausch_regional,0.18,default,1.0,26.98,20.76
DUC_A01,058a,Eschweilera coriacea,Lecythidaceae,-2.963311928,-59.94506274,23.8,20160831,False,O,P18,19.2,19.2,feldpausch_regional,0.18,default,1.0,23.98,19.29
DUC_A01,059a,Protium paniculatum,Burseraceae,-2.963282635,-59.94509678,18.4,20160831,False,O,P18,16.25,16.25,feldpausch_regional,0.18,default,1.0,18.58,16.35
DUC_A01,060a,Protium paniculatum,Burseraceae,-2.963279805,-59.94509049,13.9,20160831,False,O,P18,13.42,13.42,feldpausch_regional,0.18,default,1.0,14.08,13.54
DUC_A01,061a,Eschweilera coriacea,Lecythidaceae,-2.963252491,-59.94505609,19.3,20160831,False,O,P18,16.77,16.77,feldpausch_regional,0.18,default,1.0,19.48,16.87
DUC_A01,062a,Protium paniculatum,Burseraceae,-2.963251217,-59.94505986,15.6,20160831,False,O,P18,14.54,14.54,feldpausch_regional,0.18,default,1.0,15.78,14.65
DUC_A01,063a,Protium paniculatum,Burseraceae,-2.963226387,-59.94507054,16.0,20160831,False,O,P18,14.79,14.79,feldpausch_regional,0.18,default,1.0,16.18,14.9
DUC_A01,064a,Eschweilera coriacea,Lecythidaceae,-2.963210386,-59.94511708,28.6,20160831,False,O,P18,21.5,21.5,feldpausch_regional,0.18,default,1.0,28.78,21.59
DUC_A01,065a,Licania octandra,Chrysobalanaceae,-2.963205747,-59.94512229,15.8,20160831,False,O,P18,14.66,14.66,feldpausch_regional,0.18,default,1.0,15.98,14.78
DUC_A01,066a,Couepia robusta,Chrysobalanaceae,-2.963207411,-59.94512157,43.3,20160831,False,O,P18,27.2,27.2,feldpausch_regional,0.18,default,1.0,43.48,27.26
DUC_A01,067a,,,-2.963180085,-59.94510868,30.5,20160831,True,O,P18,22.35,22.35,feldpausch_regional,0.18,default,1.0,30.68,22.43
DUC_A01,068a,Trichilia micrantha,Meliaceae,-2.963194987,-59.94514297,25.7,20160831,False,O,P18,20.14,20.14,feldpausch_regional,0.18,default,1.0,25.88,20.23
DUC_A01,069a,Protium paniculatum,Burseraceae,-2.96317798,-59.94516312,11.5,20160831,False,O,P18,11.75,11.75,feldpausch_regional,0.18,default,1.0,11.68,11.88
DUC_A01,070a,Protium paniculatum,Burseraceae,-2.96317631,-59.94516383,15.9,20160831,False,O,P18,14.73,14.73,feldpausch_regional,0.18,default,1.0,16.08,14.84
DUC_A01,071a,,,-2.963164971,-59.94515585,24.2,20160831,True,O,P18,19.4,19.4,feldpausch_regional,0.18,default,1.0,24.38,19.49
DUC_A01,072a,Eriotheca globosa,Malvaceae,-2.963145208,-59.94515578,36.5,20160831,False,O,P18,24.79,24.79,feldpausch_regional,0.18,default,1.0,36.68,24.86
DUC_A01,073a,Eschweilera micrantha,Lecythidaceae,-2.963138803,-59.94516387,25.8,20160831,False,O,P18,20.19,20.19,feldpausch_regional,0.18,default,1.0,25.98,20.28
DUC_A01,074a,,,-2.963117016,-59.94518926,14.7,20160831,False,O,P18,13.95,13.95,feldpausch_regional,0.18,default,1.0,14.88,14.07
DUC_A01,075a,Eschweilera coriacea,Lecythidaceae,-2.963093739,-59.94521848,19.5,20160831,False,O,P18,16.88,16.88,feldpausch_regional,0.18,default,1.0,19.68,16.99
DUC_A01,001a,Helicostylis tomentosa,Moraceae,-2.960057943,-59.927522,17.2,20160829,False,O,P19,15.53,15.53,feldpausch_regional,0.18,default,1.0,17.38,15.64
DUC_A01,001b,Virola elongata,Myristicaceae,-2.960202215,-59.92765664,43.4,20160829,False,O,P19,27.23,27.23,feldpausch_regional,0.18,default,1.0,43.58,27.29
DUC_A01,002a,Goupia glabra,Goupiaceae,-2.960095293,-59.92750177,14.5,20160829,False,O,P19,13.82,13.82,feldpausch_regional,0.18,default,1.0,14.68,13.94
DUC_A01,002b,Licania canescens,Chrysobalanaceae,-2.960293356,-59.92774489,48.0,20160829,False,O,P19,28.69,28.69,feldpausch_regional,0.18,default,1.0,48.18,28.74
DUC_A01,003a,Eriotheca globosa,Malvaceae,-2.960142091,-59.92751858,13.9,20160829,False,O,P19,13.42,13.42,feldpausch_regional,0.18,default,1.0,14.08,13.54
DUC_A01,003b,Eschweilera coriacea,Lecythidaceae,-2.960316794,-59.92775068,36.2,20160829,False,O,P19,24.67,24.67,feldpausch_regional,0.18,default,1.0,36.38,24.74
DUC_A01,004a,Sloanea guianensis,Elaeocarpaceae,-2.960143139,-59.92751664,16.3,20160829,False,O,P19,14.98,14.98,feldpausch_regional,0.18,default,1.0,16.48,15.09
DUC_A01,004b,Pouteria caimito,Sapotaceae,-2.960282249,-59.92764131,36.6,20160829,False,O,P19,24.82,24.82,feldpausch_regional,0.18,default,1.0,36.78,24.89
DUC_A01,005a,Nectandra cuspidata,Lauraceae,-2.960174676,-59.92755128,16.2,20160829,False,O,P19,14.91,14.91,feldpausch_regional,0.18,default,1.0,16.38,15.03
DUC_A01,005b,,,-2.960315443,-59.92764296,39.4,20160829,True,O,P19,25.86,25.86,feldpausch_regional,0.18,default,1.0,39.58,25.92
DUC_A01,006a,Sacoglottis guianensis,Humiriaceae,-2.960171402,-59.92754208,14.2,20160829,False,O,P19,13.62,13.62,feldpausch_regional,0.18,default,1.0,14.38,13.74
DUC_A01,006b,Licania octandra,Chrysobalanaceae,-2.960518495,-59.92768306,42.6,20160829,False,O,P19,26.97,26.97,feldpausch_regional,0.18,default,1.0,42.78,27.03
DUC_A01,007a,Guatteria schomburgkiana,Annonaceae,-2.96017008,-59.92752237,23.4,20160829,False,O,P19,18.99,18.99,feldpausch_regional,0.18,default,1.0,23.58,19.09
DUC_A01,007b,Zygia racemosa,Fabaceae,-2.960556676,-59.9276403,65.4,20160829,False,O,P19,33.18,33.18,feldpausch_regional,0.18,default,1.0,65.58,33.22
DUC_A01,008a,Diospyros artanthifolia,Ebenaceae,-2.960195917,-59.92755748,14.1,20160829,False,O,P19,13.56,13.56,feldpausch_regional,0.18,default,1.0,14.28,13.68
DUC_A01,008b,Minquartia guianensis,Olacaceae,-2.960588685,-59.92772722,48.0,20160829,False,O,P19,28.69,28.69,feldpausch_regional,0.18,default,1.0,48.18,28.74
DUC_A01,009a,,,-2.960212215,-59.92758247,15.3,20160829,False,O,P19,14.34,14.34,feldpausch_regional,0.18,default,1.0,15.48,14.46
DUC_A01,009b,Lecythis lurida,Lecythidaceae,-2.960579858,-59.92775028,36.0,20160829,False,O,P19,24.6,24.6,feldpausch_regional,0.18,default,1.0,36.18,24.66
DUC_A01,010a,Lecythis idatimon,Lecythidaceae,-2.960189587,-59.92749499,13.9,20160829,False,O,P19,13.42,13.42,feldpausch_regional,0.18,default,1.0,14.08,13.54
DUC_A01,010b,Pouteria gongrijpii,Sapotaceae,-2.960565171,-59.92775071,48.5,20160829,False,O,P19,28.84,28.84,feldpausch_regional,0.18,default,1.0,48.68,28.89
DUC_A01,011a,Licania guianensis,Chrysobalanaceae,-2.960184923,-59.92747625,26.6,20160829,False,O,P19,20.58,20.58,feldpausch_regional,0.18,default,1.0,26.78,20.66
DUC_A01,011b,Pouteria cladantha,Sapotaceae,-2.960451825,-59.92779636,53.7,20160829,False,O,P19,30.32,30.32,feldpausch_regional,0.18,default,1.0,53.88,30.37
DUC_A01,012a,Licania canescens,Chrysobalanaceae,-2.960185459,-59.92747529,15.0,20160829,False,O,P19,14.15,14.15,feldpausch_regional,0.18,default,1.0,15.18,14.27
DUC_A01,012b,Eschweilera micrantha,Lecythidaceae,-2.960467732,-59.92774332,38.0,20160829,False,O,P19,25.35,25.35,feldpausch_regional,0.18,default,1.0,38.18,25.42
DUC_A01,013a,Poeppigia procera,Fabaceae,-2.960242515,-59.92750896,16.1,20160829,False,O,P19,14.85,14.85,feldpausch_regional,0.18,default,1.0,16.28,14.96
DUC_A01,014a,Caryocar glabrum,Caryocaraceae,-2.960243049,-59.927508,18.0,20160829,False,O,P19,16.01,16.01,feldpausch_regional,0.18,default,1.0,18.18,16.12
DUC_A01,015a,Brosimum rubescens,Moraceae,-2.960234627,-59.9274829,25.0,20160829,False,O,P19,19.8,19.8,feldpausch_regional,0.18,default,1.0,25.18,19.89
DUC_A01,016a,Bowdichia nitida,Fabaceae,-2.960268024,-59.92747947,29.0,20160829,False,O,P19,21.68,21.68,feldpausch_regional,0.18,default,1.0,29.18,21.77
DUC_A01,017a,Eschweilera ovata,Lecythidaceae,-2.960279129,-59.92745868,39.7,20160829,False,O,P19,25.97,25.97,feldpausch_regional,0.18,default,1.0,39.88,26.03
DUC_A01,018a,Protium paniculatum,Burseraceae,-2.960309519,-59.92749438,20.0,20160829,False,O,P19,17.17,17.17,feldpausch_regional,0.18,default,1.0,20.18,17.27
DUC_A01,019a,Eschweilera coriacea,Lecythidaceae,-2.960325585,-59.92752627,18.0,20160829,False,O,P19,16.01,16.01,feldpausch_regional,0.18,default,1.0,18.18,16.12
DUC_A01,020a,Helicostylis tomentosa,Moraceae,-2.960305316,-59.92746522,13.6,20160829,False,O,P19,13.22,13.22,feldpausch_regional,0.18,default,1.0,13.78,13.34
DUC_A01,021a,,,-2.960331957,-59.92745531,13.3,20160829,False,O,P19,13.02,13.02,feldpausch_regional,0.18,default,1.0,13.48,13.14
DUC_A01,022a,Casearia grandiflora,Salicaceae,-2.960381433,-59.92750443,11.7,20160829,False,O,P19,11.89,11.89,feldpausch_regional,0.18,default,1.0,11.88,12.02
DUC_A01,023a,,,-2.96033572,-59.92743735,13.0,20160829,True,O,P19,12.81,12.81,feldpausch_regional,0.18,default,1.0,13.18,12.93
DUC_A01,024a,Protium paniculatum,Burseraceae,-2.96037281,-59.92742899,13.9,20160829,False,O,P19,13.42,13.42,feldpausch_regional,0.18,default,1.0,14.08,13.54
DUC_A01,025a,,,-2.960390069,-59.92742633,12.7,20160829,True,O,P19,12.6,12.6,feldpausch_regional,0.18,default,1.0,12.88,12.73
DUC_A01,026a,,,-2.960393695,-59.92743026,34.0,20160829,True,O,P19,23.81,23.81,feldpausch_regional,0.18,default,1.0,34.18,23.88
DUC_A01,027a,Virola elongata,Myristicaceae,-2.960393382,-59.92742953,10.7,20160829,False,O,P19,11.15,11.15,feldpausch_regional,0.18,default,1.0,10.88,11.29
DUC_A01,028a,Protium paniculatum,Burseraceae,-2.960398123,-59.92746295,26.4,20160829,False,O,P19,20.48,20.48,feldpausch_regional,0.18,default,1.0,26.58,20.57
DUC_A01,029a,Pouteria gongrijpii,Sapotaceae,-2.960400176,-59.92746323,13.3,20160829,False,O,P19,13.02,13.02,feldpausch_regional,0.18,default,1.0,13.48,13.14
DUC_A01,030a,Eschweilera coriacea,Lecythidaceae,-2.96042,-59.92751141,22.5,20160829,False,O,P19,18.53,18.53,feldpausch_regional,0.18,default,1.0,22.68,18.62
DUC_A01,031a,Eriotheca globosa,Malvaceae,-2.960436123,-59.92751768,46.6,20160829,False,O,P19,28.26,28.26,feldpausch_regional,0.18,default,1.0,46.78,28.32
DUC_A01,032a,,,-2.960434218,-59.92743459,14.0,20160829,False,O,P19,13.49,13.49,feldpausch_regional,0.18,default,1.0,14.18,13.61
DUC_A01,033a,Brosimum rubescens,Moraceae,-2.960478757,-59.92748963,31.0,20160829,False,O,P19,22.56,22.56,feldpausch_regional,0.18,default,1.0,31.18,22.64
DUC_A01,034a,Eschweilera coriacea,Lecythidaceae,-2.960479782,-59.92749657,23.8,20160829,False,O,P19,19.2,19.2,feldpausch_regional,0.18,default,1.0,23.98,19.29
DUC_A01,035a,Eschweilera coriacea,Lecythidaceae,-2.96047892,-59.92749679,13.3,20160829,False,O,P19,13.02,13.02,feldpausch_regional,0.18,default,1.0,13.48,13.14
DUC_A01,036a,,,-2.960499766,-59.92753699,15.2,20160829,False,O,P19,14.28,14.28,feldpausch_regional,0.18,default,1.0,15.38,14.39
DUC_A01,037a,Pouteria gongrijpii,Sapotaceae,-2.960499521,-59.92753866,20.7,20160829,False,O,P19,17.56,17.56,feldpausch_regional,0.18,default,1.0,20.88,17.66
DUC_A01,038a,Protium paniculatum,Burseraceae,-2.960478384,-59.92754274,11.3,20160829,False,O,P19,11.6,11.6,feldpausch_regional,0.18,default,1.0,11.48,11.73
DUC_A01,039a,Guatteria schomburgkiana,Annonaceae,-2.960471835,-59.92755418,10.3,20160829,False,O,P19,10.85,10.85,feldpausch_regional,0.18,default,1.0,10.48,10.99
DUC_A01,040a,Eperua bijuga,Fabaceae,-2.960470589,-59.92756018,10.0,20160829,False,O,P19,10.62,10.62,feldpausch_regional,0.18,default,1.0,10.18,10.76
DUC_A01,041a,Cordia scabrifolia,Boraginaceae,-2.960442934,-59.92751347,10.8,20160829,False,O,P19,11.23,11.23,feldpausch_regional,0.18,default,1.0,10.98,11.36
DUC_A01,042a,Tetragastris panamensis,Burseraceae,-2.960440411,-59.92753433,25.0,20160829,False,O,P19,19.8,19.8,feldpausch_regional,0.18,default,1.0,25.18,19.89
DUC_A01,043a,Ormosia coccinea,Fabaceae,-2.960422254,-59.92754321,24.5,20160829,False,O,P19,19.55,19.55,feldpausch_regional,0.18,default,1.0,24.68,19.64
DUC_A01,044a,Sextonia rubra,Lauraceae,-2.960416091,-59.92757741,63.7,20160829,False,O,P19,32.8,32.8,feldpausch_regional,0.18,default,1.0,63.88,32.84
DUC_A01,045a,Swartzia laevicarpa,Fabaceae,-2.960360185,-59.9275393,19.7,20160829,False,O,P19,17.0,17.0,feldpausch_regional,0.18,default,1.0,19.88,17.1
DUC_A01,046a,Dipteryx odorata,Fabaceae,-2.960362714,-59.92757549,57.8,20160829,False,O,P19,31.39,31.39,feldpausch_regional,0.18,default,1.0,57.98,31.44
DUC_A01,047a,,,-2.960369601,-59.92758676,21.6,20160829,False,O,P19,18.05,18.05,feldpausch_regional,0.18,default,1.0,21.78,18.14
DUC_A01,048a,Aniba parviflora,Lauraceae,-2.960357413,-59.92758513,40.9,20160829,False,O,P19,26.39,26.39,feldpausch_regional,0.18,default,1.0,41.08,26.45
DUC_A01,049a,Poeppigia procera,Fabaceae,-2.960354163,-59.92757779,11.4,20160829,False,O,P19,11.67,11.67,feldpausch_regional,0.18,default,1.0,11.58,11.8
DUC_A01,050a,Lecythis lurida,Lecythidaceae,-2.96033273,-59.92753588,40.6,20160829,False,O,P19,26.28,26.28,feldpausch_regional,0.18,default,1.0,40.78,26.35
DUC_A01,051a,Guatteria schomburgkiana,Annonaceae,-2.960347489,-59.92757136,10.8,20160829,False,O,P19,11.23,11.23,feldpausch_regional,0.18,default,1.0,10.98,11.36
DUC_A01,052a,,,-2.960345246,-59.92757279,12.2,20160829,False,L,P19,12.25,12.25,feldpausch_regional,0.18,default,1.0,12.38,12.38
DUC_A01,053a,Licania octandra,Chrysobalanaceae,-2.960334646,-59.9275748,12.1,20160829,False,O,P19,12.18,12.18,feldpausch_regional,0.18,default,1.0,12.28,12.31
DUC_A01,054a,Ocotea cernua,Lauraceae,-2.96033739,-59.92758313,14.8,20160829,False,O,P19,14.02,14.02,feldpausch_regional,0.18,default,1.0,14.98,14.14
DUC_A01,055a,,,-2.960322784,-59.92752863,15.5,20160829,False,O,P19,14.47,14.47,feldpausch_regional,0.18,default,1.0,15.68,14.59
DUC_A01,056a,,,-2.960317723,-59.92753241,19.2,20160829,False,O,P19,16.71,16.71,feldpausch_regional,0.18,default,1.0,19.38,16.82
DUC_A01,057a,Pouteria reticulata,Sapotaceae,-2.960315702,-59.92753869,18.1,20160829,False,O,P19,16.07,16.07,feldpausch_regional,0.18,default,1.0,18.28,16.18
DUC_A01,058a,Virola sebifera,Myristicaceae,-2.960282615,-59.92754652,12.3,20160829,False,O,P19,12.32,12.32,feldpausch_regional,0.18,default,1.0,12.48,12.45
DUC_A01,059a,Poeppigia procera,Fabaceae,-2.96028751,-59.92761069,13.8,20160829,False,O,P19,13.36,13.36,feldpausch_regional,0.18,default,1.0,13.98,13.48
DUC_A01,060a,Aniba parviflora,Lauraceae,-2.960262163,-59.92756099,30.7,20160829,False,O,P19,22.43,22.43,feldpausch_regional,0.18,default,1.0,30.88,22.51
DUC_A01,061a,Virola sebifera,Myristicaceae,-2.960231053,-59.92759838,15.8,20160829,False,O,P19,14.66,14.66,feldpausch_regional,0.18,default,1.0,15.98,14.78
DUC_A01,062a,Eriotheca globosa,Malvaceae,-2.960225919,-59.92759557,14.0,20160829,False,O,P19,13.49,13.49,feldpausch_regional,0.18,default,1.0,14.18,13.61
DUC_A01,063a,,,-2.96023104,-59.92762351,16.3,20160829,False,O,P19,14.98,14.98,feldpausch_regional,0.18,default,1.0,16.48,15.09
DUC_A01,064a,Virola michelii,Myristicaceae,-2.960200899,-59.92760812,13.4,20160829,False,O,P19,13.08,13.08,feldpausch_regional,0.18,default,1.0,13.58,13.21
DUC_A01,065a,,,-2.960192498,-59.92760868,13.8,20160829,False,O,P19,13.36,13.36,feldpausch_regional,0.18,default,1.0,13.98,13.48
DUC_A01,066a,Inga thibaudiana,Fabaceae,-2.960184766,-59.92760654,15.7,20160829,False,O,P19,14.6,14.6,feldpausch_regional,0.18,default,1.0,15.88,14.71
DUC_A01,067a,Sacoglottis guianensis,Humiriaceae,-2.96014883,-59.92760597,17.5,20160829,False,O,P19,15.71,15.71,feldpausch_regional,0.18,default,1.0,17.68,15.82
DUC_A01,068a,Eschweilera ovata,Lecythidaceae,-2.960152275,-59.92762367,11.7,20160829,False,O,P19,11.89,11.89,feldpausch_regional,0.18,default,1.0,11.88,12.02
DUC_A01,069a,Maquira coriacea,Moraceae,-2.960158958,-59.92763796,27.8,20160829,False,O,P19,21.14,21.14,feldpausch_regional,0.18,default,1.0,27.98,21.22
DUC_A01,070a,,,-2.960160919,-59.92764421,20.7,20160829,False,L,P19,17.56,17.56,feldpausch_regional,0.18,default,1.0,20.88,17.66
DUC_A01,071a,Pseudopiptadenia suaveolens,Fabaceae,-2.960088354,-59.92760072,32.0,20160829,False,O,P19,22.99,22.99,feldpausch_regional,0.18,default,1.0,32.18,23.06
DUC_A01,001a,Erisma uncinatum,Vochysiaceae,-2.941598594,-59.94125582,15.6,20160830,False,O,P20,14.54,14.54,feldpausch_regional,0.18,default,1.0,15.78,14.65
DUC_A01,001b,Sloanea guianensis,Elaeocarpaceae,-2.94171485,-59.94136214,61.5,20160830,False,O,P20,32.29,32.29,feldpausch_regional,0.18,default,1.0,61.68,32.34
DUC_A01,002a,Abarema jupunba,Fabaceae,-2.941610819,-59.9412661,12.1,20160830,False,O,P20,12.18,12.18,feldpausch_regional,0.18,default,1.0,12.28,12.31
DUC_A01,002b,Sacoglottis guianensis,Humiriaceae,-2.941742527,-59.9413033,36.3,20160830,False,O,P20,24.71,24.71,feldpausch_regional,0.18,default,1.0,36.48,24.78
DUC_A01,003a,Sloanea guianensis,Elaeocarpaceae,-2.941626167,-59.94122225,14.1,20160830,False,O,P20,13.56,13.56,feldpausch_regional,0.18,default,1.0,14.28,13.68
DUC_A01,003b,Eschweilera micrantha,Lecythidaceae,-2.941868515,-59.94124062,35.3,20160830,False,O,P20,24.32,24.32,feldpausch_regional,0.18,default,1.0,35.48,24.39
DUC_A01,004a,Swartzia laevicarpa,Fabaceae,-2.941630518,-59.9411817,45.4,20160830,False,O,P20,27.88,27.88,feldpausch_regional,0.18,default,1.0,45.58,27.94
DUC_A01,004b,Eschweilera coriacea,Lecythidaceae,-2.941891514,-59.94124705,50.2,20160830,False,O,P20,29.34,29.34,feldpausch_regional,0.18,default,1.0,50.38,29.39
DUC_A01,005a,Eschweilera coriacea,Lecythidaceae,-2.941625304,-59.94117599,21.0,20160830,False,O,P20,17.72,17.72,feldpausch_regional,0.18,default,1.0,21.18,17.82
DUC_A01,005b,,,-2.941965064,-59.94128864,43.3,20160830,True,O,P20,27.2,27.2,feldpausch_regional,0.18,default,1.0,43.48,27.26
DUC_A01,006a,Licania guianensis,Chrysobalanaceae,-2.941637796,-59.94117642,11.4,20160830,False,O,P20,11.67,11.67,feldpausch_regional,0.18,default,1.0,11.58,11.8
DUC_A01,006b,Swartzia polyphylla,Fabaceae,-2.942010577,-59.94137373,65.0,20160830,False,O,P20,33.09,33.09,feldpausch_regional,0.18,default,1.0,65.18,33.13
DUC_A01,007a,Pourouma minor,Urticaceae,-2.941640821,-59.94118971,24.1,20160830,False,O,P20,19.35,19.35,feldpausch_regional,0.18,default,1.0,24.28,19.44
DUC_A01,007b,Eriotheca globosa,Malvaceae,-2.941922609,-59.9414109,41.7,20160830,False,O,P20,26.66,26.66,feldpausch_regional,0.18,default,1.0,41.88,26.72
DUC_A01,008a,Sloanea guianensis,Elaeocarpaceae,-2.941662366,-59.94122854,26.0,20160830,False,O,P20,20.29,20.29,feldpausch_regional,0.18,default,1.0,26.18,20.37
DUC_A01,008b,Swartzia polyphylla,Fabaceae,-2.941722816,-59.94111034,40.0,20160830,False,O,P20,26.07,26.07,feldpausch_regional,0.18,default,1.0,40.18,26.14
DUC_A01,009a,,,-2.941657722,-59.94120726,12.0,20160830,False,O,P20,12.11,12.11,feldpausch_regional,0.18,default,1.0,12.18,12.23
DUC_A01,009b,Simarouba amara,Simaroubaceae,-2.941803163,-59.94148964,39.5,20160830,False,O,P20,25.89,25.89,feldpausch_regional,0.18,default,1.0,39.68,25.96
DUC_A01,010a,Ocotea canaliculata,Lauraceae,-2.941657502,-59.9412065,16.1,20160830,False,O,P20,14.85,14.85,feldpausch_regional,0.18,default,1.0,16.28,14.96
DUC_A01,011a,Strychnos subcordata,Loganiaceae,-2.941657942,-59.94120802,13.2,20160830,False,O,P20,12.95,12.95,feldpausch_regional,0.18,default,1.0,13.38,13.07
DUC_A01,012a,Pourouma minor,Urticaceae,-2.94166925,-59.94120051,11.0,20160830,False,O,P20,11.38,11.38,feldpausch_regional,0.18,default,1.0,11.18,11.51
DUC_A01,013a,Pseudopiptadenia psilostachya,Fabaceae,-2.941669623,-59.94119671,29.4,20160830,False,O,P20,21.86,21.86,feldpausch_regional,0.18,default,1.0,29.58,21.94
DUC_A01,014a,Protium paniculatum,Burseraceae,-2.941680477,-59.94121273,14.0,20160830,False,O,P20,13.49,13.49,feldpausch_regional,0.18,default,1.0,14.18,13.61
DUC_A01,015a,Diospyros artanthifolia,Ebenaceae,-2.94167593,-59.94117054,12.2,20160830,False,O,P20,12.25,12.25,feldpausch_regional,0.18,default,1.0,12.38,12.38
DUC_A01,016a,,,-2.941693123,-59.94112844,17.2,20160830,False,O,P20,15.53,15.53,feldpausch_regional,0.18,default,1.0,17.38,15.64
DUC_A01,017a,Virola mollissima,Myristicaceae,-2.941704987,-59.94111937,11.9,20160830,False,O,P20,12.03,12.03,feldpausch_regional,0.18,default,1.0,12.08,12.16
DUC_A01,018a,Casearia javitensis,Salicaceae,-2.941715849,-59.94111182,14.5,20160830,False,O,P20,13.82,13.82,feldpausch_regional,0.18,default,1.0,14.68,13.94
DUC_A01,019a,Eschweilera ovata,Lecythidaceae,-2.941718453,-59.94111945,38.7,20160830,False,O,P20,25.61,25.61,feldpausch_regional,0.18,default,1.0,38.88,25.67
DUC_A01,020a,Protium paniculatum,Burseraceae,-2.941740224,-59.94116073,18.6,20160830,False,O,P20,16.36,16.36,feldpausch_regional,0.18,default,1.0,18.78,16.47
DUC_A01,021a,Ocotea cernua,Lauraceae,-2.941749502,-59.94110061,12.2,20160830,False,O,P20,12.25,12.25,feldpausch_regional,0.18,default,1.0,12.38,12.38
DUC_A01,022a,Pourouma minor,Urticaceae,-2.941766603,-59.94108929,20.5,20160830,False,O,P20,17.45,17.45,feldpausch_regional,0.18,default,1.0,20.68,17.54
DUC_A01,023a,Protium paniculatum,Burseraceae,-2.941765648,-59.94109081,12.0,20160830,False,O,P20,12.11,12.11,feldpausch_regional,0.18,default,1.0,12.18,12.23
DUC_A01,024a,Poeppigia procera,Fabaceae,-2.941780703,-59.9411649,21.2,20160830,False,O,P20,17.83,17.83,feldpausch_regional,0.18,default,1.0,21.38,17.93
DUC_A01,025a,,,-2.941833117,-59.94113568,55.0,20160830,True,O,P20,30.67,30.67,feldpausch_regional,0.18,default,1.0,55.18,30.72
DUC_A01,026a,,,-2.941821434,-59.94114052,11.1,20160830,False,O,P20,11.45,11.45,feldpausch_regional,0.18,default,1.0,11.28,11.58
DUC_A01,027a,Virola crebrinervia,Myristicaceae,-2.9418418,-59.94110981,19.4,20160830,False,O,P20,16.83,16.83,feldpausch_regional,0.18,default,1.0,19.58,16.93
DUC_A01,028a,Lecythis pisonis,Lecythidaceae,-2.941848795,-59.94107702,18.5,20160830,False,O,P20,16.31,16.31,feldpausch_regional,0.18,default,1.0,18.68,16.41
DUC_A01,029a,,,-2.941848145,-59.94107548,17.2,20160830,True,O,P20,15.53,15.53,feldpausch_regional,0.18,default,1.0,17.38,15.64
DUC_A01,030a,,,-2.941845279,-59.94105022,64.1,20160830,True,O,P20,32.89,32.89,feldpausch_regional,0.18,default,1.0,64.28,32.93
DUC_A01,031a,,,-2.941864382,-59.9410416,18.5,20160830,True,O,P20,16.31,16.31,feldpausch_regional,0.18,default,1.0,18.68,16.41
DUC_A01,032a,Virola elongata,Myristicaceae,-2.941876809,-59.94111822,10.4,20160830,False,O,P20,10.93,10.93,feldpausch_regional,0.18,default,1.0,10.58,11.06
DUC_A01,033a,Couratari multiflora,Lecythidaceae,-2.941893603,-59.94115931,22.1,20160830,False,O,P20,18.31,18.31,feldpausch_regional,0.18,default,1.0,22.28,18.41
DUC_A01,034a,,,-2.941888931,-59.94115811,10.3,20160830,True,O,P20,10.85,10.85,feldpausch_regional,0.18,default,1.0,10.48,10.99
DUC_A01,035a,Inga thibaudiana,Fabaceae,-2.941874166,-59.94116632,14.0,20160830,False,O,P20,13.49,13.49,feldpausch_regional,0.18,default,1.0,14.18,13.61
DUC_A01,036a,Protium paniculatum,Burseraceae,-2.941879434,-59.94120111,19.0,20160830,False,O,P20,16.6,16.6,feldpausch_regional,0.18,default,1.0,19.18,16.7
DUC_A01,037a,Protium paniculatum,Burseraceae,-2.941859577,-59.94121191,14.4,20160830,False,O,P20,13.76,13.76,feldpausch_regional,0.18,default,1.0,14.58,13.88
DUC_A01,038a,,,-2.941840797,-59.94119795,16.0,20160830,False,O,P20,14.79,14.79,feldpausch_regional,0.18,default,1.0,16.18,14.9
DUC_A01,039a,Calophyllum brasiliense,Calophyllaceae,-2.941792796,-59.94120882,46.5,20160830,False,O,P20,28.23,28.23,feldpausch_regional,0.18,default,1.0,46.68,28.28
DUC_A01,040a,Eschweilera coriacea,Lecythidaceae,-2.941752016,-59.94125327,27.0,20160830,False,O,P20,20.76,20.76,feldpausch_regional,0.18,default,1.0,27.18,20.85
DUC_A01,041a,Protium paniculatum,Burseraceae,-2.941727868,-59.94125757,26.5,20160830,False,O,P20,20.53,20.53,feldpausch_regional,0.18,default,1.0,26.68,20.61
DUC_A01,042a,,,-2.941712346,-59.94126615,54.0,20160830,True,O,P20,30.4,30.4,feldpausch_regional,0.18,default,1.0,54.18,30.45
DUC_A01,043a,Virola mollissima,Myristicaceae,-2.941713056,-59.94126844,11.7,20160830,False,O,P20,11.89,11.89,feldpausch_regional,0.18,default,1.0,11.88,12.02
DUC_A01,044a,,,-2.941591572,-59.94133633,17.0,20160830,True,O,P20,15.41,15.41,feldpausch_regional,0.18,default,1.0,17.18,15.52
DUC_A01,045a,,,-2.941662858,-59.94127595,23.0,20160830,False,O,P20,18.79,18.79,feldpausch_regional,0.18,default,1.0,23.18,18.88
DUC_A01,046a,,,-2.941627697,-59.94121695,15.7,20160830,False,L,P20,14.6,14.6,feldpausch_regional,0.18,default,1.0,15.88,14.71
DUC_A01,047a,,,-2.941653667,-59.94130732,12.3,20160830,False,O,P20,12.32,12.32,feldpausch_regional,0.18,default,1.0,12.48,12.45
DUC_A01,048a,Erisma uncinatum,Vochysiaceae,-2.941643511,-59.9413042,24.0,20160830,False,O,P20,19.3,19.3,feldpausch_regional,0.18,default,1.0,24.18,19.39
DUC_A01,049a,Abarema jupunba,Fabaceae,-2.94160255,-59.94131826,14.0,20160830,False,O,P20,13.49,13.49,feldpausch_regional,0.18,default,1.0,14.18,13.61
DUC_A01,050a,Eriotheca globosa,Malvaceae,-2.941590045,-59.94133632,22.0,20160830,False,O,P20,18.26,18.26,feldpausch_regional,0.18,default,1.0,22.18,18.36
DUC_A01,051a,Diospyros artanthifolia,Ebenaceae,-2.941579226,-59.94133548,11.9,20160830,False,O,P20,12.03,12.03,feldpausch_regional,0.18,default,1.0,12.08,12.16
DUC_A01,052a,Ocotea canaliculata,Lauraceae,-2.941575345,-59.94132488,11.2,20160830,False,O,P20,11.53,11.53,feldpausch_regional,0.18,default,1.0,11.38,11.66
