site,tree_id,scientific_name,family_name,utm_easting,utm_northing,type,dbh_2015,dead_2015,hcom_2015,htot_2015,dbh_2018,dead_2018,plot_id,htot_feldpausch
TAP_A03,001a,Pouteria gongrijpii,Sapotaceae,726694.04971088,9654190.352117602,O,10.5,False,,,,True,1,
TAP_A03,001b,Nectandra cuspidata,Lauraceae,726713.804710752,9654198.88674304,O,20.5,False,,,,True,1,
TAP_A03,002a,Virola michelii,Myristicaceae,726694.21579696,9654192.6566792,O,11.0,False,,,,True,1,
TAP_A03,002b,Protium paniculatum,Burseraceae,726713.632982368,9654202.52646336,O,18.0,False,,,,True,1,
TAP_A03,003a,Sterculia pruriens,Malvaceae,726692.129192992,9654193.16804784,O,13.9,False,,,14.7,False,1,13.95
TAP_A03,003b,,,726714.730627552,9654202.55504704,O,35.7,True,,,,True,1,
TAP_A03,004a,Maquira coriacea,Moraceae,726697.5042864638,9654197.17297128,O,33.5,False,,,40.9,False,1,26.39
TAP_A03,004b,Pouteria macrophylla,Sapotaceae,726714.041329216,9654205.39098232,O,10.4,False,,,,True,1,
TAP_A03,005a,Ocotea cernua,Lauraceae,726700.5252113598,9654196.6182872,O,24.7,False,,,25.8,False,1,20.19
TAP_A03,005b,Protium heptaphyllum,Burseraceae,726713.02436016,9654205.7426632,O,19.8,False,,,,True,1,
TAP_A03,006a,,,726700.82955952,9654195.6224904,O,11.5,True,,,,True,1,
TAP_A03,006b,Symphonia globulifera,Clusiaceae,726712.4471646398,9654204.3151728,O,10.6,False,,,,True,1,
TAP_A03,007a,,,726700.631306592,9654199.38983584,O,21.5,True,,,,True,1,
TAP_A03,007b,Duguetia surinamensis,Annonaceae,726712.18609808,9654205.3591016,O,11.0,False,,,,True,1,
TAP_A03,008a,Sapium marmieri,Euphorbiaceae,726706.36395248,9654195.8167496,O,24.3,False,,,,True,1,
TAP_A03,008b,Aniba parviflora,Lauraceae,726711.845630714,9654208.23007827,O,15.7,False,,,,True,1,
TAP_A03,009a,Maquira coriacea,Moraceae,726706.9007518399,9654197.1993168,O,10.9,False,,,,True,1,
TAP_A03,009b,Tachigali paniculata,Fabaceae,726713.640761312,9654210.93471824,O,12.1,False,,,,True,1,
TAP_A03,010a,Maquira coriacea,Moraceae,726708.49274576,9654198.1392872,O,12.0,False,,,,True,1,
TAP_A03,010b,Protium hebetatum,Burseraceae,726716.1629583999,9654204.251438,O,15.1,False,,,15.7,False,1,14.6
TAP_A03,011a,Cordia scabrifolia,Boraginaceae,726709.9234830398,9654199.7004808,O,11.0,False,,,,True,1,
TAP_A03,011b,Protium paniculatum,Burseraceae,726717.644456224,9654209.85689648,O,14.1,False,,,,True,1,
TAP_A03,012a,Strychnos subcordata,Loganiaceae,726705.48000144,9654202.2906088,O,11.8,False,,,,True,1,
TAP_A03,012b,Apeiba petoumo,Malvaceae,726721.14924928,9654206.5046756,O,12.0,False,,,11.9,False,1,12.03
TAP_A03,013a,,,726708.32269744,9654209.3799288,O,41.7,True,,,,True,1,
TAP_A03,013b,Inga thibaudiana,Fabaceae,726722.7034601918,9654212.19099584,O,12.4,False,,,13.5,False,1,13.15
TAP_A03,014a,,,726708.77513056,9654211.3358012,O,13.1,True,,,,True,1,
TAP_A03,014b,Luehea speciosa,Malvaceae,726726.97874,9654218.7237,O,15.4,False,,,16.6,False,1,15.16
TAP_A03,015a,,,726707.5743620798,9654216.0046016,O,12.7,True,,,,True,1,
TAP_A03,015b,Nectandra cuspidata,Lauraceae,726728.790305856,9654224.16251512,O,14.3,False,,,15.9,False,1,14.73
TAP_A03,016a,Eschweilera coriacea,Lecythidaceae,726708.444364,9654216.42346,O,15.2,False,,,,True,1,
TAP_A03,016b,Pourouma minor,Urticaceae,726722.70808,9654216.71765,O,30.9,False,,,35.3,False,1,24.32
TAP_A03,017a,Eschweilera coriacea,Lecythidaceae,726703.899242208,9654226.34248816,O,10.7,False,13.51,22.58,11.5,False,1,11.75
TAP_A03,017b,Pourouma minor,Urticaceae,726721.2950584,9654219.030548,O,53.7,False,13.51,22.58,54.4,False,1,30.51
TAP_A03,018a,,,726700.4117060798,9654224.1249816,O,14.8,False,,,,True,1,
TAP_A03,018b,Laetia procera,Salicaceae,726719.388905824,9654219.07546448,O,22.4,False,,,,True,1,
TAP_A03,019a,Lecythis idatimon,Lecythidaceae,726700.64945008,9654219.6010016,O,14.8,False,,,,True,1,
TAP_A03,019b,Protium paniculatum,Burseraceae,726714.0419976,9654213.233932,O,11.1,False,,,,True,1,
TAP_A03,020a,Cordia scabrifolia,Boraginaceae,726697.71513712,9654222.7721424,O,22.5,False,,,22.3,False,1,18.42
TAP_A03,020b,Casearia javitensis,Salicaceae,726710.306418848,9654212.87538896,O,12.5,False,,,,True,1,
TAP_A03,021a,Jacaranda copaia,Bignoniaceae,726698.175370829,9654224.045866579,O,13.9,False,,,17.3,False,1,15.59
TAP_A03,021b,Inga thibaudiana,Fabaceae,726713.0438984,9654217.460988,O,11.0,False,,,,True,1,
TAP_A03,022a,Pseudopiptadenia psilostachya,Fabaceae,726697.42521616,9654223.7839832,O,37.6,False,,,38.5,False,1,25.53
TAP_A03,022b,Ocotea cernua,Lauraceae,726712.2454190399,9654220.8426328,O,41.7,False,,,,True,1,
TAP_A03,023a,Ormosia grossa,Fabaceae,726698.6603995198,9654226.7288104,O,10.4,False,,,10.7,False,1,11.15
TAP_A03,023b,Laetia procera,Salicaceae,726711.242864032,9654220.94349264,O,42.7,False,,,,True,1,
TAP_A03,024a,Neea oppositifolia,Nyctaginaceae,726700.753804,9654226.62528,O,20.3,False,,,20.6,False,1,17.5
TAP_A03,024b,Protium paniculatum,Burseraceae,726712.80113776,9654222.646515202,O,11.7,False,,,,True,1,
TAP_A03,025a,Inga sp,Fabaceae,726699.3619079998,9654231.74866,O,18.7,False,,,20.2,False,1,17.28
TAP_A03,025b,Protium paniculatum,Burseraceae,726715.1635108799,9654220.8407176,O,16.7,False,,,,True,1,
TAP_A03,026a,Eperua bijuga,Fabaceae,726700.2809624,9654232.222068,O,16.6,False,18.37,28.06,17.0,False,1,15.41
TAP_A03,026b,Pourouma minor,Urticaceae,726721.33992352,9654223.4685324,O,52.0,False,18.37,28.06,55.4,False,1,30.77
TAP_A03,027a,Pouteria gongrijpii,Sapotaceae,726698.710647968,9654238.08101136,O,14.0,False,,,15.9,False,1,14.73
TAP_A03,027b,Protium paniculatum,Burseraceae,726719.392082912,9654223.60051424,O,10.6,False,,,,True,1,
TAP_A03,028a,Chrysophyllum sanguinolentum,Sapotaceae,726701.8455639998,9654242.44146,O,23.4,False,18.67,29.29,23.9,False,1,19.25
TAP_A03,028b,Pourouma minor,Urticaceae,726721.732818336,9654226.29217072,O,54.6,False,18.67,29.29,55.7,False,1,30.85
TAP_A03,029a,Vitex triflora,Lamiaceae,726701.185684,9654245.04326,O,18.1,False,,,18.5,False,1,16.31
TAP_A03,029b,,,726722.7687098559,9654230.88332512,O,27.8,False,,,29.3,False,1,21.82
TAP_A03,030a,Pouteria gongrijpii,Sapotaceae,726695.4645991998,9654246.094124,O,23.8,False,,,24.8,False,1,19.7
TAP_A03,030b,Maquira coriacea,Moraceae,726725.2909,9654232.97622,O,13.0,False,,,13.6,False,1,13.22
TAP_A03,031a,,,726693.0097976,9654235.433412,O,15.8,True,,,,True,1,
TAP_A03,031b,Nectandra cuspidata,Lauraceae,726719.86143184,9654230.7638408,O,11.5,False,,,12.2,False,1,12.25
TAP_A03,032a,Guatteria schomburgkiana,Annonaceae,726688.95998128,9654234.4585656,O,10.5,False,,,11.3,False,1,11.6
TAP_A03,032b,Protium paniculatum,Burseraceae,726727.7233367038,9654230.18093608,O,11.0,False,,,10.9,False,1,11.3
TAP_A03,033a,Schefflera morototoni,Araliaceae,726686.1511192,9654236.434964,O,11.7,False,,,14.0,False,1,13.49
TAP_A03,033b,Pouteria gongrijpii,Sapotaceae,726728.084436,9654239.22526,O,11.7,False,,,12.3,False,1,12.32
TAP_A03,034a,Cecropia engleriana,Urticaceae,726684.89020592,9654236.9156384,O,10.3,False,,,11.6,False,1,11.82
TAP_A03,034b,Anacardium spruceanum,Anacardiaceae,726720.87050192,9654235.5920184,O,22.3,False,,,20.3,False,1,17.33
TAP_A03,035a,Nectandra cuspidata,Lauraceae,726679.5157575998,9654232.896492,O,29.6,False,,,29.9,False,1,22.09
TAP_A03,035b,Nectandra cuspidata,Lauraceae,726724.3081671811,9654258.86151762,O,27.6,False,,,,True,1,
TAP_A03,036a,Pseudopiptadenia suaveolens,Fabaceae,726684.2894488,9654228.553716,O,10.9,False,,,11.1,False,1,11.45
TAP_A03,036b,Theobroma glaucum,Malvaceae,726720.735686176,9654257.79776752,O,11.0,False,,,10.2,False,1,10.78
TAP_A03,037a,Maquira coriacea,Moraceae,726685.53882032,9654228.0602064,O,13.7,False,,,14.6,False,1,13.89
TAP_A03,037b,Protium paniculatum,Burseraceae,726720.374203827,9654257.481806543,O,22.6,False,,,21.1,False,1,17.78
TAP_A03,038a,Pseudopiptadenia psilostachya,Fabaceae,726686.380244,9654222.20618,O,18.9,False,24.39,41.72,23.7,False,1,19.15
TAP_A03,038b,Tachigali paniculata,Fabaceae,726715.49215792,9654252.3231104,O,78.4,False,24.39,41.72,,True,1,
TAP_A03,039a,,,726685.95522256,9654220.2807912,O,14.1,False,,,15.8,False,1,14.66
TAP_A03,039b,Guatteria schomburgkiana,Annonaceae,726714.09335696,9654248.9294792,O,18.7,False,,,,True,1,
TAP_A03,040a,Eperua bijuga,Fabaceae,726693.06459232,9654224.4648764,O,13.2,False,,,13.7,False,1,13.29
TAP_A03,040b,Rinorea guianensis,Violaceae,726712.6925656,9654250.588852,O,25.0,False,,,,True,1,
TAP_A03,041a,Cordia scabrifolia,Boraginaceae,726684.665455648,9654214.75512496,O,19.8,False,,,15.0,False,1,14.15
TAP_A03,041b,Pouteria sp,Sapotaceae,726712.096316128,9654253.39483856,O,12.0,False,,,12.7,False,1,12.6
TAP_A03,042a,Sapium marmieri,Euphorbiaceae,726684.9986582078,9654213.79141616,O,23.2,False,18.51,29.72,24.9,False,1,19.75
TAP_A03,042b,Licania canescens,Chrysobalanaceae,726712.6214886399,9654255.9653028,O,50.8,False,18.51,29.72,51.9,False,1,29.82
TAP_A03,043a,Cordia scabrifolia,Boraginaceae,726691.964107168,9654214.62818736,O,15.8,False,,,17.5,False,1,15.71
TAP_A03,043b,Licania canescens,Chrysobalanaceae,726711.04802032,9654253.3114064,O,12.7,False,,,13.1,False,1,12.88
TAP_A03,044a,Ocotea cernua,Lauraceae,726690.88898992,9654214.7817784,O,10.2,False,,,,True,1,
TAP_A03,044b,Eschweilera coriacea,Lecythidaceae,726705.45834448,9654249.5866136,O,27.4,False,,,28.1,False,1,21.28
TAP_A03,045a,Pouteria gongrijpii,Sapotaceae,726691.181144192,9654210.71858184,O,13.1,False,,,13.5,False,1,13.15
TAP_A03,045b,Rinorea guianensis,Violaceae,726701.74343568,9654247.1162536,O,11.7,False,,,12.5,False,1,12.46
TAP_A03,046a,Lecythis lurida,Lecythidaceae,726690.401004,9654209.999380002,O,10.6,False,,,22.9,False,1,18.73
TAP_A03,046b,Eschweilera amazonica,Lecythidaceae,726702.45515056,9654245.1294952,O,42.4,False,,,42.7,False,1,27.0
TAP_A03,047a,Poeppigia procera,Fabaceae,726693.65433136,9654209.3028672,O,10.4,False,,,10.5,False,1,11.0
TAP_A03,047b,Tachigali myrmecophila,Fabaceae,726702.203441248,9654241.45032696,O,30.6,False,,,31.7,False,1,22.86
TAP_A03,048a,,,726695.1445713599,9654207.7429672,O,12.8,True,,,,True,1,
TAP_A03,048b,Protium paniculatum,Burseraceae,726704.168747744,9654241.65948288,O,12.4,False,,,12.1,False,1,12.18
TAP_A03,049a,,,726703.5056171198,9654212.8888424,O,20.8,True,,,,True,1,
TAP_A03,049b,Clarisia racemosa,Moraceae,726707.49839152,9654245.4359304,O,11.4,False,,,11.3,False,1,11.6
TAP_A03,050a,Inga sp,Fabaceae,726703.77510096,9654208.4001592,O,11.9,False,,,13.5,False,1,13.15
TAP_A03,050b,Neea oppositifolia,Nyctaginaceae,726709.1717911998,9654242.745464,O,12.9,False,,,13.2,False,1,12.95
TAP_A03,051a,Pouteria gongrijpii,Sapotaceae,726689.7555883199,9654202.9220464,O,11.2,False,,,11.8,False,1,11.96
TAP_A03,051b,Inga thibaudiana,Fabaceae,726705.871867456,9654239.00206712,O,11.6,False,,,,True,1,
TAP_A03,052a,Couratari stellata,Lecythidaceae,726691.694573024,9654200.12665248,O,12.5,False,,,12.7,False,1,12.6
TAP_A03,052b,Tachigali myrmecophila,Fabaceae,726706.20375184,9654237.6366168,O,20.4,False,,,,True,1,
TAP_A03,053a,Pouteria guianensis,Sapotaceae,726692.835602848,9654199.64608496,O,11.4,False,,,,True,1,
TAP_A03,053b,,,726704.8165139199,9654236.9168784,O,41.2,False,,,41.4,False,1,26.56
TAP_A03,054a,,,726692.57863856,9654197.5073112,O,12.8,False,,,29.0,False,1,21.68
TAP_A03,054b,Duguetia surinamensis,Annonaceae,726704.891749792,9654235.77602184,O,15.6,False,,,16.0,False,1,14.79
TAP_A03,055a,,,726692.709611232,9654197.11926064,O,10.5,False,,,12.2,False,1,12.25
TAP_A03,055b,Inga thibaudiana,Fabaceae,726708.70216688,9654235.8486816,O,17.3,False,,,17.6,False,1,15.77
TAP_A03,056b,Protium paniculatum,Burseraceae,726706.56983216,9654231.921103202,O,22.4,False,,,22.4,False,1,18.47
TAP_A03,057b,Cordia scabrifolia,Boraginaceae,726709.1478590398,9654229.6880008,O,16.1,False,,,16.6,False,1,15.16
TAP_A03,058b,Simarouba amara,Simaroubaceae,726710.34903056,9654228.8740392,O,12.7,False,,,,True,1,
TAP_A03,059b,Pouteria gongrijpii,Sapotaceae,726707.60255664,9654227.7325528,O,10.6,False,,,11.1,False,1,11.45
TAP_A03,060b,Jacaranda copaia,Bignoniaceae,726711.56794096,9654227.9463792,O,19.8,False,,,,True,1,
TAP_A03,061b,Rinorea guianensis,Violaceae,726712.5843460798,9654227.8609216,O,12.0,False,,,,True,1,
TAP_A03,062b,Eschweilera parviflora,Lecythidaceae,726714.2000369598,9654225.106279202,O,13.2,False,,,,True,1,
TAP_A03,063b,,,726707.147513472,9654225.506927442,O,50.6,True,,11.76,,True,1,
TAP_A03,064b,Inga thibaudiana,Fabaceae,726706.5175143998,9654224.020716,O,14.3,False,,,,True,1,
TAP_A03,065b,Ormosia grossa,Fabaceae,726706.8606519998,9654222.66778,O,11.5,False,,,,True,1,
TAP_A03,066a,Ocotea canaliculata,Lauraceae,726689.1143608,9654213.905556,O,,,,,15.4,False,1,14.41
TAP_A03,067a,Symphonia globulifera,Clusiaceae,726700.1970456,9654228.674632,O,,,,,10.5,False,1,11.0
TAP_A03,068a,Inga thibaudiana,Fabaceae,726687.7425886398,9654238.4417528,O,,,,,11.3,False,1,11.6
TAP_A03,001a,Protium paniculatum,Burseraceae,726814.5771521,9654302.735523,O,13.2,False,25.15,28.95,13.4,False,2,13.08
TAP_A03,001b,Tachigali myrmecophila,Fabaceae,726858.0137571358,9654320.57554848,O,15.6,False,7.04,10.34,33.5,False,2,23.61
TAP_A03,002a,Licania canescens,Chrysobalanaceae,726822.2882324499,9654304.4158835,O,14.3,False,4.93,5.92,15.2,False,2,14.28
TAP_A03,002b,Neea oppositifolia,Nyctaginaceae,726857.4028552,9654325.34948,O,15.1,False,9.62,13.09,15.0,False,2,14.15
TAP_A03,003a,Oenocarpus bacaba,Arecaceae,726824.19563164,9654304.8868652,P,11.5,False,7.26,13.67,12.2,False,2,12.25
TAP_A03,003b,Rinorea guianensis,Violaceae,726851.4192025,9654327.652475,O,15.2,False,6.2,10.09,16.4,False,2,15.04
TAP_A03,004a,,,726832.0796775998,9654308.923408,O,12.0,False,7.39,8.34,17.2,False,2,15.53
TAP_A03,004b,Inga thibaudiana,Fabaceae,726848.820134656,9654332.13882208,O,11.6,False,7.41,13.4,11.8,False,2,11.96
TAP_A03,005a,,,726830.58386832,9654307.3172176,O,13.2,False,9.76,12.62,19.7,False,2,17.0
TAP_A03,005b,Ocotea cernua,Lauraceae,726848.8532158,9654332.043674,O,21.2,False,15.17,21.34,21.2,False,2,17.83
TAP_A03,006a,Rinorea guianensis,Violaceae,726825.03387248,9654308.2819464,O,19.0,False,,,19.0,False,2,16.6
TAP_A03,006b,Guatteria schomburgkiana,Annonaceae,726849.01862152,9654331.5679336,O,44.4,False,18.21,25.11,44.4,False,2,27.56
TAP_A03,007a,Dimorphandra macrostachya,Fabaceae,726822.2965856,9654307.225488,O,40.7,False,20.45,25.58,,True,2,
TAP_A03,007b,Rinorea guianensis,Violaceae,726845.6832113878,9654326.20981684,O,19.8,False,,,19.7,False,2,17.0
TAP_A03,008a,,,726816.65778132,9654305.5552476,O,12.4,False,,,13.1,False,2,12.88
TAP_A03,008b,Ormosia amazonica,Fabaceae,726838.00425104,9654321.4167312,O,15.8,False,,,48.5,False,2,28.84
TAP_A03,009a,Sextonia rubra,Lauraceae,726817.431129088,9654309.10491584,O,25.9,False,,,28.0,False,2,21.23
TAP_A03,009b,Licania octandra,Chrysobalanaceae,726838.7261735759,9654328.204481682,O,14.0,False,,,14.6,False,2,13.89
TAP_A03,010a,Inga thibaudiana,Fabaceae,726818.6310296318,9654311.51618976,O,17.6,False,,,18.0,False,2,16.01
TAP_A03,010b,,,726832.02668,9654323.54862,O,52.6,True,19.34,22.27,,True,2,
TAP_A03,011a,,,726826.609471324,9654315.40367732,O,11.4,False,,,18.7,False,2,16.42
TAP_A03,011b,,,726840.166149792,9654327.08353056,O,12.6,True,,,,True,2,
TAP_A03,012a,Pouteria sp,Sapotaceae,726820.99659788,9654316.4662884,O,10.8,False,,,11.3,False,2,11.6
TAP_A03,012b,,,726841.0448336198,9654327.5495126,O,12.2,True,,,,True,2,
TAP_A03,013a,Protium paniculatum,Burseraceae,726818.7692377,9654319.686131,O,11.0,False,,,11.1,False,2,11.45
TAP_A03,013b,Pouteria gongrijpii,Sapotaceae,726841.6457656,9654331.772148,O,28.2,False,,,28.0,False,2,21.23
TAP_A03,014a,Cecropia palmata,Urticaceae,726817.6931951998,9654319.759296,O,12.5,False,,,17.2,False,2,15.53
TAP_A03,014b,Pouteria sp,Sapotaceae,726843.039070268,9654333.75553524,O,12.9,False,,,13.4,False,2,13.08
TAP_A03,015a,Rinorea guianensis,Violaceae,726816.60156284,9654314.1818412,O,24.0,False,,,,True,2,
TAP_A03,015b,Licania canescens,Chrysobalanaceae,726848.0261872,9654334.422376,O,24.8,False,,,25.5,False,2,20.05
TAP_A03,016a,Licania canescens,Chrysobalanaceae,726812.6002462239,9654310.84720432,O,40.1,False,10.66,13.79,41.5,False,2,26.59
TAP_A03,016b,Eschweilera amazonica,Lecythidaceae,726850.3124653439,9654333.84288192,O,14.7,False,,,15.9,False,2,14.73
TAP_A03,017a,Cecropia palmata,Urticaceae,726811.607513012,9654316.33688316,O,13.5,False,,,20.5,False,2,17.45
TAP_A03,017b,Pouteria guianensis,Sapotaceae,726852.848515392,9654335.54759856,O,14.1,False,,,14.0,False,2,13.49
TAP_A03,018a,Inga sp,Fabaceae,726818.78306476,9654325.3863468,O,10.3,False,,,18.2,False,2,16.13
TAP_A03,018b,Virola michelii,Myristicaceae,726851.0100494399,9654337.8529792,O,24.4,False,,,24.6,False,2,19.6
TAP_A03,019a,Protium paniculatum,Burseraceae,726820.2765823998,9654327.057012,O,14.6,False,,,16.2,False,2,14.91
TAP_A03,019b,Inga thibaudiana,Fabaceae,726854.057717869,9654333.852489982,O,14.4,False,,,15.1,False,2,14.21
TAP_A03,020a,Cecropia palmata,Urticaceae,726817.240102223,9654329.608433,O,16.2,False,,,20.5,False,2,17.45
TAP_A03,020b,Sagotia racemosa,Euphorbiaceae,726849.040805132,9654346.584686762,O,20.4,False,,,20.9,False,2,17.67
TAP_A03,021a,Ambelania acida,Apocynaceae,726815.89816552,9654330.3942536,O,12.9,False,,,,True,2,
TAP_A03,021b,Rinorea guianensis,Violaceae,726848.842141988,9654347.16053484,O,10.8,False,,,11.2,False,2,11.53
TAP_A03,022a,Ambelania acida,Apocynaceae,726816.444741496,9654330.63034328,O,10.6,False,,,,True,2,
TAP_A03,022b,Eschweilera apiculata,Lecythidaceae,726846.58849758,9654341.5682314,O,19.4,False,,,19.4,False,2,16.83
TAP_A03,023a,Inga sp,Fabaceae,726809.0374851918,9654326.09543256,O,23.0,False,,,23.1,False,2,18.84
TAP_A03,023b,Rinorea guianensis,Violaceae,726842.97727468,9654339.9122124,O,16.3,False,,,16.6,False,2,15.16
TAP_A03,024a,Pourouma minor,Urticaceae,726811.85026628,9654332.7882804,O,25.8,False,,,,True,2,
TAP_A03,024b,Pradosia cochlearia,Sapotaceae,726842.712766552,9654340.66942936,O,28.7,False,,,30.0,False,2,22.13
TAP_A03,025b,Brosimum parinarioides,Moraceae,726836.665777088,9654336.99398784,O,41.6,False,18.48,27.55,41.5,False,2,26.59
TAP_A03,026b,Eschweilera parviflora,Lecythidaceae,726835.5038112638,9654334.35101152,O,27.2,False,,,27.7,False,2,21.09
TAP_A03,027a,Ocotea cernua,Lauraceae,726811.37997408,9654336.9485184,O,12.6,False,,,,True,2,
TAP_A03,027b,Pouteria retinervis,Sapotaceae,726833.668471344,9654336.56844192,O,11.8,False,,,12.1,False,2,12.18
TAP_A03,028a,Protium paniculatum,Burseraceae,726807.47519872,9654336.0312896,O,11.5,False,,,11.7,False,2,11.89
TAP_A03,028b,Protium heptaphyllum,Burseraceae,726831.79301,9654332.98986,O,17.3,False,,,17.3,False,2,15.59
TAP_A03,029a,Pourouma minor,Urticaceae,726803.0454497918,9654336.51475456,O,14.5,False,,,20.4,False,2,17.39
TAP_A03,029b,Rinorea guianensis,Violaceae,726830.9997298908,9654334.03679082,O,24.6,False,,,24.5,False,2,19.55
TAP_A03,030a,Inga alba,Fabaceae,726803.495976696,9654338.16426328,O,20.0,False,,,33.5,False,2,23.61
TAP_A03,030b,Ormosia coccinea,Fabaceae,726833.05853744,9654338.8794432,O,21.4,False,,,21.5,False,2,17.99
TAP_A03,031a,Pourouma minor,Urticaceae,726811.69848196,9654338.9700228,O,10.4,False,,,14.1,False,2,13.56
TAP_A03,031b,Neea oppositifolia,Nyctaginaceae,726833.886290296,9654338.91605928,O,11.6,False,,,12.4,False,2,12.39
TAP_A03,032a,Pourouma minor,Urticaceae,726812.2799232,9654340.278616,O,12.7,False,,,17.7,False,2,15.83
TAP_A03,032b,Iryanthera laevis,Myristicaceae,726832.6716539199,9654340.8596156,O,17.2,False,,,17.3,False,2,15.59
TAP_A03,033a,Inga sp,Fabaceae,726813.77150176,9654342.0038368,O,20.2,False,,,17.7,False,2,15.83
TAP_A03,033b,Manilkara huberi,Sapotaceae,726833.179400232,9654343.88384776,O,20.0,False,,,19.3,False,2,16.77
TAP_A03,034a,Sloanea guianensis,Elaeocarpaceae,726814.6817566,9654342.417158,O,10.4,False,,,12.3,False,2,12.32
TAP_A03,034b,Dialium guianense,Fabaceae,726832.9152681679,9654344.63048424,O,44.8,False,14.52,28.51,44.4,False,2,27.56
TAP_A03,035a,Sterculia pruriens,Malvaceae,726822.54441392,9654347.0554656,O,12.1,False,,,12.3,False,2,12.32
TAP_A03,035b,Pouteria macrophylla,Sapotaceae,726833.6607401439,9654345.502021922,O,11.7,False,,,12.7,False,2,12.6
TAP_A03,036a,Annona sp,Annonaceae,726822.9930369998,9654348.758538,O,10.2,False,,,10.4,False,2,10.93
TAP_A03,036b,Eschweilera apiculata,Lecythidaceae,726832.9573154411,9654345.405357322,O,18.2,False,,,18.8,False,2,16.48
TAP_A03,037a,Sagotia racemosa,Euphorbiaceae,726821.8061349998,9654352.07079,O,12.6,False,,,12.8,False,2,12.67
TAP_A03,037b,Eschweilera coriacea,Lecythidaceae,726826.6164932318,9654342.47659176,O,32.0,False,,,31.8,False,2,22.9
TAP_A03,038a,Sagotia racemosa,Euphorbiaceae,726815.76610272,9654348.1996096,O,14.9,False,,,15.3,False,2,14.34
TAP_A03,038b,Protium paniculatum,Burseraceae,726824.726134211,9654345.69308842,O,15.5,False,,,15.0,False,2,14.15
TAP_A03,039a,Strychnos subcordata,Loganiaceae,726815.68803644,9654351.3516492,O,13.9,False,,,14.3,False,2,13.69
TAP_A03,039b,Rinorea guianensis,Violaceae,726828.79756352,9654347.3173056,O,13.1,False,,,13.5,False,2,13.15
TAP_A03,040a,Inga thibaudiana,Fabaceae,726810.2293278798,9654348.7923684,O,12.0,False,,,,True,2,
TAP_A03,040b,Eschweilera coriacea,Lecythidaceae,726825.52545568,9654350.5654224,O,11.4,False,,,,True,2,
TAP_A03,041a,,,726804.77061932,9654346.2330876,O,20.5,False,,,21.6,False,2,18.05
TAP_A03,041b,Marlierea velutina,Myrtaceae,726825.6956688,9654356.043664,O,10.6,False,,,11.8,False,2,11.96
TAP_A03,042a,Sloanea guianensis,Elaeocarpaceae,726825.25957012,9654336.5560916,O,10.3,False,,,11.6,False,2,11.82
TAP_A03,042b,Theobroma subincanum,Malvaceae,726831.8960056,9654353.493388,O,12.0,False,,,12.9,False,2,12.74
TAP_A03,043a,Pouteria gongrijpii,Sapotaceae,726825.4805369918,9654330.09907856,O,10.8,False,,,10.8,False,2,11.23
TAP_A03,043b,Inga thibaudiana,Fabaceae,726832.144080182,9654353.38965763,O,19.5,False,,,21.0,False,2,17.72
TAP_A03,044a,Pouteria sp,Sapotaceae,726824.185071392,9654327.86975856,O,12.5,False,,,13.4,False,2,13.08
TAP_A03,044b,Rinorea guianensis,Violaceae,726834.692333056,9654354.55991808,O,22.9,False,,,23.0,False,2,18.79
TAP_A03,045a,Pouteria gongrijpii,Sapotaceae,726832.68607,9654321.70848,O,13.4,False,,,,True,2,
TAP_A03,045b,Dialium guianense,Fabaceae,726836.742428858,9654351.122741569,O,17.3,False,,,18.6,False,2,16.36
TAP_A03,046a,Eschweilera parviflora,Lecythidaceae,726828.2030491598,9654316.7659188,O,13.9,False,,,,True,2,
TAP_A03,046b,Eschweilera parviflora,Lecythidaceae,726834.7935164,9654360.309132,O,12.8,False,,,13.2,False,2,12.95
TAP_A03,047a,Ocotea cernua,Lauraceae,726824.1503316,9654319.295508,O,13.5,False,,,13.9,False,2,13.42
TAP_A03,047b,Eschweilera parviflora,Lecythidaceae,726836.348530784,9654361.92076512,O,13.3,False,,,16.2,False,2,14.91
TAP_A03,048a,Cecropia palmata,Urticaceae,726829.289879212,9654313.76242116,O,16.1,False,,,,True,2,
TAP_A03,048b,Eschweilera parviflora,Lecythidaceae,726843.776231816,9654361.84466088,O,13.6,False,,,16.1,False,2,14.85
TAP_A03,049a,,,726830.69619256,9654312.7529848,O,11.8,False,,,,True,2,
TAP_A03,049b,Eschweilera parviflora,Lecythidaceae,726837.53730052,9654352.4667276,O,18.4,False,,,18.3,False,2,16.19
TAP_A03,050b,,,726837.1075511998,9654353.695056,O,26.0,True,,,,True,2,
TAP_A03,051b,Eschweilera parviflora,Lecythidaceae,726841.7407698398,9654352.5005112,O,24.4,False,,,25.0,False,2,19.8
TAP_A03,052b,Goupia glabra,Goupiaceae,726846.143666184,9654351.93695512,O,110.0,False,23.39,37.83,101.9,False,2,39.2
TAP_A03,053b,Rinorea guianensis,Violaceae,726847.6170526,9654350.711598,O,26.7,False,,,26.6,False,2,20.58
TAP_A03,054a,Inga sp.,Fabaceae,726818.8453138078,9654314.05882344,O,,,,,12.4,False,2,12.39
TAP_A03,055a,Cecropia distachya,Urticaceae,726811.074703436,9654318.05360748,O,,,,,13.2,False,2,12.95
TAP_A03,056a,Cecropia distachya,Urticaceae,726821.56465276,9654312.0622668,O,,,,,12.3,False,2,12.32
TAP_A03,057a,Inga sp.,Fabaceae,726822.09511412,9654309.1937616,O,,,,,12.6,False,2,12.53
TAP_A03,058a,Cecropia palmata,Urticaceae,726822.931243684,9654315.17950412,O,,,,,11.3,False,2,11.6
TAP_A03,059a,Inga sp.,Fabaceae,726822.2013070781,9654333.64313954,O,,,,,12.1,False,2,12.18
TAP_A03,060a,Pourouma minor,Urticaceae,726810.3126983459,9654336.67946615,O,,,,,10.9,False,2,11.3
TAP_A03,001a,Alexa grandiflora,Fabaceae,727560.93094576,9653812.60179072,O,20.6,False,8.58,14.36,21.2,False,3,17.83
TAP_A03,001b,,,727583.7554193399,9653815.86367228,O,10.3,True,,6.2,,True,3,
TAP_A03,002a,Cordia scabrifolia,Boraginaceae,727569.3655255,9653815.230207002,O,18.3,False,9.47,14.01,22.0,False,3,18.26
TAP_A03,002b,,,727589.1414552,9653821.0809844,O,12.1,True,,2.39,,True,3,
TAP_A03,003a,Cordia scabrifolia,Boraginaceae,727569.3310093998,9653815.3224116,O,16.2,False,8.47,12.56,17.3,False,3,15.59
TAP_A03,003b,Ocotea cernua,Lauraceae,727579.114282624,9653817.69023117,O,14.6,False,9.34,14.19,,True,3,
TAP_A03,004a,,,727565.75094376,9653819.28511712,O,15.5,True,,11.33,,True,3,
TAP_A03,004b,Jacaranda copaia,Bignoniaceae,727579.551188238,9653819.61642532,O,28.4,False,6.73,11.38,,True,3,
TAP_A03,005a,,,727567.6052044,9653819.9326416,O,22.4,True,,12.07,,True,3,
TAP_A03,005b,Jacaranda copaia,Bignoniaceae,727579.65284686,9653821.32164172,O,18.3,False,11.16,19.36,,True,3,
TAP_A03,006a,,,727564.3393103998,9653820.2513608,O,10.0,True,,,,True,3,
TAP_A03,006b,,,727579.48209156,9653821.78389112,O,19.9,True,,14.36,,True,3,
TAP_A03,007a,Attalea maripa,Arecaceae,727557.0377388,9653814.5761456,P,55.0,False,4.81,14.77,51.9,False,3,29.82
TAP_A03,007b,,,727578.0087268,9653822.9394496,O,14.0,True,,1.26,,True,3,
TAP_A03,008a,Jacaranda copaia,Bignoniaceae,727555.4128639998,9653816.091488,O,10.5,False,9.59,12.54,,True,3,
TAP_A03,008b,Maquira coriacea,Moraceae,727578.2232632,9653824.0580504,O,11.8,False,2.81,8.49,,True,3,
TAP_A03,009a,Attalea maripa,Arecaceae,727551.6203696398,9653823.30495608,P,41.5,False,3.94,10.1,41.3,False,3,26.53
TAP_A03,009b,,,727578.3175410118,9653820.125278179,O,72.0,True,,,,True,3,
TAP_A03,010a,,,727557.23360774,9653825.16603548,O,16.0,True,,9.76,,True,3,
TAP_A03,010b,Ocotea cernua,Lauraceae,727592.55372222,9653826.03205884,O,19.7,False,7.44,13.09,,True,3,
TAP_A03,011a,,,727558.09386568,9653825.67565816,O,15.2,True,,5.01,,True,3,
TAP_A03,011b,Nectandra cuspidata,Lauraceae,727592.4862718598,9653826.21753092,O,17.4,False,3.79,14.94,,True,3,
TAP_A03,012a,,,727547.91953064,9653847.01751008,O,12.2,True,,13.37,,True,3,
TAP_A03,012b,,,727592.671557992,9653826.282189341,O,11.3,True,,3.97,,True,3,
TAP_A03,013a,Astrocaryum aculeatum,Arecaceae,727543.4340942,9653850.4402804,P,23.8,False,6.48,13.16,23.3,False,3,18.94
TAP_A03,013b,,,727594.12147912,9653822.29436384,O,10.2,True,,9.82,,True,3,
TAP_A03,014a,Bellucia grossularioides,Melastomataceae,727544.0240944,9653851.6914848,O,16.8,False,9.45,13.37,,True,3,
TAP_A03,014b,,,727593.78428816,9653823.22176512,O,10.7,True,,3.19,,True,3,
TAP_A03,015a,Poeppigia procera,Fabaceae,727549.483623,9653854.141664,O,19.0,False,11.44,16.84,21.1,False,3,17.78
TAP_A03,015b,,,727595.01241998,9653825.00857676,O,11.7,True,,7.11,,True,3,
TAP_A03,016a,Poeppigia procera,Fabaceae,727549.310282,9653854.602176,O,19.8,False,11.44,15.73,,True,3,
TAP_A03,016b,,,727587.71860944,9653824.97160568,O,13.7,True,,13.02,,True,3,
TAP_A03,017a,,,727550.69701,9653850.91808,O,12.0,True,,12.42,,True,3,
TAP_A03,017b,,,727587.6847321598,9653825.06423952,O,15.5,True,,13.28,,True,3,
TAP_A03,018a,Lecythis lurida,Lecythidaceae,727551.8806608,9653853.4229416,O,10.8,False,6.24,9.34,21.6,False,3,18.05
TAP_A03,018b,Nectandra cuspidata,Lauraceae,727590.43069442,9653826.12711764,O,13.3,False,4.19,6.39,,True,3,
TAP_A03,019a,Lecythis lurida,Lecythidaceae,727551.97451154,9653853.45608228,O,11.3,False,6.53,10.76,12.7,False,3,12.6
TAP_A03,019b,Inga alba,Fabaceae,727589.0454676,9653829.9276192,O,20.6,False,8.08,12.67,,True,3,
TAP_A03,020a,Lecythis lurida,Lecythidaceae,727552.06836228,9653853.48922296,O,10.5,False,4.31,7.12,11.1,False,3,11.45
TAP_A03,020b,,,727579.7751094,9653829.5071464,O,39.5,False,10.83,17.47,,True,3,
TAP_A03,021a,Cordia scabrifolia,Boraginaceae,727554.8937845998,9653848.2245252,O,14.5,False,8.25,14.01,,True,3,
TAP_A03,021b,Cordia scabrifolia,Boraginaceae,727579.9211154,9653831.960178802,O,20.9,False,10.77,18.38,,True,3,
TAP_A03,022a,Cordia scabrifolia,Boraginaceae,727556.175932,9653847.632864,O,23.7,False,10.59,15.57,,True,3,
TAP_A03,022b,Cordia scabrifolia,Boraginaceae,727580.10699168,9653832.02523376,O,20.1,False,10.79,16.01,28.0,False,3,21.23
TAP_A03,023a,,,727556.076827,9653850.728978,O,12.2,True,,9.93,,True,3,
TAP_A03,023b,Neea oppositifolia,Nyctaginaceae,727579.202447072,9653831.9175211,O,12.0,False,2.42,6.37,,True,3,
TAP_A03,024a,Trattinnickia burserifolia,Burseraceae,727556.5731977999,9653855.0799756,O,15.7,False,8.26,13.64,16.2,False,3,14.91
TAP_A03,024b,Attalea maripa,Arecaceae,727574.248764,9653833.106688,P,35.5,False,4.68,12.3,,True,3,
TAP_A03,025a,Guatteria schomburgkiana,Annonaceae,727557.7623242,9653857.5885164,O,10.4,False,8.33,11.56,10.9,False,3,11.3
TAP_A03,025b,Bertholletia excelsa,Lecythidaceae,727571.955825048,9653837.31449274,O,23.3,False,9.94,12.95,27.4,False,3,20.95
TAP_A03,026a,,,727558.4502125998,9653855.7427892,O,10.8,True,,9.41,,True,3,
TAP_A03,026b,Banara guianensis,Salicaceae,727574.7445264,9653837.4572768,O,10.3,False,1.41,2.59,,True,3,
TAP_A03,027a,Theobroma glaucum,Malvaceae,727558.30347652,9653853.289266242,O,10.4,False,8.46,12.79,,True,3,
TAP_A03,027b,Ormosia grossa,Fabaceae,727576.1778836,9653842.1386592,O,12.0,False,2.12,6.37,,True,3,
TAP_A03,028a,Handroanthus impetiginosus,Bignoniaceae,727559.869816,9653854.7819008,O,31.4,False,12.85,17.13,20.8,False,3,17.61
TAP_A03,028b,Attalea maripa,Arecaceae,727576.20903764,9653847.79262168,P,33.0,False,,9.71,,True,3,
TAP_A03,029a,Poeppigia procera,Fabaceae,727561.5289027,9653853.1741494,O,13.4,False,10.48,13.68,,True,3,
TAP_A03,029b,,,727579.7574486398,9653846.74055808,O,14.0,True,,7.93,,True,3,
TAP_A03,030a,Couratari stellata,Lecythidaceae,727558.70144,9653857.920332,O,10.2,False,7.62,9.22,,True,3,
TAP_A03,030b,Banara guianensis,Salicaceae,727565.107614,9653854.95896,O,18.1,False,7.51,14.85,,True,3,
TAP_A03,031a,Guatteria schomburgkiana,Annonaceae,727563.5680785,9653859.117365,O,16.7,False,7.85,15.52,,True,3,
TAP_A03,031b,Banara guianensis,Salicaceae,727565.2951329598,9653855.02511872,O,10.6,False,4.49,8.73,17.2,False,3,15.53
TAP_A03,032a,Poeppigia procera,Fabaceae,727562.77507384,9653852.673711682,O,20.0,False,11.26,16.87,,True,3,
TAP_A03,032b,,,727563.397019,9653859.57941,O,12.1,True,,8.98,,True,3,
TAP_A03,033a,Astrocaryum aculeatum,Arecaceae,727562.5245765198,9653850.49665944,P,28.2,False,8.529999999999998,16.53,12.4,False,3,12.39
TAP_A03,034a,Maquira coriacea,Moraceae,727566.5787257,9653850.985373,O,13.3,False,7.45,11.32,,True,3,
TAP_A03,034b,Trattinnickia burserifolia,Burseraceae,727578.9782711999,9653848.8711364,O,12.9,False,5.0,7.71,,True,3,
TAP_A03,035a,Bellucia grossularioides,Melastomataceae,727559.2212011198,9653845.15716464,O,20.9,False,7.88,14.37,,True,3,
TAP_A03,035b,Guatteria schomburgkiana,Annonaceae,727576.5446402,9653864.2248284,O,13.7,False,5.84,8.87,28.3,False,3,21.37
TAP_A03,036a,,,727558.2487232,9653842.1018144,O,14.9,True,,14.56,,True,3,
TAP_A03,036b,Guatteria schomburgkiana,Annonaceae,727577.4837559998,9653864.556644,O,11.2,False,6.62,12.27,15.3,False,3,14.34
TAP_A03,037a,,,727552.2941159998,9653841.049932,O,15.5,True,,7.59,,True,3,
TAP_A03,037b,Guatteria schomburgkiana,Annonaceae,727583.4541816,9653865.6191552,O,15.2,False,8.92,11.98,11.3,False,3,11.6
TAP_A03,038a,Inga alba,Fabaceae,727553.85354816,9653839.72141072,O,20.7,False,10.69,17.16,29.3,False,3,21.82
TAP_A03,038b,Guatteria schomburgkiana,Annonaceae,727584.862399,9653866.116572,O,14.9,False,7.26,14.25,,True,3,
TAP_A03,039a,Bellucia grossularioides,Melastomataceae,727564.130952,9653843.3358576,O,19.4,False,7.29,14.7,,True,3,
TAP_A03,039b,Cordia scabrifolia,Boraginaceae,727587.0746883,9653865.8506966,O,23.7,False,11.03,15.01,12.4,False,3,12.39
TAP_A03,040a,,,727562.53395778,9653839.12150756,O,16.3,True,,,,True,3,
TAP_A03,040b,Guatteria schomburgkiana,Annonaceae,727584.195545,9653860.646654,O,16.7,False,8.58,13.06,,True,3,
TAP_A03,041a,Jacaranda copaia,Bignoniaceae,727562.8766832,9653835.3813104,O,24.1,False,11.6,17.9,30.1,False,3,22.17
TAP_A03,041b,Banara guianensis,Salicaceae,727576.0202829998,9653859.855026,O,13.3,False,,7.59,,True,3,
TAP_A03,042a,,,727566.60516,9653836.689768,O,14.0,True,,5.23,,True,3,
TAP_A03,042b,Couepia robusta,Chrysobalanaceae,727579.5853819998,9653855.882264,O,17.1,False,7.42,11.01,,True,3,
TAP_A03,043a,,,727569.0587902,9653838.5947924,O,10.7,True,,8.3,,True,3,
TAP_A03,043b,Couepia robusta,Chrysobalanaceae,727580.053571,9653856.047252,O,19.0,False,7.71,11.4,,True,3,
TAP_A03,044a,Attalea maripa,Arecaceae,727567.086256,9653835.3974728,P,39.4,False,7.2,17.48,39.9,False,3,26.04
TAP_A03,044b,,,727587.6776616,9653859.7808392,O,12.6,True,,11.45,,True,3,
TAP_A03,045a,,,727558.2546776,9653830.839756802,O,11.7,True,,7.27,,True,3,
TAP_A03,045b,,,727587.544595,9653858.68706,O,11.6,True,,9.48,,True,3,
TAP_A03,046a,Bellucia grossularioides,Melastomataceae,727558.324014,9653830.655552,O,10.3,False,5.44,8.58,,True,3,
TAP_A03,046b,Sapium marmieri,Euphorbiaceae,727588.564,9653848.580340002,O,15.7,False,7.08,11.75,,True,3,
TAP_A03,047a,,,727567.1506604,9653829.5769248,O,12.6,False,7.53,10.75,,True,3,
TAP_A03,047b,Jacaranda copaia,Bignoniaceae,727581.097312,9653845.956884,O,25.3,False,15.16,17.31,,True,3,
TAP_A03,048a,,,727566.5652232,9653828.3287864,O,11.9,True,,13.48,,True,3,
TAP_A03,048b,Cordia scabrifolia,Boraginaceae,727582.7069768,9653844.4313216,O,26.2,False,10.45,16.84,,True,3,
TAP_A03,049a,Guatteria schomburgkiana,Annonaceae,727573.20999168,9653830.23758656,O,20.3,False,12.2,16.71,23.6,False,3,19.1
TAP_A03,049b,Jacaranda copaia,Bignoniaceae,727579.1505488,9653836.9130576,O,29.0,False,12.79,17.89,,True,3,
TAP_A03,050a,Maquira coriacea,Moraceae,727572.4860642,9653829.3579804,O,10.2,False,6.42,11.19,12.7,False,3,12.6
TAP_A03,050b,,,727583.4665922,9653839.4710844,O,10.8,True,,10.11,,True,3,
TAP_A03,051a,Maquira coriacea,Moraceae,727572.5790023399,9653829.39050788,O,12.4,False,8.14,12.81,,True,3,
TAP_A03,051b,Vismia guianensis,Hypericaceae,727589.9850384,9653841.7565928,O,14.1,False,6.58,9.54,,True,3,
TAP_A03,052a,Cordia scabrifolia,Boraginaceae,727567.121979,9653821.223506002,O,17.2,False,9.9,13.56,,True,3,
TAP_A03,052b,Trattinnickia burserifolia,Burseraceae,727595.3107077999,9653841.5311076,O,13.4,False,7.12,10.33,15.9,False,3,14.73
TAP_A03,053a,Cordia scabrifolia,Boraginaceae,727567.2147346198,9653821.255910842,O,13.1,False,6.89,9.54,,True,3,
TAP_A03,053b,Inga sp,Fabaceae,727592.3394128,9653835.2607776,O,11.0,False,3.06,6.43,,True,3,
TAP_A03,054a,,,727574.3009355998,9653821.6448912,O,14.0,True,,6.04,,True,3,
TAP_A03,054b,,,727594.3654326,9653835.4467272,O,10.9,True,,12.21,,True,3,
TAP_A03,055a,,,727572.00161408,9653819.38196336,O,10.9,True,,10.02,,True,3,
TAP_A03,055b,Guatteria schomburgkiana,Annonaceae,727595.2047596,9653833.1257712,O,14.6,False,9.1,13.83,17.5,False,3,15.71
TAP_A03,056a,,,727576.3260428,9653821.8302276,O,27.4,False,12.61,20.84,26.9,False,3,20.72
TAP_A03,056b,,,727595.1166825,9653830.480869,O,16.2,True,,9.8,,True,3,
TAP_A03,057a,,,727577.6451184,9653819.6820268,O,13.2,True,,14.54,16.7,False,3,15.22
TAP_A03,057b,Trattinnickia burserifolia,Burseraceae,727594.1892784,9653830.1569228,O,12.8,False,5.3,9.67,14.5,False,3,13.82
TAP_A03,058a,,,727573.924692,9653817.0284196,O,13.7,True,,11.22,,True,3,
TAP_A03,058b,Cordia scabrifolia,Boraginaceae,727594.8619568,9653828.3009756,O,15.5,False,7.22,11.56,,True,3,
TAP_A03,059a,Cecropia ficifolia,Urticaceae,727578.31209736,9653816.47169112,O,20.6,False,13.62,16.78,,True,3,
TAP_A03,059b,,,727595.7887524999,9653828.624513,O,19.7,True,,17.81,,True,3,
TAP_A03,060a,,,727577.7983388999,9653815.040921802,O,20.7,True,,7.78,,True,3,
TAP_A03,060b,Sapium marmieri,Euphorbiaceae,727597.4746305998,9653829.7358812,O,20.5,False,12.58,18.21,,True,3,
TAP_A03,061a,,,727578.68876288,9653815.45541696,O,10.5,True,,9.93,,True,3,
TAP_A03,061b,Sapium marmieri,Euphorbiaceae,727597.9381044998,9653829.897701,O,20.5,False,13.48,18.21,,True,3,
TAP_A03,062a,,,727567.1078992,9653812.8798984,O,10.8,True,,9.03,,True,3,
TAP_A03,062b,Trattinnickia burserifolia,Burseraceae,727598.993708,9653831.312156,O,10.7,False,8.16,10.6,,True,3,
TAP_A03,063b,Guatteria schomburgkiana,Annonaceae,727596.3754831998,9653824.1250944,O,17.1,False,9.18,11.51,19.4,False,3,16.83
TAP_A03,064b,Sapium marmieri,Euphorbiaceae,727594.2737063998,9653821.3025208,O,20.4,False,5.28,12.22,24.7,False,3,19.65
TAP_A03,065b,,,727595.7760069,9653841.6941538,O,13.6,True,,6.61,,True,3,
TAP_A03,066b,,,727574.6664086,9653863.5611972,O,12.2,True,,2.01,,True,3,
TAP_A03,067a,Jacaranda copaia,Bignoniaceae,727556.453605,9653821.66303,O,,,,,15.6,False,3,14.54
TAP_A03,001a,Byrsonima crispa,Malpighiaceae,727958.993112272,9653901.95415048,O,24.3,False,13.09,20.19,,True,4,
TAP_A03,001b,,,727990.9895543999,9653911.307876,O,12.2,True,,10.43,,True,4,
TAP_A03,002a,,,727960.0463382798,9653901.9923052,O,13.2,True,,5.57,,True,4,
TAP_A03,002b,Guatteria schomburgkiana,Annonaceae,727992.8678498839,9653912.04306156,O,14.1,False,9.31,14.77,,True,4,
TAP_A03,003a,,,727960.0463382798,9653901.9923052,O,12.0,True,,15.42,,True,4,
TAP_A03,003b,Guatteria schomburgkiana,Annonaceae,727992.7264731,9653912.419599,O,18.9,False,9.99,17.05,19.1,False,4,16.65
TAP_A03,004a,Inga alba,Fabaceae,727956.304883079,9653904.200919528,O,38.3,False,11.44,30.01,,True,4,
TAP_A03,004b,Guatteria schomburgkiana,Annonaceae,727995.7380582799,9653913.0046392,O,10.8,False,7.7,12.09,,True,4,
TAP_A03,005a,Inga alba,Fabaceae,727956.2726193379,9653904.29504358,O,39.2,False,14.15,23.98,,True,4,
TAP_A03,005b,,,728003.01411162,9653913.742125802,O,27.0,True,,13.26,,True,4,
TAP_A03,006a,Inga thibaudiana,Fabaceae,727959.5132840769,9653905.38487251,O,12.1,False,,15.18,,True,4,
TAP_A03,006b,Cordia scabrifolia,Boraginaceae,728000.66232868,9653919.8610412,O,23.1,False,11.29,17.03,,True,4,
TAP_A03,007a,Guatteria schomburgkiana,Annonaceae,727963.7389374959,9653903.65092264,O,15.7,False,10.42,19.21,,True,4,
TAP_A03,007b,,,727996.49332648,9653919.5202432,O,17.1,True,,7.79,,True,4,
TAP_A03,008a,Xylopia sp,Annonaceae,727963.3027543699,9653905.81785446,O,10.7,False,10.83,16.89,,True,4,
TAP_A03,008b,,,728000.051952,9653922.84543,O,12.5,True,8.3,14.39,,True,4,
TAP_A03,009a,,,727963.59533364,9653905.2851516,O,12.2,True,,2.99,,True,4,
TAP_A03,009b,Guatteria schomburgkiana,Annonaceae,727994.4686470398,9653922.0237736,O,18.8,False,,11.5,,True,4,
TAP_A03,010a,,,727961.304993,9653904.51587,O,60.0,True,,,,True,4,
TAP_A03,010b,,,727981.2957387118,9653920.11578408,O,19.6,True,,17.67,,True,4,
TAP_A03,011a,,,727966.722817384,9653902.75796656,O,10.9,True,,7.81,,True,4,
TAP_A03,011b,Bagassa guianensis,Moraceae,727996.09993744,9653928.9541896,O,13.1,False,9.1,13.11,,True,4,
TAP_A03,012a,Cordia scabrifolia,Boraginaceae,727972.4897073798,9653903.108928202,O,18.0,False,12.28,18.05,20.6,False,4,17.5
TAP_A03,012b,Guatteria schomburgkiana,Annonaceae,727995.3357431,9653928.162939,O,14.9,False,9.8,13.06,,True,4,
TAP_A03,013a,Xylopia sp,Annonaceae,727971.1343715799,9653907.8173702,O,11.1,False,7.0,10.97,,True,4,
TAP_A03,013b,Guatteria schomburgkiana,Annonaceae,727993.5180716278,9653927.33353452,O,13.3,False,5.86,13.88,,True,4,
TAP_A03,014a,Apeiba petoumo,Malvaceae,727971.668042288,9653908.41825792,O,12.1,False,5.88,12.09,,True,4,
TAP_A03,014b,Couratari stellata,Lecythidaceae,727987.1201086,9653921.662594002,O,11.9,False,5.8,10.58,,True,4,
TAP_A03,015a,Xylopia sp,Annonaceae,727973.43009692,9653906.4797028,O,12.7,False,8.64,10.4,,True,4,
TAP_A03,015b,Guatteria schomburgkiana,Annonaceae,727990.35965228,9653915.8644352,O,11.0,False,6.87,11.17,,True,4,
TAP_A03,016a,Guatteria schomburgkiana,Annonaceae,727972.69839248,9653911.5066832,O,21.4,False,7.96,15.51,20.7,False,4,17.56
TAP_A03,016b,Banara guianensis,Salicaceae,727987.1503997,9653915.844153,O,13.9,False,4.83,7.31,,True,4,
TAP_A03,017a,Cordia scabrifolia,Boraginaceae,727972.36085504,9653912.4479736,O,23.3,False,12.6,18.43,25.8,False,4,20.19
TAP_A03,017b,,,727984.9889168,9653912.999882,O,14.9,True,,10.77,,True,4,
TAP_A03,018a,Casearia grandiflora,Salicaceae,727971.0731944,9653913.068716,O,18.9,False,10.01,14.22,31.4,False,4,22.73
TAP_A03,018b,Vismia guianensis,Hypericaceae,727983.3415361,9653914.561989,O,13.5,False,4.99,9.73,,True,4,
TAP_A03,019a,Cordia scabrifolia,Boraginaceae,727972.69839248,9653911.5066832,O,28.1,False,10.1,18.1,30.6,False,4,22.39
TAP_A03,019b,Bellucia grossularioides,Melastomataceae,727983.86165408,9653913.1500072,O,9.4,False,6.37,13.64,,True,4,
TAP_A03,020a,Laetia procera,Salicaceae,727967.506048028,9653911.12763052,O,13.8,False,10.05,13.81,,True,4,
TAP_A03,020b,Sapium marmieri,Euphorbiaceae,727981.4371043,9653913.920907,O,32.2,False,12.73,20.2,,True,4,
TAP_A03,021a,Cordia scabrifolia,Boraginaceae,727967.295966512,9653912.32127208,O,18.0,False,12.72,18.81,,True,4,
TAP_A03,021b,Strychnos subcordata,Loganiaceae,727978.2473668798,9653919.7188992,O,10.3,False,4.48,11.7,,True,4,
TAP_A03,022a,,,727967.5545406579,9653915.78214005,O,26.1,True,14.34,18.92,,True,4,
TAP_A03,022b,Cordia scabrifolia,Boraginaceae,727988.777530587,9653921.79894725,O,12.5,False,5.71,12.16,,True,4,
TAP_A03,023a,,,727967.682720766,9653915.720067767,O,10.0,True,,10.41,,True,4,
TAP_A03,023b,Cordia scabrifolia,Boraginaceae,727988.658529171,9653921.546567809,O,10.1,False,7.67,12.16,,True,4,
TAP_A03,024a,,,727961.5756826348,9653914.705927568,O,11.4,True,,10.41,,True,4,
TAP_A03,024b,Cordia scabrifolia,Boraginaceae,727988.837006183,9653921.92513705,O,13.1,False,7.33,12.16,,True,4,
TAP_A03,025a,Abarema jupunba,Fabaceae,727961.24363284,9653910.8044956,O,12.9,False,8.38,13.2,,True,4,
TAP_A03,025b,Trattinnickia burserifolia,Burseraceae,727978.861056152,9653923.84289568,O,17.0,False,8.06,8.449999999999998,,True,4,
TAP_A03,026a,Xylopia sp,Annonaceae,727957.4464883598,9653909.5222924,O,11.6,False,17.06,18.26,,True,4,
TAP_A03,026b,Terminalia amazonia,Combretaceae,727982.2865103278,9653926.06650352,O,38.9,False,11.52,24.84,,True,4,
TAP_A03,027a,Inga alba,Fabaceae,727955.496585972,9653906.86844764,O,15.5,False,5.66,13.75,,True,4,
TAP_A03,027b,Trattinnickia burserifolia,Burseraceae,727982.35636164,9653925.8782376,O,30.4,False,10.05,21.7,,True,4,
TAP_A03,028a,Apeiba petoumo,Malvaceae,727955.424658262,9653908.314404579,O,16.0,False,11.7,16.08,,True,4,
TAP_A03,028b,Cordia scabrifolia,Boraginaceae,727977.5466048399,9653927.4199056,O,20.6,False,13.96,17.42,,True,4,
TAP_A03,029a,Guatteria schomburgkiana,Annonaceae,727959.798982776,9653914.94603784,O,13.6,False,10.16,14.27,,True,4,
TAP_A03,029b,Swartzia polyphylla,Fabaceae,727979.4970464798,9653930.7349632,O,23.9,False,5.31,7.68,,True,4,
TAP_A03,030a,Cordia scabrifolia,Boraginaceae,727960.704844383,9653918.09652305,O,12.8,False,14.45,15.47,,True,4,
TAP_A03,030b,Guatteria schomburgkiana,Annonaceae,727978.6798435,9653931.515995,O,15.2,False,7.81,12.07,,True,4,
TAP_A03,031a,Cordia scabrifolia,Boraginaceae,727965.7045614979,9653919.795547647,O,16.0,False,10.96,11.78,,True,4,
TAP_A03,031b,Byrsonima crispa,Malpighiaceae,727983.71370312,9653936.4238608,O,19.2,False,7.29,15.21,,True,4,
TAP_A03,032a,,,727965.515892928,9653919.73143352,O,14.7,True,,10.01,,True,4,
TAP_A03,032b,,,727978.6891677598,9653935.7621984,O,15.9,False,9.62,15.67,,True,4,
TAP_A03,033a,,,727963.27247712,9653923.0818408,O,17.1,True,,12.43,,True,4,
TAP_A03,033b,,,727987.27553102,9653938.1769318,O,17.2,True,,9.67,,True,4,
TAP_A03,034a,,,727962.2724209998,9653925.90567,O,28.6,True,,19.59,,True,4,
TAP_A03,034b,Cordia scabrifolia,Boraginaceae,727981.36822784,9653939.868625602,O,28.0,False,10.87,18.38,,True,4,
TAP_A03,035a,,,727962.0597110529,9653927.09932035,O,10.8,True,,9.21,,True,4,
TAP_A03,035b,,,727976.5936284,9653941.410176,O,13.3,True,,10.17,,True,4,
TAP_A03,036a,Bertholletia excelsa,Lecythidaceae,727954.8210749379,9653921.98908526,O,17.3,False,11.52,18.71,,True,4,
TAP_A03,036b,,,727976.5936284,9653941.410176,O,21.1,True,,19.09,,True,4,
TAP_A03,037a,Inga alba,Fabaceae,727953.72658772,9653926.3529628,O,10.8,False,8.26,17.09,,True,4,
TAP_A03,037b,Vismia floribunda,Hypericaceae,727971.8790364,9653937.133186,O,28.7,False,8.13,18.73,,True,4,
TAP_A03,038a,,,727953.72658772,9653926.3529628,O,10.7,True,,15.49,,True,4,
TAP_A03,038b,Cordia scabrifolia,Boraginaceae,727974.5614448,9653941.239602,O,13.9,False,9.59,13.01,,True,4,
TAP_A03,039a,,,727958.1667391309,9653930.40736421,O,11.0,True,,1.85,,True,4,
TAP_A03,039b,Cordia scabrifolia,Boraginaceae,727974.3876535998,9653941.710264,O,11.7,False,9.19,10.4,,True,4,
TAP_A03,040a,Caryocar glabrum,Caryocaraceae,727958.226884391,9653930.533551767,O,15.7,False,9.98,14.24,,True,4,
TAP_A03,040b,Cordia scabrifolia,Boraginaceae,727974.2138624,9653942.180926,O,13.9,False,9.19,13.01,,True,4,
TAP_A03,041a,Cordia scabrifolia,Boraginaceae,727960.3723143719,9653931.27094548,O,12.0,False,10.65,13.72,,True,4,
TAP_A03,041b,,,727979.7329848,9653941.430692,O,25.7,True,,20.81,,True,4,
TAP_A03,042a,,,727960.3025426558,9653934.41538904,O,13.3,True,,11.13,,True,4,
TAP_A03,042b,Bagassa guianensis,Moraceae,727979.90195672,9653952.1266448,O,23.3,False,6.3,13.01,,True,4,
TAP_A03,043a,,,727961.5225749438,9653935.68139896,O,11.1,True,,15.83,,True,4,
TAP_A03,043b,Bagassa guianensis,Moraceae,727980.36278796,9653952.2869664,O,18.4,False,9.65,13.86,,True,4,
TAP_A03,044a,Guatteria schomburgkiana,Annonaceae,727955.311973763,9653932.589945087,O,17.8,False,11.26,17.88,,True,4,
TAP_A03,044b,,,727980.1850206301,9653952.7576417,O,12.0,True,,10.46,,True,4,
TAP_A03,045a,,,727954.753752896,9653932.39757664,O,22.2,True,,15.32,,True,4,
TAP_A03,045b,Bellucia grossularioides,Melastomataceae,727980.467666,9653953.38864,O,12.5,False,8.37,9.98,,True,4,
TAP_A03,046a,Vismia latifolia,Hypericaceae,727951.8983158809,9653929.517050868,O,11.1,False,5.41,8.58,,True,4,
TAP_A03,046b,Jacaranda copaia,Bignoniaceae,727981.3575489998,9653951.03526,O,15.7,False,12.21,16.72,,True,4,
TAP_A03,047a,Apeiba petoumo,Malvaceae,727948.0812075981,9653927.888120819,O,22.7,False,,16.15,,True,4,
TAP_A03,047b,,,727965.7967924998,9653950.932225,O,12.3,True,,6.8,,True,4,
TAP_A03,048a,Apeiba petoumo,Malvaceae,727947.4646178811,9653929.990910867,O,14.5,False,,5.65,,True,4,
TAP_A03,049a,Trattinnickia burserifolia,Burseraceae,727950.6967768931,9653932.685245948,O,13.3,False,3.08,7.51,,True,4,
TAP_A03,050a,Cordia scabrifolia,Boraginaceae,727956.151312,9653934.35658,O,24.9,False,13.39,17.44,,True,4,
TAP_A03,050b,,,727985.46619276,9653959.398648402,O,18.5,True,,15.49,,True,4,
TAP_A03,051a,,,727955.9859711959,9653937.78339164,O,11.9,True,,14.36,,True,4,
TAP_A03,051b,Tapirira guianensis,Anacardiaceae,727979.47099704,9653956.0244256,O,18.6,False,10.03,16.48,,True,4,
TAP_A03,052a,,,727955.05953736,9653937.4627644,O,17.8,True,,6.07,,True,4,
TAP_A03,052b,Jacaranda copaia,Bignoniaceae,727983.3821988798,9653951.2058592,O,12.6,False,11.15,15.01,,True,4,
TAP_A03,053a,Apeiba petoumo,Malvaceae,727955.19187368,9653937.0862572,O,17.9,False,,12.94,,True,4,
TAP_A03,053b,,,727984.3055355198,9653951.5264968,O,18.5,True,,17.09,,True,4,
TAP_A03,054a,Cordia scabrifolia,Boraginaceae,727950.32937156,9653936.1420044,O,19.0,False,11.71,15.11,,True,4,
TAP_A03,054b,,,727987.16059688,9653949.5319472,O,13.8,True,,17.33,,True,4,
TAP_A03,055a,,,727944.87878248,9653939.9422032,O,40.0,True,,,,True,4,
TAP_A03,055b,Tapirira guianensis,Anacardiaceae,727991.0450621959,9653950.343777642,O,28.5,False,9.78,17.73,,True,4,
TAP_A03,056a,Cordia scabrifolia,Boraginaceae,727945.888147296,9653942.40185664,O,23.5,False,9.87,12.36,,True,4,
TAP_A03,056b,,,727991.533297568,9653946.35178912,O,13.4,True,,12.91,,True,4,
TAP_A03,057a,Cordia scabrifolia,Boraginaceae,727945.980146128,9653942.43392152,O,26.7,False,15.61,17.37,,True,4,
TAP_A03,057b,,,727988.7504945758,9653939.85362784,O,14.3,True,,29.3,,True,4,
TAP_A03,058a,Cordia scabrifolia,Boraginaceae,727955.005346528,9653946.42549552,O,18.5,False,10.08,14.94,,True,4,
TAP_A03,058b,,,727995.120367444,9653938.41626596,O,11.5,True,,15.99,,True,4,
TAP_A03,059a,Cordia scabrifolia,Boraginaceae,727964.914706168,9653952.21592712,O,12.7,False,9.34,13.65,,True,4,
TAP_A03,059b,Cordia scabrifolia,Boraginaceae,727996.4936165,9653937.607205002,O,21.0,False,13.86,20.14,,True,4,
TAP_A03,060a,Cordia scabrifolia,Boraginaceae,727962.977335606,9653951.8570037,O,19.5,False,13.65,17.58,,True,4,
TAP_A03,060b,Inga alba,Fabaceae,727996.38831992,9653936.5055328,O,15.4,False,10.26,16.79,,True,4,
TAP_A03,061a,,,727963.7884656799,9653950.7615712,O,10.5,True,,12.43,,True,4,
TAP_A03,061b,Inga alba,Fabaceae,727996.106798696,9653936.40935664,O,12.5,False,8.56,17.39,,True,4,
TAP_A03,062a,Guatteria schomburgkiana,Annonaceae,727965.117851744,9653949.95265696,O,20.7,False,8.779999999999998,17.35,,True,4,
TAP_A03,062b,Inga alba,Fabaceae,727995.91911788,9653936.3452392,O,13.4,False,7.39,16.44,,True,4,
TAP_A03,063a,Guatteria schomburgkiana,Annonaceae,727965.20978361,9653949.984722061,O,13.1,False,11.03,14.52,,True,4,
TAP_A03,063b,,,727996.6466603118,9653933.07841008,O,14.4,True,,16.96,,True,4,
TAP_A03,064a,Cordia scabrifolia,Boraginaceae,727958.85414104,9653941.4191056,O,19.6,False,12.6,15.16,,True,4,
TAP_A03,064b,Vismia floribunda,Hypericaceae,727995.8111568958,9653929.70728464,O,11.7,False,10.11,16.71,,True,4,
TAP_A03,065a,Xylopia sp,Annonaceae,727956.27208428,9653942.8486452,O,11.3,False,4.78,7.97,,True,4,
TAP_A03,065b,,,727995.65986784,9653927.3157096,O,11.2,True,,8.24,,True,4,
TAP_A03,066a,Guatteria schomburgkiana,Annonaceae,727964.779111776,9653945.16962784,O,22.8,False,7.34,19.58,,True,4,
TAP_A03,067a,,,727964.4256392,9653940.386648,O,24.6,True,,19.83,,True,4,
TAP_A03,068a,,,727960.4622668,9653936.900952,O,15.3,True,,7.07,,True,4,
TAP_A03,069a,,,727960.4622668,9653936.900952,O,19.7,True,,11.78,,True,4,
TAP_A03,070a,,,727962.133470608,9653940.96907272,O,12.0,True,,14.48,,True,4,
TAP_A03,071a,,,727962.083294788,9653938.201094922,O,10.6,True,,8.91,,True,4,
TAP_A03,072a,,,727969.9394768,9653933.818092,O,14.9,True,,21.15,,True,4,
TAP_A03,073a,Pouteria sp,Sapotaceae,727963.1424764,9653929.370696,O,10.5,False,3.65,8.61,,True,4,
TAP_A03,074a,,,727965.8206687839,9653927.75280256,O,28.0,True,,17.3,,True,4,
TAP_A03,075a,,,727966.008081734,9653927.816920899,O,30.8,True,,19.75,,True,4,
TAP_A03,076a,,,727961.6038774,9653926.31014,O,12.4,True,,8.73,,True,4,
TAP_A03,077a,Banara guianensis,Salicaceae,727962.2364510499,9653924.521717502,O,10.2,False,12.27,15.8,,True,4,
TAP_A03,078a,Bagassa guianensis,Moraceae,727966.8277646,9653919.016594,O,17.0,False,11.43,14.63,,True,4,
TAP_A03,079a,,,727977.7126684,9653918.268768,O,17.9,True,,21.7,,True,4,
TAP_A03,080a,Cordia scabrifolia,Boraginaceae,727957.74386396,9653932.7946564,O,23.9,False,13.86,21.55,,True,4,
TAP_A03,001a,Cordia scabrifolia,Boraginaceae,727508.54492696,9653451.4138086,O,13.7,False,10.51,14.51,17.6,False,5,15.77
TAP_A03,001b,,,727534.924860942,9653455.74263248,O,12.0,False,4.47,7.12,,True,5,
TAP_A03,002a,,,727518.285171216,9653453.89737156,O,16.0,True,,2.51,,True,5,
TAP_A03,002b,,,727540.314278704,9653457.53637164,O,14.0,True,,11.91,,True,5,
TAP_A03,003a,Cordia scabrifolia,Boraginaceae,727523.017750496,9653455.49802136,O,20.4,False,23.09,29.15,20.7,False,5,17.56
TAP_A03,003b,Bagassa guianensis,Moraceae,727540.280785408,9653457.63092328,O,16.4,False,14.86,17.59,,True,5,
TAP_A03,004a,Attalea maripa,Arecaceae,727521.8672629598,9653455.7288846,P,41.0,False,5.82,17.28,39.2,False,5,25.79
TAP_A03,004b,Cordia scabrifolia,Boraginaceae,727539.34297312,9653460.2783692,O,13.9,False,3.38,5.76,,True,5,
TAP_A03,005a,Parkia sp,Fabaceae,727520.104023744,9653457.60819504,O,11.6,False,9.54,13.07,13.1,False,5,12.88
TAP_A03,005b,,,727541.613971296,9653462.85066936,O,19.5,True,,12.25,,True,5,
TAP_A03,006a,Inga heterophylla,Fabaceae,727520.7419352318,9653461.660901122,O,17.1,False,8.22,18.94,16.0,False,5,14.79
TAP_A03,006b,,,727543.1740222079,9653464.44702128,O,20.6,False,8.39,11.97,18.5,False,5,16.31
TAP_A03,007a,Inga heterophylla,Fabaceae,727519.48759336,9653462.1571386,O,11.3,False,9.43,14.58,11.6,False,5,11.82
TAP_A03,007b,Bellucia grossularioides,Melastomataceae,727535.5974332799,9653461.8618088,O,20.1,False,11.56,18.63,,True,5,
TAP_A03,008a,,,727510.9498752638,9653459.17263024,O,,True,,12.86,,True,5,
TAP_A03,008b,,,727542.540298944,9653466.25785504,O,12.1,True,,11.98,,True,5,
TAP_A03,009a,Attalea speciosa,Arecaceae,727510.67108172,9653461.330492701,P,45.0,False,5.44,16.75,,True,5,
TAP_A03,009b,,,727538.2944986149,9653479.0029145,O,14.1,True,,13.74,,True,5,
TAP_A03,010a,Inga thibaudiana,Fabaceae,727508.8266063998,9653464.781924,O,18.8,False,11.76,20.48,22.6,False,5,18.58
TAP_A03,010b,Jacaranda copaia,Bignoniaceae,727541.5907968748,9653469.88369913,O,45.7,False,18.53,26.08,50.3,False,5,29.37
TAP_A03,011a,Thyrsodium spruceanum,Anacardiaceae,727518.364217792,9653468.09973072,O,12.0,False,6.41,12.67,13.1,False,5,12.88
TAP_A03,011b,Goupia glabra,Goupiaceae,727538.3934252,9653468.979087,O,15.8,False,11.33,16.17,,True,5,
TAP_A03,012a,,,727509.53066784,9653468.6409944,O,31.8,True,,24.61,,True,5,
TAP_A03,012b,Inga sp,Fabaceae,727536.5077026559,9653471.29884896,O,17.6,False,10.41,17.59,,True,5,
TAP_A03,013a,,,727501.3636245598,9653468.7332396,O,16.0,True,,17.4,,True,5,
TAP_A03,013b,,,727539.9235223948,9653474.65131733,O,13.1,True,,5.31,,True,5,
TAP_A03,014a,,,727501.2948252478,9653468.91252268,O,10.6,False,11.7,16.27,,True,5,
TAP_A03,014b,Brosimum acutifolium,Moraceae,727542.27113072,9653473.1244972,O,15.8,False,8.84,15.01,17.2,False,5,15.53
TAP_A03,015a,Inga alba,Fabaceae,727511.36148432,9653472.4166312,O,20.8,False,6.45,23.68,22.1,False,5,18.31
TAP_A03,015b,Inga alba,Fabaceae,727542.0713422399,9653473.6981524,O,25.4,False,12.86,21.73,28.6,False,5,21.5
TAP_A03,016a,,,727502.345238528,9653470.42772448,O,16.0,True,,13.09,,True,5,
TAP_A03,016b,,,727541.8481218748,9653473.72638163,O,11.1,True,6.32,11.16,,True,5,
TAP_A03,017a,Inga thibaudiana,Fabaceae,727501.7658533918,9653470.52072072,O,15.1,False,7.38,18.19,,True,5,
TAP_A03,017b,Terminalia amazonia,Combretaceae,727541.20559216,9653476.1839916,O,31.4,False,16.4,27.3,35.5,False,5,24.4
TAP_A03,018a,,,727501.864228992,9653471.68587872,O,10.2,False,8.3,12.28,11.9,False,5,12.03
TAP_A03,018b,Guatteria schomburgkiana,Annonaceae,727538.314286781,9653477.72114633,O,44.8,False,13.29,17.51,45.5,False,5,27.91
TAP_A03,019a,Inga alba,Fabaceae,727507.8211430399,9653473.1797264,O,39.2,False,12.32,28.42,41.7,False,5,26.66
TAP_A03,019b,Cordia scabrifolia,Boraginaceae,727536.48748656,9653474.385753602,O,10.8,False,10.54,13.82,,True,5,
TAP_A03,020a,Bagassa guianensis,Moraceae,727514.4902871998,9653475.656472,O,17.8,False,8.88,13.11,22.6,False,5,18.58
TAP_A03,020b,Pterocarpus sp,Fabaceae,727526.1080527998,9653473.407414,O,11.8,False,13.2,18.54,,True,5,
TAP_A03,021a,Inga thibaudiana,Fabaceae,727508.361224,9653477.53044,O,15.4,False,11.24,18.43,15.5,False,5,14.47
TAP_A03,021b,Inga alba,Fabaceae,727525.8323036588,9653474.46879857,O,35.4,False,12.4,27.94,,True,5,
TAP_A03,022a,Rinorea pubiflora,Violaceae,727501.814872448,9653477.53534368,O,32.4,False,13.85,21.67,36.0,False,5,24.6
TAP_A03,022b,Banara guianensis,Salicaceae,727524.768239808,9653480.10946528,O,21.6,False,11.94,18.69,,True,5,
TAP_A03,023a,Rinorea pubiflora,Violaceae,727499.0812452479,9653478.96519968,O,23.7,False,10.62,18.02,25.0,False,5,19.8
TAP_A03,023b,Xylopia sp,Annonaceae,727523.7575844479,9653482.91428768,O,19.1,False,11.41,17.73,,True,5,
TAP_A03,024a,Inga alba,Fabaceae,727504.196950464,9653482.80183824,O,15.1,False,15.48,21.13,16.0,False,5,14.79
TAP_A03,024b,Couratari stellata,Lecythidaceae,727527.0459666941,9653485.2201563,O,18.8,False,14.7,20.0,,True,5,
TAP_A03,025a,,,727508.63293776,9653479.7148616,O,11.4,True,,10.27,,True,5,
TAP_A03,025b,Neea oppositifolia,Nyctaginaceae,727523.4789343039,9653489.72956264,O,11.6,False,6.28,10.38,,True,5,
TAP_A03,026a,Inga alba,Fabaceae,727503.3763785599,9653484.9804296,O,23.1,False,15.09,24.31,23.9,False,5,19.25
TAP_A03,026b,Pseudopiptadenia suaveolens,Fabaceae,727522.523382736,9653489.360482762,O,25.4,False,14.9,23.15,27.8,False,5,21.14
TAP_A03,027a,Eschweilera ovata,Lecythidaceae,727502.69256864,9653486.7959224,O,35.5,False,16.25,25.26,35.6,False,5,24.44
TAP_A03,027b,Inga thibaudiana,Fabaceae,727524.466840976,9653496.114773162,O,26.0,False,12.72,23.96,,True,5,
TAP_A03,028a,,,727496.813628864,9653484.89649824,O,16.2,True,,3.81,,True,5,
TAP_A03,028b,Rinorea guianensis,Violaceae,727519.6475859839,9653494.32056544,O,19.8,False,10.36,16.18,20.7,False,5,17.56
TAP_A03,029b,Cecropia palmata,Urticaceae,727517.8138184,9653496.369792,O,31.0,False,17.8,26.19,,True,5,
TAP_A03,030a,Inga alba,Fabaceae,727500.3335309438,9653487.21909904,O,10.3,False,9.6,12.53,,True,5,
TAP_A03,030b,Jacaranda copaia,Bignoniaceae,727519.4784747039,9653498.74656464,O,16.5,False,17.8,21.18,,True,5,
TAP_A03,031a,Cordia scabrifolia,Boraginaceae,727498.0073451198,9653487.5442492,O,12.1,False,10.98,14.9,15.2,False,5,14.28
TAP_A03,031b,,,727519.8802315518,9653499.76576032,O,75.8,False,16.05,26.83,,True,5,
TAP_A03,032a,Cordia scabrifolia,Boraginaceae,727503.7530367998,9653489.825808,O,12.0,False,12.73,13.73,19.2,False,5,16.71
TAP_A03,032b,Inga sp,Fabaceae,727531.3826585598,9653504.3887056,O,20.9,False,10.64,17.73,12.1,False,5,12.18
TAP_A03,033a,Eschweilera ovata,Lecythidaceae,727508.7110896,9653491.267946,O,56.8,False,14.03,24.47,24.8,False,5,19.7
TAP_A03,033b,Tapirira guianensis,Anacardiaceae,727531.982024,9653502.66774,O,10.0,False,9.48,16.74,13.8,False,5,13.36
TAP_A03,034a,,,727500.367614912,9653492.96859792,O,17.9,True,,18.34,,True,5,
TAP_A03,034b,Inga sp,Fabaceae,727528.531679424,9653506.28681184,O,10.5,False,11.14,16.46,,True,5,
TAP_A03,035a,,,727498.107523264,9653493.09981024,O,12.3,False,10.85,15.85,15.3,False,5,14.34
TAP_A03,035b,Inga alba,Fabaceae,727539.051113264,9653510.66801324,O,18.0,False,9.63,16.91,18.3,False,5,16.19
TAP_A03,036a,Rinorea guianensis,Violaceae,727507.97019584,9653496.2466144,O,13.3,False,6.32,10.76,,True,5,
TAP_A03,036b,Geissospermum sericeum,Apocynaceae,727538.291024832,9653506.50542312,O,50.4,False,14.48,24.21,58.9,False,5,31.67
TAP_A03,037a,,,727510.023582784,9653496.65158944,O,16.9,True,,17.38,,True,5,
TAP_A03,037b,,,727540.6385420798,9653502.8234128,O,17.5,True,,21.38,,True,5,
TAP_A03,038a,Inga thibaudiana,Fabaceae,727515.033760576,9653501.02053616,O,14.5,False,15.37,22.7,,True,5,
TAP_A03,038b,Bertholletia excelsa,Lecythidaceae,727540.682216416,9653501.742289562,O,11.5,False,9.34,15.26,12.7,False,5,12.6
TAP_A03,039a,,,727515.9786006398,9653498.4111624,O,16.9,True,,14.41,,True,5,
TAP_A03,039b,Rinorea guianensis,Violaceae,727535.8926294398,9653497.6781104,O,17.9,False,6.74,13.7,,True,5,
TAP_A03,040a,Xylopia sp,Annonaceae,727515.931858032,9653495.51351212,O,17.5,False,12.02,19.43,,True,5,
TAP_A03,040b,Cassia fastuosa,Fabaceae,727537.421775424,9653493.26618784,O,42.3,False,8.74,22.1,44.6,False,5,27.63
TAP_A03,041a,,,727517.227139296,9653494.96306136,O,17.2,True,,14.84,,True,5,
TAP_A03,041b,Strychnos subcordata,Loganiaceae,727535.02310656,9653490.8302396,O,10.8,False,11.0,15.85,12.1,False,5,12.18
TAP_A03,042a,,,727510.761799296,9653491.65841736,O,24.3,False,13.75,21.25,,True,5,
TAP_A03,042b,,,727545.465825702,9653494.37736158,O,20.9,True,,12.97,,True,5,
TAP_A03,043a,Cordia scabrifolia,Boraginaceae,727510.144108928,9653490.35968448,O,12.0,False,14.43,20.45,,True,5,
TAP_A03,043b,Inga thibaudiana,Fabaceae,727541.31492568,9653491.3784198,O,24.6,False,11.37,23.91,27.8,False,5,21.14
TAP_A03,044a,,,727511.6442263998,9653489.262924,O,12.2,False,12.49,17.99,25.3,False,5,19.95
TAP_A03,044b,,,727537.9305864,9653488.686224,O,31.9,False,15.54,27.82,33.1,False,5,23.44
TAP_A03,045a,,,727513.455853616,9653490.29017756,O,10.8,True,,15.22,,True,5,
TAP_A03,045b,Tapirira guianensis,Anacardiaceae,727539.6405824,9653480.677624,O,27.9,False,12.75,20.47,29.4,False,5,21.86
TAP_A03,046a,Rinorea guianensis,Violaceae,727516.3598222719,9653491.323563522,O,22.0,False,8.07,14.32,22.3,False,5,18.42
TAP_A03,046b,Tapirira guianensis,Anacardiaceae,727539.67388048,9653480.5820148,O,25.1,False,11.32,20.75,27.9,False,5,21.18
TAP_A03,047a,Eschweilera coriacea,Lecythidaceae,727518.475677952,9653491.51496032,O,14.3,False,8.22,11.34,14.6,False,5,13.89
TAP_A03,047b,Casearia javitensis,Salicaceae,727543.7355064,9653484.343804002,O,15.6,False,8.59,13.83,15.9,False,5,14.73
TAP_A03,048a,,,727511.36693504,9653487.0482864,O,40.3,True,,5.72,,True,5,
TAP_A03,048b,Cordia scabrifolia,Boraginaceae,727548.496392,9653486.0978,O,25.9,False,15.7,21.52,,True,5,
TAP_A03,049a,Inga alba,Fabaceae,727515.5298192,9653487.610212,O,18.8,False,16.16,22.15,19.9,False,5,17.11
TAP_A03,049b,,,727548.684023219,9653481.14889067,O,14.7,True,,15.33,,True,5,
TAP_A03,050a,Pouteria gongrijpii,Sapotaceae,727514.91285392,9653486.3154072,O,19.2,False,11.48,16.49,19.5,False,5,16.88
TAP_A03,050b,,,727545.006826656,9653477.54669896,O,19.1,False,15.22,21.02,16.6,False,5,15.16
TAP_A03,051a,Dimorphandra macrostachya,Fabaceae,727514.839032256,9653483.547056962,O,12.9,False,9.9,15.37,23.6,False,5,19.1
TAP_A03,051b,Cordia scabrifolia,Boraginaceae,727549.28117568,9653474.4120588,O,20.6,False,17.14,17.14,,True,5,
TAP_A03,052a,,,727514.8051206399,9653483.6393424,O,12.9,False,9.21,16.17,13.1,False,5,12.88
TAP_A03,052b,Strychnos subcordata,Loganiaceae,727550.1749530078,9653471.80205628,O,28.1,False,,12.65,22.9,False,5,18.73
TAP_A03,053a,Schefflera morototoni,Araliaceae,727513.4704288,9653478.411438,O,20.1,False,19.23,21.28,,True,5,
TAP_A03,053b,Pouteria gongrijpii,Sapotaceae,727548.192733344,9653468.31020104,O,17.5,False,11.76,17.13,20.0,False,5,17.17
TAP_A03,054a,Jacaranda copaia,Bignoniaceae,727521.09900096,9653481.2782636,O,28.7,False,15.99,23.15,29.4,False,5,21.86
TAP_A03,054b,Apeiba petoumo,Malvaceae,727556.2228848,9653463.37172,O,37.0,False,8.96,14.12,,True,5,
TAP_A03,055a,Inga alba,Fabaceae,727522.236403072,9653483.82569252,O,39.5,False,17.73,30.32,42.3,False,5,26.87
TAP_A03,055b,Guatteria schomburgkiana,Annonaceae,727551.55328416,9653470.8735256,O,10.5,False,7.08,10.11,12.0,False,5,12.11
TAP_A03,056a,,,727522.255038208,9653481.07746528,O,18.6,True,,18.13,17.5,False,5,15.71
TAP_A03,056b,Banara guianensis,Salicaceae,727552.3381321148,9653469.19588803,O,16.4,False,13.18,20.56,17.8,False,5,15.89
TAP_A03,057a,Inga thibaudiana,Fabaceae,727514.7622494398,9653474.9218144,O,22.1,False,8.82,14.73,,True,5,
TAP_A03,057b,,,727549.49164256,9653470.6998296,O,,False,16.06,22.17,,True,5,
TAP_A03,058a,Pterocarpus sp,Fabaceae,727514.8304327038,9653471.81876864,O,23.4,False,13.81,20.0,25.1,False,5,19.85
TAP_A03,058b,Sagotia racemosa,Euphorbiaceae,727551.64514144,9653464.4263104,O,16.9,False,7.49,11.5,17.1,False,5,15.47
TAP_A03,059a,Pterocarpus sp,Fabaceae,727513.94685968,9653471.2876288,O,10.9,False,,7.49,16.9,False,5,15.35
TAP_A03,060a,Inga alba,Fabaceae,727512.99524032,9653470.9398512,O,15.2,False,9.23,15.87,,True,5,
TAP_A03,061a,Pouteria caimito,Sapotaceae,727522.967852712,9653480.603316419,O,19.4,False,7.46,14.86,20.4,False,5,17.39
TAP_A03,062a,Apeiba petoumo,Malvaceae,727523.469832576,9653477.72255616,O,13.6,False,10.82,14.99,14.3,False,5,13.69
TAP_A03,063a,Tapirira guianensis,Anacardiaceae,727522.815634496,9653473.58161936,O,14.2,False,11.73,17.49,16.9,False,5,15.35
TAP_A03,064a,,,727526.8468422719,9653469.87755852,O,15.7,False,9.91,17.73,17.2,False,5,15.53
TAP_A03,065a,,,727526.4055856318,9653469.61485912,O,12.1,True,,15.42,,True,5,
TAP_A03,066a,Inga thibaudiana,Fabaceae,727528.868918656,9653462.81184896,O,31.0,False,13.67,24.74,,True,5,
TAP_A03,067a,,,727523.79169888,9653459.183700802,O,13.0,True,,8.68,,True,5,
TAP_A03,068a,Enterolobium maximum,Fabaceae,727522.8442627199,9653458.8585852,O,15.1,False,9.76,14.27,16.9,False,5,15.35
TAP_A03,069a,,,727522.878202224,9653458.76645084,O,14.1,False,15.6,14.47,,True,5,
TAP_A03,070a,Cordia scabrifolia,Boraginaceae,727527.2429104958,9653458.48975136,O,25.6,False,14.45,18.74,29.0,False,5,21.68
TAP_A03,071a,Cordia scabrifolia,Boraginaceae,727522.10522992,9653455.0860592,O,25.5,False,10.11,19.43,31.2,False,5,22.65
TAP_A03,072a,,,727522.4451827198,9653454.1677372,O,17.9,True,,13.53,,True,5,
TAP_A03,073a,,,727524.337600896,9653454.80467336,O,11.5,True,,15.76,,True,5,
TAP_A03,074a,Cordia goeldiana,Boraginaceae,727528.8996460158,9653456.86146256,O,25.3,False,19.11,26.91,,True,5,
TAP_A03,075a,Sapium marmieri,Euphorbiaceae,727530.21748848,9653456.1572368,O,33.2,False,15.95,23.68,,True,5,
TAP_A03,076a,Inga alba,Fabaceae,727530.960575216,9653455.57108656,O,20.2,False,12.19,18.36,,True,5,
TAP_A03,077a,,,727529.60944736,9653454.9107776,O,10.3,True,,14.49,,True,5,
TAP_A03,078a,Inga alba,Fabaceae,727511.7706647998,9653483.003048,O,28.7,False,13.99,30.0,31.7,False,5,22.86
TAP_A03,079a,Inga alba,Fabaceae,727509.58734592,9653480.0777472,O,23.0,False,17.9,27.91,25.5,False,5,20.05
TAP_A03,080a,Cordia scabrifolia,Boraginaceae,727511.36148432,9653472.4166312,O,,,,,10.0,False,5,10.62
TAP_A03,001a,Jacaranda copaia,Bignoniaceae,727472.3863058,9653679.471372,O,26.4,False,14.17,20.56,31.4,False,6,22.73
TAP_A03,001b,Bertholletia excelsa,Lecythidaceae,727494.152506938,9653687.66114986,O,25.1,False,10.4,17.68,32.8,False,6,23.32
TAP_A03,002a,Jacaranda copaia,Bignoniaceae,727483.78603172,9653684.6406648,O,10.9,False,10.42,14.95,12.1,False,6,12.18
TAP_A03,002b,Bertholletia excelsa,Lecythidaceae,727494.1161500339,9653687.74968056,O,10.3,False,7.27,11.38,,True,6,
TAP_A03,003a,Tapirira guianensis,Anacardiaceae,727483.6910340039,9653684.59758736,O,19.6,False,8.91,17.29,19.6,False,6,16.94
TAP_A03,003b,,,727493.461725755,9653689.34323323,O,17.1,True,,9.14,,True,6,
TAP_A03,004a,Tapirira guianensis,Anacardiaceae,727480.688289096,9653683.98551464,O,17.6,False,6.91,14.43,19.0,False,6,16.6
TAP_A03,004b,Cordia scabrifolia,Boraginaceae,727489.214347,9653693.42458,O,11.3,False,5.53,9.54,,True,6,
TAP_A03,005a,Tapirira guianensis,Anacardiaceae,727468.8455811999,9653680.044548,O,24.2,False,12.75,18.98,27.4,False,6,20.95
TAP_A03,005b,,,727494.88835188,9653695.9417192,O,17.3,True,6.35,12.23,,True,6,
TAP_A03,006a,Cordia scabrifolia,Boraginaceae,727469.62106438,9653680.9370092,O,12.3,False,8.82,11.71,14.0,False,6,13.49
TAP_A03,006b,Banara guianensis,Salicaceae,727493.142932968,9653694.74982512,O,14.0,False,,11.89,,True,6,
TAP_A03,007a,Maquira coriacea,Moraceae,727466.9751554179,9653680.62024312,O,11.5,False,8.13,10.87,18.7,False,6,16.42
TAP_A03,007b,Guatteria schomburgkiana,Annonaceae,727495.687241376,9653696.71183984,O,22.2,False,6.04,13.87,,True,6,
TAP_A03,008a,Tapirira guianensis,Anacardiaceae,727468.198065173,9653677.899598287,O,17.3,False,8.11,8.11,18.5,False,6,16.31
TAP_A03,008b,Jacaranda copaia,Bignoniaceae,727488.274311024,9653698.46037616,O,22.6,False,12.89,18.49,27.2,False,6,20.86
TAP_A03,009a,Schefflera morototoni,Araliaceae,727483.2370749118,9653688.86297408,O,12.8,False,8.56,12.15,14.7,False,6,13.95
TAP_A03,009b,,,727490.849912368,9653697.60033112,O,10.5,True,,-1.28,,True,6,
TAP_A03,010a,Tapirira guianensis,Anacardiaceae,727480.8099754239,9653689.37692216,O,12.4,False,10.62,17.25,14.3,False,6,13.69
TAP_A03,010b,,,727494.704625856,9653704.356783042,O,27.0,True,,16.28,,True,6,
TAP_A03,011a,Tapirira guianensis,Anacardiaceae,727480.1478798199,9653688.2301388,O,16.9,False,8.21,13.59,19.7,False,6,17.0
TAP_A03,011b,Luehea speciosa,Malvaceae,727485.442163423,9653703.507880287,O,21.9,False,7.06,11.08,10.2,False,6,10.78
TAP_A03,012a,Tapirira guianensis,Anacardiaceae,727480.23050594,9653689.4391096,O,21.2,False,8.36,15.99,23.3,False,6,18.94
TAP_A03,012b,Luehea speciosa,Malvaceae,727485.405950175,9653703.59678603,O,10.1,False,0.42,2.99,20.4,False,6,17.39
TAP_A03,013a,Attalea maripa,Arecaceae,727472.0888811199,9653689.0571808,P,53.3,False,1.52,8.07,,True,6,
TAP_A03,013b,Inga alba,Fabaceae,727485.5934603581,9653703.67645272,O,35.8,False,6.2,18.69,38.5,False,6,25.53
TAP_A03,014a,Banara guianensis,Salicaceae,727467.1595470409,9653689.058616668,O,12.7,False,6.48,11.65,13.7,False,6,13.29
TAP_A03,014b,,,727485.4335718718,9653704.33823248,O,21.1,True,,,,True,6,
TAP_A03,015a,Tapirira guianensis,Anacardiaceae,727471.2653955341,9653692.67020456,O,12.1,False,4.99,11.14,14.3,False,6,13.69
TAP_A03,015b,Himatanthus sucuuba,Apocynaceae,727488.47938498,9653711.3131732,O,18.5,False,14.17,21.24,,True,6,
TAP_A03,016a,Trattinnickia burserifolia,Burseraceae,727470.539275464,9653693.428731699,O,14.4,False,5.07,7.82,14.0,False,6,13.49
TAP_A03,016b,Attalea maripa,Arecaceae,727490.1222086659,9653712.0967455,P,37.6,False,4.41,15.21,,True,6,
TAP_A03,017a,,,727470.235438048,9653693.94112232,O,10.3,False,6.26,8.9,11.5,False,6,11.75
TAP_A03,017b,,,727489.2425904198,9653714.7104428,O,24.4,True,,13.74,,True,6,
TAP_A03,018a,Jacaranda copaia,Bignoniaceae,727467.59009648,9653692.2656832,O,23.2,False,8.29,17.53,25.5,False,6,20.05
TAP_A03,018b,Attalea maripa,Arecaceae,727486.655968816,9653717.24728144,P,32.5,False,2.34,10.16,36.0,False,6,24.6
TAP_A03,019a,Bellucia grossularioides,Melastomataceae,727466.5806649599,9653692.046586402,O,10.3,False,1.8,8.97,,True,6,
TAP_A03,019b,Bertholletia excelsa,Lecythidaceae,727480.795699438,9653718.08633992,O,11.8,False,1.78,3.94,15.9,False,6,14.73
TAP_A03,020a,Jacaranda copaia,Bignoniaceae,727461.22502578,9653696.2441352,O,17.3,False,12.13,16.2,,True,6,
TAP_A03,020b,,,727493.82400423,9653718.31349914,O,17.9,True,,10.91,,True,6,
TAP_A03,021a,Guatteria schomburgkiana,Annonaceae,727462.9233710499,9653697.496582,O,13.3,False,0.36,8.17,,True,6,
TAP_A03,021b,,,727497.05988344,9653719.4267896,O,21.5,True,,18.3,,True,6,
TAP_A03,022a,Bellucia grossularioides,Melastomataceae,727476.242049728,9653706.55680352,O,18.6,False,7.44,12.17,20.3,False,6,17.33
TAP_A03,022b,Attalea maripa,Arecaceae,727495.1892446398,9653723.715497602,P,36.4,False,6.08,12.94,,True,6,
TAP_A03,023a,Attalea maripa,Arecaceae,727470.327435728,9653705.06253352,P,39.0,False,4.22,13.62,36.2,False,6,24.67
TAP_A03,023b,Ormosia grossa,Fabaceae,727487.5935841599,9653728.8079744,O,12.1,False,2.24,7.35,,True,6,
TAP_A03,024a,Cecropia palmata,Urticaceae,727470.4470868,9653707.544872,O,14.9,False,3.84,5.97,15.0,False,6,14.15
TAP_A03,024b,,,727485.93342032,9653730.1920688,O,13.4,True,,4.97,,True,6,
TAP_A03,025a,Thyrsodium spruceanum,Anacardiaceae,727467.3041931998,9653707.322188,O,11.2,False,2.64,4.03,12.0,False,6,12.11
TAP_A03,025b,,,727480.95894296,9653724.2126064,O,10.9,True,,4.05,,True,6,
TAP_A03,026a,Cecropia palmata,Urticaceae,727464.16560928,9653707.1107552,O,14.4,False,-0.62,-0.2899999999999999,8.8,False,6,9.68
TAP_A03,026b,Attalea maripa,Arecaceae,727494.3933817,9653732.917278,P,33.3,False,7.68,12.18,,True,6,
TAP_A03,027a,Jacaranda copaia,Bignoniaceae,727461.5079469798,9653708.4903532,O,13.9,False,8.32,11.54,11.8,False,6,11.96
TAP_A03,027b,Guatteria schomburgkiana,Annonaceae,727497.93201844,9653729.8017896,O,10.5,False,4.36,9.69,,True,6,
TAP_A03,028a,,,727456.6177537901,9653712.20904153,O,14.8,True,,9.77,,True,6,
TAP_A03,028b,Attalea maripa,Arecaceae,727507.7304060318,9653714.78925088,P,39.5,False,12.86,24.56,,True,6,
TAP_A03,029a,Guatteria schomburgkiana,Annonaceae,727454.68296212,9653714.0198208,O,15.2,False,6.68,8.49,,True,6,
TAP_A03,029b,Attalea maripa,Arecaceae,727509.483769912,9653708.89867408,P,39.0,False,4.04,16.05,,True,6,
TAP_A03,030a,Guatteria schomburgkiana,Annonaceae,727454.9111836798,9653720.4991712,O,19.8,False,6.26,12.15,,True,6,
TAP_A03,030b,,,727509.510527904,9653696.10077536,O,11.5,True,,10.68,,True,6,
TAP_A03,031a,,,727460.70270856,9653724.5758504,O,13.6,False,1.76,5.58,14.4,False,6,13.76
TAP_A03,031b,Byrsonima crispa,Malpighiaceae,727506.660165456,9653694.80732704,O,19.2,False,6.96,13.47,,True,6,
TAP_A03,032a,,,727463.5226540798,9653722.7026872,O,11.3,True,,,,True,6,
TAP_A03,032b,,,727506.8842111438,9653694.29155696,O,11.8,True,,11.87,,True,6,
TAP_A03,033a,,,727469.18303056,9653721.7301504,O,19.1,True,,11.26,,True,6,
TAP_A03,033b,,,727504.611134656,9653694.29037504,O,11.2,True,,6.71,,True,6,
TAP_A03,034a,Maquira coriacea,Moraceae,727469.05724566,9653727.3927244,O,15.1,False,5.08,9.96,,True,6,
TAP_A03,034b,Simaba cedron,Simaroubaceae,727504.7410475198,9653696.616056802,O,10.5,False,6.48,7.96,,True,6,
TAP_A03,035a,Attalea maripa,Arecaceae,727473.3779159999,9653719.19584,P,47.6,False,7.84,12.13,,True,6,
TAP_A03,036a,,,727476.2445207998,9653712.003872,O,16.0,True,,4.55,,True,6,
TAP_A03,037a,Thyrsodium spruceanum,Anacardiaceae,727468.81134448,9653708.9927232,O,10.8,False,1.71,3.6,12.7,False,6,12.6
TAP_A03,038a,Guatteria schomburgkiana,Annonaceae,727466.2507648,9653710.075432,O,17.3,False,2.05,5.18,18.1,False,6,16.07
TAP_A03,039a,Attalea maripa,Arecaceae,727477.3194975998,9653709.306884,P,43.6,False,1.28,10.75,38.2,False,6,25.42
TAP_A03,040a,Attalea maripa,Arecaceae,727474.8817627198,9653707.2562048,P,49.2,False,2.36,10.18,47.1,False,6,28.41
TAP_A03,041a,Tapirira guianensis,Anacardiaceae,727476.092743304,9653704.180491362,O,18.0,False,10.15,15.38,24.4,False,6,19.5
TAP_A03,042a,Guatteria schomburgkiana,Annonaceae,727475.1582809918,9653703.79022128,O,23.2,False,7.51,14.8,21.3,False,6,17.88
TAP_A03,043a,Tapirira guianensis,Anacardiaceae,727474.2592920999,9653703.309114,O,18.4,False,7.93,15.38,21.6,False,6,18.05
TAP_A03,044a,Tapirira guianensis,Anacardiaceae,727477.06289452,9653704.4804868,O,18.0,False,6.28,14.23,19.7,False,6,17.0
TAP_A03,045a,Caryocar glabrum,Caryocaraceae,727481.73556522,9653706.4327748,O,22.0,False,7.69,13.46,19.1,False,6,16.65
TAP_A03,046a,Attalea maripa,Arecaceae,727477.629267,9653694.67958,P,41.7,False,3.35,10.15,41.7,False,6,26.66
TAP_A03,047a,Jacaranda copaia,Bignoniaceae,727488.128596,9653696.09344,O,26.3,False,15.76,20.76,28.6,False,6,21.5
TAP_A03,048a,,,727481.37508478,9653707.3261452,O,18.0,True,,,,True,6,
TAP_A03,049a,Cordia scabrifolia,Boraginaceae,727486.24157072,9653695.265644802,O,11.6,False,5.42,8.86,12.1,False,6,12.18
TAP_A03,050a,Cordia scabrifolia,Boraginaceae,727470.3470081788,9653700.504311329,O,19.5,False,11.92,13.06,18.5,False,6,16.31
TAP_A03,051a,,,727483.224656032,9653706.534042882,O,20.7,True,,9.73,,True,6,
TAP_A03,052a,Guatteria schomburgkiana,Annonaceae,727484.470121152,9653688.56517568,O,13.8,False,4.98,9.5,15.3,False,6,14.34
TAP_A03,053a,Tapirira guianensis,Anacardiaceae,727482.646285288,9653687.53545392,O,11.5,False,7.05,9.59,13.4,False,6,13.08
TAP_A03,054a,Tapirira guianensis,Anacardiaceae,727482.646285288,9653687.53545392,O,10.5,False,5.76,9.59,12.4,False,6,12.39
TAP_A03,055a,,,727485.735298192,9653682.54374928,O,16.5,True,,4.72,,True,6,
TAP_A03,056a,Tapirira guianensis,Anacardiaceae,727485.830497026,9653682.587351767,O,18.0,False,3.71,8.27,,True,6,
TAP_A03,057a,Xylopia sp,Annonaceae,727488.3799554,9653694.105376,O,12.8,False,5.47,8.07,,True,6,
TAP_A03,058a,Attalea maripa,Arecaceae,727476.99074544,9653696.3146496,P,49.5,False,1.91,7.84,38.2,False,6,25.42
TAP_A03,059a,Nectandra cuspidata,Lauraceae,727474.86234024,9653701.7648816,O,19.2,False,6.51,10.82,,True,6,
TAP_A03,001a,Bagassa guianensis,Moraceae,727261.2335611118,9655253.96108,O,25.5,False,,,27.1,False,7,20.81
TAP_A03,001b,Maquira coriacea,Moraceae,727279.437304448,9655260.36832,O,10.9,False,,,25.5,False,7,20.05
TAP_A03,002a,Maquira coriacea,Moraceae,727258.83714472,9655257.664764,O,12.4,False,,,14.0,False,7,13.49
TAP_A03,002b,,,727278.850540824,9655262.1908,O,11.5,True,9.8,15.48,,True,7,
TAP_A03,003a,Bagassa guianensis,Moraceae,727260.852904013,9655258.3901392,O,10.4,False,,,10.5,False,7,11.0
TAP_A03,003b,,,727278.8196585278,9655262.28672,O,14.0,True,14.51,17.18,,True,7,
TAP_A03,004a,Trattinnickia burserifolia,Burseraceae,727266.1671785119,9655260.302492,O,16.1,False,10.41,13.88,17.2,False,7,15.53
TAP_A03,004b,Cecropia palmata,Urticaceae,727282.0716487399,9655261.63219,O,17.8,False,,,17.7,False,7,15.83
TAP_A03,005a,Cordia scabrifolia,Boraginaceae,727259.1628568,9655262.45606,O,14.3,False,4.52,14.54,14.6,False,7,13.89
TAP_A03,005b,,,727283.6326082199,9655269.70001,O,48.2,False,,,41.6,False,7,26.63
TAP_A03,006a,Cordia scabrifolia,Boraginaceae,727259.094366056,9655262.643872,O,13.2,False,,,13.4,False,7,13.08
TAP_A03,006b,Casearia grandiflora,Salicaceae,727281.6398471599,9655269.51668,O,24.6,False,,,26.9,False,7,20.72
TAP_A03,007a,Casearia grandiflora,Salicaceae,727256.3559532159,9655261.546508,O,15.8,False,,,17.2,False,7,15.53
TAP_A03,007b,Bellucia grossularioides,Melastomataceae,727280.62705196,9655269.472392,O,17.3,False,,,18.3,False,7,16.19
TAP_A03,008a,Bagassa guianensis,Moraceae,727256.171109335,9655261.4796108,O,17.2,False,10.38,16.17,17.3,False,7,15.59
TAP_A03,008b,Schefflera morototoni,Araliaceae,727279.734599872,9655269.042516,O,12.8,False,,,15.9,False,7,14.73
TAP_A03,009a,Bagassa guianensis,Moraceae,727256.136297551,9655261.5731776,O,12.2,False,,,12.3,False,7,12.32
TAP_A03,009b,Trattinnickia burserifolia,Burseraceae,727287.87477628,9655276.07516,O,10.1,False,,,10.2,False,7,10.78
TAP_A03,010a,Casearia grandiflora,Salicaceae,727263.682987744,9655264.411268,O,22.4,False,,,24.3,False,7,19.45
TAP_A03,010b,Guatteria schomburgkiana,Annonaceae,727286.65784128,9655276.70952,O,10.5,False,,,11.3,False,7,11.6
TAP_A03,011a,Vismia guianensis,Hypericaceae,727263.5257402558,9655267.231088,O,24.6,False,,,25.1,False,7,19.85
TAP_A03,011b,,,727283.1322420998,9655278.115510002,O,12.0,False,,,12.0,False,7,12.11
TAP_A03,012a,Laetia procera,Salicaceae,727262.648816832,9655267.338784002,O,19.5,False,,,19.7,False,7,17.0
TAP_A03,012b,,,727276.369710464,9655276.399544,O,28.2,False,,,30.5,False,7,22.35
TAP_A03,013a,Attalea maripa,Arecaceae,727266.093242416,9655263.471648,P,41.0,False,12.3,17.27,37.0,False,7,24.98
TAP_A03,013b,,,727275.606503264,9655278.802844,O,24.2,False,9.65,16.91,23.0,False,7,18.79
TAP_A03,014a,Guatteria schomburgkiana,Annonaceae,727257.79304192,9655266.2123,O,15.5,False,,,15.6,False,7,14.54
TAP_A03,014b,Guatteria schomburgkiana,Annonaceae,727280.2236324,9655280.81614,O,31.6,False,10.53,15.75,22.6,False,7,18.58
TAP_A03,015a,Bagassa guianensis,Moraceae,727257.190145144,9655266.418402,O,22.2,False,,,25.1,False,7,19.85
TAP_A03,015b,,,727286.41817264,9655284.594656002,O,23.0,False,15.61,26.75,26.3,False,7,20.43
TAP_A03,016a,Dimorphandra macrostachya,Fabaceae,727252.764980096,9655264.383752,O,11.9,False,,,13.1,False,7,12.88
TAP_A03,016b,,,727287.3906207319,9655284.843610002,O,25.2,False,,,27.1,False,7,20.81
TAP_A03,017a,Inga thibaudiana,Fabaceae,727254.4780284798,9655266.60026,O,25.9,False,,,26.9,False,7,20.72
TAP_A03,017b,Cassia fastuosa,Fabaceae,727289.36232812,9655285.24316,O,31.7,False,,,33.4,False,7,23.57
TAP_A03,018a,Schefflera morototoni,Araliaceae,727251.474906796,9655269.222392,O,17.3,False,,,19.2,False,7,16.71
TAP_A03,018b,,,727287.85781064,9655286.84944,O,16.5,False,,,16.2,False,7,14.91
TAP_A03,019a,Attalea maripa,Arecaceae,727249.5437173571,9655276.3792352,P,45.5,False,6.33,8.8,34.4,False,7,23.97
TAP_A03,019b,,,727286.854303248,9655286.6963,O,12.7,False,4.31,16.44,12.8,False,7,12.67
TAP_A03,020a,Cordia scabrifolia,Boraginaceae,727262.1737880099,9655272.2833984,O,17.4,False,,,18.1,False,7,16.07
TAP_A03,020b,,,727285.73647088,9655286.932352,O,25.2,False,,,27.7,False,7,21.09
TAP_A03,021a,Tapirira guianensis,Anacardiaceae,727261.643420854,9655273.7964096,O,18.1,False,,,10.6,False,7,11.08
TAP_A03,021b,,,727276.00139194,9655280.87979,O,13.4,False,,,13.4,False,7,13.08
TAP_A03,022a,Tapirira guianensis,Anacardiaceae,727261.6102729068,9655273.8909728,O,29.2,False,,,,True,7,
TAP_A03,022b,,,727275.971040656,9655280.976028,O,15.9,False,,,18.5,False,7,16.31
TAP_A03,023a,Attalea maripa,Arecaceae,727256.0635780878,9655275.37421,P,40.8,False,13.2,17.27,41.7,False,7,26.66
TAP_A03,023b,Cordia scabrifolia,Boraginaceae,727273.7240796878,9655278.11352,O,17.9,False,5.66,20.23,,True,7,
TAP_A03,024a,Sapium marmieri,Euphorbiaceae,727252.60925632,9655274.529684,O,16.3,False,,,17.5,False,7,15.71
TAP_A03,024b,,,727273.446139024,9655278.9768,O,19.5,False,,,21.5,False,7,17.99
TAP_A03,025a,,,727248.6271735549,9655273.0647408,O,16.6,False,,,19.7,False,7,17.0
TAP_A03,025b,,,727274.603880892,9655278.650234,O,12.7,False,5.81,8.54,12.8,False,7,12.67
TAP_A03,026a,,,727248.591830758,9655273.1579896,O,13.9,False,,,17.5,False,7,15.71
TAP_A03,026b,Cordia scabrifolia,Boraginaceae,727274.0204803438,9655280.474728,O,26.7,False,11.07,15.43,27.5,False,7,21.0
TAP_A03,027a,,,727246.934958806,9655275.522647,O,18.1,False,,,20.4,False,7,17.39
TAP_A03,027b,,,727280.0568697999,9655288.28728,O,31.0,False,,,32.8,False,7,23.32
TAP_A03,028a,,,727251.397925984,9655276.637804,O,21.7,False,,,22.9,False,7,18.73
TAP_A03,028b,Casearia grandiflora,Salicaceae,727280.923466888,9655292.487176,O,17.2,False,,,20.0,False,7,17.17
TAP_A03,029a,Bellucia grossularioides,Melastomataceae,727250.6186247299,9655279.3309104,O,12.9,False,6.45,10.93,13.1,False,7,12.88
TAP_A03,029b,,,727279.5553900799,9655293.48868,O,13.1,False,,,13.2,False,7,12.95
TAP_A03,030a,Inga alba,Fabaceae,727255.9848638419,9655280.996837,O,49.5,False,,,20.5,False,7,17.45
TAP_A03,030b,Hymenaea courbaril,Fabaceae,727280.0843445798,9655295.30267,O,11.5,False,11.34,26.47,12.1,False,7,12.18
TAP_A03,031a,,,727250.94396752,9655284.993500002,O,24.1,False,,,25.0,False,7,19.8
TAP_A03,031b,Inga thibaudiana,Fabaceae,727281.0212246719,9655295.759152,O,13.8,False,11.8,20.71,15.1,False,7,14.21
TAP_A03,032a,,,727245.918046048,9655283.122436,O,13.5,False,,,,True,7,
TAP_A03,032b,Casearia grandiflora,Salicaceae,727279.75586176,9655300.0356,O,17.9,False,7.55,11.26,18.8,False,7,16.48
TAP_A03,033a,Mabea angularis,Euphorbiaceae,727246.3311531461,9655283.4891616,O,13.0,False,,,13.1,False,7,12.88
TAP_A03,033b,Bagassa guianensis,Moraceae,727278.6665172318,9655300.059884,O,13.1,False,,,15.2,False,7,14.28
TAP_A03,034a,,,727244.3592373059,9655285.202577,O,16.5,False,,,16.6,False,7,15.16
TAP_A03,034b,Esenbeckia febrifuga,Rutaceae,727276.3957122999,9655300.39653,O,16.2,False,,,17.5,False,7,15.71
TAP_A03,035a,,,727244.226835064,9655285.2596,O,19.5,False,,4.51,21.0,False,7,17.72
TAP_A03,035b,,,727278.0010064358,9655302.292862002,O,26.2,True,,,,True,7,
TAP_A03,036a,,,727244.3239476099,9655285.2958576,O,12.8,False,,,12.6,False,7,12.53
TAP_A03,036b,Caryocar villosum,Caryocaraceae,727273.900549952,9655294.40078,O,23.0,False,,,,True,7,
TAP_A03,037a,,,727244.518172703,9655285.3683728,O,25.0,False,12.85,16.56,27.7,False,7,21.09
TAP_A03,037b,Bertholletia excelsa,Lecythidaceae,727269.15349988,9655292.309680002,O,15.1,False,,,17.0,False,7,15.41
TAP_A03,038a,,,727244.482918408,9655285.4616746,O,23.4,False,,,24.4,False,7,19.5
TAP_A03,038b,Bertholletia excelsa,Lecythidaceae,727269.2502407181,9655292.345715,O,16.8,False,,,19.8,False,7,17.05
TAP_A03,039a,Bertholletia excelsa,Lecythidaceae,727250.718098,9655288.64374,O,40.5,False,,,45.8,False,7,28.01
TAP_A03,039b,Cecropia palmata,Urticaceae,727270.3257018318,9655298.876296,O,21.8,False,18.12,25.45,19.4,False,7,16.83
TAP_A03,040a,,,727249.23169892,9655289.6888,O,33.6,False,,,35.8,False,7,24.52
TAP_A03,040b,Vismia guianensis,Hypericaceae,727267.177032936,9655298.44856,O,11.5,False,,,13.0,False,7,12.81
TAP_A03,041a,,,727249.3925636611,9655289.8557512,O,16.5,False,8.38,16.89,20.2,False,7,17.28
TAP_A03,041b,Vismia guianensis,Hypericaceae,727267.14615064,9655298.54448,O,15.7,False,,,17.3,False,7,15.59
TAP_A03,042a,Guatteria schomburgkiana,Annonaceae,727250.983181491,9655290.6648502,O,10.7,False,,,10.8,False,7,11.23
TAP_A03,042b,Guatteria schomburgkiana,Annonaceae,727267.603074316,9655300.544162,O,15.8,False,,,16.0,False,7,14.79
TAP_A03,043a,Guatteria schomburgkiana,Annonaceae,727240.8517260439,9655295.07176,O,24.1,False,,,24.8,False,7,19.7
TAP_A03,043b,,,727275.8977948799,9655302.043388,O,18.6,True,,,,True,7,
TAP_A03,044a,Lecythis lurida,Lecythidaceae,727248.429614456,9655299.002058,O,10.0,False,,,10.5,False,7,11.0
TAP_A03,044b,,,727272.8128153998,9655304.981640002,O,15.3,True,,,,True,7,
TAP_A03,045a,Cordia goeldiana,Boraginaceae,727251.0394143359,9655300.202512,O,15.4,False,,,15.6,False,7,14.54
TAP_A03,045b,Guatteria schomburgkiana,Annonaceae,727265.9756938398,9655305.63354,O,11.1,False,,,11.2,False,7,11.53
TAP_A03,046a,Attalea maripa,Arecaceae,727261.69634508,9655305.09092,P,59.6,False,,,37.6,False,7,25.2
TAP_A03,046b,Jacaranda copaia,Bignoniaceae,727264.67556696,9655306.21808,O,14.6,False,4.37,16.85,15.7,False,7,14.6
TAP_A03,047a,Maquira coriacea,Moraceae,727261.7493199588,9655304.2511296,O,12.3,False,,,13.2,False,7,12.95
TAP_A03,047b,,,727277.45520192,9655307.81096,O,10.3,False,8.04,13.23,,True,7,
TAP_A03,048a,Laetia procera,Salicaceae,727258.3664757198,9655301.68448,O,22.4,False,7.99,11.43,25.8,False,7,20.19
TAP_A03,048b,,,727279.5727508,9655308.06902,O,14.0,False,12.49,21.37,14.3,False,7,13.69
TAP_A03,049a,Cecropia ficifolia,Urticaceae,727262.63874432,9655302.22286,O,14.3,False,,,,True,7,
TAP_A03,049b,Casearia grandiflora,Salicaceae,727285.774607028,9655313.224886,O,22.8,False,,,24.2,False,7,19.4
TAP_A03,050a,Cordia scabrifolia,Boraginaceae,727259.31484152,9655295.60656,O,13.5,False,,,13.7,False,7,13.29
TAP_A03,050b,Guatteria schomburgkiana,Annonaceae,727286.79307616,9655313.5014,O,18.2,False,,,,True,7,
TAP_A03,051a,Cordia scabrifolia,Boraginaceae,727288.878033448,9655306.697208,O,10.3,False,,,10.3,False,7,10.85
TAP_A03,051b,,,727287.305852112,9655311.634612,O,10.2,False,,,10.6,False,7,11.08
TAP_A03,052a,,,727290.082853542,9655304.6558056,O,19.5,False,,,22.3,False,7,18.42
TAP_A03,052b,,,727288.8711681758,9655305.935996,O,29.3,True,,,,True,7,
TAP_A03,053a,Cordia scabrifolia,Boraginaceae,727263.9311573869,9655295.6206928,O,13.8,False,14.5,31.73,13.7,False,7,13.29
TAP_A03,053b,Inga alba,Fabaceae,727289.9292764,9655306.00742,O,47.1,False,10.11,14.56,51.0,False,7,29.57
TAP_A03,054a,Cordia scabrifolia,Boraginaceae,727263.735941072,9655295.547584,O,14.9,False,14.5,27.82,15.0,False,7,14.15
TAP_A03,054b,Inga alba,Fabaceae,727290.036521216,9655305.613988,O,42.3,False,8.59,11.76,45.6,False,7,27.95
TAP_A03,055a,Dimorphandra macrostachya,Fabaceae,727271.2969429198,9655295.79668,O,22.6,False,,,23.6,False,7,19.1
TAP_A03,055b,Casearia grandiflora,Salicaceae,727283.285622824,9655302.760848,O,17.3,False,,,19.0,False,7,16.6
TAP_A03,056a,Astrocaryum aculeatum,Arecaceae,727259.63494116,9655291.44068,P,30.0,False,,,27.1,False,7,20.81
TAP_A03,056b,,,727281.4190263998,9655301.737760002,O,14.0,True,,,18.9,False,7,16.54
TAP_A03,057a,Jacaranda copaia,Bignoniaceae,727260.60920112,9655288.5917,O,45.5,False,,,49.3,False,7,29.08
TAP_A03,057b,Maquira coriacea,Moraceae,727283.38235322,9655298.69003,O,11.8,False,15.29,25.01,13.8,False,7,13.36
TAP_A03,058a,Goupia glabra,Goupiaceae,727261.9082144,9655284.79306,O,11.7,False,,,11.8,False,7,11.96
TAP_A03,058b,Neea oppositifolia,Nyctaginaceae,727287.396663,9655299.646,O,12.4,False,,,18.0,False,7,16.01
TAP_A03,059a,Guatteria schomburgkiana,Annonaceae,727261.2368429198,9655280.481248,O,12.3,False,6.55,9.69,12.4,False,7,12.39
TAP_A03,059b,,,727288.6541194998,9655302.82141,O,11.7,False,,,12.2,False,7,12.25
TAP_A03,060a,Dimorphandra macrostachya,Fabaceae,727262.581388,9655279.69448,O,23.5,False,,,24.0,False,7,19.3
TAP_A03,060b,Guatteria schomburgkiana,Annonaceae,727284.91253628,9655297.09912,O,22.3,False,,,23.6,False,7,19.1
TAP_A03,061a,Goupia glabra,Goupiaceae,727270.1861319998,9655282.49672,O,16.4,False,,,18.8,False,7,16.48
TAP_A03,061b,,,727290.7873309439,9655298.960104,O,11.7,False,,,12.4,False,7,12.39
TAP_A03,062a,,,727272.8422046071,9655276.2901908,O,16.4,False,17.17,21.64,18.5,False,7,16.31
TAP_A03,062b,Bagassa guianensis,Moraceae,727292.74445282,9655295.67983,O,18.0,False,8.33,13.39,20.4,False,7,17.39
TAP_A03,063a,Vismia guianensis,Hypericaceae,727266.937246928,9655273.169568,O,18.2,False,,,18.0,False,7,16.01
TAP_A03,063b,Stryphnodendron pulcherrimum,Fabaceae,727292.649517296,9655292.180716,O,19.4,False,12.67,16.85,20.8,False,7,17.61
TAP_A03,064a,Bagassa guianensis,Moraceae,727265.9676308999,9655272.92231,O,22.6,False,,,26.4,False,7,20.48
TAP_A03,064b,Apeiba petoumo,Malvaceae,727291.099178,9655290.20288,O,10.3,False,,,11.6,False,7,11.82
TAP_A03,065a,,,727272.3285059358,9655269.572672,O,35.5,False,,,36.6,False,7,24.82
TAP_A03,065b,,,727289.752553312,9655283.875052,O,18.0,False,,,21.2,False,7,17.83
TAP_A03,066a,Bagassa guianensis,Moraceae,727272.669961304,9655269.48263,O,30.8,False,,,36.6,False,7,24.82
TAP_A03,066b,Cecropia palmata,Urticaceae,727295.452384424,9655285.745672,O,22.9,False,,,,True,7,
TAP_A03,067a,Bagassa guianensis,Moraceae,727272.6068868821,9655269.6736856,O,14.0,False,9.07,13.46,15.9,False,7,14.73
TAP_A03,067b,Inga thibaudiana,Fabaceae,727295.228100804,9655279.070078,O,14.3,False,,,15.5,False,7,14.47
TAP_A03,068a,Attalea maripa,Arecaceae,727272.951836614,9655268.9430496,P,47.0,False,,,45.5,False,7,27.91
TAP_A03,068b,Inga thibaudiana,Fabaceae,727295.30959644,9655278.77564,O,34.8,False,7.98,18.08,35.7,False,7,24.48
TAP_A03,069a,,,727274.40303304,9655269.57614,O,24.6,False,,,26.2,False,7,20.38
TAP_A03,069b,Cecropia palmata,Urticaceae,727296.7043322799,9655270.104680002,O,20.2,False,,,20.4,False,7,17.39
TAP_A03,070a,Casearia grandiflora,Salicaceae,727269.4242181838,9655265.849024,O,23.6,False,,,24.3,False,7,19.45
TAP_A03,070b,Bagassa guianensis,Moraceae,727298.8568051358,9655269.582756,O,17.8,False,,,18.1,False,7,16.07
TAP_A03,071a,,,727277.019782488,9655262.496446,O,12.5,True,14.28,22.03,,True,7,
TAP_A03,071b,Vismia guianensis,Hypericaceae,727300.063911512,9655268.828096,O,26.5,False,,8.02,24.1,False,7,19.35
TAP_A03,072a,Casearia grandiflora,Salicaceae,727271.91118944,9655258.52848,O,16.6,False,,,20.1,False,7,17.22
TAP_A03,072b,Banara guianensis,Salicaceae,727299.4775339199,9655267.32296,O,10.3,False,13.4,18.04,,True,7,
TAP_A03,073a,Inga sp,Fabaceae,727270.711819664,9655256.07434,O,14.4,False,,,14.4,False,7,13.76
TAP_A03,073b,Inga alba,Fabaceae,727293.664208664,9655266.642928,O,17.3,False,,,17.6,False,7,15.77
TAP_A03,074a,Inga sp,Fabaceae,727270.711819664,9655256.07434,O,14.9,False,,,15.0,False,7,14.15
TAP_A03,074b,Inga alba,Fabaceae,727293.720309128,9655266.447696,O,14.0,False,,,14.7,False,7,13.95
TAP_A03,075a,Inga sp,Fabaceae,727270.8605065291,9655256.2339984,O,16.1,False,,,16.3,False,7,14.98
TAP_A03,076a,Couratari stellata,Lecythidaceae,727240.90793984,9655294.02698,O,,,,,10.7,False,7,11.15
TAP_A03,101a,Himatanthus sucuuba,Apocynaceae,727259.3163734,9655267.83072,O,,,,,11.1,False,7,11.45
TAP_A03,102a,Bagassa guianensis,Moraceae,727264.8055572798,9655279.44432,O,,,,,9.9,False,7,10.55
TAP_A03,103a,Licania canescens,Chrysobalanaceae,727257.4930494399,9655278.88638,O,,,,,11.9,False,7,12.03
TAP_A03,104a,Guatteria schomburgkiana,Annonaceae,727259.6610346,9655285.02944,O,,,,,10.2,False,7,10.78
TAP_A03,105a,Himatanthus sucuuba,Apocynaceae,727261.71988928,9655295.007064,O,,,,,10.3,False,7,10.85
TAP_A03,106a,Inga thibaudiana,Fabaceae,727258.475084992,9655298.078432,O,,,,,10.3,False,7,10.85
TAP_A03,107a,Cordia scabrifolia,Boraginaceae,727243.132305788,9655288.15097,O,,,,,12.5,False,7,12.46
TAP_A03,108a,Tapirira guianensis,Anacardiaceae,727250.7855782398,9655297.75238,O,,,,,10.4,False,7,10.93
TAP_A03,109a,Jacaranda copaia,Bignoniaceae,727259.80323008,9655300.724104,O,,,,,10.9,False,7,11.3
TAP_A03,110a,Inga thibaudiana,Fabaceae,727258.3664757198,9655301.68448,O,,,,,10.3,False,7,10.85
TAP_A03,001a,Jacaranda copaia,Bignoniaceae,727234.759116144,9655084.56143984,O,25.6,False,,,,True,8,
TAP_A03,001b,Neea oppositifolia,Nyctaginaceae,727262.37416356,9655081.1354816,O,33.2,False,,,34.7,False,8,24.09
TAP_A03,002a,Jacaranda copaia,Bignoniaceae,727234.4449344638,9655086.32542304,O,14.1,False,,,16.2,False,8,14.91
TAP_A03,002b,Sterculia pruriens,Malvaceae,727263.42442096,9655083.0678856,O,12.0,False,12.85,15.26,15.0,False,8,14.15
TAP_A03,003a,Bixa arborea,Bixaceae,727246.20142928,9655083.4462608,O,24.3,False,,,30.0,False,8,22.13
TAP_A03,003b,Cecropia palmata,Urticaceae,727262.508215128,9655083.94651808,O,32.0,False,,,30.6,False,8,22.39
TAP_A03,004a,,,727242.51431152,9655086.8727152,O,16.4,True,,,,True,8,
TAP_A03,004b,Laetia procera,Salicaceae,727257.692772104,9655083.421063442,O,15.9,False,,,17.1,False,8,15.47
TAP_A03,005a,Parkia paraensis,Fabaceae,727248.271556128,9655087.02805808,O,12.2,False,,,13.8,False,8,13.36
TAP_A03,005b,,,727258.83774764,9655087.4387504,O,15.6,True,,,,True,8,
TAP_A03,006a,Rinorea guianensis,Violaceae,727245.425837044,9655087.73221784,O,12.9,False,,,13.1,False,8,12.88
TAP_A03,006b,Eschweilera ovata,Lecythidaceae,727260.7259972598,9655086.798363602,O,28.5,False,,,28.6,False,8,21.5
TAP_A03,007a,Jacaranda copaia,Bignoniaceae,727246.415010344,9655088.44553784,O,25.6,False,,,27.7,False,8,21.09
TAP_A03,007b,Cecropia ficifolia,Urticaceae,727265.328540136,9655082.81611496,O,10.3,False,15.04,18.42,10.5,False,8,11.0
TAP_A03,008a,,,727247.5156213118,9655087.28170432,O,26.8,True,,19.04,,True,8,
TAP_A03,008b,,,727260.8109033318,9655088.60044152,O,25.9,False,,,,True,8,
TAP_A03,009a,Jacaranda copaia,Bignoniaceae,727244.54016096,9655089.4647856,O,11.9,False,14.42,15.96,,True,8,
TAP_A03,009b,Pouteria gongrijpii,Sapotaceae,727260.82033734,9655088.8006724,O,21.5,False,,,,True,8,
TAP_A03,010a,Inga thibaudiana,Fabaceae,727241.759603368,9655091.81154048,O,15.8,False,,,,True,8,
TAP_A03,010b,Inga thibaudiana,Fabaceae,727259.8732543358,9655089.06843896,O,12.1,False,,,15.4,False,8,14.41
TAP_A03,011a,Parkia paraensis,Fabaceae,727243.6736956718,9655091.68064992,O,15.7,False,,,18.7,False,8,16.42
TAP_A03,011b,Sapium marmieri,Euphorbiaceae,727257.97405384,9655089.5026024,O,15.1,False,,,15.3,False,8,14.34
TAP_A03,012a,Cecropia ficifolia,Urticaceae,727243.7063519598,9655092.4615056,O,31.9,False,,,,True,8,
TAP_A03,012b,Bagassa guianensis,Moraceae,727262.0429114798,9655094.3471268,O,12.2,False,,,11.3,False,8,11.6
TAP_A03,013a,Couratari stellata,Lecythidaceae,727236.656662593,9655091.38568341,O,10.1,False,,,12.4,False,8,12.39
TAP_A03,013b,Cecropia palmata,Urticaceae,727259.1722921839,9655094.62699424,O,16.2,False,14.89,17.58,16.6,False,8,15.16
TAP_A03,014a,Jacaranda copaia,Bignoniaceae,727237.165781838,9655092.125677828,O,23.0,False,17.62,29.5,24.5,False,8,19.55
TAP_A03,014b,Xylopia sp,Annonaceae,727261.95737044,9655092.5425404,O,11.3,False,,,,True,8,
TAP_A03,015a,Cordia scabrifolia,Boraginaceae,727234.360429127,9655091.54542779,O,11.2,False,10.33,14.62,13.7,False,8,13.29
TAP_A03,015b,Neea oppositifolia,Nyctaginaceae,727262.97260806,9655093.6847516,O,23.9,False,,,20.7,False,8,17.56
TAP_A03,016a,Jacaranda copaia,Bignoniaceae,727234.324534032,9655093.09194352,O,10.1,False,,,,True,8,
TAP_A03,016b,Inga heterophylla,Fabaceae,727267.5452461758,9655088.93251736,O,11.7,False,,,11.8,False,8,11.96
TAP_A03,017a,Cecropia ficifolia,Urticaceae,727237.02422896,9655093.3949756,O,34.3,False,,,31.0,False,8,22.56
TAP_A03,017b,Pouteria macrophylla,Sapotaceae,727262.085682,9655095.24942,O,13.1,False,,,,True,8,
TAP_A03,018a,Jacaranda copaia,Bignoniaceae,727238.9822006559,9655094.33372016,O,22.9,False,,,24.0,False,8,19.3
TAP_A03,018b,Stryphnodendron pulcherrimum,Fabaceae,727262.09993884,9655095.5501844,O,19.7,False,12.2,16.27,,True,8,
TAP_A03,019a,Jacaranda copaia,Bignoniaceae,727239.9479752958,9655094.465718562,O,14.5,False,,,22.0,False,8,18.26
TAP_A03,019b,Jacaranda copaia,Bignoniaceae,727264.1719599199,9655098.6505812,O,10.3,False,,,10.5,False,8,11.0
TAP_A03,020a,Jacaranda copaia,Bignoniaceae,727240.9417244958,9655095.27859656,O,31.6,False,,,34.7,False,8,24.09
TAP_A03,020b,Zanthoxylum rhoifolium,Rutaceae,727267.10609736,9655099.5994136,O,10.3,False,,,17.8,False,8,15.89
TAP_A03,021a,Jacaranda copaia,Bignoniaceae,727240.1790478339,9655095.424128098,O,17.7,False,12.87,21.11,17.9,False,8,15.95
TAP_A03,021b,Jacaranda copaia,Bignoniaceae,727259.404614784,9655099.61883024,O,37.4,False,23.51,26.91,40.1,False,8,26.11
TAP_A03,022a,Jacaranda copaia,Bignoniaceae,727240.091105144,9655095.62429784,O,12.9,False,12.87,18.48,13.2,False,8,12.95
TAP_A03,022b,,,727258.693397296,9655105.05539056,O,17.6,True,,,,True,8,
TAP_A03,023a,Miconia poeppigii,Melastomataceae,727239.815390782,9655095.93340766,O,10.9,False,,,,True,8,
TAP_A03,023b,Parkia multijuga,Fabaceae,727258.7210643518,9655105.65357472,O,14.4,False,,,,True,8,
TAP_A03,024a,,,727240.981486576,9655096.25048536,O,33.7,True,,,,True,8,
TAP_A03,024b,,,727259.692694808,9655105.80870688,O,10.5,True,,,,True,8,
TAP_A03,025a,Jacaranda copaia,Bignoniaceae,727241.940120148,9655096.19131128,O,11.1,False,,,11.8,False,8,11.96
TAP_A03,025b,Cecropia palmata,Urticaceae,727258.8225102238,9655107.84691664,O,11.1,False,,,11.3,False,8,11.6
TAP_A03,026a,Jacaranda copaia,Bignoniaceae,727237.4576164798,9655097.04946894,O,11.4,False,,,12.0,False,8,12.11
TAP_A03,026b,Xylopia nitida,Annonaceae,727265.39912992,9655104.1337112,O,10.8,False,,,12.3,False,8,12.32
TAP_A03,027a,,,727237.212149056,9655098.12991616,O,17.0,True,,,,True,8,
TAP_A03,027b,,,727266.3121103199,9655103.0793752,O,10.7,True,,,,True,8,
TAP_A03,028a,,,727240.27113172,9655102.4237792,O,48.2,True,,19.17,,True,8,
TAP_A03,028b,Neea oppositifolia,Nyctaginaceae,727267.2983151,9655103.536526,O,15.2,False,,,15.3,False,8,14.34
TAP_A03,029a,,,727239.34933232,9655103.4432752,O,33.4,True,,,,True,8,
TAP_A03,029b,Jacaranda copaia,Bignoniaceae,727266.375724312,9655104.38993432,O,25.2,False,24.82,30.52,27.4,False,8,20.95
TAP_A03,030a,Jacaranda copaia,Bignoniaceae,727237.46526592,9655104.5075912,O,22.7,False,,,25.2,False,8,19.9
TAP_A03,030b,Lecythis lurida,Lecythidaceae,727264.716939936,9655110.01086896,O,62.5,False,25.88,29.74,63.0,False,8,32.64
TAP_A03,031a,Cecropia palmata,Urticaceae,727235.206274109,9655105.87370917,O,14.3,False,,,,True,8,
TAP_A03,031b,Pouteria sp,Sapotaceae,727266.6791141198,9655110.6402932,O,46.4,False,19.91,31.54,46.2,False,8,28.14
TAP_A03,032a,Inga thibaudiana,Fabaceae,727242.301153708,9655104.95085288,O,13.7,False,12.66,14.94,19.1,False,8,16.65
TAP_A03,032b,,,727267.7172512,9655112.117412,O,14.7,False,12.49,20.65,17.2,False,8,15.53
TAP_A03,033a,Pouteria guianensis,Sapotaceae,727246.1608451199,9655105.0579832,O,17.9,False,7.58,15.26,18.9,False,8,16.54
TAP_A03,033b,Pouteria gongrijpii,Sapotaceae,727267.8897543,9655115.650718,O,32.6,False,,,33.7,False,8,23.69
TAP_A03,034a,Jacaranda copaia,Bignoniaceae,727246.468136632,9655112.30152352,O,28.3,False,,,30.6,False,8,22.39
TAP_A03,034b,Sagotia racemosa,Euphorbiaceae,727265.001487024,9655115.942346642,O,14.0,False,,,11.5,False,8,11.75
TAP_A03,035a,Jacaranda copaia,Bignoniaceae,727246.2835227649,9655112.50441933,O,14.9,False,,,15.4,False,8,14.41
TAP_A03,035b,,,727264.0019326,9655115.269496,L,10.4,False,,,10.8,False,8,11.23
TAP_A03,036a,,,727246.542883216,9655114.06346576,O,14.7,True,,,,True,8,
TAP_A03,036b,Licania canescens,Chrysobalanaceae,727263.2262292,9655119.310572,O,50.6,False,24.17,32.99,,True,8,
TAP_A03,037a,Jacaranda copaia,Bignoniaceae,727242.308172956,9655114.50221016,O,13.2,False,,,14.2,False,8,13.62
TAP_A03,037b,Jacaranda copaia,Bignoniaceae,727263.16444956,9655118.007259602,O,12.9,False,,,13.2,False,8,12.95
TAP_A03,038a,Inga thibaudiana,Fabaceae,727238.331423028,9655111.73265608,O,10.9,False,,,14.5,False,8,13.82
TAP_A03,038b,Schefflera morototoni,Araliaceae,727261.329271744,9655120.16099984,O,12.8,False,15.56,19.71,14.5,False,8,13.82
TAP_A03,039a,,,727237.81042528,9655113.2044208,O,28.0,True,,,,True,8,
TAP_A03,039b,Jacaranda copaia,Bignoniaceae,727259.4357966318,9655121.10666552,O,11.1,False,,,12.7,False,8,12.6
TAP_A03,040a,Cecropia ficifolia,Urticaceae,727235.828248912,9655111.92561232,O,21.6,False,,,,True,8,
TAP_A03,040b,,,727260.529056168,9655123.77931648,O,12.7,True,,,,True,8,
TAP_A03,041a,Jacaranda copaia,Bignoniaceae,727234.864713446,9655116.971676707,O,19.2,False,,,19.5,False,8,16.88
TAP_A03,041b,,,727260.6033994,9655125.376704002,O,25.0,True,,,,True,8,
TAP_A03,042a,Sagotia racemosa,Euphorbiaceae,727240.1284807438,9655117.97417984,O,10.3,False,,,10.8,False,8,11.23
TAP_A03,042b,Jacaranda copaia,Bignoniaceae,727259.661744256,9655125.99183616,O,16.9,False,,,19.5,False,8,16.88
TAP_A03,043a,,,727243.8011811998,9655117.867412,O,34.1,True,,,,True,8,
TAP_A03,043b,Pouteria gongrijpii,Sapotaceae,727264.485475756,9655125.40930616,O,18.1,False,13.64,19.33,19.8,False,8,17.05
TAP_A03,044a,,,727243.994481224,9655117.86179264,O,19.1,True,,,,True,8,
TAP_A03,044b,Jacaranda copaia,Bignoniaceae,727261.6663561598,9655127.3592776,O,12.0,False,,,19.7,False,8,17.0
TAP_A03,045a,Jacaranda copaia,Bignoniaceae,727239.2899359859,9655121.19663282,O,16.9,False,20.9,24.83,18.2,False,8,16.13
TAP_A03,045b,Jacaranda copaia,Bignoniaceae,727261.797444544,9655130.15860784,O,11.8,False,,,13.3,False,8,13.02
TAP_A03,046a,Capirona decorticans,Rubiaceae,727240.1304635198,9655122.8253072,O,24.1,False,16.77,22.73,25.5,False,8,20.05
TAP_A03,046b,,,727265.4451875678,9655125.19143048,O,45.0,True,,,,True,8,
TAP_A03,047a,,,727234.602582772,9655127.75436392,O,54.5,False,16.38,27.49,,True,8,
TAP_A03,047b,Pouteria sp,Sapotaceae,727273.3577392,9655128.205832,O,21.4,False,7.64,11.03,22.3,False,8,18.42
TAP_A03,048a,Jacaranda copaia,Bignoniaceae,727236.147634951,9655130.044250147,O,17.5,False,,,15.0,False,8,14.15
TAP_A03,048b,,,727268.2101172,9655122.212572,L,11.2,False,,,11.5,False,8,11.75
TAP_A03,049a,Inga thibaudiana,Fabaceae,727240.6950794118,9655129.60560632,O,20.7,False,,,24.8,False,8,19.7
TAP_A03,049b,Inga heterophylla,Fabaceae,727268.111544,9655120.19354,O,11.7,False,,,11.5,False,8,11.75
TAP_A03,050a,Jacaranda copaia,Bignoniaceae,727244.440400896,9655128.58629456,O,10.0,False,,,,True,8,
TAP_A03,050b,Manilkara bidentata,Sapotaceae,727270.943736368,9655118.70261648,O,22.8,False,,,24.4,False,8,19.5
TAP_A03,051a,Inga thibaudiana,Fabaceae,727247.124245536,9655127.76746096,O,24.8,False,,,27.4,False,8,20.95
TAP_A03,051b,Maquira coriacea,Moraceae,727271.976707836,9655119.99636696,O,10.4,False,9.71,15.04,11.1,False,8,11.45
TAP_A03,052a,,,727249.07288836,9655127.9360256,O,71.0,False,24.11,35.8,,True,8,
TAP_A03,052b,Eschweilera coriacea,Lecythidaceae,727276.1125546,9655125.105536,O,36.0,False,,,25.9,False,8,20.24
TAP_A03,053a,,,727249.0771114998,9655128.03419,L,14.9,False,,,,True,8,
TAP_A03,053b,,,727279.8988598759,9655123.29313736,O,12.6,False,,,16.4,False,8,15.04
TAP_A03,054a,Inga alba,Fabaceae,727250.1239670878,9655129.79019368,O,15.4,False,,,15.9,False,8,14.73
TAP_A03,054b,Tachigali myrmecophila,Fabaceae,727279.679429024,9655119.08555664,O,83.9,False,21.62,35.19,,True,8,
TAP_A03,055a,Dimorphandra macrostachya,Fabaceae,727253.0408485358,9655129.85604896,O,12.3,False,,,,True,8,
TAP_A03,055b,,,727277.67621818,9655117.8051308,O,13.5,False,,,18.5,False,8,16.31
TAP_A03,056a,Sagotia racemosa,Euphorbiaceae,727257.8952202558,9655129.80196816,O,16.5,False,,,16.9,False,8,15.35
TAP_A03,056b,Manilkara bidentata,Sapotaceae,727280.4689260318,9655115.66933752,O,54.8,False,19.22,35.61,56.3,False,8,31.01
TAP_A03,057a,Inga thibaudiana,Fabaceae,727258.8249114999,9655128.89513,O,13.2,False,12.28,17.82,16.0,False,8,14.79
TAP_A03,057b,Byrsonima densa,Malpighiaceae,727274.4704054398,9655111.8719584,O,15.3,False,,,16.2,False,8,14.91
TAP_A03,058a,,,727252.949199412,9655127.78289032,O,21.3,False,16.37,23.96,24.0,False,8,19.3
TAP_A03,058b,,,727270.495666936,9655109.68071496,O,23.0,True,,,,True,8,
TAP_A03,059a,,,727255.7746686878,9655125.85800368,O,97.7,True,,,,True,8,
TAP_A03,059b,Jacaranda copaia,Bignoniaceae,727271.312568752,9655106.69868272,O,14.5,False,,,18.1,False,8,16.07
TAP_A03,060a,Sagotia racemosa,Euphorbiaceae,727258.368261912,9655127.40742432,O,14.5,False,,,15.3,False,8,14.34
TAP_A03,060b,Tetragastris panamensis,Burseraceae,727272.2346303998,9655105.843184002,O,18.7,False,8.92,12.41,18.8,False,8,16.48
TAP_A03,061a,,,727258.299835068,9655125.91489048,O,10.4,False,,,13.1,False,8,12.88
TAP_A03,061b,Jacaranda copaia,Bignoniaceae,727275.27881572,9655108.7748992,O,12.1,False,,,13.4,False,8,13.08
TAP_A03,062a,Schefflera morototoni,Araliaceae,727253.7301536,9655123.518116,O,15.3,False,,,,True,8,
TAP_A03,062b,,,727276.237247616,9655108.63344776,O,11.5,True,,,,True,8,
TAP_A03,063a,,,727250.807128792,9655123.18354912,O,14.6,True,,,,True,8,
TAP_A03,063b,Jacaranda copaia,Bignoniaceae,727279.203103516,9655109.95202776,O,18.0,False,,,20.7,False,8,17.56
TAP_A03,064a,Jacaranda copaia,Bignoniaceae,727250.661143264,9655119.83648304,O,19.5,False,,,22.0,False,8,18.26
TAP_A03,064b,Cecropia palmata,Urticaceae,727277.14807618,9655107.5706108,O,11.9,False,12.37,17.13,,True,8,
TAP_A03,065a,Jacaranda copaia,Bignoniaceae,727252.421125888,9655115.83754768,O,24.8,False,23.09,27.18,25.8,False,8,20.19
TAP_A03,065b,,,727279.0693042158,9655107.38642976,O,15.8,False,,,16.6,False,8,15.16
TAP_A03,066a,Cecropia ficifolia,Urticaceae,727252.351297984,9655114.25799824,O,18.6,False,16.51,21.71,18.9,False,8,16.54
TAP_A03,066b,Jacaranda copaia,Bignoniaceae,727275.01827232,9655103.6715752,O,14.8,False,,,16.6,False,8,15.16
TAP_A03,067a,Inga thibaudiana,Fabaceae,727251.38166828,9655114.1922508,O,13.8,False,,,17.5,False,8,15.71
TAP_A03,067b,Rinorea guianensis,Violaceae,727275.838540672,9655100.86580392,O,14.2,False,,,12.7,False,8,12.6
TAP_A03,068a,Laetia procera,Salicaceae,727246.0727082499,9655114.37361,O,15.9,False,,,17.6,False,8,15.77
TAP_A03,068b,Jacaranda copaia,Bignoniaceae,727276.80478388,9655100.9181728,O,26.8,False,17.23,31.05,30.9,False,8,22.52
TAP_A03,069a,Jacaranda copaia,Bignoniaceae,727248.4225247998,9655112.818708,O,31.4,False,,,33.6,False,8,23.65
TAP_A03,069b,,,727280.751800092,9655102.67397512,O,11.9,False,,,12.1,False,8,12.18
TAP_A03,070a,Xylopia nitida,Annonaceae,727245.540667776,9655113.21714136,O,12.7,False,37.04,48.18,13.5,False,8,13.15
TAP_A03,070b,Aniba parviflora,Lauraceae,727276.7044368999,9655098.973614,O,26.8,False,,,27.1,False,8,20.81
TAP_A03,071a,Dimorphandra macrostachya,Fabaceae,727252.264013104,9655112.28356144,O,21.7,False,14.11,21.23,24.5,False,8,19.55
TAP_A03,071b,Rinorea guianensis,Violaceae,727271.7751767999,9655096.694828002,O,14.2,False,,,,True,8,
TAP_A03,072a,Jacaranda copaia,Bignoniaceae,727256.306288205,9655111.935333729,O,10.7,False,,,11.3,False,8,11.6
TAP_A03,072b,Eschweilera ovata,Lecythidaceae,727275.654925632,9655097.28859952,O,10.6,False,11.63,16.45,10.6,False,8,11.08
TAP_A03,073a,Jacaranda copaia,Bignoniaceae,727256.523277828,9655110.334980082,O,12.6,False,,,17.0,False,8,15.41
TAP_A03,073b,Pouteria macrophylla,Sapotaceae,727267.9175413758,9655096.51433936,O,12.2,False,,,14.1,False,8,13.56
TAP_A03,074a,Jacaranda copaia,Bignoniaceae,727256.341012094,9655108.4514277,O,13.5,False,,,14.1,False,8,13.56
TAP_A03,074b,,,727268.6718775,9655092.30737,O,17.1,False,,,17.2,False,8,15.53
TAP_A03,075a,,,727256.8554173599,9655107.0350996,O,30.2,True,,,,True,8,
TAP_A03,075b,Rinorea guianensis,Violaceae,727273.424935856,9655091.28268016,O,21.9,False,8.89,14.86,22.4,False,8,18.47
TAP_A03,076a,Jacaranda copaia,Bignoniaceae,727246.02438808,9655110.9462648,O,11.6,False,,,12.1,False,8,12.18
TAP_A03,076b,Aspidosperma parvifolium,Apocynaceae,727271.44845424,9655090.1893304,O,12.0,False,,,12.7,False,8,12.6
TAP_A03,077a,Jacaranda copaia,Bignoniaceae,727245.3430368,9655108.525318,O,20.2,False,,,21.4,False,8,17.94
TAP_A03,077b,Diospyros guianensis,Ebenaceae,727272.369659284,9655089.41192824,O,33.0,False,,,20.4,False,8,17.39
TAP_A03,078a,Jacaranda copaia,Bignoniaceae,727245.3471541118,9655108.62306432,O,23.4,False,,,24.4,False,8,19.5
TAP_A03,078b,Rinorea guianensis,Violaceae,727276.1762949,9655088.739094,O,25.0,False,,,,True,8,
TAP_A03,079a,Jacaranda copaia,Bignoniaceae,727248.18602896,9655107.3215016,O,13.7,False,,,14.4,False,8,13.76
TAP_A03,079b,,,727270.30875548,9655086.5998928,O,16.8,True,,,,True,8,
TAP_A03,080a,,,727248.1818058199,9655107.2233372,O,10.7,True,,,,True,8,
TAP_A03,080b,Tetragastris panamensis,Burseraceae,727274.9834192,9655084.206252,O,17.0,False,,,16.9,False,8,15.35
TAP_A03,081a,Jacaranda copaia,Bignoniaceae,727247.1646379998,9655105.99202,O,23.8,False,,,25.8,False,8,20.19
TAP_A03,081b,Cecropia ficifolia,Urticaceae,727269.9640115278,9655079.69727808,O,22.5,False,,,23.3,False,8,18.94
TAP_A03,082a,Inga grandis,Fabaceae,727256.7237392638,9655104.15195904,O,14.5,False,,,15.5,False,8,14.47
TAP_A03,082b,Jacaranda copaia,Bignoniaceae,727269.969081292,9655079.79878712,O,33.0,False,,,36.4,False,8,24.75
TAP_A03,083a,Jacaranda copaia,Bignoniaceae,727254.9522534749,9655103.343636781,O,25.3,False,,,26.9,False,8,20.72
TAP_A03,083b,Cecropia ficifolia,Urticaceae,727271.0094208,9655081.447568,O,14.6,False,13.0,16.7,14.8,False,8,14.02
TAP_A03,084a,,,727253.9907978221,9655103.391662061,O,23.7,True,,,,True,8,
TAP_A03,084b,Micrandra minor,Euphorbiaceae,727271.865908316,9655079.43672776,O,18.9,False,,,19.4,False,8,16.83
TAP_A03,085a,,,727251.8014032398,9655101.8190464,O,65.0,True,,24.21,,True,8,
TAP_A03,085b,Xylopia sp,Annonaceae,727272.9694837598,9655082.3130936,O,12.2,False,,,12.4,False,8,12.39
TAP_A03,086a,,,727246.007199364,9655101.43621304,O,33.2,True,11.41,18.82,,True,8,
TAP_A03,086b,Pouteria retinervis,Sapotaceae,727273.95004438,9655082.7479468,O,17.3,False,,,17.5,False,8,15.71
TAP_A03,087a,,,727251.596283772,9655097.17911992,O,13.2,True,,,,True,8,
TAP_A03,087b,Neea oppositifolia,Nyctaginaceae,727276.8938428,9655084.060868,O,23.2,False,9.12,16.05,23.2,False,8,18.89
TAP_A03,088a,Jacaranda copaia,Bignoniaceae,727252.5862784,9655097.814204002,O,17.5,False,,,18.2,False,8,16.13
TAP_A03,088b,,,727278.685746944,9655081.65469184,O,21.0,True,,,,True,8,
TAP_A03,089a,Jacaranda copaia,Bignoniaceae,727255.3970329398,9655096.1571084,O,17.3,False,,,17.8,False,8,15.89
TAP_A03,090a,Inga alba,Fabaceae,727254.7213112388,9655096.098568108,O,10.4,False,,,11.1,False,8,11.45
TAP_A03,091a,Cordia scabrifolia,Boraginaceae,727246.78773024,9655097.1697664,O,13.5,False,12.62,13.9,13.7,False,8,13.29
TAP_A03,092a,Jacaranda copaia,Bignoniaceae,727247.704591,9655096.13076,O,14.5,False,10.73,16.57,,True,8,
TAP_A03,093a,Jacaranda copaia,Bignoniaceae,727251.112551504,9655094.93257744,O,15.2,False,,,16.9,False,8,15.35
TAP_A03,094a,Cecropia ficifolia,Urticaceae,727250.3643608,9655091.025368,O,24.7,False,,,24.8,False,8,19.7
TAP_A03,095a,Inga thibaudiana,Fabaceae,727251.27769396,9655089.9724256,O,16.0,False,,,18.8,False,8,16.48
TAP_A03,096a,,,727252.1586450558,9655088.20489536,O,27.0,True,,,,True,8,
TAP_A03,097a,,,727250.1608993039,9655086.39199144,O,19.7,True,,,,True,8,
TAP_A03,098a,Jacaranda copaia,Bignoniaceae,727256.6524903299,9655085.80099866,O,26.0,False,,,28.2,False,8,21.32
TAP_A03,099a,,,727251.007110832,9655083.85167152,O,11.0,False,,,12.1,False,8,12.18
TAP_A03,100a,Eschweilera ovata,Lecythidaceae,727254.7077146958,9655080.96737856,O,18.3,False,,,,True,8,
TAP_A03,001a,Strychnos subcordata,Loganiaceae,727586.7217484158,9653184.570096,O,11.2,False,6.11,11.51,13.6,False,9,13.22
TAP_A03,001b,Bellucia grossularioides,Melastomataceae,727612.6022119198,9653192.18934,O,19.4,False,22.96,34.23,21.4,False,9,17.94
TAP_A03,002a,Inga alba,Fabaceae,727585.1078712879,9653186.064514,O,19.2,False,8.779999999999998,18.71,21.3,False,9,17.88
TAP_A03,002b,Inga alba,Fabaceae,727617.052105476,9653195.076827,O,20.0,False,11.86,18.5,28.6,False,9,21.5
TAP_A03,003a,Couratari stellata,Lecythidaceae,727592.047862168,9653188.147486,O,10.1,False,5.97,9.81,12.6,False,9,12.53
TAP_A03,003b,Guatteria schomburgkiana,Annonaceae,727613.179596,9653196.5798,O,21.1,False,,19.74,,True,9,
TAP_A03,004a,,,727593.4766123398,9653193.391095,O,28.8,False,6.86,15.16,31.3,False,9,22.69
TAP_A03,004b,Inga alba,Fabaceae,727612.336309024,9653199.437456,O,50.2,False,9.12,24.32,,True,9,
TAP_A03,005a,Inga thibaudiana,Fabaceae,727590.459591456,9653192.649312,O,14.7,False,9.07,14.97,,True,9,
TAP_A03,005b,Inga thibaudiana,Fabaceae,727617.98410032,9653201.40296,O,13.3,False,13.6,18.84,,True,9,
TAP_A03,006a,,,727590.654073584,9653192.098068,O,13.6,True,,16.25,,True,9,
TAP_A03,006b,Inga alba,Fabaceae,727617.98410032,9653201.40296,O,20.8,False,8.77,13.68,,True,9,
TAP_A03,007a,Cordia scabrifolia,Boraginaceae,727583.499993768,9653192.27479,O,15.9,False,13.49,17.99,17.0,False,9,15.41
TAP_A03,007b,Inga thibaudiana,Fabaceae,727617.843308736,9653201.776168,O,26.0,False,6.28,21.63,,True,9,
TAP_A03,008a,Cordia scabrifolia,Boraginaceae,727583.5970910589,9653192.3088208,O,13.0,False,2.38,3.31,14.3,False,9,13.69
TAP_A03,008b,Inga alba,Fabaceae,727617.57167292,9653203.37097,O,28.0,False,9.19,22.18,,True,9,
TAP_A03,009a,Cordia scabrifolia,Boraginaceae,727584.930479976,9653194.421718,O,20.1,False,13.64,19.33,20.9,False,9,17.67
TAP_A03,009b,Cordia scabrifolia,Boraginaceae,727612.282497536,9653201.941688,O,12.0,False,11.27,13.53,12.1,False,9,12.18
TAP_A03,010a,Cordia scabrifolia,Boraginaceae,727583.6159597998,9653196.63325,O,21.4,False,11.92,16.15,22.8,False,9,18.68
TAP_A03,010b,Byrsonima crispa,Malpighiaceae,727610.3397562238,9653201.261480002,O,16.2,False,7.76,10.94,16.9,False,9,15.35
TAP_A03,011a,,,727588.8965294159,9653200.15875,O,15.7,True,,15.73,,True,9,
TAP_A03,011b,,,727607.7858748,9653205.1945,O,11.6,True,,7.73,,True,9,
TAP_A03,012a,,,727588.9930499789,9653200.1930766,O,14.4,True,,15.73,,True,9,
TAP_A03,012b,Jacaranda copaia,Bignoniaceae,727608.78523344,9653208.390292,O,28.4,False,18.82,25.98,36.4,False,9,24.75
TAP_A03,013a,Cordia scabrifolia,Boraginaceae,727581.117442218,9653199.140477503,O,10.5,False,12.24,14.49,10.3,False,9,10.85
TAP_A03,013b,Jacaranda copaia,Bignoniaceae,727612.291690512,9653210.6976,O,35.0,False,25.1,29.81,,True,9,
TAP_A03,014a,Guatteria schomburgkiana,Annonaceae,727581.085674864,9653199.23202,O,14.0,False,8.5,12.44,15.2,False,9,14.28
TAP_A03,014b,Cassia fastuosa,Fabaceae,727614.781091784,9653209.893442,O,23.5,False,,16.34,,True,9,
TAP_A03,015a,Cordia scabrifolia,Boraginaceae,727580.122259088,9653198.887836,O,18.8,False,14.3,18.71,18.2,False,9,16.13
TAP_A03,015b,Rinorea guianensis,Violaceae,727613.9079893329,9653213.0759692,O,11.2,False,4.31,7.64,12.7,False,9,12.6
TAP_A03,016a,,,727587.023740528,9653202.387956,O,13.5,True,,8.68,,True,9,
TAP_A03,016b,Inga alba,Fabaceae,727613.1329793428,9653215.1289498,O,50.3,False,10.3,27.47,52.8,False,9,30.07
TAP_A03,017a,,,727593.49581252,9653205.538662,O,25.0,True,,,,True,9,
TAP_A03,017b,,,727604.242426776,9653214.762582,O,38.1,True,,22.04,,True,9,
TAP_A03,018a,,,727593.3964833,9653205.815355,O,11.7,True,,9.06,,True,9,
TAP_A03,018b,Eschweilera coriacea,Lecythidaceae,727606.17517152,9653218.31796,O,13.0,False,9.53,15.95,16.3,False,9,14.98
TAP_A03,019a,Cordia scabrifolia,Boraginaceae,727578.50719527,9653203.5539025,O,24.8,False,18.06,23.64,26.9,False,9,20.72
TAP_A03,019b,,,727607.415202416,9653218.771764,O,10.4,True,,11.01,,True,9,
TAP_A03,020a,,,727581.381162,9653206.1427,O,22.0,True,,2.27,,True,9,
TAP_A03,020b,Byrsonima crispa,Malpighiaceae,727607.57529584,9653220.94912,O,16.2,False,11.3,18.05,,True,9,
TAP_A03,021a,,,727582.11320734,9653207.132297002,O,11.9,True,,8.26,,True,9,
TAP_A03,021b,Theobroma glaucum,Malvaceae,727608.3368008,9653221.229200002,O,12.5,False,9.38,12.94,12.9,False,9,12.74
TAP_A03,022a,,,727576.8930035639,9653209.767417,O,10.5,True,,8.62,,True,9,
TAP_A03,022b,Theobroma glaucum,Malvaceae,727608.52717704,9653221.29922,O,11.6,False,9.38,12.94,12.2,False,9,12.25
TAP_A03,023a,Cecropia palmata,Urticaceae,727587.362602968,9653213.619078,O,16.5,False,,,,True,9,
TAP_A03,023b,,,727604.21786448,9653220.665764,O,17.0,True,,18.24,,True,9,
TAP_A03,024a,Cordia scabrifolia,Boraginaceae,727576.5429432419,9653212.322597502,O,11.8,False,,11.82,,True,9,
TAP_A03,024b,Cordia scabrifolia,Boraginaceae,727605.38903384,9653223.32194,O,11.6,False,4.79,8.26,,True,9,
TAP_A03,025a,,,727577.017541456,9653212.498336,O,30.0,True,,,,True,9,
TAP_A03,025b,Sapium marmieri,Euphorbiaceae,727603.3991142398,9653225.76172,O,13.4,False,5.99,14.78,,True,9,
TAP_A03,026a,Guatteria schomburgkiana,Annonaceae,727576.222114656,9653214.787536,O,26.4,False,15.94,22.15,,True,9,
TAP_A03,026b,Apeiba petoumo,Malvaceae,727600.679239904,9653227.28608,O,12.0,False,6.02,11.77,,True,9,
TAP_A03,027a,Jacaranda copaia,Bignoniaceae,727581.9250948558,9653213.796606,O,22.4,False,20.95,25.57,,True,9,
TAP_A03,027b,Cordia scabrifolia,Boraginaceae,727605.578501752,9653214.08789,O,14.9,False,9.02,17.41,,True,9,
TAP_A03,028a,,,727584.7089505598,9653215.034224,O,31.9,True,,22.29,,True,9,
TAP_A03,028b,,,727601.769818032,9653233.004132,O,11.4,True,,10.41,,True,9,
TAP_A03,029a,,,727587.80093724,9653221.402394,O,29.5,True,,13.31,,True,9,
TAP_A03,029b,,,727596.514716272,9653229.841816,O,13.6,True,,5.97,,True,9,
TAP_A03,030a,,,727586.790393696,9653221.23288,O,16.2,True,,11.34,,True,9,
TAP_A03,030b,,,727616.2291700998,9653242.924575,O,20.8,True,,23.17,,True,9,
TAP_A03,031a,Attalea maripa,Arecaceae,727582.98048488,9653219.908952,P,35.0,False,3.79,14.02,56.1,False,9,30.96
TAP_A03,031b,,,727616.56837968,9653239.27856,O,15.2,True,,16.62,,True,9,
TAP_A03,032a,Cordia scabrifolia,Boraginaceae,727575.203968352,9653217.717712,O,20.0,False,17.32,22.93,,True,9,
TAP_A03,032b,Protium paniculatum,Burseraceae,727612.801933344,9653232.267504,O,13.7,False,8.27,12.13,13.9,False,9,13.42
TAP_A03,033a,,,727579.8927291678,9653222.600236,O,10.5,True,,1.94,,True,9,
TAP_A03,033b,Inga alba,Fabaceae,727612.7303443198,9653232.45472,O,29.8,False,14.58,23.1,32.3,False,9,23.11
TAP_A03,034a,,,727589.6020874279,9653228.271555,O,19.3,True,,7.82,,True,9,
TAP_A03,034b,Inga alba,Fabaceae,727613.08828944,9653231.51864,O,14.5,False,4.12,6.45,14.7,False,9,13.95
TAP_A03,035a,,,727590.87681284,9653227.703578,O,12.5,False,5.35,6.95,,True,9,
TAP_A03,035b,Pouteria sp,Sapotaceae,727614.6065189278,9653230.374276,O,24.7,False,7.2,17.04,26.5,False,9,20.53
TAP_A03,036a,,,727590.6415644,9653228.35098,O,10.9,True,,11.18,,True,9,
TAP_A03,036b,Inga thibaudiana,Fabaceae,727608.968712484,9653228.160739,O,20.0,False,5.52,9.65,20.7,False,9,17.56
TAP_A03,037a,Cordia goeldiana,Boraginaceae,727574.5937818718,9653225.57674,O,15.9,False,13.9,18.18,,True,9,
TAP_A03,037b,Inga alba,Fabaceae,727614.560911712,9653229.929008,O,12.2,False,9.12,15.97,,True,9,
TAP_A03,038b,Inga alba,Fabaceae,727618.6740378878,9653236.62892,O,19.2,False,11.92,17.59,21.0,False,9,17.72
TAP_A03,039a,Cordia scabrifolia,Boraginaceae,727571.9268099358,9653227.149216,O,13.3,False,10.73,13.06,,True,9,
TAP_A03,039b,Cordia scabrifolia,Boraginaceae,727619.047988452,9653234.831143,O,17.9,False,10.83,13.4,,True,9,
TAP_A03,040a,Cordia scabrifolia,Boraginaceae,727571.894992864,9653227.240784,O,21.0,False,15.09,19.82,21.3,False,9,17.88
TAP_A03,040b,Cordia scabrifolia,Boraginaceae,727619.142281648,9653234.866612,O,10.6,False,8.9,11.65,,True,9,
TAP_A03,041a,,,727571.0849680318,9653227.136088,O,11.8,True,,18.47,,True,9,
TAP_A03,041b,,,727613.786336616,9653226.860838,O,19.0,True,,10.29,,True,9,
TAP_A03,042a,,,727589.55813756,9653234.25993,O,18.0,True,,13.01,,True,9,
TAP_A03,042b,Cordia scabrifolia,Boraginaceae,727619.57841392,9653225.89946,O,24.6,False,14.16,18.5,21.5,False,9,17.99
TAP_A03,043a,Ocotea cernua,Lauraceae,727593.4112472238,9653232.46591,O,14.6,False,8.79,10.98,,True,9,
TAP_A03,043b,Inga alba,Fabaceae,727615.9518503998,9653224.03,O,11.5,False,8.6,10.47,,True,9,
TAP_A03,044a,,,727588.3627587839,9653228.746128,O,18.4,True,,16.38,,True,9,
TAP_A03,044b,Inga alba,Fabaceae,727617.2626710798,9653223.44351,O,19.5,False,12.3,17.85,20.1,False,9,17.22
TAP_A03,045a,Cordia scabrifolia,Boraginaceae,727588.5966151198,9653228.09944,O,199.0,False,14.56,17.3,22.4,False,9,18.47
TAP_A03,045b,Cordia scabrifolia,Boraginaceae,727617.62161056,9653222.50692,O,12.5,False,10.16,15.74,12.7,False,9,12.6
TAP_A03,046a,,,727594.415050628,9653230.312747002,O,18.7,False,8.39,13.09,19.7,False,9,17.0
TAP_A03,046b,Inga alba,Fabaceae,727621.568988,9653220.7398,O,32.6,False,17.61,26.86,34.4,False,9,23.97
TAP_A03,047a,,,727594.5088963619,9653230.348445501,O,29.7,False,11.59,18.84,30.9,False,9,22.52
TAP_A03,047b,Inga sp,Fabaceae,727615.22597904,9653217.3724,O,11.8,False,6.61,9.3,,True,9,
TAP_A03,048a,Cordia scabrifolia,Boraginaceae,727594.39738248,9653229.7779,O,22.8,False,16.96,22.38,24.5,False,9,19.55
TAP_A03,048b,,,727620.91505044,9653216.764850002,O,27.8,False,14.44,20.2,30.6,False,9,22.39
TAP_A03,049a,Banara guianensis,Salicaceae,727592.25464604,9653226.85697,O,10.0,False,10.59,13.03,,True,9,
TAP_A03,049b,,,727621.2029975118,9653216.01517,O,12.5,True,,16.61,,True,9,
TAP_A03,050a,,,727593.26583672,9653224.08086,O,14.9,True,,5.9,,True,9,
TAP_A03,050b,Rinorea guianensis,Violaceae,727622.1641262599,9653216.360527,O,27.3,False,14.48,19.71,29.8,False,9,22.04
TAP_A03,051a,,,727596.00132006,9653222.473245,O,23.0,False,10.78,15.99,26.4,False,9,20.48
TAP_A03,051b,Byrsonima crispa,Malpighiaceae,727620.8302641358,9653215.561438,O,17.5,False,13.49,19.84,20.7,False,9,17.56
TAP_A03,052a,Bagassa guianensis,Moraceae,727597.79784888,9653220.5089,O,20.9,False,14.87,25.44,24.2,False,9,19.4
TAP_A03,052b,,,727625.5933794238,9653215.987888,O,13.8,True,,16.15,,True,9,
TAP_A03,053a,Bagassa guianensis,Moraceae,727597.831853544,9653220.41621,O,28.6,False,21.66,31.85,16.6,False,9,15.16
TAP_A03,053b,Thyrsodium spruceanum,Anacardiaceae,727620.780277984,9653214.264928,O,10.2,False,7.51,12.2,,True,9,
TAP_A03,054a,,,727625.3022503998,9653216.7392,O,15.2,True,,11.59,,True,9,
TAP_A03,054b,Inga alba,Fabaceae,727623.3190965,9653213.360175,O,20.6,False,10.75,19.36,22.3,False,9,18.42
TAP_A03,055a,Jacaranda copaia,Bignoniaceae,727598.7072252,9653206.15434,O,25.8,False,7.92,18.11,,True,9,
TAP_A03,055b,Guatteria schomburgkiana,Annonaceae,727626.102855216,9653214.673092,O,10.3,False,8.85,14.62,12.1,False,9,12.18
TAP_A03,056a,,,727599.3793636,9653204.30462,O,20.5,True,,23.59,,True,9,
TAP_A03,056b,Aspidosperma parvifolium,Apocynaceae,727617.107277852,9653212.419285,O,11.5,False,3.21,7.62,12.7,False,9,12.6
TAP_A03,057a,,,727598.15037056,9653198.65756,O,20.3,True,,29.75,,True,9,
TAP_A03,057b,,,727617.959186748,9653210.176365,O,16.7,True,,9.72,,True,9,
TAP_A03,058a,,,727602.5720209999,9653195.51845,O,14.7,False,4.85,11.35,,True,9,
TAP_A03,058b,,,727618.23699754,9653208.578395901,O,11.6,True,,8.04,,True,9,
TAP_A03,059a,,,727607.217140808,9653194.83377,O,12.4,True,9.88,11.56,,True,9,
TAP_A03,059b,Trattinnickia burserifolia,Burseraceae,727624.69435576,9653206.9253,O,12.3,False,4.49,8.22,13.4,False,9,13.08
TAP_A03,060a,Cordia scabrifolia,Boraginaceae,727606.3424145998,9653194.21835,O,18.3,False,,9.23,16.9,False,9,15.35
TAP_A03,060b,Cordia scabrifolia,Boraginaceae,727620.1954476,9653204.2887,O,13.8,False,6.82,10.76,14.0,False,9,13.49
TAP_A03,061a,Cordia scabrifolia,Boraginaceae,727606.2447405799,9653194.184615,O,15.3,False,,6.8,15.3,False,9,14.34
TAP_A03,061b,,,727630.3970083199,9653203.59124,O,11.0,True,,3.62,,True,9,
TAP_A03,062b,Abarema jupunba,Fabaceae,727633.3222383598,9653200.33841,O,10.4,False,8.33,13.83,24.5,False,9,19.55
TAP_A03,063b,Cordia goeldiana,Boraginaceae,727630.945513544,9653199.311134,O,16.5,False,13.11,17.3,13.1,False,9,12.88
TAP_A03,064b,Eriotheca globosa,Malvaceae,727628.221707392,9653197.74172,O,11.0,False,6.02,9.69,11.1,False,9,11.45
TAP_A03,065a,Rinorea guianensis,Violaceae,727582.768575808,9653210.788352,O,,,,,9.2,False,9,10.0
TAP_A03,066a,,,727577.844532644,9653207.021907002,O,,,,,8.6,False,9,9.52
TAP_A03,067a,Eriotheca globosa,Malvaceae,727575.909071558,9653213.2239536,O,,,,,10.8,False,9,11.23
TAP_A03,068a,Eriotheca globosa,Malvaceae,727575.961345899,9653217.3807508,O,,,,,11.1,False,9,11.45
TAP_A03,001a,Guatteria schomburgkiana,Annonaceae,727304.5290556,9655487.8720424,O,11.7,False,,,14.2,False,10,13.62
TAP_A03,001b,,,727305.9474141758,9655489.64949958,O,15.4,True,,,,True,10,
TAP_A03,002a,Bagassa guianensis,Moraceae,727304.3109992,9655488.7985848,O,12.9,False,,,15.2,False,10,14.28
TAP_A03,002b,,,727306.0187996118,9655489.779242609,O,47.8,True,,0.0,,True,10,
TAP_A03,003a,,,727311.04650968,9655490.54868112,O,12.9,True,,7.99,,True,10,
TAP_A03,003b,Guatteria schomburgkiana,Annonaceae,727306.748657504,9655490.576184738,O,10.2,False,5.49,8.37,12.0,False,10,12.11
TAP_A03,004a,Casearia grandiflora,Salicaceae,727315.53570292,9655493.14120928,O,14.0,False,,,14.6,False,10,13.89
TAP_A03,004b,Bagassa guianensis,Moraceae,727336.29878608,9655504.38824672,O,19.2,False,8.63,14.16,21.9,False,10,18.21
TAP_A03,005a,Guatteria schomburgkiana,Annonaceae,727316.332544,9655494.071284,O,21.7,False,,,22.0,False,10,18.26
TAP_A03,005b,Casearia grandiflora,Salicaceae,727337.20563868,9655504.85429312,O,16.1,False,,,17.4,False,10,15.65
TAP_A03,006a,Cordia scabrifolia,Boraginaceae,727317.3571233999,9655494.0673616,O,11.8,False,,,11.3,False,10,11.6
TAP_A03,006b,Casearia grandiflora,Salicaceae,727337.5710449598,9655507.40625664,O,15.2,False,,,17.3,False,10,15.59
TAP_A03,007a,Cordia scabrifolia,Boraginaceae,727318.2905469598,9655494.43708464,O,12.0,False,,,20.0,False,10,17.17
TAP_A03,007b,Casearia grandiflora,Salicaceae,727337.756958144,9655507.4807953,O,13.6,False,,,13.9,False,10,13.42
TAP_A03,008a,Cordia scabrifolia,Boraginaceae,727319.20095464,9655494.90039376,O,11.4,False,11.94,15.1,,True,10,
TAP_A03,008b,Casearia grandiflora,Salicaceae,727337.849914736,9655507.518064627,O,12.3,False,,,14.4,False,10,13.76
TAP_A03,009a,Chamaecrista xinguensis,Fabaceae,727316.9226959998,9655495.843284,O,12.2,False,,,12.2,False,10,12.25
TAP_A03,009b,Guatteria schomburgkiana,Annonaceae,727326.2918950518,9655504.645916369,O,15.5,False,,,15.9,False,10,14.73
TAP_A03,010a,Stryphnodendron pulcherrimum,Fabaceae,727313.6739832,9655496.5966928,O,12.9,False,,,,True,10,
TAP_A03,010b,,,727331.92994444,9655509.41802496,O,13.2,False,,,17.0,False,10,15.41
TAP_A03,011a,Banara guianensis,Salicaceae,727314.5590301598,9655497.15539344,O,10.5,False,,,10.5,False,10,11.0
TAP_A03,011b,Guatteria schomburgkiana,Annonaceae,727336.04557712,9655513.28442208,O,12.4,False,10.07,12.55,12.6,False,10,12.53
TAP_A03,012a,,,727308.5348184,9655492.5058176,O,10.2,True,,,,True,10,
TAP_A03,012b,Swartzia corrugata,Fabaceae,727326.55833552,9655510.46364768,O,10.6,False,8.31,10.45,10.7,False,10,11.15
TAP_A03,013a,Guatteria schomburgkiana,Annonaceae,727307.271209,9655493.528296,O,16.0,False,,,18.1,False,10,16.07
TAP_A03,013b,Swartzia corrugata,Fabaceae,727326.5344875999,9655510.5578744,O,11.2,False,,,11.4,False,10,11.67
TAP_A03,014a,,,727308.3538308,9655497.5268312,O,11.2,False,,,11.5,False,10,11.75
TAP_A03,014b,Guatteria schomburgkiana,Annonaceae,727323.9213497998,9655510.0104708,O,22.6,False,,,23.7,False,10,19.15
TAP_A03,015a,Casearia grandiflora,Salicaceae,727309.1703596,9655498.3658824,O,15.7,False,2.34,4.43,18.3,False,10,16.19
TAP_A03,015b,Simaba cedron,Simaroubaceae,727322.7391652,9655514.7139444,O,10.3,False,,,10.7,False,10,11.15
TAP_A03,016a,Sapium marmieri,Euphorbiaceae,727312.3157223999,9655502.1943856,O,18.3,False,,,22.2,False,10,18.37
TAP_A03,016b,Banara guianensis,Salicaceae,727329.24049472,9655515.93850048,O,11.7,False,,,,True,10,
TAP_A03,017a,Banara guianensis,Salicaceae,727304.2238317198,9655497.79450848,O,11.0,False,9.92,12.9,,True,10,
TAP_A03,017b,Guatteria schomburgkiana,Annonaceae,727330.16143768,9655516.31783312,O,14.6,False,,,15.1,False,10,14.21
TAP_A03,018a,Banara guianensis,Salicaceae,727302.2394634,9655497.6007376,O,12.1,False,,,12.0,False,10,12.11
TAP_A03,018b,,,727328.8774533198,9655521.32728288,O,14.1,True,,,,True,10,
TAP_A03,019a,Jacaranda copaia,Bignoniaceae,727303.872521,9655499.27884,O,23.6,False,,,29.2,False,10,21.77
TAP_A03,019b,Guatteria schomburgkiana,Annonaceae,727320.2664469999,9655523.346736,O,17.1,False,,,19.4,False,10,16.83
TAP_A03,020a,Goupia glabra,Goupiaceae,727300.6040404,9655504.5498056,O,12.4,False,,,15.8,False,10,14.66
TAP_A03,020b,Cecropia ficifolia,Urticaceae,727321.17929648,9655523.73230032,O,10.3,False,6.09,9.23,7.2,False,10,8.34
TAP_A03,021a,Bagassa guianensis,Moraceae,727301.50279952,9655505.02208368,O,12.9,False,,,15.9,False,10,14.73
TAP_A03,021b,Banara guianensis,Salicaceae,727319.771432384,9655532.51486666,O,10.2,False,4.56,8.17,10.2,False,10,10.78
TAP_A03,022a,Guatteria schomburgkiana,Annonaceae,727303.27783136,9655506.059818242,O,23.7,False,,,28.0,False,10,21.23
TAP_A03,022b,Bagassa guianensis,Moraceae,727319.7862348,9655533.2522072,O,14.5,False,,,18.9,False,10,16.54
TAP_A03,023a,Banara guianensis,Salicaceae,727304.1097363998,9655506.8111656,O,10.2,False,6.95,12.49,,True,10,
TAP_A03,023b,,,727320.557600516,9655535.362936141,O,14.9,True,,,,True,10,
TAP_A03,024a,Banara guianensis,Salicaceae,727308.1932712,9655506.6551288,O,10.2,False,,,10.1,False,10,10.7
TAP_A03,024b,Himatanthus sucuuba,Apocynaceae,727317.573653,9655534.068664,O,12.9,False,,,13.7,False,10,13.29
TAP_A03,025a,Casearia grandiflora,Salicaceae,727309.6976342,9655508.8116448,O,16.5,False,,,20.1,False,10,17.22
TAP_A03,025b,Sapium marmieri,Euphorbiaceae,727318.83160944,9655540.99310496,O,25.0,False,,,27.6,False,10,21.05
TAP_A03,026a,Casearia grandiflora,Salicaceae,727310.6178964,9655509.1915016,O,16.2,False,,,20.1,False,10,17.22
TAP_A03,026b,Cordia scabrifolia,Boraginaceae,727320.6548336,9655541.6902744,O,13.0,False,,,15.9,False,10,14.73
TAP_A03,027a,Bagassa guianensis,Moraceae,727307.9903479998,9655511.693032,O,11.7,False,,,14.5,False,10,13.82
TAP_A03,027b,Cordia scabrifolia,Boraginaceae,727319.08465728,9655542.36169872,O,15.9,False,,,17.5,False,10,15.71
TAP_A03,028a,Guatteria schomburgkiana,Annonaceae,727304.5697192,9655513.3374568,O,14.4,False,,,15.3,False,10,14.34
TAP_A03,028b,Bagassa guianensis,Moraceae,727324.7876132,9655545.0882808,O,47.8,False,,,20.5,False,10,17.45
TAP_A03,029a,Guatteria schomburgkiana,Annonaceae,727302.044008,9655511.25824,O,10.2,False,5.7,11.17,10.3,False,10,10.85
TAP_A03,029b,Casearia grandiflora,Salicaceae,727328.0245688,9655544.1921952,O,17.0,False,,,19.3,False,10,16.77
TAP_A03,030a,Guatteria schomburgkiana,Annonaceae,727302.52872432,9655509.21600288,O,14.8,False,,,15.3,False,10,14.34
TAP_A03,030b,,,727330.37758424,9655546.70784016,O,11.6,True,,7.12,,True,10,
TAP_A03,031a,Laetia procera,Salicaceae,727301.87444128,9655507.72097552,O,15.0,False,,,16.1,False,10,14.85
TAP_A03,031b,Cassia fastuosa,Fabaceae,727336.1391195998,9655551.4838024,O,38.5,False,11.93,21.23,40.7,False,10,26.32
TAP_A03,032a,Cecropia palmata,Urticaceae,727300.2496291999,9655514.5860088,O,19.1,False,,,,True,10,
TAP_A03,032b,Guatteria schomburgkiana,Annonaceae,727336.82385904,9655548.90823136,O,11.2,False,,,12.2,False,10,12.25
TAP_A03,033a,Guatteria schomburgkiana,Annonaceae,727300.94238,9655515.899688002,O,21.7,False,,,22.9,False,10,18.73
TAP_A03,033b,Guatteria schomburgkiana,Annonaceae,727337.93973072,9655544.71100448,O,12.0,False,,,13.6,False,10,13.22
TAP_A03,034a,,,727299.8104907998,9655516.4414232,O,10.0,True,,8.13,,True,10,
TAP_A03,034b,,,727338.86810772,9655545.00874848,O,17.4,False,,,17.6,False,10,15.77
TAP_A03,035a,Jacaranda copaia,Bignoniaceae,727299.8703672799,9655518.30509752,O,10.0,False,,,13.2,False,10,12.95
TAP_A03,035b,,,727339.34509004,9655545.10983736,O,21.4,True,,,,True,10,
TAP_A03,036a,,,727305.0557648,9655519.6919512,O,10.1,True,,,,True,10,
TAP_A03,036b,Inga alba,Fabaceae,727339.82909946,9655543.29573864,O,16.2,False,,,17.6,False,10,15.77
TAP_A03,037a,,,727306.6517588,9655521.398591202,O,10.0,True,,,,True,10,
TAP_A03,037b,Inga alba,Fabaceae,727338.1223294,9655549.6928236,O,11.9,False,,,12.1,False,10,12.18
TAP_A03,038a,Guatteria schomburgkiana,Annonaceae,727305.5913429199,9655525.78071328,O,18.1,False,8.4,12.32,20.5,False,10,17.45
TAP_A03,038b,Inga sp,Fabaceae,727330.7264234798,9655537.66216832,O,24.5,False,,,,True,10,
TAP_A03,039a,Casearia grandiflora,Salicaceae,727303.0058664798,9655524.05097232,O,14.0,False,,,16.4,False,10,15.04
TAP_A03,039b,Bagassa guianensis,Moraceae,727331.71362188,9655533.86747392,O,17.8,False,,,20.9,False,10,17.67
TAP_A03,040a,Jacaranda copaia,Bignoniaceae,727297.62981296,9655521.43219264,O,17.5,False,,,22.2,False,10,18.37
TAP_A03,040b,Guatteria schomburgkiana,Annonaceae,727341.3273559998,9655539.575896,O,15.3,False,,,15.3,False,10,14.34
TAP_A03,041a,Vismia guianensis,Hypericaceae,727304.617388,9655525.669792,O,10.0,False,3.98,9.44,,True,10,
TAP_A03,041b,Casearia grandiflora,Salicaceae,727339.3345703199,9655539.46447088,O,12.6,False,,,13.4,False,10,13.08
TAP_A03,042a,Banara guianensis,Salicaceae,727303.62147616,9655525.65164144,O,17.0,False,,,16.8,False,10,15.29
TAP_A03,042b,Guatteria schomburgkiana,Annonaceae,727339.1531501518,9655539.386472767,O,11.6,False,2.39,7.27,,True,10,
TAP_A03,043a,Casearia grandiflora,Salicaceae,727299.83875312,9655528.94043008,O,16.3,False,,,,True,10,
TAP_A03,043b,Guatteria schomburgkiana,Annonaceae,727339.1531501518,9655539.386472767,O,22.1,False,17.21,20.65,23.0,False,10,18.79
TAP_A03,044a,,,727295.6167352,9655529.9617408,O,10.8,False,,,10.9,False,10,11.3
TAP_A03,044b,Inga sp,Fabaceae,727338.2514424,9655535.9215136,O,14.0,False,,,14.2,False,10,13.62
TAP_A03,045a,,,727295.1791096,9655531.8159904,O,23.0,False,,,23.3,False,10,18.94
TAP_A03,045b,Casearia grandiflora,Salicaceae,727340.93229568,9655533.45480512,O,16.1,False,,,16.8,False,10,15.29
TAP_A03,046a,,,727302.368748,9655534.987632,O,10.9,True,,,,True,10,
TAP_A03,046b,Inga thibaudiana,Fabaceae,727335.02102612,9655528.94586208,O,12.7,False,,,16.6,False,10,15.16
TAP_A03,047a,Maquira coriacea,Moraceae,727302.83877404,9655537.15558336,O,12.7,False,6.74,12.58,13.7,False,10,13.29
TAP_A03,047b,Casearia grandiflora,Salicaceae,727337.9363432,9655529.4353968,O,11.9,False,,,12.7,False,10,12.6
TAP_A03,048a,Laetia procera,Salicaceae,727313.1532056,9655539.745094402,O,17.6,False,,,18.3,False,10,16.19
TAP_A03,048b,Himatanthus sucuuba,Apocynaceae,727343.05380688,9655531.59031712,O,11.0,False,,,11.7,False,10,11.89
TAP_A03,049a,,,727314.99770592,9655540.35001728,O,18.7,False,,,20.3,False,10,17.33
TAP_A03,049b,Inga marginata,Fabaceae,727343.23657344,9655531.667278562,O,11.0,False,,,11.2,False,10,11.53
TAP_A03,050a,Talisia longifolia,Sapindaceae,727316.180014,9655539.617732,O,10.3,False,,,10.7,False,10,11.15
TAP_A03,050b,Inga sp,Fabaceae,727343.92958,9655529.83408,O,14.4,False,,,14.6,False,10,13.89
TAP_A03,051a,Bagassa guianensis,Moraceae,727316.841402,9655536.984276,O,16.4,False,,,19.7,False,10,17.0
TAP_A03,051b,Inga alba,Fabaceae,727341.2261563198,9655524.67905888,O,28.0,False,14.27,24.7,29.0,False,10,21.68
TAP_A03,052a,Jacaranda copaia,Bignoniaceae,727313.72356252,9655533.43803968,O,12.3,False,,,16.9,False,10,15.35
TAP_A03,052b,Inga alba,Fabaceae,727341.2261563198,9655524.67905888,O,234.0,False,14.91,25.61,26.6,False,10,20.58
TAP_A03,053a,Banara guianensis,Salicaceae,727308.7371691999,9655529.3054008,O,11.3,False,5.63,10.79,,True,10,
TAP_A03,053b,Bagassa guianensis,Moraceae,727334.3543776,9655523.7166664,O,14.4,False,,,17.3,False,10,15.59
TAP_A03,054a,Eriotheca globosa,Malvaceae,727313.7962899999,9655529.1073,O,11.8,False,,,11.1,False,10,11.45
TAP_A03,054b,Jacaranda copaia,Bignoniaceae,727332.3980173998,9655523.4254656,O,15.8,False,,,18.7,False,10,16.42
TAP_A03,055a,Cecropia palmata,Urticaceae,727312.2139111998,9655527.3901768,O,12.7,False,,,,True,10,
TAP_A03,055b,Cordia scabrifolia,Boraginaceae,727333.875978688,9655518.89664699,O,11.4,False,,,12.7,False,10,12.6
TAP_A03,056a,Inga heterophylla,Fabaceae,727316.59213536,9655525.94513424,O,19.8,False,,,20.2,False,10,17.28
TAP_A03,056b,Cordia scabrifolia,Boraginaceae,727333.9434384078,9655519.02941267,O,17.0,False,,,18.7,False,10,16.42
TAP_A03,057a,Cordia scabrifolia,Boraginaceae,727315.1443724,9655523.6691736,O,15.5,False,9.92,16.7,17.5,False,10,15.71
TAP_A03,057b,,,727341.2630207998,9655520.6793912,O,12.3,True,,,,True,10,
TAP_A03,058a,,,727315.258726176,9655523.614103181,O,10.3,True,,,10.0,False,10,10.62
TAP_A03,058b,Guatteria schomburgkiana,Annonaceae,727343.8384766,9655518.6731584,O,13.2,False,,,15.7,False,10,14.6
TAP_A03,059a,Cordia scabrifolia,Boraginaceae,727315.349837152,9655523.652793568,O,20.3,False,,,23.9,False,10,19.25
TAP_A03,059b,Vismia guianensis,Hypericaceae,727343.39416816,9655516.48540544,O,10.6,False,,,10.7,False,10,11.15
TAP_A03,060a,Guatteria schomburgkiana,Annonaceae,727312.8025399998,9655520.917324,O,10.9,False,,,11.6,False,10,11.82
TAP_A03,060b,Vismia guianensis,Hypericaceae,727343.3603890399,9655515.83854096,O,14.0,False,,,15.4,False,10,14.41
TAP_A03,061a,Vismia guianensis,Hypericaceae,727313.054097024,9655520.713725207,O,11.6,False,,,12.6,False,10,12.53
TAP_A03,061b,Inga marginata,Fabaceae,727337.5874523598,9655511.28904224,O,21.7,False,6.73,16.5,,True,10,
TAP_A03,062a,Banara guianensis,Salicaceae,727319.2356664,9655515.3370016,O,10.2,False,,,,True,10,
TAP_A03,062b,Inga marginata,Fabaceae,727337.73553212,9655510.71983808,O,19.9,False,10.57,17.1,,True,10,
TAP_A03,063a,Guatteria schomburgkiana,Annonaceae,727315.5644456,9655509.686994402,O,17.5,False,7.61,12.3,20.2,False,10,17.28
TAP_A03,063b,Cordia scabrifolia,Boraginaceae,727339.232132,9655508.911048,O,19.8,False,,,22.8,False,10,18.68
TAP_A03,064a,Guatteria schomburgkiana,Annonaceae,727322.864757,9655513.001016,O,21.7,False,,,25.1,False,10,19.85
TAP_A03,064b,Eriotheca globosa,Malvaceae,727347.1710328,9655509.988491202,O,16.9,False,,,18.2,False,10,16.13
TAP_A03,065a,,,727322.97958296,9655508.48613264,O,21.1,False,,,20.5,False,10,17.45
TAP_A03,065b,Inga sp,Fabaceae,727344.0755924,9655506.1215496,O,14.9,False,,,16.3,False,10,14.98
TAP_A03,066a,Vismia guianensis,Hypericaceae,727321.1071928,9655507.8268192,O,10.3,False,,,,True,10,
TAP_A03,066b,Inga sp,Fabaceae,727344.0755924,9655506.1215496,O,11.5,False,,,11.7,False,10,11.89
TAP_A03,067a,Guatteria schomburgkiana,Annonaceae,727320.2810311998,9655502.9480368,O,18.5,False,,,18.7,False,10,16.42
TAP_A03,067b,Bagassa guianensis,Moraceae,727346.0663688,9655506.3862512,O,12.4,False,,,13.6,False,10,13.22
TAP_A03,068a,,,727325.203236,9655503.689868,O,11.6,False,8.68,13.35,11.9,False,10,12.03
TAP_A03,068b,Bagassa guianensis,Moraceae,727348.6419545598,9655504.45578304,O,21.1,False,10.67,25.09,24.3,False,10,19.45
TAP_A03,069a,,,727325.179615,9655503.78392,O,20.6,False,,,23.6,False,10,19.1
TAP_A03,070a,Guatteria schomburgkiana,Annonaceae,727321.698842,9655497.228628,O,12.4,False,,,13.2,False,10,12.95
TAP_A03,071a,Banara guianensis,Salicaceae,727322.9809832,9655496.1918808,O,11.3,False,,,11.3,False,10,11.6
TAP_A03,072a,Casearia grandiflora,Salicaceae,727321.3456563998,9655494.515525602,O,17.0,False,10.65,15.24,20.2,False,10,17.28
TAP_A03,073a,Guatteria schomburgkiana,Annonaceae,727324.77757244,9655497.21301696,O,12.7,False,,,12.7,False,10,12.6
TAP_A03,074a,Aspidosperma parvifolium,Apocynaceae,727307.48051504,9655510.45619776,O,,,,,10.2,False,10,10.78
TAP_A03,075a,,,727299.566205472,9655509.81500845,O,,,,,10.6,False,10,11.08
