site,tree_id,scientific_name,family_name,utm_easting,utm_northing,type,dbh_2009,dead_2009,hcom_2009,htot_2009,date_2009,dbh_2010,dead_2010,htot_2010,date_2010,dbh_2011,dead_2011,hcom_2011,htot_2011,date_2011,plot_id,htot_feldpausch,htot_estimated,htot_estimation_method,dbh_incr_cm_yr,dbh_incr_source,gap_anos,dbh_lidar,htot_estimated_gap
TAP_A01,1.0,,,727139.84,9684877.68,O,15.0,D,,2.05,20090617-20090708,14.4,D,2.05,20100714-20100805,14.4,D,,1.9,20110712-20110719,M1,13.76,2.05,measured,0.0,observed,-1.0,14.4,2.05
TAP_A01,2.0,,,727137.51,9684877.4,O,15.1,A,13.53,19.67,20090617-20090708,15.1,A,9.84,20100714-20100805,15.1,A,7.85,9.03,20110712-20110719,M1,14.21,19.67,measured,0.0,observed,-1.0,15.1,19.67
TAP_A01,3.0,,,727128.17,9684876.27,O,17.5,A,20.38,23.13,20090617-20090708,17.3,A,25.17,20100714-20100805,17.5,A,22.17,24.79,20110712-20110719,M1,15.71,23.13,measured,0.0,observed,-1.0,17.5,23.13
TAP_A01,4.0,,,727117.49,9684875.46,O,13.6,A,22.84,26.86,20090617-20090708,30.7,A,27.25,20100714-20100805,31.7,A,,13.72,20110712-20110719,M1,22.86,26.86,measured,5.0,observed,-1.0,26.7,24.23
TAP_A01,5.0,,,727115.44,9684873.74,O,5.4,A,6.13,12.5,20090617-20090708,5.2,A,9.29,20100714-20100805,5.2,A,5.07,11.46,20110712-20110719,M1,6.52,12.5,measured,0.0,observed,-1.0,5.2,12.5
TAP_A01,6.0,,,727103.97,9684877.73,O,99.7,D,0.7,4.54,20090617-20090708,99.7,D,6.1,20100714-20100805,99.7,D,,5.69,20110712-20110719,M1,38.93,4.54,measured,0.0,observed,-1.0,99.7,4.54
TAP_A01,7.0,,,727079.22,9684871.93,O,6.1,A,3.37,4.56,20090617-20090708,6.1,A,4.53,20100714-20100805,6.1,A,2.17,4.79,20110712-20110719,M1,7.36,4.56,measured,0.0,observed,-1.0,6.1,4.56
TAP_A01,8.0,,,727076.34,9684870.81,L,5.3,A,5.81,6.5,20090617-20090708,5.4,A,,20100714-20100805,5.4,A,,,20110712-20110719,M1,6.71,6.5,measured,0.05,observed,-1.0,5.35,6.45
TAP_A01,9.0,,,727074.07,9684870.71,O,14.1,A,11.14,12.35,20090617-20090708,14.2,A,11.99,20100714-20100805,14.3,A,10.1,12.92,20110712-20110719,M1,13.69,12.35,measured,0.1,observed,-1.0,14.2,12.29
TAP_A01,10.0,,,727070.7,9684871.06,O,6.3,A,5.75,9.35,20090617-20090708,6.4,A,9.05,20100714-20100805,6.4,A,8.17,11.15,20110712-20110719,M1,7.64,9.35,measured,0.05,observed,-1.0,6.35,9.29
TAP_A01,11.0,,,727058.77,9684870.04,O,17.7,D,1.38,4.85,20090617-20090708,,D,,20100714-20100805,,D,,,20110712-20110719,M1,,4.85,measured,0.1,site_median,-1.0,,
TAP_A01,12.0,,,727058.77,9684870.04,O,13.6,A,3.29,5.37,20090617-20090708,,D,,20100714-20100805,,D,,,20110712-20110719,M1,,5.37,measured,0.1,site_median,-1.0,,
TAP_A01,13.0,,,727040.47,9684872.09,O,39.2,A,12.09,19.24,20090617-20090708,39.5,A,17.17,20100714-20100805,39.7,A,9.11,14.03,20110712-20110719,M1,25.97,19.24,measured,0.25,observed,-1.0,39.45,19.17
TAP_A01,14.0,,,727037.52,9684869.35,O,13.6,D,0.88,2.7,20090617-20090708,13.7,D,6.76,20100714-20100805,13.7,D,,3.5,20110712-20110719,M1,13.29,2.7,measured,0.05,observed,-1.0,13.65,2.69
TAP_A01,15.0,,,727039.78,9684869.56,O,8.3,A,6.47,8.07,20090617-20090708,8.4,A,8.09,20100714-20100805,9.0,A,2.11,7.44,20110712-20110719,M1,9.84,8.07,measured,0.35,observed,-1.0,8.65,7.84
TAP_A01,16.0,,,727033.89,9684869.01,O,6.1,D,0.98,6.18,20090617-20090708,6.1,D,5.27,20100714-20100805,6.1,D,,5.12,20110712-20110719,M1,7.36,6.18,measured,0.0,observed,-1.0,6.1,6.18
TAP_A01,17.0,,,727031.63,9684868.8,O,5.3,A,2.0,3.35,20090617-20090708,5.7,A,4.28,20100714-20100805,5.7,A,2.28,5.03,20110712-20110719,M1,6.99,3.35,measured,0.2,observed,-1.0,5.5,3.26
TAP_A01,18.0,,,727030.72,9684868.72,O,28.0,A,17.89,23.45,20090617-20090708,26.3,A,24.81,20100714-20100805,28.8,A,15.92,24.07,20110712-20110719,M1,21.59,23.45,measured,0.4,observed,-1.0,28.4,23.25
TAP_A01,19.0,,,727030.32,9684869.18,O,12.8,A,7.46,14.1,20090617-20090708,13.7,A,10.68,20100714-20100805,14.4,A,10.03,12.14,20110712-20110719,M1,13.76,14.1,measured,0.8,observed,-1.0,13.6,13.55
TAP_A01,20.0,,,727019.03,9684868.63,O,5.1,A,2.28,6.23,20090617-20090708,5.2,A,6.18,20100714-20100805,5.4,A,3.67,6.51,20110712-20110719,M1,6.71,6.23,measured,0.15,observed,-1.0,5.25,6.1
TAP_A01,21.0,,,727009.47,9684867.25,O,12.0,A,5.43,10.43,20090617-20090708,12.2,A,12.75,20100714-20100805,12.1,A,2.93,7.71,20110712-20110719,M1,12.18,10.43,measured,0.05,observed,-1.0,12.05,10.4
TAP_A01,22.0,,,727005.76,9684865.92,O,5.4,A,2.67,4.23,20090617-20090708,5.5,A,3.56,20100714-20100805,5.4,A,1.67,4.03,20110712-20110719,M1,6.71,4.23,measured,0.0,observed,-1.0,5.4,4.23
TAP_A01,23.0,,,727004.9,9684866.34,O,8.0,A,4.93,9.78,20090617-20090708,8.4,A,12.08,20100714-20100805,8.4,A,5.68,6.85,20110712-20110719,M1,9.35,9.78,measured,0.2,observed,-1.0,8.2,9.61
TAP_A01,24.0,,,727003.08,9684866.17,O,5.4,A,5.96,7.5,20090617-20090708,5.5,A,7.8,20100714-20100805,5.5,A,3.87,6.94,20110712-20110719,M1,6.81,7.5,measured,0.05,observed,-1.0,5.45,7.44
TAP_A01,25.0,,,726999.05,9684866.29,O,14.5,A,7.81,8.51,20090617-20090708,14.3,A,8.68,20100714-20100805,14.4,A,5.88,7.22,20110712-20110719,M1,13.76,8.51,measured,0.0,observed,-1.0,14.4,8.51
TAP_A01,26.0,,,726998.1,9684865.71,O,5.8,A,2.84,4.24,20090617-20090708,5.9,A,4.74,20100714-20100805,6.0,A,3.18,5.56,20110712-20110719,M1,7.27,4.24,measured,0.1,observed,-1.0,5.9,4.19
TAP_A01,27.0,,,726986.68,9684865.52,O,5.5,A,4.71,8.05,20090617-20090708,5.7,A,6.6,20100714-20100805,5.9,A,3.14,7.35,20110712-20110719,M1,7.18,8.05,measured,0.2,observed,-1.0,5.7,7.84
TAP_A01,28.0,,,726980.13,9684865.93,O,14.1,D,1.05,6.78,20090617-20090708,12.8,D,7.22,20100714-20100805,12.8,D,,6.69,20110712-20110719,M1,12.67,6.78,measured,0.0,observed,-1.0,12.8,6.78
TAP_A01,29.0,,,726975.2,9684864.86,O,10.2,A,8.67,12.06,20090617-20090708,10.7,A,13.43,20100714-20100805,11.1,A,12.56,13.83,20110712-20110719,M1,11.45,12.06,measured,0.45,observed,-1.0,10.65,11.71
TAP_A01,30.0,,,726969.75,9684865.28,O,6.5,A,4.22,8.22,20090617-20090708,6.4,A,7.14,20100714-20100805,6.5,A,6.18,8.89,20110712-20110719,M1,7.72,8.22,measured,0.0,observed,-1.0,6.5,8.22
TAP_A01,31.0,,,726968.1,9684864.76,O,37.1,D,1.48,23.33,20090617-20090708,36.2,D,4.78,20100714-20100805,,D,,,20110712-20110719,M1,,23.33,measured,0.1,site_median,-1.0,,
TAP_A01,32.0,,,726961.0,9684865.16,O,6.1,A,2.73,7.67,20090617-20090708,6.2,A,7.32,20100714-20100805,6.4,A,3.56,7.72,20110712-20110719,M1,7.64,7.67,measured,0.15,observed,-1.0,6.25,7.53
TAP_A01,33.0,,,726957.72,9684864.62,O,17.9,A,10.92,20.54,20090617-20090708,18.0,A,18.77,20100714-20100805,18.0,A,11.35,14.27,20110712-20110719,M1,16.01,20.54,measured,0.05,observed,-1.0,17.95,20.5
TAP_A01,34.0,,,726954.54,9684871.57,O,67.4,A,33.75,48.77,20090617-20090708,68.0,A,42.64,20100714-20100805,62.0,A,37.58,45.2,20110712-20110719,M1,32.41,48.77,measured,0.0,observed,-1.0,62.0,48.77
TAP_A01,35.0,,,726952.83,9684866.55,O,27.7,A,10.77,14.38,20090617-20090708,27.2,A,14.97,20100714-20100805,27.2,D,,13.89,20110712-20110719,M1,20.86,14.38,measured,0.0,observed,-1.0,27.2,14.38
TAP_A01,36.0,,,726942.99,9684865.91,O,29.2,A,14.94,22.45,20090617-20090708,29.2,A,22.7,20100714-20100805,29.3,A,21.04,24.7,20110712-20110719,M1,21.82,22.45,measured,0.05,observed,-1.0,29.25,22.43
TAP_A01,37.0,,,726936.84,9684864.24,O,6.4,A,7.68,10.77,20090617-20090708,7.0,A,10.32,20100714-20100805,6.6,A,6.83,11.84,20110712-20110719,M1,7.81,10.77,measured,0.1,observed,-1.0,6.5,10.65
TAP_A01,38.0,,,726927.43,9684864.47,O,7.3,A,4.52,9.53,20090617-20090708,7.8,A,14.11,20100714-20100805,8.1,A,11.49,14.28,20110712-20110719,M1,9.1,9.53,measured,0.4,observed,-1.0,7.7,9.18
TAP_A01,39.0,,,726920.94,9684868.29,O,96.6,A,34.58,55.56,20090617-20090708,96.9,A,45.85,20100714-20100805,97.2,A,38.16,45.27,20110712-20110719,M1,38.6,55.56,measured,0.3,observed,-1.0,96.9,55.52
TAP_A01,40.0,,,726920.42,9684866.28,O,19.3,A,18.17,23.26,20090617-20090708,20.0,A,25.76,20100714-20100805,21.0,A,18.83,22.26,20110712-20110719,M1,17.72,23.26,measured,0.85,observed,-1.0,20.15,22.64
TAP_A01,41.0,,,726919.42,9684864.25,O,12.3,A,5.7,16.51,20090617-20090708,12.9,A,16.58,20100714-20100805,13.2,A,9.96,15.3,20110712-20110719,M1,12.95,16.51,measured,0.45,observed,-1.0,12.75,16.11
TAP_A01,42.0,,,726913.31,9684864.58,O,11.3,A,11.83,20.95,20090617-20090708,11.8,A,16.74,20100714-20100805,12.1,A,6.97,11.31,20110712-20110719,M1,12.18,20.95,measured,0.4,observed,-1.0,11.7,20.45
TAP_A01,43.0,,,726889.75,9684862.77,O,6.9,A,9.52,11.03,20090617-20090708,7.7,A,12.29,20100714-20100805,8.1,A,10.57,13.98,20110712-20110719,M1,9.1,11.03,measured,0.6,observed,-1.0,7.5,10.42
TAP_A01,44.0,,,726884.69,9684863.01,O,4.9,A,3.01,6.66,20090617-20090708,5.2,A,6.74,20100714-20100805,5.2,A,4.45,6.92,20110712-20110719,M1,6.52,6.66,measured,0.15,observed,-1.0,5.05,6.52
TAP_A01,45.0,,,726883.43,9684867.93,O,54.0,A,25.34,32.11,20090617-20090708,54.4,A,29.04,20100714-20100805,55.0,A,18.18,26.21,20110712-20110719,M1,30.67,32.11,measured,0.5,observed,-1.0,54.5,31.97
TAP_A01,46.0,,,726882.15,9684862.88,O,6.7,A,10.59,11.94,20090617-20090708,7.0,A,11.42,20100714-20100805,7.0,A,8.19,11.27,20110712-20110719,M1,8.17,11.94,measured,0.15,observed,-1.0,6.85,11.75
TAP_A01,47.0,,,726881.14,9684862.83,O,13.8,A,11.65,18.82,20090617-20090708,15.0,A,16.87,20100714-20100805,16.0,A,13.52,16.74,20110712-20110719,M1,14.79,18.82,measured,1.1,observed,-1.0,14.9,17.92
TAP_A01,48.0,,,726872.98,9684861.91,O,38.7,A,23.29,34.71,20090617-20090708,39.0,A,26.86,20100714-20100805,39.1,A,19.97,22.16,20110712-20110719,M1,25.75,34.71,measured,0.2,observed,-1.0,38.9,34.62
TAP_A01,49.0,,,726852.72,9684861.85,O,17.1,D,1.47,11.19,20090617-20090708,16.8,D,11.45,20100714-20100805,,D,,,20110712-20110719,M1,,11.19,measured,0.1,site_median,-1.0,,
TAP_A01,50.0,,,726845.33,9684865.95,O,68.9,A,36.85,52.5,20090617-20090708,70.4,A,44.52,20100714-20100805,72.0,A,36.72,44.6,20110712-20110719,M1,34.55,52.5,measured,1.55,observed,-1.0,70.45,52.03
TAP_A01,51.0,,,726842.67,9684860.44,O,6.6,A,5.99,12.55,20090617-20090708,6.7,A,11.97,20100714-20100805,6.9,A,5.19,10.17,20110712-20110719,M1,8.08,12.55,measured,0.15,observed,-1.0,6.75,12.35
TAP_A01,52.0,,,726842.19,9684860.44,O,6.4,D,1.26,8.3,20090617-20090708,,D,,20100714-20100805,,D,,,20110712-20110719,M1,,8.3,measured,0.1,site_median,-1.0,,
TAP_A01,53.0,,,726833.64,9684862.38,O,20.5,A,13.39,19.72,20090617-20090708,20.7,A,18.96,20100714-20100805,20.7,A,9.93,19.11,20110712-20110719,M1,17.56,19.72,measured,0.1,observed,-1.0,20.6,19.65
TAP_A01,54.0,,,726828.9,9684865.85,O,106.4,A,23.87,32.1,20090617-20090708,106.0,A,37.04,20100714-20100805,105.5,A,39.82,48.52,20110712-20110719,M1,39.62,32.1,measured,0.0,observed,-1.0,105.5,32.1
TAP_A01,55.0,,,726818.41,9684863.78,O,59.2,A,38.06,47.31,20090617-20090708,58.8,A,41.02,20100714-20100805,59.5,A,38.62,45.66,20110712-20110719,M1,31.81,47.31,measured,0.15,observed,-1.0,59.35,47.27
TAP_A01,56.0,,,726816.01,9684861.26,O,5.4,A,1.85,7.05,20090617-20090708,5.4,A,6.6,20100714-20100805,5.4,A,4.05,6.47,20110712-20110719,M1,6.71,7.05,measured,0.0,observed,-1.0,5.4,7.05
TAP_A01,57.0,,,726814.58,9684860.75,O,8.2,A,4.29,10.73,20090617-20090708,8.5,A,10.92,20100714-20100805,8.8,A,4.25,10.15,20110712-20110719,M1,9.68,10.73,measured,0.3,observed,-1.0,8.5,10.45
TAP_A01,58.0,,,726810.31,9684862.22,O,53.0,A,20.82,28.43,20090617-20090708,53.4,A,33.88,20100714-20100805,54.1,A,28.46,33.5,20110712-20110719,M1,30.43,28.43,measured,0.55,observed,-1.0,53.55,28.29
TAP_A01,59.0,,,726802.69,9684862.67,O,25.0,A,16.6,21.46,20090617-20090708,25.1,A,22.09,20100714-20100805,25.3,A,18.24,22.94,20110712-20110719,M1,19.95,21.46,measured,0.15,observed,-1.0,25.15,21.37
TAP_A01,60.0,,,726775.54,9684859.98,O,10.8,A,6.52,15.97,20090617-20090708,11.1,A,13.15,20100714-20100805,11.1,A,8.19,10.73,20110712-20110719,M1,11.45,15.97,measured,0.15,observed,-1.0,10.95,15.82
TAP_A01,61.0,,,726764.04,9684860.43,O,5.0,A,2.45,6.15,20090617-20090708,5.4,A,6.38,20100714-20100805,6.0,A,2.53,7.35,20110712-20110719,M1,7.27,6.15,measured,0.5,observed,-1.0,5.5,5.76
TAP_A01,62.0,,,726762.97,9684860.44,O,85.8,A,33.77,43.04,20090617-20090708,89.2,A,48.64,20100714-20100805,89.7,A,34.57,43.66,20110712-20110719,M1,37.57,43.04,measured,1.95,observed,-1.0,87.75,42.7
TAP_A01,63.0,,,726760.28,9684860.96,P,4.8,A,2.89,4.2,20090617-20090708,5.0,A,4.46,20100714-20100805,4.9,A,2.48,4.78,20110712-20110719,M1,6.23,4.2,measured,0.05,observed,-1.0,4.85,4.17
TAP_A01,64.0,,,726754.35,9684860.51,P,4.8,A,2.73,4.27,20090617-20090708,5.0,A,3.97,20100714-20100805,4.5,A,2.46,5.26,20110712-20110719,M1,5.84,4.27,measured,0.0,observed,-1.0,4.5,4.27
TAP_A01,65.0,,,726754.35,9684860.51,P,5.1,D,2.79,4.55,20090617-20090708,5.0,D,2.59,20100714-20100805,5.0,D,1.16,1.93,20110712-20110719,M1,6.33,4.55,measured,0.0,observed,-1.0,5.0,4.55
TAP_A01,66.0,,,726753.82,9684862.02,O,20.0,A,4.47,8.77,20090617-20090708,20.0,A,9.33,20100714-20100805,20.0,A,8.84,11.36,20110712-20110719,M1,17.17,8.77,measured,0.0,observed,-1.0,20.0,8.77
TAP_A01,67.0,,,726743.58,9684861.61,O,9.5,A,5.99,8.73,20090617-20090708,9.6,A,9.59,20100714-20100805,9.6,A,8.58,11.06,20110712-20110719,M1,10.31,8.73,measured,0.05,observed,-1.0,9.55,8.7
TAP_A01,68.0,,,726734.96,9684860.69,O,26.4,A,17.58,22.23,20090617-20090708,26.0,A,26.37,20100714-20100805,26.2,A,20.54,24.31,20110712-20110719,M1,20.38,22.23,measured,0.0,observed,-1.0,26.2,22.23
TAP_A01,69.0,,,726729.04,9684861.24,O,43.5,A,35.95,49.35,20090617-20090708,44.2,A,37.78,20100714-20100805,45.0,A,30.22,37.05,20110712-20110719,M1,27.76,49.35,measured,0.75,observed,-1.0,44.25,48.91
TAP_A01,70.0,,,726720.41,9684860.82,L,8.7,A,0.0,0.0,20090617-20090708,,D,,20100714-20100805,,D,,,20110712-20110719,M1,,10.79,local_fit,0.1,site_median,-1.0,,
TAP_A01,71.0,,,726705.45,9684861.83,O,19.3,A,18.24,22.84,20090617-20090708,19.6,A,20.89,20100714-20100805,19.8,A,17.7,20.25,20110712-20110719,M1,17.05,22.84,measured,0.25,observed,-1.0,19.55,22.65
TAP_A01,72.0,,,726700.82,9684861.41,O,17.5,A,18.63,23.56,20090617-20090708,17.8,A,25.23,20100714-20100805,17.8,A,20.29,24.83,20110712-20110719,M1,15.89,23.56,measured,0.15,observed,-1.0,17.65,23.43
TAP_A01,73.0,,,726696.19,9684861.48,O,9.4,D,1.91,4.01,20090617-20090708,,D,,20100714-20100805,,D,,,20110712-20110719,M1,,4.01,measured,0.1,site_median,-1.0,,
TAP_A01,74.0,,,726688.33,9684861.61,O,8.4,A,7.96,12.46,20090617-20090708,8.4,A,14.63,20100714-20100805,8.4,A,9.21,15.27,20110712-20110719,M1,9.35,12.46,measured,0.0,observed,-1.0,8.4,12.46
TAP_A01,75.0,,,726683.24,9684861.7,O,24.4,A,7.5,15.87,20090617-20090708,24.6,A,17.95,20100714-20100805,24.9,A,12.34,21.72,20110712-20110719,M1,19.75,15.87,measured,0.25,observed,-1.0,24.65,15.77
TAP_A01,76.0,,,726677.7,9684861.79,O,19.5,A,8.17,13.93,20090617-20090708,,D,,20100714-20100805,,D,,,20110712-20110719,M1,,13.93,measured,0.1,site_median,-1.0,,
TAP_A01,77.0,,,726676.76,9684861.31,O,20.1,A,11.31,19.17,20090617-20090708,20.0,A,19.17,20100714-20100805,20.0,A,13.13,19.09,20110712-20110719,M1,17.17,19.17,measured,0.0,observed,-1.0,20.0,19.17
TAP_A01,78.0,,,726666.14,9684862.48,O,13.5,A,11.28,15.1,20090617-20090708,14.0,A,16.05,20100714-20100805,,D,,,20110712-20110719,M1,,15.1,measured,0.1,site_median,-1.0,,
TAP_A01,79.0,,,726662.47,9684864.04,O,33.6,A,1.09,12.64,20090617-20090708,33.5,A,10.44,20100714-20100805,33.6,A,9.43,14.38,20110712-20110719,M1,23.65,12.64,measured,0.0,observed,-1.0,33.6,12.64
TAP_A01,80.0,,,726655.96,9684862.15,L,5.7,A,0.0,0.0,20090617-20090708,5.5,A,,20100714-20100805,5.5,A,,,20110712-20110719,M1,6.81,8.59,local_fit,0.0,observed,-1.0,5.5,8.59
TAP_A01,81.0,,,726655.96,9684862.15,L,5.5,A,0.0,0.0,20090617-20090708,5.7,A,,20100714-20100805,6.6,A,,,20110712-20110719,M1,7.81,8.43,local_fit,0.55,observed,-1.0,6.05,7.9
TAP_A01,82.0,,,726655.96,9684862.15,O,15.4,A,12.93,16.01,20090617-20090708,15.3,A,13.03,20100714-20100805,15.4,A,12.65,13.74,20110712-20110719,M1,14.41,16.01,measured,0.0,observed,-1.0,15.4,16.01
TAP_A01,83.0,,,726643.49,9684863.36,O,31.7,D,1.26,10.87,20090617-20090708,31.9,D,12.38,20100714-20100805,31.9,D,1.94,12.22,20110712-20110719,M1,22.95,10.87,measured,0.1,observed,-1.0,31.8,10.85
TAP_A01,84.0,,,726648.08,9684860.78,O,10.5,A,8.05,13.14,20090617-20090708,11.0,A,13.86,20100714-20100805,11.2,A,9.19,13.78,20110712-20110719,M1,11.53,13.14,measured,0.35,observed,-1.0,10.85,12.84
TAP_A01,85.0,,,726653.63,9684861.19,O,7.6,A,5.53,9.16,20090617-20090708,7.7,A,7.28,20100714-20100805,7.8,A,3.15,8.63,20110712-20110719,M1,8.85,9.16,measured,0.1,observed,-1.0,7.7,9.08
TAP_A01,980.0,,,726662.56,9684861.04,O,,,,,20090617-20090708,5.5,A,6.7,20100714-20100805,6.1,A,4.24,6.72,20110712-20110719,M1,7.36,6.7,measured,0.1,site_median,-1.0,6.0,6.62
TAP_A01,86.0,,,726670.73,9684859.91,O,19.3,A,6.29,13.98,20090617-20090708,19.5,A,12.16,20100714-20100805,19.8,A,6.6,12.6,20110712-20110719,M1,17.05,13.98,measured,0.25,observed,-1.0,19.55,13.87
TAP_A01,87.0,,,726670.27,9684860.41,L,7.0,A,1.26,11.93,20090617-20090708,5.5,A,,20100714-20100805,7.1,A,,,20110712-20110719,M1,8.25,11.93,measured,0.05,observed,-1.0,7.05,11.87
TAP_A01,88.0,,,726673.06,9684860.87,O,31.8,A,19.38,26.88,20090617-20090708,32.6,A,22.78,20100714-20100805,33.2,A,16.02,25.15,20110712-20110719,M1,23.48,26.88,measured,0.7,observed,-1.0,32.5,26.56
TAP_A01,89.0,,,726675.38,9684861.33,O,8.4,A,5.12,8.15,20090617-20090708,6.5,A,8.19,20100714-20100805,6.7,A,3.96,8.21,20110712-20110719,M1,7.9,8.15,measured,0.0,observed,-1.0,6.7,8.15
TAP_A01,90.0,,,726681.37,9684860.23,O,17.7,A,10.02,13.98,20090617-20090708,17.4,A,15.55,20100714-20100805,17.6,A,12.53,16.31,20110712-20110719,M1,15.77,13.98,measured,0.0,observed,-1.0,17.6,13.98
TAP_A01,91.0,,,726681.3,9684856.23,O,52.2,A,25.79,30.49,20090617-20090708,53.6,A,36.48,20100714-20100805,53.8,A,31.22,43.51,20110712-20110719,M1,30.35,30.49,measured,0.8,observed,-1.0,53.0,30.27
TAP_A01,92.0,,,726681.2,9684849.73,O,128.0,A,43.64,46.68,20090617-20090708,132.7,A,41.37,20100714-20100805,132.1,A,28.05,44.55,20110712-20110719,M1,42.15,46.68,measured,2.05,observed,-1.0,130.05,46.5
TAP_A01,93.0,,,726684.58,9684858.68,O,60.0,A,25.12,29.49,20090617-20090708,57.8,A,30.08,20100714-20100805,59.9,A,19.35,27.11,20110712-20110719,M1,31.91,29.49,measured,0.0,observed,-1.0,59.9,29.49
TAP_A01,94.0,,,726688.78,9684860.61,O,13.7,A,9.41,12.53,20090617-20090708,14.0,A,25.6,20100714-20100805,14.2,A,17.95,22.51,20110712-20110719,M1,13.62,12.53,measured,0.25,observed,-1.0,13.95,12.38
TAP_A01,981.0,,,726702.28,9684860.68,O,,,,,20090617-20090708,5.6,A,7.74,20100714-20100805,5.6,A,2.02,7.48,20110712-20110719,M1,6.9,7.74,measured,0.1,site_median,-1.0,5.5,7.64
TAP_A01,95.0,,,726704.48,9684859.34,O,23.7,A,26.46,27.37,20090617-20090708,23.7,A,28.46,20100714-20100805,23.7,A,28.51,34.84,20110712-20110719,M1,19.15,27.37,measured,0.0,observed,-1.0,23.7,27.37
TAP_A01,96.0,,,726709.58,9684860.26,O,45.2,D,1.05,18.93,20090617-20090708,45.2,D,23.16,20100714-20100805,45.2,D,,18.64,20110712-20110719,M1,27.82,18.93,measured,0.0,observed,-1.0,45.2,18.93
TAP_A01,97.0,,,726710.04,9684859.75,L,12.8,A,15.3,19.84,20090617-20090708,13.2,A,,20100714-20100805,13.8,A,,,20110712-20110719,M1,13.36,19.84,measured,0.5,observed,-1.0,13.3,19.34
TAP_A01,98.0,,,726711.89,9684859.72,O,10.2,A,10.37,14.24,20090617-20090708,10.4,A,16.05,20100714-20100805,10.6,A,10.43,17.59,20110712-20110719,M1,11.08,14.24,measured,0.2,observed,-1.0,10.4,14.05
TAP_A01,99.0,,,726718.77,9684857.83,O,61.6,A,20.91,23.82,20090617-20090708,61.3,A,31.56,20100714-20100805,62.3,A,27.1,30.95,20110712-20110719,M1,32.48,23.82,measured,0.35,observed,-1.0,61.95,23.76
TAP_A01,100.0,,,726718.77,9684857.33,O,57.7,D,1.0,5.43,20090617-20090708,58.5,D,4.64,20100714-20100805,58.5,D,,5.22,20110712-20110719,M1,31.57,5.43,measured,0.4,observed,-1.0,58.1,5.41
TAP_A01,101.0,,,726741.42,9684860.13,O,14.0,A,4.72,12.85,20090617-20090708,14.3,A,13.41,20100714-20100805,14.3,A,4.96,9.62,20110712-20110719,M1,13.69,12.85,measured,0.15,observed,-1.0,14.15,12.76
TAP_A01,102.0,,,726744.65,9684860.1,O,21.2,D,1.41,2.97,20090617-20090708,21.6,D,2.99,20100714-20100805,21.6,D,,2.36,20110712-20110719,M1,18.05,2.97,measured,0.2,observed,-1.0,21.4,2.95
TAP_A01,103.0,,,726749.49,9684859.56,O,4.5,A,1.42,4.62,20090617-20090708,5.0,A,7.48,20100714-20100805,4.9,A,4.36,6.25,20110712-20110719,M1,6.23,4.62,measured,0.2,observed,-1.0,4.7,4.48
TAP_A01,104.0,,,726773.61,9684856.97,O,33.6,A,12.57,21.11,20090617-20090708,33.7,A,21.91,20100714-20100805,33.9,A,14.83,20.46,20110712-20110719,M1,23.77,21.11,measured,0.15,observed,-1.0,33.75,21.06
TAP_A01,105.0,,,726779.82,9684859.51,O,37.7,A,16.06,20.78,20090617-20090708,37.7,A,17.73,20100714-20100805,37.7,A,10.12,24.31,20110712-20110719,M1,25.24,20.78,measured,0.0,observed,-1.0,37.7,20.78
TAP_A01,106.0,,,726791.72,9684859.59,O,7.6,A,4.67,9.25,20090617-20090708,7.8,A,8.93,20100714-20100805,7.6,A,5.75,7.25,20110712-20110719,M1,8.68,9.25,measured,0.0,observed,-1.0,7.6,9.25
TAP_A01,107.0,,,726792.2,9684859.09,O,19.2,A,8.05,15.72,20090617-20090708,19.5,A,18.17,20100714-20100805,19.9,A,12.08,16.41,20110712-20110719,M1,17.11,15.72,measured,0.35,observed,-1.0,19.55,15.54
TAP_A01,108.0,,,726792.67,9684859.1,O,23.8,A,16.09,23.85,20090617-20090708,24.0,A,22.06,20100714-20100805,24.2,A,12.32,23.06,20110712-20110719,M1,19.4,23.85,measured,0.2,observed,-1.0,24.0,23.73
TAP_A01,109.0,,,726803.14,9684857.67,O,125.1,A,41.4,50.79,20090617-20090708,109.2,A,48.12,20100714-20100805,107.8,A,41.13,45.51,20110712-20110719,M1,39.88,50.79,measured,0.0,observed,-1.0,107.8,50.79
TAP_A01,110.0,,,726822.67,9684860.3,O,5.7,A,3.29,7.3,20090617-20090708,5.9,A,7.22,20100714-20100805,5.9,A,2.43,7.25,20110712-20110719,M1,7.18,7.3,measured,0.1,observed,-1.0,5.8,7.21
TAP_A01,111.0,,,726826.0,9684859.33,O,41.3,A,11.37,22.68,20090617-20090708,41.4,A,20.9,20100714-20100805,41.8,A,15.56,31.57,20110712-20110719,M1,26.7,22.68,measured,0.25,observed,-1.0,41.55,22.6
TAP_A01,112.0,,,726832.19,9684859.37,O,44.0,D,1.41,6.07,20090617-20090708,44.6,D,6.48,20100714-20100805,44.6,D,,6.0,20110712-20110719,M1,27.63,6.07,measured,0.3,observed,-1.0,44.3,6.05
TAP_A01,113.0,,,726837.91,9684859.91,O,17.5,D,1.24,3.45,20090617-20090708,,D,,20100714-20100805,,D,,,20110712-20110719,M1,,3.45,measured,0.1,site_median,-1.0,,
TAP_A01,114.0,,,726839.8,9684858.92,O,20.3,A,15.23,21.13,20090617-20090708,20.4,A,19.9,20100714-20100805,20.4,A,12.74,19.36,20110712-20110719,M1,17.39,21.13,measured,0.05,observed,-1.0,20.35,21.09
TAP_A01,115.0,,,726844.95,9684858.46,O,21.0,A,10.32,17.91,20090617-20090708,21.6,A,21.27,20100714-20100805,21.9,A,12.36,13.91,20110712-20110719,M1,18.21,17.91,measured,0.45,observed,-1.0,21.45,17.67
TAP_A01,116.0,,,726850.64,9684860.75,O,5.2,A,3.51,7.77,20090617-20090708,5.6,A,7.8,20100714-20100805,5.9,A,3.81,7.21,20110712-20110719,M1,7.18,7.77,measured,0.35,observed,-1.0,5.55,7.41
TAP_A01,117.0,,,726876.49,9684861.09,O,15.2,A,5.01,10.18,20090617-20090708,15.3,A,10.51,20100714-20100805,15.5,A,2.27,10.24,20110712-20110719,M1,14.47,10.18,measured,0.15,observed,-1.0,15.35,10.12
TAP_A01,118.0,,,726883.62,9684861.96,O,9.7,A,9.66,11.99,20090617-20090708,9.6,D,7.29,20100714-20100805,9.6,D,,6.95,20110712-20110719,M1,10.31,11.99,measured,0.0,observed,-1.0,9.6,11.99
TAP_A01,119.0,,,726894.75,9684861.54,O,17.5,A,4.33,5.75,20090617-20090708,17.6,A,10.79,20100714-20100805,18.1,A,3.52,9.75,20110712-20110719,M1,16.07,5.75,measured,0.3,observed,-1.0,17.8,5.69
TAP_A01,120.0,,,726901.97,9684863.26,O,11.3,A,7.36,9.27,20090617-20090708,11.4,A,9.72,20100714-20100805,11.4,A,5.83,9.58,20110712-20110719,M1,11.67,9.27,measured,0.05,observed,-1.0,11.35,9.25
TAP_A01,121.0,,,726908.08,9684862.93,O,8.5,A,3.27,11.36,20090617-20090708,8.7,A,10.39,20100714-20100805,8.9,A,4.73,11.08,20110712-20110719,M1,9.76,11.36,measured,0.2,observed,-1.0,8.7,11.17
TAP_A01,122.0,,,726912.79,9684863.07,O,8.9,A,17.2,20.77,20090617-20090708,9.6,A,16.11,20100714-20100805,9.5,A,13.87,17.41,20110712-20110719,M1,10.23,20.77,measured,0.3,observed,-1.0,9.2,20.3
TAP_A01,123.0,,,726921.26,9684862.8,P,5.8,A,3.09,5.73,20090617-20090708,6.0,A,5.04,20100714-20100805,6.0,A,3.45,5.63,20110712-20110719,M1,7.27,5.73,measured,0.1,observed,-1.0,5.9,5.66
TAP_A01,124.0,,,726923.15,9684862.86,O,14.4,A,9.29,14.73,20090617-20090708,14.8,A,17.12,20100714-20100805,15.0,A,13.1,15.01,20110712-20110719,M1,14.15,14.73,measured,0.3,observed,-1.0,14.7,14.52
TAP_A01,125.0,,,726925.99,9684863.43,O,50.2,A,26.41,33.72,20090617-20090708,50.1,A,35.07,20100714-20100805,50.1,D,,36.66,20110712-20110719,M1,29.31,33.72,measured,0.0,observed,-1.0,50.1,33.72
TAP_A01,126.0,,,726934.0,9684863.66,O,5.5,A,4.75,8.49,20090617-20090708,5.7,A,10.09,20100714-20100805,5.8,A,4.72,12.13,20110712-20110719,M1,7.09,8.49,measured,0.15,observed,-1.0,5.65,8.32
TAP_A01,127.0,,,726934.02,9684864.16,O,12.1,A,10.67,14.69,20090617-20090708,12.8,A,17.7,20100714-20100805,12.9,A,11.45,14.77,20110712-20110719,M1,12.74,14.69,measured,0.4,observed,-1.0,12.5,14.37
TAP_A01,128.0,,,726937.76,9684863.27,O,18.2,A,13.16,16.88,20090617-20090708,18.4,A,13.78,20100714-20100805,18.7,A,11.27,13.03,20110712-20110719,M1,16.42,16.88,measured,0.25,observed,-1.0,18.45,16.74
TAP_A01,129.0,,,726941.53,9684863.37,O,95.6,D,2.47,29.5,20090617-20090708,94.8,D,26.64,20100714-20100805,94.8,D,,27.9,20110712-20110719,M1,38.29,29.5,measured,0.0,observed,-1.0,94.8,29.5
TAP_A01,130.0,,,726943.52,9684864.42,O,5.4,A,4.69,6.71,20090617-20090708,5.5,A,5.63,20100714-20100805,5.5,A,3.43,4.62,20110712-20110719,M1,6.81,6.71,measured,0.05,observed,-1.0,5.45,6.66
TAP_A01,131.0,,,726948.41,9684862.49,O,41.5,A,14.75,23.52,20090617-20090708,41.7,A,27.16,20100714-20100805,41.8,A,27.68,32.68,20110712-20110719,M1,26.7,23.52,measured,0.15,observed,-1.0,41.65,23.48
TAP_A01,132.0,,,726951.15,9684863.52,O,16.8,A,11.5,14.12,20090617-20090708,17.0,A,16.74,20100714-20100805,17.6,A,12.65,17.31,20110712-20110719,M1,15.77,14.12,measured,0.4,observed,-1.0,17.2,13.91
TAP_A01,133.0,,,726961.52,9684863.17,O,13.0,A,8.07,12.01,20090617-20090708,13.4,A,20.09,20100714-20100805,13.6,A,10.42,15.08,20110712-20110719,M1,13.22,12.01,measured,0.3,observed,-1.0,13.3,11.83
TAP_A01,134.0,,,726970.29,9684864.79,O,5.4,A,6.11,7.34,20090617-20090708,5.8,A,8.18,20100714-20100805,5.8,A,5.84,8.57,20110712-20110719,M1,7.09,7.34,measured,0.2,observed,-1.0,5.6,7.14
TAP_A01,135.0,,,726975.74,9684864.37,O,19.2,A,10.56,12.6,20090617-20090708,19.2,A,14.04,20100714-20100805,19.1,A,13.13,15.88,20110712-20110719,M1,16.65,12.6,measured,0.0,observed,-1.0,19.1,12.6
TAP_A01,136.0,,,726980.66,9684864.93,O,9.3,A,1.61,7.03,20090617-20090708,9.8,A,7.98,20100714-20100805,9.3,A,5.51,8.66,20110712-20110719,M1,10.08,7.03,measured,0.0,observed,-1.0,9.3,7.03
TAP_A01,137.0,,,726982.78,9684859.97,O,72.5,A,33.88,38.74,20090617-20090708,72.7,A,31.63,20100714-20100805,72.7,A,27.41,33.52,20110712-20110719,M1,34.69,38.74,measured,0.1,observed,-1.0,72.6,38.72
TAP_A01,138.0,,,726982.84,9684864.46,O,7.1,A,5.66,5.96,20090617-20090708,7.1,A,7.09,20100714-20100805,7.3,A,5.09,8.54,20110712-20110719,M1,8.43,5.96,measured,0.1,observed,-1.0,7.2,5.9
TAP_A01,139.0,,,726994.32,9684865.12,O,15.1,D,1.39,6.79,20090617-20090708,14.9,D,5.51,20100714-20100805,14.9,D,,5.35,20110712-20110719,M1,14.08,6.79,measured,0.0,observed,-1.0,14.9,6.79
TAP_A01,140.0,,,727000.27,9684864.92,O,7.8,A,4.49,7.24,20090617-20090708,7.9,A,5.58,20100714-20100805,7.9,A,5.1,6.67,20110712-20110719,M1,8.94,7.24,measured,0.05,observed,-1.0,7.85,7.2
TAP_A01,141.0,,,727003.44,9684865.22,O,5.8,A,4.08,8.72,20090617-20090708,6.0,A,7.83,20100714-20100805,6.1,A,4.57,7.63,20110712-20110719,M1,7.36,8.72,measured,0.15,observed,-1.0,5.95,8.57
TAP_A01,142.0,,,727005.57,9684863.93,O,16.0,A,8.47,10.88,20090617-20090708,16.4,A,8.42,20100714-20100805,16.5,A,12.31,15.79,20110712-20110719,M1,15.1,10.88,measured,0.25,observed,-1.0,16.25,10.77
TAP_A01,143.0,,,727007.52,9684865.59,O,13.2,A,5.38,13.91,20090617-20090708,13.2,A,11.27,20100714-20100805,13.7,A,7.55,9.04,20110712-20110719,M1,13.29,13.91,measured,0.25,observed,-1.0,13.45,13.73
TAP_A01,144.0,,,727009.38,9684866.26,O,7.1,A,5.93,8.41,20090617-20090708,7.1,A,3.24,20100714-20100805,7.8,A,0.51,3.89,20110712-20110719,M1,8.85,8.41,measured,0.35,observed,-1.0,7.45,8.13
TAP_A01,145.0,,,727026.6,9684867.85,L,5.1,A,7.51,8.05,20090617-20090708,,D,,20100714-20100805,,D,,,20110712-20110719,M1,,8.05,measured,0.1,site_median,-1.0,,
TAP_A01,146.0,,,727027.46,9684867.43,O,44.6,A,31.98,37.93,20090617-20090708,44.8,A,22.11,20100714-20100805,44.9,A,19.67,23.85,20110712-20110719,M1,27.72,37.93,measured,0.15,observed,-1.0,44.75,37.88
TAP_A01,147.0,,,727027.46,9684867.43,L,5.4,A,8.76,9.63,20090617-20090708,,D,,20100714-20100805,,D,,,20110712-20110719,M1,,9.63,measured,0.1,site_median,-1.0,,
TAP_A01,148.0,,,727027.91,9684867.47,L,5.1,A,8.82,10.26,20090617-20090708,,D,,20100714-20100805,,D,,,20110712-20110719,M1,,10.26,measured,0.1,site_median,-1.0,,
TAP_A01,149.0,,,727047.94,9684868.07,O,10.7,A,4.67,8.25,20090617-20090708,10.9,A,7.23,20100714-20100805,10.9,A,5.11,7.22,20110712-20110719,M1,11.3,8.25,measured,0.1,observed,-1.0,10.8,8.2
TAP_A01,150.0,,,727052.5,9684868.77,O,10.0,A,4.62,8.12,20090617-20090708,10.2,A,11.07,20100714-20100805,10.5,A,6.19,10.97,20110712-20110719,M1,11.0,8.12,measured,0.25,observed,-1.0,10.25,7.98
TAP_A01,151.0,,,727058.19,9684869.52,L,10.0,A,1.16,15.93,20090617-20090708,,D,,20100714-20100805,,D,,,20110712-20110719,M1,,15.93,measured,0.1,site_median,-1.0,,
TAP_A01,152.0,,,727058.08,9684867.02,O,48.9,A,17.49,20.53,20090617-20090708,49.2,A,14.51,20100714-20100805,48.7,A,14.0,17.74,20110712-20110719,M1,28.9,20.53,measured,0.0,observed,-1.0,48.7,20.53
TAP_A01,153.0,,,727065.55,9684869.84,O,16.5,A,10.43,16.01,20090617-20090708,16.3,A,11.2,20100714-20100805,16.2,A,9.02,11.17,20110712-20110719,M1,14.91,16.01,measured,0.0,observed,-1.0,16.2,16.01
TAP_A01,154.0,,,727067.49,9684862.44,O,89.4,D,0.56,6.38,20090617-20090708,89.2,D,14.64,20100714-20100805,89.2,D,,14.39,20110712-20110719,M1,37.49,6.38,measured,0.0,observed,-1.0,89.2,6.38
TAP_A01,155.0,,,727071.2,9684869.59,O,12.5,A,9.6,13.06,20090617-20090708,13.0,A,15.89,20100714-20100805,13.2,A,9.54,17.29,20110712-20110719,M1,12.95,13.06,measured,0.35,observed,-1.0,12.85,12.82
TAP_A01,156.0,,,727075.1,9684868.26,O,43.7,A,15.05,18.95,20090617-20090708,43.9,D,18.29,20100714-20100805,43.9,D,,16.86,20110712-20110719,M1,27.4,18.95,measured,0.1,observed,-1.0,43.8,18.93
TAP_A01,157.0,,,727077.97,9684869.38,O,11.5,A,4.04,7.84,20090617-20090708,13.0,A,6.15,20100714-20100805,14.9,A,3.91,5.21,20110712-20110719,M1,14.08,7.84,measured,1.7,observed,-1.0,13.2,7.21
TAP_A01,158.0,,,727084.27,9684871.15,O,7.3,A,3.62,7.75,20090617-20090708,7.3,A,6.41,20100714-20100805,7.3,D,0.68,4.45,20110712-20110719,M1,8.43,7.75,measured,0.0,observed,-1.0,7.3,7.75
TAP_A01,159.0,,,727089.33,9684870.38,O,9.8,A,4.31,5.42,20090617-20090708,9.9,A,4.58,20100714-20100805,9.9,A,2.28,3.28,20110712-20110719,M1,10.55,5.42,measured,0.05,observed,-1.0,9.85,5.4
TAP_A01,160.0,,,727103.17,9684867.37,O,63.3,A,16.54,22.0,20090617-20090708,62.9,A,21.0,20100714-20100805,63.9,A,17.87,21.44,20110712-20110719,M1,32.85,22.0,measured,0.3,observed,-1.0,63.6,21.95
TAP_A01,161.0,,,727108.85,9684872.46,O,9.6,A,8.87,11.89,20090617-20090708,9.7,A,12.12,20100714-20100805,9.8,A,10.34,12.3,20110712-20110719,M1,10.47,11.89,measured,0.1,observed,-1.0,9.7,11.8
TAP_A01,162.0,,,727113.05,9684872.97,O,19.9,A,14.1,17.17,20090617-20090708,19.9,A,20.19,20100714-20100805,19.9,A,15.16,20.52,20110712-20110719,M1,17.11,17.17,measured,0.0,observed,-1.0,19.9,17.17
TAP_A01,163.0,,,727112.99,9684872.47,O,24.7,D,1.57,10.17,20090617-20090708,24.9,D,9.72,20100714-20100805,24.9,D,,8.2,20110712-20110719,M1,19.75,10.17,measured,0.1,observed,-1.0,24.8,10.14
TAP_A01,164.0,,,727114.98,9684873.69,O,12.8,A,9.04,13.66,20090617-20090708,12.8,A,16.19,20100714-20100805,12.7,A,5.54,14.17,20110712-20110719,M1,12.6,13.66,measured,0.0,observed,-1.0,12.7,13.66
TAP_A01,165.0,,,727118.13,9684873.09,O,9.0,A,7.13,10.23,20090617-20090708,9.1,A,10.68,20100714-20100805,9.3,A,5.03,11.3,20110712-20110719,M1,10.08,10.23,measured,0.15,observed,-1.0,9.15,10.11
TAP_A01,166.0,,,727121.05,9684874.42,O,13.0,A,13.81,19.57,20090617-20090708,14.2,A,22.16,20100714-20100805,14.9,A,13.91,15.49,20110712-20110719,M1,14.08,19.57,measured,0.95,observed,-1.0,13.95,18.71
TAP_A01,167.0,,,727123.38,9684874.71,O,7.0,A,5.97,9.55,20090617-20090708,7.1,A,8.45,20100714-20100805,7.0,A,5.47,9.55,20110712-20110719,M1,8.17,9.55,measured,0.0,observed,-1.0,7.0,9.55
TAP_A01,168.0,,,727125.19,9684874.44,O,5.5,A,10.37,11.39,20090617-20090708,5.5,A,11.4,20100714-20100805,5.5,A,6.81,11.26,20110712-20110719,M1,6.81,11.39,measured,0.0,observed,-1.0,5.5,11.39
TAP_A01,982.0,,,727128.26,9684873.93,P,,,,,20090617-20090708,19.7,A,8.07,20100714-20100805,20.0,A,2.24,4.53,20110712-20110719,M1,17.17,8.07,measured,0.1,site_median,-1.0,19.9,8.04
TAP_A01,169.0,,,727129.92,9684875.5,O,11.3,A,9.93,12.78,20090617-20090708,11.0,A,12.13,20100714-20100805,12.1,A,9.29,11.73,20110712-20110719,M1,12.18,12.78,measured,0.4,observed,-1.0,11.7,12.48
TAP_A01,170.0,,,727129.86,9684875.0,O,23.0,A,17.09,20.16,20090617-20090708,23.1,A,14.33,20100714-20100805,23.1,D,,16.3,20110712-20110719,M1,18.84,20.16,measured,0.05,observed,-1.0,23.05,20.13
TAP_A01,171.0,,,727139.26,9684876.63,O,11.0,A,5.13,8.58,20090617-20090708,11.1,A,9.82,20100714-20100805,11.3,A,7.62,10.23,20110712-20110719,M1,11.6,8.58,measured,0.15,observed,-1.0,11.15,8.5
TAP_A01,172.0,,,727138.43,9684873.6,O,29.0,A,21.29,26.86,20090617-20090708,29.5,A,28.12,20100714-20100805,29.5,A,24.18,28.46,20110712-20110719,M1,21.91,26.86,measured,0.25,observed,-1.0,29.25,26.73
TAP_A01,173.0,,,727144.39,9684877.25,L,5.2,A,1.07,2.37,20090617-20090708,5.2,A,,20100714-20100805,5.2,A,,,20110712-20110719,M1,6.52,2.37,measured,0.0,observed,-1.0,5.2,2.37
TAP_A01,174.0,,,727144.86,9684877.31,O,12.9,A,8.83,11.4,20090617-20090708,13.1,A,12.89,20100714-20100805,13.0,A,6.08,10.85,20110712-20110719,M1,12.81,11.4,measured,0.05,observed,-1.0,12.95,11.37
TAP_A01,992.0,,,727140.84,9684876.82,O,,,,,20090617-20090708,,A,,20100714-20100805,64.0,A,1.46,5.36,20110712-20110719,M1,32.87,5.36,measured,0.1,site_median,-1.0,63.9,5.36
TAP_A01,993.0,,,727108.97,9684873.5,O,,,,,20090617-20090708,,A,,20100714-20100805,5.7,A,4.89,8.84,20110712-20110719,M1,6.99,8.84,measured,0.1,site_median,-1.0,5.6,8.73
TAP_A01,994.0,,,727068.98,9684870.69,O,,,,,20090617-20090708,,A,,20100714-20100805,5.0,A,2.06,5.0,20110712-20110719,M1,6.33,5.0,measured,0.1,site_median,-1.0,4.9,4.92
TAP_A01,175.0,,,726968.42,9684524.52,O,23.2,D,1.73,10.25,20090617-20090708,22.7,D,11.06,20100714-20100805,22.7,D,,4.34,20110712-20110719,M2,18.63,10.25,measured,0.0,observed,-1.0,22.7,10.25
TAP_A01,176.0,,,726949.24,9684523.97,O,11.2,A,3.64,3.64,20090617-20090708,11.2,A,5.61,20100714-20100805,11.7,A,4.6,5.99,20110712-20110719,M2,11.89,3.64,measured,0.25,observed,-1.0,11.45,3.58
TAP_A01,177.0,,,726943.83,9684524.46,O,6.0,A,1.7,2.76,20090617-20090708,6.2,A,3.81,20100714-20100805,6.1,A,1.06,3.76,20110712-20110719,M2,7.36,2.76,measured,0.05,observed,-1.0,6.05,2.74
TAP_A01,178.0,,,726938.42,9684524.94,O,33.5,A,9.41,12.11,20090617-20090708,34.1,A,22.62,20100714-20100805,34.2,A,16.5,17.62,20110712-20110719,M2,23.89,12.11,measured,0.35,observed,-1.0,33.85,12.04
TAP_A01,179.0,,,726933.5,9684523.43,O,7.8,A,4.38,8.46,20090617-20090708,7.8,A,8.35,20100714-20100805,7.8,A,5.78,8.24,20110712-20110719,M2,8.85,8.46,measured,0.0,observed,-1.0,7.8,8.46
TAP_A01,180.0,,,726933.5,9684523.93,O,13.1,A,4.95,9.6,20090617-20090708,12.8,D,8.02,20100714-20100805,12.8,D,,6.55,20110712-20110719,M2,12.67,9.6,measured,0.0,observed,-1.0,12.8,9.6
TAP_A01,181.0,,,726931.04,9684523.93,O,11.1,A,6.05,11.06,20090617-20090708,11.5,A,10.83,20100714-20100805,11.5,A,5.36,7.88,20110712-20110719,M2,11.75,11.06,measured,0.2,observed,-1.0,11.3,10.92
TAP_A01,182.0,,,726931.04,9684523.93,O,10.5,A,6.22,10.14,20090617-20090708,10.8,A,8.33,20100714-20100805,10.9,A,6.04,8.69,20110712-20110719,M2,11.3,10.14,measured,0.2,observed,-1.0,10.7,10.01
TAP_A01,183.0,,,726929.07,9684523.42,O,17.6,A,8.33,12.11,20090617-20090708,18.6,A,19.34,20100714-20100805,19.1,A,12.04,15.16,20110712-20110719,M2,16.65,12.11,measured,0.75,observed,-1.0,18.35,11.8
TAP_A01,184.0,,,726924.16,9684523.41,O,17.3,A,7.13,16.03,20090617-20090708,18.1,A,15.28,20100714-20100805,18.8,A,15.4,17.89,20110712-20110719,M2,16.48,16.03,measured,0.75,observed,-1.0,18.05,15.6
TAP_A01,185.0,,,726917.28,9684525.89,O,14.4,A,1.54,6.1,20090617-20090708,13.8,A,4.47,20100714-20100805,13.8,D,,,20110712-20110719,M2,13.36,6.1,measured,0.0,observed,-1.0,13.8,6.1
TAP_A01,186.0,,,726906.45,9684523.37,O,8.0,A,4.15,9.29,20090617-20090708,7.2,A,9.23,20100714-20100805,7.3,A,6.92,10.19,20110712-20110719,M2,8.43,9.29,measured,0.0,observed,-1.0,7.3,9.29
TAP_A01,187.0,,,726898.09,9684523.85,O,8.1,A,4.09,13.32,20090617-20090708,8.2,A,10.42,20100714-20100805,8.2,A,9.18,11.21,20110712-20110719,M2,9.19,13.32,measured,0.05,observed,-1.0,8.15,13.26
TAP_A01,188.0,,,726897.11,9684524.84,O,70.5,A,35.14,38.76,20090617-20090708,70.7,A,42.19,20100714-20100805,70.7,A,37.34,44.63,20110712-20110719,M2,34.29,38.76,measured,0.1,observed,-1.0,70.6,38.74
TAP_A01,189.0,,,726891.71,9684527.33,O,84.4,A,18.43,23.26,20090617-20090708,84.3,A,22.47,20100714-20100805,84.5,A,13.98,25.68,20110712-20110719,M2,36.77,23.26,measured,0.05,observed,-1.0,84.45,23.25
TAP_A01,190.0,,,726887.78,9684527.32,O,69.4,A,21.34,25.98,20090617-20090708,69.4,A,28.98,20100714-20100805,70.0,A,29.6,32.76,20110712-20110719,M2,34.15,25.98,measured,0.3,observed,-1.0,69.7,25.93
TAP_A01,191.0,,,726884.82,9684522.81,O,11.0,A,7.24,11.97,20090617-20090708,11.2,A,12.11,20100714-20100805,11.4,A,6.6,10.92,20110712-20110719,M2,11.67,11.97,measured,0.2,observed,-1.0,11.2,11.83
TAP_A01,192.0,,,726882.36,9684524.81,O,49.7,A,33.07,45.01,20090617-20090708,50.0,A,36.4,20100714-20100805,50.5,A,28.0,35.44,20110712-20110719,M2,29.43,45.01,measured,0.4,observed,-1.0,50.1,44.83
TAP_A01,193.0,,,726873.96,9684522.83,O,8.8,A,8.67,11.06,20090617-20090708,9.3,A,12.18,20100714-20100805,9.4,A,8.25,11.56,20110712-20110719,M2,10.16,11.06,measured,0.3,observed,-1.0,9.1,10.8
TAP_A01,194.0,,,726860.25,9684525.39,O,22.8,A,19.14,21.82,20090617-20090708,23.0,A,18.99,20100714-20100805,23.1,A,25.06,30.42,20110712-20110719,M2,18.84,21.82,measured,0.15,observed,-1.0,22.95,21.73
TAP_A01,195.0,,,726850.02,9684525.3,O,11.4,A,9.69,17.26,20090617-20090708,11.3,A,15.09,20100714-20100805,11.5,A,11.17,15.88,20110712-20110719,M2,11.75,17.26,measured,0.05,observed,-1.0,11.45,17.2
TAP_A01,196.0,,,726837.23,9684525.31,O,15.7,A,1.76,7.17,20090617-20090708,15.6,A,7.34,20100714-20100805,15.5,A,3.86,7.34,20110712-20110719,M2,14.47,7.17,measured,0.0,observed,-1.0,15.5,7.17
TAP_A01,197.0,,,726830.69,9684528.08,O,91.9,A,36.95,45.59,20090617-20090708,91.4,A,44.22,20100714-20100805,91.4,A,34.51,47.29,20110712-20110719,M2,37.81,45.59,measured,0.0,observed,-1.0,91.4,45.59
TAP_A01,198.0,,,726828.04,9684525.68,P,21.3,A,18.29,26.1,20090617-20090708,21.5,A,27.15,20100714-20100805,21.9,A,17.98,22.5,20110712-20110719,M2,18.21,26.1,measured,0.3,observed,-1.0,21.6,25.87
TAP_A01,199.0,,,726819.39,9684527.03,O,24.1,A,18.64,24.2,20090617-20090708,24.0,A,23.87,20100714-20100805,24.0,D,,4.87,20110712-20110719,M2,19.3,24.2,measured,0.0,observed,-1.0,24.0,24.2
TAP_A01,200.0,,,726815.31,9684527.2,O,99.4,A,35.02,47.24,20090617-20090708,101.9,A,44.1,20100714-20100805,105.1,A,41.25,53.96,20110712-20110719,M2,39.58,47.24,measured,2.85,observed,-1.0,102.25,46.83
TAP_A01,201.0,,,726789.57,9684528.0,O,47.4,A,20.59,31.59,20090617-20090708,48.3,A,32.31,20100714-20100805,49.3,A,28.09,35.48,20110712-20110719,M2,29.08,31.59,measured,0.95,observed,-1.0,48.35,31.27
TAP_A01,202.0,,,726768.09,9684527.82,O,12.6,A,8.26,14.55,20090617-20090708,12.7,A,12.55,20100714-20100805,12.7,A,9.0,11.58,20110712-20110719,M2,12.6,14.55,measured,0.05,observed,-1.0,12.65,14.52
TAP_A01,203.0,,,726753.25,9684530.08,O,16.9,A,14.05,20.67,20090617-20090708,17.1,A,25.52,20100714-20100805,17.0,A,16.27,18.74,20110712-20110719,M2,15.41,20.67,measured,0.05,observed,-1.0,16.95,20.63
TAP_A01,204.0,,,726753.16,9684529.08,L,6.3,A,16.5,22.84,20090617-20090708,6.4,A,,20100714-20100805,6.9,A,,,20110712-20110719,M2,8.08,22.84,measured,0.3,observed,-1.0,6.6,22.08
TAP_A01,205.0,,,726753.16,9684529.08,L,5.5,A,16.5,22.84,20090617-20090708,5.6,A,,20100714-20100805,5.6,A,,,20110712-20110719,M2,6.9,22.84,measured,0.05,observed,-1.0,5.55,22.67
TAP_A01,206.0,,,726753.2,9684529.58,L,9.6,A,16.5,22.84,20090617-20090708,9.8,A,,20100714-20100805,9.8,A,,,20110712-20110719,M2,10.47,22.84,measured,0.1,observed,-1.0,9.7,22.67
TAP_A01,207.0,,,726746.72,9684529.13,O,13.5,A,8.48,11.45,20090617-20090708,13.7,A,11.11,20100714-20100805,13.9,A,10.34,12.01,20110712-20110719,M2,13.42,11.45,measured,0.2,observed,-1.0,13.7,11.34
TAP_A01,208.0,,,726741.93,9684529.54,O,24.0,A,1.82,12.48,20090617-20090708,24.0,A,12.82,20100714-20100805,24.0,A,12.76,14.1,20110712-20110719,M2,19.3,12.48,measured,0.0,observed,-1.0,24.0,12.48
TAP_A01,209.0,,,726741.39,9684529.58,O,15.2,A,17.23,19.1,20090617-20090708,15.5,A,20.28,20100714-20100805,15.5,A,18.06,20.69,20110712-20110719,M2,14.47,19.1,measured,0.15,observed,-1.0,15.35,18.98
TAP_A01,210.0,,,726735.04,9684530.62,O,6.8,A,1.84,2.67,20090617-20090708,6.8,A,2.94,20100714-20100805,7.0,A,1.83,2.97,20110712-20110719,M2,8.17,2.67,measured,0.1,observed,-1.0,6.9,2.64
TAP_A01,211.0,,,726729.84,9684532.57,O,34.7,A,15.63,20.38,20090617-20090708,35.2,A,33.59,20100714-20100805,35.5,A,32.06,35.34,20110712-20110719,M2,24.4,20.38,measured,0.4,observed,-1.0,35.1,20.25
TAP_A01,212.0,,,726726.02,9684531.89,O,11.0,A,11.11,13.34,20090617-20090708,10.8,A,15.33,20100714-20100805,11.1,A,12.31,15.11,20110712-20110719,M2,11.45,13.34,measured,0.05,observed,-1.0,11.05,13.29
TAP_A01,213.0,,,726716.74,9684531.9,P,5.7,A,2.48,4.96,20090617-20090708,5.8,A,1.85,20100714-20100805,5.8,D,,1.8,20110712-20110719,M2,7.09,4.96,measured,0.05,observed,-1.0,5.75,4.93
TAP_A01,214.0,,,726710.17,9684531.8,O,12.6,A,7.24,14.21,20090617-20090708,13.0,A,15.33,20100714-20100805,12.7,A,7.88,15.21,20110712-20110719,M2,12.6,14.21,measured,0.05,observed,-1.0,12.65,14.18
TAP_A01,215.0,,,726705.49,9684532.23,O,63.9,A,33.29,43.57,20090617-20090708,64.7,A,40.52,20100714-20100805,65.0,A,36.74,44.1,20110712-20110719,M2,33.09,43.57,measured,0.55,observed,-1.0,64.45,43.41
TAP_A01,216.0,,,726695.64,9684531.58,O,10.0,A,10.2,12.64,20090617-20090708,8.5,A,13.83,20100714-20100805,9.1,A,7.26,16.05,20110712-20110719,M2,9.92,12.64,measured,0.0,observed,-1.0,9.1,12.64
TAP_A01,217.0,,,726691.92,9684533.03,O,24.7,A,13.46,20.97,20090617-20090708,24.5,A,24.49,20100714-20100805,24.9,A,19.48,21.46,20110712-20110719,M2,19.75,20.97,measured,0.1,observed,-1.0,24.8,20.92
TAP_A01,218.0,,,726691.42,9684531.02,O,12.6,A,6.29,13.37,20090617-20090708,12.8,A,12.67,20100714-20100805,12.7,A,7.52,11.27,20110712-20110719,M2,12.6,13.37,measured,0.05,observed,-1.0,12.65,13.34
TAP_A01,219.0,,,726690.03,9684532.0,O,12.5,A,10.46,20.78,20090617-20090708,12.6,A,23.21,20100714-20100805,12.2,A,17.59,22.84,20110712-20110719,M2,12.25,20.78,measured,0.0,observed,-1.0,12.2,20.78
TAP_A01,220.0,,,726688.61,9684530.98,O,13.0,A,6.21,11.26,20090617-20090708,13.2,A,11.24,20100714-20100805,13.1,A,8.54,11.66,20110712-20110719,M2,12.88,11.26,measured,0.05,observed,-1.0,13.05,11.23
TAP_A01,221.0,,,726686.27,9684531.44,O,13.0,A,6.73,7.65,20090617-20090708,13.3,D,7.5,20100714-20100805,,D,,,20110712-20110719,M2,,7.65,measured,0.1,site_median,-1.0,,
TAP_A01,222.0,,,726685.79,9684530.94,O,9.6,A,6.77,13.59,20090617-20090708,9.9,A,13.53,20100714-20100805,10.0,A,11.22,13.51,20110712-20110719,M2,10.62,13.59,measured,0.2,observed,-1.0,9.8,13.4
TAP_A01,223.0,,,726684.45,9684535.41,O,55.0,A,21.42,28.72,20090617-20090708,52.3,A,29.72,20100714-20100805,59.3,A,24.23,30.55,20110712-20110719,M2,31.76,28.72,measured,2.15,observed,-1.0,57.15,28.24
TAP_A01,224.0,,,726675.02,9684531.27,O,8.3,A,4.62,8.36,20090617-20090708,8.5,A,8.4,20100714-20100805,8.5,A,5.85,8.67,20110712-20110719,M2,9.43,8.36,measured,0.1,observed,-1.0,8.4,8.29
TAP_A01,225.0,,,726669.86,9684530.7,O,17.8,A,14.15,18.33,20090617-20090708,18.5,A,19.6,20100714-20100805,19.2,A,13.04,18.32,20110712-20110719,M2,16.71,18.33,measured,0.7,observed,-1.0,18.5,17.89
TAP_A01,226.0,,,726669.91,9684534.2,O,37.1,A,31.57,37.32,20090617-20090708,37.2,A,30.49,20100714-20100805,37.2,A,29.67,32.68,20110712-20110719,M2,25.05,37.32,measured,0.05,observed,-1.0,37.15,37.29
TAP_A01,227.0,,,726664.29,9684534.61,O,130.0,A,37.45,58.46,20090617-20090708,132.0,A,56.73,20100714-20100805,132.0,A,42.07,55.04,20110712-20110719,M2,42.14,58.46,measured,1.0,observed,-1.0,131.0,58.35
TAP_A01,228.0,,,726664.35,9684538.11,O,91.5,A,24.06,32.4,20090617-20090708,91.1,A,31.52,20100714-20100805,91.2,A,25.4,33.66,20110712-20110719,M2,37.78,32.4,measured,0.0,observed,-1.0,91.2,32.4
TAP_A01,229.0,,,726649.26,9684531.89,O,47.0,A,15.24,21.06,20090617-20090708,47.1,A,20.3,20100714-20100805,47.2,A,18.15,21.47,20110712-20110719,M2,28.45,21.06,measured,0.1,observed,-1.0,47.1,21.03
TAP_A01,230.0,,,726641.06,9684532.38,O,13.5,A,7.85,11.93,20090617-20090708,13.5,A,12.37,20100714-20100805,13.5,A,7.17,13.01,20110712-20110719,M2,13.15,11.93,measured,0.0,observed,-1.0,13.5,11.93
TAP_A01,231.0,,,726629.17,9684533.81,O,8.6,D,1.27,8.99,20090617-20090708,,D,,20100714-20100805,,D,,,20110712-20110719,M2,,8.99,measured,0.1,site_median,-1.0,,
TAP_A01,232.0,,,726623.49,9684534.51,O,28.8,A,16.03,18.24,20090617-20090708,28.9,A,17.85,20100714-20100805,28.8,A,18.02,18.58,20110712-20110719,M2,21.59,18.24,measured,0.0,observed,-1.0,28.8,18.24
TAP_A01,233.0,,,726621.04,9684538.6,O,61.8,D,1.47,14.34,20090617-20090708,60.2,D,4.92,20100714-20100805,60.2,D,,5.14,20110712-20110719,M2,31.98,14.34,measured,0.0,observed,-1.0,60.2,14.34
TAP_A01,234.0,,,726620.99,9684537.1,P,82.0,A,5.19,14.36,20090617-20090708,86.2,A,15.71,20100714-20100805,87.9,A,4.95,19.45,20110712-20110719,M2,37.3,14.36,measured,2.95,observed,-1.0,84.95,14.18
TAP_A01,235.0,,,726613.57,9684532.87,O,13.3,A,12.27,20.55,20090617-20090708,13.5,A,18.62,20100714-20100805,13.5,A,15.14,19.57,20110712-20110719,M2,13.15,20.55,measured,0.1,observed,-1.0,13.4,20.44
TAP_A01,236.0,,,726613.6,9684533.87,O,11.6,A,5.65,10.32,20090617-20090708,11.7,A,11.35,20100714-20100805,11.8,A,6.03,12.1,20110712-20110719,M2,11.96,10.32,measured,0.1,observed,-1.0,11.7,10.26
TAP_A01,237.0,,,726609.94,9684533.0,L,10.9,A,1.6,14.26,20090617-20090708,11.0,A,,20100714-20100805,11.4,A,,,20110712-20110719,M2,11.67,14.26,measured,0.25,observed,-1.0,11.15,14.04
TAP_A01,238.0,,,726608.53,9684537.05,O,34.6,A,18.83,23.76,20090617-20090708,36.0,A,29.78,20100714-20100805,36.4,A,23.53,29.59,20110712-20110719,M2,24.75,23.76,measured,0.9,observed,-1.0,35.5,23.42
TAP_A01,239.0,,,726600.64,9684534.33,P,32.0,A,2.03,6.14,20090617-20090708,20.8,A,5.5,20100714-20100805,34.0,A,0.56,7.78,20110712-20110719,M2,23.81,6.14,measured,1.0,observed,-1.0,33.0,6.03
TAP_A01,240.0,,,726589.18,9684536.54,P,39.0,A,2.05,6.79,20090617-20090708,21.9,A,5.77,20100714-20100805,27.0,A,1.63,8.7,20110712-20110719,M2,20.76,6.79,measured,0.0,observed,-1.0,27.0,6.79
TAP_A01,241.0,,,726584.09,9684535.28,O,5.3,A,6.94,9.17,20090617-20090708,5.6,A,8.99,20100714-20100805,5.9,A,7.82,10.73,20110712-20110719,M2,7.18,9.17,measured,0.3,observed,-1.0,5.6,8.81
TAP_A01,242.0,,,726581.42,9684536.63,O,15.9,A,11.28,18.93,20090617-20090708,16.2,A,18.31,20100714-20100805,16.1,A,14.13,18.27,20110712-20110719,M2,14.85,18.93,measured,0.1,observed,-1.0,16.0,18.85
TAP_A01,243.0,,,726565.96,9684537.79,O,66.3,A,24.85,33.07,20090617-20090708,66.8,A,44.29,20100714-20100805,67.1,A,19.83,27.53,20110712-20110719,M2,33.55,33.07,measured,0.4,observed,-1.0,66.7,32.98
TAP_A01,244.0,,,726565.37,9684535.27,L,20.2,A,2.52,30.13,20090617-20090708,20.7,A,,20100714-20100805,20.8,A,,,20110712-20110719,M2,17.61,30.13,measured,0.3,observed,-1.0,20.5,29.86
TAP_A01,245.0,,,726561.22,9684534.55,O,8.2,A,9.31,13.88,20090617-20090708,8.3,A,12.99,20100714-20100805,8.7,A,8.9,12.71,20110712-20110719,M2,9.6,13.88,measured,0.25,observed,-1.0,8.45,13.58
TAP_A01,246.0,,,726555.27,9684534.24,L,12.7,A,0.0,0.0,20090617-20090708,12.5,A,,20100714-20100805,12.7,A,,,20110712-20110719,M2,12.6,13.24,local_fit,0.0,observed,-1.0,12.7,13.24
TAP_A01,247.0,,,726555.27,9684534.24,L,8.2,A,0.0,0.0,20090617-20090708,8.3,A,,20100714-20100805,8.3,A,,,20110712-20110719,M2,9.27,10.46,local_fit,0.05,observed,-1.0,8.25,10.41
TAP_A01,248.0,,,726547.65,9684536.82,O,79.7,A,23.9,34.46,20090617-20090708,79.9,A,36.19,20100714-20100805,80.1,A,32.58,37.08,20110712-20110719,M2,36.04,34.46,measured,0.2,observed,-1.0,79.9,34.43
TAP_A01,249.0,,,726547.01,9684533.3,O,35.8,A,23.06,26.53,20090617-20090708,36.1,A,30.09,20100714-20100805,36.0,A,28.71,32.62,20110712-20110719,M2,24.6,26.53,measured,0.1,observed,-1.0,35.9,26.49
TAP_A01,250.0,,,726546.22,9684535.75,O,20.2,A,13.98,19.97,20090617-20090708,21.1,A,20.39,20100714-20100805,21.5,A,15.28,18.65,20110712-20110719,M2,17.99,19.97,measured,0.65,observed,-1.0,20.85,19.58
TAP_A01,251.0,,,726536.99,9684533.76,O,10.5,A,11.65,18.04,20090617-20090708,11.3,A,19.32,20100714-20100805,11.9,A,16.53,19.88,20110712-20110719,M2,12.03,18.04,measured,0.7,observed,-1.0,11.2,17.29
TAP_A01,983.0,,,726534.19,9684534.46,P,,,,,20090617-20090708,33.3,A,4.45,20100714-20100805,33.2,A,1.04,7.35,20110712-20110719,M2,23.48,4.45,measured,0.1,site_median,-1.0,33.1,4.44
TAP_A01,984.0,,,726524.39,9684533.79,O,,,,,20090617-20090708,26.8,A,14.8,20100714-20100805,26.6,A,12.95,15.4,20110712-20110719,M2,20.58,14.8,measured,0.1,site_median,-1.0,26.5,14.76
TAP_A01,252.0,,,726522.91,9684533.5,O,18.0,A,9.43,11.8,20090617-20090708,18.2,A,10.91,20100714-20100805,18.3,A,7.08,14.8,20110712-20110719,M2,16.19,11.8,measured,0.15,observed,-1.0,18.15,11.73
TAP_A01,253.0,,,726505.1,9684532.67,O,27.3,A,18.42,21.92,20090617-20090708,27.3,A,20.24,20100714-20100805,27.4,A,18.85,21.44,20110712-20110719,M2,20.95,21.92,measured,0.05,observed,-1.0,27.35,21.9
TAP_A01,254.0,,,726500.59,9684530.35,O,15.5,A,13.11,17.88,20090617-20090708,15.7,A,17.72,20100714-20100805,16.0,A,12.78,17.99,20110712-20110719,M2,14.79,17.88,measured,0.25,observed,-1.0,15.75,17.69
TAP_A01,255.0,,,726498.58,9684535.16,O,44.8,A,26.91,35.41,20090617-20090708,45.4,A,32.7,20100714-20100805,45.4,D,,,20110712-20110719,M2,27.88,35.41,measured,0.3,observed,-1.0,45.1,35.3
TAP_A01,256.0,,,726492.63,9684534.72,P,54.3,A,8.97,15.08,20090617-20090708,45.0,A,17.35,20100714-20100805,49.0,A,6.16,13.33,20110712-20110719,M2,28.99,15.08,measured,0.0,observed,-1.0,49.0,15.08
TAP_A01,988.0,,,726496.04,9684530.61,O,,,,,20090617-20090708,10.5,A,4.77,20100714-20100805,13.0,A,,,20110712-20110719,M2,12.81,4.77,measured,0.1,site_median,-1.0,12.9,4.74
TAP_A01,989.0,,,726491.01,9684529.89,O,,,,,20090617-20090708,22.0,A,4.75,20100714-20100805,22.0,A,0.65,6.59,20110712-20110719,M2,18.26,4.75,measured,0.1,site_median,-1.0,21.9,4.74
TAP_A01,257.0,,,726487.8,9684533.37,O,40.7,A,16.13,23.51,20090617-20090708,40.8,A,21.35,20100714-20100805,41.5,A,16.29,21.01,20110712-20110719,M2,26.59,23.51,measured,0.4,observed,-1.0,41.1,23.4
TAP_A01,258.0,,,726497.38,9684529.62,O,9.0,A,3.22,7.34,20090617-20090708,9.0,A,7.64,20100714-20100805,9.0,A,3.74,8.97,20110712-20110719,M2,9.84,7.34,measured,0.0,observed,-1.0,9.0,7.34
TAP_A01,259.0,,,726505.6,9684528.74,O,18.2,A,11.27,16.16,20090617-20090708,18.1,A,22.32,20100714-20100805,18.5,A,18.59,25.64,20110712-20110719,M2,16.31,16.16,measured,0.15,observed,-1.0,18.35,16.07
TAP_A01,260.0,,,726509.64,9684530.03,O,12.8,A,13.05,20.34,20090617-20090708,12.9,A,16.79,20100714-20100805,12.9,A,15.07,18.27,20110712-20110719,M2,12.74,20.34,measured,0.05,observed,-1.0,12.85,20.29
TAP_A01,261.0,,,726518.76,9684530.71,O,9.8,A,4.82,8.98,20090617-20090708,10.2,A,9.08,20100714-20100805,10.8,A,4.93,9.08,20110712-20110719,M2,11.23,8.98,measured,0.5,observed,-1.0,10.3,8.68
TAP_A01,262.0,,,726520.78,9684531.35,O,5.5,A,7.85,11.2,20090617-20090708,5.7,A,7.69,20100714-20100805,5.8,A,2.95,8.37,20110712-20110719,M2,7.09,11.2,measured,0.15,observed,-1.0,5.65,10.98
TAP_A01,931.0,,,726531.17,9684527.48,O,103.5,A,0.0,17.51,20090617-20090708,103.5,D,16.74,20100714-20100805,103.5,D,,17.5,20110712-20110719,M2,39.39,17.51,measured,0.0,observed,-1.0,103.5,17.51
TAP_A01,263.0,,,726538.15,9684529.84,O,71.3,A,31.53,38.56,20090617-20090708,71.1,A,40.01,20100714-20100805,71.9,A,27.8,41.05,20110712-20110719,M2,34.53,38.56,measured,0.3,observed,-1.0,71.6,38.49
TAP_A01,264.0,,,726538.66,9684530.86,O,52.3,A,21.98,27.62,20090617-20090708,54.9,A,31.84,20100714-20100805,55.7,A,18.45,31.88,20110712-20110719,M2,30.85,27.62,measured,1.7,observed,-1.0,54.0,27.22
TAP_A01,265.0,,,726541.46,9684532.01,O,13.1,A,7.14,12.37,20090617-20090708,13.6,A,13.14,20100714-20100805,15.3,A,6.21,14.39,20110712-20110719,M2,14.34,12.37,measured,1.1,observed,-1.0,14.2,11.75
TAP_A01,266.0,,,726548.78,9684532.4,P,18.5,A,1.69,5.62,20090617-20090708,17.8,A,6.87,20100714-20100805,19.7,A,2.94,6.34,20110712-20110719,M2,17.0,5.62,measured,0.6,observed,-1.0,19.1,5.5
TAP_A01,267.0,,,726556.08,9684532.29,O,34.4,A,22.66,28.64,20090617-20090708,34.8,A,26.2,20100714-20100805,34.5,A,16.68,28.26,20110712-20110719,M2,24.01,28.64,measured,0.05,observed,-1.0,34.45,28.62
TAP_A01,268.0,,,726557.94,9684532.89,O,9.3,A,6.6,10.49,20090617-20090708,9.4,A,8.17,20100714-20100805,9.5,A,6.05,13.32,20110712-20110719,M2,10.23,10.49,measured,0.1,observed,-1.0,9.4,10.42
TAP_A01,269.0,,,726558.45,9684533.91,L,9.7,A,0.0,0.0,20090617-20090708,10.1,A,,20100714-20100805,9.9,A,,,20110712-20110719,M2,10.55,11.45,local_fit,0.1,observed,-1.0,9.8,11.36
TAP_A01,270.0,,,726558.91,9684533.93,O,14.1,A,8.65,11.86,20090617-20090708,14.3,A,11.77,20100714-20100805,14.7,A,8.98,26.1,20110712-20110719,M2,13.95,11.86,measured,0.3,observed,-1.0,14.4,11.7
TAP_A01,271.0,,,726574.1,9684527.77,O,88.3,A,37.05,44.11,20090617-20090708,88.1,A,46.05,20100714-20100805,88.3,A,27.92,48.71,20110712-20110719,M2,37.36,44.11,measured,0.0,observed,-1.0,88.3,44.11
TAP_A01,985.0,,,726576.14,9684532.66,O,,,,,20090617-20090708,28.1,A,8.23,20100714-20100805,25.9,A,2.95,5.91,20110712-20110719,M2,20.24,8.23,measured,0.1,site_median,-1.0,25.8,8.21
TAP_A01,272.0,,,726577.65,9684534.43,O,36.3,A,13.95,24.21,20090617-20090708,36.1,A,26.42,20100714-20100805,36.1,A,9.76,29.59,20110712-20110719,M2,24.63,24.21,measured,0.0,observed,-1.0,36.1,24.21
TAP_A01,273.0,,,726584.09,9684535.28,O,6.3,A,9.27,10.85,20090617-20090708,6.6,A,11.53,20100714-20100805,6.9,A,6.57,12.64,20110712-20110719,M2,8.08,10.85,measured,0.3,observed,-1.0,6.6,10.49
TAP_A01,274.0,,,726591.28,9684533.17,O,35.1,A,25.61,35.87,20090617-20090708,35.4,A,25.89,20100714-20100805,36.0,A,24.84,33.46,20110712-20110719,M2,24.6,35.87,measured,0.45,observed,-1.0,35.55,35.61
TAP_A01,275.0,,,726600.07,9684532.85,O,8.1,A,7.64,13.26,20090617-20090708,8.3,A,8.72,20100714-20100805,8.4,A,7.0,12.39,20110712-20110719,M2,9.35,13.26,measured,0.15,observed,-1.0,8.25,13.09
TAP_A01,276.0,,,726604.22,9684532.7,O,13.9,A,5.17,11.33,20090617-20090708,14.0,A,11.73,20100714-20100805,14.1,A,3.05,11.42,20110712-20110719,M2,13.56,11.33,measured,0.1,observed,-1.0,14.0,11.27
TAP_A01,277.0,,,726604.22,9684532.7,L,9.0,A,0.0,0.0,20090617-20090708,9.3,A,,20100714-20100805,9.4,A,,,20110712-20110719,M2,10.16,10.99,local_fit,0.2,observed,-1.0,9.2,10.82
TAP_A01,278.0,,,726605.22,9684531.67,O,60.4,A,30.8,34.19,20090617-20090708,60.5,A,38.41,20100714-20100805,60.7,A,25.54,35.27,20110712-20110719,M2,32.1,34.19,measured,0.15,observed,-1.0,60.55,34.16
TAP_A01,279.0,,,726606.81,9684532.61,O,34.5,A,34.16,37.84,20090617-20090708,34.5,A,38.07,20100714-20100805,35.3,A,27.42,34.25,20110712-20110719,M2,24.32,37.84,measured,0.4,observed,-1.0,34.9,37.61
TAP_A01,280.0,,,726607.29,9684531.59,O,39.4,A,35.94,50.63,20090617-20090708,41.7,A,30.49,20100714-20100805,44.0,A,22.96,28.78,20110712-20110719,M2,27.43,50.63,measured,2.3,observed,-1.0,41.7,49.21
TAP_A01,281.0,,,726711.55,9684529.82,O,16.4,A,7.53,13.58,20090617-20090708,16.5,A,12.71,20100714-20100805,16.6,A,8.8,13.01,20110712-20110719,M2,15.16,13.58,measured,0.1,observed,-1.0,16.5,13.53
TAP_A01,282.0,,,726711.56,9684530.32,O,7.4,A,6.92,12.23,20090617-20090708,7.4,A,15.99,20100714-20100805,7.4,A,15.88,19.15,20110712-20110719,M2,8.51,12.23,measured,0.0,observed,-1.0,7.4,12.23
TAP_A01,283.0,,,726620.65,9684527.61,O,69.6,D,1.57,18.36,20090617-20090708,69.6,D,14.3,20100714-20100805,69.6,D,,13.4,20110712-20110719,M2,34.07,18.36,measured,0.0,observed,-1.0,69.6,18.36
TAP_A01,284.0,,,726625.9,9684529.42,O,67.0,A,39.11,43.31,20090617-20090708,66.4,A,38.59,20100714-20100805,66.4,D,,3.77,20110712-20110719,M2,33.4,43.31,measured,0.0,observed,-1.0,66.4,43.31
TAP_A01,285.0,,,726626.44,9684529.9,O,22.4,A,15.82,18.62,20090617-20090708,22.5,A,18.81,20100714-20100805,22.6,A,14.42,20.66,20110712-20110719,M2,18.58,18.62,measured,0.1,observed,-1.0,22.5,18.57
TAP_A01,286.0,,,726631.18,9684531.73,O,24.6,A,14.42,20.44,20090617-20090708,25.4,A,21.64,20100714-20100805,25.9,A,24.01,27.38,20110712-20110719,M2,20.24,20.44,measured,0.65,observed,-1.0,25.25,20.12
TAP_A01,287.0,,,726636.36,9684531.55,O,6.2,A,11.08,14.59,20090617-20090708,6.1,A,11.06,20100714-20100805,6.1,A,6.6,11.69,20110712-20110719,M2,7.36,14.59,measured,0.0,observed,-1.0,6.1,14.59
TAP_A01,288.0,,,726645.69,9684531.21,L,5.2,A,0.0,0.0,20090617-20090708,5.5,A,,20100714-20100805,5.0,A,,,20110712-20110719,M2,6.33,8.18,local_fit,0.0,observed,-1.0,5.0,8.18
TAP_A01,289.0,,,726653.44,9684529.45,O,11.2,A,5.05,10.73,20090617-20090708,11.0,D,7.62,20100714-20100805,11.0,D,,7.62,20110712-20110719,M2,11.38,10.73,measured,0.0,observed,-1.0,11.0,10.73
TAP_A01,290.0,,,726659.52,9684528.54,O,39.7,A,34.59,44.11,20090617-20090708,37.2,A,28.97,20100714-20100805,37.5,A,23.0,32.12,20110712-20110719,M2,25.16,44.11,measured,0.0,observed,-1.0,37.5,44.11
TAP_A01,291.0,,,726668.43,9684529.18,O,11.6,A,8.51,11.75,20090617-20090708,11.5,A,11.4,20100714-20100805,11.4,A,7.9,10.37,20110712-20110719,M2,11.67,11.75,measured,0.0,observed,-1.0,11.4,11.75
TAP_A01,292.0,,,726673.12,9684529.75,O,5.2,A,8.95,10.47,20090617-20090708,5.3,A,10.12,20100714-20100805,5.4,A,8.14,10.12,20110712-20110719,M2,6.71,10.47,measured,0.1,observed,-1.0,5.3,10.33
TAP_A01,293.0,,,726684.83,9684529.42,O,65.3,A,27.73,33.72,20090617-20090708,64.3,A,23.92,20100714-20100805,64.3,A,19.09,32.81,20110712-20110719,M2,32.94,33.72,measured,0.0,observed,-1.0,64.3,33.72
TAP_A01,294.0,,,726690.47,9684530.01,O,46.4,A,23.58,31.83,20090617-20090708,46.4,A,30.24,20100714-20100805,46.5,A,19.83,31.7,20110712-20110719,M2,28.23,31.83,measured,0.05,observed,-1.0,46.45,31.81
TAP_A01,295.0,,,726700.31,9684530.15,O,9.9,A,6.21,11.17,20090617-20090708,9.6,D,10.79,20100714-20100805,9.6,D,,11.17,20110712-20110719,M2,10.31,11.17,measured,0.0,observed,-1.0,9.6,11.17
TAP_A01,296.0,,,726705.01,9684531.22,O,11.7,A,8.3,14.08,20090617-20090708,13.1,A,14.88,20100714-20100805,13.2,A,11.92,14.88,20110712-20110719,M2,12.95,14.08,measured,0.75,observed,-1.0,12.45,13.51
TAP_A01,297.0,,,726707.35,9684531.26,P,5.6,A,4.1,7.77,20090617-20090708,5.6,A,6.65,20100714-20100805,5.9,A,3.83,9.48,20110712-20110719,M2,7.18,7.77,measured,0.15,observed,-1.0,5.75,7.62
TAP_A01,298.0,,,726712.03,9684530.33,O,7.7,A,3.16,5.27,20090617-20090708,7.9,A,5.54,20100714-20100805,8.0,A,2.16,7.4,20110712-20110719,M2,9.02,5.27,measured,0.15,observed,-1.0,7.85,5.19
TAP_A01,299.0,,,726715.26,9684527.38,O,61.4,D,1.05,3.47,20090617-20090708,59.4,D,3.64,20100714-20100805,59.4,D,,2.04,20110712-20110719,M2,31.79,3.47,measured,0.0,observed,-1.0,59.4,3.47
TAP_A01,300.0,,,726721.14,9684531.3,O,35.1,D,1.44,15.79,20090617-20090708,35.2,D,15.2,20100714-20100805,35.2,D,,18.64,20110712-20110719,M2,24.28,15.79,measured,0.05,observed,-1.0,35.15,15.78
TAP_A01,301.0,,,726725.4,9684530.94,O,8.7,A,2.06,7.89,20090617-20090708,9.0,A,6.51,20100714-20100805,9.0,A,2.95,6.72,20110712-20110719,M2,9.84,7.89,measured,0.15,observed,-1.0,8.85,7.79
TAP_A01,302.0,,,726725.85,9684529.9,O,15.5,A,9.71,18.07,20090617-20090708,15.7,A,18.3,20100714-20100805,15.8,A,10.14,16.43,20110712-20110719,M2,14.66,18.07,measured,0.15,observed,-1.0,15.65,17.96
TAP_A01,303.0,,,726726.96,9684530.31,O,76.3,D,2.17,37.83,20090617-20090708,76.4,D,42.43,20100714-20100805,76.4,D,,26.19,20110712-20110719,M2,35.39,37.83,measured,0.05,observed,-1.0,76.35,37.82
TAP_A01,304.0,,,726726.79,9684528.31,O,22.1,A,12.6,17.37,20090617-20090708,22.2,A,17.2,20100714-20100805,22.1,A,12.3,17.27,20110712-20110719,M2,18.31,17.37,measured,0.0,observed,-1.0,22.1,17.37
TAP_A01,305.0,,,726729.13,9684530.62,P,5.1,A,3.09,5.67,20090617-20090708,5.4,A,5.91,20100714-20100805,5.2,A,3.25,6.39,20110712-20110719,M2,6.52,5.67,measured,0.05,observed,-1.0,5.15,5.63
TAP_A01,306.0,,,726734.4,9684523.15,O,57.0,A,1.83,31.2,20090617-20090708,57.1,A,34.94,20100714-20100805,57.2,A,27.03,52.27,20110712-20110719,M2,31.24,31.2,measured,0.1,observed,-1.0,57.1,31.17
TAP_A01,307.0,,,726736.02,9684529.54,O,5.8,A,5.83,8.88,20090617-20090708,6.2,A,10.2,20100714-20100805,6.9,A,3.66,11.06,20110712-20110719,M2,8.08,8.88,measured,0.55,observed,-1.0,6.35,8.34
TAP_A01,308.0,,,726739.26,9684529.76,O,10.9,A,5.87,9.69,20090617-20090708,11.0,A,10.57,20100714-20100805,11.2,A,7.54,11.98,20110712-20110719,M2,11.53,9.69,measured,0.15,observed,-1.0,11.05,9.59
TAP_A01,309.0,,,726739.22,9684529.27,O,6.7,A,8.07,9.81,20090617-20090708,6.7,A,8.57,20100714-20100805,6.7,A,4.97,12.48,20110712-20110719,M2,7.9,9.81,measured,0.0,observed,-1.0,6.7,9.81
TAP_A01,310.0,,,726739.75,9684529.22,O,10.6,A,10.98,12.74,20090617-20090708,10.7,A,10.8,20100714-20100805,10.7,A,8.52,12.41,20110712-20110719,M2,11.15,12.74,measured,0.05,observed,-1.0,10.65,12.71
TAP_A01,311.0,,,726745.08,9684528.77,O,15.5,A,8.25,13.72,20090617-20090708,15.6,A,14.92,20100714-20100805,15.7,A,7.94,14.16,20110712-20110719,M2,14.6,13.72,measured,0.1,observed,-1.0,15.6,13.66
TAP_A01,312.0,,,726753.57,9684527.54,O,41.2,A,23.82,27.21,20090617-20090708,41.9,A,31.94,20100714-20100805,41.8,A,25.65,42.69,20110712-20110719,M2,26.7,27.21,measured,0.3,observed,-1.0,41.5,27.1
TAP_A01,313.0,,,726764.18,9684526.14,O,6.3,A,3.09,7.9,20090617-20090708,6.6,A,6.78,20100714-20100805,6.5,A,3.17,7.54,20110712-20110719,M2,7.72,7.9,measured,0.1,observed,-1.0,6.4,7.82
TAP_A01,314.0,,,726765.91,9684527.5,O,8.0,A,7.11,10.64,20090617-20090708,8.0,A,12.79,20100714-20100805,8.2,A,7.29,12.07,20110712-20110719,M2,9.19,10.64,measured,0.1,observed,-1.0,8.1,10.54
TAP_A01,315.0,,,726767.47,9684526.86,O,6.2,A,7.96,10.26,20090617-20090708,6.3,A,9.34,20100714-20100805,6.6,A,4.95,10.52,20110712-20110719,M2,7.81,10.26,measured,0.2,observed,-1.0,6.4,10.04
TAP_A01,316.0,,,726769.46,9684518.67,O,78.8,D,1.4,18.56,20090617-20090708,79.0,D,19.49,20100714-20100805,79.0,D,,1.3,20110712-20110719,M2,35.85,18.56,measured,0.1,observed,-1.0,78.9,18.55
TAP_A01,317.0,,,726772.8,9684526.41,L,6.1,A,0.0,0.0,20090617-20090708,6.2,A,,20100714-20100805,6.4,A,,,20110712-20110719,M2,7.64,8.91,local_fit,0.15,observed,-1.0,6.25,8.75
TAP_A01,318.0,,,726773.78,9684525.32,O,55.3,A,19.81,25.62,20090617-20090708,55.3,A,24.82,20100714-20100805,55.7,A,10.95,24.72,20110712-20110719,M2,30.85,25.62,measured,0.2,observed,-1.0,55.5,25.58
TAP_A01,319.0,,,726777.55,9684525.51,O,9.4,A,9.41,13.72,20090617-20090708,9.5,A,16.14,20100714-20100805,9.6,A,8.47,16.79,20110712-20110719,M2,10.31,13.72,measured,0.1,observed,-1.0,9.5,13.61
TAP_A01,321.0,,,726788.3,9684525.6,O,13.7,A,15.93,18.18,20090617-20090708,13.9,A,17.63,20100714-20100805,13.9,A,22.52,32.35,20110712-20110719,M2,13.42,18.18,measured,0.1,observed,-1.0,13.8,18.1
TAP_A01,322.0,,,726795.14,9684524.01,O,20.6,D,1.83,3.09,20090617-20090708,14.1,D,2.54,20100714-20100805,14.1,D,,2.3,20110712-20110719,M2,13.56,3.09,measured,0.0,observed,-1.0,14.1,3.09
TAP_A01,323.0,,,726798.38,9684524.24,O,12.9,A,6.43,9.48,20090617-20090708,12.9,A,11.0,20100714-20100805,13.1,A,6.66,10.02,20110712-20110719,M2,12.88,9.48,measured,0.1,observed,-1.0,13.0,9.43
TAP_A01,324.0,,,726798.38,9684524.24,O,8.0,A,7.24,11.29,20090617-20090708,8.1,A,11.64,20100714-20100805,8.3,A,7.12,11.59,20110712-20110719,M2,9.27,11.29,measured,0.15,observed,-1.0,8.15,11.14
TAP_A01,325.0,,,726802.34,9684522.72,O,51.4,A,25.42,31.86,20090617-20090708,50.1,A,34.97,20100714-20100805,49.6,A,23.88,34.66,20110712-20110719,M2,29.16,31.86,measured,0.0,observed,-1.0,49.6,31.86
TAP_A01,326.0,,,726805.4,9684522.59,O,69.7,D,,2.8,20090617-20090708,61.8,D,2.69,20100714-20100805,61.8,D,,3.0,20110712-20110719,M2,32.36,2.8,measured,0.0,observed,-1.0,61.8,2.8
TAP_A01,327.0,,,726806.04,9684525.57,O,6.5,A,2.36,4.88,20090617-20090708,6.3,A,4.08,20100714-20100805,6.3,A,2.39,4.28,20110712-20110719,M2,7.54,4.88,measured,0.0,observed,-1.0,6.3,4.88
TAP_A01,328.0,,,726815.74,9684525.18,O,5.9,A,6.37,12.26,20090617-20090708,6.4,A,9.49,20100714-20100805,6.9,A,6.45,10.34,20110712-20110719,M2,8.08,12.26,measured,0.5,observed,-1.0,6.4,11.59
TAP_A01,329.0,,,726820.25,9684523.0,O,27.2,A,11.15,18.96,20090617-20090708,27.3,A,21.01,20100714-20100805,27.4,A,9.98,20.0,20110712-20110719,M2,20.95,18.96,measured,0.1,observed,-1.0,27.3,18.92
TAP_A01,330.0,,,726835.06,9684522.4,O,26.5,A,13.91,15.81,20090617-20090708,26.7,D,13.47,20100714-20100805,26.7,D,1.45,3.62,20110712-20110719,M2,20.62,15.81,measured,0.1,observed,-1.0,26.6,15.78
TAP_A01,331.0,,,726842.28,9684523.61,O,47.1,A,23.77,29.02,20090617-20090708,47.4,A,30.08,20100714-20100805,47.9,A,19.13,32.43,20110712-20110719,M2,28.66,29.02,measured,0.4,observed,-1.0,47.5,28.9
TAP_A01,332.0,,,726843.79,9684523.05,L,9.5,D,1.5,3.92,20090617-20090708,,D,,20100714-20100805,,D,,,20110712-20110719,M2,,3.92,measured,0.1,site_median,-1.0,,
TAP_A01,333.0,,,726853.0,9684523.18,O,10.6,A,12.54,16.47,20090617-20090708,10.5,A,19.85,20100714-20100805,10.5,D,,,20110712-20110719,M2,11.0,16.47,measured,0.0,observed,-1.0,10.5,16.47
TAP_A01,334.0,,,726855.04,9684523.09,O,7.3,A,4.81,7.66,20090617-20090708,7.4,A,7.75,20100714-20100805,7.4,A,5.51,10.07,20110712-20110719,M2,8.51,7.66,measured,0.05,observed,-1.0,7.35,7.62
TAP_A01,335.0,,,726856.49,9684521.03,O,36.7,A,29.71,32.97,20090617-20090708,36.4,A,27.83,20100714-20100805,36.4,D,,27.7,20110712-20110719,M2,24.75,32.97,measured,0.0,observed,-1.0,36.4,32.97
TAP_A01,336.0,,,726866.67,9684519.62,O,68.2,A,37.7,43.06,20090617-20090708,67.8,A,33.23,20100714-20100805,66.3,A,26.19,37.95,20110712-20110719,M2,33.38,43.06,measured,0.0,observed,-1.0,66.3,43.06
TAP_A01,337.0,,,726867.79,9684522.08,O,21.2,A,11.11,13.71,20090617-20090708,21.2,A,17.47,20100714-20100805,21.1,A,14.11,17.52,20110712-20110719,M2,17.78,13.71,measured,0.0,observed,-1.0,21.1,13.71
TAP_A01,338.0,,,726868.79,9684521.54,O,17.8,A,12.3,15.13,20090617-20090708,17.9,A,16.04,20100714-20100805,18.1,A,15.22,19.48,20110712-20110719,M2,16.07,15.13,measured,0.15,observed,-1.0,17.95,15.05
TAP_A01,986.0,,,726872.4,9684522.19,O,,,,,20090617-20090708,9.0,A,7.36,20100714-20100805,9.0,A,5.53,7.97,20110712-20110719,M2,9.84,7.36,measured,0.1,site_median,-1.0,8.9,7.3
TAP_A01,987.0,,,726873.4,9684521.75,O,,,,,20090617-20090708,12.5,A,11.5,20100714-20100805,12.3,A,7.26,11.7,20110712-20110719,M2,12.32,11.5,measured,0.1,site_median,-1.0,12.2,11.43
TAP_A01,339.0,,,726877.44,9684522.3,O,9.9,A,4.84,10.22,20090617-20090708,10.1,A,8.95,20100714-20100805,10.1,A,4.93,9.25,20110712-20110719,M2,10.7,10.22,measured,0.1,observed,-1.0,10.0,10.14
TAP_A01,340.0,,,726877.43,9684517.8,O,71.2,A,40.5,50.11,20090617-20090708,71.4,A,61.58,20100714-20100805,71.5,A,35.64,41.61,20110712-20110719,M2,34.45,50.11,measured,0.15,observed,-1.0,71.35,50.07
TAP_A01,341.0,,,726881.85,9684518.81,O,76.2,A,27.82,36.32,20090617-20090708,76.8,A,44.16,20100714-20100805,76.3,A,38.77,42.86,20110712-20110719,M2,35.37,36.32,measured,0.05,observed,-1.0,76.25,36.31
TAP_A01,342.0,,,726882.84,9684518.81,O,60.2,A,18.54,43.97,20090617-20090708,63.1,A,31.56,20100714-20100805,63.5,A,38.51,44.14,20110712-20110719,M2,32.76,43.97,measured,1.65,observed,-1.0,61.85,43.46
TAP_A01,343.0,,,726894.65,9684522.34,O,10.6,A,11.77,13.39,20090617-20090708,11.8,A,13.26,20100714-20100805,13.0,A,11.44,13.43,20110712-20110719,M2,12.81,13.39,measured,1.2,observed,-1.0,11.8,12.5
TAP_A01,344.0,,,726898.58,9684520.85,O,67.9,D,1.95,3.61,20090617-20090708,67.2,D,3.42,20100714-20100805,67.2,D,,2.55,20110712-20110719,M2,33.57,3.61,measured,0.0,observed,-1.0,67.2,3.61
TAP_A01,345.0,,,726899.57,9684522.35,O,15.0,A,11.94,14.42,20090617-20090708,15.2,A,15.73,20100714-20100805,15.5,A,11.27,15.42,20110712-20110719,M2,14.47,14.42,measured,0.25,observed,-1.0,15.25,14.26
TAP_A01,346.0,,,726903.99,9684522.36,O,5.6,A,6.28,8.98,20090617-20090708,5.4,A,9.28,20100714-20100805,5.5,A,6.58,8.62,20110712-20110719,M2,6.81,8.98,measured,0.0,observed,-1.0,5.5,8.98
TAP_A01,347.0,,,726903.99,9684522.86,O,14.4,A,10.76,14.78,20090617-20090708,15.4,A,13.68,20100714-20100805,16.8,A,10.91,15.75,20110712-20110719,M2,15.29,14.78,measured,1.2,observed,-1.0,15.6,14.06
TAP_A01,348.0,,,726908.42,9684522.37,O,11.0,A,8.31,11.96,20090617-20090708,11.1,A,12.12,20100714-20100805,11.2,A,11.59,14.29,20110712-20110719,M2,11.53,11.96,measured,0.1,observed,-1.0,11.1,11.88
TAP_A01,349.0,,,726909.4,9684522.37,O,11.7,A,7.85,12.24,20090617-20090708,11.6,A,9.43,20100714-20100805,12.1,A,7.46,14.32,20110712-20110719,M2,12.18,12.24,measured,0.2,observed,-1.0,11.9,12.09
TAP_A01,350.0,,,726909.4,9684522.37,O,7.0,A,6.56,10.97,20090617-20090708,7.3,A,8.48,20100714-20100805,7.7,A,7.81,11.5,20110712-20110719,M2,8.77,10.97,measured,0.35,observed,-1.0,7.35,10.59
TAP_A01,351.0,,,726919.24,9684522.9,O,5.1,A,2.39,6.09,20090617-20090708,5.9,A,6.77,20100714-20100805,5.8,A,2.37,6.12,20110712-20110719,M2,7.09,6.09,measured,0.35,observed,-1.0,5.45,5.81
TAP_A01,352.0,,,726921.2,9684522.9,O,17.8,A,10.76,14.31,20090617-20090708,18.8,A,17.11,20100714-20100805,19.4,A,10.7,18.22,20110712-20110719,M2,16.83,14.31,measured,0.8,observed,-1.0,18.6,13.91
TAP_A01,353.0,,,726925.14,9684522.91,O,12.0,A,6.9,11.67,20090617-20090708,12.3,A,15.29,20100714-20100805,13.1,A,9.78,14.55,20110712-20110719,M2,12.88,11.67,measured,0.55,observed,-1.0,12.55,11.33
TAP_A01,354.0,,,726929.07,9684521.42,O,16.2,A,10.17,20.33,20090617-20090708,17.0,A,18.66,20100714-20100805,17.6,A,12.36,16.63,20110712-20110719,M2,15.77,20.33,measured,0.7,observed,-1.0,16.9,19.79
TAP_A01,355.0,,,726931.52,9684519.93,O,42.3,D,1.06,7.72,20090617-20090708,41.4,D,7.41,20100714-20100805,41.4,D,,7.82,20110712-20110719,M2,26.56,7.72,measured,0.0,observed,-1.0,41.4,7.72
TAP_A01,356.0,,,726940.87,9684522.45,L,5.4,A,5.35,10.34,20090617-20090708,5.5,A,5.95,20100714-20100805,5.5,A,3.49,6.51,20110712-20110719,M2,6.81,10.34,measured,0.05,observed,-1.0,5.45,10.26
TAP_A01,357.0,,,726947.76,9684521.47,O,10.2,A,4.48,8.43,20090617-20090708,10.5,A,7.04,20100714-20100805,10.5,D,,2.36,20110712-20110719,M2,11.0,8.43,measured,0.15,observed,-1.0,10.35,8.35
TAP_A01,358.0,,,726957.59,9684521.99,O,10.8,A,4.81,8.87,20090617-20090708,10.9,A,10.5,20100714-20100805,11.0,A,8.0,9.89,20110712-20110719,M2,11.38,8.87,measured,0.1,observed,-1.0,10.9,8.81
TAP_A01,359.0,,,726963.98,9684522.01,O,60.3,A,16.42,24.18,20090617-20090708,60.1,A,22.27,20100714-20100805,60.2,A,16.11,19.87,20110712-20110719,M2,31.98,24.18,measured,0.0,observed,-1.0,60.2,24.18
TAP_A01,360.0,,,726966.25,9684522.01,O,10.5,A,5.21,10.62,20090617-20090708,10.6,A,8.84,20100714-20100805,10.6,A,5.11,8.63,20110712-20110719,M2,11.08,10.62,measured,0.05,observed,-1.0,10.55,10.58
TAP_A01,361.0,,,726969.88,9684520.52,O,27.7,A,14.24,21.42,20090617-20090708,28.1,A,23.72,20100714-20100805,28.5,A,22.79,28.52,20110712-20110719,M2,21.46,21.42,measured,0.4,observed,-1.0,28.1,21.24
TAP_A01,362.0,,,726957.59,9684522.99,L,6.0,A,3.29,4.28,20090617-20090708,6.3,A,,20100714-20100805,6.0,A,,,20110712-20110719,M2,7.27,4.28,measured,0.0,observed,-1.0,6.0,4.28
TAP_A01,2057.0,,,726876.95,9684523.09,O,,,,,20090617-20090708,,A,,20100714-20100805,5.5,A,4.72,7.93,20110712-20110719,M2,6.81,7.93,measured,0.1,site_median,-1.0,5.4,7.81
TAP_A01,363.0,,,727448.03,9683748.6,O,14.6,A,16.0,19.41,20090617-20090708,14.7,A,19.05,20100714-20100805,14.9,A,14.37,17.54,20110712-20110719,M3,14.08,19.41,measured,0.15,observed,-1.0,14.75,19.29
TAP_A01,364.0,,,727444.92,9683756.28,O,106.7,A,50.89,65.14,20090617-20090708,106.6,A,58.58,20100714-20100805,107.2,A,52.56,60.4,20110712-20110719,M3,39.82,65.14,measured,0.25,observed,-1.0,106.95,65.09
TAP_A01,365.0,,,727442.11,9683750.41,O,20.1,D,1.63,15.45,20090617-20090708,17.5,D,14.78,20100714-20100805,17.5,D,1.44,16.66,20110712-20110719,M3,15.71,15.45,measured,0.0,observed,-1.0,17.5,15.45
TAP_A01,366.0,,,727439.57,9683749.55,O,9.1,A,4.78,7.45,20090617-20090708,9.1,A,8.53,20100714-20100805,9.2,A,5.17,9.63,20110712-20110719,M3,10.0,7.45,measured,0.05,observed,-1.0,9.15,7.42
TAP_A01,932.0,,,727439.12,9683750.57,P,22.0,A,4.43,10.37,20090617-20090708,23.2,A,9.75,20100714-20100805,25.0,A,3.88,9.74,20110712-20110719,M3,19.8,10.37,measured,1.5,observed,-1.0,23.5,9.98
TAP_A01,367.0,,,727433.6,9683750.36,O,6.9,A,8.9,13.04,20090617-20090708,7.0,A,9.25,20100714-20100805,7.0,A,6.54,10.22,20110712-20110719,M3,8.17,13.04,measured,0.05,observed,-1.0,6.95,12.96
TAP_A01,368.0,,,727432.05,9683749.44,O,5.7,A,7.16,13.3,20090617-20090708,5.7,A,11.06,20100714-20100805,6.2,A,11.39,12.5,20110712-20110719,M3,7.45,13.3,measured,0.25,observed,-1.0,5.95,12.91
TAP_A01,369.0,,,727430.03,9683749.04,O,5.5,A,7.2,10.03,20090617-20090708,5.9,A,12.28,20100714-20100805,6.1,A,10.29,13.2,20110712-20110719,M3,7.36,10.03,measured,0.3,observed,-1.0,5.8,9.66
TAP_A01,370.0,,,727426.06,9683749.75,O,5.0,A,2.77,4.74,20090617-20090708,5.0,A,5.55,20100714-20100805,5.1,A,1.98,5.37,20110712-20110719,M3,6.43,4.74,measured,0.05,observed,-1.0,5.05,4.7
TAP_A01,371.0,,,727421.54,9683749.48,O,6.0,A,2.46,3.6,20090617-20090708,6.0,A,4.59,20100714-20100805,6.0,A,2.03,4.8,20110712-20110719,M3,7.27,3.6,measured,0.0,observed,-1.0,6.0,3.6
TAP_A01,372.0,,,727416.57,9683750.24,O,15.3,A,9.35,12.45,20090617-20090708,19.0,A,18.56,20100714-20100805,24.0,A,14.66,18.44,20110712-20110719,M3,19.3,12.45,measured,4.35,observed,-1.0,19.65,10.95
TAP_A01,373.0,,,727401.09,9683751.05,O,5.8,A,3.06,4.74,20090617-20090708,6.0,A,5.05,20100714-20100805,6.1,A,1.82,5.12,20110712-20110719,M3,7.36,4.74,measured,0.15,observed,-1.0,5.95,4.66
TAP_A01,374.0,,,727391.11,9683751.57,O,19.1,A,11.93,14.93,20090617-20090708,20.6,A,16.36,20100714-20100805,21.5,A,11.59,17.33,20110712-20110719,M3,17.99,14.93,measured,1.2,observed,-1.0,20.3,14.38
TAP_A01,375.0,,,727365.9,9683757.89,P,68.5,A,5.8,14.12,20090617-20090708,72.3,A,14.71,20100714-20100805,56.4,A,1.59,15.26,20110712-20110719,M3,31.04,14.12,measured,0.0,observed,-1.0,56.4,14.12
TAP_A01,376.0,,,727362.64,9683753.06,O,8.7,A,3.76,4.84,20090617-20090708,9.2,A,5.88,20100714-20100805,9.0,A,2.19,6.11,20110712-20110719,M3,9.84,4.84,measured,0.15,observed,-1.0,8.85,4.78
TAP_A01,377.0,,,727355.13,9683752.95,O,8.2,A,6.78,8.0,20090617-20090708,8.2,A,8.88,20100714-20100805,8.4,A,7.97,9.92,20110712-20110719,M3,9.35,8.0,measured,0.1,observed,-1.0,8.3,7.93
TAP_A01,378.0,,,727352.68,9683754.08,O,27.2,A,27.51,32.55,20090617-20090708,28.3,A,31.46,20100714-20100805,27.6,A,23.37,29.55,20110712-20110719,M3,21.05,32.55,measured,0.2,observed,-1.0,27.4,32.4
TAP_A01,379.0,,,727327.69,9683754.88,O,17.2,A,1.02,7.98,20090617-20090708,17.0,D,9.41,20100714-20100805,17.0,D,1.38,9.4,20110712-20110719,M3,15.41,7.98,measured,0.0,observed,-1.0,17.0,7.98
TAP_A01,935.0,,,727315.82,9683757.7,P,,,,,20090617-20090708,33.2,A,8.99,20100714-20100805,36.0,A,1.9,11.06,20110712-20110719,M3,24.6,8.99,measured,0.1,site_median,-1.0,35.9,8.98
TAP_A01,380.0,,,727309.69,9683755.32,O,14.8,A,7.71,10.5,20090617-20090708,14.8,A,7.46,20100714-20100805,14.5,A,7.82,12.22,20110712-20110719,M3,13.82,10.5,measured,0.0,observed,-1.0,14.5,10.5
TAP_A01,381.0,,,727303.2,9683755.65,O,31.1,A,27.4,31.52,20090617-20090708,31.8,A,27.37,20100714-20100805,32.5,A,28.14,31.91,20110712-20110719,M3,23.2,31.52,measured,0.7,observed,-1.0,31.8,31.11
TAP_A01,382.0,,,727297.26,9683756.96,O,40.5,A,14.96,20.85,20090617-20090708,40.2,A,22.11,20100714-20100805,41.0,A,16.42,20.25,20110712-20110719,M3,26.42,20.85,measured,0.25,observed,-1.0,40.75,20.79
TAP_A01,383.0,,,727295.81,9683758.04,O,21.9,A,16.24,20.49,20090617-20090708,22.2,A,17.59,20100714-20100805,22.6,A,11.48,18.33,20110712-20110719,M3,18.58,20.49,measured,0.35,observed,-1.0,22.25,20.28
TAP_A01,384.0,,,727288.27,9683757.43,O,48.0,D,1.31,15.13,20090617-20090708,48.1,D,25.6,20100714-20100805,48.1,D,9.73,4.91,20110712-20110719,M3,28.72,15.13,measured,0.05,observed,-1.0,48.05,15.12
TAP_A01,385.0,,,727286.72,9683766.03,O,97.0,A,33.79,41.63,20090617-20090708,98.3,A,50.63,20100714-20100805,98.3,A,44.52,54.14,20110712-20110719,M3,38.75,41.63,measured,0.65,observed,-1.0,97.65,41.53
TAP_A01,386.0,,,727285.35,9683759.09,O,31.9,A,22.56,27.85,20090617-20090708,32.3,A,25.14,20100714-20100805,32.1,A,17.8,23.8,20110712-20110719,M3,23.03,27.85,measured,0.1,observed,-1.0,32.0,27.8
TAP_A01,387.0,,,727284.25,9683757.14,O,16.6,A,16.39,19.9,20090617-20090708,17.2,A,19.47,20100714-20100805,17.5,A,15.24,17.89,20110712-20110719,M3,15.71,19.9,measured,0.45,observed,-1.0,17.05,19.56
TAP_A01,388.0,,,727279.73,9683756.88,P,4.8,D,1.26,1.95,20090617-20090708,,D,1.35,20100714-20100805,,D,,,20110712-20110719,M3,,1.95,measured,0.1,site_median,-1.0,,
TAP_A01,389.0,,,727279.36,9683759.4,O,26.9,A,10.64,20.47,20090617-20090708,27.2,A,18.85,20100714-20100805,27.4,A,15.7,21.04,20110712-20110719,M3,20.95,20.47,measured,0.25,observed,-1.0,27.15,20.36
TAP_A01,390.0,,,727277.31,9683758.51,O,22.5,A,18.79,23.55,20090617-20090708,23.1,A,22.54,20100714-20100805,23.5,A,21.2,24.96,20110712-20110719,M3,19.05,23.55,measured,0.5,observed,-1.0,23.0,23.23
TAP_A01,391.0,,,727277.29,9683758.01,O,27.6,A,22.7,26.83,20090617-20090708,27.5,A,25.16,20100714-20100805,27.7,A,2.23,30.95,20110712-20110719,M3,21.09,26.83,measured,0.05,observed,-1.0,27.65,26.8
TAP_A01,392.0,,,727276.79,9683758.03,O,18.8,A,19.88,27.01,20090617-20090708,19.1,A,20.22,20100714-20100805,19.2,A,26.56,31.28,20110712-20110719,M3,16.71,27.01,measured,0.2,observed,-1.0,19.0,26.83
TAP_A01,393.0,,,727273.29,9683758.21,O,12.4,A,2.97,8.27,20090617-20090708,12.2,A,7.87,20100714-20100805,12.2,A,7.18,9.58,20110712-20110719,M3,12.25,8.27,measured,0.0,observed,-1.0,12.2,8.27
TAP_A01,936.0,,,727275.39,9683758.2,P,,,,,20090617-20090708,13.0,A,5.2,20100714-20100805,13.0,A,1.3,5.61,20110712-20110719,M3,12.81,5.2,measured,0.1,site_median,-1.0,12.9,5.17
TAP_A01,394.0,,,727266.77,9683758.05,O,5.2,A,4.52,6.61,20090617-20090708,5.9,A,9.51,20100714-20100805,6.5,A,3.98,8.24,20110712-20110719,M3,7.72,6.61,measured,0.65,observed,-1.0,5.85,6.1
TAP_A01,937.0,,,727262.28,9683758.29,P,25.0,A,0.53,5.26,20090617-20090708,25.0,A,7.17,20100714-20100805,24.0,A,1.66,7.42,20110712-20110719,M3,19.3,5.26,measured,0.0,observed,-1.0,24.0,5.26
TAP_A01,396.0,,,727260.7,9683766.38,O,103.1,A,44.5,61.15,20090617-20090708,102.5,A,63.27,20100714-20100805,104.4,A,42.52,50.26,20110712-20110719,M3,39.49,61.15,measured,0.65,observed,-1.0,103.75,61.04
TAP_A01,938.0,,,727256.99,9683759.46,O,,,,,20090617-20090708,34.2,A,6.07,20100714-20100805,30.0,A,1.65,6.07,20110712-20110719,M3,22.13,6.07,measured,0.1,site_median,-1.0,29.9,6.06
TAP_A01,397.0,,,727251.3,9683758.86,O,5.2,A,6.0,6.71,20090617-20090708,5.7,A,9.24,20100714-20100805,7.1,A,6.38,7.51,20110712-20110719,M3,8.25,6.71,measured,0.95,observed,-1.0,6.15,6.03
TAP_A01,398.0,,,727243.36,9683760.28,O,10.7,A,3.33,9.9,20090617-20090708,11.5,A,9.3,20100714-20100805,11.6,A,4.36,7.94,20110712-20110719,M3,11.82,9.9,measured,0.45,observed,-1.0,11.15,9.62
TAP_A01,399.0,,,727241.81,9683759.35,O,6.6,A,5.66,7.55,20090617-20090708,6.5,A,7.94,20100714-20100805,6.6,A,3.8,6.52,20110712-20110719,M3,7.81,7.55,measured,0.0,observed,-1.0,6.6,7.55
TAP_A01,400.0,,,727228.83,9683760.03,O,5.5,A,6.14,7.75,20090617-20090708,5.5,A,7.8,20100714-20100805,5.5,A,6.06,8.67,20110712-20110719,M3,6.81,7.75,measured,0.0,observed,-1.0,5.5,7.75
TAP_A01,401.0,,,727227.85,9683760.58,O,8.0,A,9.55,10.79,20090617-20090708,8.5,A,10.54,20100714-20100805,8.2,A,7.72,11.48,20110712-20110719,M3,9.19,10.79,measured,0.1,observed,-1.0,8.1,10.68
TAP_A01,939.0,,,727227.59,9683761.25,P,,,,,20090617-20090708,15.2,A,4.66,20100714-20100805,15.0,A,1.12,4.81,20110712-20110719,M3,14.15,4.66,measured,0.1,site_median,-1.0,14.9,4.64
TAP_A01,402.0,,,727225.8,9683759.69,O,7.5,A,4.88,8.94,20090617-20090708,8.1,A,9.51,20100714-20100805,8.7,A,6.1,11.68,20110712-20110719,M3,9.6,8.94,measured,0.6,observed,-1.0,8.1,8.47
TAP_A01,403.0,,,727221.65,9683766.41,O,63.6,A,34.54,42.39,20090617-20090708,63.5,A,28.66,20100714-20100805,64.1,A,23.37,30.52,20110712-20110719,M3,32.89,42.39,measured,0.25,observed,-1.0,63.85,42.33
TAP_A01,404.0,,,727220.39,9683761.47,O,4.9,A,3.72,6.18,20090617-20090708,5.1,A,4.85,20100714-20100805,5.0,A,,,20110712-20110719,M3,6.33,6.18,measured,0.05,observed,-1.0,4.95,6.13
TAP_A01,405.0,,,727219.31,9683760.03,O,5.4,A,5.21,6.68,20090617-20090708,5.5,A,5.45,20100714-20100805,5.5,A,4.73,6.37,20110712-20110719,M3,6.81,6.68,measured,0.05,observed,-1.0,5.45,6.63
TAP_A01,406.0,,,727217.34,9683760.63,O,11.9,A,6.25,12.54,20090617-20090708,12.1,A,11.86,20100714-20100805,12.3,A,6.0,13.47,20110712-20110719,M3,12.32,12.54,measured,0.2,observed,-1.0,12.1,12.4
TAP_A01,407.0,,,727217.34,9683760.63,O,15.2,A,6.25,12.54,20090617-20090708,14.7,A,10.15,20100714-20100805,15.3,A,,,20110712-20110719,M3,14.34,12.54,measured,0.05,observed,-1.0,15.25,12.51
TAP_A01,408.0,,,727217.34,9683760.63,O,5.1,A,1.77,2.19,20090617-20090708,5.1,A,3.31,20100714-20100805,5.1,A,1.16,2.52,20110712-20110719,M3,6.43,2.19,measured,0.0,observed,-1.0,5.1,2.19
TAP_A01,409.0,,,727208.85,9683761.07,L,5.0,A,0.99,4.69,20090617-20090708,,D,,20100714-20100805,,D,,,20110712-20110719,M3,,4.69,measured,0.1,site_median,-1.0,,
TAP_A01,410.0,,,727206.41,9683762.2,L,14.1,A,10.76,12.62,20090617-20090708,12.2,A,,20100714-20100805,12.2,A,,,20110712-20110719,M3,12.25,12.62,measured,0.0,observed,-1.0,12.2,12.62
TAP_A01,411.0,,,727202.34,9683760.91,O,15.1,A,1.6,15.0,20090617-20090708,15.1,A,11.55,20100714-20100805,15.3,A,11.02,12.83,20110712-20110719,M3,14.34,15.0,measured,0.1,observed,-1.0,15.2,14.94
TAP_A01,412.0,,,727191.88,9683761.96,O,5.5,A,2.45,7.38,20090617-20090708,5.6,A,8.22,20100714-20100805,5.6,A,3.34,9.26,20110712-20110719,M3,6.9,7.38,measured,0.05,observed,-1.0,5.55,7.33
TAP_A01,413.0,,,727188.48,9683773.65,O,212.5,A,54.4,62.21,20090617-20090708,213.0,A,46.6,20100714-20100805,212.5,A,39.99,50.71,20110712-20110719,M3,45.93,62.21,measured,0.0,observed,-1.0,212.5,62.21
TAP_A01,414.0,,,727185.36,9683761.8,O,43.1,A,11.88,14.05,20090617-20090708,45.4,A,22.88,20100714-20100805,47.0,A,23.24,29.44,20110712-20110719,M3,28.38,14.05,measured,1.95,observed,-1.0,45.05,13.75
TAP_A01,415.0,,,727184.04,9683765.37,P,42.2,A,9.58,15.92,20090617-20090708,41.1,A,14.99,20100714-20100805,39.0,A,7.33,17.28,20110712-20110719,M3,25.71,15.92,measured,0.0,observed,-1.0,39.0,15.92
TAP_A01,416.0,,,727177.42,9683763.21,O,10.4,A,5.21,10.15,20090617-20090708,10.5,A,6.55,20100714-20100805,10.6,A,7.54,10.09,20110712-20110719,M3,11.08,10.15,measured,0.1,observed,-1.0,10.5,10.08
TAP_A01,417.0,,,727174.43,9683763.37,O,8.9,A,6.7,9.96,20090617-20090708,9.0,A,8.24,20100714-20100805,9.1,A,6.62,8.05,20110712-20110719,M3,9.92,9.96,measured,0.1,observed,-1.0,9.0,9.88
TAP_A01,418.0,,,727169.01,9683765.15,O,12.5,D,1.61,2.67,20090617-20090708,,D,,20100714-20100805,,D,,,20110712-20110719,M3,,2.67,measured,0.1,site_median,-1.0,,
TAP_A01,419.0,,,727164.89,9683762.86,O,5.2,A,4.19,7.86,20090617-20090708,5.2,A,9.87,20100714-20100805,5.5,A,11.5,13.4,20110712-20110719,M3,6.81,7.86,measured,0.15,observed,-1.0,5.35,7.69
TAP_A01,420.0,,,727162.89,9683762.97,O,12.2,A,4.55,6.63,20090617-20090708,12.3,A,6.36,20100714-20100805,12.5,A,2.38,6.36,20110712-20110719,M3,12.46,6.63,measured,0.15,observed,-1.0,12.35,6.58
TAP_A01,421.0,,,727156.48,9683764.81,O,15.9,A,8.94,12.14,20090617-20090708,16.0,A,11.64,20100714-20100805,16.0,A,11.19,15.48,20110712-20110719,M3,14.79,12.14,measured,0.05,observed,-1.0,15.95,12.12
TAP_A01,422.0,,,727147.04,9683766.3,O,20.0,A,11.42,14.77,20090617-20090708,20.6,A,17.72,20100714-20100805,20.8,A,16.11,18.56,20110712-20110719,M3,17.61,14.77,measured,0.4,observed,-1.0,20.4,14.59
TAP_A01,940.0,,,727143.18,9683765.2,P,,,,,20090617-20090708,13.5,A,2.85,20100714-20100805,19.0,A,0.65,2.77,20110712-20110719,M3,16.6,2.85,measured,0.1,site_median,-1.0,18.9,2.84
TAP_A01,423.0,,,727138.03,9683766.27,O,12.2,A,15.01,18.87,20090617-20090708,14.4,A,20.76,20100714-20100805,14.8,A,15.62,18.39,20110712-20110719,M3,14.02,18.87,measured,1.3,observed,-1.0,13.5,17.7
TAP_A01,424.0,,,727108.49,9683766.31,O,7.5,A,6.88,9.65,20090617-20090708,7.7,A,9.52,20100714-20100805,8.3,A,5.29,7.5,20110712-20110719,M3,9.27,9.65,measured,0.4,observed,-1.0,7.9,9.31
TAP_A01,425.0,,,727106.49,9683766.41,O,7.6,A,6.09,9.82,20090617-20090708,8.1,A,9.03,20100714-20100805,9.4,A,5.64,10.07,20110712-20110719,M3,10.16,9.82,measured,0.9,observed,-1.0,8.5,9.11
TAP_A01,426.0,,,727087.99,9683766.87,O,10.1,A,10.2,12.21,20090617-20090708,10.2,A,9.03,20100714-20100805,10.1,A,4.86,9.29,20110712-20110719,M3,10.7,12.21,measured,0.0,observed,-1.0,10.1,12.21
TAP_A01,427.0,,,727087.02,9683767.43,L,10.6,A,1.35,12.35,20090617-20090708,10.0,A,,20100714-20100805,10.0,A,,,20110712-20110719,M3,10.62,12.35,measured,0.0,observed,-1.0,10.0,12.35
TAP_A01,428.0,,,727085.18,9683770.53,O,65.1,A,24.62,31.1,20090617-20090708,65.4,A,39.02,20100714-20100805,65.7,A,26.89,33.86,20110712-20110719,M3,33.25,31.1,measured,0.3,observed,-1.0,65.4,31.03
TAP_A01,429.0,,,727085.02,9683767.53,O,29.8,A,13.26,15.58,20090617-20090708,28.6,A,16.06,20100714-20100805,30.0,A,14.62,17.73,20110712-20110719,M3,22.13,15.58,measured,0.1,observed,-1.0,29.9,15.55
TAP_A01,430.0,,,727081.03,9683767.74,O,13.7,A,11.39,14.15,20090617-20090708,14.1,A,16.6,20100714-20100805,13.9,A,11.6,16.05,20110712-20110719,M3,13.42,14.15,measured,0.1,observed,-1.0,13.8,14.09
TAP_A01,431.0,,,727079.5,9683767.32,O,8.0,A,4.04,7.96,20090617-20090708,7.9,A,7.19,20100714-20100805,8.0,A,4.66,7.28,20110712-20110719,M3,9.02,7.96,measured,0.0,observed,-1.0,8.0,7.96
TAP_A01,432.0,,,727076.03,9683768.0,O,14.6,A,5.59,11.4,20090617-20090708,14.6,A,9.25,20100714-20100805,14.6,A,4.66,7.41,20110712-20110719,M3,13.89,11.4,measured,0.0,observed,-1.0,14.6,11.4
TAP_A01,433.0,,,727076.16,9683770.49,O,49.2,A,36.77,44.15,20090617-20090708,49.5,A,38.4,20100714-20100805,50.3,A,30.68,37.47,20110712-20110719,M3,29.37,44.15,measured,0.55,observed,-1.0,49.75,43.91
TAP_A01,434.0,,,727073.64,9683770.13,O,17.8,A,13.61,16.39,20090617-20090708,17.6,A,16.34,20100714-20100805,18.0,A,10.09,15.77,20110712-20110719,M3,16.01,16.39,measured,0.1,observed,-1.0,17.9,16.33
TAP_A01,435.0,,,727070.54,9683768.28,O,5.3,A,3.5,8.21,20090617-20090708,5.6,A,7.58,20100714-20100805,5.7,A,4.82,7.85,20110712-20110719,M3,6.99,8.21,measured,0.2,observed,-1.0,5.5,8.0
TAP_A01,436.0,,,727061.29,9683773.27,O,66.4,A,19.38,22.76,20090617-20090708,66.4,A,25.78,20100714-20100805,66.5,A,16.01,27.1,20110712-20110719,M3,33.42,22.76,measured,0.05,observed,-1.0,66.45,22.75
TAP_A01,437.0,,,727061.05,9683768.78,O,5.7,A,2.19,6.72,20090617-20090708,6.1,A,7.64,20100714-20100805,6.5,A,3.56,7.47,20110712-20110719,M3,7.72,6.72,measured,0.4,observed,-1.0,6.1,6.41
TAP_A01,438.0,,,727053.56,9683769.17,O,47.2,A,31.28,44.26,20090617-20090708,49.8,A,33.04,20100714-20100805,51.9,A,24.79,36.05,20110712-20110719,M3,29.82,44.26,measured,2.35,observed,-1.0,49.55,43.27
TAP_A01,439.0,,,727046.65,9683771.03,O,67.9,D,0.96,11.22,20090617-20090708,67.8,D,15.28,20100714-20100805,67.8,D,1.78,10.49,20110712-20110719,M3,33.7,11.22,measured,0.0,observed,-1.0,67.8,11.22
TAP_A01,440.0,,,727043.6,9683770.19,O,36.7,A,11.34,12.11,20090617-20090708,36.7,A,28.89,20100714-20100805,36.8,A,23.93,26.39,20110712-20110719,M3,24.9,12.11,measured,0.05,observed,-1.0,36.75,12.1
TAP_A01,441.0,,,727040.58,9683769.85,O,4.9,A,2.06,5.53,20090617-20090708,5.1,A,5.99,20100714-20100805,5.0,A,4.71,6.75,20110712-20110719,M3,6.33,5.53,measured,0.05,observed,-1.0,4.95,5.49
TAP_A01,442.0,,,727035.64,9683771.11,O,31.2,A,18.49,24.05,20090617-20090708,31.1,A,25.46,20100714-20100805,31.3,A,33.65,41.04,20110712-20110719,M3,22.69,24.05,measured,0.05,observed,-1.0,31.25,24.03
TAP_A01,443.0,,,727026.13,9683771.1,O,39.8,A,22.71,29.52,20090617-20090708,39.8,A,28.43,20100714-20100805,40.5,A,21.76,27.64,20110712-20110719,M3,26.25,29.52,measured,0.35,observed,-1.0,40.15,29.37
TAP_A01,444.0,,,727024.6,9683770.68,O,8.9,A,7.21,15.05,20090617-20090708,9.9,A,14.63,20100714-20100805,11.4,A,7.64,11.99,20110712-20110719,M3,11.67,15.05,measured,1.25,observed,-1.0,10.15,13.85
TAP_A01,445.0,,,727021.63,9683771.33,O,14.0,A,8.63,14.82,20090617-20090708,14.1,A,10.65,20100714-20100805,14.4,A,7.81,10.53,20110712-20110719,M3,13.76,14.82,measured,0.2,observed,-1.0,14.2,14.67
TAP_A01,941.0,,,727019.74,9683771.43,P,,,,,20090617-20090708,19.4,A,6.56,20100714-20100805,22.0,A,1.29,6.21,20110712-20110719,M3,18.26,6.56,measured,0.1,site_median,-1.0,21.9,6.54
TAP_A01,446.0,,,727006.13,9683771.64,O,11.5,A,4.01,7.79,20090617-20090708,11.5,A,7.71,20100714-20100805,12.5,A,3.26,8.27,20110712-20110719,M3,12.46,7.79,measured,0.5,observed,-1.0,12.0,7.57
TAP_A01,447.0,,,727004.74,9683773.72,O,60.0,A,42.48,48.86,20090617-20090708,60.5,A,41.76,20100714-20100805,61.5,A,33.88,39.94,20110712-20110719,M3,32.29,48.86,measured,0.75,observed,-1.0,60.75,48.6
TAP_A01,942.0,,,727000.13,9683773.66,P,,,,,20090617-20090708,26.5,A,6.83,20100714-20100805,32.4,A,1.58,7.37,20110712-20110719,M3,23.15,6.83,measured,0.1,site_median,-1.0,32.3,6.82
TAP_A01,448.0,,,726998.11,9683771.56,O,14.8,A,5.96,8.91,20090617-20090708,14.5,A,11.85,20100714-20100805,15.4,A,7.64,11.26,20110712-20110719,M3,14.41,8.91,measured,0.3,observed,-1.0,15.1,8.79
TAP_A01,943.0,,,726988.99,9683772.34,O,,,,,20090617-20090708,17.0,A,5.99,20100714-20100805,17.4,A,1.35,5.81,20110712-20110719,M3,15.65,5.99,measured,0.1,site_median,-1.0,17.3,5.97
TAP_A01,449.0,,,726982.18,9683782.9,O,154.6,A,51.49,59.22,20090617-20090708,155.7,A,63.65,20100714-20100805,155.0,A,56.22,62.1,20110712-20110719,M3,43.67,59.22,measured,0.2,observed,-1.0,154.8,59.21
TAP_A01,450.0,,,726980.79,9683775.47,O,53.3,A,45.8,54.38,20090617-20090708,52.7,A,42.41,20100714-20100805,52.8,A,38.36,42.41,20110712-20110719,M3,30.07,54.38,measured,0.0,observed,-1.0,52.8,54.38
TAP_A01,451.0,,,726967.68,9683773.65,O,11.0,A,8.69,12.78,20090617-20090708,11.3,A,11.98,20100714-20100805,11.2,A,10.26,12.85,20110712-20110719,M3,11.53,12.78,measured,0.1,observed,-1.0,11.1,12.69
TAP_A01,452.0,,,726954.78,9683775.82,O,18.6,A,4.87,13.96,20090617-20090708,18.6,A,12.96,20100714-20100805,18.9,A,9.61,11.77,20110712-20110719,M3,16.54,13.96,measured,0.15,observed,-1.0,18.75,13.88
TAP_A01,453.0,,,726953.7,9683774.38,O,7.5,A,4.89,8.34,20090617-20090708,7.6,A,9.23,20100714-20100805,7.8,A,3.74,9.87,20110712-20110719,M3,8.85,8.34,measured,0.15,observed,-1.0,7.65,8.23
TAP_A01,944.0,,,726952.43,9683774.94,P,,,,,20090617-20090708,13.2,A,3.64,20100714-20100805,17.0,A,1.02,4.43,20110712-20110719,M3,15.41,3.64,measured,0.1,site_median,-1.0,16.9,3.63
TAP_A01,454.0,,,726951.86,9683777.48,O,55.3,A,37.14,39.67,20090617-20090708,55.1,A,44.32,20100714-20100805,55.2,A,34.88,38.49,20110712-20110719,M3,30.72,39.67,measured,0.0,observed,-1.0,55.2,39.67
TAP_A01,455.0,,,726955.15,9683773.3,O,10.3,A,5.22,10.28,20090617-20090708,10.1,A,9.26,20100714-20100805,10.3,A,3.44,8.07,20110712-20110719,M3,10.85,10.28,measured,0.0,observed,-1.0,10.3,10.28
TAP_A01,456.0,,,726960.61,9683772.51,O,80.3,A,28.37,39.73,20090617-20090708,80.1,A,44.43,20100714-20100805,80.2,A,27.87,35.21,20110712-20110719,M3,36.06,39.73,measured,0.0,observed,-1.0,80.2,39.73
TAP_A01,457.0,,,726960.64,9683773.01,L,6.0,A,0.0,0.0,20090617-20090708,6.6,A,,20100714-20100805,6.0,A,,,20110712-20110719,M3,7.27,8.84,local_fit,0.0,observed,-1.0,6.0,8.84
TAP_A01,458.0,,,726964.63,9683772.8,O,31.1,A,17.24,20.34,20090617-20090708,31.7,A,20.88,20100714-20100805,32.0,A,18.25,23.96,20110712-20110719,M3,22.99,20.34,measured,0.45,observed,-1.0,31.55,20.17
TAP_A01,459.0,,,726964.63,9683772.8,L,4.5,A,0.0,0.0,20090617-20090708,5.1,A,,20100714-20100805,5.4,A,,,20110712-20110719,M3,6.71,7.57,local_fit,0.45,observed,-1.0,4.95,7.08
TAP_A01,460.0,,,726973.62,9683772.34,O,5.3,A,6.86,9.52,20090617-20090708,5.9,A,8.0,20100714-20100805,5.5,A,5.34,8.04,20110712-20110719,M3,6.81,9.52,measured,0.1,observed,-1.0,5.4,9.38
TAP_A01,461.0,,,726978.11,9683772.1,O,6.0,A,2.18,7.76,20090617-20090708,6.5,A,8.83,20100714-20100805,6.6,A,1.35,8.47,20110712-20110719,M3,7.81,7.76,measured,0.3,observed,-1.0,6.3,7.49
TAP_A01,462.0,,,726978.09,9683771.6,O,15.3,A,14.13,17.78,20090617-20090708,15.2,A,18.2,20100714-20100805,15.4,A,11.87,20.78,20110712-20110719,M3,14.41,17.78,measured,0.05,observed,-1.0,15.35,17.74
TAP_A01,463.0,,,726983.08,9683771.34,O,8.8,A,4.95,9.62,20090617-20090708,9.0,A,10.68,20100714-20100805,9.0,A,3.59,10.85,20110712-20110719,M3,9.84,9.62,measured,0.1,observed,-1.0,8.9,9.54
TAP_A01,945.0,,,726984.93,9683771.35,P,,,,,20090617-20090708,24.5,A,5.36,20100714-20100805,28.0,A,0.88,6.46,20110712-20110719,M3,21.23,5.36,measured,0.1,site_median,-1.0,27.9,5.35
TAP_A01,464.0,,,726993.91,9683767.77,O,71.4,A,25.26,28.87,20090617-20090708,71.9,A,46.24,20100714-20100805,73.0,A,36.27,48.93,20110712-20110719,M3,34.75,28.87,measured,0.8,observed,-1.0,72.2,28.74
TAP_A01,465.0,,,727002.56,9683770.33,O,13.4,D,1.45,2.43,20090617-20090708,,D,,20100714-20100805,,D,,,20110712-20110719,M3,,2.43,measured,0.1,site_median,-1.0,,
TAP_A01,466.0,,,727009.6,9683770.96,O,8.0,A,5.38,6.3,20090617-20090708,8.1,A,7.48,20100714-20100805,8.1,A,3.7,7.03,20110712-20110719,M3,9.1,6.3,measured,0.05,observed,-1.0,8.05,6.27
TAP_A01,946.0,,,727004.44,9683770.93,O,,,,,20090617-20090708,7.2,A,9.53,20100714-20100805,8.0,A,8.87,10.47,20110712-20110719,M3,9.02,9.53,measured,0.1,site_median,-1.0,7.9,9.45
TAP_A01,467.0,,,727011.99,9683768.83,O,26.0,D,1.11,8.36,20090617-20090708,26.1,D,7.73,20100714-20100805,26.1,D,1.62,8.35,20110712-20110719,M3,20.34,8.36,measured,0.05,observed,-1.0,26.05,8.35
TAP_A01,468.0,,,727016.48,9683768.6,O,32.0,A,16.85,17.97,20090617-20090708,32.4,A,22.4,20100714-20100805,32.5,A,16.59,23.17,20110712-20110719,M3,23.2,17.97,measured,0.25,observed,-1.0,32.25,17.88
TAP_A01,469.0,,,727017.56,9683770.04,O,24.2,A,12.15,13.81,20090617-20090708,24.1,A,15.73,20100714-20100805,24.2,A,10.98,16.23,20110712-20110719,M3,19.4,13.81,measured,0.0,observed,-1.0,24.2,13.81
TAP_A01,470.0,,,727029.54,9683769.42,O,9.1,A,6.59,9.6,20090617-20090708,9.5,A,10.14,20100714-20100805,9.2,A,4.1,10.45,20110712-20110719,M3,10.0,9.6,measured,0.05,observed,-1.0,9.15,9.56
TAP_A01,471.0,,,727032.54,9683769.26,O,10.8,A,7.77,9.15,20090617-20090708,10.8,A,8.14,20100714-20100805,10.5,A,5.74,7.38,20110712-20110719,M3,11.0,9.15,measured,0.0,observed,-1.0,10.5,9.15
TAP_A01,472.0,,,727043.53,9683768.69,O,5.4,A,2.24,5.46,20090617-20090708,5.5,A,4.42,20100714-20100805,5.5,A,1.77,5.19,20110712-20110719,M3,6.81,5.46,measured,0.05,observed,-1.0,5.45,5.42
TAP_A01,473.0,,,727046.02,9683768.56,O,15.8,A,7.58,10.29,20090617-20090708,15.8,A,11.56,20100714-20100805,16.2,A,2.58,12.65,20110712-20110719,M3,14.91,10.29,measured,0.2,observed,-1.0,16.0,10.21
TAP_A01,474.0,,,727075.4,9683765.53,O,18.9,A,7.45,14.46,20090617-20090708,19.1,A,14.13,20100714-20100805,19.2,A,6.73,14.09,20110712-20110719,M3,16.71,14.46,measured,0.15,observed,-1.0,19.05,14.39
TAP_A01,475.0,,,727080.48,9683766.76,O,5.6,A,4.86,9.75,20090617-20090708,5.7,A,7.61,20100714-20100805,5.9,A,4.75,7.32,20110712-20110719,M3,7.18,9.75,measured,0.15,observed,-1.0,5.75,9.56
TAP_A01,476.0,,,727085.0,9683767.03,O,14.5,D,1.68,11.92,20090617-20090708,14.4,D,10.13,20100714-20100805,14.4,D,1.5,11.15,20110712-20110719,M3,13.76,11.92,measured,0.0,observed,-1.0,14.4,11.92
TAP_A01,477.0,,,727090.46,9683766.24,L,8.8,A,0.0,0.0,20090617-20090708,8.7,A,,20100714-20100805,8.9,A,,,20110712-20110719,M3,9.76,10.86,local_fit,0.05,observed,-1.0,8.85,10.82
TAP_A01,947.0,,,727091.77,9683766.28,P,,,,,20090617-20090708,16.5,A,4.44,20100714-20100805,13.0,A,0.63,5.03,20110712-20110719,M3,12.81,4.44,measured,0.1,site_median,-1.0,12.9,4.42
TAP_A01,478.0,,,727091.99,9683766.67,O,8.2,A,5.69,7.83,20090617-20090708,8.6,A,8.67,20100714-20100805,9.5,A,6.37,10.2,20110712-20110719,M3,10.23,7.83,measured,0.65,observed,-1.0,8.85,7.44
TAP_A01,479.0,,,727099.45,9683765.78,O,5.4,A,1.96,3.16,20090617-20090708,5.5,A,3.82,20100714-20100805,5.5,A,2.44,5.38,20110712-20110719,M3,6.81,3.16,measured,0.05,observed,-1.0,5.45,3.14
TAP_A01,480.0,,,727102.97,9683766.09,O,4.7,A,3.15,5.39,20090617-20090708,5.8,A,6.2,20100714-20100805,4.8,A,2.58,6.75,20110712-20110719,M3,6.13,5.39,measured,0.05,observed,-1.0,4.75,5.35
TAP_A01,948.0,,,727107.17,9683765.87,O,,,,,20090617-20090708,5.4,A,7.25,20100714-20100805,6.0,A,3.05,5.61,20110712-20110719,M3,7.27,7.25,measured,0.1,site_median,-1.0,5.9,7.16
TAP_A01,481.0,,,727108.96,9683765.78,O,5.4,A,4.29,6.45,20090617-20090708,5.6,A,6.98,20100714-20100805,5.9,A,2.67,7.61,20110712-20110719,M3,7.18,6.45,measured,0.25,observed,-1.0,5.65,6.24
TAP_A01,949.0,,,727112.31,9683765.61,O,,,,,20090617-20090708,6.7,A,6.32,20100714-20100805,7.0,A,3.09,6.63,20110712-20110719,M3,8.17,6.32,measured,0.1,site_median,-1.0,6.9,6.25
TAP_A01,482.0,,,727114.43,9683764.99,O,5.5,A,1.94,5.58,20090617-20090708,5.5,A,6.01,20100714-20100805,6.2,A,2.1,5.21,20110712-20110719,M3,7.45,5.58,measured,0.35,observed,-1.0,5.85,5.34
TAP_A01,483.0,,,727120.24,9683761.19,P,42.2,A,14.09,27.93,20090617-20090708,42.8,A,26.89,20100714-20100805,42.3,A,13.35,25.76,20110712-20110719,M3,26.87,27.93,measured,0.05,observed,-1.0,42.25,27.91
TAP_A01,484.0,,,727125.41,9683764.42,O,5.5,A,2.59,5.11,20090617-20090708,5.5,A,4.17,20100714-20100805,5.5,A,1.3,3.87,20110712-20110719,M3,6.81,5.11,measured,0.0,observed,-1.0,5.5,5.11
TAP_A01,485.0,,,727125.39,9683763.92,O,15.1,A,6.0,8.35,20090617-20090708,15.2,A,8.77,20100714-20100805,15.4,A,3.06,6.67,20110712-20110719,M3,14.41,8.35,measured,0.15,observed,-1.0,15.25,8.29
TAP_A01,486.0,,,727136.93,9683764.32,O,5.8,A,5.2,7.83,20090617-20090708,6.0,A,7.72,20100714-20100805,6.2,A,2.52,6.14,20110712-20110719,M3,7.45,7.83,measured,0.2,observed,-1.0,6.0,7.64
TAP_A01,487.0,,,727136.85,9683762.82,O,34.7,A,21.85,25.02,20090617-20090708,35.2,A,22.85,20100714-20100805,35.9,A,19.02,26.43,20110712-20110719,M3,24.56,25.02,measured,0.6,observed,-1.0,35.3,24.78
TAP_A01,488.0,,,727137.87,9683763.27,O,5.5,D,0.0,1.53,20090617-20090708,5.5,D,1.3,20100714-20100805,5.5,D,,1.3,20110712-20110719,M3,6.81,1.53,measured,0.0,observed,-1.0,5.5,1.53
TAP_A01,489.0,,,727137.87,9683763.27,O,5.3,A,4.13,8.34,20090617-20090708,5.0,A,7.71,20100714-20100805,5.1,A,3.8,7.71,20110712-20110719,M3,6.43,8.34,measured,0.0,observed,-1.0,5.1,8.34
TAP_A01,490.0,,,727137.87,9683763.27,O,7.3,A,4.0,9.2,20090617-20090708,7.5,A,10.01,20100714-20100805,7.8,A,5.04,10.52,20110712-20110719,M3,8.85,9.2,measured,0.25,observed,-1.0,7.55,8.98
TAP_A01,491.0,,,727138.82,9683762.22,O,14.7,D,1.27,12.69,20090617-20090708,14.6,D,11.28,20100714-20100805,14.6,D,1.14,5.87,20110712-20110719,M3,13.89,12.69,measured,0.0,observed,-1.0,14.6,12.69
TAP_A01,492.0,,,727140.89,9683763.61,O,5.6,A,5.44,8.94,20090617-20090708,6.1,A,7.73,20100714-20100805,6.1,A,2.92,7.07,20110712-20110719,M3,7.36,8.94,measured,0.25,observed,-1.0,5.85,8.66
TAP_A01,493.0,,,727148.36,9683762.73,O,7.5,A,5.79,10.09,20090617-20090708,7.4,A,10.98,20100714-20100805,7.7,A,3.68,8.62,20110712-20110719,M3,8.77,10.09,measured,0.1,observed,-1.0,7.6,9.99
TAP_A01,950.0,,,727151.64,9683762.35,P,,,,,20090617-20090708,14.5,A,7.16,20100714-20100805,14.9,A,1.41,7.18,20110712-20110719,M3,14.08,7.16,measured,0.1,site_median,-1.0,14.8,7.13
TAP_A01,494.0,,,727159.87,9683762.63,O,11.1,A,4.56,9.92,20090617-20090708,11.2,A,8.92,20100714-20100805,11.3,A,4.2,9.4,20110712-20110719,M3,11.6,9.92,measured,0.1,observed,-1.0,11.2,9.86
TAP_A01,495.0,,,727160.34,9683762.1,O,31.6,A,23.19,28.46,20090617-20090708,31.8,A,27.57,20100714-20100805,32.0,A,14.67,28.02,20110712-20110719,M3,22.99,28.46,measured,0.2,observed,-1.0,31.8,28.35
TAP_A01,496.0,,,727161.34,9683762.05,O,9.6,A,11.84,18.67,20090617-20090708,10.1,A,12.27,20100714-20100805,10.9,A,10.16,14.44,20110712-20110719,M3,11.3,18.67,measured,0.65,observed,-1.0,10.25,17.86
TAP_A01,497.0,,,727166.36,9683762.29,O,5.3,A,4.75,9.36,20090617-20090708,5.4,A,5.29,20100714-20100805,5.4,A,3.41,5.1,20110712-20110719,M3,6.71,9.36,measured,0.05,observed,-1.0,5.35,9.29
TAP_A01,498.0,,,727172.35,9683761.97,O,10.4,A,3.1,7.05,20090617-20090708,10.5,A,8.47,20100714-20100805,11.0,A,1.5,8.48,20110712-20110719,M3,11.38,7.05,measured,0.3,observed,-1.0,10.7,6.91
TAP_A01,499.0,,,727177.37,9683762.21,O,11.8,A,1.72,10.4,20090617-20090708,11.4,A,8.42,20100714-20100805,12.2,A,3.01,7.73,20110712-20110719,M3,12.25,10.4,measured,0.2,observed,-1.0,12.0,10.28
TAP_A01,500.0,,,727177.87,9683762.19,O,14.4,D,1.3,9.22,20090617-20090708,14.1,D,6.53,20100714-20100805,,D,,,20110712-20110719,M3,,9.22,measured,0.1,site_median,-1.0,,
TAP_A01,501.0,,,727191.85,9683761.46,P,5.3,A,4.09,4.46,20090617-20090708,5.0,A,6.6,20100714-20100805,5.0,A,2.85,6.7,20110712-20110719,M3,6.33,4.46,measured,0.0,observed,-1.0,5.0,4.46
TAP_A01,502.0,,,727191.85,9683761.46,P,5.4,A,6.53,8.13,20090617-20090708,5.2,A,8.2,20100714-20100805,6.4,A,5.99,9.96,20110712-20110719,M3,7.64,8.13,measured,0.5,observed,-1.0,5.9,7.64
TAP_A01,503.0,,,727195.32,9683760.78,O,5.2,A,7.39,9.95,20090617-20090708,5.3,A,8.28,20100714-20100805,5.9,A,6.87,9.16,20110712-20110719,M3,7.18,9.95,measured,0.35,observed,-1.0,5.55,9.49
TAP_A01,504.0,,,727197.29,9683760.17,O,8.2,D,2.02,3.97,20090617-20090708,,D,,20100714-20100805,,D,,,20110712-20110719,M3,,3.97,measured,0.1,site_median,-1.0,,
TAP_A01,505.0,,,727197.29,9683760.17,O,7.2,D,1.62,2.31,20090617-20090708,,D,,20100714-20100805,,D,,,20110712-20110719,M3,,2.31,measured,0.1,site_median,-1.0,,
TAP_A01,506.0,,,727201.18,9683757.97,P,51.3,A,2.04,13.1,20090617-20090708,53.5,A,14.47,20100714-20100805,65.0,A,3.7,17.25,20110712-20110719,M3,33.09,13.1,measured,5.0,observed,-1.0,60.0,12.64
TAP_A01,507.0,,,727207.83,9683760.63,O,9.6,A,4.7,8.02,20090617-20090708,9.7,A,8.14,20100714-20100805,10.0,A,4.75,8.85,20110712-20110719,M3,10.62,8.02,measured,0.2,observed,-1.0,9.8,7.91
TAP_A01,508.0,,,727211.32,9683760.44,O,7.2,A,6.28,7.9,20090617-20090708,7.8,A,8.82,20100714-20100805,7.2,A,4.65,8.7,20110712-20110719,M3,8.34,7.9,measured,0.0,observed,-1.0,7.2,7.9
TAP_A01,509.0,,,727211.32,9683760.44,O,7.7,A,10.1,11.76,20090617-20090708,7.9,A,15.08,20100714-20100805,7.7,A,8.91,12.35,20110712-20110719,M3,8.77,11.76,measured,0.0,observed,-1.0,7.7,11.76
TAP_A01,510.0,,,727212.69,9683757.87,O,39.4,A,20.37,23.25,20090617-20090708,39.0,A,21.83,20100714-20100805,38.9,A,14.98,21.82,20110712-20110719,M3,25.68,23.25,measured,0.0,observed,-1.0,38.9,23.25
TAP_A01,511.0,,,727212.8,9683759.87,O,64.8,A,15.55,18.79,20090617-20090708,64.9,A,19.9,20100714-20100805,64.8,A,10.47,18.06,20110712-20110719,M3,33.05,18.79,measured,0.0,observed,-1.0,64.8,18.79
TAP_A01,512.0,,,727223.18,9683757.32,O,27.2,A,23.02,28.2,20090617-20090708,28.5,A,26.39,20100714-20100805,29.9,A,14.08,28.86,20110712-20110719,M3,22.09,28.2,measured,1.35,observed,-1.0,28.55,27.42
TAP_A01,951.0,,,727222.95,9683758.74,P,,,,,20090617-20090708,12.2,A,5.48,20100714-20100805,13.0,A,3.14,7.35,20110712-20110719,M3,12.81,5.48,measured,0.1,site_median,-1.0,12.9,5.45
TAP_A01,513.0,,,727229.22,9683758.01,O,25.1,A,19.79,21.84,20090617-20090708,25.1,A,21.92,20100714-20100805,24.8,A,16.76,23.92,20110712-20110719,M3,19.7,21.84,measured,0.0,observed,-1.0,24.8,21.84
TAP_A01,514.0,,,727232.27,9683758.85,O,52.5,A,23.21,27.4,20090617-20090708,49.5,A,27.64,20100714-20100805,49.7,A,22.45,27.49,20110712-20110719,M3,29.19,27.4,measured,0.0,observed,-1.0,49.7,27.4
TAP_A01,515.0,,,727235.74,9683758.17,O,14.3,A,5.86,9.5,20090617-20090708,14.2,A,11.12,20100714-20100805,14.2,A,5.03,11.81,20110712-20110719,M3,13.62,9.5,measured,0.0,observed,-1.0,14.2,9.5
TAP_A01,516.0,,,727238.76,9683758.51,O,19.2,A,4.75,8.26,20090617-20090708,18.9,A,10.96,20100714-20100805,18.9,A,4.83,9.36,20110712-20110719,M3,16.54,8.26,measured,0.0,observed,-1.0,18.9,8.26
TAP_A01,517.0,,,727240.26,9683758.43,O,9.3,A,4.26,7.12,20090617-20090708,8.7,A,6.7,20100714-20100805,8.9,A,3.64,7.43,20110712-20110719,M3,9.76,7.12,measured,0.0,observed,-1.0,8.9,7.12
TAP_A01,518.0,,,727241.78,9683758.86,O,13.0,A,4.72,5.81,20090617-20090708,13.2,A,7.25,20100714-20100805,13.1,A,5.37,8.11,20110712-20110719,M3,12.88,5.81,measured,0.05,observed,-1.0,13.05,5.79
TAP_A01,519.0,,,727243.28,9683758.78,O,6.1,A,4.38,6.52,20090617-20090708,7.0,A,7.53,20100714-20100805,7.4,A,6.43,8.35,20110712-20110719,M3,8.51,6.52,measured,0.65,observed,-1.0,6.75,6.09
TAP_A01,520.0,,,727249.19,9683756.97,P,29.2,A,1.49,6.33,20090617-20090708,28.5,A,7.97,20100714-20100805,35.0,A,1.88,9.38,20110712-20110719,M3,24.21,6.33,measured,2.9,observed,-1.0,32.1,6.02
TAP_A01,521.0,,,727255.74,9683757.63,O,5.4,A,1.98,2.33,20090617-20090708,5.6,A,3.83,20100714-20100805,5.4,A,2.5,4.35,20110712-20110719,M3,6.71,2.33,measured,0.0,observed,-1.0,5.4,2.33
TAP_A01,522.0,,,727256.13,9683755.6,P,37.2,A,8.98,17.37,20090617-20090708,36.8,A,14.15,20100714-20100805,31.0,A,14.65,21.3,20110712-20110719,M3,22.56,17.37,measured,0.0,observed,-1.0,31.0,17.37
TAP_A01,523.0,,,727264.7,9683756.66,O,10.8,D,1.43,1.84,20090617-20090708,11.0,D,1.95,20100714-20100805,11.0,D,,1.9,20110712-20110719,M3,11.38,1.84,measured,0.1,observed,-1.0,10.9,1.83
TAP_A01,524.0,,,727267.7,9683756.5,O,8.7,A,4.4,6.78,20090617-20090708,8.7,A,7.15,20100714-20100805,8.7,A,5.64,8.08,20110712-20110719,M3,9.6,6.78,measured,0.0,observed,-1.0,8.7,6.78
TAP_A01,525.0,,,727268.22,9683756.98,O,6.8,A,5.31,6.86,20090617-20090708,6.8,A,7.61,20100714-20100805,6.9,A,5.43,7.71,20110712-20110719,M3,8.08,6.86,measured,0.05,observed,-1.0,6.85,6.83
TAP_A01,526.0,,,727269.72,9683756.9,O,5.7,A,6.1,8.61,20090617-20090708,5.9,A,7.07,20100714-20100805,6.0,A,3.66,6.7,20110712-20110719,M3,7.27,8.61,measured,0.15,observed,-1.0,5.85,8.44
TAP_A01,527.0,,,727271.22,9683756.82,O,6.0,A,3.69,7.99,20090617-20090708,6.3,A,6.34,20100714-20100805,6.1,A,6.66,9.77,20110712-20110719,M3,7.36,7.99,measured,0.05,observed,-1.0,6.05,7.95
TAP_A01,528.0,,,727283.17,9683755.7,O,43.0,A,31.4,39.98,20090617-20090708,42.9,A,42.33,20100714-20100805,44.5,A,36.47,43.07,20110712-20110719,M3,27.59,39.98,measured,0.75,observed,-1.0,43.75,39.63
TAP_A01,529.0,,,727291.16,9683755.28,O,48.6,A,33.67,37.26,20090617-20090708,48.2,D,36.7,20100714-20100805,48.2,D,1.78,38.24,20110712-20110719,M3,28.75,37.26,measured,0.0,observed,-1.0,48.2,37.26
TAP_A01,952.0,,,727290.59,9683755.71,L,,,,,20090617-20090708,6.3,A,,20100714-20100805,6.6,A,,,20110712-20110719,M3,7.81,7.81,feldpausch_regional,0.1,site_median,-1.0,6.5,7.72
TAP_A01,530.0,,,727301.18,9683755.26,O,7.4,A,5.63,8.72,20090617-20090708,7.8,A,7.62,20100714-20100805,8.2,A,3.73,6.3,20110712-20110719,M3,9.19,8.72,measured,0.4,observed,-1.0,7.8,8.4
TAP_A01,531.0,,,727302.86,9683749.16,O,61.0,A,31.11,40.03,20090617-20090708,60.9,A,36.08,20100714-20100805,61.2,A,34.54,35.71,20110712-20110719,M3,32.22,40.03,measured,0.1,observed,-1.0,61.1,40.01
TAP_A01,532.0,,,727305.17,9683755.05,P,29.6,A,0.56,7.01,20090617-20090708,28.5,A,8.53,20100714-20100805,24.0,A,1.38,6.67,20110712-20110719,M3,19.3,7.01,measured,0.0,observed,-1.0,24.0,7.01
TAP_A01,533.0,,,727307.14,9683754.45,O,18.3,A,7.25,11.3,20090617-20090708,16.5,A,12.55,20100714-20100805,16.5,A,12.87,14.3,20110712-20110719,M3,15.1,11.3,measured,0.0,observed,-1.0,16.5,11.3
TAP_A01,534.0,,,727314.66,9683754.56,O,6.4,A,3.68,6.9,20090617-20090708,6.3,A,5.58,20100714-20100805,6.6,A,2.87,6.52,20110712-20110719,M3,7.81,6.9,measured,0.1,observed,-1.0,6.5,6.82
TAP_A01,535.0,,,727329.66,9683754.27,O,7.2,A,6.44,7.92,20090617-20090708,7.2,A,8.18,20100714-20100805,7.3,A,6.67,8.21,20110712-20110719,M3,8.43,7.92,measured,0.05,observed,-1.0,7.25,7.87
TAP_A01,536.0,,,727329.66,9683754.27,O,6.1,A,5.89,7.58,20090617-20090708,6.4,A,8.04,20100714-20100805,6.3,A,8.51,11.47,20110712-20110719,M3,7.54,7.58,measured,0.1,observed,-1.0,6.2,7.49
TAP_A01,537.0,,,727335.13,9683753.49,O,9.0,A,3.37,5.11,20090617-20090708,9.1,A,4.52,20100714-20100805,9.0,A,3.97,6.46,20110712-20110719,M3,9.84,5.11,measured,0.0,observed,-1.0,9.0,5.11
TAP_A01,538.0,,,727348.11,9683752.81,O,7.8,D,1.38,2.05,20090617-20090708,7.4,D,1.9,20100714-20100805,7.4,D,,1.88,20110712-20110719,M3,8.51,2.05,measured,0.0,observed,-1.0,7.4,2.05
TAP_A01,539.0,,,727352.61,9683752.58,O,12.2,A,7.86,9.39,20090617-20090708,12.3,A,11.15,20100714-20100805,12.4,A,1.11,7.74,20110712-20110719,M3,12.39,9.39,measured,0.1,observed,-1.0,12.3,9.34
TAP_A01,540.0,,,727354.6,9683752.47,O,8.9,A,4.36,8.99,20090617-20090708,9.1,A,4.88,20100714-20100805,9.1,D,2.46,6.42,20110712-20110719,M3,9.92,8.99,measured,0.1,observed,-1.0,9.0,8.92
TAP_A01,541.0,,,727358.1,9683752.29,O,5.7,A,3.07,3.66,20090617-20090708,6.5,D,3.66,20100714-20100805,,D,,,20110712-20110719,M3,,3.66,measured,0.1,site_median,-1.0,,
TAP_A01,542.0,,,727366.09,9683751.87,O,11.4,A,1.25,8.35,20090617-20090708,11.5,A,5.17,20100714-20100805,,A,,,20110712-20110719,M3,,8.35,measured,0.1,site_median,-1.0,,
TAP_A01,543.0,,,727390.08,9683751.12,O,5.8,A,3.29,4.21,20090617-20090708,5.9,A,4.8,20100714-20100805,6.0,A,4.73,6.86,20110712-20110719,M3,7.27,4.21,measured,0.1,observed,-1.0,5.9,4.16
TAP_A01,544.0,,,727394.55,9683750.39,P,57.6,A,5.61,13.81,20090617-20090708,57.3,A,13.71,20100714-20100805,55.4,A,7.22,15.09,20110712-20110719,M3,30.77,13.81,measured,0.0,observed,-1.0,55.4,13.81
TAP_A01,545.0,,,727401.54,9683750.03,L,5.6,A,0.0,0.0,20090617-20090708,6.3,A,,20100714-20100805,6.3,D,,,20110712-20110719,M3,7.54,8.51,local_fit,0.35,observed,-1.0,5.95,8.16
TAP_A01,546.0,,,727401.54,9683750.03,P,29.0,A,9.78,17.71,20090617-20090708,29.2,A,21.42,20100714-20100805,29.5,A,14.67,18.67,20110712-20110719,M3,21.91,17.71,measured,0.25,observed,-1.0,29.25,17.62
TAP_A01,547.0,,,727408.0,9683749.19,O,10.6,A,3.38,6.95,20090617-20090708,10.8,A,6.34,20100714-20100805,10.6,A,5.37,7.04,20110712-20110719,M3,11.08,6.95,measured,0.0,observed,-1.0,10.6,6.95
TAP_A01,548.0,,,727412.55,9683749.95,O,9.0,A,6.26,8.17,20090617-20090708,13.1,A,12.3,20100714-20100805,15.3,A,13.15,15.18,20110712-20110719,M3,14.34,8.17,measured,3.15,observed,-1.0,12.15,6.96
TAP_A01,549.0,,,727431.42,9683746.97,O,14.4,A,11.24,13.94,20090617-20090708,15.1,A,13.92,20100714-20100805,17.5,A,15.26,17.77,20110712-20110719,M3,15.71,13.94,measured,1.55,observed,-1.0,15.95,13.1
TAP_A01,550.0,,,727434.99,9683748.28,O,6.4,A,4.11,6.54,20090617-20090708,6.3,A,6.95,20100714-20100805,6.5,A,6.63,8.79,20110712-20110719,M3,7.72,6.54,measured,0.05,observed,-1.0,6.45,6.51
TAP_A01,551.0,,,727443.98,9683747.81,O,6.2,A,4.78,8.28,20090617-20090708,6.2,A,7.89,20100714-20100805,6.9,A,3.1,8.38,20110712-20110719,M3,8.08,8.28,measured,0.35,observed,-1.0,6.55,7.96
TAP_A01,552.0,,,727442.96,9683747.37,O,14.5,A,6.77,14.99,20090617-20090708,14.4,A,16.7,20100714-20100805,14.4,A,6.27,15.52,20110712-20110719,M3,13.76,14.99,measured,0.0,observed,-1.0,14.4,14.99
TAP_A01,553.0,,,727444.98,9683747.76,O,7.0,A,5.17,11.33,20090617-20090708,7.1,A,10.41,20100714-20100805,7.1,A,4.92,10.11,20110712-20110719,M3,8.25,11.33,measured,0.05,observed,-1.0,7.05,11.28
TAP_A01,554.0,,,727444.95,9683747.26,O,26.2,A,11.14,20.26,20090617-20090708,26.6,A,20.01,20100714-20100805,26.9,A,12.87,22.1,20110712-20110719,M3,20.72,20.26,measured,0.35,observed,-1.0,26.55,20.09
TAP_A01,555.0,,,727745.93,9683724.39,O,53.7,A,24.18,32.62,20090617-20090708,53.7,A,30.79,20100714-20100805,53.7,A,17.07,31.28,20110712-20110719,M4,30.32,32.62,measured,0.0,observed,-1.0,53.7,32.62
TAP_A01,556.0,,,727746.98,9683722.36,O,6.5,A,4.39,6.76,20090617-20090708,6.5,A,5.93,20100714-20100805,6.4,A,2.12,3.46,20110712-20110719,M4,7.64,6.76,measured,0.0,observed,-1.0,6.4,6.76
TAP_A01,557.0,,,727751.0,9683721.75,L,8.1,A,0.0,0.0,20090617-20090708,8.1,A,,20100714-20100805,8.4,A,,,20110712-20110719,M4,9.35,10.39,local_fit,0.15,observed,-1.0,8.25,10.26
TAP_A01,558.0,,,727753.98,9683722.16,O,8.8,A,5.94,9.75,20090617-20090708,8.8,A,10.73,20100714-20100805,8.9,A,7.88,10.66,20110712-20110719,M4,9.76,9.75,measured,0.05,observed,-1.0,8.85,9.71
TAP_A01,559.0,,,727757.97,9683722.55,O,9.9,A,11.12,13.06,20090617-20090708,10.3,A,13.51,20100714-20100805,11.0,A,11.75,14.25,20110712-20110719,M4,11.38,13.06,measured,0.55,observed,-1.0,10.45,12.59
TAP_A01,560.0,,,727762.77,9683729.41,O,101.4,A,43.32,47.86,20090617-20090708,99.7,A,48.92,20100714-20100805,100.3,A,47.14,55.81,20110712-20110719,M4,39.0,47.86,measured,0.0,observed,-1.0,100.3,47.86
TAP_A01,561.0,,,727773.97,9683721.6,O,7.5,A,4.51,8.0,20090617-20090708,7.6,A,7.76,20100714-20100805,8.9,A,3.85,8.03,20110712-20110719,M4,9.76,8.0,measured,0.7,observed,-1.0,8.2,7.53
TAP_A01,562.0,,,727774.42,9683723.59,O,61.8,D,1.32,9.37,20090617-20090708,61.2,D,9.63,20100714-20100805,61.2,D,1.38,5.44,20110712-20110719,M4,32.22,9.37,measured,0.0,observed,-1.0,61.2,9.37
TAP_A01,563.0,,,727776.96,9683722.02,O,10.9,A,11.09,16.52,20090617-20090708,11.1,A,17.15,20100714-20100805,11.7,A,4.15,6.79,20110712-20110719,M4,11.89,16.52,measured,0.4,observed,-1.0,11.3,16.12
TAP_A01,564.0,,,727778.46,9683721.98,L,7.2,A,0.0,0.0,20090617-20090708,7.5,A,,20100714-20100805,7.9,A,,,20110712-20110719,M4,8.94,9.75,local_fit,0.35,observed,-1.0,7.55,9.42
TAP_A01,565.0,,,727779.43,9683722.95,O,84.7,A,38.32,48.28,20090617-20090708,82.4,A,50.86,20100714-20100805,82.4,A,34.61,45.16,20110712-20110719,M4,36.43,48.28,measured,0.0,observed,-1.0,82.4,48.28
TAP_A01,566.0,,,727778.99,9683720.97,L,7.2,A,0.0,0.0,20090617-20090708,7.3,A,,20100714-20100805,7.3,A,,,20110712-20110719,M4,8.43,9.75,local_fit,0.05,observed,-1.0,7.25,9.69
TAP_A01,567.0,,,727787.97,9683721.21,O,5.0,A,6.0,6.86,20090617-20090708,5.0,A,7.36,20100714-20100805,5.0,A,6.3,8.24,20110712-20110719,M4,6.33,6.86,measured,0.0,observed,-1.0,5.0,6.86
TAP_A01,568.0,,,727803.45,9683721.28,L,9.3,A,27.19,29.0,20090617-20090708,9.2,A,,20100714-20100805,9.1,A,,,20110712-20110719,M4,9.92,29.0,measured,0.0,observed,-1.0,9.1,29.0
TAP_A01,569.0,,,727807.46,9683720.67,O,22.2,A,19.26,21.25,20090617-20090708,22.8,A,21.81,20100714-20100805,23.1,A,17.83,22.39,20110712-20110719,M4,18.84,21.25,measured,0.45,observed,-1.0,22.65,20.98
TAP_A01,570.0,,,727815.96,9683720.43,O,14.6,A,13.3,18.38,20090617-20090708,15.1,A,17.45,20100714-20100805,15.4,A,14.97,19.38,20110712-20110719,M4,14.41,18.38,measured,0.4,observed,-1.0,15.0,18.05
TAP_A01,571.0,,,727816.9,9683722.4,O,27.0,A,12.79,15.01,20090617-20090708,27.1,A,21.22,20100714-20100805,27.0,A,15.9,21.93,20110712-20110719,M4,20.76,15.01,measured,0.0,observed,-1.0,27.0,15.01
TAP_A01,572.0,,,727827.34,9683724.11,O,66.4,A,34.02,37.71,20090617-20090708,66.7,A,39.26,20100714-20100805,67.0,A,31.38,38.58,20110712-20110719,M4,33.53,37.71,measured,0.3,observed,-1.0,66.7,37.63
TAP_A01,573.0,,,727828.95,9683720.07,O,24.0,D,1.51,2.37,20090617-20090708,21.6,D,2.15,20100714-20100805,21.6,D,1.49,2.02,20110712-20110719,M4,18.05,2.37,measured,0.0,observed,-1.0,21.6,2.37
TAP_A01,574.0,,,727830.95,9683720.01,O,18.7,A,8.98,13.59,20090617-20090708,18.6,A,15.46,20100714-20100805,18.5,A,14.52,15.93,20110712-20110719,M4,16.31,13.59,measured,0.0,observed,-1.0,18.5,13.59
TAP_A01,575.0,,,727834.45,9683719.91,O,8.3,A,5.6,7.34,20090617-20090708,8.2,A,6.17,20100714-20100805,8.0,A,4.56,5.52,20110712-20110719,M4,9.02,7.34,measured,0.0,observed,-1.0,8.0,7.34
TAP_A01,576.0,,,727845.45,9683719.61,O,5.2,A,3.05,5.48,20090617-20090708,5.2,A,7.36,20100714-20100805,5.6,A,2.98,7.65,20110712-20110719,M4,6.9,5.48,measured,0.2,observed,-1.0,5.4,5.33
TAP_A01,577.0,,,727845.95,9683719.59,O,12.2,A,7.84,10.58,20090617-20090708,12.3,A,11.92,20100714-20100805,12.5,A,11.13,13.1,20110712-20110719,M4,12.46,10.58,measured,0.15,observed,-1.0,12.35,10.5
TAP_A01,578.0,,,727850.28,9683725.46,O,51.1,A,11.07,12.61,20090617-20090708,51.4,A,34.81,20100714-20100805,51.3,A,20.64,24.31,20110712-20110719,M4,29.65,12.61,measured,0.1,observed,-1.0,51.2,12.6
TAP_A01,579.0,,,727851.92,9683720.42,O,33.3,A,23.38,30.37,20090617-20090708,34.7,A,32.64,20100714-20100805,35.5,A,13.41,24.64,20110712-20110719,M4,24.4,30.37,measured,1.1,observed,-1.0,34.4,29.83
TAP_A01,580.0,,,727865.42,9683719.55,L,13.5,A,0.0,0.0,20090617-20090708,13.4,A,,20100714-20100805,14.5,A,,,20110712-20110719,M4,13.82,13.68,local_fit,0.5,observed,-1.0,14.0,13.35
TAP_A01,581.0,,,727865.42,9683719.55,O,6.0,A,7.45,12.4,20090617-20090708,6.3,A,11.18,20100714-20100805,6.9,A,7.06,11.82,20110712-20110719,M4,8.08,12.4,measured,0.45,observed,-1.0,6.45,11.79
TAP_A01,582.0,,,727865.44,9683719.05,O,18.1,A,10.91,13.77,20090617-20090708,18.1,A,16.44,20100714-20100805,17.8,A,9.75,13.83,20110712-20110719,M4,15.89,13.77,measured,0.0,observed,-1.0,17.8,13.77
TAP_A01,583.0,,,727865.94,9683719.03,O,7.7,A,6.15,10.93,20090617-20090708,8.2,A,11.56,20100714-20100805,9.2,A,8.92,10.85,20110712-20110719,M4,10.0,10.93,measured,0.75,observed,-1.0,8.45,10.26
TAP_A01,584.0,,,727868.44,9683718.96,L,6.3,A,0.0,0.0,20090617-20090708,,D,,20100714-20100805,,D,,,20110712-20110719,M4,,9.07,local_fit,0.1,site_median,-1.0,,
TAP_A01,585.0,,,727871.45,9683718.38,O,42.8,A,29.85,33.21,20090617-20090708,42.7,A,37.09,20100714-20100805,42.5,A,35.22,37.68,20110712-20110719,M4,26.93,33.21,measured,0.0,observed,-1.0,42.5,33.21
TAP_A01,586.0,,,727872.43,9683718.85,O,40.4,A,24.21,28.62,20090617-20090708,41.5,A,21.4,20100714-20100805,43.2,A,24.99,29.72,20110712-20110719,M4,27.17,28.62,measured,1.4,observed,-1.0,41.8,28.12
TAP_A01,587.0,,,727881.42,9683719.1,O,12.9,A,4.31,9.77,20090617-20090708,13.0,A,8.71,20100714-20100805,,A,,,20110712-20110719,M4,,9.77,measured,0.1,site_median,-1.0,,
TAP_A01,588.0,,,727898.41,9683718.62,O,26.3,A,19.57,25.46,20090617-20090708,26.2,A,21.25,20100714-20100805,26.5,A,14.05,19.47,20110712-20110719,M4,20.53,25.46,measured,0.1,observed,-1.0,26.4,25.4
TAP_A01,589.0,,,727902.41,9683718.51,O,17.8,A,12.9,19.49,20090617-20090708,17.4,A,17.73,20100714-20100805,17.7,A,11.66,15.92,20110712-20110719,M4,15.83,19.49,measured,0.0,observed,-1.0,17.7,19.49
TAP_A01,590.0,,,727910.89,9683718.77,O,24.4,A,14.31,20.87,20090617-20090708,24.4,A,20.55,20100714-20100805,24.2,A,15.0,19.26,20110712-20110719,M4,19.4,20.87,measured,0.0,observed,-1.0,24.2,20.87
TAP_A01,591.0,,,727917.92,9683717.58,O,13.5,A,16.06,18.22,20090617-20090708,13.8,A,17.69,20100714-20100805,14.0,A,17.23,18.97,20110712-20110719,M4,13.49,18.22,measured,0.25,observed,-1.0,13.75,17.99
TAP_A01,592.0,,,727920.93,9683716.99,O,6.8,A,9.65,12.4,20090617-20090708,7.5,A,13.66,20100714-20100805,7.7,A,11.77,15.09,20110712-20110719,M4,8.77,12.4,measured,0.45,observed,-1.0,7.25,11.85
TAP_A01,593.0,,,727921.9,9683717.97,O,17.5,A,19.02,21.0,20090617-20090708,18.4,A,23.92,20100714-20100805,19.8,A,16.38,23.38,20110712-20110719,M4,17.05,21.0,measured,1.15,observed,-1.0,18.65,20.19
TAP_A01,594.0,,,727927.86,9683719.3,O,26.2,A,19.28,22.1,20090617-20090708,27.3,A,22.1,20100714-20100805,28.8,A,22.07,23.54,20110712-20110719,M4,21.59,22.1,measured,1.3,observed,-1.0,27.5,21.5
TAP_A01,595.0,,,727933.36,9683719.14,O,26.8,A,16.67,20.33,20090617-20090708,27.4,A,23.56,20100714-20100805,28.3,A,14.51,19.5,20110712-20110719,M4,21.37,20.33,measured,0.75,observed,-1.0,27.55,20.0
TAP_A01,596.0,,,727943.89,9683717.35,O,12.6,A,11.15,15.39,20090617-20090708,13.4,A,14.01,20100714-20100805,14.9,A,8.71,13.45,20110712-20110719,M4,14.08,15.39,measured,1.15,observed,-1.0,13.75,14.56
TAP_A01,597.0,,,727947.39,9683717.25,O,35.5,A,20.02,27.99,20090617-20090708,36.4,A,31.77,20100714-20100805,38.5,A,21.95,30.97,20110712-20110719,M4,25.53,27.99,measured,1.5,observed,-1.0,37.0,27.39
TAP_A01,598.0,,,727949.83,9683719.18,O,40.3,A,29.07,34.24,20090617-20090708,42.4,A,30.29,20100714-20100805,44.0,A,19.05,31.97,20110712-20110719,M4,27.43,34.24,measured,1.85,observed,-1.0,42.15,33.48
TAP_A01,599.0,,,727951.39,9683717.14,O,13.5,A,22.82,26.99,20090617-20090708,13.6,A,15.19,20100714-20100805,14.5,A,8.13,15.64,20110712-20110719,M4,13.82,26.99,measured,0.5,observed,-1.0,14.0,26.35
TAP_A01,600.0,,,727952.89,9683717.1,O,14.1,A,13.89,19.89,20090617-20090708,15.1,A,13.03,20100714-20100805,,A,,,20110712-20110719,M4,,19.89,measured,0.1,site_median,-1.0,,
TAP_A01,601.0,,,727958.28,9683720.94,O,48.4,A,28.18,32.1,20090617-20090708,48.5,A,34.36,20100714-20100805,53.3,A,26.9,34.87,20110712-20110719,M4,30.21,32.1,measured,2.45,observed,-1.0,50.85,31.38
TAP_A01,602.0,,,727959.86,9683717.9,O,39.4,D,1.75,24.76,20090617-20090708,39.4,D,20.74,20100714-20100805,39.4,D,,2.43,20110712-20110719,M4,25.86,24.76,measured,0.0,observed,-1.0,39.4,24.76
TAP_A01,603.0,,,727962.9,9683716.32,O,8.1,A,2.6,4.86,20090617-20090708,8.2,A,6.96,20100714-20100805,8.3,A,3.82,7.04,20110712-20110719,M4,9.27,4.86,measured,0.1,observed,-1.0,8.2,4.82
TAP_A01,604.0,,,727974.37,9683717.0,O,12.7,A,5.99,13.18,20090617-20090708,12.8,A,10.07,20100714-20100805,13.0,A,5.27,11.06,20110712-20110719,M4,12.81,13.18,measured,0.15,observed,-1.0,12.85,13.08
TAP_A01,605.0,,,727977.85,9683717.4,O,39.4,D,1.64,12.87,20090617-20090708,39.5,D,11.87,20100714-20100805,39.5,D,,9.7,20110712-20110719,M4,25.89,12.87,measured,0.05,observed,-1.0,39.45,12.87
TAP_A01,953.0,,,727980.41,9683715.33,O,9.8,A,5.79,10.26,20090617-20090708,10.3,A,13.11,20100714-20100805,11.4,A,9.14,13.47,20110712-20110719,M4,11.67,10.26,measured,0.8,observed,-1.0,10.6,9.74
TAP_A01,607.0,,,727981.91,9683715.29,O,6.5,A,3.23,7.16,20090617-20090708,6.9,A,8.83,20100714-20100805,6.8,A,4.29,8.97,20110712-20110719,M4,7.99,7.16,measured,0.15,observed,-1.0,6.65,7.04
TAP_A01,608.0,,,727989.89,9683715.56,P,5.4,A,3.19,6.62,20090617-20090708,5.8,A,4.82,20100714-20100805,6.8,A,3.37,5.66,20110712-20110719,M4,7.99,6.62,measured,0.7,observed,-1.0,6.1,6.1
TAP_A01,609.0,,,727993.33,9683717.47,O,25.1,A,20.66,26.88,20090617-20090708,25.4,A,24.84,20100714-20100805,25.1,A,17.96,20.47,20110712-20110719,M4,19.85,26.88,measured,0.0,observed,-1.0,25.1,26.88
TAP_A01,610.0,,,728001.88,9683715.23,O,9.5,A,10.29,15.42,20090617-20090708,9.5,A,15.1,20100714-20100805,9.5,A,10.81,13.89,20110712-20110719,M4,10.23,15.42,measured,0.0,observed,-1.0,9.5,15.42
TAP_A01,611.0,,,728001.9,9683714.73,O,23.0,A,13.92,16.32,20090617-20090708,23.4,A,20.88,20100714-20100805,23.4,A,17.51,23.4,20110712-20110719,M4,18.99,16.32,measured,0.2,observed,-1.0,23.2,16.23
TAP_A01,612.0,,,728002.88,9683715.2,O,5.0,A,3.97,6.5,20090617-20090708,5.1,A,6.17,20100714-20100805,5.0,A,2.98,5.91,20110712-20110719,M4,6.33,6.5,measured,0.0,observed,-1.0,5.0,6.5
TAP_A01,613.0,,,728005.38,9683715.13,O,10.1,A,7.2,16.55,20090617-20090708,10.3,A,11.81,20100714-20100805,10.4,A,4.49,10.85,20110712-20110719,M4,10.93,16.55,measured,0.15,observed,-1.0,10.25,16.37
TAP_A01,614.0,,,728008.4,9683714.55,O,5.5,A,3.58,6.79,20090617-20090708,5.2,A,9.05,20100714-20100805,5.1,A,2.82,5.24,20110712-20110719,M4,6.43,6.79,measured,0.0,observed,-1.0,5.1,6.79
TAP_A01,615.0,,,728008.38,9683715.05,O,18.4,A,17.09,20.13,20090617-20090708,18.9,A,20.52,20100714-20100805,19.0,A,12.72,19.9,20110712-20110719,M4,16.6,20.13,measured,0.3,observed,-1.0,18.7,19.91
TAP_A01,616.0,,,728009.88,9683715.01,O,7.5,A,8.34,10.71,20090617-20090708,7.5,A,11.85,20100714-20100805,7.6,A,6.63,11.2,20110712-20110719,M4,8.68,10.71,measured,0.05,observed,-1.0,7.55,10.66
TAP_A01,617.0,,,728013.39,9683714.41,O,8.1,A,5.82,8.86,20090617-20090708,7.9,A,9.46,20100714-20100805,8.1,A,7.1,11.41,20110712-20110719,M4,9.1,8.86,measured,0.0,observed,-1.0,8.1,8.86
TAP_A01,618.0,,,728018.88,9683714.75,O,26.8,A,28.73,32.06,20090617-20090708,27.5,A,21.62,20100714-20100805,28.5,A,25.05,28.86,20110712-20110719,M4,21.46,32.06,measured,0.85,observed,-1.0,27.65,31.48
TAP_A01,619.0,,,728021.89,9683714.17,O,7.1,A,2.84,4.98,20090617-20090708,6.7,A,7.45,20100714-20100805,6.8,A,5.79,6.39,20110712-20110719,M4,7.99,4.98,measured,0.0,observed,-1.0,6.8,4.98
TAP_A01,620.0,,,728025.87,9683714.56,O,51.3,A,25.23,33.41,20090617-20090708,51.4,A,30.69,20100714-20100805,52.2,A,31.74,35.29,20110712-20110719,M4,29.91,33.41,measured,0.45,observed,-1.0,51.75,33.26
TAP_A01,954.0,,,728028.42,9683714.59,L,,,,,20090617-20090708,6.4,A,,20100714-20100805,6.9,A,,,20110712-20110719,M4,8.08,8.08,feldpausch_regional,0.1,site_median,-1.0,6.8,7.99
TAP_A01,621.0,,,728030.39,9683713.93,O,6.0,A,4.7,7.02,20090617-20090708,6.1,A,8.14,20100714-20100805,6.0,A,4.84,7.29,20110712-20110719,M4,7.27,7.02,measured,0.0,observed,-1.0,6.0,7.02
TAP_A01,622.0,,,728031.89,9683713.89,O,5.0,A,3.93,8.08,20090617-20090708,5.0,A,5.46,20100714-20100805,4.9,A,3.2,5.03,20110712-20110719,M4,6.23,8.08,measured,0.0,observed,-1.0,4.9,8.08
TAP_A01,623.0,,,728033.87,9683714.33,O,9.0,A,5.82,11.25,20090617-20090708,9.2,A,11.88,20100714-20100805,9.4,A,4.92,11.43,20110712-20110719,M4,10.16,11.25,measured,0.2,observed,-1.0,9.2,11.07
TAP_A01,624.0,,,728038.36,9683714.71,O,5.1,A,5.05,7.79,20090617-20090708,5.3,A,6.39,20100714-20100805,5.3,A,4.81,7.22,20110712-20110719,M4,6.62,7.79,measured,0.1,observed,-1.0,5.2,7.67
TAP_A01,625.0,,,728041.88,9683713.61,L,16.5,A,0.0,0.0,20090617-20090708,15.3,A,,20100714-20100805,16.4,A,,,20110712-20110719,M4,15.04,15.24,local_fit,0.0,observed,-1.0,16.4,15.24
TAP_A01,626.0,,,728041.88,9683713.61,L,6.4,A,0.0,0.0,20090617-20090708,6.3,A,,20100714-20100805,6.3,A,,,20110712-20110719,M4,7.54,9.15,local_fit,0.0,observed,-1.0,6.3,9.15
TAP_A01,627.0,,,728049.37,9683713.9,O,21.6,A,18.54,22.55,20090617-20090708,21.8,A,22.13,20100714-20100805,22.2,A,14.34,18.5,20110712-20110719,M4,18.37,22.55,measured,0.3,observed,-1.0,21.9,22.35
TAP_A01,628.0,,,728052.35,9683714.32,O,5.9,A,6.12,9.21,20090617-20090708,6.2,A,8.9,20100714-20100805,6.4,A,5.15,8.92,20110712-20110719,M4,7.64,9.21,measured,0.25,observed,-1.0,6.15,8.93
TAP_A01,629.0,,,728057.86,9683713.66,O,8.3,A,6.96,12.03,20090617-20090708,8.4,A,10.75,20100714-20100805,8.7,A,0.17,6.86,20110712-20110719,M4,9.6,12.03,measured,0.2,observed,-1.0,8.5,11.82
TAP_A01,630.0,,,728059.36,9683713.62,O,5.3,A,5.35,9.77,20090617-20090708,5.3,A,9.26,20100714-20100805,5.6,A,8.64,12.05,20110712-20110719,M4,6.9,9.77,measured,0.15,observed,-1.0,5.45,9.57
TAP_A01,631.0,,,728061.74,9683718.05,O,63.8,A,32.26,39.37,20090617-20090708,63.7,A,42.89,20100714-20100805,64.6,A,31.36,40.06,20110712-20110719,M4,33.0,39.37,measured,0.4,observed,-1.0,64.2,39.26
TAP_A01,632.0,,,728063.86,9683713.5,O,6.5,A,5.99,8.33,20090617-20090708,6.7,A,8.77,20100714-20100805,6.9,A,5.11,8.93,20110712-20110719,M4,8.08,8.33,measured,0.2,observed,-1.0,6.7,8.14
TAP_A01,633.0,,,728073.36,9683713.23,O,36.2,A,19.76,23.2,20090617-20090708,36.1,A,20.82,20100714-20100805,36.1,A,18.94,23.15,20110712-20110719,M4,24.63,23.2,measured,0.0,observed,-1.0,36.1,23.2
TAP_A01,634.0,,,728086.32,9683713.87,O,16.9,D,1.58,11.71,20090617-20090708,16.7,D,9.87,20100714-20100805,16.7,D,,8.27,20110712-20110719,M4,15.22,11.71,measured,0.0,observed,-1.0,16.7,11.71
TAP_A01,635.0,,,728089.85,9683712.77,O,4.8,A,2.16,4.26,20090617-20090708,5.3,A,5.51,20100714-20100805,4.8,A,3.68,5.62,20110712-20110719,M4,6.13,4.26,measured,0.0,observed,-1.0,4.8,4.26
TAP_A01,636.0,,,728092.36,9683712.2,O,5.0,A,8.07,9.39,20090617-20090708,5.2,A,12.35,20100714-20100805,5.6,A,5.26,12.9,20110712-20110719,M4,6.9,9.39,measured,0.3,observed,-1.0,5.3,9.01
TAP_A01,637.0,,,728092.81,9683714.18,O,22.5,A,19.42,21.45,20090617-20090708,22.6,A,21.13,20100714-20100805,22.6,A,16.76,23.92,20110712-20110719,M4,18.58,21.45,measured,0.05,observed,-1.0,22.55,21.42
TAP_A01,638.0,,,728109.84,9683712.21,O,8.0,A,4.3,9.91,20090617-20090708,8.4,A,10.79,20100714-20100805,8.7,A,3.88,9.93,20110712-20110719,M4,9.6,9.91,measured,0.35,observed,-1.0,8.35,9.61
TAP_A01,955.0,,,728112.84,9683712.12,L,7.9,A,1.58,8.61,20090617-20090708,7.0,A,,20100714-20100805,7.5,A,,,20110712-20110719,M4,8.6,8.61,measured,0.0,observed,-1.0,7.5,8.61
TAP_A01,640.0,,,728124.84,9683711.79,O,6.1,A,9.48,11.94,20090617-20090708,6.2,A,11.47,20100714-20100805,6.2,A,5.87,13.69,20110712-20110719,M4,7.45,11.94,measured,0.05,observed,-1.0,6.15,11.88
TAP_A01,641.0,,,728128.83,9683711.68,O,10.6,D,1.47,2.78,20090617-20090708,7.9,D,2.95,20100714-20100805,7.9,D,,3.08,20110712-20110719,M4,8.94,2.78,measured,0.0,observed,-1.0,7.9,2.78
TAP_A01,642.0,,,728143.65,9683717.76,O,82.5,D,1.09,2.97,20090617-20090708,82.7,D,4.46,20100714-20100805,82.7,D,,4.33,20110712-20110719,M4,36.48,2.97,measured,0.1,observed,-1.0,82.6,2.97
TAP_A01,643.0,,,728145.84,9683710.7,O,7.5,A,7.81,11.03,20090617-20090708,7.7,A,10.48,20100714-20100805,7.9,A,4.23,13.36,20110712-20110719,M4,8.94,11.03,measured,0.2,observed,-1.0,7.7,10.82
TAP_A01,644.0,,,728155.82,9683710.92,O,13.3,A,6.96,12.92,20090617-20090708,13.7,A,13.3,20100714-20100805,14.3,A,7.39,13.4,20110712-20110719,M4,13.69,12.92,measured,0.5,observed,-1.0,13.8,12.61
TAP_A01,645.0,,,728166.83,9683710.11,O,11.4,A,13.15,15.17,20090617-20090708,,D,,20100714-20100805,,D,,,20110712-20110719,M4,,15.17,measured,0.1,site_median,-1.0,,
TAP_A01,991.0,,,728169.03,9683710.15,O,,,,,20090617-20090708,6.5,A,3.26,20100714-20100805,6.6,A,0.6,5.09,20110712-20110719,M4,7.81,3.26,measured,0.1,site_median,-1.0,6.5,3.22
TAP_A01,646.0,,,728177.82,9683710.31,O,17.0,A,12.76,16.0,20090617-20090708,16.6,A,17.28,20100714-20100805,17.7,A,11.45,17.1,20110712-20110719,M4,15.83,16.0,measured,0.35,observed,-1.0,17.35,15.79
TAP_A01,647.0,,,728183.33,9683709.65,O,7.3,A,5.47,9.34,20090617-20090708,7.5,A,9.72,20100714-20100805,7.8,A,5.86,9.95,20110712-20110719,M4,8.85,9.34,measured,0.25,observed,-1.0,7.55,9.12
TAP_A01,648.0,,,728188.83,9683709.5,O,8.0,A,4.62,7.89,20090617-20090708,8.1,A,9.03,20100714-20100805,8.3,A,4.82,9.35,20110712-20110719,M4,9.27,7.89,measured,0.15,observed,-1.0,8.15,7.79
TAP_A01,649.0,,,728193.31,9683709.87,O,5.2,A,7.26,8.95,20090617-20090708,5.3,A,9.31,20100714-20100805,5.3,A,5.63,9.38,20110712-20110719,M4,6.62,8.95,measured,0.05,observed,-1.0,5.25,8.88
TAP_A01,650.0,,,728193.32,9683709.37,P,32.0,A,4.48,9.76,20090617-20090708,33.3,A,10.96,20100714-20100805,29.1,A,4.39,10.59,20110712-20110719,M4,21.73,9.76,measured,0.0,observed,-1.0,29.1,9.76
TAP_A01,651.0,,,728195.78,9683710.8,O,14.5,A,5.53,19.85,20090617-20090708,15.2,A,17.98,20100714-20100805,16.1,A,13.57,14.94,20110712-20110719,M4,14.85,19.85,measured,0.8,observed,-1.0,15.3,19.17
TAP_A01,652.0,,,728197.32,9683709.26,O,8.2,A,3.83,9.12,20090617-20090708,8.7,A,10.03,20100714-20100805,9.1,A,5.33,9.97,20110712-20110719,M4,9.92,9.12,measured,0.45,observed,-1.0,8.65,8.79
TAP_A01,653.0,,,728197.79,9683710.25,O,6.9,A,6.71,10.61,20090617-20090708,7.0,A,7.5,20100714-20100805,7.1,A,2.52,6.06,20110712-20110719,M4,8.25,10.61,measured,0.1,observed,-1.0,7.0,10.51
TAP_A01,654.0,,,728197.79,9683710.25,O,8.7,A,5.12,5.81,20090617-20090708,8.7,A,7.46,20100714-20100805,8.5,A,3.63,7.46,20110712-20110719,M4,9.43,5.81,measured,0.0,observed,-1.0,8.5,5.81
TAP_A01,655.0,,,728204.8,9683709.55,O,18.1,A,17.14,23.67,20090617-20090708,19.5,A,23.56,20100714-20100805,20.9,A,20.5,25.02,20110712-20110719,M4,17.67,23.67,measured,1.4,observed,-1.0,19.5,22.61
TAP_A01,656.0,,,728212.27,9683710.34,O,18.3,A,17.04,21.13,20090617-20090708,17.5,A,15.98,20100714-20100805,18.5,A,4.59,6.56,20110712-20110719,M4,16.31,21.13,measured,0.1,observed,-1.0,18.4,21.05
TAP_A01,956.0,,,728222.36,9683708.56,O,,,,,20090617-20090708,5.2,A,6.61,20100714-20100805,5.0,A,4.71,7.27,20110712-20110719,M4,6.33,6.61,measured,0.1,site_median,-1.0,4.9,6.51
TAP_A01,657.0,,,728228.8,9683708.88,O,10.6,A,9.53,16.31,20090617-20090708,10.7,A,14.88,20100714-20100805,11.0,A,9.63,16.93,20110712-20110719,M4,11.38,16.31,measured,0.2,observed,-1.0,10.8,16.1
TAP_A01,658.0,,,728230.79,9683708.82,O,21.9,A,20.78,25.3,20090617-20090708,22.1,A,22.27,20100714-20100805,22.6,A,19.36,22.73,20110712-20110719,M4,18.58,25.3,measured,0.35,observed,-1.0,22.25,25.04
TAP_A01,659.0,,,728231.81,9683708.3,O,7.0,A,5.36,7.57,20090617-20090708,7.1,A,7.73,20100714-20100805,7.0,A,4.95,7.97,20110712-20110719,M4,8.17,7.57,measured,0.0,observed,-1.0,7.0,7.57
TAP_A01,660.0,,,728235.78,9683709.18,L,5.7,A,0.0,0.0,20090617-20090708,5.7,A,,20100714-20100805,5.9,A,,,20110712-20110719,M4,7.18,8.59,local_fit,0.1,observed,-1.0,5.8,8.48
TAP_A01,661.0,,,728236.28,9683709.17,O,48.9,A,22.9,29.78,20090617-20090708,50.9,A,36.99,20100714-20100805,52.1,A,29.61,32.71,20110712-20110719,M4,29.88,29.78,measured,1.6,observed,-1.0,50.5,29.33
TAP_A01,662.0,,,728240.79,9683708.55,O,8.2,A,9.44,13.45,20090617-20090708,8.2,A,11.71,20100714-20100805,8.4,A,4.36,12.12,20110712-20110719,M4,9.35,13.45,measured,0.1,observed,-1.0,8.3,13.33
TAP_A01,663.0,,,728233.36,9683706.26,O,80.8,D,2.8,7.0,20090617-20090708,80.4,D,5.42,20100714-20100805,80.4,D,,4.04,20110712-20110719,M4,36.09,7.0,measured,0.0,observed,-1.0,80.4,7.0
TAP_A01,664.0,,,728229.84,9683707.35,O,75.7,A,31.28,43.68,20090617-20090708,74.5,A,42.09,20100714-20100805,76.1,A,30.69,46.16,20110712-20110719,M4,35.33,43.68,measured,0.2,observed,-1.0,75.9,43.63
TAP_A01,665.0,,,728229.35,9683706.87,O,16.4,A,9.5,15.54,20090617-20090708,17.1,A,12.02,20100714-20100805,16.9,A,7.38,15.05,20110712-20110719,M4,15.35,15.54,measured,0.25,observed,-1.0,16.65,15.38
TAP_A01,666.0,,,728222.83,9683708.05,O,10.0,A,6.13,9.19,20090617-20090708,9.9,A,9.09,20100714-20100805,9.9,A,5.3,9.19,20110712-20110719,M4,10.55,9.19,measured,0.0,observed,-1.0,9.9,9.19
TAP_A01,667.0,,,728207.32,9683708.98,O,5.5,A,6.38,10.19,20090617-20090708,5.5,A,7.5,20100714-20100805,5.5,A,4.08,6.82,20110712-20110719,M4,6.81,10.19,measured,0.0,observed,-1.0,5.5,10.19
TAP_A01,668.0,,,728205.83,9683708.52,P,6.4,A,5.96,8.68,20090617-20090708,6.3,A,7.81,20100714-20100805,6.2,A,4.81,9.04,20110712-20110719,M4,7.45,8.68,measured,0.0,observed,-1.0,6.2,8.68
TAP_A01,669.0,,,728205.83,9683708.52,P,6.4,A,4.75,5.99,20090617-20090708,6.5,A,5.75,20100714-20100805,6.5,D,,4.92,20110712-20110719,M4,7.72,5.99,measured,0.05,observed,-1.0,6.45,5.96
TAP_A01,670.0,,,728202.4,9683706.12,O,29.6,A,33.21,39.1,20090617-20090708,30.1,A,30.89,20100714-20100805,30.2,A,25.36,31.06,20110712-20110719,M4,22.22,39.1,measured,0.3,observed,-1.0,29.9,38.87
TAP_A01,671.0,,,728202.38,9683707.12,O,21.0,D,1.35,1.52,20090617-20090708,19.1,D,1.7,20100714-20100805,0.0,D,,,20110712-20110719,M4,,1.52,measured,0.1,site_median,-1.0,1.0,
TAP_A01,672.0,,,728193.85,9683708.36,O,15.8,A,21.05,23.92,20090617-20090708,16.5,A,21.18,20100714-20100805,17.4,A,20.35,21.72,20110712-20110719,M4,15.65,23.92,measured,0.8,observed,-1.0,16.6,23.17
TAP_A01,673.0,,,728190.87,9683707.94,O,17.8,A,13.41,16.59,20090617-20090708,18.1,A,13.81,20100714-20100805,18.1,A,10.42,16.59,20110712-20110719,M4,16.07,16.59,measured,0.15,observed,-1.0,17.95,16.5
TAP_A01,674.0,,,728186.34,9683709.07,O,14.6,A,10.45,14.2,20090617-20090708,15.4,A,14.44,20100714-20100805,16.3,A,12.9,20.87,20110712-20110719,M4,14.98,14.2,measured,0.85,observed,-1.0,15.45,13.69
TAP_A01,675.0,,,728184.85,9683708.61,O,17.5,A,14.06,17.87,20090617-20090708,18.2,A,19.26,20100714-20100805,18.9,A,12.87,20.0,20110712-20110719,M4,16.54,17.87,measured,0.7,observed,-1.0,18.2,17.43
TAP_A01,676.0,,,728179.34,9683709.27,O,21.4,A,12.74,18.15,20090617-20090708,22.0,A,18.67,20100714-20100805,22.4,A,12.76,20.05,20110712-20110719,M4,18.47,18.15,measured,0.5,observed,-1.0,21.9,17.89
TAP_A01,677.0,,,728177.33,9683709.82,O,29.3,D,1.17,5.04,20090617-20090708,29.1,D,6.56,20100714-20100805,29.1,D,,5.36,20110712-20110719,M4,21.73,5.04,measured,0.0,observed,-1.0,29.1,5.04
TAP_A01,678.0,,,728163.35,9683709.71,O,8.2,A,3.92,5.0,20090617-20090708,7.4,A,4.42,20100714-20100805,7.5,A,1.91,4.2,20110712-20110719,M4,8.6,5.0,measured,0.0,observed,-1.0,7.5,5.0
TAP_A01,679.0,,,728159.35,9683709.82,O,8.4,A,5.31,9.91,20090617-20090708,9.1,A,11.11,20100714-20100805,9.1,A,5.01,10.78,20110712-20110719,M4,9.92,9.91,measured,0.35,observed,-1.0,8.75,9.63
TAP_A01,680.0,,,728154.37,9683709.46,O,53.5,A,16.75,26.99,20090617-20090708,54.4,A,27.91,20100714-20100805,55.0,A,13.43,28.67,20110712-20110719,M4,30.67,26.99,measured,0.75,observed,-1.0,54.25,26.81
TAP_A01,681.0,,,728136.37,9683709.97,O,6.7,A,3.69,5.15,20090617-20090708,7.2,A,5.98,20100714-20100805,7.4,A,2.33,7.65,20110712-20110719,M4,8.51,5.15,measured,0.35,observed,-1.0,7.05,4.97
TAP_A01,957.0,,,728135.48,9683709.89,P,,,,,20090617-20090708,14.2,A,5.12,20100714-20100805,16.3,A,1.65,4.59,20110712-20110719,M4,14.98,5.12,measured,0.1,site_median,-1.0,16.2,5.1
TAP_A01,682.0,,,728128.86,9683710.68,L,7.6,D,1.92,2.27,20090617-20090708,5.0,D,,20100714-20100805,,D,,,20110712-20110719,M4,,2.27,measured,0.1,site_median,-1.0,,
TAP_A01,683.0,,,728125.91,9683709.26,O,90.5,A,41.79,49.57,20090617-20090708,92.5,A,57.03,20100714-20100805,93.4,A,40.21,54.53,20110712-20110719,M4,38.09,49.57,measured,1.45,observed,-1.0,91.95,49.31
TAP_A01,684.0,,,728121.37,9683710.89,O,13.0,A,9.21,12.51,20090617-20090708,13.4,A,17.46,20100714-20100805,13.9,A,11.84,17.31,20110712-20110719,M4,13.42,12.51,measured,0.45,observed,-1.0,13.45,12.23
TAP_A01,685.0,,,728119.85,9683711.43,O,7.5,A,6.02,9.85,20090617-20090708,7.7,A,9.32,20100714-20100805,7.5,A,7.16,9.15,20110712-20110719,M4,8.6,9.85,measured,0.0,observed,-1.0,7.5,9.85
TAP_A01,686.0,,,728116.37,9683711.03,O,6.4,A,6.23,9.35,20090617-20090708,7.0,A,9.38,20100714-20100805,7.4,A,5.63,9.91,20110712-20110719,M4,8.51,9.35,measured,0.5,observed,-1.0,6.9,8.88
TAP_A01,687.0,,,728110.86,9683711.68,O,8.3,D,1.9,8.54,20090617-20090708,,D,,20100714-20100805,,D,,,20110712-20110719,M4,,8.54,measured,0.1,site_median,-1.0,,
TAP_A01,688.0,,,728108.87,9683711.24,O,9.0,A,9.58,12.35,20090617-20090708,9.1,A,13.61,20100714-20100805,9.0,A,6.89,14.49,20110712-20110719,M4,9.84,12.35,measured,0.0,observed,-1.0,9.0,12.35
TAP_A01,689.0,,,728111.4,9683710.17,O,19.4,D,1.46,11.16,20090617-20090708,19.5,D,7.9,20100714-20100805,19.5,D,,7.13,20110712-20110719,M4,16.88,11.16,measured,0.05,observed,-1.0,19.45,11.15
TAP_A01,3290.0,,,728105.86,9683711.82,O,8.6,A,6.88,8.87,20090617-20090708,8.6,A,8.54,20100714-20100805,8.9,A,3.2,7.88,20110712-20110719,M4,9.76,8.87,measured,0.15,observed,-1.0,8.75,8.76
TAP_A01,691.0,,,728103.91,9683709.88,O,29.1,A,16.28,21.98,20090617-20090708,29.4,A,21.1,20100714-20100805,29.3,A,12.24,18.51,20110712-20110719,M4,21.82,21.98,measured,0.1,observed,-1.0,29.2,21.93
TAP_A01,692.0,,,728086.37,9683712.37,O,5.3,A,4.56,6.47,20090617-20090708,5.4,A,5.88,20100714-20100805,5.5,A,3.11,4.64,20110712-20110719,M4,6.81,6.47,measured,0.1,observed,-1.0,5.4,6.37
TAP_A01,693.0,,,728084.38,9683711.92,O,8.1,A,6.52,9.93,20090617-20090708,8.0,A,9.84,20100714-20100805,8.1,A,6.25,10.59,20110712-20110719,M4,9.1,9.93,measured,0.0,observed,-1.0,8.1,9.93
TAP_A01,694.0,,,728082.88,9683711.96,O,8.4,A,6.03,9.28,20090617-20090708,8.5,A,8.53,20100714-20100805,8.6,A,5.11,9.03,20110712-20110719,M4,9.52,9.28,measured,0.1,observed,-1.0,8.5,9.19
TAP_A01,695.0,,,728080.88,9683712.02,L,10.5,A,0.0,0.0,20090617-20090708,11.2,A,,20100714-20100805,12.6,A,,,20110712-20110719,M4,12.53,11.95,local_fit,1.05,observed,-1.0,11.55,11.23
TAP_A01,696.0,,,728071.41,9683711.29,O,11.5,A,7.11,11.3,20090617-20090708,11.6,A,9.37,20100714-20100805,11.6,A,8.06,13.76,20110712-20110719,M4,11.82,11.3,measured,0.05,observed,-1.0,11.55,11.26
TAP_A01,697.0,,,728069.51,9683707.84,O,60.5,A,28.56,36.16,20090617-20090708,60.3,A,41.94,20100714-20100805,61.1,A,29.38,42.14,20110712-20110719,M4,32.2,36.16,measured,0.3,observed,-1.0,60.8,36.08
TAP_A01,698.0,,,728064.9,9683711.97,O,17.7,A,11.85,16.41,20090617-20090708,17.5,A,19.12,20100714-20100805,17.2,A,7.43,20.0,20110712-20110719,M4,15.53,16.41,measured,0.0,observed,-1.0,17.2,16.41
TAP_A01,699.0,,,728059.39,9683712.62,O,12.1,D,1.29,2.19,20090617-20090708,12.1,D,2.41,20100714-20100805,12.1,D,,2.0,20110712-20110719,M4,12.18,2.19,measured,0.0,observed,-1.0,12.1,2.19
TAP_A01,700.0,,,728056.39,9683712.71,O,7.3,A,5.66,9.35,20090617-20090708,7.5,A,9.11,20100714-20100805,7.7,A,4.21,9.8,20110712-20110719,M4,8.77,9.35,measured,0.2,observed,-1.0,7.5,9.17
TAP_A01,701.0,,,728053.91,9683712.28,O,14.1,A,7.85,12.89,20090617-20090708,14.4,A,11.84,20100714-20100805,14.4,A,3.03,11.5,20110712-20110719,M4,13.76,12.89,measured,0.15,observed,-1.0,14.25,12.8
TAP_A01,702.0,,,728045.45,9683711.01,O,42.8,A,29.87,34.15,20090617-20090708,42.0,A,23.71,20100714-20100805,,A,,,20110712-20110719,M4,,34.15,measured,0.1,site_median,-1.0,,
TAP_A01,703.0,,,728042.9,9683713.08,O,96.5,A,27.72,32.72,20090617-20090708,96.5,A,47.55,20100714-20100805,97.8,A,34.52,43.92,20110712-20110719,M4,38.68,32.72,measured,0.65,observed,-1.0,97.15,32.65
TAP_A01,704.0,,,728042.42,9683712.1,L,8.6,A,0.0,0.0,20090617-20090708,8.6,A,,20100714-20100805,8.9,A,,,20110712-20110719,M4,9.76,10.73,local_fit,0.15,observed,-1.0,8.75,10.6
TAP_A01,705.0,,,728042.4,9683713.1,L,14.1,A,0.0,0.0,20090617-20090708,14.1,A,,20100714-20100805,15.0,A,,,20110712-20110719,M4,14.15,14.01,local_fit,0.45,observed,-1.0,14.55,13.72
TAP_A01,706.0,,,728041.4,9683713.12,O,16.5,A,4.1,9.62,20090617-20090708,15.4,A,8.78,20100714-20100805,15.8,A,2.37,6.78,20110712-20110719,M4,14.66,9.62,measured,0.0,observed,-1.0,15.8,9.62
TAP_A01,707.0,,,728037.88,9683713.72,O,8.3,A,4.65,9.25,20090617-20090708,8.4,A,9.38,20100714-20100805,8.7,A,3.3,9.88,20110712-20110719,M4,9.6,9.25,measured,0.2,observed,-1.0,8.5,9.09
TAP_A01,708.0,,,728036.88,9683713.75,O,50.7,A,41.91,46.57,20090617-20090708,49.7,A,43.1,20100714-20100805,50.5,A,25.44,42.1,20110712-20110719,M4,29.43,46.57,measured,0.0,observed,-1.0,50.5,46.57
TAP_A01,958.0,,,728035.49,9683713.79,L,,,,,20090617-20090708,8.5,A,,20100714-20100805,8.7,A,,,20110712-20110719,M4,9.6,9.6,feldpausch_regional,0.1,site_median,-1.0,8.6,9.52
TAP_A01,709.0,,,728032.9,9683713.36,O,8.6,A,9.85,12.41,20090617-20090708,8.7,A,13.21,20100714-20100805,8.7,A,10.32,14.56,20110712-20110719,M4,9.6,12.41,measured,0.05,observed,-1.0,8.65,12.36
TAP_A01,710.0,,,728030.42,9683712.93,O,18.2,A,21.11,25.01,20090617-20090708,18.4,A,21.96,20100714-20100805,18.4,A,15.05,20.03,20110712-20110719,M4,16.25,25.01,measured,0.1,observed,-1.0,18.3,24.92
TAP_A01,711.0,,,728028.39,9683713.99,O,7.8,A,7.02,9.81,20090617-20090708,7.9,A,10.06,20100714-20100805,7.9,A,4.63,9.05,20110712-20110719,M4,8.94,9.81,measured,0.05,observed,-1.0,7.85,9.76
TAP_A01,712.0,,,728028.39,9683713.99,O,5.8,A,3.49,9.28,20090617-20090708,6.0,A,9.05,20100714-20100805,5.8,A,4.63,9.05,20110712-20110719,M4,7.09,9.28,measured,0.0,observed,-1.0,5.8,9.28
TAP_A01,933.0,,,728021.89,9683714.17,O,6.1,A,3.55,6.3,20090617-20090708,6.1,A,7.86,20100714-20100805,6.5,A,3.05,8.39,20110712-20110719,M4,7.72,6.3,measured,0.2,observed,-1.0,6.3,6.15
TAP_A01,713.0,,,728001.4,9683714.74,O,6.9,A,3.74,7.87,20090617-20090708,7.0,A,8.12,20100714-20100805,7.1,A,3.5,9.41,20110712-20110719,M4,8.25,7.87,measured,0.1,observed,-1.0,7.0,7.79
TAP_A01,714.0,,,727996.05,9683709.4,O,61.4,A,31.87,40.45,20090617-20090708,61.5,A,36.55,20100714-20100805,61.6,A,30.45,37.03,20110712-20110719,M4,32.32,40.45,measured,0.1,observed,-1.0,61.5,40.41
TAP_A01,715.0,,,727980.49,9683712.33,O,11.0,D,1.62,6.52,20090617-20090708,,D,,20100714-20100805,,D,,,20110712-20110719,M4,,6.52,measured,0.1,site_median,-1.0,,
TAP_A01,716.0,,,727980.49,9683712.33,O,10.6,D,1.95,6.81,20090617-20090708,,D,,20100714-20100805,,D,,,20110712-20110719,M4,,6.81,measured,0.1,site_median,-1.0,,
TAP_A01,717.0,,,727973.95,9683714.01,O,19.2,A,18.25,22.16,20090617-20090708,20.0,A,27.42,20100714-20100805,20.7,A,19.93,26.02,20110712-20110719,M4,17.56,22.16,measured,0.75,observed,-1.0,19.95,21.63
TAP_A01,718.0,,,727973.59,9683709.03,O,85.7,A,20.86,37.84,20090617-20090708,86.5,A,23.04,20100714-20100805,86.7,A,17.42,28.12,20110712-20110719,M4,37.11,37.84,measured,0.5,observed,-1.0,86.2,37.77
TAP_A01,719.0,,,727968.93,9683715.15,O,7.7,A,9.45,13.64,20090617-20090708,8.2,A,12.28,20100714-20100805,8.5,A,6.29,14.4,20110712-20110719,M4,9.43,13.64,measured,0.4,observed,-1.0,8.1,13.16
TAP_A01,720.0,,,727963.91,9683715.79,O,7.6,A,3.36,7.15,20090617-20090708,7.4,A,7.17,20100714-20100805,8.0,A,5.15,7.73,20110712-20110719,M4,9.02,7.15,measured,0.2,observed,-1.0,7.8,7.02
TAP_A01,721.0,,,727938.92,9683716.49,O,5.7,A,12.98,15.17,20090617-20090708,5.8,A,15.15,20100714-20100805,5.9,A,10.97,13.88,20110712-20110719,M4,7.18,15.17,measured,0.1,observed,-1.0,5.8,14.98
TAP_A01,722.0,,,727938.95,9683715.49,O,12.6,A,11.81,13.34,20090617-20090708,12.7,A,12.9,20100714-20100805,12.7,A,11.5,15.47,20110712-20110719,M4,12.6,13.34,measured,0.05,observed,-1.0,12.65,13.31
TAP_A01,723.0,,,727938.94,9683715.99,O,9.8,A,6.22,9.32,20090617-20090708,10.0,A,9.46,20100714-20100805,9.8,A,5.54,9.43,20110712-20110719,M4,10.47,9.32,measured,0.0,observed,-1.0,9.8,9.32
TAP_A01,724.0,,,727937.95,9683715.52,O,8.1,A,12.6,15.77,20090617-20090708,8.7,A,14.14,20100714-20100805,9.2,A,12.71,15.88,20110712-20110719,M4,10.0,15.77,measured,0.55,observed,-1.0,8.65,15.08
TAP_A01,725.0,,,727916.5,9683714.62,O,49.4,A,18.5,22.44,20090617-20090708,48.7,A,22.28,20100714-20100805,50.6,A,28.02,34.19,20110712-20110719,M4,29.45,22.44,measured,0.6,observed,-1.0,50.0,22.31
TAP_A01,726.0,,,727908.95,9683716.83,O,23.7,A,15.15,17.84,20090617-20090708,23.5,A,21.8,20100714-20100805,23.9,A,24.25,27.6,20110712-20110719,M4,19.25,17.84,measured,0.1,observed,-1.0,23.8,17.79
TAP_A01,727.0,,,727894.45,9683717.24,O,34.8,A,14.01,19.85,20090617-20090708,36.6,A,23.92,20100714-20100805,38.8,A,27.96,34.07,20110712-20110719,M4,25.64,19.85,measured,2.0,observed,-1.0,36.8,19.28
TAP_A01,728.0,,,727887.46,9683717.43,O,5.1,A,4.07,6.54,20090617-20090708,5.3,A,6.96,20100714-20100805,5.1,A,2.35,4.14,20110712-20110719,M4,6.43,6.54,measured,0.0,observed,-1.0,5.1,6.54
TAP_A01,729.0,,,727888.94,9683717.89,O,5.5,A,4.12,4.79,20090617-20090708,5.4,A,3.17,20100714-20100805,5.6,A,,,20110712-20110719,M4,6.9,4.79,measured,0.05,observed,-1.0,5.55,4.76
TAP_A01,730.0,,,727876.45,9683718.24,O,6.7,A,6.22,9.41,20090617-20090708,8.1,A,9.64,20100714-20100805,9.2,A,8.74,10.9,20110712-20110719,M4,10.0,9.41,measured,1.25,observed,-1.0,7.95,8.45
TAP_A01,731.0,,,727867.46,9683717.99,L,5.8,A,0.0,0.0,20090617-20090708,6.0,A,,20100714-20100805,5.8,A,,,20110712-20110719,M4,7.09,8.68,local_fit,0.0,observed,-1.0,5.8,8.68
TAP_A01,732.0,,,727842.47,9683718.69,L,8.1,A,1.33,2.35,20090617-20090708,6.5,A,,20100714-20100805,6.0,A,,,20110712-20110719,M4,7.27,2.35,measured,0.0,observed,-1.0,6.0,2.35
TAP_A01,733.0,,,727842.47,9683718.69,O,6.4,A,5.44,8.95,20090617-20090708,6.2,A,6.21,20100714-20100805,6.5,A,5.06,10.34,20110712-20110719,M4,7.72,8.95,measured,0.05,observed,-1.0,6.45,8.9
TAP_A01,734.0,,,727838.02,9683717.32,O,20.8,A,9.85,10.17,20090617-20090708,20.5,D,8.36,20100714-20100805,20.5,D,,10.45,20110712-20110719,M4,17.45,10.17,measured,0.0,observed,-1.0,20.5,10.17
TAP_A01,735.0,,,727826.62,9683714.14,O,60.5,A,23.85,33.62,20090617-20090708,62.3,A,35.51,20100714-20100805,61.7,A,24.15,28.57,20110712-20110719,M4,32.34,33.62,measured,0.6,observed,-1.0,61.1,33.47
TAP_A01,736.0,,,727824.48,9683719.19,O,10.6,A,10.54,14.93,20090617-20090708,11.4,A,14.71,20100714-20100805,11.6,A,8.77,13.31,20110712-20110719,M4,11.82,14.93,measured,0.5,observed,-1.0,11.1,14.46
TAP_A01,737.0,,,727818.48,9683719.36,O,13.4,A,10.83,16.73,20090617-20090708,13.7,A,18.81,20100714-20100805,14.1,A,15.6,20.2,20110712-20110719,M4,13.56,16.73,measured,0.35,observed,-1.0,13.75,16.43
TAP_A01,738.0,,,727813.0,9683719.01,O,28.5,A,25.83,30.32,20090617-20090708,28.9,A,28.81,20100714-20100805,30.0,A,22.45,28.15,20110712-20110719,M4,22.13,30.32,measured,0.75,observed,-1.0,29.25,29.87
TAP_A01,739.0,,,727810.03,9683718.1,O,11.5,A,12.87,14.58,20090617-20090708,12.0,A,14.65,20100714-20100805,12.0,A,13.76,17.65,20110712-20110719,M4,12.11,14.58,measured,0.25,observed,-1.0,11.75,14.36
TAP_A01,740.0,,,727791.98,9683720.6,O,16.7,A,15.51,17.61,20090617-20090708,16.8,A,18.18,20100714-20100805,16.9,A,13.16,20.23,20110712-20110719,M4,15.35,17.61,measured,0.1,observed,-1.0,16.8,17.54
TAP_A01,741.0,,,727779.51,9683719.95,L,5.3,A,0.0,0.0,20090617-20090708,5.2,A,,20100714-20100805,,A,,,20110712-20110719,M4,,8.26,local_fit,0.1,site_median,-1.0,,
TAP_A01,742.0,,,727778.99,9683720.97,O,10.1,A,9.12,10.07,20090617-20090708,10.5,A,10.35,20100714-20100805,10.9,A,2.22,11.77,20110712-20110719,M4,11.3,10.07,measured,0.4,observed,-1.0,10.5,9.8
TAP_A01,743.0,,,727779.01,9683719.97,O,31.0,A,26.73,29.66,20090617-20090708,30.5,A,21.97,20100714-20100805,30.8,A,15.44,19.91,20110712-20110719,M4,22.48,29.66,measured,0.0,observed,-1.0,30.8,29.66
TAP_A01,744.0,,,727768.5,9683720.76,O,5.4,A,2.97,4.31,20090617-20090708,5.0,A,5.16,20100714-20100805,5.0,A,1.35,4.84,20110712-20110719,M4,6.33,4.31,measured,0.0,observed,-1.0,5.0,4.31
TAP_A01,745.0,,,727767.02,9683720.3,O,10.9,A,11.5,15.05,20090617-20090708,11.0,A,14.64,20100714-20100805,11.1,A,14.58,18.13,20110712-20110719,M4,11.45,15.05,measured,0.1,observed,-1.0,11.0,14.96
TAP_A01,746.0,,,727766.03,9683719.83,O,16.6,A,12.59,15.58,20090617-20090708,16.7,A,16.13,20100714-20100805,16.8,A,14.53,17.51,20110712-20110719,M4,15.29,15.58,measured,0.1,observed,-1.0,16.7,15.51
TAP_A01,747.0,,,727764.01,9683720.88,O,58.9,D,1.11,2.62,20090617-20090708,53.0,D,3.72,20100714-20100805,53.0,D,,3.52,20110712-20110719,M4,30.13,2.62,measured,0.0,observed,-1.0,53.0,2.62
TAP_A01,959.0,,,727755.23,9683720.38,P,,,,,20090617-20090708,13.3,A,5.92,20100714-20100805,15.0,A,4.18,8.81,20110712-20110719,M4,14.15,5.92,measured,0.1,site_median,-1.0,14.9,5.89
TAP_A01,748.0,,,727751.5,9683721.73,O,6.7,A,4.81,10.22,20090617-20090708,6.4,A,10.39,20100714-20100805,6.6,A,6.46,9.46,20110712-20110719,M4,7.81,10.22,measured,0.0,observed,-1.0,6.6,10.22
TAP_A01,749.0,,,727748.5,9683721.82,O,46.1,A,16.53,21.22,20090617-20090708,45.7,A,31.42,20100714-20100805,45.8,A,18.71,25.83,20110712-20110719,M4,28.01,21.22,measured,0.0,observed,-1.0,45.8,21.22
TAP_A01,750.0,,,727748.53,9683720.82,O,9.5,A,8.21,12.54,20090617-20090708,9.6,A,13.01,20100714-20100805,9.8,A,8.0,11.76,20110712-20110719,M4,10.47,12.54,measured,0.15,observed,-1.0,9.65,12.4
TAP_A01,997.0,,,728170.84,9683709.8,O,,,,,20090617-20090708,,A,,20100714-20100805,5.5,A,6.32,9.08,20110712-20110719,M4,6.81,9.08,measured,0.1,site_median,-1.0,5.4,8.95
TAP_A01,751.0,,,727508.52,9684050.06,O,29.1,A,12.78,17.63,20090617-20090708,29.1,A,28.14,20100714-20100805,29.4,A,20.68,25.09,20110712-20110719,M5,21.86,17.63,measured,0.15,observed,-1.0,29.25,17.58
TAP_A01,752.0,,,727511.02,9684050.11,O,15.9,D,0.28,2.97,20090617-20090708,16.2,D,7.87,20100714-20100805,15.2,D,8.12,11.56,20110712-20110719,M5,14.28,2.97,measured,0.0,observed,-1.0,15.2,2.97
TAP_A01,960.0,,,727519.35,9684049.4,O,,,,,20090617-20090708,5.0,A,6.61,20100714-20100805,5.2,A,3.87,8.22,20110712-20110719,M5,6.52,6.61,measured,0.1,site_median,-1.0,5.1,6.52
TAP_A01,753.0,,,727546.01,9684050.72,O,17.0,D,1.43,4.56,20090617-20090708,17.0,D,4.2,20100714-20100805,,D,,,20110712-20110719,M5,,4.56,measured,0.1,site_median,-1.0,,
TAP_A01,754.0,,,727548.13,9684057.75,O,74.5,A,28.92,34.12,20090617-20090708,75.4,A,37.68,20100714-20100805,77.3,A,33.81,37.5,20110712-20110719,M5,35.55,34.12,measured,1.4,observed,-1.0,75.9,33.87
TAP_A01,755.0,,,727551.5,9684050.32,O,5.8,A,3.06,4.9,20090617-20090708,5.4,A,3.38,20100714-20100805,5.4,D,,2.23,20110712-20110719,M5,6.71,4.9,measured,0.0,observed,-1.0,5.4,4.9
TAP_A01,756.0,,,727553.5,9684050.35,O,14.1,D,1.24,2.3,20090617-20090708,14.5,D,2.51,20100714-20100805,14.5,D,,2.47,20110712-20110719,M5,13.82,2.3,measured,0.2,observed,-1.0,14.3,2.28
TAP_A01,757.0,,,727553.49,9684049.85,O,7.8,A,4.94,11.73,20090617-20090708,8.7,A,12.42,20100714-20100805,9.9,A,11.07,12.99,20110712-20110719,M5,10.55,11.73,measured,1.05,observed,-1.0,8.85,10.81
TAP_A01,758.0,,,727559.0,9684050.45,O,6.2,A,5.56,9.72,20090617-20090708,6.3,A,10.76,20100714-20100805,6.3,A,5.03,12.32,20110712-20110719,M5,7.54,9.72,measured,0.05,observed,-1.0,6.25,9.67
TAP_A01,759.0,,,727564.53,9684052.04,O,60.0,A,31.2,39.37,20090617-20090708,58.2,A,48.2,20100714-20100805,57.0,A,42.0,47.9,20110712-20110719,M5,31.19,39.37,measured,0.0,observed,-1.0,57.0,39.37
TAP_A01,760.0,,,727564.53,9684052.04,L,22.0,A,0.0,0.0,20090617-20090708,23.0,A,,20100714-20100805,27.0,A,,,20110712-20110719,M5,20.76,17.8,local_fit,2.5,observed,-1.0,24.5,16.76
TAP_A01,761.0,,,727575.03,9684052.73,O,93.7,D,1.5,2.03,20090617-20090708,101.6,D,1.78,20100714-20100805,101.6,D,,1.44,20110712-20110719,M5,39.16,2.03,measured,3.95,observed,-1.0,97.65,2.0
TAP_A01,762.0,,,727576.65,9684059.25,O,102.9,A,36.23,53.02,20090617-20090708,103.1,A,51.02,20100714-20100805,103.9,A,36.24,51.02,20110712-20110719,M5,39.44,53.02,measured,0.5,observed,-1.0,103.4,52.94
TAP_A01,961.0,,,727579.44,9684050.31,O,,,,,20090617-20090708,5.0,A,5.87,20100714-20100805,5.8,A,2.97,6.35,20110712-20110719,M5,7.09,5.87,measured,0.1,site_median,-1.0,5.7,5.79
TAP_A01,763.0,,,727588.51,9684051.96,O,17.2,A,7.74,12.56,20090617-20090708,17.2,A,13.57,20100714-20100805,17.7,A,12.02,14.53,20110712-20110719,M5,15.83,12.56,measured,0.25,observed,-1.0,17.45,12.44
TAP_A01,764.0,,,727602.04,9684053.7,O,13.6,D,1.31,22.96,20090617-20090708,30.1,D,10.87,20100714-20100805,30.1,D,,7.45,20110712-20110719,M5,22.17,22.96,measured,5.0,observed,-1.0,25.1,20.56
TAP_A01,962.0,,,727597.0,9684051.36,O,,,,,20090617-20090708,8.0,A,7.76,20100714-20100805,9.5,A,11.58,13.48,20110712-20110719,M5,10.23,7.76,measured,0.1,site_median,-1.0,9.4,7.71
TAP_A01,963.0,,,727598.44,9684050.99,O,,,,,20090617-20090708,6.8,A,22.85,20100714-20100805,8.4,A,9.69,11.03,20110712-20110719,M5,9.35,22.85,measured,0.1,site_median,-1.0,8.3,22.65
TAP_A01,765.0,,,727604.0,9684051.74,O,8.4,A,13.2,13.6,20090617-20090708,8.5,A,14.47,20100714-20100805,8.4,A,15.08,17.74,20110712-20110719,M5,9.35,13.6,measured,0.0,observed,-1.0,8.4,13.6
TAP_A01,766.0,,,727607.09,9684056.79,O,57.8,A,31.32,40.09,20090617-20090708,57.3,A,29.12,20100714-20100805,57.3,A,21.93,25.06,20110712-20110719,M5,31.27,40.09,measured,0.0,observed,-1.0,57.3,40.09
TAP_A01,767.0,,,727606.48,9684050.78,O,11.8,A,16.74,19.96,20090617-20090708,12.6,A,18.39,20100714-20100805,13.5,A,15.2,18.88,20110712-20110719,M5,13.15,19.96,measured,0.85,observed,-1.0,12.65,19.08
TAP_A01,768.0,,,727620.02,9684053.02,O,28.2,A,24.35,36.49,20090617-20090708,29.4,A,31.05,20100714-20100805,30.4,A,27.09,30.1,20110712-20110719,M5,22.3,36.49,measured,1.1,observed,-1.0,29.3,35.7
TAP_A01,769.0,,,727633.98,9684051.26,O,9.4,A,2.62,4.65,20090617-20090708,9.1,A,4.91,20100714-20100805,9.3,A,3.46,5.32,20110712-20110719,M5,10.08,4.65,measured,0.0,observed,-1.0,9.3,4.65
TAP_A01,770.0,,,727640.59,9684057.88,O,91.4,A,30.28,38.64,20090617-20090708,91.1,A,37.67,20100714-20100805,91.1,A,31.67,37.85,20110712-20110719,M5,37.77,38.64,measured,0.0,observed,-1.0,91.1,38.64
TAP_A01,771.0,,,727642.51,9684053.41,O,47.3,D,1.5,16.01,20090617-20090708,47.1,D,16.11,20100714-20100805,47.1,D,,15.03,20110712-20110719,M5,28.41,16.01,measured,0.0,observed,-1.0,47.1,16.01
TAP_A01,772.0,,,727642.53,9684054.41,O,40.0,A,26.36,31.12,20090617-20090708,39.5,A,29.59,20100714-20100805,39.5,A,26.82,31.56,20110712-20110719,M5,25.89,31.12,measured,0.0,observed,-1.0,39.5,31.12
TAP_A01,964.0,,,727644.48,9684051.45,O,7.1,A,4.58,6.72,20090617-20090708,7.3,A,7.46,20100714-20100805,7.1,A,4.38,7.52,20110712-20110719,M5,8.25,6.72,measured,0.0,observed,-1.0,7.1,6.72
TAP_A01,774.0,,,727653.76,9684067.6,O,,,41.02,50.8,20090617-20090708,0.0,A,56.28,20100714-20100805,,A,,,20110712-20110719,M5,,50.8,measured,0.1,site_median,-1.0,,
TAP_A01,775.0,,,727653.6,9684058.6,O,80.3,A,47.43,61.12,20090617-20090708,80.8,A,54.76,20100714-20100805,82.1,A,53.66,57.56,20110712-20110719,M5,36.38,61.12,measured,0.9,observed,-1.0,81.2,60.87
TAP_A01,776.0,,,727652.51,9684053.59,O,16.0,A,23.38,27.83,20090617-20090708,17.0,A,24.56,20100714-20100805,16.9,A,15.11,18.45,20110712-20110719,M5,15.35,27.83,measured,0.45,observed,-1.0,16.45,27.32
TAP_A01,777.0,,,727654.5,9684053.12,O,18.2,D,1.7,12.9,20090617-20090708,18.2,D,12.24,20100714-20100805,18.2,D,,13.44,20110712-20110719,M5,16.13,12.9,measured,0.0,observed,-1.0,18.2,12.9
TAP_A01,778.0,,,727665.02,9684054.31,O,38.0,A,20.28,24.75,20090617-20090708,38.0,A,24.23,20100714-20100805,38.0,A,22.55,26.56,20110712-20110719,M5,25.35,24.75,measured,0.0,observed,-1.0,38.0,24.75
TAP_A01,779.0,,,727667.05,9684055.84,O,95.8,A,42.86,49.31,20090617-20090708,96.7,A,45.3,20100714-20100805,96.7,A,43.13,51.06,20110712-20110719,M5,38.54,49.31,measured,0.45,observed,-1.0,96.25,49.23
TAP_A01,780.0,,,727674.99,9684052.98,O,11.8,A,3.79,12.17,20090617-20090708,11.8,A,12.95,20100714-20100805,12.0,A,2.87,11.4,20110712-20110719,M5,12.11,12.17,measured,0.1,observed,-1.0,11.9,12.09
TAP_A01,781.0,,,727676.48,9684052.51,O,20.0,A,19.08,22.52,20090617-20090708,20.1,A,23.2,20100714-20100805,20.2,A,10.09,22.09,20110712-20110719,M5,17.28,22.52,measured,0.1,observed,-1.0,20.1,22.44
TAP_A01,782.0,,,727678.98,9684052.55,L,5.5,A,0.0,0.0,20090617-20090708,5.1,A,,20100714-20100805,5.1,A,,,20110712-20110719,M5,6.43,8.43,local_fit,0.0,observed,-1.0,5.1,8.43
TAP_A01,783.0,,,727680.98,9684052.59,O,16.5,A,7.68,14.82,20090617-20090708,16.6,D,5.66,20100714-20100805,16.6,D,,5.53,20110712-20110719,M5,15.16,14.82,measured,0.05,observed,-1.0,16.55,14.79
TAP_A01,784.0,,,727686.51,9684054.18,O,27.4,A,19.41,23.61,20090617-20090708,28.8,A,42.67,20100714-20100805,29.9,A,25.52,28.14,20110712-20110719,M5,22.09,23.61,measured,1.25,observed,-1.0,28.65,23.01
TAP_A01,785.0,,,727688.97,9684052.23,O,8.4,A,4.96,10.75,20090617-20090708,8.5,A,11.47,20100714-20100805,8.4,A,6.08,10.85,20110712-20110719,M5,9.35,10.75,measured,0.0,observed,-1.0,8.4,10.75
TAP_A01,786.0,,,727689.08,9684058.23,O,51.4,A,21.4,30.9,20090617-20090708,52.8,A,31.84,20100714-20100805,51.4,A,29.74,33.99,20110712-20110719,M5,29.68,30.9,measured,0.0,observed,-1.0,51.4,30.9
TAP_A01,787.0,,,727693.5,9684053.81,O,8.4,A,4.75,8.99,20090617-20090708,8.1,A,9.11,20100714-20100805,8.1,A,5.09,8.86,20110712-20110719,M5,9.1,8.99,measured,0.0,observed,-1.0,8.1,8.99
TAP_A01,788.0,,,727698.99,9684053.4,O,18.0,A,10.76,19.31,20090617-20090708,18.0,A,14.93,20100714-20100805,18.0,A,12.56,19.17,20110712-20110719,M5,16.01,19.31,measured,0.0,observed,-1.0,18.0,19.31
TAP_A01,789.0,,,727701.97,9684052.46,L,7.0,A,0.0,0.0,20090617-20090708,7.3,A,,20100714-20100805,7.3,A,,,20110712-20110719,M5,8.43,9.6,local_fit,0.15,observed,-1.0,7.15,9.45
TAP_A01,790.0,,,727702.47,9684052.46,O,99.2,A,24.38,28.04,20090617-20090708,99.1,A,30.41,20100714-20100805,99.3,A,38.89,43.58,20110712-20110719,M5,38.87,28.04,measured,0.05,observed,-1.0,99.25,28.04
TAP_A01,791.0,,,727706.48,9684053.03,O,11.0,A,17.09,17.62,20090617-20090708,11.0,A,18.02,20100714-20100805,11.0,A,10.99,16.6,20110712-20110719,M5,11.38,17.62,measured,0.0,observed,-1.0,11.0,17.62
TAP_A01,792.0,,,727708.0,9684054.06,O,26.4,A,27.27,30.07,20090617-20090708,26.8,A,34.53,20100714-20100805,27.4,A,24.66,29.04,20110712-20110719,M5,20.95,30.07,measured,0.5,observed,-1.0,26.9,29.74
TAP_A01,793.0,,,727708.98,9684053.08,O,10.7,A,13.1,17.92,20090617-20090708,10.9,A,17.93,20100714-20100805,11.1,A,11.13,15.17,20110712-20110719,M5,11.45,17.92,measured,0.2,observed,-1.0,10.9,17.69
TAP_A01,794.0,,,727716.0,9684054.7,O,39.9,A,27.74,30.58,20090617-20090708,40.3,A,33.26,20100714-20100805,41.5,A,15.59,26.97,20110712-20110719,M5,26.59,30.58,measured,0.8,observed,-1.0,40.7,30.27
TAP_A01,795.0,,,727719.47,9684052.76,O,11.6,A,21.13,24.79,20090617-20090708,11.6,A,23.12,20100714-20100805,11.6,A,17.23,18.97,20110712-20110719,M5,11.82,24.79,measured,0.0,observed,-1.0,11.6,24.79
TAP_A01,796.0,,,727720.52,9684055.78,O,31.4,A,29.4,33.76,20090617-20090708,31.4,A,30.52,20100714-20100805,32.5,A,23.11,25.5,20110712-20110719,M5,23.2,33.76,measured,0.55,observed,-1.0,31.95,33.43
TAP_A01,797.0,,,727721.48,9684053.3,O,19.8,A,27.67,29.65,20090617-20090708,19.9,A,31.87,20100714-20100805,20.1,A,22.45,23.97,20110712-20110719,M5,17.22,29.65,measured,0.15,observed,-1.0,19.95,29.51
TAP_A01,798.0,,,727722.48,9684053.32,O,12.4,A,11.31,12.89,20090617-20090708,12.7,A,15.2,20100714-20100805,13.1,A,10.31,12.37,20110712-20110719,M5,12.88,12.89,measured,0.35,observed,-1.0,12.75,12.65
TAP_A01,799.0,,,727727.47,9684053.4,O,19.3,A,29.09,32.21,20090617-20090708,19.6,A,28.63,20100714-20100805,19.7,A,15.76,18.86,20110712-20110719,M5,17.0,32.21,measured,0.2,observed,-1.0,19.5,31.98
TAP_A01,800.0,,,727728.48,9684053.92,O,6.4,D,1.43,4.44,20090617-20090708,,D,,20100714-20100805,,D,,,20110712-20110719,M5,,4.44,measured,0.1,site_median,-1.0,,
TAP_A01,801.0,,,727729.03,9684056.43,O,45.6,A,30.73,36.75,20090617-20090708,46.7,A,27.36,20100714-20100805,48.9,A,21.54,28.9,20110712-20110719,M5,28.96,36.75,measured,1.65,observed,-1.0,47.25,36.12
TAP_A01,802.0,,,727742.97,9684053.67,O,25.8,A,23.66,27.8,20090617-20090708,26.3,A,29.65,20100714-20100805,26.8,A,25.21,27.84,20110712-20110719,M5,20.67,27.8,measured,0.5,observed,-1.0,26.3,27.48
TAP_A01,803.0,,,727746.47,9684053.74,O,5.8,A,10.97,14.46,20090617-20090708,5.8,A,7.3,20100714-20100805,5.8,A,5.74,7.31,20110712-20110719,M5,7.09,14.46,measured,0.0,observed,-1.0,5.8,14.46
TAP_A01,804.0,,,727761.0,9684055.49,O,22.5,A,22.16,26.17,20090617-20090708,22.6,A,7.07,20100714-20100805,22.5,A,7.82,10.25,20110712-20110719,M5,18.53,26.17,measured,0.0,observed,-1.0,22.5,26.17
TAP_A01,966.0,,,727786.62,9684054.64,O,,,,,20090617-20090708,7.9,A,8.59,20100714-20100805,9.9,A,8.16,11.3,20110712-20110719,M5,10.55,8.59,measured,0.1,site_median,-1.0,9.8,8.52
TAP_A01,805.0,,,727797.45,9684054.13,O,10.0,A,4.26,7.45,20090617-20090708,10.3,A,9.11,20100714-20100805,10.8,A,6.54,9.56,20110712-20110719,M5,11.23,7.45,measured,0.4,observed,-1.0,10.4,7.25
TAP_A01,806.0,,,727803.04,9684059.23,O,56.6,D,1.12,1.43,20090617-20090708,54.7,D,1.8,20100714-20100805,54.7,D,,1.8,20110712-20110719,M5,30.59,1.43,measured,0.0,observed,-1.0,54.7,1.43
TAP_A01,807.0,,,727808.98,9684055.83,O,22.5,A,10.65,12.74,20090617-20090708,25.6,A,13.84,20100714-20100805,28.5,A,14.65,16.74,20110712-20110719,M5,21.46,12.74,measured,3.0,observed,-1.0,25.5,11.9
TAP_A01,808.0,,,727813.95,9684054.42,O,5.6,A,3.56,4.54,20090617-20090708,6.1,A,6.3,20100714-20100805,6.0,A,5.55,8.06,20110712-20110719,M5,7.27,4.54,measured,0.2,observed,-1.0,5.8,4.43
TAP_A01,809.0,,,727815.46,9684054.95,O,6.5,A,3.9,6.14,20090617-20090708,6.9,A,5.01,20100714-20100805,7.0,A,4.1,7.77,20110712-20110719,M5,8.17,6.14,measured,0.25,observed,-1.0,6.75,5.97
TAP_A01,810.0,,,727818.48,9684056.0,O,8.8,A,2.0,4.78,20090617-20090708,8.7,A,5.52,20100714-20100805,,D,,,20110712-20110719,M5,,4.78,measured,0.1,site_median,-1.0,,
TAP_A01,811.0,,,727818.98,9684056.01,O,16.5,A,8.19,10.27,20090617-20090708,18.8,A,13.27,20100714-20100805,20.9,A,7.73,17.75,20110712-20110719,M5,17.67,10.27,measured,2.2,observed,-1.0,18.7,9.54
TAP_A01,812.0,,,727822.45,9684054.57,P,5.4,A,2.54,3.53,20090617-20090708,5.8,A,3.67,20100714-20100805,5.5,A,2.37,5.11,20110712-20110719,M5,6.81,3.53,measured,0.05,observed,-1.0,5.45,3.5
TAP_A01,813.0,,,727824.46,9684055.1,O,38.5,D,1.75,4.54,20090617-20090708,,D,,20100714-20100805,,D,,,20110712-20110719,M5,,4.54,measured,0.1,site_median,-1.0,,
TAP_A01,814.0,,,727825.97,9684055.63,O,10.2,A,4.11,7.06,20090617-20090708,10.8,A,7.95,20100714-20100805,11.6,A,3.11,6.32,20110712-20110719,M5,11.82,7.06,measured,0.7,observed,-1.0,10.9,6.75
TAP_A01,815.0,,,727826.45,9684054.64,O,5.1,A,4.61,7.68,20090617-20090708,5.2,A,4.88,20100714-20100805,5.7,A,4.9,6.61,20110712-20110719,M5,6.99,7.68,measured,0.3,observed,-1.0,5.4,7.37
TAP_A01,816.0,,,727834.98,9684056.79,O,10.4,A,4.87,7.24,20090617-20090708,11.3,A,8.86,20100714-20100805,11.8,A,4.76,6.23,20110712-20110719,M5,11.96,7.24,measured,0.7,observed,-1.0,11.1,6.93
TAP_A01,817.0,,,727837.46,9684055.33,O,12.1,A,8.72,16.66,20090617-20090708,12.7,A,13.41,20100714-20100805,13.6,A,7.71,11.71,20110712-20110719,M5,13.22,16.66,measured,0.75,observed,-1.0,12.85,16.02
TAP_A01,818.0,,,727837.96,9684055.34,O,10.8,A,9.49,12.27,20090617-20090708,10.9,A,13.16,20100714-20100805,11.2,A,8.46,12.02,20110712-20110719,M5,11.53,12.27,measured,0.2,observed,-1.0,11.0,12.11
TAP_A01,819.0,,,727843.95,9684054.95,O,7.0,A,5.12,7.57,20090617-20090708,7.4,A,7.3,20100714-20100805,7.0,A,4.09,7.24,20110712-20110719,M5,8.17,7.57,measured,0.0,observed,-1.0,7.0,7.57
TAP_A01,820.0,,,727844.47,9684055.96,O,18.2,A,10.02,12.59,20090617-20090708,18.5,A,11.62,20100714-20100805,18.7,A,6.47,12.86,20110712-20110719,M5,16.42,12.59,measured,0.25,observed,-1.0,18.45,12.48
TAP_A01,821.0,,,727858.96,9684056.21,O,14.5,A,2.23,4.7,20090617-20090708,15.1,A,6.86,20100714-20100805,15.2,A,2.8,6.81,20110712-20110719,M5,14.28,4.7,measured,0.35,observed,-1.0,14.85,4.62
TAP_A01,822.0,,,727860.49,9684057.74,O,66.5,D,0.9,7.7,20090617-20090708,54.3,D,9.15,20100714-20100805,54.3,D,,9.5,20110712-20110719,M5,30.48,7.7,measured,0.0,observed,-1.0,54.3,7.7
TAP_A01,823.0,,,727862.48,9684057.27,O,16.7,A,10.5,19.47,20090617-20090708,19.2,A,18.64,20100714-20100805,21.3,A,15.88,19.19,20110712-20110719,M5,17.88,19.47,measured,2.3,observed,-1.0,19.0,18.08
TAP_A01,824.0,,,727866.45,9684055.84,L,10.5,A,0.0,0.0,20090617-20090708,10.4,A,,20100714-20100805,15.0,A,,,20110712-20110719,M5,14.15,11.95,local_fit,2.25,observed,-1.0,12.75,10.67
TAP_A01,825.0,,,727866.96,9684056.35,O,38.6,A,10.07,12.97,20090617-20090708,40.2,A,9.76,20100714-20100805,40.2,D,,5.47,20110712-20110719,M5,26.14,12.97,measured,0.8,observed,-1.0,39.4,12.83
TAP_A01,826.0,,,727879.97,9684057.08,O,10.5,A,3.75,6.49,20090617-20090708,10.6,A,5.85,20100714-20100805,10.4,A,18.97,22.57,20110712-20110719,M5,10.93,6.49,measured,0.0,observed,-1.0,10.4,6.49
TAP_A01,967.0,,,727882.9,9684056.03,O,,,,,20090617-20090708,5.1,A,5.58,20100714-20100805,5.2,A,2.11,5.56,20110712-20110719,M5,6.52,5.58,measured,0.1,site_median,-1.0,5.1,5.5
TAP_A01,827.0,,,727886.95,9684056.2,O,6.6,A,3.06,5.21,20090617-20090708,7.2,A,8.53,20100714-20100805,9.0,A,6.97,8.33,20110712-20110719,M5,9.84,5.21,measured,1.2,observed,-1.0,7.8,4.69
TAP_A01,828.0,,,727903.94,9684056.0,O,6.0,D,,2.5,20090617-20090708,,D,,20100714-20100805,,D,,,20110712-20110719,M5,,2.5,measured,0.1,site_median,-1.0,,
TAP_A01,829.0,,,727912.94,9684056.16,O,10.4,A,4.57,6.89,20090617-20090708,10.5,A,6.35,20100714-20100805,10.6,A,4.04,6.01,20110712-20110719,M5,11.08,6.89,measured,0.1,observed,-1.0,10.5,6.84
TAP_A01,830.0,,,727914.94,9684056.19,O,7.9,A,3.7,5.9,20090617-20090708,8.0,A,4.92,20100714-20100805,8.1,A,0.98,4.15,20110712-20110719,M5,9.1,5.9,measured,0.1,observed,-1.0,8.0,5.85
TAP_A01,831.0,,,727922.0,9684059.81,O,74.6,D,1.23,6.7,20090617-20090708,73.5,D,7.19,20100714-20100805,73.5,D,,5.73,20110712-20110719,M5,34.84,6.7,measured,0.0,observed,-1.0,73.5,6.7
TAP_A01,832.0,,,727929.93,9684056.46,O,7.4,A,6.39,8.68,20090617-20090708,7.6,A,9.12,20100714-20100805,7.8,A,5.47,8.19,20110712-20110719,M5,8.85,8.68,measured,0.2,observed,-1.0,7.6,8.51
TAP_A01,833.0,,,727937.97,9684058.6,O,19.5,D,11.06,13.64,20090617-20090708,19.0,D,8.98,20100714-20100805,19.0,D,,5.72,20110712-20110719,M5,16.6,13.64,measured,0.0,observed,-1.0,19.0,13.64
TAP_A01,834.0,,,727940.93,9684056.65,O,7.9,A,12.14,16.13,20090617-20090708,7.9,A,14.25,20100714-20100805,8.0,A,13.15,15.31,20110712-20110719,M5,9.02,16.13,measured,0.05,observed,-1.0,7.95,16.06
TAP_A01,835.0,,,727948.43,9684056.78,O,30.0,A,7.07,9.97,20090617-20090708,25.4,A,25.46,20100714-20100805,23.3,A,20.37,21.75,20110712-20110719,M5,18.94,9.97,measured,0.0,observed,-1.0,23.3,9.97
TAP_A01,836.0,,,727952.95,9684057.86,O,10.5,A,9.48,12.43,20090617-20090708,10.6,A,12.55,20100714-20100805,10.4,A,9.07,12.22,20110712-20110719,M5,10.93,12.43,measured,0.0,observed,-1.0,10.4,12.43
TAP_A01,837.0,,,727957.93,9684056.95,O,7.3,A,5.35,6.84,20090617-20090708,7.4,A,7.52,20100714-20100805,7.6,A,6.4,8.65,20110712-20110719,M5,8.68,6.84,measured,0.15,observed,-1.0,7.45,6.75
TAP_A01,838.0,,,727961.46,9684058.51,O,11.3,A,7.92,13.83,20090617-20090708,11.3,A,12.49,20100714-20100805,11.5,A,7.9,12.74,20110712-20110719,M5,11.75,13.83,measured,0.1,observed,-1.0,11.4,13.74
TAP_A01,839.0,,,727966.01,9684061.59,O,100.2,D,0.89,20.45,20090617-20090708,99.3,D,20.69,20100714-20100805,99.3,D,,21.82,20110712-20110719,M5,38.87,20.45,measured,0.0,observed,-1.0,99.3,20.45
TAP_A01,840.0,,,727970.94,9684057.67,O,7.0,A,7.48,11.8,20090617-20090708,7.1,A,11.34,20100714-20100805,7.1,A,9.98,12.55,20110712-20110719,M5,8.25,11.8,measured,0.05,observed,-1.0,7.05,11.74
TAP_A01,841.0,,,727972.96,9684059.21,O,14.7,A,5.8,8.72,20090617-20090708,14.7,A,9.39,20100714-20100805,14.7,A,6.14,8.01,20110712-20110719,M5,13.95,8.72,measured,0.0,observed,-1.0,14.7,8.72
TAP_A01,842.0,,,727978.93,9684057.31,O,7.9,A,13.58,16.63,20090617-20090708,8.0,A,17.1,20100714-20100805,8.3,A,13.94,18.62,20110712-20110719,M5,9.27,16.63,measured,0.2,observed,-1.0,8.1,16.33
TAP_A01,843.0,,,727985.47,9684059.93,O,84.2,A,37.26,44.98,20090617-20090708,83.8,A,40.17,20100714-20100805,84.5,A,33.05,40.68,20110712-20110719,M5,36.77,44.98,measured,0.15,observed,-1.0,84.35,44.94
TAP_A01,844.0,,,727986.47,9684059.95,O,49.8,A,37.45,45.05,20090617-20090708,49.9,A,45.54,20100714-20100805,50.6,A,,33.72,20110712-20110719,M5,29.45,45.05,measured,0.4,observed,-1.0,50.2,44.88
TAP_A01,845.0,,,727986.95,9684058.95,O,19.0,A,12.7,17.53,20090617-20090708,18.7,A,19.05,20100714-20100805,20.2,A,13.42,20.19,20110712-20110719,M5,17.28,17.53,measured,0.6,observed,-1.0,19.6,17.19
TAP_A01,846.0,,,727992.45,9684059.05,O,10.7,A,11.04,13.72,20090617-20090708,10.6,A,11.13,20100714-20100805,,D,,,20110712-20110719,M5,,13.72,measured,0.1,site_median,-1.0,,
TAP_A01,847.0,,,727992.46,9684059.55,O,51.5,A,21.02,23.96,20090617-20090708,51.5,A,26.52,20100714-20100805,52.0,A,21.35,25.17,20110712-20110719,M5,29.85,23.96,measured,0.25,observed,-1.0,51.75,23.9
TAP_A01,848.0,,,727996.93,9684058.13,O,9.6,A,5.21,7.56,20090617-20090708,9.6,D,3.95,20100714-20100805,,D,,,20110712-20110719,M5,,7.56,measured,0.1,site_median,-1.0,,
TAP_A01,849.0,,,728000.43,9684058.19,O,9.3,A,7.83,10.91,20090617-20090708,9.5,A,3.47,20100714-20100805,9.4,A,2.85,3.74,20110712-20110719,M5,10.16,10.91,measured,0.05,observed,-1.0,9.35,10.87
TAP_A01,850.0,,,727997.89,9684055.65,O,20.6,A,9.69,16.2,20090617-20090708,21.1,A,8.41,20100714-20100805,21.4,A,2.08,6.66,20110712-20110719,M5,17.94,16.2,measured,0.4,observed,-1.0,21.0,16.0
TAP_A01,968.0,,,727995.22,9684057.25,O,,,,,20090617-20090708,9.4,A,12.67,20100714-20100805,10.3,A,4.43,10.69,20110712-20110719,M5,10.85,12.67,measured,0.1,site_median,-1.0,10.2,12.59
TAP_A01,851.0,,,727989.92,9684057.01,L,6.2,A,1.14,1.3,20090617-20090708,6.2,A,,20100714-20100805,6.2,A,,,20110712-20110719,M5,7.45,1.3,measured,0.0,observed,-1.0,6.2,1.3
TAP_A01,852.0,,,727968.91,9684056.14,O,19.3,A,9.04,12.93,20090617-20090708,18.2,A,11.64,20100714-20100805,20.0,A,3.84,12.65,20110712-20110719,M5,17.17,12.93,measured,0.35,observed,-1.0,19.65,12.78
TAP_A01,853.0,,,727968.88,9684054.64,O,51.5,D,1.4,2.05,20090617-20090708,51.3,D,2.41,20100714-20100805,51.3,D,,2.41,20110712-20110719,M5,29.65,2.05,measured,0.0,observed,-1.0,51.3,2.05
TAP_A01,854.0,,,727966.92,9684056.6,O,5.5,A,4.96,9.29,20090617-20090708,5.5,A,10.55,20100714-20100805,5.7,A,5.68,11.07,20110712-20110719,M5,6.99,9.29,measured,0.1,observed,-1.0,5.6,9.17
TAP_A01,855.0,,,727964.42,9684056.56,O,6.1,A,8.85,12.78,20090617-20090708,6.5,A,12.05,20100714-20100805,7.0,A,7.73,12.77,20110712-20110719,M5,8.17,12.78,measured,0.45,observed,-1.0,6.55,12.15
TAP_A01,856.0,,,727957.9,9684055.45,O,19.4,A,16.59,19.85,20090617-20090708,19.3,A,18.74,20100714-20100805,19.9,A,14.58,22.0,20110712-20110719,M5,17.11,19.85,measured,0.25,observed,-1.0,19.65,19.69
TAP_A01,857.0,,,727953.91,9684055.88,O,21.3,A,11.3,14.01,20090617-20090708,21.1,A,17.15,20100714-20100805,21.1,A,10.84,18.83,20110712-20110719,M5,17.78,14.01,measured,0.0,observed,-1.0,21.1,14.01
TAP_A01,858.0,,,727953.91,9684055.88,L,5.1,A,6.01,8.46,20090617-20090708,5.1,A,7.99,20100714-20100805,5.2,A,3.19,8.33,20110712-20110719,M5,6.52,8.46,measured,0.05,observed,-1.0,5.15,8.4
TAP_A01,859.0,,,727946.91,9684055.75,O,138.0,A,51.72,59.32,20090617-20090708,137.5,A,55.26,20100714-20100805,140.0,A,32.07,42.48,20110712-20110719,M5,42.73,59.32,measured,1.0,observed,-1.0,139.0,59.22
TAP_A01,860.0,,,727943.43,9684056.69,O,16.0,A,21.19,25.17,20090617-20090708,16.0,A,17.78,20100714-20100805,16.1,A,13.99,18.69,20110712-20110719,M5,14.85,25.17,measured,0.05,observed,-1.0,16.05,25.12
TAP_A01,861.0,,,727937.9,9684054.6,O,17.5,A,9.41,14.6,20090617-20090708,17.6,A,14.12,20100714-20100805,17.6,A,6.31,14.26,20110712-20110719,M5,15.77,14.6,measured,0.05,observed,-1.0,17.55,14.57
TAP_A01,862.0,,,727929.89,9684053.96,O,13.5,A,11.64,13.29,20090617-20090708,30.5,A,11.86,20100714-20100805,30.5,A,9.8,13.57,20110712-20110719,M5,22.35,13.29,measured,5.0,observed,-1.0,25.5,11.92
TAP_A01,934.0,,,727928.93,9684056.44,O,7.0,A,5.57,10.43,20090617-20090708,7.5,A,12.17,20100714-20100805,7.8,A,4.48,10.53,20110712-20110719,M5,8.85,10.43,measured,0.4,observed,-1.0,7.4,10.03
TAP_A01,863.0,,,727926.42,9684055.39,O,56.2,A,17.84,20.42,20090617-20090708,56.3,A,21.95,20100714-20100805,56.4,A,9.24,23.33,20110712-20110719,M5,31.04,20.42,measured,0.1,observed,-1.0,56.3,20.4
TAP_A01,864.0,,,727918.92,9684055.26,O,40.2,A,20.09,27.94,20090617-20090708,41.0,A,25.58,20100714-20100805,40.4,A,19.39,28.5,20110712-20110719,M5,26.21,27.94,measured,0.1,observed,-1.0,40.3,27.91
TAP_A01,865.0,,,727918.93,9684055.76,O,7.4,A,10.77,12.49,20090617-20090708,7.7,A,6.84,20100714-20100805,8.0,A,5.07,7.37,20110712-20110719,M5,9.02,12.49,measured,0.3,observed,-1.0,7.7,12.14
TAP_A01,866.0,,,727912.92,9684055.16,P,5.7,A,3.21,4.98,20090617-20090708,6.4,A,5.67,20100714-20100805,6.5,A,2.08,4.67,20110712-20110719,M5,7.72,4.98,measured,0.4,observed,-1.0,6.1,4.75
TAP_A01,867.0,,,727909.93,9684055.6,O,6.4,A,3.64,3.98,20090617-20090708,6.5,A,4.74,20100714-20100805,6.7,A,4.11,8.21,20110712-20110719,M5,7.9,3.98,measured,0.15,observed,-1.0,6.55,3.91
TAP_A01,868.0,,,727901.92,9684054.96,O,15.6,A,4.35,6.85,20090617-20090708,21.0,A,3.86,20100714-20100805,21.0,D,,2.96,20110712-20110719,M5,17.72,6.85,measured,2.7,observed,-1.0,18.3,6.26
TAP_A01,869.0,,,727887.43,9684055.21,O,8.2,D,1.39,5.76,20090617-20090708,7.8,D,6.36,20100714-20100805,,D,,,20110712-20110719,M5,,5.76,measured,0.1,site_median,-1.0,,
TAP_A01,870.0,,,727873.93,9684054.97,O,7.4,A,6.43,8.77,20090617-20090708,7.8,A,9.52,20100714-20100805,8.5,A,2.84,9.31,20110712-20110719,M5,9.43,8.77,measured,0.55,observed,-1.0,7.95,8.35
TAP_A01,871.0,,,727871.94,9684055.44,O,17.4,A,5.93,8.16,20090617-20090708,17.5,A,9.48,20100714-20100805,17.6,A,5.16,9.43,20110712-20110719,M5,15.77,8.16,measured,0.1,observed,-1.0,17.5,8.13
TAP_A01,872.0,,,727862.94,9684054.78,O,9.2,A,1.43,3.74,20090617-20090708,9.2,A,3.64,20100714-20100805,9.2,D,,2.16,20110712-20110719,M5,10.0,3.74,measured,0.0,observed,-1.0,9.2,3.74
TAP_A01,873.0,,,727862.94,9684054.78,O,7.0,A,7.54,9.58,20090617-20090708,9.1,A,10.72,20100714-20100805,11.9,A,9.4,12.39,20110712-20110719,M5,12.03,9.58,measured,2.45,observed,-1.0,9.45,8.11
TAP_A01,874.0,,,727850.45,9684055.06,O,5.0,A,5.88,7.91,20090617-20090708,6.2,A,9.82,20100714-20100805,9.0,A,5.2,11.07,20110712-20110719,M5,9.84,7.91,measured,2.0,observed,-1.0,7.0,6.57
TAP_A01,875.0,,,727846.94,9684054.5,O,5.1,A,4.2,5.98,20090617-20090708,5.2,A,6.08,20100714-20100805,5.2,A,3.22,5.81,20110712-20110719,M5,6.52,5.98,measured,0.05,observed,-1.0,5.15,5.93
TAP_A01,876.0,,,727844.94,9684054.46,O,19.5,A,6.96,9.12,20090617-20090708,19.8,A,12.11,20100714-20100805,19.9,A,6.43,13.08,20110712-20110719,M5,17.11,9.12,measured,0.2,observed,-1.0,19.7,9.06
TAP_A01,877.0,,,727843.41,9684052.94,O,25.1,A,13.56,14.88,20090617-20090708,25.2,A,15.85,20100714-20100805,25.7,A,13.16,17.96,20110712-20110719,M5,20.14,14.88,measured,0.3,observed,-1.0,25.4,14.78
TAP_A01,878.0,,,727840.92,9684053.39,O,35.4,A,17.03,19.27,20090617-20090708,35.2,A,19.65,20100714-20100805,35.1,A,13.39,18.49,20110712-20110719,M5,24.25,19.27,measured,0.0,observed,-1.0,35.1,19.27
TAP_A01,969.0,,,727841.55,9684054.9,L,,,,,20090617-20090708,6.1,A,,20100714-20100805,6.1,A,,,20110712-20110719,M5,7.36,7.36,feldpausch_regional,0.1,site_median,-1.0,6.0,7.27
TAP_A01,970.0,,,727841.55,9684054.9,L,,,,,20090617-20090708,6.6,A,,20100714-20100805,6.9,A,,,20110712-20110719,M5,8.08,8.08,feldpausch_regional,0.1,site_median,-1.0,6.8,7.99
TAP_A01,879.0,,,727839.41,9684052.87,O,81.5,D,0.98,12.99,20090617-20090708,80.9,D,11.84,20100714-20100805,80.9,D,,13.69,20110712-20110719,M5,36.18,12.99,measured,0.0,observed,-1.0,80.9,12.99
TAP_A01,880.0,,,727838.43,9684053.85,O,9.5,A,8.15,8.93,20090617-20090708,9.8,A,11.75,20100714-20100805,10.2,A,4.99,12.01,20110712-20110719,M5,10.78,8.93,measured,0.35,observed,-1.0,9.85,8.71
TAP_A01,881.0,,,727836.95,9684054.82,O,11.2,A,5.89,9.04,20090617-20090708,11.8,A,4.79,20100714-20100805,,D,,,20110712-20110719,M5,,9.04,measured,0.1,site_median,-1.0,,
TAP_A01,882.0,,,727835.95,9684054.81,O,8.6,A,6.71,8.54,20090617-20090708,9.1,A,8.53,20100714-20100805,9.5,A,2.55,3.57,20110712-20110719,M5,10.23,8.54,measured,0.45,observed,-1.0,9.05,8.25
TAP_A01,883.0,,,727831.44,9684054.23,O,41.8,A,19.41,22.85,20090617-20090708,41.7,A,28.51,20100714-20100805,42.2,A,1.94,2.21,20110712-20110719,M5,26.83,22.85,measured,0.2,observed,-1.0,42.0,22.8
TAP_A01,884.0,,,727831.44,9684054.23,L,9.2,A,3.94,5.99,20090617-20090708,9.2,A,7.51,20100714-20100805,9.2,A,,,20110712-20110719,M5,10.0,5.99,measured,0.0,observed,-1.0,9.2,5.99
TAP_A01,885.0,,,727825.92,9684052.63,O,28.2,A,22.94,27.95,20090617-20090708,30.0,A,28.96,20100714-20100805,31.7,A,18.87,26.21,20110712-20110719,M5,22.86,27.95,measured,1.75,observed,-1.0,29.95,27.03
TAP_A01,886.0,,,727806.91,9684051.8,O,51.5,D,1.11,1.29,20090617-20090708,47.9,D,1.4,20100714-20100805,47.9,D,,1.49,20110712-20110719,M5,28.66,1.29,measured,0.0,observed,-1.0,47.9,1.29
TAP_A01,887.0,,,727802.95,9684053.73,O,5.5,A,4.71,5.19,20090617-20090708,5.5,A,7.55,20100714-20100805,5.9,A,1.63,4.29,20110712-20110719,M5,7.18,5.19,measured,0.2,observed,-1.0,5.7,5.05
TAP_A01,888.0,,,727799.45,9684054.17,O,7.5,A,7.56,8.69,20090617-20090708,8.0,A,8.15,20100714-20100805,8.6,A,3.86,8.93,20110712-20110719,M5,9.52,8.69,measured,0.55,observed,-1.0,8.05,8.27
TAP_A01,889.0,,,727799.45,9684053.67,O,11.4,A,6.28,7.04,20090617-20090708,11.5,A,6.22,20100714-20100805,11.9,A,8.85,10.08,20110712-20110719,M5,12.03,7.04,measured,0.25,observed,-1.0,11.65,6.93
TAP_A01,971.0,,,727884.13,9684054.85,O,,,,,20090617-20090708,10.3,A,9.58,20100714-20100805,13.4,A,6.66,12.44,20110712-20110719,M5,13.08,9.58,measured,0.1,site_median,-1.0,13.3,9.54
TAP_A01,890.0,,,727764.45,9684053.05,O,12.1,A,6.98,10.38,20090617-20090708,12.3,A,8.34,20100714-20100805,14.4,A,5.41,8.64,20110712-20110719,M5,13.76,10.38,measured,1.15,observed,-1.0,13.25,9.79
TAP_A01,891.0,,,727752.45,9684052.84,O,13.0,A,16.49,24.34,20090617-20090708,13.0,A,21.08,20100714-20100805,13.0,A,13.1,15.86,20110712-20110719,M5,12.81,24.34,measured,0.0,observed,-1.0,13.0,24.34
TAP_A01,892.0,,,727751.44,9684051.82,O,21.5,A,17.45,22.58,20090617-20090708,22.0,A,20.1,20100714-20100805,22.6,A,18.59,23.31,20110712-20110719,M5,18.58,22.58,measured,0.55,observed,-1.0,22.05,22.23
TAP_A01,893.0,,,727741.43,9684051.15,O,13.0,A,4.9,8.15,20090617-20090708,13.0,D,3.32,20100714-20100805,13.0,D,,3.18,20110712-20110719,M5,12.81,8.15,measured,0.0,observed,-1.0,13.0,8.15
TAP_A01,894.0,,,727728.97,9684052.93,O,8.3,A,8.85,15.91,20090617-20090708,9.2,A,13.66,20100714-20100805,9.9,A,6.72,15.06,20110712-20110719,M5,10.55,15.91,measured,0.8,observed,-1.0,9.1,14.96
TAP_A01,972.0,,,727728.47,9684052.92,O,18.9,A,18.75,22.04,20090617-20090708,18.9,A,22.18,20100714-20100805,19.0,A,14.02,20.69,20110712-20110719,M5,16.6,22.04,measured,0.05,observed,-1.0,18.95,22.0
TAP_A01,973.0,,,727728.01,9684052.31,O,,,,,20090617-20090708,6.1,A,10.12,20100714-20100805,6.7,A,6.94,10.76,20110712-20110719,M5,7.9,10.12,measured,0.1,site_median,-1.0,6.6,10.0
TAP_A01,896.0,,,727724.43,9684050.85,O,31.4,A,27.35,33.6,20090617-20090708,31.7,A,33.94,20100714-20100805,32.2,A,25.87,36.08,20110712-20110719,M5,23.07,33.6,measured,0.4,observed,-1.0,31.8,33.35
TAP_A01,897.0,,,727720.46,9684052.28,O,7.8,A,7.24,15.17,20090617-20090708,8.1,A,13.66,20100714-20100805,8.5,A,8.9,11.9,20110712-20110719,M5,9.43,15.17,measured,0.35,observed,-1.0,8.15,14.72
TAP_A01,898.0,,,727704.96,9684052.01,O,12.3,A,9.64,12.8,20090617-20090708,12.8,A,12.08,20100714-20100805,12.9,A,6.1,11.52,20110712-20110719,M5,12.74,12.8,measured,0.3,observed,-1.0,12.6,12.59
TAP_A01,899.0,,,727703.97,9684052.49,L,5.5,A,0.0,0.0,20090617-20090708,5.5,A,,20100714-20100805,5.5,D,,,20110712-20110719,M5,6.81,8.43,local_fit,0.0,observed,-1.0,5.5,8.43
TAP_A01,974.0,,,727695.96,9684051.85,O,6.3,A,5.21,8.06,20090617-20090708,6.4,A,7.79,20100714-20100805,6.4,A,5.21,7.61,20110712-20110719,M5,7.64,8.06,measured,0.05,observed,-1.0,6.35,8.01
TAP_A01,901.0,,,727691.44,9684050.77,O,46.5,A,32.66,37.44,20090617-20090708,46.5,A,32.12,20100714-20100805,46.4,A,20.79,26.2,20110712-20110719,M5,28.2,37.44,measured,0.0,observed,-1.0,46.4,37.44
TAP_A01,965.0,,,727690.97,9684052.26,O,25.6,A,16.07,19.83,20090617-20090708,25.3,A,25.09,20100714-20100805,25.7,A,14.19,20.64,20110712-20110719,M5,20.14,19.83,measured,0.05,observed,-1.0,25.65,19.81
TAP_A01,903.0,,,727687.44,9684050.2,O,64.6,A,27.16,34.28,20090617-20090708,64.6,A,47.3,20100714-20100805,64.8,A,31.19,41.6,20110712-20110719,M5,33.05,34.28,measured,0.1,observed,-1.0,64.7,34.26
TAP_A01,904.0,,,727679.96,9684051.07,O,11.9,A,5.56,14.68,20090617-20090708,12.0,A,10.64,20100714-20100805,12.1,A,,,20110712-20110719,M5,12.18,14.68,measured,0.1,observed,-1.0,12.0,14.6
TAP_A01,905.0,,,727679.47,9684052.06,O,24.0,A,23.92,27.25,20090617-20090708,24.1,A,27.28,20100714-20100805,24.1,A,18.39,24.04,20110712-20110719,M5,19.35,27.25,measured,0.05,observed,-1.0,24.05,27.22
TAP_A01,975.0,,,727678.36,9684051.54,O,,,,,20090617-20090708,5.3,A,8.83,20100714-20100805,5.1,A,5.2,8.66,20110712-20110719,M5,6.43,8.83,measured,0.1,site_median,-1.0,5.0,8.69
TAP_A01,906.0,,,727676.46,9684051.01,O,30.1,A,24.04,26.59,20090617-20090708,30.2,A,30.03,20100714-20100805,30.5,A,17.07,26.52,20110712-20110719,M5,22.35,26.59,measured,0.2,observed,-1.0,30.3,26.48
TAP_A01,907.0,,,727671.45,9684050.42,O,68.3,A,22.51,29.27,20090617-20090708,68.7,A,36.53,20100714-20100805,69.0,A,23.76,35.61,20110712-20110719,M5,33.95,29.27,measured,0.35,observed,-1.0,68.65,29.21
TAP_A01,908.0,,,727661.98,9684051.75,O,6.0,A,4.96,6.18,20090617-20090708,5.9,A,6.25,20100714-20100805,5.9,A,5.43,6.95,20110712-20110719,M5,7.18,6.18,measured,0.0,observed,-1.0,5.9,6.18
TAP_A01,909.0,,,727657.85,9684044.68,O,80.7,A,40.1,52.19,20090617-20090708,80.8,A,48.03,20100714-20100805,81.6,A,30.61,48.37,20110712-20110719,M5,36.29,52.19,measured,0.45,observed,-1.0,81.15,52.09
TAP_A01,910.0,,,727649.45,9684050.04,O,16.2,A,3.14,11.97,20090617-20090708,15.9,A,12.71,20100714-20100805,16.2,A,4.78,12.21,20110712-20110719,M5,14.91,11.97,measured,0.0,observed,-1.0,16.2,11.97
TAP_A01,911.0,,,727646.47,9684050.98,O,7.1,A,10.55,14.03,20090617-20090708,7.0,A,14.42,20100714-20100805,7.2,A,8.21,15.19,20110712-20110719,M5,8.34,14.03,measured,0.05,observed,-1.0,7.15,13.96
TAP_A01,912.0,,,727634.46,9684050.27,O,14.5,A,4.2,7.84,20090617-20090708,14.7,A,8.96,20100714-20100805,14.6,A,2.11,6.81,20110712-20110719,M5,13.89,7.84,measured,0.05,observed,-1.0,14.55,7.82
TAP_A01,913.0,,,727621.95,9684049.05,O,20.9,A,16.34,19.32,20090617-20090708,21.0,A,21.55,20100714-20100805,21.3,A,12.78,17.85,20110712-20110719,M5,17.88,19.32,measured,0.2,observed,-1.0,21.1,19.21
TAP_A01,976.0,,,727620.07,9684050.12,O,,,,,20090617-20090708,9.0,A,9.92,20100714-20100805,8.9,A,5.26,9.02,20110712-20110719,M5,9.76,9.92,measured,0.1,site_median,-1.0,8.8,9.84
TAP_A01,977.0,,,727616.72,9684050.06,O,,,,,20090617-20090708,12.9,A,20.56,20100714-20100805,14.3,A,10.73,16.57,20110712-20110719,M5,13.69,20.56,measured,0.1,site_median,-1.0,14.2,20.45
TAP_A01,914.0,,,727613.95,9684048.91,O,91.5,A,1.4,16.47,20090617-20090708,93.5,A,15.96,20100714-20100805,93.5,D,,17.56,20110712-20110719,M5,38.11,16.47,measured,1.0,observed,-1.0,92.5,16.41
TAP_A01,915.0,,,727610.95,9684048.86,O,27.2,A,12.14,15.5,20090617-20090708,27.1,A,19.56,20100714-20100805,26.7,A,15.6,21.77,20110712-20110719,M5,20.62,15.5,measured,0.0,observed,-1.0,26.7,15.5
TAP_A01,916.0,,,727592.45,9684048.54,O,32.3,A,15.87,21.03,20090617-20090708,32.7,A,20.44,20100714-20100805,32.8,A,11.37,24.34,20110712-20110719,M5,23.32,21.03,measured,0.25,observed,-1.0,32.55,20.94
TAP_A01,917.0,,,727591.92,9684046.53,O,50.9,A,45.11,53.72,20090617-20090708,51.2,D,39.17,20100714-20100805,51.2,D,,39.48,20110712-20110719,M5,29.63,53.72,measured,0.15,observed,-1.0,51.05,53.63
TAP_A01,918.0,,,727584.95,9684048.4,O,65.3,A,43.47,46.77,20090617-20090708,65.7,A,49.83,20100714-20100805,67.9,A,30.56,48.83,20110712-20110719,M5,33.72,46.77,measured,1.3,observed,-1.0,66.6,46.38
TAP_A01,919.0,,,727581.98,9684049.85,O,9.7,A,5.55,13.19,20090617-20090708,10.2,A,11.56,20100714-20100805,10.5,A,7.28,11.38,20110712-20110719,M5,11.0,13.19,measured,0.4,observed,-1.0,10.1,12.83
TAP_A01,920.0,,,727578.98,9684049.8,O,8.2,A,9.11,11.28,20090617-20090708,8.5,A,11.58,20100714-20100805,8.3,A,6.44,10.55,20110712-20110719,M5,9.27,11.28,measured,0.05,observed,-1.0,8.25,11.23
TAP_A01,921.0,,,727577.94,9684047.28,O,36.5,A,18.19,22.02,20090617-20090708,36.5,A,21.93,20100714-20100805,36.3,A,10.98,18.05,20110712-20110719,M5,24.71,22.02,measured,0.0,observed,-1.0,36.3,22.02
TAP_A01,922.0,,,727577.99,9684050.28,O,5.5,A,7.8,10.57,20090617-20090708,5.5,A,11.54,20100714-20100805,5.3,A,6.0,11.74,20110712-20110719,M5,6.62,10.57,measured,0.0,observed,-1.0,5.3,10.57
TAP_A01,923.0,,,727576.99,9684050.26,O,6.1,A,3.06,8.69,20090617-20090708,6.5,A,8.95,20100714-20100805,6.8,A,5.11,8.21,20110712-20110719,M5,7.99,8.69,measured,0.35,observed,-1.0,6.45,8.35
TAP_A01,924.0,,,727562.96,9684048.52,O,16.2,A,15.42,23.18,20090617-20090708,16.6,A,24.29,20100714-20100805,17.2,A,12.41,22.05,20110712-20110719,M5,15.53,23.18,measured,0.5,observed,-1.0,16.7,22.72
TAP_A01,925.0,,,727559.96,9684047.97,O,82.5,A,43.11,50.76,20090617-20090708,82.7,A,49.34,20100714-20100805,83.3,A,30.42,47.11,20110712-20110719,M5,36.57,50.76,measured,0.4,observed,-1.0,82.9,50.68
TAP_A01,926.0,,,727556.99,9684049.91,O,13.7,A,6.72,12.98,20090617-20090708,13.8,A,14.08,20100714-20100805,14.0,A,3.91,9.56,20110712-20110719,M5,13.49,12.98,measured,0.15,observed,-1.0,13.85,12.88
TAP_A01,927.0,,,727549.48,9684049.28,O,14.2,D,1.35,8.77,20090617-20090708,,D,,20100714-20100805,,D,,,20110712-20110719,M5,,8.77,measured,0.1,site_median,-1.0,,
TAP_A01,928.0,,,727541.97,9684048.15,O,17.5,A,5.93,14.11,20090617-20090708,17.6,A,13.09,20100714-20100805,17.6,A,4.89,12.4,20110712-20110719,M5,15.77,14.11,measured,0.05,observed,-1.0,17.55,14.08
TAP_A01,929.0,,,727537.48,9684048.57,O,14.2,A,7.13,9.33,20090617-20090708,14.1,A,10.07,20100714-20100805,14.5,A,5.68,12.46,20110712-20110719,M5,13.82,9.33,measured,0.15,observed,-1.0,14.35,9.26
TAP_A01,930.0,,,727509.98,9684048.09,O,11.9,A,0.31,13.61,20090617-20090708,11.9,A,8.9,20100714-20100805,12.1,A,3.34,11.74,20110712-20110719,M5,12.18,13.61,measured,0.1,observed,-1.0,12.0,13.53
TAP_A01,996.0,,,727512.31,9684049.63,O,,,,,20090617-20090708,,A,,20100714-20100805,7.0,A,1.66,4.9,20110712-20110719,M5,8.17,4.9,measured,0.1,site_median,-1.0,6.9,4.85
TAP_A01,3001.0,,,727375.49,9684684.42,O,5.3,A,2.77,6.42,20090617-20090708,5.3,A,6.94,20100714-20100805,5.4,A,3.08,5.66,20110712-20110719,M6,6.71,6.42,measured,0.05,observed,-1.0,5.35,6.37
TAP_A01,3002.0,,,727374.99,9684684.43,O,6.4,A,6.21,7.85,20090617-20090708,6.4,A,7.43,20100714-20100805,6.4,A,3.79,9.13,20110712-20110719,M6,7.64,7.85,measured,0.0,observed,-1.0,6.4,7.85
TAP_A01,3003.0,,,727380.98,9684685.34,O,33.3,A,23.92,29.95,20090617-20090708,33.3,A,29.22,20100714-20100805,33.8,A,16.64,19.13,20110712-20110719,M6,23.73,29.95,measured,0.25,observed,-1.0,33.55,29.82
TAP_A01,3004.0,,,727381.48,9684684.83,O,11.7,D,1.34,16.64,20090617-20090708,11.8,D,14.17,20100714-20100805,11.8,D,,4.17,20110712-20110719,M6,11.96,16.64,measured,0.05,observed,-1.0,11.75,16.6
TAP_A01,3005.0,,,727383.0,9684683.81,O,6.2,D,1.62,2.9,20090617-20090708,,D,,20100714-20100805,,D,,,20110712-20110719,M6,,2.9,measured,0.1,site_median,-1.0,,
TAP_A01,3006.0,,,727393.98,9684685.14,O,72.0,A,22.62,27.51,20090617-20090708,71.7,A,26.24,20100714-20100805,71.6,A,20.56,25.84,20110712-20110719,M6,34.47,27.51,measured,0.0,observed,-1.0,71.6,27.51
TAP_A01,3007.0,,,727396.99,9684684.1,P,5.7,A,3.1,4.69,20090617-20090708,14.4,A,6.15,20100714-20100805,17.0,A,1.52,9.02,20110712-20110719,M6,15.41,4.69,measured,5.0,observed,-1.0,12.0,3.69
TAP_A01,3008.0,,,727400.49,9684684.05,O,5.7,A,7.96,11.01,20090617-20090708,6.0,A,11.76,20100714-20100805,5.9,A,7.93,9.75,20110712-20110719,M6,7.18,11.01,measured,0.1,observed,-1.0,5.8,10.87
TAP_A01,3009.0,,,727398.96,9684686.07,P,40.0,A,0.79,7.84,20090617-20090708,39.0,A,6.01,20100714-20100805,35.5,A,0.95,9.76,20110712-20110719,M6,24.4,7.84,measured,0.0,observed,-1.0,35.5,7.84
TAP_A01,3010.0,,,727406.97,9684685.45,O,21.4,A,13.11,17.74,20090617-20090708,21.5,A,24.68,20100714-20100805,22.3,A,17.98,21.79,20110712-20110719,M6,18.42,17.74,measured,0.45,observed,-1.0,21.85,17.51
TAP_A01,3011.0,,,727407.97,9684685.44,O,16.1,A,9.72,13.72,20090617-20090708,16.0,A,12.85,20100714-20100805,16.0,A,8.41,12.79,20110712-20110719,M6,14.79,13.72,measured,0.0,observed,-1.0,16.0,13.72
TAP_A01,3012.0,,,727410.99,9684683.89,O,6.5,A,5.15,8.06,20090617-20090708,6.5,A,8.22,20100714-20100805,6.6,A,4.84,6.75,20110712-20110719,M6,7.81,8.06,measured,0.05,observed,-1.0,6.55,8.02
TAP_A01,3013.0,,,727410.99,9684683.89,O,5.8,A,5.42,6.92,20090617-20090708,5.9,A,7.95,20100714-20100805,5.9,A,4.44,7.95,20110712-20110719,M6,7.18,6.92,measured,0.05,observed,-1.0,5.85,6.87
TAP_A01,3014.0,,,727416.99,9684683.8,O,10.5,A,11.39,14.77,20090617-20090708,10.6,A,12.74,20100714-20100805,10.8,A,10.17,14.48,20110712-20110719,M6,11.23,14.77,measured,0.15,observed,-1.0,10.65,14.63
TAP_A01,3015.0,,,727417.48,9684684.29,O,8.7,A,9.79,11.9,20090617-20090708,8.7,A,13.21,20100714-20100805,8.6,A,11.68,14.07,20110712-20110719,M6,9.52,11.9,measured,0.0,observed,-1.0,8.6,11.9
TAP_A01,3016.0,,,727448.98,9684683.83,O,10.3,A,9.1,12.77,20090617-20090708,10.3,A,11.92,20100714-20100805,10.5,A,9.68,12.59,20110712-20110719,M6,11.0,12.77,measured,0.1,observed,-1.0,10.4,12.69
TAP_A01,3017.0,,,727449.98,9684683.31,O,5.5,A,4.08,5.73,20090617-20090708,5.5,A,8.32,20100714-20100805,5.5,A,4.3,6.96,20110712-20110719,M6,6.81,5.73,measured,0.0,observed,-1.0,5.5,5.73
TAP_A01,3018.0,,,727452.98,9684683.77,O,12.6,A,9.56,12.94,20090617-20090708,12.8,A,16.19,20100714-20100805,13.0,A,11.38,16.65,20110712-20110719,M6,12.81,12.94,measured,0.2,observed,-1.0,12.8,12.8
TAP_A01,3019.0,,,727455.98,9684683.22,O,6.9,A,3.3,8.72,20090617-20090708,6.9,A,8.63,20100714-20100805,6.9,A,5.8,8.26,20110712-20110719,M6,8.08,8.72,measured,0.0,observed,-1.0,6.9,8.72
TAP_A01,3020.0,,,727462.93,9684686.62,O,65.2,A,27.38,32.16,20090617-20090708,65.1,A,28.56,20100714-20100805,65.0,A,23.05,29.93,20110712-20110719,M6,33.09,32.16,measured,0.0,observed,-1.0,65.0,32.16
TAP_A01,3021.0,,,727463.98,9684683.1,O,8.0,A,4.46,10.06,20090617-20090708,8.2,A,9.85,20100714-20100805,8.6,A,6.28,11.44,20110712-20110719,M6,9.52,10.06,measured,0.3,observed,-1.0,8.3,9.8
TAP_A01,3022.0,,,727471.98,9684682.98,O,6.7,A,6.17,10.44,20090617-20090708,6.8,A,9.62,20100714-20100805,6.8,A,5.19,10.46,20110712-20110719,M6,7.99,10.44,measured,0.05,observed,-1.0,6.75,10.39
TAP_A01,3023.0,,,727476.97,9684683.41,O,28.5,A,23.46,27.56,20090617-20090708,29.3,A,28.08,20100714-20100805,30.0,A,22.22,25.33,20110712-20110719,M6,22.13,27.56,measured,0.75,observed,-1.0,29.25,27.15
TAP_A01,3024.0,,,727477.95,9684684.9,O,61.5,D,0.78,17.58,20090617-20090708,60.5,D,17.76,20100714-20100805,60.5,D,,17.68,20110712-20110719,M6,32.06,17.58,measured,0.0,observed,-1.0,60.5,17.58
TAP_A01,3025.0,,,727478.48,9684682.89,O,8.6,A,8.49,12.66,20090617-20090708,8.7,A,11.47,20100714-20100805,8.8,A,6.64,11.72,20110712-20110719,M6,9.68,12.66,measured,0.1,observed,-1.0,8.7,12.56
TAP_A01,3026.0,,,727494.96,9684684.14,O,77.8,A,33.16,43.39,20090617-20090708,77.8,A,25.88,20100714-20100805,78.7,A,25.9,30.57,20110712-20110719,M6,35.8,43.39,measured,0.45,observed,-1.0,78.25,43.29
TAP_A01,3027.0,,,727500.95,9684684.55,O,19.4,A,4.97,6.7,20090617-20090708,19.1,A,6.82,20100714-20100805,19.1,D,,5.56,20110712-20110719,M6,16.65,6.7,measured,0.0,observed,-1.0,19.1,6.7
TAP_A01,3028.0,,,727503.48,9684682.52,O,5.6,A,4.65,7.54,20090617-20090708,5.5,A,8.42,20100714-20100805,5.6,A,3.0,7.78,20110712-20110719,M6,6.9,7.54,measured,0.0,observed,-1.0,5.6,7.54
TAP_A01,3029.0,,,727505.98,9684682.48,O,11.3,D,1.46,2.58,20090617-20090708,11.5,D,1.9,20100714-20100805,11.5,D,,1.6,20110712-20110719,M6,11.75,2.58,measured,0.1,observed,-1.0,11.4,2.56
TAP_A01,3030.0,,,727508.98,9684681.94,O,6.6,A,9.75,11.71,20090617-20090708,6.7,A,12.77,20100714-20100805,6.7,A,7.28,12.79,20110712-20110719,M6,7.9,11.71,measured,0.05,observed,-1.0,6.65,11.65
TAP_A01,3031.0,,,727510.48,9684682.41,O,9.4,A,9.79,15.52,20090617-20090708,9.6,A,15.67,20100714-20100805,9.9,A,8.73,16.48,20110712-20110719,M6,10.55,15.52,measured,0.25,observed,-1.0,9.65,15.23
TAP_A01,3032.0,,,727513.93,9684685.36,O,90.5,A,53.2,60.84,20090617-20090708,90.7,A,52.53,20100714-20100805,91.8,A,47.87,56.52,20110712-20110719,M6,37.87,60.84,measured,0.65,observed,-1.0,91.15,60.7
TAP_A01,3033.0,,,727513.48,9684681.87,O,10.5,A,7.77,14.99,20090617-20090708,11.0,A,14.97,20100714-20100805,11.0,A,11.81,14.67,20110712-20110719,M6,11.38,14.99,measured,0.25,observed,-1.0,10.75,14.74
TAP_A01,3034.0,,,727520.83,9684691.76,O,116.0,A,45.9,52.43,20090617-20090708,116.8,A,54.89,20100714-20100805,116.6,A,46.14,58.47,20110712-20110719,M6,40.8,52.43,measured,0.3,observed,-1.0,116.3,52.39
TAP_A01,3035.0,,,727522.94,9684684.73,O,46.4,A,16.07,21.11,20090617-20090708,47.2,A,22.16,20100714-20100805,47.2,A,15.2,19.07,20110712-20110719,M6,28.45,21.11,measured,0.4,observed,-1.0,46.8,21.01
TAP_A01,3036.0,,,727526.98,9684682.17,O,17.0,A,17.75,23.01,20090617-20090708,17.6,A,23.7,20100714-20100805,18.0,A,18.54,21.83,20110712-20110719,M6,16.01,23.01,measured,0.5,observed,-1.0,17.5,22.58
TAP_A01,3037.0,,,727527.98,9684682.15,O,23.3,A,21.55,24.52,20090617-20090708,23.6,A,24.96,20100714-20100805,23.9,A,16.24,17.96,20110712-20110719,M6,19.25,24.52,measured,0.3,observed,-1.0,23.6,24.33
TAP_A01,3038.0,,,727533.45,9684683.57,O,37.7,A,18.01,21.14,20090617-20090708,37.5,A,21.15,20100714-20100805,37.7,A,13.86,18.04,20110712-20110719,M6,25.24,21.14,measured,0.0,observed,-1.0,37.7,21.14
TAP_A01,978.0,,,727535.17,9684682.13,L,,,,,20090617-20090708,7.3,A,,20100714-20100805,6.8,A,,,20110712-20110719,M6,7.99,7.99,feldpausch_regional,0.1,site_median,-1.0,6.7,7.9
TAP_A01,3039.0,,,727541.97,9684681.94,O,13.6,A,10.75,15.39,20090617-20090708,14.1,A,14.58,20100714-20100805,13.7,A,9.68,12.53,20110712-20110719,M6,13.29,15.39,measured,0.05,observed,-1.0,13.65,15.34
TAP_A01,3040.0,,,727553.47,9684681.77,O,5.7,A,2.5,6.14,20090617-20090708,6.3,A,6.43,20100714-20100805,7.4,A,2.23,6.89,20110712-20110719,M6,8.51,6.14,measured,0.85,observed,-1.0,6.55,5.61
TAP_A01,3041.0,,,727555.47,9684681.74,O,7.8,A,5.33,11.8,20090617-20090708,7.8,A,8.45,20100714-20100805,8.4,A,6.59,9.72,20110712-20110719,M6,9.35,11.8,measured,0.3,observed,-1.0,8.1,11.48
TAP_A01,3042.0,,,727557.97,9684681.71,O,8.3,D,1.57,1.97,20090617-20090708,17.4,D,1.95,20100714-20100805,17.4,D,,2.0,20110712-20110719,M6,15.65,1.97,measured,4.55,observed,-1.0,12.85,1.6
TAP_A01,3043.0,,,727561.96,9684682.65,O,24.4,A,13.71,17.8,20090617-20090708,24.4,A,19.23,20100714-20100805,24.6,A,15.16,19.66,20110712-20110719,M6,19.6,17.8,measured,0.1,observed,-1.0,24.5,17.75
TAP_A01,3044.0,,,727579.47,9684681.39,O,15.8,A,16.42,18.67,20090617-20090708,16.0,A,19.31,20100714-20100805,15.9,A,14.34,16.34,20110712-20110719,M6,14.73,18.67,measured,0.05,observed,-1.0,15.85,18.62
TAP_A01,3045.0,,,727567.93,9684684.06,O,30.0,A,15.75,21.75,20090617-20090708,30.3,A,28.18,20100714-20100805,31.0,A,16.57,22.45,20110712-20110719,M6,22.56,21.75,measured,0.5,observed,-1.0,30.5,21.55
TAP_A01,3046.0,,,727582.95,9684682.34,O,38.7,A,29.95,37.89,20090617-20090708,40.8,A,36.55,20100714-20100805,41.3,A,21.42,24.52,20110712-20110719,M6,26.53,37.89,measured,1.3,observed,-1.0,40.0,37.23
TAP_A01,3047.0,,,727583.45,9684682.83,O,5.3,A,5.35,8.16,20090617-20090708,5.5,A,8.54,20100714-20100805,6.9,A,6.02,8.14,20110712-20110719,M6,8.08,8.16,measured,0.8,observed,-1.0,6.1,7.43
TAP_A01,3048.0,,,727590.92,9684684.22,O,43.2,A,27.63,31.48,20090617-20090708,43.1,A,31.3,20100714-20100805,43.1,A,30.33,36.76,20110712-20110719,M6,27.14,31.48,measured,0.0,observed,-1.0,43.1,31.48
TAP_A01,3049.0,,,727591.98,9684680.7,O,13.3,A,8.74,13.71,20090617-20090708,13.5,A,13.56,20100714-20100805,13.5,A,9.03,14.48,20110712-20110719,M6,13.15,13.71,measured,0.1,observed,-1.0,13.4,13.64
TAP_A01,3050.0,,,727596.46,9684681.64,O,13.5,A,3.31,10.15,20090617-20090708,13.5,A,10.06,20100714-20100805,13.7,A,7.28,12.18,20110712-20110719,M6,13.29,10.15,measured,0.1,observed,-1.0,13.6,10.1
TAP_A01,3051.0,,,727598.97,9684681.1,O,7.0,A,8.58,11.74,20090617-20090708,7.0,A,13.67,20100714-20100805,7.0,A,4.28,9.16,20110712-20110719,M6,8.17,11.74,measured,0.0,observed,-1.0,7.0,11.74
TAP_A01,3052.0,,,727604.45,9684682.02,O,23.0,A,18.75,22.08,20090617-20090708,22.8,A,21.42,20100714-20100805,23.3,A,17.33,21.73,20110712-20110719,M6,18.94,22.08,measured,0.15,observed,-1.0,23.15,21.99
TAP_A01,3053.0,,,727611.44,9684682.41,O,20.4,A,14.48,17.48,20090617-20090708,20.5,A,17.97,20100714-20100805,20.3,A,17.46,19.88,20110712-20110719,M6,17.33,17.48,measured,0.0,observed,-1.0,20.3,17.48
TAP_A01,3054.0,,,727612.91,9684684.89,O,41.9,A,27.39,35.76,20090617-20090708,42.1,A,32.96,20100714-20100805,45.5,A,31.47,34.77,20110712-20110719,M6,27.91,35.76,measured,1.8,observed,-1.0,43.7,35.02
TAP_A01,3055.0,,,727624.46,9684681.22,O,13.7,A,19.7,23.86,20090617-20090708,14.1,A,20.66,20100714-20100805,14.2,A,24.06,28.33,20110712-20110719,M6,13.62,23.86,measured,0.25,observed,-1.0,13.95,23.58
TAP_A01,3056.0,,,727625.45,9684681.7,O,38.3,A,24.14,27.72,20090617-20090708,38.1,A,21.13,20100714-20100805,38.8,A,21.99,26.84,20110712-20110719,M6,25.64,27.72,measured,0.25,observed,-1.0,38.55,27.62
TAP_A01,3057.0,,,727639.96,9684680.49,O,5.0,A,3.92,5.89,20090617-20090708,5.2,A,6.22,20100714-20100805,5.4,A,2.97,7.01,20110712-20110719,M6,6.71,5.89,measured,0.2,observed,-1.0,5.2,5.72
TAP_A01,3058.0,,,727653.44,9684681.79,O,24.7,A,19.16,24.14,20090617-20090708,24.7,A,17.79,20100714-20100805,25.0,A,17.95,21.06,20110712-20110719,M6,19.8,24.14,measured,0.15,observed,-1.0,24.85,24.05
TAP_A01,3059.0,,,727659.45,9684681.2,O,30.1,A,21.88,27.01,20090617-20090708,30.1,A,15.78,20100714-20100805,30.1,A,17.95,19.77,20110712-20110719,M6,22.17,27.01,measured,0.0,observed,-1.0,30.1,27.01
TAP_A01,3060.0,,,727659.95,9684681.19,L,10.9,A,0.0,0.0,20090617-20090708,11.2,A,,20100714-20100805,11.3,A,,,20110712-20110719,M6,11.6,12.19,local_fit,0.2,observed,-1.0,11.1,12.03
TAP_A01,3061.0,,,727663.46,9684680.14,O,14.7,A,8.92,17.35,20090617-20090708,15.3,A,18.33,20100714-20100805,16.0,A,14.24,16.33,20110712-20110719,M6,14.79,17.35,measured,0.65,observed,-1.0,15.35,16.87
TAP_A01,3062.0,,,727669.91,9684683.04,O,56.1,A,36.94,44.74,20090617-20090708,57.4,A,45.94,20100714-20100805,57.4,A,36.41,45.94,20110712-20110719,M6,31.29,44.74,measured,0.65,observed,-1.0,56.75,44.51
TAP_A01,3063.0,,,727673.93,9684681.98,O,31.7,A,26.66,31.73,20090617-20090708,32.3,A,21.56,20100714-20100805,33.2,A,24.43,28.85,20110712-20110719,M6,23.48,31.73,measured,0.75,observed,-1.0,32.45,31.32
TAP_A01,3064.0,,,727674.46,9684679.98,L,9.3,A,21.48,23.0,20090617-20090708,10.1,A,,20100714-20100805,10.9,A,,,20110712-20110719,M6,11.3,23.0,measured,0.8,observed,-1.0,10.1,21.78
TAP_A01,3065.0,,,727677.94,9684680.92,O,16.1,A,17.69,20.28,20090617-20090708,16.8,A,20.12,20100714-20100805,16.6,A,14.02,17.89,20110712-20110719,M6,15.16,20.28,measured,0.25,observed,-1.0,16.35,20.08
TAP_A01,3066.0,,,727684.47,9684679.33,O,6.1,A,3.5,8.5,20090617-20090708,6.5,A,8.18,20100714-20100805,6.7,A,3.42,8.74,20110712-20110719,M6,7.9,8.5,measured,0.3,observed,-1.0,6.4,8.22
TAP_A01,3067.0,,,727686.96,9684679.79,O,19.1,D,1.38,1.72,20090617-20090708,18.0,D,1.65,20100714-20100805,18.0,D,,1.5,20110712-20110719,M6,16.01,1.72,measured,0.0,observed,-1.0,18.0,1.72
TAP_A01,3068.0,,,727691.46,9684679.72,O,36.3,A,21.93,27.67,20090617-20090708,36.7,A,16.73,20100714-20100805,36.3,A,19.24,23.33,20110712-20110719,M6,24.71,27.67,measured,0.0,observed,-1.0,36.3,27.67
TAP_A01,3069.0,,,727697.43,9684681.63,O,132.0,A,43.3,66.09,20090617-20090708,132.8,A,50.11,20100714-20100805,133.3,A,51.64,65.31,20110712-20110719,M6,42.24,66.09,measured,0.65,observed,-1.0,132.65,66.01
TAP_A01,3070.0,,,727699.96,9684679.1,O,24.8,A,21.12,23.95,20090617-20090708,25.1,A,28.92,20100714-20100805,25.5,A,18.1,22.01,20110712-20110719,M6,20.05,23.95,measured,0.35,observed,-1.0,25.15,23.73
TAP_A01,3071.0,,,727704.45,9684680.03,O,10.0,A,9.38,11.93,20090617-20090708,10.0,A,13.19,20100714-20100805,9.9,A,11.59,14.22,20110712-20110719,M6,10.55,11.93,measured,0.0,observed,-1.0,9.9,11.93
TAP_A01,3072.0,,,727708.46,9684678.97,O,13.8,A,5.6,12.08,20090617-20090708,13.8,A,10.72,20100714-20100805,14.1,A,12.28,15.96,20110712-20110719,M6,13.56,12.08,measured,0.15,observed,-1.0,13.95,11.99
TAP_A01,3073.0,,,727709.96,9684678.95,O,19.5,A,20.05,25.43,20090617-20090708,20.3,A,22.85,20100714-20100805,21.9,A,16.89,20.04,20110712-20110719,M6,18.21,25.43,measured,1.2,observed,-1.0,20.7,24.52
TAP_A01,3074.0,,,727726.91,9684682.2,O,61.3,A,20.29,32.06,20090617-20090708,61.4,A,31.05,20100714-20100805,61.4,A,27.93,37.68,20110712-20110719,M6,32.27,32.06,measured,0.05,observed,-1.0,61.35,32.05
TAP_A01,3075.0,,,727735.93,9684680.56,O,27.4,A,24.59,30.63,20090617-20090708,27.5,A,28.33,20100714-20100805,27.6,A,27.3,31.16,20110712-20110719,M6,21.05,30.63,measured,0.1,observed,-1.0,27.5,30.56
TAP_A01,3076.0,,,727736.96,9684678.55,O,6.0,A,4.29,5.7,20090617-20090708,6.0,A,6.9,20100714-20100805,,A,,,20110712-20110719,M6,,5.7,measured,0.1,site_median,-1.0,,
TAP_A01,3077.0,,,727737.46,9684678.54,L,7.5,A,0.0,0.0,20090617-20090708,8.0,A,,20100714-20100805,7.8,A,,,20110712-20110719,M6,8.85,9.96,local_fit,0.15,observed,-1.0,7.65,9.82
TAP_A01,3078.0,,,727741.45,9684678.98,O,15.6,A,12.06,18.67,20090617-20090708,17.5,A,21.87,20100714-20100805,19.1,A,12.86,15.86,20110712-20110719,M6,16.65,18.67,measured,1.75,observed,-1.0,17.35,17.52
TAP_A01,3079.0,,,727749.96,9684678.36,O,5.1,A,4.08,8.47,20090617-20090708,5.2,A,9.15,20100714-20100805,5.8,A,4.09,7.46,20110712-20110719,M6,7.09,8.47,measured,0.35,observed,-1.0,5.45,8.08
TAP_A01,3080.0,,,727752.95,9684678.81,O,66.0,D,1.17,2.73,20090617-20090708,63.5,D,3.23,20100714-20100805,63.5,D,,2.99,20110712-20110719,M6,32.76,2.73,measured,0.0,observed,-1.0,63.5,2.73
TAP_A01,3081.0,,,727759.46,9684678.21,O,7.4,A,9.64,11.17,20090617-20090708,8.0,A,12.61,20100714-20100805,8.5,A,0.6,2.07,20110712-20110719,M6,9.43,11.17,measured,0.55,observed,-1.0,7.95,10.64
TAP_A01,3082.0,,,727761.95,9684678.68,O,21.3,A,14.22,17.32,20090617-20090708,21.5,A,17.98,20100714-20100805,21.4,A,10.28,12.15,20110712-20110719,M6,17.94,17.32,measured,0.05,observed,-1.0,21.35,17.29
TAP_A01,3083.0,,,727769.41,9684681.07,O,80.6,A,29.37,34.48,20090617-20090708,80.4,A,40.94,20100714-20100805,80.9,A,34.73,43.37,20110712-20110719,M6,36.18,34.48,measured,0.15,observed,-1.0,80.75,34.45
TAP_A01,3084.0,,,727770.46,9684678.05,O,6.8,A,4.04,5.53,20090617-20090708,6.9,A,6.89,20100714-20100805,6.9,A,5.17,6.68,20110712-20110719,M6,8.08,5.53,measured,0.05,observed,-1.0,6.85,5.5
TAP_A01,3085.0,,,727778.95,9684677.92,O,13.3,A,13.91,15.28,20090617-20090708,13.4,A,16.46,20100714-20100805,13.2,A,14.82,17.41,20110712-20110719,M6,12.95,15.28,measured,0.0,observed,-1.0,13.2,15.28
TAP_A01,3086.0,,,727782.41,9684680.87,O,43.1,A,22.23,25.27,20090617-20090708,43.2,A,31.17,20100714-20100805,43.4,A,28.17,34.32,20110712-20110719,M6,27.23,25.27,measured,0.15,observed,-1.0,43.25,25.23
TAP_A01,3087.0,,,727786.45,9684678.31,O,7.5,A,5.94,9.1,20090617-20090708,7.5,A,8.82,20100714-20100805,7.7,A,7.21,9.97,20110712-20110719,M6,8.77,9.1,measured,0.1,observed,-1.0,7.6,9.01
TAP_A01,3088.0,,,727787.44,9684678.8,O,16.5,A,7.66,16.22,20090617-20090708,16.5,A,15.56,20100714-20100805,16.7,A,11.87,15.57,20110712-20110719,M6,15.22,16.22,measured,0.1,observed,-1.0,16.6,16.16
TAP_A01,3089.0,,,727792.45,9684677.72,L,8.7,A,0.0,0.0,20090617-20090708,9.2,A,,20100714-20100805,8.9,A,,,20110712-20110719,M6,9.76,10.79,local_fit,0.1,observed,-1.0,8.8,10.7
TAP_A01,3090.0,,,727796.91,9684680.66,O,80.1,A,34.97,41.61,20090617-20090708,83.3,A,41.04,20100714-20100805,83.6,A,34.49,39.38,20110712-20110719,M6,36.62,41.61,measured,1.75,observed,-1.0,81.85,41.29
TAP_A01,3091.0,,,727801.94,9684678.58,O,13.5,A,9.26,20.96,20090617-20090708,13.4,A,14.82,20100714-20100805,13.4,A,6.3,12.95,20110712-20110719,M6,13.08,20.96,measured,0.0,observed,-1.0,13.4,20.96
TAP_A01,3092.0,,,727806.45,9684677.52,O,12.4,A,8.04,14.28,20090617-20090708,12.8,A,12.76,20100714-20100805,12.9,A,7.19,12.88,20110712-20110719,M6,12.74,14.28,measured,0.25,observed,-1.0,12.65,14.09
TAP_A01,3093.0,,,727813.45,9684677.41,O,12.5,A,6.06,13.2,20090617-20090708,12.7,A,13.2,20100714-20100805,12.7,A,2.35,13.29,20110712-20110719,M6,12.6,13.2,measured,0.1,observed,-1.0,12.6,13.13
TAP_A01,3094.0,,,727819.42,9684679.32,O,22.5,A,11.8,14.32,20090617-20090708,22.5,A,13.92,20100714-20100805,22.4,A,7.03,12.35,20110712-20110719,M6,18.47,14.32,measured,0.0,observed,-1.0,22.4,14.32
TAP_A01,3095.0,,,727825.44,9684677.73,O,10.7,A,8.56,10.64,20090617-20090708,10.8,A,9.73,20100714-20100805,10.9,A,5.91,10.99,20110712-20110719,M6,11.3,10.64,measured,0.1,observed,-1.0,10.8,10.57
TAP_A01,3096.0,,,727834.92,9684679.09,O,31.3,A,22.48,28.69,20090617-20090708,31.3,A,28.44,20100714-20100805,31.2,A,19.99,22.05,20110712-20110719,M6,22.65,28.69,measured,0.0,observed,-1.0,31.2,28.69
TAP_A01,3097.0,,,727850.93,9684677.85,L,9.4,A,0.0,0.0,20090617-20090708,9.7,A,,20100714-20100805,9.9,A,,,20110712-20110719,M6,10.55,11.25,local_fit,0.25,observed,-1.0,9.65,11.04
TAP_A01,3098.0,,,727861.92,9684678.69,O,40.9,A,25.73,33.59,20090617-20090708,40.7,A,32.18,20100714-20100805,40.9,A,30.06,37.46,20110712-20110719,M6,26.39,33.59,measured,0.0,observed,-1.0,40.9,33.59
TAP_A01,3099.0,,,727864.37,9684681.65,O,69.1,A,34.89,46.05,20090617-20090708,69.3,A,43.15,20100714-20100805,69.4,A,27.96,37.52,20110712-20110719,M6,34.03,46.05,measured,0.15,observed,-1.0,69.25,46.01
TAP_A01,3100.0,,,727865.45,9684676.64,O,17.7,A,8.97,15.01,20090617-20090708,17.9,A,15.42,20100714-20100805,17.8,A,10.57,13.93,20110712-20110719,M6,15.89,15.01,measured,0.05,observed,-1.0,17.75,14.98
TAP_A01,3101.0,,,727867.94,9684677.1,O,11.1,A,17.07,20.08,20090617-20090708,12.4,A,16.65,20100714-20100805,12.6,A,13.1,16.68,20110712-20110719,M6,12.53,20.08,measured,0.75,observed,-1.0,11.85,19.23
TAP_A01,3102.0,,,727869.44,9684677.08,O,24.1,A,24.74,29.55,20090617-20090708,24.3,A,22.04,20100714-20100805,24.1,A,29.58,32.13,20110712-20110719,M6,19.35,29.55,measured,0.0,observed,-1.0,24.1,29.55
TAP_A01,3103.0,,,727868.5,9684672.6,O,37.5,A,19.56,28.75,20090617-20090708,37.7,A,21.44,20100714-20100805,37.6,A,19.18,29.61,20110712-20110719,M6,25.2,28.75,measured,0.05,observed,-1.0,37.55,28.73
TAP_A01,3104.0,,,727864.95,9684676.15,O,6.8,A,4.83,8.87,20090617-20090708,6.6,A,7.72,20100714-20100805,6.8,A,2.66,9.19,20110712-20110719,M6,7.99,8.87,measured,0.0,observed,-1.0,6.8,8.87
TAP_A01,3105.0,,,727861.96,9684675.69,O,14.6,A,8.58,11.26,20090617-20090708,14.7,A,12.34,20100714-20100805,14.8,A,6.28,10.95,20110712-20110719,M6,14.02,11.26,measured,0.1,observed,-1.0,14.7,11.2
TAP_A01,3106.0,,,727861.96,9684675.69,O,11.7,A,9.11,11.98,20090617-20090708,12.8,A,19.99,20100714-20100805,12.9,A,10.93,15.09,20110712-20110719,M6,12.74,11.98,measured,0.6,observed,-1.0,12.3,11.59
TAP_A01,3107.0,,,727861.96,9684675.69,O,6.3,A,3.38,6.34,20090617-20090708,6.3,A,5.87,20100714-20100805,6.2,A,2.48,5.87,20110712-20110719,M6,7.45,6.34,measured,0.0,observed,-1.0,6.2,6.34
TAP_A01,3108.0,,,727854.48,9684674.3,O,25.7,A,24.32,30.73,20090617-20090708,25.8,A,19.73,20100714-20100805,26.3,A,13.59,26.5,20110712-20110719,M6,20.43,30.73,measured,0.3,observed,-1.0,26.0,30.52
TAP_A01,3109.0,,,727852.45,9684676.33,O,16.5,A,8.0,14.0,20090617-20090708,16.5,A,13.31,20100714-20100805,16.7,A,5.76,15.12,20110712-20110719,M6,15.22,14.0,measured,0.1,observed,-1.0,16.6,13.94
TAP_A01,3110.0,,,727851.45,9684676.35,O,53.2,A,35.53,44.55,20090617-20090708,53.5,A,43.01,20100714-20100805,54.3,A,24.99,31.8,20110712-20110719,M6,30.48,44.55,measured,0.55,observed,-1.0,53.75,44.33
TAP_A01,990.0,,,727851.15,9684676.85,L,,,,,20090617-20090708,5.25,A,,20100714-20100805,4.9,A,,,20110712-20110719,M6,6.23,6.23,feldpausch_regional,0.1,site_median,-1.0,4.8,6.13
TAP_A01,3111.0,,,727849.97,9684675.37,O,22.0,D,1.15,12.23,20090617-20090708,22.0,D,9.24,20100714-20100805,22.0,D,,12.07,20110712-20110719,M6,18.26,12.23,measured,0.0,observed,-1.0,22.0,12.23
TAP_A01,3112.0,,,727849.45,9684676.38,O,74.5,A,41.43,53.84,20090617-20090708,76.5,A,45.89,20100714-20100805,72.3,A,27.35,32.52,20110712-20110719,M6,34.61,53.84,measured,0.0,observed,-1.0,72.3,53.84
TAP_A01,3113.0,,,727841.55,9684670.0,O,84.0,A,37.1,46.74,20090617-20090708,84.7,A,42.03,20100714-20100805,85.0,A,36.21,49.4,20110712-20110719,M6,36.85,46.74,measured,0.5,observed,-1.0,84.5,46.64
TAP_A01,3114.0,,,727837.48,9684675.06,O,33.0,A,20.91,27.11,20090617-20090708,32.9,A,25.99,20100714-20100805,33.1,A,15.74,23.08,20110712-20110719,M6,23.44,27.11,measured,0.05,observed,-1.0,33.05,27.09
TAP_A01,3115.0,,,727835.96,9684676.08,O,9.2,A,7.17,10.23,20090617-20090708,9.3,A,12.31,20100714-20100805,8.9,A,1.1,3.57,20110712-20110719,M6,9.76,10.23,measured,0.0,observed,-1.0,8.9,10.23
TAP_A01,3116.0,,,727830.98,9684675.15,O,23.6,D,1.3,2.5,20090617-20090708,22.2,D,2.72,20100714-20100805,22.2,D,,3.0,20110712-20110719,M6,18.37,2.5,measured,0.0,observed,-1.0,22.2,2.5
TAP_A01,3117.0,,,727819.49,9684674.82,O,26.3,D,1.27,3.88,20090617-20090708,26.0,D,4.11,20100714-20100805,26.0,D,,3.86,20110712-20110719,M6,20.29,3.88,measured,0.0,observed,-1.0,26.0,3.88
TAP_A01,3118.0,,,727809.99,9684674.96,O,25.5,A,21.75,28.23,20090617-20090708,25.7,A,25.18,20100714-20100805,25.5,A,18.4,25.41,20110712-20110719,M6,20.05,28.23,measured,0.0,observed,-1.0,25.5,28.23
TAP_A01,3119.0,,,727803.71,9684673.56,O,76.1,A,33.56,39.85,20090617-20090708,75.5,A,34.67,20100714-20100805,77.7,A,35.93,46.03,20110712-20110719,M6,35.62,39.85,measured,0.8,observed,-1.0,76.9,39.69
TAP_A01,3120.0,,,727804.46,9684677.05,O,9.0,A,8.11,12.86,20090617-20090708,9.1,A,13.01,20100714-20100805,9.1,A,6.12,12.42,20110712-20110719,M6,9.92,12.86,measured,0.05,observed,-1.0,9.05,12.81
TAP_A01,3121.0,,,727801.97,9684676.58,O,25.0,A,18.59,21.72,20090617-20090708,24.9,A,24.12,20100714-20100805,25.0,A,18.25,27.63,20110712-20110719,M6,19.8,21.72,measured,0.0,observed,-1.0,25.0,21.72
TAP_A01,3122.0,,,727796.98,9684675.66,O,33.6,A,19.05,25.65,20090617-20090708,33.7,A,29.08,20100714-20100805,33.5,A,17.95,29.36,20110712-20110719,M6,23.61,25.65,measured,0.0,observed,-1.0,33.5,25.65
TAP_A01,3123.0,,,727796.47,9684676.66,L,9.5,A,0.0,0.0,20090617-20090708,9.8,A,,20100714-20100805,9.7,A,,,20110712-20110719,M6,10.39,11.32,local_fit,0.1,observed,-1.0,9.6,11.23
TAP_A01,3124.0,,,727795.47,9684676.68,O,17.8,A,8.37,17.59,20090617-20090708,18.1,A,16.24,20100714-20100805,18.5,A,13.22,22.1,20110712-20110719,M6,16.31,17.59,measured,0.35,observed,-1.0,18.15,17.36
TAP_A01,3125.0,,,727794.04,9684671.7,O,54.2,A,30.91,34.23,20090617-20090708,54.4,A,34.66,20100714-20100805,54.0,A,23.94,36.54,20110712-20110719,M6,30.4,34.23,measured,0.0,observed,-1.0,54.0,34.23
TAP_A01,3126.0,,,727780.98,9684675.89,O,40.0,A,20.37,23.2,20090617-20090708,40.2,A,27.9,20100714-20100805,40.2,D,,34.59,20110712-20110719,M6,26.14,23.2,measured,0.1,observed,-1.0,40.1,23.17
TAP_A01,3127.0,,,727780.03,9684672.91,O,47.8,A,32.1,35.58,20090617-20090708,49.0,A,33.15,20100714-20100805,52.0,A,23.11,32.31,20110712-20110719,M6,29.85,35.58,measured,2.1,observed,-1.0,49.9,34.86
TAP_A01,3128.0,,,727776.48,9684675.96,O,22.1,A,16.08,19.43,20090617-20090708,22.0,A,23.28,20100714-20100805,22.3,A,10.15,21.47,20110712-20110719,M6,18.42,19.43,measured,0.1,observed,-1.0,22.2,19.38
TAP_A01,3129.0,,,727772.46,9684678.02,O,13.5,A,8.5,9.88,20090617-20090708,13.5,A,10.48,20100714-20100805,13.6,A,7.77,11.04,20110712-20110719,M6,13.22,9.88,measured,0.05,observed,-1.0,13.55,9.86
TAP_A01,3130.0,,,727771.96,9684677.53,O,7.3,A,4.48,8.91,20090617-20090708,7.5,A,9.34,20100714-20100805,7.8,A,5.22,10.22,20110712-20110719,M6,8.85,8.91,measured,0.25,observed,-1.0,7.55,8.7
TAP_A01,3131.0,,,727769.46,9684678.07,O,5.1,A,4.51,6.98,20090617-20090708,5.2,A,11.45,20100714-20100805,5.0,A,3.74,8.26,20110712-20110719,M6,6.33,6.98,measured,0.0,observed,-1.0,5.0,6.98
TAP_A01,3132.0,,,727767.48,9684676.6,O,19.3,A,12.97,19.14,20090617-20090708,19.2,A,17.98,20100714-20100805,19.5,A,12.38,17.1,20110712-20110719,M6,16.88,19.14,measured,0.1,observed,-1.0,19.4,19.08
TAP_A01,3133.0,,,727765.96,9684678.12,O,5.8,A,3.23,6.48,20090617-20090708,6.0,A,8.15,20100714-20100805,5.8,A,2.14,8.49,20110712-20110719,M6,7.09,6.48,measured,0.0,observed,-1.0,5.8,6.48
TAP_A01,3134.0,,,727763.48,9684676.65,O,13.7,A,12.08,23.77,20090617-20090708,13.8,A,21.96,20100714-20100805,14.0,A,14.93,20.43,20110712-20110719,M6,13.49,23.77,measured,0.15,observed,-1.0,13.85,23.59
TAP_A01,3135.0,,,727756.46,9684678.26,O,6.1,A,5.42,7.55,20090617-20090708,6.1,A,8.68,20100714-20100805,6.2,A,4.53,4.98,20110712-20110719,M6,7.45,7.55,measured,0.05,observed,-1.0,6.15,7.51
TAP_A01,3136.0,,,727750.97,9684677.84,O,5.5,A,7.32,11.77,20090617-20090708,5.7,A,12.18,20100714-20100805,5.8,A,8.91,13.41,20110712-20110719,M6,7.09,11.77,measured,0.15,observed,-1.0,5.65,11.54
TAP_A01,3137.0,,,727750.98,9684676.84,O,16.4,A,15.31,20.48,20090617-20090708,18.8,A,22.91,20100714-20100805,21.2,A,15.29,24.22,20110712-20110719,M6,17.83,20.48,measured,2.4,observed,-1.0,18.8,18.93
TAP_A01,3138.0,,,727748.98,9684676.87,O,43.0,D,1.61,12.63,20090617-20090708,43.2,D,2.5,20100714-20100805,43.2,D,,3.39,20110712-20110719,M6,27.17,12.63,measured,0.1,observed,-1.0,43.1,12.62
TAP_A01,3139.0,,,727733.47,9684678.1,L,5.0,A,0.0,0.0,20090617-20090708,5.0,A,,20100714-20100805,5.0,A,,,20110712-20110719,M6,6.33,8.01,local_fit,0.0,observed,-1.0,5.0,8.01
TAP_A01,3140.0,,,727733.47,9684678.1,L,5.3,A,0.0,0.0,20090617-20090708,5.8,A,,20100714-20100805,6.2,A,,,20110712-20110719,M6,7.45,8.26,local_fit,0.45,observed,-1.0,5.75,7.81
TAP_A01,3141.0,,,727731.98,9684677.12,O,66.8,A,28.62,34.05,20090617-20090708,67.5,A,40.31,20100714-20100805,71.6,A,29.88,40.39,20110712-20110719,M6,34.47,34.05,measured,2.4,observed,-1.0,69.2,33.58
TAP_A01,3142.0,,,727730.96,9684678.64,O,9.6,A,4.62,8.9,20090617-20090708,9.8,A,10.98,20100714-20100805,9.8,A,4.81,9.38,20110712-20110719,M6,10.47,8.9,measured,0.1,observed,-1.0,9.7,8.83
TAP_A01,3143.0,,,727728.98,9684677.67,O,11.8,A,6.67,9.28,20090617-20090708,13.5,A,9.84,20100714-20100805,12.7,A,5.05,7.96,20110712-20110719,M6,12.6,9.28,measured,0.45,observed,-1.0,12.25,9.04
TAP_A01,3144.0,,,727722.97,9684678.26,O,77.6,A,23.36,29.55,20090617-20090708,75.8,A,30.77,20100714-20100805,77.5,A,24.92,32.81,20110712-20110719,M6,35.58,29.55,measured,0.0,observed,-1.0,77.5,29.55
TAP_A01,3145.0,,,727711.48,9684677.93,O,10.0,D,1.28,1.75,20090617-20090708,10.2,D,1.05,20100714-20100805,10.2,D,,1.05,20110712-20110719,M6,10.78,1.75,measured,0.1,observed,-1.0,10.1,1.74
TAP_A01,3146.0,,,727708.48,9684677.97,O,10.1,A,10.19,14.94,20090617-20090708,10.3,A,16.06,20100714-20100805,10.5,A,11.1,15.91,20110712-20110719,M6,11.0,14.94,measured,0.2,observed,-1.0,10.3,14.74
TAP_A01,3147.0,,,727704.98,9684678.02,O,12.0,A,12.15,14.27,20090617-20090708,12.0,A,16.18,20100714-20100805,12.0,A,1.3,14.81,20110712-20110719,M6,12.11,14.27,measured,0.0,observed,-1.0,12.0,14.27
TAP_A01,3148.0,,,727694.98,9684678.17,O,10.1,A,11.18,14.75,20090617-20090708,10.2,A,14.82,20100714-20100805,10.3,A,10.87,16.95,20110712-20110719,M6,10.85,14.75,measured,0.1,observed,-1.0,10.2,14.65
TAP_A01,3149.0,,,727687.99,9684677.78,O,20.2,A,17.98,20.62,20090617-20090708,20.4,A,19.76,20100714-20100805,20.9,A,11.63,19.46,20110712-20110719,M6,17.67,20.62,measured,0.35,observed,-1.0,20.55,20.39
TAP_A01,3150.0,,,727680.47,9684678.89,O,16.0,A,9.66,12.48,20090617-20090708,16.0,A,15.7,20100714-20100805,16.1,A,6.81,11.73,20110712-20110719,M6,14.85,12.48,measured,0.05,observed,-1.0,16.05,12.45
TAP_A01,3151.0,,,727677.98,9684678.42,O,16.2,A,17.57,20.62,20090617-20090708,16.5,A,20.21,20100714-20100805,16.8,A,12.03,16.86,20110712-20110719,M6,15.29,20.62,measured,0.3,observed,-1.0,16.5,20.36
TAP_A01,3152.0,,,727674.97,9684678.97,O,8.2,D,1.35,2.2,20090617-20090708,,D,,20100714-20100805,,D,,,20110712-20110719,M6,,2.2,measured,0.1,site_median,-1.0,,
TAP_A01,3153.0,,,727671.48,9684678.52,O,9.1,A,5.77,8.0,20090617-20090708,9.2,A,8.48,20100714-20100805,9.2,A,5.18,9.89,20110712-20110719,M6,10.0,8.0,measured,0.05,observed,-1.0,9.15,7.97
TAP_A01,3154.0,,,727668.48,9684678.57,O,11.3,A,10.08,14.64,20090617-20090708,12.9,A,14.58,20100714-20100805,13.2,A,4.83,12.17,20110712-20110719,M6,12.95,14.64,measured,0.95,observed,-1.0,12.25,13.88
TAP_A01,3155.0,,,727658.98,9684678.71,O,22.9,A,19.45,24.38,20090617-20090708,23.2,A,23.38,20100714-20100805,23.3,A,15.83,20.61,20110712-20110719,M6,18.94,24.38,measured,0.2,observed,-1.0,23.1,24.25
TAP_A01,3156.0,,,727655.98,9684679.25,O,7.3,A,6.16,10.48,20090617-20090708,7.3,A,10.34,20100714-20100805,7.2,A,7.27,10.48,20110712-20110719,M6,8.34,10.48,measured,0.0,observed,-1.0,7.2,10.48
TAP_A01,3158.0,,,727643.48,9684678.94,O,10.0,A,10.48,14.15,20090617-20090708,10.2,A,18.31,20100714-20100805,10.4,A,9.0,16.17,20110712-20110719,M6,10.93,14.15,measured,0.2,observed,-1.0,10.2,13.96
TAP_A01,3159.0,,,727640.49,9684678.48,O,14.0,A,14.42,23.76,20090617-20090708,15.0,A,21.63,20100714-20100805,16.6,A,12.49,21.74,20110712-20110719,M6,15.16,23.76,measured,1.3,observed,-1.0,15.3,22.47
TAP_A01,3160.0,,,727638.99,9684679.0,O,10.6,A,9.29,11.82,20090617-20090708,10.6,A,12.2,20100714-20100805,11.1,A,6.84,15.32,20110712-20110719,M6,11.45,11.82,measured,0.25,observed,-1.0,10.85,11.63
TAP_A01,3161.0,,,727630.53,9684676.13,O,61.1,A,18.12,21.35,20090617-20090708,60.7,A,22.48,20100714-20100805,61.7,A,13.88,21.47,20110712-20110719,M6,32.34,21.35,measured,0.3,observed,-1.0,61.4,21.3
TAP_A01,3162.0,,,727630.49,9684679.13,O,71.8,D,1.53,7.85,20090617-20090708,71.0,D,6.83,20100714-20100805,71.0,D,,5.35,20110712-20110719,M6,34.35,7.85,measured,0.0,observed,-1.0,71.0,7.85
TAP_A01,3163.0,,,727624.48,9684679.72,O,9.6,A,6.84,11.22,20090617-20090708,9.8,A,10.51,20100714-20100805,9.5,A,4.6,11.31,20110712-20110719,M6,10.23,11.22,measured,0.0,observed,-1.0,9.5,11.22
TAP_A01,3164.0,,,727624.48,9684679.72,O,9.7,A,8.65,14.44,20090617-20090708,10.0,A,13.52,20100714-20100805,10.1,A,10.13,14.32,20110712-20110719,M6,10.7,14.44,measured,0.2,observed,-1.0,9.9,14.24
TAP_A01,3165.0,,,727616.47,9684680.34,O,17.0,A,7.14,14.41,20090617-20090708,17.2,A,15.2,20100714-20100805,17.1,A,9.79,19.92,20110712-20110719,M6,15.47,14.41,measured,0.05,observed,-1.0,17.05,14.38
TAP_A01,3166.0,,,727612.97,9684680.39,O,16.7,A,6.78,10.79,20090617-20090708,16.8,A,13.75,20100714-20100805,16.3,A,5.07,14.18,20110712-20110719,M6,14.98,10.79,measured,0.0,observed,-1.0,16.3,10.79
TAP_A01,3167.0,,,727606.53,9684676.49,O,102.0,A,39.03,47.81,20090617-20090708,101.5,A,59.46,20100714-20100805,102.5,A,45.14,55.33,20110712-20110719,M6,39.27,47.81,measured,0.25,observed,-1.0,102.25,47.77
TAP_A01,3168.0,,,727603.98,9684680.02,O,7.5,A,11.28,12.37,20090617-20090708,8.3,A,16.58,20100714-20100805,9.3,A,14.16,17.19,20110712-20110719,M6,10.08,12.37,measured,0.9,observed,-1.0,8.4,11.47
TAP_A01,3169.0,,,727600.49,9684679.58,O,13.8,A,8.9,10.41,20090617-20090708,13.5,A,12.0,20100714-20100805,13.7,A,3.88,13.03,20110712-20110719,M6,13.29,10.41,measured,0.0,observed,-1.0,13.7,10.41
TAP_A01,3170.0,,,727594.99,9684679.66,O,23.2,A,18.2,20.84,20090617-20090708,23.3,A,14.8,20100714-20100805,23.3,A,15.4,20.71,20110712-20110719,M6,18.94,20.84,measured,0.05,observed,-1.0,23.25,20.82
TAP_A01,3171.0,,,727579.02,9684677.9,O,38.4,A,21.31,25.01,20090617-20090708,38.5,A,24.73,20100714-20100805,38.9,A,16.26,26.69,20110712-20110719,M6,25.68,25.01,measured,0.25,observed,-1.0,38.65,24.92
TAP_A01,3172.0,,,727569.49,9684680.54,O,9.1,A,3.31,10.15,20090617-20090708,9.1,A,11.23,20100714-20100805,9.1,A,2.34,8.48,20110712-20110719,M6,9.92,10.15,measured,0.0,observed,-1.0,9.1,10.15
TAP_A01,3173.0,,,727569.01,9684679.04,O,52.2,A,22.9,26.11,20090617-20090708,53.0,A,26.97,20100714-20100805,53.7,A,21.59,26.44,20110712-20110719,M6,30.32,26.11,measured,0.75,observed,-1.0,52.95,25.94
TAP_A01,3174.0,,,727568.49,9684680.05,O,48.2,D,1.5,15.93,20090617-20090708,48.4,D,16.35,20100714-20100805,48.4,D,,16.2,20110712-20110719,M6,28.81,15.93,measured,0.1,observed,-1.0,48.3,15.91
TAP_A01,3175.0,,,727565.99,9684680.59,O,6.9,A,9.48,12.05,20090617-20090708,7.3,A,12.01,20100714-20100805,7.7,A,8.82,11.0,20110712-20110719,M6,8.77,12.05,measured,0.4,observed,-1.0,7.3,11.58
TAP_A01,3176.0,,,727554.99,9684680.75,O,5.3,A,5.74,7.82,20090617-20090708,5.3,A,9.4,20100714-20100805,5.6,A,7.54,9.57,20110712-20110719,M6,6.9,7.82,measured,0.15,observed,-1.0,5.45,7.66
TAP_A01,3177.0,,,727550.0,9684679.83,O,14.9,A,6.69,8.86,20090617-20090708,14.8,A,12.01,20100714-20100805,14.9,A,8.11,11.75,20110712-20110719,M6,14.08,8.86,measured,0.0,observed,-1.0,14.9,8.86
TAP_A01,3178.0,,,727544.0,9684679.92,O,22.4,A,13.71,16.56,20090617-20090708,22.4,A,14.62,20100714-20100805,22.3,A,10.55,13.31,20110712-20110719,M6,18.42,16.56,measured,0.0,observed,-1.0,22.3,16.56
TAP_A01,3179.0,,,727534.98,9684681.55,O,5.1,A,6.37,10.46,20090617-20090708,5.2,A,9.79,20100714-20100805,5.3,A,7.32,10.3,20110712-20110719,M6,6.62,10.46,measured,0.1,observed,-1.0,5.2,10.3
TAP_A01,3180.0,,,727530.62,9684672.62,O,103.5,D,1.26,9.37,20090617-20090708,103.5,D,8.76,20100714-20100805,103.5,D,,8.1,20110712-20110719,M6,39.39,9.37,measured,0.0,observed,-1.0,103.5,9.37
TAP_A01,3181.0,,,727527.5,9684680.66,O,8.0,A,11.58,14.89,20090617-20090708,8.1,A,13.1,20100714-20100805,8.1,A,10.83,13.17,20110712-20110719,M6,9.1,14.89,measured,0.05,observed,-1.0,8.05,14.82
TAP_A01,979.0,,,727515.89,9684681.68,O,,,,,20090617-20090708,5.0,A,6.58,20100714-20100805,5.4,A,4.08,6.14,20110712-20110719,M6,6.71,6.58,measured,0.1,site_median,-1.0,5.3,6.49
TAP_A01,3182.0,,,727512.99,9684681.38,O,6.8,A,8.04,10.29,20090617-20090708,6.9,A,11.89,20100714-20100805,7.1,A,7.09,10.91,20110712-20110719,M6,8.25,10.29,measured,0.15,observed,-1.0,6.95,10.13
TAP_A01,3183.0,,,727511.54,9684678.4,O,35.0,A,13.94,24.2,20090617-20090708,34.9,A,24.21,20100714-20100805,34.8,A,13.82,16.71,20110712-20110719,M6,24.13,24.2,measured,0.0,observed,-1.0,34.8,24.2
TAP_A01,3184.0,,,727503.5,9684681.02,O,15.6,A,14.99,19.28,20090617-20090708,15.7,A,18.99,20100714-20100805,15.7,A,15.78,19.83,20110712-20110719,M6,14.6,19.28,measured,0.05,observed,-1.0,15.65,19.24
TAP_A01,3185.0,,,727482.0,9684681.34,O,8.5,A,3.87,11.88,20090617-20090708,8.6,A,10.49,20100714-20100805,8.6,A,6.23,8.69,20110712-20110719,M6,9.52,11.88,measured,0.05,observed,-1.0,8.55,11.82
TAP_A01,3186.0,,,727477.0,9684681.41,O,14.5,A,4.69,7.25,20090617-20090708,14.4,A,6.37,20100714-20100805,14.4,A,4.99,8.4,20110712-20110719,M6,13.76,7.25,measured,0.0,observed,-1.0,14.4,7.25
TAP_A01,3187.0,,,727476.5,9684681.92,O,5.5,A,4.63,7.26,20090617-20090708,6.6,A,6.88,20100714-20100805,6.4,A,5.28,7.22,20110712-20110719,M6,7.64,7.26,measured,0.45,observed,-1.0,5.95,6.87
TAP_A01,3188.0,,,727465.52,9684680.58,O,48.9,A,23.83,26.3,20090617-20090708,48.7,A,30.14,20100714-20100805,48.8,A,22.12,29.86,20110712-20110719,M6,28.93,26.3,measured,0.0,observed,-1.0,48.8,26.3
TAP_A01,3189.0,,,727451.5,9684682.29,O,7.5,A,10.93,13.99,20090617-20090708,7.6,A,12.48,20100714-20100805,7.7,A,11.55,14.35,20110712-20110719,M6,8.77,13.99,measured,0.1,observed,-1.0,7.6,13.85
TAP_A01,3190.0,,,727444.0,9684682.4,O,9.5,A,9.64,12.03,20090617-20090708,9.8,A,13.71,20100714-20100805,10.0,A,11.08,13.19,20110712-20110719,M6,10.62,12.03,measured,0.25,observed,-1.0,9.75,11.81
TAP_A01,3191.0,,,727441.05,9684678.95,O,58.2,A,37.31,48.07,20090617-20090708,59.0,A,39.41,20100714-20100805,59.0,D,26.0,38.44,20110712-20110719,M6,31.69,48.07,measured,0.4,observed,-1.0,58.6,47.92
TAP_A01,3192.0,,,727436.51,9684681.51,O,26.8,D,1.33,3.4,20090617-20090708,26.6,D,3.66,20100714-20100805,26.6,D,,3.68,20110712-20110719,M6,20.58,3.4,measured,0.0,observed,-1.0,26.6,3.4
TAP_A01,3193.0,,,727436.57,9684677.51,O,55.8,A,24.35,35.26,20090617-20090708,58.0,A,36.72,20100714-20100805,58.2,A,25.83,35.93,20110712-20110719,M6,31.49,35.26,measured,1.2,observed,-1.0,57.0,34.92
TAP_A01,3194.0,,,727435.49,9684683.03,O,13.1,A,10.95,14.93,20090617-20090708,13.2,A,13.72,20100714-20100805,13.7,A,9.25,12.99,20110712-20110719,M6,13.29,14.93,measured,0.3,observed,-1.0,13.4,14.69
TAP_A01,3195.0,,,727429.5,9684682.62,O,7.2,A,5.46,9.96,20090617-20090708,6.9,A,7.81,20100714-20100805,6.9,A,4.22,8.06,20110712-20110719,M6,8.08,9.96,measured,0.0,observed,-1.0,6.9,9.96
TAP_A01,3196.0,,,727427.54,9684680.15,P,43.8,A,11.39,21.48,20090617-20090708,34.3,A,15.47,20100714-20100805,47.7,A,6.89,17.59,20110712-20110719,M6,28.6,21.48,measured,1.95,observed,-1.0,45.75,21.02
TAP_A01,3197.0,,,727413.52,9684681.35,O,21.5,D,1.44,5.06,20090617-20090708,21.5,D,4.22,20100714-20100805,21.5,D,,4.23,20110712-20110719,M6,17.99,5.06,measured,0.0,observed,-1.0,21.5,5.06
TAP_A01,3198.0,,,727408.1,9684676.44,O,66.1,D,1.1,3.45,20090617-20090708,66.8,D,3.17,20100714-20100805,66.8,D,,2.98,20110712-20110719,M6,33.48,3.45,measured,0.35,observed,-1.0,66.45,3.44
TAP_A01,3199.0,,,727406.04,9684680.47,P,50.0,A,7.68,17.97,20090617-20090708,42.3,A,8.75,20100714-20100805,48.0,A,1.46,9.94,20110712-20110719,M6,28.69,17.97,measured,0.0,observed,-1.0,48.0,17.97
TAP_A01,3200.0,,,727400.02,9684682.05,O,24.0,A,22.61,27.51,20090617-20090708,25.3,A,24.9,20100714-20100805,27.3,A,23.3,30.37,20110712-20110719,M6,20.91,27.51,measured,1.65,observed,-1.0,25.65,26.47
TAP_A01,3201.0,,,727398.0,9684683.08,O,7.2,A,4.95,10.3,20090617-20090708,6.6,A,10.14,20100714-20100805,7.9,A,6.59,10.94,20110712-20110719,M6,8.94,10.3,measured,0.35,observed,-1.0,7.55,9.95
TAP_A01,3202.0,,,727394.5,9684683.64,O,5.3,A,4.24,8.66,20090617-20090708,5.3,A,7.34,20100714-20100805,5.1,A,6.33,7.71,20110712-20110719,M6,6.43,8.66,measured,0.0,observed,-1.0,5.1,8.66
TAP_A01,3203.0,,,727389.01,9684682.72,O,12.0,A,5.27,6.72,20090617-20090708,11.8,D,6.31,20100714-20100805,11.8,D,,5.96,20110712-20110719,M6,11.96,6.72,measured,0.0,observed,-1.0,11.8,6.72
TAP_A01,3204.0,,,727377.01,9684683.4,O,7.7,A,10.86,11.99,20090617-20090708,7.7,D,8.05,20100714-20100805,,D,,,20110712-20110719,M6,,11.99,measured,0.1,site_median,-1.0,,
TAP_A01,3205.0,,,727373.51,9684682.95,O,10.1,A,8.93,11.72,20090617-20090708,10.2,A,11.91,20100714-20100805,10.4,A,4.98,11.82,20110712-20110719,M6,10.93,11.72,measured,0.15,observed,-1.0,10.25,11.59
