site,tree_id,scientific_name,family_name,utm_easting,utm_northing,type,dbh_2010,dead_2010,hcom_2009,htot_2010,date_2010,dbh_2011,dead_2011,hcom_2011,htot_2011,date_2011,plot_id,htot_feldpausch,htot_estimated,htot_estimation_method,dbh_incr_cm_yr,dbh_incr_source,gap_anos,dbh_lidar,htot_estimated_gap
TAP_A01,2201,,,725722.3,9666889.1,O,12.5,A,15.31,17.4,20100116-20100213,13.5,A,15.14,20.76,20110704-20110711,499.998497362,13.15,17.4,measured,1.0,observed,-2.0,11.5,15.55
TAP_A01,2202,,,725732.1,9666888.66,O,7.9,A,5.08,8.24,20100116-20100213,8.2,A,3.57,6.03,20110704-20110711,499.998497362,9.19,8.24,measured,0.3,observed,-2.0,7.6,7.78
TAP_A01,2203,,,725736.01,9666889.0,O,25.2,A,18.39,23.88,20100116-20100213,26.4,A,18.97,21.81,20110704-20110711,499.998497362,20.48,23.88,measured,1.2,observed,-2.0,24.0,22.5
TAP_A01,2204,,,725739.41,9666888.9,O,19.0,A,11.15,18.19,20100116-20100213,18.9,A,13.06,17.38,20110704-20110711,499.998497362,16.54,18.19,measured,0.0,observed,-2.0,18.9,18.19
TAP_A01,2205,,,725744.5,9666891.87,O,54.8,A,24.43,43.5,20100116-20100213,55.3,A,26.76,31.69,20110704-20110711,499.998497362,30.75,43.5,measured,0.5,observed,-2.0,54.3,43.12
TAP_A01,2206,,,725748.9,9666888.62,O,6.6,A,3.97,8.76,20100116-20100213,6.6,A,5.35,9.05,20110704-20110711,499.998497362,7.81,8.76,measured,0.0,observed,-2.0,6.6,8.76
TAP_A01,2207,,,725762.78,9666887.75,O,8.1,A,7.36,10.51,20100116-20100213,8.2,A,8.25,13.07,20110704-20110711,499.998497362,9.19,10.51,measured,0.1,observed,-2.0,8.0,10.32
TAP_A01,2208,,,725767.58,9666887.76,O,7.5,D,3.66,9.21,20100116-20100213,7.5,D,,9.21,20110704-20110711,499.998497362,8.6,9.21,measured,0.0,observed,-2.0,7.5,9.21
TAP_A01,2209,,,725768.29,9666888.09,O,90.0,D,,3.75,20100116-20100213,90.0,D,,3.79,20110704-20110711,499.998497362,37.61,3.75,measured,0.0,observed,-2.0,90.0,3.75
TAP_A01,2210,,,725770.09,9666887.74,O,16.0,A,18.08,20.55,20100116-20100213,16.3,A,16.27,19.79,20110704-20110711,499.998497362,14.98,20.55,measured,0.3,observed,-2.0,15.7,20.03
TAP_A01,2211,,,725771.78,9666887.59,O,11.2,A,9.19,16.4,20100116-20100213,12.1,A,13.46,16.93,20110704-20110711,499.998497362,12.18,16.4,measured,0.9,observed,-2.0,10.3,14.61
TAP_A01,2212,,,725780.48,9666887.43,O,5.8,A,1.85,7.55,20100116-20100213,5.8,D,3.52,5.9,20110704-20110711,499.998497362,7.09,7.55,measured,0.0,observed,-2.0,5.8,7.55
TAP_A01,2213,Protium hepytaphillum ,Burseraceae,725785.48,9666887.28,O,18.0,A,10.08,19.88,20100116-20100213,18.4,A,14.93,19.01,20110704-20110711,499.998497362,16.25,19.88,measured,0.4,observed,-2.0,17.6,19.29
TAP_A01,2214,,,725791.22,9666888.56,O,17.0,A,17.19,19.46,20100116-20100213,16.4,A,19.24,23.19,20110704-20110711,499.998497362,15.04,19.46,measured,0.0,observed,-2.0,16.4,19.46
TAP_A01,2215,,,725794.17,9666887.03,O,13.0,D,,1.45,20100116-20100213,13.0,D,,1.54,20110704-20110711,499.998497362,12.81,1.45,measured,0.0,observed,-2.0,13.0,1.45
TAP_A01,2216,,,725797.85,9666889.42,O,29.0,A,17.42,26.91,20100116-20100213,29.5,A,21.92,26.49,20110704-20110711,499.998497362,21.91,26.91,measured,0.5,observed,-2.0,28.5,26.36
TAP_A01,2217,,,725807.57,9666886.78,O,5.8,A,5.68,7.62,20100116-20100213,5.8,A,6.13,7.58,20110704-20110711,499.998497362,7.09,7.62,measured,0.0,observed,-2.0,5.8,7.62
TAP_A01,2218,Pourouma guianensis,Urticaceae,725828.57,9666886.31,O,17.0,A,17.73,23.8,20100116-20100213,16.9,A,18.75,21.43,20110704-20110711,499.998497362,15.35,23.8,measured,0.0,observed,-2.0,16.9,23.8
TAP_A01,2219,Apuleia leiocarpa,Fabaceae,725831.98,9666886.61,O,63.6,A,32.56,39.96,20100116-20100213,64.2,A,36.12,42.47,20110704-20110711,499.998497362,32.91,39.96,measured,0.6,observed,-2.0,63.0,39.63
TAP_A01,2220,,,725834.03,9666888.45,O,39.2,A,18.69,30.64,20100116-20100213,40.2,A,24.85,29.29,20110704-20110711,499.998497362,26.14,30.64,measured,1.0,observed,-2.0,38.2,29.8
TAP_A01,2221,,,725834.55,9666885.68,O,6.2,A,1.65,6.28,20100116-20100213,6.0,A,1.66,6.19,20110704-20110711,499.998497362,7.27,6.28,measured,0.0,observed,-2.0,6.0,6.28
TAP_A01,2222,,,725850.76,9666885.65,L,5.7,D,,,20100116-20100213,5.7,D,,,20110704-20110711,499.998497362,6.99,9.65,local_fit,0.0,observed,-2.0,5.7,9.65
TAP_A01,2223,Ocotea sp.,Lauraceae,725853.26,9666885.58,O,9.2,A,,23.12,20100116-20100213,9.3,A,15.39,21.09,20110704-20110711,499.998497362,10.08,23.12,measured,0.1,observed,-2.0,9.1,22.75
TAP_A01,2224,,,725854.35,9666885.2,O,9.7,A,6.06,24.14,20100116-20100213,10.0,A,17.45,18.66,20110704-20110711,499.998497362,10.62,24.14,measured,0.3,observed,-2.0,9.4,23.09
TAP_A01,2225,Carapa guianensis,Meliaceae,725855.25,9666885.22,O,29.6,A,25.12,31.69,20100116-20100213,30.5,A,23.09,28.37,20110704-20110711,499.998497362,22.35,31.69,measured,0.9,observed,-2.0,28.7,30.56
TAP_A01,2226,,,725864.15,9666885.21,O,15.4,A,12.6,17.79,20100116-20100213,15.9,A,15.06,17.13,20110704-20110711,499.998497362,14.73,17.79,measured,0.5,observed,-2.0,14.9,17.0
TAP_A01,2227,,,725868.86,9666885.57,O,13.2,A,7.89,11.74,20100116-20100213,13.4,A,4.14,10.93,20110704-20110711,499.998497362,13.08,11.74,measured,0.2,observed,-2.0,13.0,11.5
TAP_A01,2228,,,725872.88,9666886.1,O,15.5,A,3.71,17.44,20100116-20100213,16.4,A,9.11,16.59,20110704-20110711,499.998497362,15.04,17.44,measured,0.9,observed,-2.0,14.6,16.11
TAP_A01,2229,,,725889.21,9666886.87,O,32.0,A,16.07,28.61,20100116-20100213,32.4,A,18.32,27.46,20110704-20110711,499.998497362,23.15,28.61,measured,0.4,observed,-2.0,31.6,28.2
TAP_A01,2230,Myrcia velutina,Myrtaceae,725890.25,9666884.78,O,25.3,A,12.0,22.78,20100116-20100213,25.5,A,12.21,17.14,20110704-20110711,499.998497362,20.05,22.78,measured,0.2,observed,-2.0,25.1,22.55
TAP_A01,2231,,,725899.88,9666883.9,O,6.9,D,,2.84,20100116-20100213,6.9,D,1.33,2.88,20110704-20110711,499.998497362,8.08,2.84,measured,0.0,observed,-2.0,6.9,2.84
TAP_A01,2232,,,725901.48,9666889.0,O,61.0,A,23.42,30.27,20100116-20100213,61.1,A,21.49,28.12,20110704-20110711,499.998497362,32.2,30.27,measured,0.1,observed,-2.0,60.9,30.22
TAP_A01,2233,,,725901.54,9666884.2,O,53.5,A,19.62,31.15,20100116-20100213,53.7,A,23.39,31.31,20110704-20110711,499.998497362,30.32,31.15,measured,0.2,observed,-2.0,53.3,31.04
TAP_A01,2234,,,725908.04,9666884.21,O,16.5,A,11.04,16.86,20100116-20100213,16.9,A,10.69,17.92,20110704-20110711,499.998497362,15.35,16.86,measured,0.4,observed,-2.0,16.1,16.31
TAP_A01,2235,,,725933.33,9666883.31,O,12.5,A,7.03,16.07,20100116-20100213,12.6,A,11.45,17.5,20110704-20110711,499.998497362,12.53,16.07,measured,0.1,observed,-2.0,12.4,15.89
TAP_A01,2236,Couratari stellata,Lecythidaceae,725944.86,9666887.57,O,142.8,A,39.74,58.22,20100116-20100213,144.3,A,48.58,63.17,20110704-20110711,499.998497362,43.02,58.22,measured,1.5,observed,-2.0,141.3,57.95
TAP_A01,2237,,,725952.36,9666891.0,O,93.5,A,26.56,41.22,20100116-20100213,92.3,A,39.06,49.46,20110704-20110711,499.998497362,37.94,41.22,measured,0.0,observed,-2.0,92.3,41.22
TAP_A01,2238,,,725956.51,9666882.57,O,14.8,D,,4.58,20100116-20100213,14.8,D,1.59,4.78,20110704-20110711,499.998497362,14.02,4.58,measured,0.0,observed,-2.0,14.8,4.58
TAP_A01,2239,,,725964.82,9666882.83,O,12.9,A,6.36,13.97,20100116-20100213,13.1,A,9.28,14.11,20110704-20110711,499.998497362,12.88,13.97,measured,0.2,observed,-2.0,12.7,13.67
TAP_A01,2240,,,725967.3,9666882.0,O,13.3,A,6.46,12.88,20100116-20100213,12.1,A,8.19,13.9,20110704-20110711,499.998497362,12.18,12.88,measured,0.0,observed,-2.0,12.1,12.88
TAP_A01,2241,,,725973.19,9666881.58,O,6.4,A,4.24,7.95,20100116-20100213,6.5,A,4.08,8.09,20110704-20110711,499.998497362,7.72,7.95,measured,0.1,observed,-2.0,6.3,7.76
TAP_A01,2242,,,725974.19,9666881.55,O,8.0,A,6.64,9.52,20100116-20100213,8.2,A,6.64,9.05,20110704-20110711,499.998497362,9.19,9.52,measured,0.2,observed,-2.0,7.8,9.17
TAP_A01,2243,,,725984.64,9666881.24,O,16.0,A,11.3,15.29,20100116-20100213,16.3,A,11.75,16.83,20110704-20110711,499.998497362,14.98,15.29,measured,0.3,observed,-2.0,15.7,14.9
TAP_A01,2244,,,725985.82,9666882.21,O,12.3,A,11.62,15.22,20100116-20100213,10.3,A,13.54,15.45,20110704-20110711,499.998497362,10.85,15.22,measured,0.0,observed,-2.0,10.3,15.22
TAP_A01,2245,,,725988.9,9666881.57,O,10.5,A,7.15,15.53,20100116-20100213,10.5,A,8.9,16.31,20110704-20110711,499.998497362,11.0,15.53,measured,0.0,observed,-2.0,10.5,15.53
TAP_A01,2246,,,725993.9,9666881.67,O,18.0,A,12.68,20.24,20100116-20100213,18.0,A,14.72,18.51,20110704-20110711,499.998497362,16.01,20.24,measured,0.0,observed,-2.0,18.0,20.24
TAP_A01,2247,,,725999.01,9666881.72,O,29.1,A,21.29,26.86,20100116-20100213,29.5,A,21.34,28.24,20110704-20110711,499.998497362,21.91,26.86,measured,0.4,observed,-2.0,28.7,26.42
TAP_A01,2248,,,726005.88,9666880.76,O,8.6,A,9.71,14.14,20100116-20100213,9.4,A,3.48,15.06,20110704-20110711,499.998497362,10.16,14.14,measured,0.8,observed,-2.0,7.8,12.32
TAP_A01,2249,,,726006.78,9666880.69,O,5.3,A,2.34,3.49,20100116-20100213,5.3,D,1.52,3.05,20110704-20110711,499.998497362,6.62,3.49,measured,0.0,observed,-2.0,5.3,3.49
TAP_A01,2250,,,726007.8,9666881.46,O,12.7,A,17.68,24.54,20100116-20100213,13.3,A,16.68,23.07,20110704-20110711,499.998497362,13.02,24.54,measured,0.6,observed,-2.0,12.1,22.96
TAP_A01,2251,,,726020.68,9666880.38,O,16.6,A,18.92,25.37,20100116-20100213,17.3,A,16.56,21.04,20110704-20110711,499.998497362,15.59,25.37,measured,0.7,observed,-2.0,15.9,23.97
TAP_A01,2252,,,726032.55,9666882.83,O,74.0,A,33.51,46.75,20100116-20100213,75.0,A,35.02,42.76,20110704-20110711,499.998497362,35.13,46.75,measured,1.0,observed,-2.0,73.0,46.24
TAP_A01,2253,,,726037.92,9666881.55,O,22.5,A,15.41,25.46,20100116-20100213,22.7,A,20.3,23.98,20110704-20110711,499.998497362,18.63,25.46,measured,0.2,observed,-2.0,22.3,25.17
TAP_A01,2254,,,726039.75,9666882.51,O,45.0,A,27.25,38.01,20100116-20100213,45.9,A,22.29,26.58,20110704-20110711,499.998497362,28.04,38.01,measured,0.9,observed,-2.0,44.1,37.22
TAP_A01,2255,Sagotia racemosa,Euphorbiaceae,726045.47,9666879.69,O,10.3,A,4.76,12.47,20100116-20100213,10.4,A,7.42,13.16,20110704-20110711,499.998497362,10.93,12.47,measured,0.1,observed,-2.0,10.2,12.3
TAP_A01,2256,,,726048.47,9666879.7,O,6.0,A,4.58,7.38,20100116-20100213,6.1,A,4.3,7.07,20110704-20110711,499.998497362,7.36,7.38,measured,0.1,observed,-2.0,5.9,7.2
TAP_A01,2257,,,726049.66,9666879.52,L,5.0,D,,,20100116-20100213,5.0,D,,,20110704-20110711,499.998497362,6.33,8.99,local_fit,0.0,observed,-2.0,5.0,8.99
TAP_A01,2258,,,726058.38,9666879.76,O,11.8,A,4.95,14.48,20100116-20100213,12.8,A,6.6,16.06,20110704-20110711,499.998497362,12.67,14.48,measured,1.0,observed,-2.0,10.8,12.83
TAP_A01,2259,,,726070.43,9666879.9,O,17.0,A,16.62,20.08,20100116-20100213,17.9,A,7.66,11.8,20110704-20110711,499.998497362,15.95,20.08,measured,0.9,observed,-2.0,16.1,18.7
TAP_A01,2260,,,726070.86,9666879.09,O,6.0,A,5.13,10.7,20100116-20100213,6.2,A,17.02,20.18,20110704-20110711,499.998497362,7.45,10.7,measured,0.2,observed,-2.0,5.8,10.18
TAP_A01,2261,,,726076.2,9666880.43,O,42.0,A,19.27,32.13,20100116-20100213,43.3,A,19.22,23.72,20110704-20110711,499.998497362,27.2,32.13,measured,1.3,observed,-2.0,40.7,31.09
TAP_A01,2262,,,726077.25,9666878.6,O,5.8,A,4.23,8.22,20100116-20100213,5.2,A,4.42,8.64,20110704-20110711,499.998497362,6.52,8.22,measured,0.0,observed,-2.0,5.2,8.22
TAP_A01,2263,,,726083.44,9666878.22,O,6.1,A,8.69,10.61,20100116-20100213,6.0,A,9.09,12.18,20110704-20110711,499.998497362,7.27,10.61,measured,0.0,observed,-2.0,6.0,10.61
TAP_A01,2264,,,726086.56,9666878.73,O,13.7,A,11.89,17.27,20100116-20100213,15.3,A,14.51,17.65,20110704-20110711,499.998497362,14.34,17.27,measured,1.6,observed,-2.0,12.1,14.67
TAP_A01,2265,,,726089.26,9666878.75,O,15.7,A,6.2,14.71,20100116-20100213,16.9,A,8.74,14.65,20110704-20110711,499.998497362,15.35,14.71,measured,1.2,observed,-2.0,14.5,13.24
TAP_A01,2266,,,726090.4,9666880.21,O,23.7,A,15.66,19.6,20100116-20100213,24.0,A,16.87,21.22,20110704-20110711,499.998497362,19.3,19.6,measured,0.3,observed,-2.0,23.4,19.29
TAP_A01,2267,Minquartia guianensis,Olacaceae,726103.8,9666883.32,O,65.3,A,24.27,33.69,20100116-20100213,65.9,A,19.61,24.62,20110704-20110711,499.998497362,33.29,33.69,measured,0.6,observed,-2.0,64.7,33.43
TAP_A01,2268,,,726115.85,9666877.96,O,43.5,A,20.67,25.15,20100116-20100213,44.3,A,23.97,28.27,20110704-20110711,499.998497362,27.53,25.15,measured,0.8,observed,-2.0,42.7,24.67
TAP_A01,2269,,,726120.24,9666877.58,O,9.2,A,4.48,16.39,20100116-20100213,9.5,A,12.41,16.25,20110704-20110711,499.998497362,10.23,16.39,measured,0.3,observed,-2.0,8.9,15.64
TAP_A01,2270,,,726129.89,9666877.55,O,21.3,A,15.29,21.09,20100116-20100213,21.3,A,17.16,23.6,20110704-20110711,499.998497362,17.88,21.09,measured,0.0,observed,-2.0,21.3,21.09
TAP_A01,2271,,,726130.44,9666877.43,O,7.6,A,5.59,12.55,20100116-20100213,7.9,A,6.49,12.04,20110704-20110711,499.998497362,8.94,12.55,measured,0.3,observed,-2.0,7.3,11.83
TAP_A01,2272,,,726142.02,9666876.54,O,8.3,A,4.05,12.5,20100116-20100213,8.9,A,3.87,11.99,20110704-20110711,499.998497362,9.76,12.5,measured,0.6,observed,-2.0,7.7,11.23
TAP_A01,2273,,,726149.11,9666879.68,O,95.2,A,39.85,50.31,20100116-20100213,96.5,A,42.62,48.67,20110704-20110711,499.998497362,38.51,50.31,measured,1.3,observed,-2.0,93.9,49.85
TAP_A01,2274,Eschweilera parviflora,Lecythidaceae,726160.38,9666878.42,O,27.0,A,11.02,32.94,20100116-20100213,27.2,A,20.15,27.79,20110704-20110711,499.998497362,20.86,32.94,measured,0.2,observed,-2.0,26.8,32.64
TAP_A01,2275,,,726163.92,9666876.34,O,6.0,A,5.32,9.72,20100116-20100213,6.3,A,7.35,9.61,20110704-20110711,499.998497362,7.54,9.72,measured,0.3,observed,-2.0,5.7,9.01
TAP_A01,2276,,,726172.83,9666876.52,O,25.5,A,14.1,20.85,20100116-20100213,25.8,A,16.86,21.14,20110704-20110711,499.998497362,20.19,20.85,measured,0.3,observed,-2.0,25.2,20.55
TAP_A01,2277,,,726187.8,9666875.28,O,7.4,A,3.61,9.8,20100116-20100213,7.7,A,2.75,9.9,20110704-20110711,499.998497362,8.77,9.8,measured,0.3,observed,-2.0,7.1,9.22
TAP_A01,2278,Carapa guianensis,Meliaceae,726197.5,9666875.14,O,14.9,A,6.96,14.19,20100116-20100213,14.9,A,12.64,16.64,20110704-20110711,499.998497362,14.08,14.19,measured,0.0,observed,-2.0,14.9,14.19
TAP_A01,2279,,,726206.76,9666876.97,O,32.1,D,,17.93,20100116-20100213,,D,,,20110704-20110711,499.998497362,,17.93,measured,0.2,site_median,-2.0,,
TAP_A01,2280,Tachigali alba,Fabaceae,726216.74,9666876.18,O,23.0,A,21.93,25.82,20100116-20100213,23.0,A,19.21,22.45,20110704-20110711,499.998497362,18.79,25.82,measured,0.0,observed,-2.0,23.0,25.82
TAP_A01,2281,,,726218.0,9666874.94,L,6.2,A,,,20100116-20100213,6.4,A,,,20110704-20110711,499.998497362,7.64,10.1,local_fit,0.2,observed,-2.0,6.0,9.61
TAP_A01,2282,Marlierea velutina,Myrtaceae,726218.01,9666875.14,O,12.4,A,10.61,15.69,20100116-20100213,12.6,A,9.75,13.79,20110704-20110711,499.998497362,12.53,15.69,measured,0.2,observed,-2.0,12.2,15.34
TAP_A01,2283,,,726218.1,9666874.94,O,6.7,A,6.29,11.93,20100116-20100213,7.9,A,10.83,16.37,20110704-20110711,499.998497362,8.94,11.93,measured,1.2,observed,-2.0,5.5,9.09
TAP_A01,2284,,,726217.36,9666873.61,O,42.7,A,28.88,40.29,20100116-20100213,44.9,A,28.52,39.85,20110704-20110711,499.998497362,27.72,40.29,measured,2.2,observed,-2.0,40.5,38.15
TAP_A01,2285,,,726210.85,9666873.2,O,17.8,A,16.9,21.86,20100116-20100213,18.9,A,17.37,22.37,20110704-20110711,499.998497362,16.54,21.86,measured,1.1,observed,-2.0,16.7,20.12
TAP_A01,2286,,,726209.82,9666872.38,O,22.6,A,21.13,24.87,20100116-20100213,22.7,A,18.47,23.21,20110704-20110711,499.998497362,18.63,24.87,measured,0.1,observed,-2.0,22.5,24.74
TAP_A01,2287,,,726206.66,9666873.67,O,16.1,A,5.6,13.83,20100116-20100213,16.3,A,12.36,15.63,20110704-20110711,499.998497362,14.98,13.83,measured,0.2,observed,-2.0,15.9,13.6
TAP_A01,2288,,,726198.77,9666874.26,O,27.7,A,16.18,21.09,20100116-20100213,27.8,A,16.46,21.87,20110704-20110711,499.998497362,21.14,21.09,measured,0.1,observed,-2.0,27.6,21.0
TAP_A01,2289,Hevea brasiliensis,Euphorbiaceae,726196.76,9666873.87,O,30.8,A,20.57,26.6,20100116-20100213,30.8,A,20.09,26.18,20110704-20110711,499.998497362,22.48,26.6,measured,0.0,observed,-2.0,30.8,26.6
TAP_A01,2290,,,726194.78,9666874.43,O,7.7,A,4.86,11.21,20100116-20100213,8.1,A,4.59,12.01,20110704-20110711,499.998497362,9.1,11.21,measured,0.4,observed,-2.0,7.3,10.38
TAP_A01,2291,,,726189.74,9666874.97,O,6.6,A,4.92,9.72,20100116-20100213,7.0,A,3.89,9.34,20110704-20110711,499.998497362,8.17,9.72,measured,0.4,observed,-2.0,6.2,8.86
TAP_A01,2292,,,726183.87,9666874.5,O,22.4,A,17.64,20.71,20100116-20100213,22.9,A,16.12,21.05,20110704-20110711,499.998497362,18.73,20.71,measured,0.5,observed,-2.0,21.9,20.14
TAP_A01,2293,,,726179.78,9666874.82,O,6.4,A,5.27,11.46,20100116-20100213,6.4,A,8.25,11.32,20110704-20110711,499.998497362,7.64,11.46,measured,0.0,observed,-2.0,6.4,11.46
TAP_A01,2294,,,726174.89,9666875.06,O,7.9,A,3.24,8.39,20100116-20100213,8.1,A,3.1,7.31,20110704-20110711,499.998497362,9.1,8.39,measured,0.2,observed,-2.0,7.7,8.09
TAP_A01,2295,,,726170.45,9666873.94,O,17.9,A,6.52,17.51,20100116-20100213,18.9,A,11.33,16.98,20110704-20110711,499.998497362,16.54,17.51,measured,1.0,observed,-2.0,16.9,16.25
TAP_A01,2296,,,726165.69,9666875.19,O,6.4,A,7.9,10.98,20100116-20100213,6.7,A,8.2,11.56,20110704-20110711,499.998497362,7.9,10.98,measured,0.3,observed,-2.0,6.1,10.23
TAP_A01,2297,,,726161.6,9666875.71,O,6.5,A,5.89,10.1,20100116-20100213,6.6,A,7.99,10.71,20110704-20110711,499.998497362,7.81,10.1,measured,0.1,observed,-2.0,6.4,9.88
TAP_A01,2298,,,726154.75,9666875.71,O,12.9,A,14.98,18.62,20100116-20100213,13.2,A,12.27,17.44,20110704-20110711,499.998497362,12.95,18.62,measured,0.3,observed,-2.0,12.6,18.02
TAP_A01,2299,,,726152.8,9666875.77,O,6.2,A,1.74,4.68,20100116-20100213,6.4,A,2.97,7.66,20110704-20110711,499.998497362,7.64,4.68,measured,0.2,observed,-2.0,6.0,4.45
TAP_A01,2300,,,726149.69,9666875.61,O,17.9,A,12.54,19.14,20100116-20100213,18.1,A,7.94,16.82,20110704-20110711,499.998497362,16.07,19.14,measured,0.2,observed,-2.0,17.7,18.85
TAP_A01,2301,,,726144.71,9666876.36,O,5.2,A,2.15,2.8,20100116-20100213,5.3,A,2.15,2.8,20110704-20110711,499.998497362,6.62,2.8,measured,0.1,observed,-2.0,5.1,2.72
TAP_A01,2302,Protium hebetatum,Burseraceae,726140.81,9666876.22,O,62.8,A,16.25,27.91,20100116-20100213,62.9,A,15.64,30.69,20110704-20110711,499.998497362,32.62,27.91,measured,0.1,observed,-2.0,62.7,27.87
TAP_A01,2303,Guarea guidonia,Meliaceae,726129.57,9666871.9,O,54.7,A,18.75,34.8,20100116-20100213,55.2,A,19.4,29.35,20110704-20110711,499.998497362,30.72,34.8,measured,0.5,observed,-2.0,54.2,34.51
TAP_A01,2304,Lecythis lurida,Lecythidaceae,726127.71,9666876.46,O,89.2,A,31.05,42.16,20100116-20100213,89.4,A,27.93,38.02,20110704-20110711,499.998497362,37.52,42.16,measured,0.2,observed,-2.0,89.0,42.09
TAP_A01,2305,,,726106.48,9666875.74,L,18.0,A,,,20100116-20100213,25.2,A,,,20110704-20110711,499.998497362,19.9,17.94,local_fit,5.0,observed,-2.0,15.2,12.87
TAP_A01,2306,,,726104.62,9666877.19,O,40.7,A,20.59,31.54,20100116-20100213,43.7,A,24.59,31.81,20110704-20110711,499.998497362,27.33,31.54,measured,3.0,observed,-2.0,37.7,29.13
TAP_A01,2307,,,726096.13,9666877.54,O,9.6,A,11.51,15.28,20100116-20100213,10.3,A,10.87,14.94,20110704-20110711,499.998497362,10.85,15.28,measured,0.7,observed,-2.0,8.9,13.74
TAP_A01,2308,,,726078.13,9666878.03,O,8.9,A,5.86,12.84,20100116-20100213,9.5,A,6.54,13.47,20110704-20110711,499.998497362,10.23,12.84,measured,0.6,observed,-2.0,8.3,11.64
TAP_A01,2309,,,726078.13,9666877.98,O,11.4,A,10.21,15.84,20100116-20100213,11.6,A,11.52,18.4,20110704-20110711,499.998497362,11.82,15.84,measured,0.2,observed,-2.0,11.2,15.45
TAP_A01,2310,,,726067.63,9666878.09,O,9.2,A,7.2,14.37,20100116-20100213,9.5,A,6.74,12.88,20110704-20110711,499.998497362,10.23,14.37,measured,0.3,observed,-2.0,8.9,13.71
TAP_A01,2311,,,726064.53,9666878.03,O,10.2,A,8.07,11.77,20100116-20100213,10.4,A,7.59,12.02,20110704-20110711,499.998497362,10.93,11.77,measured,0.2,observed,-2.0,10.0,11.44
TAP_A01,2312,,,726063.39,9666878.36,O,31.9,A,13.1,23.4,20100116-20100213,31.9,A,13.37,25.88,20110704-20110711,499.998497362,22.95,23.4,measured,0.0,observed,-2.0,31.9,23.4
TAP_A01,2313,,,726054.25,9666879.03,O,7.3,A,7.27,8.95,20100116-20100213,7.2,A,7.23,9.15,20110704-20110711,499.998497362,8.34,8.95,measured,0.0,observed,-2.0,7.2,8.95
TAP_A01,2314,,,726053.04,9666878.82,O,16.5,A,14.7,18.76,20100116-20100213,16.8,A,13.5,24.93,20110704-20110711,499.998497362,15.29,18.76,measured,0.3,observed,-2.0,16.2,18.29
TAP_A01,2315,Sloanea guianensis,Elaeocarpaceae,726052.74,9666875.38,O,68.2,A,25.41,32.72,20100116-20100213,68.8,A,12.72,32.85,20110704-20110711,499.998497362,33.91,32.72,measured,0.6,observed,-2.0,67.6,32.48
TAP_A01,2316,,,726051.52,9666877.91,O,14.3,A,9.03,17.07,20100116-20100213,14.6,A,12.95,18.62,20110704-20110711,499.998497362,13.89,17.07,measured,0.3,observed,-2.0,14.0,16.58
TAP_A01,2317,,,726044.75,9666878.96,O,5.6,A,3.92,12.18,20100116-20100213,5.7,A,5.67,12.35,20110704-20110711,499.998497362,6.99,12.18,measured,0.1,observed,-2.0,5.5,11.87
TAP_A01,2318,,,726036.61,9666877.85,O,52.0,A,23.67,30.01,20100116-20100213,53.7,A,23.52,38.29,20110704-20110711,499.998497362,30.32,30.01,measured,1.7,observed,-2.0,50.3,29.07
TAP_A01,2319,,,726032.41,9666877.78,O,21.7,A,12.88,19.95,20100116-20100213,21.9,A,8.86,17.4,20110704-20110711,499.998497362,18.21,19.95,measured,0.2,observed,-2.0,21.5,19.71
TAP_A01,2320,,,726032.15,9666879.39,O,7.8,A,9.7,12.37,20100116-20100213,7.8,A,7.76,11.51,20110704-20110711,499.998497362,8.85,12.37,measured,0.0,observed,-2.0,7.8,12.37
TAP_A01,2321,,,726030.75,9666879.38,O,8.3,A,3.2,9.88,20100116-20100213,8.4,A,5.74,11.4,20110704-20110711,499.998497362,9.35,9.88,measured,0.1,observed,-2.0,8.2,9.71
TAP_A01,2322,,,726027.14,9666879.13,O,47.9,D,,3.88,20100116-20100213,47.9,D,1.47,3.16,20110704-20110711,499.998497362,28.66,3.88,measured,0.0,observed,-2.0,47.9,3.88
TAP_A01,2323,Carapa guianensis,Meliaceae,726024.07,9666876.82,O,58.3,A,27.28,41.01,20100116-20100213,58.6,A,23.1,37.05,20110704-20110711,499.998497362,31.59,41.01,measured,0.3,observed,-2.0,58.0,40.82
TAP_A01,2324,,,726016.34,9666879.25,O,15.9,A,5.14,16.02,20100116-20100213,15.9,A,3.82,13.0,20110704-20110711,499.998497362,14.73,16.02,measured,0.0,observed,-2.0,15.9,16.02
TAP_A01,2325,Pourouma guianensis,Urticaceae,726014.01,9666878.22,O,44.0,A,20.18,29.9,20100116-20100213,44.4,A,30.48,38.23,20110704-20110711,499.998497362,27.56,29.9,measured,0.4,observed,-2.0,43.6,29.62
TAP_A01,2326,Jacaranda copaia,Bignoniaceae,726009.15,9666879.57,O,62.6,A,34.93,41.27,20100116-20100213,63.3,A,32.61,42.28,20110704-20110711,499.998497362,32.71,41.27,measured,0.7,observed,-2.0,61.9,40.87
TAP_A01,2327,,,726000.96,9666876.66,O,44.5,A,14.24,21.23,20100116-20100213,44.4,A,5.18,22.85,20110704-20110711,499.998497362,27.56,21.23,measured,0.0,observed,-2.0,44.4,21.23
TAP_A01,2328,,,725996.3,9666878.05,O,28.5,A,13.98,20.96,20100116-20100213,28.8,A,22.22,27.63,20110704-20110711,499.998497362,21.59,20.96,measured,0.3,observed,-2.0,28.2,20.7
TAP_A01,2329,,,725981.07,9666880.8,O,5.3,A,4.88,10.16,20100116-20100213,5.4,A,5.17,10.84,20110704-20110711,499.998497362,6.71,10.16,measured,0.1,observed,-2.0,5.2,9.87
TAP_A01,2330,,,725979.47,9666880.59,O,16.2,A,7.95,18.4,20100116-20100213,17.7,A,6.94,14.29,20110704-20110711,499.998497362,15.83,18.4,measured,1.5,observed,-2.0,14.7,16.21
TAP_A01,2331,,,725951.39,9666881.83,O,5.7,A,6.6,7.96,20100116-20100213,5.8,A,5.39,6.74,20110704-20110711,499.998497362,7.09,7.96,measured,0.1,observed,-2.0,5.6,7.75
TAP_A01,2332,Strychnos subcordata,Loganiaceae,725951.06,9666880.98,O,20.5,A,11.41,22.94,20100116-20100213,20.7,A,12.75,18.5,20110704-20110711,499.998497362,17.56,22.94,measured,0.2,observed,-2.0,20.3,22.64
TAP_A01,2333,,,725947.26,9666880.75,O,18.3,A,10.51,19.77,20100116-20100213,17.0,A,10.77,18.33,20110704-20110711,499.998497362,15.41,19.77,measured,0.0,observed,-2.0,17.0,19.77
TAP_A01,2334,Protium paniculatum,Burseraceae,725941.78,9666881.81,O,9.6,A,6.46,14.3,20100116-20100213,9.7,A,6.7,17.0,20110704-20110711,499.998497362,10.39,14.3,measured,0.1,observed,-2.0,9.5,14.08
TAP_A01,2335,,,725931.77,9666881.41,O,13.7,A,16.4,18.66,20100116-20100213,15.3,A,15.53,20.77,20110704-20110711,499.998497362,14.34,18.66,measured,1.6,observed,-2.0,12.1,15.85
TAP_A01,2336,,,725931.58,9666881.86,O,47.1,A,29.73,34.99,20100116-20100213,47.7,A,26.72,35.94,20110704-20110711,499.998497362,28.6,34.99,measured,0.6,observed,-2.0,46.5,34.54
TAP_A01,2337,Ecclinusa ramiflora,Sapotaceae,725917.63,9666880.42,O,37.7,A,26.79,33.55,20100116-20100213,39.5,A,19.39,28.5,20110704-20110711,499.998497362,25.89,33.55,measured,1.8,observed,-2.0,35.9,31.83
TAP_A01,2338,,,725912.77,9666881.62,O,56.1,A,22.39,32.95,20100116-20100213,56.4,A,23.2,35.63,20110704-20110711,499.998497362,31.04,32.95,measured,0.3,observed,-2.0,55.8,32.78
TAP_A01,2339,,,725912.14,9666880.59,O,32.8,D,,20.24,20100116-20100213,32.8,D,2.27,17.79,20110704-20110711,499.998497362,23.32,20.24,measured,0.0,observed,-2.0,32.8,20.24
TAP_A01,2340,,,725903.48,9666882.09,O,12.9,A,7.34,15.02,20100116-20100213,10.2,A,5.0,14.65,20110704-20110711,499.998497362,10.78,15.02,measured,0.0,observed,-2.0,10.2,15.02
TAP_A01,2341,,,725898.11,9666883.15,O,11.3,A,8.81,14.41,20100116-20100213,11.5,A,8.87,17.1,20110704-20110711,499.998497362,11.75,14.41,measured,0.2,observed,-2.0,11.1,14.04
TAP_A01,2342,Cecropia palmata,Urticaceae,725874.42,9666883.85,O,10.5,A,12.18,15.88,20100116-20100213,11.7,A,12.34,19.35,20110704-20110711,499.998497362,11.89,15.88,measured,1.2,observed,-2.0,9.3,13.46
TAP_A01,2343,Quiina florida,Quiinaceae,725868.73,9666884.37,O,6.7,A,2.03,6.6,20100116-20100213,6.8,A,2.92,6.06,20110704-20110711,499.998497362,7.99,6.6,measured,0.1,observed,-2.0,6.6,6.45
TAP_A01,2344,,,725862.33,9666884.61,O,14.0,A,5.92,11.02,20100116-20100213,14.3,A,9.32,13.94,20110704-20110711,499.998497362,13.69,11.02,measured,0.3,observed,-2.0,13.7,10.7
TAP_A01,2345,,,725861.91,9666883.97,L,8.8,A,,,20100116-20100213,8.8,A,,,20110704-20110711,499.998497362,9.68,12.2,local_fit,0.0,observed,-2.0,8.8,12.2
TAP_A01,2346,,,725854.89,9666883.33,O,33.2,A,12.79,14.41,20100116-20100213,33.4,A,17.7,22.36,20110704-20110711,499.998497362,23.57,14.41,measured,0.2,observed,-2.0,33.0,14.31
TAP_A01,2347,Minquartia guianensis,Olacaceae,725848.62,9666884.47,O,10.0,A,5.41,10.91,20100116-20100213,10.0,A,3.5,11.67,20110704-20110711,499.998497362,10.62,10.91,measured,0.0,observed,-2.0,10.0,10.91
TAP_A01,2348,,,725843.03,9666884.73,O,7.5,A,2.45,7.58,20100116-20100213,7.6,A,2.21,8.2,20110704-20110711,499.998497362,8.68,7.58,measured,0.1,observed,-2.0,7.4,7.43
TAP_A01,2349,,,725836.44,9666885.28,O,14.3,A,12.02,16.4,20100116-20100213,14.2,A,9.67,18.19,20110704-20110711,499.998497362,13.62,16.4,measured,0.0,observed,-2.0,14.2,16.4
TAP_A01,2350,Eschweilera parviflora,Lecythidaceae,725835.06,9666882.47,O,40.0,A,5.59,26.24,20100116-20100213,40.8,A,13.21,30.13,20110704-20110711,499.998497362,26.35,26.24,measured,0.8,observed,-2.0,39.2,25.68
TAP_A01,2351,Minquartia guianensis,Olacaceae,725825.56,9666882.55,O,35.4,A,10.14,21.47,20100116-20100213,35.6,A,9.34,25.46,20110704-20110711,499.998497362,24.44,21.47,measured,0.2,observed,-2.0,35.2,21.33
TAP_A01,2352,Tachigali myrmecophila,Fabaceae,725825.21,9666884.36,O,13.2,A,22.28,24.6,20100116-20100213,13.6,A,20.85,23.65,20110704-20110711,499.998497362,13.22,24.6,measured,0.4,observed,-2.0,12.8,23.58
TAP_A01,2353,,,725819.78,9666883.52,O,28.1,A,26.64,29.41,20100116-20100213,28.8,A,25.14,32.42,20110704-20110711,499.998497362,21.59,29.41,measured,0.7,observed,-2.0,27.4,28.54
TAP_A01,2354,,,725819.39,9666883.78,O,29.2,A,22.85,26.05,20100116-20100213,30.0,A,17.65,25.14,20110704-20110711,499.998497362,22.13,26.05,measured,0.8,observed,-2.0,28.4,25.2
TAP_A01,2355,,,725804.35,9666886.17,O,5.2,A,1.85,7.07,20100116-20100213,4.9,A,1.2,5.87,20110704-20110711,499.998497362,6.23,7.07,measured,0.0,observed,-2.0,4.9,7.07
TAP_A01,2356,Caryocar villosum,Caryocaraceae,725797.95,9666882.91,O,140.5,A,28.09,40.53,20100116-20100213,140.2,A,26.18,42.9,20110704-20110711,499.998497362,42.74,40.53,measured,0.0,observed,-2.0,140.2,40.53
TAP_A01,2357,Minquartia guianensis,Olacaceae,725792.71,9666884.77,O,23.0,A,14.25,21.31,20100116-20100213,23.2,A,9.88,22.32,20110704-20110711,499.998497362,18.89,21.31,measured,0.2,observed,-2.0,22.8,21.07
TAP_A01,2358,Ecclinusa ramiflora,Sapotaceae,725783.42,9666885.49,O,23.5,A,14.27,18.87,20100116-20100213,23.7,A,9.71,21.34,20110704-20110711,499.998497362,19.15,18.87,measured,0.2,observed,-2.0,23.3,18.66
TAP_A01,2359,,,725781.46,9666886.8,O,47.5,D,,4.47,20100116-20100213,47.5,D,1.59,4.17,20110704-20110711,499.998497362,28.54,4.47,measured,0.0,observed,-2.0,47.5,4.47
TAP_A01,2360,Eschweilera coriacea,Lecythidaceae,725778.16,9666886.8,O,6.2,A,5.35,10.26,20100116-20100213,6.4,A,3.64,11.05,20110704-20110711,499.998497362,7.64,10.26,measured,0.2,observed,-2.0,6.0,9.76
TAP_A01,2361,Virola melinoni,Myristicaceae,725772.26,9666886.84,O,13.8,A,11.54,16.38,20100116-20100213,14.2,A,11.02,21.64,20110704-20110711,499.998497362,13.62,16.38,measured,0.4,observed,-2.0,13.4,15.73
TAP_A01,2362,,,725762.5,9666884.96,O,55.3,A,26.2,40.35,20100116-20100213,58.9,A,25.44,43.55,20110704-20110711,499.998497362,31.67,40.35,measured,3.6,observed,-2.0,51.7,37.93
TAP_A01,2363,,,725750.48,9666887.97,O,7.6,A,10.91,14.08,20100116-20100213,7.3,A,10.28,12.29,20110704-20110711,499.998497362,8.43,14.08,measured,0.0,observed,-2.0,7.3,14.08
TAP_A01,2364,,,725743.68,9666887.92,O,28.8,A,22.54,29.26,20100116-20100213,30.9,A,18.43,28.35,20110704-20110711,499.998497362,22.52,29.26,measured,2.1,observed,-2.0,26.7,26.79
TAP_A01,2365,Simarouba amara,Simaroubaceae,725726.3,9666885.58,O,32.5,A,27.83,36.15,20100116-20100213,35.6,A,15.04,33.73,20110704-20110711,499.998497362,24.44,36.15,measured,3.1,observed,-2.0,29.4,32.33
TAP_A01,2366,,,725723.16,9666887.63,O,13.3,A,14.95,32.44,20100116-20100213,13.5,A,10.19,16.14,20110704-20110711,499.998497362,13.15,32.44,measured,0.2,observed,-2.0,13.1,31.77
TAP_A01,2367,,,726103.64,9666877.82,O,,A,,,20100116-20100213,6.2,A,7.09,9.66,20110704-20110711,499.998497362,7.45,9.66,measured,0.2,site_median,-2.0,5.8,9.19
TAP_A01,2368,,,725747.39,9666888.26,O,,A,,,20100116-20100213,5.3,A,4.45,9.65,20110704-20110711,499.998497362,6.62,9.65,measured,0.2,site_median,-2.0,4.9,9.08
TAP_A01,2401,,,726336.71,9666300.39,O,15.1,A,2.96,6.53,20100116-20100213,15.1,A,2.93,5.9,20110704-20110711,499.995055366,14.21,6.53,measured,0.0,observed,-2.0,15.1,6.53
TAP_A01,2402,Copaifera reticulata,Fabaceae,726358.2,9666299.43,O,40.6,A,20.55,32.02,20100116-20100213,43.6,A,24.3,30.45,20110704-20110711,499.995055366,27.3,32.02,measured,3.0,observed,-2.0,37.6,29.56
TAP_A01,2403,,,726362.7,9666299.19,O,6.8,A,3.59,9.49,20100116-20100213,7.1,A,3.41,9.42,20110704-20110711,499.995055366,8.25,9.49,measured,0.3,observed,-2.0,6.5,8.88
TAP_A01,2404,,,726373.6,9666299.46,O,11.7,A,8.68,11.09,20100116-20100213,11.5,A,9.03,12.74,20110704-20110711,499.995055366,11.75,11.09,measured,0.0,observed,-2.0,11.5,11.09
TAP_A01,2405,,,726380.73,9666302.9,O,22.9,D,,2.92,20100116-20100213,22.9,D,,2.77,20110704-20110711,499.995055366,18.73,2.92,measured,0.0,observed,-2.0,22.9,2.92
TAP_A01,2406,,,726384.1,9666299.43,O,21.9,A,19.03,21.15,20100116-20100213,22.1,A,16.03,18.79,20110704-20110711,499.995055366,18.31,21.15,measured,0.2,observed,-2.0,21.7,20.91
TAP_A01,2407,Mezilaurus itauba,Lauraceae,726398.24,9666303.97,O,88.6,A,29.19,41.18,20100116-20100213,89.7,A,27.34,38.28,20110704-20110711,499.995055366,37.57,41.18,measured,1.1,observed,-2.0,87.5,40.82
TAP_A01,2408,,,726421.22,9666300.69,O,25.2,A,13.98,19.71,20100116-20100213,25.5,A,13.93,17.51,20110704-20110711,499.995055366,20.05,19.71,measured,0.3,observed,-2.0,24.9,19.42
TAP_A01,2409,Carapa guianensis,Meliaceae,726430.0,9666298.47,O,28.2,A,10.42,15.55,20100116-20100213,30.1,A,22.33,33.71,20110704-20110711,499.995055366,22.17,15.55,measured,1.9,observed,-2.0,26.3,14.33
TAP_A01,2410,,,726433.61,9666300.44,O,41.0,D,,2.75,20100116-20100213,41.0,D,,2.75,20110704-20110711,499.995055366,26.42,2.75,measured,0.0,observed,-2.0,41.0,2.75
TAP_A01,2411,,,726440.5,9666298.99,O,8.6,A,8.88,11.98,20100116-20100213,9.0,A,6.92,12.24,20110704-20110711,499.995055366,9.84,11.98,measured,0.4,observed,-2.0,8.2,11.19
TAP_A01,2412,,,726441.0,9666299.18,O,15.3,A,9.6,15.37,20100116-20100213,15.5,A,12.0,16.05,20110704-20110711,499.995055366,14.47,15.37,measured,0.2,observed,-2.0,15.1,15.09
TAP_A01,2413,,,726448.83,9666302.62,O,45.5,D,,6.13,20100116-20100213,45.5,D,,6.43,20110704-20110711,499.995055366,27.91,6.13,measured,0.0,observed,-2.0,45.5,6.13
TAP_A01,2414,,,726458.02,9666300.5,O,30.9,A,21.51,27.15,20100116-20100213,31.7,A,19.0,3.4,20110704-20110711,499.995055366,22.86,27.15,measured,0.8,observed,-2.0,30.1,26.33
TAP_A01,2415,Hevea brasiliensis,Euphorbiaceae,726458.5,9666298.9,O,23.0,A,21.05,23.21,20100116-20100213,23.0,A,18.8,22.02,20110704-20110711,499.995055366,18.79,23.21,measured,0.0,observed,-2.0,23.0,23.21
TAP_A01,2416,,,726458.6,9666298.45,O,6.2,A,5.18,12.36,20100116-20100213,6.3,A,8.48,11.87,20110704-20110711,499.995055366,7.54,12.36,measured,0.1,observed,-2.0,6.1,12.06
TAP_A01,2417,,,726459.5,9666298.94,L,11.4,A,,,20100116-20100213,12.3,A,,,20110704-20110711,499.995055366,12.32,14.02,local_fit,0.9,observed,-2.0,10.5,12.52
TAP_A01,2418,,,726464.5,9666298.5,O,11.7,A,7.3,14.88,20100116-20100213,11.8,A,8.09,12.96,20110704-20110711,499.995055366,11.96,14.88,measured,0.1,observed,-2.0,11.6,14.71
TAP_A01,2419,,,726467.0,9666298.88,O,16.8,A,12.71,16.01,20100116-20100213,16.8,A,13.94,17.0,20110704-20110711,499.995055366,15.29,16.01,measured,0.0,observed,-2.0,16.8,16.01
TAP_A01,2420,,,726470.0,9666298.16,O,10.5,D,,12.49,20100116-20100213,,D,,,20110704-20110711,499.995055366,,12.49,measured,0.2,site_median,-2.0,,
TAP_A01,2421,,,726476.0,9666299.01,O,28.7,A,9.16,19.38,20100116-20100213,30.5,A,16.99,20.66,20110704-20110711,499.995055366,22.35,19.38,measured,1.8,observed,-2.0,26.9,17.97
TAP_A01,2422,,,726514.5,9666297.66,O,8.0,A,4.72,12.39,20100116-20100213,8.4,A,7.54,12.94,20110704-20110711,499.995055366,9.35,12.39,measured,0.4,observed,-2.0,7.6,11.5
TAP_A01,2423,Bixa arborea,Bixaceae,726515.9,9666297.85,O,32.7,A,17.74,24.36,20100116-20100213,34.7,A,21.07,25.17,20110704-20110711,499.995055366,24.09,24.36,measured,2.0,observed,-2.0,30.7,22.68
TAP_A01,2424,,,726525.32,9666300.33,O,30.6,A,16.56,25.38,20100116-20100213,31.4,A,18.35,22.41,20110704-20110711,499.995055366,22.73,25.38,measured,0.8,observed,-2.0,29.8,24.61
TAP_A01,2425,,,726541.9,9666298.1,O,8.7,A,5.48,12.31,20100116-20100213,8.9,A,8.87,14.2,20110704-20110711,499.995055366,9.76,12.31,measured,0.2,observed,-2.0,8.5,11.89
TAP_A01,2426,,,726542.5,9666297.6,O,11.8,A,7.48,15.92,20100116-20100213,12.1,A,10.45,15.55,20110704-20110711,499.995055366,12.18,15.92,measured,0.3,observed,-2.0,11.5,15.36
TAP_A01,2427,,,726546.8,9666298.56,O,11.9,A,8.04,15.11,20100116-20100213,12.5,A,11.37,17.38,20110704-20110711,499.995055366,12.46,15.11,measured,0.6,observed,-2.0,11.3,14.07
TAP_A01,2428,,,726548.3,9666298.55,O,12.9,A,9.64,16.24,20100116-20100213,13.1,A,9.76,15.56,20110704-20110711,499.995055366,12.88,16.24,measured,0.2,observed,-2.0,12.7,15.89
TAP_A01,2429,Eschweilera parviflora,Lecythidaceae,726548.3,9666297.53,O,9.2,A,7.52,14.27,20100116-20100213,9.3,A,9.4,14.12,20110704-20110711,499.995055366,10.08,14.27,measured,0.1,observed,-2.0,9.1,14.04
TAP_A01,2430,Carapa guianensis,Meliaceae,726566.22,9666300.31,O,35.4,A,24.28,33.68,20100116-20100213,37.4,A,34.13,38.89,20110704-20110711,499.995055366,25.13,33.68,measured,2.0,observed,-2.0,33.4,31.59
TAP_A01,2431,,,726566.19,9666297.31,O,7.7,A,2.3,6.34,20100116-20100213,7.7,D,1.41,4.85,20110704-20110711,499.995055366,8.77,6.34,measured,0.0,observed,-2.0,7.7,6.34
TAP_A01,2432,,,726571.49,9666297.27,O,6.6,A,7.03,10.08,20100116-20100213,6.8,A,6.95,10.33,20110704-20110711,499.995055366,7.99,10.08,measured,0.2,observed,-2.0,6.4,9.64
TAP_A01,2433,,,726572.4,9666298.16,O,11.3,A,8.5,18.22,20100116-20100213,11.3,A,14.55,16.55,20110704-20110711,499.995055366,11.6,18.22,measured,0.0,observed,-2.0,11.3,18.22
TAP_A01,2434,Virola sebifera,Myristicaceae,726578.6,9666297.62,O,54.4,A,24.15,32.62,20100116-20100213,56.2,A,26.47,34.81,20110704-20110711,499.995055366,30.98,32.62,measured,1.8,observed,-2.0,52.6,31.61
TAP_A01,2435,,,726585.11,9666299.27,O,25.8,A,17.47,19.81,20100116-20100213,26.2,A,15.2,20.3,20110704-20110711,499.995055366,20.38,19.81,measured,0.4,observed,-2.0,25.4,19.44
TAP_A01,2436,,,726585.69,9666297.26,O,10.0,A,3.8,10.67,20100116-20100213,10.1,A,8.13,11.92,20110704-20110711,499.995055366,10.7,10.67,measured,0.1,observed,-2.0,9.9,10.52
TAP_A01,2437,,,726585.99,9666297.36,L,10.4,A,,,20100116-20100213,10.3,A,,,20110704-20110711,499.995055366,10.85,13.35,local_fit,0.0,observed,-2.0,10.3,13.35
TAP_A01,2438,,,726588.89,9666297.24,O,15.8,A,7.73,14.92,20100116-20100213,16.0,A,10.73,15.87,20110704-20110711,499.995055366,14.79,14.92,measured,0.2,observed,-2.0,15.6,14.67
TAP_A01,2439,,,726592.39,9666297.21,O,7.5,A,8.7,12.4,20100116-20100213,7.7,A,7.5,13.67,20110704-20110711,499.995055366,8.77,12.4,measured,0.2,observed,-2.0,7.3,11.92
TAP_A01,2440,,,726592.5,9666298.51,O,15.0,A,9.1,14.52,20100116-20100213,15.3,A,8.09,12.21,20110704-20110711,499.995055366,14.34,14.52,measured,0.3,observed,-2.0,14.7,14.13
TAP_A01,2441,,,726592.69,9666297.21,O,23.8,A,12.6,14.26,20100116-20100213,23.8,D,12.77,16.85,20110704-20110711,499.995055366,19.2,14.26,measured,0.0,observed,-2.0,23.8,14.26
TAP_A01,2442,,,726595.39,9666297.09,O,5.8,A,3.82,4.16,20100116-20100213,5.8,D,1.23,3.72,20110704-20110711,499.995055366,7.09,4.16,measured,0.0,observed,-2.0,5.8,4.16
TAP_A01,2443,,,726595.39,9666297.19,O,6.7,A,5.72,10.47,20100116-20100213,9.1,A,9.55,13.9,20110704-20110711,499.995055366,9.92,10.47,measured,2.4,observed,-2.0,4.3,5.95
TAP_A01,2444,Vataireopsis speciosa,Fabaceae,726612.2,9666297.86,O,23.6,A,12.73,17.59,20100116-20100213,24.1,A,13.51,22.61,20110704-20110711,499.995055366,19.35,17.59,measured,0.5,observed,-2.0,23.1,17.13
TAP_A01,2445,Inga marginata,Fabaceae,726620.49,9666296.89,O,7.2,A,4.25,9.41,20100116-20100213,7.8,A,9.15,10.02,20110704-20110711,499.995055366,8.85,9.41,measured,0.6,observed,-2.0,6.6,8.3
TAP_A01,2446,,,726627.0,9666297.34,O,17.8,A,8.04,16.53,20100116-20100213,17.9,A,12.24,15.3,20110704-20110711,499.995055366,15.95,16.53,measured,0.1,observed,-2.0,17.7,16.41
TAP_A01,2447,,,726629.29,9666297.12,L,6.3,A,,,20100116-20100213,7.0,A,,,20110704-20110711,499.995055366,8.17,10.19,local_fit,0.7,observed,-2.0,5.6,8.61
TAP_A01,2448,,,726629.79,9666297.02,O,28.0,A,14.18,23.25,20100116-20100213,28.6,A,16.14,22.93,20110704-20110711,499.995055366,21.5,23.25,measured,0.6,observed,-2.0,27.4,22.66
TAP_A01,2449,,,726630.5,9666297.41,O,6.8,A,7.15,10.62,20100116-20100213,6.8,A,9.06,12.18,20110704-20110711,499.995055366,7.99,10.62,measured,0.0,observed,-2.0,6.8,10.62
TAP_A01,2450,Sloanea guianensis,Elaeocarpaceae,726647.7,9666297.48,O,9.1,A,7.02,11.77,20100116-20100213,9.4,A,9.34,12.68,20110704-20110711,499.995055366,10.16,11.77,measured,0.3,observed,-2.0,8.8,11.21
TAP_A01,2451,,,726655.49,9666296.97,O,13.7,A,8.82,12.12,20100116-20100213,19.1,A,8.79,12.89,20110704-20110711,499.995055366,16.65,12.12,measured,5.0,observed,-2.0,9.1,7.22
TAP_A01,2452,Bertholletia excelsa,Lecythidaceae,726665.69,9666296.99,O,20.1,A,10.93,13.62,20100116-20100213,25.0,A,14.64,16.76,20110704-20110711,499.995055366,19.8,13.62,measured,4.9,observed,-2.0,15.2,9.82
TAP_A01,2453,,,726666.4,9666297.54,O,13.0,A,7.8,12.6,20100116-20100213,15.3,A,10.79,13.56,20110704-20110711,499.995055366,14.34,12.6,measured,2.3,observed,-2.0,10.7,9.8
TAP_A01,2454,Ocotea sp.,Lauraceae,726686.89,9666296.68,O,6.8,A,4.94,8.38,20100116-20100213,7.0,A,4.66,8.35,20110704-20110711,499.995055366,8.17,8.38,measured,0.2,observed,-2.0,6.6,8.01
TAP_A01,2455,Eschweilera parviflora,Lecythidaceae,726693.7,9666297.12,O,9.9,A,5.04,13.03,20100116-20100213,9.0,A,7.04,13.19,20110704-20110711,499.995055366,9.84,13.03,measured,0.0,observed,-2.0,9.0,13.03
TAP_A01,2456,,,726695.69,9666296.41,L,9.0,A,,,20100116-20100213,10.9,A,,,20110704-20110711,499.995055366,11.3,12.35,local_fit,1.9,observed,-2.0,7.1,9.02
TAP_A01,2457,,,726696.69,9666296.4,L,8.9,A,,,20100116-20100213,9.1,A,,,20110704-20110711,499.995055366,9.92,12.27,local_fit,0.2,observed,-2.0,8.7,11.87
TAP_A01,2458,Dinizia excelsa,Fabaceae,726696.79,9666296.55,O,31.2,A,18.64,22.68,20100116-20100213,32.4,A,20.23,23.92,20110704-20110711,499.995055366,23.15,22.68,measured,1.2,observed,-2.0,30.0,21.68
TAP_A01,2459,,,726698.09,9666296.39,O,7.7,A,7.17,11.75,20100116-20100213,7.7,A,10.16,12.61,20110704-20110711,499.995055366,8.77,11.75,measured,0.0,observed,-2.0,7.7,11.75
TAP_A01,2460,Protium hebetatum,Burseraceae,726708.21,9666299.11,O,47.1,A,22.33,29.07,20100116-20100213,47.5,A,22.41,28.3,20110704-20110711,499.995055366,28.54,29.07,measured,0.4,observed,-2.0,46.7,28.82
TAP_A01,2461,,,726712.01,9666298.68,O,27.5,A,10.09,21.84,20100116-20100213,28.0,A,17.45,20.52,20110704-20110711,499.995055366,21.23,21.84,measured,0.5,observed,-2.0,27.0,21.36
TAP_A01,2462,,,726723.29,9666296.39,O,8.4,A,2.19,10.06,20100116-20100213,8.5,A,5.29,10.37,20110704-20110711,499.995055366,9.43,10.06,measured,0.1,observed,-2.0,8.3,9.89
TAP_A01,2463,Eschweilera grandifolia,Lecythidaceae,726725.81,9666298.67,O,84.4,A,25.88,40.04,20100116-20100213,87.0,A,23.24,38.14,20110704-20110711,499.995055366,37.16,40.04,measured,2.6,observed,-2.0,81.8,39.15
TAP_A01,2464,,,726740.7,9666297.76,O,22.1,A,7.19,11.38,20100116-20100213,22.2,A,16.63,20.01,20110704-20110711,499.995055366,18.37,11.38,measured,0.1,observed,-2.0,22.0,11.31
TAP_A01,2465,,,726747.99,9666296.0,O,10.2,D,,2.45,20100116-20100213,10.2,D,,2.45,20110704-20110711,499.995055366,10.78,2.45,measured,0.0,observed,-2.0,10.2,2.45
TAP_A01,2466,,,726752.19,9666296.12,O,6.2,A,5.07,5.86,20100116-20100213,6.3,A,3.96,4.44,20110704-20110711,499.995055366,7.54,5.86,measured,0.1,observed,-2.0,6.1,5.72
TAP_A01,2467,,,726754.69,9666296.05,L,12.6,A,,,20100116-20100213,12.4,A,,,20110704-20110711,499.995055366,12.39,14.8,local_fit,0.0,observed,-2.0,12.4,14.8
TAP_A01,2468,,,726764.0,9666297.28,O,20.8,D,,9.16,20100116-20100213,20.8,D,,8.76,20110704-20110711,499.995055366,17.61,9.16,measured,0.0,observed,-2.0,20.8,9.16
TAP_A01,2469,,,726774.09,9666296.2,O,7.4,A,4.14,5.77,20100116-20100213,7.6,A,3.82,6.64,20110704-20110711,499.995055366,8.68,5.77,measured,0.2,observed,-2.0,7.2,5.54
TAP_A01,2470,Bertholletia excelsa,Lecythidaceae,726781.52,9666312.29,O,186.21,A,39.73,60.21,20100116-20100213,169.0,A,41.91,56.26,20110704-20110711,499.995055366,44.39,60.21,measured,0.0,observed,-2.0,169.0,60.21
TAP_A01,2471,,,726785.11,9666298.61,O,70.8,A,29.79,48.49,20100116-20100213,70.9,A,27.2,38.53,20110704-20110711,499.995055366,34.33,48.49,measured,0.1,observed,-2.0,70.7,48.43
TAP_A01,2472,Jacaranda copaia,Bignoniaceae,726786.89,9666295.95,O,6.1,A,4.75,12.6,20100116-20100213,6.1,A,8.54,9.17,20110704-20110711,499.995055366,7.36,12.6,measured,0.0,observed,-2.0,6.1,12.6
TAP_A01,2473,Eschweilera parviflora,Lecythidaceae,726816.99,9666295.97,O,28.0,A,16.83,33.93,20100116-20100213,28.5,A,28.17,33.07,20110704-20110711,499.995055366,21.46,33.93,measured,0.5,observed,-2.0,27.5,33.2
TAP_A01,2474,Virola elongata,Myristicaceae,726817.8,9666297.51,O,73.4,A,26.61,39.77,20100116-20100213,73.9,A,27.85,36.44,20110704-20110711,499.995055366,34.92,39.77,measured,0.5,observed,-2.0,72.9,39.55
TAP_A01,2475,,,726827.59,9666295.43,O,7.0,A,4.92,8.56,20100116-20100213,7.9,A,3.56,8.19,20110704-20110711,499.995055366,8.94,8.56,measured,0.9,observed,-2.0,6.1,7.05
TAP_A01,2476,Tachigali alba,Fabaceae,726827.74,9666302.73,O,78.6,A,25.33,39.2,20100116-20100213,78.6,A,27.34,38.88,20110704-20110711,499.995055366,35.78,39.2,measured,0.0,observed,-2.0,78.6,39.2
TAP_A01,2477,,,726832.69,9666295.64,O,6.4,A,2.09,4.26,20100116-20100213,6.9,A,2.41,4.49,20110704-20110711,499.995055366,8.08,4.26,measured,0.5,observed,-2.0,5.9,3.79
TAP_A01,2478,Inga marginata,Fabaceae,726835.88,9666294.07,O,21.4,A,12.02,19.66,20100116-20100213,24.0,A,13.83,17.93,20110704-20110711,499.995055366,19.3,19.66,measured,2.6,observed,-2.0,18.8,16.79
TAP_A01,2479,,,726830.49,9666295.16,O,5.1,A,1.4,2.83,20100116-20100213,5.2,A,1.31,3.24,20110704-20110711,499.995055366,6.52,2.83,measured,0.1,observed,-2.0,5.0,2.75
TAP_A01,2480,,,726825.57,9666292.85,O,29.5,A,13.14,19.48,20100116-20100213,29.6,A,17.48,22.23,20110704-20110711,499.995055366,21.95,19.48,measured,0.1,observed,-2.0,29.4,19.4
TAP_A01,2481,,,726823.48,9666294.57,O,10.6,A,7.0,8.2,20100116-20100213,11.2,A,2.58,9.29,20110704-20110711,499.995055366,11.53,8.2,measured,0.6,observed,-2.0,10.0,7.55
TAP_A01,2482,,,726816.98,9666294.57,O,7.2,A,3.82,8.46,20100116-20100213,8.0,A,4.31,10.06,20110704-20110711,499.995055366,9.02,8.46,measured,0.8,observed,-2.0,6.4,7.17
TAP_A01,2483,Inga nobilis,Fabaceae,726798.38,9666294.71,O,51.9,A,19.22,38.58,20100116-20100213,53.8,A,32.97,44.67,20110704-20110711,499.995055366,30.35,38.58,measured,1.9,observed,-2.0,50.0,37.22
TAP_A01,2484,,,726796.48,9666295.23,O,5.4,A,4.35,10.9,20100116-20100213,5.4,A,7.91,11.71,20110704-20110711,499.995055366,6.71,10.9,measured,0.0,observed,-2.0,5.4,10.9
TAP_A01,2485,Eschweilera grandifolia,Lecythidaceae,726791.85,9666291.26,O,56.4,A,27.5,40.48,20100116-20100213,58.4,A,23.57,34.28,20110704-20110711,499.995055366,31.54,40.48,measured,2.0,observed,-2.0,54.4,39.16
TAP_A01,2486,,,726788.57,9666293.39,O,33.2,A,11.83,21.03,20100116-20100213,34.0,A,14.75,23.25,20110704-20110711,499.995055366,23.81,21.03,measured,0.8,observed,-2.0,32.4,20.45
TAP_A01,2487,,,726788.58,9666294.99,O,11.5,A,11.79,17.12,20100116-20100213,11.7,A,7.44,15.27,20110704-20110711,499.995055366,11.89,17.12,measured,0.2,observed,-2.0,11.3,16.7
TAP_A01,2488,,,726787.98,9666295.09,O,5.4,A,2.48,8.24,20100116-20100213,5.4,D,,8.24,20110704-20110711,499.995055366,6.71,8.24,measured,0.0,observed,-2.0,5.4,8.24
TAP_A01,2489,,,726782.29,9666295.49,O,7.3,A,2.14,9.21,20100116-20100213,7.3,D,1.48,9.21,20110704-20110711,499.995055366,8.43,9.21,measured,0.0,observed,-2.0,7.3,9.21
TAP_A01,2490,,,726768.37,9666293.94,O,29.2,A,13.14,18.95,20100116-20100213,29.0,A,14.54,17.57,20110704-20110711,499.995055366,21.68,18.95,measured,0.0,observed,-2.0,29.0,18.95
TAP_A01,2491,,,726759.78,9666294.91,O,32.4,D,,7.53,20100116-20100213,32.4,D,,3.15,20110704-20110711,499.995055366,23.15,7.53,measured,0.0,observed,-2.0,32.4,7.53
TAP_A01,2492,,,726756.96,9666292.33,O,51.9,D,,4.71,20100116-20100213,51.9,D,,3.49,20110704-20110711,499.995055366,29.82,4.71,measured,0.0,observed,-2.0,51.9,4.71
TAP_A01,2493,,,726754.99,9666295.5,O,5.1,A,1.83,4.04,20100116-20100213,7.0,A,1.58,5.15,20110704-20110711,499.995055366,8.17,4.04,measured,1.9,observed,-2.0,3.2,2.22
TAP_A01,2494,,,726737.87,9666294.13,O,22.1,A,7.02,16.08,20100116-20100213,27.0,A,15.99,20.87,20110704-20110711,499.995055366,20.76,16.08,measured,4.9,observed,-2.0,17.2,12.03
TAP_A01,2495,,,726737.18,9666295.19,O,12.5,A,10.03,10.65,20100116-20100213,13.3,A,4.9,9.48,20110704-20110711,499.995055366,13.02,10.65,measured,0.8,observed,-2.0,11.7,9.73
TAP_A01,2496,,,726733.08,9666295.42,O,7.5,A,6.73,10.85,20100116-20100213,8.0,A,6.74,13.19,20110704-20110711,499.995055366,9.02,10.85,measured,0.5,observed,-2.0,7.0,9.83
TAP_A01,2497,Manilkara huberi,Sapotaceae,726732.85,9666291.22,O,76.6,A,37.64,53.62,20100116-20100213,79.3,A,36.48,47.49,20110704-20110711,499.995055366,35.9,53.62,measured,2.7,observed,-2.0,73.9,52.16
TAP_A01,2498,,,726727.28,9666295.46,L,5.5,A,,,20100116-20100213,6.3,A,,,20110704-20110711,499.995055366,7.54,9.47,local_fit,0.8,observed,-2.0,4.7,7.59
TAP_A01,2499,Inga marginata,Fabaceae,726713.28,9666295.43,O,7.0,A,6.81,16.14,20100116-20100213,8.5,A,8.27,13.43,20110704-20110711,499.995055366,9.43,16.14,measured,1.5,observed,-2.0,5.5,11.66
TAP_A01,2500,,,726709.89,9666295.95,O,7.7,A,7.19,13.52,20100116-20100213,7.8,A,6.86,12.99,20110704-20110711,499.995055366,8.85,13.52,measured,0.1,observed,-2.0,7.6,13.26
TAP_A01,2501,,,726706.06,9666292.93,O,32.4,A,22.57,26.54,20100116-20100213,33.1,A,24.77,27.36,20110704-20110711,499.995055366,23.44,26.54,measured,0.7,observed,-2.0,31.7,25.88
TAP_A01,2502,,,726681.58,9666295.22,O,27.7,A,15.4,22.11,20100116-20100213,28.9,A,23.78,26.96,20110704-20110711,499.995055366,21.64,22.11,measured,1.2,observed,-2.0,26.5,20.98
TAP_A01,2503,,,726671.89,9666296.19,O,7.8,A,2.89,5.21,20100116-20100213,8.0,A,5.12,5.63,20110704-20110711,499.995055366,9.02,5.21,measured,0.2,observed,-2.0,7.6,5.01
TAP_A01,2504,,,726670.69,9666295.8,O,6.9,A,7.94,9.97,20100116-20100213,7.2,A,0.69,15.76,20110704-20110711,499.995055366,8.34,9.97,measured,0.3,observed,-2.0,6.6,9.34
TAP_A01,2505,,,726656.98,9666295.51,O,48.7,D,,8.52,20100116-20100213,48.7,D,,8.71,20110704-20110711,499.995055366,28.9,8.52,measured,0.0,observed,-2.0,48.7,8.52
TAP_A01,2506,,,726647.09,9666296.04,O,10.7,A,13.5,16.9,20100116-20100213,10.7,D,1.12,10.33,20110704-20110711,499.995055366,11.15,16.9,measured,0.0,observed,-2.0,10.7,16.9
TAP_A01,2507,,,726638.49,9666296.25,O,6.7,A,3.26,8.84,20100116-20100213,6.7,A,5.45,8.21,20110704-20110711,499.995055366,7.9,8.84,measured,0.0,observed,-2.0,6.7,8.84
TAP_A01,2508,Ocotea sp.,Lauraceae,726635.27,9666294.18,O,59.6,A,9.66,11.69,20100116-20100213,60.1,A,14.45,23.89,20110704-20110711,499.995055366,31.96,11.69,measured,0.5,observed,-2.0,59.1,11.6
TAP_A01,2509,Tachigali myrmecophila,Fabaceae,726633.79,9666296.19,O,24.3,A,23.87,32.95,20100116-20100213,25.9,A,30.49,39.99,20110704-20110711,499.995055366,20.24,32.95,measured,1.6,observed,-2.0,22.7,30.33
TAP_A01,2510,,,726629.99,9666296.27,O,7.3,A,7.99,12.54,20100116-20100213,7.4,A,7.17,8.36,20110704-20110711,499.995055366,8.51,12.54,measured,0.1,observed,-2.0,7.2,12.29
TAP_A01,2511,Manilkara huberi,Sapotaceae,726628.99,9666296.03,O,56.6,A,20.91,41.31,20100116-20100213,58.2,A,26.68,35.99,20110704-20110711,499.995055366,31.49,41.31,measured,1.6,observed,-2.0,55.0,40.23
TAP_A01,2512,,,726622.68,9666295.42,O,24.0,A,18.08,20.6,20100116-20100213,26.1,A,16.52,24.0,20110704-20110711,499.995055366,20.34,20.6,measured,2.1,observed,-2.0,21.9,18.44
TAP_A01,2513,Inga marginata,Fabaceae,726613.88,9666295.74,O,12.2,A,14.2,16.7,20100116-20100213,14.1,A,12.02,17.34,20110704-20110711,499.995055366,13.56,16.7,measured,1.9,observed,-2.0,10.3,13.36
TAP_A01,2514,,,726612.79,9666296.4,O,6.1,A,4.87,7.93,20100116-20100213,6.3,A,4.2,6.8,20110704-20110711,499.995055366,7.54,7.93,measured,0.2,observed,-2.0,5.9,7.55
TAP_A01,2515,Sloanea guianensis,Elaeocarpaceae,726607.19,9666296.14,O,8.6,A,8.56,11.62,20100116-20100213,10.9,A,7.12,13.13,20110704-20110711,499.995055366,11.3,11.62,measured,2.3,observed,-2.0,6.3,7.75
TAP_A01,2516,,,726602.49,9666296.28,O,15.4,D,,4.69,20100116-20100213,15.4,D,,1.74,20110704-20110711,499.995055366,14.41,4.69,measured,0.0,observed,-2.0,15.4,4.69
TAP_A01,2517,,,726601.59,9666296.24,O,20.3,D,,6.38,20100116-20100213,20.3,D,,,20110704-20110711,499.995055366,17.33,6.38,measured,0.0,observed,-2.0,20.3,6.38
TAP_A01,2518,,,726596.99,9666296.42,O,14.5,A,11.66,14.93,20100116-20100213,15.5,A,11.59,17.63,20110704-20110711,499.995055366,14.47,14.93,measured,1.0,observed,-2.0,13.5,13.57
TAP_A01,2519,,,726581.37,9666294.3,O,34.0,A,34.16,44.41,20100116-20100213,35.1,A,22.61,33.83,20110704-20110711,499.995055366,24.25,44.41,measured,1.1,observed,-2.0,32.9,42.78
TAP_A01,2520,Protium hepytaphillum ,Burseraceae,726579.78,9666295.31,O,25.1,A,26.15,33.11,20100116-20100213,25.8,A,23.37,31.73,20110704-20110711,499.995055366,20.19,33.11,measured,0.7,observed,-2.0,24.4,31.98
TAP_A01,2521,Goupia glabra,Goupiaceae,726572.78,9666296.06,O,42.9,A,25.25,32.97,20100116-20100213,44.4,A,28.39,37.22,20110704-20110711,499.995055366,27.56,32.97,measured,1.5,observed,-2.0,41.4,31.77
TAP_A01,2522,Duguetia stelechantha,Annonaceae,726568.79,9666297.04,O,6.3,A,4.96,10.3,20100116-20100213,6.3,A,4.66,9.9,20110704-20110711,499.995055366,7.54,10.3,measured,0.0,observed,-2.0,6.3,10.3
TAP_A01,2523,,,726537.18,9666295.24,O,23.1,A,18.97,25.43,20100116-20100213,23.3,A,15.53,27.62,20110704-20110711,499.995055366,18.94,25.43,measured,0.2,observed,-2.0,22.9,25.15
TAP_A01,2524,,,726534.79,9666297.11,O,10.3,A,7.39,13.24,20100116-20100213,10.3,A,6.56,14.83,20110704-20110711,499.995055366,10.85,13.24,measured,0.0,observed,-2.0,10.3,13.24
TAP_A01,2525,,,726534.48,9666296.11,O,15.2,A,14.34,20.44,20100116-20100213,15.6,A,12.13,19.06,20110704-20110711,499.995055366,14.54,20.44,measured,0.4,observed,-2.0,14.8,19.71
TAP_A01,2526,Ecclinusa ramiflora,Sapotaceae,726527.49,9666297.01,O,65.5,A,27.13,34.23,20100116-20100213,66.0,A,20.6,37.7,20110704-20110711,499.995055366,33.31,34.23,measured,0.5,observed,-2.0,65.0,34.0
TAP_A01,2527,,,726523.59,9666297.24,O,7.4,A,4.92,9.13,20100116-20100213,7.6,A,4.69,8.29,20110704-20110711,499.995055366,8.68,9.13,measured,0.2,observed,-2.0,7.2,8.77
TAP_A01,2528,Eschweilera coriacea,Lecythidaceae,726517.99,9666297.12,O,5.4,A,1.91,8.05,20100116-20100213,5.5,A,3.64,10.09,20110704-20110711,499.995055366,6.81,8.05,measured,0.1,observed,-2.0,5.3,7.83
TAP_A01,2529,Astrocaryum aculeatum ,Arecaceae,726503.89,9666297.55,P,20.5,A,2.38,10.34,20100116-20100213,26.4,A,,10.34,20110704-20110711,499.995055366,20.48,10.34,measured,5.0,observed,-2.0,16.4,7.59
TAP_A01,2530,,,726501.29,9666297.22,O,6.3,A,3.62,6.66,20100116-20100213,6.4,A,4.82,6.77,20110704-20110711,499.995055366,7.64,6.66,measured,0.1,observed,-2.0,6.2,6.49
TAP_A01,2531,Inga marginata,Fabaceae,726495.99,9666297.03,O,8.5,A,6.94,10.96,20100116-20100213,10.3,A,9.78,14.35,20110704-20110711,499.995055366,10.85,10.96,measured,1.8,observed,-2.0,6.7,7.98
TAP_A01,2532,,,726490.69,9666297.35,O,11.4,D,,7.05,20100116-20100213,11.4,D,,7.05,20110704-20110711,499.995055366,11.67,7.05,measured,0.0,observed,-2.0,11.4,7.05
TAP_A01,2533,,,726487.99,9666297.32,O,11.0,A,5.08,9.75,20100116-20100213,12.4,A,7.21,11.13,20110704-20110711,499.995055366,12.39,9.75,measured,1.4,observed,-2.0,9.6,8.11
TAP_A01,2534,,,726482.99,9666297.06,O,11.5,A,9.48,10.98,20100116-20100213,11.5,A,7.9,10.45,20110704-20110711,499.995055366,11.75,10.98,measured,0.0,observed,-2.0,11.5,10.98
TAP_A01,2535,,,726475.19,9666297.77,O,5.8,A,1.83,6.84,20100116-20100213,6.0,A,4.86,7.28,20110704-20110711,499.995055366,7.27,6.84,measured,0.2,observed,-2.0,5.6,6.49
TAP_A01,2536,,,726472.69,9666296.69,O,16.2,A,10.31,15.31,20100116-20100213,16.2,A,10.23,14.79,20110704-20110711,499.995055366,14.91,15.31,measured,0.0,observed,-2.0,16.2,15.31
TAP_A01,2537,,,726470.09,9666297.71,O,9.4,A,6.15,8.94,20100116-20100213,9.5,A,4.82,8.54,20110704-20110711,499.995055366,10.23,8.94,measured,0.1,observed,-2.0,9.3,8.81
TAP_A01,2538,,,726454.89,9666296.98,O,18.9,A,15.65,19.05,20100116-20100213,20.4,A,13.21,19.94,20110704-20110711,499.995055366,17.39,19.05,measured,1.5,observed,-2.0,17.4,17.14
TAP_A01,2539,Schefflera morototonii,Araliaceae,726454.09,9666297.73,O,9.2,A,12.88,15.01,20100116-20100213,9.3,A,11.77,13.4,20110704-20110711,499.995055366,10.08,15.01,measured,0.1,observed,-2.0,9.1,14.77
TAP_A01,2540,,,726452.33,9666288.95,O,95.3,A,34.35,46.19,20100116-20100213,96.5,A,34.09,44.3,20110704-20110711,499.995055366,38.51,46.19,measured,1.2,observed,-2.0,94.1,45.81
TAP_A01,2541,,,726440.29,9666297.39,O,26.8,A,18.0,21.85,20100116-20100213,27.2,A,11.63,21.42,20110704-20110711,499.995055366,20.86,21.85,measured,0.4,observed,-2.0,26.4,21.45
TAP_A01,2542,Virola elongata,Myristicaceae,726438.19,9666296.71,O,77.5,A,38.23,46.44,20100116-20100213,78.3,A,24.08,40.42,20110704-20110711,499.995055366,35.73,46.44,measured,0.8,observed,-2.0,76.7,46.06
TAP_A01,2543,,,726432.7,9666298.05,O,12.4,D,,5.98,20100116-20100213,12.4,D,,6.18,20110704-20110711,499.995055366,12.39,5.98,measured,0.0,observed,-2.0,12.4,5.98
TAP_A01,2544,Manilkara huberi,Sapotaceae,726427.95,9666291.89,O,70.0,A,27.62,45.33,20100116-20100213,71.1,A,33.86,54.4,20110704-20110711,499.995055366,34.37,45.33,measured,1.1,observed,-2.0,68.9,44.75
TAP_A01,2545,,,726418.69,9666297.56,L,11.7,A,,,20100116-20100213,13.1,A,,,20110704-20110711,499.995055366,12.88,14.22,local_fit,1.4,observed,-2.0,10.3,11.98
TAP_A01,2546,,,726418.39,9666297.26,O,24.0,A,17.13,23.11,20100116-20100213,26.4,A,15.29,25.97,20110704-20110711,499.995055366,20.48,23.11,measured,2.4,observed,-2.0,21.6,20.37
TAP_A01,2547,,,726416.39,9666297.93,O,48.2,A,25.56,32.17,20100116-20100213,49.0,A,21.65,42.69,20110704-20110711,499.995055366,28.99,32.17,measured,0.8,observed,-2.0,47.4,31.64
TAP_A01,2548,,,726415.19,9666297.49,O,20.6,D,,5.85,20100116-20100213,20.6,D,,5.13,20110704-20110711,499.995055366,17.5,5.85,measured,0.0,observed,-2.0,20.6,5.85
TAP_A01,2549,,,726406.99,9666297.95,O,14.6,A,15.05,20.7,20100116-20100213,14.3,A,25.07,30.49,20110704-20110711,499.995055366,13.69,20.7,measured,0.0,observed,-2.0,14.3,20.7
TAP_A01,2550,,,726403.76,9666293.27,O,77.1,A,30.68,45.56,20100116-20100213,78.0,A,29.8,44.98,20110704-20110711,499.995055366,35.67,45.56,measured,0.9,observed,-2.0,76.2,45.15
TAP_A01,2551,,,726386.0,9666298.51,O,6.1,A,7.49,10.06,20100116-20100213,6.4,A,1.57,15.3,20110704-20110711,499.995055366,7.64,10.06,measured,0.3,observed,-2.0,5.8,9.34
TAP_A01,2552,,,726385.29,9666297.42,O,17.8,A,7.71,17.78,20100116-20100213,18.4,A,9.27,15.44,20110704-20110711,499.995055366,16.25,17.78,measured,0.6,observed,-2.0,17.2,16.99
TAP_A01,2553,Minquartia guianensis,Olacaceae,726371.28,9666296.73,O,26.4,A,10.04,13.15,20100116-20100213,26.9,A,6.67,13.17,20110704-20110711,499.995055366,20.72,13.15,measured,0.5,observed,-2.0,25.9,12.85
TAP_A01,2554,Couratari stellata,Lecythidaceae,726370.39,9666297.63,O,35.0,A,23.27,30.22,20100116-20100213,36.5,A,19.96,29.18,20110704-20110711,499.995055366,24.79,30.22,measured,1.5,observed,-2.0,33.5,28.78
TAP_A01,2555,Inga marginata,Fabaceae,726364.49,9666298.18,O,18.2,A,20.33,25.48,20100116-20100213,19.1,A,16.31,23.48,20110704-20110711,499.995055366,16.65,25.48,measured,0.9,observed,-2.0,17.3,23.86
TAP_A01,2556,,,726359.4,9666298.72,O,18.1,A,7.31,15.86,20100116-20100213,18.1,A,10.01,17.7,20110704-20110711,499.995055366,16.07,15.86,measured,0.0,observed,-2.0,18.1,15.86
TAP_A01,2557,,,726349.9,9666298.54,O,21.0,A,16.97,21.04,20100116-20100213,21.3,A,14.01,21.44,20110704-20110711,499.995055366,17.88,21.04,measured,0.3,observed,-2.0,20.7,20.66
TAP_A01,2558,,,726346.79,9666298.12,O,20.6,A,15.3,23.1,20100116-20100213,20.4,A,14.53,23.98,20110704-20110711,499.995055366,17.39,23.1,measured,0.0,observed,-2.0,20.4,23.1
TAP_A01,2559,,,726346.13,9666298.42,O,8.6,A,10.29,15.04,20100116-20100213,9.3,A,14.08,18.82,20110704-20110711,499.995055366,10.08,15.04,measured,0.7,observed,-2.0,7.9,13.34
TAP_A01,2560,Inga marginata,Fabaceae,726344.18,9666298.55,O,5.2,A,5.19,10.45,20100116-20100213,5.7,A,7.13,10.95,20110704-20110711,499.995055366,6.99,10.45,measured,0.5,observed,-2.0,4.7,9.03
TAP_A01,2561,,,726480.4,9666298.03,O,,A,,,20100116-20100213,5.1,A,,,20110704-20110711,499.995055366,6.43,6.43,feldpausch_regional,0.2,site_median,-2.0,4.7,6.04
TAP_A01,2562,,,726503.79,9666297.7,P,,A,,,20100116-20100213,26.4,A,,15.0,20110704-20110711,499.995055366,20.48,15.0,measured,0.2,site_median,-2.0,26.0,14.86
TAP_A01,2601,,,726631.48,9666096.45,O,134.6,A,33.65,46.11,20100116-20100213,135.3,A,30.96,44.86,20110704-20110711,499.997652494,42.39,46.11,measured,0.7,observed,-2.0,133.9,46.0
TAP_A01,2602,,,726648.87,9666094.25,O,7.7,A,6.12,13.12,20100116-20100213,7.9,A,8.63,13.2,20110704-20110711,499.997652494,8.94,13.12,measured,0.2,observed,-2.0,7.5,12.62
TAP_A01,2603,,,726650.77,9666094.32,L,7.6,A,,,20100116-20100213,7.7,A,,,20110704-20110711,499.997652494,8.77,11.27,local_fit,0.1,observed,-2.0,7.5,11.05
TAP_A01,2604,Virola elongata,Myristicaceae,726657.11,9666098.94,O,54.5,A,21.74,35.34,20100116-20100213,54.6,A,21.83,29.52,20110704-20110711,499.997652494,30.56,35.34,measured,0.1,observed,-2.0,54.4,35.28
TAP_A01,2605,,,726673.86,9666094.96,O,8.3,A,13.02,16.3,20100116-20100213,8.5,A,11.19,15.93,20110704-20110711,499.997652494,9.43,16.3,measured,0.2,observed,-2.0,8.1,15.73
TAP_A01,2606,,,726688.22,9666095.01,O,18.7,A,13.06,17.26,20100116-20100213,19.2,A,11.65,17.12,20110704-20110711,499.997652494,16.71,17.26,measured,0.5,observed,-2.0,18.2,16.66
TAP_A01,2607,,,726692.36,9666095.35,O,5.6,A,9.01,14.27,20100116-20100213,5.6,A,11.86,14.85,20110704-20110711,499.997652494,6.9,14.27,measured,0.0,observed,-2.0,5.6,14.27
TAP_A01,2608,Protium hepytaphillum ,Burseraceae,726700.04,9666095.82,O,29.8,A,15.7,21.7,20100116-20100213,30.7,A,11.13,25.63,20110704-20110711,499.997652494,22.43,21.7,measured,0.9,observed,-2.0,28.9,20.94
TAP_A01,2609,,,726699.98,9666097.72,O,30.3,A,24.26,30.49,20100116-20100213,31.0,A,19.27,26.68,20110704-20110711,499.997652494,22.56,30.49,measured,0.7,observed,-2.0,29.6,29.67
TAP_A01,2610,Inga marginata,Fabaceae,726703.54,9666098.84,O,45.8,A,17.23,28.11,20100116-20100213,46.0,A,18.2,25.66,20110704-20110711,499.997652494,28.07,28.11,measured,0.2,observed,-2.0,45.6,27.99
TAP_A01,2611,,,726706.18,9666096.28,O,9.2,A,3.69,20.62,20100116-20100213,9.2,A,3.68,12.27,20110704-20110711,499.997652494,10.0,20.62,measured,0.0,observed,-2.0,9.2,20.62
TAP_A01,2612,,,726708.94,9666096.08,O,14.6,A,10.77,16.68,20100116-20100213,15.4,A,8.55,12.4,20110704-20110711,499.997652494,14.41,16.68,measured,0.8,observed,-2.0,13.8,15.46
TAP_A01,2613,,,726712.74,9666096.06,O,5.7,A,2.54,7.59,20100116-20100213,6.0,A,3.05,11.89,20110704-20110711,499.997652494,7.27,7.59,measured,0.3,observed,-2.0,5.4,7.01
TAP_A01,2614,,,726718.53,9666096.46,O,6.9,A,4.96,7.99,20100116-20100213,7.7,A,7.44,11.09,20110704-20110711,499.997652494,8.77,7.99,measured,0.8,observed,-2.0,6.1,6.71
TAP_A01,2615,,,726725.89,9666097.91,O,27.9,A,9.9,14.37,20100116-20100213,27.9,D,1.11,6.78,20110704-20110711,499.997652494,21.18,14.37,measured,0.0,observed,-2.0,27.9,14.37
TAP_A01,2616,Astrocaryum gynacanthum,Arecaceae,726730.13,9666096.86,P,5.3,A,2.31,3.91,20100116-20100213,5.3,D,1.39,2.21,20110704-20110711,499.997652494,6.62,3.91,measured,0.0,observed,-2.0,5.3,3.91
TAP_A01,2617,,,726739.48,9666098.48,O,54.1,D,,2.24,20100116-20100213,54.1,D,,2.24,20110704-20110711,499.997652494,30.43,2.24,measured,0.0,observed,-2.0,54.1,2.24
TAP_A01,2618,Aniba parviflora,Lauraceae,726745.47,9666098.79,O,69.4,A,31.61,39.61,20100116-20100213,72.2,A,33.11,41.3,20110704-20110711,499.997652494,34.59,39.61,measured,2.8,observed,-2.0,66.6,38.29
TAP_A01,2619,,,726754.2,9666098.15,O,11.0,A,8.68,14.69,20100116-20100213,12.0,A,14.42,18.88,20110704-20110711,499.997652494,12.11,14.69,measured,1.0,observed,-2.0,10.0,12.88
TAP_A01,2620,,,726764.49,9666098.54,O,38.7,A,16.61,22.18,20100116-20100213,38.8,A,19.97,33.51,20110704-20110711,499.997652494,25.64,22.18,measured,0.1,observed,-2.0,38.6,22.12
TAP_A01,2621,,,726766.4,9666098.21,O,6.1,A,3.38,7.58,20100116-20100213,6.1,A,3.52,6.93,20110704-20110711,499.997652494,7.36,7.58,measured,0.0,observed,-2.0,6.1,7.58
TAP_A01,2622,,,726766.6,9666098.22,O,29.0,A,16.94,23.36,20100116-20100213,29.4,A,12.53,23.94,20110704-20110711,499.997652494,21.86,23.36,measured,0.4,observed,-2.0,28.6,22.98
TAP_A01,2623,,,726782.4,9666098.56,O,16.8,A,18.41,22.39,20100116-20100213,16.8,A,15.03,22.22,20110704-20110711,499.997652494,15.29,22.39,measured,0.0,observed,-2.0,16.8,22.39
TAP_A01,2624,Inga marginata,Fabaceae,726799.78,9666099.46,O,9.8,A,12.13,15.87,20100116-20100213,10.3,A,10.07,15.74,20110704-20110711,499.997652494,10.85,15.87,measured,0.5,observed,-2.0,9.3,14.74
TAP_A01,2625,,,726801.79,9666099.23,O,7.6,A,13.79,21.3,20100116-20100213,7.8,A,8.89,14.26,20110704-20110711,499.997652494,8.85,21.3,measured,0.2,observed,-2.0,7.4,20.48
TAP_A01,2626,Cecropia distachya,Urticaceae,726803.17,9666099.73,O,10.7,A,10.06,15.25,20100116-20100213,11.6,A,7.99,13.71,20110704-20110711,499.997652494,11.82,15.25,measured,0.9,observed,-2.0,9.8,13.51
TAP_A01,2627,,,726817.97,9666100.09,O,8.0,A,3.45,4.33,20100116-20100213,8.0,A,2.74,4.16,20110704-20110711,499.997652494,9.02,4.33,measured,0.0,observed,-2.0,8.0,4.33
TAP_A01,2628,,,726815.47,9666099.9,O,9.6,A,7.82,12.13,20100116-20100213,9.6,A,7.14,13.4,20110704-20110711,499.997652494,10.31,12.13,measured,0.0,observed,-2.0,9.6,12.13
TAP_A01,2629,Cecropia distachya,Urticaceae,726817.45,9666100.67,O,22.2,A,18.05,26.75,20100116-20100213,24.3,A,18.85,25.13,20110704-20110711,499.997652494,19.45,26.75,measured,2.1,observed,-2.0,20.1,23.68
TAP_A01,2630,,,726821.08,9666099.85,O,8.7,A,1.95,4.9,20100116-20100213,8.7,D,1.88,2.86,20110704-20110711,499.997652494,9.6,4.9,measured,0.0,observed,-2.0,8.7,4.9
TAP_A01,2631,,,726827.68,9666099.98,O,14.0,A,12.06,25.65,20100116-20100213,14.3,A,8.91,16.11,20110704-20110711,499.997652494,13.69,25.65,measured,0.3,observed,-2.0,13.7,24.9
TAP_A01,2632,,,726828.02,9666101.59,O,25.9,A,25.31,30.91,20100116-20100213,26.4,A,27.74,34.8,20110704-20110711,499.997652494,20.48,30.91,measured,0.5,observed,-2.0,25.4,30.19
TAP_A01,2633,,,726834.06,9666100.65,O,8.4,A,7.43,12.13,20100116-20100213,8.4,A,6.4,13.89,20110704-20110711,499.997652494,9.35,12.13,measured,0.0,observed,-2.0,8.4,12.13
TAP_A01,2634,Protium hepytaphillum ,Burseraceae,726834.66,9666100.47,O,24.8,A,16.72,24.35,20100116-20100213,25.3,A,13.08,24.78,20110704-20110711,499.997652494,19.95,24.35,measured,0.5,observed,-2.0,24.3,23.74
TAP_A01,2635,,,726841.14,9666101.29,O,23.5,A,27.18,32.11,20100116-20100213,23.8,A,18.22,25.92,20110704-20110711,499.997652494,19.2,32.11,measured,0.3,observed,-2.0,23.2,31.59
TAP_A01,2636,,,726859.34,9666101.67,O,48.4,A,31.21,44.12,20100116-20100213,49.8,A,21.16,38.92,20110704-20110711,499.997652494,29.22,44.12,measured,1.4,observed,-2.0,47.0,42.85
TAP_A01,2637,,,726859.9,9666102.84,O,53.1,A,20.28,27.08,20100116-20100213,54.3,A,13.61,24.09,20110704-20110711,499.997652494,30.48,27.08,measured,1.2,observed,-2.0,51.9,26.49
TAP_A01,2638,,,726860.66,9666101.11,O,10.8,A,13.02,18.91,20100116-20100213,10.4,A,11.01,12.97,20110704-20110711,499.997652494,10.93,18.91,measured,0.0,observed,-2.0,10.4,18.91
TAP_A01,2639,,,726862.74,9666104.44,O,87.3,D,,10.32,20100116-20100213,87.3,D,,10.7,20110704-20110711,499.997652494,37.21,10.32,measured,0.0,observed,-2.0,87.3,10.32
TAP_A01,2640,,,726866.24,9666101.76,O,8.9,A,6.11,12.45,20100116-20100213,9.2,A,5.56,13.05,20110704-20110711,499.997652494,10.0,12.45,measured,0.3,observed,-2.0,8.6,11.85
TAP_A01,2641,,,726872.74,9666101.78,O,12.6,D,,2.58,20100116-20100213,12.6,D,,2.58,20110704-20110711,499.997652494,12.53,2.58,measured,0.0,observed,-2.0,12.6,2.58
TAP_A01,2642,Geissospermum sericeum,Apocynaceae,726881.25,9666101.78,O,9.4,A,10.42,15.18,20100116-20100213,0.0,D,,,20110704-20110711,499.997652494,,15.18,measured,0.2,site_median,-2.0,1.0,
TAP_A01,2643,,,726889.54,9666102.01,O,5.0,A,3.74,9.67,20100116-20100213,6.1,A,7.45,10.1,20110704-20110711,499.997652494,7.36,9.67,measured,1.1,observed,-2.0,3.9,6.86
TAP_A01,2644,,,726890.13,9666102.38,O,5.9,A,7.74,14.7,20100116-20100213,6.1,A,7.4,17.48,20110704-20110711,499.997652494,7.36,14.7,measured,0.2,observed,-2.0,5.7,13.96
TAP_A01,2645,,,726891.91,9666102.94,O,24.1,A,16.31,25.59,20100116-20100213,24.6,A,15.98,26.92,20110704-20110711,499.997652494,19.6,25.59,measured,0.5,observed,-2.0,23.6,24.94
TAP_A01,2646,Tachigali alba,Fabaceae,726906.38,9666104.14,O,89.4,A,38.55,46.96,20100116-20100213,89.4,A,41.6,58.72,20110704-20110711,499.997652494,37.52,46.96,measured,0.0,observed,-2.0,89.4,46.96
TAP_A01,2647,,,726907.93,9666102.8,O,24.4,A,22.66,28.63,20100116-20100213,25.1,A,15.03,21.87,20110704-20110711,499.997652494,19.85,28.63,measured,0.7,observed,-2.0,23.7,27.62
TAP_A01,2648,,,726911.54,9666105.52,O,73.9,D,,8.57,20100116-20100213,73.9,D,,7.84,20110704-20110711,499.997652494,34.92,8.57,measured,0.0,observed,-2.0,73.9,8.57
TAP_A01,2649,,,726914.0,9666103.61,O,25.5,D,,2.2,20100116-20100213,25.5,D,,2.2,20110704-20110711,499.997652494,20.05,2.2,measured,0.0,observed,-2.0,25.5,2.2
TAP_A01,2650,,,726915.23,9666102.95,O,10.1,A,12.07,23.13,20100116-20100213,10.5,A,8.73,13.27,20110704-20110711,499.997652494,11.0,23.13,measured,0.4,observed,-2.0,9.7,21.85
TAP_A01,2651,,,726917.8,9666103.84,O,12.3,A,8.17,12.56,20100116-20100213,12.3,A,6.53,12.73,20110704-20110711,499.997652494,12.32,12.56,measured,0.0,observed,-2.0,12.3,12.56
TAP_A01,2652,,,726920.6,9666103.68,O,6.2,A,7.37,11.95,20100116-20100213,6.5,A,7.33,13.08,20110704-20110711,499.997652494,7.72,11.95,measured,0.3,observed,-2.0,5.9,11.11
TAP_A01,2653,,,726926.81,9666103.65,O,9.2,A,3.45,11.48,20100116-20100213,9.3,A,3.26,9.14,20110704-20110711,499.997652494,10.08,11.48,measured,0.1,observed,-2.0,9.1,11.3
TAP_A01,2654,,,726929.85,9666105.35,O,37.3,A,25.87,29.55,20100116-20100213,37.8,A,20.17,34.05,20110704-20110711,499.997652494,25.28,29.55,measured,0.5,observed,-2.0,36.8,29.11
TAP_A01,2655,,,726938.2,9666104.04,O,5.6,A,3.81,7.2,20100116-20100213,5.7,A,8.62,11.92,20110704-20110711,499.997652494,6.99,7.2,measured,0.1,observed,-2.0,5.5,7.01
TAP_A01,2656,,,726941.81,9666103.77,O,5.2,A,5.62,9.39,20100116-20100213,5.1,A,5.88,10.96,20110704-20110711,499.997652494,6.43,9.39,measured,0.0,observed,-2.0,5.1,9.39
TAP_A01,2657,,,726942.4,9666104.29,O,8.1,A,4.39,10.51,20100116-20100213,8.0,A,4.0,6.24,20110704-20110711,499.997652494,9.02,10.51,measured,0.0,observed,-2.0,8.0,10.51
TAP_A01,2658,,,726951.97,9666105.17,O,20.7,A,7.72,11.24,20100116-20100213,20.9,A,7.09,17.43,20110704-20110711,499.997652494,17.67,11.24,measured,0.2,observed,-2.0,20.5,11.1
TAP_A01,2659,,,726953.29,9666104.56,O,8.3,A,3.81,8.97,20100116-20100213,8.5,A,3.62,9.56,20110704-20110711,499.997652494,9.43,8.97,measured,0.2,observed,-2.0,8.1,8.66
TAP_A01,2660,,,726957.0,9666104.39,O,5.2,A,8.94,10.68,20100116-20100213,5.1,A,7.54,11.22,20110704-20110711,499.997652494,6.43,10.68,measured,0.0,observed,-2.0,5.1,10.68
TAP_A01,2661,Aniba parviflora,Lauraceae,726958.19,9666104.83,O,5.8,A,8.18,11.59,20100116-20100213,6.2,A,6.06,13.74,20110704-20110711,499.997652494,7.45,11.59,measured,0.4,observed,-2.0,5.4,10.44
TAP_A01,2662,,,726968.99,9666104.96,O,5.1,A,2.34,8.22,20100116-20100213,5.2,A,3.46,8.11,20110704-20110711,499.997652494,6.52,8.22,measured,0.1,observed,-2.0,5.0,7.98
TAP_A01,2663,,,726988.96,9666106.29,O,46.0,A,24.88,32.38,20100116-20100213,46.9,A,21.76,33.73,20110704-20110711,499.997652494,28.35,32.38,measured,0.9,observed,-2.0,45.1,31.74
TAP_A01,2664,,,726992.27,9666105.81,O,12.0,D,,1.82,20100116-20100213,12.0,D,,1.82,20110704-20110711,499.997652494,12.11,1.82,measured,0.0,observed,-2.0,12.0,1.82
TAP_A01,2665,,,726995.84,9666106.73,O,11.4,A,6.83,16.88,20100116-20100213,11.5,A,3.81,17.13,20110704-20110711,499.997652494,11.75,16.88,measured,0.1,observed,-2.0,11.3,16.66
TAP_A01,2666,,,727003.56,9666106.35,O,10.2,A,10.7,12.9,20100116-20100213,10.3,A,7.66,13.38,20110704-20110711,499.997652494,10.85,12.9,measured,0.1,observed,-2.0,10.1,12.72
TAP_A01,2667,,,727009.04,9666107.09,O,31.2,A,13.47,26.04,20100116-20100213,32.0,A,18.29,22.28,20110704-20110711,499.997652494,22.99,26.04,measured,0.8,observed,-2.0,30.4,25.26
TAP_A01,2668,,,727026.94,9666107.41,O,9.7,A,10.82,17.35,20100116-20100213,9.7,A,9.37,17.97,20110704-20110711,499.997652494,10.39,17.35,measured,0.0,observed,-2.0,9.7,17.35
TAP_A01,2669,,,727030.76,9666106.99,O,8.4,A,4.54,10.99,20100116-20100213,8.5,A,6.98,11.03,20110704-20110711,499.997652494,9.43,10.99,measured,0.1,observed,-2.0,8.3,10.8
TAP_A01,2670,,,727035.34,9666107.45,O,8.2,A,6.41,10.02,20100116-20100213,8.7,A,6.35,9.77,20110704-20110711,499.997652494,9.6,10.02,measured,0.5,observed,-2.0,7.7,9.15
TAP_A01,2671,Carapa guianensis,Meliaceae,727046.91,9666108.5,O,36.7,A,24.01,35.62,20100116-20100213,39.4,A,27.79,39.0,20110704-20110711,499.997652494,25.86,35.62,measured,2.7,observed,-2.0,34.0,32.8
TAP_A01,2672,,,727055.74,9666107.85,O,9.7,A,3.68,12.6,20100116-20100213,10.0,A,19.96,24.51,20110704-20110711,499.997652494,10.62,12.6,measured,0.3,observed,-2.0,9.4,12.05
TAP_A01,2673,,,727057.13,9666108.1,O,19.7,A,16.77,22.77,20100116-20100213,20.4,A,19.54,24.34,20110704-20110711,499.997652494,17.39,22.77,measured,0.7,observed,-2.0,19.0,21.74
TAP_A01,2674,,,727064.53,9666108.3,O,23.2,A,10.08,16.54,20100116-20100213,23.6,A,10.36,18.62,20110704-20110711,499.997652494,19.1,16.54,measured,0.4,observed,-2.0,22.8,16.18
TAP_A01,2675,,,727067.06,9666113.24,O,73.2,D,,13.39,20100116-20100213,73.2,D,,13.05,20110704-20110711,499.997652494,34.79,13.39,measured,0.0,observed,-2.0,73.2,13.39
TAP_A01,2676,,,727068.48,9666109.84,O,59.0,D,,5.98,20100116-20100213,59.0,D,,5.71,20110704-20110711,499.997652494,31.69,5.98,measured,0.0,observed,-2.0,59.0,5.98
TAP_A01,2677,,,727090.17,9666113.54,O,84.4,A,27.79,46.94,20100116-20100213,91.0,A,31.51,47.49,20110704-20110711,499.997652494,37.75,46.94,measured,5.0,observed,-2.0,81.0,45.0
TAP_A01,2678,,,727093.11,9666109.44,O,14.4,A,,10.01,20100116-20100213,14.4,A,8.79,10.08,20110704-20110711,499.997652494,13.76,10.01,measured,0.0,observed,-2.0,14.4,10.01
TAP_A01,2679,,,727097.11,9666109.33,O,19.5,A,11.92,20.93,20100116-20100213,20.2,A,13.03,20.65,20110704-20110711,499.997652494,17.28,20.93,measured,0.7,observed,-2.0,18.8,19.96
TAP_A01,2680,,,727103.63,9666111.96,O,47.4,D,,20.86,20100116-20100213,47.4,D,1.62,19.97,20110704-20110711,499.997652494,28.51,20.86,measured,0.0,observed,-2.0,47.4,20.86
TAP_A01,2681,,,727106.88,9666110.47,O,27.1,A,11.33,20.21,20100116-20100213,27.7,A,11.89,21.78,20110704-20110711,499.997652494,21.09,20.21,measured,0.6,observed,-2.0,26.5,19.67
TAP_A01,2682,,,727122.0,9666110.14,O,11.8,A,5.98,9.58,20100116-20100213,11.8,A,5.21,8.85,20110704-20110711,499.997652494,11.96,9.58,measured,0.0,observed,-2.0,11.8,9.58
TAP_A01,2683,,,727128.78,9666110.82,O,9.5,A,6.31,9.3,20100116-20100213,9.6,A,6.46,10.26,20110704-20110711,499.997652494,10.31,9.3,measured,0.1,observed,-2.0,9.4,9.16
TAP_A01,2684,,,727127.72,9666109.74,O,8.5,A,3.04,6.75,20100116-20100213,8.7,A,4.54,7.15,20110704-20110711,499.997652494,9.6,6.75,measured,0.2,observed,-2.0,8.3,6.52
TAP_A01,2685,,,727125.11,9666109.9,O,8.6,A,0.77,3.83,20100116-20100213,8.6,A,,,20110704-20110711,499.997652494,9.52,3.83,measured,0.0,observed,-2.0,8.6,3.83
TAP_A01,2686,Theobroma glaucum,Malvaceae,727113.72,9666109.4,O,9.0,A,2.33,10.13,20100116-20100213,8.7,A,3.89,8.74,20110704-20110711,499.997652494,9.6,10.13,measured,0.0,observed,-2.0,8.7,10.13
TAP_A01,2687,Ecclinusa ramiflora,Sapotaceae,727112.37,9666108.05,O,55.8,A,35.45,41.73,20100116-20100213,56.6,A,23.75,36.11,20110704-20110711,499.997652494,31.09,41.73,measured,0.8,observed,-2.0,55.0,41.17
TAP_A01,2688,,,727111.67,9666107.93,O,37.7,A,19.73,30.66,20100116-20100213,38.4,A,21.18,28.76,20110704-20110711,499.997652494,25.5,30.66,measured,0.7,observed,-2.0,37.0,30.03
TAP_A01,2689,,,727111.02,9666109.41,O,5.9,A,4.49,9.25,20100116-20100213,6.0,A,4.47,9.57,20110704-20110711,499.997652494,7.27,9.25,measured,0.1,observed,-2.0,5.8,9.02
TAP_A01,2690,,,727102.37,9666107.91,O,17.5,D,,2.4,20100116-20100213,17.5,D,,2.4,20110704-20110711,499.997652494,15.71,2.4,measured,0.0,observed,-2.0,17.5,2.4
TAP_A01,2691,,,727093.05,9666108.29,O,53.0,D,,10.03,20100116-20100213,53.0,D,,7.43,20110704-20110711,499.997652494,30.13,10.03,measured,0.0,observed,-2.0,53.0,10.03
TAP_A01,2692,,,727086.93,9666108.68,O,5.3,A,,2.42,20100116-20100213,,D,,2.42,20110704-20110711,499.997652494,,2.42,measured,0.2,site_median,-2.0,,
TAP_A01,2693,,,727073.74,9666108.07,O,7.9,A,2.62,6.21,20100116-20100213,8.1,A,2.34,7.61,20110704-20110711,499.997652494,9.1,6.21,measured,0.2,observed,-2.0,7.7,5.98
TAP_A01,2694,,,727068.35,9666107.94,L,5.3,A,,,20100116-20100213,5.3,A,,,20110704-20110711,499.997652494,6.62,9.28,local_fit,0.0,observed,-2.0,5.3,9.28
TAP_A01,2695,,,727065.06,9666107.37,O,12.2,A,5.56,9.16,20100116-20100213,12.3,A,6.72,9.94,20110704-20110711,499.997652494,12.32,9.16,measured,0.1,observed,-2.0,12.1,9.06
TAP_A01,2696,,,727051.77,9666106.81,O,18.6,A,8.37,16.16,20100116-20100213,19.0,A,14.44,16.87,20110704-20110711,499.997652494,16.6,16.16,measured,0.4,observed,-2.0,18.2,15.7
TAP_A01,2697,,,727039.1,9666102.82,O,58.5,A,16.26,25.81,20100116-20100213,59.8,A,28.56,34.88,20110704-20110711,499.997652494,31.89,25.81,measured,1.3,observed,-2.0,57.2,25.28
TAP_A01,2698,,,727029.09,9666106.08,O,32.5,A,20.31,28.19,20100116-20100213,33.5,A,25.83,29.42,20110704-20110711,499.997652494,23.61,28.19,measured,1.0,observed,-2.0,31.5,27.2
TAP_A01,2699,,,727027.08,9666106.11,O,10.5,A,10.14,15.12,20100116-20100213,10.6,A,9.67,12.97,20110704-20110711,499.997652494,11.08,15.12,measured,0.1,observed,-2.0,10.4,14.92
TAP_A01,2700,,,727019.59,9666105.95,O,7.5,A,9.07,15.26,20100116-20100213,7.7,A,2.81,9.62,20110704-20110711,499.997652494,8.77,15.26,measured,0.2,observed,-2.0,7.3,14.67
TAP_A01,2701,Tachigali myrmecophila,Fabaceae,727016.74,9666104.45,O,48.5,A,27.49,40.56,20100116-20100213,50.6,A,26.28,35.31,20110704-20110711,499.997652494,29.45,40.56,measured,2.1,observed,-2.0,46.4,38.84
TAP_A01,2702,,,727013.88,9666106.0,P,5.2,D,,4.89,20100116-20100213,5.2,D,,5.09,20110704-20110711,499.997652494,6.52,4.89,measured,0.0,observed,-2.0,5.2,4.89
TAP_A01,2703,,,727005.61,9666105.07,O,11.7,A,8.73,14.63,20100116-20100213,11.6,A,10.78,14.25,20110704-20110711,499.997652494,11.82,14.63,measured,0.0,observed,-2.0,11.6,14.63
TAP_A01,2704,,,727002.81,9666105.07,O,63.3,D,,42.71,20100116-20100213,63.3,D,,41.67,20110704-20110711,499.997652494,32.71,42.71,measured,0.0,observed,-2.0,63.3,42.71
TAP_A01,2705,,,726989.4,9666104.91,O,25.8,A,19.37,30.24,20100116-20100213,26.8,A,19.91,24.58,20110704-20110711,499.997652494,20.67,30.24,measured,1.0,observed,-2.0,24.8,28.82
TAP_A01,2706,,,726981.66,9666103.14,O,49.8,A,26.29,32.44,20100116-20100213,52.9,A,26.76,30.75,20110704-20110711,499.997652494,30.1,32.44,measured,3.1,observed,-2.0,46.7,30.49
TAP_A01,2707,,,726971.02,9666103.97,O,11.2,A,6.26,14.48,20100116-20100213,11.3,A,10.36,14.08,20110704-20110711,499.997652494,11.6,14.48,measured,0.1,observed,-2.0,11.1,14.29
TAP_A01,2708,,,726967.31,9666104.2,O,5.6,A,7.35,9.69,20100116-20100213,6.0,A,8.84,12.26,20110704-20110711,499.997652494,7.27,9.69,measured,0.4,observed,-2.0,5.2,8.69
TAP_A01,2709,,,726965.47,9666102.65,O,21.6,A,12.54,18.19,20100116-20100213,21.7,A,16.54,21.6,20110704-20110711,499.997652494,18.1,18.19,measured,0.1,observed,-2.0,21.5,18.08
TAP_A01,2710,Theobroma glaucum,Malvaceae,726955.22,9666103.78,O,16.8,A,4.07,5.27,20100116-20100213,,D,,,20110704-20110711,499.997652494,,5.27,measured,0.2,site_median,-2.0,,
TAP_A01,2711,Protium hepytaphillum ,Burseraceae,726954.94,9666100.47,O,46.1,A,21.74,31.99,20100116-20100213,46.4,A,23.82,30.3,20110704-20110711,499.997652494,28.2,31.99,measured,0.3,observed,-2.0,45.8,31.77
TAP_A01,2712,,,726953.94,9666103.08,O,15.6,A,11.0,15.49,20100116-20100213,15.6,A,11.84,15.66,20110704-20110711,499.997652494,14.54,15.49,measured,0.0,observed,-2.0,15.6,15.49
TAP_A01,2713,,,726942.1,9666101.23,O,58.8,A,21.23,28.52,20100116-20100213,59.9,A,29.14,38.57,20110704-20110711,499.997652494,31.91,28.52,measured,1.1,observed,-2.0,57.7,28.04
TAP_A01,2714,,,726933.48,9666098.88,O,52.4,A,20.94,27.92,20100116-20100213,52.8,A,24.11,41.07,20110704-20110711,499.997652494,30.07,27.92,measured,0.4,observed,-2.0,52.0,27.72
TAP_A01,2715,Astrocaryum gynacanthum,Arecaceae,726931.02,9666103.29,P,5.0,A,4.3,8.5,20100116-20100213,5.0,A,1.99,3.83,20110704-20110711,499.997652494,6.33,8.5,measured,0.0,observed,-2.0,5.0,8.5
TAP_A01,2716,,,726916.85,9666102.4,O,6.0,A,3.88,9.86,20100116-20100213,6.2,A,5.13,9.77,20110704-20110711,499.997652494,7.45,9.86,measured,0.2,observed,-2.0,5.8,9.38
TAP_A01,2717,,,726911.75,9666102.23,O,13.3,A,12.32,15.19,20100116-20100213,13.9,A,10.07,15.3,20110704-20110711,499.997652494,13.42,15.19,measured,0.6,observed,-2.0,12.7,14.26
TAP_A01,2718,,,726906.45,9666102.0,O,12.2,A,8.53,14.35,20100116-20100213,12.6,A,8.8,13.57,20110704-20110711,499.997652494,12.53,14.35,measured,0.4,observed,-2.0,11.8,13.7
TAP_A01,2719,,,726903.0,9666100.53,O,20.5,A,20.98,24.04,20100116-20100213,20.8,A,7.82,10.0,20110704-20110711,499.997652494,17.61,24.04,measured,0.3,observed,-2.0,20.2,23.59
TAP_A01,2720,,,726899.23,9666099.79,O,29.5,A,32.49,37.28,20100116-20100213,30.2,A,27.85,29.29,20110704-20110711,499.997652494,22.22,37.28,measured,0.7,observed,-2.0,28.8,36.22
TAP_A01,2721,,,726895.86,9666101.58,O,12.1,A,7.77,17.22,20100116-20100213,12.3,A,13.49,17.14,20110704-20110711,499.997652494,12.32,17.22,measured,0.2,observed,-2.0,11.9,16.81
TAP_A01,2722,,,726891.44,9666099.33,O,38.7,A,20.0,31.25,20100116-20100213,39.1,A,22.95,28.06,20110704-20110711,499.997652494,25.75,31.25,measured,0.4,observed,-2.0,38.3,30.9
TAP_A01,2723,,,726891.38,9666101.02,O,13.3,A,5.61,15.23,20100116-20100213,13.1,A,8.87,15.07,20110704-20110711,499.997652494,12.88,15.23,measured,0.0,observed,-2.0,13.1,15.23
TAP_A01,2724,,,726911.85,9666102.18,L,9.2,A,,,20100116-20100213,9.2,A,,,20110704-20110711,499.997652494,10.0,12.49,local_fit,0.0,observed,-2.0,9.2,12.49
TAP_A01,2725,,,726882.1,9666100.25,O,30.2,A,21.26,32.67,20100116-20100213,31.1,A,22.69,31.92,20110704-20110711,499.997652494,22.61,32.67,measured,0.9,observed,-2.0,29.3,31.53
TAP_A01,2726,Carapa guianensis,Meliaceae,726881.17,9666101.07,O,61.3,A,29.26,39.49,20100116-20100213,62.3,A,24.27,46.6,20110704-20110711,499.997652494,32.48,39.49,measured,1.0,observed,-2.0,60.3,38.92
TAP_A01,2727,Hevea brasiliensis,Euphorbiaceae,726867.98,9666100.57,O,11.7,A,11.2,16.53,20100116-20100213,12.6,A,12.48,16.91,20110704-20110711,499.997652494,12.53,16.53,measured,0.9,observed,-2.0,10.8,14.81
TAP_A01,2728,Aspidosperma nitidum,Apocynaceae,726853.95,9666095.43,O,178.89,A,37.04,54.59,20100116-20100213,178.9,A,25.06,61.33,20110704-20110711,499.997652494,44.82,54.59,measured,0.01,observed,-2.0,178.88,54.59
TAP_A01,2729,Geissospermum sericeum,Apocynaceae,726854.01,9666093.63,O,72.8,A,11.96,25.73,20100116-20100213,72.5,A,15.42,25.77,20110704-20110711,499.997652494,34.65,25.73,measured,0.0,observed,-2.0,72.5,25.73
TAP_A01,2730,,,726850.28,9666100.21,O,30.9,D,,34.27,20100116-20100213,30.9,D,0.88,16.69,20110704-20110711,499.997652494,22.52,34.27,measured,0.0,observed,-2.0,30.9,34.27
TAP_A01,2731,,,726849.28,9666100.17,O,14.3,A,8.4,14.42,20100116-20100213,14.8,A,10.53,15.26,20110704-20110711,499.997652494,14.02,14.42,measured,0.5,observed,-2.0,13.8,13.74
TAP_A01,2732,Minquartia guianensis,Olacaceae,726844.57,9666097.46,O,42.1,A,8.72,26.72,20100116-20100213,43.8,A,12.27,22.17,20110704-20110711,499.997652494,27.37,26.72,measured,1.7,observed,-2.0,40.4,25.59
TAP_A01,2733,Lecythis lurida,Lecythidaceae,726835.88,9666100.06,O,72.0,A,23.43,42.79,20100116-20100213,73.9,A,23.14,43.53,20110704-20110711,499.997652494,34.92,42.79,measured,1.9,observed,-2.0,70.1,41.87
TAP_A01,2734,,,726835.72,9666098.9,O,25.2,A,22.3,25.49,20100116-20100213,25.4,A,19.01,24.49,20110704-20110711,499.997652494,20.0,25.49,measured,0.2,observed,-2.0,25.0,25.24
TAP_A01,2735,Tachigali myrmecophila,Fabaceae,726829.25,9666097.78,O,44.9,A,32.06,43.37,20100116-20100213,47.4,A,31.36,40.05,20110704-20110711,499.997652494,28.51,43.37,measured,2.5,observed,-2.0,42.4,40.92
TAP_A01,2736,,,726827.4,9666099.42,O,5.3,A,8.92,13.36,20100116-20100213,5.8,A,7.64,12.47,20110704-20110711,499.997652494,7.09,13.36,measured,0.5,observed,-2.0,4.8,11.55
TAP_A01,2737,,,726821.12,9666098.6,O,24.5,A,9.96,15.08,20100116-20100213,24.7,A,10.01,14.93,20110704-20110711,499.997652494,19.65,15.08,measured,0.2,observed,-2.0,24.3,14.93
TAP_A01,2738,,,726810.46,9666097.28,O,38.4,A,17.19,29.84,20100116-20100213,40.3,A,24.77,31.73,20110704-20110711,499.997652494,26.18,29.84,measured,1.9,observed,-2.0,36.5,28.26
TAP_A01,2739,,,726809.64,9666097.7,O,36.3,A,21.43,27.96,20100116-20100213,38.0,A,28.21,34.47,20110704-20110711,499.997652494,25.35,27.96,measured,1.7,observed,-2.0,34.6,26.53
TAP_A01,2740,,,726807.63,9666097.98,O,21.0,A,9.01,16.31,20100116-20100213,21.2,A,10.44,15.0,20110704-20110711,499.997652494,17.83,16.31,measured,0.2,observed,-2.0,20.8,16.11
TAP_A01,2741,Protium hebetatum,Burseraceae,726795.68,9666093.42,O,64.5,A,11.55,22.48,20100116-20100213,64.7,A,17.69,30.31,20110704-20110711,499.997652494,33.03,22.48,measured,0.2,observed,-2.0,64.3,22.42
TAP_A01,2742,,,726792.84,9666097.47,O,12.2,A,8.19,16.32,20100116-20100213,12.4,A,7.81,17.81,20110704-20110711,499.997652494,12.39,16.32,measured,0.2,observed,-2.0,12.0,15.95
TAP_A01,2743,,,726788.32,9666098.12,O,5.5,A,3.88,9.08,20100116-20100213,5.4,A,5.61,9.3,20110704-20110711,499.997652494,6.71,9.08,measured,0.0,observed,-2.0,5.4,9.08
TAP_A01,2744,,,726782.36,9666096.71,O,20.3,A,13.46,22.99,20100116-20100213,20.5,A,14.36,24.96,20110704-20110711,499.997652494,17.45,22.99,measured,0.2,observed,-2.0,20.1,22.69
TAP_A01,2745,,,726780.24,9666097.19,O,11.5,A,8.81,16.99,20100116-20100213,11.5,A,13.78,11.63,20110704-20110711,499.997652494,11.75,16.99,measured,0.0,observed,-2.0,11.5,16.99
TAP_A01,2746,,,726779.03,9666097.5,O,26.0,A,18.65,27.87,20100116-20100213,26.5,A,16.76,27.97,20110704-20110711,499.997652494,20.53,27.87,measured,0.5,observed,-2.0,25.5,27.22
TAP_A01,2747,,,726773.75,9666096.91,O,15.3,A,10.02,18.01,20100116-20100213,15.3,A,10.51,15.98,20110704-20110711,499.997652494,14.34,18.01,measured,0.0,observed,-2.0,15.3,18.01
TAP_A01,2748,,,726757.49,9666095.6,O,17.7,A,5.64,18.13,20100116-20100213,18.0,A,12.18,19.22,20110704-20110711,499.997652494,16.01,18.13,measured,0.3,observed,-2.0,17.4,17.72
TAP_A01,2749,,,726751.45,9666096.59,O,8.1,A,5.32,10.85,20100116-20100213,8.2,A,9.04,11.66,20110704-20110711,499.997652494,9.19,10.85,measured,0.1,observed,-2.0,8.0,10.65
TAP_A01,2750,Protium hepytaphillum ,Burseraceae,726731.64,9666096.36,O,6.7,A,9.43,13.83,20100116-20100213,6.9,A,11.09,13.63,20110704-20110711,499.997652494,8.08,13.83,measured,0.2,observed,-2.0,6.5,13.21
TAP_A01,2751,,,726729.47,9666095.53,O,14.4,A,10.01,16.85,20100116-20100213,16.0,A,11.72,18.82,20110704-20110711,499.997652494,14.79,16.85,measured,1.6,observed,-2.0,12.8,14.43
TAP_A01,2752,,,726726.45,9666096.08,O,17.2,A,9.97,15.98,20100116-20100213,17.2,A,9.87,12.75,20110704-20110711,499.997652494,15.53,15.98,measured,0.0,observed,-2.0,17.2,15.98
TAP_A01,2753,,,726721.37,9666095.4,O,9.9,A,8.06,14.98,20100116-20100213,13.0,A,9.48,17.0,20110704-20110711,499.997652494,12.81,14.98,measured,3.1,observed,-2.0,6.8,9.34
TAP_A01,2754,,,726718.64,9666093.26,O,29.2,A,15.54,28.19,20100116-20100213,29.8,A,17.92,27.66,20110704-20110711,499.997652494,22.04,28.19,measured,0.6,observed,-2.0,28.6,27.5
TAP_A01,2755,,,726715.46,9666095.65,O,6.1,A,4.07,9.17,20100116-20100213,6.7,A,4.69,10.18,20110704-20110711,499.997652494,7.9,9.17,measured,0.6,observed,-2.0,5.5,7.9
TAP_A01,2756,,,726707.39,9666094.72,O,17.2,A,9.91,20.38,20100116-20100213,17.9,A,16.12,20.95,20110704-20110711,499.997652494,15.95,20.38,measured,0.7,observed,-2.0,16.5,19.29
TAP_A01,2757,Manilkara huberi,Sapotaceae,726693.43,9666087.39,O,100.9,A,34.52,52.21,20100116-20100213,101.5,A,35.44,45.61,20110704-20110711,499.997652494,39.15,52.21,measured,0.6,observed,-2.0,100.3,52.01
TAP_A01,2758,Lecythis lurida,Lecythidaceae,726688.08,9666091.7,O,58.0,A,25.33,39.36,20100116-20100213,58.7,A,31.31,37.29,20110704-20110711,499.997652494,31.62,39.36,measured,0.7,observed,-2.0,57.3,38.92
TAP_A01,2759,,,726687.54,9666092.84,O,30.5,A,30.87,36.49,20100116-20100213,30.7,A,28.12,35.53,20110704-20110711,499.997652494,22.43,36.49,measured,0.2,observed,-2.0,30.3,36.21
TAP_A01,2760,,,726678.79,9666094.13,O,16.8,A,13.77,17.9,20100116-20100213,16.6,A,6.42,17.0,20110704-20110711,499.997652494,15.16,17.9,measured,0.0,observed,-2.0,16.6,17.9
TAP_A01,2761,,,726676.48,9666094.25,O,7.9,A,5.02,9.84,20100116-20100213,8.0,A,17.76,26.53,20110704-20110711,499.997652494,9.02,9.84,measured,0.1,observed,-2.0,7.8,9.65
TAP_A01,2762,,,726676.54,9666092.61,O,46.1,A,24.46,29.92,20100116-20100213,46.5,A,7.97,11.39,20110704-20110711,499.997652494,28.23,29.92,measured,0.4,observed,-2.0,45.7,29.66
TAP_A01,2763,,,726668.8,9666093.59,O,21.1,A,19.39,26.05,20100116-20100213,21.6,A,19.07,24.25,20110704-20110711,499.997652494,18.05,26.05,measured,0.5,observed,-2.0,20.6,25.26
TAP_A01,2764,,,726666.18,9666094.1,O,8.2,A,4.44,10.36,20100116-20100213,8.6,A,7.48,9.92,20110704-20110711,499.997652494,9.52,10.36,measured,0.4,observed,-2.0,7.8,9.63
TAP_A01,2765,,,726663.79,9666093.87,O,8.1,A,8.72,15.18,20100116-20100213,8.3,A,13.41,16.28,20110704-20110711,499.997652494,9.27,15.18,measured,0.2,observed,-2.0,7.9,14.64
TAP_A01,2766,,,726662.69,9666093.73,O,10.3,A,12.88,15.11,20100116-20100213,10.3,A,12.59,14.57,20110704-20110711,499.997652494,10.85,15.11,measured,0.0,observed,-2.0,10.3,15.11
TAP_A01,2767,,,726653.9,9666093.3,O,12.4,A,2.79,9.82,20100116-20100213,12.3,A,5.07,8.13,20110704-20110711,499.997652494,12.32,9.82,measured,0.0,observed,-2.0,12.3,9.82
TAP_A01,2768,,,726646.13,9666092.41,O,11.5,A,11.04,18.11,20100116-20100213,11.3,A,11.6,14.64,20110704-20110711,499.997652494,11.6,18.11,measured,0.0,observed,-2.0,11.3,18.11
TAP_A01,2769,Protium hepytaphillum ,Burseraceae,726645.87,9666091.15,O,25.3,A,11.52,24.93,20100116-20100213,25.6,A,18.31,23.78,20110704-20110711,499.997652494,20.09,24.93,measured,0.3,observed,-2.0,25.0,24.57
TAP_A01,2770,,,726641.61,9666092.83,O,8.1,A,1.96,11.61,20100116-20100213,8.3,A,6.01,10.12,20110704-20110711,499.997652494,9.27,11.61,measured,0.2,observed,-2.0,7.9,11.2
TAP_A01,2771,,,726640.91,9666092.98,O,32.5,A,14.94,21.45,20100116-20100213,32.5,A,14.37,21.67,20110704-20110711,499.997652494,23.2,21.45,measured,0.0,observed,-2.0,32.5,21.45
TAP_A01,2772,,,726634.75,9666091.56,O,32.1,A,14.64,24.02,20100116-20100213,33.8,A,15.87,26.62,20110704-20110711,499.997652494,23.73,24.02,measured,1.7,observed,-2.0,30.4,22.57
TAP_A01,2773,,,726640.14,9666094.85,O,,A,,,20100116-20100213,18.6,A,15.25,21.04,20110704-20110711,499.997652494,16.36,21.04,measured,0.2,site_median,-2.0,18.2,20.74
TAP_A01,2774,,,726647.28,9666093.9,O,,A,,,20100116-20100213,5.7,A,6.67,9.09,20110704-20110711,499.997652494,6.99,9.09,measured,0.2,site_median,-2.0,5.3,8.61
TAP_A01,2801,,,726691.5,9665609.3,O,11.2,A,7.99,14.0,20100116-20100213,11.6,A,6.26,13.95,20110704-20110711,500.000757499,11.82,14.0,measured,0.4,observed,-2.0,10.8,13.3
TAP_A01,2802,,,726688.2,9665609.54,O,12.1,A,4.43,11.17,20100116-20100213,12.1,D,1.23,9.62,20110704-20110711,500.000757499,12.18,11.17,measured,0.0,observed,-2.0,12.1,11.17
TAP_A01,2803,,,726681.8,9665609.53,O,5.7,A,3.04,7.55,20100116-20100213,6.9,A,3.84,8.71,20110704-20110711,500.000757499,8.08,7.55,measured,1.2,observed,-2.0,4.5,5.46
TAP_A01,2804,Protium hepytaphillum ,Burseraceae,726665.3,9665611.8,O,33.5,A,16.9,23.63,20100116-20100213,34.0,A,17.52,26.75,20110704-20110711,500.000757499,23.81,23.63,measured,0.5,observed,-2.0,33.0,23.22
TAP_A01,2805,,,726659.8,9665609.34,O,12.8,A,9.67,14.67,20100116-20100213,12.9,A,7.41,14.37,20110704-20110711,500.000757499,12.74,14.67,measured,0.1,observed,-2.0,12.7,14.51
TAP_A01,2806,Ecclinusa ramiflora,Sapotaceae,726655.59,9665612.88,O,48.2,A,30.32,38.43,20100116-20100213,47.8,A,30.47,39.59,20110704-20110711,500.000757499,28.63,38.43,measured,0.0,observed,-2.0,47.8,38.43
TAP_A01,2807,,,726654.8,9665609.43,O,10.3,A,4.05,14.73,20100116-20100213,10.4,A,3.68,14.48,20110704-20110711,500.000757499,10.93,14.73,measured,0.1,observed,-2.0,10.2,14.53
TAP_A01,2808,,,726652.5,9665611.03,O,41.5,A,18.8,26.52,20100116-20100213,42.1,A,14.2,30.91,20110704-20110711,500.000757499,26.8,26.52,measured,0.6,observed,-2.0,40.9,26.11
TAP_A01,2809,,,726646.6,9665610.97,O,46.7,A,25.12,33.72,20100116-20100213,47.8,A,20.78,34.73,20110704-20110711,500.000757499,28.63,33.72,measured,1.1,observed,-2.0,45.6,32.92
TAP_A01,2810,Virola sebifera,Myristicaceae,726634.9,9665610.85,O,21.5,A,17.91,21.73,20100116-20100213,21.7,A,15.95,24.07,20110704-20110711,500.000757499,18.1,21.73,measured,0.2,observed,-2.0,21.3,21.47
TAP_A01,2811,Laetia procera,Salicaceae,726624.6,9665610.13,O,37.0,D,4.58,23.73,20100116-20100213,37.0,D,1.86,19.11,20110704-20110711,500.000757499,24.98,23.73,measured,0.0,observed,-2.0,37.0,23.73
TAP_A01,2812,,,726620.1,9665609.27,O,16.4,A,10.17,19.91,20100116-20100213,17.7,A,14.51,22.76,20110704-20110711,500.000757499,15.83,19.91,measured,1.3,observed,-2.0,15.1,17.87
TAP_A01,2813,,,726617.8,9665609.02,O,7.1,A,4.48,9.12,20100116-20100213,7.4,A,5.16,9.89,20110704-20110711,500.000757499,8.51,9.12,measured,0.3,observed,-2.0,6.8,8.56
TAP_A01,2814,,,726607.0,9665609.3,O,15.0,A,7.43,15.35,20100116-20100213,15.2,A,11.14,20.87,20110704-20110711,500.000757499,14.28,15.35,measured,0.2,observed,-2.0,14.8,15.07
TAP_A01,2815,Couratari stellata,Lecythidaceae,726593.0,9665609.18,O,11.6,A,15.14,20.13,20100116-20100213,11.8,A,13.79,19.91,20110704-20110711,500.000757499,11.96,20.13,measured,0.2,observed,-2.0,11.4,19.64
TAP_A01,2816,Protium hepytaphillum ,Burseraceae,726582.4,9665610.81,O,27.4,A,16.36,25.91,20100116-20100213,27.5,A,11.44,19.32,20110704-20110711,500.000757499,21.0,25.91,measured,0.1,observed,-2.0,27.3,25.8
TAP_A01,2817,Tachigali alba,Fabaceae,726579.5,9665611.05,O,62.0,A,38.63,47.15,20100116-20100213,62.2,D,26.56,58.8,20110704-20110711,500.000757499,32.46,47.15,measured,0.2,observed,-2.0,61.8,47.0
TAP_A01,2818,,,726575.8,9665609.4,O,17.7,A,6.27,17.47,20100116-20100213,17.9,A,8.17,18.19,20110704-20110711,500.000757499,15.95,17.47,measured,0.2,observed,-2.0,17.5,17.21
TAP_A01,2819,,,726570.2,9665609.29,O,5.2,A,5.06,10.12,20100116-20100213,5.2,A,4.5,9.27,20110704-20110711,500.000757499,6.52,10.12,measured,0.0,observed,-2.0,5.2,10.12
TAP_A01,2820,Jacaranda copaia,Bignoniaceae,726557.1,9665611.31,O,47.9,A,22.16,26.86,20100116-20100213,49.0,A,14.7,19.77,20110704-20110711,500.000757499,28.99,26.86,measured,1.1,observed,-2.0,46.8,26.24
TAP_A01,2821,,,726556.9,9665611.21,O,25.0,A,14.16,23.67,20100116-20100213,25.2,A,24.64,28.92,20110704-20110711,500.000757499,19.9,23.67,measured,0.2,observed,-2.0,24.8,23.43
TAP_A01,2822,,,726545.9,9665609.04,O,20.3,A,9.46,15.09,20100116-20100213,20.5,A,8.32,13.55,20110704-20110711,500.000757499,17.45,15.09,measured,0.2,observed,-2.0,20.1,14.89
TAP_A01,2823,,,726539.5,9665608.88,O,8.7,A,6.67,13.35,20100116-20100213,8.8,A,8.21,13.35,20110704-20110711,500.000757499,9.68,13.35,measured,0.1,observed,-2.0,8.6,13.13
TAP_A01,2824,,,726523.6,9665609.2,L,5.6,A,,,20100116-20100213,6.0,D,,,20110704-20110711,500.000757499,7.27,9.56,local_fit,0.4,observed,-2.0,5.2,8.57
TAP_A01,2825,,,726522.3,9665609.7,O,15.6,A,10.98,21.19,20100116-20100213,16.5,A,16.08,21.0,20110704-20110711,500.000757499,15.1,21.19,measured,0.9,observed,-2.0,14.7,19.58
TAP_A01,2826,,,726521.3,9665609.1,O,5.3,A,5.15,9.07,20100116-20100213,5.5,A,4.1,8.86,20110704-20110711,500.000757499,6.81,9.07,measured,0.2,observed,-2.0,5.1,8.56
TAP_A01,2827,,,726517.3,9665609.94,O,15.5,A,12.45,18.12,20100116-20100213,15.6,A,10.27,17.97,20110704-20110711,500.000757499,14.54,18.12,measured,0.1,observed,-2.0,15.4,17.96
TAP_A01,2828,,,726512.8,9665609.04,O,18.2,A,13.21,18.12,20100116-20100213,18.6,A,14.9,22.49,20110704-20110711,500.000757499,16.36,18.12,measured,0.4,observed,-2.0,17.8,17.6
TAP_A01,2829,,,726509.69,9665611.88,O,38.0,A,9.38,26.1,20100116-20100213,38.0,D,1.83,15.29,20110704-20110711,500.000757499,25.35,26.1,measured,0.0,observed,-2.0,38.0,26.1
TAP_A01,2830,,,726498.4,9665608.76,O,26.4,A,8.41,23.27,20100116-20100213,26.8,A,12.91,19.85,20110704-20110711,500.000757499,20.67,23.27,measured,0.4,observed,-2.0,26.0,22.84
TAP_A01,2831,Lecythis lurida,Lecythidaceae,726496.69,9665614.61,O,86.3,A,23.0,41.87,20100116-20100213,88.9,A,28.74,43.47,20110704-20110711,500.000757499,37.45,41.87,measured,2.6,observed,-2.0,83.7,40.96
TAP_A01,2832,Pourouma guianensis,Urticaceae,726484.2,9665609.09,O,49.8,A,21.21,31.02,20100116-20100213,57.3,A,19.9,32.52,20110704-20110711,500.000757499,31.27,31.02,measured,5.0,observed,-2.0,47.3,28.25
TAP_A01,2833,,,726479.7,9665610.58,O,20.9,A,9.29,17.82,20100116-20100213,21.4,A,5.63,17.42,20110704-20110711,500.000757499,17.94,17.82,measured,0.5,observed,-2.0,20.4,17.27
TAP_A01,2834,,,726475.9,9665608.62,O,5.5,A,0.5,2.4,20100116-20100213,5.5,D,0.5,2.4,20110704-20110711,500.000757499,6.81,2.4,measured,0.0,observed,-2.0,5.5,2.4
TAP_A01,2835,Carapa guianensis,Meliaceae,726475.39,9665612.87,O,58.9,A,23.61,28.86,20100116-20100213,59.3,A,24.64,32.08,20110704-20110711,500.000757499,31.76,28.86,measured,0.4,observed,-2.0,58.5,28.69
TAP_A01,2836,,,726464.25,9665609.15,O,6.5,A,3.56,8.61,20100116-20100213,6.6,A,3.84,9.76,20110704-20110711,500.000757499,7.81,8.61,measured,0.1,observed,-2.0,6.4,8.42
TAP_A01,2837,,,726446.4,9665609.17,O,10.5,A,4.68,13.12,20100116-20100213,11.2,A,6.4,13.18,20110704-20110711,500.000757499,11.53,13.12,measured,0.7,observed,-2.0,9.8,11.91
TAP_A01,2838,,,726443.2,9665609.31,O,10.8,A,3.03,3.46,20100116-20100213,10.8,D,,3.46,20110704-20110711,500.000757499,11.23,3.46,measured,0.0,observed,-2.0,10.8,3.46
TAP_A01,2839,,,726435.3,9665609.35,O,16.3,A,13.04,20.2,20100116-20100213,17.2,A,14.39,19.96,20110704-20110711,500.000757499,15.53,20.2,measured,0.9,observed,-2.0,15.4,18.74
TAP_A01,2840,Licania octandra,Chrysobalanaceae,726412.49,9665612.31,O,59.6,A,24.54,38.87,20100116-20100213,60.4,A,21.35,39.99,20110704-20110711,500.000757499,32.03,38.87,measured,0.8,observed,-2.0,58.8,38.4
TAP_A01,2841,Manilkara huberi,Sapotaceae,726407.99,9665617.1,O,112.3,A,36.39,49.63,20100116-20100213,113.0,A,36.22,56.52,20110704-20110711,500.000757499,40.44,49.63,measured,0.7,observed,-2.0,111.6,49.45
TAP_A01,2842,,,726404.2,9665609.04,O,5.4,A,2.14,6.65,20100116-20100213,6.2,A,0.34,0.66,20110704-20110711,500.000757499,7.45,6.65,measured,0.8,observed,-2.0,4.6,5.3
TAP_A01,2843,,,726402.8,9665608.98,O,8.6,A,8.97,11.88,20100116-20100213,8.6,A,6.87,10.94,20110704-20110711,500.000757499,9.52,11.88,measured,0.0,observed,-2.0,8.6,11.88
TAP_A01,2844,,,726395.7,9665610.58,O,34.3,A,19.07,28.69,20100116-20100213,34.8,A,18.48,28.33,20110704-20110711,500.000757499,24.13,28.69,measured,0.5,observed,-2.0,33.8,28.21
TAP_A01,2845,,,726395.59,9665613.08,O,91.4,D,,14.78,20100116-20100213,,D,,,20110704-20110711,500.000757499,,14.78,measured,0.2,site_median,-2.0,,
TAP_A01,2846,,,726368.4,9665609.43,O,23.0,A,18.37,24.7,20100116-20100213,24.1,A,22.11,24.82,20110704-20110711,500.000757499,19.35,24.7,measured,1.1,observed,-2.0,21.9,23.24
TAP_A01,2847,,,726365.0,9665608.53,O,8.1,A,8.47,11.21,20100116-20100213,8.2,A,9.87,11.46,20110704-20110711,500.000757499,9.19,11.21,measured,0.1,observed,-2.0,8.0,11.0
TAP_A01,2848,,,726361.5,9665609.52,O,28.1,D,1.41,4.07,20100116-20100213,28.1,D,,4.07,20110704-20110711,500.000757499,21.28,4.07,measured,0.0,observed,-2.0,28.1,4.07
TAP_A01,2849,,,726358.6,9665608.97,O,12.1,A,7.14,9.17,20100116-20100213,12.2,A,8.06,12.0,20110704-20110711,500.000757499,12.25,9.17,measured,0.1,observed,-2.0,12.0,9.07
TAP_A01,2850,,,726348.1,9665608.97,O,5.7,A,0.95,3.96,20100116-20100213,,A,1.35,5.23,20110704-20110711,500.000757499,,3.96,measured,0.2,site_median,-2.0,,
TAP_A01,2851,,,726342.7,9665608.69,O,25.2,A,18.74,24.02,20100116-20100213,25.2,A,13.7,21.72,20110704-20110711,500.000757499,19.9,24.02,measured,0.0,observed,-2.0,25.2,24.02
TAP_A01,2852,,,726335.6,9665611.48,O,36.5,A,26.19,33.09,20100116-20100213,36.5,A,17.29,31.15,20110704-20110711,500.000757499,24.79,33.09,measured,0.0,observed,-2.0,36.5,33.09
TAP_A01,2853,,,726324.0,9665608.91,O,5.8,A,3.12,8.37,20100116-20100213,7.0,A,7.8,10.41,20110704-20110711,500.000757499,8.17,8.37,measured,1.2,observed,-2.0,4.6,6.09
TAP_A01,2854,Caryocar villosum,Caryocaraceae,726320.6,9665609.35,O,15.1,A,8.92,17.09,20100116-20100213,15.6,A,10.1,14.13,20110704-20110711,500.000757499,14.54,17.09,measured,0.5,observed,-2.0,14.6,16.33
TAP_A01,2855,,,726297.4,9665608.66,O,5.0,A,2.66,6.93,20100116-20100213,5.3,A,3.83,7.08,20110704-20110711,500.000757499,6.62,6.93,measured,0.3,observed,-2.0,4.7,6.32
TAP_A01,2856,Protium hepytaphillum ,Burseraceae,726294.8,9665610.21,O,24.6,A,10.02,18.57,20100116-20100213,24.8,A,16.69,22.04,20110704-20110711,500.000757499,19.7,18.57,measured,0.2,observed,-2.0,24.4,18.38
TAP_A01,2857,,,726277.2,9665608.93,O,28.6,A,9.07,21.95,20100116-20100213,28.9,A,14.52,19.23,20110704-20110711,500.000757499,21.64,21.95,measured,0.3,observed,-2.0,28.3,21.68
TAP_A01,2858,,,726277.4,9665608.33,O,5.6,A,3.92,6.07,20100116-20100213,5.6,A,3.05,5.65,20110704-20110711,500.000757499,6.9,6.07,measured,0.0,observed,-2.0,5.6,6.07
TAP_A01,2859,,,726273.0,9665610.07,O,33.0,A,18.03,29.64,20100116-20100213,33.0,A,16.37,24.77,20110704-20110711,500.000757499,23.4,29.64,measured,0.0,observed,-2.0,33.0,29.64
TAP_A01,2860,,,726267.7,9665608.51,O,9.4,A,4.08,12.17,20100116-20100213,9.5,A,5.61,13.47,20110704-20110711,500.000757499,10.23,12.17,measured,0.1,observed,-2.0,9.3,11.99
TAP_A01,2861,,,726262.7,9665609.5,O,15.4,A,10.07,14.74,20100116-20100213,15.8,A,4.59,15.61,20110704-20110711,500.000757499,14.66,14.74,measured,0.4,observed,-2.0,15.0,14.23
TAP_A01,2862,Eschweilera parviflora,Lecythidaceae,726258.6,9665610.84,O,26.3,A,11.54,21.9,20100116-20100213,26.9,A,12.61,24.65,20110704-20110711,500.000757499,20.72,21.9,measured,0.6,observed,-2.0,25.7,21.29
TAP_A01,2863,,,726255.4,9665608.64,O,12.1,A,10.97,14.09,20100116-20100213,12.6,A,8.4,13.83,20110704-20110711,500.000757499,12.53,14.09,measured,0.5,observed,-2.0,11.6,13.29
TAP_A01,2864,,,726247.9,9665608.72,O,7.0,A,3.13,9.2,20100116-20100213,7.2,A,3.04,9.47,20110704-20110711,500.000757499,8.34,9.2,measured,0.2,observed,-2.0,6.8,8.81
TAP_A01,2865,Cecropia palmata,Urticaceae,726228.2,9665608.39,O,8.1,A,11.42,13.04,20100116-20100213,9.0,A,2.15,13.59,20110704-20110711,500.000757499,9.84,13.04,measured,0.9,observed,-2.0,7.2,11.05
TAP_A01,2866,,,726224.5,9665609.48,O,27.4,A,14.96,17.72,20100116-20100213,28.2,A,13.59,19.09,20110704-20110711,500.000757499,21.32,17.72,measured,0.8,observed,-2.0,26.6,17.1
TAP_A01,2867,,,726222.9,9665610.88,O,85.3,A,38.29,46.83,20100116-20100213,86.0,A,28.3,46.78,20110704-20110711,500.000757499,37.01,46.83,measured,0.7,observed,-2.0,84.6,46.54
TAP_A01,2868,,,726220.6,9665608.88,O,32.0,A,20.71,30.2,20100116-20100213,32.9,A,18.58,33.69,20110704-20110711,500.000757499,23.36,30.2,measured,0.9,observed,-2.0,31.1,29.23
TAP_A01,2869,,,726218.75,9665609.37,O,31.2,A,13.67,26.7,20100116-20100213,31.3,A,14.89,27.15,20110704-20110711,500.000757499,22.69,26.7,measured,0.1,observed,-2.0,31.1,26.61
TAP_A01,2870,,,726213.65,9665608.92,O,43.4,A,19.33,33.88,20100116-20100213,44.6,A,23.33,33.73,20110704-20110711,500.000757499,27.63,33.88,measured,1.2,observed,-2.0,42.2,32.9
TAP_A01,2871,,,726208.2,9665608.76,O,25.5,A,14.66,27.07,20100116-20100213,25.9,A,17.23,23.79,20110704-20110711,500.000757499,20.24,27.07,measured,0.4,observed,-2.0,25.1,26.55
TAP_A01,2872,,,726206.75,9665608.35,O,5.9,A,2.53,8.62,20100116-20100213,6.1,A,4.2,9.4,20110704-20110711,500.000757499,7.36,8.62,measured,0.2,observed,-2.0,5.7,8.19
TAP_A01,2873,,,726203.3,9665609.55,O,48.0,A,22.32,32.38,20100116-20100213,48.0,A,17.98,28.56,20110704-20110711,500.000757499,28.69,32.38,measured,0.0,observed,-2.0,48.0,32.38
TAP_A01,2874,Manilkara huberi,Sapotaceae,726197.19,9665614.34,O,79.6,A,36.68,45.12,20100116-20100213,80.6,A,33.48,46.43,20110704-20110711,500.000757499,36.13,45.12,measured,1.0,observed,-2.0,78.6,44.68
TAP_A01,2875,,,726195.3,9665607.88,O,9.0,A,4.09,11.8,20100116-20100213,9.2,A,5.37,12.28,20110704-20110711,500.000757499,10.0,11.8,measured,0.2,observed,-2.0,8.8,11.42
TAP_A01,2876,,,726201.11,9665605.59,O,26.0,A,9.36,11.77,20100116-20100213,26.0,A,13.74,19.45,20110704-20110711,500.000757499,20.29,11.77,measured,0.0,observed,-2.0,26.0,11.77
TAP_A01,2877,,,726203.1,9665608.1,O,6.0,A,7.19,12.72,20100116-20100213,6.3,A,4.57,13.2,20110704-20110711,500.000757499,7.54,12.72,measured,0.3,observed,-2.0,5.7,11.79
TAP_A01,2878,,,726207.61,9665603.61,O,50.3,A,24.0,30.49,20100116-20100213,50.4,A,26.08,30.79,20110704-20110711,500.000757499,29.4,30.49,measured,0.1,observed,-2.0,50.2,30.43
TAP_A01,2879,,,726209.1,9665608.11,O,8.8,A,6.55,10.38,20100116-20100213,8.8,A,6.68,10.19,20110704-20110711,500.000757499,9.68,10.38,measured,0.0,observed,-2.0,8.8,10.38
TAP_A01,2880,,,726216.0,9665606.22,O,28.9,A,14.59,25.55,20100116-20100213,29.4,A,17.08,26.43,20110704-20110711,500.000757499,21.86,25.55,measured,0.5,observed,-2.0,28.4,25.02
TAP_A01,2881,,,726225.4,9665608.09,L,7.2,A,,,20100116-20100213,7.8,A,,,20110704-20110711,500.000757499,8.85,10.95,local_fit,0.6,observed,-2.0,6.6,9.66
TAP_A01,2882,,,726235.2,9665607.83,O,5.5,A,5.15,5.93,20100116-20100213,5.5,D,,,20110704-20110711,500.000757499,6.81,5.93,measured,0.0,observed,-2.0,5.5,5.93
TAP_A01,2883,,,726239.01,9665605.66,O,31.9,A,22.76,27.57,20100116-20100213,31.7,A,12.96,16.7,20110704-20110711,500.000757499,22.86,27.57,measured,0.0,observed,-2.0,31.7,27.57
TAP_A01,2884,,,726242.0,9665608.01,O,15.9,A,15.62,19.13,20100116-20100213,16.3,A,13.58,18.66,20110704-20110711,500.000757499,14.98,19.13,measured,0.4,observed,-2.0,15.5,18.48
TAP_A01,2885,Aspidosperma nitidum,Apocynaceae,726242.01,9665605.06,O,61.7,A,30.49,37.22,20100116-20100213,63.8,A,22.38,33.41,20110704-20110711,500.000757499,32.82,37.22,measured,2.1,observed,-2.0,59.6,36.11
TAP_A01,2886,,,726244.9,9665607.87,O,13.9,A,17.63,20.68,20100116-20100213,14.3,A,11.83,18.48,20110704-20110711,500.000757499,13.69,20.68,measured,0.4,observed,-2.0,13.5,19.86
TAP_A01,2887,,,726248.3,9665607.48,O,13.3,A,11.43,15.62,20100116-20100213,13.2,A,8.53,12.95,20110704-20110711,500.000757499,12.95,15.62,measured,0.0,observed,-2.0,13.2,15.62
TAP_A01,2888,,,726251.0,9665608.08,O,6.5,A,4.54,6.49,20100116-20100213,6.5,A,4.37,7.15,20110704-20110711,500.000757499,7.72,6.49,measured,0.0,observed,-2.0,6.5,6.49
TAP_A01,2889,,,726266.7,9665607.76,O,25.5,A,19.03,23.82,20100116-20100213,25.7,A,26.78,32.43,20110704-20110711,500.000757499,20.14,23.82,measured,0.2,observed,-2.0,25.3,23.6
TAP_A01,2890,,,726267.3,9665608.16,O,10.9,A,10.56,14.1,20100116-20100213,11.0,A,12.32,17.51,20110704-20110711,500.000757499,11.38,14.1,measured,0.1,observed,-2.0,10.8,13.91
TAP_A01,2891,,,726268.41,9665603.56,O,66.6,A,30.89,39.17,20100116-20100213,66.8,A,34.01,41.08,20110704-20110711,500.000757499,33.48,39.17,measured,0.2,observed,-2.0,66.4,39.08
TAP_A01,2892,Protium hebetatum,Burseraceae,726268.7,9665606.91,O,22.7,A,11.06,16.99,20100116-20100213,23.0,A,16.73,22.33,20110704-20110711,500.000757499,18.79,16.99,measured,0.3,observed,-2.0,22.4,16.7
TAP_A01,2893,Cecropia palmata,Urticaceae,726284.1,9665607.79,O,6.5,D,,13.51,20100116-20100213,6.5,D,,,20110704-20110711,500.000757499,7.72,13.51,measured,0.0,observed,-2.0,6.5,13.51
TAP_A01,2894,,,726288.9,9665607.85,O,12.8,A,6.22,12.29,20100116-20100213,12.9,A,6.09,10.52,20110704-20110711,500.000757499,12.74,12.29,measured,0.1,observed,-2.0,12.7,12.15
TAP_A01,2895,,,726289.3,9665607.55,L,6.9,A,,,20100116-20100213,7.4,A,,,20110704-20110711,500.000757499,8.51,10.7,local_fit,0.5,observed,-2.0,6.4,9.61
TAP_A01,2896,,,726298.0,9665607.76,O,21.6,A,7.13,9.39,20100116-20100213,22.0,A,8.24,11.56,20110704-20110711,500.000757499,18.26,9.39,measured,0.4,observed,-2.0,21.2,9.17
TAP_A01,2897,,,726298.1,9665607.96,L,6.37,A,,,20100116-20100213,6.9,A,,,20110704-20110711,500.000757499,8.08,10.25,local_fit,0.53,observed,-2.0,5.84,9.03
TAP_A01,2898,Bixa arborea,Bixaceae,726323.9,9665607.91,O,5.6,A,6.24,8.7,20100116-20100213,8.3,A,4.82,12.17,20110704-20110711,500.000757499,9.27,8.7,measured,2.7,observed,-2.0,2.9,3.89
TAP_A01,2899,,,726327.2,9665608.06,O,5.2,A,7.94,8.89,20100116-20100213,5.3,A,4.54,11.08,20110704-20110711,500.000757499,6.62,8.89,measured,0.1,observed,-2.0,5.1,8.63
TAP_A01,2900,,,726328.6,9665608.32,O,8.1,A,8.64,12.26,20100116-20100213,8.1,A,5.24,12.11,20110704-20110711,500.000757499,9.1,12.26,measured,0.0,observed,-2.0,8.1,12.26
TAP_A01,2901,Carapa guianensis,Meliaceae,726331.3,9665607.92,O,22.7,A,15.92,25.05,20100116-20100213,23.6,A,11.03,13.8,20110704-20110711,500.000757499,19.1,25.05,measured,0.9,observed,-2.0,21.8,23.8
TAP_A01,2902,Tachigali myrmecophila,Fabaceae,726334.1,9665607.17,O,21.4,A,13.39,16.24,20100116-20100213,21.8,A,11.05,13.44,20110704-20110711,500.000757499,18.15,16.24,measured,0.4,observed,-2.0,21.0,15.86
TAP_A01,2903,,,726337.0,9665608.28,O,17.9,A,6.16,11.73,20100116-20100213,17.8,A,7.96,9.75,20110704-20110711,500.000757499,15.89,11.73,measured,0.0,observed,-2.0,17.8,11.73
TAP_A01,2904,,,726337.2,9665607.33,O,16.7,A,18.92,22.22,20100116-20100213,16.8,A,3.91,10.23,20110704-20110711,500.000757499,15.29,22.22,measured,0.1,observed,-2.0,16.6,22.03
TAP_A01,2905,,,726344.5,9665607.89,O,11.7,A,15.54,20.03,20100116-20100213,13.0,A,13.98,18.02,20110704-20110711,500.000757499,12.81,20.03,measured,1.3,observed,-2.0,10.4,17.09
TAP_A01,2906,,,726345.5,9665608.09,O,24.4,D,,2.15,20100116-20100213,24.4,D,,2.15,20110704-20110711,500.000757499,19.5,2.15,measured,0.0,observed,-2.0,24.4,2.15
TAP_A01,2907,,,726352.8,9665606.53,O,19.1,A,12.17,20.55,20100116-20100213,19.8,A,19.97,25.19,20110704-20110711,500.000757499,17.05,20.55,measured,0.7,observed,-2.0,18.4,19.59
TAP_A01,2908,,,726355.0,9665607.51,O,18.6,A,11.22,21.9,20100116-20100213,19.9,A,15.64,20.88,20110704-20110711,500.000757499,17.11,21.9,measured,1.3,observed,-2.0,17.3,19.95
TAP_A01,2909,,,726355.3,9665608.11,O,5.5,A,6.68,12.39,20100116-20100213,6.7,A,8.07,12.52,20110704-20110711,500.000757499,7.9,12.39,measured,1.2,observed,-2.0,4.3,8.85
TAP_A01,2910,,,726366.4,9665607.93,O,10.4,A,5.6,14.84,20100116-20100213,11.5,A,6.03,17.57,20110704-20110711,500.000757499,11.75,14.84,measured,1.1,observed,-2.0,9.3,12.73
TAP_A01,2911,,,726372.1,9665607.54,O,9.9,A,4.32,13.06,20100116-20100213,11.0,A,2.29,14.04,20110704-20110711,500.000757499,11.38,13.06,measured,1.1,observed,-2.0,8.8,11.11
TAP_A01,2912,,,726376.0,9665607.85,O,7.1,A,5.09,10.43,20100116-20100213,7.3,A,5.49,10.68,20110704-20110711,500.000757499,8.43,10.43,measured,0.2,observed,-2.0,6.9,10.0
TAP_A01,2913,,,726376.6,9665607.0,O,21.4,A,8.24,14.84,20100116-20100213,21.5,A,12.81,17.58,20110704-20110711,500.000757499,17.99,14.84,measured,0.1,observed,-2.0,21.3,14.75
TAP_A01,2914,Quiina florida,Quiinaceae,726379.4,9665607.95,O,8.7,A,5.59,10.78,20100116-20100213,8.7,A,5.23,8.92,20110704-20110711,500.000757499,9.6,10.78,measured,0.0,observed,-2.0,8.7,10.78
TAP_A01,2915,,,726380.2,9665607.96,O,7.4,A,3.3,5.88,20100116-20100213,7.5,A,2.48,5.96,20110704-20110711,500.000757499,8.6,5.88,measured,0.1,observed,-2.0,7.3,5.76
TAP_A01,2916,,,726385.0,9665608.36,O,9.3,A,7.35,11.62,20100116-20100213,9.5,A,6.22,11.44,20110704-20110711,500.000757499,10.23,11.62,measured,0.2,observed,-2.0,9.1,11.27
TAP_A01,2917,Parahancornia fasciculata,Apocynaceae,726388.5,9665607.87,O,7.1,A,1.67,8.28,20100116-20100213,7.1,A,3.92,8.0,20110704-20110711,500.000757499,8.25,8.28,measured,0.0,observed,-2.0,7.1,8.28
TAP_A01,2918,,,726389.0,9665607.82,O,17.5,A,3.39,14.33,20100116-20100213,17.5,A,3.09,14.97,20110704-20110711,500.000757499,15.71,14.33,measured,0.0,observed,-2.0,17.5,14.33
TAP_A01,2919,,,726391.2,9665607.17,O,20.9,A,7.2,22.02,20100116-20100213,21.5,A,13.78,17.41,20110704-20110711,500.000757499,17.99,22.02,measured,0.6,observed,-2.0,20.3,21.21
TAP_A01,2920,,,726396.6,9665606.38,O,25.9,A,3.11,21.93,20100116-20100213,26.1,A,13.75,22.52,20110704-20110711,500.000757499,20.34,21.93,measured,0.2,observed,-2.0,25.7,21.71
TAP_A01,2921,,,726401.3,9665608.04,O,24.8,A,7.73,11.69,20100116-20100213,25.0,A,19.96,25.32,20110704-20110711,500.000757499,19.8,11.69,measured,0.2,observed,-2.0,24.6,11.57
TAP_A01,2922,,,726406.2,9665608.45,O,9.5,A,8.92,14.93,20100116-20100213,10.0,A,7.03,15.44,20110704-20110711,500.000757499,10.62,14.93,measured,0.5,observed,-2.0,9.0,13.83
TAP_A01,2923,Rinorea guianensis,Violaceae,726413.01,9665605.56,O,29.9,A,13.03,20.01,20100116-20100213,29.9,A,1.16,13.88,20110704-20110711,500.000757499,22.09,20.01,measured,0.0,observed,-2.0,29.9,20.01
TAP_A01,2924,,,726426.0,9665606.83,O,41.2,A,19.89,29.72,20100116-20100213,41.2,D,1.73,15.83,20110704-20110711,500.000757499,26.49,29.72,measured,0.0,observed,-2.0,41.2,29.72
TAP_A01,2925,,,726428.5,9665608.24,O,5.0,A,5.81,8.28,20100116-20100213,5.0,D,,,20110704-20110711,500.000757499,6.33,8.28,measured,0.0,observed,-2.0,5.0,8.28
TAP_A01,2926,,,726428.6,9665607.29,O,16.0,D,,6.14,20100116-20100213,16.0,D,,6.14,20110704-20110711,500.000757499,14.79,6.14,measured,0.0,observed,-2.0,16.0,6.14
TAP_A01,2927,Eschweilera parviflora,Lecythidaceae,726439.2,9665606.96,O,19.7,A,9.03,17.13,20100116-20100213,19.8,A,10.51,13.99,20110704-20110711,500.000757499,17.05,17.13,measured,0.1,observed,-2.0,19.6,17.02
TAP_A01,2928,,,726440.1,9665608.01,O,18.7,A,12.52,19.42,20100116-20100213,19.1,A,15.46,23.04,20110704-20110711,500.000757499,16.65,19.42,measured,0.4,observed,-2.0,18.3,18.88
TAP_A01,2929,,,726440.8,9665608.06,O,5.1,A,,8.25,20100116-20100213,5.1,D,,8.25,20110704-20110711,500.000757499,6.43,8.25,measured,0.0,observed,-2.0,5.1,8.25
TAP_A01,2930,,,726463.8,9665607.45,O,22.9,A,17.3,18.63,20100116-20100213,23.1,A,10.42,25.36,20110704-20110711,500.000757499,18.84,18.63,measured,0.2,observed,-2.0,22.7,18.42
TAP_A01,2931,,,726467.1,9665607.76,O,16.7,A,10.14,15.99,20100116-20100213,16.8,A,9.78,17.18,20110704-20110711,500.000757499,15.29,15.99,measured,0.1,observed,-2.0,16.6,15.85
TAP_A01,2932,,,726467.3,9665608.11,O,6.0,A,5.57,8.29,20100116-20100213,6.0,A,7.32,9.25,20110704-20110711,500.000757499,7.27,8.29,measured,0.0,observed,-2.0,6.0,8.29
TAP_A01,2933,,,726487.7,9665608.49,O,5.2,A,2.1,5.69,20100116-20100213,5.3,A,2.49,3.71,20110704-20110711,500.000757499,6.62,5.69,measured,0.1,observed,-2.0,5.1,5.53
TAP_A01,2934,,,726488.6,9665607.94,O,41.7,D,,7.01,20100116-20100213,41.7,D,,7.76,20110704-20110711,500.000757499,26.66,7.01,measured,0.0,observed,-2.0,41.7,7.01
TAP_A01,2935,Bertholletia excelsa,Lecythidaceae,726509.3,9665606.63,O,84.4,A,26.59,45.28,20100116-20100213,86.5,A,26.41,37.51,20110704-20110711,500.000757499,37.08,45.28,measured,2.1,observed,-2.0,82.3,44.46
TAP_A01,2936,,,726513.0,9665606.14,O,26.4,A,18.9,27.72,20100116-20100213,27.4,A,14.85,23.92,20110704-20110711,500.000757499,20.95,27.72,measured,1.0,observed,-2.0,25.4,26.46
TAP_A01,2937,,,726517.8,9665607.69,O,45.2,A,14.61,29.62,20100116-20100213,46.0,A,16.62,28.18,20110704-20110711,500.000757499,28.07,29.62,measured,0.8,observed,-2.0,44.4,29.08
TAP_A01,2938,,,726525.71,9665601.21,O,69.8,A,17.69,36.44,20100116-20100213,73.0,A,29.93,41.22,20110704-20110711,500.000757499,34.75,36.44,measured,3.2,observed,-2.0,66.6,35.07
TAP_A01,2939,Aspidosperma nitidum,Apocynaceae,726531.71,9665605.22,O,40.9,A,27.99,36.52,20100116-20100213,42.5,A,27.04,38.12,20110704-20110711,500.000757499,26.93,36.52,measured,1.6,observed,-2.0,39.3,35.01
TAP_A01,2940,Pourouma guianensis,Urticaceae,726544.61,9665605.44,O,33.1,D,1.23,3.6,20100116-20100213,33.1,D,,3.6,20110704-20110711,500.000757499,23.44,3.6,measured,0.0,observed,-2.0,33.1,3.6
TAP_A01,2941,,,726546.2,9665608.34,O,6.7,D,4.04,4.82,20100116-20100213,6.7,D,,5.21,20110704-20110711,500.000757499,7.9,4.82,measured,0.0,observed,-2.0,6.7,4.82
TAP_A01,2942,Guarea guidonia,Meliaceae,726549.0,9665607.0,O,21.1,A,20.33,23.97,20100116-20100213,21.4,A,9.93,15.84,20110704-20110711,500.000757499,17.94,23.97,measured,0.3,observed,-2.0,20.8,23.53
TAP_A01,2943,,,726554.8,9665606.81,O,28.0,A,18.14,23.03,20100116-20100213,28.2,A,16.59,21.4,20110704-20110711,500.000757499,21.32,23.03,measured,0.2,observed,-2.0,27.8,22.84
TAP_A01,2944,,,726556.9,9665608.61,O,8.6,A,5.07,10.86,20100116-20100213,8.7,A,7.46,12.05,20110704-20110711,500.000757499,9.6,10.86,measured,0.1,observed,-2.0,8.5,10.67
TAP_A01,2945,Tachigali paniculata,Fabaceae,726559.3,9665607.77,O,33.8,A,21.52,26.3,20100116-20100213,34.1,A,20.08,26.56,20110704-20110711,500.000757499,23.85,26.3,measured,0.3,observed,-2.0,33.5,26.04
TAP_A01,2946,,,726562.4,9665608.67,O,7.8,A,4.91,8.26,20100116-20100213,7.6,A,5.14,9.95,20110704-20110711,500.000757499,8.68,8.26,measured,0.0,observed,-2.0,7.6,8.26
TAP_A01,2947,,,726561.9,9665608.22,O,7.6,A,6.0,14.03,20100116-20100213,7.7,A,5.26,14.62,20110704-20110711,500.000757499,8.77,14.03,measured,0.1,observed,-2.0,7.5,13.76
TAP_A01,2948,,,726562.3,9665607.57,O,14.0,A,5.08,17.5,20100116-20100213,14.2,A,7.35,18.91,20110704-20110711,500.000757499,13.62,17.5,measured,0.2,observed,-2.0,13.8,17.17
TAP_A01,2949,Rinorea guianensis,Violaceae,726566.2,9665608.68,O,26.4,A,12.17,22.47,20100116-20100213,26.4,A,17.88,28.1,20110704-20110711,500.000757499,20.48,22.47,measured,0.0,observed,-2.0,26.4,22.47
TAP_A01,2950,,,726566.5,9665608.18,L,6.8,A,,,20100116-20100213,7.1,A,,,20110704-20110711,500.000757499,8.25,10.62,local_fit,0.3,observed,-2.0,6.5,9.94
TAP_A01,2951,Thyrsodium paraense,Burseraceae,726570.5,9665606.99,O,19.1,A,9.36,13.88,20100116-20100213,19.2,A,18.38,29.35,20110704-20110711,500.000757499,16.71,13.88,measured,0.1,observed,-2.0,19.0,13.79
TAP_A01,2952,,,726580.3,9665607.9,O,13.9,A,10.59,16.34,20100116-20100213,14.0,A,12.28,17.54,20110704-20110711,500.000757499,13.49,16.34,measured,0.1,observed,-2.0,13.8,16.18
TAP_A01,2953,,,726591.55,9665608.77,O,5.4,A,5.19,9.33,20100116-20100213,5.6,A,4.2,7.29,20110704-20110711,500.000757499,6.9,9.33,measured,0.2,observed,-2.0,5.2,8.82
TAP_A01,2954,Carapa guianensis,Meliaceae,726596.41,9665602.98,O,60.1,A,24.97,37.79,20100116-20100213,60.9,A,23.69,31.97,20110704-20110711,500.000757499,32.15,37.79,measured,0.8,observed,-2.0,59.3,37.33
TAP_A01,2955,,,726599.8,9665607.04,O,24.1,A,19.91,26.87,20100116-20100213,24.4,A,19.1,26.86,20110704-20110711,500.000757499,19.5,26.87,measured,0.3,observed,-2.0,23.8,26.46
TAP_A01,2956,,,726602.4,9665608.14,O,8.0,A,9.73,14.83,20100116-20100213,8.3,A,9.31,14.48,20110704-20110711,500.000757499,9.27,14.83,measured,0.3,observed,-2.0,7.7,14.03
TAP_A01,2957,,,726607.7,9665608.65,O,7.4,A,5.61,14.68,20100116-20100213,7.4,A,8.04,13.58,20110704-20110711,500.000757499,8.51,14.68,measured,0.0,observed,-2.0,7.4,14.68
TAP_A01,2958,,,726610.7,9665608.71,O,6.6,A,4.82,10.0,20100116-20100213,6.5,A,4.81,8.9,20110704-20110711,500.000757499,7.72,10.0,measured,0.0,observed,-2.0,6.5,10.0
TAP_A01,2959,,,726613.3,9665608.76,O,7.6,A,6.55,13.47,20100116-20100213,7.8,A,9.12,15.4,20110704-20110711,500.000757499,8.85,13.47,measured,0.2,observed,-2.0,7.4,12.95
TAP_A01,2960,,,726616.81,9665603.97,O,57.8,A,24.5,37.28,20100116-20100213,57.8,A,23.37,34.89,20110704-20110711,500.000757499,31.39,37.28,measured,0.0,observed,-2.0,57.8,37.28
TAP_A01,2961,Guatteria schomburgkiana,Annonaceae,726619.8,9665606.77,O,26.2,A,13.14,23.87,20100116-20100213,27.8,A,16.91,23.01,20110704-20110711,500.000757499,21.14,23.87,measured,1.6,observed,-2.0,24.6,22.13
TAP_A01,2962,Couratari stellata,Lecythidaceae,726625.8,9665606.43,O,31.4,A,7.53,13.79,20100116-20100213,31.4,A,7.66,16.58,20110704-20110711,500.000757499,22.73,13.79,measured,0.0,observed,-2.0,31.4,13.79
TAP_A01,2963,Carapa guianensis,Meliaceae,726627.7,9665608.64,O,12.3,A,6.61,12.94,20100116-20100213,12.4,A,8.17,13.5,20110704-20110711,500.000757499,12.39,12.94,measured,0.1,observed,-2.0,12.2,12.79
TAP_A01,2964,Cecropia palmata,Urticaceae,726632.3,9665608.14,O,16.4,A,18.2,22.0,20100116-20100213,17.6,A,13.81,17.22,20110704-20110711,500.000757499,15.77,22.0,measured,1.2,observed,-2.0,15.2,19.92
TAP_A01,2965,,,726633.4,9665608.05,O,13.2,A,8.44,16.63,20100116-20100213,13.3,A,7.86,15.81,20110704-20110711,500.000757499,13.02,16.63,measured,0.1,observed,-2.0,13.1,16.45
TAP_A01,2966,,,726636.3,9665608.3,O,26.5,D,,2.22,20100116-20100213,26.5,D,,2.22,20110704-20110711,500.000757499,20.53,2.22,measured,0.0,observed,-2.0,26.5,2.22
TAP_A01,2967,,,726638.6,9665608.41,O,6.0,A,4.89,9.04,20100116-20100213,6.0,A,4.63,9.03,20110704-20110711,500.000757499,7.27,9.04,measured,0.0,observed,-2.0,6.0,9.04
TAP_A01,2968,,,726644.0,9665607.76,O,11.1,A,9.09,16.5,20100116-20100213,11.2,A,7.12,13.88,20110704-20110711,500.000757499,11.53,16.5,measured,0.1,observed,-2.0,11.0,16.29
TAP_A01,2969,,,726644.3,9665608.57,L,5.3,A,,,20100116-20100213,5.4,A,,,20110704-20110711,500.000757499,6.71,9.28,local_fit,0.1,observed,-2.0,5.2,9.02
TAP_A01,2970,,,726655.01,9665605.53,O,77.5,A,25.79,36.2,20100116-20100213,77.7,A,25.05,35.18,20110704-20110711,500.000757499,35.62,36.2,measured,0.2,observed,-2.0,77.3,36.13
TAP_A01,2971,,,726674.8,9665608.87,O,11.2,A,6.94,10.77,20100116-20100213,12.2,A,6.88,8.7,20110704-20110711,500.000757499,12.25,10.77,measured,1.0,observed,-2.0,10.2,9.48
TAP_A01,2972,,,726444.5,9665608.87,O,,A,,,20100116-20100213,5.4,A,,11.0,20110704-20110711,500.000757499,6.71,11.0,measured,0.2,site_median,-2.0,5.0,10.38
TAP_A01,2973,,,726433.8,9665608.8,O,,A,,,20100116-20100213,5.8,A,,15.0,20110704-20110711,500.000757499,7.09,15.0,measured,0.2,site_median,-2.0,5.4,14.2
TAP_A01,3188,,,726319.9,9665608.3,O,,A,,,20100116-20100213,6.2,A,1.72,6.15,20110704-20110711,500.000757499,7.45,6.15,measured,0.2,site_median,-2.0,5.8,5.85
TAP_A01,3187,,,726324.15,9665608.36,O,,A,,,20100116-20100213,6.1,A,5.51,12.6,20110704-20110711,500.000757499,7.36,12.6,measured,0.2,site_median,-2.0,5.7,11.97
