site,tree_id,scientific_name,family_name,utm_easting,utm_northing,type,dbh_2015,dead_2015,hcom_2015,htot_2015,date_2015,dbh_2016,dead_2016,date_2016,dbh_2018,dead_2018,date_2018,plot_id,htot_feldpausch,htot_estimated,htot_estimation_method,dbh_incr_cm_yr,dbh_incr_source,gap_anos,dbh_lidar,htot_estimated_gap
TAP_A01,001a,Amaioua guianensis,Rubiaceae,726091.4554028,9683369.432992,O,18.6,False,13.03,16.91,20151210.0,18.8,False,20161011.0,19.1,False,20180829,1,16.65,16.91,measured,0.167,observed,-3.0,18.6,16.62
TAP_A01,001b,Couratari stellata,Lecythidaceae,726114.3534831118,9683379.10468088,O,80.0,False,28.7,50.4,20151210.0,80.0,False,20161011.0,82.8,False,20180829,1,36.49,50.4,measured,0.933,observed,-3.0,80.0,49.75
TAP_A01,002a,Tetragastris panamensis,Burseraceae,726095.913291472,9683371.78395728,O,34.1,False,13.81,19.34,20151210.0,34.5,False,20161011.0,,True,20180829,1,,19.34,measured,0.167,site_median,-3.0,,
TAP_A01,002b,Lecythis pisonis,Lecythidaceae,726118.3581828718,9683375.57670328,O,78.0,False,32.73,44.83,20151210.0,78.0,False,20161011.0,79.59999999999998,False,20180829,1,35.95,44.83,measured,0.533,observed,-3.0,78.0,44.48
TAP_A01,003a,Tachigali paniculata,Fabaceae,726096.9200179199,9683371.8400808,O,10.0,False,1.78,2.79,20151210.0,10.1,False,20161011.0,,True,20180829,1,,2.79,measured,0.167,site_median,-3.0,,
TAP_A01,003b,Astronium graveolens,Anacardiaceae,726119.9084536,9683373.583664,O,22.2,False,10.95,14.86,20151210.0,23.2,False,20161011.0,23.2,False,20180829,1,18.89,14.86,measured,0.333,observed,-3.0,22.2,14.45
TAP_A01,004a,Tetragastris panamensis,Burseraceae,726101.82261716,9683372.5890284,O,37.1,False,13.92,20.75,20151210.0,37.6,False,20161011.0,38.2,False,20180829,1,25.42,20.75,measured,0.367,observed,-3.0,37.1,20.42
TAP_A01,004b,Tachigali myrmecophila,Fabaceae,726122.023682784,9683373.28435616,O,36.6,False,15.74,24.01,20151210.0,36.6,False,20161011.0,10.0,False,20180829,1,10.62,24.01,measured,0.0,observed,-3.0,10.0,24.01
TAP_A01,005a,Quiina florida,Ochnaceae,726101.9530636,9683372.113604,O,13.1,False,5.92,8.08,20151210.0,14.5,False,20161011.0,14.3,False,20180829,1,13.69,8.08,measured,0.4,observed,-3.0,13.1,7.6
TAP_A01,005b,Swartzia corrugata,Fabaceae,726122.175240344,9683376.54816056,O,40.0,False,7.67,14.6,20151210.0,40.1,False,20161011.0,40.6,False,20180829,1,26.28,14.6,measured,0.2,observed,-3.0,40.0,14.48
TAP_A01,006a,Chamaecrista scleroxylon,Fabaceae,726099.8503719838,9683376.04844416,O,34.0,False,,,20151210.0,34.4,False,20161011.0,35.2,False,20180829,1,24.28,23.16,local_fit,0.4,observed,-3.0,34.0,22.71
TAP_A01,006b,Aspidosperma parvifolium,Apocynaceae,726126.58673024,9683375.2646776,O,100.0,False,28.13,48.13,20151210.0,100.2,False,20161011.0,84.4,False,20180829,1,36.75,48.13,measured,0.0,observed,-3.0,84.4,48.13
TAP_A01,007a,Strychnos subcordata,Loganiaceae,726091.426950272,9683376.87790928,O,13.8,False,,,20151210.0,14.0,False,20161011.0,,True,20180829,1,,13.73,local_fit,0.167,site_median,-3.0,,
TAP_A01,007b,Pouteria gongrijpii,Sapotaceae,726135.17308592,9683377.4259808,O,44.4,False,17.59,25.72,20151210.0,46.6,False,20161011.0,46.4,False,20180829,1,28.2,25.72,measured,0.667,observed,-3.0,44.4,25.14
TAP_A01,008a,,,726090.7215501278,9683378.30594072,O,24.9,True,,,20151210.0,24.9,True,20161011.0,,True,20180829,1,,19.33,local_fit,0.167,site_median,-3.0,,
TAP_A01,008b,Pouteria gongrijpii,Sapotaceae,726106.386202296,9683374.57585304,O,21.5,False,13.73,20.77,20151210.0,23.5,False,20161011.0,19.4,False,20180829,1,16.83,20.77,measured,0.0,observed,-3.0,19.4,20.77
TAP_A01,009a,Quiina florida,Ochnaceae,726100.482001784,9683381.21118616,O,11.0,False,,,20151210.0,11.3,False,20161011.0,11.4,False,20180829,1,11.67,12.03,local_fit,0.133,observed,-3.0,11.0,11.73
TAP_A01,009b,Vochysia guianensis,Vochysiaceae,726137.178091518,9683384.610455208,O,18.7,False,17.62,23.92,20151210.0,19.1,False,20161011.0,19.2,False,20180829,1,16.71,23.92,measured,0.167,observed,-3.0,18.7,23.5
TAP_A01,010a,Duguetia surinamensis,Annonaceae,726101.2547556,9683382.133124,O,29.0,False,,,20151210.0,29.3,False,20161011.0,29.7,False,20180829,1,22.0,21.12,local_fit,0.233,observed,-3.0,29.0,20.81
TAP_A01,010b,Quiina florida,Ochnaceae,726133.68114828,9683387.0923372,O,11.4,False,6.11,11.2,20151210.0,12.2,False,20161011.0,11.8,False,20180829,1,11.96,11.2,measured,0.133,observed,-3.0,11.4,10.93
TAP_A01,011a,Guatteria poeppigiana,Annonaceae,726100.221206664,9683382.16321736,O,40.7,False,30.07,38.34,20151210.0,41.2,False,20161011.0,41.9,False,20180829,1,26.73,38.34,measured,0.4,observed,-3.0,40.7,37.75
TAP_A01,011b,Quiina florida,Ochnaceae,726133.29494136,9683388.5806864,O,12.1,False,4.86,12.74,20151210.0,11.2,False,20161011.0,12.1,False,20180829,1,12.18,12.74,measured,0.0,observed,-3.0,12.1,12.74
TAP_A01,012a,Guatteria poeppigiana,Annonaceae,726102.1233690399,9683386.4664696,O,45.7,False,30.84,40.7,20151210.0,46.0,False,20161011.0,47.1,False,20180829,1,28.41,40.7,measured,0.467,observed,-3.0,45.7,40.08
TAP_A01,012b,Eschweilera coriacea,Lecythidaceae,726125.73231192,9683382.3759608,O,11.1,False,,,20151210.0,11.2,False,20161011.0,11.1,False,20180829,1,11.45,12.1,local_fit,0.0,observed,-3.0,11.1,12.1
TAP_A01,013a,Chamaecrista scleroxylon,Fabaceae,726094.660656264,9683383.72222136,O,15.9,False,,,20151210.0,16.1,False,20161011.0,16.2,False,20180829,1,14.91,14.9,local_fit,0.1,observed,-3.0,15.9,14.72
TAP_A01,013b,Swartzia corrugata,Fabaceae,726123.04722432,9683384.8167968,O,40.4,False,10.71,18.11,20151210.0,41.1,False,20161011.0,41.1,False,20180829,1,26.46,18.11,measured,0.233,observed,-3.0,40.4,17.94
TAP_A01,014a,Chamaecrista scleroxylon,Fabaceae,726089.86992688,9683386.1676912,O,18.6,False,,,20151210.0,18.7,False,20161011.0,19.1,False,20180829,1,16.65,16.32,local_fit,0.167,observed,-3.0,18.6,16.04
TAP_A01,014b,"Pouteria sp,",Sapotaceae,726124.6210088799,9683390.4865712,O,27.2,False,,,20151210.0,27.1,False,20161011.0,26.3,False,20180829,1,20.43,20.34,local_fit,0.0,observed,-3.0,26.3,20.34
TAP_A01,015a,Amaioua guianensis,Rubiaceae,726095.3448068,9683388.698932,O,24.1,False,,,20151210.0,24.5,False,20161011.0,25.1,False,20180829,1,19.85,18.97,local_fit,0.333,observed,-3.0,24.1,18.49
TAP_A01,015b,Quararibea guianensis,Malvaceae,726129.063444552,9683393.06126648,O,14.5,False,,,20151210.0,15.4,False,20161011.0,14.6,False,20180829,1,13.89,14.13,local_fit,0.033,observed,-3.0,14.5,14.06
TAP_A01,016a,Quiina florida,Ochnaceae,726096.0399086399,9683389.9135736,O,12.1,False,,,20151210.0,12.4,False,20161011.0,12.4,False,20180829,1,12.39,12.72,local_fit,0.1,observed,-3.0,12.1,12.5
TAP_A01,016b,Quiina florida,Ochnaceae,726132.4484415998,9683395.787744,O,13.0,False,,,20151210.0,13.2,False,20161011.0,,True,20180829,1,,13.26,local_fit,0.167,site_median,-3.0,,
TAP_A01,017a,Ceiba pentandra,Malvaceae,726096.813473864,9683390.84532536,O,11.8,False,,,20151210.0,11.8,False,20161011.0,,True,20180829,1,,12.53,local_fit,0.167,site_median,-3.0,,
TAP_A01,017b,Quiina florida,Ochnaceae,726129.037668096,9683393.16013504,O,11.0,False,,,20151210.0,11.1,False,20161011.0,11.1,False,20180829,1,11.45,12.03,local_fit,0.033,observed,-3.0,11.0,11.96
TAP_A01,018a,Tachigali paniculata,Fabaceae,726093.47456276,9683391.7495124,O,15.5,False,,,20151210.0,15.6,False,20161011.0,15.8,False,20180829,1,14.66,14.68,local_fit,0.1,observed,-3.0,15.5,14.49
TAP_A01,018b,Quiina florida,Ochnaceae,726125.423846,9683399.15078,O,80.0,False,47.73,52.91,20151210.0,80.0,False,20161011.0,85.9,False,20180829,1,36.99,52.91,measured,1.967,observed,-3.0,80.0,51.52
TAP_A01,019a,Tetragastris panamensis,Burseraceae,726091.8649183199,9683393.8456968,O,16.5,False,,,20151210.0,16.7,False,20161011.0,16.7,False,20180829,1,15.22,15.22,local_fit,0.067,observed,-3.0,16.5,15.1
TAP_A01,019b,Lacmellea aculeata,Apocynaceae,726125.346457976,9683399.44667624,O,12.5,False,,,20151210.0,13.4,False,20161011.0,11.9,False,20180829,1,12.03,12.96,local_fit,0.0,observed,-3.0,11.9,12.96
TAP_A01,020a,Inga heterophylla,Fabaceae,726093.517188,9683395.33832,O,45.3,False,15.41,29.29,20151210.0,45.7,False,20161011.0,46.2,False,20180829,1,28.14,29.29,measured,0.3,observed,-3.0,45.3,28.99
TAP_A01,020b,,,726128.47629088,9683403.1932912,O,11.0,True,,,20151210.0,11.0,True,20161011.0,,True,20180829,1,,12.03,local_fit,0.167,site_median,-3.0,,
TAP_A01,021a,Dialium guianense,Fabaceae,726097.552853088,9683395.66875712,O,12.6,False,,,20151210.0,13.0,False,20161011.0,13.4,False,20180829,1,13.08,13.02,local_fit,0.267,observed,-3.0,12.6,12.47
TAP_A01,021b,Protium paniculatum,Burseraceae,726120.0230519999,9683392.38918,O,13.3,False,,,20151210.0,13.7,False,20161011.0,14.2,False,20180829,1,13.62,13.44,local_fit,0.3,observed,-3.0,13.3,12.85
TAP_A01,022a,Tachigali myrmecophila,Fabaceae,726096.074564256,9683397.30051344,O,11.1,False,,,20151210.0,11.5,False,20161011.0,12.4,False,20180829,1,12.39,12.1,local_fit,0.433,observed,-3.0,11.1,11.18
TAP_A01,022b,Swartzia corrugata,Fabaceae,726119.7644076,9683393.367224,O,64.4,False,6.38,28.18,20151210.0,64.8,False,20161011.0,63.3,False,20180829,1,32.71,28.18,measured,0.0,observed,-3.0,63.3,28.18
TAP_A01,023a,Chamaecrista scleroxylon,Fabaceae,726086.243850416,9683395.494011842,O,12.3,False,,,20151210.0,12.4,False,20161011.0,12.7,False,20180829,1,12.6,12.84,local_fit,0.133,observed,-3.0,12.3,12.55
TAP_A01,023b,Parahancornia fasciculata,Apocynaceae,726115.992626848,9683392.122119522,O,12.1,False,,,20151210.0,12.1,False,20161011.0,12.4,False,20180829,1,12.39,12.72,local_fit,0.1,observed,-3.0,12.1,12.5
TAP_A01,024a,Virola michelii,Myristicaceae,726087.58236432,9683398.1193768,O,28.2,False,,,20151210.0,28.4,False,20161011.0,28.8,False,20180829,1,21.59,20.78,local_fit,0.2,observed,-3.0,28.2,20.52
TAP_A01,024b,"Pouteria sp,",Sapotaceae,726113.176860368,9683391.14104432,O,11.6,False,,,20151210.0,11.6,True,20161011.0,,True,20180829,1,,12.41,local_fit,0.167,site_median,-3.0,,
TAP_A01,025a,Couratari stellata,Lecythidaceae,726082.301535072,9683405.92304128,O,16.0,False,,,20151210.0,16.1,False,20161011.0,16.1,False,20180829,1,14.85,14.96,local_fit,0.033,observed,-3.0,16.0,14.9
TAP_A01,025b,Protium paniculatum,Burseraceae,726113.199486768,9683394.89860032,O,15.2,False,,,20151210.0,15.4,False,20161011.0,16.7,False,20180829,1,15.22,14.52,local_fit,0.5,observed,-3.0,15.2,13.62
TAP_A01,026a,Quiina florida,Ochnaceae,726087.24889576,9683406.8027424,O,10.3,False,,,20151210.0,10.6,False,20161011.0,10.5,False,20180829,1,11.0,11.58,local_fit,0.067,observed,-3.0,10.3,11.42
TAP_A01,026b,Swartzia corrugata,Fabaceae,726115.9106285519,9683373.30026648,O,13.6,False,,,20151210.0,15.2,False,20161011.0,8.3,False,20180829,1,9.27,13.61,local_fit,0.0,observed,-3.0,8.3,13.61
TAP_A01,027a,Eschweilera coriacea,Lecythidaceae,726088.20694344,9683407.0913656,O,11.1,False,,,20151210.0,11.3,False,20161011.0,11.4,False,20180829,1,11.67,12.1,local_fit,0.1,observed,-3.0,11.1,11.87
TAP_A01,027b,Protium paniculatum,Burseraceae,726115.6020283198,9683397.4518768,O,16.6,False,,,20151210.0,17.24,False,20161011.0,17.3,False,20180829,1,15.59,15.28,local_fit,0.233,observed,-3.0,16.6,14.86
TAP_A01,028a,Chrysophyllum sanguinolentum,Sapotaceae,726092.3000270398,9683407.2950096,O,23.0,False,,,20151210.0,23.5,False,20161011.0,23.6,False,20180829,1,19.1,18.46,local_fit,0.2,observed,-3.0,23.0,18.16
TAP_A01,028b,Myrcia splendens,Myrtaceae,726116.29957416,9683398.6960784,O,17.5,False,,,20151210.0,18.4,False,20161011.0,17.8,False,20180829,1,15.89,15.75,local_fit,0.1,observed,-3.0,17.5,15.57
TAP_A01,029a,Coussarea brevicaulis,Rubiaceae,726084.5480688,9683409.053212,O,31.6,False,,,20151210.0,31.9,False,20161011.0,32.1,False,20180829,1,23.03,22.19,local_fit,0.167,observed,-3.0,31.6,21.99
TAP_A01,029b,Virola sebifera,Myristicaceae,726122.220492,9683403.53588,O,27.5,False,,,20151210.0,28.2,False,20161011.0,29.6,False,20180829,1,21.95,20.47,local_fit,0.7,observed,-3.0,27.5,19.58
TAP_A01,030a,Quiina florida,Ochnaceae,726080.9766732,9683406.946688,O,17.6,False,,,20151210.0,17.7,False,20161011.0,,True,20180829,1,,15.81,local_fit,0.167,site_median,-3.0,,
TAP_A01,030b,Protium paniculatum,Burseraceae,726122.19467644,9683403.6342756,O,23.9,False,,,20151210.0,23.2,False,20161011.0,23.6,False,20180829,1,19.1,18.87,local_fit,0.0,observed,-3.0,23.6,18.87
TAP_A01,031a,Mezilaurus itauba,Lauraceae,726080.71470496,9683407.8845304,O,24.6,False,,,20151210.0,25.0,False,20161011.0,25.5,False,20180829,1,20.05,19.19,local_fit,0.3,observed,-3.0,24.6,18.76
TAP_A01,031b,Quiina florida,Ochnaceae,726129.10258584,9683408.7021416,O,17.8,False,,,20151210.0,18.3,False,20161011.0,18.1,False,20180829,1,16.07,15.91,local_fit,0.1,observed,-3.0,17.8,15.73
TAP_A01,032a,Chamaecrista scleroxylon,Fabaceae,726085.2449303198,9683410.2891368,O,64.4,False,8.04,33.63,20151210.0,64.6,False,20161011.0,64.9,False,20180829,1,33.07,33.63,measured,0.167,observed,-3.0,64.4,33.52
TAP_A01,032b,Quiina florida,Ochnaceae,726122.97322524,9683408.5208276,O,11.0,False,8.04,33.63,20151210.0,11.2,False,20161011.0,11.4,False,20180829,1,11.67,33.63,measured,0.133,observed,-3.0,11.0,32.79
TAP_A01,033a,Quiina florida,Ochnaceae,726088.5565084,9683413.359516,O,15.6,False,,,20151210.0,16.0,False,20161011.0,16.0,False,20180829,1,14.79,14.74,local_fit,0.133,observed,-3.0,15.6,14.49
TAP_A01,033b,Protium paniculatum,Burseraceae,726129.67374228,9683410.4708372,O,23.5,False,,,20151210.0,23.5,False,20161011.0,33.1,False,20180829,1,23.44,18.69,local_fit,3.2,observed,-3.0,23.5,15.19
TAP_A01,034a,Myrcia splendens,Myrtaceae,726098.9231831998,9683413.435768,O,12.5,False,,,20151210.0,12.7,False,20161011.0,13.0,False,20180829,1,12.81,12.96,local_fit,0.167,observed,-3.0,12.5,12.61
TAP_A01,034b,Ocotea cernua,Lauraceae,726118.500404248,9683413.77830552,O,10.6,False,,,20151210.0,11.6,False,20161011.0,14.3,False,20180829,1,13.69,11.78,local_fit,1.233,observed,-3.0,10.6,9.53
TAP_A01,035a,Lecythis pisonis,Lecythidaceae,726102.9879463998,9683417.602036,O,55.5,False,17.56,41.4,20151210.0,55.7,False,20161011.0,53.2,False,20180829,1,30.18,41.4,measured,0.0,observed,-3.0,53.2,41.4
TAP_A01,035b,Swartzia corrugata,Fabaceae,726116.32501168,9683410.2766832,O,78.0,False,7.37,15.71,20151210.0,78.4,False,20161011.0,87.9,False,20180829,1,37.3,15.71,measured,3.3,observed,-3.0,78.0,15.02
TAP_A01,036a,Coussarea brevicaulis,Rubiaceae,726101.597610224,9683407.38210176,O,54.5,False,30.51,42.95,20151210.0,54.4,False,20161011.0,55.5,False,20180829,1,30.8,42.95,measured,0.333,observed,-3.0,54.5,42.59
TAP_A01,036b,Protium paniculatum,Burseraceae,726116.247447688,9683410.570451122,O,11.7,False,30.51,42.95,20151210.0,11.7,False,20161011.0,12.4,False,20180829,1,12.39,42.95,measured,0.233,observed,-3.0,11.7,41.22
TAP_A01,037a,Maquira coriacea,Moraceae,726099.0889518398,9683405.1878816,O,16.8,False,,,20151210.0,17.1,False,20161011.0,17.3,False,20180829,1,15.59,15.38,local_fit,0.167,observed,-3.0,16.8,15.08
TAP_A01,037b,Lecythis lurida,Lecythidaceae,726110.5796584,9683408.580416,O,44.6,False,8.779999999999998,30.01,20151210.0,44.9,False,20161011.0,45.8,False,20180829,1,28.01,30.01,measured,0.4,observed,-3.0,44.6,29.6
TAP_A01,038a,Maquira coriacea,Moraceae,726105.5355484718,9683404.27854728,O,14.4,False,,,20151210.0,14.6,False,20161011.0,15.0,False,20180829,1,14.15,14.07,local_fit,0.2,observed,-3.0,14.4,13.68
TAP_A01,038b,Bertholletia excelsa,Lecythidaceae,726110.5010755198,9683412.7563848,O,12.5,False,30.61,46.77,20151210.0,12.6,False,20161011.0,12.7,False,20180829,1,12.6,46.77,measured,0.067,observed,-3.0,12.5,46.25
TAP_A01,039a,Chamaecrista scleroxylon,Fabaceae,726105.071906832,9683402.16770368,O,13.7,False,,,20151210.0,13.8,False,20161011.0,14.3,False,20180829,1,13.69,13.67,local_fit,0.2,observed,-3.0,13.7,13.27
TAP_A01,039b,Alexa grandiflora,Fabaceae,726107.004836832,9683414.22150368,O,14.0,False,,,20151210.0,14.3,False,20161011.0,,True,20180829,1,,13.84,local_fit,0.167,site_median,-3.0,,
TAP_A01,040a,Chamaecrista scleroxylon,Fabaceae,726105.617523624,9683400.14360776,O,11.3,False,,,20151210.0,11.6,False,20161011.0,12.0,False,20180829,1,12.11,12.22,local_fit,0.233,observed,-3.0,11.3,11.71
TAP_A01,040b,Quiina florida,Ochnaceae,726105.4161039708,9683416.67262149,O,10.6,False,,,20151210.0,10.8,False,20161011.0,10.8,False,20180829,1,11.23,11.78,local_fit,0.067,observed,-3.0,10.6,11.62
TAP_A01,041a,Abarema mataybifolia,Fabaceae,726105.8253776398,9683399.3725236,O,14.4,False,,,20151210.0,15.1,False,20161011.0,16.1,False,20180829,1,14.85,14.07,local_fit,0.567,observed,-3.0,14.4,13.04
TAP_A01,041b,Lecythis lurida,Lecythidaceae,726105.3721434398,9683416.4495456,O,21.6,False,,,20151210.0,21.6,False,20161011.0,22.2,False,20180829,1,18.37,17.8,local_fit,0.2,observed,-3.0,21.6,17.49
TAP_A01,042a,Eschweilera coriacea,Lecythidaceae,726100.058383152,9683397.82514048,O,11.0,False,,,20151210.0,11.0,False,20161011.0,10.9,False,20180829,1,11.3,12.03,local_fit,0.0,observed,-3.0,10.9,12.03
TAP_A01,042b,Protium paniculatum,Burseraceae,726107.0297899198,9683418.007200802,O,20.5,False,,,20151210.0,20.6,False,20161011.0,21.3,False,20180829,1,17.88,17.27,local_fit,0.267,observed,-3.0,20.5,16.85
TAP_A01,043a,,,726106.1371586638,9683398.21589736,O,11.1,False,,,20151210.0,11.2,False,20161011.0,11.0,False,20180829,1,11.38,12.1,local_fit,0.0,observed,-3.0,11.0,12.1
TAP_A01,043b,Symphonia globulifera,Clusiaceae,726126.45779528,9683422.9033072,O,13.4,False,,,20151210.0,13.4,False,20161011.0,14.3,False,20180829,1,13.69,13.49,local_fit,0.3,observed,-3.0,13.4,12.89
TAP_A01,044a,Maquira coriacea,Moraceae,726107.0938670319,9683398.48832168,O,34.7,False,,,20151210.0,35.0,False,20161011.0,35.0,False,20180829,1,24.21,23.43,local_fit,0.1,observed,-3.0,34.7,23.31
TAP_A01,045a,Aspidosperma parvifolium,Apocynaceae,726105.8822215518,9683395.34425648,O,13.8,False,,,20151210.0,14.0,False,20161011.0,13.8,False,20180829,1,13.36,13.73,local_fit,0.0,observed,-3.0,13.8,13.73
TAP_A01,046a,,,726109.2188744,9683394.412756,O,15.8,True,,,20151210.0,15.8,True,20161011.0,,True,20180829,1,,14.85,local_fit,0.167,site_median,-3.0,,
TAP_A01,047a,Quiina florida,Ochnaceae,726104.85370944,9683391.5407456,O,12.2,False,,,20151210.0,12.5,False,20161011.0,12.7,False,20180829,1,12.6,12.78,local_fit,0.167,observed,-3.0,12.2,12.42
TAP_A01,048a,Aspidosperma parvifolium,Apocynaceae,726108.98982128,9683391.4435472,O,13.0,False,,,20151210.0,13.2,False,20161011.0,13.4,False,20180829,1,13.08,13.26,local_fit,0.133,observed,-3.0,13.0,12.99
TAP_A01,049a,Chrysophyllum sanguinolentum,Sapotaceae,726108.5534616,9683389.252044,O,20.0,False,,,20151210.0,20.4,False,20161011.0,20.5,False,20180829,1,17.45,17.02,local_fit,0.167,observed,-3.0,20.0,16.75
TAP_A01,050a,Virola michelii,Myristicaceae,726110.8804552,9683388.228948,O,14.3,False,,,20151210.0,14.5,False,20161011.0,15.2,False,20180829,1,14.28,14.01,local_fit,0.3,observed,-3.0,14.3,13.43
TAP_A01,051a,Abarema mataybifolia,Fabaceae,726109.488804672,9683385.78216528,O,18.2,False,,,20151210.0,19.1,False,20161011.0,20.7,False,20180829,1,17.56,16.12,local_fit,0.833,observed,-3.0,18.2,14.81
TAP_A01,052a,Abarema mataybifolia,Fabaceae,726104.0347719198,9683386.9869608,O,42.3,False,9.81,22.24,20151210.0,42.5,False,20161011.0,43.0,False,20180829,1,27.1,22.24,measured,0.233,observed,-3.0,42.3,22.05
TAP_A01,053a,Quiina florida,Ochnaceae,726102.38387088,9683385.5108912,O,15.6,False,,,20151210.0,16.0,False,20161011.0,16.2,False,20180829,1,14.91,14.74,local_fit,0.2,observed,-3.0,15.6,14.37
TAP_A01,054a,Quiina florida,Ochnaceae,726107.92301688,9683380.2091112,O,15.5,False,,,20151210.0,16.0,False,20161011.0,15.4,False,20180829,1,14.41,14.68,local_fit,0.0,observed,-3.0,15.4,14.68
TAP_A01,055a,Quiina florida,Ochnaceae,726107.2542878318,9683378.90281368,O,13.5,False,,,20151210.0,13.8,False,20161011.0,14.0,False,20180829,1,13.49,13.55,local_fit,0.167,observed,-3.0,13.5,13.21
TAP_A01,056a,Dialium guianense,Fabaceae,726107.4187540798,9683374.5336992,O,16.0,False,,,20151210.0,16.7,False,20161011.0,18.2,False,20180829,1,16.13,14.96,local_fit,0.733,observed,-3.0,16.0,13.72
TAP_A01,057a,Vitex triflora,Lamiaceae,726113.742692888,9683373.78335912,O,26.6,False,,,20151210.0,27.0,False,20161011.0,28.0,False,20180829,1,21.23,20.08,local_fit,0.467,observed,-3.0,26.6,19.47
TAP_A01,058a,Coussarea brevicaulis,Rubiaceae,726112.27613744,9683371.6625056,O,11.7,False,,,20151210.0,11.7,False,20161011.0,11.8,False,20180829,1,11.96,12.47,local_fit,0.033,observed,-3.0,11.7,12.4
TAP_A01,059a,Quiina florida,Ochnaceae,726103.420729454,9683369.738711849,O,,,,,,,,,10.3,False,20180829,1,10.85,10.85,feldpausch_regional,0.167,site_median,-3.0,9.8,10.47
TAP_A01,060a,Neea oppositifolia,Nyctaginaceae,726103.07963712,9683375.4606288,O,,,,,,,,,10.3,False,20180829,1,10.85,10.85,feldpausch_regional,0.167,site_median,-3.0,9.8,10.47
TAP_A01,061a,Quiina florida,Ochnaceae,726099.69057144,9683387.8524056,O,,,,,,,,,12.7,False,20180829,1,12.6,12.6,feldpausch_regional,0.167,site_median,-3.0,12.2,12.25
TAP_A01,062a,Ocotea cernua,Lauraceae,726098.178526752,9683393.38104448,O,,,,,,,,,10.1,False,20180829,1,10.7,10.7,feldpausch_regional,0.167,site_median,-3.0,9.6,10.31
TAP_A01,001a,Dialium guianense,Fabaceae,726247.3136438,9682928.593574,O,22.7,False,16.21,22.29,20151210.0,,,,,True,20180830,2,,22.29,measured,0.167,site_median,-3.0,,
TAP_A01,001b,Ormosia grossa,Fabaceae,726265.7813821998,9682943.452046,O,24.7,False,14.24,22.94,20151210.0,,,,49.7,False,20180830,2,29.19,22.94,measured,5.0,observed,-3.0,34.7,18.93
TAP_A01,002a,Eschweilera coriacea,Lecythidaceae,726248.19554556,9682931.4854028,O,23.5,False,16.57,23.76,20151210.0,,,,34.1,False,20180830,2,23.85,23.76,measured,3.533,observed,-3.0,23.5,18.98
TAP_A01,002b,Inga marginata,Fabaceae,726266.585602156,9682942.58033028,O,17.0,False,15.76,21.42,20151210.0,,,,17.5,False,20180830,2,15.71,21.42,measured,0.167,observed,-3.0,17.0,21.01
TAP_A01,003a,Aspidosperma parvifolium,Apocynaceae,726249.7840908798,9682929.9921944,O,10.4,False,9.13,14.04,20151210.0,,,,10.9,False,20180830,2,11.3,14.04,measured,0.167,observed,-3.0,10.4,13.58
TAP_A01,003b,Oenocarpus bacaba,Arecaceae,726266.8437048598,9682941.8475618,P,14.8,False,5.34,10.43,20151210.0,,,,14.3,False,20180830,2,13.69,10.43,measured,0.0,observed,-3.0,14.3,10.43
TAP_A01,004a,Quiina florida,Ochnaceae,726253.07802032,9682931.8570216,O,11.4,False,,,20151210.0,,,,11.7,False,20180830,2,11.89,12.29,local_fit,0.1,observed,-3.0,11.4,12.06
TAP_A01,004b,Nectandra cuspidata,Lauraceae,726266.2942168,9682944.821464,O,50.6,False,22.88,37.65,20151210.0,,,,51.6,False,20180830,2,29.74,37.65,measured,0.333,observed,-3.0,50.6,37.28
TAP_A01,005a,Licania octandra,Chrysobalanaceae,726254.8260022,9682935.169726,O,19.4,False,14.22,19.7,20151210.0,,,,20.8,False,20180830,2,17.61,19.7,measured,0.467,observed,-3.0,19.4,18.83
TAP_A01,005b,Manilkara huberi,Sapotaceae,726269.1179094,9682945.271542,O,46.5,False,18.89,30.54,20151210.0,,,,49.0,False,20180830,2,28.99,30.54,measured,0.833,observed,-3.0,46.5,29.74
TAP_A01,006a,Aspidosperma parvifolium,Apocynaceae,726258.9700376,9682937.472428,O,12.2,False,13.16,17.55,20151210.0,,,,13.0,False,20180830,2,12.81,17.55,measured,0.267,observed,-3.0,12.2,16.78
TAP_A01,006b,Eschweilera coriacea,Lecythidaceae,726273.36241864,9682944.406903202,O,18.6,False,12.75,19.7,20151210.0,,,,19.4,False,20180830,2,16.83,19.7,measured,0.267,observed,-3.0,18.6,19.15
TAP_A01,007a,Neea oppositifolia,Nyctaginaceae,726257.08948104,9682939.8490152,O,23.3,False,,,20151210.0,,,,23.6,False,20180830,2,19.1,18.6,local_fit,0.1,observed,-3.0,23.3,18.44
TAP_A01,007b,Vochysia guianensis,Vochysiaceae,726271.070723328,9682948.25174464,O,16.0,False,14.01,17.68,20151210.0,,,,16.5,False,20180830,2,15.1,17.68,measured,0.167,observed,-3.0,16.0,17.32
TAP_A01,008a,Virola michelii,Myristicaceae,726255.558255872,9682938.56438336,O,11.2,False,,,20151210.0,,,,12.0,False,20180830,2,12.11,12.16,local_fit,0.267,observed,-3.0,11.2,11.58
TAP_A01,008b,Quiina florida,Ochnaceae,726265.489818596,9682944.27768548,O,11.6,False,5.56,12.36,20151210.0,,,,,True,20180830,2,,12.36,measured,0.167,site_median,-3.0,,
TAP_A01,009a,Neea oppositifolia,Nyctaginaceae,726254.103537,9682937.08381,O,21.1,False,,,20151210.0,,,,21.4,False,20180830,2,17.94,17.56,local_fit,0.1,observed,-3.0,21.1,17.4
TAP_A01,009b,,,726264.48554396,9682947.1215548,O,11.7,True,,,20151210.0,,,,,True,20180830,2,,12.47,local_fit,0.167,site_median,-3.0,,
TAP_A01,010a,Erisma uncinatum,Vochysiaceae,726238.4406354,9682940.682642,O,92.0,False,31.98,45.02,20151210.0,,,,101.5,False,20180830,2,39.15,45.02,measured,3.167,observed,-3.0,92.0,43.58
TAP_A01,010b,Albizia pedicellaris,Fabaceae,726264.557472082,9682947.48530621,O,73.3,False,23.14,39.58,20151210.0,,,,75.4,False,20180830,2,35.2,39.58,measured,0.7,observed,-3.0,73.3,39.14
TAP_A01,011a,Goupia glabra,Goupiaceae,726242.35921856,9682943.7978928,O,45.5,False,15.8,24.19,20151210.0,,,,48.8,False,20180830,2,28.93,24.19,measured,1.1,observed,-3.0,45.5,23.34
TAP_A01,011b,,,726266.6114284398,9682952.5198972,O,85.2,True,,37.57,20151210.0,,,,,True,20180830,2,,37.57,measured,0.167,site_median,-3.0,,
TAP_A01,012a,Quiina florida,Ochnaceae,726247.5397251198,9682946.3401456,O,14.0,False,,,20151210.0,,,,14.5,False,20180830,2,13.82,13.84,local_fit,0.167,observed,-3.0,14.0,13.51
TAP_A01,012b,Dipteryx odorata,Fabaceae,726265.6612060159,9682952.36035208,O,12.4,False,,,20151210.0,,,,13.1,False,20180830,2,12.88,12.9,local_fit,0.233,observed,-3.0,12.4,12.41
TAP_A01,013a,"Eschweilera sp,",Lecythidaceae,726238.04212976,9682941.6793488,O,58.0,False,27.49,38.71,20151210.0,,,,68.8,False,20180830,2,33.91,38.71,measured,3.6,observed,-3.0,58.0,35.89
TAP_A01,013b,Protium paniculatum,Burseraceae,726268.196152774,9682951.41378707,O,21.0,False,,,20151210.0,,,,21.6,False,20180830,2,18.05,17.51,local_fit,0.2,observed,-3.0,21.0,17.19
TAP_A01,014a,Aspidosperma parvifolium,Apocynaceae,726235.65109592,9682947.6595896,O,13.0,False,,,20151210.0,,,,13.1,False,20180830,2,12.88,13.26,local_fit,0.033,observed,-3.0,13.0,13.19
TAP_A01,014b,Tachigali myrmecophila,Fabaceae,726269.17772048,9682953.8165224,O,67.0,False,16.69,32.26,20151210.0,,,,,True,20180830,2,,32.26,measured,0.167,site_median,-3.0,,
TAP_A01,015a,Pouteria gongrijpii,Sapotaceae,726238.47052244,9682951.060101202,O,26.0,False,,,20151210.0,,,,26.7,False,20180830,2,20.62,19.82,local_fit,0.233,observed,-3.0,26.0,19.5
TAP_A01,015b,Quiina florida,Ochnaceae,726267.8603117,9682954.734881,O,12.7,False,,,20151210.0,,,,13.7,False,20180830,2,13.29,13.08,local_fit,0.333,observed,-3.0,12.7,12.4
TAP_A01,016a,Quiina florida,Ochnaceae,726237.1177159998,9682951.84434,O,12.8,False,,,20151210.0,,,,,True,20180830,2,,13.14,local_fit,0.167,site_median,-3.0,,
TAP_A01,016b,Neea oppositifolia,Nyctaginaceae,726267.706319,9682955.18507,O,15.6,False,,,20151210.0,,,,,True,20180830,2,,14.74,local_fit,0.167,site_median,-3.0,,
TAP_A01,017a,Protium robustum,Burseraceae,726240.933140384,9682952.75336792,O,11.8,False,,,20151210.0,,,,12.2,False,20180830,2,12.25,12.53,local_fit,0.133,observed,-3.0,11.8,12.23
TAP_A01,017b,Brosimum guianense,Moraceae,726267.2443408999,9682956.535637,O,30.5,False,,,20151210.0,,,,31.2,False,20180830,2,22.65,21.74,local_fit,0.233,observed,-3.0,30.5,21.45
TAP_A01,018a,Quiina florida,Ochnaceae,726237.2293826,9682954.213298,O,11.0,False,,,20151210.0,,,,11.8,False,20180830,2,11.96,12.03,local_fit,0.267,observed,-3.0,11.0,11.45
TAP_A01,018b,Theobroma glaucum,Malvaceae,726264.950884804,9682957.32193252,O,12.0,False,,,20151210.0,,,,12.3,False,20180830,2,12.32,12.66,local_fit,0.1,observed,-3.0,12.0,12.44
TAP_A01,019a,Quiina florida,Ochnaceae,726244.5859676799,9682954.0644784,O,12.9,False,,,20151210.0,,,,,True,20180830,2,,13.2,local_fit,0.167,site_median,-3.0,,
TAP_A01,019b,"Parkia sp,",Fabaceae,726260.8202757998,9682951.772734,O,33.3,False,,,20151210.0,,,,,True,20180830,2,,22.88,local_fit,0.167,site_median,-3.0,,
TAP_A01,020a,Tetragastris panamensis,Burseraceae,726244.216748,9682955.03002,O,16.0,False,,,20151210.0,,,,16.9,False,20180830,2,15.35,14.96,local_fit,0.3,observed,-3.0,16.0,14.41
TAP_A01,020b,Endopleura uchi,Humiriaceae,726258.56200736,9682956.0992888,O,28.0,False,,,20151210.0,,,,29.9,False,20180830,2,22.09,20.69,local_fit,0.633,observed,-3.0,28.0,19.88
TAP_A01,021a,Protium robustum,Burseraceae,726242.362475696,9682957.14958448,O,12.5,False,,,20151210.0,,,,,True,20180830,2,,12.96,local_fit,0.167,site_median,-3.0,,
TAP_A01,021b,Virola sebifera,Myristicaceae,726259.7718836399,9682963.3867072,O,14.8,False,,,20151210.0,,,,26.1,False,20180830,2,20.34,14.29,local_fit,3.767,observed,-3.0,14.8,9.85
TAP_A01,022a,,,726242.21372288,9682957.5369344,O,49.7,True,,22.1,20151210.0,,,,,True,20180830,2,,22.1,measured,0.167,site_median,-3.0,,
TAP_A01,022b,Couratari stellata,Lecythidaceae,726262.22508676,9682965.2045188,O,56.0,False,27.27,36.1,20151210.0,,,,,True,20180830,2,,36.1,measured,0.167,site_median,-3.0,,
TAP_A01,023a,Duguetia surinamensis,Annonaceae,726234.2644324,9682956.401332,O,21.7,False,,,20151210.0,,,,19.4,False,20180830,2,16.83,17.85,local_fit,0.0,observed,-3.0,19.4,17.85
TAP_A01,023b,Vochysia guianensis,Vochysiaceae,726261.7327034238,9682966.03262112,O,37.0,False,19.77,30.93,20151210.0,,,,,True,20180830,2,,30.93,measured,0.167,site_median,-3.0,,
TAP_A01,024a,Pouteria gongrijpii,Sapotaceae,726238.19808272,9682959.7868636,O,40.5,False,,16.87,20151210.0,,,,39.8,False,20180830,2,26.0,16.87,measured,0.0,observed,-3.0,39.8,16.87
TAP_A01,024b,Pouteria macrophylla,Sapotaceae,726264.239728448,9682967.12381024,O,27.6,False,,,20151210.0,,,,,True,20180830,2,,20.52,local_fit,0.167,site_median,-3.0,,
TAP_A01,025a,,,726233.99356752,9682959.7499976,L,22.5,False,,,20151210.0,,,,,True,20180830,2,,18.23,local_fit,0.167,site_median,-3.0,,
TAP_A01,025b,,,726264.52764328,9682969.3052104,O,15.1,False,,,20151210.0,,,,16.1,False,20180830,2,14.85,14.46,local_fit,0.333,observed,-3.0,15.1,13.84
TAP_A01,026a,Couratari stellata,Lecythidaceae,726234.9022454,9682960.125542002,O,46.0,False,,44.77,20151210.0,,,,,True,20180830,2,,44.77,measured,0.167,site_median,-3.0,,
TAP_A01,026b,Quiina florida,Ochnaceae,726264.856264868,9682970.46790284,O,11.0,False,,,20151210.0,,,,11.8,False,20180830,2,11.96,12.03,local_fit,0.267,observed,-3.0,11.0,11.45
TAP_A01,027a,Ormosia nobilis,Fabaceae,726233.60304896,9682960.7382048,O,24.7,False,,,20151210.0,,,,26.1,False,20180830,2,20.34,19.24,local_fit,0.467,observed,-3.0,24.7,18.59
TAP_A01,027b,Chamaecrista xinguensis,Fabaceae,726256.12845856,9682967.8428528,O,41.2,False,13.79,24.84,20151210.0,,,,41.7,False,20180830,2,26.66,24.84,measured,0.167,observed,-3.0,41.2,24.68
TAP_A01,028a,Chamaecrista scleroxylon,Fabaceae,726231.9053468799,9682962.3475744,O,10.5,False,,,20151210.0,,,,,True,20180830,2,,11.71,local_fit,0.167,site_median,-3.0,,
TAP_A01,028b,Quiina florida,Ochnaceae,726254.89315876,9682968.3875188,O,13.5,False,,,20151210.0,,,,13.7,False,20180830,2,13.29,13.55,local_fit,0.067,observed,-3.0,13.5,13.41
TAP_A01,029a,Diospyros guianensis,Ebenaceae,726236.48867168,9682964.1827984,O,19.0,False,,,20151210.0,,,,,True,20180830,2,,16.52,local_fit,0.167,site_median,-3.0,,
TAP_A01,029b,Quiina florida,Ochnaceae,726257.6191924,9682969.514152,O,11.6,False,,,20151210.0,,,,9.2,False,20180830,2,10.0,12.41,local_fit,0.0,observed,-3.0,9.2,12.41
TAP_A01,030a,Quiina florida,Ochnaceae,726241.0980767598,9682960.4420588,O,12.8,False,,,20151210.0,,,,,True,20180830,2,,13.14,local_fit,0.167,site_median,-3.0,,
TAP_A01,030b,Quiina florida,Ochnaceae,726257.8906006,9682971.713118,O,11.6,False,,,20151210.0,,,,12.1,False,20180830,2,12.18,12.41,local_fit,0.167,observed,-3.0,11.6,12.04
TAP_A01,031a,Ocotea canaliculata,Lauraceae,726240.8937708798,9682963.719894402,O,42.6,False,,26.15,20151210.0,,,,,True,20180830,2,,26.15,measured,0.167,site_median,-3.0,,
TAP_A01,031b,Virola sebifera,Myristicaceae,726259.43654816,9682970.2652408,O,10.5,False,,,20151210.0,,,,11.5,False,20180830,2,11.75,11.71,local_fit,0.333,observed,-3.0,10.5,10.96
TAP_A01,032a,Copaifera reticulata,Fabaceae,726241.26087152,9682968.3048176,O,98.6,False,,24.82,20151210.0,,,,,True,20180830,2,,24.82,measured,0.167,site_median,-3.0,,
TAP_A01,032b,Chamaecrista xinguensis,Fabaceae,726258.03029824,9682972.8083512,O,16.6,False,,,20151210.0,,,,17.8,False,20180830,2,15.89,15.28,local_fit,0.4,observed,-3.0,16.6,14.58
TAP_A01,033a,Chamaecrista scleroxylon,Fabaceae,726242.1828611998,9682968.666196,O,17.3,False,,,20151210.0,,,,17.5,False,20180830,2,15.71,15.65,local_fit,0.067,observed,-3.0,17.3,15.53
TAP_A01,033b,Maytenus myrsinoides,Celastraceae,726255.6914091998,9682975.001416,O,57.5,False,24.37,33.12,20151210.0,,,,57.3,False,20180830,2,31.27,33.12,measured,0.0,observed,-3.0,57.3,33.12
TAP_A01,034a,,,726242.74628064,9682969.9817832,L,12.3,False,,,20151210.0,,,,13.1,False,20180830,2,12.88,12.84,local_fit,0.267,observed,-3.0,12.3,12.28
TAP_A01,034b,Tachigali myrmecophila,Fabaceae,726252.25888452,9682975.7718676,O,42.8,False,2.27,3.85,20151210.0,,,,58.3,False,20180830,2,31.52,3.85,measured,5.0,observed,-3.0,43.3,3.32
TAP_A01,035a,Tetragastris panamensis,Burseraceae,726231.7993958,9682968.008534,O,11.2,False,,,20151210.0,,,,,True,20180830,2,,12.16,local_fit,0.167,site_median,-3.0,,
TAP_A01,035b,"Pouteria sp,",Sapotaceae,726250.8100336879,9682979.83325944,O,14.5,False,,,20151210.0,,,,19.7,False,20180830,2,17.0,14.13,local_fit,1.733,observed,-3.0,14.5,11.49
TAP_A01,036a,,,726231.48911084,9682968.7968332,O,16.8,True,,,20151210.0,,,,,True,20180830,2,,15.38,local_fit,0.167,site_median,-3.0,,
TAP_A01,036b,Protium paniculatum,Burseraceae,726247.9644023459,9682983.31000198,O,27.3,False,,,20151210.0,,,,27.7,False,20180830,2,21.09,20.39,local_fit,0.133,observed,-3.0,27.3,20.22
TAP_A01,037a,"Diplotropis sp,",Fabaceae,726234.76488932,9682971.3681316,O,12.0,False,,,20151210.0,,,,12.4,False,20180830,2,12.39,12.66,local_fit,0.133,observed,-3.0,12.0,12.37
TAP_A01,037b,Marlierea velutina,Myrtaceae,726258.18609104,9682986.1281352,O,15.6,False,,,20151210.0,,,,15.9,False,20180830,2,14.73,14.74,local_fit,0.1,observed,-3.0,15.6,14.55
TAP_A01,038a,Hymenaea courbaril,Fabaceae,726235.3256464,9682972.686552,O,14.4,False,,,20151210.0,,,,14.6,False,20180830,2,13.89,14.07,local_fit,0.067,observed,-3.0,14.4,13.94
TAP_A01,038b,Marlierea velutina,Myrtaceae,726258.125026432,9682986.30764416,O,12.6,False,,,20151210.0,,,,12.7,False,20180830,2,12.6,13.02,local_fit,0.033,observed,-3.0,12.6,12.95
TAP_A01,039a,Nectandra cuspidata,Lauraceae,726234.9511019998,9682973.657760002,O,20.4,False,,,20151210.0,,,,23.2,False,20180830,2,18.89,17.22,local_fit,0.933,observed,-3.0,20.4,15.85
TAP_A01,039b,Nectandra cuspidata,Lauraceae,726258.98603634,9682986.9057042,O,17.0,False,,,20151210.0,,,,18.6,False,20180830,2,16.36,15.49,local_fit,0.533,observed,-3.0,17.0,14.59
TAP_A01,040a,Cordia scabrifolia,Boraginaceae,726227.97353768,9682972.2579784,O,13.5,False,,,20151210.0,,,,,True,20180830,2,,13.55,local_fit,0.167,site_median,-3.0,,
TAP_A01,040b,,,726260.3480093998,9682982.879502,O,32.0,True,,,20151210.0,,,,,True,20180830,2,,22.36,local_fit,0.167,site_median,-3.0,,
TAP_A01,041b,,,726260.445496178,9682983.216054687,O,11.0,True,,,20151210.0,,,,,True,20180830,2,,12.03,local_fit,0.167,site_median,-3.0,,
TAP_A01,042a,Maquira coriacea,Moraceae,726235.3554756799,9682978.2030184,O,56.2,False,17.34,27.47,20151210.0,,,,44.9,False,20180830,2,27.72,27.47,measured,0.0,observed,-3.0,44.9,27.47
TAP_A01,042b,Dipteryx odorata,Fabaceae,726261.88863224,9682981.4372912,O,14.5,False,,,20151210.0,,,,14.9,False,20180830,2,14.08,14.13,local_fit,0.133,observed,-3.0,14.5,13.87
TAP_A01,043a,Couratari stellata,Lecythidaceae,726238.2093026,9682979.193658002,O,15.9,False,,,20151210.0,,,,13.8,False,20180830,2,13.36,14.9,local_fit,0.0,observed,-3.0,13.8,14.9
TAP_A01,043b,Chamaecrista xinguensis,Fabaceae,726264.84502052,9682988.4396276,O,17.7,False,,,20151210.0,,,,,True,20180830,2,,15.86,local_fit,0.167,site_median,-3.0,,
TAP_A01,044a,Lacmellea aculeata,Apocynaceae,726239.51914848,9682978.5696624,O,18.1,False,,,20151210.0,,,,,True,20180830,2,,16.06,local_fit,0.167,site_median,-3.0,,
TAP_A01,044b,Quiina florida,Ochnaceae,726267.6431075518,9682989.60410976,O,13.3,False,,,20151210.0,,,,13.7,False,20180830,2,13.29,13.44,local_fit,0.133,observed,-3.0,13.3,13.17
TAP_A01,045a,Eschweilera coriacea,Lecythidaceae,726241.76962056,9682978.2872128,O,12.5,False,,,20151210.0,,,,13.0,False,20180830,2,12.81,12.96,local_fit,0.167,observed,-3.0,12.5,12.61
TAP_A01,045b,Protium paniculatum,Burseraceae,726270.633888068,9682990.16269284,O,12.7,False,,,20151210.0,,,,13.0,False,20180830,2,12.81,13.08,local_fit,0.1,observed,-3.0,12.7,12.87
TAP_A01,046a,Duguetia surinamensis,Annonaceae,726242.12286608,9682977.3386704,O,18.4,False,,,20151210.0,,,,18.6,False,20180830,2,16.36,16.22,local_fit,0.067,observed,-3.0,18.4,16.11
TAP_A01,046b,,,726269.666892032,9682987.22908416,O,29.7,True,,,20151210.0,,,,,True,20180830,2,,21.41,local_fit,0.167,site_median,-3.0,,
TAP_A01,047a,Duguetia surinamensis,Annonaceae,726241.979346844,9682980.60908172,O,20.8,False,,,20151210.0,,,,21.3,False,20180830,2,17.88,17.41,local_fit,0.167,observed,-3.0,20.8,17.15
TAP_A01,047b,Protium hebetatum,Burseraceae,726268.3513340598,9682984.1293918,O,20.4,False,,,20151210.0,,,,,True,20180830,2,,17.22,local_fit,0.167,site_median,-3.0,,
TAP_A01,048a,Terminalia amazonia,Combretaceae,726246.15944144,9682980.9009872,O,40.4,False,26.21,38.7,20151210.0,,,,41.7,False,20180830,2,26.66,38.7,measured,0.433,observed,-3.0,40.4,38.05
TAP_A01,048b,Chamaecrista xinguensis,Fabaceae,726269.67373452,9682980.0307756,O,48.4,False,,,20151210.0,,,,50.0,False,20180830,2,29.28,28.42,local_fit,0.533,observed,-3.0,48.4,27.96
TAP_A01,049a,"Pouteria sp,",Sapotaceae,726244.59558472,9682970.6988736,O,17.2,False,,,20151210.0,,,,18.1,False,20180830,2,16.07,15.6,local_fit,0.3,observed,-3.0,17.2,15.08
TAP_A01,049b,Chamaecrista xinguensis,Fabaceae,726273.073257664,9682979.12365432,O,31.7,False,,,20151210.0,,,,33.7,False,20180830,2,23.69,22.23,local_fit,0.667,observed,-3.0,31.7,21.45
TAP_A01,050a,Quiina florida,Ochnaceae,726244.410654312,9682970.62716456,O,11.5,False,,,20151210.0,,,,12.4,False,20180830,2,12.39,12.35,local_fit,0.3,observed,-3.0,11.5,11.71
TAP_A01,050b,Quiina florida,Ochnaceae,726273.10899645,9682977.383623501,O,15.0,False,,,20151210.0,,,,15.9,False,20180830,2,14.73,14.41,local_fit,0.3,observed,-3.0,15.0,13.84
TAP_A01,051a,Pouteria gongrijpii,Sapotaceae,726248.1844928,9682966.701584,O,16.0,False,,,20151210.0,,,,15.9,False,20180830,2,14.73,14.96,local_fit,0.0,observed,-3.0,15.9,14.96
TAP_A01,051b,Eschweilera coriacea,Lecythidaceae,726265.05579904,9682978.2323832,O,12.7,False,,,20151210.0,,,,12.9,False,20180830,2,12.74,13.08,local_fit,0.067,observed,-3.0,12.7,12.94
TAP_A01,052a,Chamaecrista scleroxylon,Fabaceae,726246.71505784,9682965.0076192,O,45.2,False,13.55,30.53,20151210.0,,,,46.1,False,20180830,2,28.1,30.53,measured,0.3,observed,-3.0,45.2,30.23
TAP_A01,052b,"Pouteria sp,",Sapotaceae,726266.08715664,9682975.1306412,O,47.5,False,15.19,20.96,20151210.0,,,,48.7,False,20180830,2,28.9,20.96,measured,0.4,observed,-3.0,47.5,20.7
TAP_A01,053a,Quiina florida,Ochnaceae,726247.6237357198,9682965.3831636,O,14.6,False,,,20151210.0,,,,14.8,False,20180830,2,14.02,14.18,local_fit,0.067,observed,-3.0,14.6,14.05
TAP_A01,053b,Licania canescens,Chrysobalanaceae,726268.37865252,9682974.4609576,O,41.8,False,15.98,31.23,20151210.0,,,,41.8,False,20180830,2,26.7,31.23,measured,0.0,observed,-3.0,41.8,31.23
TAP_A01,054a,Quiina florida,Ochnaceae,726248.8803344,9682964.815832,O,10.9,False,,,20151210.0,,,,11.5,False,20180830,2,11.75,11.97,local_fit,0.2,observed,-3.0,10.9,11.51
TAP_A01,054b,Zygia racemosa,Fabaceae,726269.3913736,9682971.379048,O,22.5,False,,,20151210.0,,,,22.9,False,20180830,2,18.73,18.23,local_fit,0.133,observed,-3.0,22.5,18.04
TAP_A01,055a,Lecythis lurida,Lecythidaceae,726249.7863499199,9682965.194209602,O,10.1,False,,,20151210.0,,,,15.0,False,20180830,2,14.15,11.45,local_fit,1.633,observed,-3.0,10.1,8.66
TAP_A01,055b,Dialium guianense,Fabaceae,726270.953857552,9682966.624101762,O,20.6,False,,,20151210.0,,,,21.3,False,20180830,2,17.88,17.32,local_fit,0.233,observed,-3.0,20.6,16.95
TAP_A01,056a,,,726253.745021,9682965.77901,O,49.1,True,,,20151210.0,,,,,True,20180830,2,,28.66,local_fit,0.167,site_median,-3.0,,
TAP_A01,056b,Quiina florida,Ochnaceae,726269.9473808,9682963.521264002,O,13.5,False,,,20151210.0,,,,13.8,False,20180830,2,13.36,13.55,local_fit,0.1,observed,-3.0,13.5,13.34
TAP_A01,057a,Quiina florida,Ochnaceae,726251.93831468,9682965.0165884,O,15.8,False,,,20151210.0,,,,16.2,False,20180830,2,14.91,14.85,local_fit,0.133,observed,-3.0,15.8,14.6
TAP_A01,057b,Pouteria gongrijpii,Sapotaceae,726270.2420544,9682962.635052,O,11.8,False,,,20151210.0,,,,12.7,False,20180830,2,12.6,12.53,local_fit,0.3,observed,-3.0,11.8,11.89
TAP_A01,058a,Quiina florida,Ochnaceae,726249.5761759998,9682962.93008,O,12.2,False,,,20151210.0,,,,13.0,False,20180830,2,12.81,12.78,local_fit,0.267,observed,-3.0,12.2,12.22
TAP_A01,058b,Virola sebifera,Myristicaceae,726275.0194282999,9682976.219139,O,14.5,False,,,20151210.0,,,,15.7,False,20180830,2,14.6,14.13,local_fit,0.4,observed,-3.0,14.5,13.38
TAP_A01,059a,,,726249.37665152,9682960.6546176,O,11.7,False,,,20151210.0,,,,11.8,False,20180830,2,11.96,12.47,local_fit,0.033,observed,-3.0,11.7,12.4
TAP_A01,059b,Marlierea velutina,Myrtaceae,726276.5969,9682974.4514,O,13.8,False,,,20151210.0,,,,15.4,False,20180830,2,14.41,13.73,local_fit,0.533,observed,-3.0,13.8,12.73
TAP_A01,060a,Quiina florida,Ochnaceae,726252.203159,9682958.61391,O,10.7,False,,,20151210.0,,,,11.4,False,20180830,2,11.67,11.84,local_fit,0.233,observed,-3.0,10.7,11.31
TAP_A01,060b,Marlierea velutina,Myrtaceae,726278.70597145,9682963.226842048,O,12.1,False,,,20151210.0,,,,12.7,False,20180830,2,12.6,12.72,local_fit,0.2,observed,-3.0,12.1,12.3
TAP_A01,061a,Poeppigia procera,Fabaceae,726254.6577844399,9682957.5415772,O,17.0,False,,,20151210.0,,,,17.5,False,20180830,2,15.71,15.49,local_fit,0.167,observed,-3.0,17.0,15.19
TAP_A01,061b,Theobroma glaucum,Malvaceae,726276.8959289598,9682960.7462448,O,14.4,False,,,20151210.0,,,,15.0,False,20180830,2,14.15,14.07,local_fit,0.2,observed,-3.0,14.4,13.68
TAP_A01,062a,Eschweilera coriacea,Lecythidaceae,726251.2698005838,9682955.54778792,O,19.5,False,,,20151210.0,,,,20.1,False,20180830,2,17.22,16.77,local_fit,0.2,observed,-3.0,19.5,16.44
TAP_A01,062b,Virola sebifera,Myristicaceae,726279.901791587,9682959.43471754,O,14.2,False,,,20151210.0,,,,15.9,False,20180830,2,14.73,13.96,local_fit,0.567,observed,-3.0,14.2,12.91
TAP_A01,063a,Tachigali paniculata,Fabaceae,726255.1429088,9682947.844064,O,62.8,False,20.85,36.35,20151210.0,,,,,True,20180830,2,,36.35,measured,0.167,site_median,-3.0,,
TAP_A01,063b,,,726277.73202728,9682958.1386064,O,39.5,True,,19.83,20151210.0,,,,,True,20180830,2,,19.83,measured,0.167,site_median,-3.0,,
TAP_A01,064a,Quiina florida,Ochnaceae,726254.13321376,9682945.0882288,O,10.5,False,,,20151210.0,,,,11.1,False,20180830,2,11.45,11.71,local_fit,0.2,observed,-3.0,10.5,11.25
TAP_A01,064b,,,726276.8765966,9682957.706398,O,26.2,True,,,20151210.0,,,,,True,20180830,2,,19.91,local_fit,0.167,site_median,-3.0,,
TAP_A01,065a,Couratari stellata,Lecythidaceae,726257.03677716,9682945.4533108,O,14.6,False,,,20151210.0,,,,15.2,False,20180830,2,14.28,14.18,local_fit,0.2,observed,-3.0,14.6,13.79
TAP_A01,065b,Pouteria gongrijpii,Sapotaceae,726279.069784592,9682953.96638496,O,11.2,False,,,20151210.0,,,,12.4,False,20180830,2,12.39,12.16,local_fit,0.4,observed,-3.0,11.2,11.32
TAP_A01,066a,Lecythis idatimon,Lecythidaceae,726258.2294791999,9682944.953976,O,10.0,False,,,20151210.0,,,,10.2,False,20180830,2,10.78,11.39,local_fit,0.067,observed,-3.0,10.0,11.22
TAP_A01,066b,Maquira coriacea,Moraceae,726281.5977386478,9682955.30380824,O,60.5,False,21.56,32.6,20151210.0,,,,63.0,False,20180830,2,32.64,32.6,measured,0.833,observed,-3.0,60.5,32.02
TAP_A01,067b,Quiina florida,Ochnaceae,726282.1303654799,9682952.3675764,O,12.6,False,,,20151210.0,,,,13.1,False,20180830,2,12.88,13.02,local_fit,0.167,observed,-3.0,12.6,12.67
TAP_A01,068b,Theobroma glaucum,Malvaceae,726282.094623424,9682950.62662312,O,16.2,False,,,20151210.0,,,,16.6,False,20180830,2,15.16,15.06,local_fit,0.133,observed,-3.0,16.2,14.81
TAP_A01,069b,Pouteria guianensis,Sapotaceae,726280.1567124078,9682950.576455042,O,10.5,False,,,20151210.0,,,,12.1,False,20180830,2,12.18,11.71,local_fit,0.533,observed,-3.0,10.5,10.58
TAP_A01,070b,Tachigali myrmecophila,Fabaceae,726281.132160448,9682947.53421024,O,12.2,False,,,20151210.0,,,,13.1,False,20180830,2,12.88,12.78,local_fit,0.3,observed,-3.0,12.2,12.15
TAP_A01,001a,Maquira coriacea,Moraceae,727908.11426496,9683087.4220928,O,24.3,False,16.59,24.94,20151211.0,,,,32.5,False,20180830,3,23.2,24.94,measured,2.733,observed,-3.0,24.3,20.91
TAP_A01,001b,Quiina florida,Ochnaceae,727907.09506528,9683134.487750402,O,11.2,False,,,20151211.0,,,,25.5,False,20180830,3,20.05,12.16,local_fit,4.767,observed,-3.0,11.2,6.99
TAP_A01,002a,Virola michelii,Myristicaceae,727911.2008182,9683088.247706,O,32.0,False,20.33,24.14,20151211.0,,,,,True,20180830,3,,24.14,measured,0.167,site_median,-3.0,,
TAP_A01,002b,Quiina florida,Ochnaceae,727916.6803788,9683116.570644,O,13.8,False,,,20151211.0,,,,15.0,False,20180830,3,14.15,13.73,local_fit,0.4,observed,-3.0,13.8,12.96
TAP_A01,003a,,,727910.8389864,9683089.154812,O,85.0,True,,35.7,20151211.0,,,,,True,20180830,3,,35.7,measured,0.167,site_median,-3.0,,
TAP_A01,003b,Brosimum guianense,Moraceae,727931.3880296,9683094.690188,O,11.0,False,,,20151211.0,,,,12.7,False,20180830,3,12.6,12.03,local_fit,0.567,observed,-3.0,11.0,10.87
TAP_A01,004a,,,727907.75662992,9683088.3245056,O,13.0,True,,9.75,20151211.0,,,,,True,20180830,3,,9.75,measured,0.167,site_median,-3.0,,
TAP_A01,004b,Quiina florida,Ochnaceae,727931.3880296,9683094.690188,O,11.7,False,,,20151211.0,,,,13.7,False,20180830,3,13.29,12.47,local_fit,0.667,observed,-3.0,11.7,11.16
TAP_A01,005a,Quiina florida,Ochnaceae,727905.6604694,9683090.750282,O,15.0,False,6.91,11.76,20151211.0,,,,,True,20180830,3,,11.76,measured,0.167,site_median,-3.0,,
TAP_A01,005b,Handroanthus serratifolius,Bignoniaceae,727931.7778398,9683093.751794,O,33.8,False,,,20151211.0,,,,33.7,False,20180830,3,23.69,23.08,local_fit,0.0,observed,-3.0,33.7,23.08
TAP_A01,006a,Maquira coriacea,Moraceae,727907.112886848,9683089.94884864,O,14.1,False,9.31,15.83,20151211.0,,,,14.7,False,20180830,3,13.95,15.83,measured,0.2,observed,-3.0,14.1,15.39
TAP_A01,006b,Quiina florida,Ochnaceae,727928.146633144,9683099.75334792,O,14.7,False,,,20151211.0,,,,15.0,False,20180830,3,14.15,14.24,local_fit,0.1,observed,-3.0,14.7,14.04
TAP_A01,007a,Pouteria gongrijpii,Sapotaceae,727912.1646314398,9683091.5288192,O,14.0,False,4.79,16.53,20151211.0,,,,14.6,False,20180830,3,13.89,16.53,measured,0.2,observed,-3.0,14.0,16.05
TAP_A01,007b,Dialium guianense,Fabaceae,727921.72574904,9683098.7811872,O,45.0,False,11.08,22.53,20151211.0,,,,48.5,False,20180830,3,28.84,22.53,measured,1.167,observed,-3.0,45.0,21.69
TAP_A01,008a,Manilkara huberi,Sapotaceae,727909.0298274,9683093.690342,O,16.5,False,11.78,20.25,20151211.0,,,,17.8,False,20180830,3,15.89,20.25,measured,0.433,observed,-3.0,16.5,19.24
TAP_A01,008b,Casearia javitensis,Salicaceae,727926.631829152,9683103.40698336,O,15.5,False,,,20151211.0,,,,15.3,False,20180830,3,14.34,14.68,local_fit,0.0,observed,-3.0,15.3,14.68
TAP_A01,009a,Nectandra cuspidata,Lauraceae,727904.94799716,9683092.5519788,O,16.9,False,,,20151211.0,,,,17.1,False,20180830,3,15.47,15.44,local_fit,0.067,observed,-3.0,16.9,15.32
TAP_A01,009b,Maquira coriacea,Moraceae,727924.9685684129,9683105.2318255,O,24.0,False,,,20151211.0,,,,25.5,False,20180830,3,20.05,18.92,local_fit,0.5,observed,-3.0,24.0,18.21
TAP_A01,010a,"Pouteria sp,",Sapotaceae,727904.59176104,9683093.4528272,O,12.3,False,,,20151211.0,,,,12.7,False,20180830,3,12.6,12.84,local_fit,0.133,observed,-3.0,12.3,12.55
TAP_A01,010b,Sloanea guianensis,Elaeocarpaceae,727918.0563971889,9683105.80584636,O,35.8,False,8.699999999999998,16.67,20151211.0,,,,36.7,False,20180830,3,24.86,16.67,measured,0.3,observed,-3.0,35.8,16.44
TAP_A01,011a,,,727905.2531846398,9683094.6413952,O,12.9,False,,,20151211.0,,,,13.1,False,20180830,3,12.88,13.2,local_fit,0.067,observed,-3.0,12.9,13.06
TAP_A01,011b,Chamaecrista xinguensis,Fabaceae,727916.16396378,9683109.6047954,O,36.9,False,17.15,24.51,20151211.0,,,,36.7,False,20180830,3,24.86,24.51,measured,0.0,observed,-3.0,36.7,24.51
TAP_A01,012a,Quiina florida,Ochnaceae,727901.7985164,9683097.663092,O,19.4,False,,,20151211.0,,,,20.1,False,20180830,3,17.22,16.72,local_fit,0.233,observed,-3.0,19.4,16.34
TAP_A01,012b,Talisia longifolia,Sapindaceae,727925.17811304,9683112.3561872,O,21.4,False,,,20151211.0,,,,20.8,False,20180830,3,17.61,17.7,local_fit,0.0,observed,-3.0,20.8,17.7
TAP_A01,013a,Ormosia nobilis,Fabaceae,727898.09950176,9683095.5941568,O,19.1,False,,,20151211.0,,,,20.1,False,20180830,3,17.22,16.57,local_fit,0.333,observed,-3.0,19.1,16.02
TAP_A01,013b,Quiina florida,Ochnaceae,727925.378427468,9683112.41732924,O,13.4,False,,,20151211.0,,,,13.7,False,20180830,3,13.29,13.49,local_fit,0.1,observed,-3.0,13.4,13.28
TAP_A01,014a,Maquira coriacea,Moraceae,727896.3903536,9683097.084668,O,12.0,False,,,20151211.0,,,,12.1,False,20180830,3,12.18,12.66,local_fit,0.033,observed,-3.0,12.0,12.59
TAP_A01,014b,Nectandra cuspidata,Lauraceae,727919.59393056,9683112.2258408,O,25.7,False,,,20151211.0,,,,26.4,False,20180830,3,20.48,19.69,local_fit,0.233,observed,-3.0,25.7,19.36
TAP_A01,015a,Maquira coriacea,Moraceae,727895.07658744,9683091.7641992,O,12.6,False,,,20151211.0,,,,12.7,False,20180830,3,12.6,13.02,local_fit,0.033,observed,-3.0,12.6,12.95
TAP_A01,015b,Quiina florida,Ochnaceae,727918.4796121198,9683112.1969556,O,13.3,False,,,20151211.0,,,,13.7,False,20180830,3,13.29,13.44,local_fit,0.133,observed,-3.0,13.3,13.17
TAP_A01,016a,Tachigali paniculata,Fabaceae,727892.68994004,9683095.0172972,O,21.6,False,,,20151211.0,,,,20.1,False,20180830,3,17.22,17.8,local_fit,0.0,observed,-3.0,20.1,17.8
TAP_A01,016b,Nectandra cuspidata,Lauraceae,727920.81885336,9683114.7124848,O,17.0,False,,,20151211.0,,,,18.5,False,20180830,3,16.31,15.49,local_fit,0.5,observed,-3.0,17.0,14.64
TAP_A01,017a,Sloanea guianensis,Elaeocarpaceae,727897.6621521598,9683102.4520688,O,16.2,False,,,20151211.0,,,,22.9,False,20180830,3,18.73,15.06,local_fit,2.233,observed,-3.0,16.2,11.99
TAP_A01,017b,Pouteria macrophylla,Sapotaceae,727917.8288256,9683113.778928,O,11.2,False,,,20151211.0,,,,11.6,False,20180830,3,11.82,12.16,local_fit,0.133,observed,-3.0,11.2,11.86
TAP_A01,018a,Quiina florida,Ochnaceae,727898.264354472,9683102.63408696,O,15.0,False,,,20151211.0,,,,15.7,False,20180830,3,14.6,14.41,local_fit,0.233,observed,-3.0,15.0,13.97
TAP_A01,018b,Rinorea guianensis,Violaceae,727918.2491797399,9683115.4883182,O,10.4,False,,,20151211.0,,,,11.1,False,20180830,3,11.45,11.65,local_fit,0.233,observed,-3.0,10.4,11.12
TAP_A01,019a,Quiina florida,Ochnaceae,727893.5027176798,9683110.2000224,O,10.9,False,,,20151211.0,,,,11.5,False,20180830,3,11.75,11.97,local_fit,0.2,observed,-3.0,10.9,11.51
TAP_A01,019b,Quiina florida,Ochnaceae,727919.05095056,9683116.2687008,O,11.1,False,,,20151211.0,,,,11.8,False,20180830,3,11.96,12.1,local_fit,0.233,observed,-3.0,11.1,11.58
TAP_A01,020a,Sloanea guianensis,Elaeocarpaceae,727903.9641822,9683106.389826,O,50.4,False,10.05,12.54,20151211.0,,,,51.9,False,20180830,3,29.82,12.54,measured,0.5,observed,-3.0,50.4,12.36
TAP_A01,020b,Quiina florida,Ochnaceae,727915.901131104,9683117.37423872,O,11.3,False,,,20151211.0,,,,11.8,False,20180830,3,11.96,12.22,local_fit,0.167,observed,-3.0,11.3,11.85
TAP_A01,021a,Chrysophyllum sanguinolentum,Sapotaceae,727899.4330795358,9683086.37732448,O,17.1,False,,,20151211.0,,,,20.4,False,20180830,3,17.39,15.54,local_fit,1.1,observed,-3.0,17.1,13.82
TAP_A01,021b,Pouteria gongrijpii,Sapotaceae,727913.74537608,9683118.2574944,O,17.5,False,,,20151211.0,,,,18.5,False,20180830,3,16.31,15.75,local_fit,0.333,observed,-3.0,17.5,15.17
TAP_A01,022a,Quiina florida,Ochnaceae,727890.286966384,9683109.87062112,O,15.4,False,,,20151211.0,,,,16.2,False,20180830,3,14.91,14.63,local_fit,0.267,observed,-3.0,15.4,14.14
TAP_A01,022b,Licania canescens,Chrysobalanaceae,727915.2512958499,9683118.955147328,O,14.7,False,,,20151211.0,,,,15.3,False,20180830,3,14.34,14.24,local_fit,0.2,observed,-3.0,14.7,13.85
TAP_A01,023a,Minquartia guianensis,Olacaceae,727888.3307400598,9683112.0394158,O,17.6,False,,,20151211.0,,,,17.6,False,20180830,3,15.77,15.81,local_fit,0.0,observed,-3.0,17.6,15.81
TAP_A01,023b,Sloanea guianensis,Elaeocarpaceae,727911.088416504,9683119.281680722,O,10.8,False,,,20151211.0,,,,12.1,False,20180830,3,12.18,11.91,local_fit,0.433,observed,-3.0,10.8,10.98
TAP_A01,024a,Quiina florida,Ochnaceae,727886.8290872799,9683113.0466504,O,13.8,False,,,20151211.0,,,,14.7,False,20180830,3,13.95,13.73,local_fit,0.3,observed,-3.0,13.8,13.15
TAP_A01,024b,Ficus trigona,Moraceae,727911.514201752,9683120.155291362,O,10.1,False,,,20151211.0,,,,10.5,False,20180830,3,11.0,11.45,local_fit,0.133,observed,-3.0,10.1,11.14
TAP_A01,025a,Protium paniculatum,Burseraceae,727894.2125003518,9683114.06669936,O,21.9,False,,,20151211.0,,,,24.8,False,20180830,3,19.7,17.94,local_fit,0.967,observed,-3.0,21.9,16.58
TAP_A01,025b,Couratari stellata,Lecythidaceae,727910.0699227198,9683121.7773296,O,13.9,False,,,20151211.0,,,,14.3,False,20180830,3,13.69,13.78,local_fit,0.133,observed,-3.0,13.9,13.51
TAP_A01,026a,,,727889.9963132798,9683119.1459304,O,23.1,True,,,20151211.0,,,,,True,20180830,3,,18.51,local_fit,0.167,site_median,-3.0,,
TAP_A01,026b,Quiina florida,Ochnaceae,727905.7569662678,9683120.86351724,O,10.8,False,,,20151211.0,,,,12.1,False,20180830,3,12.18,11.91,local_fit,0.433,observed,-3.0,10.8,10.98
TAP_A01,027a,Sloanea guianensis,Elaeocarpaceae,727896.6487342318,9683119.15570376,O,11.4,False,,,20151211.0,,,,12.1,False,20180830,3,12.18,12.29,local_fit,0.233,observed,-3.0,11.4,11.78
TAP_A01,027b,Protium hebetatum,Burseraceae,727916.3130951358,9683122.89797648,O,23.4,False,,,20151211.0,,,,23.6,False,20180830,3,19.1,18.64,local_fit,0.067,observed,-3.0,23.4,18.53
TAP_A01,028a,Strychnos subcordata,Loganiaceae,727896.331344528,9683122.74529904,O,14.8,False,,,20151211.0,,,,15.9,False,20180830,3,14.73,14.29,local_fit,0.367,observed,-3.0,14.8,13.6
TAP_A01,028b,Quiina florida,Ochnaceae,727908.2228477,9683123.572825,O,14.0,False,,,20151211.0,,,,14.3,False,20180830,3,13.69,13.84,local_fit,0.1,observed,-3.0,14.0,13.64
TAP_A01,029a,Inga alba,Fabaceae,727891.89855852,9683122.7531156,O,20.0,False,,,20151211.0,,,,24.9,False,20180830,3,19.75,17.02,local_fit,1.633,observed,-3.0,20.0,14.8
TAP_A01,029b,Quiina florida,Ochnaceae,727907.542549256,9683127.97023608,O,10.7,False,4.74,8.93,20151211.0,,,,10.8,False,20180830,3,11.23,8.93,measured,0.033,observed,-3.0,10.7,8.87
TAP_A01,030a,Sloanea guianensis,Elaeocarpaceae,727888.24311108,9683123.6188844,O,12.9,False,,,20151211.0,,,,,True,20180830,3,,13.2,local_fit,0.167,site_median,-3.0,,
TAP_A01,030b,Diospyros artanthifolia,Ebenaceae,727909.451175392,9683128.73760256,O,17.1,False,,,20151211.0,,,,18.5,False,20180830,3,16.31,15.54,local_fit,0.467,observed,-3.0,17.1,14.74
TAP_A01,031a,Mouriri collocarpa,Melastomataceae,727890.18330396,9683124.3007028,O,10.9,False,,,20151211.0,,,,10.9,False,20180830,3,11.3,11.97,local_fit,0.0,observed,-3.0,10.9,11.97
TAP_A01,031b,Virola sebifera,Myristicaceae,727919.8194349319,9683127.91456676,O,17.0,False,,,20151211.0,,,,16.6,False,20180830,3,15.16,15.49,local_fit,0.0,observed,-3.0,16.6,15.49
TAP_A01,032a,Quiina florida,Ochnaceae,727884.19020294,9683122.6994142,O,16.1,False,,,20151211.0,,,,,True,20180830,3,,15.01,local_fit,0.167,site_median,-3.0,,
TAP_A01,032b,Protium hebetatum,Burseraceae,727922.35935904,9683129.8539432,O,16.0,False,,,20151211.0,,,,16.6,False,20180830,3,15.16,14.96,local_fit,0.2,observed,-3.0,16.0,14.59
TAP_A01,033a,Sloanea guianensis,Elaeocarpaceae,727881.806487984,9683123.16679712,O,13.0,False,,,20151211.0,,,,,True,20180830,3,,13.26,local_fit,0.167,site_median,-3.0,,
TAP_A01,033b,Quiina florida,Ochnaceae,727920.08913204,9683129.9431772,O,10.9,False,,,20151211.0,,,,12.1,False,20180830,3,12.18,11.97,local_fit,0.4,observed,-3.0,10.9,11.11
TAP_A01,034a,Tachigali myrmecophila,Fabaceae,727882.706510472,9683126.51924696,O,26.5,False,,,20151211.0,,,,29.0,False,20180830,3,21.68,20.04,local_fit,0.833,observed,-3.0,26.5,18.98
TAP_A01,034b,,,727910.7569965998,9683133.664978,O,70.0,False,32.17,40.82,20151211.0,,,,72.59999999999998,False,20180830,3,34.67,40.82,measured,0.867,observed,-3.0,70.0,40.21
TAP_A01,035a,Pouteria guianensis,Sapotaceae,727889.3792143998,9683129.138032,O,25.1,False,,,20151211.0,,,,15.3,False,20180830,3,14.34,19.42,local_fit,0.0,observed,-3.0,15.3,19.42
TAP_A01,035b,Quiina florida,Ochnaceae,727907.3714515,9683132.460845,O,14.5,False,5.91,11.18,20151211.0,,,,14.5,False,20180830,3,13.82,11.18,measured,0.0,observed,-3.0,14.5,11.18
TAP_A01,036a,Sloanea guianensis,Elaeocarpaceae,727893.2316217598,9683130.5329568,O,15.1,False,,,20151211.0,,,,15.3,False,20180830,3,14.34,14.46,local_fit,0.067,observed,-3.0,15.1,14.33
TAP_A01,036b,Iryanthera laevis,Myristicaceae,727905.618727664,9683132.68423952,O,12.4,False,8.31,12.72,20151211.0,,,,12.7,False,20180830,3,12.6,12.72,measured,0.1,observed,-3.0,12.4,12.51
TAP_A01,037a,Cordia scabrifolia,Boraginaceae,727896.12092728,9683131.5791504,O,10.9,False,,,20151211.0,,,,11.8,False,20180830,3,11.96,11.97,local_fit,0.3,observed,-3.0,10.9,11.31
TAP_A01,037b,Theobroma glaucum,Malvaceae,727907.209070608,9683134.20951744,O,14.0,False,9.99,12.98,20151211.0,,,,14.3,False,20180830,3,13.69,12.98,measured,0.1,observed,-3.0,14.0,12.79
TAP_A01,038a,Oenocarpus bacaba,Arecaceae,727896.8501865598,9683129.7586808,P,15.1,False,,,20151211.0,,,,18.8,False,20180830,3,16.48,14.46,local_fit,1.233,observed,-3.0,15.1,12.47
TAP_A01,038b,Dialium guianense,Fabaceae,727907.209070608,9683134.20951744,O,14.7,False,9.7,12.67,20151211.0,,,,15.0,False,20180830,3,14.15,12.67,measured,0.1,observed,-3.0,14.7,12.49
TAP_A01,039a,Protium paniculatum,Burseraceae,727898.1821147999,9683129.192484,O,13.3,False,,,20151211.0,,,,15.1,False,20180830,3,14.21,13.44,local_fit,0.6,observed,-3.0,13.3,12.31
TAP_A01,039b,Rinorea guianensis,Violaceae,727909.02803126,9683137.8595918,O,18.8,False,,,20151211.0,,,,17.2,False,20180830,3,15.53,16.42,local_fit,0.0,observed,-3.0,17.2,16.42
TAP_A01,040a,Tetragastris panamensis,Burseraceae,727898.3463452798,9683134.2722144,O,16.2,False,,,20151211.0,,,,17.6,False,20180830,3,15.77,15.06,local_fit,0.467,observed,-3.0,16.2,14.24
TAP_A01,040b,Quiina florida,Ochnaceae,727912.49365856,9683137.5075808,O,16.7,False,,,20151211.0,,,,17.2,False,20180830,3,15.53,15.33,local_fit,0.167,observed,-3.0,16.7,15.02
TAP_A01,041a,Strychnos subcordata,Loganiaceae,727902.375891456,9683135.21781008,O,14.1,False,,,20151211.0,,,,17.3,False,20180830,3,15.59,13.9,local_fit,1.067,observed,-3.0,14.1,12.09
TAP_A01,041b,Iryanthera laevis,Myristicaceae,727913.0669502,9683138.794706,O,21.4,False,7.26,9.11,20151211.0,,,,18.5,False,20180830,3,16.31,9.11,measured,0.0,observed,-3.0,18.5,9.11
TAP_A01,042a,Aspidosperma excelsum,Apocynaceae,727900.71378528,9683131.1410904,O,24.9,False,,,20151211.0,,,,15.6,False,20180830,3,14.54,19.33,local_fit,0.0,observed,-3.0,15.6,19.33
TAP_A01,043a,Strychnos subcordata,Loganiaceae,727901.158055664,9683130.04129952,O,19.1,False,,,20151211.0,,,,19.4,False,20180830,3,16.83,16.57,local_fit,0.1,observed,-3.0,19.1,16.39
TAP_A01,043b,Protium paniculatum,Burseraceae,727917.1905459958,9683139.53463228,O,11.8,False,,,20151211.0,,,,12.2,False,20180830,3,12.25,12.53,local_fit,0.133,observed,-3.0,11.8,12.23
TAP_A01,044a,Virola michelii,Myristicaceae,727904.248001856,9683130.61188208,O,26.4,False,,,20151211.0,,,,27.7,False,20180830,3,21.09,20.0,local_fit,0.433,observed,-3.0,26.4,19.42
TAP_A01,044b,Quiina florida,Ochnaceae,727917.7441142278,9683138.21212004,O,14.0,False,,,20151211.0,,,,14.3,False,20180830,3,13.69,13.84,local_fit,0.1,observed,-3.0,14.0,13.64
TAP_A01,045a,Rollinia exsucca,Annonaceae,727903.9511656999,9683128.613621,O,13.5,False,,,20151211.0,,,,14.0,False,20180830,3,13.49,13.55,local_fit,0.167,observed,-3.0,13.5,13.21
TAP_A01,045b,Tapirira guianensis,Anacardiaceae,727919.6733955318,9683138.90614076,O,27.8,False,,,20151211.0,,,,30.9,False,20180830,3,22.52,20.6,local_fit,1.033,observed,-3.0,27.8,19.34
TAP_A01,046a,Virola michelii,Myristicaceae,727907.7301272,9683122.044856,O,16.6,False,,,20151211.0,,,,18.5,False,20180830,3,16.31,15.28,local_fit,0.633,observed,-3.0,16.6,14.2
TAP_A01,046b,Brosimum guianense,Moraceae,727920.438234864,9683139.72782352,O,14.5,False,,,20151211.0,,,,14.5,False,20180830,3,13.82,14.13,local_fit,0.0,observed,-3.0,14.5,14.13
TAP_A01,047a,Couratari stellata,Lecythidaceae,727898.862778784,9683121.96198112,O,22.0,False,,,20151211.0,,,,24.8,False,20180830,3,19.7,17.99,local_fit,0.933,observed,-3.0,22.0,16.67
TAP_A01,047b,Strychnos subcordata,Loganiaceae,727925.242691232,9683144.11553376,O,19.5,False,,,20151211.0,,,,20.8,False,20180830,3,17.61,16.77,local_fit,0.433,observed,-3.0,19.5,16.07
TAP_A01,048a,Strychnos subcordata,Loganiaceae,727902.8236882,9683120.402886,O,10.0,False,,,20151211.0,,,,11.8,False,20180830,3,11.96,11.39,local_fit,0.6,observed,-3.0,10.0,10.11
TAP_A01,048b,Theobroma glaucum,Malvaceae,727925.023356608,9683139.39890944,O,12.7,False,,,20151211.0,,,,12.7,False,20180830,3,12.6,13.08,local_fit,0.0,observed,-3.0,12.7,13.08
TAP_A01,049a,Sloanea guianensis,Elaeocarpaceae,727903.37482942,9683119.0328406,O,11.9,False,,,20151211.0,,,,13.4,False,20180830,3,13.08,12.6,local_fit,0.5,observed,-3.0,11.9,11.59
TAP_A01,049b,Sloanea guianensis,Elaeocarpaceae,727920.73245936,9683133.7334288,O,12.3,False,,,20151211.0,,,,12.2,False,20180830,3,12.25,12.84,local_fit,0.0,observed,-3.0,12.2,12.84
TAP_A01,050a,Strychnos subcordata,Loganiaceae,727902.50194598,9683115.6500414,O,20.2,False,,,20151211.0,,,,21.3,False,20180830,3,17.88,17.12,local_fit,0.367,observed,-3.0,20.2,16.55
TAP_A01,050b,,,727921.4681564,9683126.642372,O,14.3,True,,,20151211.0,,,,,True,20180830,3,,14.01,local_fit,0.167,site_median,-3.0,,
TAP_A01,051a,Strychnos subcordata,Loganiaceae,727899.53919716,9683114.6859788,O,13.3,False,,,20151211.0,,,,13.5,False,20180830,3,13.15,13.44,local_fit,0.067,observed,-3.0,13.3,13.31
TAP_A01,051b,Sloanea guianensis,Elaeocarpaceae,727928.5630846398,9683125.7553152,O,12.4,False,,,20151211.0,,,,,True,20180830,3,,12.9,local_fit,0.167,site_median,-3.0,,
TAP_A01,052a,"Inga sp,",Fabaceae,727905.5793943,9683113.552659,O,10.1,False,,,20151211.0,,,,10.6,False,20180830,3,11.08,11.45,local_fit,0.167,observed,-3.0,10.1,11.06
TAP_A01,052b,Sloanea guianensis,Elaeocarpaceae,727929.42742938,9683126.3652274,O,17.4,False,,,20151211.0,,,,,True,20180830,3,,15.7,local_fit,0.167,site_median,-3.0,,
TAP_A01,053a,Sloanea guianensis,Elaeocarpaceae,727911.717983,9683114.99125,O,16.6,False,,,20151211.0,,,,,True,20180830,3,,15.28,local_fit,0.167,site_median,-3.0,,
TAP_A01,053b,Tachigali myrmecophila,Fabaceae,727927.870843968,9683122.07001024,O,11.5,False,,,20151211.0,,,,16.6,False,20180830,3,15.16,12.35,local_fit,1.7,observed,-3.0,11.5,9.57
TAP_A01,054a,Virola michelii,Myristicaceae,727911.09992592,9683113.7541856,O,28.1,False,,,20151211.0,,,,28.4,False,20180830,3,21.41,20.73,local_fit,0.1,observed,-3.0,28.1,20.6
TAP_A01,054b,Protium paniculatum,Burseraceae,727926.101163572,9683112.85020196,O,10.5,False,,,20151211.0,,,,12.7,False,20180830,3,12.6,11.71,local_fit,0.733,observed,-3.0,10.5,10.22
TAP_A01,055a,Quiina florida,Ochnaceae,727908.488517,9683111.89475,O,11.4,False,,,20151211.0,,,,11.8,False,20180830,3,11.96,12.29,local_fit,0.133,observed,-3.0,11.4,11.99
TAP_A01,055b,Protium hebetatum,Burseraceae,727924.09857886,9683112.2381558,O,12.2,False,,,20151211.0,,,,12.7,False,20180830,3,12.6,12.78,local_fit,0.167,observed,-3.0,12.2,12.42
TAP_A01,056a,"Pouteria sp,",Sapotaceae,727913.2212669998,9683111.30025,O,18.2,False,,,20151211.0,,,,19.6,False,20180830,3,16.94,16.12,local_fit,0.467,observed,-3.0,18.2,15.35
TAP_A01,056b,Quiina florida,Ochnaceae,727933.311410304,9683114.51612672,O,12.1,False,,,20151211.0,,,,12.5,False,20180830,3,12.46,12.72,local_fit,0.133,observed,-3.0,12.1,12.43
TAP_A01,057a,Quiina florida,Ochnaceae,727907.012361472,9683109.99054096,O,10.2,False,,,20151211.0,,,,10.6,False,20180830,3,11.08,11.52,local_fit,0.133,observed,-3.0,10.2,11.21
TAP_A01,057b,Pseudopiptadenia suaveolens,Fabaceae,727935.59903276,9683114.4576868,O,18.5,False,,,20151211.0,,,,20.8,False,20180830,3,17.61,16.27,local_fit,0.767,observed,-3.0,18.5,15.07
TAP_A01,058a,Quiina florida,Ochnaceae,727906.3305572,9683106.092576,O,12.3,False,,,20151211.0,,,,12.7,False,20180830,3,12.6,12.84,local_fit,0.133,observed,-3.0,12.3,12.55
TAP_A01,058b,Virola sebifera,Myristicaceae,727938.994726,9683117.11706,O,13.5,False,,,20151211.0,,,,15.3,False,20180830,3,14.34,13.55,local_fit,0.6,observed,-3.0,13.5,12.43
TAP_A01,059a,Couratari stellata,Lecythidaceae,727909.7061984,9683106.092432,O,11.1,False,,,20151211.0,,,,12.5,False,20180830,3,12.46,12.1,local_fit,0.467,observed,-3.0,11.1,11.12
TAP_A01,059b,,,727937.4224252,9683110.157476,O,37.4,True,12.77,19.81,20151211.0,,,,,True,20180830,3,,19.81,measured,0.167,site_median,-3.0,,
TAP_A01,060a,,,727910.0750248,9683105.177504,L,13.5,False,,,20151211.0,,,,14.1,False,20180830,3,13.56,13.55,local_fit,0.2,observed,-3.0,13.5,13.14
TAP_A01,060b,Cordia scabrifolia,Boraginaceae,727943.102666,9683107.49846,O,39.5,False,23.3,31.67,20151211.0,,,,39.8,False,20180830,3,26.0,31.67,measured,0.1,observed,-3.0,39.5,31.54
TAP_A01,061a,"Pouteria sp,",Sapotaceae,727911.45031956,9683104.5628108,O,17.2,False,,,20151211.0,,,,19.5,False,20180830,3,16.88,15.6,local_fit,0.767,observed,-3.0,17.2,14.35
TAP_A01,061b,Virola sebifera,Myristicaceae,727934.3671128,9683103.933044,O,13.6,False,,,20151211.0,,,,13.7,False,20180830,3,13.29,13.61,local_fit,0.033,observed,-3.0,13.6,13.54
TAP_A01,062a,Symphonia globulifera,Clusiaceae,727908.61392876,9683103.2062068,O,13.9,False,,,20151211.0,,,,16.9,False,20180830,3,15.35,13.78,local_fit,1.0,observed,-3.0,13.9,12.05
TAP_A01,062b,Tachigali myrmecophila,Fabaceae,727931.54377944,9683105.2437792,O,31.0,False,,,20151211.0,,,,36.0,False,20180830,3,24.6,21.95,local_fit,1.667,observed,-3.0,31.0,20.13
TAP_A01,063a,Quiina florida,Ochnaceae,727910.53966528,9683101.2222504,O,12.0,False,,,20151211.0,,,,14.0,False,20180830,3,13.49,12.66,local_fit,0.667,observed,-3.0,12.0,11.36
TAP_A01,063b,Quiina florida,Ochnaceae,727928.8101590478,9683106.35369464,O,11.3,False,,,20151211.0,,,,11.8,False,20180830,3,11.96,12.22,local_fit,0.167,observed,-3.0,11.3,11.85
TAP_A01,064a,Rinorea guianensis,Violaceae,727914.5007212398,9683099.8137332,O,82.0,False,29.49,43.24,20151211.0,,,,84.4,False,20180830,3,36.75,43.24,measured,0.8,observed,-3.0,82.0,42.78
TAP_A01,064b,Tachigali myrmecophila,Fabaceae,727931.47989372,9683099.9513396,O,22.5,False,,,20151211.0,,,,25.8,False,20180830,3,20.19,18.23,local_fit,1.1,observed,-3.0,22.5,16.73
TAP_A01,065a,Quiina florida,Ochnaceae,727917.0906792,9683099.015216,O,13.5,False,,,20151211.0,,,,14.0,False,20180830,3,13.49,13.55,local_fit,0.167,observed,-3.0,13.5,13.21
TAP_A01,065b,Quiina florida,Ochnaceae,727929.59490268,9683099.0068004,O,16.5,False,,,20151211.0,,,,17.2,False,20180830,3,15.53,15.22,local_fit,0.233,observed,-3.0,16.5,14.8
TAP_A01,066a,Quiina florida,Ochnaceae,727914.152964396,9683097.87241628,O,11.2,False,,,20151211.0,,,,11.8,False,20180830,3,11.96,12.16,local_fit,0.2,observed,-3.0,11.2,11.72
TAP_A01,066b,Theobroma glaucum,Malvaceae,727940.7960592319,9683096.80011776,O,10.7,False,,,20151211.0,,,,10.9,False,20180830,3,11.3,11.84,local_fit,0.067,observed,-3.0,10.7,11.68
TAP_A01,067a,Quiina florida,Ochnaceae,727917.19348788,9683095.9670684,O,13.3,False,,,20151211.0,,,,15.3,False,20180830,3,14.34,13.44,local_fit,0.667,observed,-3.0,13.3,12.2
TAP_A01,068a,Maquira coriacea,Moraceae,727910.52379806,9683095.6248758,O,10.7,False,,,20151211.0,,,,11.8,False,20180830,3,11.96,11.84,local_fit,0.367,observed,-3.0,10.7,11.04
TAP_A01,069a,Quiina florida,Ochnaceae,727917.808176976,9683091.64302768,O,16.0,False,,,20151211.0,,,,16.6,False,20180830,3,15.16,14.96,local_fit,0.2,observed,-3.0,16.0,14.59
TAP_A01,070a,,,727917.37392468,9683089.8989324,O,57.5,True,,25.36,20151211.0,,,,,True,20180830,3,,25.36,measured,0.167,site_median,-3.0,,
TAP_A01,071a,Inga marginata,Fabaceae,727896.3903536,9683097.084668,O,,,,,,,,,11.2,False,20180830,3,11.53,11.53,feldpausch_regional,0.167,site_median,-3.0,10.7,11.15
TAP_A01,072a,Quiina florida,Ochnaceae,727898.10048384,9683112.6896512,O,,,,,,,,,11.1,False,20180830,3,11.45,11.45,feldpausch_regional,0.167,site_median,-3.0,10.6,11.08
TAP_A01,073a,Quiina florida,Ochnaceae,727890.41618832,9683115.2407376,O,,,,,,,,,10.8,False,20180830,3,11.23,11.23,feldpausch_regional,0.167,site_median,-3.0,10.3,10.85
TAP_A01,074a,Quiina florida,Ochnaceae,727895.024822496,9683120.45040128,O,,,,,,,,,10.4,False,20180830,3,10.93,10.93,feldpausch_regional,0.167,site_median,-3.0,9.9,10.55
TAP_A01,075a,Protium hebetatum,Burseraceae,727884.80719502,9683126.7703526,O,,,,,,,,,10.3,False,20180830,3,10.85,10.85,feldpausch_regional,0.167,site_median,-3.0,9.8,10.47
TAP_A01,001a,Tetragastris altissima,Burseraceae,727028.61861004,9684085.135744002,O,17.1,False,9.11,21.75,20151214.0,17.3,False,20161015.0,,True,20180901,4,,21.75,measured,0.167,site_median,-3.0,,
TAP_A01,001b,Quiina florida,Ochnaceae,727056.97668264,9684098.674424,O,10.4,False,,,20151214.0,10.7,False,20161015.0,,True,20180901,4,,11.65,local_fit,0.167,site_median,-3.0,,
TAP_A01,002a,Protium paniculatum,Burseraceae,727031.7739141599,9684086.276236,O,10.1,False,9.81,18.34,20151214.0,10.3,False,20161015.0,,True,20180901,4,,18.34,measured,0.167,site_median,-3.0,,
TAP_A01,002b,Sloanea guianensis,Elaeocarpaceae,727055.227750704,9684093.7608284,O,12.1,False,,,20151214.0,11.8,True,20161015.0,,True,20180901,4,,12.72,local_fit,0.167,site_median,-3.0,,
TAP_A01,003a,Protium paniculatum,Burseraceae,727038.57520332,9684091.010632,O,13.9,False,10.04,16.36,20151214.0,14.4,False,20161015.0,,True,20180901,4,,16.36,measured,0.167,site_median,-3.0,,
TAP_A01,003b,Quiina florida,Ochnaceae,727065.747445488,9684097.6921048,O,22.3,False,,,20151214.0,22.3,False,20161015.0,,True,20180901,4,,18.13,local_fit,0.167,site_median,-3.0,,
TAP_A01,004a,,,727042.8767638399,9684095.921424,O,50.0,True,,2.4,20151214.0,50.0,True,20161015.0,,True,20180901,4,,2.4,measured,0.167,site_median,-3.0,,
TAP_A01,004b,,,727058.5795982399,9684103.589784,O,11.8,False,,,20151214.0,12.0,False,20161015.0,,True,20180901,4,,12.53,local_fit,0.167,site_median,-3.0,,
TAP_A01,005a,Chimarrhis turbinata,Rubiaceae,727043.1038238478,9684098.9144928,O,20.6,False,6.97,10.54,20151214.0,20.6,False,20161015.0,,True,20180901,4,,10.54,measured,0.167,site_median,-3.0,,
TAP_A01,005b,Couratari stellata,Lecythidaceae,727058.504060496,9684103.7803256,O,15.6,False,,,20151214.0,15.9,False,20161015.0,,True,20180901,4,,14.74,local_fit,0.167,site_median,-3.0,,
TAP_A01,006a,Chamaecrista scleroxylon,Fabaceae,727041.30984028,9684097.398392,O,18.6,False,5.23,12.73,20151214.0,18.0,False,20161015.0,,True,20180901,4,,12.73,measured,0.167,site_median,-3.0,,
TAP_A01,006b,Vochysia guianensis,Vochysiaceae,727057.748683056,9684105.6857416,O,87.0,False,27.77,43.15,20151214.0,87.2,False,20161015.0,,True,20180901,4,,43.15,measured,0.167,site_median,-3.0,,
TAP_A01,007a,Hymenolobium petraeum,Fabaceae,727039.2112581598,9684096.898136,O,15.6,False,11.4,15.22,20151214.0,13.9,False,20161015.0,,True,20180901,4,,15.22,measured,0.167,site_median,-3.0,,
TAP_A01,007b,Maquira coriacea,Moraceae,727051.193553346,9684105.64578656,O,11.5,False,,,20151214.0,11.6,False,20161015.0,,True,20180901,4,,12.35,local_fit,0.167,site_median,-3.0,,
TAP_A01,008a,,,727032.1270366719,9684094.2214712,O,13.1,False,,,20151214.0,17.1,False,20161015.0,,True,20180901,4,,13.32,local_fit,0.167,site_median,-3.0,,
TAP_A01,008b,Tachigali myrmecophila,Fabaceae,727053.666003996,9684107.4531576,O,19.3,False,,,20151214.0,19.7,False,20161015.0,,True,20180901,4,,16.67,local_fit,0.167,site_median,-3.0,,
TAP_A01,009a,Micropholis venulosa,Sapotaceae,727028.77385908,9684094.444808,O,17.0,False,,,20151214.0,17.0,False,20161015.0,,True,20180901,4,,15.49,local_fit,0.167,site_median,-3.0,,
TAP_A01,009b,Duguetia surinamensis,Annonaceae,727056.6156168958,9684108.5438656,O,12.5,False,,,20151214.0,12.6,False,20161015.0,,True,20180901,4,,12.96,local_fit,0.167,site_median,-3.0,,
TAP_A01,010a,Maquira coriacea,Moraceae,727025.994629688,9684097.193484802,O,11.0,False,,,20151214.0,13.5,False,20161015.0,,True,20180901,4,,12.03,local_fit,0.167,site_median,-3.0,,
TAP_A01,010b,,,727056.54046712,9684111.531672,O,50.5,False,34.69,45.54,20151214.0,50.5,False,20161015.0,,True,20180901,4,,45.54,measured,0.167,site_median,-3.0,,
TAP_A01,011a,Lecythis lurida,Lecythidaceae,727026.3256392,9684100.53214,O,15.5,False,,,20151214.0,15.5,False,20161015.0,,True,20180901,4,,14.68,local_fit,0.167,site_median,-3.0,,
TAP_A01,011b,Couratari stellata,Lecythidaceae,727055.482550736,9684111.4019896,O,58.0,False,27.71,39.23,20151214.0,58.0,False,20161015.0,,True,20180901,4,,39.23,measured,0.167,site_median,-3.0,,
TAP_A01,012a,Couratari stellata,Lecythidaceae,727031.1010043758,9684106.9864916,O,29.2,False,,,20151214.0,29.5,False,20161015.0,,True,20180901,4,,21.2,local_fit,0.167,site_median,-3.0,,
TAP_A01,012b,Protium paniculatum,Burseraceae,727057.7933224029,9684115.46071832,O,23.4,False,,,20151214.0,24.4,False,20161015.0,,True,20180901,4,,18.64,local_fit,0.167,site_median,-3.0,,
TAP_A01,013a,Bowdichia nitida,Fabaceae,727027.1632354798,9684110.41384,O,14.9,False,,,20151214.0,15.4,False,20161015.0,,True,20180901,4,,14.35,local_fit,0.167,site_median,-3.0,,
TAP_A01,013b,Quiina florida,Ochnaceae,727053.971795856,9684115.2128216,O,11.4,False,,,20151214.0,11.6,False,20161015.0,,True,20180901,4,,12.29,local_fit,0.167,site_median,-3.0,,
TAP_A01,014a,,,727025.5698681598,9684112.891136002,O,23.7,True,,,20151214.0,23.6,True,20161015.0,,True,20180901,4,,18.78,local_fit,0.167,site_median,-3.0,,
TAP_A01,014b,Quiina florida,Ochnaceae,727054.514199316,9684116.5598456,O,10.1,False,,,20151214.0,10.2,False,20161015.0,,True,20180901,4,,11.45,local_fit,0.167,site_median,-3.0,,
TAP_A01,015a,Brosimum rubescens,Moraceae,727025.07354448,9684115.020328,O,10.6,False,,,20151214.0,10.7,False,20161015.0,,True,20180901,4,,11.78,local_fit,0.167,site_median,-3.0,,
TAP_A01,015b,Couratari stellata,Lecythidaceae,727056.991589912,9684118.3937052,O,50.1,False,31.19,38.36,20151214.0,50.2,False,20161015.0,,True,20180901,4,,38.36,measured,0.167,site_median,-3.0,,
TAP_A01,016a,Tachigali myrmecophila,Fabaceae,727022.7419904,9684116.62096,O,13.5,False,,,20151214.0,13.7,False,20161015.0,,True,20180901,4,,13.55,local_fit,0.167,site_median,-3.0,,
TAP_A01,016b,Quiina florida,Ochnaceae,727056.46179648,9684122.139848,O,15.0,False,,,20151214.0,15.5,False,20161015.0,,True,20180901,4,,14.41,local_fit,0.167,site_median,-3.0,,
TAP_A01,017a,Chimarrhis turbinata,Rubiaceae,727031.77555764,9684119.780074,O,12.0,False,,,20151214.0,12.2,False,20161015.0,,True,20180901,4,,12.66,local_fit,0.167,site_median,-3.0,,
TAP_A01,017b,,,727052.52616298,9684121.493148,O,23.6,True,,,20151214.0,23.6,True,20161015.0,,True,20180901,4,,18.74,local_fit,0.167,site_median,-3.0,,
TAP_A01,018a,Tetragastris panamensis,Burseraceae,727033.1757509998,9684125.1598,O,24.8,False,,,20151214.0,25.4,False,20161015.0,,True,20180901,4,,19.28,local_fit,0.167,site_median,-3.0,,
TAP_A01,018b,Maquira coriacea,Moraceae,727051.59235692,9684121.214882,O,37.0,False,21.75,30.69,20151214.0,37.1,False,20161015.0,,True,20180901,4,,30.69,measured,0.167,site_median,-3.0,,
TAP_A01,019a,Maquira coriacea,Moraceae,727025.88884794,9684123.731704,O,50.4,False,29.07,37.06,20151214.0,50.5,False,20161015.0,,True,20180901,4,,37.06,measured,0.167,site_median,-3.0,,
TAP_A01,019b,Chamaecrista xinguensis,Fabaceae,727049.72589396,9684123.328376,O,15.4,False,6.55,12.42,20151214.0,15.4,False,20161015.0,,True,20180901,4,,12.42,measured,0.167,site_median,-3.0,,
TAP_A01,020a,Aspidosperma parvifolium,Apocynaceae,727024.86796864,9684124.017704,O,10.8,False,,,20151214.0,11.0,False,20161015.0,,True,20180901,4,,11.91,local_fit,0.167,site_median,-3.0,,
TAP_A01,020b,Astronium graveolens,Anacardiaceae,727049.3528312,9684124.28508,O,11.7,False,7.88,12.25,20151214.0,11.9,False,20161015.0,,True,20180901,4,,12.25,measured,0.167,site_median,-3.0,,
TAP_A01,021a,Copaifera reticulata,Fabaceae,727028.1514887998,9684126.01954,O,12.7,False,,,20151214.0,13.0,False,20161015.0,,True,20180901,4,,13.08,local_fit,0.167,site_median,-3.0,,
TAP_A01,021b,Symphonia globulifera,Clusiaceae,727049.250686856,9684127.1216716,O,10.2,False,9.54,14.04,20151214.0,10.4,False,20161015.0,,True,20180901,4,,14.04,measured,0.167,site_median,-3.0,,
TAP_A01,022a,Chamaecrista scleroxylon,Fabaceae,727032.1290851,9684128.73204,O,16.8,False,,,20151214.0,17.1,False,20161015.0,,True,20180901,4,,15.38,local_fit,0.167,site_median,-3.0,,
TAP_A01,022b,Quiina florida,Ochnaceae,727046.9614687999,9684127.8636,O,17.0,False,6.3,11.4,20151214.0,17.4,False,20161015.0,,True,20180901,4,,11.4,measured,0.167,site_median,-3.0,,
TAP_A01,023a,Aspidosperma spruceanum,Apocynaceae,727029.009413296,9684129.7965656,O,24.4,False,,,20151214.0,24.3,False,20161015.0,,True,20180901,4,,19.1,local_fit,0.167,site_median,-3.0,,
TAP_A01,023b,Lecythis lurida,Lecythidaceae,727048.91869404,9684129.45948,O,16.5,False,65.11,11.69,20151214.0,16.5,False,20161015.0,,True,20180901,4,,11.69,measured,0.167,site_median,-3.0,,
TAP_A01,024a,Myrcia splendens,Myrtaceae,727021.946705296,9684128.4342376,O,14.8,False,,,20151214.0,15.0,False,20161015.0,,True,20180901,4,,14.29,local_fit,0.167,site_median,-3.0,,
TAP_A01,024b,Virola sebifera,Myristicaceae,727044.4448763198,9684129.304392,O,19.3,False,14.14,20.33,20151214.0,19.7,False,20161015.0,,True,20180901,4,,20.33,measured,0.167,site_median,-3.0,,
TAP_A01,025a,Erisma uncinatum,Vochysiaceae,727023.6323825918,9684129.0894032,O,31.7,False,,,20151214.0,31.8,False,20161015.0,,True,20180901,4,,22.23,local_fit,0.167,site_median,-3.0,,
TAP_A01,025b,Quiina florida,Ochnaceae,727043.8701805118,9684130.8542992,O,10.1,False,,,20151214.0,10.4,False,20161015.0,,True,20180901,4,,11.45,local_fit,0.167,site_median,-3.0,,
TAP_A01,026a,Erisma uncinatum,Vochysiaceae,727021.84744056,9684128.860076,O,136.8,False,34.22,51.75,20151214.0,133.8,False,20161015.0,,True,20180901,4,,51.75,measured,0.167,site_median,-3.0,,
TAP_A01,026b,Couratari stellata,Lecythidaceae,727042.39818788,9684133.022136,O,14.4,False,,,20151214.0,14.6,False,20161015.0,,True,20180901,4,,14.07,local_fit,0.167,site_median,-3.0,,
TAP_A01,027a,Enterolobium maximum,Fabaceae,727020.6918677998,9684137.5652,O,12.0,False,,,20151214.0,12.3,False,20161015.0,,True,20180901,4,,12.66,local_fit,0.167,site_median,-3.0,,
TAP_A01,027b,,,727041.5713972799,9684137.053928,O,19.7,True,,,20151214.0,19.7,True,20161015.0,,True,20180901,4,,16.87,local_fit,0.167,site_median,-3.0,,
TAP_A01,028a,Casearia javitensis,Salicaceae,727026.49992152,9684138.883692,O,15.4,False,,,20151214.0,15.4,True,20161015.0,,True,20180901,4,,14.63,local_fit,0.167,site_median,-3.0,,
TAP_A01,028b,Quiina florida,Ochnaceae,727042.34942183,9684138.92694304,O,14.6,False,,,20151214.0,14.7,False,20161015.0,,True,20180901,4,,14.18,local_fit,0.167,site_median,-3.0,,
TAP_A01,029a,Couratari stellata,Lecythidaceae,727033.9674191598,9684140.578896,O,25.4,False,,,20151214.0,25.7,False,20161015.0,,True,20180901,4,,19.55,local_fit,0.167,site_median,-3.0,,
TAP_A01,029b,Vochysia guianensis,Vochysiaceae,727039.0372374499,9684137.92351696,O,13.5,False,,,20151214.0,13.8,False,20161015.0,,True,20180901,4,,13.55,local_fit,0.167,site_median,-3.0,,
TAP_A01,030a,Manilkara huberi,Sapotaceae,727033.26062896,9684137.188216,O,70.0,False,27.66,43.53,20151214.0,70.0,False,20161015.0,,True,20180901,4,,43.53,measured,0.167,site_median,-3.0,,
TAP_A01,030b,Couratari stellata,Lecythidaceae,727044.444252128,9684143.7832968,O,15.7,False,,,20151214.0,15.8,False,20161015.0,,True,20180901,4,,14.79,local_fit,0.167,site_median,-3.0,,
TAP_A01,031a,Quiina florida,Ochnaceae,727034.21328268,9684134.174248,O,13.2,False,,,20151214.0,13.7,False,20161015.0,,True,20180901,4,,13.38,local_fit,0.167,site_median,-3.0,,
TAP_A01,031b,Nectandra cuspidata,Lauraceae,727045.5835266,9684143.21588,O,10.6,False,,,20151214.0,10.8,False,20161015.0,,True,20180901,4,,11.78,local_fit,0.167,site_median,-3.0,,
TAP_A01,032a,Sloanea guianensis,Elaeocarpaceae,727039.9451708999,9684133.781084,O,10.7,False,,,20151214.0,11.2,False,20161015.0,,True,20180901,4,,11.84,local_fit,0.167,site_median,-3.0,,
TAP_A01,032b,Quiina florida,Ochnaceae,727050.262092672,9684138.7657952,O,11.0,False,,,20151214.0,11.1,False,20161015.0,,True,20180901,4,,12.03,local_fit,0.167,site_median,-3.0,,
TAP_A01,033a,Tachigali paniculata,Fabaceae,727040.20407648,9684130.312528,O,45.3,False,21.77,29.84,20151214.0,45.7,False,20161015.0,,True,20180901,4,,29.84,measured,0.167,site_median,-3.0,,
TAP_A01,033b,Quiina florida,Ochnaceae,727050.9762256,9684141.39544,O,12.0,False,,,20151214.0,12.1,False,20161015.0,,True,20180901,4,,12.66,local_fit,0.167,site_median,-3.0,,
TAP_A01,034a,Sloanea guianensis,Elaeocarpaceae,727041.5668006398,9684126.373824,O,13.0,False,,,20151214.0,12.9,True,20161015.0,,True,20180901,4,,13.26,local_fit,0.167,site_median,-3.0,,
TAP_A01,034b,Handroanthus serratifolius,Bignoniaceae,727050.9762256,9684141.39544,O,18.4,False,,,20151214.0,18.4,False,20161015.0,,True,20180901,4,,16.22,local_fit,0.167,site_median,-3.0,,
TAP_A01,035a,Tachigali myrmecophila,Fabaceae,727039.5812412,9684120.37734,O,14.7,False,,,20151214.0,15.5,False,20161015.0,,True,20180901,4,,14.24,local_fit,0.167,site_median,-3.0,,
TAP_A01,035b,Pseudopiptadenia psilostachya,Fabaceae,727053.6355974039,9684141.7238464,O,12.7,False,,,20151214.0,12.9,False,20161015.0,,True,20180901,4,,13.08,local_fit,0.167,site_median,-3.0,,
TAP_A01,036a,Quiina florida,Ochnaceae,727037.43111636,9684117.547216,O,11.0,False,,,20151214.0,11.9,False,20161015.0,,True,20180901,4,,12.03,local_fit,0.167,site_median,-3.0,,
TAP_A01,036b,Alexa grandiflora,Fabaceae,727052.323012272,9684140.4956912,O,24.7,False,,,20151214.0,24.7,False,20161015.0,,True,20180901,4,,19.24,local_fit,0.167,site_median,-3.0,,
TAP_A01,037a,Quiina florida,Ochnaceae,727034.7544056958,9684116.3085576,O,11.5,False,,,20151214.0,11.9,False,20161015.0,,True,20180901,4,,12.35,local_fit,0.167,site_median,-3.0,,
TAP_A01,037b,Couratari stellata,Lecythidaceae,727055.43560938,9684137.907088,O,13.6,False,,,20151214.0,13.6,False,20161015.0,,True,20180901,4,,13.61,local_fit,0.167,site_median,-3.0,,
TAP_A01,038a,Quiina florida,Ochnaceae,727035.8671776,9684115.97404,O,12.7,False,,,20151214.0,13.1,False,20161015.0,,True,20180901,4,,13.08,local_fit,0.167,site_median,-3.0,,
TAP_A01,038b,,,727049.2764881998,9684129.5572,O,15.5,True,,,20151214.0,15.5,True,20161015.0,,True,20180901,4,,14.68,local_fit,0.167,site_median,-3.0,,
TAP_A01,039a,Thyrsodium spruceanum,Anacardiaceae,727038.98846,9684115.80618,O,17.1,False,,,20151214.0,18.1,False,20161015.0,,True,20180901,4,,15.54,local_fit,0.167,site_median,-3.0,,
TAP_A01,039b,Duguetia surinamensis,Annonaceae,727063.5031482339,9684132.83645536,O,23.2,False,,,20151214.0,23.4,False,20161015.0,,True,20180901,4,,18.55,local_fit,0.167,site_median,-3.0,,
TAP_A01,040a,,,727038.35601432,9684114.509272,O,65.0,True,,9.34,20151214.0,64.5,True,20161015.0,,True,20180901,4,,9.34,measured,0.167,site_median,-3.0,,
TAP_A01,040b,Quiina florida,Ochnaceae,727062.6040244158,9684131.3704176,O,13.9,False,,,20151214.0,14.2,False,20161015.0,,True,20180901,4,,13.78,local_fit,0.167,site_median,-3.0,,
TAP_A01,041a,Couratari stellata,Lecythidaceae,727038.66431364,9684113.496624,O,30.0,False,,,20151214.0,30.1,False,20161015.0,,True,20180901,4,,21.53,local_fit,0.167,site_median,-3.0,,
TAP_A01,041b,Neea oppositifolia,Nyctaginaceae,727065.8656079998,9684131.06796,O,12.2,False,,,20151214.0,13.4,False,20161015.0,,True,20180901,4,,12.78,local_fit,0.167,site_median,-3.0,,
TAP_A01,042a,Duguetia surinamensis,Annonaceae,727035.81432288,9684112.619868,O,16.7,False,,,20151214.0,16.8,False,20161015.0,,True,20180901,4,,15.33,local_fit,0.167,site_median,-3.0,,
TAP_A01,042b,Vochysia guianensis,Vochysiaceae,727063.824982656,9684126.8144576,O,145.0,False,38.27,39.59,20151214.0,145.1,False,20161015.0,,True,20180901,4,,39.59,measured,0.167,site_median,-3.0,,
TAP_A01,043a,Couratari stellata,Lecythidaceae,727041.5143043998,9684114.37338,O,36.6,False,20.51,33.52,20151214.0,36.6,False,20161015.0,,True,20180901,4,,33.52,measured,0.167,site_median,-3.0,,
TAP_A01,043b,Quiina florida,Ochnaceae,727063.274549904,9684123.5588424,O,10.1,False,,,20151214.0,10.6,False,20161015.0,,True,20180901,4,,11.45,local_fit,0.167,site_median,-3.0,,
TAP_A01,044a,,,727042.5950225838,9684114.2669664,O,17.0,True,,,20151214.0,17.0,True,20161015.0,,True,20180901,4,,15.49,local_fit,0.167,site_median,-3.0,,
TAP_A01,044b,Protium hebetatum,Burseraceae,727058.94830556,9684126.011136,O,31.3,False,,,20151214.0,31.3,False,20161015.0,,True,20180901,4,,22.07,local_fit,0.167,site_median,-3.0,,
TAP_A01,045a,Tetragastris panamensis,Burseraceae,727040.2401611198,9684111.771572,O,11.1,False,,,20151214.0,11.3,False,20161015.0,,True,20180901,4,,12.1,local_fit,0.167,site_median,-3.0,,
TAP_A01,045b,Quiina florida,Ochnaceae,727054.96524864,9684127.992504,O,12.2,False,,,20151214.0,12.8,False,20161015.0,,True,20180901,4,,12.78,local_fit,0.167,site_median,-3.0,,
TAP_A01,046a,Couratari stellata,Lecythidaceae,727041.8047875199,9684106.728312,O,16.4,False,,,20151214.0,16.6,False,20161015.0,,True,20180901,4,,15.17,local_fit,0.167,site_median,-3.0,,
TAP_A01,046b,"Pouteria sp,",Sapotaceae,727060.9289392,9684119.29768,O,11.0,False,,,20151214.0,11.1,False,20161015.0,,True,20180901,4,,12.03,local_fit,0.167,site_median,-3.0,,
TAP_A01,047a,Duguetia surinamensis,Annonaceae,727042.1177128,9684105.71966,O,21.7,False,,,20151214.0,21.7,False,20161015.0,,True,20180901,4,,17.85,local_fit,0.167,site_median,-3.0,,
TAP_A01,047b,Manilkara huberi,Sapotaceae,727062.4286811479,9684118.4021608,O,95.5,False,23.27,39.33,20151214.0,96.0,False,20161015.0,,True,20180901,4,,39.33,measured,0.167,site_median,-3.0,,
TAP_A01,048a,Quiina florida,Ochnaceae,727044.4138992,9684105.36744,O,10.6,False,,,20151214.0,11.1,False,20161015.0,,True,20180901,4,,11.78,local_fit,0.167,site_median,-3.0,,
TAP_A01,048b,Tachigali myrmecophila,Fabaceae,727066.2584695359,9684121.8822556,O,21.2,False,,,20151214.0,21.2,False,20161015.0,,True,20180901,4,,17.61,local_fit,0.167,site_median,-3.0,,
TAP_A01,049a,"Pouteria sp,",Sapotaceae,727045.40552976,9684105.695656,O,19.0,False,,,20151214.0,19.3,False,20161015.0,,True,20180901,4,,16.52,local_fit,0.167,site_median,-3.0,,
TAP_A01,049b,Manilkara huberi,Sapotaceae,727049.759851504,9684115.8315784,O,29.0,False,,,20151214.0,29.2,False,20161015.0,,True,20180901,4,,21.12,local_fit,0.167,site_median,-3.0,,
TAP_A01,050a,Ormosia grossa,Fabaceae,727048.800222216,9684102.1996656,O,20.6,False,,,20151214.0,20.8,False,20161015.0,,True,20180901,4,,17.32,local_fit,0.167,site_median,-3.0,,
TAP_A01,050b,Iryanthera laevis,Myristicaceae,727050.4280875198,9684116.038952,O,22.0,False,,,20151214.0,22.3,False,20161015.0,,True,20180901,4,,17.99,local_fit,0.167,site_median,-3.0,,
TAP_A01,051a,Vismia floribunda,Hypericaceae,727049.8453499118,9684102.4461972,O,41.1,False,,,20151214.0,41.7,False,20161015.0,,True,20180901,4,,25.85,local_fit,0.167,site_median,-3.0,,
TAP_A01,051b,Quiina florida,Ochnaceae,727065.07853068,9684117.460168,O,17.7,False,,,20151214.0,18.1,False,20161015.0,,True,20180901,4,,15.86,local_fit,0.167,site_median,-3.0,,
TAP_A01,052a,"Pouteria sp,",Sapotaceae,727051.08539676,9684095.476696,O,24.0,False,,,20151214.0,24.5,False,20161015.0,,True,20180901,4,,18.92,local_fit,0.167,site_median,-3.0,,
TAP_A01,052b,Vochysia guianensis,Vochysiaceae,727066.707112944,9684114.0069104,O,84.7,False,26.19,41.23,20151214.0,89.0,False,20161015.0,,True,20180901,4,,41.23,measured,0.167,site_median,-3.0,,
TAP_A01,053a,Tachigali paniculata,Fabaceae,727052.46859392,9684094.864192,O,13.3,False,,,20151214.0,13.3,False,20161015.0,,True,20180901,4,,13.44,local_fit,0.167,site_median,-3.0,,
TAP_A01,053b,Quiina florida,Ochnaceae,727066.921400084,9684113.5525344,O,14.7,False,,,20151214.0,14.9,False,20161015.0,,True,20180901,4,,14.24,local_fit,0.167,site_median,-3.0,,
TAP_A01,054b,Casearia javitensis,Salicaceae,727068.2928377799,9684110.644528,O,12.5,False,,,20151214.0,12.5,False,20161015.0,,True,20180901,4,,12.96,local_fit,0.167,site_median,-3.0,,
TAP_A01,055b,Tachigali paniculata,Fabaceae,727064.772140468,9684108.1820208,O,40.5,False,22.42,32.7,20151214.0,41.7,False,20161015.0,,True,20180901,4,,32.7,measured,0.167,site_median,-3.0,,
TAP_A01,056b,Casearia javitensis,Salicaceae,727062.4208903998,9684102.76492,O,12.2,False,,,20151214.0,12.3,False,20161015.0,,True,20180901,4,,12.78,local_fit,0.167,site_median,-3.0,,
TAP_A01,057b,Vochysia guianensis,Vochysiaceae,727072.064291444,9684102.6475104,O,16.6,False,,,20151214.0,17.4,False,20161015.0,,True,20180901,4,,15.28,local_fit,0.167,site_median,-3.0,,
TAP_A01,058b,Nectandra cuspidata,Lauraceae,727073.178584572,9684100.2847552,O,31.2,False,,,20151214.0,31.2,True,20161015.0,,True,20180901,4,,22.03,local_fit,0.167,site_median,-3.0,,
TAP_A01,059b,Protium hebetatum,Burseraceae,727074.023329695,9684100.59176352,O,11.4,False,,,20151214.0,11.4,False,20161015.0,,True,20180901,4,,12.29,local_fit,0.167,site_median,-3.0,,
TAP_A01,060b,Protium hebetatum,Burseraceae,727080.358918119,9684102.89432592,O,19.2,False,,,20151214.0,19.2,False,20161015.0,,True,20180901,4,,16.62,local_fit,0.167,site_median,-3.0,,
TAP_A01,061a,Cecropia palmata,Urticaceae,727031.9634041501,9684104.42836704,O,,,,,,,,,15.7,False,20180901,4,14.6,14.6,feldpausch_regional,0.167,site_median,-3.0,15.2,14.28
TAP_A01,062a,Quiina florida,Ochnaceae,727027.7188057558,9684121.4281636,O,,,,,,,,,11.5,False,20180901,4,11.75,11.75,feldpausch_regional,0.167,site_median,-3.0,11.0,11.38
TAP_A01,063a,Quiina florida,Ochnaceae,727023.851796422,9684132.27882224,O,,,,,,,,,10.4,False,20180901,4,10.93,10.93,feldpausch_regional,0.167,site_median,-3.0,9.9,10.55
TAP_A01,064a,Vismia floribunda,Hypericaceae,727044.760501203,9684094.22876232,O,,,,,,,,,10.0,False,20180901,4,10.62,10.62,feldpausch_regional,0.167,site_median,-3.0,9.5,10.23
TAP_A01,001a,Chamaecrista scleroxylon,Fabaceae,726433.2493246,9683897.370782,O,30.4,False,,,20151212.0,,,,31.0,False,20180901,5,22.56,21.7,local_fit,0.2,observed,-3.0,30.4,21.45
TAP_A01,001b,Eschweilera amazonica,Lecythidaceae,726454.7584475998,9683905.489892,O,26.0,False,10.46,16.16,20151212.0,,,,32.8,False,20180901,5,23.32,16.16,measured,2.267,observed,-3.0,26.0,14.06
TAP_A01,002a,Poeppigia procera,Fabaceae,726435.49350272,9683899.2513504,O,32.2,False,,,20151212.0,,,,,True,20180901,5,,22.44,local_fit,0.167,site_median,-3.0,,
TAP_A01,002b,"Xylopia sp,",Annonaceae,726456.729070688,9683905.38244416,O,25.0,False,,,20151212.0,,,,26.6,False,20180901,5,20.58,19.37,local_fit,0.533,observed,-3.0,25.0,18.64
TAP_A01,003a,Lindackeria paludosa,Achariaceae,726434.429351144,9683899.467688082,O,23.0,False,,,20151212.0,,,,25.5,False,20180901,5,20.05,18.46,local_fit,0.833,observed,-3.0,23.0,17.3
TAP_A01,003b,Dipteryx odorata,Fabaceae,726449.4059634398,9683909.8082408,O,50.5,False,23.93,33.47,20151212.0,,,,50.9,False,20180901,5,29.54,33.47,measured,0.133,observed,-3.0,50.5,33.35
TAP_A01,004a,Erisma uncinatum,Vochysiaceae,726429.1197107598,9683897.8609732,O,12.0,False,,,20151212.0,,,,12.4,False,20180901,5,12.39,12.66,local_fit,0.133,observed,-3.0,12.0,12.37
TAP_A01,004b,Protium paniculatum,Burseraceae,726449.567611898,9683911.35492563,O,12.3,False,8.64,15.2,20151212.0,,,,13.1,False,20180901,5,12.88,15.2,measured,0.267,observed,-3.0,12.3,14.54
TAP_A01,005a,Erisma uncinatum,Vochysiaceae,726440.99260888,9683900.2936616,O,131.0,False,23.5,37.51,20151212.0,,,,90.7,False,20180901,5,37.71,37.51,measured,0.0,observed,-3.0,90.7,37.51
TAP_A01,005b,Protium paniculatum,Burseraceae,726453.26839142,9683912.8988294,O,13.1,False,6.45,10.81,20151212.0,,,,13.4,False,20180901,5,13.08,10.81,measured,0.1,observed,-3.0,13.1,10.64
TAP_A01,006a,Couratari stellata,Lecythidaceae,726440.00027152,9683903.0424464,O,11.4,False,,,20151212.0,,,,12.0,False,20180901,5,12.11,12.29,local_fit,0.2,observed,-3.0,11.4,11.84
TAP_A01,006b,Quiina florida,Ochnaceae,726458.0709878398,9683913.1557488,O,11.0,False,4.24,6.51,20151212.0,,,,11.5,False,20180901,5,11.75,6.51,measured,0.167,observed,-3.0,11.0,6.31
TAP_A01,007a,Virola michelii,Myristicaceae,726439.206401632,9683905.24147424,O,16.5,False,,,20151212.0,,,,18.0,False,20180901,5,16.01,15.22,local_fit,0.5,observed,-3.0,16.5,14.35
TAP_A01,007b,Neea oppositifolia,Nyctaginaceae,726459.4977636798,9683914.7814576,O,12.7,False,7.85,14.51,20151212.0,,,,13.9,False,20180901,5,13.42,14.51,measured,0.4,observed,-3.0,12.7,13.62
TAP_A01,008a,Endopleura uchi,Humiriaceae,726439.899982532,9683900.60911524,O,36.9,False,15.7,24.72,20151212.0,,,,39.8,False,20180901,5,26.0,24.72,measured,0.967,observed,-3.0,36.9,23.71
TAP_A01,008b,Casearia javitensis,Salicaceae,726458.747696604,9683920.19459228,O,12.3,False,8.94,14.9,20151212.0,,,,12.9,False,20180901,5,12.74,14.9,measured,0.2,observed,-3.0,12.3,14.41
TAP_A01,009a,Diospyros artanthifolia,Ebenaceae,726439.91910584,9683908.7597088,O,26.2,False,16.69,24.78,20151212.0,,,,23.4,False,20180901,5,18.99,24.78,measured,0.0,observed,-3.0,23.4,24.78
TAP_A01,009b,Tetragastris panamensis,Burseraceae,726454.444046508,9683915.27951756,O,36.0,False,13.53,20.67,20151212.0,,,,37.4,False,20180901,5,25.13,20.67,measured,0.467,observed,-3.0,36.0,20.23
TAP_A01,010a,Tetragastris panamensis,Burseraceae,726440.6243104,9683909.559248,O,33.0,False,13.06,23.13,20151212.0,,,,,True,20180901,5,,23.13,measured,0.167,site_median,-3.0,,
TAP_A01,010b,Handroanthus serratifolius,Bignoniaceae,726453.261801872,9683915.88549504,O,40.0,False,11.23,19.58,20151212.0,,,,39.9,False,20180901,5,26.04,19.58,measured,0.0,observed,-3.0,39.9,19.58
TAP_A01,011a,Quiina florida,Ochnaceae,726427.124063696,9683903.04979472,O,11.8,False,3.44,6.86,20151212.0,,,,12.1,False,20180901,5,12.18,6.86,measured,0.1,observed,-3.0,11.8,6.74
TAP_A01,011b,Quiina florida,Ochnaceae,726451.58090752,9683913.8400224,O,11.7,False,,,20151212.0,,,,12.0,False,20180901,5,12.11,12.47,local_fit,0.1,observed,-3.0,11.7,12.24
TAP_A01,012a,Tetragastris panamensis,Burseraceae,726427.76625112,9683906.5987384,O,22.7,False,9.31,17.91,20151212.0,,,,,True,20180901,5,,17.91,measured,0.167,site_median,-3.0,,
TAP_A01,012b,Strychnos subcordata,Loganiaceae,726449.986684712,9683916.83634984,O,13.5,False,,,20151212.0,,,,13.7,False,20180901,5,13.29,13.55,local_fit,0.067,observed,-3.0,13.5,13.41
TAP_A01,013a,Quiina florida,Ochnaceae,726433.5326996,9683909.909852,O,13.4,False,8.64,11.88,20151212.0,,,,14.2,False,20180901,5,13.62,11.88,measured,0.267,observed,-3.0,13.4,11.41
TAP_A01,013b,Quiina florida,Ochnaceae,726448.9554967139,9683913.45127875,O,12.7,False,,,20151212.0,,,,12.7,False,20180901,5,12.6,13.08,local_fit,0.0,observed,-3.0,12.7,13.08
TAP_A01,014a,Manilkara huberi,Sapotaceae,726428.584601096,9683912.41357272,O,11.2,False,12.96,18.3,20151212.0,,,,11.8,False,20180901,5,11.96,18.3,measured,0.2,observed,-3.0,11.2,17.64
TAP_A01,014b,Quiina florida,Ochnaceae,726447.335299419,9683918.23286494,O,14.8,False,,,20151212.0,,,,15.1,False,20180901,5,14.21,14.29,local_fit,0.1,observed,-3.0,14.8,14.1
TAP_A01,015a,Eschweilera coriacea,Lecythidaceae,726425.71406368,9683911.9864576,O,28.2,False,16.35,26.72,20151212.0,,,,28.2,False,20180901,5,21.32,26.72,measured,0.0,observed,-3.0,28.2,26.72
TAP_A01,015b,Chamaecrista xinguensis,Fabaceae,726448.1557871999,9683925.290624,O,53.6,False,13.52,29.07,20151212.0,,,,53.5,False,20180901,5,30.27,29.07,measured,0.0,observed,-3.0,53.5,29.07
TAP_A01,016a,Stryphnodendron pulcherrimum,Fabaceae,726423.855331436,9683911.54872652,O,64.2,False,10.77,23.6,20151212.0,,,,64.5,False,20180901,5,32.98,23.6,measured,0.1,observed,-3.0,64.2,23.55
TAP_A01,016b,Quiina florida,Ochnaceae,726455.118688408,9683928.45522056,O,10.1,False,,,20151212.0,,,,10.6,False,20180901,5,11.08,11.45,local_fit,0.167,observed,-3.0,10.1,11.06
TAP_A01,017a,Cecropia ficifolia,Urticaceae,726423.12103832,9683916.1148424,O,17.7,False,,,20151212.0,,,,15.9,False,20180901,5,14.73,15.86,local_fit,0.0,observed,-3.0,15.9,15.86
TAP_A01,017b,Protium paniculatum,Burseraceae,726453.13858976,9683928.4018032,O,30.7,False,,,20151212.0,,,,31.5,False,20180901,5,22.78,21.82,local_fit,0.267,observed,-3.0,30.7,21.48
TAP_A01,018a,Lecythis lurida,Lecythidaceae,726429.71517248,9683920.279337602,O,10.8,False,,,20151212.0,,,,11.0,False,20180901,5,11.38,11.91,local_fit,0.067,observed,-3.0,10.8,11.75
TAP_A01,018b,Quiina florida,Ochnaceae,726448.888670032,9683929.13258624,O,10.4,False,,,20151212.0,,,,10.5,False,20180901,5,11.0,11.65,local_fit,0.033,observed,-3.0,10.4,11.58
TAP_A01,019a,"Pouteria sp,",Sapotaceae,726429.51425,9683920.8251,O,15.2,False,,,20151212.0,,,,15.3,False,20180901,5,14.34,14.52,local_fit,0.033,observed,-3.0,15.2,14.46
TAP_A01,019b,Couratari stellata,Lecythidaceae,726454.75371224,9683935.8924048,O,45.7,False,25.54,36.02,20151212.0,,,,45.8,False,20180901,5,28.01,36.02,measured,0.033,observed,-3.0,45.7,35.98
TAP_A01,020a,Aspidosperma parvifolium,Apocynaceae,726430.61843008,9683923.3803856,O,14.6,False,,,20151212.0,,,,15.2,False,20180901,5,14.28,14.18,local_fit,0.2,observed,-3.0,14.6,13.79
TAP_A01,020b,Couratari stellata,Lecythidaceae,726444.1195877598,9683934.3431832,O,18.5,False,,,20151212.0,,,,27.2,False,20180901,5,20.86,16.27,local_fit,2.9,observed,-3.0,18.5,12.72
TAP_A01,021a,Terminalia amazonia,Combretaceae,726428.5096376,9683923.553912,O,30.1,False,,,20151212.0,,,,31.8,False,20180901,5,22.9,21.58,local_fit,0.567,observed,-3.0,30.1,20.89
TAP_A01,021b,Quiina florida,Ochnaceae,726443.762757584,9683934.19263888,O,17.3,False,,,20151212.0,,,,17.5,False,20180901,5,15.71,15.65,local_fit,0.067,observed,-3.0,17.3,15.53
TAP_A01,022a,Tetragastris panamensis,Burseraceae,726423.45774508,9683923.3277036,O,31.0,False,,,20151212.0,,,,31.7,False,20180901,5,22.86,21.95,local_fit,0.233,observed,-3.0,31.0,21.66
TAP_A01,022b,Couratari stellata,Lecythidaceae,726441.3501034998,9683930.501315,O,11.8,False,,,20151212.0,,,,11.7,False,20180901,5,11.89,12.53,local_fit,0.0,observed,-3.0,11.7,12.53
TAP_A01,023a,Eschweilera coriacea,Lecythidaceae,726419.898445016,9683921.83690712,O,12.6,False,,,20151212.0,,,,13.1,False,20180901,5,12.88,13.02,local_fit,0.167,observed,-3.0,12.6,12.67
TAP_A01,023b,Enterolobium schomburgkii,Fabaceae,726441.2841094,9683933.682218,O,100.0,False,24.08,37.15,20151212.0,,,,100.4,False,20180901,5,39.01,37.15,measured,0.133,observed,-3.0,100.0,37.1
TAP_A01,024a,Virola mollissima,Myristicaceae,726429.28713024,9683927.0321168,O,11.5,False,,,20151212.0,,,,11.6,False,20180901,5,11.82,12.35,local_fit,0.033,observed,-3.0,11.5,12.28
TAP_A01,024b,Aspidosperma parvifolium,Apocynaceae,726444.92161472,9683941.1495904,O,11.7,False,,,20151212.0,,,,11.8,False,20180901,5,11.96,12.47,local_fit,0.033,observed,-3.0,11.7,12.4
TAP_A01,025a,Quiina florida,Ochnaceae,726431.3007754,9683929.992058,O,11.8,False,,,20151212.0,,,,12.2,False,20180901,5,12.25,12.53,local_fit,0.133,observed,-3.0,11.8,12.23
TAP_A01,025b,Quiina florida,Ochnaceae,726448.329501632,9683943.26670624,O,11.0,False,,,20151212.0,,,,11.4,False,20180901,5,11.67,12.03,local_fit,0.133,observed,-3.0,11.0,11.73
TAP_A01,026a,Quiina florida,Ochnaceae,726433.83754016,9683925.7721312,O,12.0,False,,,20151212.0,,,,12.3,False,20180901,5,12.32,12.66,local_fit,0.1,observed,-3.0,12.0,12.44
TAP_A01,026b,Myrcia splendens,Myrtaceae,726447.158057088,9683946.88764416,O,19.0,False,,,20151212.0,,,,19.3,False,20180901,5,16.77,16.52,local_fit,0.1,observed,-3.0,19.0,16.35
TAP_A01,027a,,,726433.08697212,9683930.7481084,O,37.0,True,,14.86,20151212.0,,,,,True,20180901,5,,14.86,measured,0.167,site_median,-3.0,,
TAP_A01,027b,Laetia procera,Salicaceae,726440.839060432,9683944.13195024,O,16.4,False,,,20151212.0,,,,17.7,False,20180901,5,15.83,15.17,local_fit,0.433,observed,-3.0,16.4,14.41
TAP_A01,028a,Cordia scabrifolia,Boraginaceae,726430.70721424,9683931.6443248,O,13.6,False,,,20151212.0,,,,13.8,False,20180901,5,13.36,13.61,local_fit,0.067,observed,-3.0,13.6,13.47
TAP_A01,028b,Symphonia globulifera,Clusiaceae,726438.344792864,9683944.76598048,O,10.2,False,,,20151212.0,,,,10.8,False,20180901,5,11.23,11.52,local_fit,0.2,observed,-3.0,10.2,11.06
TAP_A01,029a,Duguetia surinamensis,Annonaceae,726431.2076739199,9683933.1288544,O,28.5,False,,,20151212.0,,,,28.7,False,20180901,5,21.55,20.9,local_fit,0.067,observed,-3.0,28.5,20.81
TAP_A01,029b,Quiina florida,Ochnaceae,726438.2081817999,9683945.783146,O,13.9,False,,,20151212.0,,,,14.1,False,20180901,5,13.56,13.78,local_fit,0.067,observed,-3.0,13.9,13.64
TAP_A01,030a,Guatteria schomburgkiana,Annonaceae,726427.423310464,9683932.14454048,O,10.5,False,,,20151212.0,,,,35.6,False,20180901,5,24.44,11.71,local_fit,5.0,observed,-3.0,20.6,8.38
TAP_A01,030b,Simarouba amara,Simaroubaceae,726438.1641804798,9683948.9998336,O,33.2,False,,,20151212.0,,,,35.6,False,20180901,5,24.44,22.84,local_fit,0.8,observed,-3.0,33.2,21.94
TAP_A01,031a,Protium paniculatum,Burseraceae,726427.391045624,9683935.08942968,O,22.4,False,,,20151212.0,,,,19.5,False,20180901,5,16.88,18.18,local_fit,0.0,observed,-3.0,19.5,18.18
TAP_A01,031b,Laetia procera,Salicaceae,726439.9810648,9683949.805816,O,18.7,False,,,20151212.0,,,,19.5,False,20180901,5,16.88,16.37,local_fit,0.267,observed,-3.0,18.7,15.92
TAP_A01,032a,Quiina florida,Ochnaceae,726425.79246816,9683936.6179112,O,19.7,False,,,20151212.0,,,,12.4,False,20180901,5,12.39,16.87,local_fit,0.0,observed,-3.0,12.4,16.87
TAP_A01,032b,Quiina florida,Ochnaceae,726440.88950696,9683950.2088072,O,11.0,False,,,20151212.0,,,,15.4,False,20180901,5,14.41,12.03,local_fit,1.467,observed,-3.0,11.0,9.5
TAP_A01,033a,Micrandra minor,Euphorbiaceae,726416.836159004,9683929.79906428,O,13.8,False,,,20151212.0,,,,,True,20180901,5,,13.73,local_fit,0.167,site_median,-3.0,,
TAP_A01,033b,,,726442.70639128,9683951.014789602,O,10.3,True,,,20151212.0,,,,,True,20180901,5,,11.58,local_fit,0.167,site_median,-3.0,,
TAP_A01,034a,Simarouba amara,Simaroubaceae,726415.985511792,9683934.75764944,O,15.0,False,,,20151212.0,,,,15.2,False,20180901,5,14.28,14.41,local_fit,0.067,observed,-3.0,15.0,14.28
TAP_A01,034b,Quiina florida,Ochnaceae,726445.493372736,9683952.03318752,O,11.3,False,,,20151212.0,,,,11.9,False,20180901,5,12.03,12.22,local_fit,0.2,observed,-3.0,11.3,11.78
TAP_A01,035a,Erisma uncinatum,Vochysiaceae,726417.6099961998,9683938.829754,O,60.7,False,19.34,28.17,20151212.0,,,,64.3,False,20180901,5,32.94,28.17,measured,1.2,observed,-3.0,60.7,27.45
TAP_A01,035b,Dipteryx odorata,Fabaceae,726446.158471488,9683952.54615616,O,81.0,False,21.51,31.9,20151212.0,,,,81.5,False,20180901,5,36.28,31.9,measured,0.167,observed,-3.0,81.0,31.82
TAP_A01,036a,Chimarrhis turbinata,Rubiaceae,726419.1953404,9683937.425188,O,20.8,False,,,20151212.0,,,,21.2,False,20180901,5,17.83,17.41,local_fit,0.133,observed,-3.0,20.8,17.2
TAP_A01,036b,Quiina florida,Ochnaceae,726446.249315704,9683952.58645528,O,10.3,False,,,20151212.0,,,,,True,20180901,5,,11.58,local_fit,0.167,site_median,-3.0,,
TAP_A01,037a,Lecythis lurida,Lecythidaceae,726421.8122216,9683941.745992,O,32.6,False,,,20151212.0,,,,33.5,False,20180901,5,23.61,22.6,local_fit,0.3,observed,-3.0,32.6,22.25
TAP_A01,037b,Quiina florida,Ochnaceae,726445.7268134758,9683954.208895087,O,11.6,False,,,20151212.0,,,,11.5,False,20180901,5,11.75,12.41,local_fit,0.0,observed,-3.0,11.5,12.41
TAP_A01,038b,Quiina florida,Ochnaceae,726449.4609245599,9683952.5883312,O,11.7,False,,,20151212.0,,,,12.5,False,20180901,5,12.46,12.47,local_fit,0.267,observed,-3.0,11.7,11.9
TAP_A01,039a,Quiina florida,Ochnaceae,726424.5375480799,9683942.9549656,O,14.0,False,,,20151212.0,,,,11.1,False,20180901,5,11.45,13.84,local_fit,0.0,observed,-3.0,11.1,13.84
TAP_A01,039b,,,726451.0334394,9683954.160278002,O,39.8,True,,21.61,20151212.0,,,,,True,20180901,5,,21.61,measured,0.167,site_median,-3.0,,
TAP_A01,040a,Jacaranda copaia,Bignoniaceae,726428.49902708,9683943.6456756,O,50.0,False,24.99,34.02,20151212.0,,,,48.4,False,20180901,5,28.81,34.02,measured,0.0,observed,-3.0,48.4,34.02
TAP_A01,040b,Quiina florida,Ochnaceae,726454.2058344,9683953.914968,O,13.3,False,,,20151212.0,,,,,True,20180901,5,,13.44,local_fit,0.167,site_median,-3.0,,
TAP_A01,041a,Copaifera reticulata,Fabaceae,726437.41536112,9683938.9917184,O,29.6,False,,,20151212.0,,,,29.9,False,20180901,5,22.09,21.37,local_fit,0.1,observed,-3.0,29.6,21.23
TAP_A01,041b,Quiina florida,Ochnaceae,726458.0029309998,9683958.35373,O,14.0,False,,,20151212.0,,,,14.3,False,20180901,5,13.69,13.84,local_fit,0.1,observed,-3.0,14.0,13.64
TAP_A01,042a,Quiina florida,Ochnaceae,726431.77613068,9683934.4331276,O,11.0,False,,,20151212.0,,,,11.1,False,20180901,5,11.45,12.03,local_fit,0.033,observed,-3.0,11.0,11.96
TAP_A01,042b,Xylopia nitida,Annonaceae,726451.7928902399,9683948.4715168,O,27.5,False,,,20151212.0,,,,27.8,False,20180901,5,21.14,20.47,local_fit,0.1,observed,-3.0,27.5,20.33
TAP_A01,043a,Dialium guianense,Fabaceae,726433.89617528,9683934.2779096,O,11.5,False,,,20151212.0,,,,12.7,False,20180901,5,12.6,12.35,local_fit,0.4,observed,-3.0,11.5,11.52
TAP_A01,043b,Quiina florida,Ochnaceae,726451.0426772,9683947.598744,O,12.5,False,,,20151212.0,,,,,True,20180901,5,,12.96,local_fit,0.167,site_median,-3.0,,
TAP_A01,044a,Manilkara huberi,Sapotaceae,726437.0648335998,9683928.177192,O,25.7,False,,,20151212.0,,,,26.2,False,20180901,5,20.38,19.69,local_fit,0.167,observed,-3.0,25.7,19.46
TAP_A01,044b,Endopleura uchi,Humiriaceae,726452.99733224,9683947.9016568,O,18.5,False,,,20151212.0,,,,18.9,False,20180901,5,16.54,16.27,local_fit,0.133,observed,-3.0,18.5,16.04
TAP_A01,045a,Quiina florida,Ochnaceae,726438.2774589598,9683927.6206472,O,12.5,False,,,20151212.0,,,,12.7,False,20180901,5,12.6,12.96,local_fit,0.067,observed,-3.0,12.5,12.82
TAP_A01,045b,Quiina florida,Ochnaceae,726455.0999872,9683947.718144,O,11.0,False,,,20151212.0,,,,,True,20180901,5,,12.03,local_fit,0.167,site_median,-3.0,,
TAP_A01,046a,Myrcia splendens,Myrtaceae,726438.6010776398,9683926.6927348,O,16.9,False,,,20151212.0,,,,17.8,False,20180901,5,15.89,15.44,local_fit,0.3,observed,-3.0,16.9,14.92
TAP_A01,046b,,,726456.000246,9683948.10782,O,12.5,True,,,20151212.0,,,,,True,20180901,5,,12.96,local_fit,0.167,site_median,-3.0,,
TAP_A01,047a,Manilkara huberi,Sapotaceae,726442.468448,9683927.23032,O,61.8,False,25.81,42.02,20151212.0,,,,62.8,False,20180901,5,32.6,42.02,measured,0.333,observed,-3.0,61.8,41.71
TAP_A01,047b,Endopleura uchi,Humiriaceae,726455.670161088,9683945.88237616,O,16.6,False,,,20151212.0,,,,18.4,False,20180901,5,16.25,15.28,local_fit,0.6,observed,-3.0,16.6,14.26
TAP_A01,048a,Quiina florida,Ochnaceae,726442.22360992,9683924.9981344,O,17.9,False,,,20151212.0,,,,18.5,False,20180901,5,16.31,15.96,local_fit,0.2,observed,-3.0,17.9,15.61
TAP_A01,048b,Endopleura uchi,Humiriaceae,726457.4667915918,9683946.65540344,O,67.4,False,16.22,26.34,20151212.0,,,,,True,20180901,5,,26.34,measured,0.167,site_median,-3.0,,
TAP_A01,049a,Lecythis lurida,Lecythidaceae,726443.427029,9683924.42661,O,25.7,False,,,20151212.0,,,,26.2,False,20180901,5,20.38,19.69,local_fit,0.167,observed,-3.0,25.7,19.46
TAP_A01,049b,Eschweilera amazonica,Lecythidaceae,726454.309120564,9683940.49355348,O,11.4,False,,,20151212.0,,,,11.9,False,20180901,5,12.03,12.29,local_fit,0.167,observed,-3.0,11.4,11.92
TAP_A01,050a,Tetragastris panamensis,Burseraceae,726444.46745936,9683918.4677952,O,30.2,False,,,20151212.0,,,,30.1,False,20180901,5,22.17,21.62,local_fit,0.0,observed,-3.0,30.1,21.62
TAP_A01,050b,Protium hebetatum,Burseraceae,726461.06801396,9683938.2041172,O,29.7,False,,,20151212.0,,,,30.4,False,20180901,5,22.3,21.41,local_fit,0.233,observed,-3.0,29.7,21.12
TAP_A01,051a,Quiina florida,Ochnaceae,726436.82715596,9683925.9566572,O,11.2,False,,,20151212.0,,,,11.8,False,20180901,5,11.96,12.16,local_fit,0.2,observed,-3.0,11.2,11.72
TAP_A01,051b,Lecythis lurida,Lecythidaceae,726463.642465004,9683936.31566028,O,56.5,False,13.33,20.11,20151212.0,,,,57.0,False,20180901,5,31.19,20.11,measured,0.167,observed,-3.0,56.5,20.03
TAP_A01,052a,Couratari stellata,Lecythidaceae,726435.80993984,9683920.2545888,O,42.5,False,15.42,26.0,20151212.0,,,,42.5,False,20180901,5,26.93,26.0,measured,0.0,observed,-3.0,42.5,26.0
TAP_A01,052b,Quiina florida,Ochnaceae,726465.2648380639,9683930.95582448,O,10.8,False,,,20151212.0,,,,11.2,False,20180901,5,11.53,11.91,local_fit,0.133,observed,-3.0,10.8,11.6
TAP_A01,053a,Dialium guianense,Fabaceae,726435.2578498,9683918.976946,O,13.0,False,,,20151212.0,,,,14.0,False,20180901,5,13.49,13.26,local_fit,0.333,observed,-3.0,13.0,12.59
TAP_A01,053b,"Xylopia sp,",Annonaceae,726463.860027904,9683929.07496128,O,19.1,False,,,20151212.0,,,,20.3,False,20180901,5,17.33,16.57,local_fit,0.4,observed,-3.0,19.1,15.92
TAP_A01,054a,Quiina florida,Ochnaceae,726438.55369464,9683918.2052648,O,13.9,False,,,20151212.0,,,,14.4,False,20180901,5,13.76,13.78,local_fit,0.167,observed,-3.0,13.9,13.44
TAP_A01,054b,Maquira coriacea,Moraceae,726458.70809384,9683923.4184368,O,14.5,False,,,20151212.0,,,,16.1,False,20180901,5,14.85,14.13,local_fit,0.533,observed,-3.0,14.5,13.15
TAP_A01,055a,Miconia pyrifolia,Melastomataceae,726439.43247212,9683918.5599884,O,13.1,False,,,20151212.0,,,,13.4,False,20180901,5,13.08,13.32,local_fit,0.1,observed,-3.0,13.1,13.12
TAP_A01,055b,Inga heterophylla,Fabaceae,726466.7114464,9683919.751568,O,14.6,False,,,20151212.0,,,,15.7,False,20180901,5,14.6,14.18,local_fit,0.367,observed,-3.0,14.6,13.49
TAP_A01,056a,Miconia pyrifolia,Melastomataceae,726438.2270072,9683919.128184,O,12.4,False,,,20151212.0,,,,13.1,False,20180901,5,12.88,12.9,local_fit,0.233,observed,-3.0,12.4,12.41
TAP_A01,056b,Quiina florida,Ochnaceae,726467.4682498,9683926.920734,O,17.2,False,,,20151212.0,,,,17.5,False,20180901,5,15.71,15.6,local_fit,0.1,observed,-3.0,17.2,15.42
TAP_A01,057a,Geissospermum sericeum,Apocynaceae,726442.22663504,9683913.4498488,O,13.4,False,,,20151212.0,,,,14.1,False,20180901,5,13.56,13.49,local_fit,0.233,observed,-3.0,13.4,13.01
TAP_A01,057b,Duguetia surinamensis,Annonaceae,726462.4844453438,9683917.66770208,O,10.4,False,,,20151212.0,,,,10.8,False,20180901,5,11.23,11.65,local_fit,0.133,observed,-3.0,10.4,11.34
TAP_A01,058a,Duguetia surinamensis,Annonaceae,726447.99350848,9683908.2058336,O,28.0,False,,,20151212.0,,,,28.3,False,20180901,5,21.37,20.69,local_fit,0.1,observed,-3.0,28.0,20.55
TAP_A01,058b,Protium paniculatum,Burseraceae,726461.0807228,9683915.934056,O,23.5,False,,,20151212.0,,,,24.4,False,20180901,5,19.5,18.69,local_fit,0.3,observed,-3.0,23.5,18.26
TAP_A01,059a,Maquira coriacea,Moraceae,726449.498042,9683906.66978,O,18.2,False,,,20151212.0,,,,19.4,False,20180901,5,16.83,16.12,local_fit,0.4,observed,-3.0,18.2,15.45
TAP_A01,059b,Nectandra cuspidata,Lauraceae,726464.6296206,9683910.831362,O,53.1,False,22.5,34.12,20151212.0,,,,22.6,False,20180901,5,18.58,34.12,measured,0.0,observed,-3.0,22.6,34.12
TAP_A01,060a,Helicostylis tomentosa,Moraceae,726442.80063136,9683906.2073152,O,29.0,False,,,20151212.0,,,,31.2,False,20180901,5,22.65,21.12,local_fit,0.733,observed,-3.0,29.0,20.22
TAP_A01,060b,Pouteria macrophylla,Sapotaceae,726465.1301825718,9683912.31605804,O,15.1,False,,,20151212.0,,,,15.4,False,20180901,5,14.41,14.46,local_fit,0.1,observed,-3.0,15.1,14.26
TAP_A01,061a,Manilkara huberi,Sapotaceae,726441.60744148,9683906.7954836,O,27.1,False,,,20151212.0,,,,29.3,False,20180901,5,21.82,20.3,local_fit,0.733,observed,-3.0,27.1,19.36
TAP_A01,061b,Myrcia splendens,Myrtaceae,726469.2090167198,9683914.7406304,O,11.1,False,,,20151212.0,,,,11.5,False,20180901,5,11.75,12.1,local_fit,0.133,observed,-3.0,11.1,11.79
TAP_A01,062a,Tetragastris panamensis,Burseraceae,726449.59625808,9683903.5413056,O,36.1,False,,,20151212.0,,,,36.4,False,20180901,5,24.75,23.98,local_fit,0.1,observed,-3.0,36.1,23.86
TAP_A01,062b,Quiina florida,Ochnaceae,726465.814354688,9683910.74164416,O,11.0,False,,,20151212.0,,,,,True,20180901,5,,12.03,local_fit,0.167,site_median,-3.0,,
TAP_A01,063a,,,726450.456623,9683903.86607,O,11.9,True,,,20151212.0,,,,,True,20180901,5,,12.6,local_fit,0.167,site_median,-3.0,,
TAP_A01,063b,Couratari stellata,Lecythidaceae,726467.9330831398,9683909.4902858,O,12.5,False,,,20151212.0,,,,12.5,False,20180901,5,12.46,12.96,local_fit,0.0,observed,-3.0,12.5,12.96
TAP_A01,064b,Tachigali myrmecophila,Fabaceae,726458.8853056,9683916.693872,O,15.0,False,,,20151212.0,,,,16.2,False,20180901,5,14.91,14.41,local_fit,0.4,observed,-3.0,15.0,13.68
TAP_A01,065a,Quiina florida,Ochnaceae,726427.648944032,9683909.55070224,O,,,,,,,,,10.5,False,20180901,5,11.0,11.0,feldpausch_regional,0.167,site_median,-3.0,10.0,10.62
TAP_A01,066a,Inga thibaudiana,Fabaceae,726423.6699249758,9683914.68078032,O,,,,,,,,,11.6,False,20180901,5,11.82,11.82,feldpausch_regional,0.167,site_median,-3.0,11.1,11.45
TAP_A01,067a,Chamaecrista scleroxylon,Fabaceae,726429.3222382,9683935.499614,O,,,,,,,,,10.2,False,20180901,5,10.78,10.78,feldpausch_regional,0.167,site_median,-3.0,9.7,10.39
TAP_A01,068a,Quiina florida,Ochnaceae,726433.8280052,9683917.346244002,O,,,,,,,,,9.9,False,20180901,5,10.55,10.55,feldpausch_regional,0.167,site_median,-3.0,9.4,10.16
TAP_A01,001a,Virola michelii,Myristicaceae,727090.4283683999,9682575.9425376,O,13.7,False,12.79,15.69,20151214.0,,,,15.0,False,20180901,6,14.15,15.69,measured,0.433,observed,-3.0,13.7,14.74
TAP_A01,001b,,,727114.1826311998,9682588.9921248,O,13.2,True,,9.09,20151214.0,,,,,True,20180901,6,,9.09,measured,0.167,site_median,-3.0,,
TAP_A01,002a,Miconia pyrifolia,Melastomataceae,727093.1583456,9682577.1451104,O,10.6,False,5.25,8.51,20151214.0,,,,11.1,False,20180901,6,11.45,8.51,measured,0.167,observed,-3.0,10.6,8.24
TAP_A01,002b,,,727117.9925104,9682590.1528096,O,12.2,True,,6.73,20151214.0,,,,,True,20180901,6,,6.73,measured,0.167,site_median,-3.0,,
TAP_A01,003a,Erisma uncinatum,Vochysiaceae,727094.068338,9682577.545968,O,67.8,False,25.95,36.53,20151214.0,,,,75.09999999999998,False,20180901,6,35.15,36.53,measured,2.433,observed,-3.0,67.8,35.02
TAP_A01,003b,Myrcia splendens,Myrtaceae,727121.22405072,9682592.91982848,O,10.0,False,6.9,7.7,20151214.0,,,,16.9,False,20180901,6,15.35,7.7,measured,2.3,observed,-3.0,10.0,5.33
TAP_A01,004a,,,727098.6182999999,9682579.550256,O,52.6,True,,29.96,20151214.0,,,,,True,20180901,6,,29.96,measured,0.167,site_median,-3.0,,
TAP_A01,004b,Zanthoxylum rhoifolium,Rutaceae,727123.51884512,9682595.37723848,O,19.6,False,6.8,10.17,20151214.0,,,,,True,20180901,6,,10.17,measured,0.167,site_median,-3.0,,
TAP_A01,005a,Tetragastris panamensis,Burseraceae,727101.0093084,9682581.6386376,O,16.7,False,9.2,14.03,20151214.0,,,,17.0,False,20180901,6,15.41,14.03,measured,0.1,observed,-3.0,16.7,13.86
TAP_A01,005b,Aniba parviflora,Lauraceae,727119.6908846399,9682597.20677376,O,17.3,False,6.65,10.91,20151214.0,,,,20.1,False,20180901,6,17.22,10.91,measured,0.933,observed,-3.0,17.3,9.88
TAP_A01,006a,Duguetia surinamensis,Annonaceae,727101.5820327998,9682582.9259392,O,10.4,False,8.04,12.15,20151214.0,,,,10.8,False,20180901,6,11.23,12.15,measured,0.133,observed,-3.0,10.4,11.83
TAP_A01,006b,Nectandra cuspidata,Lauraceae,727112.25797568,9682594.24650432,O,15.5,False,6.77,10.84,20151214.0,,,,16.0,False,20180901,6,14.79,10.84,measured,0.167,observed,-3.0,15.5,10.61
TAP_A01,007a,Pouteria gongrijpii,Sapotaceae,727095.372216,9682579.673538,O,50.3,False,25.59,30.31,20151214.0,,,,51.7,False,20180901,6,29.77,30.31,measured,0.467,observed,-3.0,50.3,29.9
TAP_A01,007b,,,727113.0408864,9682592.1091296,O,20.4,True,,,20151214.0,,,,,True,20180901,6,,17.22,local_fit,0.167,site_median,-3.0,,
TAP_A01,008a,Helicostylis tomentosa,Moraceae,727091.2059347999,9682579.3921512,O,13.8,False,10.07,15.3,20151214.0,,,,14.1,False,20180901,6,13.56,15.3,measured,0.1,observed,-3.0,13.8,15.07
TAP_A01,008b,Pouteria macrophylla,Sapotaceae,727110.42370416,9682593.43945344,O,16.9,False,8.92,14.54,20151214.0,,,,17.0,False,20180901,6,15.41,14.54,measured,0.033,observed,-3.0,16.9,14.48
TAP_A01,009a,Nectandra cuspidata,Lauraceae,727089.7709064,9682580.3138136,O,28.5,False,12.43,19.64,20151214.0,,,,29.3,False,20180901,6,21.82,19.64,measured,0.267,observed,-3.0,28.5,19.32
TAP_A01,009b,Pouteria macrophylla,Sapotaceae,727112.91881748,9682596.81210072,O,10.7,False,6.54,9.81,20151214.0,,,,11.2,False,20180901,6,11.53,9.81,measured,0.167,observed,-3.0,10.7,9.49
TAP_A01,010a,Casearia javitensis,Salicaceae,727091.8899744,9682583.1105564,O,11.4,False,6.53,9.28,20151214.0,,,,13.5,False,20180901,6,13.15,9.28,measured,0.7,observed,-3.0,11.4,8.24
TAP_A01,010b,Quiina florida,Ochnaceae,727110.7573968,9682598.3431392,O,11.6,False,,,20151214.0,,,,12.7,False,20180901,6,12.6,12.41,local_fit,0.367,observed,-3.0,11.6,11.64
TAP_A01,011a,Jacaranda copaia,Bignoniaceae,727093.5486386399,9682584.35822496,O,46.8,False,22.55,31.73,20151214.0,,,,46.3,False,20180901,6,28.17,31.73,measured,0.0,observed,-3.0,46.3,31.73
TAP_A01,011b,Inga thibaudiana,Fabaceae,727118.4097068,9682603.7748792,O,18.1,False,,,20151214.0,,,,17.8,False,20180901,6,15.89,16.06,local_fit,0.0,observed,-3.0,17.8,16.06
TAP_A01,012a,Quiina florida,Ochnaceae,727102.93443456,9682584.97039104,O,12.2,False,,,20151214.0,,,,12.5,False,20180901,6,12.46,12.78,local_fit,0.1,observed,-3.0,12.2,12.56
TAP_A01,012b,Quiina florida,Ochnaceae,727118.2504272,9682604.2215948,O,18.0,False,,,20151214.0,,,,,True,20180901,6,,16.01,local_fit,0.167,site_median,-3.0,,
TAP_A01,013a,Minquartia guianensis,Olacaceae,727103.60726976,9682583.19686784,O,15.3,False,,,20151214.0,,,,14.7,False,20180901,6,13.95,14.57,local_fit,0.0,observed,-3.0,14.7,14.57
TAP_A01,013b,Quiina florida,Ochnaceae,727115.12304,9682606.981218,O,15.4,False,,,20151214.0,,,,15.9,False,20180901,6,14.73,14.63,local_fit,0.167,observed,-3.0,15.4,14.31
TAP_A01,014a,Tetragastris panamensis,Burseraceae,727101.1446539998,9682586.873208,O,27.1,False,,,20151214.0,,,,28.0,False,20180901,6,21.23,20.3,local_fit,0.3,observed,-3.0,27.1,19.9
TAP_A01,014b,Inga heterophylla,Fabaceae,727113.62404648,9682605.18573952,O,17.1,False,,,20151214.0,,,,16.6,False,20180901,6,15.16,15.54,local_fit,0.0,observed,-3.0,16.6,15.54
TAP_A01,015a,Maquira coriacea,Moraceae,727102.12703232,9682587.098618882,O,30.8,False,,,20151214.0,,,,35.7,False,20180901,6,24.48,21.87,local_fit,1.633,observed,-3.0,30.8,20.08
TAP_A01,015b,Tachigali myrmecophila,Fabaceae,727109.4659800798,9682604.80618032,O,53.0,False,15.89,25.87,20151214.0,,,,58.4,False,20180901,6,31.54,25.87,measured,1.8,observed,-3.0,53.0,24.71
TAP_A01,016a,Duguetia surinamensis,Annonaceae,727095.442164,9682587.7794168,O,11.5,False,,,20151214.0,,,,10.2,False,20180901,6,10.78,12.35,local_fit,0.0,observed,-3.0,10.2,12.35
TAP_A01,016b,Sloanea guianensis,Elaeocarpaceae,727106.5657172,9682606.8407048,O,13.5,False,,,20151214.0,,,,,True,20180901,6,,13.55,local_fit,0.167,site_median,-3.0,,
TAP_A01,017a,Pseudopiptadenia suaveolens,Fabaceae,727094.1134184,9682588.4370516,O,34.7,False,,,20151214.0,,,,36.8,False,20180901,6,24.9,23.43,local_fit,0.7,observed,-3.0,34.7,22.67
TAP_A01,017b,,,727107.7740956,9682609.4388104,O,16.3,True,,,20151214.0,,,,,True,20180901,6,,15.12,local_fit,0.167,site_median,-3.0,,
TAP_A01,018a,Pseudopiptadenia suaveolens,Fabaceae,727094.53868468,9682588.72761752,O,36.9,False,8.67,15.58,20151214.0,,,,36.4,False,20180901,6,24.75,15.58,measured,0.0,observed,-3.0,36.4,15.58
TAP_A01,018b,Quiina florida,Ochnaceae,727110.08972664,9682609.00826976,O,14.7,False,,,20151214.0,,,,15.0,False,20180901,6,14.15,14.24,local_fit,0.1,observed,-3.0,14.7,14.04
TAP_A01,019a,Chrysophyllum sanguinolentum,Sapotaceae,727088.7736252,9682585.5705808,O,15.4,False,,,20151214.0,,,,16.0,False,20180901,6,14.79,14.63,local_fit,0.2,observed,-3.0,15.4,14.25
TAP_A01,019b,Aspidosperma parvifolium,Apocynaceae,727108.92454488,9682612.21776192,O,12.4,False,,,20151214.0,,,,13.4,False,20180901,6,13.08,12.9,local_fit,0.333,observed,-3.0,12.4,12.22
TAP_A01,020a,Tetragastris panamensis,Burseraceae,727096.2637452,9682594.0399608,O,21.9,False,,,20151214.0,,,,21.5,False,20180901,6,17.99,17.94,local_fit,0.0,observed,-3.0,21.5,17.94
TAP_A01,020b,Quiina florida,Ochnaceae,727113.1368004798,9682609.51934592,O,13.0,False,,,20151214.0,,,,13.4,False,20180901,6,13.08,13.26,local_fit,0.133,observed,-3.0,13.0,12.99
TAP_A01,021a,Mouriri collocarpa,Melastomataceae,727097.1864936,9682594.4455824,O,10.8,False,,,20151214.0,,,,11.1,False,20180901,6,11.45,11.91,local_fit,0.1,observed,-3.0,10.8,11.68
TAP_A01,021b,Enterolobium schomburgkii,Fabaceae,727112.71935696,9682610.67956784,O,20.4,False,,,20151214.0,,,,20.9,False,20180901,6,17.67,17.22,local_fit,0.167,observed,-3.0,20.4,16.95
TAP_A01,022a,Erisma uncinatum,Vochysiaceae,727101.32951928,9682593.16307712,O,67.1,False,18.55,29.31,20151214.0,,,,70.0,False,20180901,6,34.15,29.31,measured,0.967,observed,-3.0,67.1,28.8
TAP_A01,022b,Virola sebifera,Myristicaceae,727115.1854692,9682618.8911848,O,10.8,False,,,20151214.0,,,,13.5,False,20180901,6,13.15,11.91,local_fit,0.9,observed,-3.0,10.8,10.17
TAP_A01,023a,Maquira coriacea,Moraceae,727102.09954936,9682594.53626704,O,16.1,False,,,20151214.0,,,,16.3,False,20180901,6,14.98,15.01,local_fit,0.067,observed,-3.0,16.1,14.88
TAP_A01,023b,,,727114.8686108,9682619.7852512,O,18.0,True,,,20151214.0,,,,,True,20180901,6,,16.01,local_fit,0.167,site_median,-3.0,,
TAP_A01,024a,Nectandra cuspidata,Lauraceae,727094.2299324,9682599.3548136,O,15.0,False,,,20151214.0,,,,15.3,False,20180901,6,14.34,14.41,local_fit,0.1,observed,-3.0,15.0,14.22
TAP_A01,024b,Quiina florida,Ochnaceae,727112.4303576,9682611.4827984,O,15.0,False,,,20151214.0,,,,15.6,False,20180901,6,14.54,14.41,local_fit,0.2,observed,-3.0,15.0,14.02
TAP_A01,025a,Virola michelii,Myristicaceae,727092.9622623998,9682599.8327776,O,10.9,False,,,20151214.0,,,,10.8,False,20180901,6,11.23,11.97,local_fit,0.0,observed,-3.0,10.8,11.97
TAP_A01,025b,Quiina florida,Ochnaceae,727111.1771443998,9682611.9661616,O,10.5,False,,,20151214.0,,,,11.5,False,20180901,6,11.75,11.71,local_fit,0.333,observed,-3.0,10.5,10.96
TAP_A01,026a,"Pouteria sp,",Sapotaceae,727088.7697416,9682593.8513664,O,24.4,False,,,20151214.0,,,,24.8,False,20180901,6,19.7,19.1,local_fit,0.133,observed,-3.0,24.4,18.91
TAP_A01,026b,Strychnos subcordata,Loganiaceae,727109.98588944,9682615.26715656,O,13.0,False,,,20151214.0,,,,14.5,False,20180901,6,13.82,13.26,local_fit,0.5,observed,-3.0,13.0,12.29
TAP_A01,027a,Dialium guianense,Fabaceae,727086.57252,9682593.921168,O,15.7,False,,,20151214.0,,,,16.6,False,20180901,6,15.16,14.79,local_fit,0.3,observed,-3.0,15.7,14.24
TAP_A01,027b,Quiina florida,Ochnaceae,727103.97217056,9682616.86705344,O,13.3,False,,,20151214.0,,,,18.1,False,20180901,6,16.07,13.44,local_fit,1.6,observed,-3.0,13.3,10.89
TAP_A01,028a,Quiina florida,Ochnaceae,727083.7940699998,9682592.700492,O,15.7,False,,,20151214.0,,,,16.4,False,20180901,6,15.04,14.79,local_fit,0.233,observed,-3.0,15.7,14.36
TAP_A01,028b,Chimarrhis turbinata,Rubiaceae,727104.22764544,9682619.14951576,O,15.4,False,,,20151214.0,,,,15.9,False,20180901,6,14.73,14.63,local_fit,0.167,observed,-3.0,15.4,14.31
TAP_A01,029a,Quiina florida,Ochnaceae,727083.4448963999,9682593.5824896,O,13.5,False,,,20151214.0,,,,14.3,False,20180901,6,13.69,13.55,local_fit,0.267,observed,-3.0,13.5,13.02
TAP_A01,029b,Eschweilera coriacea,Lecythidaceae,727100.5641876,9682617.233592002,O,13.8,False,,,20151214.0,,,,14.0,False,20180901,6,13.49,13.73,local_fit,0.067,observed,-3.0,13.8,13.6
TAP_A01,030a,Quiina florida,Ochnaceae,727096.004232,9682603.23768,O,11.9,False,,,20151214.0,,,,11.8,False,20180901,6,11.96,12.6,local_fit,0.0,observed,-3.0,11.8,12.6
TAP_A01,030b,Cecropia palmata,Urticaceae,727099.5504828,9682627.4352666,O,28.1,False,,,20151214.0,,,,29.6,False,20180901,6,21.95,20.73,local_fit,0.5,observed,-3.0,28.1,20.1
TAP_A01,031a,Pouteria gongrijpii,Sapotaceae,727094.736562,9682603.715644,O,36.3,False,18.42,25.63,20151214.0,,,,36.0,False,20180901,6,24.6,25.63,measured,0.0,observed,-3.0,36.0,25.63
TAP_A01,031b,Quiina florida,Ochnaceae,727107.9171899998,9682627.069128,O,10.0,False,,,20151214.0,,,,10.3,False,20180901,6,10.85,11.39,local_fit,0.1,observed,-3.0,10.0,11.15
TAP_A01,032a,Simarouba amara,Simaroubaceae,727094.399294,9682604.602088,O,36.6,False,,,20151214.0,,,,39.5,False,20180901,6,25.89,24.17,local_fit,0.967,observed,-3.0,36.6,23.17
TAP_A01,032b,Quiina florida,Ochnaceae,727111.2739807199,9682623.78773808,O,11.7,False,,,20151214.0,,,,11.6,False,20180901,6,11.82,12.47,local_fit,0.0,observed,-3.0,11.6,12.47
TAP_A01,033a,Quiina florida,Ochnaceae,727085.2221156,9682605.7486824,O,11.3,False,,,20151214.0,,,,11.8,False,20180901,6,11.96,12.22,local_fit,0.167,observed,-3.0,11.3,11.85
TAP_A01,033b,Quiina florida,Ochnaceae,727113.183803744,9682627.000335539,O,19.1,False,,,20151214.0,,,,,True,20180901,6,,16.57,local_fit,0.167,site_median,-3.0,,
TAP_A01,034a,Chimarrhis turbinata,Rubiaceae,727086.47855848,9682608.16225792,O,23.2,False,,,20151214.0,,,,23.0,False,20180901,6,18.79,18.55,local_fit,0.0,observed,-3.0,23.0,18.55
TAP_A01,034b,Protium hebetatum,Burseraceae,727110.7543176,9682628.3117184,O,21.5,False,,,20151214.0,,,,22.6,False,20180901,6,18.58,17.75,local_fit,0.367,observed,-3.0,21.5,17.19
TAP_A01,035a,Xylopia nitida,Annonaceae,727087.34814,9682608.750504,O,10.2,False,,,20151214.0,,,,11.3,False,20180901,6,11.6,11.52,local_fit,0.367,observed,-3.0,10.2,10.71
TAP_A01,035b,Pseudopiptadenia psilostachya,Fabaceae,727110.4366087998,9682629.205467202,O,14.7,False,,,20151214.0,,,,17.2,False,20180901,6,15.53,14.24,local_fit,0.833,observed,-3.0,14.7,12.79
TAP_A01,036a,Quiina florida,Ochnaceae,727084.7855871998,9682609.6962688,O,20.0,False,,,20151214.0,,,,20.2,False,20180901,6,17.28,17.02,local_fit,0.067,observed,-3.0,20.0,16.91
TAP_A01,036b,Cordia scabrifolia,Boraginaceae,727106.9464416,9682632.8420064,O,14.5,False,,,20151214.0,,,,14.8,False,20180901,6,14.02,14.13,local_fit,0.1,observed,-3.0,14.5,13.93
TAP_A01,037a,Nectandra cuspidata,Lauraceae,727080.1600055998,9682610.2557504,O,36.5,False,20.73,28.22,20151214.0,,,,,True,20180901,6,,28.22,measured,0.167,site_median,-3.0,,
TAP_A01,037b,Pouteria macrophylla,Sapotaceae,727111.7004996,9682634.9225184,O,15.7,False,,,20151214.0,,,,16.2,False,20180901,6,14.91,14.79,local_fit,0.167,observed,-3.0,15.7,14.48
TAP_A01,038a,Dipteryx odorata,Fabaceae,727079.0443868,9682610.2842992,O,86.9,False,21.77,34.15,20151214.0,,,,86.1,False,20180901,6,37.02,34.15,measured,0.0,observed,-3.0,86.1,34.15
TAP_A01,038b,Tachigali paniculata,Fabaceae,727115.503746,9682636.586928,O,29.9,False,,,20151214.0,,,,32.1,False,20180901,6,23.03,21.49,local_fit,0.733,observed,-3.0,29.9,20.61
TAP_A01,039a,Maquira coriacea,Moraceae,727073.91245712,9682617.66102408,O,14.1,False,,,20151214.0,,,,12.4,False,20180901,6,12.39,13.9,local_fit,0.0,observed,-3.0,12.4,13.9
TAP_A01,039b,Inga thibaudiana,Fabaceae,727121.83549848,9682630.89394992,O,16.3,False,,,20151214.0,,,,16.9,False,20180901,6,15.35,15.12,local_fit,0.2,observed,-3.0,16.3,14.76
TAP_A01,040a,Quiina florida,Ochnaceae,727078.4220936,9682620.3589344,O,13.2,False,,,20151214.0,,,,13.5,False,20180901,6,13.15,13.38,local_fit,0.1,observed,-3.0,13.2,13.18
TAP_A01,040b,Pouteria macrophylla,Sapotaceae,727121.1699444798,9682629.67321952,O,20.2,False,,,20151214.0,,,,21.2,False,20180901,6,17.83,17.12,local_fit,0.333,observed,-3.0,20.2,16.59
TAP_A01,041a,Aspidosperma parvifolium,Apocynaceae,727079.3729052,9682620.7750368,O,10.8,False,,,20151214.0,,,,,True,20180901,6,,11.91,local_fit,0.167,site_median,-3.0,,
TAP_A01,041b,Vatairea sericea,Fabaceae,727117.0537856,9682629.0055904,O,25.1,False,,,20151214.0,,,,35.3,False,20180901,6,24.32,19.42,local_fit,3.4,observed,-3.0,25.1,15.85
TAP_A01,042a,Duguetia surinamensis,Annonaceae,727082.3016395998,9682618.953626402,O,12.2,False,,,20151214.0,,,,12.7,False,20180901,6,12.6,12.78,local_fit,0.167,observed,-3.0,12.2,12.42
TAP_A01,042b,Nectandra cuspidata,Lauraceae,727113.6011772,9682623.3615168,O,18.1,False,,,20151214.0,,,,18.0,False,20180901,6,16.01,16.06,local_fit,0.0,observed,-3.0,18.0,16.06
TAP_A01,043a,Dialium guianense,Fabaceae,727089.2165883998,9682624.0489816,O,13.1,False,,,20151214.0,,,,43.3,False,20180901,6,27.2,13.32,local_fit,5.0,observed,-3.0,28.3,10.47
TAP_A01,043b,Alexa grandiflora,Fabaceae,727120.55851152,9682625.172007682,O,10.0,False,,,20151214.0,,,,10.2,False,20180901,6,10.78,11.39,local_fit,0.067,observed,-3.0,10.0,11.22
TAP_A01,044a,Diospyros artanthifolia,Ebenaceae,727091.1707,9682621.802576002,O,25.0,False,,,20151214.0,,,,26.2,False,20180901,6,20.38,19.37,local_fit,0.4,observed,-3.0,25.0,18.82
TAP_A01,044b,,,727119.5546367998,9682621.8403552,O,30.6,True,,,20151214.0,,,,,True,20180901,6,,21.78,local_fit,0.167,site_median,-3.0,,
TAP_A01,045a,Virola michelii,Myristicaceae,727094.0129299999,9682623.047072,O,49.0,False,26.11,31.91,20151214.0,,,,49.7,False,20180901,6,29.19,31.91,measured,0.233,observed,-3.0,49.0,31.69
TAP_A01,045b,Protium hebetatum,Burseraceae,727122.74688896,9682625.09890304,O,14.5,False,,,20151214.0,,,,14.6,False,20180901,6,13.89,14.13,local_fit,0.033,observed,-3.0,14.5,14.06
TAP_A01,046a,Quiina florida,Ochnaceae,727093.731552,9682620.856176,O,10.7,False,,,20151214.0,,,,11.1,False,20180901,6,11.45,11.84,local_fit,0.133,observed,-3.0,10.7,11.53
TAP_A01,046b,Protium hebetatum,Burseraceae,727124.674651296,9682623.259818621,O,10.8,False,,,20151214.0,,,,11.9,False,20180901,6,12.03,11.91,local_fit,0.367,observed,-3.0,10.8,11.12
TAP_A01,047a,Neea oppositifolia,Nyctaginaceae,727093.1197092,9682619.5542648,O,10.4,False,,,20151214.0,,,,10.2,False,20180901,6,10.78,11.65,local_fit,0.0,observed,-3.0,10.2,11.65
TAP_A01,047b,Protium hebetatum,Burseraceae,727125.2582323198,9682620.93455928,O,16.7,False,,,20151214.0,,,,17.2,False,20180901,6,15.53,15.33,local_fit,0.167,observed,-3.0,16.7,15.02
TAP_A01,048a,Neea oppositifolia,Nyctaginaceae,727092.1748503998,9682619.1403856,O,34.2,False,,,20151214.0,,,,33.4,False,20180901,6,23.57,23.23,local_fit,0.0,observed,-3.0,33.4,23.23
TAP_A01,048b,Inga thibaudiana,Fabaceae,727122.2688512,9682617.1443356,O,31.8,False,,,20151214.0,,,,31.0,False,20180901,6,22.56,22.27,local_fit,0.0,observed,-3.0,31.0,22.27
TAP_A01,049a,Virola michelii,Myristicaceae,727092.91938936,9682620.08689344,O,16.9,False,,,20151214.0,,,,17.0,False,20180901,6,15.41,15.44,local_fit,0.033,observed,-3.0,16.9,15.38
TAP_A01,049b,,,727117.6070615998,9682615.0982832,O,10.9,True,,,20151214.0,,,,,True,20180901,6,,11.97,local_fit,0.167,site_median,-3.0,,
TAP_A01,050a,Simarouba amara,Simaroubaceae,727097.6462345598,9682622.15724224,O,13.5,False,,,20151214.0,,,,16.9,False,20180901,6,15.35,13.55,local_fit,1.133,observed,-3.0,13.5,11.61
TAP_A01,050b,Virola sebifera,Myristicaceae,727129.482217152,9682610.50109069,O,49.5,False,15.4,22.71,20151214.0,,,,51.6,False,20180901,6,29.74,22.71,measured,0.7,observed,-3.0,49.5,22.25
TAP_A01,051a,Stryphnodendron pulcherrimum,Fabaceae,727097.560074,9682619.431812,O,37.2,False,13.37,20.63,20151214.0,,,,38.8,False,20180901,6,25.64,20.63,measured,0.533,observed,-3.0,37.2,20.16
TAP_A01,051b,Guatteria schomburgkiana,Annonaceae,727128.928097664,9682612.116470018,O,12.1,False,,,20151214.0,,,,14.5,False,20180901,6,13.82,12.72,local_fit,0.8,observed,-3.0,12.1,11.21
TAP_A01,052a,Guatteria schomburgkiana,Annonaceae,727095.063616,9682617.304048002,O,24.5,False,,,20151214.0,,,,26.7,False,20180901,6,20.62,19.15,local_fit,0.733,observed,-3.0,24.5,18.16
TAP_A01,053a,Quiina florida,Ochnaceae,727093.1790008,9682616.4781952,O,15.7,False,,,20151214.0,,,,16.2,False,20180901,6,14.91,14.79,local_fit,0.167,observed,-3.0,15.7,14.48
TAP_A01,053b,Inga marginata,Fabaceae,727129.85859936,9682604.46963264,O,15.3,False,,,20151214.0,,,,15.9,False,20180901,6,14.73,14.57,local_fit,0.2,observed,-3.0,15.3,14.18
TAP_A01,054a,Jacaranda copaia,Bignoniaceae,727099.4920751998,9682617.1771488,O,12.0,False,,,20151214.0,,,,14.1,False,20180901,6,13.56,12.66,local_fit,0.7,observed,-3.0,12.0,11.31
TAP_A01,054b,Quiina florida,Ochnaceae,727128.3480932,9682599.6728816,O,14.7,False,,,20151214.0,,,,15.1,False,20180901,6,14.21,14.24,local_fit,0.133,observed,-3.0,14.7,13.98
TAP_A01,055a,Maquira coriacea,Moraceae,727096.0626639999,9682614.639952,O,32.6,False,,,20151214.0,,,,33.4,False,20180901,6,23.57,22.6,local_fit,0.267,observed,-3.0,32.6,22.28
TAP_A01,055b,"Inga sp,",Fabaceae,727128.6228257358,9682599.793786783,O,18.3,False,,,20151214.0,,,,18.1,False,20180901,6,16.07,16.17,local_fit,0.0,observed,-3.0,18.1,16.17
TAP_A01,056a,Quiina florida,Ochnaceae,727098.6048072,9682613.6865648,O,14.0,False,,,20151214.0,,,,14.3,False,20180901,6,13.69,13.84,local_fit,0.1,observed,-3.0,14.0,13.64
TAP_A01,056b,,,727133.4912947998,9682596.9781872,O,34.1,True,,,20151214.0,,,,,True,20180901,6,,23.2,local_fit,0.167,site_median,-3.0,,
TAP_A01,057a,Thyrsodium spruceanum,Anacardiaceae,727099.2123979998,9682614.986888,O,13.4,False,,,20151214.0,,,,13.7,False,20180901,6,13.29,13.49,local_fit,0.1,observed,-3.0,13.4,13.28
TAP_A01,058a,Diospyros artanthifolia,Ebenaceae,727094.2500964,9682610.7427936,O,10.5,False,,,20151214.0,,,,12.1,False,20180901,6,12.18,11.71,local_fit,0.533,observed,-3.0,10.5,10.58
TAP_A01,059a,Casearia javitensis,Salicaceae,727096.7922396,9682609.7894064,O,22.7,False,,,20151214.0,,,,22.8,False,20180901,6,18.68,18.32,local_fit,0.033,observed,-3.0,22.7,18.27
TAP_A01,060a,Virola michelii,Myristicaceae,727100.8647219999,9682610.541964,O,66.7,False,24.21,35.12,20151214.0,,,,39.5,False,20180901,6,25.89,35.12,measured,0.0,observed,-3.0,39.5,35.12
TAP_A01,061a,Jacaranda copaia,Bignoniaceae,727101.37087728,9682612.10812512,O,15.1,False,,,20151214.0,,,,15.3,False,20180901,6,14.34,14.46,local_fit,0.067,observed,-3.0,15.1,14.33
TAP_A01,062a,Nectandra cuspidata,Lauraceae,727102.4052659998,9682612.25172,O,17.5,False,,,20151214.0,,,,18.2,False,20180901,6,16.13,15.75,local_fit,0.233,observed,-3.0,17.5,15.34
TAP_A01,063a,Quiina florida,Ochnaceae,727102.8475108,9682605.2080552,O,12.5,False,,,20151214.0,,,,12.8,False,20180901,6,12.67,12.96,local_fit,0.1,observed,-3.0,12.5,12.75
TAP_A01,064a,Protium paniculatum,Burseraceae,727099.4631708,9682602.6876912,O,19.2,False,,,20151214.0,,,,20.4,False,20180901,6,17.39,16.62,local_fit,0.4,observed,-3.0,19.2,15.97
TAP_A01,065a,Quiina florida,Ochnaceae,727098.73529968,9682601.74740832,O,11.2,False,,,20151214.0,,,,11.8,False,20180901,6,11.96,12.16,local_fit,0.2,observed,-3.0,11.2,11.72
TAP_A01,066a,Couratari stellata,Lecythidaceae,727102.1177706398,9682601.37134176,O,14.0,False,,,20151214.0,,,,14.4,False,20180901,6,13.76,13.84,local_fit,0.133,observed,-3.0,14.0,13.57
TAP_A01,067a,Jacaranda copaia,Bignoniaceae,727103.44200912,9682600.71202368,O,26.1,False,,,20151214.0,,,,26.7,False,20180901,6,20.62,19.86,local_fit,0.2,observed,-3.0,26.1,19.59
TAP_A01,068a,Alexa grandiflora,Fabaceae,727100.2080536,9682597.8428624,O,47.7,False,13.72,22.1,20151214.0,,,,48.2,False,20180901,6,28.75,22.1,measured,0.167,observed,-3.0,47.7,21.98
TAP_A01,069a,Laetia procera,Salicaceae,727105.29295032,9682598.62956768,O,24.1,False,,,20151214.0,,,,24.2,False,20180901,6,19.4,18.97,local_fit,0.033,observed,-3.0,24.1,18.92
TAP_A01,070a,Laetia procera,Salicaceae,727106.06453568,9682598.86529352,O,11.2,False,,,20151214.0,,,,11.5,False,20180901,6,11.75,12.16,local_fit,0.1,observed,-3.0,11.2,11.93
TAP_A01,071a,Rollinia exsucca,Annonaceae,727103.977898,9682596.396584,O,10.4,False,,,20151214.0,,,,10.7,False,20180901,6,11.15,11.65,local_fit,0.1,observed,-3.0,10.4,11.42
TAP_A01,072a,,,727103.03554128,9682593.18914712,O,13.2,False,,,20151214.0,,,,13.2,False,20180901,6,12.95,13.38,local_fit,0.0,observed,-3.0,13.2,13.38
TAP_A01,073a,,,727103.4695676,9682592.0351184,O,37.7,True,,10.24,20151214.0,,,,,True,20180901,6,,10.24,measured,0.167,site_median,-3.0,,
TAP_A01,074a,Miconia pyrifolia,Melastomataceae,727107.66549,9682598.0178,O,11.5,False,,,20151214.0,,,,12.8,False,20180901,6,12.67,12.35,local_fit,0.433,observed,-3.0,11.5,11.45
TAP_A01,075a,Erisma uncinatum,Vochysiaceae,727108.9805459998,9682594.45932,O,13.7,False,,,20151214.0,,,,14.1,False,20180901,6,13.56,13.67,local_fit,0.133,observed,-3.0,13.7,13.4
TAP_A01,076a,,,727109.77604448,9682589.43091392,O,11.9,True,,,20151214.0,,,,,True,20180901,6,,12.6,local_fit,0.167,site_median,-3.0,,
TAP_A01,079a,Quiina florida,Ochnaceae,727084.3867219999,9682602.277472,O,,,,,,,,,10.5,False,20180901,6,11.0,11.0,feldpausch_regional,0.167,site_median,-3.0,10.0,10.62
TAP_A01,001a,Lecythis lurida,Lecythidaceae,727924.2345916348,9683220.042629529,O,24.6,False,,,20160307.0,,,,24.9,False,20180830,7,19.75,19.19,local_fit,0.1,observed,-3.0,24.6,19.04
TAP_A01,001b,Geissospermum sericeum,Apocynaceae,727951.13665648,9683233.7037264,O,34.5,False,,,20160307.0,,,,35.7,False,20180830,7,24.48,23.35,local_fit,0.4,observed,-3.0,34.5,22.9
TAP_A01,002a,Abarema mataybifolia,Fabaceae,727931.4735832,9683224.403256,O,12.8,False,,,20160307.0,,,,12.1,False,20180830,7,12.18,13.14,local_fit,0.0,observed,-3.0,12.1,13.14
TAP_A01,002b,,,727948.69617616,9683235.5895888,O,55.0,True,,,20160307.0,,,,,True,20180830,7,,30.61,local_fit,0.167,site_median,-3.0,,
TAP_A01,003a,Nectandra cuspidata,Lauraceae,727930.7897096,9683226.328568,O,30.0,False,,,20160307.0,,,,31.8,False,20180830,7,22.9,21.53,local_fit,0.6,observed,-3.0,30.0,20.81
TAP_A01,003b,Virola mollissima,Myristicaceae,727949.2617448,9683236.850314,O,16.3,False,,,20160307.0,,,,17.5,False,20180830,7,15.71,15.12,local_fit,0.4,observed,-3.0,16.3,14.42
TAP_A01,004a,Quiina florida,Ochnaceae,727924.57141856,9683255.3690608,O,13.3,False,,,20160307.0,,,,13.7,False,20180830,7,13.29,13.44,local_fit,0.133,observed,-3.0,13.3,13.17
TAP_A01,004b,Eschweilera ovata,Lecythidaceae,727943.41220976,9683240.3858968,O,13.0,False,,,20160307.0,,,,12.7,False,20180830,7,12.6,13.26,local_fit,0.0,observed,-3.0,12.7,13.26
TAP_A01,005a,Quiina florida,Ochnaceae,727932.1149831358,9683232.45022048,O,10.4,False,3.72,7.12,20160307.0,,,,10.5,False,20180830,7,11.0,7.12,measured,0.033,observed,-3.0,10.4,7.07
TAP_A01,005b,Aspidosperma parvifolium,Apocynaceae,727943.13134192,9683241.2866256,O,11.7,False,,,20160307.0,,,,11.8,False,20180830,7,11.96,12.47,local_fit,0.033,observed,-3.0,11.7,12.4
TAP_A01,006a,Quiina florida,Ochnaceae,727927.498554752,9683230.12411336,O,17.6,False,,,20160307.0,,,,17.3,False,20180830,7,15.59,15.81,local_fit,0.0,observed,-3.0,17.3,15.81
TAP_A01,006b,Quiina florida,Ochnaceae,727941.9904667198,9683241.8411196,O,15.6,False,,,20160307.0,,,,16.2,False,20180830,7,14.91,14.74,local_fit,0.2,observed,-3.0,15.6,14.37
TAP_A01,007a,Quiina florida,Ochnaceae,727922.28142003,9683223.694316868,O,10.6,False,7.12,11.77,20160307.0,,,,10.5,False,20180830,7,11.0,11.77,measured,0.0,observed,-3.0,10.5,11.77
TAP_A01,007b,Thyrsodium spruceanum,Anacardiaceae,727944.2964064,9683243.773672,O,12.2,False,,,20160307.0,,,,13.4,False,20180830,7,13.08,12.78,local_fit,0.4,observed,-3.0,12.2,11.97
TAP_A01,008a,Quiina florida,Ochnaceae,727920.443011296,9683228.576539282,O,12.2,False,,,20160307.0,,,,11.8,False,20180830,7,11.96,12.78,local_fit,0.0,observed,-3.0,11.8,12.78
TAP_A01,008b,Cecropia palmata,Urticaceae,727950.7989165998,9683238.036153002,O,28.2,False,10.43,16.97,20160307.0,,,,29.0,False,20180830,7,21.68,16.97,measured,0.267,observed,-3.0,28.2,16.69
TAP_A01,009a,Maquira coriacea,Moraceae,727921.294630285,9683229.972934067,O,14.6,False,,,20160307.0,,,,15.0,False,20180830,7,14.15,14.18,local_fit,0.133,observed,-3.0,14.6,13.92
TAP_A01,009b,Nectandra cuspidata,Lauraceae,727951.50661552,9683238.8447936,O,12.2,False,5.82,12.46,20160307.0,,,,12.7,False,20180830,7,12.6,12.46,measured,0.167,observed,-3.0,12.2,12.11
TAP_A01,010a,Tetragastris panamensis,Burseraceae,727925.7762414078,9683232.19208744,O,24.2,False,,,20160307.0,,,,21.6,False,20180830,7,18.05,19.01,local_fit,0.0,observed,-3.0,21.6,19.01
TAP_A01,010b,Maquira coriacea,Moraceae,727948.6134067999,9683245.487644,O,43.8,False,,,20160307.0,,,,44.6,False,20180830,7,27.63,26.82,local_fit,0.267,observed,-3.0,43.8,26.57
TAP_A01,011a,Neea oppositifolia,Nyctaginaceae,727930.5143533678,9683235.37486324,O,32.0,False,,,20160307.0,,,,32.1,False,20180830,7,23.03,22.36,local_fit,0.033,observed,-3.0,32.0,22.32
TAP_A01,011b,Ormosia nobilis,Fabaceae,727948.356288,9683246.36429,O,13.7,False,,,20160307.0,,,,13.7,False,20180830,7,13.29,13.67,local_fit,0.0,observed,-3.0,13.7,13.67
TAP_A01,012a,Eschweilera ovata,Lecythidaceae,727932.144489184,9683239.16295312,O,17.5,False,,,20160307.0,,,,17.6,False,20180830,7,15.77,15.75,local_fit,0.033,observed,-3.0,17.5,15.69
TAP_A01,012b,"Xylopia sp,",Annonaceae,727939.8360196,9683245.579128,O,13.5,False,,,20160307.0,,,,13.4,False,20180830,7,13.08,13.55,local_fit,0.0,observed,-3.0,13.4,13.55
TAP_A01,013a,Quiina florida,Ochnaceae,727928.4200536,9683238.559148,O,14.2,False,,,20160307.0,,,,14.0,False,20180830,7,13.49,13.96,local_fit,0.0,observed,-3.0,14.0,13.96
TAP_A01,013b,Neea oppositifolia,Nyctaginaceae,727941.5865688,9683246.240634002,O,20.1,False,,,20160307.0,,,,20.1,False,20180830,7,17.22,17.07,local_fit,0.0,observed,-3.0,20.1,17.07
TAP_A01,014a,Chamaecrista xinguensis,Fabaceae,727919.034321312,9683234.42880616,O,19.4,False,19.57,27.36,20160307.0,,,,20.2,False,20180830,7,17.28,27.36,measured,0.267,observed,-3.0,19.4,26.65
TAP_A01,014b,Quiina florida,Ochnaceae,727942.9259944,9683248.242912,O,15.2,False,,,20160307.0,,,,34.1,False,20180830,7,23.85,14.52,local_fit,5.0,observed,-3.0,19.1,10.14
TAP_A01,015a,,,727933.0085678078,9683239.50505944,O,11.0,True,,,20160307.0,,,,,True,20180830,7,,12.03,local_fit,0.167,site_median,-3.0,,
TAP_A01,015b,Cordia scabrifolia,Boraginaceae,727943.67101324,9683249.0137082,O,12.8,False,,,20160307.0,,,,12.7,False,20180830,7,12.6,13.14,local_fit,0.0,observed,-3.0,12.7,13.14
TAP_A01,016a,Pouteria guianensis,Sapotaceae,727930.46797756,9683241.1844818,O,23.4,False,,,20160307.0,,,,24.0,False,20180830,7,19.3,18.64,local_fit,0.2,observed,-3.0,23.4,18.34
TAP_A01,016b,Byrsonima crispa,Malpighiaceae,727947.8420504,9683248.117582,O,30.3,False,16.93,25.45,20160307.0,,,,21.6,False,20180830,7,18.05,25.45,measured,0.0,observed,-3.0,21.6,25.45
TAP_A01,017a,Quiina florida,Ochnaceae,727929.595417136,9683240.85097648,O,13.0,False,6.93,7.45,20160307.0,,,,13.5,False,20180830,7,13.15,7.45,measured,0.167,observed,-3.0,13.0,7.26
TAP_A01,017b,Lacunaria jenmanii,Ochnaceae,727941.5555823998,9683252.712152,O,33.1,False,,,20160307.0,,,,33.1,False,20180830,7,23.44,22.8,local_fit,0.0,observed,-3.0,33.1,22.8
TAP_A01,018a,Tetragastris panamensis,Burseraceae,727930.11050704,9683242.2244812,O,32.1,False,,,20160307.0,,,,32.8,False,20180830,7,23.32,22.4,local_fit,0.233,observed,-3.0,32.1,22.12
TAP_A01,018b,,,727940.38078,9683253.301050002,O,33.0,True,,,20160307.0,,,,,True,20180830,7,,22.76,local_fit,0.167,site_median,-3.0,,
TAP_A01,019a,Virola sebifera,Myristicaceae,727921.335106096,9683241.69803728,O,44.3,False,,,20160307.0,,,,47.2,False,20180830,7,28.45,27.0,local_fit,0.967,observed,-3.0,44.3,26.13
TAP_A01,019b,Pouteria macrophylla,Sapotaceae,727938.35658864,9683256.5990152,O,11.1,False,7.56,10.35,20160307.0,,,,7.7,False,20180830,7,8.77,10.35,measured,0.0,observed,-3.0,7.7,10.35
TAP_A01,020a,Quiina florida,Ochnaceae,727917.55323024,9683239.9876432,O,13.4,False,5.69,10.8,20160307.0,,,,13.7,False,20180830,7,13.29,10.8,measured,0.1,observed,-3.0,13.4,10.63
TAP_A01,020b,Tachigali myrmecophila,Fabaceae,727935.37739376,9683259.6470768,O,44.4,False,,,20160307.0,,,,50.0,False,20180830,7,29.28,27.03,local_fit,1.867,observed,-3.0,44.4,25.44
TAP_A01,021a,Chimarrhis turbinata,Rubiaceae,727918.732283488,9683243.31738384,O,23.0,False,,,20160307.0,,,,23.4,False,20180830,7,18.99,18.46,local_fit,0.133,observed,-3.0,23.0,18.27
TAP_A01,021b,,,727937.09268336,9683260.6522948,O,20.2,True,,,20160307.0,,,,,True,20180830,7,,17.12,local_fit,0.167,site_median,-3.0,,
TAP_A01,022a,Rinorea racemosa,Violaceae,727919.69664104,9683243.4346192,O,15.4,False,15.05,20.36,20160307.0,,,,15.4,False,20180830,7,14.41,20.36,measured,0.0,observed,-3.0,15.4,20.36
TAP_A01,022b,Quiina florida,Ochnaceae,727938.0222414798,9683260.9280014,O,12.7,False,4.73,9.05,20160307.0,,,,12.7,False,20180830,7,12.6,9.05,measured,0.0,observed,-3.0,12.7,9.05
TAP_A01,023a,Tetragastris panamensis,Burseraceae,727917.210652384,9683247.44723712,O,19.3,False,,,20160307.0,,,,20.1,False,20180830,7,17.22,16.67,local_fit,0.267,observed,-3.0,19.3,16.23
TAP_A01,023b,Erisma uncinatum,Vochysiaceae,727935.204801792,9683260.19164256,O,14.2,False,,,20160307.0,,,,15.3,False,20180830,7,14.34,13.96,local_fit,0.367,observed,-3.0,14.2,13.26
TAP_A01,024a,Quiina florida,Ochnaceae,727920.03676756,9683248.0516158,O,13.0,False,,,20160307.0,,,,,True,20180830,7,,13.26,local_fit,0.167,site_median,-3.0,,
TAP_A01,024b,Maquira coriacea,Moraceae,727940.7307267518,9683262.02121136,O,13.8,False,,,20160307.0,,,,14.0,False,20180830,7,13.49,13.73,local_fit,0.067,observed,-3.0,13.8,13.6
TAP_A01,025a,Lacunaria jenmanii,Ochnaceae,727926.291724448,9683256.30760064,O,14.5,False,,,20160307.0,,,,14.8,False,20180830,7,14.02,14.13,local_fit,0.1,observed,-3.0,14.5,13.93
TAP_A01,025b,Maquira coriacea,Moraceae,727935.8287780798,9683264.7055744,O,11.6,False,9.89,13.09,20160307.0,,,,12.2,False,20180830,7,12.25,13.09,measured,0.2,observed,-3.0,11.6,12.63
TAP_A01,026a,,,727925.712879584,9683258.00322512,O,18.1,True,,,20160307.0,,,,,True,20180830,7,,16.06,local_fit,0.167,site_median,-3.0,,
TAP_A01,026b,Banara guianensis,Salicaceae,727938.93394384,9683264.5958412,O,15.0,False,,,20160307.0,,,,15.9,False,20180830,7,14.73,14.41,local_fit,0.3,observed,-3.0,15.0,13.84
TAP_A01,027a,Eschweilera ovata,Lecythidaceae,727919.0961551139,9683256.062807048,O,24.7,False,,,20160307.0,,,,25.0,False,20180830,7,19.8,19.24,local_fit,0.1,observed,-3.0,24.7,19.09
TAP_A01,027b,Quiina florida,Ochnaceae,727938.5279093198,9683265.9314526,O,21.4,False,,,20160307.0,,,,22.0,False,20180830,7,18.26,17.7,local_fit,0.2,observed,-3.0,21.4,17.39
TAP_A01,028a,Eschweilera ovata,Lecythidaceae,727913.181969141,9683252.23974114,O,15.9,False,,,20160307.0,,,,16.2,False,20180830,7,14.91,14.9,local_fit,0.1,observed,-3.0,15.9,14.72
TAP_A01,028b,Eschweilera ovata,Lecythidaceae,727932.93234088,9683267.3617584,O,10.0,False,,,20160307.0,,,,10.0,False,20180830,7,10.62,11.39,local_fit,0.0,observed,-3.0,10.0,11.39
TAP_A01,029a,Pouteria gongrijpii,Sapotaceae,727915.2181366979,9683256.22660717,O,16.2,False,,,20160307.0,,,,16.6,False,20180830,7,15.16,15.06,local_fit,0.133,observed,-3.0,16.2,14.81
TAP_A01,029b,Quiina florida,Ochnaceae,727932.50086096,9683268.7231728,O,12.0,False,,,20160307.0,,,,12.5,False,20180830,7,12.46,12.66,local_fit,0.167,observed,-3.0,12.0,12.3
TAP_A01,030a,Tetragastris panamensis,Burseraceae,727914.7882704701,9683257.40161107,O,25.4,False,,,20160307.0,,,,25.8,False,20180830,7,20.19,19.55,local_fit,0.133,observed,-3.0,25.4,19.37
TAP_A01,030b,,,727932.7885142398,9683267.8155632,O,29.0,False,,,20160307.0,,,,,True,20180830,7,,21.12,local_fit,0.167,site_median,-3.0,,
TAP_A01,031a,Apuleia leiocarpa,Fabaceae,727917.350737568,9683258.33763424,O,18.3,False,8.06,10.18,20160307.0,,,,18.5,False,20180830,7,16.31,10.18,measured,0.067,observed,-3.0,18.3,10.11
TAP_A01,031b,Jacaranda copaia,Bignoniaceae,727937.634633376,9683268.86979768,O,47.6,False,,,20160307.0,,,,,True,20180830,7,,28.15,local_fit,0.167,site_median,-3.0,,
TAP_A01,032a,Talisia longifolia,Sapindaceae,727917.538888387,9683258.390504899,O,10.2,False,7.78,11.26,20160307.0,,,,10.9,False,20180830,7,11.3,11.26,measured,0.233,observed,-3.0,10.2,10.74
TAP_A01,032b,Ormosia amazonica,Fabaceae,727938.8061886398,9683268.4073752,O,10.0,False,,,20160307.0,,,,10.5,False,20180830,7,11.0,11.39,local_fit,0.167,observed,-3.0,10.0,11.0
TAP_A01,033a,Maquira coriacea,Moraceae,727914.034512928,9683264.057135042,O,18.2,False,,,20160307.0,,,,19.5,False,20180830,7,16.88,16.12,local_fit,0.433,observed,-3.0,18.2,15.4
TAP_A01,033b,Quiina florida,Ochnaceae,727941.3674744798,9683266.7069664,O,10.2,False,8.13,12.63,20160307.0,,,,10.3,False,20180830,7,10.85,12.63,measured,0.033,observed,-3.0,10.2,12.55
TAP_A01,034a,Erisma uncinatum,Vochysiaceae,727908.0714213758,9683262.55039368,O,37.1,False,,,20160307.0,,,,39.2,False,20180830,7,25.79,24.36,local_fit,0.7,observed,-3.0,37.1,23.62
TAP_A01,034b,Brosimum rubescens,Moraceae,727941.18267348,9683270.8227134,O,12.8,False,,,20160307.0,,,,13.8,False,20180830,7,13.36,13.14,local_fit,0.333,observed,-3.0,12.8,12.46
TAP_A01,035a,Tetragastris panamensis,Burseraceae,727906.32098457,9683266.36199557,O,27.4,False,,,20160307.0,,,,34.4,False,20180830,7,23.97,20.43,local_fit,2.333,observed,-3.0,27.4,17.86
TAP_A01,035b,Abarema mataybifolia,Fabaceae,727933.946963552,9683270.74045736,O,16.4,False,,,20160307.0,,,,17.2,False,20180830,7,15.53,15.17,local_fit,0.267,observed,-3.0,16.4,14.69
TAP_A01,036a,Pseudopiptadenia suaveolens,Fabaceae,727911.878601808,9683267.67074544,O,29.2,False,,,20160307.0,,,,30.6,False,20180830,7,22.39,21.2,local_fit,0.467,observed,-3.0,29.2,20.61
TAP_A01,036b,Couratari stellata,Lecythidaceae,727935.63540256,9683272.0192688,O,19.0,False,,,20160307.0,,,,19.2,False,20180830,7,16.71,16.52,local_fit,0.067,observed,-3.0,19.0,16.41
TAP_A01,037a,Nectandra cuspidata,Lauraceae,727906.5292761569,9683268.355917022,O,21.4,False,,,20160307.0,,,,22.3,False,20180830,7,18.42,17.7,local_fit,0.3,observed,-3.0,21.4,17.24
TAP_A01,037b,Maquira coriacea,Moraceae,727935.5257695998,9683272.376808,O,12.5,False,,,20160307.0,,,,13.7,False,20180830,7,13.29,12.96,local_fit,0.4,observed,-3.0,12.5,12.15
TAP_A01,038a,,,727919.9713431998,9683271.722646002,O,12.2,True,,,20160307.0,,,,,True,20180830,7,,12.78,local_fit,0.167,site_median,-3.0,,
TAP_A01,038b,Strychnos subcordata,Loganiaceae,727932.1834774,9683273.034957,O,10.4,False,8.04,14.55,20160307.0,,,,11.1,False,20180830,7,11.45,14.55,measured,0.233,observed,-3.0,10.4,13.89
TAP_A01,039a,Sloanea guianensis,Elaeocarpaceae,727921.871996208,9683272.35512144,O,11.2,False,,,20160307.0,,,,11.5,False,20180830,7,11.75,12.16,local_fit,0.1,observed,-3.0,11.2,11.93
TAP_A01,039b,Parkia multijuga,Fabaceae,727933.58263956,9683275.284615802,O,38.8,False,,,20160307.0,,,,42.0,False,20180830,7,26.77,25.0,local_fit,1.067,observed,-3.0,38.8,23.94
TAP_A01,040a,Diospyros artanthifolia,Ebenaceae,727952.552548192,9683278.39566256,O,30.1,False,,,20160307.0,,,,30.3,False,20180830,7,22.26,21.58,local_fit,0.067,observed,-3.0,30.1,21.49
TAP_A01,040b,Eschweilera ovata,Lecythidaceae,727934.5664812,9683275.505276,O,12.7,False,,,20160307.0,,,,13.1,False,20180830,7,12.88,13.08,local_fit,0.133,observed,-3.0,12.7,12.8
TAP_A01,041a,Quiina florida,Ochnaceae,727929.2228649278,9683272.44378304,O,12.8,False,,,20160307.0,,,,12.7,False,20180830,7,12.6,13.14,local_fit,0.0,observed,-3.0,12.7,13.14
TAP_A01,041b,Tetragastris panamensis,Burseraceae,727938.1777667198,9683273.9584396,O,11.5,False,,,20160307.0,,,,12.3,False,20180830,7,12.32,12.35,local_fit,0.267,observed,-3.0,11.5,11.78
TAP_A01,042a,Alexa grandiflora,Fabaceae,727935.613716,9683255.72545,O,11.4,False,,,20160307.0,,,,11.1,False,20180830,7,11.45,12.29,local_fit,0.0,observed,-3.0,11.1,12.29
TAP_A01,042b,Helicostylis tomentosa,Moraceae,727938.0722050238,9683274.31185032,O,17.0,False,,,20160307.0,,,,17.5,False,20180830,7,15.71,15.49,local_fit,0.167,observed,-3.0,17.0,15.19
TAP_A01,043a,,,727929.25615344,9683265.9083392,O,12.5,True,,,20160307.0,,,,,True,20180830,7,,12.96,local_fit,0.167,site_median,-3.0,,
TAP_A01,043b,Quiina florida,Ochnaceae,727939.41363808,9683273.3076144,O,10.5,False,,,20160307.0,,,,10.5,False,20180830,7,11.0,11.71,local_fit,0.0,observed,-3.0,10.5,11.71
TAP_A01,044a,Eschweilera ovata,Lecythidaceae,727928.6745136259,9683265.153942209,O,16.8,False,,,20160307.0,,,,18.5,False,20180830,7,16.31,15.38,local_fit,0.567,observed,-3.0,16.8,14.42
TAP_A01,044b,Cecropia palmata,Urticaceae,727939.4856894,9683276.608577,O,34.0,False,,,20160307.0,,,,34.2,False,20180830,7,23.89,23.16,local_fit,0.067,observed,-3.0,34.0,23.08
TAP_A01,045a,Nectandra cuspidata,Lauraceae,727927.25374352,9683265.6870076,O,21.5,False,,,20160307.0,,,,22.0,False,20180830,7,18.26,17.75,local_fit,0.167,observed,-3.0,21.5,17.49
TAP_A01,045b,Virola michelii,Myristicaceae,727952.38213744,9683279.0611992,O,10.5,False,7.74,11.8,20160307.0,,,,11.1,False,20180830,7,11.45,11.8,measured,0.2,observed,-3.0,10.5,11.34
TAP_A01,046a,,,727919.70611824,9683263.4093032,O,25.1,True,,,20160307.0,,,,,True,20180830,7,,19.42,local_fit,0.167,site_median,-3.0,,
TAP_A01,046b,Tachigali myrmecophila,Fabaceae,727951.0772435198,9683276.100033602,O,28.8,False,,,20160307.0,,,,,True,20180830,7,,21.03,local_fit,0.167,site_median,-3.0,,
TAP_A01,047a,Diospyros artanthifolia,Ebenaceae,727920.3267528398,9683262.5295312,O,51.8,False,3.84,6.74,20160307.0,,,,,True,20180830,7,,6.74,measured,0.167,site_median,-3.0,,
TAP_A01,047b,Licania heteromorpha,Chrysobalanaceae,727953.951220736,9683276.96383448,O,11.3,False,8.19,13.68,20160307.0,,,,11.6,False,20180830,7,11.82,13.68,measured,0.1,observed,-3.0,11.3,13.43
TAP_A01,048a,Tachigali myrmecophila,Fabaceae,727920.355155066,9683262.745745407,O,58.7,False,21.43,36.22,20160307.0,,,,63.0,False,20180830,7,32.64,36.22,measured,1.433,observed,-3.0,58.7,35.09
TAP_A01,048b,Couratari stellata,Lecythidaceae,727945.7257512,9683272.984936,O,18.1,False,,,20160307.0,,,,15.4,False,20180830,7,14.41,16.06,local_fit,0.0,observed,-3.0,15.4,16.06
TAP_A01,049a,Bowdichia nitida,Fabaceae,727928.1469713598,9683262.9950768,O,11.6,False,,,20160307.0,,,,13.1,False,20180830,7,12.88,12.41,local_fit,0.5,observed,-3.0,11.6,11.39
TAP_A01,049b,Cecropia palmata,Urticaceae,727945.49121328,9683270.1567004,O,33.2,False,,,20160307.0,,,,,True,20180830,7,,22.84,local_fit,0.167,site_median,-3.0,,
TAP_A01,050a,Quiina florida,Ochnaceae,727921.329153472,9683259.66530196,O,11.5,False,5.58,9.09,20160307.0,,,,17.8,False,20180830,7,15.89,9.09,measured,2.1,observed,-3.0,11.5,6.72
TAP_A01,050b,Bertholletia excelsa,Lecythidaceae,727951.98008584,9683268.7924992,O,85.6,False,33.07,42.12,20160307.0,,,,80.5,False,20180830,7,36.11,42.12,measured,0.0,observed,-3.0,80.5,42.12
TAP_A01,051a,"Pouteria sp,",Sapotaceae,727932.206627608,9683260.00810644,O,16.1,False,,,20160307.0,,,,16.9,False,20180830,7,15.35,15.01,local_fit,0.267,observed,-3.0,16.1,14.52
TAP_A01,051b,Handroanthus impetiginosus,Bignoniaceae,727953.121373104,9683268.29917872,O,85.0,False,30.86,43.75,20160307.0,,,,82.1,False,20180830,7,36.38,43.75,measured,0.0,observed,-3.0,82.1,43.75
TAP_A01,052a,Quiina florida,Ochnaceae,727933.3360978878,9683259.03673784,O,12.7,False,3.77,9.42,20160307.0,,,,12.7,False,20180830,7,12.6,9.42,measured,0.0,observed,-3.0,12.7,9.42
TAP_A01,052b,Couratari stellata,Lecythidaceae,727955.6281864959,9683270.33599128,O,23.8,False,,,20160307.0,,,,23.9,False,20180830,7,19.25,18.83,local_fit,0.033,observed,-3.0,23.8,18.78
TAP_A01,053a,,,727933.427736512,9683256.24459016,O,12.4,True,,,20160307.0,,,,,True,20180830,7,,12.9,local_fit,0.167,site_median,-3.0,,
TAP_A01,053b,Myrcia splendens,Myrtaceae,727955.87973136,9683269.3418148,O,17.0,False,,,20160307.0,,,,16.7,False,20180830,7,15.22,15.49,local_fit,0.0,observed,-3.0,16.7,15.49
TAP_A01,054a,Nectandra cuspidata,Lauraceae,727925.75586616,9683254.8935648,O,15.9,False,,,20160307.0,,,,16.0,False,20180830,7,14.79,14.9,local_fit,0.033,observed,-3.0,15.9,14.84
TAP_A01,054b,Neea oppositifolia,Nyctaginaceae,727947.28676,9683267.39855,O,13.1,False,8.82,12.48,20160307.0,,,,13.4,False,20180830,7,13.08,12.48,measured,0.1,observed,-3.0,13.1,12.29
TAP_A01,055a,Theobroma glaucum,Malvaceae,727925.2281504,9683253.471272,O,13.6,False,,,20160307.0,,,,13.5,False,20180830,7,13.15,13.61,local_fit,0.0,observed,-3.0,13.5,13.61
TAP_A01,055b,Quiina florida,Ochnaceae,727947.7670703998,9683265.679662,O,31.8,False,,,20160307.0,,,,,True,20180830,7,,22.27,local_fit,0.167,site_median,-3.0,,
TAP_A01,056a,Chamaecrista xinguensis,Fabaceae,727929.63616144,9683246.5106592,O,23.5,False,,,20160307.0,,,,20.7,False,20180830,7,17.56,18.69,local_fit,0.0,observed,-3.0,20.7,18.69
TAP_A01,056b,Neea oppositifolia,Nyctaginaceae,727945.77091296,9683265.5751728,O,36.0,False,,,20160307.0,,,,36.1,False,20180830,7,24.63,23.94,local_fit,0.033,observed,-3.0,36.0,23.91
TAP_A01,057a,,,727933.01352304,9683248.3286952,O,75.0,True,,33.43,20160307.0,,,,,True,20180830,7,,33.43,measured,0.167,site_median,-3.0,,
TAP_A01,057b,Tachigali paniculata,Fabaceae,727948.6076136,9683262.671608,O,30.9,False,,,20160307.0,,,,,True,20180830,7,,21.91,local_fit,0.167,site_median,-3.0,,
TAP_A01,058a,Quiina florida,Ochnaceae,727929.26557672,9683244.6826616,O,11.3,False,,,20160307.0,,,,11.3,False,20180830,7,11.6,12.22,local_fit,0.0,observed,-3.0,11.3,12.22
TAP_A01,058b,,,727946.3348732,9683260.089476,O,11.0,True,,,20160307.0,,,,,True,20180830,7,,12.03,local_fit,0.167,site_median,-3.0,,
TAP_A01,059a,Quiina florida,Ochnaceae,727930.859327841,9683240.90676464,O,18.8,False,,,20160307.0,,,,19.1,False,20180830,7,16.65,16.42,local_fit,0.1,observed,-3.0,18.8,16.25
TAP_A01,059b,Pouteria gongrijpii,Sapotaceae,727951.15666096,9683260.6756528,O,18.8,False,,,20160307.0,,,,16.9,False,20180830,7,15.35,16.42,local_fit,0.0,observed,-3.0,16.9,16.42
TAP_A01,060a,Tachigali myrmecophila,Fabaceae,727937.05493488,9683248.1183384,O,54.4,False,20.35,29.47,20160307.0,,,,59.5,False,20180830,7,31.81,29.47,measured,1.7,observed,-3.0,54.4,28.27
TAP_A01,060b,Pouteria gongrijpii,Sapotaceae,727953.2118270398,9683260.4123472,O,15.6,False,,,20160307.0,,,,18.8,False,20180830,7,16.48,14.74,local_fit,1.067,observed,-3.0,15.6,13.0
TAP_A01,061a,Quiina florida,Ochnaceae,727937.761587808,9683245.92356144,O,27.0,False,,,20160307.0,,,,27.5,False,20180830,7,21.0,20.26,local_fit,0.167,observed,-3.0,27.0,20.03
TAP_A01,061b,Micrandra minor,Euphorbiaceae,727954.1450443598,9683260.6227518,O,19.2,False,,,20160307.0,,,,19.1,False,20180830,7,16.65,16.62,local_fit,0.0,observed,-3.0,19.1,16.62
TAP_A01,062a,Quiina florida,Ochnaceae,727935.9704152,9683239.417476,O,16.0,False,4.03,8.99,20160307.0,,,,16.2,False,20180830,7,14.91,8.99,measured,0.067,observed,-3.0,16.0,8.92
TAP_A01,062b,Quiina florida,Ochnaceae,727951.6257368,9683266.332124,O,16.9,False,,,20160307.0,,,,16.9,False,20180830,7,15.35,15.44,local_fit,0.0,observed,-3.0,16.9,15.44
TAP_A01,063a,Couratari stellata,Lecythidaceae,727934.02676864,9683236.5016252,O,11.0,False,10.06,13.64,20160307.0,,,,11.1,False,20180830,7,11.45,13.64,measured,0.033,observed,-3.0,11.0,13.56
TAP_A01,063b,Quiina florida,Ochnaceae,727954.0445283998,9683264.776212,O,12.0,False,6.22,9.74,20160307.0,,,,21.7,False,20180830,7,18.1,9.74,measured,3.233,observed,-3.0,12.0,6.52
TAP_A01,064a,Quiina florida,Ochnaceae,727936.3560171198,9683235.344471602,O,15.3,False,,,20160307.0,,,,16.6,False,20180830,7,15.16,14.57,local_fit,0.433,observed,-3.0,15.3,13.78
TAP_A01,064b,Couratari stellata,Lecythidaceae,727954.6360658798,9683258.7698194,O,10.8,False,,,20160307.0,,,,11.1,False,20180830,7,11.45,11.91,local_fit,0.1,observed,-3.0,10.8,11.68
TAP_A01,065a,Chamaecrista xinguensis,Fabaceae,727941.3051198398,9683229.0534912,O,35.3,False,,,20160307.0,,,,35.7,False,20180830,7,24.48,23.67,local_fit,0.133,observed,-3.0,35.3,23.52
TAP_A01,065b,Quiina florida,Ochnaceae,727956.48553692,9683259.2078306,O,12.5,False,,,20160307.0,,,,12.7,False,20180830,7,12.6,12.96,local_fit,0.067,observed,-3.0,12.5,12.82
TAP_A01,066b,Couratari stellata,Lecythidaceae,727956.91834924,9683257.5371082,O,15.5,False,,,20160307.0,,,,15.6,False,20180830,7,14.54,14.68,local_fit,0.033,observed,-3.0,15.5,14.61
TAP_A01,067b,Quiina florida,Ochnaceae,727957.70747344,9683258.2631792,O,16.9,False,,,20160307.0,,,,17.2,False,20180830,7,15.53,15.44,local_fit,0.1,observed,-3.0,16.9,15.26
TAP_A01,068b,Abuta grandifolia,Menispermaceae,727958.069596288,9683256.84891384,O,14.6,False,13.07,19.06,20160307.0,,,,15.1,False,20180830,7,14.21,19.06,measured,0.167,observed,-3.0,14.6,18.63
TAP_A01,069b,Cordia scabrifolia,Boraginaceae,727958.00038004,9683253.3603022,O,15.2,False,,,20160307.0,,,,16.6,False,20180830,7,15.16,14.52,local_fit,0.467,observed,-3.0,15.2,13.68
TAP_A01,070b,,,727959.94803548,9683245.842051402,O,41.0,True,,,20160307.0,,,,,True,20180830,7,,25.81,local_fit,0.167,site_median,-3.0,,
TAP_A01,071b,"Xylopia sp,",Annonaceae,727961.96774224,9683241.6247632,O,17.3,False,,,20160307.0,,,,17.5,False,20180830,7,15.71,15.65,local_fit,0.067,observed,-3.0,17.3,15.53
TAP_A01,072b,Quiina florida,Ochnaceae,727945.9246417598,9683258.0553168,O,12.6,False,6.44,11.36,20160307.0,,,,,True,20180830,7,,11.36,measured,0.167,site_median,-3.0,,
TAP_A01,073b,Aparisthmium cordatum,Euphorbiaceae,727956.5778328,9683251.442314,O,13.2,False,,,20160307.0,,,,10.5,False,20180830,7,11.0,13.38,local_fit,0.0,observed,-3.0,10.5,13.38
TAP_A01,074a,Sloanea guianensis,Elaeocarpaceae,727915.80511912,9683265.5578816,O,,,,,,,,,10.2,False,20180830,7,10.78,10.78,feldpausch_regional,0.167,site_median,-3.0,9.7,10.39
TAP_A01,076a,,,727916.1443177998,9683246.208334,O,,,,,,,,,10.2,False,20180830,7,10.78,10.78,feldpausch_regional,0.167,site_median,-3.0,9.7,10.39
TAP_A01,077a,,,727918.959827056,9683234.62753008,L,,,,,,,,,9.9,False,20180830,7,10.55,10.55,feldpausch_regional,0.167,site_median,-3.0,9.4,10.16
TAP_A01,078a,Quiina florida,Ochnaceae,727916.504234272,9683243.87918496,O,,,,,,,,,10.8,False,20180830,7,11.23,11.23,feldpausch_regional,0.167,site_median,-3.0,10.3,10.85
TAP_A01,079a,Virola michelii,Myristicaceae,727923.249755,9683233.734025,O,,,,,,,,,10.5,False,20180830,7,11.0,11.0,feldpausch_regional,0.167,site_median,-3.0,10.0,10.62
TAP_A01,080a,Aspidosperma parvifolium,Apocynaceae,727929.83499376,9683223.6282168,O,,,,,,,,,10.2,False,20180830,7,10.78,10.78,feldpausch_regional,0.167,site_median,-3.0,9.7,10.39
TAP_A01,001a,Cecropia palmata,Urticaceae,727987.91046484,9683591.8278524,O,17.0,False,,,20160308.0,,,,25.0,False,20180830,8,19.8,15.49,local_fit,2.667,observed,-3.0,17.0,12.06
TAP_A01,001b,Hymenaea parvifolia,Fabaceae,728008.310929418,9683600.05461434,O,22.8,False,,,20160308.0,,,,23.5,False,20180830,8,19.05,18.37,local_fit,0.233,observed,-3.0,22.8,18.01
TAP_A01,002a,,,727987.7494795598,9683598.1745116,O,10.7,False,,,20160308.0,,,,10.6,False,20180830,8,11.08,11.84,local_fit,0.0,observed,-3.0,10.6,11.84
TAP_A01,002b,Cordia scabrifolia,Boraginaceae,728007.67685448,9683600.9739928,O,25.4,False,,,20160308.0,,,,25.7,False,20180830,8,20.14,19.55,local_fit,0.1,observed,-3.0,25.4,19.41
TAP_A01,003a,Strychnos subcordata,Loganiaceae,727988.41929628,9683599.4109788,O,15.6,False,,,20160308.0,,,,15.2,False,20180830,8,14.28,14.74,local_fit,0.0,observed,-3.0,15.2,14.74
TAP_A01,003b,Diospyros artanthifolia,Ebenaceae,728014.1581675638,9683602.44321604,O,28.3,False,,,20160308.0,,,,28.8,False,20180830,8,21.59,20.82,local_fit,0.167,observed,-3.0,28.3,20.61
TAP_A01,004a,Cordia scabrifolia,Boraginaceae,727989.27159984,9683603.0755024,O,25.0,False,,,20160308.0,,,,25.5,False,20180830,8,20.05,19.37,local_fit,0.167,observed,-3.0,25.0,19.13
TAP_A01,004b,Chrysophyllum sanguinolentum,Sapotaceae,728013.5533135039,9683603.80430944,O,10.5,False,,,20160308.0,,,,10.5,False,20180830,8,11.0,11.71,local_fit,0.0,observed,-3.0,10.5,11.71
TAP_A01,005a,Quiina florida,Ochnaceae,727981.11540544,9683594.3907184,O,11.5,False,2.83,6.92,20160308.0,,,,11.8,False,20180830,8,11.96,6.92,measured,0.1,observed,-3.0,11.5,6.8
TAP_A01,005b,Inga grandis,Fabaceae,728009.9752056261,9683602.770585207,O,10.3,False,4.04,8.11,20160308.0,,,,10.3,False,20180830,8,10.85,8.11,measured,0.0,observed,-3.0,10.3,8.11
TAP_A01,006a,Virola sebifera,Myristicaceae,727984.6482067,9683594.233777,O,15.1,False,,,20160308.0,,,,14.3,False,20180830,8,13.69,14.46,local_fit,0.0,observed,-3.0,14.3,14.46
TAP_A01,006b,Casearia javitensis,Salicaceae,728003.923393376,9683605.86692736,O,13.1,False,3.82,10.25,20160308.0,,,,13.5,False,20180830,8,13.15,10.25,measured,0.133,observed,-3.0,13.1,10.04
TAP_A01,007a,Tachigali paniculata,Fabaceae,727977.4646335358,9683604.00392096,O,34.8,False,,,20160308.0,,,,40.4,False,20180830,8,26.21,23.47,local_fit,1.867,observed,-3.0,34.8,21.61
TAP_A01,007b,Virola crebrinervia,Myristicaceae,728003.024610122,9683607.963243779,O,14.9,False,,,20160308.0,,,,14.9,False,20180830,8,14.08,14.35,local_fit,0.0,observed,-3.0,14.9,14.35
TAP_A01,008a,Inga pilosula,Fabaceae,727985.53969256,9683606.6787576,O,11.2,False,7.61,13.44,20160308.0,,,,12.3,False,20180830,8,12.32,13.44,measured,0.367,observed,-3.0,11.2,12.58
TAP_A01,008b,Virola crebrinervia,Myristicaceae,728003.0847473539,9683608.0950513,O,11.2,False,,,20160308.0,,,,,True,20180830,8,,12.16,local_fit,0.167,site_median,-3.0,,
TAP_A01,009a,Virola crebrinervia,Myristicaceae,727986.402178272,9683610.24275392,O,12.0,False,,,20160308.0,,,,,True,20180830,8,,12.66,local_fit,0.167,site_median,-3.0,,
TAP_A01,009b,"Inga sp,",Fabaceae,728007.191485684,9683607.526817242,O,11.3,False,,,20160308.0,,,,12.2,False,20180830,8,12.25,12.22,local_fit,0.3,observed,-3.0,11.3,11.57
TAP_A01,010a,Virola sebifera,Myristicaceae,727982.0567992,9683609.739872,O,24.5,False,,,20160308.0,,,,26.7,False,20180830,8,20.62,19.15,local_fit,0.733,observed,-3.0,24.5,18.16
TAP_A01,010b,Virola crebrinervia,Myristicaceae,728015.1569560518,9683610.78906972,O,36.3,False,,,20160308.0,,,,36.5,False,20180830,8,24.79,24.05,local_fit,0.067,observed,-3.0,36.3,23.97
TAP_A01,011a,Virola crebrinervia,Myristicaceae,727980.72136164,9683610.2601004,O,10.0,False,,,20160308.0,,,,10.3,False,20180830,8,10.85,11.39,local_fit,0.1,observed,-3.0,10.0,11.15
TAP_A01,011b,Inga thibaudiana,Fabaceae,728008.2912419199,9683613.0174912,O,16.4,False,9.16,13.07,20160308.0,,,,17.2,False,20180830,8,15.53,13.07,measured,0.267,observed,-3.0,16.4,12.66
TAP_A01,012a,,,727976.3656320279,9683609.85769108,O,11.7,False,4.65,7.14,20160308.0,,,,11.7,False,20180830,8,11.89,7.14,measured,0.0,observed,-3.0,11.7,7.14
TAP_A01,012b,Manilkara huberi,Sapotaceae,728007.9079542179,9683614.14747762,O,10.5,False,1.92,5.75,20160308.0,,,,10.6,False,20180830,8,11.08,5.75,measured,0.033,observed,-3.0,10.5,5.71
TAP_A01,013a,Guatteria schomburgkiana,Annonaceae,727981.03725554,9683615.2041094,O,10.4,False,,,20160308.0,,,,10.3,False,20180830,8,10.85,11.65,local_fit,0.0,observed,-3.0,10.3,11.65
TAP_A01,013b,,,728001.574408912,9683610.262052322,O,29.5,True,,,20160308.0,,,,,True,20180830,8,,21.33,local_fit,0.167,site_median,-3.0,,
TAP_A01,014a,Quiina florida,Ochnaceae,727984.30529328,9683615.4803608,O,14.8,False,,,20160308.0,,,,14.9,False,20180830,8,14.08,14.29,local_fit,0.033,observed,-3.0,14.8,14.23
TAP_A01,014b,Inga alba,Fabaceae,728002.660955428,9683610.70778508,O,10.9,False,,,20160308.0,,,,14.9,False,20180830,8,14.08,11.97,local_fit,1.333,observed,-3.0,10.9,9.61
TAP_A01,015a,,,727985.45847744,9683615.4201184,O,41.0,False,,,20160308.0,,,,43.1,False,20180830,8,27.14,25.81,local_fit,0.7,observed,-3.0,41.0,25.13
TAP_A01,015b,Virola crebrinervia,Myristicaceae,728001.38673032,9683615.5448152,O,14.2,False,,,20160308.0,,,,13.8,False,20180830,8,13.36,13.96,local_fit,0.0,observed,-3.0,13.8,13.96
TAP_A01,016a,Eschweilera ovata,Lecythidaceae,727978.02544794,9683617.1721934,O,11.4,False,,,20160308.0,,,,11.6,False,20180830,8,11.82,12.29,local_fit,0.067,observed,-3.0,11.4,12.13
TAP_A01,016b,Casearia javitensis,Salicaceae,728006.4563591998,9683619.774472,O,20.9,False,,,20160308.0,,,,21.6,False,20180830,8,18.05,17.46,local_fit,0.233,observed,-3.0,20.9,17.09
TAP_A01,017a,Protium paniculatum,Burseraceae,727971.626598036,9683616.45658396,O,16.2,False,,,20160308.0,,,,16.6,False,20180830,8,15.16,15.06,local_fit,0.133,observed,-3.0,16.2,14.81
TAP_A01,017b,Diospyros artanthifolia,Ebenaceae,728009.955909152,9683619.71056672,O,15.7,False,,,20160308.0,,,,15.6,False,20180830,8,14.54,14.79,local_fit,0.0,observed,-3.0,15.6,14.79
TAP_A01,018a,Aspidosperma parvifolium,Apocynaceae,727973.29697116,9683617.8947476,O,11.7,False,,,20160308.0,,,,18.6,False,20180830,8,16.36,12.47,local_fit,2.3,observed,-3.0,11.7,9.06
TAP_A01,018b,Alexa grandiflora,Fabaceae,728009.4746755529,9683620.26424201,O,16.0,False,,,20160308.0,,,,15.7,False,20180830,8,14.6,14.96,local_fit,0.0,observed,-3.0,15.7,14.96
TAP_A01,019a,Inga thibaudiana,Fabaceae,727978.4454088,9683618.950528,O,11.3,False,,,20160308.0,,,,11.5,False,20180830,8,11.75,12.22,local_fit,0.067,observed,-3.0,11.3,12.06
TAP_A01,019b,Virola sebifera,Myristicaceae,728009.3114951908,9683620.62658783,O,14.2,False,,,20160308.0,,,,15.9,False,20180830,8,14.73,13.96,local_fit,0.567,observed,-3.0,14.2,12.91
TAP_A01,020a,Clarisia racemosa,Moraceae,727980.07209056,9683620.4783376,O,28.8,False,9.49,16.69,20160308.0,,,,30.7,False,20180830,8,22.43,16.69,measured,0.633,observed,-3.0,28.8,16.06
TAP_A01,020b,Quiina florida,Ochnaceae,728004.440179,9683624.31145,O,14.0,False,3.89,8.48,20160308.0,,,,14.5,False,20180830,8,13.82,8.48,measured,0.167,observed,-3.0,14.0,8.28
TAP_A01,021a,Inga thibaudiana,Fabaceae,727978.3589086,9683624.802206,O,13.0,False,,,20160308.0,,,,13.7,False,20180830,8,13.29,13.26,local_fit,0.233,observed,-3.0,13.0,12.78
TAP_A01,021b,Quiina florida,Ochnaceae,728000.1551072958,9683621.04401856,O,12.2,False,,,20160308.0,,,,12.3,False,20180830,8,12.32,12.78,local_fit,0.033,observed,-3.0,12.2,12.71
TAP_A01,022a,Quiina florida,Ochnaceae,727971.950808,9683624.29126,O,14.4,False,,,20160308.0,,,,14.2,False,20180830,8,13.62,14.07,local_fit,0.0,observed,-3.0,14.2,14.07
TAP_A01,022b,"Pouteria sp,",Sapotaceae,728000.4460834259,9683621.16384322,O,14.6,False,,,20160308.0,,,,15.8,False,20180830,8,14.66,14.18,local_fit,0.4,observed,-3.0,14.6,13.44
TAP_A01,023a,Pouteria macrophylla,Sapotaceae,727967.329569912,9683627.83277032,O,17.4,False,,,20160308.0,,,,18.2,False,20180830,8,16.13,15.7,local_fit,0.267,observed,-3.0,17.4,15.23
TAP_A01,023b,Inga thibaudiana,Fabaceae,727997.946462395,9683618.74049627,O,11.7,False,,,20160308.0,,,,13.6,False,20180830,8,13.22,12.47,local_fit,0.633,observed,-3.0,11.7,11.22
TAP_A01,024a,Bellucia grossularioides,Melastomataceae,727974.433878396,9683631.95755156,O,10.0,False,12.39,16.11,20160308.0,,,,10.0,False,20180830,8,10.62,16.11,measured,0.0,observed,-3.0,10.0,16.11
TAP_A01,024b,Lacmellea aculeata,Apocynaceae,727999.0777575459,9683616.09668042,O,15.5,False,,,20160308.0,,,,15.8,False,20180830,8,14.66,14.68,local_fit,0.1,observed,-3.0,15.5,14.49
TAP_A01,025a,Tetragastris panamensis,Burseraceae,727972.414386832,9683634.33232352,O,18.7,False,,,20160308.0,,,,19.4,False,20180830,8,16.83,16.37,local_fit,0.233,observed,-3.0,18.7,15.97
TAP_A01,025b,Eschweilera coriacea,Lecythidaceae,727997.393223784,9683622.15875624,O,20.7,False,,,20160308.0,,,,20.9,False,20180830,8,17.67,17.36,local_fit,0.067,observed,-3.0,20.7,17.25
TAP_A01,026a,Maquira coriacea,Moraceae,727966.071903144,9683631.16238584,O,12.7,False,,,20160308.0,,,,13.4,False,20180830,8,13.08,13.08,local_fit,0.233,observed,-3.0,12.7,12.6
TAP_A01,026b,Quiina florida,Ochnaceae,728001.25876092,9683623.7518252,O,10.4,False,,,20160308.0,,,,10.6,False,20180830,8,11.08,11.65,local_fit,0.067,observed,-3.0,10.4,11.49
TAP_A01,027a,Lacunaria jenmanii,Ochnaceae,727967.804286816,9683635.09331776,O,14.9,False,12.99,16.7,20160308.0,,,,14.7,False,20180830,8,13.95,16.7,measured,0.0,observed,-3.0,14.7,16.7
TAP_A01,027b,Guatteria poeppigiana,Annonaceae,728001.985224236,9683624.69518596,O,14.6,False,,,20160308.0,,,,15.6,False,20180830,8,14.54,14.18,local_fit,0.333,observed,-3.0,14.6,13.55
TAP_A01,028a,Couratari stellata,Lecythidaceae,727975.10842928,9683638.4523208,O,18.0,False,,,20160308.0,,,,18.0,False,20180830,8,16.01,16.01,local_fit,0.0,observed,-3.0,18.0,16.01
TAP_A01,028b,Tachigali myrmecophila,Fabaceae,728005.1554935998,9683627.827656,O,51.1,False,15.43,28.45,20160308.0,,,,,True,20180830,8,,28.45,measured,0.167,site_median,-3.0,,
TAP_A01,029a,,,727976.03473722,9683638.8375742,O,27.0,True,,,20160308.0,,,,,True,20180830,8,,20.26,local_fit,0.167,site_median,-3.0,,
TAP_A01,029b,Protium paniculatum,Burseraceae,728005.50557344,9683629.5832984,O,11.4,False,,,20160308.0,,,,12.8,False,20180830,8,12.67,12.29,local_fit,0.467,observed,-3.0,11.4,11.32
TAP_A01,030a,Quiina florida,Ochnaceae,727977.592157104,9683637.66259344,O,11.0,False,,,20160308.0,,,,11.0,False,20180830,8,11.38,12.03,local_fit,0.0,observed,-3.0,11.0,12.03
TAP_A01,030b,Tachigali paniculata,Fabaceae,727996.062297592,9683625.25691512,O,29.7,False,,,20160308.0,,,,30.5,False,20180830,8,22.35,21.41,local_fit,0.267,observed,-3.0,29.7,21.07
TAP_A01,031a,Ocotea canaliculata,Lauraceae,727979.1925948,9683636.397748,O,41.9,False,,,20160308.0,,,,,True,20180830,8,,26.14,local_fit,0.167,site_median,-3.0,,
TAP_A01,031b,Banara guianensis,Salicaceae,727997.3167353598,9683632.7512816,O,11.8,False,5.58,8.68,20160308.0,,,,,True,20180830,8,,8.68,measured,0.167,site_median,-3.0,,
TAP_A01,032a,Quiina florida,Ochnaceae,727983.291988948,9683642.28518428,O,130.0,False,,,20160308.0,,,,12.9,False,20180830,8,12.74,50.41,local_fit,0.0,observed,-3.0,12.9,50.41
TAP_A01,032b,,,727996.7592772,9683634.023932,O,33.8,True,,,20160308.0,,,,,True,20180830,8,,23.08,local_fit,0.167,site_median,-3.0,,
TAP_A01,033a,Virola sebifera,Myristicaceae,727986.22412456,9683643.0753616,O,15.2,False,9.93,15.2,20160308.0,,,,18.0,False,20180830,8,16.01,15.2,measured,0.933,observed,-3.0,15.2,13.56
TAP_A01,033b,Tachigali myrmecophila,Fabaceae,728000.224767024,9683636.317764642,O,24.2,False,,,20160308.0,,,,27.9,False,20180830,8,21.18,19.01,local_fit,1.233,observed,-3.0,24.2,17.41
TAP_A01,034a,Tachigali paniculata,Fabaceae,727987.501221,9683642.640022,O,18.9,False,,,20160308.0,,,,22.7,False,20180830,8,18.63,16.47,local_fit,1.267,observed,-3.0,18.9,14.62
TAP_A01,034b,"Pouteria sp,",Sapotaceae,727995.0189197198,9683635.4510092,O,12.2,False,12.69,16.41,20160308.0,,,,12.5,False,20180830,8,12.46,16.41,measured,0.1,observed,-3.0,12.2,16.13
TAP_A01,035a,Virola crebrinervia,Myristicaceae,727988.3585707198,9683638.0576192,O,13.8,False,,,20160308.0,,,,13.8,False,20180830,8,13.36,13.73,local_fit,0.0,observed,-3.0,13.8,13.73
TAP_A01,035b,Virola sebifera,Myristicaceae,727994.641324248,9683635.29461128,O,18.7,False,,,20160308.0,,,,22.3,False,20180830,8,18.42,16.37,local_fit,1.2,observed,-3.0,18.7,14.59
TAP_A01,036a,Inga thibaudiana,Fabaceae,727986.602846168,9683637.00707448,O,14.3,False,,,20160308.0,,,,17.4,False,20180830,8,15.65,14.01,local_fit,1.033,observed,-3.0,14.3,12.26
TAP_A01,036b,Diospyros artanthifolia,Ebenaceae,727991.821864512,9683633.05356832,O,34.8,False,,,20160308.0,,,,35.4,False,20180830,8,24.36,23.47,local_fit,0.2,observed,-3.0,34.8,23.25
TAP_A01,037a,Eschweilera ovata,Lecythidaceae,727988.079876748,9683636.11749028,O,13.8,False,,,20160308.0,,,,14.2,False,20180830,8,13.62,13.73,local_fit,0.133,observed,-3.0,13.8,13.47
TAP_A01,037b,Eschweilera amazonica,Lecythidaceae,727989.525101296,9683640.47434256,O,12.8,False,,,20160308.0,,,,12.9,False,20180830,8,12.74,13.14,local_fit,0.033,observed,-3.0,12.8,13.07
TAP_A01,038a,Quiina florida,Ochnaceae,727982.93414396,9683635.2702556,O,13.0,False,,,20160308.0,,,,13.1,False,20180830,8,12.88,13.26,local_fit,0.033,observed,-3.0,13.0,13.19
TAP_A01,038b,Pouteria gongrijpii,Sapotaceae,727989.0423616559,9683644.14005416,O,14.0,False,,,20160308.0,,,,13.1,False,20180830,8,12.88,13.84,local_fit,0.0,observed,-3.0,13.1,13.84
TAP_A01,039a,Quiina florida,Ochnaceae,727982.9384676398,9683632.5913604,O,12.3,False,7.87,12.25,20160308.0,,,,12.2,False,20180830,8,12.25,12.25,measured,0.0,observed,-3.0,12.2,12.25
TAP_A01,039b,Rinorea guianensis,Violaceae,727993.61362044,9683641.2053164,O,10.5,False,,,20160308.0,,,,10.6,False,20180830,8,11.08,11.71,local_fit,0.033,observed,-3.0,10.5,11.63
TAP_A01,040a,"Pouteria sp,",Sapotaceae,727983.3147616,9683631.675216,O,17.8,False,,,20160308.0,,,,17.8,False,20180830,8,15.89,15.91,local_fit,0.0,observed,-3.0,17.8,15.91
TAP_A01,040b,Neea oppositifolia,Nyctaginaceae,728002.17971308,9683649.1731588,O,11.9,False,3.41,4.0,20160308.0,,,,12.0,False,20180830,8,12.11,4.0,measured,0.033,observed,-3.0,11.9,3.97
TAP_A01,041a,Rinorea guianensis,Violaceae,727985.9510032,9683633.303812,O,22.8,False,12.64,18.34,20160308.0,,,,22.9,False,20180830,8,18.73,18.34,measured,0.033,observed,-3.0,22.8,18.29
TAP_A01,041b,Tachigali myrmecophila,Fabaceae,728001.875098,9683647.43228,O,25.2,False,,,20160308.0,,,,29.7,False,20180830,8,22.0,19.46,local_fit,1.5,observed,-3.0,25.2,17.6
TAP_A01,042a,Quiina florida,Ochnaceae,727988.103228272,9683633.444773922,O,11.8,False,,,20160308.0,,,,11.8,False,20180830,8,11.96,12.53,local_fit,0.0,observed,-3.0,11.8,12.53
TAP_A01,042b,Casearia javitensis,Salicaceae,728000.9454223,9683647.045933,O,13.2,False,6.98,13.67,20160308.0,,,,,True,20180830,8,,13.67,measured,0.167,site_median,-3.0,,
TAP_A01,043a,,,727989.334311024,9683630.52186064,O,22.8,True,,,20160308.0,,,,,True,20180830,8,,18.37,local_fit,0.167,site_median,-3.0,,
TAP_A01,043b,Pouteria guianensis,Sapotaceae,728000.029005488,9683644.19125968,O,10.7,False,,,20160308.0,,,,10.8,False,20180830,8,11.23,11.84,local_fit,0.033,observed,-3.0,10.7,11.76
TAP_A01,044a,Quiina florida,Ochnaceae,727991.6733710798,9683627.6278588,O,10.9,False,,,20160308.0,,,,11.0,False,20180830,8,11.38,11.97,local_fit,0.033,observed,-3.0,10.9,11.89
TAP_A01,044b,Quiina florida,Ochnaceae,728002.39210992,9683643.8815312,O,13.0,False,,,20160308.0,,,,13.2,False,20180830,8,12.95,13.26,local_fit,0.067,observed,-3.0,13.0,13.12
TAP_A01,045a,Quiina florida,Ochnaceae,727983.8541722998,9683624.932273,O,10.8,False,,,20160308.0,,,,17.7,False,20180830,8,15.83,11.91,local_fit,2.3,observed,-3.0,10.8,8.45
TAP_A01,045b,Maquira coriacea,Moraceae,728003.177454628,9683642.16371308,O,27.3,False,,,20160308.0,,,,27.6,False,20180830,8,21.05,20.39,local_fit,0.1,observed,-3.0,27.3,20.25
TAP_A01,046a,"Pouteria sp,",Sapotaceae,727987.0919002,9683625.198682,O,32.0,False,,,20160308.0,,,,33.2,False,20180830,8,23.48,22.36,local_fit,0.4,observed,-3.0,32.0,21.89
TAP_A01,046b,Rollinia exsucca,Annonaceae,728009.620577944,9683647.52746184,O,13.3,False,,,20160308.0,,,,13.5,False,20180830,8,13.15,13.44,local_fit,0.067,observed,-3.0,13.3,13.31
TAP_A01,047a,Quiina florida,Ochnaceae,727990.72276086,9683624.5544146,O,12.2,False,,,20160308.0,,,,12.7,False,20180830,8,12.6,12.78,local_fit,0.167,observed,-3.0,12.2,12.42
TAP_A01,047b,Zygia racemosa,Fabaceae,728009.8763731358,9683644.61872496,O,14.4,False,,,20160308.0,,,,14.8,False,20180830,8,14.02,14.07,local_fit,0.133,observed,-3.0,14.4,13.81
TAP_A01,048a,,,727993.7917064,9683625.285184,O,19.7,True,,,20160308.0,,,,,True,20180830,8,,16.87,local_fit,0.167,site_median,-3.0,,
TAP_A01,048b,Diospyros artanthifolia,Ebenaceae,728010.45313984,9683642.9201184,O,39.0,False,,,20160308.0,,,,39.0,False,20180830,8,25.71,25.07,local_fit,0.0,observed,-3.0,39.0,25.07
TAP_A01,049a,Virola sebifera,Myristicaceae,727992.796731264,9683622.30116704,O,47.9,False,,,20160308.0,,,,43.1,False,20180830,8,27.14,28.25,local_fit,0.0,observed,-3.0,43.1,28.25
TAP_A01,049b,Maquira coriacea,Moraceae,728006.1384303399,9683640.5944574,O,14.8,False,,,20160308.0,,,,16.1,False,20180830,8,14.85,14.29,local_fit,0.433,observed,-3.0,14.8,13.49
TAP_A01,050a,Tapura singularis,Dichapetalaceae,727988.41482264,9683621.9940904,O,12.5,False,9.45,13.95,20160308.0,,,,13.4,False,20180830,8,13.08,13.95,measured,0.3,observed,-3.0,12.5,13.29
TAP_A01,050b,Inga thibaudiana,Fabaceae,728011.28754352,9683636.8090272,O,12.3,False,3.68,7.22,20160308.0,,,,,True,20180830,8,,7.22,measured,0.167,site_median,-3.0,,
TAP_A01,051a,Aspidosperma parvifolium,Apocynaceae,727991.70932176,9683619.4948016,O,10.7,False,5.03,7.71,20160308.0,,,,10.9,False,20180830,8,11.3,7.71,measured,0.067,observed,-3.0,10.7,7.61
TAP_A01,051b,Eschweilera coriacea,Lecythidaceae,728018.716688264,9683633.20606104,O,10.1,False,5.84,9.49,20160308.0,,,,10.9,False,20180830,8,11.3,9.49,measured,0.267,observed,-3.0,10.1,8.99
TAP_A01,052a,,,727993.40396722,9683618.1567142,O,10.4,False,,,20160308.0,,,,10.7,False,20180830,8,11.15,11.65,local_fit,0.1,observed,-3.0,10.4,11.42
TAP_A01,052b,Quiina florida,Ochnaceae,728020.4160600269,9683630.14060379,O,11.0,False,,,20160308.0,,,,11.3,False,20180830,8,11.6,12.03,local_fit,0.1,observed,-3.0,11.0,11.8
TAP_A01,053a,Quiina florida,Ochnaceae,727995.15094624,9683619.4120864,O,13.5,False,,,20160308.0,,,,14.4,False,20180830,8,13.76,13.55,local_fit,0.3,observed,-3.0,13.5,12.95
TAP_A01,053b,Quiina florida,Ochnaceae,728019.467817088,9683629.21216768,O,11.3,False,,0.0,20160308.0,,,,11.6,False,20180830,8,11.82,12.22,local_fit,0.1,observed,-3.0,11.3,11.99
TAP_A01,054a,,,727995.8078215478,9683617.86021828,O,17.9,True,,,20160308.0,,,,,True,20180830,8,,15.96,local_fit,0.167,site_median,-3.0,,
TAP_A01,054b,Cordia scabrifolia,Boraginaceae,728015.420778976,9683627.97549536,O,46.3,False,,,20160308.0,,,,47.4,False,20180830,8,28.51,27.7,local_fit,0.367,observed,-3.0,46.3,27.37
TAP_A01,055a,Abarema mataybifolia,Fabaceae,727993.97851144,9683616.7857784,O,19.4,False,,,20160308.0,,,,20.2,False,20180830,8,17.28,16.72,local_fit,0.267,observed,-3.0,19.4,16.28
TAP_A01,055b,"Pouteria sp,",Sapotaceae,728017.99877096,9683624.9514136,O,13.8,False,,,20160308.0,,,,14.2,False,20180830,8,13.62,13.73,local_fit,0.133,observed,-3.0,13.8,13.47
TAP_A01,056a,Lacunaria jenmanii,Ochnaceae,727994.0844902399,9683608.2601264,O,12.0,False,,,20160308.0,,,,11.8,False,20180830,8,11.96,12.66,local_fit,0.0,observed,-3.0,11.8,12.66
TAP_A01,056b,Inga thibaudiana,Fabaceae,728016.0061457799,9683624.2392758,O,21.1,False,,,20160308.0,,,,21.3,False,20180830,8,17.88,17.56,local_fit,0.067,observed,-3.0,21.1,17.46
TAP_A01,057a,Maquira coriacea,Moraceae,727990.8651848598,9683607.6881986,O,23.2,False,15.46,19.22,20160308.0,,,,24.7,False,20180830,8,19.65,19.22,measured,0.5,observed,-3.0,23.2,18.48
TAP_A01,057b,Maquira coriacea,Moraceae,728023.3622871779,9683621.78011122,O,13.4,False,,,20160308.0,,,,12.2,False,20180830,8,12.25,13.49,local_fit,0.0,observed,-3.0,12.2,13.49
TAP_A01,058a,Virola crebrinervia,Myristicaceae,728000.3890854398,9683609.7757984,O,13.0,False,,,20160308.0,,,,,True,20180830,8,,13.26,local_fit,0.167,site_median,-3.0,,
TAP_A01,058b,Pouteria gongrijpii,Sapotaceae,728021.85209862,9683616.7538242,O,14.6,False,,,20160308.0,,,,14.6,False,20180830,8,13.89,14.18,local_fit,0.0,observed,-3.0,14.6,14.18
TAP_A01,059a,Pseudopiptadenia psilostachya,Fabaceae,727997.272613896,9683603.35749656,O,16.0,False,,,20160308.0,,,,17.3,False,20180830,8,15.59,14.96,local_fit,0.433,observed,-3.0,16.0,14.19
TAP_A01,059b,Couratari stellata,Lecythidaceae,728017.0243218478,9683611.87586728,O,11.1,False,,,20160308.0,,,,11.1,False,20180830,8,11.45,12.1,local_fit,0.0,observed,-3.0,11.1,12.1
TAP_A01,060a,Maquira coriacea,Moraceae,727995.092762548,9683602.99989628,O,11.7,False,,,20160308.0,,,,12.4,False,20180830,8,12.39,12.47,local_fit,0.233,observed,-3.0,11.7,11.97
TAP_A01,061a,Eschweilera amazonica,Lecythidaceae,727993.98536928,9683602.8673408,O,10.3,False,,,20160308.0,,,,10.4,False,20180830,8,10.93,11.58,local_fit,0.033,observed,-3.0,10.3,11.5
TAP_A01,062a,"Pouteria sp,",Sapotaceae,727994.1096427998,9683599.708228,O,21.8,False,10.5,12.44,20160308.0,,,,21.9,False,20180830,8,18.21,12.44,measured,0.033,observed,-3.0,21.8,12.4
TAP_A01,063a,Inga thibaudiana,Fabaceae,728001.606667208,9683601.38406888,O,21.3,False,,,20160308.0,,,,,True,20180830,8,,17.65,local_fit,0.167,site_median,-3.0,,
TAP_A01,064a,Schefflera morototoni,Araliaceae,728003.0301066398,9683598.0044504,O,14.8,False,,,20160308.0,,,,,True,20180830,8,,14.29,local_fit,0.167,site_median,-3.0,,
TAP_A01,065a,Pouteria gongrijpii,Sapotaceae,728002.9293090279,9683597.96327308,O,17.3,False,7.76,11.98,20160308.0,,,,,True,20180830,8,,11.98,measured,0.167,site_median,-3.0,,
TAP_A01,066a,Quiina florida,Ochnaceae,728000.2514631998,9683599.009912,O,12.5,False,,,20160308.0,,,,12.4,False,20180830,8,12.39,12.96,local_fit,0.0,observed,-3.0,12.4,12.96
TAP_A01,067a,Quiina florida,Ochnaceae,727994.2961058998,9683599.249609,O,11.8,False,,,20160308.0,,,,11.9,False,20180830,8,12.03,12.53,local_fit,0.033,observed,-3.0,11.8,12.46
TAP_A01,068a,Maquira coriacea,Moraceae,727992.4800877998,9683597.971818,O,12.4,False,,,20160308.0,,,,13.8,False,20180830,8,13.36,12.9,local_fit,0.467,observed,-3.0,12.4,11.96
TAP_A01,077a,Pouteria macrophylla,Sapotaceae,727990.34233504,9683596.0281544,O,,,,,,,,,10.7,False,20180830,8,11.15,11.15,feldpausch_regional,0.167,site_median,-3.0,10.2,10.78
TAP_A01,078a,Cecropia palmata,Urticaceae,727983.1861366,9683599.512086,O,,,,,,,,,11.0,False,20180830,8,11.38,11.38,feldpausch_regional,0.167,site_median,-3.0,10.5,11.0
TAP_A01,079a,Pouteria gongrijpii,Sapotaceae,727978.056525057,9683612.47847145,O,,,,,,,,,10.5,False,20180830,8,11.0,11.0,feldpausch_regional,0.167,site_median,-3.0,10.0,10.62
TAP_A01,080a,Nectandra cuspidata,Lauraceae,727976.690737705,9683628.18085037,O,,,,,,,,,10.5,False,20180830,8,11.0,11.0,feldpausch_regional,0.167,site_median,-3.0,10.0,10.62
TAP_A01,081a,Inga thibaudiana,Fabaceae,727984.154111356,9683635.240145162,O,,,,,,,,,10.3,False,20180830,8,10.85,10.85,feldpausch_regional,0.167,site_median,-3.0,9.8,10.47
TAP_A01,001a,Cecropia palmata,Urticaceae,727967.0534699,9683415.201859,O,34.7,False,,,20160308.0,,,,33.3,False,20180830,9,23.53,23.43,local_fit,0.0,observed,-3.0,33.3,23.43
TAP_A01,001b,Pouteria macrophylla,Sapotaceae,727978.9796182,9683417.808082,O,12.4,False,,,20160308.0,,,,13.0,False,20180830,9,12.81,12.9,local_fit,0.2,observed,-3.0,12.4,12.48
TAP_A01,002a,Abarema mataybifolia,Fabaceae,727963.66529288,9683415.7578088,O,16.2,False,,,20160308.0,,,,,True,20180830,9,,15.06,local_fit,0.167,site_median,-3.0,,
TAP_A01,002b,Maquira coriacea,Moraceae,727978.64547984,9683418.694338402,O,30.6,False,3.8,8.67,20160308.0,,,,30.1,False,20180830,9,22.17,8.67,measured,0.0,observed,-3.0,30.1,8.67
TAP_A01,003a,Couratari stellata,Lecythidaceae,727961.1239968,9683417.003848,O,18.0,False,5.43,13.83,20160308.0,,,,,True,20180830,9,,13.83,measured,0.167,site_median,-3.0,,
TAP_A01,003b,Inga thibaudiana,Fabaceae,727979.58648452,9683421.8647852,O,20.3,False,,,20160308.0,,,,20.3,False,20180830,9,17.33,17.17,local_fit,0.0,observed,-3.0,20.3,17.17
TAP_A01,004a,Vochysia vismiifolia,Vochysiaceae,727956.9522992,9683416.856392002,O,100.0,False,27.86,41.66,20160308.0,,,,,True,20180830,9,,41.66,measured,0.167,site_median,-3.0,,
TAP_A01,004b,Cordia scabrifolia,Boraginaceae,727977.64306476,9683421.3531076,O,18.6,False,,,20160308.0,,,,19.0,False,20180830,9,16.6,16.32,local_fit,0.133,observed,-3.0,18.6,16.08
TAP_A01,005a,Endopleura uchi,Humiriaceae,727955.92643372,9683416.7751412,O,22.2,False,,,20160308.0,,,,,True,20180830,9,,18.08,local_fit,0.167,site_median,-3.0,,
TAP_A01,005b,Cecropia palmata,Urticaceae,727978.90882108,9683423.6392708,O,23.9,False,,,20160308.0,,,,25.4,False,20180830,9,20.0,18.87,local_fit,0.5,observed,-3.0,23.9,18.16
TAP_A01,006a,Strychnos subcordata,Loganiaceae,727955.072136348,9683412.85204348,O,13.0,False,,,20160308.0,,,,,True,20180830,9,,13.26,local_fit,0.167,site_median,-3.0,,
TAP_A01,006b,Inga thibaudiana,Fabaceae,727980.3534873598,9683422.6532656,O,13.9,False,,,20160308.0,,,,15.6,False,20180830,9,14.54,13.78,local_fit,0.567,observed,-3.0,13.9,12.72
TAP_A01,007a,Couratari stellata,Lecythidaceae,727951.4226715,9683417.758315,O,85.0,False,26.86,39.6,20160308.0,,,,85.1,False,20180830,9,36.86,39.6,measured,0.033,observed,-3.0,85.0,39.59
TAP_A01,007b,Rollinia exsucca,Annonaceae,727981.4294117038,9683425.38734104,O,12.4,False,,,20160308.0,,,,11.2,False,20180830,9,11.53,12.9,local_fit,0.0,observed,-3.0,11.2,12.9
TAP_A01,008a,,,727954.8528904,9683420.101684,O,36.1,True,,,20160308.0,,,,,True,20180830,9,,23.98,local_fit,0.167,site_median,-3.0,,
TAP_A01,008b,,,727981.349191556,9683428.31235556,O,28.9,True,,14.88,20160308.0,,,,,True,20180830,9,,14.88,measured,0.167,site_median,-3.0,,
TAP_A01,009a,Eschweilera amazonica,Lecythidaceae,727950.8710755198,9683422.8224752,O,10.9,False,,,20160308.0,,,,11.9,False,20180830,9,12.03,11.97,local_fit,0.333,observed,-3.0,10.9,11.24
TAP_A01,009b,,,727976.1060283039,9683425.42988704,O,11.5,True,,,20160308.0,,,,,True,20180830,9,,12.35,local_fit,0.167,site_median,-3.0,,
TAP_A01,010a,Pseudopiptadenia psilostachya,Fabaceae,727953.55333796,9683424.1285516,O,10.5,False,3.97,5.45,20160308.0,,,,10.8,False,20180830,9,11.23,5.45,measured,0.1,observed,-3.0,10.5,5.34
TAP_A01,010b,Inga alba,Fabaceae,727978.027858608,9683425.94610208,O,22.1,False,,,20160308.0,,,,22.9,False,20180830,9,18.73,18.04,local_fit,0.267,observed,-3.0,22.1,17.64
TAP_A01,011a,Virola sebifera,Myristicaceae,727961.36725808,9683428.5853408,O,11.9,False,,,20160308.0,,,,,True,20180830,9,,12.6,local_fit,0.167,site_median,-3.0,,
TAP_A01,011b,Quiina florida,Ochnaceae,727973.6900304998,9683426.241577,O,15.2,False,,,20160308.0,,,,12.4,False,20180830,9,12.39,14.52,local_fit,0.0,observed,-3.0,12.4,14.52
TAP_A01,012a,Erisma uncinatum,Vochysiaceae,727960.75999504,9683430.3450304,O,97.2,False,19.81,28.15,20160308.0,,,,,True,20180830,9,,28.15,measured,0.167,site_median,-3.0,,
TAP_A01,012b,Quiina florida,Ochnaceae,727977.21466248,9683428.0754848,O,12.9,False,,,20160308.0,,,,13.1,False,20180830,9,12.88,13.2,local_fit,0.067,observed,-3.0,12.9,13.06
TAP_A01,013a,Maquira coriacea,Moraceae,727956.50435344,9683430.786438402,O,11.1,False,5.58,9.49,20160308.0,,,,11.7,False,20180830,9,11.89,9.49,measured,0.2,observed,-3.0,11.1,9.14
TAP_A01,013b,Quiina florida,Ochnaceae,727973.4861547519,9683429.60059552,O,12.6,False,,,20160308.0,,,,11.7,False,20180830,9,11.89,13.02,local_fit,0.0,observed,-3.0,11.7,13.02
TAP_A01,014a,Cecropia palmata,Urticaceae,727957.3502429998,9683431.313530002,O,11.0,False,,,20160308.0,,,,,True,20180830,9,,12.03,local_fit,0.167,site_median,-3.0,,
TAP_A01,014b,Maquira coriacea,Moraceae,727972.974140848,9683429.85059248,O,10.4,False,,,20160308.0,,,,10.5,False,20180830,9,11.0,11.65,local_fit,0.033,observed,-3.0,10.4,11.58
TAP_A01,015a,Tetragastris panamensis,Burseraceae,727954.25820256,9683431.3992256,O,11.3,False,7.53,11.8,20160308.0,,,,13.1,False,20180830,9,12.88,11.8,measured,0.6,observed,-3.0,11.3,10.63
TAP_A01,015b,Neea oppositifolia,Nyctaginaceae,727973.30541532,9683430.9190432,O,17.4,False,,,20160308.0,,,,17.7,False,20180830,9,15.83,15.7,local_fit,0.1,observed,-3.0,17.4,15.52
TAP_A01,016a,Quiina florida,Ochnaceae,727953.38954824,9683434.0298824,O,10.3,False,,,20160308.0,,,,10.8,False,20180830,9,11.23,11.58,local_fit,0.167,observed,-3.0,10.3,11.19
TAP_A01,016b,Quiina florida,Ochnaceae,727976.4640536,9683432.773456,O,11.7,False,2.65,6.49,20160308.0,,,,11.9,False,20180830,9,12.03,6.49,measured,0.067,observed,-3.0,11.7,6.41
TAP_A01,017a,Couratari stellata,Lecythidaceae,727949.6344101758,9683433.14205376,O,11.5,False,,,20160308.0,,,,11.7,False,20180830,9,11.89,12.35,local_fit,0.067,observed,-3.0,11.5,12.2
TAP_A01,017b,Casearia javitensis,Salicaceae,727981.64058754,9683432.924979402,O,21.1,False,7.1,10.77,20160308.0,,,,21.6,False,20180830,9,18.05,10.77,measured,0.167,observed,-3.0,21.1,10.61
TAP_A01,018a,Couratari stellata,Lecythidaceae,727950.97027952,9683435.2502752,O,11.0,False,,,20160308.0,,,,13.1,False,20180830,9,12.88,12.03,local_fit,0.7,observed,-3.0,11.0,10.63
TAP_A01,018b,Inga thibaudiana,Fabaceae,727983.211943704,9683434.24928104,O,13.5,False,,,20160308.0,,,,10.8,False,20180830,9,11.23,13.55,local_fit,0.0,observed,-3.0,10.8,13.55
TAP_A01,019a,Tachigali paniculata,Fabaceae,727946.260615048,9683434.26620248,O,16.8,False,,,20160308.0,,,,18.3,False,20180830,9,16.19,15.38,local_fit,0.5,observed,-3.0,16.8,14.53
TAP_A01,019b,Tapirira guianensis,Anacardiaceae,727988.266790368,9683434.75279168,O,17.2,False,,,20160308.0,,,,21.3,False,20180830,9,17.88,15.6,local_fit,1.367,observed,-3.0,17.2,13.55
TAP_A01,020a,Eschweilera amazonica,Lecythidaceae,727948.905981904,9683435.41682704,O,10.9,False,,,20160308.0,,,,11.6,False,20180830,9,11.82,11.97,local_fit,0.233,observed,-3.0,10.9,11.44
TAP_A01,020b,"Pouteria sp,",Sapotaceae,727972.96512772,9683433.7606972,O,16.9,False,,,20160308.0,,,,17.8,False,20180830,9,15.89,15.44,local_fit,0.3,observed,-3.0,16.9,14.92
TAP_A01,021a,Bellucia grossularioides,Melastomataceae,727947.58920772,9683439.5289172,O,13.5,False,6.9,10.8,20160308.0,,,,14.3,False,20180830,9,13.69,10.8,measured,0.267,observed,-3.0,13.5,10.37
TAP_A01,021b,Tetragastris panamensis,Burseraceae,727982.635348228,9683436.46695628,O,11.7,False,,,20160308.0,,,,,True,20180830,9,,12.47,local_fit,0.167,site_median,-3.0,,
TAP_A01,022a,Nectandra cuspidata,Lauraceae,727951.570482192,9683442.54294592,O,21.2,False,,,20160308.0,,,,24.1,False,20180830,9,19.35,17.61,local_fit,0.967,observed,-3.0,21.2,16.23
TAP_A01,022b,Maquira coriacea,Moraceae,727974.385435072,9683437.10644672,O,20.3,False,,,20160308.0,,,,20.7,False,20180830,9,17.56,17.17,local_fit,0.133,observed,-3.0,20.3,16.95
TAP_A01,023a,Bellucia grossularioides,Melastomataceae,727950.088661824,9683444.02637824,O,12.5,False,,,20160308.0,,,,12.9,False,20180830,9,12.74,12.96,local_fit,0.133,observed,-3.0,12.5,12.68
TAP_A01,023b,Eschweilera ovata,Lecythidaceae,727974.53772743,9683437.2480551,O,10.9,False,,,20160308.0,,,,,True,20180830,9,,11.97,local_fit,0.167,site_median,-3.0,,
TAP_A01,024a,Bellucia grossularioides,Melastomataceae,727947.56409628,9683442.6871588,O,10.1,False,,,20160308.0,,,,14.6,False,20180830,9,13.89,11.45,local_fit,1.5,observed,-3.0,10.1,8.82
TAP_A01,024b,Virola michelii,Myristicaceae,727974.65940268,9683440.1410468,O,19.6,False,,,20160308.0,,,,20.2,False,20180830,9,17.28,16.82,local_fit,0.2,observed,-3.0,19.6,16.49
TAP_A01,025a,Maquira coriacea,Moraceae,727944.0209926718,9683441.42835472,O,12.5,False,,,20160308.0,,,,13.1,False,20180830,9,12.88,12.96,local_fit,0.2,observed,-3.0,12.5,12.54
TAP_A01,025b,Connarus fasciculatus,Connaraceae,727974.351935728,9683442.52178128,O,19.7,False,,,20160308.0,,,,20.1,False,20180830,9,17.22,16.87,local_fit,0.133,observed,-3.0,19.7,16.65
TAP_A01,026a,Thyrsodium spruceanum,Anacardiaceae,727943.0377438238,9683444.57271424,O,20.1,False,9.73,15.53,20160308.0,,,,20.4,False,20180830,9,17.39,15.53,measured,0.1,observed,-3.0,20.1,15.38
TAP_A01,026b,Simarouba amara,Simaroubaceae,727967.1397617758,9683446.81141576,O,11.8,False,,,20160308.0,,,,14.3,False,20180830,9,13.69,12.53,local_fit,0.833,observed,-3.0,11.8,10.95
TAP_A01,027a,Rinorea guianensis,Violaceae,727942.88240608,9683448.1663408,O,24.4,False,,,20160308.0,,,,24.5,False,20180830,9,19.55,19.1,local_fit,0.033,observed,-3.0,24.4,19.05
TAP_A01,027b,"Pouteria sp,",Sapotaceae,727967.4386520638,9683447.88667264,O,16.4,False,11.31,15.82,20160308.0,,,,17.7,False,20180830,9,15.83,15.82,measured,0.433,observed,-3.0,16.4,15.03
TAP_A01,028a,,,727947.352527232,9683449.36396432,O,18.0,True,,,20160308.0,,,,,True,20180830,9,,16.01,local_fit,0.167,site_median,-3.0,,
TAP_A01,028b,Tetragastris altissima,Burseraceae,727969.50401424,9683450.8832704,O,12.0,False,10.07,15.41,20160308.0,,,,12.1,False,20180830,9,12.18,15.41,measured,0.033,observed,-3.0,12.0,15.32
TAP_A01,029a,Laetia procera,Salicaceae,727955.2733091998,9683449.094872,O,44.2,False,,,20160308.0,,,,46.4,False,20180830,9,28.2,26.96,local_fit,0.733,observed,-3.0,44.2,26.29
TAP_A01,029b,Couratari stellata,Lecythidaceae,727972.191046584,9683451.69872584,O,84.0,False,25.09,42.25,20160308.0,,,,98.0,False,20180830,9,38.71,42.25,measured,4.667,observed,-3.0,84.0,40.05
TAP_A01,030a,Pouteria gongrijpii,Sapotaceae,727961.1233864438,9683454.72838444,O,12.2,False,,,20160308.0,,,,12.3,False,20180830,9,12.32,12.78,local_fit,0.033,observed,-3.0,12.2,12.71
TAP_A01,030b,Banara guianensis,Salicaceae,727968.3781255198,9683453.8127992,O,19.3,False,,,20160308.0,,,,20.1,False,20180830,9,17.22,16.67,local_fit,0.267,observed,-3.0,19.3,16.23
TAP_A01,031a,Cecropia palmata,Urticaceae,727963.839625,9683452.711150002,O,13.5,False,,,20160308.0,,,,10.6,False,20180830,9,11.08,13.55,local_fit,0.0,observed,-3.0,10.6,13.55
TAP_A01,031b,Eschweilera ovata,Lecythidaceae,727968.022952158,9683453.70342078,O,13.6,False,,,20160308.0,,,,13.8,False,20180830,9,13.36,13.61,local_fit,0.067,observed,-3.0,13.6,13.47
TAP_A01,032a,Cecropia palmata,Urticaceae,727961.82274672,9683450.122787202,O,15.2,False,,,20160308.0,,,,18.3,False,20180830,9,16.19,14.52,local_fit,1.033,observed,-3.0,15.2,12.81
TAP_A01,032b,Eschweilera coriacea,Lecythidaceae,727967.15214718,9683455.7173018,O,10.2,False,,,20160308.0,,,,10.6,False,20180830,9,11.08,11.52,local_fit,0.133,observed,-3.0,10.2,11.21
TAP_A01,033a,Eschweilera ovata,Lecythidaceae,727960.313828644,9683446.04041444,O,22.9,False,,,20160308.0,,,,22.9,False,20180830,9,18.73,18.41,local_fit,0.0,observed,-3.0,22.9,18.41
TAP_A01,033b,Pouteria guianensis,Sapotaceae,727963.445495812,9683454.56406412,O,14.8,False,,,20160308.0,,,,14.9,False,20180830,9,14.08,14.29,local_fit,0.033,observed,-3.0,14.8,14.23
TAP_A01,034a,Tachigali paniculata,Fabaceae,727959.6323359358,9683445.15235936,O,41.6,False,,,20160308.0,,,,41.6,False,20180830,9,26.63,26.03,local_fit,0.0,observed,-3.0,41.6,26.03
TAP_A01,034b,Tachigali paniculata,Fabaceae,727963.115346808,9683455.44948208,O,10.3,False,,,20160308.0,,,,11.0,False,20180830,9,11.38,11.58,local_fit,0.233,observed,-3.0,10.3,11.04
TAP_A01,035a,Quiina florida,Ochnaceae,727961.2462052798,9683446.2229168,O,13.6,False,5.95,12.94,20160308.0,,,,13.6,False,20180830,9,13.22,12.94,measured,0.0,observed,-3.0,13.6,12.94
TAP_A01,035b,Pouteria gongrijpii,Sapotaceae,727965.15537304,9683457.0789304,O,26.4,False,14.83,20.85,20160308.0,,,,27.1,False,20180830,9,20.81,20.85,measured,0.233,observed,-3.0,26.4,20.52
TAP_A01,036a,Cecropia palmata,Urticaceae,727962.307074564,9683446.05200164,O,10.2,False,,,20160308.0,,,,12.1,False,20180830,9,12.18,11.52,local_fit,0.633,observed,-3.0,10.2,10.2
TAP_A01,036b,Tetragastris panamensis,Burseraceae,727966.97929408,9683457.4525168,O,11.2,False,7.53,11.36,20160308.0,,,,11.8,False,20180830,9,11.96,11.36,measured,0.2,observed,-3.0,11.2,10.95
TAP_A01,037a,Manilkara huberi,Sapotaceae,727963.080126064,9683446.67600464,O,20.1,False,,,20160308.0,,,,19.9,False,20180830,9,17.11,17.07,local_fit,0.0,observed,-3.0,19.9,17.07
TAP_A01,037b,Virola sebifera,Myristicaceae,727969.3356553758,9683458.990293762,O,20.9,False,,,20160308.0,,,,21.0,False,20180830,9,17.72,17.46,local_fit,0.033,observed,-3.0,20.9,17.41
TAP_A01,038a,Cecropia palmata,Urticaceae,727964.0786263678,9683446.68140368,O,16.0,False,,,20160308.0,,,,17.6,False,20180830,9,15.77,14.96,local_fit,0.533,observed,-3.0,16.0,14.03
TAP_A01,038b,Quiina florida,Ochnaceae,727972.6060454599,9683455.7141506,O,11.7,False,,,20160308.0,,,,,True,20180830,9,,12.47,local_fit,0.167,site_median,-3.0,,
TAP_A01,039a,Quiina florida,Ochnaceae,727961.2599234038,9683443.39348204,O,13.0,False,4.79,12.9,20160308.0,,,,13.1,False,20180830,9,12.88,12.9,measured,0.033,observed,-3.0,13.0,12.83
TAP_A01,039b,Abarema mataybifolia,Fabaceae,727973.492570856,9683455.98789256,O,28.5,False,,,20160308.0,,,,29.0,False,20180830,9,21.68,20.9,local_fit,0.167,observed,-3.0,28.5,20.69
TAP_A01,040a,Sloanea guianensis,Elaeocarpaceae,727958.73086286,9683439.1470526,O,18.0,False,,,20160308.0,,,,18.5,False,20180830,9,16.31,16.01,local_fit,0.167,observed,-3.0,18.0,15.72
TAP_A01,040b,Laetia procera,Salicaceae,727982.52051732,9683463.038573202,O,53.8,False,19.19,26.93,20160308.0,,,,53.5,False,20180830,9,30.27,26.93,measured,0.0,observed,-3.0,53.5,26.93
TAP_A01,041a,Quiina florida,Ochnaceae,727963.523296028,9683442.69547228,O,12.3,False,,,20160308.0,,,,12.5,False,20180830,9,12.46,12.84,local_fit,0.067,observed,-3.0,12.3,12.7
TAP_A01,041b,Tachigali paniculata,Fabaceae,727976.7141246318,9683460.30403432,O,13.0,False,,,20160308.0,,,,14.6,False,20180830,9,13.89,13.26,local_fit,0.533,observed,-3.0,13.0,12.23
TAP_A01,042a,Inga thibaudiana,Fabaceae,727966.55047712,9683442.7050112,O,13.3,False,3.35,13.37,20160308.0,,,,17.3,False,20180830,9,15.59,13.37,measured,1.333,observed,-3.0,13.3,11.17
TAP_A01,042b,Neea oppositifolia,Nyctaginaceae,727975.89853808,9683457.4336408,O,10.1,False,4.4,7.99,20160308.0,,,,10.3,False,20180830,9,10.85,7.99,measured,0.067,observed,-3.0,10.1,7.88
TAP_A01,043a,Pseudopiptadenia psilostachya,Fabaceae,727965.219604912,9683438.01399712,O,15.9,False,,,20160308.0,,,,17.7,False,20180830,9,15.83,14.9,local_fit,0.6,observed,-3.0,15.9,13.86
TAP_A01,043b,Lecythis lurida,Lecythidaceae,727984.1208157198,9683456.9379772,O,11.4,False,,,20160308.0,,,,11.9,False,20180830,9,12.03,12.29,local_fit,0.167,observed,-3.0,11.4,11.92
TAP_A01,044a,Quiina florida,Ochnaceae,727968.6439063678,9683437.04243968,O,15.4,False,,,20160308.0,,,,12.6,False,20180830,9,12.53,14.63,local_fit,0.0,observed,-3.0,12.6,14.63
TAP_A01,044b,Protium paniculatum,Burseraceae,727983.50374386,9683453.6178466,O,14.1,False,,,20160308.0,,,,14.5,False,20180830,9,13.82,13.9,local_fit,0.133,observed,-3.0,14.1,13.64
TAP_A01,045a,Abarema mataybifolia,Fabaceae,727962.95032928,9683435.8050928,O,20.0,False,,,20160308.0,,,,20.0,False,20180830,9,17.17,17.02,local_fit,0.0,observed,-3.0,20.0,17.02
TAP_A01,045b,Jacaranda copaia,Bignoniaceae,727987.8983772598,9683454.0300826,O,10.2,False,,,20160308.0,,,,12.4,False,20180830,9,12.39,11.52,local_fit,0.733,observed,-3.0,10.2,10.02
TAP_A01,046a,Quiina florida,Ochnaceae,727965.13891192,9683432.5410592,O,14.0,False,,,20160308.0,,,,14.0,False,20180830,9,13.49,13.84,local_fit,0.0,observed,-3.0,14.0,13.84
TAP_A01,046b,Sloanea guianensis,Elaeocarpaceae,727988.28531592,9683453.1327292,O,10.9,False,,,20160308.0,,,,12.0,False,20180830,9,12.11,11.97,local_fit,0.367,observed,-3.0,10.9,11.17
TAP_A01,047a,,,727966.04365044,9683432.8925764,O,11.9,True,,,20160308.0,,,,,True,20180830,9,,12.6,local_fit,0.167,site_median,-3.0,,
TAP_A01,047b,Simarouba amara,Simaroubaceae,727984.29413892,9683451.738065202,O,20.3,False,,,20160308.0,,,,25.5,False,20180830,9,20.05,17.17,local_fit,1.733,observed,-3.0,20.3,14.84
TAP_A01,048a,Tachigali paniculata,Fabaceae,727968.9174258038,9683433.50557804,O,23.6,False,11.77,25.09,20160308.0,,,,27.9,False,20180830,9,21.18,25.09,measured,1.433,observed,-3.0,23.6,22.63
TAP_A01,048b,Virola sebifera,Myristicaceae,727983.31520704,9683451.6469504,O,10.1,False,,,20160308.0,,,,10.8,False,20180830,9,11.23,11.45,local_fit,0.233,observed,-3.0,10.1,10.91
TAP_A01,049a,Inga thibaudiana,Fabaceae,727964.260041552,9683429.19434752,O,23.4,False,,,20160308.0,,,,,True,20180830,9,,18.64,local_fit,0.167,site_median,-3.0,,
TAP_A01,049b,Casearia javitensis,Salicaceae,727977.89327008,9683450.0261008,O,11.0,False,,,20160308.0,,,,12.1,False,20180830,9,12.18,12.03,local_fit,0.367,observed,-3.0,11.0,11.24
TAP_A01,050a,Bellucia grossularioides,Melastomataceae,727969.463744272,9683429.17695472,O,18.9,False,,,20160308.0,,,,20.8,False,20180830,9,17.61,16.47,local_fit,0.633,observed,-3.0,18.9,15.47
TAP_A01,050b,Quiina florida,Ochnaceae,727989.76231444,9683448.5121244,O,10.6,False,,,20160308.0,,,,10.2,False,20180830,9,10.78,11.78,local_fit,0.0,observed,-3.0,10.2,11.78
TAP_A01,051a,Virola sebifera,Myristicaceae,727971.32058794,9683426.9618794,O,12.8,False,10.93,13.7,20160308.0,,,,15.7,False,20180830,9,14.6,13.7,measured,0.967,observed,-3.0,12.8,11.89
TAP_A01,051b,Abarema mataybifolia,Fabaceae,727986.63742048,9683448.6047248,O,33.0,False,11.47,16.51,20160308.0,,,,33.8,False,20180830,9,23.73,16.51,measured,0.267,observed,-3.0,33.0,16.28
TAP_A01,052a,Lacunaria jenmanii,Ochnaceae,727968.6709990238,9683422.65917824,O,13.1,False,,,20160308.0,,,,15.2,False,20180830,9,14.28,13.32,local_fit,0.7,observed,-3.0,13.1,12.01
TAP_A01,052b,,,727981.3330158798,9683444.0510188,O,32.5,True,,0.44,20160308.0,,,,,True,20180830,9,,0.44,measured,0.167,site_median,-3.0,,
TAP_A01,053a,Inga pilosula,Fabaceae,727971.656098,9683423.167180002,O,13.4,False,,,20160308.0,,,,13.5,False,20180830,9,13.15,13.49,local_fit,0.033,observed,-3.0,13.4,13.42
TAP_A01,053b,Quiina florida,Ochnaceae,727984.204066208,9683444.58299008,O,10.8,False,,,20160308.0,,,,11.1,False,20180830,9,11.45,11.91,local_fit,0.1,observed,-3.0,10.8,11.68
TAP_A01,054a,Pourouma minor,Urticaceae,727971.9530862,9683416.472422,O,29.9,False,,,20160308.0,,,,31.0,False,20180830,9,22.56,21.49,local_fit,0.367,observed,-3.0,29.9,21.04
TAP_A01,054b,Endopleura uchi,Humiriaceae,727988.5310468798,9683444.1265888,O,22.6,False,,,20160308.0,,,,23.4,False,20180830,9,18.99,18.27,local_fit,0.267,observed,-3.0,22.6,17.88
TAP_A01,055a,Cordia scabrifolia,Boraginaceae,727970.1497487999,9683415.523288,O,10.2,False,,,20160308.0,,,,11.1,False,20180830,9,11.45,11.52,local_fit,0.3,observed,-3.0,10.2,10.85
TAP_A01,055b,Symphonia globulifera,Clusiaceae,727987.64390846,9683443.7713726,O,17.7,False,,,20160308.0,,,,19.7,False,20180830,9,17.0,15.86,local_fit,0.667,observed,-3.0,17.7,14.77
TAP_A01,056a,"Pouteria sp,",Sapotaceae,727975.37998344,9683415.9083344,O,15.0,False,9.77,16.78,20160308.0,,,,17.3,False,20180830,9,15.59,16.78,measured,0.767,observed,-3.0,15.0,15.23
TAP_A01,056b,Quiina florida,Ochnaceae,727991.012430538,9683444.63803418,O,13.6,False,,,20160308.0,,,,13.9,False,20180830,9,13.42,13.61,local_fit,0.1,observed,-3.0,13.6,13.41
TAP_A01,057b,Casearia javitensis,Salicaceae,727988.215025192,9683439.92715592,O,14.4,False,,,20160308.0,,,,15.1,False,20180830,9,14.21,14.07,local_fit,0.233,observed,-3.0,14.4,13.62
TAP_A01,058b,Apeiba petoumo,Malvaceae,727988.757659639,9683439.379907988,O,14.6,False,,,20160308.0,,,,15.4,False,20180830,9,14.41,14.18,local_fit,0.267,observed,-3.0,14.6,13.67
TAP_A01,059b,Virola sebifera,Myristicaceae,727990.256603335,9683435.80075295,O,11.9,False,,,20160308.0,,,,12.3,False,20180830,9,12.32,12.6,local_fit,0.133,observed,-3.0,11.9,12.3
TAP_A01,060b,Aspidosperma parvifolium,Apocynaceae,727985.6805981199,9683433.3449212,O,13.7,False,,,20160308.0,,,,,True,20180830,9,,13.67,local_fit,0.167,site_median,-3.0,,
TAP_A01,061b,,,727993.13903602,9683430.7024162,O,13.1,True,,,20160308.0,,,,,True,20180830,9,,13.32,local_fit,0.167,site_median,-3.0,,
TAP_A01,062b,Erisma uncinatum,Vochysiaceae,727995.1630289198,9683435.9526292,O,10.3,False,,,20160308.0,,,,11.2,False,20180830,9,11.53,11.58,local_fit,0.3,observed,-3.0,10.3,10.9
TAP_A01,063b,Quiina florida,Ochnaceae,727995.4005457358,9683430.412813362,O,10.8,False,,,20160308.0,,,,17.7,False,20180830,9,15.83,11.91,local_fit,2.3,observed,-3.0,10.8,8.45
TAP_A01,064b,Aspidosperma parvifolium,Apocynaceae,727995.857832088,9683429.33746888,O,10.5,False,,,20160308.0,,,,10.5,False,20180830,9,11.0,11.71,local_fit,0.0,observed,-3.0,10.5,11.71
TAP_A01,065b,,,727998.7504336,9683430.10972,O,80.3,True,,19.18,20160308.0,,,,,True,20180830,9,,19.18,measured,0.167,site_median,-3.0,,
TAP_A01,066b,Protium paniculatum,Burseraceae,727997.550528008,9683427.89132008,O,11.8,False,,,20160308.0,,,,15.9,False,20180830,9,14.73,12.53,local_fit,1.367,observed,-3.0,11.8,10.17
TAP_A01,067b,Tapirira guianensis,Anacardiaceae,727989.43660924,9683426.7321484,O,24.3,False,12.07,17.97,20160308.0,,,,,True,20180830,9,,17.97,measured,0.167,site_median,-3.0,,
TAP_A01,068b,Cecropia ficifolia,Urticaceae,727989.4259663998,9683425.443514,O,25.2,False,15.75,26.53,20160308.0,,,,,True,20180830,9,,26.53,measured,0.167,site_median,-3.0,,
TAP_A01,069b,Aspidosperma parvifolium,Apocynaceae,727977.33493824,9683419.3257424,O,10.2,False,,,20160308.0,,,,10.5,False,20180830,9,11.0,11.52,local_fit,0.1,observed,-3.0,10.2,11.29
TAP_A01,070b,Ormosia grossa,Fabaceae,727999.4786167941,9683424.90602474,O,14.3,False,7.9,13.65,20160308.0,,,,14.6,False,20180830,9,13.89,13.65,measured,0.1,observed,-3.0,14.3,13.45
TAP_A01,071b,Pouteria retinervis,Sapotaceae,727995.20911832,9683425.7791792,O,16.1,False,,,20160308.0,,,,16.3,False,20180830,9,14.98,15.01,local_fit,0.067,observed,-3.0,16.1,14.88
TAP_A01,072b,Inga thibaudiana,Fabaceae,727992.2925806718,9683425.01195872,O,13.2,False,,,20160308.0,,,,15.4,False,20180830,9,14.41,13.38,local_fit,0.733,observed,-3.0,13.2,12.02
TAP_A01,073b,Inga thibaudiana,Fabaceae,727992.366448384,9683424.83322784,O,11.2,False,,,20160308.0,,,,12.2,False,20180830,9,12.25,12.16,local_fit,0.333,observed,-3.0,11.2,11.45
TAP_A01,074b,Sloanea guianensis,Elaeocarpaceae,728002.029651616,9683419.98412816,O,11.8,False,,,20160308.0,,,,11.8,False,20180830,9,11.96,12.53,local_fit,0.0,observed,-3.0,11.8,12.53
TAP_A01,075a,Eschweilera ovata,Lecythidaceae,727963.93171424,9683418.7019824,O,,,,,,,,,10.1,False,20180830,9,10.7,10.7,feldpausch_regional,0.167,site_median,-3.0,9.6,10.31
TAP_A01,076a,,,727945.611173584,9683443.24872784,O,,,,,,,,,10.7,False,20180830,9,11.15,11.15,feldpausch_regional,0.167,site_median,-3.0,10.2,10.78
